dataset,representation,channel,sparsity_percent,domain,bin_left,bin_right,count,coefficient_count,fraction,sample_count,source_npz
cifar10,single_color,red_contrast,0,native,-0.5742919445037842,-0.5599346458911896,0,10240,0.0,10,/ceph/sagnihot/projects/Lorena_Contrastive_Representation_Arch/sparse_contrast_benchmark_large_batch/outputs/previews/heldout_val/cifar10/single_color/56ae526b7d21bdac1496debb0e3cebab87a7697c38410e28973d91302c77be85/train_p0.npz
cifar10,single_color,red_contrast,0,native,-0.5599346458911896,-0.545577347278595,0,10240,0.0,10,/ceph/sagnihot/projects/Lorena_Contrastive_Representation_Arch/sparse_contrast_benchmark_large_batch/outputs/previews/heldout_val/cifar10/single_color/56ae526b7d21bdac1496debb0e3cebab87a7697c38410e28973d91302c77be85/train_p0.npz
cifar10,single_color,red_contrast,0,native,-0.545577347278595,-0.5312200486660004,0,10240,0.0,10,/ceph/sagnihot/projects/Lorena_Contrastive_Representation_Arch/sparse_contrast_benchmark_large_batch/outputs/previews/heldout_val/cifar10/single_color/56ae526b7d21bdac1496debb0e3cebab87a7697c38410e28973d91302c77be85/train_p0.npz
cifar10,single_color,red_contrast,0,native,-0.5312200486660004,-0.5168627500534058,0,10240,0.0,10,/ceph/sagnihot/projects/Lorena_Contrastive_Representation_Arch/sparse_contrast_benchmark_large_batch/outputs/previews/heldout_val/cifar10/single_color/56ae526b7d21bdac1496debb0e3cebab87a7697c38410e28973d91302c77be85/train_p0.npz
cifar10,single_color,red_contrast,0,native,-0.5168627500534058,-0.5025054514408112,0,10240,0.0,10,/ceph/sagnihot/projects/Lorena_Contrastive_Representation_Arch/sparse_contrast_benchmark_large_batch/outputs/previews/heldout_val/cifar10/single_color/56ae526b7d21bdac1496debb0e3cebab87a7697c38410e28973d91302c77be85/train_p0.npz
cifar10,single_color,red_contrast,0,native,-0.5025054514408112,-0.48814815282821655,0,10240,0.0,10,/ceph/sagnihot/projects/Lorena_Contrastive_Representation_Arch/sparse_contrast_benchmark_large_batch/outputs/previews/heldout_val/cifar10/single_color/56ae526b7d21bdac1496debb0e3cebab87a7697c38410e28973d91302c77be85/train_p0.npz
cifar10,single_color,red_contrast,0,native,-0.48814815282821655,-0.47379085421562195,0,10240,0.0,10,/ceph/sagnihot/projects/Lorena_Contrastive_Representation_Arch/sparse_contrast_benchmark_large_batch/outputs/previews/heldout_val/cifar10/single_color/56ae526b7d21bdac1496debb0e3cebab87a7697c38410e28973d91302c77be85/train_p0.npz
cifar10,single_color,red_contrast,0,native,-0.47379085421562195,-0.45943355560302734,0,10240,0.0,10,/ceph/sagnihot/projects/Lorena_Contrastive_Representation_Arch/sparse_contrast_benchmark_large_batch/outputs/previews/heldout_val/cifar10/single_color/56ae526b7d21bdac1496debb0e3cebab87a7697c38410e28973d91302c77be85/train_p0.npz
cifar10,single_color,red_contrast,0,native,-0.45943355560302734,-0.44507625699043274,0,10240,0.0,10,/ceph/sagnihot/projects/Lorena_Contrastive_Representation_Arch/sparse_contrast_benchmark_large_batch/outputs/previews/heldout_val/cifar10/single_color/56ae526b7d21bdac1496debb0e3cebab87a7697c38410e28973d91302c77be85/train_p0.npz
cifar10,single_color,red_contrast,0,native,-0.44507625699043274,-0.43071895837783813,0,10240,0.0,10,/ceph/sagnihot/projects/Lorena_Contrastive_Representation_Arch/sparse_contrast_benchmark_large_batch/outputs/previews/heldout_val/cifar10/single_color/56ae526b7d21bdac1496debb0e3cebab87a7697c38410e28973d91302c77be85/train_p0.npz
cifar10,single_color,red_contrast,0,native,-0.43071895837783813,-0.41636165976524353,0,10240,0.0,10,/ceph/sagnihot/projects/Lorena_Contrastive_Representation_Arch/sparse_contrast_benchmark_large_batch/outputs/previews/heldout_val/cifar10/single_color/56ae526b7d21bdac1496debb0e3cebab87a7697c38410e28973d91302c77be85/train_p0.npz
cifar10,single_color,red_contrast,0,native,-0.41636165976524353,-0.4020043611526489,0,10240,0.0,10,/ceph/sagnihot/projects/Lorena_Contrastive_Representation_Arch/sparse_contrast_benchmark_large_batch/outputs/previews/heldout_val/cifar10/single_color/56ae526b7d21bdac1496debb0e3cebab87a7697c38410e28973d91302c77be85/train_p0.npz
cifar10,single_color,red_contrast,0,native,-0.4020043611526489,-0.3876470625400543,0,10240,0.0,10,/ceph/sagnihot/projects/Lorena_Contrastive_Representation_Arch/sparse_contrast_benchmark_large_batch/outputs/previews/heldout_val/cifar10/single_color/56ae526b7d21bdac1496debb0e3cebab87a7697c38410e28973d91302c77be85/train_p0.npz
cifar10,single_color,red_contrast,0,native,-0.3876470625400543,-0.3732897639274597,0,10240,0.0,10,/ceph/sagnihot/projects/Lorena_Contrastive_Representation_Arch/sparse_contrast_benchmark_large_batch/outputs/previews/heldout_val/cifar10/single_color/56ae526b7d21bdac1496debb0e3cebab87a7697c38410e28973d91302c77be85/train_p0.npz
cifar10,single_color,red_contrast,0,native,-0.3732897639274597,-0.3589324653148651,0,10240,0.0,10,/ceph/sagnihot/projects/Lorena_Contrastive_Representation_Arch/sparse_contrast_benchmark_large_batch/outputs/previews/heldout_val/cifar10/single_color/56ae526b7d21bdac1496debb0e3cebab87a7697c38410e28973d91302c77be85/train_p0.npz
cifar10,single_color,red_contrast,0,native,-0.3589324653148651,-0.3445751667022705,0,10240,0.0,10,/ceph/sagnihot/projects/Lorena_Contrastive_Representation_Arch/sparse_contrast_benchmark_large_batch/outputs/previews/heldout_val/cifar10/single_color/56ae526b7d21bdac1496debb0e3cebab87a7697c38410e28973d91302c77be85/train_p0.npz
cifar10,single_color,red_contrast,0,native,-0.3445751667022705,-0.3302178680896759,0,10240,0.0,10,/ceph/sagnihot/projects/Lorena_Contrastive_Representation_Arch/sparse_contrast_benchmark_large_batch/outputs/previews/heldout_val/cifar10/single_color/56ae526b7d21bdac1496debb0e3cebab87a7697c38410e28973d91302c77be85/train_p0.npz
cifar10,single_color,red_contrast,0,native,-0.3302178680896759,-0.3158605694770813,0,10240,0.0,10,/ceph/sagnihot/projects/Lorena_Contrastive_Representation_Arch/sparse_contrast_benchmark_large_batch/outputs/previews/heldout_val/cifar10/single_color/56ae526b7d21bdac1496debb0e3cebab87a7697c38410e28973d91302c77be85/train_p0.npz
cifar10,single_color,red_contrast,0,native,-0.3158605694770813,-0.3015032708644867,0,10240,0.0,10,/ceph/sagnihot/projects/Lorena_Contrastive_Representation_Arch/sparse_contrast_benchmark_large_batch/outputs/previews/heldout_val/cifar10/single_color/56ae526b7d21bdac1496debb0e3cebab87a7697c38410e28973d91302c77be85/train_p0.npz
cifar10,single_color,red_contrast,0,native,-0.3015032708644867,-0.2871459722518921,1,10240,9.765625e-05,10,/ceph/sagnihot/projects/Lorena_Contrastive_Representation_Arch/sparse_contrast_benchmark_large_batch/outputs/previews/heldout_val/cifar10/single_color/56ae526b7d21bdac1496debb0e3cebab87a7697c38410e28973d91302c77be85/train_p0.npz
cifar10,single_color,red_contrast,0,native,-0.2871459722518921,-0.2727886736392975,3,10240,0.00029296875,10,/ceph/sagnihot/projects/Lorena_Contrastive_Representation_Arch/sparse_contrast_benchmark_large_batch/outputs/previews/heldout_val/cifar10/single_color/56ae526b7d21bdac1496debb0e3cebab87a7697c38410e28973d91302c77be85/train_p0.npz
cifar10,single_color,red_contrast,0,native,-0.2727886736392975,-0.2584313750267029,4,10240,0.000390625,10,/ceph/sagnihot/projects/Lorena_Contrastive_Representation_Arch/sparse_contrast_benchmark_large_batch/outputs/previews/heldout_val/cifar10/single_color/56ae526b7d21bdac1496debb0e3cebab87a7697c38410e28973d91302c77be85/train_p0.npz
cifar10,single_color,red_contrast,0,native,-0.2584313750267029,-0.24407407641410828,3,10240,0.00029296875,10,/ceph/sagnihot/projects/Lorena_Contrastive_Representation_Arch/sparse_contrast_benchmark_large_batch/outputs/previews/heldout_val/cifar10/single_color/56ae526b7d21bdac1496debb0e3cebab87a7697c38410e28973d91302c77be85/train_p0.npz
cifar10,single_color,red_contrast,0,native,-0.24407407641410828,-0.22971677780151367,2,10240,0.0001953125,10,/ceph/sagnihot/projects/Lorena_Contrastive_Representation_Arch/sparse_contrast_benchmark_large_batch/outputs/previews/heldout_val/cifar10/single_color/56ae526b7d21bdac1496debb0e3cebab87a7697c38410e28973d91302c77be85/train_p0.npz
cifar10,single_color,red_contrast,0,native,-0.22971677780151367,-0.21535947918891907,6,10240,0.0005859375,10,/ceph/sagnihot/projects/Lorena_Contrastive_Representation_Arch/sparse_contrast_benchmark_large_batch/outputs/previews/heldout_val/cifar10/single_color/56ae526b7d21bdac1496debb0e3cebab87a7697c38410e28973d91302c77be85/train_p0.npz
cifar10,single_color,red_contrast,0,native,-0.21535947918891907,-0.20100218057632446,5,10240,0.00048828125,10,/ceph/sagnihot/projects/Lorena_Contrastive_Representation_Arch/sparse_contrast_benchmark_large_batch/outputs/previews/heldout_val/cifar10/single_color/56ae526b7d21bdac1496debb0e3cebab87a7697c38410e28973d91302c77be85/train_p0.npz
cifar10,single_color,red_contrast,0,native,-0.20100218057632446,-0.18664488196372986,9,10240,0.00087890625,10,/ceph/sagnihot/projects/Lorena_Contrastive_Representation_Arch/sparse_contrast_benchmark_large_batch/outputs/previews/heldout_val/cifar10/single_color/56ae526b7d21bdac1496debb0e3cebab87a7697c38410e28973d91302c77be85/train_p0.npz
cifar10,single_color,red_contrast,0,native,-0.18664488196372986,-0.17228758335113525,17,10240,0.00166015625,10,/ceph/sagnihot/projects/Lorena_Contrastive_Representation_Arch/sparse_contrast_benchmark_large_batch/outputs/previews/heldout_val/cifar10/single_color/56ae526b7d21bdac1496debb0e3cebab87a7697c38410e28973d91302c77be85/train_p0.npz
cifar10,single_color,red_contrast,0,native,-0.17228758335113525,-0.15793028473854065,27,10240,0.00263671875,10,/ceph/sagnihot/projects/Lorena_Contrastive_Representation_Arch/sparse_contrast_benchmark_large_batch/outputs/previews/heldout_val/cifar10/single_color/56ae526b7d21bdac1496debb0e3cebab87a7697c38410e28973d91302c77be85/train_p0.npz
cifar10,single_color,red_contrast,0,native,-0.15793028473854065,-0.14357298612594604,38,10240,0.0037109375,10,/ceph/sagnihot/projects/Lorena_Contrastive_Representation_Arch/sparse_contrast_benchmark_large_batch/outputs/previews/heldout_val/cifar10/single_color/56ae526b7d21bdac1496debb0e3cebab87a7697c38410e28973d91302c77be85/train_p0.npz
cifar10,single_color,red_contrast,0,native,-0.14357298612594604,-0.12921568751335144,61,10240,0.00595703125,10,/ceph/sagnihot/projects/Lorena_Contrastive_Representation_Arch/sparse_contrast_benchmark_large_batch/outputs/previews/heldout_val/cifar10/single_color/56ae526b7d21bdac1496debb0e3cebab87a7697c38410e28973d91302c77be85/train_p0.npz
cifar10,single_color,red_contrast,0,native,-0.12921568751335144,-0.11485838890075684,69,10240,0.00673828125,10,/ceph/sagnihot/projects/Lorena_Contrastive_Representation_Arch/sparse_contrast_benchmark_large_batch/outputs/previews/heldout_val/cifar10/single_color/56ae526b7d21bdac1496debb0e3cebab87a7697c38410e28973d91302c77be85/train_p0.npz
cifar10,single_color,red_contrast,0,native,-0.11485838890075684,-0.10050109028816223,105,10240,0.01025390625,10,/ceph/sagnihot/projects/Lorena_Contrastive_Representation_Arch/sparse_contrast_benchmark_large_batch/outputs/previews/heldout_val/cifar10/single_color/56ae526b7d21bdac1496debb0e3cebab87a7697c38410e28973d91302c77be85/train_p0.npz
cifar10,single_color,red_contrast,0,native,-0.10050109028816223,-0.08614379167556763,120,10240,0.01171875,10,/ceph/sagnihot/projects/Lorena_Contrastive_Representation_Arch/sparse_contrast_benchmark_large_batch/outputs/previews/heldout_val/cifar10/single_color/56ae526b7d21bdac1496debb0e3cebab87a7697c38410e28973d91302c77be85/train_p0.npz
cifar10,single_color,red_contrast,0,native,-0.08614379167556763,-0.07178649306297302,207,10240,0.02021484375,10,/ceph/sagnihot/projects/Lorena_Contrastive_Representation_Arch/sparse_contrast_benchmark_large_batch/outputs/previews/heldout_val/cifar10/single_color/56ae526b7d21bdac1496debb0e3cebab87a7697c38410e28973d91302c77be85/train_p0.npz
cifar10,single_color,red_contrast,0,native,-0.07178649306297302,-0.05742919445037842,245,10240,0.02392578125,10,/ceph/sagnihot/projects/Lorena_Contrastive_Representation_Arch/sparse_contrast_benchmark_large_batch/outputs/previews/heldout_val/cifar10/single_color/56ae526b7d21bdac1496debb0e3cebab87a7697c38410e28973d91302c77be85/train_p0.npz
cifar10,single_color,red_contrast,0,native,-0.05742919445037842,-0.043071895837783813,349,10240,0.03408203125,10,/ceph/sagnihot/projects/Lorena_Contrastive_Representation_Arch/sparse_contrast_benchmark_large_batch/outputs/previews/heldout_val/cifar10/single_color/56ae526b7d21bdac1496debb0e3cebab87a7697c38410e28973d91302c77be85/train_p0.npz
cifar10,single_color,red_contrast,0,native,-0.043071895837783813,-0.02871459722518921,494,10240,0.0482421875,10,/ceph/sagnihot/projects/Lorena_Contrastive_Representation_Arch/sparse_contrast_benchmark_large_batch/outputs/previews/heldout_val/cifar10/single_color/56ae526b7d21bdac1496debb0e3cebab87a7697c38410e28973d91302c77be85/train_p0.npz
cifar10,single_color,red_contrast,0,native,-0.02871459722518921,-0.014357298612594604,787,10240,0.07685546875,10,/ceph/sagnihot/projects/Lorena_Contrastive_Representation_Arch/sparse_contrast_benchmark_large_batch/outputs/previews/heldout_val/cifar10/single_color/56ae526b7d21bdac1496debb0e3cebab87a7697c38410e28973d91302c77be85/train_p0.npz
cifar10,single_color,red_contrast,0,native,-0.014357298612594604,0.0,1709,10240,0.16689453125,10,/ceph/sagnihot/projects/Lorena_Contrastive_Representation_Arch/sparse_contrast_benchmark_large_batch/outputs/previews/heldout_val/cifar10/single_color/56ae526b7d21bdac1496debb0e3cebab87a7697c38410e28973d91302c77be85/train_p0.npz
cifar10,single_color,red_contrast,0,native,0.0,0.014357298612594604,2161,10240,0.21103515625,10,/ceph/sagnihot/projects/Lorena_Contrastive_Representation_Arch/sparse_contrast_benchmark_large_batch/outputs/previews/heldout_val/cifar10/single_color/56ae526b7d21bdac1496debb0e3cebab87a7697c38410e28973d91302c77be85/train_p0.npz
cifar10,single_color,red_contrast,0,native,0.014357298612594604,0.02871459722518921,826,10240,0.0806640625,10,/ceph/sagnihot/projects/Lorena_Contrastive_Representation_Arch/sparse_contrast_benchmark_large_batch/outputs/previews/heldout_val/cifar10/single_color/56ae526b7d21bdac1496debb0e3cebab87a7697c38410e28973d91302c77be85/train_p0.npz
cifar10,single_color,red_contrast,0,native,0.02871459722518921,0.043071895837783813,591,10240,0.05771484375,10,/ceph/sagnihot/projects/Lorena_Contrastive_Representation_Arch/sparse_contrast_benchmark_large_batch/outputs/previews/heldout_val/cifar10/single_color/56ae526b7d21bdac1496debb0e3cebab87a7697c38410e28973d91302c77be85/train_p0.npz
cifar10,single_color,red_contrast,0,native,0.043071895837783813,0.05742919445037842,433,10240,0.04228515625,10,/ceph/sagnihot/projects/Lorena_Contrastive_Representation_Arch/sparse_contrast_benchmark_large_batch/outputs/previews/heldout_val/cifar10/single_color/56ae526b7d21bdac1496debb0e3cebab87a7697c38410e28973d91302c77be85/train_p0.npz
cifar10,single_color,red_contrast,0,native,0.05742919445037842,0.07178649306297302,349,10240,0.03408203125,10,/ceph/sagnihot/projects/Lorena_Contrastive_Representation_Arch/sparse_contrast_benchmark_large_batch/outputs/previews/heldout_val/cifar10/single_color/56ae526b7d21bdac1496debb0e3cebab87a7697c38410e28973d91302c77be85/train_p0.npz
cifar10,single_color,red_contrast,0,native,0.07178649306297302,0.08614379167556763,325,10240,0.03173828125,10,/ceph/sagnihot/projects/Lorena_Contrastive_Representation_Arch/sparse_contrast_benchmark_large_batch/outputs/previews/heldout_val/cifar10/single_color/56ae526b7d21bdac1496debb0e3cebab87a7697c38410e28973d91302c77be85/train_p0.npz
cifar10,single_color,red_contrast,0,native,0.08614379167556763,0.10050109028816223,214,10240,0.0208984375,10,/ceph/sagnihot/projects/Lorena_Contrastive_Representation_Arch/sparse_contrast_benchmark_large_batch/outputs/previews/heldout_val/cifar10/single_color/56ae526b7d21bdac1496debb0e3cebab87a7697c38410e28973d91302c77be85/train_p0.npz
cifar10,single_color,red_contrast,0,native,0.10050109028816223,0.11485838890075684,142,10240,0.0138671875,10,/ceph/sagnihot/projects/Lorena_Contrastive_Representation_Arch/sparse_contrast_benchmark_large_batch/outputs/previews/heldout_val/cifar10/single_color/56ae526b7d21bdac1496debb0e3cebab87a7697c38410e28973d91302c77be85/train_p0.npz
cifar10,single_color,red_contrast,0,native,0.11485838890075684,0.12921568751335144,86,10240,0.0083984375,10,/ceph/sagnihot/projects/Lorena_Contrastive_Representation_Arch/sparse_contrast_benchmark_large_batch/outputs/previews/heldout_val/cifar10/single_color/56ae526b7d21bdac1496debb0e3cebab87a7697c38410e28973d91302c77be85/train_p0.npz
cifar10,single_color,red_contrast,0,native,0.12921568751335144,0.14357298612594604,90,10240,0.0087890625,10,/ceph/sagnihot/projects/Lorena_Contrastive_Representation_Arch/sparse_contrast_benchmark_large_batch/outputs/previews/heldout_val/cifar10/single_color/56ae526b7d21bdac1496debb0e3cebab87a7697c38410e28973d91302c77be85/train_p0.npz
cifar10,single_color,red_contrast,0,native,0.14357298612594604,0.15793028473854065,64,10240,0.00625,10,/ceph/sagnihot/projects/Lorena_Contrastive_Representation_Arch/sparse_contrast_benchmark_large_batch/outputs/previews/heldout_val/cifar10/single_color/56ae526b7d21bdac1496debb0e3cebab87a7697c38410e28973d91302c77be85/train_p0.npz
cifar10,single_color,red_contrast,0,native,0.15793028473854065,0.17228758335113525,118,10240,0.0115234375,10,/ceph/sagnihot/projects/Lorena_Contrastive_Representation_Arch/sparse_contrast_benchmark_large_batch/outputs/previews/heldout_val/cifar10/single_color/56ae526b7d21bdac1496debb0e3cebab87a7697c38410e28973d91302c77be85/train_p0.npz
cifar10,single_color,red_contrast,0,native,0.17228758335113525,0.18664488196372986,104,10240,0.01015625,10,/ceph/sagnihot/projects/Lorena_Contrastive_Representation_Arch/sparse_contrast_benchmark_large_batch/outputs/previews/heldout_val/cifar10/single_color/56ae526b7d21bdac1496debb0e3cebab87a7697c38410e28973d91302c77be85/train_p0.npz
cifar10,single_color,red_contrast,0,native,0.18664488196372986,0.20100218057632446,60,10240,0.005859375,10,/ceph/sagnihot/projects/Lorena_Contrastive_Representation_Arch/sparse_contrast_benchmark_large_batch/outputs/previews/heldout_val/cifar10/single_color/56ae526b7d21bdac1496debb0e3cebab87a7697c38410e28973d91302c77be85/train_p0.npz
cifar10,single_color,red_contrast,0,native,0.20100218057632446,0.21535947918891907,34,10240,0.0033203125,10,/ceph/sagnihot/projects/Lorena_Contrastive_Representation_Arch/sparse_contrast_benchmark_large_batch/outputs/previews/heldout_val/cifar10/single_color/56ae526b7d21bdac1496debb0e3cebab87a7697c38410e28973d91302c77be85/train_p0.npz
cifar10,single_color,red_contrast,0,native,0.21535947918891907,0.22971677780151367,31,10240,0.00302734375,10,/ceph/sagnihot/projects/Lorena_Contrastive_Representation_Arch/sparse_contrast_benchmark_large_batch/outputs/previews/heldout_val/cifar10/single_color/56ae526b7d21bdac1496debb0e3cebab87a7697c38410e28973d91302c77be85/train_p0.npz
cifar10,single_color,red_contrast,0,native,0.22971677780151367,0.24407407641410828,26,10240,0.0025390625,10,/ceph/sagnihot/projects/Lorena_Contrastive_Representation_Arch/sparse_contrast_benchmark_large_batch/outputs/previews/heldout_val/cifar10/single_color/56ae526b7d21bdac1496debb0e3cebab87a7697c38410e28973d91302c77be85/train_p0.npz
cifar10,single_color,red_contrast,0,native,0.24407407641410828,0.2584313750267029,18,10240,0.0017578125,10,/ceph/sagnihot/projects/Lorena_Contrastive_Representation_Arch/sparse_contrast_benchmark_large_batch/outputs/previews/heldout_val/cifar10/single_color/56ae526b7d21bdac1496debb0e3cebab87a7697c38410e28973d91302c77be85/train_p0.npz
cifar10,single_color,red_contrast,0,native,0.2584313750267029,0.2727886736392975,11,10240,0.00107421875,10,/ceph/sagnihot/projects/Lorena_Contrastive_Representation_Arch/sparse_contrast_benchmark_large_batch/outputs/previews/heldout_val/cifar10/single_color/56ae526b7d21bdac1496debb0e3cebab87a7697c38410e28973d91302c77be85/train_p0.npz
cifar10,single_color,red_contrast,0,native,0.2727886736392975,0.2871459722518921,12,10240,0.001171875,10,/ceph/sagnihot/projects/Lorena_Contrastive_Representation_Arch/sparse_contrast_benchmark_large_batch/outputs/previews/heldout_val/cifar10/single_color/56ae526b7d21bdac1496debb0e3cebab87a7697c38410e28973d91302c77be85/train_p0.npz
cifar10,single_color,red_contrast,0,native,0.2871459722518921,0.3015032708644867,13,10240,0.00126953125,10,/ceph/sagnihot/projects/Lorena_Contrastive_Representation_Arch/sparse_contrast_benchmark_large_batch/outputs/previews/heldout_val/cifar10/single_color/56ae526b7d21bdac1496debb0e3cebab87a7697c38410e28973d91302c77be85/train_p0.npz
cifar10,single_color,red_contrast,0,native,0.3015032708644867,0.3158605694770813,18,10240,0.0017578125,10,/ceph/sagnihot/projects/Lorena_Contrastive_Representation_Arch/sparse_contrast_benchmark_large_batch/outputs/previews/heldout_val/cifar10/single_color/56ae526b7d21bdac1496debb0e3cebab87a7697c38410e28973d91302c77be85/train_p0.npz
cifar10,single_color,red_contrast,0,native,0.3158605694770813,0.3302178680896759,34,10240,0.0033203125,10,/ceph/sagnihot/projects/Lorena_Contrastive_Representation_Arch/sparse_contrast_benchmark_large_batch/outputs/previews/heldout_val/cifar10/single_color/56ae526b7d21bdac1496debb0e3cebab87a7697c38410e28973d91302c77be85/train_p0.npz
cifar10,single_color,red_contrast,0,native,0.3302178680896759,0.3445751667022705,109,10240,0.01064453125,10,/ceph/sagnihot/projects/Lorena_Contrastive_Representation_Arch/sparse_contrast_benchmark_large_batch/outputs/previews/heldout_val/cifar10/single_color/56ae526b7d21bdac1496debb0e3cebab87a7697c38410e28973d91302c77be85/train_p0.npz
cifar10,single_color,red_contrast,0,native,0.3445751667022705,0.3589324653148651,28,10240,0.002734375,10,/ceph/sagnihot/projects/Lorena_Contrastive_Representation_Arch/sparse_contrast_benchmark_large_batch/outputs/previews/heldout_val/cifar10/single_color/56ae526b7d21bdac1496debb0e3cebab87a7697c38410e28973d91302c77be85/train_p0.npz
cifar10,single_color,red_contrast,0,native,0.3589324653148651,0.3732897639274597,11,10240,0.00107421875,10,/ceph/sagnihot/projects/Lorena_Contrastive_Representation_Arch/sparse_contrast_benchmark_large_batch/outputs/previews/heldout_val/cifar10/single_color/56ae526b7d21bdac1496debb0e3cebab87a7697c38410e28973d91302c77be85/train_p0.npz
cifar10,single_color,red_contrast,0,native,0.3732897639274597,0.3876470625400543,14,10240,0.0013671875,10,/ceph/sagnihot/projects/Lorena_Contrastive_Representation_Arch/sparse_contrast_benchmark_large_batch/outputs/previews/heldout_val/cifar10/single_color/56ae526b7d21bdac1496debb0e3cebab87a7697c38410e28973d91302c77be85/train_p0.npz
cifar10,single_color,red_contrast,0,native,0.3876470625400543,0.4020043611526489,14,10240,0.0013671875,10,/ceph/sagnihot/projects/Lorena_Contrastive_Representation_Arch/sparse_contrast_benchmark_large_batch/outputs/previews/heldout_val/cifar10/single_color/56ae526b7d21bdac1496debb0e3cebab87a7697c38410e28973d91302c77be85/train_p0.npz
cifar10,single_color,red_contrast,0,native,0.4020043611526489,0.41636165976524353,8,10240,0.00078125,10,/ceph/sagnihot/projects/Lorena_Contrastive_Representation_Arch/sparse_contrast_benchmark_large_batch/outputs/previews/heldout_val/cifar10/single_color/56ae526b7d21bdac1496debb0e3cebab87a7697c38410e28973d91302c77be85/train_p0.npz
cifar10,single_color,red_contrast,0,native,0.41636165976524353,0.43071895837783813,7,10240,0.00068359375,10,/ceph/sagnihot/projects/Lorena_Contrastive_Representation_Arch/sparse_contrast_benchmark_large_batch/outputs/previews/heldout_val/cifar10/single_color/56ae526b7d21bdac1496debb0e3cebab87a7697c38410e28973d91302c77be85/train_p0.npz
cifar10,single_color,red_contrast,0,native,0.43071895837783813,0.44507625699043274,5,10240,0.00048828125,10,/ceph/sagnihot/projects/Lorena_Contrastive_Representation_Arch/sparse_contrast_benchmark_large_batch/outputs/previews/heldout_val/cifar10/single_color/56ae526b7d21bdac1496debb0e3cebab87a7697c38410e28973d91302c77be85/train_p0.npz
cifar10,single_color,red_contrast,0,native,0.44507625699043274,0.45943355560302734,9,10240,0.00087890625,10,/ceph/sagnihot/projects/Lorena_Contrastive_Representation_Arch/sparse_contrast_benchmark_large_batch/outputs/previews/heldout_val/cifar10/single_color/56ae526b7d21bdac1496debb0e3cebab87a7697c38410e28973d91302c77be85/train_p0.npz
cifar10,single_color,red_contrast,0,native,0.45943355560302734,0.47379085421562195,2,10240,0.0001953125,10,/ceph/sagnihot/projects/Lorena_Contrastive_Representation_Arch/sparse_contrast_benchmark_large_batch/outputs/previews/heldout_val/cifar10/single_color/56ae526b7d21bdac1496debb0e3cebab87a7697c38410e28973d91302c77be85/train_p0.npz
cifar10,single_color,red_contrast,0,native,0.47379085421562195,0.48814815282821655,1,10240,9.765625e-05,10,/ceph/sagnihot/projects/Lorena_Contrastive_Representation_Arch/sparse_contrast_benchmark_large_batch/outputs/previews/heldout_val/cifar10/single_color/56ae526b7d21bdac1496debb0e3cebab87a7697c38410e28973d91302c77be85/train_p0.npz
cifar10,single_color,red_contrast,0,native,0.48814815282821655,0.5025054514408112,1,10240,9.765625e-05,10,/ceph/sagnihot/projects/Lorena_Contrastive_Representation_Arch/sparse_contrast_benchmark_large_batch/outputs/previews/heldout_val/cifar10/single_color/56ae526b7d21bdac1496debb0e3cebab87a7697c38410e28973d91302c77be85/train_p0.npz
cifar10,single_color,red_contrast,0,native,0.5025054514408112,0.5168627500534058,1,10240,9.765625e-05,10,/ceph/sagnihot/projects/Lorena_Contrastive_Representation_Arch/sparse_contrast_benchmark_large_batch/outputs/previews/heldout_val/cifar10/single_color/56ae526b7d21bdac1496debb0e3cebab87a7697c38410e28973d91302c77be85/train_p0.npz
cifar10,single_color,red_contrast,0,native,0.5168627500534058,0.5312200486660004,0,10240,0.0,10,/ceph/sagnihot/projects/Lorena_Contrastive_Representation_Arch/sparse_contrast_benchmark_large_batch/outputs/previews/heldout_val/cifar10/single_color/56ae526b7d21bdac1496debb0e3cebab87a7697c38410e28973d91302c77be85/train_p0.npz
cifar10,single_color,red_contrast,0,native,0.5312200486660004,0.545577347278595,1,10240,9.765625e-05,10,/ceph/sagnihot/projects/Lorena_Contrastive_Representation_Arch/sparse_contrast_benchmark_large_batch/outputs/previews/heldout_val/cifar10/single_color/56ae526b7d21bdac1496debb0e3cebab87a7697c38410e28973d91302c77be85/train_p0.npz
cifar10,single_color,red_contrast,0,native,0.545577347278595,0.5599346458911896,7,10240,0.00068359375,10,/ceph/sagnihot/projects/Lorena_Contrastive_Representation_Arch/sparse_contrast_benchmark_large_batch/outputs/previews/heldout_val/cifar10/single_color/56ae526b7d21bdac1496debb0e3cebab87a7697c38410e28973d91302c77be85/train_p0.npz
cifar10,single_color,red_contrast,0,native,0.5599346458911896,0.5742919445037842,1,10240,9.765625e-05,10,/ceph/sagnihot/projects/Lorena_Contrastive_Representation_Arch/sparse_contrast_benchmark_large_batch/outputs/previews/heldout_val/cifar10/single_color/56ae526b7d21bdac1496debb0e3cebab87a7697c38410e28973d91302c77be85/train_p0.npz
cifar10,single_color,red_contrast,0,normalized,-6.4692206382751465,-6.307490122318268,0,10240,0.0,10,/ceph/sagnihot/projects/Lorena_Contrastive_Representation_Arch/sparse_contrast_benchmark_large_batch/outputs/previews/heldout_val/cifar10/single_color/56ae526b7d21bdac1496debb0e3cebab87a7697c38410e28973d91302c77be85/train_p0.npz
cifar10,single_color,red_contrast,0,normalized,-6.307490122318268,-6.1457596063613895,0,10240,0.0,10,/ceph/sagnihot/projects/Lorena_Contrastive_Representation_Arch/sparse_contrast_benchmark_large_batch/outputs/previews/heldout_val/cifar10/single_color/56ae526b7d21bdac1496debb0e3cebab87a7697c38410e28973d91302c77be85/train_p0.npz
cifar10,single_color,red_contrast,0,normalized,-6.1457596063613895,-5.98402909040451,0,10240,0.0,10,/ceph/sagnihot/projects/Lorena_Contrastive_Representation_Arch/sparse_contrast_benchmark_large_batch/outputs/previews/heldout_val/cifar10/single_color/56ae526b7d21bdac1496debb0e3cebab87a7697c38410e28973d91302c77be85/train_p0.npz
cifar10,single_color,red_contrast,0,normalized,-5.98402909040451,-5.822298574447632,0,10240,0.0,10,/ceph/sagnihot/projects/Lorena_Contrastive_Representation_Arch/sparse_contrast_benchmark_large_batch/outputs/previews/heldout_val/cifar10/single_color/56ae526b7d21bdac1496debb0e3cebab87a7697c38410e28973d91302c77be85/train_p0.npz
cifar10,single_color,red_contrast,0,normalized,-5.822298574447632,-5.660568058490753,0,10240,0.0,10,/ceph/sagnihot/projects/Lorena_Contrastive_Representation_Arch/sparse_contrast_benchmark_large_batch/outputs/previews/heldout_val/cifar10/single_color/56ae526b7d21bdac1496debb0e3cebab87a7697c38410e28973d91302c77be85/train_p0.npz
cifar10,single_color,red_contrast,0,normalized,-5.660568058490753,-5.498837542533875,0,10240,0.0,10,/ceph/sagnihot/projects/Lorena_Contrastive_Representation_Arch/sparse_contrast_benchmark_large_batch/outputs/previews/heldout_val/cifar10/single_color/56ae526b7d21bdac1496debb0e3cebab87a7697c38410e28973d91302c77be85/train_p0.npz
cifar10,single_color,red_contrast,0,normalized,-5.498837542533875,-5.337107026576996,0,10240,0.0,10,/ceph/sagnihot/projects/Lorena_Contrastive_Representation_Arch/sparse_contrast_benchmark_large_batch/outputs/previews/heldout_val/cifar10/single_color/56ae526b7d21bdac1496debb0e3cebab87a7697c38410e28973d91302c77be85/train_p0.npz
cifar10,single_color,red_contrast,0,normalized,-5.337107026576996,-5.175376510620117,0,10240,0.0,10,/ceph/sagnihot/projects/Lorena_Contrastive_Representation_Arch/sparse_contrast_benchmark_large_batch/outputs/previews/heldout_val/cifar10/single_color/56ae526b7d21bdac1496debb0e3cebab87a7697c38410e28973d91302c77be85/train_p0.npz
cifar10,single_color,red_contrast,0,normalized,-5.175376510620117,-5.013645994663238,0,10240,0.0,10,/ceph/sagnihot/projects/Lorena_Contrastive_Representation_Arch/sparse_contrast_benchmark_large_batch/outputs/previews/heldout_val/cifar10/single_color/56ae526b7d21bdac1496debb0e3cebab87a7697c38410e28973d91302c77be85/train_p0.npz
cifar10,single_color,red_contrast,0,normalized,-5.013645994663238,-4.85191547870636,0,10240,0.0,10,/ceph/sagnihot/projects/Lorena_Contrastive_Representation_Arch/sparse_contrast_benchmark_large_batch/outputs/previews/heldout_val/cifar10/single_color/56ae526b7d21bdac1496debb0e3cebab87a7697c38410e28973d91302c77be85/train_p0.npz
cifar10,single_color,red_contrast,0,normalized,-4.85191547870636,-4.690184962749481,0,10240,0.0,10,/ceph/sagnihot/projects/Lorena_Contrastive_Representation_Arch/sparse_contrast_benchmark_large_batch/outputs/previews/heldout_val/cifar10/single_color/56ae526b7d21bdac1496debb0e3cebab87a7697c38410e28973d91302c77be85/train_p0.npz
cifar10,single_color,red_contrast,0,normalized,-4.690184962749481,-4.528454446792603,0,10240,0.0,10,/ceph/sagnihot/projects/Lorena_Contrastive_Representation_Arch/sparse_contrast_benchmark_large_batch/outputs/previews/heldout_val/cifar10/single_color/56ae526b7d21bdac1496debb0e3cebab87a7697c38410e28973d91302c77be85/train_p0.npz
cifar10,single_color,red_contrast,0,normalized,-4.528454446792603,-4.3667239308357235,0,10240,0.0,10,/ceph/sagnihot/projects/Lorena_Contrastive_Representation_Arch/sparse_contrast_benchmark_large_batch/outputs/previews/heldout_val/cifar10/single_color/56ae526b7d21bdac1496debb0e3cebab87a7697c38410e28973d91302c77be85/train_p0.npz
cifar10,single_color,red_contrast,0,normalized,-4.3667239308357235,-4.204993414878846,0,10240,0.0,10,/ceph/sagnihot/projects/Lorena_Contrastive_Representation_Arch/sparse_contrast_benchmark_large_batch/outputs/previews/heldout_val/cifar10/single_color/56ae526b7d21bdac1496debb0e3cebab87a7697c38410e28973d91302c77be85/train_p0.npz
cifar10,single_color,red_contrast,0,normalized,-4.204993414878846,-4.0432628989219666,0,10240,0.0,10,/ceph/sagnihot/projects/Lorena_Contrastive_Representation_Arch/sparse_contrast_benchmark_large_batch/outputs/previews/heldout_val/cifar10/single_color/56ae526b7d21bdac1496debb0e3cebab87a7697c38410e28973d91302c77be85/train_p0.npz
cifar10,single_color,red_contrast,0,normalized,-4.0432628989219666,-3.881532382965088,0,10240,0.0,10,/ceph/sagnihot/projects/Lorena_Contrastive_Representation_Arch/sparse_contrast_benchmark_large_batch/outputs/previews/heldout_val/cifar10/single_color/56ae526b7d21bdac1496debb0e3cebab87a7697c38410e28973d91302c77be85/train_p0.npz
cifar10,single_color,red_contrast,0,normalized,-3.881532382965088,-3.7198018670082096,0,10240,0.0,10,/ceph/sagnihot/projects/Lorena_Contrastive_Representation_Arch/sparse_contrast_benchmark_large_batch/outputs/previews/heldout_val/cifar10/single_color/56ae526b7d21bdac1496debb0e3cebab87a7697c38410e28973d91302c77be85/train_p0.npz
cifar10,single_color,red_contrast,0,normalized,-3.7198018670082096,-3.5580713510513307,2,10240,0.0001953125,10,/ceph/sagnihot/projects/Lorena_Contrastive_Representation_Arch/sparse_contrast_benchmark_large_batch/outputs/previews/heldout_val/cifar10/single_color/56ae526b7d21bdac1496debb0e3cebab87a7697c38410e28973d91302c77be85/train_p0.npz
cifar10,single_color,red_contrast,0,normalized,-3.5580713510513307,-3.396340835094452,2,10240,0.0001953125,10,/ceph/sagnihot/projects/Lorena_Contrastive_Representation_Arch/sparse_contrast_benchmark_large_batch/outputs/previews/heldout_val/cifar10/single_color/56ae526b7d21bdac1496debb0e3cebab87a7697c38410e28973d91302c77be85/train_p0.npz
cifar10,single_color,red_contrast,0,normalized,-3.396340835094452,-3.2346103191375732,4,10240,0.000390625,10,/ceph/sagnihot/projects/Lorena_Contrastive_Representation_Arch/sparse_contrast_benchmark_large_batch/outputs/previews/heldout_val/cifar10/single_color/56ae526b7d21bdac1496debb0e3cebab87a7697c38410e28973d91302c77be85/train_p0.npz
cifar10,single_color,red_contrast,0,normalized,-3.2346103191375732,-3.0728798031806948,3,10240,0.00029296875,10,/ceph/sagnihot/projects/Lorena_Contrastive_Representation_Arch/sparse_contrast_benchmark_large_batch/outputs/previews/heldout_val/cifar10/single_color/56ae526b7d21bdac1496debb0e3cebab87a7697c38410e28973d91302c77be85/train_p0.npz
cifar10,single_color,red_contrast,0,normalized,-3.0728798031806948,-2.9111492872238163,2,10240,0.0001953125,10,/ceph/sagnihot/projects/Lorena_Contrastive_Representation_Arch/sparse_contrast_benchmark_large_batch/outputs/previews/heldout_val/cifar10/single_color/56ae526b7d21bdac1496debb0e3cebab87a7697c38410e28973d91302c77be85/train_p0.npz
cifar10,single_color,red_contrast,0,normalized,-2.9111492872238163,-2.7494187712669373,6,10240,0.0005859375,10,/ceph/sagnihot/projects/Lorena_Contrastive_Representation_Arch/sparse_contrast_benchmark_large_batch/outputs/previews/heldout_val/cifar10/single_color/56ae526b7d21bdac1496debb0e3cebab87a7697c38410e28973d91302c77be85/train_p0.npz
cifar10,single_color,red_contrast,0,normalized,-2.7494187712669373,-2.587688255310059,6,10240,0.0005859375,10,/ceph/sagnihot/projects/Lorena_Contrastive_Representation_Arch/sparse_contrast_benchmark_large_batch/outputs/previews/heldout_val/cifar10/single_color/56ae526b7d21bdac1496debb0e3cebab87a7697c38410e28973d91302c77be85/train_p0.npz
cifar10,single_color,red_contrast,0,normalized,-2.587688255310059,-2.42595773935318,8,10240,0.00078125,10,/ceph/sagnihot/projects/Lorena_Contrastive_Representation_Arch/sparse_contrast_benchmark_large_batch/outputs/previews/heldout_val/cifar10/single_color/56ae526b7d21bdac1496debb0e3cebab87a7697c38410e28973d91302c77be85/train_p0.npz
cifar10,single_color,red_contrast,0,normalized,-2.42595773935318,-2.2642272233963014,16,10240,0.0015625,10,/ceph/sagnihot/projects/Lorena_Contrastive_Representation_Arch/sparse_contrast_benchmark_large_batch/outputs/previews/heldout_val/cifar10/single_color/56ae526b7d21bdac1496debb0e3cebab87a7697c38410e28973d91302c77be85/train_p0.npz
cifar10,single_color,red_contrast,0,normalized,-2.2642272233963014,-2.102496707439423,22,10240,0.0021484375,10,/ceph/sagnihot/projects/Lorena_Contrastive_Representation_Arch/sparse_contrast_benchmark_large_batch/outputs/previews/heldout_val/cifar10/single_color/56ae526b7d21bdac1496debb0e3cebab87a7697c38410e28973d91302c77be85/train_p0.npz
cifar10,single_color,red_contrast,0,normalized,-2.102496707439423,-1.9407661914825445,39,10240,0.00380859375,10,/ceph/sagnihot/projects/Lorena_Contrastive_Representation_Arch/sparse_contrast_benchmark_large_batch/outputs/previews/heldout_val/cifar10/single_color/56ae526b7d21bdac1496debb0e3cebab87a7697c38410e28973d91302c77be85/train_p0.npz
cifar10,single_color,red_contrast,0,normalized,-1.9407661914825445,-1.779035675525666,57,10240,0.00556640625,10,/ceph/sagnihot/projects/Lorena_Contrastive_Representation_Arch/sparse_contrast_benchmark_large_batch/outputs/previews/heldout_val/cifar10/single_color/56ae526b7d21bdac1496debb0e3cebab87a7697c38410e28973d91302c77be85/train_p0.npz
cifar10,single_color,red_contrast,0,normalized,-1.779035675525666,-1.6173051595687866,64,10240,0.00625,10,/ceph/sagnihot/projects/Lorena_Contrastive_Representation_Arch/sparse_contrast_benchmark_large_batch/outputs/previews/heldout_val/cifar10/single_color/56ae526b7d21bdac1496debb0e3cebab87a7697c38410e28973d91302c77be85/train_p0.npz
cifar10,single_color,red_contrast,0,normalized,-1.6173051595687866,-1.4555746436119081,87,10240,0.00849609375,10,/ceph/sagnihot/projects/Lorena_Contrastive_Representation_Arch/sparse_contrast_benchmark_large_batch/outputs/previews/heldout_val/cifar10/single_color/56ae526b7d21bdac1496debb0e3cebab87a7697c38410e28973d91302c77be85/train_p0.npz
cifar10,single_color,red_contrast,0,normalized,-1.4555746436119081,-1.2938441276550297,113,10240,0.01103515625,10,/ceph/sagnihot/projects/Lorena_Contrastive_Representation_Arch/sparse_contrast_benchmark_large_batch/outputs/previews/heldout_val/cifar10/single_color/56ae526b7d21bdac1496debb0e3cebab87a7697c38410e28973d91302c77be85/train_p0.npz
cifar10,single_color,red_contrast,0,normalized,-1.2938441276550297,-1.1321136116981512,172,10240,0.016796875,10,/ceph/sagnihot/projects/Lorena_Contrastive_Representation_Arch/sparse_contrast_benchmark_large_batch/outputs/previews/heldout_val/cifar10/single_color/56ae526b7d21bdac1496debb0e3cebab87a7697c38410e28973d91302c77be85/train_p0.npz
cifar10,single_color,red_contrast,0,normalized,-1.1321136116981512,-0.9703830957412727,229,10240,0.02236328125,10,/ceph/sagnihot/projects/Lorena_Contrastive_Representation_Arch/sparse_contrast_benchmark_large_batch/outputs/previews/heldout_val/cifar10/single_color/56ae526b7d21bdac1496debb0e3cebab87a7697c38410e28973d91302c77be85/train_p0.npz
cifar10,single_color,red_contrast,0,normalized,-0.9703830957412727,-0.8086525797843933,300,10240,0.029296875,10,/ceph/sagnihot/projects/Lorena_Contrastive_Representation_Arch/sparse_contrast_benchmark_large_batch/outputs/previews/heldout_val/cifar10/single_color/56ae526b7d21bdac1496debb0e3cebab87a7697c38410e28973d91302c77be85/train_p0.npz
cifar10,single_color,red_contrast,0,normalized,-0.8086525797843933,-0.6469220638275148,381,10240,0.03720703125,10,/ceph/sagnihot/projects/Lorena_Contrastive_Representation_Arch/sparse_contrast_benchmark_large_batch/outputs/previews/heldout_val/cifar10/single_color/56ae526b7d21bdac1496debb0e3cebab87a7697c38410e28973d91302c77be85/train_p0.npz
cifar10,single_color,red_contrast,0,normalized,-0.6469220638275148,-0.48519154787063634,624,10240,0.0609375,10,/ceph/sagnihot/projects/Lorena_Contrastive_Representation_Arch/sparse_contrast_benchmark_large_batch/outputs/previews/heldout_val/cifar10/single_color/56ae526b7d21bdac1496debb0e3cebab87a7697c38410e28973d91302c77be85/train_p0.npz
cifar10,single_color,red_contrast,0,normalized,-0.48519154787063634,-0.32346103191375786,1051,10240,0.10263671875,10,/ceph/sagnihot/projects/Lorena_Contrastive_Representation_Arch/sparse_contrast_benchmark_large_batch/outputs/previews/heldout_val/cifar10/single_color/56ae526b7d21bdac1496debb0e3cebab87a7697c38410e28973d91302c77be85/train_p0.npz
cifar10,single_color,red_contrast,0,normalized,-0.32346103191375786,-0.16173051595687937,2565,10240,0.25048828125,10,/ceph/sagnihot/projects/Lorena_Contrastive_Representation_Arch/sparse_contrast_benchmark_large_batch/outputs/previews/heldout_val/cifar10/single_color/56ae526b7d21bdac1496debb0e3cebab87a7697c38410e28973d91302c77be85/train_p0.npz
cifar10,single_color,red_contrast,0,normalized,-0.16173051595687937,0.0,1061,10240,0.10361328125,10,/ceph/sagnihot/projects/Lorena_Contrastive_Representation_Arch/sparse_contrast_benchmark_large_batch/outputs/previews/heldout_val/cifar10/single_color/56ae526b7d21bdac1496debb0e3cebab87a7697c38410e28973d91302c77be85/train_p0.npz
cifar10,single_color,red_contrast,0,normalized,0.0,0.16173051595687848,714,10240,0.0697265625,10,/ceph/sagnihot/projects/Lorena_Contrastive_Representation_Arch/sparse_contrast_benchmark_large_batch/outputs/previews/heldout_val/cifar10/single_color/56ae526b7d21bdac1496debb0e3cebab87a7697c38410e28973d91302c77be85/train_p0.npz
cifar10,single_color,red_contrast,0,normalized,0.16173051595687848,0.32346103191375697,491,10240,0.04794921875,10,/ceph/sagnihot/projects/Lorena_Contrastive_Representation_Arch/sparse_contrast_benchmark_large_batch/outputs/previews/heldout_val/cifar10/single_color/56ae526b7d21bdac1496debb0e3cebab87a7697c38410e28973d91302c77be85/train_p0.npz
cifar10,single_color,red_contrast,0,normalized,0.32346103191375697,0.48519154787063545,376,10240,0.03671875,10,/ceph/sagnihot/projects/Lorena_Contrastive_Representation_Arch/sparse_contrast_benchmark_large_batch/outputs/previews/heldout_val/cifar10/single_color/56ae526b7d21bdac1496debb0e3cebab87a7697c38410e28973d91302c77be85/train_p0.npz
cifar10,single_color,red_contrast,0,normalized,0.48519154787063545,0.6469220638275139,326,10240,0.0318359375,10,/ceph/sagnihot/projects/Lorena_Contrastive_Representation_Arch/sparse_contrast_benchmark_large_batch/outputs/previews/heldout_val/cifar10/single_color/56ae526b7d21bdac1496debb0e3cebab87a7697c38410e28973d91302c77be85/train_p0.npz
cifar10,single_color,red_contrast,0,normalized,0.6469220638275139,0.8086525797843924,296,10240,0.02890625,10,/ceph/sagnihot/projects/Lorena_Contrastive_Representation_Arch/sparse_contrast_benchmark_large_batch/outputs/previews/heldout_val/cifar10/single_color/56ae526b7d21bdac1496debb0e3cebab87a7697c38410e28973d91302c77be85/train_p0.npz
cifar10,single_color,red_contrast,0,normalized,0.8086525797843924,0.9703830957412718,172,10240,0.016796875,10,/ceph/sagnihot/projects/Lorena_Contrastive_Representation_Arch/sparse_contrast_benchmark_large_batch/outputs/previews/heldout_val/cifar10/single_color/56ae526b7d21bdac1496debb0e3cebab87a7697c38410e28973d91302c77be85/train_p0.npz
cifar10,single_color,red_contrast,0,normalized,0.9703830957412718,1.1321136116981503,132,10240,0.012890625,10,/ceph/sagnihot/projects/Lorena_Contrastive_Representation_Arch/sparse_contrast_benchmark_large_batch/outputs/previews/heldout_val/cifar10/single_color/56ae526b7d21bdac1496debb0e3cebab87a7697c38410e28973d91302c77be85/train_p0.npz
cifar10,single_color,red_contrast,0,normalized,1.1321136116981503,1.2938441276550288,82,10240,0.0080078125,10,/ceph/sagnihot/projects/Lorena_Contrastive_Representation_Arch/sparse_contrast_benchmark_large_batch/outputs/previews/heldout_val/cifar10/single_color/56ae526b7d21bdac1496debb0e3cebab87a7697c38410e28973d91302c77be85/train_p0.npz
cifar10,single_color,red_contrast,0,normalized,1.2938441276550288,1.4555746436119072,90,10240,0.0087890625,10,/ceph/sagnihot/projects/Lorena_Contrastive_Representation_Arch/sparse_contrast_benchmark_large_batch/outputs/previews/heldout_val/cifar10/single_color/56ae526b7d21bdac1496debb0e3cebab87a7697c38410e28973d91302c77be85/train_p0.npz
cifar10,single_color,red_contrast,0,normalized,1.4555746436119072,1.6173051595687866,55,10240,0.00537109375,10,/ceph/sagnihot/projects/Lorena_Contrastive_Representation_Arch/sparse_contrast_benchmark_large_batch/outputs/previews/heldout_val/cifar10/single_color/56ae526b7d21bdac1496debb0e3cebab87a7697c38410e28973d91302c77be85/train_p0.npz
cifar10,single_color,red_contrast,0,normalized,1.6173051595687866,1.7790356755256642,126,10240,0.0123046875,10,/ceph/sagnihot/projects/Lorena_Contrastive_Representation_Arch/sparse_contrast_benchmark_large_batch/outputs/previews/heldout_val/cifar10/single_color/56ae526b7d21bdac1496debb0e3cebab87a7697c38410e28973d91302c77be85/train_p0.npz
cifar10,single_color,red_contrast,0,normalized,1.7790356755256642,1.9407661914825436,90,10240,0.0087890625,10,/ceph/sagnihot/projects/Lorena_Contrastive_Representation_Arch/sparse_contrast_benchmark_large_batch/outputs/previews/heldout_val/cifar10/single_color/56ae526b7d21bdac1496debb0e3cebab87a7697c38410e28973d91302c77be85/train_p0.npz
cifar10,single_color,red_contrast,0,normalized,1.9407661914825436,2.102496707439421,60,10240,0.005859375,10,/ceph/sagnihot/projects/Lorena_Contrastive_Representation_Arch/sparse_contrast_benchmark_large_batch/outputs/previews/heldout_val/cifar10/single_color/56ae526b7d21bdac1496debb0e3cebab87a7697c38410e28973d91302c77be85/train_p0.npz
cifar10,single_color,red_contrast,0,normalized,2.102496707439421,2.2642272233963006,33,10240,0.00322265625,10,/ceph/sagnihot/projects/Lorena_Contrastive_Representation_Arch/sparse_contrast_benchmark_large_batch/outputs/previews/heldout_val/cifar10/single_color/56ae526b7d21bdac1496debb0e3cebab87a7697c38410e28973d91302c77be85/train_p0.npz
cifar10,single_color,red_contrast,0,normalized,2.2642272233963006,2.42595773935318,25,10240,0.00244140625,10,/ceph/sagnihot/projects/Lorena_Contrastive_Representation_Arch/sparse_contrast_benchmark_large_batch/outputs/previews/heldout_val/cifar10/single_color/56ae526b7d21bdac1496debb0e3cebab87a7697c38410e28973d91302c77be85/train_p0.npz
cifar10,single_color,red_contrast,0,normalized,2.42595773935318,2.5876882553100575,30,10240,0.0029296875,10,/ceph/sagnihot/projects/Lorena_Contrastive_Representation_Arch/sparse_contrast_benchmark_large_batch/outputs/previews/heldout_val/cifar10/single_color/56ae526b7d21bdac1496debb0e3cebab87a7697c38410e28973d91302c77be85/train_p0.npz
cifar10,single_color,red_contrast,0,normalized,2.5876882553100575,2.749418771266937,20,10240,0.001953125,10,/ceph/sagnihot/projects/Lorena_Contrastive_Representation_Arch/sparse_contrast_benchmark_large_batch/outputs/previews/heldout_val/cifar10/single_color/56ae526b7d21bdac1496debb0e3cebab87a7697c38410e28973d91302c77be85/train_p0.npz
cifar10,single_color,red_contrast,0,normalized,2.749418771266937,2.9111492872238145,12,10240,0.001171875,10,/ceph/sagnihot/projects/Lorena_Contrastive_Representation_Arch/sparse_contrast_benchmark_large_batch/outputs/previews/heldout_val/cifar10/single_color/56ae526b7d21bdac1496debb0e3cebab87a7697c38410e28973d91302c77be85/train_p0.npz
cifar10,single_color,red_contrast,0,normalized,2.9111492872238145,3.072879803180694,10,10240,0.0009765625,10,/ceph/sagnihot/projects/Lorena_Contrastive_Representation_Arch/sparse_contrast_benchmark_large_batch/outputs/previews/heldout_val/cifar10/single_color/56ae526b7d21bdac1496debb0e3cebab87a7697c38410e28973d91302c77be85/train_p0.npz
cifar10,single_color,red_contrast,0,normalized,3.072879803180694,3.2346103191375732,14,10240,0.0013671875,10,/ceph/sagnihot/projects/Lorena_Contrastive_Representation_Arch/sparse_contrast_benchmark_large_batch/outputs/previews/heldout_val/cifar10/single_color/56ae526b7d21bdac1496debb0e3cebab87a7697c38410e28973d91302c77be85/train_p0.npz
cifar10,single_color,red_contrast,0,normalized,3.2346103191375732,3.396340835094451,9,10240,0.00087890625,10,/ceph/sagnihot/projects/Lorena_Contrastive_Representation_Arch/sparse_contrast_benchmark_large_batch/outputs/previews/heldout_val/cifar10/single_color/56ae526b7d21bdac1496debb0e3cebab87a7697c38410e28973d91302c77be85/train_p0.npz
cifar10,single_color,red_contrast,0,normalized,3.396340835094451,3.55807135105133,22,10240,0.0021484375,10,/ceph/sagnihot/projects/Lorena_Contrastive_Representation_Arch/sparse_contrast_benchmark_large_batch/outputs/previews/heldout_val/cifar10/single_color/56ae526b7d21bdac1496debb0e3cebab87a7697c38410e28973d91302c77be85/train_p0.npz
cifar10,single_color,red_contrast,0,normalized,3.55807135105133,3.719801867008208,111,10240,0.01083984375,10,/ceph/sagnihot/projects/Lorena_Contrastive_Representation_Arch/sparse_contrast_benchmark_large_batch/outputs/previews/heldout_val/cifar10/single_color/56ae526b7d21bdac1496debb0e3cebab87a7697c38410e28973d91302c77be85/train_p0.npz
cifar10,single_color,red_contrast,0,normalized,3.719801867008208,3.881532382965087,40,10240,0.00390625,10,/ceph/sagnihot/projects/Lorena_Contrastive_Representation_Arch/sparse_contrast_benchmark_large_batch/outputs/previews/heldout_val/cifar10/single_color/56ae526b7d21bdac1496debb0e3cebab87a7697c38410e28973d91302c77be85/train_p0.npz
cifar10,single_color,red_contrast,0,normalized,3.881532382965087,4.0432628989219666,13,10240,0.00126953125,10,/ceph/sagnihot/projects/Lorena_Contrastive_Representation_Arch/sparse_contrast_benchmark_large_batch/outputs/previews/heldout_val/cifar10/single_color/56ae526b7d21bdac1496debb0e3cebab87a7697c38410e28973d91302c77be85/train_p0.npz
cifar10,single_color,red_contrast,0,normalized,4.0432628989219666,4.204993414878844,11,10240,0.00107421875,10,/ceph/sagnihot/projects/Lorena_Contrastive_Representation_Arch/sparse_contrast_benchmark_large_batch/outputs/previews/heldout_val/cifar10/single_color/56ae526b7d21bdac1496debb0e3cebab87a7697c38410e28973d91302c77be85/train_p0.npz
cifar10,single_color,red_contrast,0,normalized,4.204993414878844,4.3667239308357235,17,10240,0.00166015625,10,/ceph/sagnihot/projects/Lorena_Contrastive_Representation_Arch/sparse_contrast_benchmark_large_batch/outputs/previews/heldout_val/cifar10/single_color/56ae526b7d21bdac1496debb0e3cebab87a7697c38410e28973d91302c77be85/train_p0.npz
cifar10,single_color,red_contrast,0,normalized,4.3667239308357235,4.528454446792601,9,10240,0.00087890625,10,/ceph/sagnihot/projects/Lorena_Contrastive_Representation_Arch/sparse_contrast_benchmark_large_batch/outputs/previews/heldout_val/cifar10/single_color/56ae526b7d21bdac1496debb0e3cebab87a7697c38410e28973d91302c77be85/train_p0.npz
cifar10,single_color,red_contrast,0,normalized,4.528454446792601,4.6901849627494805,8,10240,0.00078125,10,/ceph/sagnihot/projects/Lorena_Contrastive_Representation_Arch/sparse_contrast_benchmark_large_batch/outputs/previews/heldout_val/cifar10/single_color/56ae526b7d21bdac1496debb0e3cebab87a7697c38410e28973d91302c77be85/train_p0.npz
cifar10,single_color,red_contrast,0,normalized,4.6901849627494805,4.85191547870636,5,10240,0.00048828125,10,/ceph/sagnihot/projects/Lorena_Contrastive_Representation_Arch/sparse_contrast_benchmark_large_batch/outputs/previews/heldout_val/cifar10/single_color/56ae526b7d21bdac1496debb0e3cebab87a7697c38410e28973d91302c77be85/train_p0.npz
cifar10,single_color,red_contrast,0,normalized,4.85191547870636,5.0136459946632375,6,10240,0.0005859375,10,/ceph/sagnihot/projects/Lorena_Contrastive_Representation_Arch/sparse_contrast_benchmark_large_batch/outputs/previews/heldout_val/cifar10/single_color/56ae526b7d21bdac1496debb0e3cebab87a7697c38410e28973d91302c77be85/train_p0.npz
cifar10,single_color,red_contrast,0,normalized,5.0136459946632375,5.175376510620117,7,10240,0.00068359375,10,/ceph/sagnihot/projects/Lorena_Contrastive_Representation_Arch/sparse_contrast_benchmark_large_batch/outputs/previews/heldout_val/cifar10/single_color/56ae526b7d21bdac1496debb0e3cebab87a7697c38410e28973d91302c77be85/train_p0.npz
cifar10,single_color,red_contrast,0,normalized,5.175376510620117,5.337107026576994,2,10240,0.0001953125,10,/ceph/sagnihot/projects/Lorena_Contrastive_Representation_Arch/sparse_contrast_benchmark_large_batch/outputs/previews/heldout_val/cifar10/single_color/56ae526b7d21bdac1496debb0e3cebab87a7697c38410e28973d91302c77be85/train_p0.npz
cifar10,single_color,red_contrast,0,normalized,5.337107026576994,5.498837542533874,1,10240,9.765625e-05,10,/ceph/sagnihot/projects/Lorena_Contrastive_Representation_Arch/sparse_contrast_benchmark_large_batch/outputs/previews/heldout_val/cifar10/single_color/56ae526b7d21bdac1496debb0e3cebab87a7697c38410e28973d91302c77be85/train_p0.npz
cifar10,single_color,red_contrast,0,normalized,5.498837542533874,5.660568058490753,1,10240,9.765625e-05,10,/ceph/sagnihot/projects/Lorena_Contrastive_Representation_Arch/sparse_contrast_benchmark_large_batch/outputs/previews/heldout_val/cifar10/single_color/56ae526b7d21bdac1496debb0e3cebab87a7697c38410e28973d91302c77be85/train_p0.npz
cifar10,single_color,red_contrast,0,normalized,5.660568058490753,5.822298574447631,1,10240,9.765625e-05,10,/ceph/sagnihot/projects/Lorena_Contrastive_Representation_Arch/sparse_contrast_benchmark_large_batch/outputs/previews/heldout_val/cifar10/single_color/56ae526b7d21bdac1496debb0e3cebab87a7697c38410e28973d91302c77be85/train_p0.npz
cifar10,single_color,red_contrast,0,normalized,5.822298574447631,5.98402909040451,0,10240,0.0,10,/ceph/sagnihot/projects/Lorena_Contrastive_Representation_Arch/sparse_contrast_benchmark_large_batch/outputs/previews/heldout_val/cifar10/single_color/56ae526b7d21bdac1496debb0e3cebab87a7697c38410e28973d91302c77be85/train_p0.npz
cifar10,single_color,red_contrast,0,normalized,5.98402909040451,6.145759606361388,1,10240,9.765625e-05,10,/ceph/sagnihot/projects/Lorena_Contrastive_Representation_Arch/sparse_contrast_benchmark_large_batch/outputs/previews/heldout_val/cifar10/single_color/56ae526b7d21bdac1496debb0e3cebab87a7697c38410e28973d91302c77be85/train_p0.npz
cifar10,single_color,red_contrast,0,normalized,6.145759606361388,6.307490122318267,7,10240,0.00068359375,10,/ceph/sagnihot/projects/Lorena_Contrastive_Representation_Arch/sparse_contrast_benchmark_large_batch/outputs/previews/heldout_val/cifar10/single_color/56ae526b7d21bdac1496debb0e3cebab87a7697c38410e28973d91302c77be85/train_p0.npz
cifar10,single_color,red_contrast,0,normalized,6.307490122318267,6.4692206382751465,1,10240,9.765625e-05,10,/ceph/sagnihot/projects/Lorena_Contrastive_Representation_Arch/sparse_contrast_benchmark_large_batch/outputs/previews/heldout_val/cifar10/single_color/56ae526b7d21bdac1496debb0e3cebab87a7697c38410e28973d91302c77be85/train_p0.npz
cifar10,single_color,red_contrast,60,native,-0.5742919445037842,-0.5599346458911896,0,10240,0.0,10,/ceph/sagnihot/projects/Lorena_Contrastive_Representation_Arch/sparse_contrast_benchmark_large_batch/outputs/previews/heldout_val/cifar10/single_color/56ae526b7d21bdac1496debb0e3cebab87a7697c38410e28973d91302c77be85/train_p60.npz
cifar10,single_color,red_contrast,60,native,-0.5599346458911896,-0.545577347278595,0,10240,0.0,10,/ceph/sagnihot/projects/Lorena_Contrastive_Representation_Arch/sparse_contrast_benchmark_large_batch/outputs/previews/heldout_val/cifar10/single_color/56ae526b7d21bdac1496debb0e3cebab87a7697c38410e28973d91302c77be85/train_p60.npz
cifar10,single_color,red_contrast,60,native,-0.545577347278595,-0.5312200486660004,0,10240,0.0,10,/ceph/sagnihot/projects/Lorena_Contrastive_Representation_Arch/sparse_contrast_benchmark_large_batch/outputs/previews/heldout_val/cifar10/single_color/56ae526b7d21bdac1496debb0e3cebab87a7697c38410e28973d91302c77be85/train_p60.npz
cifar10,single_color,red_contrast,60,native,-0.5312200486660004,-0.5168627500534058,0,10240,0.0,10,/ceph/sagnihot/projects/Lorena_Contrastive_Representation_Arch/sparse_contrast_benchmark_large_batch/outputs/previews/heldout_val/cifar10/single_color/56ae526b7d21bdac1496debb0e3cebab87a7697c38410e28973d91302c77be85/train_p60.npz
cifar10,single_color,red_contrast,60,native,-0.5168627500534058,-0.5025054514408112,0,10240,0.0,10,/ceph/sagnihot/projects/Lorena_Contrastive_Representation_Arch/sparse_contrast_benchmark_large_batch/outputs/previews/heldout_val/cifar10/single_color/56ae526b7d21bdac1496debb0e3cebab87a7697c38410e28973d91302c77be85/train_p60.npz
cifar10,single_color,red_contrast,60,native,-0.5025054514408112,-0.48814815282821655,0,10240,0.0,10,/ceph/sagnihot/projects/Lorena_Contrastive_Representation_Arch/sparse_contrast_benchmark_large_batch/outputs/previews/heldout_val/cifar10/single_color/56ae526b7d21bdac1496debb0e3cebab87a7697c38410e28973d91302c77be85/train_p60.npz
cifar10,single_color,red_contrast,60,native,-0.48814815282821655,-0.47379085421562195,0,10240,0.0,10,/ceph/sagnihot/projects/Lorena_Contrastive_Representation_Arch/sparse_contrast_benchmark_large_batch/outputs/previews/heldout_val/cifar10/single_color/56ae526b7d21bdac1496debb0e3cebab87a7697c38410e28973d91302c77be85/train_p60.npz
cifar10,single_color,red_contrast,60,native,-0.47379085421562195,-0.45943355560302734,0,10240,0.0,10,/ceph/sagnihot/projects/Lorena_Contrastive_Representation_Arch/sparse_contrast_benchmark_large_batch/outputs/previews/heldout_val/cifar10/single_color/56ae526b7d21bdac1496debb0e3cebab87a7697c38410e28973d91302c77be85/train_p60.npz
cifar10,single_color,red_contrast,60,native,-0.45943355560302734,-0.44507625699043274,0,10240,0.0,10,/ceph/sagnihot/projects/Lorena_Contrastive_Representation_Arch/sparse_contrast_benchmark_large_batch/outputs/previews/heldout_val/cifar10/single_color/56ae526b7d21bdac1496debb0e3cebab87a7697c38410e28973d91302c77be85/train_p60.npz
cifar10,single_color,red_contrast,60,native,-0.44507625699043274,-0.43071895837783813,0,10240,0.0,10,/ceph/sagnihot/projects/Lorena_Contrastive_Representation_Arch/sparse_contrast_benchmark_large_batch/outputs/previews/heldout_val/cifar10/single_color/56ae526b7d21bdac1496debb0e3cebab87a7697c38410e28973d91302c77be85/train_p60.npz
cifar10,single_color,red_contrast,60,native,-0.43071895837783813,-0.41636165976524353,0,10240,0.0,10,/ceph/sagnihot/projects/Lorena_Contrastive_Representation_Arch/sparse_contrast_benchmark_large_batch/outputs/previews/heldout_val/cifar10/single_color/56ae526b7d21bdac1496debb0e3cebab87a7697c38410e28973d91302c77be85/train_p60.npz
cifar10,single_color,red_contrast,60,native,-0.41636165976524353,-0.4020043611526489,0,10240,0.0,10,/ceph/sagnihot/projects/Lorena_Contrastive_Representation_Arch/sparse_contrast_benchmark_large_batch/outputs/previews/heldout_val/cifar10/single_color/56ae526b7d21bdac1496debb0e3cebab87a7697c38410e28973d91302c77be85/train_p60.npz
cifar10,single_color,red_contrast,60,native,-0.4020043611526489,-0.3876470625400543,0,10240,0.0,10,/ceph/sagnihot/projects/Lorena_Contrastive_Representation_Arch/sparse_contrast_benchmark_large_batch/outputs/previews/heldout_val/cifar10/single_color/56ae526b7d21bdac1496debb0e3cebab87a7697c38410e28973d91302c77be85/train_p60.npz
cifar10,single_color,red_contrast,60,native,-0.3876470625400543,-0.3732897639274597,0,10240,0.0,10,/ceph/sagnihot/projects/Lorena_Contrastive_Representation_Arch/sparse_contrast_benchmark_large_batch/outputs/previews/heldout_val/cifar10/single_color/56ae526b7d21bdac1496debb0e3cebab87a7697c38410e28973d91302c77be85/train_p60.npz
cifar10,single_color,red_contrast,60,native,-0.3732897639274597,-0.3589324653148651,0,10240,0.0,10,/ceph/sagnihot/projects/Lorena_Contrastive_Representation_Arch/sparse_contrast_benchmark_large_batch/outputs/previews/heldout_val/cifar10/single_color/56ae526b7d21bdac1496debb0e3cebab87a7697c38410e28973d91302c77be85/train_p60.npz
cifar10,single_color,red_contrast,60,native,-0.3589324653148651,-0.3445751667022705,0,10240,0.0,10,/ceph/sagnihot/projects/Lorena_Contrastive_Representation_Arch/sparse_contrast_benchmark_large_batch/outputs/previews/heldout_val/cifar10/single_color/56ae526b7d21bdac1496debb0e3cebab87a7697c38410e28973d91302c77be85/train_p60.npz
cifar10,single_color,red_contrast,60,native,-0.3445751667022705,-0.3302178680896759,0,10240,0.0,10,/ceph/sagnihot/projects/Lorena_Contrastive_Representation_Arch/sparse_contrast_benchmark_large_batch/outputs/previews/heldout_val/cifar10/single_color/56ae526b7d21bdac1496debb0e3cebab87a7697c38410e28973d91302c77be85/train_p60.npz
cifar10,single_color,red_contrast,60,native,-0.3302178680896759,-0.3158605694770813,0,10240,0.0,10,/ceph/sagnihot/projects/Lorena_Contrastive_Representation_Arch/sparse_contrast_benchmark_large_batch/outputs/previews/heldout_val/cifar10/single_color/56ae526b7d21bdac1496debb0e3cebab87a7697c38410e28973d91302c77be85/train_p60.npz
cifar10,single_color,red_contrast,60,native,-0.3158605694770813,-0.3015032708644867,0,10240,0.0,10,/ceph/sagnihot/projects/Lorena_Contrastive_Representation_Arch/sparse_contrast_benchmark_large_batch/outputs/previews/heldout_val/cifar10/single_color/56ae526b7d21bdac1496debb0e3cebab87a7697c38410e28973d91302c77be85/train_p60.npz
cifar10,single_color,red_contrast,60,native,-0.3015032708644867,-0.2871459722518921,1,10240,9.765625e-05,10,/ceph/sagnihot/projects/Lorena_Contrastive_Representation_Arch/sparse_contrast_benchmark_large_batch/outputs/previews/heldout_val/cifar10/single_color/56ae526b7d21bdac1496debb0e3cebab87a7697c38410e28973d91302c77be85/train_p60.npz
cifar10,single_color,red_contrast,60,native,-0.2871459722518921,-0.2727886736392975,3,10240,0.00029296875,10,/ceph/sagnihot/projects/Lorena_Contrastive_Representation_Arch/sparse_contrast_benchmark_large_batch/outputs/previews/heldout_val/cifar10/single_color/56ae526b7d21bdac1496debb0e3cebab87a7697c38410e28973d91302c77be85/train_p60.npz
cifar10,single_color,red_contrast,60,native,-0.2727886736392975,-0.2584313750267029,4,10240,0.000390625,10,/ceph/sagnihot/projects/Lorena_Contrastive_Representation_Arch/sparse_contrast_benchmark_large_batch/outputs/previews/heldout_val/cifar10/single_color/56ae526b7d21bdac1496debb0e3cebab87a7697c38410e28973d91302c77be85/train_p60.npz
cifar10,single_color,red_contrast,60,native,-0.2584313750267029,-0.24407407641410828,3,10240,0.00029296875,10,/ceph/sagnihot/projects/Lorena_Contrastive_Representation_Arch/sparse_contrast_benchmark_large_batch/outputs/previews/heldout_val/cifar10/single_color/56ae526b7d21bdac1496debb0e3cebab87a7697c38410e28973d91302c77be85/train_p60.npz
cifar10,single_color,red_contrast,60,native,-0.24407407641410828,-0.22971677780151367,2,10240,0.0001953125,10,/ceph/sagnihot/projects/Lorena_Contrastive_Representation_Arch/sparse_contrast_benchmark_large_batch/outputs/previews/heldout_val/cifar10/single_color/56ae526b7d21bdac1496debb0e3cebab87a7697c38410e28973d91302c77be85/train_p60.npz
cifar10,single_color,red_contrast,60,native,-0.22971677780151367,-0.21535947918891907,6,10240,0.0005859375,10,/ceph/sagnihot/projects/Lorena_Contrastive_Representation_Arch/sparse_contrast_benchmark_large_batch/outputs/previews/heldout_val/cifar10/single_color/56ae526b7d21bdac1496debb0e3cebab87a7697c38410e28973d91302c77be85/train_p60.npz
cifar10,single_color,red_contrast,60,native,-0.21535947918891907,-0.20100218057632446,5,10240,0.00048828125,10,/ceph/sagnihot/projects/Lorena_Contrastive_Representation_Arch/sparse_contrast_benchmark_large_batch/outputs/previews/heldout_val/cifar10/single_color/56ae526b7d21bdac1496debb0e3cebab87a7697c38410e28973d91302c77be85/train_p60.npz
cifar10,single_color,red_contrast,60,native,-0.20100218057632446,-0.18664488196372986,9,10240,0.00087890625,10,/ceph/sagnihot/projects/Lorena_Contrastive_Representation_Arch/sparse_contrast_benchmark_large_batch/outputs/previews/heldout_val/cifar10/single_color/56ae526b7d21bdac1496debb0e3cebab87a7697c38410e28973d91302c77be85/train_p60.npz
cifar10,single_color,red_contrast,60,native,-0.18664488196372986,-0.17228758335113525,17,10240,0.00166015625,10,/ceph/sagnihot/projects/Lorena_Contrastive_Representation_Arch/sparse_contrast_benchmark_large_batch/outputs/previews/heldout_val/cifar10/single_color/56ae526b7d21bdac1496debb0e3cebab87a7697c38410e28973d91302c77be85/train_p60.npz
cifar10,single_color,red_contrast,60,native,-0.17228758335113525,-0.15793028473854065,27,10240,0.00263671875,10,/ceph/sagnihot/projects/Lorena_Contrastive_Representation_Arch/sparse_contrast_benchmark_large_batch/outputs/previews/heldout_val/cifar10/single_color/56ae526b7d21bdac1496debb0e3cebab87a7697c38410e28973d91302c77be85/train_p60.npz
cifar10,single_color,red_contrast,60,native,-0.15793028473854065,-0.14357298612594604,38,10240,0.0037109375,10,/ceph/sagnihot/projects/Lorena_Contrastive_Representation_Arch/sparse_contrast_benchmark_large_batch/outputs/previews/heldout_val/cifar10/single_color/56ae526b7d21bdac1496debb0e3cebab87a7697c38410e28973d91302c77be85/train_p60.npz
cifar10,single_color,red_contrast,60,native,-0.14357298612594604,-0.12921568751335144,61,10240,0.00595703125,10,/ceph/sagnihot/projects/Lorena_Contrastive_Representation_Arch/sparse_contrast_benchmark_large_batch/outputs/previews/heldout_val/cifar10/single_color/56ae526b7d21bdac1496debb0e3cebab87a7697c38410e28973d91302c77be85/train_p60.npz
cifar10,single_color,red_contrast,60,native,-0.12921568751335144,-0.11485838890075684,69,10240,0.00673828125,10,/ceph/sagnihot/projects/Lorena_Contrastive_Representation_Arch/sparse_contrast_benchmark_large_batch/outputs/previews/heldout_val/cifar10/single_color/56ae526b7d21bdac1496debb0e3cebab87a7697c38410e28973d91302c77be85/train_p60.npz
cifar10,single_color,red_contrast,60,native,-0.11485838890075684,-0.10050109028816223,105,10240,0.01025390625,10,/ceph/sagnihot/projects/Lorena_Contrastive_Representation_Arch/sparse_contrast_benchmark_large_batch/outputs/previews/heldout_val/cifar10/single_color/56ae526b7d21bdac1496debb0e3cebab87a7697c38410e28973d91302c77be85/train_p60.npz
cifar10,single_color,red_contrast,60,native,-0.10050109028816223,-0.08614379167556763,120,10240,0.01171875,10,/ceph/sagnihot/projects/Lorena_Contrastive_Representation_Arch/sparse_contrast_benchmark_large_batch/outputs/previews/heldout_val/cifar10/single_color/56ae526b7d21bdac1496debb0e3cebab87a7697c38410e28973d91302c77be85/train_p60.npz
cifar10,single_color,red_contrast,60,native,-0.08614379167556763,-0.07178649306297302,191,10240,0.01865234375,10,/ceph/sagnihot/projects/Lorena_Contrastive_Representation_Arch/sparse_contrast_benchmark_large_batch/outputs/previews/heldout_val/cifar10/single_color/56ae526b7d21bdac1496debb0e3cebab87a7697c38410e28973d91302c77be85/train_p60.npz
cifar10,single_color,red_contrast,60,native,-0.07178649306297302,-0.05742919445037842,226,10240,0.0220703125,10,/ceph/sagnihot/projects/Lorena_Contrastive_Representation_Arch/sparse_contrast_benchmark_large_batch/outputs/previews/heldout_val/cifar10/single_color/56ae526b7d21bdac1496debb0e3cebab87a7697c38410e28973d91302c77be85/train_p60.npz
cifar10,single_color,red_contrast,60,native,-0.05742919445037842,-0.043071895837783813,249,10240,0.02431640625,10,/ceph/sagnihot/projects/Lorena_Contrastive_Representation_Arch/sparse_contrast_benchmark_large_batch/outputs/previews/heldout_val/cifar10/single_color/56ae526b7d21bdac1496debb0e3cebab87a7697c38410e28973d91302c77be85/train_p60.npz
cifar10,single_color,red_contrast,60,native,-0.043071895837783813,-0.02871459722518921,281,10240,0.02744140625,10,/ceph/sagnihot/projects/Lorena_Contrastive_Representation_Arch/sparse_contrast_benchmark_large_batch/outputs/previews/heldout_val/cifar10/single_color/56ae526b7d21bdac1496debb0e3cebab87a7697c38410e28973d91302c77be85/train_p60.npz
cifar10,single_color,red_contrast,60,native,-0.02871459722518921,-0.014357298612594604,124,10240,0.012109375,10,/ceph/sagnihot/projects/Lorena_Contrastive_Representation_Arch/sparse_contrast_benchmark_large_batch/outputs/previews/heldout_val/cifar10/single_color/56ae526b7d21bdac1496debb0e3cebab87a7697c38410e28973d91302c77be85/train_p60.npz
cifar10,single_color,red_contrast,60,native,-0.014357298612594604,0.0,11,10240,0.00107421875,10,/ceph/sagnihot/projects/Lorena_Contrastive_Representation_Arch/sparse_contrast_benchmark_large_batch/outputs/previews/heldout_val/cifar10/single_color/56ae526b7d21bdac1496debb0e3cebab87a7697c38410e28973d91302c77be85/train_p60.npz
cifar10,single_color,red_contrast,60,native,0.0,0.014357298612594604,6048,10240,0.590625,10,/ceph/sagnihot/projects/Lorena_Contrastive_Representation_Arch/sparse_contrast_benchmark_large_batch/outputs/previews/heldout_val/cifar10/single_color/56ae526b7d21bdac1496debb0e3cebab87a7697c38410e28973d91302c77be85/train_p60.npz
cifar10,single_color,red_contrast,60,native,0.014357298612594604,0.02871459722518921,98,10240,0.0095703125,10,/ceph/sagnihot/projects/Lorena_Contrastive_Representation_Arch/sparse_contrast_benchmark_large_batch/outputs/previews/heldout_val/cifar10/single_color/56ae526b7d21bdac1496debb0e3cebab87a7697c38410e28973d91302c77be85/train_p60.npz
cifar10,single_color,red_contrast,60,native,0.02871459722518921,0.043071895837783813,319,10240,0.03115234375,10,/ceph/sagnihot/projects/Lorena_Contrastive_Representation_Arch/sparse_contrast_benchmark_large_batch/outputs/previews/heldout_val/cifar10/single_color/56ae526b7d21bdac1496debb0e3cebab87a7697c38410e28973d91302c77be85/train_p60.npz
cifar10,single_color,red_contrast,60,native,0.043071895837783813,0.05742919445037842,300,10240,0.029296875,10,/ceph/sagnihot/projects/Lorena_Contrastive_Representation_Arch/sparse_contrast_benchmark_large_batch/outputs/previews/heldout_val/cifar10/single_color/56ae526b7d21bdac1496debb0e3cebab87a7697c38410e28973d91302c77be85/train_p60.npz
cifar10,single_color,red_contrast,60,native,0.05742919445037842,0.07178649306297302,317,10240,0.03095703125,10,/ceph/sagnihot/projects/Lorena_Contrastive_Representation_Arch/sparse_contrast_benchmark_large_batch/outputs/previews/heldout_val/cifar10/single_color/56ae526b7d21bdac1496debb0e3cebab87a7697c38410e28973d91302c77be85/train_p60.npz
cifar10,single_color,red_contrast,60,native,0.07178649306297302,0.08614379167556763,312,10240,0.03046875,10,/ceph/sagnihot/projects/Lorena_Contrastive_Representation_Arch/sparse_contrast_benchmark_large_batch/outputs/previews/heldout_val/cifar10/single_color/56ae526b7d21bdac1496debb0e3cebab87a7697c38410e28973d91302c77be85/train_p60.npz
cifar10,single_color,red_contrast,60,native,0.08614379167556763,0.10050109028816223,214,10240,0.0208984375,10,/ceph/sagnihot/projects/Lorena_Contrastive_Representation_Arch/sparse_contrast_benchmark_large_batch/outputs/previews/heldout_val/cifar10/single_color/56ae526b7d21bdac1496debb0e3cebab87a7697c38410e28973d91302c77be85/train_p60.npz
cifar10,single_color,red_contrast,60,native,0.10050109028816223,0.11485838890075684,142,10240,0.0138671875,10,/ceph/sagnihot/projects/Lorena_Contrastive_Representation_Arch/sparse_contrast_benchmark_large_batch/outputs/previews/heldout_val/cifar10/single_color/56ae526b7d21bdac1496debb0e3cebab87a7697c38410e28973d91302c77be85/train_p60.npz
cifar10,single_color,red_contrast,60,native,0.11485838890075684,0.12921568751335144,86,10240,0.0083984375,10,/ceph/sagnihot/projects/Lorena_Contrastive_Representation_Arch/sparse_contrast_benchmark_large_batch/outputs/previews/heldout_val/cifar10/single_color/56ae526b7d21bdac1496debb0e3cebab87a7697c38410e28973d91302c77be85/train_p60.npz
cifar10,single_color,red_contrast,60,native,0.12921568751335144,0.14357298612594604,90,10240,0.0087890625,10,/ceph/sagnihot/projects/Lorena_Contrastive_Representation_Arch/sparse_contrast_benchmark_large_batch/outputs/previews/heldout_val/cifar10/single_color/56ae526b7d21bdac1496debb0e3cebab87a7697c38410e28973d91302c77be85/train_p60.npz
cifar10,single_color,red_contrast,60,native,0.14357298612594604,0.15793028473854065,64,10240,0.00625,10,/ceph/sagnihot/projects/Lorena_Contrastive_Representation_Arch/sparse_contrast_benchmark_large_batch/outputs/previews/heldout_val/cifar10/single_color/56ae526b7d21bdac1496debb0e3cebab87a7697c38410e28973d91302c77be85/train_p60.npz
cifar10,single_color,red_contrast,60,native,0.15793028473854065,0.17228758335113525,118,10240,0.0115234375,10,/ceph/sagnihot/projects/Lorena_Contrastive_Representation_Arch/sparse_contrast_benchmark_large_batch/outputs/previews/heldout_val/cifar10/single_color/56ae526b7d21bdac1496debb0e3cebab87a7697c38410e28973d91302c77be85/train_p60.npz
cifar10,single_color,red_contrast,60,native,0.17228758335113525,0.18664488196372986,104,10240,0.01015625,10,/ceph/sagnihot/projects/Lorena_Contrastive_Representation_Arch/sparse_contrast_benchmark_large_batch/outputs/previews/heldout_val/cifar10/single_color/56ae526b7d21bdac1496debb0e3cebab87a7697c38410e28973d91302c77be85/train_p60.npz
cifar10,single_color,red_contrast,60,native,0.18664488196372986,0.20100218057632446,60,10240,0.005859375,10,/ceph/sagnihot/projects/Lorena_Contrastive_Representation_Arch/sparse_contrast_benchmark_large_batch/outputs/previews/heldout_val/cifar10/single_color/56ae526b7d21bdac1496debb0e3cebab87a7697c38410e28973d91302c77be85/train_p60.npz
cifar10,single_color,red_contrast,60,native,0.20100218057632446,0.21535947918891907,34,10240,0.0033203125,10,/ceph/sagnihot/projects/Lorena_Contrastive_Representation_Arch/sparse_contrast_benchmark_large_batch/outputs/previews/heldout_val/cifar10/single_color/56ae526b7d21bdac1496debb0e3cebab87a7697c38410e28973d91302c77be85/train_p60.npz
cifar10,single_color,red_contrast,60,native,0.21535947918891907,0.22971677780151367,31,10240,0.00302734375,10,/ceph/sagnihot/projects/Lorena_Contrastive_Representation_Arch/sparse_contrast_benchmark_large_batch/outputs/previews/heldout_val/cifar10/single_color/56ae526b7d21bdac1496debb0e3cebab87a7697c38410e28973d91302c77be85/train_p60.npz
cifar10,single_color,red_contrast,60,native,0.22971677780151367,0.24407407641410828,26,10240,0.0025390625,10,/ceph/sagnihot/projects/Lorena_Contrastive_Representation_Arch/sparse_contrast_benchmark_large_batch/outputs/previews/heldout_val/cifar10/single_color/56ae526b7d21bdac1496debb0e3cebab87a7697c38410e28973d91302c77be85/train_p60.npz
cifar10,single_color,red_contrast,60,native,0.24407407641410828,0.2584313750267029,18,10240,0.0017578125,10,/ceph/sagnihot/projects/Lorena_Contrastive_Representation_Arch/sparse_contrast_benchmark_large_batch/outputs/previews/heldout_val/cifar10/single_color/56ae526b7d21bdac1496debb0e3cebab87a7697c38410e28973d91302c77be85/train_p60.npz
cifar10,single_color,red_contrast,60,native,0.2584313750267029,0.2727886736392975,11,10240,0.00107421875,10,/ceph/sagnihot/projects/Lorena_Contrastive_Representation_Arch/sparse_contrast_benchmark_large_batch/outputs/previews/heldout_val/cifar10/single_color/56ae526b7d21bdac1496debb0e3cebab87a7697c38410e28973d91302c77be85/train_p60.npz
cifar10,single_color,red_contrast,60,native,0.2727886736392975,0.2871459722518921,12,10240,0.001171875,10,/ceph/sagnihot/projects/Lorena_Contrastive_Representation_Arch/sparse_contrast_benchmark_large_batch/outputs/previews/heldout_val/cifar10/single_color/56ae526b7d21bdac1496debb0e3cebab87a7697c38410e28973d91302c77be85/train_p60.npz
cifar10,single_color,red_contrast,60,native,0.2871459722518921,0.3015032708644867,13,10240,0.00126953125,10,/ceph/sagnihot/projects/Lorena_Contrastive_Representation_Arch/sparse_contrast_benchmark_large_batch/outputs/previews/heldout_val/cifar10/single_color/56ae526b7d21bdac1496debb0e3cebab87a7697c38410e28973d91302c77be85/train_p60.npz
cifar10,single_color,red_contrast,60,native,0.3015032708644867,0.3158605694770813,18,10240,0.0017578125,10,/ceph/sagnihot/projects/Lorena_Contrastive_Representation_Arch/sparse_contrast_benchmark_large_batch/outputs/previews/heldout_val/cifar10/single_color/56ae526b7d21bdac1496debb0e3cebab87a7697c38410e28973d91302c77be85/train_p60.npz
cifar10,single_color,red_contrast,60,native,0.3158605694770813,0.3302178680896759,34,10240,0.0033203125,10,/ceph/sagnihot/projects/Lorena_Contrastive_Representation_Arch/sparse_contrast_benchmark_large_batch/outputs/previews/heldout_val/cifar10/single_color/56ae526b7d21bdac1496debb0e3cebab87a7697c38410e28973d91302c77be85/train_p60.npz
cifar10,single_color,red_contrast,60,native,0.3302178680896759,0.3445751667022705,109,10240,0.01064453125,10,/ceph/sagnihot/projects/Lorena_Contrastive_Representation_Arch/sparse_contrast_benchmark_large_batch/outputs/previews/heldout_val/cifar10/single_color/56ae526b7d21bdac1496debb0e3cebab87a7697c38410e28973d91302c77be85/train_p60.npz
cifar10,single_color,red_contrast,60,native,0.3445751667022705,0.3589324653148651,28,10240,0.002734375,10,/ceph/sagnihot/projects/Lorena_Contrastive_Representation_Arch/sparse_contrast_benchmark_large_batch/outputs/previews/heldout_val/cifar10/single_color/56ae526b7d21bdac1496debb0e3cebab87a7697c38410e28973d91302c77be85/train_p60.npz
cifar10,single_color,red_contrast,60,native,0.3589324653148651,0.3732897639274597,11,10240,0.00107421875,10,/ceph/sagnihot/projects/Lorena_Contrastive_Representation_Arch/sparse_contrast_benchmark_large_batch/outputs/previews/heldout_val/cifar10/single_color/56ae526b7d21bdac1496debb0e3cebab87a7697c38410e28973d91302c77be85/train_p60.npz
cifar10,single_color,red_contrast,60,native,0.3732897639274597,0.3876470625400543,14,10240,0.0013671875,10,/ceph/sagnihot/projects/Lorena_Contrastive_Representation_Arch/sparse_contrast_benchmark_large_batch/outputs/previews/heldout_val/cifar10/single_color/56ae526b7d21bdac1496debb0e3cebab87a7697c38410e28973d91302c77be85/train_p60.npz
cifar10,single_color,red_contrast,60,native,0.3876470625400543,0.4020043611526489,14,10240,0.0013671875,10,/ceph/sagnihot/projects/Lorena_Contrastive_Representation_Arch/sparse_contrast_benchmark_large_batch/outputs/previews/heldout_val/cifar10/single_color/56ae526b7d21bdac1496debb0e3cebab87a7697c38410e28973d91302c77be85/train_p60.npz
cifar10,single_color,red_contrast,60,native,0.4020043611526489,0.41636165976524353,8,10240,0.00078125,10,/ceph/sagnihot/projects/Lorena_Contrastive_Representation_Arch/sparse_contrast_benchmark_large_batch/outputs/previews/heldout_val/cifar10/single_color/56ae526b7d21bdac1496debb0e3cebab87a7697c38410e28973d91302c77be85/train_p60.npz
cifar10,single_color,red_contrast,60,native,0.41636165976524353,0.43071895837783813,7,10240,0.00068359375,10,/ceph/sagnihot/projects/Lorena_Contrastive_Representation_Arch/sparse_contrast_benchmark_large_batch/outputs/previews/heldout_val/cifar10/single_color/56ae526b7d21bdac1496debb0e3cebab87a7697c38410e28973d91302c77be85/train_p60.npz
cifar10,single_color,red_contrast,60,native,0.43071895837783813,0.44507625699043274,5,10240,0.00048828125,10,/ceph/sagnihot/projects/Lorena_Contrastive_Representation_Arch/sparse_contrast_benchmark_large_batch/outputs/previews/heldout_val/cifar10/single_color/56ae526b7d21bdac1496debb0e3cebab87a7697c38410e28973d91302c77be85/train_p60.npz
cifar10,single_color,red_contrast,60,native,0.44507625699043274,0.45943355560302734,9,10240,0.00087890625,10,/ceph/sagnihot/projects/Lorena_Contrastive_Representation_Arch/sparse_contrast_benchmark_large_batch/outputs/previews/heldout_val/cifar10/single_color/56ae526b7d21bdac1496debb0e3cebab87a7697c38410e28973d91302c77be85/train_p60.npz
cifar10,single_color,red_contrast,60,native,0.45943355560302734,0.47379085421562195,2,10240,0.0001953125,10,/ceph/sagnihot/projects/Lorena_Contrastive_Representation_Arch/sparse_contrast_benchmark_large_batch/outputs/previews/heldout_val/cifar10/single_color/56ae526b7d21bdac1496debb0e3cebab87a7697c38410e28973d91302c77be85/train_p60.npz
cifar10,single_color,red_contrast,60,native,0.47379085421562195,0.48814815282821655,1,10240,9.765625e-05,10,/ceph/sagnihot/projects/Lorena_Contrastive_Representation_Arch/sparse_contrast_benchmark_large_batch/outputs/previews/heldout_val/cifar10/single_color/56ae526b7d21bdac1496debb0e3cebab87a7697c38410e28973d91302c77be85/train_p60.npz
cifar10,single_color,red_contrast,60,native,0.48814815282821655,0.5025054514408112,1,10240,9.765625e-05,10,/ceph/sagnihot/projects/Lorena_Contrastive_Representation_Arch/sparse_contrast_benchmark_large_batch/outputs/previews/heldout_val/cifar10/single_color/56ae526b7d21bdac1496debb0e3cebab87a7697c38410e28973d91302c77be85/train_p60.npz
cifar10,single_color,red_contrast,60,native,0.5025054514408112,0.5168627500534058,1,10240,9.765625e-05,10,/ceph/sagnihot/projects/Lorena_Contrastive_Representation_Arch/sparse_contrast_benchmark_large_batch/outputs/previews/heldout_val/cifar10/single_color/56ae526b7d21bdac1496debb0e3cebab87a7697c38410e28973d91302c77be85/train_p60.npz
cifar10,single_color,red_contrast,60,native,0.5168627500534058,0.5312200486660004,0,10240,0.0,10,/ceph/sagnihot/projects/Lorena_Contrastive_Representation_Arch/sparse_contrast_benchmark_large_batch/outputs/previews/heldout_val/cifar10/single_color/56ae526b7d21bdac1496debb0e3cebab87a7697c38410e28973d91302c77be85/train_p60.npz
cifar10,single_color,red_contrast,60,native,0.5312200486660004,0.545577347278595,1,10240,9.765625e-05,10,/ceph/sagnihot/projects/Lorena_Contrastive_Representation_Arch/sparse_contrast_benchmark_large_batch/outputs/previews/heldout_val/cifar10/single_color/56ae526b7d21bdac1496debb0e3cebab87a7697c38410e28973d91302c77be85/train_p60.npz
cifar10,single_color,red_contrast,60,native,0.545577347278595,0.5599346458911896,7,10240,0.00068359375,10,/ceph/sagnihot/projects/Lorena_Contrastive_Representation_Arch/sparse_contrast_benchmark_large_batch/outputs/previews/heldout_val/cifar10/single_color/56ae526b7d21bdac1496debb0e3cebab87a7697c38410e28973d91302c77be85/train_p60.npz
cifar10,single_color,red_contrast,60,native,0.5599346458911896,0.5742919445037842,1,10240,9.765625e-05,10,/ceph/sagnihot/projects/Lorena_Contrastive_Representation_Arch/sparse_contrast_benchmark_large_batch/outputs/previews/heldout_val/cifar10/single_color/56ae526b7d21bdac1496debb0e3cebab87a7697c38410e28973d91302c77be85/train_p60.npz
cifar10,single_color,red_contrast,60,normalized,-6.4692206382751465,-6.307490122318268,0,10240,0.0,10,/ceph/sagnihot/projects/Lorena_Contrastive_Representation_Arch/sparse_contrast_benchmark_large_batch/outputs/previews/heldout_val/cifar10/single_color/56ae526b7d21bdac1496debb0e3cebab87a7697c38410e28973d91302c77be85/train_p60.npz
cifar10,single_color,red_contrast,60,normalized,-6.307490122318268,-6.1457596063613895,0,10240,0.0,10,/ceph/sagnihot/projects/Lorena_Contrastive_Representation_Arch/sparse_contrast_benchmark_large_batch/outputs/previews/heldout_val/cifar10/single_color/56ae526b7d21bdac1496debb0e3cebab87a7697c38410e28973d91302c77be85/train_p60.npz
cifar10,single_color,red_contrast,60,normalized,-6.1457596063613895,-5.98402909040451,0,10240,0.0,10,/ceph/sagnihot/projects/Lorena_Contrastive_Representation_Arch/sparse_contrast_benchmark_large_batch/outputs/previews/heldout_val/cifar10/single_color/56ae526b7d21bdac1496debb0e3cebab87a7697c38410e28973d91302c77be85/train_p60.npz
cifar10,single_color,red_contrast,60,normalized,-5.98402909040451,-5.822298574447632,0,10240,0.0,10,/ceph/sagnihot/projects/Lorena_Contrastive_Representation_Arch/sparse_contrast_benchmark_large_batch/outputs/previews/heldout_val/cifar10/single_color/56ae526b7d21bdac1496debb0e3cebab87a7697c38410e28973d91302c77be85/train_p60.npz
cifar10,single_color,red_contrast,60,normalized,-5.822298574447632,-5.660568058490753,0,10240,0.0,10,/ceph/sagnihot/projects/Lorena_Contrastive_Representation_Arch/sparse_contrast_benchmark_large_batch/outputs/previews/heldout_val/cifar10/single_color/56ae526b7d21bdac1496debb0e3cebab87a7697c38410e28973d91302c77be85/train_p60.npz
cifar10,single_color,red_contrast,60,normalized,-5.660568058490753,-5.498837542533875,0,10240,0.0,10,/ceph/sagnihot/projects/Lorena_Contrastive_Representation_Arch/sparse_contrast_benchmark_large_batch/outputs/previews/heldout_val/cifar10/single_color/56ae526b7d21bdac1496debb0e3cebab87a7697c38410e28973d91302c77be85/train_p60.npz
cifar10,single_color,red_contrast,60,normalized,-5.498837542533875,-5.337107026576996,0,10240,0.0,10,/ceph/sagnihot/projects/Lorena_Contrastive_Representation_Arch/sparse_contrast_benchmark_large_batch/outputs/previews/heldout_val/cifar10/single_color/56ae526b7d21bdac1496debb0e3cebab87a7697c38410e28973d91302c77be85/train_p60.npz
cifar10,single_color,red_contrast,60,normalized,-5.337107026576996,-5.175376510620117,0,10240,0.0,10,/ceph/sagnihot/projects/Lorena_Contrastive_Representation_Arch/sparse_contrast_benchmark_large_batch/outputs/previews/heldout_val/cifar10/single_color/56ae526b7d21bdac1496debb0e3cebab87a7697c38410e28973d91302c77be85/train_p60.npz
cifar10,single_color,red_contrast,60,normalized,-5.175376510620117,-5.013645994663238,0,10240,0.0,10,/ceph/sagnihot/projects/Lorena_Contrastive_Representation_Arch/sparse_contrast_benchmark_large_batch/outputs/previews/heldout_val/cifar10/single_color/56ae526b7d21bdac1496debb0e3cebab87a7697c38410e28973d91302c77be85/train_p60.npz
cifar10,single_color,red_contrast,60,normalized,-5.013645994663238,-4.85191547870636,0,10240,0.0,10,/ceph/sagnihot/projects/Lorena_Contrastive_Representation_Arch/sparse_contrast_benchmark_large_batch/outputs/previews/heldout_val/cifar10/single_color/56ae526b7d21bdac1496debb0e3cebab87a7697c38410e28973d91302c77be85/train_p60.npz
cifar10,single_color,red_contrast,60,normalized,-4.85191547870636,-4.690184962749481,0,10240,0.0,10,/ceph/sagnihot/projects/Lorena_Contrastive_Representation_Arch/sparse_contrast_benchmark_large_batch/outputs/previews/heldout_val/cifar10/single_color/56ae526b7d21bdac1496debb0e3cebab87a7697c38410e28973d91302c77be85/train_p60.npz
cifar10,single_color,red_contrast,60,normalized,-4.690184962749481,-4.528454446792603,0,10240,0.0,10,/ceph/sagnihot/projects/Lorena_Contrastive_Representation_Arch/sparse_contrast_benchmark_large_batch/outputs/previews/heldout_val/cifar10/single_color/56ae526b7d21bdac1496debb0e3cebab87a7697c38410e28973d91302c77be85/train_p60.npz
cifar10,single_color,red_contrast,60,normalized,-4.528454446792603,-4.3667239308357235,0,10240,0.0,10,/ceph/sagnihot/projects/Lorena_Contrastive_Representation_Arch/sparse_contrast_benchmark_large_batch/outputs/previews/heldout_val/cifar10/single_color/56ae526b7d21bdac1496debb0e3cebab87a7697c38410e28973d91302c77be85/train_p60.npz
cifar10,single_color,red_contrast,60,normalized,-4.3667239308357235,-4.204993414878846,0,10240,0.0,10,/ceph/sagnihot/projects/Lorena_Contrastive_Representation_Arch/sparse_contrast_benchmark_large_batch/outputs/previews/heldout_val/cifar10/single_color/56ae526b7d21bdac1496debb0e3cebab87a7697c38410e28973d91302c77be85/train_p60.npz
cifar10,single_color,red_contrast,60,normalized,-4.204993414878846,-4.0432628989219666,0,10240,0.0,10,/ceph/sagnihot/projects/Lorena_Contrastive_Representation_Arch/sparse_contrast_benchmark_large_batch/outputs/previews/heldout_val/cifar10/single_color/56ae526b7d21bdac1496debb0e3cebab87a7697c38410e28973d91302c77be85/train_p60.npz
cifar10,single_color,red_contrast,60,normalized,-4.0432628989219666,-3.881532382965088,0,10240,0.0,10,/ceph/sagnihot/projects/Lorena_Contrastive_Representation_Arch/sparse_contrast_benchmark_large_batch/outputs/previews/heldout_val/cifar10/single_color/56ae526b7d21bdac1496debb0e3cebab87a7697c38410e28973d91302c77be85/train_p60.npz
cifar10,single_color,red_contrast,60,normalized,-3.881532382965088,-3.7198018670082096,0,10240,0.0,10,/ceph/sagnihot/projects/Lorena_Contrastive_Representation_Arch/sparse_contrast_benchmark_large_batch/outputs/previews/heldout_val/cifar10/single_color/56ae526b7d21bdac1496debb0e3cebab87a7697c38410e28973d91302c77be85/train_p60.npz
cifar10,single_color,red_contrast,60,normalized,-3.7198018670082096,-3.5580713510513307,2,10240,0.0001953125,10,/ceph/sagnihot/projects/Lorena_Contrastive_Representation_Arch/sparse_contrast_benchmark_large_batch/outputs/previews/heldout_val/cifar10/single_color/56ae526b7d21bdac1496debb0e3cebab87a7697c38410e28973d91302c77be85/train_p60.npz
cifar10,single_color,red_contrast,60,normalized,-3.5580713510513307,-3.396340835094452,2,10240,0.0001953125,10,/ceph/sagnihot/projects/Lorena_Contrastive_Representation_Arch/sparse_contrast_benchmark_large_batch/outputs/previews/heldout_val/cifar10/single_color/56ae526b7d21bdac1496debb0e3cebab87a7697c38410e28973d91302c77be85/train_p60.npz
cifar10,single_color,red_contrast,60,normalized,-3.396340835094452,-3.2346103191375732,4,10240,0.000390625,10,/ceph/sagnihot/projects/Lorena_Contrastive_Representation_Arch/sparse_contrast_benchmark_large_batch/outputs/previews/heldout_val/cifar10/single_color/56ae526b7d21bdac1496debb0e3cebab87a7697c38410e28973d91302c77be85/train_p60.npz
cifar10,single_color,red_contrast,60,normalized,-3.2346103191375732,-3.0728798031806948,3,10240,0.00029296875,10,/ceph/sagnihot/projects/Lorena_Contrastive_Representation_Arch/sparse_contrast_benchmark_large_batch/outputs/previews/heldout_val/cifar10/single_color/56ae526b7d21bdac1496debb0e3cebab87a7697c38410e28973d91302c77be85/train_p60.npz
cifar10,single_color,red_contrast,60,normalized,-3.0728798031806948,-2.9111492872238163,2,10240,0.0001953125,10,/ceph/sagnihot/projects/Lorena_Contrastive_Representation_Arch/sparse_contrast_benchmark_large_batch/outputs/previews/heldout_val/cifar10/single_color/56ae526b7d21bdac1496debb0e3cebab87a7697c38410e28973d91302c77be85/train_p60.npz
cifar10,single_color,red_contrast,60,normalized,-2.9111492872238163,-2.7494187712669373,6,10240,0.0005859375,10,/ceph/sagnihot/projects/Lorena_Contrastive_Representation_Arch/sparse_contrast_benchmark_large_batch/outputs/previews/heldout_val/cifar10/single_color/56ae526b7d21bdac1496debb0e3cebab87a7697c38410e28973d91302c77be85/train_p60.npz
cifar10,single_color,red_contrast,60,normalized,-2.7494187712669373,-2.587688255310059,6,10240,0.0005859375,10,/ceph/sagnihot/projects/Lorena_Contrastive_Representation_Arch/sparse_contrast_benchmark_large_batch/outputs/previews/heldout_val/cifar10/single_color/56ae526b7d21bdac1496debb0e3cebab87a7697c38410e28973d91302c77be85/train_p60.npz
cifar10,single_color,red_contrast,60,normalized,-2.587688255310059,-2.42595773935318,8,10240,0.00078125,10,/ceph/sagnihot/projects/Lorena_Contrastive_Representation_Arch/sparse_contrast_benchmark_large_batch/outputs/previews/heldout_val/cifar10/single_color/56ae526b7d21bdac1496debb0e3cebab87a7697c38410e28973d91302c77be85/train_p60.npz
cifar10,single_color,red_contrast,60,normalized,-2.42595773935318,-2.2642272233963014,16,10240,0.0015625,10,/ceph/sagnihot/projects/Lorena_Contrastive_Representation_Arch/sparse_contrast_benchmark_large_batch/outputs/previews/heldout_val/cifar10/single_color/56ae526b7d21bdac1496debb0e3cebab87a7697c38410e28973d91302c77be85/train_p60.npz
cifar10,single_color,red_contrast,60,normalized,-2.2642272233963014,-2.102496707439423,22,10240,0.0021484375,10,/ceph/sagnihot/projects/Lorena_Contrastive_Representation_Arch/sparse_contrast_benchmark_large_batch/outputs/previews/heldout_val/cifar10/single_color/56ae526b7d21bdac1496debb0e3cebab87a7697c38410e28973d91302c77be85/train_p60.npz
cifar10,single_color,red_contrast,60,normalized,-2.102496707439423,-1.9407661914825445,39,10240,0.00380859375,10,/ceph/sagnihot/projects/Lorena_Contrastive_Representation_Arch/sparse_contrast_benchmark_large_batch/outputs/previews/heldout_val/cifar10/single_color/56ae526b7d21bdac1496debb0e3cebab87a7697c38410e28973d91302c77be85/train_p60.npz
cifar10,single_color,red_contrast,60,normalized,-1.9407661914825445,-1.779035675525666,57,10240,0.00556640625,10,/ceph/sagnihot/projects/Lorena_Contrastive_Representation_Arch/sparse_contrast_benchmark_large_batch/outputs/previews/heldout_val/cifar10/single_color/56ae526b7d21bdac1496debb0e3cebab87a7697c38410e28973d91302c77be85/train_p60.npz
cifar10,single_color,red_contrast,60,normalized,-1.779035675525666,-1.6173051595687866,64,10240,0.00625,10,/ceph/sagnihot/projects/Lorena_Contrastive_Representation_Arch/sparse_contrast_benchmark_large_batch/outputs/previews/heldout_val/cifar10/single_color/56ae526b7d21bdac1496debb0e3cebab87a7697c38410e28973d91302c77be85/train_p60.npz
cifar10,single_color,red_contrast,60,normalized,-1.6173051595687866,-1.4555746436119081,87,10240,0.00849609375,10,/ceph/sagnihot/projects/Lorena_Contrastive_Representation_Arch/sparse_contrast_benchmark_large_batch/outputs/previews/heldout_val/cifar10/single_color/56ae526b7d21bdac1496debb0e3cebab87a7697c38410e28973d91302c77be85/train_p60.npz
cifar10,single_color,red_contrast,60,normalized,-1.4555746436119081,-1.2938441276550297,113,10240,0.01103515625,10,/ceph/sagnihot/projects/Lorena_Contrastive_Representation_Arch/sparse_contrast_benchmark_large_batch/outputs/previews/heldout_val/cifar10/single_color/56ae526b7d21bdac1496debb0e3cebab87a7697c38410e28973d91302c77be85/train_p60.npz
cifar10,single_color,red_contrast,60,normalized,-1.2938441276550297,-1.1321136116981512,170,10240,0.0166015625,10,/ceph/sagnihot/projects/Lorena_Contrastive_Representation_Arch/sparse_contrast_benchmark_large_batch/outputs/previews/heldout_val/cifar10/single_color/56ae526b7d21bdac1496debb0e3cebab87a7697c38410e28973d91302c77be85/train_p60.npz
cifar10,single_color,red_contrast,60,normalized,-1.1321136116981512,-0.9703830957412727,206,10240,0.0201171875,10,/ceph/sagnihot/projects/Lorena_Contrastive_Representation_Arch/sparse_contrast_benchmark_large_batch/outputs/previews/heldout_val/cifar10/single_color/56ae526b7d21bdac1496debb0e3cebab87a7697c38410e28973d91302c77be85/train_p60.npz
cifar10,single_color,red_contrast,60,normalized,-0.9703830957412727,-0.8086525797843933,251,10240,0.02451171875,10,/ceph/sagnihot/projects/Lorena_Contrastive_Representation_Arch/sparse_contrast_benchmark_large_batch/outputs/previews/heldout_val/cifar10/single_color/56ae526b7d21bdac1496debb0e3cebab87a7697c38410e28973d91302c77be85/train_p60.npz
cifar10,single_color,red_contrast,60,normalized,-0.8086525797843933,-0.6469220638275148,227,10240,0.02216796875,10,/ceph/sagnihot/projects/Lorena_Contrastive_Representation_Arch/sparse_contrast_benchmark_large_batch/outputs/previews/heldout_val/cifar10/single_color/56ae526b7d21bdac1496debb0e3cebab87a7697c38410e28973d91302c77be85/train_p60.npz
cifar10,single_color,red_contrast,60,normalized,-0.6469220638275148,-0.48519154787063634,232,10240,0.02265625,10,/ceph/sagnihot/projects/Lorena_Contrastive_Representation_Arch/sparse_contrast_benchmark_large_batch/outputs/previews/heldout_val/cifar10/single_color/56ae526b7d21bdac1496debb0e3cebab87a7697c38410e28973d91302c77be85/train_p60.npz
cifar10,single_color,red_contrast,60,normalized,-0.48519154787063634,-0.32346103191375786,35,10240,0.00341796875,10,/ceph/sagnihot/projects/Lorena_Contrastive_Representation_Arch/sparse_contrast_benchmark_large_batch/outputs/previews/heldout_val/cifar10/single_color/56ae526b7d21bdac1496debb0e3cebab87a7697c38410e28973d91302c77be85/train_p60.npz
cifar10,single_color,red_contrast,60,normalized,-0.32346103191375786,-0.16173051595687937,6042,10240,0.5900390625,10,/ceph/sagnihot/projects/Lorena_Contrastive_Representation_Arch/sparse_contrast_benchmark_large_batch/outputs/previews/heldout_val/cifar10/single_color/56ae526b7d21bdac1496debb0e3cebab87a7697c38410e28973d91302c77be85/train_p60.npz
cifar10,single_color,red_contrast,60,normalized,-0.16173051595687937,0.0,25,10240,0.00244140625,10,/ceph/sagnihot/projects/Lorena_Contrastive_Representation_Arch/sparse_contrast_benchmark_large_batch/outputs/previews/heldout_val/cifar10/single_color/56ae526b7d21bdac1496debb0e3cebab87a7697c38410e28973d91302c77be85/train_p60.npz
cifar10,single_color,red_contrast,60,normalized,0.0,0.16173051595687848,217,10240,0.02119140625,10,/ceph/sagnihot/projects/Lorena_Contrastive_Representation_Arch/sparse_contrast_benchmark_large_batch/outputs/previews/heldout_val/cifar10/single_color/56ae526b7d21bdac1496debb0e3cebab87a7697c38410e28973d91302c77be85/train_p60.npz
cifar10,single_color,red_contrast,60,normalized,0.16173051595687848,0.32346103191375697,281,10240,0.02744140625,10,/ceph/sagnihot/projects/Lorena_Contrastive_Representation_Arch/sparse_contrast_benchmark_large_batch/outputs/previews/heldout_val/cifar10/single_color/56ae526b7d21bdac1496debb0e3cebab87a7697c38410e28973d91302c77be85/train_p60.npz
cifar10,single_color,red_contrast,60,normalized,0.32346103191375697,0.48519154787063545,315,10240,0.03076171875,10,/ceph/sagnihot/projects/Lorena_Contrastive_Representation_Arch/sparse_contrast_benchmark_large_batch/outputs/previews/heldout_val/cifar10/single_color/56ae526b7d21bdac1496debb0e3cebab87a7697c38410e28973d91302c77be85/train_p60.npz
cifar10,single_color,red_contrast,60,normalized,0.48519154787063545,0.6469220638275139,292,10240,0.028515625,10,/ceph/sagnihot/projects/Lorena_Contrastive_Representation_Arch/sparse_contrast_benchmark_large_batch/outputs/previews/heldout_val/cifar10/single_color/56ae526b7d21bdac1496debb0e3cebab87a7697c38410e28973d91302c77be85/train_p60.npz
cifar10,single_color,red_contrast,60,normalized,0.6469220638275139,0.8086525797843924,293,10240,0.02861328125,10,/ceph/sagnihot/projects/Lorena_Contrastive_Representation_Arch/sparse_contrast_benchmark_large_batch/outputs/previews/heldout_val/cifar10/single_color/56ae526b7d21bdac1496debb0e3cebab87a7697c38410e28973d91302c77be85/train_p60.npz
cifar10,single_color,red_contrast,60,normalized,0.8086525797843924,0.9703830957412718,172,10240,0.016796875,10,/ceph/sagnihot/projects/Lorena_Contrastive_Representation_Arch/sparse_contrast_benchmark_large_batch/outputs/previews/heldout_val/cifar10/single_color/56ae526b7d21bdac1496debb0e3cebab87a7697c38410e28973d91302c77be85/train_p60.npz
cifar10,single_color,red_contrast,60,normalized,0.9703830957412718,1.1321136116981503,132,10240,0.012890625,10,/ceph/sagnihot/projects/Lorena_Contrastive_Representation_Arch/sparse_contrast_benchmark_large_batch/outputs/previews/heldout_val/cifar10/single_color/56ae526b7d21bdac1496debb0e3cebab87a7697c38410e28973d91302c77be85/train_p60.npz
cifar10,single_color,red_contrast,60,normalized,1.1321136116981503,1.2938441276550288,82,10240,0.0080078125,10,/ceph/sagnihot/projects/Lorena_Contrastive_Representation_Arch/sparse_contrast_benchmark_large_batch/outputs/previews/heldout_val/cifar10/single_color/56ae526b7d21bdac1496debb0e3cebab87a7697c38410e28973d91302c77be85/train_p60.npz
cifar10,single_color,red_contrast,60,normalized,1.2938441276550288,1.4555746436119072,90,10240,0.0087890625,10,/ceph/sagnihot/projects/Lorena_Contrastive_Representation_Arch/sparse_contrast_benchmark_large_batch/outputs/previews/heldout_val/cifar10/single_color/56ae526b7d21bdac1496debb0e3cebab87a7697c38410e28973d91302c77be85/train_p60.npz
cifar10,single_color,red_contrast,60,normalized,1.4555746436119072,1.6173051595687866,55,10240,0.00537109375,10,/ceph/sagnihot/projects/Lorena_Contrastive_Representation_Arch/sparse_contrast_benchmark_large_batch/outputs/previews/heldout_val/cifar10/single_color/56ae526b7d21bdac1496debb0e3cebab87a7697c38410e28973d91302c77be85/train_p60.npz
cifar10,single_color,red_contrast,60,normalized,1.6173051595687866,1.7790356755256642,126,10240,0.0123046875,10,/ceph/sagnihot/projects/Lorena_Contrastive_Representation_Arch/sparse_contrast_benchmark_large_batch/outputs/previews/heldout_val/cifar10/single_color/56ae526b7d21bdac1496debb0e3cebab87a7697c38410e28973d91302c77be85/train_p60.npz
cifar10,single_color,red_contrast,60,normalized,1.7790356755256642,1.9407661914825436,90,10240,0.0087890625,10,/ceph/sagnihot/projects/Lorena_Contrastive_Representation_Arch/sparse_contrast_benchmark_large_batch/outputs/previews/heldout_val/cifar10/single_color/56ae526b7d21bdac1496debb0e3cebab87a7697c38410e28973d91302c77be85/train_p60.npz
cifar10,single_color,red_contrast,60,normalized,1.9407661914825436,2.102496707439421,60,10240,0.005859375,10,/ceph/sagnihot/projects/Lorena_Contrastive_Representation_Arch/sparse_contrast_benchmark_large_batch/outputs/previews/heldout_val/cifar10/single_color/56ae526b7d21bdac1496debb0e3cebab87a7697c38410e28973d91302c77be85/train_p60.npz
cifar10,single_color,red_contrast,60,normalized,2.102496707439421,2.2642272233963006,33,10240,0.00322265625,10,/ceph/sagnihot/projects/Lorena_Contrastive_Representation_Arch/sparse_contrast_benchmark_large_batch/outputs/previews/heldout_val/cifar10/single_color/56ae526b7d21bdac1496debb0e3cebab87a7697c38410e28973d91302c77be85/train_p60.npz
cifar10,single_color,red_contrast,60,normalized,2.2642272233963006,2.42595773935318,25,10240,0.00244140625,10,/ceph/sagnihot/projects/Lorena_Contrastive_Representation_Arch/sparse_contrast_benchmark_large_batch/outputs/previews/heldout_val/cifar10/single_color/56ae526b7d21bdac1496debb0e3cebab87a7697c38410e28973d91302c77be85/train_p60.npz
cifar10,single_color,red_contrast,60,normalized,2.42595773935318,2.5876882553100575,30,10240,0.0029296875,10,/ceph/sagnihot/projects/Lorena_Contrastive_Representation_Arch/sparse_contrast_benchmark_large_batch/outputs/previews/heldout_val/cifar10/single_color/56ae526b7d21bdac1496debb0e3cebab87a7697c38410e28973d91302c77be85/train_p60.npz
cifar10,single_color,red_contrast,60,normalized,2.5876882553100575,2.749418771266937,20,10240,0.001953125,10,/ceph/sagnihot/projects/Lorena_Contrastive_Representation_Arch/sparse_contrast_benchmark_large_batch/outputs/previews/heldout_val/cifar10/single_color/56ae526b7d21bdac1496debb0e3cebab87a7697c38410e28973d91302c77be85/train_p60.npz
cifar10,single_color,red_contrast,60,normalized,2.749418771266937,2.9111492872238145,12,10240,0.001171875,10,/ceph/sagnihot/projects/Lorena_Contrastive_Representation_Arch/sparse_contrast_benchmark_large_batch/outputs/previews/heldout_val/cifar10/single_color/56ae526b7d21bdac1496debb0e3cebab87a7697c38410e28973d91302c77be85/train_p60.npz
cifar10,single_color,red_contrast,60,normalized,2.9111492872238145,3.072879803180694,10,10240,0.0009765625,10,/ceph/sagnihot/projects/Lorena_Contrastive_Representation_Arch/sparse_contrast_benchmark_large_batch/outputs/previews/heldout_val/cifar10/single_color/56ae526b7d21bdac1496debb0e3cebab87a7697c38410e28973d91302c77be85/train_p60.npz
cifar10,single_color,red_contrast,60,normalized,3.072879803180694,3.2346103191375732,14,10240,0.0013671875,10,/ceph/sagnihot/projects/Lorena_Contrastive_Representation_Arch/sparse_contrast_benchmark_large_batch/outputs/previews/heldout_val/cifar10/single_color/56ae526b7d21bdac1496debb0e3cebab87a7697c38410e28973d91302c77be85/train_p60.npz
cifar10,single_color,red_contrast,60,normalized,3.2346103191375732,3.396340835094451,9,10240,0.00087890625,10,/ceph/sagnihot/projects/Lorena_Contrastive_Representation_Arch/sparse_contrast_benchmark_large_batch/outputs/previews/heldout_val/cifar10/single_color/56ae526b7d21bdac1496debb0e3cebab87a7697c38410e28973d91302c77be85/train_p60.npz
cifar10,single_color,red_contrast,60,normalized,3.396340835094451,3.55807135105133,22,10240,0.0021484375,10,/ceph/sagnihot/projects/Lorena_Contrastive_Representation_Arch/sparse_contrast_benchmark_large_batch/outputs/previews/heldout_val/cifar10/single_color/56ae526b7d21bdac1496debb0e3cebab87a7697c38410e28973d91302c77be85/train_p60.npz
cifar10,single_color,red_contrast,60,normalized,3.55807135105133,3.719801867008208,111,10240,0.01083984375,10,/ceph/sagnihot/projects/Lorena_Contrastive_Representation_Arch/sparse_contrast_benchmark_large_batch/outputs/previews/heldout_val/cifar10/single_color/56ae526b7d21bdac1496debb0e3cebab87a7697c38410e28973d91302c77be85/train_p60.npz
cifar10,single_color,red_contrast,60,normalized,3.719801867008208,3.881532382965087,40,10240,0.00390625,10,/ceph/sagnihot/projects/Lorena_Contrastive_Representation_Arch/sparse_contrast_benchmark_large_batch/outputs/previews/heldout_val/cifar10/single_color/56ae526b7d21bdac1496debb0e3cebab87a7697c38410e28973d91302c77be85/train_p60.npz
cifar10,single_color,red_contrast,60,normalized,3.881532382965087,4.0432628989219666,13,10240,0.00126953125,10,/ceph/sagnihot/projects/Lorena_Contrastive_Representation_Arch/sparse_contrast_benchmark_large_batch/outputs/previews/heldout_val/cifar10/single_color/56ae526b7d21bdac1496debb0e3cebab87a7697c38410e28973d91302c77be85/train_p60.npz
cifar10,single_color,red_contrast,60,normalized,4.0432628989219666,4.204993414878844,11,10240,0.00107421875,10,/ceph/sagnihot/projects/Lorena_Contrastive_Representation_Arch/sparse_contrast_benchmark_large_batch/outputs/previews/heldout_val/cifar10/single_color/56ae526b7d21bdac1496debb0e3cebab87a7697c38410e28973d91302c77be85/train_p60.npz
cifar10,single_color,red_contrast,60,normalized,4.204993414878844,4.3667239308357235,17,10240,0.00166015625,10,/ceph/sagnihot/projects/Lorena_Contrastive_Representation_Arch/sparse_contrast_benchmark_large_batch/outputs/previews/heldout_val/cifar10/single_color/56ae526b7d21bdac1496debb0e3cebab87a7697c38410e28973d91302c77be85/train_p60.npz
cifar10,single_color,red_contrast,60,normalized,4.3667239308357235,4.528454446792601,9,10240,0.00087890625,10,/ceph/sagnihot/projects/Lorena_Contrastive_Representation_Arch/sparse_contrast_benchmark_large_batch/outputs/previews/heldout_val/cifar10/single_color/56ae526b7d21bdac1496debb0e3cebab87a7697c38410e28973d91302c77be85/train_p60.npz
cifar10,single_color,red_contrast,60,normalized,4.528454446792601,4.6901849627494805,8,10240,0.00078125,10,/ceph/sagnihot/projects/Lorena_Contrastive_Representation_Arch/sparse_contrast_benchmark_large_batch/outputs/previews/heldout_val/cifar10/single_color/56ae526b7d21bdac1496debb0e3cebab87a7697c38410e28973d91302c77be85/train_p60.npz
cifar10,single_color,red_contrast,60,normalized,4.6901849627494805,4.85191547870636,5,10240,0.00048828125,10,/ceph/sagnihot/projects/Lorena_Contrastive_Representation_Arch/sparse_contrast_benchmark_large_batch/outputs/previews/heldout_val/cifar10/single_color/56ae526b7d21bdac1496debb0e3cebab87a7697c38410e28973d91302c77be85/train_p60.npz
cifar10,single_color,red_contrast,60,normalized,4.85191547870636,5.0136459946632375,6,10240,0.0005859375,10,/ceph/sagnihot/projects/Lorena_Contrastive_Representation_Arch/sparse_contrast_benchmark_large_batch/outputs/previews/heldout_val/cifar10/single_color/56ae526b7d21bdac1496debb0e3cebab87a7697c38410e28973d91302c77be85/train_p60.npz
cifar10,single_color,red_contrast,60,normalized,5.0136459946632375,5.175376510620117,7,10240,0.00068359375,10,/ceph/sagnihot/projects/Lorena_Contrastive_Representation_Arch/sparse_contrast_benchmark_large_batch/outputs/previews/heldout_val/cifar10/single_color/56ae526b7d21bdac1496debb0e3cebab87a7697c38410e28973d91302c77be85/train_p60.npz
cifar10,single_color,red_contrast,60,normalized,5.175376510620117,5.337107026576994,2,10240,0.0001953125,10,/ceph/sagnihot/projects/Lorena_Contrastive_Representation_Arch/sparse_contrast_benchmark_large_batch/outputs/previews/heldout_val/cifar10/single_color/56ae526b7d21bdac1496debb0e3cebab87a7697c38410e28973d91302c77be85/train_p60.npz
cifar10,single_color,red_contrast,60,normalized,5.337107026576994,5.498837542533874,1,10240,9.765625e-05,10,/ceph/sagnihot/projects/Lorena_Contrastive_Representation_Arch/sparse_contrast_benchmark_large_batch/outputs/previews/heldout_val/cifar10/single_color/56ae526b7d21bdac1496debb0e3cebab87a7697c38410e28973d91302c77be85/train_p60.npz
cifar10,single_color,red_contrast,60,normalized,5.498837542533874,5.660568058490753,1,10240,9.765625e-05,10,/ceph/sagnihot/projects/Lorena_Contrastive_Representation_Arch/sparse_contrast_benchmark_large_batch/outputs/previews/heldout_val/cifar10/single_color/56ae526b7d21bdac1496debb0e3cebab87a7697c38410e28973d91302c77be85/train_p60.npz
cifar10,single_color,red_contrast,60,normalized,5.660568058490753,5.822298574447631,1,10240,9.765625e-05,10,/ceph/sagnihot/projects/Lorena_Contrastive_Representation_Arch/sparse_contrast_benchmark_large_batch/outputs/previews/heldout_val/cifar10/single_color/56ae526b7d21bdac1496debb0e3cebab87a7697c38410e28973d91302c77be85/train_p60.npz
cifar10,single_color,red_contrast,60,normalized,5.822298574447631,5.98402909040451,0,10240,0.0,10,/ceph/sagnihot/projects/Lorena_Contrastive_Representation_Arch/sparse_contrast_benchmark_large_batch/outputs/previews/heldout_val/cifar10/single_color/56ae526b7d21bdac1496debb0e3cebab87a7697c38410e28973d91302c77be85/train_p60.npz
cifar10,single_color,red_contrast,60,normalized,5.98402909040451,6.145759606361388,1,10240,9.765625e-05,10,/ceph/sagnihot/projects/Lorena_Contrastive_Representation_Arch/sparse_contrast_benchmark_large_batch/outputs/previews/heldout_val/cifar10/single_color/56ae526b7d21bdac1496debb0e3cebab87a7697c38410e28973d91302c77be85/train_p60.npz
cifar10,single_color,red_contrast,60,normalized,6.145759606361388,6.307490122318267,7,10240,0.00068359375,10,/ceph/sagnihot/projects/Lorena_Contrastive_Representation_Arch/sparse_contrast_benchmark_large_batch/outputs/previews/heldout_val/cifar10/single_color/56ae526b7d21bdac1496debb0e3cebab87a7697c38410e28973d91302c77be85/train_p60.npz
cifar10,single_color,red_contrast,60,normalized,6.307490122318267,6.4692206382751465,1,10240,9.765625e-05,10,/ceph/sagnihot/projects/Lorena_Contrastive_Representation_Arch/sparse_contrast_benchmark_large_batch/outputs/previews/heldout_val/cifar10/single_color/56ae526b7d21bdac1496debb0e3cebab87a7697c38410e28973d91302c77be85/train_p60.npz
