dataset,representation,channel,sparsity_percent,domain,bin_left,bin_right,count,coefficient_count,fraction,sample_count,source_npz
cifar10,single_color,green_contrast,0,native,-0.5747277140617371,-0.5603595212101936,0,10240,0.0,10,/ceph/sagnihot/projects/Lorena_Contrastive_Representation_Arch/sparse_contrast_benchmark_large_batch/outputs/previews/heldout_val/cifar10/single_color/56ae526b7d21bdac1496debb0e3cebab87a7697c38410e28973d91302c77be85/train_p0.npz
cifar10,single_color,green_contrast,0,native,-0.5603595212101936,-0.5459913283586502,0,10240,0.0,10,/ceph/sagnihot/projects/Lorena_Contrastive_Representation_Arch/sparse_contrast_benchmark_large_batch/outputs/previews/heldout_val/cifar10/single_color/56ae526b7d21bdac1496debb0e3cebab87a7697c38410e28973d91302c77be85/train_p0.npz
cifar10,single_color,green_contrast,0,native,-0.5459913283586502,-0.5316231355071068,0,10240,0.0,10,/ceph/sagnihot/projects/Lorena_Contrastive_Representation_Arch/sparse_contrast_benchmark_large_batch/outputs/previews/heldout_val/cifar10/single_color/56ae526b7d21bdac1496debb0e3cebab87a7697c38410e28973d91302c77be85/train_p0.npz
cifar10,single_color,green_contrast,0,native,-0.5316231355071068,-0.5172549426555634,0,10240,0.0,10,/ceph/sagnihot/projects/Lorena_Contrastive_Representation_Arch/sparse_contrast_benchmark_large_batch/outputs/previews/heldout_val/cifar10/single_color/56ae526b7d21bdac1496debb0e3cebab87a7697c38410e28973d91302c77be85/train_p0.npz
cifar10,single_color,green_contrast,0,native,-0.5172549426555634,-0.5028867498040199,0,10240,0.0,10,/ceph/sagnihot/projects/Lorena_Contrastive_Representation_Arch/sparse_contrast_benchmark_large_batch/outputs/previews/heldout_val/cifar10/single_color/56ae526b7d21bdac1496debb0e3cebab87a7697c38410e28973d91302c77be85/train_p0.npz
cifar10,single_color,green_contrast,0,native,-0.5028867498040199,-0.4885185569524765,0,10240,0.0,10,/ceph/sagnihot/projects/Lorena_Contrastive_Representation_Arch/sparse_contrast_benchmark_large_batch/outputs/previews/heldout_val/cifar10/single_color/56ae526b7d21bdac1496debb0e3cebab87a7697c38410e28973d91302c77be85/train_p0.npz
cifar10,single_color,green_contrast,0,native,-0.4885185569524765,-0.4741503641009331,0,10240,0.0,10,/ceph/sagnihot/projects/Lorena_Contrastive_Representation_Arch/sparse_contrast_benchmark_large_batch/outputs/previews/heldout_val/cifar10/single_color/56ae526b7d21bdac1496debb0e3cebab87a7697c38410e28973d91302c77be85/train_p0.npz
cifar10,single_color,green_contrast,0,native,-0.4741503641009331,-0.45978217124938964,0,10240,0.0,10,/ceph/sagnihot/projects/Lorena_Contrastive_Representation_Arch/sparse_contrast_benchmark_large_batch/outputs/previews/heldout_val/cifar10/single_color/56ae526b7d21bdac1496debb0e3cebab87a7697c38410e28973d91302c77be85/train_p0.npz
cifar10,single_color,green_contrast,0,native,-0.45978217124938964,-0.44541397839784624,0,10240,0.0,10,/ceph/sagnihot/projects/Lorena_Contrastive_Representation_Arch/sparse_contrast_benchmark_large_batch/outputs/previews/heldout_val/cifar10/single_color/56ae526b7d21bdac1496debb0e3cebab87a7697c38410e28973d91302c77be85/train_p0.npz
cifar10,single_color,green_contrast,0,native,-0.44541397839784624,-0.4310457855463028,0,10240,0.0,10,/ceph/sagnihot/projects/Lorena_Contrastive_Representation_Arch/sparse_contrast_benchmark_large_batch/outputs/previews/heldout_val/cifar10/single_color/56ae526b7d21bdac1496debb0e3cebab87a7697c38410e28973d91302c77be85/train_p0.npz
cifar10,single_color,green_contrast,0,native,-0.4310457855463028,-0.41667759269475935,0,10240,0.0,10,/ceph/sagnihot/projects/Lorena_Contrastive_Representation_Arch/sparse_contrast_benchmark_large_batch/outputs/previews/heldout_val/cifar10/single_color/56ae526b7d21bdac1496debb0e3cebab87a7697c38410e28973d91302c77be85/train_p0.npz
cifar10,single_color,green_contrast,0,native,-0.41667759269475935,-0.40230939984321595,0,10240,0.0,10,/ceph/sagnihot/projects/Lorena_Contrastive_Representation_Arch/sparse_contrast_benchmark_large_batch/outputs/previews/heldout_val/cifar10/single_color/56ae526b7d21bdac1496debb0e3cebab87a7697c38410e28973d91302c77be85/train_p0.npz
cifar10,single_color,green_contrast,0,native,-0.40230939984321595,-0.38794120699167256,0,10240,0.0,10,/ceph/sagnihot/projects/Lorena_Contrastive_Representation_Arch/sparse_contrast_benchmark_large_batch/outputs/previews/heldout_val/cifar10/single_color/56ae526b7d21bdac1496debb0e3cebab87a7697c38410e28973d91302c77be85/train_p0.npz
cifar10,single_color,green_contrast,0,native,-0.38794120699167256,-0.3735730141401291,0,10240,0.0,10,/ceph/sagnihot/projects/Lorena_Contrastive_Representation_Arch/sparse_contrast_benchmark_large_batch/outputs/previews/heldout_val/cifar10/single_color/56ae526b7d21bdac1496debb0e3cebab87a7697c38410e28973d91302c77be85/train_p0.npz
cifar10,single_color,green_contrast,0,native,-0.3735730141401291,-0.35920482128858566,0,10240,0.0,10,/ceph/sagnihot/projects/Lorena_Contrastive_Representation_Arch/sparse_contrast_benchmark_large_batch/outputs/previews/heldout_val/cifar10/single_color/56ae526b7d21bdac1496debb0e3cebab87a7697c38410e28973d91302c77be85/train_p0.npz
cifar10,single_color,green_contrast,0,native,-0.35920482128858566,-0.3448366284370422,0,10240,0.0,10,/ceph/sagnihot/projects/Lorena_Contrastive_Representation_Arch/sparse_contrast_benchmark_large_batch/outputs/previews/heldout_val/cifar10/single_color/56ae526b7d21bdac1496debb0e3cebab87a7697c38410e28973d91302c77be85/train_p0.npz
cifar10,single_color,green_contrast,0,native,-0.3448366284370422,-0.3304684355854988,0,10240,0.0,10,/ceph/sagnihot/projects/Lorena_Contrastive_Representation_Arch/sparse_contrast_benchmark_large_batch/outputs/previews/heldout_val/cifar10/single_color/56ae526b7d21bdac1496debb0e3cebab87a7697c38410e28973d91302c77be85/train_p0.npz
cifar10,single_color,green_contrast,0,native,-0.3304684355854988,-0.31610024273395537,0,10240,0.0,10,/ceph/sagnihot/projects/Lorena_Contrastive_Representation_Arch/sparse_contrast_benchmark_large_batch/outputs/previews/heldout_val/cifar10/single_color/56ae526b7d21bdac1496debb0e3cebab87a7697c38410e28973d91302c77be85/train_p0.npz
cifar10,single_color,green_contrast,0,native,-0.31610024273395537,-0.301732049882412,0,10240,0.0,10,/ceph/sagnihot/projects/Lorena_Contrastive_Representation_Arch/sparse_contrast_benchmark_large_batch/outputs/previews/heldout_val/cifar10/single_color/56ae526b7d21bdac1496debb0e3cebab87a7697c38410e28973d91302c77be85/train_p0.npz
cifar10,single_color,green_contrast,0,native,-0.301732049882412,-0.28736385703086853,1,10240,9.765625e-05,10,/ceph/sagnihot/projects/Lorena_Contrastive_Representation_Arch/sparse_contrast_benchmark_large_batch/outputs/previews/heldout_val/cifar10/single_color/56ae526b7d21bdac1496debb0e3cebab87a7697c38410e28973d91302c77be85/train_p0.npz
cifar10,single_color,green_contrast,0,native,-0.28736385703086853,-0.27299566417932514,3,10240,0.00029296875,10,/ceph/sagnihot/projects/Lorena_Contrastive_Representation_Arch/sparse_contrast_benchmark_large_batch/outputs/previews/heldout_val/cifar10/single_color/56ae526b7d21bdac1496debb0e3cebab87a7697c38410e28973d91302c77be85/train_p0.npz
cifar10,single_color,green_contrast,0,native,-0.27299566417932514,-0.2586274713277817,4,10240,0.000390625,10,/ceph/sagnihot/projects/Lorena_Contrastive_Representation_Arch/sparse_contrast_benchmark_large_batch/outputs/previews/heldout_val/cifar10/single_color/56ae526b7d21bdac1496debb0e3cebab87a7697c38410e28973d91302c77be85/train_p0.npz
cifar10,single_color,green_contrast,0,native,-0.2586274713277817,-0.24425927847623824,3,10240,0.00029296875,10,/ceph/sagnihot/projects/Lorena_Contrastive_Representation_Arch/sparse_contrast_benchmark_large_batch/outputs/previews/heldout_val/cifar10/single_color/56ae526b7d21bdac1496debb0e3cebab87a7697c38410e28973d91302c77be85/train_p0.npz
cifar10,single_color,green_contrast,0,native,-0.24425927847623824,-0.22989108562469485,3,10240,0.00029296875,10,/ceph/sagnihot/projects/Lorena_Contrastive_Representation_Arch/sparse_contrast_benchmark_large_batch/outputs/previews/heldout_val/cifar10/single_color/56ae526b7d21bdac1496debb0e3cebab87a7697c38410e28973d91302c77be85/train_p0.npz
cifar10,single_color,green_contrast,0,native,-0.22989108562469485,-0.2155228927731514,5,10240,0.00048828125,10,/ceph/sagnihot/projects/Lorena_Contrastive_Representation_Arch/sparse_contrast_benchmark_large_batch/outputs/previews/heldout_val/cifar10/single_color/56ae526b7d21bdac1496debb0e3cebab87a7697c38410e28973d91302c77be85/train_p0.npz
cifar10,single_color,green_contrast,0,native,-0.2155228927731514,-0.201154699921608,4,10240,0.000390625,10,/ceph/sagnihot/projects/Lorena_Contrastive_Representation_Arch/sparse_contrast_benchmark_large_batch/outputs/previews/heldout_val/cifar10/single_color/56ae526b7d21bdac1496debb0e3cebab87a7697c38410e28973d91302c77be85/train_p0.npz
cifar10,single_color,green_contrast,0,native,-0.201154699921608,-0.18678650707006456,12,10240,0.001171875,10,/ceph/sagnihot/projects/Lorena_Contrastive_Representation_Arch/sparse_contrast_benchmark_large_batch/outputs/previews/heldout_val/cifar10/single_color/56ae526b7d21bdac1496debb0e3cebab87a7697c38410e28973d91302c77be85/train_p0.npz
cifar10,single_color,green_contrast,0,native,-0.18678650707006456,-0.1724183142185211,12,10240,0.001171875,10,/ceph/sagnihot/projects/Lorena_Contrastive_Representation_Arch/sparse_contrast_benchmark_large_batch/outputs/previews/heldout_val/cifar10/single_color/56ae526b7d21bdac1496debb0e3cebab87a7697c38410e28973d91302c77be85/train_p0.npz
cifar10,single_color,green_contrast,0,native,-0.1724183142185211,-0.1580501213669777,24,10240,0.00234375,10,/ceph/sagnihot/projects/Lorena_Contrastive_Representation_Arch/sparse_contrast_benchmark_large_batch/outputs/previews/heldout_val/cifar10/single_color/56ae526b7d21bdac1496debb0e3cebab87a7697c38410e28973d91302c77be85/train_p0.npz
cifar10,single_color,green_contrast,0,native,-0.1580501213669777,-0.14368192851543427,49,10240,0.00478515625,10,/ceph/sagnihot/projects/Lorena_Contrastive_Representation_Arch/sparse_contrast_benchmark_large_batch/outputs/previews/heldout_val/cifar10/single_color/56ae526b7d21bdac1496debb0e3cebab87a7697c38410e28973d91302c77be85/train_p0.npz
cifar10,single_color,green_contrast,0,native,-0.14368192851543427,-0.12931373566389087,49,10240,0.00478515625,10,/ceph/sagnihot/projects/Lorena_Contrastive_Representation_Arch/sparse_contrast_benchmark_large_batch/outputs/previews/heldout_val/cifar10/single_color/56ae526b7d21bdac1496debb0e3cebab87a7697c38410e28973d91302c77be85/train_p0.npz
cifar10,single_color,green_contrast,0,native,-0.12931373566389087,-0.11494554281234742,74,10240,0.0072265625,10,/ceph/sagnihot/projects/Lorena_Contrastive_Representation_Arch/sparse_contrast_benchmark_large_batch/outputs/previews/heldout_val/cifar10/single_color/56ae526b7d21bdac1496debb0e3cebab87a7697c38410e28973d91302c77be85/train_p0.npz
cifar10,single_color,green_contrast,0,native,-0.11494554281234742,-0.10057734996080397,100,10240,0.009765625,10,/ceph/sagnihot/projects/Lorena_Contrastive_Representation_Arch/sparse_contrast_benchmark_large_batch/outputs/previews/heldout_val/cifar10/single_color/56ae526b7d21bdac1496debb0e3cebab87a7697c38410e28973d91302c77be85/train_p0.npz
cifar10,single_color,green_contrast,0,native,-0.10057734996080397,-0.08620915710926058,118,10240,0.0115234375,10,/ceph/sagnihot/projects/Lorena_Contrastive_Representation_Arch/sparse_contrast_benchmark_large_batch/outputs/previews/heldout_val/cifar10/single_color/56ae526b7d21bdac1496debb0e3cebab87a7697c38410e28973d91302c77be85/train_p0.npz
cifar10,single_color,green_contrast,0,native,-0.08620915710926058,-0.07184096425771713,176,10240,0.0171875,10,/ceph/sagnihot/projects/Lorena_Contrastive_Representation_Arch/sparse_contrast_benchmark_large_batch/outputs/previews/heldout_val/cifar10/single_color/56ae526b7d21bdac1496debb0e3cebab87a7697c38410e28973d91302c77be85/train_p0.npz
cifar10,single_color,green_contrast,0,native,-0.07184096425771713,-0.057472771406173684,237,10240,0.02314453125,10,/ceph/sagnihot/projects/Lorena_Contrastive_Representation_Arch/sparse_contrast_benchmark_large_batch/outputs/previews/heldout_val/cifar10/single_color/56ae526b7d21bdac1496debb0e3cebab87a7697c38410e28973d91302c77be85/train_p0.npz
cifar10,single_color,green_contrast,0,native,-0.057472771406173684,-0.043104578554630346,333,10240,0.03251953125,10,/ceph/sagnihot/projects/Lorena_Contrastive_Representation_Arch/sparse_contrast_benchmark_large_batch/outputs/previews/heldout_val/cifar10/single_color/56ae526b7d21bdac1496debb0e3cebab87a7697c38410e28973d91302c77be85/train_p0.npz
cifar10,single_color,green_contrast,0,native,-0.043104578554630346,-0.028736385703086897,515,10240,0.05029296875,10,/ceph/sagnihot/projects/Lorena_Contrastive_Representation_Arch/sparse_contrast_benchmark_large_batch/outputs/previews/heldout_val/cifar10/single_color/56ae526b7d21bdac1496debb0e3cebab87a7697c38410e28973d91302c77be85/train_p0.npz
cifar10,single_color,green_contrast,0,native,-0.028736385703086897,-0.014368192851543449,773,10240,0.07548828125,10,/ceph/sagnihot/projects/Lorena_Contrastive_Representation_Arch/sparse_contrast_benchmark_large_batch/outputs/previews/heldout_val/cifar10/single_color/56ae526b7d21bdac1496debb0e3cebab87a7697c38410e28973d91302c77be85/train_p0.npz
cifar10,single_color,green_contrast,0,native,-0.014368192851543449,0.0,1703,10240,0.16630859375,10,/ceph/sagnihot/projects/Lorena_Contrastive_Representation_Arch/sparse_contrast_benchmark_large_batch/outputs/previews/heldout_val/cifar10/single_color/56ae526b7d21bdac1496debb0e3cebab87a7697c38410e28973d91302c77be85/train_p0.npz
cifar10,single_color,green_contrast,0,native,0.0,0.014368192851543449,2281,10240,0.22275390625,10,/ceph/sagnihot/projects/Lorena_Contrastive_Representation_Arch/sparse_contrast_benchmark_large_batch/outputs/previews/heldout_val/cifar10/single_color/56ae526b7d21bdac1496debb0e3cebab87a7697c38410e28973d91302c77be85/train_p0.npz
cifar10,single_color,green_contrast,0,native,0.014368192851543449,0.028736385703086786,861,10240,0.08408203125,10,/ceph/sagnihot/projects/Lorena_Contrastive_Representation_Arch/sparse_contrast_benchmark_large_batch/outputs/previews/heldout_val/cifar10/single_color/56ae526b7d21bdac1496debb0e3cebab87a7697c38410e28973d91302c77be85/train_p0.npz
cifar10,single_color,green_contrast,0,native,0.028736385703086786,0.043104578554630235,603,10240,0.05888671875,10,/ceph/sagnihot/projects/Lorena_Contrastive_Representation_Arch/sparse_contrast_benchmark_large_batch/outputs/previews/heldout_val/cifar10/single_color/56ae526b7d21bdac1496debb0e3cebab87a7697c38410e28973d91302c77be85/train_p0.npz
cifar10,single_color,green_contrast,0,native,0.043104578554630235,0.057472771406173684,431,10240,0.04208984375,10,/ceph/sagnihot/projects/Lorena_Contrastive_Representation_Arch/sparse_contrast_benchmark_large_batch/outputs/previews/heldout_val/cifar10/single_color/56ae526b7d21bdac1496debb0e3cebab87a7697c38410e28973d91302c77be85/train_p0.npz
cifar10,single_color,green_contrast,0,native,0.057472771406173684,0.07184096425771713,293,10240,0.02861328125,10,/ceph/sagnihot/projects/Lorena_Contrastive_Representation_Arch/sparse_contrast_benchmark_large_batch/outputs/previews/heldout_val/cifar10/single_color/56ae526b7d21bdac1496debb0e3cebab87a7697c38410e28973d91302c77be85/train_p0.npz
cifar10,single_color,green_contrast,0,native,0.07184096425771713,0.08620915710926058,278,10240,0.0271484375,10,/ceph/sagnihot/projects/Lorena_Contrastive_Representation_Arch/sparse_contrast_benchmark_large_batch/outputs/previews/heldout_val/cifar10/single_color/56ae526b7d21bdac1496debb0e3cebab87a7697c38410e28973d91302c77be85/train_p0.npz
cifar10,single_color,green_contrast,0,native,0.08620915710926058,0.10057734996080392,187,10240,0.01826171875,10,/ceph/sagnihot/projects/Lorena_Contrastive_Representation_Arch/sparse_contrast_benchmark_large_batch/outputs/previews/heldout_val/cifar10/single_color/56ae526b7d21bdac1496debb0e3cebab87a7697c38410e28973d91302c77be85/train_p0.npz
cifar10,single_color,green_contrast,0,native,0.10057734996080392,0.11494554281234737,157,10240,0.01533203125,10,/ceph/sagnihot/projects/Lorena_Contrastive_Representation_Arch/sparse_contrast_benchmark_large_batch/outputs/previews/heldout_val/cifar10/single_color/56ae526b7d21bdac1496debb0e3cebab87a7697c38410e28973d91302c77be85/train_p0.npz
cifar10,single_color,green_contrast,0,native,0.11494554281234737,0.12931373566389082,142,10240,0.0138671875,10,/ceph/sagnihot/projects/Lorena_Contrastive_Representation_Arch/sparse_contrast_benchmark_large_batch/outputs/previews/heldout_val/cifar10/single_color/56ae526b7d21bdac1496debb0e3cebab87a7697c38410e28973d91302c77be85/train_p0.npz
cifar10,single_color,green_contrast,0,native,0.12931373566389082,0.14368192851543427,85,10240,0.00830078125,10,/ceph/sagnihot/projects/Lorena_Contrastive_Representation_Arch/sparse_contrast_benchmark_large_batch/outputs/previews/heldout_val/cifar10/single_color/56ae526b7d21bdac1496debb0e3cebab87a7697c38410e28973d91302c77be85/train_p0.npz
cifar10,single_color,green_contrast,0,native,0.14368192851543427,0.1580501213669777,69,10240,0.00673828125,10,/ceph/sagnihot/projects/Lorena_Contrastive_Representation_Arch/sparse_contrast_benchmark_large_batch/outputs/previews/heldout_val/cifar10/single_color/56ae526b7d21bdac1496debb0e3cebab87a7697c38410e28973d91302c77be85/train_p0.npz
cifar10,single_color,green_contrast,0,native,0.1580501213669777,0.17241831421852105,67,10240,0.00654296875,10,/ceph/sagnihot/projects/Lorena_Contrastive_Representation_Arch/sparse_contrast_benchmark_large_batch/outputs/previews/heldout_val/cifar10/single_color/56ae526b7d21bdac1496debb0e3cebab87a7697c38410e28973d91302c77be85/train_p0.npz
cifar10,single_color,green_contrast,0,native,0.17241831421852105,0.1867865070700645,58,10240,0.0056640625,10,/ceph/sagnihot/projects/Lorena_Contrastive_Representation_Arch/sparse_contrast_benchmark_large_batch/outputs/previews/heldout_val/cifar10/single_color/56ae526b7d21bdac1496debb0e3cebab87a7697c38410e28973d91302c77be85/train_p0.npz
cifar10,single_color,green_contrast,0,native,0.1867865070700645,0.20115469992160795,41,10240,0.00400390625,10,/ceph/sagnihot/projects/Lorena_Contrastive_Representation_Arch/sparse_contrast_benchmark_large_batch/outputs/previews/heldout_val/cifar10/single_color/56ae526b7d21bdac1496debb0e3cebab87a7697c38410e28973d91302c77be85/train_p0.npz
cifar10,single_color,green_contrast,0,native,0.20115469992160795,0.2155228927731514,26,10240,0.0025390625,10,/ceph/sagnihot/projects/Lorena_Contrastive_Representation_Arch/sparse_contrast_benchmark_large_batch/outputs/previews/heldout_val/cifar10/single_color/56ae526b7d21bdac1496debb0e3cebab87a7697c38410e28973d91302c77be85/train_p0.npz
cifar10,single_color,green_contrast,0,native,0.2155228927731514,0.22989108562469485,98,10240,0.0095703125,10,/ceph/sagnihot/projects/Lorena_Contrastive_Representation_Arch/sparse_contrast_benchmark_large_batch/outputs/previews/heldout_val/cifar10/single_color/56ae526b7d21bdac1496debb0e3cebab87a7697c38410e28973d91302c77be85/train_p0.npz
cifar10,single_color,green_contrast,0,native,0.22989108562469485,0.24425927847623818,56,10240,0.00546875,10,/ceph/sagnihot/projects/Lorena_Contrastive_Representation_Arch/sparse_contrast_benchmark_large_batch/outputs/previews/heldout_val/cifar10/single_color/56ae526b7d21bdac1496debb0e3cebab87a7697c38410e28973d91302c77be85/train_p0.npz
cifar10,single_color,green_contrast,0,native,0.24425927847623818,0.25862747132778163,9,10240,0.00087890625,10,/ceph/sagnihot/projects/Lorena_Contrastive_Representation_Arch/sparse_contrast_benchmark_large_batch/outputs/previews/heldout_val/cifar10/single_color/56ae526b7d21bdac1496debb0e3cebab87a7697c38410e28973d91302c77be85/train_p0.npz
cifar10,single_color,green_contrast,0,native,0.25862747132778163,0.2729956641793251,9,10240,0.00087890625,10,/ceph/sagnihot/projects/Lorena_Contrastive_Representation_Arch/sparse_contrast_benchmark_large_batch/outputs/previews/heldout_val/cifar10/single_color/56ae526b7d21bdac1496debb0e3cebab87a7697c38410e28973d91302c77be85/train_p0.npz
cifar10,single_color,green_contrast,0,native,0.2729956641793251,0.28736385703086853,14,10240,0.0013671875,10,/ceph/sagnihot/projects/Lorena_Contrastive_Representation_Arch/sparse_contrast_benchmark_large_batch/outputs/previews/heldout_val/cifar10/single_color/56ae526b7d21bdac1496debb0e3cebab87a7697c38410e28973d91302c77be85/train_p0.npz
cifar10,single_color,green_contrast,0,native,0.28736385703086853,0.301732049882412,8,10240,0.00078125,10,/ceph/sagnihot/projects/Lorena_Contrastive_Representation_Arch/sparse_contrast_benchmark_large_batch/outputs/previews/heldout_val/cifar10/single_color/56ae526b7d21bdac1496debb0e3cebab87a7697c38410e28973d91302c77be85/train_p0.npz
cifar10,single_color,green_contrast,0,native,0.301732049882412,0.3161002427339553,15,10240,0.00146484375,10,/ceph/sagnihot/projects/Lorena_Contrastive_Representation_Arch/sparse_contrast_benchmark_large_batch/outputs/previews/heldout_val/cifar10/single_color/56ae526b7d21bdac1496debb0e3cebab87a7697c38410e28973d91302c77be85/train_p0.npz
cifar10,single_color,green_contrast,0,native,0.3161002427339553,0.33046843558549877,35,10240,0.00341796875,10,/ceph/sagnihot/projects/Lorena_Contrastive_Representation_Arch/sparse_contrast_benchmark_large_batch/outputs/previews/heldout_val/cifar10/single_color/56ae526b7d21bdac1496debb0e3cebab87a7697c38410e28973d91302c77be85/train_p0.npz
cifar10,single_color,green_contrast,0,native,0.33046843558549877,0.3448366284370422,111,10240,0.01083984375,10,/ceph/sagnihot/projects/Lorena_Contrastive_Representation_Arch/sparse_contrast_benchmark_large_batch/outputs/previews/heldout_val/cifar10/single_color/56ae526b7d21bdac1496debb0e3cebab87a7697c38410e28973d91302c77be85/train_p0.npz
cifar10,single_color,green_contrast,0,native,0.3448366284370422,0.35920482128858566,24,10240,0.00234375,10,/ceph/sagnihot/projects/Lorena_Contrastive_Representation_Arch/sparse_contrast_benchmark_large_batch/outputs/previews/heldout_val/cifar10/single_color/56ae526b7d21bdac1496debb0e3cebab87a7697c38410e28973d91302c77be85/train_p0.npz
cifar10,single_color,green_contrast,0,native,0.35920482128858566,0.3735730141401291,13,10240,0.00126953125,10,/ceph/sagnihot/projects/Lorena_Contrastive_Representation_Arch/sparse_contrast_benchmark_large_batch/outputs/previews/heldout_val/cifar10/single_color/56ae526b7d21bdac1496debb0e3cebab87a7697c38410e28973d91302c77be85/train_p0.npz
cifar10,single_color,green_contrast,0,native,0.3735730141401291,0.38794120699167245,11,10240,0.00107421875,10,/ceph/sagnihot/projects/Lorena_Contrastive_Representation_Arch/sparse_contrast_benchmark_large_batch/outputs/previews/heldout_val/cifar10/single_color/56ae526b7d21bdac1496debb0e3cebab87a7697c38410e28973d91302c77be85/train_p0.npz
cifar10,single_color,green_contrast,0,native,0.38794120699167245,0.4023093998432159,16,10240,0.0015625,10,/ceph/sagnihot/projects/Lorena_Contrastive_Representation_Arch/sparse_contrast_benchmark_large_batch/outputs/previews/heldout_val/cifar10/single_color/56ae526b7d21bdac1496debb0e3cebab87a7697c38410e28973d91302c77be85/train_p0.npz
cifar10,single_color,green_contrast,0,native,0.4023093998432159,0.41667759269475935,8,10240,0.00078125,10,/ceph/sagnihot/projects/Lorena_Contrastive_Representation_Arch/sparse_contrast_benchmark_large_batch/outputs/previews/heldout_val/cifar10/single_color/56ae526b7d21bdac1496debb0e3cebab87a7697c38410e28973d91302c77be85/train_p0.npz
cifar10,single_color,green_contrast,0,native,0.41667759269475935,0.4310457855463028,9,10240,0.00087890625,10,/ceph/sagnihot/projects/Lorena_Contrastive_Representation_Arch/sparse_contrast_benchmark_large_batch/outputs/previews/heldout_val/cifar10/single_color/56ae526b7d21bdac1496debb0e3cebab87a7697c38410e28973d91302c77be85/train_p0.npz
cifar10,single_color,green_contrast,0,native,0.4310457855463028,0.44541397839784613,5,10240,0.00048828125,10,/ceph/sagnihot/projects/Lorena_Contrastive_Representation_Arch/sparse_contrast_benchmark_large_batch/outputs/previews/heldout_val/cifar10/single_color/56ae526b7d21bdac1496debb0e3cebab87a7697c38410e28973d91302c77be85/train_p0.npz
cifar10,single_color,green_contrast,0,native,0.44541397839784613,0.4597821712493897,7,10240,0.00068359375,10,/ceph/sagnihot/projects/Lorena_Contrastive_Representation_Arch/sparse_contrast_benchmark_large_batch/outputs/previews/heldout_val/cifar10/single_color/56ae526b7d21bdac1496debb0e3cebab87a7697c38410e28973d91302c77be85/train_p0.npz
cifar10,single_color,green_contrast,0,native,0.4597821712493897,0.47415036410093303,3,10240,0.00029296875,10,/ceph/sagnihot/projects/Lorena_Contrastive_Representation_Arch/sparse_contrast_benchmark_large_batch/outputs/previews/heldout_val/cifar10/single_color/56ae526b7d21bdac1496debb0e3cebab87a7697c38410e28973d91302c77be85/train_p0.npz
cifar10,single_color,green_contrast,0,native,0.47415036410093303,0.48851855695247637,1,10240,9.765625e-05,10,/ceph/sagnihot/projects/Lorena_Contrastive_Representation_Arch/sparse_contrast_benchmark_large_batch/outputs/previews/heldout_val/cifar10/single_color/56ae526b7d21bdac1496debb0e3cebab87a7697c38410e28973d91302c77be85/train_p0.npz
cifar10,single_color,green_contrast,0,native,0.48851855695247637,0.5028867498040199,1,10240,9.765625e-05,10,/ceph/sagnihot/projects/Lorena_Contrastive_Representation_Arch/sparse_contrast_benchmark_large_batch/outputs/previews/heldout_val/cifar10/single_color/56ae526b7d21bdac1496debb0e3cebab87a7697c38410e28973d91302c77be85/train_p0.npz
cifar10,single_color,green_contrast,0,native,0.5028867498040199,0.5172549426555633,1,10240,9.765625e-05,10,/ceph/sagnihot/projects/Lorena_Contrastive_Representation_Arch/sparse_contrast_benchmark_large_batch/outputs/previews/heldout_val/cifar10/single_color/56ae526b7d21bdac1496debb0e3cebab87a7697c38410e28973d91302c77be85/train_p0.npz
cifar10,single_color,green_contrast,0,native,0.5172549426555633,0.5316231355071068,1,10240,9.765625e-05,10,/ceph/sagnihot/projects/Lorena_Contrastive_Representation_Arch/sparse_contrast_benchmark_large_batch/outputs/previews/heldout_val/cifar10/single_color/56ae526b7d21bdac1496debb0e3cebab87a7697c38410e28973d91302c77be85/train_p0.npz
cifar10,single_color,green_contrast,0,native,0.5316231355071068,0.5459913283586502,0,10240,0.0,10,/ceph/sagnihot/projects/Lorena_Contrastive_Representation_Arch/sparse_contrast_benchmark_large_batch/outputs/previews/heldout_val/cifar10/single_color/56ae526b7d21bdac1496debb0e3cebab87a7697c38410e28973d91302c77be85/train_p0.npz
cifar10,single_color,green_contrast,0,native,0.5459913283586502,0.5603595212101935,6,10240,0.0005859375,10,/ceph/sagnihot/projects/Lorena_Contrastive_Representation_Arch/sparse_contrast_benchmark_large_batch/outputs/previews/heldout_val/cifar10/single_color/56ae526b7d21bdac1496debb0e3cebab87a7697c38410e28973d91302c77be85/train_p0.npz
cifar10,single_color,green_contrast,0,native,0.5603595212101935,0.5747277140617371,2,10240,0.0001953125,10,/ceph/sagnihot/projects/Lorena_Contrastive_Representation_Arch/sparse_contrast_benchmark_large_batch/outputs/previews/heldout_val/cifar10/single_color/56ae526b7d21bdac1496debb0e3cebab87a7697c38410e28973d91302c77be85/train_p0.npz
cifar10,single_color,green_contrast,0,normalized,-6.478267669677734,-6.316310977935791,0,10240,0.0,10,/ceph/sagnihot/projects/Lorena_Contrastive_Representation_Arch/sparse_contrast_benchmark_large_batch/outputs/previews/heldout_val/cifar10/single_color/56ae526b7d21bdac1496debb0e3cebab87a7697c38410e28973d91302c77be85/train_p0.npz
cifar10,single_color,green_contrast,0,normalized,-6.316310977935791,-6.154354286193848,0,10240,0.0,10,/ceph/sagnihot/projects/Lorena_Contrastive_Representation_Arch/sparse_contrast_benchmark_large_batch/outputs/previews/heldout_val/cifar10/single_color/56ae526b7d21bdac1496debb0e3cebab87a7697c38410e28973d91302c77be85/train_p0.npz
cifar10,single_color,green_contrast,0,normalized,-6.154354286193848,-5.992397594451904,0,10240,0.0,10,/ceph/sagnihot/projects/Lorena_Contrastive_Representation_Arch/sparse_contrast_benchmark_large_batch/outputs/previews/heldout_val/cifar10/single_color/56ae526b7d21bdac1496debb0e3cebab87a7697c38410e28973d91302c77be85/train_p0.npz
cifar10,single_color,green_contrast,0,normalized,-5.992397594451904,-5.830440902709961,0,10240,0.0,10,/ceph/sagnihot/projects/Lorena_Contrastive_Representation_Arch/sparse_contrast_benchmark_large_batch/outputs/previews/heldout_val/cifar10/single_color/56ae526b7d21bdac1496debb0e3cebab87a7697c38410e28973d91302c77be85/train_p0.npz
cifar10,single_color,green_contrast,0,normalized,-5.830440902709961,-5.668484210968018,0,10240,0.0,10,/ceph/sagnihot/projects/Lorena_Contrastive_Representation_Arch/sparse_contrast_benchmark_large_batch/outputs/previews/heldout_val/cifar10/single_color/56ae526b7d21bdac1496debb0e3cebab87a7697c38410e28973d91302c77be85/train_p0.npz
cifar10,single_color,green_contrast,0,normalized,-5.668484210968018,-5.506527519226074,0,10240,0.0,10,/ceph/sagnihot/projects/Lorena_Contrastive_Representation_Arch/sparse_contrast_benchmark_large_batch/outputs/previews/heldout_val/cifar10/single_color/56ae526b7d21bdac1496debb0e3cebab87a7697c38410e28973d91302c77be85/train_p0.npz
cifar10,single_color,green_contrast,0,normalized,-5.506527519226074,-5.344570827484131,0,10240,0.0,10,/ceph/sagnihot/projects/Lorena_Contrastive_Representation_Arch/sparse_contrast_benchmark_large_batch/outputs/previews/heldout_val/cifar10/single_color/56ae526b7d21bdac1496debb0e3cebab87a7697c38410e28973d91302c77be85/train_p0.npz
cifar10,single_color,green_contrast,0,normalized,-5.344570827484131,-5.182614135742187,0,10240,0.0,10,/ceph/sagnihot/projects/Lorena_Contrastive_Representation_Arch/sparse_contrast_benchmark_large_batch/outputs/previews/heldout_val/cifar10/single_color/56ae526b7d21bdac1496debb0e3cebab87a7697c38410e28973d91302c77be85/train_p0.npz
cifar10,single_color,green_contrast,0,normalized,-5.182614135742187,-5.0206574440002445,0,10240,0.0,10,/ceph/sagnihot/projects/Lorena_Contrastive_Representation_Arch/sparse_contrast_benchmark_large_batch/outputs/previews/heldout_val/cifar10/single_color/56ae526b7d21bdac1496debb0e3cebab87a7697c38410e28973d91302c77be85/train_p0.npz
cifar10,single_color,green_contrast,0,normalized,-5.0206574440002445,-4.858700752258301,0,10240,0.0,10,/ceph/sagnihot/projects/Lorena_Contrastive_Representation_Arch/sparse_contrast_benchmark_large_batch/outputs/previews/heldout_val/cifar10/single_color/56ae526b7d21bdac1496debb0e3cebab87a7697c38410e28973d91302c77be85/train_p0.npz
cifar10,single_color,green_contrast,0,normalized,-4.858700752258301,-4.696744060516357,0,10240,0.0,10,/ceph/sagnihot/projects/Lorena_Contrastive_Representation_Arch/sparse_contrast_benchmark_large_batch/outputs/previews/heldout_val/cifar10/single_color/56ae526b7d21bdac1496debb0e3cebab87a7697c38410e28973d91302c77be85/train_p0.npz
cifar10,single_color,green_contrast,0,normalized,-4.696744060516357,-4.534787368774414,0,10240,0.0,10,/ceph/sagnihot/projects/Lorena_Contrastive_Representation_Arch/sparse_contrast_benchmark_large_batch/outputs/previews/heldout_val/cifar10/single_color/56ae526b7d21bdac1496debb0e3cebab87a7697c38410e28973d91302c77be85/train_p0.npz
cifar10,single_color,green_contrast,0,normalized,-4.534787368774414,-4.372830677032471,0,10240,0.0,10,/ceph/sagnihot/projects/Lorena_Contrastive_Representation_Arch/sparse_contrast_benchmark_large_batch/outputs/previews/heldout_val/cifar10/single_color/56ae526b7d21bdac1496debb0e3cebab87a7697c38410e28973d91302c77be85/train_p0.npz
cifar10,single_color,green_contrast,0,normalized,-4.372830677032471,-4.210873985290528,0,10240,0.0,10,/ceph/sagnihot/projects/Lorena_Contrastive_Representation_Arch/sparse_contrast_benchmark_large_batch/outputs/previews/heldout_val/cifar10/single_color/56ae526b7d21bdac1496debb0e3cebab87a7697c38410e28973d91302c77be85/train_p0.npz
cifar10,single_color,green_contrast,0,normalized,-4.210873985290528,-4.048917293548584,0,10240,0.0,10,/ceph/sagnihot/projects/Lorena_Contrastive_Representation_Arch/sparse_contrast_benchmark_large_batch/outputs/previews/heldout_val/cifar10/single_color/56ae526b7d21bdac1496debb0e3cebab87a7697c38410e28973d91302c77be85/train_p0.npz
cifar10,single_color,green_contrast,0,normalized,-4.048917293548584,-3.8869606018066407,0,10240,0.0,10,/ceph/sagnihot/projects/Lorena_Contrastive_Representation_Arch/sparse_contrast_benchmark_large_batch/outputs/previews/heldout_val/cifar10/single_color/56ae526b7d21bdac1496debb0e3cebab87a7697c38410e28973d91302c77be85/train_p0.npz
cifar10,single_color,green_contrast,0,normalized,-3.8869606018066407,-3.7250039100646974,0,10240,0.0,10,/ceph/sagnihot/projects/Lorena_Contrastive_Representation_Arch/sparse_contrast_benchmark_large_batch/outputs/previews/heldout_val/cifar10/single_color/56ae526b7d21bdac1496debb0e3cebab87a7697c38410e28973d91302c77be85/train_p0.npz
cifar10,single_color,green_contrast,0,normalized,-3.7250039100646974,-3.563047218322754,2,10240,0.0001953125,10,/ceph/sagnihot/projects/Lorena_Contrastive_Representation_Arch/sparse_contrast_benchmark_large_batch/outputs/previews/heldout_val/cifar10/single_color/56ae526b7d21bdac1496debb0e3cebab87a7697c38410e28973d91302c77be85/train_p0.npz
cifar10,single_color,green_contrast,0,normalized,-3.563047218322754,-3.4010905265808105,2,10240,0.0001953125,10,/ceph/sagnihot/projects/Lorena_Contrastive_Representation_Arch/sparse_contrast_benchmark_large_batch/outputs/previews/heldout_val/cifar10/single_color/56ae526b7d21bdac1496debb0e3cebab87a7697c38410e28973d91302c77be85/train_p0.npz
cifar10,single_color,green_contrast,0,normalized,-3.4010905265808105,-3.239133834838867,5,10240,0.00048828125,10,/ceph/sagnihot/projects/Lorena_Contrastive_Representation_Arch/sparse_contrast_benchmark_large_batch/outputs/previews/heldout_val/cifar10/single_color/56ae526b7d21bdac1496debb0e3cebab87a7697c38410e28973d91302c77be85/train_p0.npz
cifar10,single_color,green_contrast,0,normalized,-3.239133834838867,-3.077177143096924,2,10240,0.0001953125,10,/ceph/sagnihot/projects/Lorena_Contrastive_Representation_Arch/sparse_contrast_benchmark_large_batch/outputs/previews/heldout_val/cifar10/single_color/56ae526b7d21bdac1496debb0e3cebab87a7697c38410e28973d91302c77be85/train_p0.npz
cifar10,single_color,green_contrast,0,normalized,-3.077177143096924,-2.9152204513549806,3,10240,0.00029296875,10,/ceph/sagnihot/projects/Lorena_Contrastive_Representation_Arch/sparse_contrast_benchmark_large_batch/outputs/previews/heldout_val/cifar10/single_color/56ae526b7d21bdac1496debb0e3cebab87a7697c38410e28973d91302c77be85/train_p0.npz
cifar10,single_color,green_contrast,0,normalized,-2.9152204513549806,-2.7532637596130374,5,10240,0.00048828125,10,/ceph/sagnihot/projects/Lorena_Contrastive_Representation_Arch/sparse_contrast_benchmark_large_batch/outputs/previews/heldout_val/cifar10/single_color/56ae526b7d21bdac1496debb0e3cebab87a7697c38410e28973d91302c77be85/train_p0.npz
cifar10,single_color,green_contrast,0,normalized,-2.7532637596130374,-2.591307067871094,5,10240,0.00048828125,10,/ceph/sagnihot/projects/Lorena_Contrastive_Representation_Arch/sparse_contrast_benchmark_large_batch/outputs/previews/heldout_val/cifar10/single_color/56ae526b7d21bdac1496debb0e3cebab87a7697c38410e28973d91302c77be85/train_p0.npz
cifar10,single_color,green_contrast,0,normalized,-2.591307067871094,-2.4293503761291504,11,10240,0.00107421875,10,/ceph/sagnihot/projects/Lorena_Contrastive_Representation_Arch/sparse_contrast_benchmark_large_batch/outputs/previews/heldout_val/cifar10/single_color/56ae526b7d21bdac1496debb0e3cebab87a7697c38410e28973d91302c77be85/train_p0.npz
cifar10,single_color,green_contrast,0,normalized,-2.4293503761291504,-2.2673936843872076,11,10240,0.00107421875,10,/ceph/sagnihot/projects/Lorena_Contrastive_Representation_Arch/sparse_contrast_benchmark_large_batch/outputs/previews/heldout_val/cifar10/single_color/56ae526b7d21bdac1496debb0e3cebab87a7697c38410e28973d91302c77be85/train_p0.npz
cifar10,single_color,green_contrast,0,normalized,-2.2673936843872076,-2.105436992645264,23,10240,0.00224609375,10,/ceph/sagnihot/projects/Lorena_Contrastive_Representation_Arch/sparse_contrast_benchmark_large_batch/outputs/previews/heldout_val/cifar10/single_color/56ae526b7d21bdac1496debb0e3cebab87a7697c38410e28973d91302c77be85/train_p0.npz
cifar10,single_color,green_contrast,0,normalized,-2.105436992645264,-1.9434803009033201,43,10240,0.00419921875,10,/ceph/sagnihot/projects/Lorena_Contrastive_Representation_Arch/sparse_contrast_benchmark_large_batch/outputs/previews/heldout_val/cifar10/single_color/56ae526b7d21bdac1496debb0e3cebab87a7697c38410e28973d91302c77be85/train_p0.npz
cifar10,single_color,green_contrast,0,normalized,-1.9434803009033201,-1.7815236091613773,50,10240,0.0048828125,10,/ceph/sagnihot/projects/Lorena_Contrastive_Representation_Arch/sparse_contrast_benchmark_large_batch/outputs/previews/heldout_val/cifar10/single_color/56ae526b7d21bdac1496debb0e3cebab87a7697c38410e28973d91302c77be85/train_p0.npz
cifar10,single_color,green_contrast,0,normalized,-1.7815236091613773,-1.6195669174194336,64,10240,0.00625,10,/ceph/sagnihot/projects/Lorena_Contrastive_Representation_Arch/sparse_contrast_benchmark_large_batch/outputs/previews/heldout_val/cifar10/single_color/56ae526b7d21bdac1496debb0e3cebab87a7697c38410e28973d91302c77be85/train_p0.npz
cifar10,single_color,green_contrast,0,normalized,-1.6195669174194336,-1.4576102256774908,96,10240,0.009375,10,/ceph/sagnihot/projects/Lorena_Contrastive_Representation_Arch/sparse_contrast_benchmark_large_batch/outputs/previews/heldout_val/cifar10/single_color/56ae526b7d21bdac1496debb0e3cebab87a7697c38410e28973d91302c77be85/train_p0.npz
cifar10,single_color,green_contrast,0,normalized,-1.4576102256774908,-1.295653533935547,107,10240,0.01044921875,10,/ceph/sagnihot/projects/Lorena_Contrastive_Representation_Arch/sparse_contrast_benchmark_large_batch/outputs/previews/heldout_val/cifar10/single_color/56ae526b7d21bdac1496debb0e3cebab87a7697c38410e28973d91302c77be85/train_p0.npz
cifar10,single_color,green_contrast,0,normalized,-1.295653533935547,-1.1336968421936033,132,10240,0.012890625,10,/ceph/sagnihot/projects/Lorena_Contrastive_Representation_Arch/sparse_contrast_benchmark_large_batch/outputs/previews/heldout_val/cifar10/single_color/56ae526b7d21bdac1496debb0e3cebab87a7697c38410e28973d91302c77be85/train_p0.npz
cifar10,single_color,green_contrast,0,normalized,-1.1336968421936033,-0.9717401504516605,227,10240,0.02216796875,10,/ceph/sagnihot/projects/Lorena_Contrastive_Representation_Arch/sparse_contrast_benchmark_large_batch/outputs/previews/heldout_val/cifar10/single_color/56ae526b7d21bdac1496debb0e3cebab87a7697c38410e28973d91302c77be85/train_p0.npz
cifar10,single_color,green_contrast,0,normalized,-0.9717401504516605,-0.8097834587097168,299,10240,0.02919921875,10,/ceph/sagnihot/projects/Lorena_Contrastive_Representation_Arch/sparse_contrast_benchmark_large_batch/outputs/previews/heldout_val/cifar10/single_color/56ae526b7d21bdac1496debb0e3cebab87a7697c38410e28973d91302c77be85/train_p0.npz
cifar10,single_color,green_contrast,0,normalized,-0.8097834587097168,-0.647826766967774,412,10240,0.040234375,10,/ceph/sagnihot/projects/Lorena_Contrastive_Representation_Arch/sparse_contrast_benchmark_large_batch/outputs/previews/heldout_val/cifar10/single_color/56ae526b7d21bdac1496debb0e3cebab87a7697c38410e28973d91302c77be85/train_p0.npz
cifar10,single_color,green_contrast,0,normalized,-0.647826766967774,-0.48587007522583026,589,10240,0.05751953125,10,/ceph/sagnihot/projects/Lorena_Contrastive_Representation_Arch/sparse_contrast_benchmark_large_batch/outputs/previews/heldout_val/cifar10/single_color/56ae526b7d21bdac1496debb0e3cebab87a7697c38410e28973d91302c77be85/train_p0.npz
cifar10,single_color,green_contrast,0,normalized,-0.48587007522583026,-0.32391338348388654,1012,10240,0.098828125,10,/ceph/sagnihot/projects/Lorena_Contrastive_Representation_Arch/sparse_contrast_benchmark_large_batch/outputs/previews/heldout_val/cifar10/single_color/56ae526b7d21bdac1496debb0e3cebab87a7697c38410e28973d91302c77be85/train_p0.npz
cifar10,single_color,green_contrast,0,normalized,-0.32391338348388654,-0.16195669174194371,2685,10240,0.26220703125,10,/ceph/sagnihot/projects/Lorena_Contrastive_Representation_Arch/sparse_contrast_benchmark_large_batch/outputs/previews/heldout_val/cifar10/single_color/56ae526b7d21bdac1496debb0e3cebab87a7697c38410e28973d91302c77be85/train_p0.npz
cifar10,single_color,green_contrast,0,normalized,-0.16195669174194371,0.0,1141,10240,0.11142578125,10,/ceph/sagnihot/projects/Lorena_Contrastive_Representation_Arch/sparse_contrast_benchmark_large_batch/outputs/previews/heldout_val/cifar10/single_color/56ae526b7d21bdac1496debb0e3cebab87a7697c38410e28973d91302c77be85/train_p0.npz
cifar10,single_color,green_contrast,0,normalized,0.0,0.16195669174194283,683,10240,0.06669921875,10,/ceph/sagnihot/projects/Lorena_Contrastive_Representation_Arch/sparse_contrast_benchmark_large_batch/outputs/previews/heldout_val/cifar10/single_color/56ae526b7d21bdac1496debb0e3cebab87a7697c38410e28973d91302c77be85/train_p0.npz
cifar10,single_color,green_contrast,0,normalized,0.16195669174194283,0.32391338348388654,523,10240,0.05107421875,10,/ceph/sagnihot/projects/Lorena_Contrastive_Representation_Arch/sparse_contrast_benchmark_large_batch/outputs/previews/heldout_val/cifar10/single_color/56ae526b7d21bdac1496debb0e3cebab87a7697c38410e28973d91302c77be85/train_p0.npz
cifar10,single_color,green_contrast,0,normalized,0.32391338348388654,0.48587007522583026,357,10240,0.03486328125,10,/ceph/sagnihot/projects/Lorena_Contrastive_Representation_Arch/sparse_contrast_benchmark_large_batch/outputs/previews/heldout_val/cifar10/single_color/56ae526b7d21bdac1496debb0e3cebab87a7697c38410e28973d91302c77be85/train_p0.npz
cifar10,single_color,green_contrast,0,normalized,0.48587007522583026,0.6478267669677731,268,10240,0.026171875,10,/ceph/sagnihot/projects/Lorena_Contrastive_Representation_Arch/sparse_contrast_benchmark_large_batch/outputs/previews/heldout_val/cifar10/single_color/56ae526b7d21bdac1496debb0e3cebab87a7697c38410e28973d91302c77be85/train_p0.npz
cifar10,single_color,green_contrast,0,normalized,0.6478267669677731,0.8097834587097168,247,10240,0.02412109375,10,/ceph/sagnihot/projects/Lorena_Contrastive_Representation_Arch/sparse_contrast_benchmark_large_batch/outputs/previews/heldout_val/cifar10/single_color/56ae526b7d21bdac1496debb0e3cebab87a7697c38410e28973d91302c77be85/train_p0.npz
cifar10,single_color,green_contrast,0,normalized,0.8097834587097168,0.9717401504516596,169,10240,0.01650390625,10,/ceph/sagnihot/projects/Lorena_Contrastive_Representation_Arch/sparse_contrast_benchmark_large_batch/outputs/previews/heldout_val/cifar10/single_color/56ae526b7d21bdac1496debb0e3cebab87a7697c38410e28973d91302c77be85/train_p0.npz
cifar10,single_color,green_contrast,0,normalized,0.9717401504516596,1.1336968421936033,153,10240,0.01494140625,10,/ceph/sagnihot/projects/Lorena_Contrastive_Representation_Arch/sparse_contrast_benchmark_large_batch/outputs/previews/heldout_val/cifar10/single_color/56ae526b7d21bdac1496debb0e3cebab87a7697c38410e28973d91302c77be85/train_p0.npz
cifar10,single_color,green_contrast,0,normalized,1.1336968421936033,1.2956535339355462,125,10240,0.01220703125,10,/ceph/sagnihot/projects/Lorena_Contrastive_Representation_Arch/sparse_contrast_benchmark_large_batch/outputs/previews/heldout_val/cifar10/single_color/56ae526b7d21bdac1496debb0e3cebab87a7697c38410e28973d91302c77be85/train_p0.npz
cifar10,single_color,green_contrast,0,normalized,1.2956535339355462,1.4576102256774899,77,10240,0.00751953125,10,/ceph/sagnihot/projects/Lorena_Contrastive_Representation_Arch/sparse_contrast_benchmark_large_batch/outputs/previews/heldout_val/cifar10/single_color/56ae526b7d21bdac1496debb0e3cebab87a7697c38410e28973d91302c77be85/train_p0.npz
cifar10,single_color,green_contrast,0,normalized,1.4576102256774899,1.6195669174194336,64,10240,0.00625,10,/ceph/sagnihot/projects/Lorena_Contrastive_Representation_Arch/sparse_contrast_benchmark_large_batch/outputs/previews/heldout_val/cifar10/single_color/56ae526b7d21bdac1496debb0e3cebab87a7697c38410e28973d91302c77be85/train_p0.npz
cifar10,single_color,green_contrast,0,normalized,1.6195669174194336,1.7815236091613773,66,10240,0.0064453125,10,/ceph/sagnihot/projects/Lorena_Contrastive_Representation_Arch/sparse_contrast_benchmark_large_batch/outputs/previews/heldout_val/cifar10/single_color/56ae526b7d21bdac1496debb0e3cebab87a7697c38410e28973d91302c77be85/train_p0.npz
cifar10,single_color,green_contrast,0,normalized,1.7815236091613773,1.9434803009033192,55,10240,0.00537109375,10,/ceph/sagnihot/projects/Lorena_Contrastive_Representation_Arch/sparse_contrast_benchmark_large_batch/outputs/previews/heldout_val/cifar10/single_color/56ae526b7d21bdac1496debb0e3cebab87a7697c38410e28973d91302c77be85/train_p0.npz
cifar10,single_color,green_contrast,0,normalized,1.9434803009033192,2.105436992645263,38,10240,0.0037109375,10,/ceph/sagnihot/projects/Lorena_Contrastive_Representation_Arch/sparse_contrast_benchmark_large_batch/outputs/previews/heldout_val/cifar10/single_color/56ae526b7d21bdac1496debb0e3cebab87a7697c38410e28973d91302c77be85/train_p0.npz
cifar10,single_color,green_contrast,0,normalized,2.105436992645263,2.2673936843872067,26,10240,0.0025390625,10,/ceph/sagnihot/projects/Lorena_Contrastive_Representation_Arch/sparse_contrast_benchmark_large_batch/outputs/previews/heldout_val/cifar10/single_color/56ae526b7d21bdac1496debb0e3cebab87a7697c38410e28973d91302c77be85/train_p0.npz
cifar10,single_color,green_contrast,0,normalized,2.2673936843872067,2.4293503761291504,78,10240,0.0076171875,10,/ceph/sagnihot/projects/Lorena_Contrastive_Representation_Arch/sparse_contrast_benchmark_large_batch/outputs/previews/heldout_val/cifar10/single_color/56ae526b7d21bdac1496debb0e3cebab87a7697c38410e28973d91302c77be85/train_p0.npz
cifar10,single_color,green_contrast,0,normalized,2.4293503761291504,2.591307067871094,75,10240,0.00732421875,10,/ceph/sagnihot/projects/Lorena_Contrastive_Representation_Arch/sparse_contrast_benchmark_large_batch/outputs/previews/heldout_val/cifar10/single_color/56ae526b7d21bdac1496debb0e3cebab87a7697c38410e28973d91302c77be85/train_p0.npz
cifar10,single_color,green_contrast,0,normalized,2.591307067871094,2.753263759613036,9,10240,0.00087890625,10,/ceph/sagnihot/projects/Lorena_Contrastive_Representation_Arch/sparse_contrast_benchmark_large_batch/outputs/previews/heldout_val/cifar10/single_color/56ae526b7d21bdac1496debb0e3cebab87a7697c38410e28973d91302c77be85/train_p0.npz
cifar10,single_color,green_contrast,0,normalized,2.753263759613036,2.9152204513549798,10,10240,0.0009765625,10,/ceph/sagnihot/projects/Lorena_Contrastive_Representation_Arch/sparse_contrast_benchmark_large_batch/outputs/previews/heldout_val/cifar10/single_color/56ae526b7d21bdac1496debb0e3cebab87a7697c38410e28973d91302c77be85/train_p0.npz
cifar10,single_color,green_contrast,0,normalized,2.9152204513549798,3.0771771430969235,7,10240,0.00068359375,10,/ceph/sagnihot/projects/Lorena_Contrastive_Representation_Arch/sparse_contrast_benchmark_large_batch/outputs/previews/heldout_val/cifar10/single_color/56ae526b7d21bdac1496debb0e3cebab87a7697c38410e28973d91302c77be85/train_p0.npz
cifar10,single_color,green_contrast,0,normalized,3.0771771430969235,3.239133834838867,11,10240,0.00107421875,10,/ceph/sagnihot/projects/Lorena_Contrastive_Representation_Arch/sparse_contrast_benchmark_large_batch/outputs/previews/heldout_val/cifar10/single_color/56ae526b7d21bdac1496debb0e3cebab87a7697c38410e28973d91302c77be85/train_p0.npz
cifar10,single_color,green_contrast,0,normalized,3.239133834838867,3.401090526580811,13,10240,0.00126953125,10,/ceph/sagnihot/projects/Lorena_Contrastive_Representation_Arch/sparse_contrast_benchmark_large_batch/outputs/previews/heldout_val/cifar10/single_color/56ae526b7d21bdac1496debb0e3cebab87a7697c38410e28973d91302c77be85/train_p0.npz
cifar10,single_color,green_contrast,0,normalized,3.401090526580811,3.563047218322753,22,10240,0.0021484375,10,/ceph/sagnihot/projects/Lorena_Contrastive_Representation_Arch/sparse_contrast_benchmark_large_batch/outputs/previews/heldout_val/cifar10/single_color/56ae526b7d21bdac1496debb0e3cebab87a7697c38410e28973d91302c77be85/train_p0.npz
cifar10,single_color,green_contrast,0,normalized,3.563047218322753,3.7250039100646966,108,10240,0.010546875,10,/ceph/sagnihot/projects/Lorena_Contrastive_Representation_Arch/sparse_contrast_benchmark_large_batch/outputs/previews/heldout_val/cifar10/single_color/56ae526b7d21bdac1496debb0e3cebab87a7697c38410e28973d91302c77be85/train_p0.npz
cifar10,single_color,green_contrast,0,normalized,3.7250039100646966,3.8869606018066403,40,10240,0.00390625,10,/ceph/sagnihot/projects/Lorena_Contrastive_Representation_Arch/sparse_contrast_benchmark_large_batch/outputs/previews/heldout_val/cifar10/single_color/56ae526b7d21bdac1496debb0e3cebab87a7697c38410e28973d91302c77be85/train_p0.npz
cifar10,single_color,green_contrast,0,normalized,3.8869606018066403,4.048917293548584,14,10240,0.0013671875,10,/ceph/sagnihot/projects/Lorena_Contrastive_Representation_Arch/sparse_contrast_benchmark_large_batch/outputs/previews/heldout_val/cifar10/single_color/56ae526b7d21bdac1496debb0e3cebab87a7697c38410e28973d91302c77be85/train_p0.npz
cifar10,single_color,green_contrast,0,normalized,4.048917293548584,4.210873985290528,10,10240,0.0009765625,10,/ceph/sagnihot/projects/Lorena_Contrastive_Representation_Arch/sparse_contrast_benchmark_large_batch/outputs/previews/heldout_val/cifar10/single_color/56ae526b7d21bdac1496debb0e3cebab87a7697c38410e28973d91302c77be85/train_p0.npz
cifar10,single_color,green_contrast,0,normalized,4.210873985290528,4.37283067703247,17,10240,0.00166015625,10,/ceph/sagnihot/projects/Lorena_Contrastive_Representation_Arch/sparse_contrast_benchmark_large_batch/outputs/previews/heldout_val/cifar10/single_color/56ae526b7d21bdac1496debb0e3cebab87a7697c38410e28973d91302c77be85/train_p0.npz
cifar10,single_color,green_contrast,0,normalized,4.37283067703247,4.534787368774413,10,10240,0.0009765625,10,/ceph/sagnihot/projects/Lorena_Contrastive_Representation_Arch/sparse_contrast_benchmark_large_batch/outputs/previews/heldout_val/cifar10/single_color/56ae526b7d21bdac1496debb0e3cebab87a7697c38410e28973d91302c77be85/train_p0.npz
cifar10,single_color,green_contrast,0,normalized,4.534787368774413,4.696744060516357,8,10240,0.00078125,10,/ceph/sagnihot/projects/Lorena_Contrastive_Representation_Arch/sparse_contrast_benchmark_large_batch/outputs/previews/heldout_val/cifar10/single_color/56ae526b7d21bdac1496debb0e3cebab87a7697c38410e28973d91302c77be85/train_p0.npz
cifar10,single_color,green_contrast,0,normalized,4.696744060516357,4.858700752258301,4,10240,0.000390625,10,/ceph/sagnihot/projects/Lorena_Contrastive_Representation_Arch/sparse_contrast_benchmark_large_batch/outputs/previews/heldout_val/cifar10/single_color/56ae526b7d21bdac1496debb0e3cebab87a7697c38410e28973d91302c77be85/train_p0.npz
cifar10,single_color,green_contrast,0,normalized,4.858700752258301,5.0206574440002445,7,10240,0.00068359375,10,/ceph/sagnihot/projects/Lorena_Contrastive_Representation_Arch/sparse_contrast_benchmark_large_batch/outputs/previews/heldout_val/cifar10/single_color/56ae526b7d21bdac1496debb0e3cebab87a7697c38410e28973d91302c77be85/train_p0.npz
cifar10,single_color,green_contrast,0,normalized,5.0206574440002445,5.182614135742186,5,10240,0.00048828125,10,/ceph/sagnihot/projects/Lorena_Contrastive_Representation_Arch/sparse_contrast_benchmark_large_batch/outputs/previews/heldout_val/cifar10/single_color/56ae526b7d21bdac1496debb0e3cebab87a7697c38410e28973d91302c77be85/train_p0.npz
cifar10,single_color,green_contrast,0,normalized,5.182614135742186,5.34457082748413,3,10240,0.00029296875,10,/ceph/sagnihot/projects/Lorena_Contrastive_Representation_Arch/sparse_contrast_benchmark_large_batch/outputs/previews/heldout_val/cifar10/single_color/56ae526b7d21bdac1496debb0e3cebab87a7697c38410e28973d91302c77be85/train_p0.npz
cifar10,single_color,green_contrast,0,normalized,5.34457082748413,5.506527519226074,1,10240,9.765625e-05,10,/ceph/sagnihot/projects/Lorena_Contrastive_Representation_Arch/sparse_contrast_benchmark_large_batch/outputs/previews/heldout_val/cifar10/single_color/56ae526b7d21bdac1496debb0e3cebab87a7697c38410e28973d91302c77be85/train_p0.npz
cifar10,single_color,green_contrast,0,normalized,5.506527519226074,5.668484210968018,1,10240,9.765625e-05,10,/ceph/sagnihot/projects/Lorena_Contrastive_Representation_Arch/sparse_contrast_benchmark_large_batch/outputs/previews/heldout_val/cifar10/single_color/56ae526b7d21bdac1496debb0e3cebab87a7697c38410e28973d91302c77be85/train_p0.npz
cifar10,single_color,green_contrast,0,normalized,5.668484210968018,5.830440902709961,1,10240,9.765625e-05,10,/ceph/sagnihot/projects/Lorena_Contrastive_Representation_Arch/sparse_contrast_benchmark_large_batch/outputs/previews/heldout_val/cifar10/single_color/56ae526b7d21bdac1496debb0e3cebab87a7697c38410e28973d91302c77be85/train_p0.npz
cifar10,single_color,green_contrast,0,normalized,5.830440902709961,5.992397594451903,1,10240,9.765625e-05,10,/ceph/sagnihot/projects/Lorena_Contrastive_Representation_Arch/sparse_contrast_benchmark_large_batch/outputs/previews/heldout_val/cifar10/single_color/56ae526b7d21bdac1496debb0e3cebab87a7697c38410e28973d91302c77be85/train_p0.npz
cifar10,single_color,green_contrast,0,normalized,5.992397594451903,6.154354286193847,0,10240,0.0,10,/ceph/sagnihot/projects/Lorena_Contrastive_Representation_Arch/sparse_contrast_benchmark_large_batch/outputs/previews/heldout_val/cifar10/single_color/56ae526b7d21bdac1496debb0e3cebab87a7697c38410e28973d91302c77be85/train_p0.npz
cifar10,single_color,green_contrast,0,normalized,6.154354286193847,6.316310977935791,6,10240,0.0005859375,10,/ceph/sagnihot/projects/Lorena_Contrastive_Representation_Arch/sparse_contrast_benchmark_large_batch/outputs/previews/heldout_val/cifar10/single_color/56ae526b7d21bdac1496debb0e3cebab87a7697c38410e28973d91302c77be85/train_p0.npz
cifar10,single_color,green_contrast,0,normalized,6.316310977935791,6.478267669677734,2,10240,0.0001953125,10,/ceph/sagnihot/projects/Lorena_Contrastive_Representation_Arch/sparse_contrast_benchmark_large_batch/outputs/previews/heldout_val/cifar10/single_color/56ae526b7d21bdac1496debb0e3cebab87a7697c38410e28973d91302c77be85/train_p0.npz
cifar10,single_color,green_contrast,60,native,-0.5747277140617371,-0.5603595212101936,0,10240,0.0,10,/ceph/sagnihot/projects/Lorena_Contrastive_Representation_Arch/sparse_contrast_benchmark_large_batch/outputs/previews/heldout_val/cifar10/single_color/56ae526b7d21bdac1496debb0e3cebab87a7697c38410e28973d91302c77be85/train_p60.npz
cifar10,single_color,green_contrast,60,native,-0.5603595212101936,-0.5459913283586502,0,10240,0.0,10,/ceph/sagnihot/projects/Lorena_Contrastive_Representation_Arch/sparse_contrast_benchmark_large_batch/outputs/previews/heldout_val/cifar10/single_color/56ae526b7d21bdac1496debb0e3cebab87a7697c38410e28973d91302c77be85/train_p60.npz
cifar10,single_color,green_contrast,60,native,-0.5459913283586502,-0.5316231355071068,0,10240,0.0,10,/ceph/sagnihot/projects/Lorena_Contrastive_Representation_Arch/sparse_contrast_benchmark_large_batch/outputs/previews/heldout_val/cifar10/single_color/56ae526b7d21bdac1496debb0e3cebab87a7697c38410e28973d91302c77be85/train_p60.npz
cifar10,single_color,green_contrast,60,native,-0.5316231355071068,-0.5172549426555634,0,10240,0.0,10,/ceph/sagnihot/projects/Lorena_Contrastive_Representation_Arch/sparse_contrast_benchmark_large_batch/outputs/previews/heldout_val/cifar10/single_color/56ae526b7d21bdac1496debb0e3cebab87a7697c38410e28973d91302c77be85/train_p60.npz
cifar10,single_color,green_contrast,60,native,-0.5172549426555634,-0.5028867498040199,0,10240,0.0,10,/ceph/sagnihot/projects/Lorena_Contrastive_Representation_Arch/sparse_contrast_benchmark_large_batch/outputs/previews/heldout_val/cifar10/single_color/56ae526b7d21bdac1496debb0e3cebab87a7697c38410e28973d91302c77be85/train_p60.npz
cifar10,single_color,green_contrast,60,native,-0.5028867498040199,-0.4885185569524765,0,10240,0.0,10,/ceph/sagnihot/projects/Lorena_Contrastive_Representation_Arch/sparse_contrast_benchmark_large_batch/outputs/previews/heldout_val/cifar10/single_color/56ae526b7d21bdac1496debb0e3cebab87a7697c38410e28973d91302c77be85/train_p60.npz
cifar10,single_color,green_contrast,60,native,-0.4885185569524765,-0.4741503641009331,0,10240,0.0,10,/ceph/sagnihot/projects/Lorena_Contrastive_Representation_Arch/sparse_contrast_benchmark_large_batch/outputs/previews/heldout_val/cifar10/single_color/56ae526b7d21bdac1496debb0e3cebab87a7697c38410e28973d91302c77be85/train_p60.npz
cifar10,single_color,green_contrast,60,native,-0.4741503641009331,-0.45978217124938964,0,10240,0.0,10,/ceph/sagnihot/projects/Lorena_Contrastive_Representation_Arch/sparse_contrast_benchmark_large_batch/outputs/previews/heldout_val/cifar10/single_color/56ae526b7d21bdac1496debb0e3cebab87a7697c38410e28973d91302c77be85/train_p60.npz
cifar10,single_color,green_contrast,60,native,-0.45978217124938964,-0.44541397839784624,0,10240,0.0,10,/ceph/sagnihot/projects/Lorena_Contrastive_Representation_Arch/sparse_contrast_benchmark_large_batch/outputs/previews/heldout_val/cifar10/single_color/56ae526b7d21bdac1496debb0e3cebab87a7697c38410e28973d91302c77be85/train_p60.npz
cifar10,single_color,green_contrast,60,native,-0.44541397839784624,-0.4310457855463028,0,10240,0.0,10,/ceph/sagnihot/projects/Lorena_Contrastive_Representation_Arch/sparse_contrast_benchmark_large_batch/outputs/previews/heldout_val/cifar10/single_color/56ae526b7d21bdac1496debb0e3cebab87a7697c38410e28973d91302c77be85/train_p60.npz
cifar10,single_color,green_contrast,60,native,-0.4310457855463028,-0.41667759269475935,0,10240,0.0,10,/ceph/sagnihot/projects/Lorena_Contrastive_Representation_Arch/sparse_contrast_benchmark_large_batch/outputs/previews/heldout_val/cifar10/single_color/56ae526b7d21bdac1496debb0e3cebab87a7697c38410e28973d91302c77be85/train_p60.npz
cifar10,single_color,green_contrast,60,native,-0.41667759269475935,-0.40230939984321595,0,10240,0.0,10,/ceph/sagnihot/projects/Lorena_Contrastive_Representation_Arch/sparse_contrast_benchmark_large_batch/outputs/previews/heldout_val/cifar10/single_color/56ae526b7d21bdac1496debb0e3cebab87a7697c38410e28973d91302c77be85/train_p60.npz
cifar10,single_color,green_contrast,60,native,-0.40230939984321595,-0.38794120699167256,0,10240,0.0,10,/ceph/sagnihot/projects/Lorena_Contrastive_Representation_Arch/sparse_contrast_benchmark_large_batch/outputs/previews/heldout_val/cifar10/single_color/56ae526b7d21bdac1496debb0e3cebab87a7697c38410e28973d91302c77be85/train_p60.npz
cifar10,single_color,green_contrast,60,native,-0.38794120699167256,-0.3735730141401291,0,10240,0.0,10,/ceph/sagnihot/projects/Lorena_Contrastive_Representation_Arch/sparse_contrast_benchmark_large_batch/outputs/previews/heldout_val/cifar10/single_color/56ae526b7d21bdac1496debb0e3cebab87a7697c38410e28973d91302c77be85/train_p60.npz
cifar10,single_color,green_contrast,60,native,-0.3735730141401291,-0.35920482128858566,0,10240,0.0,10,/ceph/sagnihot/projects/Lorena_Contrastive_Representation_Arch/sparse_contrast_benchmark_large_batch/outputs/previews/heldout_val/cifar10/single_color/56ae526b7d21bdac1496debb0e3cebab87a7697c38410e28973d91302c77be85/train_p60.npz
cifar10,single_color,green_contrast,60,native,-0.35920482128858566,-0.3448366284370422,0,10240,0.0,10,/ceph/sagnihot/projects/Lorena_Contrastive_Representation_Arch/sparse_contrast_benchmark_large_batch/outputs/previews/heldout_val/cifar10/single_color/56ae526b7d21bdac1496debb0e3cebab87a7697c38410e28973d91302c77be85/train_p60.npz
cifar10,single_color,green_contrast,60,native,-0.3448366284370422,-0.3304684355854988,0,10240,0.0,10,/ceph/sagnihot/projects/Lorena_Contrastive_Representation_Arch/sparse_contrast_benchmark_large_batch/outputs/previews/heldout_val/cifar10/single_color/56ae526b7d21bdac1496debb0e3cebab87a7697c38410e28973d91302c77be85/train_p60.npz
cifar10,single_color,green_contrast,60,native,-0.3304684355854988,-0.31610024273395537,0,10240,0.0,10,/ceph/sagnihot/projects/Lorena_Contrastive_Representation_Arch/sparse_contrast_benchmark_large_batch/outputs/previews/heldout_val/cifar10/single_color/56ae526b7d21bdac1496debb0e3cebab87a7697c38410e28973d91302c77be85/train_p60.npz
cifar10,single_color,green_contrast,60,native,-0.31610024273395537,-0.301732049882412,0,10240,0.0,10,/ceph/sagnihot/projects/Lorena_Contrastive_Representation_Arch/sparse_contrast_benchmark_large_batch/outputs/previews/heldout_val/cifar10/single_color/56ae526b7d21bdac1496debb0e3cebab87a7697c38410e28973d91302c77be85/train_p60.npz
cifar10,single_color,green_contrast,60,native,-0.301732049882412,-0.28736385703086853,1,10240,9.765625e-05,10,/ceph/sagnihot/projects/Lorena_Contrastive_Representation_Arch/sparse_contrast_benchmark_large_batch/outputs/previews/heldout_val/cifar10/single_color/56ae526b7d21bdac1496debb0e3cebab87a7697c38410e28973d91302c77be85/train_p60.npz
cifar10,single_color,green_contrast,60,native,-0.28736385703086853,-0.27299566417932514,3,10240,0.00029296875,10,/ceph/sagnihot/projects/Lorena_Contrastive_Representation_Arch/sparse_contrast_benchmark_large_batch/outputs/previews/heldout_val/cifar10/single_color/56ae526b7d21bdac1496debb0e3cebab87a7697c38410e28973d91302c77be85/train_p60.npz
cifar10,single_color,green_contrast,60,native,-0.27299566417932514,-0.2586274713277817,4,10240,0.000390625,10,/ceph/sagnihot/projects/Lorena_Contrastive_Representation_Arch/sparse_contrast_benchmark_large_batch/outputs/previews/heldout_val/cifar10/single_color/56ae526b7d21bdac1496debb0e3cebab87a7697c38410e28973d91302c77be85/train_p60.npz
cifar10,single_color,green_contrast,60,native,-0.2586274713277817,-0.24425927847623824,3,10240,0.00029296875,10,/ceph/sagnihot/projects/Lorena_Contrastive_Representation_Arch/sparse_contrast_benchmark_large_batch/outputs/previews/heldout_val/cifar10/single_color/56ae526b7d21bdac1496debb0e3cebab87a7697c38410e28973d91302c77be85/train_p60.npz
cifar10,single_color,green_contrast,60,native,-0.24425927847623824,-0.22989108562469485,3,10240,0.00029296875,10,/ceph/sagnihot/projects/Lorena_Contrastive_Representation_Arch/sparse_contrast_benchmark_large_batch/outputs/previews/heldout_val/cifar10/single_color/56ae526b7d21bdac1496debb0e3cebab87a7697c38410e28973d91302c77be85/train_p60.npz
cifar10,single_color,green_contrast,60,native,-0.22989108562469485,-0.2155228927731514,5,10240,0.00048828125,10,/ceph/sagnihot/projects/Lorena_Contrastive_Representation_Arch/sparse_contrast_benchmark_large_batch/outputs/previews/heldout_val/cifar10/single_color/56ae526b7d21bdac1496debb0e3cebab87a7697c38410e28973d91302c77be85/train_p60.npz
cifar10,single_color,green_contrast,60,native,-0.2155228927731514,-0.201154699921608,4,10240,0.000390625,10,/ceph/sagnihot/projects/Lorena_Contrastive_Representation_Arch/sparse_contrast_benchmark_large_batch/outputs/previews/heldout_val/cifar10/single_color/56ae526b7d21bdac1496debb0e3cebab87a7697c38410e28973d91302c77be85/train_p60.npz
cifar10,single_color,green_contrast,60,native,-0.201154699921608,-0.18678650707006456,12,10240,0.001171875,10,/ceph/sagnihot/projects/Lorena_Contrastive_Representation_Arch/sparse_contrast_benchmark_large_batch/outputs/previews/heldout_val/cifar10/single_color/56ae526b7d21bdac1496debb0e3cebab87a7697c38410e28973d91302c77be85/train_p60.npz
cifar10,single_color,green_contrast,60,native,-0.18678650707006456,-0.1724183142185211,12,10240,0.001171875,10,/ceph/sagnihot/projects/Lorena_Contrastive_Representation_Arch/sparse_contrast_benchmark_large_batch/outputs/previews/heldout_val/cifar10/single_color/56ae526b7d21bdac1496debb0e3cebab87a7697c38410e28973d91302c77be85/train_p60.npz
cifar10,single_color,green_contrast,60,native,-0.1724183142185211,-0.1580501213669777,24,10240,0.00234375,10,/ceph/sagnihot/projects/Lorena_Contrastive_Representation_Arch/sparse_contrast_benchmark_large_batch/outputs/previews/heldout_val/cifar10/single_color/56ae526b7d21bdac1496debb0e3cebab87a7697c38410e28973d91302c77be85/train_p60.npz
cifar10,single_color,green_contrast,60,native,-0.1580501213669777,-0.14368192851543427,49,10240,0.00478515625,10,/ceph/sagnihot/projects/Lorena_Contrastive_Representation_Arch/sparse_contrast_benchmark_large_batch/outputs/previews/heldout_val/cifar10/single_color/56ae526b7d21bdac1496debb0e3cebab87a7697c38410e28973d91302c77be85/train_p60.npz
cifar10,single_color,green_contrast,60,native,-0.14368192851543427,-0.12931373566389087,49,10240,0.00478515625,10,/ceph/sagnihot/projects/Lorena_Contrastive_Representation_Arch/sparse_contrast_benchmark_large_batch/outputs/previews/heldout_val/cifar10/single_color/56ae526b7d21bdac1496debb0e3cebab87a7697c38410e28973d91302c77be85/train_p60.npz
cifar10,single_color,green_contrast,60,native,-0.12931373566389087,-0.11494554281234742,74,10240,0.0072265625,10,/ceph/sagnihot/projects/Lorena_Contrastive_Representation_Arch/sparse_contrast_benchmark_large_batch/outputs/previews/heldout_val/cifar10/single_color/56ae526b7d21bdac1496debb0e3cebab87a7697c38410e28973d91302c77be85/train_p60.npz
cifar10,single_color,green_contrast,60,native,-0.11494554281234742,-0.10057734996080397,100,10240,0.009765625,10,/ceph/sagnihot/projects/Lorena_Contrastive_Representation_Arch/sparse_contrast_benchmark_large_batch/outputs/previews/heldout_val/cifar10/single_color/56ae526b7d21bdac1496debb0e3cebab87a7697c38410e28973d91302c77be85/train_p60.npz
cifar10,single_color,green_contrast,60,native,-0.10057734996080397,-0.08620915710926058,118,10240,0.0115234375,10,/ceph/sagnihot/projects/Lorena_Contrastive_Representation_Arch/sparse_contrast_benchmark_large_batch/outputs/previews/heldout_val/cifar10/single_color/56ae526b7d21bdac1496debb0e3cebab87a7697c38410e28973d91302c77be85/train_p60.npz
cifar10,single_color,green_contrast,60,native,-0.08620915710926058,-0.07184096425771713,162,10240,0.0158203125,10,/ceph/sagnihot/projects/Lorena_Contrastive_Representation_Arch/sparse_contrast_benchmark_large_batch/outputs/previews/heldout_val/cifar10/single_color/56ae526b7d21bdac1496debb0e3cebab87a7697c38410e28973d91302c77be85/train_p60.npz
cifar10,single_color,green_contrast,60,native,-0.07184096425771713,-0.057472771406173684,218,10240,0.0212890625,10,/ceph/sagnihot/projects/Lorena_Contrastive_Representation_Arch/sparse_contrast_benchmark_large_batch/outputs/previews/heldout_val/cifar10/single_color/56ae526b7d21bdac1496debb0e3cebab87a7697c38410e28973d91302c77be85/train_p60.npz
cifar10,single_color,green_contrast,60,native,-0.057472771406173684,-0.043104578554630346,233,10240,0.02275390625,10,/ceph/sagnihot/projects/Lorena_Contrastive_Representation_Arch/sparse_contrast_benchmark_large_batch/outputs/previews/heldout_val/cifar10/single_color/56ae526b7d21bdac1496debb0e3cebab87a7697c38410e28973d91302c77be85/train_p60.npz
cifar10,single_color,green_contrast,60,native,-0.043104578554630346,-0.028736385703086897,269,10240,0.02626953125,10,/ceph/sagnihot/projects/Lorena_Contrastive_Representation_Arch/sparse_contrast_benchmark_large_batch/outputs/previews/heldout_val/cifar10/single_color/56ae526b7d21bdac1496debb0e3cebab87a7697c38410e28973d91302c77be85/train_p60.npz
cifar10,single_color,green_contrast,60,native,-0.028736385703086897,-0.014368192851543449,109,10240,0.01064453125,10,/ceph/sagnihot/projects/Lorena_Contrastive_Representation_Arch/sparse_contrast_benchmark_large_batch/outputs/previews/heldout_val/cifar10/single_color/56ae526b7d21bdac1496debb0e3cebab87a7697c38410e28973d91302c77be85/train_p60.npz
cifar10,single_color,green_contrast,60,native,-0.014368192851543449,0.0,11,10240,0.00107421875,10,/ceph/sagnihot/projects/Lorena_Contrastive_Representation_Arch/sparse_contrast_benchmark_large_batch/outputs/previews/heldout_val/cifar10/single_color/56ae526b7d21bdac1496debb0e3cebab87a7697c38410e28973d91302c77be85/train_p60.npz
cifar10,single_color,green_contrast,60,native,0.0,0.014368192851543449,6211,10240,0.60654296875,10,/ceph/sagnihot/projects/Lorena_Contrastive_Representation_Arch/sparse_contrast_benchmark_large_batch/outputs/previews/heldout_val/cifar10/single_color/56ae526b7d21bdac1496debb0e3cebab87a7697c38410e28973d91302c77be85/train_p60.npz
cifar10,single_color,green_contrast,60,native,0.014368192851543449,0.028736385703086786,125,10240,0.01220703125,10,/ceph/sagnihot/projects/Lorena_Contrastive_Representation_Arch/sparse_contrast_benchmark_large_batch/outputs/previews/heldout_val/cifar10/single_color/56ae526b7d21bdac1496debb0e3cebab87a7697c38410e28973d91302c77be85/train_p60.npz
cifar10,single_color,green_contrast,60,native,0.028736385703086786,0.043104578554630235,326,10240,0.0318359375,10,/ceph/sagnihot/projects/Lorena_Contrastive_Representation_Arch/sparse_contrast_benchmark_large_batch/outputs/previews/heldout_val/cifar10/single_color/56ae526b7d21bdac1496debb0e3cebab87a7697c38410e28973d91302c77be85/train_p60.npz
cifar10,single_color,green_contrast,60,native,0.043104578554630235,0.057472771406173684,296,10240,0.02890625,10,/ceph/sagnihot/projects/Lorena_Contrastive_Representation_Arch/sparse_contrast_benchmark_large_batch/outputs/previews/heldout_val/cifar10/single_color/56ae526b7d21bdac1496debb0e3cebab87a7697c38410e28973d91302c77be85/train_p60.npz
cifar10,single_color,green_contrast,60,native,0.057472771406173684,0.07184096425771713,260,10240,0.025390625,10,/ceph/sagnihot/projects/Lorena_Contrastive_Representation_Arch/sparse_contrast_benchmark_large_batch/outputs/previews/heldout_val/cifar10/single_color/56ae526b7d21bdac1496debb0e3cebab87a7697c38410e28973d91302c77be85/train_p60.npz
cifar10,single_color,green_contrast,60,native,0.07184096425771713,0.08620915710926058,264,10240,0.02578125,10,/ceph/sagnihot/projects/Lorena_Contrastive_Representation_Arch/sparse_contrast_benchmark_large_batch/outputs/previews/heldout_val/cifar10/single_color/56ae526b7d21bdac1496debb0e3cebab87a7697c38410e28973d91302c77be85/train_p60.npz
cifar10,single_color,green_contrast,60,native,0.08620915710926058,0.10057734996080392,187,10240,0.01826171875,10,/ceph/sagnihot/projects/Lorena_Contrastive_Representation_Arch/sparse_contrast_benchmark_large_batch/outputs/previews/heldout_val/cifar10/single_color/56ae526b7d21bdac1496debb0e3cebab87a7697c38410e28973d91302c77be85/train_p60.npz
cifar10,single_color,green_contrast,60,native,0.10057734996080392,0.11494554281234737,157,10240,0.01533203125,10,/ceph/sagnihot/projects/Lorena_Contrastive_Representation_Arch/sparse_contrast_benchmark_large_batch/outputs/previews/heldout_val/cifar10/single_color/56ae526b7d21bdac1496debb0e3cebab87a7697c38410e28973d91302c77be85/train_p60.npz
cifar10,single_color,green_contrast,60,native,0.11494554281234737,0.12931373566389082,142,10240,0.0138671875,10,/ceph/sagnihot/projects/Lorena_Contrastive_Representation_Arch/sparse_contrast_benchmark_large_batch/outputs/previews/heldout_val/cifar10/single_color/56ae526b7d21bdac1496debb0e3cebab87a7697c38410e28973d91302c77be85/train_p60.npz
cifar10,single_color,green_contrast,60,native,0.12931373566389082,0.14368192851543427,85,10240,0.00830078125,10,/ceph/sagnihot/projects/Lorena_Contrastive_Representation_Arch/sparse_contrast_benchmark_large_batch/outputs/previews/heldout_val/cifar10/single_color/56ae526b7d21bdac1496debb0e3cebab87a7697c38410e28973d91302c77be85/train_p60.npz
cifar10,single_color,green_contrast,60,native,0.14368192851543427,0.1580501213669777,69,10240,0.00673828125,10,/ceph/sagnihot/projects/Lorena_Contrastive_Representation_Arch/sparse_contrast_benchmark_large_batch/outputs/previews/heldout_val/cifar10/single_color/56ae526b7d21bdac1496debb0e3cebab87a7697c38410e28973d91302c77be85/train_p60.npz
cifar10,single_color,green_contrast,60,native,0.1580501213669777,0.17241831421852105,67,10240,0.00654296875,10,/ceph/sagnihot/projects/Lorena_Contrastive_Representation_Arch/sparse_contrast_benchmark_large_batch/outputs/previews/heldout_val/cifar10/single_color/56ae526b7d21bdac1496debb0e3cebab87a7697c38410e28973d91302c77be85/train_p60.npz
cifar10,single_color,green_contrast,60,native,0.17241831421852105,0.1867865070700645,58,10240,0.0056640625,10,/ceph/sagnihot/projects/Lorena_Contrastive_Representation_Arch/sparse_contrast_benchmark_large_batch/outputs/previews/heldout_val/cifar10/single_color/56ae526b7d21bdac1496debb0e3cebab87a7697c38410e28973d91302c77be85/train_p60.npz
cifar10,single_color,green_contrast,60,native,0.1867865070700645,0.20115469992160795,41,10240,0.00400390625,10,/ceph/sagnihot/projects/Lorena_Contrastive_Representation_Arch/sparse_contrast_benchmark_large_batch/outputs/previews/heldout_val/cifar10/single_color/56ae526b7d21bdac1496debb0e3cebab87a7697c38410e28973d91302c77be85/train_p60.npz
cifar10,single_color,green_contrast,60,native,0.20115469992160795,0.2155228927731514,26,10240,0.0025390625,10,/ceph/sagnihot/projects/Lorena_Contrastive_Representation_Arch/sparse_contrast_benchmark_large_batch/outputs/previews/heldout_val/cifar10/single_color/56ae526b7d21bdac1496debb0e3cebab87a7697c38410e28973d91302c77be85/train_p60.npz
cifar10,single_color,green_contrast,60,native,0.2155228927731514,0.22989108562469485,98,10240,0.0095703125,10,/ceph/sagnihot/projects/Lorena_Contrastive_Representation_Arch/sparse_contrast_benchmark_large_batch/outputs/previews/heldout_val/cifar10/single_color/56ae526b7d21bdac1496debb0e3cebab87a7697c38410e28973d91302c77be85/train_p60.npz
cifar10,single_color,green_contrast,60,native,0.22989108562469485,0.24425927847623818,56,10240,0.00546875,10,/ceph/sagnihot/projects/Lorena_Contrastive_Representation_Arch/sparse_contrast_benchmark_large_batch/outputs/previews/heldout_val/cifar10/single_color/56ae526b7d21bdac1496debb0e3cebab87a7697c38410e28973d91302c77be85/train_p60.npz
cifar10,single_color,green_contrast,60,native,0.24425927847623818,0.25862747132778163,9,10240,0.00087890625,10,/ceph/sagnihot/projects/Lorena_Contrastive_Representation_Arch/sparse_contrast_benchmark_large_batch/outputs/previews/heldout_val/cifar10/single_color/56ae526b7d21bdac1496debb0e3cebab87a7697c38410e28973d91302c77be85/train_p60.npz
cifar10,single_color,green_contrast,60,native,0.25862747132778163,0.2729956641793251,9,10240,0.00087890625,10,/ceph/sagnihot/projects/Lorena_Contrastive_Representation_Arch/sparse_contrast_benchmark_large_batch/outputs/previews/heldout_val/cifar10/single_color/56ae526b7d21bdac1496debb0e3cebab87a7697c38410e28973d91302c77be85/train_p60.npz
cifar10,single_color,green_contrast,60,native,0.2729956641793251,0.28736385703086853,14,10240,0.0013671875,10,/ceph/sagnihot/projects/Lorena_Contrastive_Representation_Arch/sparse_contrast_benchmark_large_batch/outputs/previews/heldout_val/cifar10/single_color/56ae526b7d21bdac1496debb0e3cebab87a7697c38410e28973d91302c77be85/train_p60.npz
cifar10,single_color,green_contrast,60,native,0.28736385703086853,0.301732049882412,8,10240,0.00078125,10,/ceph/sagnihot/projects/Lorena_Contrastive_Representation_Arch/sparse_contrast_benchmark_large_batch/outputs/previews/heldout_val/cifar10/single_color/56ae526b7d21bdac1496debb0e3cebab87a7697c38410e28973d91302c77be85/train_p60.npz
cifar10,single_color,green_contrast,60,native,0.301732049882412,0.3161002427339553,15,10240,0.00146484375,10,/ceph/sagnihot/projects/Lorena_Contrastive_Representation_Arch/sparse_contrast_benchmark_large_batch/outputs/previews/heldout_val/cifar10/single_color/56ae526b7d21bdac1496debb0e3cebab87a7697c38410e28973d91302c77be85/train_p60.npz
cifar10,single_color,green_contrast,60,native,0.3161002427339553,0.33046843558549877,35,10240,0.00341796875,10,/ceph/sagnihot/projects/Lorena_Contrastive_Representation_Arch/sparse_contrast_benchmark_large_batch/outputs/previews/heldout_val/cifar10/single_color/56ae526b7d21bdac1496debb0e3cebab87a7697c38410e28973d91302c77be85/train_p60.npz
cifar10,single_color,green_contrast,60,native,0.33046843558549877,0.3448366284370422,111,10240,0.01083984375,10,/ceph/sagnihot/projects/Lorena_Contrastive_Representation_Arch/sparse_contrast_benchmark_large_batch/outputs/previews/heldout_val/cifar10/single_color/56ae526b7d21bdac1496debb0e3cebab87a7697c38410e28973d91302c77be85/train_p60.npz
cifar10,single_color,green_contrast,60,native,0.3448366284370422,0.35920482128858566,24,10240,0.00234375,10,/ceph/sagnihot/projects/Lorena_Contrastive_Representation_Arch/sparse_contrast_benchmark_large_batch/outputs/previews/heldout_val/cifar10/single_color/56ae526b7d21bdac1496debb0e3cebab87a7697c38410e28973d91302c77be85/train_p60.npz
cifar10,single_color,green_contrast,60,native,0.35920482128858566,0.3735730141401291,13,10240,0.00126953125,10,/ceph/sagnihot/projects/Lorena_Contrastive_Representation_Arch/sparse_contrast_benchmark_large_batch/outputs/previews/heldout_val/cifar10/single_color/56ae526b7d21bdac1496debb0e3cebab87a7697c38410e28973d91302c77be85/train_p60.npz
cifar10,single_color,green_contrast,60,native,0.3735730141401291,0.38794120699167245,11,10240,0.00107421875,10,/ceph/sagnihot/projects/Lorena_Contrastive_Representation_Arch/sparse_contrast_benchmark_large_batch/outputs/previews/heldout_val/cifar10/single_color/56ae526b7d21bdac1496debb0e3cebab87a7697c38410e28973d91302c77be85/train_p60.npz
cifar10,single_color,green_contrast,60,native,0.38794120699167245,0.4023093998432159,16,10240,0.0015625,10,/ceph/sagnihot/projects/Lorena_Contrastive_Representation_Arch/sparse_contrast_benchmark_large_batch/outputs/previews/heldout_val/cifar10/single_color/56ae526b7d21bdac1496debb0e3cebab87a7697c38410e28973d91302c77be85/train_p60.npz
cifar10,single_color,green_contrast,60,native,0.4023093998432159,0.41667759269475935,8,10240,0.00078125,10,/ceph/sagnihot/projects/Lorena_Contrastive_Representation_Arch/sparse_contrast_benchmark_large_batch/outputs/previews/heldout_val/cifar10/single_color/56ae526b7d21bdac1496debb0e3cebab87a7697c38410e28973d91302c77be85/train_p60.npz
cifar10,single_color,green_contrast,60,native,0.41667759269475935,0.4310457855463028,9,10240,0.00087890625,10,/ceph/sagnihot/projects/Lorena_Contrastive_Representation_Arch/sparse_contrast_benchmark_large_batch/outputs/previews/heldout_val/cifar10/single_color/56ae526b7d21bdac1496debb0e3cebab87a7697c38410e28973d91302c77be85/train_p60.npz
cifar10,single_color,green_contrast,60,native,0.4310457855463028,0.44541397839784613,5,10240,0.00048828125,10,/ceph/sagnihot/projects/Lorena_Contrastive_Representation_Arch/sparse_contrast_benchmark_large_batch/outputs/previews/heldout_val/cifar10/single_color/56ae526b7d21bdac1496debb0e3cebab87a7697c38410e28973d91302c77be85/train_p60.npz
cifar10,single_color,green_contrast,60,native,0.44541397839784613,0.4597821712493897,7,10240,0.00068359375,10,/ceph/sagnihot/projects/Lorena_Contrastive_Representation_Arch/sparse_contrast_benchmark_large_batch/outputs/previews/heldout_val/cifar10/single_color/56ae526b7d21bdac1496debb0e3cebab87a7697c38410e28973d91302c77be85/train_p60.npz
cifar10,single_color,green_contrast,60,native,0.4597821712493897,0.47415036410093303,3,10240,0.00029296875,10,/ceph/sagnihot/projects/Lorena_Contrastive_Representation_Arch/sparse_contrast_benchmark_large_batch/outputs/previews/heldout_val/cifar10/single_color/56ae526b7d21bdac1496debb0e3cebab87a7697c38410e28973d91302c77be85/train_p60.npz
cifar10,single_color,green_contrast,60,native,0.47415036410093303,0.48851855695247637,1,10240,9.765625e-05,10,/ceph/sagnihot/projects/Lorena_Contrastive_Representation_Arch/sparse_contrast_benchmark_large_batch/outputs/previews/heldout_val/cifar10/single_color/56ae526b7d21bdac1496debb0e3cebab87a7697c38410e28973d91302c77be85/train_p60.npz
cifar10,single_color,green_contrast,60,native,0.48851855695247637,0.5028867498040199,1,10240,9.765625e-05,10,/ceph/sagnihot/projects/Lorena_Contrastive_Representation_Arch/sparse_contrast_benchmark_large_batch/outputs/previews/heldout_val/cifar10/single_color/56ae526b7d21bdac1496debb0e3cebab87a7697c38410e28973d91302c77be85/train_p60.npz
cifar10,single_color,green_contrast,60,native,0.5028867498040199,0.5172549426555633,1,10240,9.765625e-05,10,/ceph/sagnihot/projects/Lorena_Contrastive_Representation_Arch/sparse_contrast_benchmark_large_batch/outputs/previews/heldout_val/cifar10/single_color/56ae526b7d21bdac1496debb0e3cebab87a7697c38410e28973d91302c77be85/train_p60.npz
cifar10,single_color,green_contrast,60,native,0.5172549426555633,0.5316231355071068,1,10240,9.765625e-05,10,/ceph/sagnihot/projects/Lorena_Contrastive_Representation_Arch/sparse_contrast_benchmark_large_batch/outputs/previews/heldout_val/cifar10/single_color/56ae526b7d21bdac1496debb0e3cebab87a7697c38410e28973d91302c77be85/train_p60.npz
cifar10,single_color,green_contrast,60,native,0.5316231355071068,0.5459913283586502,0,10240,0.0,10,/ceph/sagnihot/projects/Lorena_Contrastive_Representation_Arch/sparse_contrast_benchmark_large_batch/outputs/previews/heldout_val/cifar10/single_color/56ae526b7d21bdac1496debb0e3cebab87a7697c38410e28973d91302c77be85/train_p60.npz
cifar10,single_color,green_contrast,60,native,0.5459913283586502,0.5603595212101935,6,10240,0.0005859375,10,/ceph/sagnihot/projects/Lorena_Contrastive_Representation_Arch/sparse_contrast_benchmark_large_batch/outputs/previews/heldout_val/cifar10/single_color/56ae526b7d21bdac1496debb0e3cebab87a7697c38410e28973d91302c77be85/train_p60.npz
cifar10,single_color,green_contrast,60,native,0.5603595212101935,0.5747277140617371,2,10240,0.0001953125,10,/ceph/sagnihot/projects/Lorena_Contrastive_Representation_Arch/sparse_contrast_benchmark_large_batch/outputs/previews/heldout_val/cifar10/single_color/56ae526b7d21bdac1496debb0e3cebab87a7697c38410e28973d91302c77be85/train_p60.npz
cifar10,single_color,green_contrast,60,normalized,-6.478267669677734,-6.316310977935791,0,10240,0.0,10,/ceph/sagnihot/projects/Lorena_Contrastive_Representation_Arch/sparse_contrast_benchmark_large_batch/outputs/previews/heldout_val/cifar10/single_color/56ae526b7d21bdac1496debb0e3cebab87a7697c38410e28973d91302c77be85/train_p60.npz
cifar10,single_color,green_contrast,60,normalized,-6.316310977935791,-6.154354286193848,0,10240,0.0,10,/ceph/sagnihot/projects/Lorena_Contrastive_Representation_Arch/sparse_contrast_benchmark_large_batch/outputs/previews/heldout_val/cifar10/single_color/56ae526b7d21bdac1496debb0e3cebab87a7697c38410e28973d91302c77be85/train_p60.npz
cifar10,single_color,green_contrast,60,normalized,-6.154354286193848,-5.992397594451904,0,10240,0.0,10,/ceph/sagnihot/projects/Lorena_Contrastive_Representation_Arch/sparse_contrast_benchmark_large_batch/outputs/previews/heldout_val/cifar10/single_color/56ae526b7d21bdac1496debb0e3cebab87a7697c38410e28973d91302c77be85/train_p60.npz
cifar10,single_color,green_contrast,60,normalized,-5.992397594451904,-5.830440902709961,0,10240,0.0,10,/ceph/sagnihot/projects/Lorena_Contrastive_Representation_Arch/sparse_contrast_benchmark_large_batch/outputs/previews/heldout_val/cifar10/single_color/56ae526b7d21bdac1496debb0e3cebab87a7697c38410e28973d91302c77be85/train_p60.npz
cifar10,single_color,green_contrast,60,normalized,-5.830440902709961,-5.668484210968018,0,10240,0.0,10,/ceph/sagnihot/projects/Lorena_Contrastive_Representation_Arch/sparse_contrast_benchmark_large_batch/outputs/previews/heldout_val/cifar10/single_color/56ae526b7d21bdac1496debb0e3cebab87a7697c38410e28973d91302c77be85/train_p60.npz
cifar10,single_color,green_contrast,60,normalized,-5.668484210968018,-5.506527519226074,0,10240,0.0,10,/ceph/sagnihot/projects/Lorena_Contrastive_Representation_Arch/sparse_contrast_benchmark_large_batch/outputs/previews/heldout_val/cifar10/single_color/56ae526b7d21bdac1496debb0e3cebab87a7697c38410e28973d91302c77be85/train_p60.npz
cifar10,single_color,green_contrast,60,normalized,-5.506527519226074,-5.344570827484131,0,10240,0.0,10,/ceph/sagnihot/projects/Lorena_Contrastive_Representation_Arch/sparse_contrast_benchmark_large_batch/outputs/previews/heldout_val/cifar10/single_color/56ae526b7d21bdac1496debb0e3cebab87a7697c38410e28973d91302c77be85/train_p60.npz
cifar10,single_color,green_contrast,60,normalized,-5.344570827484131,-5.182614135742187,0,10240,0.0,10,/ceph/sagnihot/projects/Lorena_Contrastive_Representation_Arch/sparse_contrast_benchmark_large_batch/outputs/previews/heldout_val/cifar10/single_color/56ae526b7d21bdac1496debb0e3cebab87a7697c38410e28973d91302c77be85/train_p60.npz
cifar10,single_color,green_contrast,60,normalized,-5.182614135742187,-5.0206574440002445,0,10240,0.0,10,/ceph/sagnihot/projects/Lorena_Contrastive_Representation_Arch/sparse_contrast_benchmark_large_batch/outputs/previews/heldout_val/cifar10/single_color/56ae526b7d21bdac1496debb0e3cebab87a7697c38410e28973d91302c77be85/train_p60.npz
cifar10,single_color,green_contrast,60,normalized,-5.0206574440002445,-4.858700752258301,0,10240,0.0,10,/ceph/sagnihot/projects/Lorena_Contrastive_Representation_Arch/sparse_contrast_benchmark_large_batch/outputs/previews/heldout_val/cifar10/single_color/56ae526b7d21bdac1496debb0e3cebab87a7697c38410e28973d91302c77be85/train_p60.npz
cifar10,single_color,green_contrast,60,normalized,-4.858700752258301,-4.696744060516357,0,10240,0.0,10,/ceph/sagnihot/projects/Lorena_Contrastive_Representation_Arch/sparse_contrast_benchmark_large_batch/outputs/previews/heldout_val/cifar10/single_color/56ae526b7d21bdac1496debb0e3cebab87a7697c38410e28973d91302c77be85/train_p60.npz
cifar10,single_color,green_contrast,60,normalized,-4.696744060516357,-4.534787368774414,0,10240,0.0,10,/ceph/sagnihot/projects/Lorena_Contrastive_Representation_Arch/sparse_contrast_benchmark_large_batch/outputs/previews/heldout_val/cifar10/single_color/56ae526b7d21bdac1496debb0e3cebab87a7697c38410e28973d91302c77be85/train_p60.npz
cifar10,single_color,green_contrast,60,normalized,-4.534787368774414,-4.372830677032471,0,10240,0.0,10,/ceph/sagnihot/projects/Lorena_Contrastive_Representation_Arch/sparse_contrast_benchmark_large_batch/outputs/previews/heldout_val/cifar10/single_color/56ae526b7d21bdac1496debb0e3cebab87a7697c38410e28973d91302c77be85/train_p60.npz
cifar10,single_color,green_contrast,60,normalized,-4.372830677032471,-4.210873985290528,0,10240,0.0,10,/ceph/sagnihot/projects/Lorena_Contrastive_Representation_Arch/sparse_contrast_benchmark_large_batch/outputs/previews/heldout_val/cifar10/single_color/56ae526b7d21bdac1496debb0e3cebab87a7697c38410e28973d91302c77be85/train_p60.npz
cifar10,single_color,green_contrast,60,normalized,-4.210873985290528,-4.048917293548584,0,10240,0.0,10,/ceph/sagnihot/projects/Lorena_Contrastive_Representation_Arch/sparse_contrast_benchmark_large_batch/outputs/previews/heldout_val/cifar10/single_color/56ae526b7d21bdac1496debb0e3cebab87a7697c38410e28973d91302c77be85/train_p60.npz
cifar10,single_color,green_contrast,60,normalized,-4.048917293548584,-3.8869606018066407,0,10240,0.0,10,/ceph/sagnihot/projects/Lorena_Contrastive_Representation_Arch/sparse_contrast_benchmark_large_batch/outputs/previews/heldout_val/cifar10/single_color/56ae526b7d21bdac1496debb0e3cebab87a7697c38410e28973d91302c77be85/train_p60.npz
cifar10,single_color,green_contrast,60,normalized,-3.8869606018066407,-3.7250039100646974,0,10240,0.0,10,/ceph/sagnihot/projects/Lorena_Contrastive_Representation_Arch/sparse_contrast_benchmark_large_batch/outputs/previews/heldout_val/cifar10/single_color/56ae526b7d21bdac1496debb0e3cebab87a7697c38410e28973d91302c77be85/train_p60.npz
cifar10,single_color,green_contrast,60,normalized,-3.7250039100646974,-3.563047218322754,2,10240,0.0001953125,10,/ceph/sagnihot/projects/Lorena_Contrastive_Representation_Arch/sparse_contrast_benchmark_large_batch/outputs/previews/heldout_val/cifar10/single_color/56ae526b7d21bdac1496debb0e3cebab87a7697c38410e28973d91302c77be85/train_p60.npz
cifar10,single_color,green_contrast,60,normalized,-3.563047218322754,-3.4010905265808105,2,10240,0.0001953125,10,/ceph/sagnihot/projects/Lorena_Contrastive_Representation_Arch/sparse_contrast_benchmark_large_batch/outputs/previews/heldout_val/cifar10/single_color/56ae526b7d21bdac1496debb0e3cebab87a7697c38410e28973d91302c77be85/train_p60.npz
cifar10,single_color,green_contrast,60,normalized,-3.4010905265808105,-3.239133834838867,5,10240,0.00048828125,10,/ceph/sagnihot/projects/Lorena_Contrastive_Representation_Arch/sparse_contrast_benchmark_large_batch/outputs/previews/heldout_val/cifar10/single_color/56ae526b7d21bdac1496debb0e3cebab87a7697c38410e28973d91302c77be85/train_p60.npz
cifar10,single_color,green_contrast,60,normalized,-3.239133834838867,-3.077177143096924,2,10240,0.0001953125,10,/ceph/sagnihot/projects/Lorena_Contrastive_Representation_Arch/sparse_contrast_benchmark_large_batch/outputs/previews/heldout_val/cifar10/single_color/56ae526b7d21bdac1496debb0e3cebab87a7697c38410e28973d91302c77be85/train_p60.npz
cifar10,single_color,green_contrast,60,normalized,-3.077177143096924,-2.9152204513549806,3,10240,0.00029296875,10,/ceph/sagnihot/projects/Lorena_Contrastive_Representation_Arch/sparse_contrast_benchmark_large_batch/outputs/previews/heldout_val/cifar10/single_color/56ae526b7d21bdac1496debb0e3cebab87a7697c38410e28973d91302c77be85/train_p60.npz
cifar10,single_color,green_contrast,60,normalized,-2.9152204513549806,-2.7532637596130374,5,10240,0.00048828125,10,/ceph/sagnihot/projects/Lorena_Contrastive_Representation_Arch/sparse_contrast_benchmark_large_batch/outputs/previews/heldout_val/cifar10/single_color/56ae526b7d21bdac1496debb0e3cebab87a7697c38410e28973d91302c77be85/train_p60.npz
cifar10,single_color,green_contrast,60,normalized,-2.7532637596130374,-2.591307067871094,5,10240,0.00048828125,10,/ceph/sagnihot/projects/Lorena_Contrastive_Representation_Arch/sparse_contrast_benchmark_large_batch/outputs/previews/heldout_val/cifar10/single_color/56ae526b7d21bdac1496debb0e3cebab87a7697c38410e28973d91302c77be85/train_p60.npz
cifar10,single_color,green_contrast,60,normalized,-2.591307067871094,-2.4293503761291504,11,10240,0.00107421875,10,/ceph/sagnihot/projects/Lorena_Contrastive_Representation_Arch/sparse_contrast_benchmark_large_batch/outputs/previews/heldout_val/cifar10/single_color/56ae526b7d21bdac1496debb0e3cebab87a7697c38410e28973d91302c77be85/train_p60.npz
cifar10,single_color,green_contrast,60,normalized,-2.4293503761291504,-2.2673936843872076,11,10240,0.00107421875,10,/ceph/sagnihot/projects/Lorena_Contrastive_Representation_Arch/sparse_contrast_benchmark_large_batch/outputs/previews/heldout_val/cifar10/single_color/56ae526b7d21bdac1496debb0e3cebab87a7697c38410e28973d91302c77be85/train_p60.npz
cifar10,single_color,green_contrast,60,normalized,-2.2673936843872076,-2.105436992645264,23,10240,0.00224609375,10,/ceph/sagnihot/projects/Lorena_Contrastive_Representation_Arch/sparse_contrast_benchmark_large_batch/outputs/previews/heldout_val/cifar10/single_color/56ae526b7d21bdac1496debb0e3cebab87a7697c38410e28973d91302c77be85/train_p60.npz
cifar10,single_color,green_contrast,60,normalized,-2.105436992645264,-1.9434803009033201,43,10240,0.00419921875,10,/ceph/sagnihot/projects/Lorena_Contrastive_Representation_Arch/sparse_contrast_benchmark_large_batch/outputs/previews/heldout_val/cifar10/single_color/56ae526b7d21bdac1496debb0e3cebab87a7697c38410e28973d91302c77be85/train_p60.npz
cifar10,single_color,green_contrast,60,normalized,-1.9434803009033201,-1.7815236091613773,50,10240,0.0048828125,10,/ceph/sagnihot/projects/Lorena_Contrastive_Representation_Arch/sparse_contrast_benchmark_large_batch/outputs/previews/heldout_val/cifar10/single_color/56ae526b7d21bdac1496debb0e3cebab87a7697c38410e28973d91302c77be85/train_p60.npz
cifar10,single_color,green_contrast,60,normalized,-1.7815236091613773,-1.6195669174194336,64,10240,0.00625,10,/ceph/sagnihot/projects/Lorena_Contrastive_Representation_Arch/sparse_contrast_benchmark_large_batch/outputs/previews/heldout_val/cifar10/single_color/56ae526b7d21bdac1496debb0e3cebab87a7697c38410e28973d91302c77be85/train_p60.npz
cifar10,single_color,green_contrast,60,normalized,-1.6195669174194336,-1.4576102256774908,96,10240,0.009375,10,/ceph/sagnihot/projects/Lorena_Contrastive_Representation_Arch/sparse_contrast_benchmark_large_batch/outputs/previews/heldout_val/cifar10/single_color/56ae526b7d21bdac1496debb0e3cebab87a7697c38410e28973d91302c77be85/train_p60.npz
cifar10,single_color,green_contrast,60,normalized,-1.4576102256774908,-1.295653533935547,107,10240,0.01044921875,10,/ceph/sagnihot/projects/Lorena_Contrastive_Representation_Arch/sparse_contrast_benchmark_large_batch/outputs/previews/heldout_val/cifar10/single_color/56ae526b7d21bdac1496debb0e3cebab87a7697c38410e28973d91302c77be85/train_p60.npz
cifar10,single_color,green_contrast,60,normalized,-1.295653533935547,-1.1336968421936033,127,10240,0.01240234375,10,/ceph/sagnihot/projects/Lorena_Contrastive_Representation_Arch/sparse_contrast_benchmark_large_batch/outputs/previews/heldout_val/cifar10/single_color/56ae526b7d21bdac1496debb0e3cebab87a7697c38410e28973d91302c77be85/train_p60.npz
cifar10,single_color,green_contrast,60,normalized,-1.1336968421936033,-0.9717401504516605,204,10240,0.019921875,10,/ceph/sagnihot/projects/Lorena_Contrastive_Representation_Arch/sparse_contrast_benchmark_large_batch/outputs/previews/heldout_val/cifar10/single_color/56ae526b7d21bdac1496debb0e3cebab87a7697c38410e28973d91302c77be85/train_p60.npz
cifar10,single_color,green_contrast,60,normalized,-0.9717401504516605,-0.8097834587097168,249,10240,0.02431640625,10,/ceph/sagnihot/projects/Lorena_Contrastive_Representation_Arch/sparse_contrast_benchmark_large_batch/outputs/previews/heldout_val/cifar10/single_color/56ae526b7d21bdac1496debb0e3cebab87a7697c38410e28973d91302c77be85/train_p60.npz
cifar10,single_color,green_contrast,60,normalized,-0.8097834587097168,-0.647826766967774,237,10240,0.02314453125,10,/ceph/sagnihot/projects/Lorena_Contrastive_Representation_Arch/sparse_contrast_benchmark_large_batch/outputs/previews/heldout_val/cifar10/single_color/56ae526b7d21bdac1496debb0e3cebab87a7697c38410e28973d91302c77be85/train_p60.npz
cifar10,single_color,green_contrast,60,normalized,-0.647826766967774,-0.48587007522583026,187,10240,0.01826171875,10,/ceph/sagnihot/projects/Lorena_Contrastive_Representation_Arch/sparse_contrast_benchmark_large_batch/outputs/previews/heldout_val/cifar10/single_color/56ae526b7d21bdac1496debb0e3cebab87a7697c38410e28973d91302c77be85/train_p60.npz
cifar10,single_color,green_contrast,60,normalized,-0.48587007522583026,-0.32391338348388654,30,10240,0.0029296875,10,/ceph/sagnihot/projects/Lorena_Contrastive_Representation_Arch/sparse_contrast_benchmark_large_batch/outputs/previews/heldout_val/cifar10/single_color/56ae526b7d21bdac1496debb0e3cebab87a7697c38410e28973d91302c77be85/train_p60.npz
cifar10,single_color,green_contrast,60,normalized,-0.32391338348388654,-0.16195669174194371,6206,10240,0.6060546875,10,/ceph/sagnihot/projects/Lorena_Contrastive_Representation_Arch/sparse_contrast_benchmark_large_batch/outputs/previews/heldout_val/cifar10/single_color/56ae526b7d21bdac1496debb0e3cebab87a7697c38410e28973d91302c77be85/train_p60.npz
cifar10,single_color,green_contrast,60,normalized,-0.16195669174194371,0.0,21,10240,0.00205078125,10,/ceph/sagnihot/projects/Lorena_Contrastive_Representation_Arch/sparse_contrast_benchmark_large_batch/outputs/previews/heldout_val/cifar10/single_color/56ae526b7d21bdac1496debb0e3cebab87a7697c38410e28973d91302c77be85/train_p60.npz
cifar10,single_color,green_contrast,60,normalized,0.0,0.16195669174194283,234,10240,0.0228515625,10,/ceph/sagnihot/projects/Lorena_Contrastive_Representation_Arch/sparse_contrast_benchmark_large_batch/outputs/previews/heldout_val/cifar10/single_color/56ae526b7d21bdac1496debb0e3cebab87a7697c38410e28973d91302c77be85/train_p60.npz
cifar10,single_color,green_contrast,60,normalized,0.16195669174194283,0.32391338348388654,306,10240,0.0298828125,10,/ceph/sagnihot/projects/Lorena_Contrastive_Representation_Arch/sparse_contrast_benchmark_large_batch/outputs/previews/heldout_val/cifar10/single_color/56ae526b7d21bdac1496debb0e3cebab87a7697c38410e28973d91302c77be85/train_p60.npz
cifar10,single_color,green_contrast,60,normalized,0.32391338348388654,0.48587007522583026,295,10240,0.02880859375,10,/ceph/sagnihot/projects/Lorena_Contrastive_Representation_Arch/sparse_contrast_benchmark_large_batch/outputs/previews/heldout_val/cifar10/single_color/56ae526b7d21bdac1496debb0e3cebab87a7697c38410e28973d91302c77be85/train_p60.npz
cifar10,single_color,green_contrast,60,normalized,0.48587007522583026,0.6478267669677731,238,10240,0.0232421875,10,/ceph/sagnihot/projects/Lorena_Contrastive_Representation_Arch/sparse_contrast_benchmark_large_batch/outputs/previews/heldout_val/cifar10/single_color/56ae526b7d21bdac1496debb0e3cebab87a7697c38410e28973d91302c77be85/train_p60.npz
cifar10,single_color,green_contrast,60,normalized,0.6478267669677731,0.8097834587097168,241,10240,0.02353515625,10,/ceph/sagnihot/projects/Lorena_Contrastive_Representation_Arch/sparse_contrast_benchmark_large_batch/outputs/previews/heldout_val/cifar10/single_color/56ae526b7d21bdac1496debb0e3cebab87a7697c38410e28973d91302c77be85/train_p60.npz
cifar10,single_color,green_contrast,60,normalized,0.8097834587097168,0.9717401504516596,169,10240,0.01650390625,10,/ceph/sagnihot/projects/Lorena_Contrastive_Representation_Arch/sparse_contrast_benchmark_large_batch/outputs/previews/heldout_val/cifar10/single_color/56ae526b7d21bdac1496debb0e3cebab87a7697c38410e28973d91302c77be85/train_p60.npz
cifar10,single_color,green_contrast,60,normalized,0.9717401504516596,1.1336968421936033,153,10240,0.01494140625,10,/ceph/sagnihot/projects/Lorena_Contrastive_Representation_Arch/sparse_contrast_benchmark_large_batch/outputs/previews/heldout_val/cifar10/single_color/56ae526b7d21bdac1496debb0e3cebab87a7697c38410e28973d91302c77be85/train_p60.npz
cifar10,single_color,green_contrast,60,normalized,1.1336968421936033,1.2956535339355462,125,10240,0.01220703125,10,/ceph/sagnihot/projects/Lorena_Contrastive_Representation_Arch/sparse_contrast_benchmark_large_batch/outputs/previews/heldout_val/cifar10/single_color/56ae526b7d21bdac1496debb0e3cebab87a7697c38410e28973d91302c77be85/train_p60.npz
cifar10,single_color,green_contrast,60,normalized,1.2956535339355462,1.4576102256774899,77,10240,0.00751953125,10,/ceph/sagnihot/projects/Lorena_Contrastive_Representation_Arch/sparse_contrast_benchmark_large_batch/outputs/previews/heldout_val/cifar10/single_color/56ae526b7d21bdac1496debb0e3cebab87a7697c38410e28973d91302c77be85/train_p60.npz
cifar10,single_color,green_contrast,60,normalized,1.4576102256774899,1.6195669174194336,64,10240,0.00625,10,/ceph/sagnihot/projects/Lorena_Contrastive_Representation_Arch/sparse_contrast_benchmark_large_batch/outputs/previews/heldout_val/cifar10/single_color/56ae526b7d21bdac1496debb0e3cebab87a7697c38410e28973d91302c77be85/train_p60.npz
cifar10,single_color,green_contrast,60,normalized,1.6195669174194336,1.7815236091613773,66,10240,0.0064453125,10,/ceph/sagnihot/projects/Lorena_Contrastive_Representation_Arch/sparse_contrast_benchmark_large_batch/outputs/previews/heldout_val/cifar10/single_color/56ae526b7d21bdac1496debb0e3cebab87a7697c38410e28973d91302c77be85/train_p60.npz
cifar10,single_color,green_contrast,60,normalized,1.7815236091613773,1.9434803009033192,55,10240,0.00537109375,10,/ceph/sagnihot/projects/Lorena_Contrastive_Representation_Arch/sparse_contrast_benchmark_large_batch/outputs/previews/heldout_val/cifar10/single_color/56ae526b7d21bdac1496debb0e3cebab87a7697c38410e28973d91302c77be85/train_p60.npz
cifar10,single_color,green_contrast,60,normalized,1.9434803009033192,2.105436992645263,38,10240,0.0037109375,10,/ceph/sagnihot/projects/Lorena_Contrastive_Representation_Arch/sparse_contrast_benchmark_large_batch/outputs/previews/heldout_val/cifar10/single_color/56ae526b7d21bdac1496debb0e3cebab87a7697c38410e28973d91302c77be85/train_p60.npz
cifar10,single_color,green_contrast,60,normalized,2.105436992645263,2.2673936843872067,26,10240,0.0025390625,10,/ceph/sagnihot/projects/Lorena_Contrastive_Representation_Arch/sparse_contrast_benchmark_large_batch/outputs/previews/heldout_val/cifar10/single_color/56ae526b7d21bdac1496debb0e3cebab87a7697c38410e28973d91302c77be85/train_p60.npz
cifar10,single_color,green_contrast,60,normalized,2.2673936843872067,2.4293503761291504,78,10240,0.0076171875,10,/ceph/sagnihot/projects/Lorena_Contrastive_Representation_Arch/sparse_contrast_benchmark_large_batch/outputs/previews/heldout_val/cifar10/single_color/56ae526b7d21bdac1496debb0e3cebab87a7697c38410e28973d91302c77be85/train_p60.npz
cifar10,single_color,green_contrast,60,normalized,2.4293503761291504,2.591307067871094,75,10240,0.00732421875,10,/ceph/sagnihot/projects/Lorena_Contrastive_Representation_Arch/sparse_contrast_benchmark_large_batch/outputs/previews/heldout_val/cifar10/single_color/56ae526b7d21bdac1496debb0e3cebab87a7697c38410e28973d91302c77be85/train_p60.npz
cifar10,single_color,green_contrast,60,normalized,2.591307067871094,2.753263759613036,9,10240,0.00087890625,10,/ceph/sagnihot/projects/Lorena_Contrastive_Representation_Arch/sparse_contrast_benchmark_large_batch/outputs/previews/heldout_val/cifar10/single_color/56ae526b7d21bdac1496debb0e3cebab87a7697c38410e28973d91302c77be85/train_p60.npz
cifar10,single_color,green_contrast,60,normalized,2.753263759613036,2.9152204513549798,10,10240,0.0009765625,10,/ceph/sagnihot/projects/Lorena_Contrastive_Representation_Arch/sparse_contrast_benchmark_large_batch/outputs/previews/heldout_val/cifar10/single_color/56ae526b7d21bdac1496debb0e3cebab87a7697c38410e28973d91302c77be85/train_p60.npz
cifar10,single_color,green_contrast,60,normalized,2.9152204513549798,3.0771771430969235,7,10240,0.00068359375,10,/ceph/sagnihot/projects/Lorena_Contrastive_Representation_Arch/sparse_contrast_benchmark_large_batch/outputs/previews/heldout_val/cifar10/single_color/56ae526b7d21bdac1496debb0e3cebab87a7697c38410e28973d91302c77be85/train_p60.npz
cifar10,single_color,green_contrast,60,normalized,3.0771771430969235,3.239133834838867,11,10240,0.00107421875,10,/ceph/sagnihot/projects/Lorena_Contrastive_Representation_Arch/sparse_contrast_benchmark_large_batch/outputs/previews/heldout_val/cifar10/single_color/56ae526b7d21bdac1496debb0e3cebab87a7697c38410e28973d91302c77be85/train_p60.npz
cifar10,single_color,green_contrast,60,normalized,3.239133834838867,3.401090526580811,13,10240,0.00126953125,10,/ceph/sagnihot/projects/Lorena_Contrastive_Representation_Arch/sparse_contrast_benchmark_large_batch/outputs/previews/heldout_val/cifar10/single_color/56ae526b7d21bdac1496debb0e3cebab87a7697c38410e28973d91302c77be85/train_p60.npz
cifar10,single_color,green_contrast,60,normalized,3.401090526580811,3.563047218322753,22,10240,0.0021484375,10,/ceph/sagnihot/projects/Lorena_Contrastive_Representation_Arch/sparse_contrast_benchmark_large_batch/outputs/previews/heldout_val/cifar10/single_color/56ae526b7d21bdac1496debb0e3cebab87a7697c38410e28973d91302c77be85/train_p60.npz
cifar10,single_color,green_contrast,60,normalized,3.563047218322753,3.7250039100646966,108,10240,0.010546875,10,/ceph/sagnihot/projects/Lorena_Contrastive_Representation_Arch/sparse_contrast_benchmark_large_batch/outputs/previews/heldout_val/cifar10/single_color/56ae526b7d21bdac1496debb0e3cebab87a7697c38410e28973d91302c77be85/train_p60.npz
cifar10,single_color,green_contrast,60,normalized,3.7250039100646966,3.8869606018066403,40,10240,0.00390625,10,/ceph/sagnihot/projects/Lorena_Contrastive_Representation_Arch/sparse_contrast_benchmark_large_batch/outputs/previews/heldout_val/cifar10/single_color/56ae526b7d21bdac1496debb0e3cebab87a7697c38410e28973d91302c77be85/train_p60.npz
cifar10,single_color,green_contrast,60,normalized,3.8869606018066403,4.048917293548584,14,10240,0.0013671875,10,/ceph/sagnihot/projects/Lorena_Contrastive_Representation_Arch/sparse_contrast_benchmark_large_batch/outputs/previews/heldout_val/cifar10/single_color/56ae526b7d21bdac1496debb0e3cebab87a7697c38410e28973d91302c77be85/train_p60.npz
cifar10,single_color,green_contrast,60,normalized,4.048917293548584,4.210873985290528,10,10240,0.0009765625,10,/ceph/sagnihot/projects/Lorena_Contrastive_Representation_Arch/sparse_contrast_benchmark_large_batch/outputs/previews/heldout_val/cifar10/single_color/56ae526b7d21bdac1496debb0e3cebab87a7697c38410e28973d91302c77be85/train_p60.npz
cifar10,single_color,green_contrast,60,normalized,4.210873985290528,4.37283067703247,17,10240,0.00166015625,10,/ceph/sagnihot/projects/Lorena_Contrastive_Representation_Arch/sparse_contrast_benchmark_large_batch/outputs/previews/heldout_val/cifar10/single_color/56ae526b7d21bdac1496debb0e3cebab87a7697c38410e28973d91302c77be85/train_p60.npz
cifar10,single_color,green_contrast,60,normalized,4.37283067703247,4.534787368774413,10,10240,0.0009765625,10,/ceph/sagnihot/projects/Lorena_Contrastive_Representation_Arch/sparse_contrast_benchmark_large_batch/outputs/previews/heldout_val/cifar10/single_color/56ae526b7d21bdac1496debb0e3cebab87a7697c38410e28973d91302c77be85/train_p60.npz
cifar10,single_color,green_contrast,60,normalized,4.534787368774413,4.696744060516357,8,10240,0.00078125,10,/ceph/sagnihot/projects/Lorena_Contrastive_Representation_Arch/sparse_contrast_benchmark_large_batch/outputs/previews/heldout_val/cifar10/single_color/56ae526b7d21bdac1496debb0e3cebab87a7697c38410e28973d91302c77be85/train_p60.npz
cifar10,single_color,green_contrast,60,normalized,4.696744060516357,4.858700752258301,4,10240,0.000390625,10,/ceph/sagnihot/projects/Lorena_Contrastive_Representation_Arch/sparse_contrast_benchmark_large_batch/outputs/previews/heldout_val/cifar10/single_color/56ae526b7d21bdac1496debb0e3cebab87a7697c38410e28973d91302c77be85/train_p60.npz
cifar10,single_color,green_contrast,60,normalized,4.858700752258301,5.0206574440002445,7,10240,0.00068359375,10,/ceph/sagnihot/projects/Lorena_Contrastive_Representation_Arch/sparse_contrast_benchmark_large_batch/outputs/previews/heldout_val/cifar10/single_color/56ae526b7d21bdac1496debb0e3cebab87a7697c38410e28973d91302c77be85/train_p60.npz
cifar10,single_color,green_contrast,60,normalized,5.0206574440002445,5.182614135742186,5,10240,0.00048828125,10,/ceph/sagnihot/projects/Lorena_Contrastive_Representation_Arch/sparse_contrast_benchmark_large_batch/outputs/previews/heldout_val/cifar10/single_color/56ae526b7d21bdac1496debb0e3cebab87a7697c38410e28973d91302c77be85/train_p60.npz
cifar10,single_color,green_contrast,60,normalized,5.182614135742186,5.34457082748413,3,10240,0.00029296875,10,/ceph/sagnihot/projects/Lorena_Contrastive_Representation_Arch/sparse_contrast_benchmark_large_batch/outputs/previews/heldout_val/cifar10/single_color/56ae526b7d21bdac1496debb0e3cebab87a7697c38410e28973d91302c77be85/train_p60.npz
cifar10,single_color,green_contrast,60,normalized,5.34457082748413,5.506527519226074,1,10240,9.765625e-05,10,/ceph/sagnihot/projects/Lorena_Contrastive_Representation_Arch/sparse_contrast_benchmark_large_batch/outputs/previews/heldout_val/cifar10/single_color/56ae526b7d21bdac1496debb0e3cebab87a7697c38410e28973d91302c77be85/train_p60.npz
cifar10,single_color,green_contrast,60,normalized,5.506527519226074,5.668484210968018,1,10240,9.765625e-05,10,/ceph/sagnihot/projects/Lorena_Contrastive_Representation_Arch/sparse_contrast_benchmark_large_batch/outputs/previews/heldout_val/cifar10/single_color/56ae526b7d21bdac1496debb0e3cebab87a7697c38410e28973d91302c77be85/train_p60.npz
cifar10,single_color,green_contrast,60,normalized,5.668484210968018,5.830440902709961,1,10240,9.765625e-05,10,/ceph/sagnihot/projects/Lorena_Contrastive_Representation_Arch/sparse_contrast_benchmark_large_batch/outputs/previews/heldout_val/cifar10/single_color/56ae526b7d21bdac1496debb0e3cebab87a7697c38410e28973d91302c77be85/train_p60.npz
cifar10,single_color,green_contrast,60,normalized,5.830440902709961,5.992397594451903,1,10240,9.765625e-05,10,/ceph/sagnihot/projects/Lorena_Contrastive_Representation_Arch/sparse_contrast_benchmark_large_batch/outputs/previews/heldout_val/cifar10/single_color/56ae526b7d21bdac1496debb0e3cebab87a7697c38410e28973d91302c77be85/train_p60.npz
cifar10,single_color,green_contrast,60,normalized,5.992397594451903,6.154354286193847,0,10240,0.0,10,/ceph/sagnihot/projects/Lorena_Contrastive_Representation_Arch/sparse_contrast_benchmark_large_batch/outputs/previews/heldout_val/cifar10/single_color/56ae526b7d21bdac1496debb0e3cebab87a7697c38410e28973d91302c77be85/train_p60.npz
cifar10,single_color,green_contrast,60,normalized,6.154354286193847,6.316310977935791,6,10240,0.0005859375,10,/ceph/sagnihot/projects/Lorena_Contrastive_Representation_Arch/sparse_contrast_benchmark_large_batch/outputs/previews/heldout_val/cifar10/single_color/56ae526b7d21bdac1496debb0e3cebab87a7697c38410e28973d91302c77be85/train_p60.npz
cifar10,single_color,green_contrast,60,normalized,6.316310977935791,6.478267669677734,2,10240,0.0001953125,10,/ceph/sagnihot/projects/Lorena_Contrastive_Representation_Arch/sparse_contrast_benchmark_large_batch/outputs/previews/heldout_val/cifar10/single_color/56ae526b7d21bdac1496debb0e3cebab87a7697c38410e28973d91302c77be85/train_p60.npz
