dataset,representation,channel,sparsity_percent,domain,bin_left,bin_right,count,coefficient_count,fraction,sample_count,source_npz
cifar10,single_color,blue_contrast,0,native,-0.5725491046905518,-0.558235377073288,0,10240,0.0,10,/ceph/sagnihot/projects/Lorena_Contrastive_Representation_Arch/sparse_contrast_benchmark_large_batch/outputs/previews/heldout_val/cifar10/single_color/56ae526b7d21bdac1496debb0e3cebab87a7697c38410e28973d91302c77be85/train_p0.npz
cifar10,single_color,blue_contrast,0,native,-0.558235377073288,-0.5439216494560242,0,10240,0.0,10,/ceph/sagnihot/projects/Lorena_Contrastive_Representation_Arch/sparse_contrast_benchmark_large_batch/outputs/previews/heldout_val/cifar10/single_color/56ae526b7d21bdac1496debb0e3cebab87a7697c38410e28973d91302c77be85/train_p0.npz
cifar10,single_color,blue_contrast,0,native,-0.5439216494560242,-0.5296079218387604,0,10240,0.0,10,/ceph/sagnihot/projects/Lorena_Contrastive_Representation_Arch/sparse_contrast_benchmark_large_batch/outputs/previews/heldout_val/cifar10/single_color/56ae526b7d21bdac1496debb0e3cebab87a7697c38410e28973d91302c77be85/train_p0.npz
cifar10,single_color,blue_contrast,0,native,-0.5296079218387604,-0.5152941942214966,0,10240,0.0,10,/ceph/sagnihot/projects/Lorena_Contrastive_Representation_Arch/sparse_contrast_benchmark_large_batch/outputs/previews/heldout_val/cifar10/single_color/56ae526b7d21bdac1496debb0e3cebab87a7697c38410e28973d91302c77be85/train_p0.npz
cifar10,single_color,blue_contrast,0,native,-0.5152941942214966,-0.5009804666042328,0,10240,0.0,10,/ceph/sagnihot/projects/Lorena_Contrastive_Representation_Arch/sparse_contrast_benchmark_large_batch/outputs/previews/heldout_val/cifar10/single_color/56ae526b7d21bdac1496debb0e3cebab87a7697c38410e28973d91302c77be85/train_p0.npz
cifar10,single_color,blue_contrast,0,native,-0.5009804666042328,-0.486666738986969,0,10240,0.0,10,/ceph/sagnihot/projects/Lorena_Contrastive_Representation_Arch/sparse_contrast_benchmark_large_batch/outputs/previews/heldout_val/cifar10/single_color/56ae526b7d21bdac1496debb0e3cebab87a7697c38410e28973d91302c77be85/train_p0.npz
cifar10,single_color,blue_contrast,0,native,-0.486666738986969,-0.4723530113697052,0,10240,0.0,10,/ceph/sagnihot/projects/Lorena_Contrastive_Representation_Arch/sparse_contrast_benchmark_large_batch/outputs/previews/heldout_val/cifar10/single_color/56ae526b7d21bdac1496debb0e3cebab87a7697c38410e28973d91302c77be85/train_p0.npz
cifar10,single_color,blue_contrast,0,native,-0.4723530113697052,-0.4580392837524414,0,10240,0.0,10,/ceph/sagnihot/projects/Lorena_Contrastive_Representation_Arch/sparse_contrast_benchmark_large_batch/outputs/previews/heldout_val/cifar10/single_color/56ae526b7d21bdac1496debb0e3cebab87a7697c38410e28973d91302c77be85/train_p0.npz
cifar10,single_color,blue_contrast,0,native,-0.4580392837524414,-0.4437255561351776,0,10240,0.0,10,/ceph/sagnihot/projects/Lorena_Contrastive_Representation_Arch/sparse_contrast_benchmark_large_batch/outputs/previews/heldout_val/cifar10/single_color/56ae526b7d21bdac1496debb0e3cebab87a7697c38410e28973d91302c77be85/train_p0.npz
cifar10,single_color,blue_contrast,0,native,-0.4437255561351776,-0.4294118285179138,0,10240,0.0,10,/ceph/sagnihot/projects/Lorena_Contrastive_Representation_Arch/sparse_contrast_benchmark_large_batch/outputs/previews/heldout_val/cifar10/single_color/56ae526b7d21bdac1496debb0e3cebab87a7697c38410e28973d91302c77be85/train_p0.npz
cifar10,single_color,blue_contrast,0,native,-0.4294118285179138,-0.41509810090065,0,10240,0.0,10,/ceph/sagnihot/projects/Lorena_Contrastive_Representation_Arch/sparse_contrast_benchmark_large_batch/outputs/previews/heldout_val/cifar10/single_color/56ae526b7d21bdac1496debb0e3cebab87a7697c38410e28973d91302c77be85/train_p0.npz
cifar10,single_color,blue_contrast,0,native,-0.41509810090065,-0.40078437328338623,0,10240,0.0,10,/ceph/sagnihot/projects/Lorena_Contrastive_Representation_Arch/sparse_contrast_benchmark_large_batch/outputs/previews/heldout_val/cifar10/single_color/56ae526b7d21bdac1496debb0e3cebab87a7697c38410e28973d91302c77be85/train_p0.npz
cifar10,single_color,blue_contrast,0,native,-0.40078437328338623,-0.38647064566612244,0,10240,0.0,10,/ceph/sagnihot/projects/Lorena_Contrastive_Representation_Arch/sparse_contrast_benchmark_large_batch/outputs/previews/heldout_val/cifar10/single_color/56ae526b7d21bdac1496debb0e3cebab87a7697c38410e28973d91302c77be85/train_p0.npz
cifar10,single_color,blue_contrast,0,native,-0.38647064566612244,-0.37215691804885864,0,10240,0.0,10,/ceph/sagnihot/projects/Lorena_Contrastive_Representation_Arch/sparse_contrast_benchmark_large_batch/outputs/previews/heldout_val/cifar10/single_color/56ae526b7d21bdac1496debb0e3cebab87a7697c38410e28973d91302c77be85/train_p0.npz
cifar10,single_color,blue_contrast,0,native,-0.37215691804885864,-0.35784319043159485,0,10240,0.0,10,/ceph/sagnihot/projects/Lorena_Contrastive_Representation_Arch/sparse_contrast_benchmark_large_batch/outputs/previews/heldout_val/cifar10/single_color/56ae526b7d21bdac1496debb0e3cebab87a7697c38410e28973d91302c77be85/train_p0.npz
cifar10,single_color,blue_contrast,0,native,-0.35784319043159485,-0.34352946281433105,0,10240,0.0,10,/ceph/sagnihot/projects/Lorena_Contrastive_Representation_Arch/sparse_contrast_benchmark_large_batch/outputs/previews/heldout_val/cifar10/single_color/56ae526b7d21bdac1496debb0e3cebab87a7697c38410e28973d91302c77be85/train_p0.npz
cifar10,single_color,blue_contrast,0,native,-0.34352946281433105,-0.32921573519706726,0,10240,0.0,10,/ceph/sagnihot/projects/Lorena_Contrastive_Representation_Arch/sparse_contrast_benchmark_large_batch/outputs/previews/heldout_val/cifar10/single_color/56ae526b7d21bdac1496debb0e3cebab87a7697c38410e28973d91302c77be85/train_p0.npz
cifar10,single_color,blue_contrast,0,native,-0.32921573519706726,-0.31490200757980347,0,10240,0.0,10,/ceph/sagnihot/projects/Lorena_Contrastive_Representation_Arch/sparse_contrast_benchmark_large_batch/outputs/previews/heldout_val/cifar10/single_color/56ae526b7d21bdac1496debb0e3cebab87a7697c38410e28973d91302c77be85/train_p0.npz
cifar10,single_color,blue_contrast,0,native,-0.31490200757980347,-0.3005882799625397,0,10240,0.0,10,/ceph/sagnihot/projects/Lorena_Contrastive_Representation_Arch/sparse_contrast_benchmark_large_batch/outputs/previews/heldout_val/cifar10/single_color/56ae526b7d21bdac1496debb0e3cebab87a7697c38410e28973d91302c77be85/train_p0.npz
cifar10,single_color,blue_contrast,0,native,-0.3005882799625397,-0.2862745523452759,1,10240,9.765625e-05,10,/ceph/sagnihot/projects/Lorena_Contrastive_Representation_Arch/sparse_contrast_benchmark_large_batch/outputs/previews/heldout_val/cifar10/single_color/56ae526b7d21bdac1496debb0e3cebab87a7697c38410e28973d91302c77be85/train_p0.npz
cifar10,single_color,blue_contrast,0,native,-0.2862745523452759,-0.2719608247280121,4,10240,0.000390625,10,/ceph/sagnihot/projects/Lorena_Contrastive_Representation_Arch/sparse_contrast_benchmark_large_batch/outputs/previews/heldout_val/cifar10/single_color/56ae526b7d21bdac1496debb0e3cebab87a7697c38410e28973d91302c77be85/train_p0.npz
cifar10,single_color,blue_contrast,0,native,-0.2719608247280121,-0.2576470971107483,3,10240,0.00029296875,10,/ceph/sagnihot/projects/Lorena_Contrastive_Representation_Arch/sparse_contrast_benchmark_large_batch/outputs/previews/heldout_val/cifar10/single_color/56ae526b7d21bdac1496debb0e3cebab87a7697c38410e28973d91302c77be85/train_p0.npz
cifar10,single_color,blue_contrast,0,native,-0.2576470971107483,-0.2433333694934845,4,10240,0.000390625,10,/ceph/sagnihot/projects/Lorena_Contrastive_Representation_Arch/sparse_contrast_benchmark_large_batch/outputs/previews/heldout_val/cifar10/single_color/56ae526b7d21bdac1496debb0e3cebab87a7697c38410e28973d91302c77be85/train_p0.npz
cifar10,single_color,blue_contrast,0,native,-0.2433333694934845,-0.2290196418762207,3,10240,0.00029296875,10,/ceph/sagnihot/projects/Lorena_Contrastive_Representation_Arch/sparse_contrast_benchmark_large_batch/outputs/previews/heldout_val/cifar10/single_color/56ae526b7d21bdac1496debb0e3cebab87a7697c38410e28973d91302c77be85/train_p0.npz
cifar10,single_color,blue_contrast,0,native,-0.2290196418762207,-0.2147059142589569,3,10240,0.00029296875,10,/ceph/sagnihot/projects/Lorena_Contrastive_Representation_Arch/sparse_contrast_benchmark_large_batch/outputs/previews/heldout_val/cifar10/single_color/56ae526b7d21bdac1496debb0e3cebab87a7697c38410e28973d91302c77be85/train_p0.npz
cifar10,single_color,blue_contrast,0,native,-0.2147059142589569,-0.20039218664169312,8,10240,0.00078125,10,/ceph/sagnihot/projects/Lorena_Contrastive_Representation_Arch/sparse_contrast_benchmark_large_batch/outputs/previews/heldout_val/cifar10/single_color/56ae526b7d21bdac1496debb0e3cebab87a7697c38410e28973d91302c77be85/train_p0.npz
cifar10,single_color,blue_contrast,0,native,-0.20039218664169312,-0.18607845902442932,5,10240,0.00048828125,10,/ceph/sagnihot/projects/Lorena_Contrastive_Representation_Arch/sparse_contrast_benchmark_large_batch/outputs/previews/heldout_val/cifar10/single_color/56ae526b7d21bdac1496debb0e3cebab87a7697c38410e28973d91302c77be85/train_p0.npz
cifar10,single_color,blue_contrast,0,native,-0.18607845902442932,-0.17176473140716553,19,10240,0.00185546875,10,/ceph/sagnihot/projects/Lorena_Contrastive_Representation_Arch/sparse_contrast_benchmark_large_batch/outputs/previews/heldout_val/cifar10/single_color/56ae526b7d21bdac1496debb0e3cebab87a7697c38410e28973d91302c77be85/train_p0.npz
cifar10,single_color,blue_contrast,0,native,-0.17176473140716553,-0.15745100378990173,31,10240,0.00302734375,10,/ceph/sagnihot/projects/Lorena_Contrastive_Representation_Arch/sparse_contrast_benchmark_large_batch/outputs/previews/heldout_val/cifar10/single_color/56ae526b7d21bdac1496debb0e3cebab87a7697c38410e28973d91302c77be85/train_p0.npz
cifar10,single_color,blue_contrast,0,native,-0.15745100378990173,-0.14313727617263794,46,10240,0.0044921875,10,/ceph/sagnihot/projects/Lorena_Contrastive_Representation_Arch/sparse_contrast_benchmark_large_batch/outputs/previews/heldout_val/cifar10/single_color/56ae526b7d21bdac1496debb0e3cebab87a7697c38410e28973d91302c77be85/train_p0.npz
cifar10,single_color,blue_contrast,0,native,-0.14313727617263794,-0.12882354855537415,56,10240,0.00546875,10,/ceph/sagnihot/projects/Lorena_Contrastive_Representation_Arch/sparse_contrast_benchmark_large_batch/outputs/previews/heldout_val/cifar10/single_color/56ae526b7d21bdac1496debb0e3cebab87a7697c38410e28973d91302c77be85/train_p0.npz
cifar10,single_color,blue_contrast,0,native,-0.12882354855537415,-0.11450982093811035,72,10240,0.00703125,10,/ceph/sagnihot/projects/Lorena_Contrastive_Representation_Arch/sparse_contrast_benchmark_large_batch/outputs/previews/heldout_val/cifar10/single_color/56ae526b7d21bdac1496debb0e3cebab87a7697c38410e28973d91302c77be85/train_p0.npz
cifar10,single_color,blue_contrast,0,native,-0.11450982093811035,-0.10019609332084656,89,10240,0.00869140625,10,/ceph/sagnihot/projects/Lorena_Contrastive_Representation_Arch/sparse_contrast_benchmark_large_batch/outputs/previews/heldout_val/cifar10/single_color/56ae526b7d21bdac1496debb0e3cebab87a7697c38410e28973d91302c77be85/train_p0.npz
cifar10,single_color,blue_contrast,0,native,-0.10019609332084656,-0.08588236570358276,132,10240,0.012890625,10,/ceph/sagnihot/projects/Lorena_Contrastive_Representation_Arch/sparse_contrast_benchmark_large_batch/outputs/previews/heldout_val/cifar10/single_color/56ae526b7d21bdac1496debb0e3cebab87a7697c38410e28973d91302c77be85/train_p0.npz
cifar10,single_color,blue_contrast,0,native,-0.08588236570358276,-0.07156863808631897,161,10240,0.01572265625,10,/ceph/sagnihot/projects/Lorena_Contrastive_Representation_Arch/sparse_contrast_benchmark_large_batch/outputs/previews/heldout_val/cifar10/single_color/56ae526b7d21bdac1496debb0e3cebab87a7697c38410e28973d91302c77be85/train_p0.npz
cifar10,single_color,blue_contrast,0,native,-0.07156863808631897,-0.057254910469055176,247,10240,0.02412109375,10,/ceph/sagnihot/projects/Lorena_Contrastive_Representation_Arch/sparse_contrast_benchmark_large_batch/outputs/previews/heldout_val/cifar10/single_color/56ae526b7d21bdac1496debb0e3cebab87a7697c38410e28973d91302c77be85/train_p0.npz
cifar10,single_color,blue_contrast,0,native,-0.057254910469055176,-0.04294118285179138,364,10240,0.035546875,10,/ceph/sagnihot/projects/Lorena_Contrastive_Representation_Arch/sparse_contrast_benchmark_large_batch/outputs/previews/heldout_val/cifar10/single_color/56ae526b7d21bdac1496debb0e3cebab87a7697c38410e28973d91302c77be85/train_p0.npz
cifar10,single_color,blue_contrast,0,native,-0.04294118285179138,-0.028627455234527588,485,10240,0.04736328125,10,/ceph/sagnihot/projects/Lorena_Contrastive_Representation_Arch/sparse_contrast_benchmark_large_batch/outputs/previews/heldout_val/cifar10/single_color/56ae526b7d21bdac1496debb0e3cebab87a7697c38410e28973d91302c77be85/train_p0.npz
cifar10,single_color,blue_contrast,0,native,-0.028627455234527588,-0.014313727617263794,830,10240,0.0810546875,10,/ceph/sagnihot/projects/Lorena_Contrastive_Representation_Arch/sparse_contrast_benchmark_large_batch/outputs/previews/heldout_val/cifar10/single_color/56ae526b7d21bdac1496debb0e3cebab87a7697c38410e28973d91302c77be85/train_p0.npz
cifar10,single_color,blue_contrast,0,native,-0.014313727617263794,0.0,1804,10240,0.176171875,10,/ceph/sagnihot/projects/Lorena_Contrastive_Representation_Arch/sparse_contrast_benchmark_large_batch/outputs/previews/heldout_val/cifar10/single_color/56ae526b7d21bdac1496debb0e3cebab87a7697c38410e28973d91302c77be85/train_p0.npz
cifar10,single_color,blue_contrast,0,native,0.0,0.014313727617263794,2104,10240,0.20546875,10,/ceph/sagnihot/projects/Lorena_Contrastive_Representation_Arch/sparse_contrast_benchmark_large_batch/outputs/previews/heldout_val/cifar10/single_color/56ae526b7d21bdac1496debb0e3cebab87a7697c38410e28973d91302c77be85/train_p0.npz
cifar10,single_color,blue_contrast,0,native,0.014313727617263794,0.028627455234527588,862,10240,0.0841796875,10,/ceph/sagnihot/projects/Lorena_Contrastive_Representation_Arch/sparse_contrast_benchmark_large_batch/outputs/previews/heldout_val/cifar10/single_color/56ae526b7d21bdac1496debb0e3cebab87a7697c38410e28973d91302c77be85/train_p0.npz
cifar10,single_color,blue_contrast,0,native,0.028627455234527588,0.04294118285179138,591,10240,0.05771484375,10,/ceph/sagnihot/projects/Lorena_Contrastive_Representation_Arch/sparse_contrast_benchmark_large_batch/outputs/previews/heldout_val/cifar10/single_color/56ae526b7d21bdac1496debb0e3cebab87a7697c38410e28973d91302c77be85/train_p0.npz
cifar10,single_color,blue_contrast,0,native,0.04294118285179138,0.057254910469055176,422,10240,0.0412109375,10,/ceph/sagnihot/projects/Lorena_Contrastive_Representation_Arch/sparse_contrast_benchmark_large_batch/outputs/previews/heldout_val/cifar10/single_color/56ae526b7d21bdac1496debb0e3cebab87a7697c38410e28973d91302c77be85/train_p0.npz
cifar10,single_color,blue_contrast,0,native,0.057254910469055176,0.07156863808631897,346,10240,0.0337890625,10,/ceph/sagnihot/projects/Lorena_Contrastive_Representation_Arch/sparse_contrast_benchmark_large_batch/outputs/previews/heldout_val/cifar10/single_color/56ae526b7d21bdac1496debb0e3cebab87a7697c38410e28973d91302c77be85/train_p0.npz
cifar10,single_color,blue_contrast,0,native,0.07156863808631897,0.08588236570358276,239,10240,0.02333984375,10,/ceph/sagnihot/projects/Lorena_Contrastive_Representation_Arch/sparse_contrast_benchmark_large_batch/outputs/previews/heldout_val/cifar10/single_color/56ae526b7d21bdac1496debb0e3cebab87a7697c38410e28973d91302c77be85/train_p0.npz
cifar10,single_color,blue_contrast,0,native,0.08588236570358276,0.10019609332084656,183,10240,0.01787109375,10,/ceph/sagnihot/projects/Lorena_Contrastive_Representation_Arch/sparse_contrast_benchmark_large_batch/outputs/previews/heldout_val/cifar10/single_color/56ae526b7d21bdac1496debb0e3cebab87a7697c38410e28973d91302c77be85/train_p0.npz
cifar10,single_color,blue_contrast,0,native,0.10019609332084656,0.11450982093811035,198,10240,0.0193359375,10,/ceph/sagnihot/projects/Lorena_Contrastive_Representation_Arch/sparse_contrast_benchmark_large_batch/outputs/previews/heldout_val/cifar10/single_color/56ae526b7d21bdac1496debb0e3cebab87a7697c38410e28973d91302c77be85/train_p0.npz
cifar10,single_color,blue_contrast,0,native,0.11450982093811035,0.12882354855537415,130,10240,0.0126953125,10,/ceph/sagnihot/projects/Lorena_Contrastive_Representation_Arch/sparse_contrast_benchmark_large_batch/outputs/previews/heldout_val/cifar10/single_color/56ae526b7d21bdac1496debb0e3cebab87a7697c38410e28973d91302c77be85/train_p0.npz
cifar10,single_color,blue_contrast,0,native,0.12882354855537415,0.14313727617263794,98,10240,0.0095703125,10,/ceph/sagnihot/projects/Lorena_Contrastive_Representation_Arch/sparse_contrast_benchmark_large_batch/outputs/previews/heldout_val/cifar10/single_color/56ae526b7d21bdac1496debb0e3cebab87a7697c38410e28973d91302c77be85/train_p0.npz
cifar10,single_color,blue_contrast,0,native,0.14313727617263794,0.15745100378990173,54,10240,0.0052734375,10,/ceph/sagnihot/projects/Lorena_Contrastive_Representation_Arch/sparse_contrast_benchmark_large_batch/outputs/previews/heldout_val/cifar10/single_color/56ae526b7d21bdac1496debb0e3cebab87a7697c38410e28973d91302c77be85/train_p0.npz
cifar10,single_color,blue_contrast,0,native,0.15745100378990173,0.17176473140716553,68,10240,0.006640625,10,/ceph/sagnihot/projects/Lorena_Contrastive_Representation_Arch/sparse_contrast_benchmark_large_batch/outputs/previews/heldout_val/cifar10/single_color/56ae526b7d21bdac1496debb0e3cebab87a7697c38410e28973d91302c77be85/train_p0.npz
cifar10,single_color,blue_contrast,0,native,0.17176473140716553,0.18607845902442932,44,10240,0.004296875,10,/ceph/sagnihot/projects/Lorena_Contrastive_Representation_Arch/sparse_contrast_benchmark_large_batch/outputs/previews/heldout_val/cifar10/single_color/56ae526b7d21bdac1496debb0e3cebab87a7697c38410e28973d91302c77be85/train_p0.npz
cifar10,single_color,blue_contrast,0,native,0.18607845902442932,0.20039218664169312,56,10240,0.00546875,10,/ceph/sagnihot/projects/Lorena_Contrastive_Representation_Arch/sparse_contrast_benchmark_large_batch/outputs/previews/heldout_val/cifar10/single_color/56ae526b7d21bdac1496debb0e3cebab87a7697c38410e28973d91302c77be85/train_p0.npz
cifar10,single_color,blue_contrast,0,native,0.20039218664169312,0.2147059142589569,29,10240,0.00283203125,10,/ceph/sagnihot/projects/Lorena_Contrastive_Representation_Arch/sparse_contrast_benchmark_large_batch/outputs/previews/heldout_val/cifar10/single_color/56ae526b7d21bdac1496debb0e3cebab87a7697c38410e28973d91302c77be85/train_p0.npz
cifar10,single_color,blue_contrast,0,native,0.2147059142589569,0.2290196418762207,23,10240,0.00224609375,10,/ceph/sagnihot/projects/Lorena_Contrastive_Representation_Arch/sparse_contrast_benchmark_large_batch/outputs/previews/heldout_val/cifar10/single_color/56ae526b7d21bdac1496debb0e3cebab87a7697c38410e28973d91302c77be85/train_p0.npz
cifar10,single_color,blue_contrast,0,native,0.2290196418762207,0.2433333694934845,7,10240,0.00068359375,10,/ceph/sagnihot/projects/Lorena_Contrastive_Representation_Arch/sparse_contrast_benchmark_large_batch/outputs/previews/heldout_val/cifar10/single_color/56ae526b7d21bdac1496debb0e3cebab87a7697c38410e28973d91302c77be85/train_p0.npz
cifar10,single_color,blue_contrast,0,native,0.2433333694934845,0.2576470971107483,5,10240,0.00048828125,10,/ceph/sagnihot/projects/Lorena_Contrastive_Representation_Arch/sparse_contrast_benchmark_large_batch/outputs/previews/heldout_val/cifar10/single_color/56ae526b7d21bdac1496debb0e3cebab87a7697c38410e28973d91302c77be85/train_p0.npz
cifar10,single_color,blue_contrast,0,native,0.2576470971107483,0.2719608247280121,6,10240,0.0005859375,10,/ceph/sagnihot/projects/Lorena_Contrastive_Representation_Arch/sparse_contrast_benchmark_large_batch/outputs/previews/heldout_val/cifar10/single_color/56ae526b7d21bdac1496debb0e3cebab87a7697c38410e28973d91302c77be85/train_p0.npz
cifar10,single_color,blue_contrast,0,native,0.2719608247280121,0.2862745523452759,23,10240,0.00224609375,10,/ceph/sagnihot/projects/Lorena_Contrastive_Representation_Arch/sparse_contrast_benchmark_large_batch/outputs/previews/heldout_val/cifar10/single_color/56ae526b7d21bdac1496debb0e3cebab87a7697c38410e28973d91302c77be85/train_p0.npz
cifar10,single_color,blue_contrast,0,native,0.2862745523452759,0.3005882799625397,104,10240,0.01015625,10,/ceph/sagnihot/projects/Lorena_Contrastive_Representation_Arch/sparse_contrast_benchmark_large_batch/outputs/previews/heldout_val/cifar10/single_color/56ae526b7d21bdac1496debb0e3cebab87a7697c38410e28973d91302c77be85/train_p0.npz
cifar10,single_color,blue_contrast,0,native,0.3005882799625397,0.31490200757980347,20,10240,0.001953125,10,/ceph/sagnihot/projects/Lorena_Contrastive_Representation_Arch/sparse_contrast_benchmark_large_batch/outputs/previews/heldout_val/cifar10/single_color/56ae526b7d21bdac1496debb0e3cebab87a7697c38410e28973d91302c77be85/train_p0.npz
cifar10,single_color,blue_contrast,0,native,0.31490200757980347,0.32921573519706726,38,10240,0.0037109375,10,/ceph/sagnihot/projects/Lorena_Contrastive_Representation_Arch/sparse_contrast_benchmark_large_batch/outputs/previews/heldout_val/cifar10/single_color/56ae526b7d21bdac1496debb0e3cebab87a7697c38410e28973d91302c77be85/train_p0.npz
cifar10,single_color,blue_contrast,0,native,0.32921573519706726,0.34352946281433105,105,10240,0.01025390625,10,/ceph/sagnihot/projects/Lorena_Contrastive_Representation_Arch/sparse_contrast_benchmark_large_batch/outputs/previews/heldout_val/cifar10/single_color/56ae526b7d21bdac1496debb0e3cebab87a7697c38410e28973d91302c77be85/train_p0.npz
cifar10,single_color,blue_contrast,0,native,0.34352946281433105,0.35784319043159485,31,10240,0.00302734375,10,/ceph/sagnihot/projects/Lorena_Contrastive_Representation_Arch/sparse_contrast_benchmark_large_batch/outputs/previews/heldout_val/cifar10/single_color/56ae526b7d21bdac1496debb0e3cebab87a7697c38410e28973d91302c77be85/train_p0.npz
cifar10,single_color,blue_contrast,0,native,0.35784319043159485,0.37215691804885864,19,10240,0.00185546875,10,/ceph/sagnihot/projects/Lorena_Contrastive_Representation_Arch/sparse_contrast_benchmark_large_batch/outputs/previews/heldout_val/cifar10/single_color/56ae526b7d21bdac1496debb0e3cebab87a7697c38410e28973d91302c77be85/train_p0.npz
cifar10,single_color,blue_contrast,0,native,0.37215691804885864,0.38647064566612244,6,10240,0.0005859375,10,/ceph/sagnihot/projects/Lorena_Contrastive_Representation_Arch/sparse_contrast_benchmark_large_batch/outputs/previews/heldout_val/cifar10/single_color/56ae526b7d21bdac1496debb0e3cebab87a7697c38410e28973d91302c77be85/train_p0.npz
cifar10,single_color,blue_contrast,0,native,0.38647064566612244,0.40078437328338623,15,10240,0.00146484375,10,/ceph/sagnihot/projects/Lorena_Contrastive_Representation_Arch/sparse_contrast_benchmark_large_batch/outputs/previews/heldout_val/cifar10/single_color/56ae526b7d21bdac1496debb0e3cebab87a7697c38410e28973d91302c77be85/train_p0.npz
cifar10,single_color,blue_contrast,0,native,0.40078437328338623,0.41509810090065,7,10240,0.00068359375,10,/ceph/sagnihot/projects/Lorena_Contrastive_Representation_Arch/sparse_contrast_benchmark_large_batch/outputs/previews/heldout_val/cifar10/single_color/56ae526b7d21bdac1496debb0e3cebab87a7697c38410e28973d91302c77be85/train_p0.npz
cifar10,single_color,blue_contrast,0,native,0.41509810090065,0.4294118285179138,7,10240,0.00068359375,10,/ceph/sagnihot/projects/Lorena_Contrastive_Representation_Arch/sparse_contrast_benchmark_large_batch/outputs/previews/heldout_val/cifar10/single_color/56ae526b7d21bdac1496debb0e3cebab87a7697c38410e28973d91302c77be85/train_p0.npz
cifar10,single_color,blue_contrast,0,native,0.4294118285179138,0.4437255561351776,6,10240,0.0005859375,10,/ceph/sagnihot/projects/Lorena_Contrastive_Representation_Arch/sparse_contrast_benchmark_large_batch/outputs/previews/heldout_val/cifar10/single_color/56ae526b7d21bdac1496debb0e3cebab87a7697c38410e28973d91302c77be85/train_p0.npz
cifar10,single_color,blue_contrast,0,native,0.4437255561351776,0.4580392837524414,7,10240,0.00068359375,10,/ceph/sagnihot/projects/Lorena_Contrastive_Representation_Arch/sparse_contrast_benchmark_large_batch/outputs/previews/heldout_val/cifar10/single_color/56ae526b7d21bdac1496debb0e3cebab87a7697c38410e28973d91302c77be85/train_p0.npz
cifar10,single_color,blue_contrast,0,native,0.4580392837524414,0.4723530113697052,2,10240,0.0001953125,10,/ceph/sagnihot/projects/Lorena_Contrastive_Representation_Arch/sparse_contrast_benchmark_large_batch/outputs/previews/heldout_val/cifar10/single_color/56ae526b7d21bdac1496debb0e3cebab87a7697c38410e28973d91302c77be85/train_p0.npz
cifar10,single_color,blue_contrast,0,native,0.4723530113697052,0.486666738986969,5,10240,0.00048828125,10,/ceph/sagnihot/projects/Lorena_Contrastive_Representation_Arch/sparse_contrast_benchmark_large_batch/outputs/previews/heldout_val/cifar10/single_color/56ae526b7d21bdac1496debb0e3cebab87a7697c38410e28973d91302c77be85/train_p0.npz
cifar10,single_color,blue_contrast,0,native,0.486666738986969,0.5009804666042328,4,10240,0.000390625,10,/ceph/sagnihot/projects/Lorena_Contrastive_Representation_Arch/sparse_contrast_benchmark_large_batch/outputs/previews/heldout_val/cifar10/single_color/56ae526b7d21bdac1496debb0e3cebab87a7697c38410e28973d91302c77be85/train_p0.npz
cifar10,single_color,blue_contrast,0,native,0.5009804666042328,0.5152941942214966,0,10240,0.0,10,/ceph/sagnihot/projects/Lorena_Contrastive_Representation_Arch/sparse_contrast_benchmark_large_batch/outputs/previews/heldout_val/cifar10/single_color/56ae526b7d21bdac1496debb0e3cebab87a7697c38410e28973d91302c77be85/train_p0.npz
cifar10,single_color,blue_contrast,0,native,0.5152941942214966,0.5296079218387604,0,10240,0.0,10,/ceph/sagnihot/projects/Lorena_Contrastive_Representation_Arch/sparse_contrast_benchmark_large_batch/outputs/previews/heldout_val/cifar10/single_color/56ae526b7d21bdac1496debb0e3cebab87a7697c38410e28973d91302c77be85/train_p0.npz
cifar10,single_color,blue_contrast,0,native,0.5296079218387604,0.5439216494560242,1,10240,9.765625e-05,10,/ceph/sagnihot/projects/Lorena_Contrastive_Representation_Arch/sparse_contrast_benchmark_large_batch/outputs/previews/heldout_val/cifar10/single_color/56ae526b7d21bdac1496debb0e3cebab87a7697c38410e28973d91302c77be85/train_p0.npz
cifar10,single_color,blue_contrast,0,native,0.5439216494560242,0.558235377073288,5,10240,0.00048828125,10,/ceph/sagnihot/projects/Lorena_Contrastive_Representation_Arch/sparse_contrast_benchmark_large_batch/outputs/previews/heldout_val/cifar10/single_color/56ae526b7d21bdac1496debb0e3cebab87a7697c38410e28973d91302c77be85/train_p0.npz
cifar10,single_color,blue_contrast,0,native,0.558235377073288,0.5725491046905518,3,10240,0.00029296875,10,/ceph/sagnihot/projects/Lorena_Contrastive_Representation_Arch/sparse_contrast_benchmark_large_batch/outputs/previews/heldout_val/cifar10/single_color/56ae526b7d21bdac1496debb0e3cebab87a7697c38410e28973d91302c77be85/train_p0.npz
cifar10,single_color,blue_contrast,0,normalized,-6.6111531257629395,-6.445874297618866,0,10240,0.0,10,/ceph/sagnihot/projects/Lorena_Contrastive_Representation_Arch/sparse_contrast_benchmark_large_batch/outputs/previews/heldout_val/cifar10/single_color/56ae526b7d21bdac1496debb0e3cebab87a7697c38410e28973d91302c77be85/train_p0.npz
cifar10,single_color,blue_contrast,0,normalized,-6.445874297618866,-6.280595469474792,0,10240,0.0,10,/ceph/sagnihot/projects/Lorena_Contrastive_Representation_Arch/sparse_contrast_benchmark_large_batch/outputs/previews/heldout_val/cifar10/single_color/56ae526b7d21bdac1496debb0e3cebab87a7697c38410e28973d91302c77be85/train_p0.npz
cifar10,single_color,blue_contrast,0,normalized,-6.280595469474792,-6.115316641330719,0,10240,0.0,10,/ceph/sagnihot/projects/Lorena_Contrastive_Representation_Arch/sparse_contrast_benchmark_large_batch/outputs/previews/heldout_val/cifar10/single_color/56ae526b7d21bdac1496debb0e3cebab87a7697c38410e28973d91302c77be85/train_p0.npz
cifar10,single_color,blue_contrast,0,normalized,-6.115316641330719,-5.950037813186645,0,10240,0.0,10,/ceph/sagnihot/projects/Lorena_Contrastive_Representation_Arch/sparse_contrast_benchmark_large_batch/outputs/previews/heldout_val/cifar10/single_color/56ae526b7d21bdac1496debb0e3cebab87a7697c38410e28973d91302c77be85/train_p0.npz
cifar10,single_color,blue_contrast,0,normalized,-5.950037813186645,-5.784758985042572,0,10240,0.0,10,/ceph/sagnihot/projects/Lorena_Contrastive_Representation_Arch/sparse_contrast_benchmark_large_batch/outputs/previews/heldout_val/cifar10/single_color/56ae526b7d21bdac1496debb0e3cebab87a7697c38410e28973d91302c77be85/train_p0.npz
cifar10,single_color,blue_contrast,0,normalized,-5.784758985042572,-5.619480156898499,0,10240,0.0,10,/ceph/sagnihot/projects/Lorena_Contrastive_Representation_Arch/sparse_contrast_benchmark_large_batch/outputs/previews/heldout_val/cifar10/single_color/56ae526b7d21bdac1496debb0e3cebab87a7697c38410e28973d91302c77be85/train_p0.npz
cifar10,single_color,blue_contrast,0,normalized,-5.619480156898499,-5.454201328754425,0,10240,0.0,10,/ceph/sagnihot/projects/Lorena_Contrastive_Representation_Arch/sparse_contrast_benchmark_large_batch/outputs/previews/heldout_val/cifar10/single_color/56ae526b7d21bdac1496debb0e3cebab87a7697c38410e28973d91302c77be85/train_p0.npz
cifar10,single_color,blue_contrast,0,normalized,-5.454201328754425,-5.288922500610352,0,10240,0.0,10,/ceph/sagnihot/projects/Lorena_Contrastive_Representation_Arch/sparse_contrast_benchmark_large_batch/outputs/previews/heldout_val/cifar10/single_color/56ae526b7d21bdac1496debb0e3cebab87a7697c38410e28973d91302c77be85/train_p0.npz
cifar10,single_color,blue_contrast,0,normalized,-5.288922500610352,-5.123643672466278,0,10240,0.0,10,/ceph/sagnihot/projects/Lorena_Contrastive_Representation_Arch/sparse_contrast_benchmark_large_batch/outputs/previews/heldout_val/cifar10/single_color/56ae526b7d21bdac1496debb0e3cebab87a7697c38410e28973d91302c77be85/train_p0.npz
cifar10,single_color,blue_contrast,0,normalized,-5.123643672466278,-4.958364844322205,0,10240,0.0,10,/ceph/sagnihot/projects/Lorena_Contrastive_Representation_Arch/sparse_contrast_benchmark_large_batch/outputs/previews/heldout_val/cifar10/single_color/56ae526b7d21bdac1496debb0e3cebab87a7697c38410e28973d91302c77be85/train_p0.npz
cifar10,single_color,blue_contrast,0,normalized,-4.958364844322205,-4.7930860161781315,0,10240,0.0,10,/ceph/sagnihot/projects/Lorena_Contrastive_Representation_Arch/sparse_contrast_benchmark_large_batch/outputs/previews/heldout_val/cifar10/single_color/56ae526b7d21bdac1496debb0e3cebab87a7697c38410e28973d91302c77be85/train_p0.npz
cifar10,single_color,blue_contrast,0,normalized,-4.7930860161781315,-4.627807188034057,0,10240,0.0,10,/ceph/sagnihot/projects/Lorena_Contrastive_Representation_Arch/sparse_contrast_benchmark_large_batch/outputs/previews/heldout_val/cifar10/single_color/56ae526b7d21bdac1496debb0e3cebab87a7697c38410e28973d91302c77be85/train_p0.npz
cifar10,single_color,blue_contrast,0,normalized,-4.627807188034057,-4.462528359889983,0,10240,0.0,10,/ceph/sagnihot/projects/Lorena_Contrastive_Representation_Arch/sparse_contrast_benchmark_large_batch/outputs/previews/heldout_val/cifar10/single_color/56ae526b7d21bdac1496debb0e3cebab87a7697c38410e28973d91302c77be85/train_p0.npz
cifar10,single_color,blue_contrast,0,normalized,-4.462528359889983,-4.29724953174591,0,10240,0.0,10,/ceph/sagnihot/projects/Lorena_Contrastive_Representation_Arch/sparse_contrast_benchmark_large_batch/outputs/previews/heldout_val/cifar10/single_color/56ae526b7d21bdac1496debb0e3cebab87a7697c38410e28973d91302c77be85/train_p0.npz
cifar10,single_color,blue_contrast,0,normalized,-4.29724953174591,-4.131970703601837,0,10240,0.0,10,/ceph/sagnihot/projects/Lorena_Contrastive_Representation_Arch/sparse_contrast_benchmark_large_batch/outputs/previews/heldout_val/cifar10/single_color/56ae526b7d21bdac1496debb0e3cebab87a7697c38410e28973d91302c77be85/train_p0.npz
cifar10,single_color,blue_contrast,0,normalized,-4.131970703601837,-3.9666918754577636,0,10240,0.0,10,/ceph/sagnihot/projects/Lorena_Contrastive_Representation_Arch/sparse_contrast_benchmark_large_batch/outputs/previews/heldout_val/cifar10/single_color/56ae526b7d21bdac1496debb0e3cebab87a7697c38410e28973d91302c77be85/train_p0.npz
cifar10,single_color,blue_contrast,0,normalized,-3.9666918754577636,-3.80141304731369,0,10240,0.0,10,/ceph/sagnihot/projects/Lorena_Contrastive_Representation_Arch/sparse_contrast_benchmark_large_batch/outputs/previews/heldout_val/cifar10/single_color/56ae526b7d21bdac1496debb0e3cebab87a7697c38410e28973d91302c77be85/train_p0.npz
cifar10,single_color,blue_contrast,0,normalized,-3.80141304731369,-3.6361342191696164,2,10240,0.0001953125,10,/ceph/sagnihot/projects/Lorena_Contrastive_Representation_Arch/sparse_contrast_benchmark_large_batch/outputs/previews/heldout_val/cifar10/single_color/56ae526b7d21bdac1496debb0e3cebab87a7697c38410e28973d91302c77be85/train_p0.npz
cifar10,single_color,blue_contrast,0,normalized,-3.6361342191696164,-3.4708553910255433,4,10240,0.000390625,10,/ceph/sagnihot/projects/Lorena_Contrastive_Representation_Arch/sparse_contrast_benchmark_large_batch/outputs/previews/heldout_val/cifar10/single_color/56ae526b7d21bdac1496debb0e3cebab87a7697c38410e28973d91302c77be85/train_p0.npz
cifar10,single_color,blue_contrast,0,normalized,-3.4708553910255433,-3.3055765628814697,2,10240,0.0001953125,10,/ceph/sagnihot/projects/Lorena_Contrastive_Representation_Arch/sparse_contrast_benchmark_large_batch/outputs/previews/heldout_val/cifar10/single_color/56ae526b7d21bdac1496debb0e3cebab87a7697c38410e28973d91302c77be85/train_p0.npz
cifar10,single_color,blue_contrast,0,normalized,-3.3055765628814697,-3.140297734737396,5,10240,0.00048828125,10,/ceph/sagnihot/projects/Lorena_Contrastive_Representation_Arch/sparse_contrast_benchmark_large_batch/outputs/previews/heldout_val/cifar10/single_color/56ae526b7d21bdac1496debb0e3cebab87a7697c38410e28973d91302c77be85/train_p0.npz
cifar10,single_color,blue_contrast,0,normalized,-3.140297734737396,-2.9750189065933226,2,10240,0.0001953125,10,/ceph/sagnihot/projects/Lorena_Contrastive_Representation_Arch/sparse_contrast_benchmark_large_batch/outputs/previews/heldout_val/cifar10/single_color/56ae526b7d21bdac1496debb0e3cebab87a7697c38410e28973d91302c77be85/train_p0.npz
cifar10,single_color,blue_contrast,0,normalized,-2.9750189065933226,-2.809740078449249,3,10240,0.00029296875,10,/ceph/sagnihot/projects/Lorena_Contrastive_Representation_Arch/sparse_contrast_benchmark_large_batch/outputs/previews/heldout_val/cifar10/single_color/56ae526b7d21bdac1496debb0e3cebab87a7697c38410e28973d91302c77be85/train_p0.npz
cifar10,single_color,blue_contrast,0,normalized,-2.809740078449249,-2.6444612503051754,7,10240,0.00068359375,10,/ceph/sagnihot/projects/Lorena_Contrastive_Representation_Arch/sparse_contrast_benchmark_large_batch/outputs/previews/heldout_val/cifar10/single_color/56ae526b7d21bdac1496debb0e3cebab87a7697c38410e28973d91302c77be85/train_p0.npz
cifar10,single_color,blue_contrast,0,normalized,-2.6444612503051754,-2.4791824221611023,6,10240,0.0005859375,10,/ceph/sagnihot/projects/Lorena_Contrastive_Representation_Arch/sparse_contrast_benchmark_large_batch/outputs/previews/heldout_val/cifar10/single_color/56ae526b7d21bdac1496debb0e3cebab87a7697c38410e28973d91302c77be85/train_p0.npz
cifar10,single_color,blue_contrast,0,normalized,-2.4791824221611023,-2.3139035940170283,16,10240,0.0015625,10,/ceph/sagnihot/projects/Lorena_Contrastive_Representation_Arch/sparse_contrast_benchmark_large_batch/outputs/previews/heldout_val/cifar10/single_color/56ae526b7d21bdac1496debb0e3cebab87a7697c38410e28973d91302c77be85/train_p0.npz
cifar10,single_color,blue_contrast,0,normalized,-2.3139035940170283,-2.148624765872955,24,10240,0.00234375,10,/ceph/sagnihot/projects/Lorena_Contrastive_Representation_Arch/sparse_contrast_benchmark_large_batch/outputs/previews/heldout_val/cifar10/single_color/56ae526b7d21bdac1496debb0e3cebab87a7697c38410e28973d91302c77be85/train_p0.npz
cifar10,single_color,blue_contrast,0,normalized,-2.148624765872955,-1.983345937728882,47,10240,0.00458984375,10,/ceph/sagnihot/projects/Lorena_Contrastive_Representation_Arch/sparse_contrast_benchmark_large_batch/outputs/previews/heldout_val/cifar10/single_color/56ae526b7d21bdac1496debb0e3cebab87a7697c38410e28973d91302c77be85/train_p0.npz
cifar10,single_color,blue_contrast,0,normalized,-1.983345937728882,-1.818067109584808,52,10240,0.005078125,10,/ceph/sagnihot/projects/Lorena_Contrastive_Representation_Arch/sparse_contrast_benchmark_large_batch/outputs/previews/heldout_val/cifar10/single_color/56ae526b7d21bdac1496debb0e3cebab87a7697c38410e28973d91302c77be85/train_p0.npz
cifar10,single_color,blue_contrast,0,normalized,-1.818067109584808,-1.6527882814407349,57,10240,0.00556640625,10,/ceph/sagnihot/projects/Lorena_Contrastive_Representation_Arch/sparse_contrast_benchmark_large_batch/outputs/previews/heldout_val/cifar10/single_color/56ae526b7d21bdac1496debb0e3cebab87a7697c38410e28973d91302c77be85/train_p0.npz
cifar10,single_color,blue_contrast,0,normalized,-1.6527882814407349,-1.4875094532966608,90,10240,0.0087890625,10,/ceph/sagnihot/projects/Lorena_Contrastive_Representation_Arch/sparse_contrast_benchmark_large_batch/outputs/previews/heldout_val/cifar10/single_color/56ae526b7d21bdac1496debb0e3cebab87a7697c38410e28973d91302c77be85/train_p0.npz
cifar10,single_color,blue_contrast,0,normalized,-1.4875094532966608,-1.3222306251525877,105,10240,0.01025390625,10,/ceph/sagnihot/projects/Lorena_Contrastive_Representation_Arch/sparse_contrast_benchmark_large_batch/outputs/previews/heldout_val/cifar10/single_color/56ae526b7d21bdac1496debb0e3cebab87a7697c38410e28973d91302c77be85/train_p0.npz
cifar10,single_color,blue_contrast,0,normalized,-1.3222306251525877,-1.1569517970085146,140,10240,0.013671875,10,/ceph/sagnihot/projects/Lorena_Contrastive_Representation_Arch/sparse_contrast_benchmark_large_batch/outputs/previews/heldout_val/cifar10/single_color/56ae526b7d21bdac1496debb0e3cebab87a7697c38410e28973d91302c77be85/train_p0.npz
cifar10,single_color,blue_contrast,0,normalized,-1.1569517970085146,-0.9916729688644406,206,10240,0.0201171875,10,/ceph/sagnihot/projects/Lorena_Contrastive_Representation_Arch/sparse_contrast_benchmark_large_batch/outputs/previews/heldout_val/cifar10/single_color/56ae526b7d21bdac1496debb0e3cebab87a7697c38410e28973d91302c77be85/train_p0.npz
cifar10,single_color,blue_contrast,0,normalized,-0.9916729688644406,-0.8263941407203674,307,10240,0.02998046875,10,/ceph/sagnihot/projects/Lorena_Contrastive_Representation_Arch/sparse_contrast_benchmark_large_batch/outputs/previews/heldout_val/cifar10/single_color/56ae526b7d21bdac1496debb0e3cebab87a7697c38410e28973d91302c77be85/train_p0.npz
cifar10,single_color,blue_contrast,0,normalized,-0.8263941407203674,-0.6611153125762934,382,10240,0.0373046875,10,/ceph/sagnihot/projects/Lorena_Contrastive_Representation_Arch/sparse_contrast_benchmark_large_batch/outputs/previews/heldout_val/cifar10/single_color/56ae526b7d21bdac1496debb0e3cebab87a7697c38410e28973d91302c77be85/train_p0.npz
cifar10,single_color,blue_contrast,0,normalized,-0.6611153125762934,-0.4958364844322203,584,10240,0.05703125,10,/ceph/sagnihot/projects/Lorena_Contrastive_Representation_Arch/sparse_contrast_benchmark_large_batch/outputs/previews/heldout_val/cifar10/single_color/56ae526b7d21bdac1496debb0e3cebab87a7697c38410e28973d91302c77be85/train_p0.npz
cifar10,single_color,blue_contrast,0,normalized,-0.4958364844322203,-0.33055765628814715,1017,10240,0.09931640625,10,/ceph/sagnihot/projects/Lorena_Contrastive_Representation_Arch/sparse_contrast_benchmark_large_batch/outputs/previews/heldout_val/cifar10/single_color/56ae526b7d21bdac1496debb0e3cebab87a7697c38410e28973d91302c77be85/train_p0.npz
cifar10,single_color,blue_contrast,0,normalized,-0.33055765628814715,-0.16527882814407313,2526,10240,0.2466796875,10,/ceph/sagnihot/projects/Lorena_Contrastive_Representation_Arch/sparse_contrast_benchmark_large_batch/outputs/previews/heldout_val/cifar10/single_color/56ae526b7d21bdac1496debb0e3cebab87a7697c38410e28973d91302c77be85/train_p0.npz
cifar10,single_color,blue_contrast,0,normalized,-0.16527882814407313,0.0,1282,10240,0.1251953125,10,/ceph/sagnihot/projects/Lorena_Contrastive_Representation_Arch/sparse_contrast_benchmark_large_batch/outputs/previews/heldout_val/cifar10/single_color/56ae526b7d21bdac1496debb0e3cebab87a7697c38410e28973d91302c77be85/train_p0.npz
cifar10,single_color,blue_contrast,0,normalized,0.0,0.16527882814407402,671,10240,0.06552734375,10,/ceph/sagnihot/projects/Lorena_Contrastive_Representation_Arch/sparse_contrast_benchmark_large_batch/outputs/previews/heldout_val/cifar10/single_color/56ae526b7d21bdac1496debb0e3cebab87a7697c38410e28973d91302c77be85/train_p0.npz
cifar10,single_color,blue_contrast,0,normalized,0.16527882814407402,0.33055765628814715,525,10240,0.05126953125,10,/ceph/sagnihot/projects/Lorena_Contrastive_Representation_Arch/sparse_contrast_benchmark_large_batch/outputs/previews/heldout_val/cifar10/single_color/56ae526b7d21bdac1496debb0e3cebab87a7697c38410e28973d91302c77be85/train_p0.npz
cifar10,single_color,blue_contrast,0,normalized,0.33055765628814715,0.4958364844322203,393,10240,0.03837890625,10,/ceph/sagnihot/projects/Lorena_Contrastive_Representation_Arch/sparse_contrast_benchmark_large_batch/outputs/previews/heldout_val/cifar10/single_color/56ae526b7d21bdac1496debb0e3cebab87a7697c38410e28973d91302c77be85/train_p0.npz
cifar10,single_color,blue_contrast,0,normalized,0.4958364844322203,0.6611153125762943,293,10240,0.02861328125,10,/ceph/sagnihot/projects/Lorena_Contrastive_Representation_Arch/sparse_contrast_benchmark_large_batch/outputs/previews/heldout_val/cifar10/single_color/56ae526b7d21bdac1496debb0e3cebab87a7697c38410e28973d91302c77be85/train_p0.npz
cifar10,single_color,blue_contrast,0,normalized,0.6611153125762943,0.8263941407203674,225,10240,0.02197265625,10,/ceph/sagnihot/projects/Lorena_Contrastive_Representation_Arch/sparse_contrast_benchmark_large_batch/outputs/previews/heldout_val/cifar10/single_color/56ae526b7d21bdac1496debb0e3cebab87a7697c38410e28973d91302c77be85/train_p0.npz
cifar10,single_color,blue_contrast,0,normalized,0.8263941407203674,0.9916729688644415,171,10240,0.01669921875,10,/ceph/sagnihot/projects/Lorena_Contrastive_Representation_Arch/sparse_contrast_benchmark_large_batch/outputs/previews/heldout_val/cifar10/single_color/56ae526b7d21bdac1496debb0e3cebab87a7697c38410e28973d91302c77be85/train_p0.npz
cifar10,single_color,blue_contrast,0,normalized,0.9916729688644415,1.1569517970085146,186,10240,0.0181640625,10,/ceph/sagnihot/projects/Lorena_Contrastive_Representation_Arch/sparse_contrast_benchmark_large_batch/outputs/previews/heldout_val/cifar10/single_color/56ae526b7d21bdac1496debb0e3cebab87a7697c38410e28973d91302c77be85/train_p0.npz
cifar10,single_color,blue_contrast,0,normalized,1.1569517970085146,1.3222306251525886,120,10240,0.01171875,10,/ceph/sagnihot/projects/Lorena_Contrastive_Representation_Arch/sparse_contrast_benchmark_large_batch/outputs/previews/heldout_val/cifar10/single_color/56ae526b7d21bdac1496debb0e3cebab87a7697c38410e28973d91302c77be85/train_p0.npz
cifar10,single_color,blue_contrast,0,normalized,1.3222306251525886,1.4875094532966617,91,10240,0.00888671875,10,/ceph/sagnihot/projects/Lorena_Contrastive_Representation_Arch/sparse_contrast_benchmark_large_batch/outputs/previews/heldout_val/cifar10/single_color/56ae526b7d21bdac1496debb0e3cebab87a7697c38410e28973d91302c77be85/train_p0.npz
cifar10,single_color,blue_contrast,0,normalized,1.4875094532966617,1.6527882814407349,55,10240,0.00537109375,10,/ceph/sagnihot/projects/Lorena_Contrastive_Representation_Arch/sparse_contrast_benchmark_large_batch/outputs/previews/heldout_val/cifar10/single_color/56ae526b7d21bdac1496debb0e3cebab87a7697c38410e28973d91302c77be85/train_p0.npz
cifar10,single_color,blue_contrast,0,normalized,1.6527882814407349,1.818067109584808,63,10240,0.00615234375,10,/ceph/sagnihot/projects/Lorena_Contrastive_Representation_Arch/sparse_contrast_benchmark_large_batch/outputs/previews/heldout_val/cifar10/single_color/56ae526b7d21bdac1496debb0e3cebab87a7697c38410e28973d91302c77be85/train_p0.npz
cifar10,single_color,blue_contrast,0,normalized,1.818067109584808,1.983345937728883,45,10240,0.00439453125,10,/ceph/sagnihot/projects/Lorena_Contrastive_Representation_Arch/sparse_contrast_benchmark_large_batch/outputs/previews/heldout_val/cifar10/single_color/56ae526b7d21bdac1496debb0e3cebab87a7697c38410e28973d91302c77be85/train_p0.npz
cifar10,single_color,blue_contrast,0,normalized,1.983345937728883,2.148624765872956,56,10240,0.00546875,10,/ceph/sagnihot/projects/Lorena_Contrastive_Representation_Arch/sparse_contrast_benchmark_large_batch/outputs/previews/heldout_val/cifar10/single_color/56ae526b7d21bdac1496debb0e3cebab87a7697c38410e28973d91302c77be85/train_p0.npz
cifar10,single_color,blue_contrast,0,normalized,2.148624765872956,2.313903594017029,27,10240,0.00263671875,10,/ceph/sagnihot/projects/Lorena_Contrastive_Representation_Arch/sparse_contrast_benchmark_large_batch/outputs/previews/heldout_val/cifar10/single_color/56ae526b7d21bdac1496debb0e3cebab87a7697c38410e28973d91302c77be85/train_p0.npz
cifar10,single_color,blue_contrast,0,normalized,2.313903594017029,2.4791824221611023,25,10240,0.00244140625,10,/ceph/sagnihot/projects/Lorena_Contrastive_Representation_Arch/sparse_contrast_benchmark_large_batch/outputs/previews/heldout_val/cifar10/single_color/56ae526b7d21bdac1496debb0e3cebab87a7697c38410e28973d91302c77be85/train_p0.npz
cifar10,single_color,blue_contrast,0,normalized,2.4791824221611023,2.6444612503051754,8,10240,0.00078125,10,/ceph/sagnihot/projects/Lorena_Contrastive_Representation_Arch/sparse_contrast_benchmark_large_batch/outputs/previews/heldout_val/cifar10/single_color/56ae526b7d21bdac1496debb0e3cebab87a7697c38410e28973d91302c77be85/train_p0.npz
cifar10,single_color,blue_contrast,0,normalized,2.6444612503051754,2.8097400784492503,5,10240,0.00048828125,10,/ceph/sagnihot/projects/Lorena_Contrastive_Representation_Arch/sparse_contrast_benchmark_large_batch/outputs/previews/heldout_val/cifar10/single_color/56ae526b7d21bdac1496debb0e3cebab87a7697c38410e28973d91302c77be85/train_p0.npz
cifar10,single_color,blue_contrast,0,normalized,2.8097400784492503,2.9750189065933235,4,10240,0.000390625,10,/ceph/sagnihot/projects/Lorena_Contrastive_Representation_Arch/sparse_contrast_benchmark_large_batch/outputs/previews/heldout_val/cifar10/single_color/56ae526b7d21bdac1496debb0e3cebab87a7697c38410e28973d91302c77be85/train_p0.npz
cifar10,single_color,blue_contrast,0,normalized,2.9750189065933235,3.1402977347373966,12,10240,0.001171875,10,/ceph/sagnihot/projects/Lorena_Contrastive_Representation_Arch/sparse_contrast_benchmark_large_batch/outputs/previews/heldout_val/cifar10/single_color/56ae526b7d21bdac1496debb0e3cebab87a7697c38410e28973d91302c77be85/train_p0.npz
cifar10,single_color,blue_contrast,0,normalized,3.1402977347373966,3.3055765628814697,71,10240,0.00693359375,10,/ceph/sagnihot/projects/Lorena_Contrastive_Representation_Arch/sparse_contrast_benchmark_large_batch/outputs/previews/heldout_val/cifar10/single_color/56ae526b7d21bdac1496debb0e3cebab87a7697c38410e28973d91302c77be85/train_p0.npz
cifar10,single_color,blue_contrast,0,normalized,3.3055765628814697,3.470855391025543,62,10240,0.0060546875,10,/ceph/sagnihot/projects/Lorena_Contrastive_Representation_Arch/sparse_contrast_benchmark_large_batch/outputs/previews/heldout_val/cifar10/single_color/56ae526b7d21bdac1496debb0e3cebab87a7697c38410e28973d91302c77be85/train_p0.npz
cifar10,single_color,blue_contrast,0,normalized,3.470855391025543,3.6361342191696178,20,10240,0.001953125,10,/ceph/sagnihot/projects/Lorena_Contrastive_Representation_Arch/sparse_contrast_benchmark_large_batch/outputs/previews/heldout_val/cifar10/single_color/56ae526b7d21bdac1496debb0e3cebab87a7697c38410e28973d91302c77be85/train_p0.npz
cifar10,single_color,blue_contrast,0,normalized,3.6361342191696178,3.801413047313691,104,10240,0.01015625,10,/ceph/sagnihot/projects/Lorena_Contrastive_Representation_Arch/sparse_contrast_benchmark_large_batch/outputs/previews/heldout_val/cifar10/single_color/56ae526b7d21bdac1496debb0e3cebab87a7697c38410e28973d91302c77be85/train_p0.npz
cifar10,single_color,blue_contrast,0,normalized,3.801413047313691,3.966691875457764,52,10240,0.005078125,10,/ceph/sagnihot/projects/Lorena_Contrastive_Representation_Arch/sparse_contrast_benchmark_large_batch/outputs/previews/heldout_val/cifar10/single_color/56ae526b7d21bdac1496debb0e3cebab87a7697c38410e28973d91302c77be85/train_p0.npz
cifar10,single_color,blue_contrast,0,normalized,3.966691875457764,4.131970703601837,16,10240,0.0015625,10,/ceph/sagnihot/projects/Lorena_Contrastive_Representation_Arch/sparse_contrast_benchmark_large_batch/outputs/previews/heldout_val/cifar10/single_color/56ae526b7d21bdac1496debb0e3cebab87a7697c38410e28973d91302c77be85/train_p0.npz
cifar10,single_color,blue_contrast,0,normalized,4.131970703601837,4.29724953174591,10,10240,0.0009765625,10,/ceph/sagnihot/projects/Lorena_Contrastive_Representation_Arch/sparse_contrast_benchmark_large_batch/outputs/previews/heldout_val/cifar10/single_color/56ae526b7d21bdac1496debb0e3cebab87a7697c38410e28973d91302c77be85/train_p0.npz
cifar10,single_color,blue_contrast,0,normalized,4.29724953174591,4.462528359889985,8,10240,0.00078125,10,/ceph/sagnihot/projects/Lorena_Contrastive_Representation_Arch/sparse_contrast_benchmark_large_batch/outputs/previews/heldout_val/cifar10/single_color/56ae526b7d21bdac1496debb0e3cebab87a7697c38410e28973d91302c77be85/train_p0.npz
cifar10,single_color,blue_contrast,0,normalized,4.462528359889985,4.627807188034058,13,10240,0.00126953125,10,/ceph/sagnihot/projects/Lorena_Contrastive_Representation_Arch/sparse_contrast_benchmark_large_batch/outputs/previews/heldout_val/cifar10/single_color/56ae526b7d21bdac1496debb0e3cebab87a7697c38410e28973d91302c77be85/train_p0.npz
cifar10,single_color,blue_contrast,0,normalized,4.627807188034058,4.7930860161781315,9,10240,0.00087890625,10,/ceph/sagnihot/projects/Lorena_Contrastive_Representation_Arch/sparse_contrast_benchmark_large_batch/outputs/previews/heldout_val/cifar10/single_color/56ae526b7d21bdac1496debb0e3cebab87a7697c38410e28973d91302c77be85/train_p0.npz
cifar10,single_color,blue_contrast,0,normalized,4.7930860161781315,4.958364844322205,2,10240,0.0001953125,10,/ceph/sagnihot/projects/Lorena_Contrastive_Representation_Arch/sparse_contrast_benchmark_large_batch/outputs/previews/heldout_val/cifar10/single_color/56ae526b7d21bdac1496debb0e3cebab87a7697c38410e28973d91302c77be85/train_p0.npz
cifar10,single_color,blue_contrast,0,normalized,4.958364844322205,5.123643672466278,7,10240,0.00068359375,10,/ceph/sagnihot/projects/Lorena_Contrastive_Representation_Arch/sparse_contrast_benchmark_large_batch/outputs/previews/heldout_val/cifar10/single_color/56ae526b7d21bdac1496debb0e3cebab87a7697c38410e28973d91302c77be85/train_p0.npz
cifar10,single_color,blue_contrast,0,normalized,5.123643672466278,5.288922500610353,6,10240,0.0005859375,10,/ceph/sagnihot/projects/Lorena_Contrastive_Representation_Arch/sparse_contrast_benchmark_large_batch/outputs/previews/heldout_val/cifar10/single_color/56ae526b7d21bdac1496debb0e3cebab87a7697c38410e28973d91302c77be85/train_p0.npz
cifar10,single_color,blue_contrast,0,normalized,5.288922500610353,5.454201328754426,3,10240,0.00029296875,10,/ceph/sagnihot/projects/Lorena_Contrastive_Representation_Arch/sparse_contrast_benchmark_large_batch/outputs/previews/heldout_val/cifar10/single_color/56ae526b7d21bdac1496debb0e3cebab87a7697c38410e28973d91302c77be85/train_p0.npz
cifar10,single_color,blue_contrast,0,normalized,5.454201328754426,5.619480156898499,3,10240,0.00029296875,10,/ceph/sagnihot/projects/Lorena_Contrastive_Representation_Arch/sparse_contrast_benchmark_large_batch/outputs/previews/heldout_val/cifar10/single_color/56ae526b7d21bdac1496debb0e3cebab87a7697c38410e28973d91302c77be85/train_p0.npz
cifar10,single_color,blue_contrast,0,normalized,5.619480156898499,5.784758985042572,4,10240,0.000390625,10,/ceph/sagnihot/projects/Lorena_Contrastive_Representation_Arch/sparse_contrast_benchmark_large_batch/outputs/previews/heldout_val/cifar10/single_color/56ae526b7d21bdac1496debb0e3cebab87a7697c38410e28973d91302c77be85/train_p0.npz
cifar10,single_color,blue_contrast,0,normalized,5.784758985042572,5.950037813186645,0,10240,0.0,10,/ceph/sagnihot/projects/Lorena_Contrastive_Representation_Arch/sparse_contrast_benchmark_large_batch/outputs/previews/heldout_val/cifar10/single_color/56ae526b7d21bdac1496debb0e3cebab87a7697c38410e28973d91302c77be85/train_p0.npz
cifar10,single_color,blue_contrast,0,normalized,5.950037813186645,6.11531664133072,0,10240,0.0,10,/ceph/sagnihot/projects/Lorena_Contrastive_Representation_Arch/sparse_contrast_benchmark_large_batch/outputs/previews/heldout_val/cifar10/single_color/56ae526b7d21bdac1496debb0e3cebab87a7697c38410e28973d91302c77be85/train_p0.npz
cifar10,single_color,blue_contrast,0,normalized,6.11531664133072,6.280595469474793,1,10240,9.765625e-05,10,/ceph/sagnihot/projects/Lorena_Contrastive_Representation_Arch/sparse_contrast_benchmark_large_batch/outputs/previews/heldout_val/cifar10/single_color/56ae526b7d21bdac1496debb0e3cebab87a7697c38410e28973d91302c77be85/train_p0.npz
cifar10,single_color,blue_contrast,0,normalized,6.280595469474793,6.445874297618866,5,10240,0.00048828125,10,/ceph/sagnihot/projects/Lorena_Contrastive_Representation_Arch/sparse_contrast_benchmark_large_batch/outputs/previews/heldout_val/cifar10/single_color/56ae526b7d21bdac1496debb0e3cebab87a7697c38410e28973d91302c77be85/train_p0.npz
cifar10,single_color,blue_contrast,0,normalized,6.445874297618866,6.6111531257629395,3,10240,0.00029296875,10,/ceph/sagnihot/projects/Lorena_Contrastive_Representation_Arch/sparse_contrast_benchmark_large_batch/outputs/previews/heldout_val/cifar10/single_color/56ae526b7d21bdac1496debb0e3cebab87a7697c38410e28973d91302c77be85/train_p0.npz
cifar10,single_color,blue_contrast,60,native,-0.5725491046905518,-0.558235377073288,0,10240,0.0,10,/ceph/sagnihot/projects/Lorena_Contrastive_Representation_Arch/sparse_contrast_benchmark_large_batch/outputs/previews/heldout_val/cifar10/single_color/56ae526b7d21bdac1496debb0e3cebab87a7697c38410e28973d91302c77be85/train_p60.npz
cifar10,single_color,blue_contrast,60,native,-0.558235377073288,-0.5439216494560242,0,10240,0.0,10,/ceph/sagnihot/projects/Lorena_Contrastive_Representation_Arch/sparse_contrast_benchmark_large_batch/outputs/previews/heldout_val/cifar10/single_color/56ae526b7d21bdac1496debb0e3cebab87a7697c38410e28973d91302c77be85/train_p60.npz
cifar10,single_color,blue_contrast,60,native,-0.5439216494560242,-0.5296079218387604,0,10240,0.0,10,/ceph/sagnihot/projects/Lorena_Contrastive_Representation_Arch/sparse_contrast_benchmark_large_batch/outputs/previews/heldout_val/cifar10/single_color/56ae526b7d21bdac1496debb0e3cebab87a7697c38410e28973d91302c77be85/train_p60.npz
cifar10,single_color,blue_contrast,60,native,-0.5296079218387604,-0.5152941942214966,0,10240,0.0,10,/ceph/sagnihot/projects/Lorena_Contrastive_Representation_Arch/sparse_contrast_benchmark_large_batch/outputs/previews/heldout_val/cifar10/single_color/56ae526b7d21bdac1496debb0e3cebab87a7697c38410e28973d91302c77be85/train_p60.npz
cifar10,single_color,blue_contrast,60,native,-0.5152941942214966,-0.5009804666042328,0,10240,0.0,10,/ceph/sagnihot/projects/Lorena_Contrastive_Representation_Arch/sparse_contrast_benchmark_large_batch/outputs/previews/heldout_val/cifar10/single_color/56ae526b7d21bdac1496debb0e3cebab87a7697c38410e28973d91302c77be85/train_p60.npz
cifar10,single_color,blue_contrast,60,native,-0.5009804666042328,-0.486666738986969,0,10240,0.0,10,/ceph/sagnihot/projects/Lorena_Contrastive_Representation_Arch/sparse_contrast_benchmark_large_batch/outputs/previews/heldout_val/cifar10/single_color/56ae526b7d21bdac1496debb0e3cebab87a7697c38410e28973d91302c77be85/train_p60.npz
cifar10,single_color,blue_contrast,60,native,-0.486666738986969,-0.4723530113697052,0,10240,0.0,10,/ceph/sagnihot/projects/Lorena_Contrastive_Representation_Arch/sparse_contrast_benchmark_large_batch/outputs/previews/heldout_val/cifar10/single_color/56ae526b7d21bdac1496debb0e3cebab87a7697c38410e28973d91302c77be85/train_p60.npz
cifar10,single_color,blue_contrast,60,native,-0.4723530113697052,-0.4580392837524414,0,10240,0.0,10,/ceph/sagnihot/projects/Lorena_Contrastive_Representation_Arch/sparse_contrast_benchmark_large_batch/outputs/previews/heldout_val/cifar10/single_color/56ae526b7d21bdac1496debb0e3cebab87a7697c38410e28973d91302c77be85/train_p60.npz
cifar10,single_color,blue_contrast,60,native,-0.4580392837524414,-0.4437255561351776,0,10240,0.0,10,/ceph/sagnihot/projects/Lorena_Contrastive_Representation_Arch/sparse_contrast_benchmark_large_batch/outputs/previews/heldout_val/cifar10/single_color/56ae526b7d21bdac1496debb0e3cebab87a7697c38410e28973d91302c77be85/train_p60.npz
cifar10,single_color,blue_contrast,60,native,-0.4437255561351776,-0.4294118285179138,0,10240,0.0,10,/ceph/sagnihot/projects/Lorena_Contrastive_Representation_Arch/sparse_contrast_benchmark_large_batch/outputs/previews/heldout_val/cifar10/single_color/56ae526b7d21bdac1496debb0e3cebab87a7697c38410e28973d91302c77be85/train_p60.npz
cifar10,single_color,blue_contrast,60,native,-0.4294118285179138,-0.41509810090065,0,10240,0.0,10,/ceph/sagnihot/projects/Lorena_Contrastive_Representation_Arch/sparse_contrast_benchmark_large_batch/outputs/previews/heldout_val/cifar10/single_color/56ae526b7d21bdac1496debb0e3cebab87a7697c38410e28973d91302c77be85/train_p60.npz
cifar10,single_color,blue_contrast,60,native,-0.41509810090065,-0.40078437328338623,0,10240,0.0,10,/ceph/sagnihot/projects/Lorena_Contrastive_Representation_Arch/sparse_contrast_benchmark_large_batch/outputs/previews/heldout_val/cifar10/single_color/56ae526b7d21bdac1496debb0e3cebab87a7697c38410e28973d91302c77be85/train_p60.npz
cifar10,single_color,blue_contrast,60,native,-0.40078437328338623,-0.38647064566612244,0,10240,0.0,10,/ceph/sagnihot/projects/Lorena_Contrastive_Representation_Arch/sparse_contrast_benchmark_large_batch/outputs/previews/heldout_val/cifar10/single_color/56ae526b7d21bdac1496debb0e3cebab87a7697c38410e28973d91302c77be85/train_p60.npz
cifar10,single_color,blue_contrast,60,native,-0.38647064566612244,-0.37215691804885864,0,10240,0.0,10,/ceph/sagnihot/projects/Lorena_Contrastive_Representation_Arch/sparse_contrast_benchmark_large_batch/outputs/previews/heldout_val/cifar10/single_color/56ae526b7d21bdac1496debb0e3cebab87a7697c38410e28973d91302c77be85/train_p60.npz
cifar10,single_color,blue_contrast,60,native,-0.37215691804885864,-0.35784319043159485,0,10240,0.0,10,/ceph/sagnihot/projects/Lorena_Contrastive_Representation_Arch/sparse_contrast_benchmark_large_batch/outputs/previews/heldout_val/cifar10/single_color/56ae526b7d21bdac1496debb0e3cebab87a7697c38410e28973d91302c77be85/train_p60.npz
cifar10,single_color,blue_contrast,60,native,-0.35784319043159485,-0.34352946281433105,0,10240,0.0,10,/ceph/sagnihot/projects/Lorena_Contrastive_Representation_Arch/sparse_contrast_benchmark_large_batch/outputs/previews/heldout_val/cifar10/single_color/56ae526b7d21bdac1496debb0e3cebab87a7697c38410e28973d91302c77be85/train_p60.npz
cifar10,single_color,blue_contrast,60,native,-0.34352946281433105,-0.32921573519706726,0,10240,0.0,10,/ceph/sagnihot/projects/Lorena_Contrastive_Representation_Arch/sparse_contrast_benchmark_large_batch/outputs/previews/heldout_val/cifar10/single_color/56ae526b7d21bdac1496debb0e3cebab87a7697c38410e28973d91302c77be85/train_p60.npz
cifar10,single_color,blue_contrast,60,native,-0.32921573519706726,-0.31490200757980347,0,10240,0.0,10,/ceph/sagnihot/projects/Lorena_Contrastive_Representation_Arch/sparse_contrast_benchmark_large_batch/outputs/previews/heldout_val/cifar10/single_color/56ae526b7d21bdac1496debb0e3cebab87a7697c38410e28973d91302c77be85/train_p60.npz
cifar10,single_color,blue_contrast,60,native,-0.31490200757980347,-0.3005882799625397,0,10240,0.0,10,/ceph/sagnihot/projects/Lorena_Contrastive_Representation_Arch/sparse_contrast_benchmark_large_batch/outputs/previews/heldout_val/cifar10/single_color/56ae526b7d21bdac1496debb0e3cebab87a7697c38410e28973d91302c77be85/train_p60.npz
cifar10,single_color,blue_contrast,60,native,-0.3005882799625397,-0.2862745523452759,1,10240,9.765625e-05,10,/ceph/sagnihot/projects/Lorena_Contrastive_Representation_Arch/sparse_contrast_benchmark_large_batch/outputs/previews/heldout_val/cifar10/single_color/56ae526b7d21bdac1496debb0e3cebab87a7697c38410e28973d91302c77be85/train_p60.npz
cifar10,single_color,blue_contrast,60,native,-0.2862745523452759,-0.2719608247280121,4,10240,0.000390625,10,/ceph/sagnihot/projects/Lorena_Contrastive_Representation_Arch/sparse_contrast_benchmark_large_batch/outputs/previews/heldout_val/cifar10/single_color/56ae526b7d21bdac1496debb0e3cebab87a7697c38410e28973d91302c77be85/train_p60.npz
cifar10,single_color,blue_contrast,60,native,-0.2719608247280121,-0.2576470971107483,3,10240,0.00029296875,10,/ceph/sagnihot/projects/Lorena_Contrastive_Representation_Arch/sparse_contrast_benchmark_large_batch/outputs/previews/heldout_val/cifar10/single_color/56ae526b7d21bdac1496debb0e3cebab87a7697c38410e28973d91302c77be85/train_p60.npz
cifar10,single_color,blue_contrast,60,native,-0.2576470971107483,-0.2433333694934845,4,10240,0.000390625,10,/ceph/sagnihot/projects/Lorena_Contrastive_Representation_Arch/sparse_contrast_benchmark_large_batch/outputs/previews/heldout_val/cifar10/single_color/56ae526b7d21bdac1496debb0e3cebab87a7697c38410e28973d91302c77be85/train_p60.npz
cifar10,single_color,blue_contrast,60,native,-0.2433333694934845,-0.2290196418762207,3,10240,0.00029296875,10,/ceph/sagnihot/projects/Lorena_Contrastive_Representation_Arch/sparse_contrast_benchmark_large_batch/outputs/previews/heldout_val/cifar10/single_color/56ae526b7d21bdac1496debb0e3cebab87a7697c38410e28973d91302c77be85/train_p60.npz
cifar10,single_color,blue_contrast,60,native,-0.2290196418762207,-0.2147059142589569,3,10240,0.00029296875,10,/ceph/sagnihot/projects/Lorena_Contrastive_Representation_Arch/sparse_contrast_benchmark_large_batch/outputs/previews/heldout_val/cifar10/single_color/56ae526b7d21bdac1496debb0e3cebab87a7697c38410e28973d91302c77be85/train_p60.npz
cifar10,single_color,blue_contrast,60,native,-0.2147059142589569,-0.20039218664169312,8,10240,0.00078125,10,/ceph/sagnihot/projects/Lorena_Contrastive_Representation_Arch/sparse_contrast_benchmark_large_batch/outputs/previews/heldout_val/cifar10/single_color/56ae526b7d21bdac1496debb0e3cebab87a7697c38410e28973d91302c77be85/train_p60.npz
cifar10,single_color,blue_contrast,60,native,-0.20039218664169312,-0.18607845902442932,5,10240,0.00048828125,10,/ceph/sagnihot/projects/Lorena_Contrastive_Representation_Arch/sparse_contrast_benchmark_large_batch/outputs/previews/heldout_val/cifar10/single_color/56ae526b7d21bdac1496debb0e3cebab87a7697c38410e28973d91302c77be85/train_p60.npz
cifar10,single_color,blue_contrast,60,native,-0.18607845902442932,-0.17176473140716553,19,10240,0.00185546875,10,/ceph/sagnihot/projects/Lorena_Contrastive_Representation_Arch/sparse_contrast_benchmark_large_batch/outputs/previews/heldout_val/cifar10/single_color/56ae526b7d21bdac1496debb0e3cebab87a7697c38410e28973d91302c77be85/train_p60.npz
cifar10,single_color,blue_contrast,60,native,-0.17176473140716553,-0.15745100378990173,31,10240,0.00302734375,10,/ceph/sagnihot/projects/Lorena_Contrastive_Representation_Arch/sparse_contrast_benchmark_large_batch/outputs/previews/heldout_val/cifar10/single_color/56ae526b7d21bdac1496debb0e3cebab87a7697c38410e28973d91302c77be85/train_p60.npz
cifar10,single_color,blue_contrast,60,native,-0.15745100378990173,-0.14313727617263794,46,10240,0.0044921875,10,/ceph/sagnihot/projects/Lorena_Contrastive_Representation_Arch/sparse_contrast_benchmark_large_batch/outputs/previews/heldout_val/cifar10/single_color/56ae526b7d21bdac1496debb0e3cebab87a7697c38410e28973d91302c77be85/train_p60.npz
cifar10,single_color,blue_contrast,60,native,-0.14313727617263794,-0.12882354855537415,56,10240,0.00546875,10,/ceph/sagnihot/projects/Lorena_Contrastive_Representation_Arch/sparse_contrast_benchmark_large_batch/outputs/previews/heldout_val/cifar10/single_color/56ae526b7d21bdac1496debb0e3cebab87a7697c38410e28973d91302c77be85/train_p60.npz
cifar10,single_color,blue_contrast,60,native,-0.12882354855537415,-0.11450982093811035,72,10240,0.00703125,10,/ceph/sagnihot/projects/Lorena_Contrastive_Representation_Arch/sparse_contrast_benchmark_large_batch/outputs/previews/heldout_val/cifar10/single_color/56ae526b7d21bdac1496debb0e3cebab87a7697c38410e28973d91302c77be85/train_p60.npz
cifar10,single_color,blue_contrast,60,native,-0.11450982093811035,-0.10019609332084656,89,10240,0.00869140625,10,/ceph/sagnihot/projects/Lorena_Contrastive_Representation_Arch/sparse_contrast_benchmark_large_batch/outputs/previews/heldout_val/cifar10/single_color/56ae526b7d21bdac1496debb0e3cebab87a7697c38410e28973d91302c77be85/train_p60.npz
cifar10,single_color,blue_contrast,60,native,-0.10019609332084656,-0.08588236570358276,132,10240,0.012890625,10,/ceph/sagnihot/projects/Lorena_Contrastive_Representation_Arch/sparse_contrast_benchmark_large_batch/outputs/previews/heldout_val/cifar10/single_color/56ae526b7d21bdac1496debb0e3cebab87a7697c38410e28973d91302c77be85/train_p60.npz
cifar10,single_color,blue_contrast,60,native,-0.08588236570358276,-0.07156863808631897,153,10240,0.01494140625,10,/ceph/sagnihot/projects/Lorena_Contrastive_Representation_Arch/sparse_contrast_benchmark_large_batch/outputs/previews/heldout_val/cifar10/single_color/56ae526b7d21bdac1496debb0e3cebab87a7697c38410e28973d91302c77be85/train_p60.npz
cifar10,single_color,blue_contrast,60,native,-0.07156863808631897,-0.057254910469055176,224,10240,0.021875,10,/ceph/sagnihot/projects/Lorena_Contrastive_Representation_Arch/sparse_contrast_benchmark_large_batch/outputs/previews/heldout_val/cifar10/single_color/56ae526b7d21bdac1496debb0e3cebab87a7697c38410e28973d91302c77be85/train_p60.npz
cifar10,single_color,blue_contrast,60,native,-0.057254910469055176,-0.04294118285179138,262,10240,0.0255859375,10,/ceph/sagnihot/projects/Lorena_Contrastive_Representation_Arch/sparse_contrast_benchmark_large_batch/outputs/previews/heldout_val/cifar10/single_color/56ae526b7d21bdac1496debb0e3cebab87a7697c38410e28973d91302c77be85/train_p60.npz
cifar10,single_color,blue_contrast,60,native,-0.04294118285179138,-0.028627455234527588,252,10240,0.024609375,10,/ceph/sagnihot/projects/Lorena_Contrastive_Representation_Arch/sparse_contrast_benchmark_large_batch/outputs/previews/heldout_val/cifar10/single_color/56ae526b7d21bdac1496debb0e3cebab87a7697c38410e28973d91302c77be85/train_p60.npz
cifar10,single_color,blue_contrast,60,native,-0.028627455234527588,-0.014313727617263794,119,10240,0.01162109375,10,/ceph/sagnihot/projects/Lorena_Contrastive_Representation_Arch/sparse_contrast_benchmark_large_batch/outputs/previews/heldout_val/cifar10/single_color/56ae526b7d21bdac1496debb0e3cebab87a7697c38410e28973d91302c77be85/train_p60.npz
cifar10,single_color,blue_contrast,60,native,-0.014313727617263794,0.0,7,10240,0.00068359375,10,/ceph/sagnihot/projects/Lorena_Contrastive_Representation_Arch/sparse_contrast_benchmark_large_batch/outputs/previews/heldout_val/cifar10/single_color/56ae526b7d21bdac1496debb0e3cebab87a7697c38410e28973d91302c77be85/train_p60.npz
cifar10,single_color,blue_contrast,60,native,0.0,0.014313727617263794,6188,10240,0.604296875,10,/ceph/sagnihot/projects/Lorena_Contrastive_Representation_Arch/sparse_contrast_benchmark_large_batch/outputs/previews/heldout_val/cifar10/single_color/56ae526b7d21bdac1496debb0e3cebab87a7697c38410e28973d91302c77be85/train_p60.npz
cifar10,single_color,blue_contrast,60,native,0.014313727617263794,0.028627455234527588,113,10240,0.01103515625,10,/ceph/sagnihot/projects/Lorena_Contrastive_Representation_Arch/sparse_contrast_benchmark_large_batch/outputs/previews/heldout_val/cifar10/single_color/56ae526b7d21bdac1496debb0e3cebab87a7697c38410e28973d91302c77be85/train_p60.npz
cifar10,single_color,blue_contrast,60,native,0.028627455234527588,0.04294118285179138,299,10240,0.02919921875,10,/ceph/sagnihot/projects/Lorena_Contrastive_Representation_Arch/sparse_contrast_benchmark_large_batch/outputs/previews/heldout_val/cifar10/single_color/56ae526b7d21bdac1496debb0e3cebab87a7697c38410e28973d91302c77be85/train_p60.npz
cifar10,single_color,blue_contrast,60,native,0.04294118285179138,0.057254910469055176,304,10240,0.0296875,10,/ceph/sagnihot/projects/Lorena_Contrastive_Representation_Arch/sparse_contrast_benchmark_large_batch/outputs/previews/heldout_val/cifar10/single_color/56ae526b7d21bdac1496debb0e3cebab87a7697c38410e28973d91302c77be85/train_p60.npz
cifar10,single_color,blue_contrast,60,native,0.057254910469055176,0.07156863808631897,305,10240,0.02978515625,10,/ceph/sagnihot/projects/Lorena_Contrastive_Representation_Arch/sparse_contrast_benchmark_large_batch/outputs/previews/heldout_val/cifar10/single_color/56ae526b7d21bdac1496debb0e3cebab87a7697c38410e28973d91302c77be85/train_p60.npz
cifar10,single_color,blue_contrast,60,native,0.07156863808631897,0.08588236570358276,229,10240,0.02236328125,10,/ceph/sagnihot/projects/Lorena_Contrastive_Representation_Arch/sparse_contrast_benchmark_large_batch/outputs/previews/heldout_val/cifar10/single_color/56ae526b7d21bdac1496debb0e3cebab87a7697c38410e28973d91302c77be85/train_p60.npz
cifar10,single_color,blue_contrast,60,native,0.08588236570358276,0.10019609332084656,183,10240,0.01787109375,10,/ceph/sagnihot/projects/Lorena_Contrastive_Representation_Arch/sparse_contrast_benchmark_large_batch/outputs/previews/heldout_val/cifar10/single_color/56ae526b7d21bdac1496debb0e3cebab87a7697c38410e28973d91302c77be85/train_p60.npz
cifar10,single_color,blue_contrast,60,native,0.10019609332084656,0.11450982093811035,198,10240,0.0193359375,10,/ceph/sagnihot/projects/Lorena_Contrastive_Representation_Arch/sparse_contrast_benchmark_large_batch/outputs/previews/heldout_val/cifar10/single_color/56ae526b7d21bdac1496debb0e3cebab87a7697c38410e28973d91302c77be85/train_p60.npz
cifar10,single_color,blue_contrast,60,native,0.11450982093811035,0.12882354855537415,130,10240,0.0126953125,10,/ceph/sagnihot/projects/Lorena_Contrastive_Representation_Arch/sparse_contrast_benchmark_large_batch/outputs/previews/heldout_val/cifar10/single_color/56ae526b7d21bdac1496debb0e3cebab87a7697c38410e28973d91302c77be85/train_p60.npz
cifar10,single_color,blue_contrast,60,native,0.12882354855537415,0.14313727617263794,98,10240,0.0095703125,10,/ceph/sagnihot/projects/Lorena_Contrastive_Representation_Arch/sparse_contrast_benchmark_large_batch/outputs/previews/heldout_val/cifar10/single_color/56ae526b7d21bdac1496debb0e3cebab87a7697c38410e28973d91302c77be85/train_p60.npz
cifar10,single_color,blue_contrast,60,native,0.14313727617263794,0.15745100378990173,54,10240,0.0052734375,10,/ceph/sagnihot/projects/Lorena_Contrastive_Representation_Arch/sparse_contrast_benchmark_large_batch/outputs/previews/heldout_val/cifar10/single_color/56ae526b7d21bdac1496debb0e3cebab87a7697c38410e28973d91302c77be85/train_p60.npz
cifar10,single_color,blue_contrast,60,native,0.15745100378990173,0.17176473140716553,68,10240,0.006640625,10,/ceph/sagnihot/projects/Lorena_Contrastive_Representation_Arch/sparse_contrast_benchmark_large_batch/outputs/previews/heldout_val/cifar10/single_color/56ae526b7d21bdac1496debb0e3cebab87a7697c38410e28973d91302c77be85/train_p60.npz
cifar10,single_color,blue_contrast,60,native,0.17176473140716553,0.18607845902442932,44,10240,0.004296875,10,/ceph/sagnihot/projects/Lorena_Contrastive_Representation_Arch/sparse_contrast_benchmark_large_batch/outputs/previews/heldout_val/cifar10/single_color/56ae526b7d21bdac1496debb0e3cebab87a7697c38410e28973d91302c77be85/train_p60.npz
cifar10,single_color,blue_contrast,60,native,0.18607845902442932,0.20039218664169312,56,10240,0.00546875,10,/ceph/sagnihot/projects/Lorena_Contrastive_Representation_Arch/sparse_contrast_benchmark_large_batch/outputs/previews/heldout_val/cifar10/single_color/56ae526b7d21bdac1496debb0e3cebab87a7697c38410e28973d91302c77be85/train_p60.npz
cifar10,single_color,blue_contrast,60,native,0.20039218664169312,0.2147059142589569,29,10240,0.00283203125,10,/ceph/sagnihot/projects/Lorena_Contrastive_Representation_Arch/sparse_contrast_benchmark_large_batch/outputs/previews/heldout_val/cifar10/single_color/56ae526b7d21bdac1496debb0e3cebab87a7697c38410e28973d91302c77be85/train_p60.npz
cifar10,single_color,blue_contrast,60,native,0.2147059142589569,0.2290196418762207,23,10240,0.00224609375,10,/ceph/sagnihot/projects/Lorena_Contrastive_Representation_Arch/sparse_contrast_benchmark_large_batch/outputs/previews/heldout_val/cifar10/single_color/56ae526b7d21bdac1496debb0e3cebab87a7697c38410e28973d91302c77be85/train_p60.npz
cifar10,single_color,blue_contrast,60,native,0.2290196418762207,0.2433333694934845,7,10240,0.00068359375,10,/ceph/sagnihot/projects/Lorena_Contrastive_Representation_Arch/sparse_contrast_benchmark_large_batch/outputs/previews/heldout_val/cifar10/single_color/56ae526b7d21bdac1496debb0e3cebab87a7697c38410e28973d91302c77be85/train_p60.npz
cifar10,single_color,blue_contrast,60,native,0.2433333694934845,0.2576470971107483,5,10240,0.00048828125,10,/ceph/sagnihot/projects/Lorena_Contrastive_Representation_Arch/sparse_contrast_benchmark_large_batch/outputs/previews/heldout_val/cifar10/single_color/56ae526b7d21bdac1496debb0e3cebab87a7697c38410e28973d91302c77be85/train_p60.npz
cifar10,single_color,blue_contrast,60,native,0.2576470971107483,0.2719608247280121,6,10240,0.0005859375,10,/ceph/sagnihot/projects/Lorena_Contrastive_Representation_Arch/sparse_contrast_benchmark_large_batch/outputs/previews/heldout_val/cifar10/single_color/56ae526b7d21bdac1496debb0e3cebab87a7697c38410e28973d91302c77be85/train_p60.npz
cifar10,single_color,blue_contrast,60,native,0.2719608247280121,0.2862745523452759,23,10240,0.00224609375,10,/ceph/sagnihot/projects/Lorena_Contrastive_Representation_Arch/sparse_contrast_benchmark_large_batch/outputs/previews/heldout_val/cifar10/single_color/56ae526b7d21bdac1496debb0e3cebab87a7697c38410e28973d91302c77be85/train_p60.npz
cifar10,single_color,blue_contrast,60,native,0.2862745523452759,0.3005882799625397,104,10240,0.01015625,10,/ceph/sagnihot/projects/Lorena_Contrastive_Representation_Arch/sparse_contrast_benchmark_large_batch/outputs/previews/heldout_val/cifar10/single_color/56ae526b7d21bdac1496debb0e3cebab87a7697c38410e28973d91302c77be85/train_p60.npz
cifar10,single_color,blue_contrast,60,native,0.3005882799625397,0.31490200757980347,20,10240,0.001953125,10,/ceph/sagnihot/projects/Lorena_Contrastive_Representation_Arch/sparse_contrast_benchmark_large_batch/outputs/previews/heldout_val/cifar10/single_color/56ae526b7d21bdac1496debb0e3cebab87a7697c38410e28973d91302c77be85/train_p60.npz
cifar10,single_color,blue_contrast,60,native,0.31490200757980347,0.32921573519706726,38,10240,0.0037109375,10,/ceph/sagnihot/projects/Lorena_Contrastive_Representation_Arch/sparse_contrast_benchmark_large_batch/outputs/previews/heldout_val/cifar10/single_color/56ae526b7d21bdac1496debb0e3cebab87a7697c38410e28973d91302c77be85/train_p60.npz
cifar10,single_color,blue_contrast,60,native,0.32921573519706726,0.34352946281433105,105,10240,0.01025390625,10,/ceph/sagnihot/projects/Lorena_Contrastive_Representation_Arch/sparse_contrast_benchmark_large_batch/outputs/previews/heldout_val/cifar10/single_color/56ae526b7d21bdac1496debb0e3cebab87a7697c38410e28973d91302c77be85/train_p60.npz
cifar10,single_color,blue_contrast,60,native,0.34352946281433105,0.35784319043159485,31,10240,0.00302734375,10,/ceph/sagnihot/projects/Lorena_Contrastive_Representation_Arch/sparse_contrast_benchmark_large_batch/outputs/previews/heldout_val/cifar10/single_color/56ae526b7d21bdac1496debb0e3cebab87a7697c38410e28973d91302c77be85/train_p60.npz
cifar10,single_color,blue_contrast,60,native,0.35784319043159485,0.37215691804885864,19,10240,0.00185546875,10,/ceph/sagnihot/projects/Lorena_Contrastive_Representation_Arch/sparse_contrast_benchmark_large_batch/outputs/previews/heldout_val/cifar10/single_color/56ae526b7d21bdac1496debb0e3cebab87a7697c38410e28973d91302c77be85/train_p60.npz
cifar10,single_color,blue_contrast,60,native,0.37215691804885864,0.38647064566612244,6,10240,0.0005859375,10,/ceph/sagnihot/projects/Lorena_Contrastive_Representation_Arch/sparse_contrast_benchmark_large_batch/outputs/previews/heldout_val/cifar10/single_color/56ae526b7d21bdac1496debb0e3cebab87a7697c38410e28973d91302c77be85/train_p60.npz
cifar10,single_color,blue_contrast,60,native,0.38647064566612244,0.40078437328338623,15,10240,0.00146484375,10,/ceph/sagnihot/projects/Lorena_Contrastive_Representation_Arch/sparse_contrast_benchmark_large_batch/outputs/previews/heldout_val/cifar10/single_color/56ae526b7d21bdac1496debb0e3cebab87a7697c38410e28973d91302c77be85/train_p60.npz
cifar10,single_color,blue_contrast,60,native,0.40078437328338623,0.41509810090065,7,10240,0.00068359375,10,/ceph/sagnihot/projects/Lorena_Contrastive_Representation_Arch/sparse_contrast_benchmark_large_batch/outputs/previews/heldout_val/cifar10/single_color/56ae526b7d21bdac1496debb0e3cebab87a7697c38410e28973d91302c77be85/train_p60.npz
cifar10,single_color,blue_contrast,60,native,0.41509810090065,0.4294118285179138,7,10240,0.00068359375,10,/ceph/sagnihot/projects/Lorena_Contrastive_Representation_Arch/sparse_contrast_benchmark_large_batch/outputs/previews/heldout_val/cifar10/single_color/56ae526b7d21bdac1496debb0e3cebab87a7697c38410e28973d91302c77be85/train_p60.npz
cifar10,single_color,blue_contrast,60,native,0.4294118285179138,0.4437255561351776,6,10240,0.0005859375,10,/ceph/sagnihot/projects/Lorena_Contrastive_Representation_Arch/sparse_contrast_benchmark_large_batch/outputs/previews/heldout_val/cifar10/single_color/56ae526b7d21bdac1496debb0e3cebab87a7697c38410e28973d91302c77be85/train_p60.npz
cifar10,single_color,blue_contrast,60,native,0.4437255561351776,0.4580392837524414,7,10240,0.00068359375,10,/ceph/sagnihot/projects/Lorena_Contrastive_Representation_Arch/sparse_contrast_benchmark_large_batch/outputs/previews/heldout_val/cifar10/single_color/56ae526b7d21bdac1496debb0e3cebab87a7697c38410e28973d91302c77be85/train_p60.npz
cifar10,single_color,blue_contrast,60,native,0.4580392837524414,0.4723530113697052,2,10240,0.0001953125,10,/ceph/sagnihot/projects/Lorena_Contrastive_Representation_Arch/sparse_contrast_benchmark_large_batch/outputs/previews/heldout_val/cifar10/single_color/56ae526b7d21bdac1496debb0e3cebab87a7697c38410e28973d91302c77be85/train_p60.npz
cifar10,single_color,blue_contrast,60,native,0.4723530113697052,0.486666738986969,5,10240,0.00048828125,10,/ceph/sagnihot/projects/Lorena_Contrastive_Representation_Arch/sparse_contrast_benchmark_large_batch/outputs/previews/heldout_val/cifar10/single_color/56ae526b7d21bdac1496debb0e3cebab87a7697c38410e28973d91302c77be85/train_p60.npz
cifar10,single_color,blue_contrast,60,native,0.486666738986969,0.5009804666042328,4,10240,0.000390625,10,/ceph/sagnihot/projects/Lorena_Contrastive_Representation_Arch/sparse_contrast_benchmark_large_batch/outputs/previews/heldout_val/cifar10/single_color/56ae526b7d21bdac1496debb0e3cebab87a7697c38410e28973d91302c77be85/train_p60.npz
cifar10,single_color,blue_contrast,60,native,0.5009804666042328,0.5152941942214966,0,10240,0.0,10,/ceph/sagnihot/projects/Lorena_Contrastive_Representation_Arch/sparse_contrast_benchmark_large_batch/outputs/previews/heldout_val/cifar10/single_color/56ae526b7d21bdac1496debb0e3cebab87a7697c38410e28973d91302c77be85/train_p60.npz
cifar10,single_color,blue_contrast,60,native,0.5152941942214966,0.5296079218387604,0,10240,0.0,10,/ceph/sagnihot/projects/Lorena_Contrastive_Representation_Arch/sparse_contrast_benchmark_large_batch/outputs/previews/heldout_val/cifar10/single_color/56ae526b7d21bdac1496debb0e3cebab87a7697c38410e28973d91302c77be85/train_p60.npz
cifar10,single_color,blue_contrast,60,native,0.5296079218387604,0.5439216494560242,1,10240,9.765625e-05,10,/ceph/sagnihot/projects/Lorena_Contrastive_Representation_Arch/sparse_contrast_benchmark_large_batch/outputs/previews/heldout_val/cifar10/single_color/56ae526b7d21bdac1496debb0e3cebab87a7697c38410e28973d91302c77be85/train_p60.npz
cifar10,single_color,blue_contrast,60,native,0.5439216494560242,0.558235377073288,5,10240,0.00048828125,10,/ceph/sagnihot/projects/Lorena_Contrastive_Representation_Arch/sparse_contrast_benchmark_large_batch/outputs/previews/heldout_val/cifar10/single_color/56ae526b7d21bdac1496debb0e3cebab87a7697c38410e28973d91302c77be85/train_p60.npz
cifar10,single_color,blue_contrast,60,native,0.558235377073288,0.5725491046905518,3,10240,0.00029296875,10,/ceph/sagnihot/projects/Lorena_Contrastive_Representation_Arch/sparse_contrast_benchmark_large_batch/outputs/previews/heldout_val/cifar10/single_color/56ae526b7d21bdac1496debb0e3cebab87a7697c38410e28973d91302c77be85/train_p60.npz
cifar10,single_color,blue_contrast,60,normalized,-6.6111531257629395,-6.445874297618866,0,10240,0.0,10,/ceph/sagnihot/projects/Lorena_Contrastive_Representation_Arch/sparse_contrast_benchmark_large_batch/outputs/previews/heldout_val/cifar10/single_color/56ae526b7d21bdac1496debb0e3cebab87a7697c38410e28973d91302c77be85/train_p60.npz
cifar10,single_color,blue_contrast,60,normalized,-6.445874297618866,-6.280595469474792,0,10240,0.0,10,/ceph/sagnihot/projects/Lorena_Contrastive_Representation_Arch/sparse_contrast_benchmark_large_batch/outputs/previews/heldout_val/cifar10/single_color/56ae526b7d21bdac1496debb0e3cebab87a7697c38410e28973d91302c77be85/train_p60.npz
cifar10,single_color,blue_contrast,60,normalized,-6.280595469474792,-6.115316641330719,0,10240,0.0,10,/ceph/sagnihot/projects/Lorena_Contrastive_Representation_Arch/sparse_contrast_benchmark_large_batch/outputs/previews/heldout_val/cifar10/single_color/56ae526b7d21bdac1496debb0e3cebab87a7697c38410e28973d91302c77be85/train_p60.npz
cifar10,single_color,blue_contrast,60,normalized,-6.115316641330719,-5.950037813186645,0,10240,0.0,10,/ceph/sagnihot/projects/Lorena_Contrastive_Representation_Arch/sparse_contrast_benchmark_large_batch/outputs/previews/heldout_val/cifar10/single_color/56ae526b7d21bdac1496debb0e3cebab87a7697c38410e28973d91302c77be85/train_p60.npz
cifar10,single_color,blue_contrast,60,normalized,-5.950037813186645,-5.784758985042572,0,10240,0.0,10,/ceph/sagnihot/projects/Lorena_Contrastive_Representation_Arch/sparse_contrast_benchmark_large_batch/outputs/previews/heldout_val/cifar10/single_color/56ae526b7d21bdac1496debb0e3cebab87a7697c38410e28973d91302c77be85/train_p60.npz
cifar10,single_color,blue_contrast,60,normalized,-5.784758985042572,-5.619480156898499,0,10240,0.0,10,/ceph/sagnihot/projects/Lorena_Contrastive_Representation_Arch/sparse_contrast_benchmark_large_batch/outputs/previews/heldout_val/cifar10/single_color/56ae526b7d21bdac1496debb0e3cebab87a7697c38410e28973d91302c77be85/train_p60.npz
cifar10,single_color,blue_contrast,60,normalized,-5.619480156898499,-5.454201328754425,0,10240,0.0,10,/ceph/sagnihot/projects/Lorena_Contrastive_Representation_Arch/sparse_contrast_benchmark_large_batch/outputs/previews/heldout_val/cifar10/single_color/56ae526b7d21bdac1496debb0e3cebab87a7697c38410e28973d91302c77be85/train_p60.npz
cifar10,single_color,blue_contrast,60,normalized,-5.454201328754425,-5.288922500610352,0,10240,0.0,10,/ceph/sagnihot/projects/Lorena_Contrastive_Representation_Arch/sparse_contrast_benchmark_large_batch/outputs/previews/heldout_val/cifar10/single_color/56ae526b7d21bdac1496debb0e3cebab87a7697c38410e28973d91302c77be85/train_p60.npz
cifar10,single_color,blue_contrast,60,normalized,-5.288922500610352,-5.123643672466278,0,10240,0.0,10,/ceph/sagnihot/projects/Lorena_Contrastive_Representation_Arch/sparse_contrast_benchmark_large_batch/outputs/previews/heldout_val/cifar10/single_color/56ae526b7d21bdac1496debb0e3cebab87a7697c38410e28973d91302c77be85/train_p60.npz
cifar10,single_color,blue_contrast,60,normalized,-5.123643672466278,-4.958364844322205,0,10240,0.0,10,/ceph/sagnihot/projects/Lorena_Contrastive_Representation_Arch/sparse_contrast_benchmark_large_batch/outputs/previews/heldout_val/cifar10/single_color/56ae526b7d21bdac1496debb0e3cebab87a7697c38410e28973d91302c77be85/train_p60.npz
cifar10,single_color,blue_contrast,60,normalized,-4.958364844322205,-4.7930860161781315,0,10240,0.0,10,/ceph/sagnihot/projects/Lorena_Contrastive_Representation_Arch/sparse_contrast_benchmark_large_batch/outputs/previews/heldout_val/cifar10/single_color/56ae526b7d21bdac1496debb0e3cebab87a7697c38410e28973d91302c77be85/train_p60.npz
cifar10,single_color,blue_contrast,60,normalized,-4.7930860161781315,-4.627807188034057,0,10240,0.0,10,/ceph/sagnihot/projects/Lorena_Contrastive_Representation_Arch/sparse_contrast_benchmark_large_batch/outputs/previews/heldout_val/cifar10/single_color/56ae526b7d21bdac1496debb0e3cebab87a7697c38410e28973d91302c77be85/train_p60.npz
cifar10,single_color,blue_contrast,60,normalized,-4.627807188034057,-4.462528359889983,0,10240,0.0,10,/ceph/sagnihot/projects/Lorena_Contrastive_Representation_Arch/sparse_contrast_benchmark_large_batch/outputs/previews/heldout_val/cifar10/single_color/56ae526b7d21bdac1496debb0e3cebab87a7697c38410e28973d91302c77be85/train_p60.npz
cifar10,single_color,blue_contrast,60,normalized,-4.462528359889983,-4.29724953174591,0,10240,0.0,10,/ceph/sagnihot/projects/Lorena_Contrastive_Representation_Arch/sparse_contrast_benchmark_large_batch/outputs/previews/heldout_val/cifar10/single_color/56ae526b7d21bdac1496debb0e3cebab87a7697c38410e28973d91302c77be85/train_p60.npz
cifar10,single_color,blue_contrast,60,normalized,-4.29724953174591,-4.131970703601837,0,10240,0.0,10,/ceph/sagnihot/projects/Lorena_Contrastive_Representation_Arch/sparse_contrast_benchmark_large_batch/outputs/previews/heldout_val/cifar10/single_color/56ae526b7d21bdac1496debb0e3cebab87a7697c38410e28973d91302c77be85/train_p60.npz
cifar10,single_color,blue_contrast,60,normalized,-4.131970703601837,-3.9666918754577636,0,10240,0.0,10,/ceph/sagnihot/projects/Lorena_Contrastive_Representation_Arch/sparse_contrast_benchmark_large_batch/outputs/previews/heldout_val/cifar10/single_color/56ae526b7d21bdac1496debb0e3cebab87a7697c38410e28973d91302c77be85/train_p60.npz
cifar10,single_color,blue_contrast,60,normalized,-3.9666918754577636,-3.80141304731369,0,10240,0.0,10,/ceph/sagnihot/projects/Lorena_Contrastive_Representation_Arch/sparse_contrast_benchmark_large_batch/outputs/previews/heldout_val/cifar10/single_color/56ae526b7d21bdac1496debb0e3cebab87a7697c38410e28973d91302c77be85/train_p60.npz
cifar10,single_color,blue_contrast,60,normalized,-3.80141304731369,-3.6361342191696164,2,10240,0.0001953125,10,/ceph/sagnihot/projects/Lorena_Contrastive_Representation_Arch/sparse_contrast_benchmark_large_batch/outputs/previews/heldout_val/cifar10/single_color/56ae526b7d21bdac1496debb0e3cebab87a7697c38410e28973d91302c77be85/train_p60.npz
cifar10,single_color,blue_contrast,60,normalized,-3.6361342191696164,-3.4708553910255433,4,10240,0.000390625,10,/ceph/sagnihot/projects/Lorena_Contrastive_Representation_Arch/sparse_contrast_benchmark_large_batch/outputs/previews/heldout_val/cifar10/single_color/56ae526b7d21bdac1496debb0e3cebab87a7697c38410e28973d91302c77be85/train_p60.npz
cifar10,single_color,blue_contrast,60,normalized,-3.4708553910255433,-3.3055765628814697,2,10240,0.0001953125,10,/ceph/sagnihot/projects/Lorena_Contrastive_Representation_Arch/sparse_contrast_benchmark_large_batch/outputs/previews/heldout_val/cifar10/single_color/56ae526b7d21bdac1496debb0e3cebab87a7697c38410e28973d91302c77be85/train_p60.npz
cifar10,single_color,blue_contrast,60,normalized,-3.3055765628814697,-3.140297734737396,5,10240,0.00048828125,10,/ceph/sagnihot/projects/Lorena_Contrastive_Representation_Arch/sparse_contrast_benchmark_large_batch/outputs/previews/heldout_val/cifar10/single_color/56ae526b7d21bdac1496debb0e3cebab87a7697c38410e28973d91302c77be85/train_p60.npz
cifar10,single_color,blue_contrast,60,normalized,-3.140297734737396,-2.9750189065933226,2,10240,0.0001953125,10,/ceph/sagnihot/projects/Lorena_Contrastive_Representation_Arch/sparse_contrast_benchmark_large_batch/outputs/previews/heldout_val/cifar10/single_color/56ae526b7d21bdac1496debb0e3cebab87a7697c38410e28973d91302c77be85/train_p60.npz
cifar10,single_color,blue_contrast,60,normalized,-2.9750189065933226,-2.809740078449249,3,10240,0.00029296875,10,/ceph/sagnihot/projects/Lorena_Contrastive_Representation_Arch/sparse_contrast_benchmark_large_batch/outputs/previews/heldout_val/cifar10/single_color/56ae526b7d21bdac1496debb0e3cebab87a7697c38410e28973d91302c77be85/train_p60.npz
cifar10,single_color,blue_contrast,60,normalized,-2.809740078449249,-2.6444612503051754,7,10240,0.00068359375,10,/ceph/sagnihot/projects/Lorena_Contrastive_Representation_Arch/sparse_contrast_benchmark_large_batch/outputs/previews/heldout_val/cifar10/single_color/56ae526b7d21bdac1496debb0e3cebab87a7697c38410e28973d91302c77be85/train_p60.npz
cifar10,single_color,blue_contrast,60,normalized,-2.6444612503051754,-2.4791824221611023,6,10240,0.0005859375,10,/ceph/sagnihot/projects/Lorena_Contrastive_Representation_Arch/sparse_contrast_benchmark_large_batch/outputs/previews/heldout_val/cifar10/single_color/56ae526b7d21bdac1496debb0e3cebab87a7697c38410e28973d91302c77be85/train_p60.npz
cifar10,single_color,blue_contrast,60,normalized,-2.4791824221611023,-2.3139035940170283,16,10240,0.0015625,10,/ceph/sagnihot/projects/Lorena_Contrastive_Representation_Arch/sparse_contrast_benchmark_large_batch/outputs/previews/heldout_val/cifar10/single_color/56ae526b7d21bdac1496debb0e3cebab87a7697c38410e28973d91302c77be85/train_p60.npz
cifar10,single_color,blue_contrast,60,normalized,-2.3139035940170283,-2.148624765872955,24,10240,0.00234375,10,/ceph/sagnihot/projects/Lorena_Contrastive_Representation_Arch/sparse_contrast_benchmark_large_batch/outputs/previews/heldout_val/cifar10/single_color/56ae526b7d21bdac1496debb0e3cebab87a7697c38410e28973d91302c77be85/train_p60.npz
cifar10,single_color,blue_contrast,60,normalized,-2.148624765872955,-1.983345937728882,47,10240,0.00458984375,10,/ceph/sagnihot/projects/Lorena_Contrastive_Representation_Arch/sparse_contrast_benchmark_large_batch/outputs/previews/heldout_val/cifar10/single_color/56ae526b7d21bdac1496debb0e3cebab87a7697c38410e28973d91302c77be85/train_p60.npz
cifar10,single_color,blue_contrast,60,normalized,-1.983345937728882,-1.818067109584808,52,10240,0.005078125,10,/ceph/sagnihot/projects/Lorena_Contrastive_Representation_Arch/sparse_contrast_benchmark_large_batch/outputs/previews/heldout_val/cifar10/single_color/56ae526b7d21bdac1496debb0e3cebab87a7697c38410e28973d91302c77be85/train_p60.npz
cifar10,single_color,blue_contrast,60,normalized,-1.818067109584808,-1.6527882814407349,57,10240,0.00556640625,10,/ceph/sagnihot/projects/Lorena_Contrastive_Representation_Arch/sparse_contrast_benchmark_large_batch/outputs/previews/heldout_val/cifar10/single_color/56ae526b7d21bdac1496debb0e3cebab87a7697c38410e28973d91302c77be85/train_p60.npz
cifar10,single_color,blue_contrast,60,normalized,-1.6527882814407349,-1.4875094532966608,90,10240,0.0087890625,10,/ceph/sagnihot/projects/Lorena_Contrastive_Representation_Arch/sparse_contrast_benchmark_large_batch/outputs/previews/heldout_val/cifar10/single_color/56ae526b7d21bdac1496debb0e3cebab87a7697c38410e28973d91302c77be85/train_p60.npz
cifar10,single_color,blue_contrast,60,normalized,-1.4875094532966608,-1.3222306251525877,105,10240,0.01025390625,10,/ceph/sagnihot/projects/Lorena_Contrastive_Representation_Arch/sparse_contrast_benchmark_large_batch/outputs/previews/heldout_val/cifar10/single_color/56ae526b7d21bdac1496debb0e3cebab87a7697c38410e28973d91302c77be85/train_p60.npz
cifar10,single_color,blue_contrast,60,normalized,-1.3222306251525877,-1.1569517970085146,140,10240,0.013671875,10,/ceph/sagnihot/projects/Lorena_Contrastive_Representation_Arch/sparse_contrast_benchmark_large_batch/outputs/previews/heldout_val/cifar10/single_color/56ae526b7d21bdac1496debb0e3cebab87a7697c38410e28973d91302c77be85/train_p60.npz
cifar10,single_color,blue_contrast,60,normalized,-1.1569517970085146,-0.9916729688644406,183,10240,0.01787109375,10,/ceph/sagnihot/projects/Lorena_Contrastive_Representation_Arch/sparse_contrast_benchmark_large_batch/outputs/previews/heldout_val/cifar10/single_color/56ae526b7d21bdac1496debb0e3cebab87a7697c38410e28973d91302c77be85/train_p60.npz
cifar10,single_color,blue_contrast,60,normalized,-0.9916729688644406,-0.8263941407203674,268,10240,0.026171875,10,/ceph/sagnihot/projects/Lorena_Contrastive_Representation_Arch/sparse_contrast_benchmark_large_batch/outputs/previews/heldout_val/cifar10/single_color/56ae526b7d21bdac1496debb0e3cebab87a7697c38410e28973d91302c77be85/train_p60.npz
cifar10,single_color,blue_contrast,60,normalized,-0.8263941407203674,-0.6611153125762934,221,10240,0.02158203125,10,/ceph/sagnihot/projects/Lorena_Contrastive_Representation_Arch/sparse_contrast_benchmark_large_batch/outputs/previews/heldout_val/cifar10/single_color/56ae526b7d21bdac1496debb0e3cebab87a7697c38410e28973d91302c77be85/train_p60.npz
cifar10,single_color,blue_contrast,60,normalized,-0.6611153125762934,-0.4958364844322203,223,10240,0.02177734375,10,/ceph/sagnihot/projects/Lorena_Contrastive_Representation_Arch/sparse_contrast_benchmark_large_batch/outputs/previews/heldout_val/cifar10/single_color/56ae526b7d21bdac1496debb0e3cebab87a7697c38410e28973d91302c77be85/train_p60.npz
cifar10,single_color,blue_contrast,60,normalized,-0.4958364844322203,-0.33055765628814715,36,10240,0.003515625,10,/ceph/sagnihot/projects/Lorena_Contrastive_Representation_Arch/sparse_contrast_benchmark_large_batch/outputs/previews/heldout_val/cifar10/single_color/56ae526b7d21bdac1496debb0e3cebab87a7697c38410e28973d91302c77be85/train_p60.npz
cifar10,single_color,blue_contrast,60,normalized,-0.33055765628814715,-0.16527882814407313,6182,10240,0.6037109375,10,/ceph/sagnihot/projects/Lorena_Contrastive_Representation_Arch/sparse_contrast_benchmark_large_batch/outputs/previews/heldout_val/cifar10/single_color/56ae526b7d21bdac1496debb0e3cebab87a7697c38410e28973d91302c77be85/train_p60.npz
cifar10,single_color,blue_contrast,60,normalized,-0.16527882814407313,0.0,30,10240,0.0029296875,10,/ceph/sagnihot/projects/Lorena_Contrastive_Representation_Arch/sparse_contrast_benchmark_large_batch/outputs/previews/heldout_val/cifar10/single_color/56ae526b7d21bdac1496debb0e3cebab87a7697c38410e28973d91302c77be85/train_p60.npz
cifar10,single_color,blue_contrast,60,normalized,0.0,0.16527882814407402,178,10240,0.0173828125,10,/ceph/sagnihot/projects/Lorena_Contrastive_Representation_Arch/sparse_contrast_benchmark_large_batch/outputs/previews/heldout_val/cifar10/single_color/56ae526b7d21bdac1496debb0e3cebab87a7697c38410e28973d91302c77be85/train_p60.npz
cifar10,single_color,blue_contrast,60,normalized,0.16527882814407402,0.33055765628814715,297,10240,0.02900390625,10,/ceph/sagnihot/projects/Lorena_Contrastive_Representation_Arch/sparse_contrast_benchmark_large_batch/outputs/previews/heldout_val/cifar10/single_color/56ae526b7d21bdac1496debb0e3cebab87a7697c38410e28973d91302c77be85/train_p60.npz
cifar10,single_color,blue_contrast,60,normalized,0.33055765628814715,0.4958364844322203,316,10240,0.030859375,10,/ceph/sagnihot/projects/Lorena_Contrastive_Representation_Arch/sparse_contrast_benchmark_large_batch/outputs/previews/heldout_val/cifar10/single_color/56ae526b7d21bdac1496debb0e3cebab87a7697c38410e28973d91302c77be85/train_p60.npz
cifar10,single_color,blue_contrast,60,normalized,0.4958364844322203,0.6611153125762943,255,10240,0.02490234375,10,/ceph/sagnihot/projects/Lorena_Contrastive_Representation_Arch/sparse_contrast_benchmark_large_batch/outputs/previews/heldout_val/cifar10/single_color/56ae526b7d21bdac1496debb0e3cebab87a7697c38410e28973d91302c77be85/train_p60.npz
cifar10,single_color,blue_contrast,60,normalized,0.6611153125762943,0.8263941407203674,222,10240,0.0216796875,10,/ceph/sagnihot/projects/Lorena_Contrastive_Representation_Arch/sparse_contrast_benchmark_large_batch/outputs/previews/heldout_val/cifar10/single_color/56ae526b7d21bdac1496debb0e3cebab87a7697c38410e28973d91302c77be85/train_p60.npz
cifar10,single_color,blue_contrast,60,normalized,0.8263941407203674,0.9916729688644415,171,10240,0.01669921875,10,/ceph/sagnihot/projects/Lorena_Contrastive_Representation_Arch/sparse_contrast_benchmark_large_batch/outputs/previews/heldout_val/cifar10/single_color/56ae526b7d21bdac1496debb0e3cebab87a7697c38410e28973d91302c77be85/train_p60.npz
cifar10,single_color,blue_contrast,60,normalized,0.9916729688644415,1.1569517970085146,186,10240,0.0181640625,10,/ceph/sagnihot/projects/Lorena_Contrastive_Representation_Arch/sparse_contrast_benchmark_large_batch/outputs/previews/heldout_val/cifar10/single_color/56ae526b7d21bdac1496debb0e3cebab87a7697c38410e28973d91302c77be85/train_p60.npz
cifar10,single_color,blue_contrast,60,normalized,1.1569517970085146,1.3222306251525886,120,10240,0.01171875,10,/ceph/sagnihot/projects/Lorena_Contrastive_Representation_Arch/sparse_contrast_benchmark_large_batch/outputs/previews/heldout_val/cifar10/single_color/56ae526b7d21bdac1496debb0e3cebab87a7697c38410e28973d91302c77be85/train_p60.npz
cifar10,single_color,blue_contrast,60,normalized,1.3222306251525886,1.4875094532966617,91,10240,0.00888671875,10,/ceph/sagnihot/projects/Lorena_Contrastive_Representation_Arch/sparse_contrast_benchmark_large_batch/outputs/previews/heldout_val/cifar10/single_color/56ae526b7d21bdac1496debb0e3cebab87a7697c38410e28973d91302c77be85/train_p60.npz
cifar10,single_color,blue_contrast,60,normalized,1.4875094532966617,1.6527882814407349,55,10240,0.00537109375,10,/ceph/sagnihot/projects/Lorena_Contrastive_Representation_Arch/sparse_contrast_benchmark_large_batch/outputs/previews/heldout_val/cifar10/single_color/56ae526b7d21bdac1496debb0e3cebab87a7697c38410e28973d91302c77be85/train_p60.npz
cifar10,single_color,blue_contrast,60,normalized,1.6527882814407349,1.818067109584808,63,10240,0.00615234375,10,/ceph/sagnihot/projects/Lorena_Contrastive_Representation_Arch/sparse_contrast_benchmark_large_batch/outputs/previews/heldout_val/cifar10/single_color/56ae526b7d21bdac1496debb0e3cebab87a7697c38410e28973d91302c77be85/train_p60.npz
cifar10,single_color,blue_contrast,60,normalized,1.818067109584808,1.983345937728883,45,10240,0.00439453125,10,/ceph/sagnihot/projects/Lorena_Contrastive_Representation_Arch/sparse_contrast_benchmark_large_batch/outputs/previews/heldout_val/cifar10/single_color/56ae526b7d21bdac1496debb0e3cebab87a7697c38410e28973d91302c77be85/train_p60.npz
cifar10,single_color,blue_contrast,60,normalized,1.983345937728883,2.148624765872956,56,10240,0.00546875,10,/ceph/sagnihot/projects/Lorena_Contrastive_Representation_Arch/sparse_contrast_benchmark_large_batch/outputs/previews/heldout_val/cifar10/single_color/56ae526b7d21bdac1496debb0e3cebab87a7697c38410e28973d91302c77be85/train_p60.npz
cifar10,single_color,blue_contrast,60,normalized,2.148624765872956,2.313903594017029,27,10240,0.00263671875,10,/ceph/sagnihot/projects/Lorena_Contrastive_Representation_Arch/sparse_contrast_benchmark_large_batch/outputs/previews/heldout_val/cifar10/single_color/56ae526b7d21bdac1496debb0e3cebab87a7697c38410e28973d91302c77be85/train_p60.npz
cifar10,single_color,blue_contrast,60,normalized,2.313903594017029,2.4791824221611023,25,10240,0.00244140625,10,/ceph/sagnihot/projects/Lorena_Contrastive_Representation_Arch/sparse_contrast_benchmark_large_batch/outputs/previews/heldout_val/cifar10/single_color/56ae526b7d21bdac1496debb0e3cebab87a7697c38410e28973d91302c77be85/train_p60.npz
cifar10,single_color,blue_contrast,60,normalized,2.4791824221611023,2.6444612503051754,8,10240,0.00078125,10,/ceph/sagnihot/projects/Lorena_Contrastive_Representation_Arch/sparse_contrast_benchmark_large_batch/outputs/previews/heldout_val/cifar10/single_color/56ae526b7d21bdac1496debb0e3cebab87a7697c38410e28973d91302c77be85/train_p60.npz
cifar10,single_color,blue_contrast,60,normalized,2.6444612503051754,2.8097400784492503,5,10240,0.00048828125,10,/ceph/sagnihot/projects/Lorena_Contrastive_Representation_Arch/sparse_contrast_benchmark_large_batch/outputs/previews/heldout_val/cifar10/single_color/56ae526b7d21bdac1496debb0e3cebab87a7697c38410e28973d91302c77be85/train_p60.npz
cifar10,single_color,blue_contrast,60,normalized,2.8097400784492503,2.9750189065933235,4,10240,0.000390625,10,/ceph/sagnihot/projects/Lorena_Contrastive_Representation_Arch/sparse_contrast_benchmark_large_batch/outputs/previews/heldout_val/cifar10/single_color/56ae526b7d21bdac1496debb0e3cebab87a7697c38410e28973d91302c77be85/train_p60.npz
cifar10,single_color,blue_contrast,60,normalized,2.9750189065933235,3.1402977347373966,12,10240,0.001171875,10,/ceph/sagnihot/projects/Lorena_Contrastive_Representation_Arch/sparse_contrast_benchmark_large_batch/outputs/previews/heldout_val/cifar10/single_color/56ae526b7d21bdac1496debb0e3cebab87a7697c38410e28973d91302c77be85/train_p60.npz
cifar10,single_color,blue_contrast,60,normalized,3.1402977347373966,3.3055765628814697,71,10240,0.00693359375,10,/ceph/sagnihot/projects/Lorena_Contrastive_Representation_Arch/sparse_contrast_benchmark_large_batch/outputs/previews/heldout_val/cifar10/single_color/56ae526b7d21bdac1496debb0e3cebab87a7697c38410e28973d91302c77be85/train_p60.npz
cifar10,single_color,blue_contrast,60,normalized,3.3055765628814697,3.470855391025543,62,10240,0.0060546875,10,/ceph/sagnihot/projects/Lorena_Contrastive_Representation_Arch/sparse_contrast_benchmark_large_batch/outputs/previews/heldout_val/cifar10/single_color/56ae526b7d21bdac1496debb0e3cebab87a7697c38410e28973d91302c77be85/train_p60.npz
cifar10,single_color,blue_contrast,60,normalized,3.470855391025543,3.6361342191696178,20,10240,0.001953125,10,/ceph/sagnihot/projects/Lorena_Contrastive_Representation_Arch/sparse_contrast_benchmark_large_batch/outputs/previews/heldout_val/cifar10/single_color/56ae526b7d21bdac1496debb0e3cebab87a7697c38410e28973d91302c77be85/train_p60.npz
cifar10,single_color,blue_contrast,60,normalized,3.6361342191696178,3.801413047313691,104,10240,0.01015625,10,/ceph/sagnihot/projects/Lorena_Contrastive_Representation_Arch/sparse_contrast_benchmark_large_batch/outputs/previews/heldout_val/cifar10/single_color/56ae526b7d21bdac1496debb0e3cebab87a7697c38410e28973d91302c77be85/train_p60.npz
cifar10,single_color,blue_contrast,60,normalized,3.801413047313691,3.966691875457764,52,10240,0.005078125,10,/ceph/sagnihot/projects/Lorena_Contrastive_Representation_Arch/sparse_contrast_benchmark_large_batch/outputs/previews/heldout_val/cifar10/single_color/56ae526b7d21bdac1496debb0e3cebab87a7697c38410e28973d91302c77be85/train_p60.npz
cifar10,single_color,blue_contrast,60,normalized,3.966691875457764,4.131970703601837,16,10240,0.0015625,10,/ceph/sagnihot/projects/Lorena_Contrastive_Representation_Arch/sparse_contrast_benchmark_large_batch/outputs/previews/heldout_val/cifar10/single_color/56ae526b7d21bdac1496debb0e3cebab87a7697c38410e28973d91302c77be85/train_p60.npz
cifar10,single_color,blue_contrast,60,normalized,4.131970703601837,4.29724953174591,10,10240,0.0009765625,10,/ceph/sagnihot/projects/Lorena_Contrastive_Representation_Arch/sparse_contrast_benchmark_large_batch/outputs/previews/heldout_val/cifar10/single_color/56ae526b7d21bdac1496debb0e3cebab87a7697c38410e28973d91302c77be85/train_p60.npz
cifar10,single_color,blue_contrast,60,normalized,4.29724953174591,4.462528359889985,8,10240,0.00078125,10,/ceph/sagnihot/projects/Lorena_Contrastive_Representation_Arch/sparse_contrast_benchmark_large_batch/outputs/previews/heldout_val/cifar10/single_color/56ae526b7d21bdac1496debb0e3cebab87a7697c38410e28973d91302c77be85/train_p60.npz
cifar10,single_color,blue_contrast,60,normalized,4.462528359889985,4.627807188034058,13,10240,0.00126953125,10,/ceph/sagnihot/projects/Lorena_Contrastive_Representation_Arch/sparse_contrast_benchmark_large_batch/outputs/previews/heldout_val/cifar10/single_color/56ae526b7d21bdac1496debb0e3cebab87a7697c38410e28973d91302c77be85/train_p60.npz
cifar10,single_color,blue_contrast,60,normalized,4.627807188034058,4.7930860161781315,9,10240,0.00087890625,10,/ceph/sagnihot/projects/Lorena_Contrastive_Representation_Arch/sparse_contrast_benchmark_large_batch/outputs/previews/heldout_val/cifar10/single_color/56ae526b7d21bdac1496debb0e3cebab87a7697c38410e28973d91302c77be85/train_p60.npz
cifar10,single_color,blue_contrast,60,normalized,4.7930860161781315,4.958364844322205,2,10240,0.0001953125,10,/ceph/sagnihot/projects/Lorena_Contrastive_Representation_Arch/sparse_contrast_benchmark_large_batch/outputs/previews/heldout_val/cifar10/single_color/56ae526b7d21bdac1496debb0e3cebab87a7697c38410e28973d91302c77be85/train_p60.npz
cifar10,single_color,blue_contrast,60,normalized,4.958364844322205,5.123643672466278,7,10240,0.00068359375,10,/ceph/sagnihot/projects/Lorena_Contrastive_Representation_Arch/sparse_contrast_benchmark_large_batch/outputs/previews/heldout_val/cifar10/single_color/56ae526b7d21bdac1496debb0e3cebab87a7697c38410e28973d91302c77be85/train_p60.npz
cifar10,single_color,blue_contrast,60,normalized,5.123643672466278,5.288922500610353,6,10240,0.0005859375,10,/ceph/sagnihot/projects/Lorena_Contrastive_Representation_Arch/sparse_contrast_benchmark_large_batch/outputs/previews/heldout_val/cifar10/single_color/56ae526b7d21bdac1496debb0e3cebab87a7697c38410e28973d91302c77be85/train_p60.npz
cifar10,single_color,blue_contrast,60,normalized,5.288922500610353,5.454201328754426,3,10240,0.00029296875,10,/ceph/sagnihot/projects/Lorena_Contrastive_Representation_Arch/sparse_contrast_benchmark_large_batch/outputs/previews/heldout_val/cifar10/single_color/56ae526b7d21bdac1496debb0e3cebab87a7697c38410e28973d91302c77be85/train_p60.npz
cifar10,single_color,blue_contrast,60,normalized,5.454201328754426,5.619480156898499,3,10240,0.00029296875,10,/ceph/sagnihot/projects/Lorena_Contrastive_Representation_Arch/sparse_contrast_benchmark_large_batch/outputs/previews/heldout_val/cifar10/single_color/56ae526b7d21bdac1496debb0e3cebab87a7697c38410e28973d91302c77be85/train_p60.npz
cifar10,single_color,blue_contrast,60,normalized,5.619480156898499,5.784758985042572,4,10240,0.000390625,10,/ceph/sagnihot/projects/Lorena_Contrastive_Representation_Arch/sparse_contrast_benchmark_large_batch/outputs/previews/heldout_val/cifar10/single_color/56ae526b7d21bdac1496debb0e3cebab87a7697c38410e28973d91302c77be85/train_p60.npz
cifar10,single_color,blue_contrast,60,normalized,5.784758985042572,5.950037813186645,0,10240,0.0,10,/ceph/sagnihot/projects/Lorena_Contrastive_Representation_Arch/sparse_contrast_benchmark_large_batch/outputs/previews/heldout_val/cifar10/single_color/56ae526b7d21bdac1496debb0e3cebab87a7697c38410e28973d91302c77be85/train_p60.npz
cifar10,single_color,blue_contrast,60,normalized,5.950037813186645,6.11531664133072,0,10240,0.0,10,/ceph/sagnihot/projects/Lorena_Contrastive_Representation_Arch/sparse_contrast_benchmark_large_batch/outputs/previews/heldout_val/cifar10/single_color/56ae526b7d21bdac1496debb0e3cebab87a7697c38410e28973d91302c77be85/train_p60.npz
cifar10,single_color,blue_contrast,60,normalized,6.11531664133072,6.280595469474793,1,10240,9.765625e-05,10,/ceph/sagnihot/projects/Lorena_Contrastive_Representation_Arch/sparse_contrast_benchmark_large_batch/outputs/previews/heldout_val/cifar10/single_color/56ae526b7d21bdac1496debb0e3cebab87a7697c38410e28973d91302c77be85/train_p60.npz
cifar10,single_color,blue_contrast,60,normalized,6.280595469474793,6.445874297618866,5,10240,0.00048828125,10,/ceph/sagnihot/projects/Lorena_Contrastive_Representation_Arch/sparse_contrast_benchmark_large_batch/outputs/previews/heldout_val/cifar10/single_color/56ae526b7d21bdac1496debb0e3cebab87a7697c38410e28973d91302c77be85/train_p60.npz
cifar10,single_color,blue_contrast,60,normalized,6.445874297618866,6.6111531257629395,3,10240,0.00029296875,10,/ceph/sagnihot/projects/Lorena_Contrastive_Representation_Arch/sparse_contrast_benchmark_large_batch/outputs/previews/heldout_val/cifar10/single_color/56ae526b7d21bdac1496debb0e3cebab87a7697c38410e28973d91302c77be85/train_p60.npz
