dataset,representation,channel,sparsity_percent,domain,bin_left,bin_right,count,coefficient_count,fraction,sample_count,source_npz
cifar10,color_opponency,blue_yellow_contrast,0,native,-0.08533043414354324,-0.08319717328995466,1,10240,9.765625e-05,10,/ceph/sagnihot/projects/Lorena_Contrastive_Representation_Arch/sparse_contrast_benchmark_large_batch/outputs/previews/heldout_val/cifar10/color_opponency/b342413f7fab68dca9f51d5336d9fc188828ed434a596141a8b9ee2a55ef791e/train_p0.npz
cifar10,color_opponency,blue_yellow_contrast,0,native,-0.08319717328995466,-0.08106391243636608,0,10240,0.0,10,/ceph/sagnihot/projects/Lorena_Contrastive_Representation_Arch/sparse_contrast_benchmark_large_batch/outputs/previews/heldout_val/cifar10/color_opponency/b342413f7fab68dca9f51d5336d9fc188828ed434a596141a8b9ee2a55ef791e/train_p0.npz
cifar10,color_opponency,blue_yellow_contrast,0,native,-0.08106391243636608,-0.0789306515827775,0,10240,0.0,10,/ceph/sagnihot/projects/Lorena_Contrastive_Representation_Arch/sparse_contrast_benchmark_large_batch/outputs/previews/heldout_val/cifar10/color_opponency/b342413f7fab68dca9f51d5336d9fc188828ed434a596141a8b9ee2a55ef791e/train_p0.npz
cifar10,color_opponency,blue_yellow_contrast,0,native,-0.0789306515827775,-0.07679739072918892,2,10240,0.0001953125,10,/ceph/sagnihot/projects/Lorena_Contrastive_Representation_Arch/sparse_contrast_benchmark_large_batch/outputs/previews/heldout_val/cifar10/color_opponency/b342413f7fab68dca9f51d5336d9fc188828ed434a596141a8b9ee2a55ef791e/train_p0.npz
cifar10,color_opponency,blue_yellow_contrast,0,native,-0.07679739072918892,-0.07466412987560034,1,10240,9.765625e-05,10,/ceph/sagnihot/projects/Lorena_Contrastive_Representation_Arch/sparse_contrast_benchmark_large_batch/outputs/previews/heldout_val/cifar10/color_opponency/b342413f7fab68dca9f51d5336d9fc188828ed434a596141a8b9ee2a55ef791e/train_p0.npz
cifar10,color_opponency,blue_yellow_contrast,0,native,-0.07466412987560034,-0.07253086902201175,1,10240,9.765625e-05,10,/ceph/sagnihot/projects/Lorena_Contrastive_Representation_Arch/sparse_contrast_benchmark_large_batch/outputs/previews/heldout_val/cifar10/color_opponency/b342413f7fab68dca9f51d5336d9fc188828ed434a596141a8b9ee2a55ef791e/train_p0.npz
cifar10,color_opponency,blue_yellow_contrast,0,native,-0.07253086902201175,-0.07039760816842318,0,10240,0.0,10,/ceph/sagnihot/projects/Lorena_Contrastive_Representation_Arch/sparse_contrast_benchmark_large_batch/outputs/previews/heldout_val/cifar10/color_opponency/b342413f7fab68dca9f51d5336d9fc188828ed434a596141a8b9ee2a55ef791e/train_p0.npz
cifar10,color_opponency,blue_yellow_contrast,0,native,-0.07039760816842318,-0.06826434731483459,3,10240,0.00029296875,10,/ceph/sagnihot/projects/Lorena_Contrastive_Representation_Arch/sparse_contrast_benchmark_large_batch/outputs/previews/heldout_val/cifar10/color_opponency/b342413f7fab68dca9f51d5336d9fc188828ed434a596141a8b9ee2a55ef791e/train_p0.npz
cifar10,color_opponency,blue_yellow_contrast,0,native,-0.06826434731483459,-0.06613108646124602,2,10240,0.0001953125,10,/ceph/sagnihot/projects/Lorena_Contrastive_Representation_Arch/sparse_contrast_benchmark_large_batch/outputs/previews/heldout_val/cifar10/color_opponency/b342413f7fab68dca9f51d5336d9fc188828ed434a596141a8b9ee2a55ef791e/train_p0.npz
cifar10,color_opponency,blue_yellow_contrast,0,native,-0.06613108646124602,-0.06399782560765743,1,10240,9.765625e-05,10,/ceph/sagnihot/projects/Lorena_Contrastive_Representation_Arch/sparse_contrast_benchmark_large_batch/outputs/previews/heldout_val/cifar10/color_opponency/b342413f7fab68dca9f51d5336d9fc188828ed434a596141a8b9ee2a55ef791e/train_p0.npz
cifar10,color_opponency,blue_yellow_contrast,0,native,-0.06399782560765743,-0.06186456475406885,1,10240,9.765625e-05,10,/ceph/sagnihot/projects/Lorena_Contrastive_Representation_Arch/sparse_contrast_benchmark_large_batch/outputs/previews/heldout_val/cifar10/color_opponency/b342413f7fab68dca9f51d5336d9fc188828ed434a596141a8b9ee2a55ef791e/train_p0.npz
cifar10,color_opponency,blue_yellow_contrast,0,native,-0.06186456475406885,-0.05973130390048027,0,10240,0.0,10,/ceph/sagnihot/projects/Lorena_Contrastive_Representation_Arch/sparse_contrast_benchmark_large_batch/outputs/previews/heldout_val/cifar10/color_opponency/b342413f7fab68dca9f51d5336d9fc188828ed434a596141a8b9ee2a55ef791e/train_p0.npz
cifar10,color_opponency,blue_yellow_contrast,0,native,-0.05973130390048027,-0.057598043046891687,0,10240,0.0,10,/ceph/sagnihot/projects/Lorena_Contrastive_Representation_Arch/sparse_contrast_benchmark_large_batch/outputs/previews/heldout_val/cifar10/color_opponency/b342413f7fab68dca9f51d5336d9fc188828ed434a596141a8b9ee2a55ef791e/train_p0.npz
cifar10,color_opponency,blue_yellow_contrast,0,native,-0.057598043046891687,-0.055464782193303114,2,10240,0.0001953125,10,/ceph/sagnihot/projects/Lorena_Contrastive_Representation_Arch/sparse_contrast_benchmark_large_batch/outputs/previews/heldout_val/cifar10/color_opponency/b342413f7fab68dca9f51d5336d9fc188828ed434a596141a8b9ee2a55ef791e/train_p0.npz
cifar10,color_opponency,blue_yellow_contrast,0,native,-0.055464782193303114,-0.05333152133971453,2,10240,0.0001953125,10,/ceph/sagnihot/projects/Lorena_Contrastive_Representation_Arch/sparse_contrast_benchmark_large_batch/outputs/previews/heldout_val/cifar10/color_opponency/b342413f7fab68dca9f51d5336d9fc188828ed434a596141a8b9ee2a55ef791e/train_p0.npz
cifar10,color_opponency,blue_yellow_contrast,0,native,-0.05333152133971453,-0.05119826048612595,1,10240,9.765625e-05,10,/ceph/sagnihot/projects/Lorena_Contrastive_Representation_Arch/sparse_contrast_benchmark_large_batch/outputs/previews/heldout_val/cifar10/color_opponency/b342413f7fab68dca9f51d5336d9fc188828ed434a596141a8b9ee2a55ef791e/train_p0.npz
cifar10,color_opponency,blue_yellow_contrast,0,native,-0.05119826048612595,-0.04906499963253737,2,10240,0.0001953125,10,/ceph/sagnihot/projects/Lorena_Contrastive_Representation_Arch/sparse_contrast_benchmark_large_batch/outputs/previews/heldout_val/cifar10/color_opponency/b342413f7fab68dca9f51d5336d9fc188828ed434a596141a8b9ee2a55ef791e/train_p0.npz
cifar10,color_opponency,blue_yellow_contrast,0,native,-0.04906499963253737,-0.04693173877894879,0,10240,0.0,10,/ceph/sagnihot/projects/Lorena_Contrastive_Representation_Arch/sparse_contrast_benchmark_large_batch/outputs/previews/heldout_val/cifar10/color_opponency/b342413f7fab68dca9f51d5336d9fc188828ed434a596141a8b9ee2a55ef791e/train_p0.npz
cifar10,color_opponency,blue_yellow_contrast,0,native,-0.04693173877894879,-0.0447984779253602,0,10240,0.0,10,/ceph/sagnihot/projects/Lorena_Contrastive_Representation_Arch/sparse_contrast_benchmark_large_batch/outputs/previews/heldout_val/cifar10/color_opponency/b342413f7fab68dca9f51d5336d9fc188828ed434a596141a8b9ee2a55ef791e/train_p0.npz
cifar10,color_opponency,blue_yellow_contrast,0,native,-0.0447984779253602,-0.04266521707177162,2,10240,0.0001953125,10,/ceph/sagnihot/projects/Lorena_Contrastive_Representation_Arch/sparse_contrast_benchmark_large_batch/outputs/previews/heldout_val/cifar10/color_opponency/b342413f7fab68dca9f51d5336d9fc188828ed434a596141a8b9ee2a55ef791e/train_p0.npz
cifar10,color_opponency,blue_yellow_contrast,0,native,-0.04266521707177162,-0.04053195621818304,9,10240,0.00087890625,10,/ceph/sagnihot/projects/Lorena_Contrastive_Representation_Arch/sparse_contrast_benchmark_large_batch/outputs/previews/heldout_val/cifar10/color_opponency/b342413f7fab68dca9f51d5336d9fc188828ed434a596141a8b9ee2a55ef791e/train_p0.npz
cifar10,color_opponency,blue_yellow_contrast,0,native,-0.04053195621818304,-0.03839869536459446,4,10240,0.000390625,10,/ceph/sagnihot/projects/Lorena_Contrastive_Representation_Arch/sparse_contrast_benchmark_large_batch/outputs/previews/heldout_val/cifar10/color_opponency/b342413f7fab68dca9f51d5336d9fc188828ed434a596141a8b9ee2a55ef791e/train_p0.npz
cifar10,color_opponency,blue_yellow_contrast,0,native,-0.03839869536459446,-0.03626543451100588,1,10240,9.765625e-05,10,/ceph/sagnihot/projects/Lorena_Contrastive_Representation_Arch/sparse_contrast_benchmark_large_batch/outputs/previews/heldout_val/cifar10/color_opponency/b342413f7fab68dca9f51d5336d9fc188828ed434a596141a8b9ee2a55ef791e/train_p0.npz
cifar10,color_opponency,blue_yellow_contrast,0,native,-0.03626543451100588,-0.0341321736574173,5,10240,0.00048828125,10,/ceph/sagnihot/projects/Lorena_Contrastive_Representation_Arch/sparse_contrast_benchmark_large_batch/outputs/previews/heldout_val/cifar10/color_opponency/b342413f7fab68dca9f51d5336d9fc188828ed434a596141a8b9ee2a55ef791e/train_p0.npz
cifar10,color_opponency,blue_yellow_contrast,0,native,-0.0341321736574173,-0.031998912803828716,9,10240,0.00087890625,10,/ceph/sagnihot/projects/Lorena_Contrastive_Representation_Arch/sparse_contrast_benchmark_large_batch/outputs/previews/heldout_val/cifar10/color_opponency/b342413f7fab68dca9f51d5336d9fc188828ed434a596141a8b9ee2a55ef791e/train_p0.npz
cifar10,color_opponency,blue_yellow_contrast,0,native,-0.031998912803828716,-0.029865651950240137,19,10240,0.00185546875,10,/ceph/sagnihot/projects/Lorena_Contrastive_Representation_Arch/sparse_contrast_benchmark_large_batch/outputs/previews/heldout_val/cifar10/color_opponency/b342413f7fab68dca9f51d5336d9fc188828ed434a596141a8b9ee2a55ef791e/train_p0.npz
cifar10,color_opponency,blue_yellow_contrast,0,native,-0.029865651950240137,-0.027732391096651557,5,10240,0.00048828125,10,/ceph/sagnihot/projects/Lorena_Contrastive_Representation_Arch/sparse_contrast_benchmark_large_batch/outputs/previews/heldout_val/cifar10/color_opponency/b342413f7fab68dca9f51d5336d9fc188828ed434a596141a8b9ee2a55ef791e/train_p0.npz
cifar10,color_opponency,blue_yellow_contrast,0,native,-0.027732391096651557,-0.025599130243062977,13,10240,0.00126953125,10,/ceph/sagnihot/projects/Lorena_Contrastive_Representation_Arch/sparse_contrast_benchmark_large_batch/outputs/previews/heldout_val/cifar10/color_opponency/b342413f7fab68dca9f51d5336d9fc188828ed434a596141a8b9ee2a55ef791e/train_p0.npz
cifar10,color_opponency,blue_yellow_contrast,0,native,-0.025599130243062977,-0.023465869389474397,10,10240,0.0009765625,10,/ceph/sagnihot/projects/Lorena_Contrastive_Representation_Arch/sparse_contrast_benchmark_large_batch/outputs/previews/heldout_val/cifar10/color_opponency/b342413f7fab68dca9f51d5336d9fc188828ed434a596141a8b9ee2a55ef791e/train_p0.npz
cifar10,color_opponency,blue_yellow_contrast,0,native,-0.023465869389474397,-0.02133260853588581,11,10240,0.00107421875,10,/ceph/sagnihot/projects/Lorena_Contrastive_Representation_Arch/sparse_contrast_benchmark_large_batch/outputs/previews/heldout_val/cifar10/color_opponency/b342413f7fab68dca9f51d5336d9fc188828ed434a596141a8b9ee2a55ef791e/train_p0.npz
cifar10,color_opponency,blue_yellow_contrast,0,native,-0.02133260853588581,-0.019199347682297238,26,10240,0.0025390625,10,/ceph/sagnihot/projects/Lorena_Contrastive_Representation_Arch/sparse_contrast_benchmark_large_batch/outputs/previews/heldout_val/cifar10/color_opponency/b342413f7fab68dca9f51d5336d9fc188828ed434a596141a8b9ee2a55ef791e/train_p0.npz
cifar10,color_opponency,blue_yellow_contrast,0,native,-0.019199347682297238,-0.01706608682870865,40,10240,0.00390625,10,/ceph/sagnihot/projects/Lorena_Contrastive_Representation_Arch/sparse_contrast_benchmark_large_batch/outputs/previews/heldout_val/cifar10/color_opponency/b342413f7fab68dca9f51d5336d9fc188828ed434a596141a8b9ee2a55ef791e/train_p0.npz
cifar10,color_opponency,blue_yellow_contrast,0,native,-0.01706608682870865,-0.014932825975120065,69,10240,0.00673828125,10,/ceph/sagnihot/projects/Lorena_Contrastive_Representation_Arch/sparse_contrast_benchmark_large_batch/outputs/previews/heldout_val/cifar10/color_opponency/b342413f7fab68dca9f51d5336d9fc188828ed434a596141a8b9ee2a55ef791e/train_p0.npz
cifar10,color_opponency,blue_yellow_contrast,0,native,-0.014932825975120065,-0.012799565121531492,77,10240,0.00751953125,10,/ceph/sagnihot/projects/Lorena_Contrastive_Representation_Arch/sparse_contrast_benchmark_large_batch/outputs/previews/heldout_val/cifar10/color_opponency/b342413f7fab68dca9f51d5336d9fc188828ed434a596141a8b9ee2a55ef791e/train_p0.npz
cifar10,color_opponency,blue_yellow_contrast,0,native,-0.012799565121531492,-0.010666304267942905,108,10240,0.010546875,10,/ceph/sagnihot/projects/Lorena_Contrastive_Representation_Arch/sparse_contrast_benchmark_large_batch/outputs/previews/heldout_val/cifar10/color_opponency/b342413f7fab68dca9f51d5336d9fc188828ed434a596141a8b9ee2a55ef791e/train_p0.npz
cifar10,color_opponency,blue_yellow_contrast,0,native,-0.010666304267942905,-0.008533043414354333,135,10240,0.01318359375,10,/ceph/sagnihot/projects/Lorena_Contrastive_Representation_Arch/sparse_contrast_benchmark_large_batch/outputs/previews/heldout_val/cifar10/color_opponency/b342413f7fab68dca9f51d5336d9fc188828ed434a596141a8b9ee2a55ef791e/train_p0.npz
cifar10,color_opponency,blue_yellow_contrast,0,native,-0.008533043414354333,-0.006399782560765746,252,10240,0.024609375,10,/ceph/sagnihot/projects/Lorena_Contrastive_Representation_Arch/sparse_contrast_benchmark_large_batch/outputs/previews/heldout_val/cifar10/color_opponency/b342413f7fab68dca9f51d5336d9fc188828ed434a596141a8b9ee2a55ef791e/train_p0.npz
cifar10,color_opponency,blue_yellow_contrast,0,native,-0.006399782560765746,-0.004266521707177159,478,10240,0.0466796875,10,/ceph/sagnihot/projects/Lorena_Contrastive_Representation_Arch/sparse_contrast_benchmark_large_batch/outputs/previews/heldout_val/cifar10/color_opponency/b342413f7fab68dca9f51d5336d9fc188828ed434a596141a8b9ee2a55ef791e/train_p0.npz
cifar10,color_opponency,blue_yellow_contrast,0,native,-0.004266521707177159,-0.0021332608535885866,952,10240,0.09296875,10,/ceph/sagnihot/projects/Lorena_Contrastive_Representation_Arch/sparse_contrast_benchmark_large_batch/outputs/previews/heldout_val/cifar10/color_opponency/b342413f7fab68dca9f51d5336d9fc188828ed434a596141a8b9ee2a55ef791e/train_p0.npz
cifar10,color_opponency,blue_yellow_contrast,0,native,-0.0021332608535885866,0.0,3030,10240,0.2958984375,10,/ceph/sagnihot/projects/Lorena_Contrastive_Representation_Arch/sparse_contrast_benchmark_large_batch/outputs/previews/heldout_val/cifar10/color_opponency/b342413f7fab68dca9f51d5336d9fc188828ed434a596141a8b9ee2a55ef791e/train_p0.npz
cifar10,color_opponency,blue_yellow_contrast,0,native,0.0,0.0021332608535885728,2839,10240,0.27724609375,10,/ceph/sagnihot/projects/Lorena_Contrastive_Representation_Arch/sparse_contrast_benchmark_large_batch/outputs/previews/heldout_val/cifar10/color_opponency/b342413f7fab68dca9f51d5336d9fc188828ed434a596141a8b9ee2a55ef791e/train_p0.npz
cifar10,color_opponency,blue_yellow_contrast,0,native,0.0021332608535885728,0.004266521707177159,874,10240,0.0853515625,10,/ceph/sagnihot/projects/Lorena_Contrastive_Representation_Arch/sparse_contrast_benchmark_large_batch/outputs/previews/heldout_val/cifar10/color_opponency/b342413f7fab68dca9f51d5336d9fc188828ed434a596141a8b9ee2a55ef791e/train_p0.npz
cifar10,color_opponency,blue_yellow_contrast,0,native,0.004266521707177159,0.006399782560765746,398,10240,0.0388671875,10,/ceph/sagnihot/projects/Lorena_Contrastive_Representation_Arch/sparse_contrast_benchmark_large_batch/outputs/previews/heldout_val/cifar10/color_opponency/b342413f7fab68dca9f51d5336d9fc188828ed434a596141a8b9ee2a55ef791e/train_p0.npz
cifar10,color_opponency,blue_yellow_contrast,0,native,0.006399782560765746,0.008533043414354319,216,10240,0.02109375,10,/ceph/sagnihot/projects/Lorena_Contrastive_Representation_Arch/sparse_contrast_benchmark_large_batch/outputs/previews/heldout_val/cifar10/color_opponency/b342413f7fab68dca9f51d5336d9fc188828ed434a596141a8b9ee2a55ef791e/train_p0.npz
cifar10,color_opponency,blue_yellow_contrast,0,native,0.008533043414354319,0.010666304267942905,146,10240,0.0142578125,10,/ceph/sagnihot/projects/Lorena_Contrastive_Representation_Arch/sparse_contrast_benchmark_large_batch/outputs/previews/heldout_val/cifar10/color_opponency/b342413f7fab68dca9f51d5336d9fc188828ed434a596141a8b9ee2a55ef791e/train_p0.npz
cifar10,color_opponency,blue_yellow_contrast,0,native,0.010666304267942905,0.012799565121531478,126,10240,0.0123046875,10,/ceph/sagnihot/projects/Lorena_Contrastive_Representation_Arch/sparse_contrast_benchmark_large_batch/outputs/previews/heldout_val/cifar10/color_opponency/b342413f7fab68dca9f51d5336d9fc188828ed434a596141a8b9ee2a55ef791e/train_p0.npz
cifar10,color_opponency,blue_yellow_contrast,0,native,0.012799565121531478,0.014932825975120065,69,10240,0.00673828125,10,/ceph/sagnihot/projects/Lorena_Contrastive_Representation_Arch/sparse_contrast_benchmark_large_batch/outputs/previews/heldout_val/cifar10/color_opponency/b342413f7fab68dca9f51d5336d9fc188828ed434a596141a8b9ee2a55ef791e/train_p0.npz
cifar10,color_opponency,blue_yellow_contrast,0,native,0.014932825975120065,0.017066086828708638,51,10240,0.00498046875,10,/ceph/sagnihot/projects/Lorena_Contrastive_Representation_Arch/sparse_contrast_benchmark_large_batch/outputs/previews/heldout_val/cifar10/color_opponency/b342413f7fab68dca9f51d5336d9fc188828ed434a596141a8b9ee2a55ef791e/train_p0.npz
cifar10,color_opponency,blue_yellow_contrast,0,native,0.017066086828708638,0.019199347682297224,33,10240,0.00322265625,10,/ceph/sagnihot/projects/Lorena_Contrastive_Representation_Arch/sparse_contrast_benchmark_large_batch/outputs/previews/heldout_val/cifar10/color_opponency/b342413f7fab68dca9f51d5336d9fc188828ed434a596141a8b9ee2a55ef791e/train_p0.npz
cifar10,color_opponency,blue_yellow_contrast,0,native,0.019199347682297224,0.02133260853588581,16,10240,0.0015625,10,/ceph/sagnihot/projects/Lorena_Contrastive_Representation_Arch/sparse_contrast_benchmark_large_batch/outputs/previews/heldout_val/cifar10/color_opponency/b342413f7fab68dca9f51d5336d9fc188828ed434a596141a8b9ee2a55ef791e/train_p0.npz
cifar10,color_opponency,blue_yellow_contrast,0,native,0.02133260853588581,0.023465869389474384,14,10240,0.0013671875,10,/ceph/sagnihot/projects/Lorena_Contrastive_Representation_Arch/sparse_contrast_benchmark_large_batch/outputs/previews/heldout_val/cifar10/color_opponency/b342413f7fab68dca9f51d5336d9fc188828ed434a596141a8b9ee2a55ef791e/train_p0.npz
cifar10,color_opponency,blue_yellow_contrast,0,native,0.023465869389474384,0.02559913024306297,13,10240,0.00126953125,10,/ceph/sagnihot/projects/Lorena_Contrastive_Representation_Arch/sparse_contrast_benchmark_large_batch/outputs/previews/heldout_val/cifar10/color_opponency/b342413f7fab68dca9f51d5336d9fc188828ed434a596141a8b9ee2a55ef791e/train_p0.npz
cifar10,color_opponency,blue_yellow_contrast,0,native,0.02559913024306297,0.027732391096651543,10,10240,0.0009765625,10,/ceph/sagnihot/projects/Lorena_Contrastive_Representation_Arch/sparse_contrast_benchmark_large_batch/outputs/previews/heldout_val/cifar10/color_opponency/b342413f7fab68dca9f51d5336d9fc188828ed434a596141a8b9ee2a55ef791e/train_p0.npz
cifar10,color_opponency,blue_yellow_contrast,0,native,0.027732391096651543,0.02986565195024013,12,10240,0.001171875,10,/ceph/sagnihot/projects/Lorena_Contrastive_Representation_Arch/sparse_contrast_benchmark_large_batch/outputs/previews/heldout_val/cifar10/color_opponency/b342413f7fab68dca9f51d5336d9fc188828ed434a596141a8b9ee2a55ef791e/train_p0.npz
cifar10,color_opponency,blue_yellow_contrast,0,native,0.02986565195024013,0.031998912803828716,70,10240,0.0068359375,10,/ceph/sagnihot/projects/Lorena_Contrastive_Representation_Arch/sparse_contrast_benchmark_large_batch/outputs/previews/heldout_val/cifar10/color_opponency/b342413f7fab68dca9f51d5336d9fc188828ed434a596141a8b9ee2a55ef791e/train_p0.npz
cifar10,color_opponency,blue_yellow_contrast,0,native,0.031998912803828716,0.03413217365741729,49,10240,0.00478515625,10,/ceph/sagnihot/projects/Lorena_Contrastive_Representation_Arch/sparse_contrast_benchmark_large_batch/outputs/previews/heldout_val/cifar10/color_opponency/b342413f7fab68dca9f51d5336d9fc188828ed434a596141a8b9ee2a55ef791e/train_p0.npz
cifar10,color_opponency,blue_yellow_contrast,0,native,0.03413217365741729,0.036265434511005876,3,10240,0.00029296875,10,/ceph/sagnihot/projects/Lorena_Contrastive_Representation_Arch/sparse_contrast_benchmark_large_batch/outputs/previews/heldout_val/cifar10/color_opponency/b342413f7fab68dca9f51d5336d9fc188828ed434a596141a8b9ee2a55ef791e/train_p0.npz
cifar10,color_opponency,blue_yellow_contrast,0,native,0.036265434511005876,0.03839869536459445,2,10240,0.0001953125,10,/ceph/sagnihot/projects/Lorena_Contrastive_Representation_Arch/sparse_contrast_benchmark_large_batch/outputs/previews/heldout_val/cifar10/color_opponency/b342413f7fab68dca9f51d5336d9fc188828ed434a596141a8b9ee2a55ef791e/train_p0.npz
cifar10,color_opponency,blue_yellow_contrast,0,native,0.03839869536459445,0.040531956218183035,4,10240,0.000390625,10,/ceph/sagnihot/projects/Lorena_Contrastive_Representation_Arch/sparse_contrast_benchmark_large_batch/outputs/previews/heldout_val/cifar10/color_opponency/b342413f7fab68dca9f51d5336d9fc188828ed434a596141a8b9ee2a55ef791e/train_p0.npz
cifar10,color_opponency,blue_yellow_contrast,0,native,0.040531956218183035,0.04266521707177162,3,10240,0.00029296875,10,/ceph/sagnihot/projects/Lorena_Contrastive_Representation_Arch/sparse_contrast_benchmark_large_batch/outputs/previews/heldout_val/cifar10/color_opponency/b342413f7fab68dca9f51d5336d9fc188828ed434a596141a8b9ee2a55ef791e/train_p0.npz
cifar10,color_opponency,blue_yellow_contrast,0,native,0.04266521707177162,0.04479847792536021,1,10240,9.765625e-05,10,/ceph/sagnihot/projects/Lorena_Contrastive_Representation_Arch/sparse_contrast_benchmark_large_batch/outputs/previews/heldout_val/cifar10/color_opponency/b342413f7fab68dca9f51d5336d9fc188828ed434a596141a8b9ee2a55ef791e/train_p0.npz
cifar10,color_opponency,blue_yellow_contrast,0,native,0.04479847792536021,0.04693173877894877,2,10240,0.0001953125,10,/ceph/sagnihot/projects/Lorena_Contrastive_Representation_Arch/sparse_contrast_benchmark_large_batch/outputs/previews/heldout_val/cifar10/color_opponency/b342413f7fab68dca9f51d5336d9fc188828ed434a596141a8b9ee2a55ef791e/train_p0.npz
cifar10,color_opponency,blue_yellow_contrast,0,native,0.04693173877894877,0.049064999632537354,1,10240,9.765625e-05,10,/ceph/sagnihot/projects/Lorena_Contrastive_Representation_Arch/sparse_contrast_benchmark_large_batch/outputs/previews/heldout_val/cifar10/color_opponency/b342413f7fab68dca9f51d5336d9fc188828ed434a596141a8b9ee2a55ef791e/train_p0.npz
cifar10,color_opponency,blue_yellow_contrast,0,native,0.049064999632537354,0.05119826048612594,0,10240,0.0,10,/ceph/sagnihot/projects/Lorena_Contrastive_Representation_Arch/sparse_contrast_benchmark_large_batch/outputs/previews/heldout_val/cifar10/color_opponency/b342413f7fab68dca9f51d5336d9fc188828ed434a596141a8b9ee2a55ef791e/train_p0.npz
cifar10,color_opponency,blue_yellow_contrast,0,native,0.05119826048612594,0.05333152133971453,2,10240,0.0001953125,10,/ceph/sagnihot/projects/Lorena_Contrastive_Representation_Arch/sparse_contrast_benchmark_large_batch/outputs/previews/heldout_val/cifar10/color_opponency/b342413f7fab68dca9f51d5336d9fc188828ed434a596141a8b9ee2a55ef791e/train_p0.npz
cifar10,color_opponency,blue_yellow_contrast,0,native,0.05333152133971453,0.055464782193303114,2,10240,0.0001953125,10,/ceph/sagnihot/projects/Lorena_Contrastive_Representation_Arch/sparse_contrast_benchmark_large_batch/outputs/previews/heldout_val/cifar10/color_opponency/b342413f7fab68dca9f51d5336d9fc188828ed434a596141a8b9ee2a55ef791e/train_p0.npz
cifar10,color_opponency,blue_yellow_contrast,0,native,0.055464782193303114,0.05759804304689167,0,10240,0.0,10,/ceph/sagnihot/projects/Lorena_Contrastive_Representation_Arch/sparse_contrast_benchmark_large_batch/outputs/previews/heldout_val/cifar10/color_opponency/b342413f7fab68dca9f51d5336d9fc188828ed434a596141a8b9ee2a55ef791e/train_p0.npz
cifar10,color_opponency,blue_yellow_contrast,0,native,0.05759804304689167,0.05973130390048026,0,10240,0.0,10,/ceph/sagnihot/projects/Lorena_Contrastive_Representation_Arch/sparse_contrast_benchmark_large_batch/outputs/previews/heldout_val/cifar10/color_opponency/b342413f7fab68dca9f51d5336d9fc188828ed434a596141a8b9ee2a55ef791e/train_p0.npz
cifar10,color_opponency,blue_yellow_contrast,0,native,0.05973130390048026,0.061864564754068846,3,10240,0.00029296875,10,/ceph/sagnihot/projects/Lorena_Contrastive_Representation_Arch/sparse_contrast_benchmark_large_batch/outputs/previews/heldout_val/cifar10/color_opponency/b342413f7fab68dca9f51d5336d9fc188828ed434a596141a8b9ee2a55ef791e/train_p0.npz
cifar10,color_opponency,blue_yellow_contrast,0,native,0.061864564754068846,0.06399782560765743,1,10240,9.765625e-05,10,/ceph/sagnihot/projects/Lorena_Contrastive_Representation_Arch/sparse_contrast_benchmark_large_batch/outputs/previews/heldout_val/cifar10/color_opponency/b342413f7fab68dca9f51d5336d9fc188828ed434a596141a8b9ee2a55ef791e/train_p0.npz
cifar10,color_opponency,blue_yellow_contrast,0,native,0.06399782560765743,0.06613108646124602,1,10240,9.765625e-05,10,/ceph/sagnihot/projects/Lorena_Contrastive_Representation_Arch/sparse_contrast_benchmark_large_batch/outputs/previews/heldout_val/cifar10/color_opponency/b342413f7fab68dca9f51d5336d9fc188828ed434a596141a8b9ee2a55ef791e/train_p0.npz
cifar10,color_opponency,blue_yellow_contrast,0,native,0.06613108646124602,0.06826434731483458,1,10240,9.765625e-05,10,/ceph/sagnihot/projects/Lorena_Contrastive_Representation_Arch/sparse_contrast_benchmark_large_batch/outputs/previews/heldout_val/cifar10/color_opponency/b342413f7fab68dca9f51d5336d9fc188828ed434a596141a8b9ee2a55ef791e/train_p0.npz
cifar10,color_opponency,blue_yellow_contrast,0,native,0.06826434731483458,0.07039760816842316,0,10240,0.0,10,/ceph/sagnihot/projects/Lorena_Contrastive_Representation_Arch/sparse_contrast_benchmark_large_batch/outputs/previews/heldout_val/cifar10/color_opponency/b342413f7fab68dca9f51d5336d9fc188828ed434a596141a8b9ee2a55ef791e/train_p0.npz
cifar10,color_opponency,blue_yellow_contrast,0,native,0.07039760816842316,0.07253086902201175,2,10240,0.0001953125,10,/ceph/sagnihot/projects/Lorena_Contrastive_Representation_Arch/sparse_contrast_benchmark_large_batch/outputs/previews/heldout_val/cifar10/color_opponency/b342413f7fab68dca9f51d5336d9fc188828ed434a596141a8b9ee2a55ef791e/train_p0.npz
cifar10,color_opponency,blue_yellow_contrast,0,native,0.07253086902201175,0.07466412987560034,1,10240,9.765625e-05,10,/ceph/sagnihot/projects/Lorena_Contrastive_Representation_Arch/sparse_contrast_benchmark_large_batch/outputs/previews/heldout_val/cifar10/color_opponency/b342413f7fab68dca9f51d5336d9fc188828ed434a596141a8b9ee2a55ef791e/train_p0.npz
cifar10,color_opponency,blue_yellow_contrast,0,native,0.07466412987560034,0.07679739072918892,0,10240,0.0,10,/ceph/sagnihot/projects/Lorena_Contrastive_Representation_Arch/sparse_contrast_benchmark_large_batch/outputs/previews/heldout_val/cifar10/color_opponency/b342413f7fab68dca9f51d5336d9fc188828ed434a596141a8b9ee2a55ef791e/train_p0.npz
cifar10,color_opponency,blue_yellow_contrast,0,native,0.07679739072918892,0.07893065158277748,0,10240,0.0,10,/ceph/sagnihot/projects/Lorena_Contrastive_Representation_Arch/sparse_contrast_benchmark_large_batch/outputs/previews/heldout_val/cifar10/color_opponency/b342413f7fab68dca9f51d5336d9fc188828ed434a596141a8b9ee2a55ef791e/train_p0.npz
cifar10,color_opponency,blue_yellow_contrast,0,native,0.07893065158277748,0.08106391243636607,1,10240,9.765625e-05,10,/ceph/sagnihot/projects/Lorena_Contrastive_Representation_Arch/sparse_contrast_benchmark_large_batch/outputs/previews/heldout_val/cifar10/color_opponency/b342413f7fab68dca9f51d5336d9fc188828ed434a596141a8b9ee2a55ef791e/train_p0.npz
cifar10,color_opponency,blue_yellow_contrast,0,native,0.08106391243636607,0.08319717328995466,0,10240,0.0,10,/ceph/sagnihot/projects/Lorena_Contrastive_Representation_Arch/sparse_contrast_benchmark_large_batch/outputs/previews/heldout_val/cifar10/color_opponency/b342413f7fab68dca9f51d5336d9fc188828ed434a596141a8b9ee2a55ef791e/train_p0.npz
cifar10,color_opponency,blue_yellow_contrast,0,native,0.08319717328995466,0.08533043414354324,0,10240,0.0,10,/ceph/sagnihot/projects/Lorena_Contrastive_Representation_Arch/sparse_contrast_benchmark_large_batch/outputs/previews/heldout_val/cifar10/color_opponency/b342413f7fab68dca9f51d5336d9fc188828ed434a596141a8b9ee2a55ef791e/train_p0.npz
cifar10,color_opponency,blue_yellow_contrast,0,normalized,-10.14656925201416,-9.892905020713807,1,10240,9.765625e-05,10,/ceph/sagnihot/projects/Lorena_Contrastive_Representation_Arch/sparse_contrast_benchmark_large_batch/outputs/previews/heldout_val/cifar10/color_opponency/b342413f7fab68dca9f51d5336d9fc188828ed434a596141a8b9ee2a55ef791e/train_p0.npz
cifar10,color_opponency,blue_yellow_contrast,0,normalized,-9.892905020713807,-9.639240789413453,0,10240,0.0,10,/ceph/sagnihot/projects/Lorena_Contrastive_Representation_Arch/sparse_contrast_benchmark_large_batch/outputs/previews/heldout_val/cifar10/color_opponency/b342413f7fab68dca9f51d5336d9fc188828ed434a596141a8b9ee2a55ef791e/train_p0.npz
cifar10,color_opponency,blue_yellow_contrast,0,normalized,-9.639240789413453,-9.385576558113097,0,10240,0.0,10,/ceph/sagnihot/projects/Lorena_Contrastive_Representation_Arch/sparse_contrast_benchmark_large_batch/outputs/previews/heldout_val/cifar10/color_opponency/b342413f7fab68dca9f51d5336d9fc188828ed434a596141a8b9ee2a55ef791e/train_p0.npz
cifar10,color_opponency,blue_yellow_contrast,0,normalized,-9.385576558113097,-9.131912326812744,2,10240,0.0001953125,10,/ceph/sagnihot/projects/Lorena_Contrastive_Representation_Arch/sparse_contrast_benchmark_large_batch/outputs/previews/heldout_val/cifar10/color_opponency/b342413f7fab68dca9f51d5336d9fc188828ed434a596141a8b9ee2a55ef791e/train_p0.npz
cifar10,color_opponency,blue_yellow_contrast,0,normalized,-9.131912326812744,-8.87824809551239,1,10240,9.765625e-05,10,/ceph/sagnihot/projects/Lorena_Contrastive_Representation_Arch/sparse_contrast_benchmark_large_batch/outputs/previews/heldout_val/cifar10/color_opponency/b342413f7fab68dca9f51d5336d9fc188828ed434a596141a8b9ee2a55ef791e/train_p0.npz
cifar10,color_opponency,blue_yellow_contrast,0,normalized,-8.87824809551239,-8.624583864212036,1,10240,9.765625e-05,10,/ceph/sagnihot/projects/Lorena_Contrastive_Representation_Arch/sparse_contrast_benchmark_large_batch/outputs/previews/heldout_val/cifar10/color_opponency/b342413f7fab68dca9f51d5336d9fc188828ed434a596141a8b9ee2a55ef791e/train_p0.npz
cifar10,color_opponency,blue_yellow_contrast,0,normalized,-8.624583864212036,-8.370919632911683,0,10240,0.0,10,/ceph/sagnihot/projects/Lorena_Contrastive_Representation_Arch/sparse_contrast_benchmark_large_batch/outputs/previews/heldout_val/cifar10/color_opponency/b342413f7fab68dca9f51d5336d9fc188828ed434a596141a8b9ee2a55ef791e/train_p0.npz
cifar10,color_opponency,blue_yellow_contrast,0,normalized,-8.370919632911683,-8.117255401611327,3,10240,0.00029296875,10,/ceph/sagnihot/projects/Lorena_Contrastive_Representation_Arch/sparse_contrast_benchmark_large_batch/outputs/previews/heldout_val/cifar10/color_opponency/b342413f7fab68dca9f51d5336d9fc188828ed434a596141a8b9ee2a55ef791e/train_p0.npz
cifar10,color_opponency,blue_yellow_contrast,0,normalized,-8.117255401611327,-7.863591170310974,1,10240,9.765625e-05,10,/ceph/sagnihot/projects/Lorena_Contrastive_Representation_Arch/sparse_contrast_benchmark_large_batch/outputs/previews/heldout_val/cifar10/color_opponency/b342413f7fab68dca9f51d5336d9fc188828ed434a596141a8b9ee2a55ef791e/train_p0.npz
cifar10,color_opponency,blue_yellow_contrast,0,normalized,-7.863591170310974,-7.60992693901062,2,10240,0.0001953125,10,/ceph/sagnihot/projects/Lorena_Contrastive_Representation_Arch/sparse_contrast_benchmark_large_batch/outputs/previews/heldout_val/cifar10/color_opponency/b342413f7fab68dca9f51d5336d9fc188828ed434a596141a8b9ee2a55ef791e/train_p0.npz
cifar10,color_opponency,blue_yellow_contrast,0,normalized,-7.60992693901062,-7.3562627077102665,1,10240,9.765625e-05,10,/ceph/sagnihot/projects/Lorena_Contrastive_Representation_Arch/sparse_contrast_benchmark_large_batch/outputs/previews/heldout_val/cifar10/color_opponency/b342413f7fab68dca9f51d5336d9fc188828ed434a596141a8b9ee2a55ef791e/train_p0.npz
cifar10,color_opponency,blue_yellow_contrast,0,normalized,-7.3562627077102665,-7.102598476409913,0,10240,0.0,10,/ceph/sagnihot/projects/Lorena_Contrastive_Representation_Arch/sparse_contrast_benchmark_large_batch/outputs/previews/heldout_val/cifar10/color_opponency/b342413f7fab68dca9f51d5336d9fc188828ed434a596141a8b9ee2a55ef791e/train_p0.npz
cifar10,color_opponency,blue_yellow_contrast,0,normalized,-7.102598476409913,-6.848934245109558,0,10240,0.0,10,/ceph/sagnihot/projects/Lorena_Contrastive_Representation_Arch/sparse_contrast_benchmark_large_batch/outputs/previews/heldout_val/cifar10/color_opponency/b342413f7fab68dca9f51d5336d9fc188828ed434a596141a8b9ee2a55ef791e/train_p0.npz
cifar10,color_opponency,blue_yellow_contrast,0,normalized,-6.848934245109558,-6.595270013809205,2,10240,0.0001953125,10,/ceph/sagnihot/projects/Lorena_Contrastive_Representation_Arch/sparse_contrast_benchmark_large_batch/outputs/previews/heldout_val/cifar10/color_opponency/b342413f7fab68dca9f51d5336d9fc188828ed434a596141a8b9ee2a55ef791e/train_p0.npz
cifar10,color_opponency,blue_yellow_contrast,0,normalized,-6.595270013809205,-6.34160578250885,1,10240,9.765625e-05,10,/ceph/sagnihot/projects/Lorena_Contrastive_Representation_Arch/sparse_contrast_benchmark_large_batch/outputs/previews/heldout_val/cifar10/color_opponency/b342413f7fab68dca9f51d5336d9fc188828ed434a596141a8b9ee2a55ef791e/train_p0.npz
cifar10,color_opponency,blue_yellow_contrast,0,normalized,-6.34160578250885,-6.0879415512084964,2,10240,0.0001953125,10,/ceph/sagnihot/projects/Lorena_Contrastive_Representation_Arch/sparse_contrast_benchmark_large_batch/outputs/previews/heldout_val/cifar10/color_opponency/b342413f7fab68dca9f51d5336d9fc188828ed434a596141a8b9ee2a55ef791e/train_p0.npz
cifar10,color_opponency,blue_yellow_contrast,0,normalized,-6.0879415512084964,-5.834277319908143,1,10240,9.765625e-05,10,/ceph/sagnihot/projects/Lorena_Contrastive_Representation_Arch/sparse_contrast_benchmark_large_batch/outputs/previews/heldout_val/cifar10/color_opponency/b342413f7fab68dca9f51d5336d9fc188828ed434a596141a8b9ee2a55ef791e/train_p0.npz
cifar10,color_opponency,blue_yellow_contrast,0,normalized,-5.834277319908143,-5.580613088607788,1,10240,9.765625e-05,10,/ceph/sagnihot/projects/Lorena_Contrastive_Representation_Arch/sparse_contrast_benchmark_large_batch/outputs/previews/heldout_val/cifar10/color_opponency/b342413f7fab68dca9f51d5336d9fc188828ed434a596141a8b9ee2a55ef791e/train_p0.npz
cifar10,color_opponency,blue_yellow_contrast,0,normalized,-5.580613088607788,-5.326948857307435,0,10240,0.0,10,/ceph/sagnihot/projects/Lorena_Contrastive_Representation_Arch/sparse_contrast_benchmark_large_batch/outputs/previews/heldout_val/cifar10/color_opponency/b342413f7fab68dca9f51d5336d9fc188828ed434a596141a8b9ee2a55ef791e/train_p0.npz
cifar10,color_opponency,blue_yellow_contrast,0,normalized,-5.326948857307435,-5.07328462600708,2,10240,0.0001953125,10,/ceph/sagnihot/projects/Lorena_Contrastive_Representation_Arch/sparse_contrast_benchmark_large_batch/outputs/previews/heldout_val/cifar10/color_opponency/b342413f7fab68dca9f51d5336d9fc188828ed434a596141a8b9ee2a55ef791e/train_p0.npz
cifar10,color_opponency,blue_yellow_contrast,0,normalized,-5.07328462600708,-4.819620394706726,7,10240,0.00068359375,10,/ceph/sagnihot/projects/Lorena_Contrastive_Representation_Arch/sparse_contrast_benchmark_large_batch/outputs/previews/heldout_val/cifar10/color_opponency/b342413f7fab68dca9f51d5336d9fc188828ed434a596141a8b9ee2a55ef791e/train_p0.npz
cifar10,color_opponency,blue_yellow_contrast,0,normalized,-4.819620394706726,-4.565956163406373,5,10240,0.00048828125,10,/ceph/sagnihot/projects/Lorena_Contrastive_Representation_Arch/sparse_contrast_benchmark_large_batch/outputs/previews/heldout_val/cifar10/color_opponency/b342413f7fab68dca9f51d5336d9fc188828ed434a596141a8b9ee2a55ef791e/train_p0.npz
cifar10,color_opponency,blue_yellow_contrast,0,normalized,-4.565956163406373,-4.312291932106018,2,10240,0.0001953125,10,/ceph/sagnihot/projects/Lorena_Contrastive_Representation_Arch/sparse_contrast_benchmark_large_batch/outputs/previews/heldout_val/cifar10/color_opponency/b342413f7fab68dca9f51d5336d9fc188828ed434a596141a8b9ee2a55ef791e/train_p0.npz
cifar10,color_opponency,blue_yellow_contrast,0,normalized,-4.312291932106018,-4.058627700805665,4,10240,0.000390625,10,/ceph/sagnihot/projects/Lorena_Contrastive_Representation_Arch/sparse_contrast_benchmark_large_batch/outputs/previews/heldout_val/cifar10/color_opponency/b342413f7fab68dca9f51d5336d9fc188828ed434a596141a8b9ee2a55ef791e/train_p0.npz
cifar10,color_opponency,blue_yellow_contrast,0,normalized,-4.058627700805665,-3.804963469505311,8,10240,0.00078125,10,/ceph/sagnihot/projects/Lorena_Contrastive_Representation_Arch/sparse_contrast_benchmark_large_batch/outputs/previews/heldout_val/cifar10/color_opponency/b342413f7fab68dca9f51d5336d9fc188828ed434a596141a8b9ee2a55ef791e/train_p0.npz
cifar10,color_opponency,blue_yellow_contrast,0,normalized,-3.804963469505311,-3.5512992382049564,17,10240,0.00166015625,10,/ceph/sagnihot/projects/Lorena_Contrastive_Representation_Arch/sparse_contrast_benchmark_large_batch/outputs/previews/heldout_val/cifar10/color_opponency/b342413f7fab68dca9f51d5336d9fc188828ed434a596141a8b9ee2a55ef791e/train_p0.npz
cifar10,color_opponency,blue_yellow_contrast,0,normalized,-3.5512992382049564,-3.2976350069046028,9,10240,0.00087890625,10,/ceph/sagnihot/projects/Lorena_Contrastive_Representation_Arch/sparse_contrast_benchmark_large_batch/outputs/previews/heldout_val/cifar10/color_opponency/b342413f7fab68dca9f51d5336d9fc188828ed434a596141a8b9ee2a55ef791e/train_p0.npz
cifar10,color_opponency,blue_yellow_contrast,0,normalized,-3.2976350069046028,-3.043970775604249,12,10240,0.001171875,10,/ceph/sagnihot/projects/Lorena_Contrastive_Representation_Arch/sparse_contrast_benchmark_large_batch/outputs/previews/heldout_val/cifar10/color_opponency/b342413f7fab68dca9f51d5336d9fc188828ed434a596141a8b9ee2a55ef791e/train_p0.npz
cifar10,color_opponency,blue_yellow_contrast,0,normalized,-3.043970775604249,-2.7903065443038946,9,10240,0.00087890625,10,/ceph/sagnihot/projects/Lorena_Contrastive_Representation_Arch/sparse_contrast_benchmark_large_batch/outputs/previews/heldout_val/cifar10/color_opponency/b342413f7fab68dca9f51d5336d9fc188828ed434a596141a8b9ee2a55ef791e/train_p0.npz
cifar10,color_opponency,blue_yellow_contrast,0,normalized,-2.7903065443038946,-2.536642313003541,12,10240,0.001171875,10,/ceph/sagnihot/projects/Lorena_Contrastive_Representation_Arch/sparse_contrast_benchmark_large_batch/outputs/previews/heldout_val/cifar10/color_opponency/b342413f7fab68dca9f51d5336d9fc188828ed434a596141a8b9ee2a55ef791e/train_p0.npz
cifar10,color_opponency,blue_yellow_contrast,0,normalized,-2.536642313003541,-2.2829780817031864,24,10240,0.00234375,10,/ceph/sagnihot/projects/Lorena_Contrastive_Representation_Arch/sparse_contrast_benchmark_large_batch/outputs/previews/heldout_val/cifar10/color_opponency/b342413f7fab68dca9f51d5336d9fc188828ed434a596141a8b9ee2a55ef791e/train_p0.npz
cifar10,color_opponency,blue_yellow_contrast,0,normalized,-2.2829780817031864,-2.0293138504028327,39,10240,0.00380859375,10,/ceph/sagnihot/projects/Lorena_Contrastive_Representation_Arch/sparse_contrast_benchmark_large_batch/outputs/previews/heldout_val/cifar10/color_opponency/b342413f7fab68dca9f51d5336d9fc188828ed434a596141a8b9ee2a55ef791e/train_p0.npz
cifar10,color_opponency,blue_yellow_contrast,0,normalized,-2.0293138504028327,-1.775649619102479,61,10240,0.00595703125,10,/ceph/sagnihot/projects/Lorena_Contrastive_Representation_Arch/sparse_contrast_benchmark_large_batch/outputs/previews/heldout_val/cifar10/color_opponency/b342413f7fab68dca9f51d5336d9fc188828ed434a596141a8b9ee2a55ef791e/train_p0.npz
cifar10,color_opponency,blue_yellow_contrast,0,normalized,-1.775649619102479,-1.5219853878021254,76,10240,0.007421875,10,/ceph/sagnihot/projects/Lorena_Contrastive_Representation_Arch/sparse_contrast_benchmark_large_batch/outputs/previews/heldout_val/cifar10/color_opponency/b342413f7fab68dca9f51d5336d9fc188828ed434a596141a8b9ee2a55ef791e/train_p0.npz
cifar10,color_opponency,blue_yellow_contrast,0,normalized,-1.5219853878021254,-1.26832115650177,92,10240,0.008984375,10,/ceph/sagnihot/projects/Lorena_Contrastive_Representation_Arch/sparse_contrast_benchmark_large_batch/outputs/previews/heldout_val/cifar10/color_opponency/b342413f7fab68dca9f51d5336d9fc188828ed434a596141a8b9ee2a55ef791e/train_p0.npz
cifar10,color_opponency,blue_yellow_contrast,0,normalized,-1.26832115650177,-1.0146569252014164,129,10240,0.01259765625,10,/ceph/sagnihot/projects/Lorena_Contrastive_Representation_Arch/sparse_contrast_benchmark_large_batch/outputs/previews/heldout_val/cifar10/color_opponency/b342413f7fab68dca9f51d5336d9fc188828ed434a596141a8b9ee2a55ef791e/train_p0.npz
cifar10,color_opponency,blue_yellow_contrast,0,normalized,-1.0146569252014164,-0.7609926939010627,221,10240,0.02158203125,10,/ceph/sagnihot/projects/Lorena_Contrastive_Representation_Arch/sparse_contrast_benchmark_large_batch/outputs/previews/heldout_val/cifar10/color_opponency/b342413f7fab68dca9f51d5336d9fc188828ed434a596141a8b9ee2a55ef791e/train_p0.npz
cifar10,color_opponency,blue_yellow_contrast,0,normalized,-0.7609926939010627,-0.5073284626007091,437,10240,0.04267578125,10,/ceph/sagnihot/projects/Lorena_Contrastive_Representation_Arch/sparse_contrast_benchmark_large_batch/outputs/previews/heldout_val/cifar10/color_opponency/b342413f7fab68dca9f51d5336d9fc188828ed434a596141a8b9ee2a55ef791e/train_p0.npz
cifar10,color_opponency,blue_yellow_contrast,0,normalized,-0.5073284626007091,-0.2536642313003554,776,10240,0.07578125,10,/ceph/sagnihot/projects/Lorena_Contrastive_Representation_Arch/sparse_contrast_benchmark_large_batch/outputs/previews/heldout_val/cifar10/color_opponency/b342413f7fab68dca9f51d5336d9fc188828ed434a596141a8b9ee2a55ef791e/train_p0.npz
cifar10,color_opponency,blue_yellow_contrast,0,normalized,-0.2536642313003554,0.0,2043,10240,0.19951171875,10,/ceph/sagnihot/projects/Lorena_Contrastive_Representation_Arch/sparse_contrast_benchmark_large_batch/outputs/previews/heldout_val/cifar10/color_opponency/b342413f7fab68dca9f51d5336d9fc188828ed434a596141a8b9ee2a55ef791e/train_p0.npz
cifar10,color_opponency,blue_yellow_contrast,0,normalized,0.0,0.25366423130035365,3794,10240,0.3705078125,10,/ceph/sagnihot/projects/Lorena_Contrastive_Representation_Arch/sparse_contrast_benchmark_large_batch/outputs/previews/heldout_val/cifar10/color_opponency/b342413f7fab68dca9f51d5336d9fc188828ed434a596141a8b9ee2a55ef791e/train_p0.npz
cifar10,color_opponency,blue_yellow_contrast,0,normalized,0.25366423130035365,0.5073284626007073,1054,10240,0.1029296875,10,/ceph/sagnihot/projects/Lorena_Contrastive_Representation_Arch/sparse_contrast_benchmark_large_batch/outputs/previews/heldout_val/cifar10/color_opponency/b342413f7fab68dca9f51d5336d9fc188828ed434a596141a8b9ee2a55ef791e/train_p0.npz
cifar10,color_opponency,blue_yellow_contrast,0,normalized,0.5073284626007073,0.760992693901061,462,10240,0.0451171875,10,/ceph/sagnihot/projects/Lorena_Contrastive_Representation_Arch/sparse_contrast_benchmark_large_batch/outputs/previews/heldout_val/cifar10/color_opponency/b342413f7fab68dca9f51d5336d9fc188828ed434a596141a8b9ee2a55ef791e/train_p0.npz
cifar10,color_opponency,blue_yellow_contrast,0,normalized,0.760992693901061,1.0146569252014146,245,10240,0.02392578125,10,/ceph/sagnihot/projects/Lorena_Contrastive_Representation_Arch/sparse_contrast_benchmark_large_batch/outputs/previews/heldout_val/cifar10/color_opponency/b342413f7fab68dca9f51d5336d9fc188828ed434a596141a8b9ee2a55ef791e/train_p0.npz
cifar10,color_opponency,blue_yellow_contrast,0,normalized,1.0146569252014146,1.2683211565017682,167,10240,0.01630859375,10,/ceph/sagnihot/projects/Lorena_Contrastive_Representation_Arch/sparse_contrast_benchmark_large_batch/outputs/previews/heldout_val/cifar10/color_opponency/b342413f7fab68dca9f51d5336d9fc188828ed434a596141a8b9ee2a55ef791e/train_p0.npz
cifar10,color_opponency,blue_yellow_contrast,0,normalized,1.2683211565017682,1.5219853878021237,127,10240,0.01240234375,10,/ceph/sagnihot/projects/Lorena_Contrastive_Representation_Arch/sparse_contrast_benchmark_large_batch/outputs/previews/heldout_val/cifar10/color_opponency/b342413f7fab68dca9f51d5336d9fc188828ed434a596141a8b9ee2a55ef791e/train_p0.npz
cifar10,color_opponency,blue_yellow_contrast,0,normalized,1.5219853878021237,1.7756496191024773,72,10240,0.00703125,10,/ceph/sagnihot/projects/Lorena_Contrastive_Representation_Arch/sparse_contrast_benchmark_large_batch/outputs/previews/heldout_val/cifar10/color_opponency/b342413f7fab68dca9f51d5336d9fc188828ed434a596141a8b9ee2a55ef791e/train_p0.npz
cifar10,color_opponency,blue_yellow_contrast,0,normalized,1.7756496191024773,2.029313850402831,54,10240,0.0052734375,10,/ceph/sagnihot/projects/Lorena_Contrastive_Representation_Arch/sparse_contrast_benchmark_large_batch/outputs/previews/heldout_val/cifar10/color_opponency/b342413f7fab68dca9f51d5336d9fc188828ed434a596141a8b9ee2a55ef791e/train_p0.npz
cifar10,color_opponency,blue_yellow_contrast,0,normalized,2.029313850402831,2.2829780817031846,44,10240,0.004296875,10,/ceph/sagnihot/projects/Lorena_Contrastive_Representation_Arch/sparse_contrast_benchmark_large_batch/outputs/previews/heldout_val/cifar10/color_opponency/b342413f7fab68dca9f51d5336d9fc188828ed434a596141a8b9ee2a55ef791e/train_p0.npz
cifar10,color_opponency,blue_yellow_contrast,0,normalized,2.2829780817031846,2.5366423130035383,16,10240,0.0015625,10,/ceph/sagnihot/projects/Lorena_Contrastive_Representation_Arch/sparse_contrast_benchmark_large_batch/outputs/previews/heldout_val/cifar10/color_opponency/b342413f7fab68dca9f51d5336d9fc188828ed434a596141a8b9ee2a55ef791e/train_p0.npz
cifar10,color_opponency,blue_yellow_contrast,0,normalized,2.5366423130035383,2.7903065443038937,12,10240,0.001171875,10,/ceph/sagnihot/projects/Lorena_Contrastive_Representation_Arch/sparse_contrast_benchmark_large_batch/outputs/previews/heldout_val/cifar10/color_opponency/b342413f7fab68dca9f51d5336d9fc188828ed434a596141a8b9ee2a55ef791e/train_p0.npz
cifar10,color_opponency,blue_yellow_contrast,0,normalized,2.7903065443038937,3.0439707756042473,13,10240,0.00126953125,10,/ceph/sagnihot/projects/Lorena_Contrastive_Representation_Arch/sparse_contrast_benchmark_large_batch/outputs/previews/heldout_val/cifar10/color_opponency/b342413f7fab68dca9f51d5336d9fc188828ed434a596141a8b9ee2a55ef791e/train_p0.npz
cifar10,color_opponency,blue_yellow_contrast,0,normalized,3.0439707756042473,3.297635006904601,12,10240,0.001171875,10,/ceph/sagnihot/projects/Lorena_Contrastive_Representation_Arch/sparse_contrast_benchmark_large_batch/outputs/previews/heldout_val/cifar10/color_opponency/b342413f7fab68dca9f51d5336d9fc188828ed434a596141a8b9ee2a55ef791e/train_p0.npz
cifar10,color_opponency,blue_yellow_contrast,0,normalized,3.297635006904601,3.5512992382049546,13,10240,0.00126953125,10,/ceph/sagnihot/projects/Lorena_Contrastive_Representation_Arch/sparse_contrast_benchmark_large_batch/outputs/previews/heldout_val/cifar10/color_opponency/b342413f7fab68dca9f51d5336d9fc188828ed434a596141a8b9ee2a55ef791e/train_p0.npz
cifar10,color_opponency,blue_yellow_contrast,0,normalized,3.5512992382049546,3.8049634695053083,21,10240,0.00205078125,10,/ceph/sagnihot/projects/Lorena_Contrastive_Representation_Arch/sparse_contrast_benchmark_large_batch/outputs/previews/heldout_val/cifar10/color_opponency/b342413f7fab68dca9f51d5336d9fc188828ed434a596141a8b9ee2a55ef791e/train_p0.npz
cifar10,color_opponency,blue_yellow_contrast,0,normalized,3.8049634695053083,4.058627700805662,94,10240,0.0091796875,10,/ceph/sagnihot/projects/Lorena_Contrastive_Representation_Arch/sparse_contrast_benchmark_large_batch/outputs/previews/heldout_val/cifar10/color_opponency/b342413f7fab68dca9f51d5336d9fc188828ed434a596141a8b9ee2a55ef791e/train_p0.npz
cifar10,color_opponency,blue_yellow_contrast,0,normalized,4.058627700805662,4.312291932106017,9,10240,0.00087890625,10,/ceph/sagnihot/projects/Lorena_Contrastive_Representation_Arch/sparse_contrast_benchmark_large_batch/outputs/previews/heldout_val/cifar10/color_opponency/b342413f7fab68dca9f51d5336d9fc188828ed434a596141a8b9ee2a55ef791e/train_p0.npz
cifar10,color_opponency,blue_yellow_contrast,0,normalized,4.312291932106017,4.565956163406371,2,10240,0.0001953125,10,/ceph/sagnihot/projects/Lorena_Contrastive_Representation_Arch/sparse_contrast_benchmark_large_batch/outputs/previews/heldout_val/cifar10/color_opponency/b342413f7fab68dca9f51d5336d9fc188828ed434a596141a8b9ee2a55ef791e/train_p0.npz
cifar10,color_opponency,blue_yellow_contrast,0,normalized,4.565956163406371,4.819620394706725,4,10240,0.000390625,10,/ceph/sagnihot/projects/Lorena_Contrastive_Representation_Arch/sparse_contrast_benchmark_large_batch/outputs/previews/heldout_val/cifar10/color_opponency/b342413f7fab68dca9f51d5336d9fc188828ed434a596141a8b9ee2a55ef791e/train_p0.npz
cifar10,color_opponency,blue_yellow_contrast,0,normalized,4.819620394706725,5.073284626007078,3,10240,0.00029296875,10,/ceph/sagnihot/projects/Lorena_Contrastive_Representation_Arch/sparse_contrast_benchmark_large_batch/outputs/previews/heldout_val/cifar10/color_opponency/b342413f7fab68dca9f51d5336d9fc188828ed434a596141a8b9ee2a55ef791e/train_p0.npz
cifar10,color_opponency,blue_yellow_contrast,0,normalized,5.073284626007078,5.326948857307432,1,10240,9.765625e-05,10,/ceph/sagnihot/projects/Lorena_Contrastive_Representation_Arch/sparse_contrast_benchmark_large_batch/outputs/previews/heldout_val/cifar10/color_opponency/b342413f7fab68dca9f51d5336d9fc188828ed434a596141a8b9ee2a55ef791e/train_p0.npz
cifar10,color_opponency,blue_yellow_contrast,0,normalized,5.326948857307432,5.580613088607787,2,10240,0.0001953125,10,/ceph/sagnihot/projects/Lorena_Contrastive_Representation_Arch/sparse_contrast_benchmark_large_batch/outputs/previews/heldout_val/cifar10/color_opponency/b342413f7fab68dca9f51d5336d9fc188828ed434a596141a8b9ee2a55ef791e/train_p0.npz
cifar10,color_opponency,blue_yellow_contrast,0,normalized,5.580613088607787,5.834277319908141,0,10240,0.0,10,/ceph/sagnihot/projects/Lorena_Contrastive_Representation_Arch/sparse_contrast_benchmark_large_batch/outputs/previews/heldout_val/cifar10/color_opponency/b342413f7fab68dca9f51d5336d9fc188828ed434a596141a8b9ee2a55ef791e/train_p0.npz
cifar10,color_opponency,blue_yellow_contrast,0,normalized,5.834277319908141,6.087941551208495,1,10240,9.765625e-05,10,/ceph/sagnihot/projects/Lorena_Contrastive_Representation_Arch/sparse_contrast_benchmark_large_batch/outputs/previews/heldout_val/cifar10/color_opponency/b342413f7fab68dca9f51d5336d9fc188828ed434a596141a8b9ee2a55ef791e/train_p0.npz
cifar10,color_opponency,blue_yellow_contrast,0,normalized,6.087941551208495,6.34160578250885,1,10240,9.765625e-05,10,/ceph/sagnihot/projects/Lorena_Contrastive_Representation_Arch/sparse_contrast_benchmark_large_batch/outputs/previews/heldout_val/cifar10/color_opponency/b342413f7fab68dca9f51d5336d9fc188828ed434a596141a8b9ee2a55ef791e/train_p0.npz
cifar10,color_opponency,blue_yellow_contrast,0,normalized,6.34160578250885,6.595270013809202,3,10240,0.00029296875,10,/ceph/sagnihot/projects/Lorena_Contrastive_Representation_Arch/sparse_contrast_benchmark_large_batch/outputs/previews/heldout_val/cifar10/color_opponency/b342413f7fab68dca9f51d5336d9fc188828ed434a596141a8b9ee2a55ef791e/train_p0.npz
cifar10,color_opponency,blue_yellow_contrast,0,normalized,6.595270013809202,6.848934245109557,0,10240,0.0,10,/ceph/sagnihot/projects/Lorena_Contrastive_Representation_Arch/sparse_contrast_benchmark_large_batch/outputs/previews/heldout_val/cifar10/color_opponency/b342413f7fab68dca9f51d5336d9fc188828ed434a596141a8b9ee2a55ef791e/train_p0.npz
cifar10,color_opponency,blue_yellow_contrast,0,normalized,6.848934245109557,7.102598476409909,0,10240,0.0,10,/ceph/sagnihot/projects/Lorena_Contrastive_Representation_Arch/sparse_contrast_benchmark_large_batch/outputs/previews/heldout_val/cifar10/color_opponency/b342413f7fab68dca9f51d5336d9fc188828ed434a596141a8b9ee2a55ef791e/train_p0.npz
cifar10,color_opponency,blue_yellow_contrast,0,normalized,7.102598476409909,7.356262707710265,1,10240,9.765625e-05,10,/ceph/sagnihot/projects/Lorena_Contrastive_Representation_Arch/sparse_contrast_benchmark_large_batch/outputs/previews/heldout_val/cifar10/color_opponency/b342413f7fab68dca9f51d5336d9fc188828ed434a596141a8b9ee2a55ef791e/train_p0.npz
cifar10,color_opponency,blue_yellow_contrast,0,normalized,7.356262707710265,7.60992693901062,3,10240,0.00029296875,10,/ceph/sagnihot/projects/Lorena_Contrastive_Representation_Arch/sparse_contrast_benchmark_large_batch/outputs/previews/heldout_val/cifar10/color_opponency/b342413f7fab68dca9f51d5336d9fc188828ed434a596141a8b9ee2a55ef791e/train_p0.npz
cifar10,color_opponency,blue_yellow_contrast,0,normalized,7.60992693901062,7.863591170310972,1,10240,9.765625e-05,10,/ceph/sagnihot/projects/Lorena_Contrastive_Representation_Arch/sparse_contrast_benchmark_large_batch/outputs/previews/heldout_val/cifar10/color_opponency/b342413f7fab68dca9f51d5336d9fc188828ed434a596141a8b9ee2a55ef791e/train_p0.npz
cifar10,color_opponency,blue_yellow_contrast,0,normalized,7.863591170310972,8.117255401611327,1,10240,9.765625e-05,10,/ceph/sagnihot/projects/Lorena_Contrastive_Representation_Arch/sparse_contrast_benchmark_large_batch/outputs/previews/heldout_val/cifar10/color_opponency/b342413f7fab68dca9f51d5336d9fc188828ed434a596141a8b9ee2a55ef791e/train_p0.npz
cifar10,color_opponency,blue_yellow_contrast,0,normalized,8.117255401611327,8.37091963291168,0,10240,0.0,10,/ceph/sagnihot/projects/Lorena_Contrastive_Representation_Arch/sparse_contrast_benchmark_large_batch/outputs/previews/heldout_val/cifar10/color_opponency/b342413f7fab68dca9f51d5336d9fc188828ed434a596141a8b9ee2a55ef791e/train_p0.npz
cifar10,color_opponency,blue_yellow_contrast,0,normalized,8.37091963291168,8.624583864212035,1,10240,9.765625e-05,10,/ceph/sagnihot/projects/Lorena_Contrastive_Representation_Arch/sparse_contrast_benchmark_large_batch/outputs/previews/heldout_val/cifar10/color_opponency/b342413f7fab68dca9f51d5336d9fc188828ed434a596141a8b9ee2a55ef791e/train_p0.npz
cifar10,color_opponency,blue_yellow_contrast,0,normalized,8.624583864212035,8.87824809551239,2,10240,0.0001953125,10,/ceph/sagnihot/projects/Lorena_Contrastive_Representation_Arch/sparse_contrast_benchmark_large_batch/outputs/previews/heldout_val/cifar10/color_opponency/b342413f7fab68dca9f51d5336d9fc188828ed434a596141a8b9ee2a55ef791e/train_p0.npz
cifar10,color_opponency,blue_yellow_contrast,0,normalized,8.87824809551239,9.131912326812742,0,10240,0.0,10,/ceph/sagnihot/projects/Lorena_Contrastive_Representation_Arch/sparse_contrast_benchmark_large_batch/outputs/previews/heldout_val/cifar10/color_opponency/b342413f7fab68dca9f51d5336d9fc188828ed434a596141a8b9ee2a55ef791e/train_p0.npz
cifar10,color_opponency,blue_yellow_contrast,0,normalized,9.131912326812742,9.385576558113097,0,10240,0.0,10,/ceph/sagnihot/projects/Lorena_Contrastive_Representation_Arch/sparse_contrast_benchmark_large_batch/outputs/previews/heldout_val/cifar10/color_opponency/b342413f7fab68dca9f51d5336d9fc188828ed434a596141a8b9ee2a55ef791e/train_p0.npz
cifar10,color_opponency,blue_yellow_contrast,0,normalized,9.385576558113097,9.63924078941345,0,10240,0.0,10,/ceph/sagnihot/projects/Lorena_Contrastive_Representation_Arch/sparse_contrast_benchmark_large_batch/outputs/previews/heldout_val/cifar10/color_opponency/b342413f7fab68dca9f51d5336d9fc188828ed434a596141a8b9ee2a55ef791e/train_p0.npz
cifar10,color_opponency,blue_yellow_contrast,0,normalized,9.63924078941345,9.892905020713805,1,10240,9.765625e-05,10,/ceph/sagnihot/projects/Lorena_Contrastive_Representation_Arch/sparse_contrast_benchmark_large_batch/outputs/previews/heldout_val/cifar10/color_opponency/b342413f7fab68dca9f51d5336d9fc188828ed434a596141a8b9ee2a55ef791e/train_p0.npz
cifar10,color_opponency,blue_yellow_contrast,0,normalized,9.892905020713805,10.14656925201416,0,10240,0.0,10,/ceph/sagnihot/projects/Lorena_Contrastive_Representation_Arch/sparse_contrast_benchmark_large_batch/outputs/previews/heldout_val/cifar10/color_opponency/b342413f7fab68dca9f51d5336d9fc188828ed434a596141a8b9ee2a55ef791e/train_p0.npz
cifar10,color_opponency,blue_yellow_contrast,60,native,-0.08533043414354324,-0.08319717328995466,1,10240,9.765625e-05,10,/ceph/sagnihot/projects/Lorena_Contrastive_Representation_Arch/sparse_contrast_benchmark_large_batch/outputs/previews/heldout_val/cifar10/color_opponency/b342413f7fab68dca9f51d5336d9fc188828ed434a596141a8b9ee2a55ef791e/train_p60.npz
cifar10,color_opponency,blue_yellow_contrast,60,native,-0.08319717328995466,-0.08106391243636608,0,10240,0.0,10,/ceph/sagnihot/projects/Lorena_Contrastive_Representation_Arch/sparse_contrast_benchmark_large_batch/outputs/previews/heldout_val/cifar10/color_opponency/b342413f7fab68dca9f51d5336d9fc188828ed434a596141a8b9ee2a55ef791e/train_p60.npz
cifar10,color_opponency,blue_yellow_contrast,60,native,-0.08106391243636608,-0.0789306515827775,0,10240,0.0,10,/ceph/sagnihot/projects/Lorena_Contrastive_Representation_Arch/sparse_contrast_benchmark_large_batch/outputs/previews/heldout_val/cifar10/color_opponency/b342413f7fab68dca9f51d5336d9fc188828ed434a596141a8b9ee2a55ef791e/train_p60.npz
cifar10,color_opponency,blue_yellow_contrast,60,native,-0.0789306515827775,-0.07679739072918892,2,10240,0.0001953125,10,/ceph/sagnihot/projects/Lorena_Contrastive_Representation_Arch/sparse_contrast_benchmark_large_batch/outputs/previews/heldout_val/cifar10/color_opponency/b342413f7fab68dca9f51d5336d9fc188828ed434a596141a8b9ee2a55ef791e/train_p60.npz
cifar10,color_opponency,blue_yellow_contrast,60,native,-0.07679739072918892,-0.07466412987560034,1,10240,9.765625e-05,10,/ceph/sagnihot/projects/Lorena_Contrastive_Representation_Arch/sparse_contrast_benchmark_large_batch/outputs/previews/heldout_val/cifar10/color_opponency/b342413f7fab68dca9f51d5336d9fc188828ed434a596141a8b9ee2a55ef791e/train_p60.npz
cifar10,color_opponency,blue_yellow_contrast,60,native,-0.07466412987560034,-0.07253086902201175,1,10240,9.765625e-05,10,/ceph/sagnihot/projects/Lorena_Contrastive_Representation_Arch/sparse_contrast_benchmark_large_batch/outputs/previews/heldout_val/cifar10/color_opponency/b342413f7fab68dca9f51d5336d9fc188828ed434a596141a8b9ee2a55ef791e/train_p60.npz
cifar10,color_opponency,blue_yellow_contrast,60,native,-0.07253086902201175,-0.07039760816842318,0,10240,0.0,10,/ceph/sagnihot/projects/Lorena_Contrastive_Representation_Arch/sparse_contrast_benchmark_large_batch/outputs/previews/heldout_val/cifar10/color_opponency/b342413f7fab68dca9f51d5336d9fc188828ed434a596141a8b9ee2a55ef791e/train_p60.npz
cifar10,color_opponency,blue_yellow_contrast,60,native,-0.07039760816842318,-0.06826434731483459,3,10240,0.00029296875,10,/ceph/sagnihot/projects/Lorena_Contrastive_Representation_Arch/sparse_contrast_benchmark_large_batch/outputs/previews/heldout_val/cifar10/color_opponency/b342413f7fab68dca9f51d5336d9fc188828ed434a596141a8b9ee2a55ef791e/train_p60.npz
cifar10,color_opponency,blue_yellow_contrast,60,native,-0.06826434731483459,-0.06613108646124602,2,10240,0.0001953125,10,/ceph/sagnihot/projects/Lorena_Contrastive_Representation_Arch/sparse_contrast_benchmark_large_batch/outputs/previews/heldout_val/cifar10/color_opponency/b342413f7fab68dca9f51d5336d9fc188828ed434a596141a8b9ee2a55ef791e/train_p60.npz
cifar10,color_opponency,blue_yellow_contrast,60,native,-0.06613108646124602,-0.06399782560765743,1,10240,9.765625e-05,10,/ceph/sagnihot/projects/Lorena_Contrastive_Representation_Arch/sparse_contrast_benchmark_large_batch/outputs/previews/heldout_val/cifar10/color_opponency/b342413f7fab68dca9f51d5336d9fc188828ed434a596141a8b9ee2a55ef791e/train_p60.npz
cifar10,color_opponency,blue_yellow_contrast,60,native,-0.06399782560765743,-0.06186456475406885,1,10240,9.765625e-05,10,/ceph/sagnihot/projects/Lorena_Contrastive_Representation_Arch/sparse_contrast_benchmark_large_batch/outputs/previews/heldout_val/cifar10/color_opponency/b342413f7fab68dca9f51d5336d9fc188828ed434a596141a8b9ee2a55ef791e/train_p60.npz
cifar10,color_opponency,blue_yellow_contrast,60,native,-0.06186456475406885,-0.05973130390048027,0,10240,0.0,10,/ceph/sagnihot/projects/Lorena_Contrastive_Representation_Arch/sparse_contrast_benchmark_large_batch/outputs/previews/heldout_val/cifar10/color_opponency/b342413f7fab68dca9f51d5336d9fc188828ed434a596141a8b9ee2a55ef791e/train_p60.npz
cifar10,color_opponency,blue_yellow_contrast,60,native,-0.05973130390048027,-0.057598043046891687,0,10240,0.0,10,/ceph/sagnihot/projects/Lorena_Contrastive_Representation_Arch/sparse_contrast_benchmark_large_batch/outputs/previews/heldout_val/cifar10/color_opponency/b342413f7fab68dca9f51d5336d9fc188828ed434a596141a8b9ee2a55ef791e/train_p60.npz
cifar10,color_opponency,blue_yellow_contrast,60,native,-0.057598043046891687,-0.055464782193303114,2,10240,0.0001953125,10,/ceph/sagnihot/projects/Lorena_Contrastive_Representation_Arch/sparse_contrast_benchmark_large_batch/outputs/previews/heldout_val/cifar10/color_opponency/b342413f7fab68dca9f51d5336d9fc188828ed434a596141a8b9ee2a55ef791e/train_p60.npz
cifar10,color_opponency,blue_yellow_contrast,60,native,-0.055464782193303114,-0.05333152133971453,2,10240,0.0001953125,10,/ceph/sagnihot/projects/Lorena_Contrastive_Representation_Arch/sparse_contrast_benchmark_large_batch/outputs/previews/heldout_val/cifar10/color_opponency/b342413f7fab68dca9f51d5336d9fc188828ed434a596141a8b9ee2a55ef791e/train_p60.npz
cifar10,color_opponency,blue_yellow_contrast,60,native,-0.05333152133971453,-0.05119826048612595,1,10240,9.765625e-05,10,/ceph/sagnihot/projects/Lorena_Contrastive_Representation_Arch/sparse_contrast_benchmark_large_batch/outputs/previews/heldout_val/cifar10/color_opponency/b342413f7fab68dca9f51d5336d9fc188828ed434a596141a8b9ee2a55ef791e/train_p60.npz
cifar10,color_opponency,blue_yellow_contrast,60,native,-0.05119826048612595,-0.04906499963253737,2,10240,0.0001953125,10,/ceph/sagnihot/projects/Lorena_Contrastive_Representation_Arch/sparse_contrast_benchmark_large_batch/outputs/previews/heldout_val/cifar10/color_opponency/b342413f7fab68dca9f51d5336d9fc188828ed434a596141a8b9ee2a55ef791e/train_p60.npz
cifar10,color_opponency,blue_yellow_contrast,60,native,-0.04906499963253737,-0.04693173877894879,0,10240,0.0,10,/ceph/sagnihot/projects/Lorena_Contrastive_Representation_Arch/sparse_contrast_benchmark_large_batch/outputs/previews/heldout_val/cifar10/color_opponency/b342413f7fab68dca9f51d5336d9fc188828ed434a596141a8b9ee2a55ef791e/train_p60.npz
cifar10,color_opponency,blue_yellow_contrast,60,native,-0.04693173877894879,-0.0447984779253602,0,10240,0.0,10,/ceph/sagnihot/projects/Lorena_Contrastive_Representation_Arch/sparse_contrast_benchmark_large_batch/outputs/previews/heldout_val/cifar10/color_opponency/b342413f7fab68dca9f51d5336d9fc188828ed434a596141a8b9ee2a55ef791e/train_p60.npz
cifar10,color_opponency,blue_yellow_contrast,60,native,-0.0447984779253602,-0.04266521707177162,2,10240,0.0001953125,10,/ceph/sagnihot/projects/Lorena_Contrastive_Representation_Arch/sparse_contrast_benchmark_large_batch/outputs/previews/heldout_val/cifar10/color_opponency/b342413f7fab68dca9f51d5336d9fc188828ed434a596141a8b9ee2a55ef791e/train_p60.npz
cifar10,color_opponency,blue_yellow_contrast,60,native,-0.04266521707177162,-0.04053195621818304,9,10240,0.00087890625,10,/ceph/sagnihot/projects/Lorena_Contrastive_Representation_Arch/sparse_contrast_benchmark_large_batch/outputs/previews/heldout_val/cifar10/color_opponency/b342413f7fab68dca9f51d5336d9fc188828ed434a596141a8b9ee2a55ef791e/train_p60.npz
cifar10,color_opponency,blue_yellow_contrast,60,native,-0.04053195621818304,-0.03839869536459446,4,10240,0.000390625,10,/ceph/sagnihot/projects/Lorena_Contrastive_Representation_Arch/sparse_contrast_benchmark_large_batch/outputs/previews/heldout_val/cifar10/color_opponency/b342413f7fab68dca9f51d5336d9fc188828ed434a596141a8b9ee2a55ef791e/train_p60.npz
cifar10,color_opponency,blue_yellow_contrast,60,native,-0.03839869536459446,-0.03626543451100588,1,10240,9.765625e-05,10,/ceph/sagnihot/projects/Lorena_Contrastive_Representation_Arch/sparse_contrast_benchmark_large_batch/outputs/previews/heldout_val/cifar10/color_opponency/b342413f7fab68dca9f51d5336d9fc188828ed434a596141a8b9ee2a55ef791e/train_p60.npz
cifar10,color_opponency,blue_yellow_contrast,60,native,-0.03626543451100588,-0.0341321736574173,5,10240,0.00048828125,10,/ceph/sagnihot/projects/Lorena_Contrastive_Representation_Arch/sparse_contrast_benchmark_large_batch/outputs/previews/heldout_val/cifar10/color_opponency/b342413f7fab68dca9f51d5336d9fc188828ed434a596141a8b9ee2a55ef791e/train_p60.npz
cifar10,color_opponency,blue_yellow_contrast,60,native,-0.0341321736574173,-0.031998912803828716,9,10240,0.00087890625,10,/ceph/sagnihot/projects/Lorena_Contrastive_Representation_Arch/sparse_contrast_benchmark_large_batch/outputs/previews/heldout_val/cifar10/color_opponency/b342413f7fab68dca9f51d5336d9fc188828ed434a596141a8b9ee2a55ef791e/train_p60.npz
cifar10,color_opponency,blue_yellow_contrast,60,native,-0.031998912803828716,-0.029865651950240137,19,10240,0.00185546875,10,/ceph/sagnihot/projects/Lorena_Contrastive_Representation_Arch/sparse_contrast_benchmark_large_batch/outputs/previews/heldout_val/cifar10/color_opponency/b342413f7fab68dca9f51d5336d9fc188828ed434a596141a8b9ee2a55ef791e/train_p60.npz
cifar10,color_opponency,blue_yellow_contrast,60,native,-0.029865651950240137,-0.027732391096651557,5,10240,0.00048828125,10,/ceph/sagnihot/projects/Lorena_Contrastive_Representation_Arch/sparse_contrast_benchmark_large_batch/outputs/previews/heldout_val/cifar10/color_opponency/b342413f7fab68dca9f51d5336d9fc188828ed434a596141a8b9ee2a55ef791e/train_p60.npz
cifar10,color_opponency,blue_yellow_contrast,60,native,-0.027732391096651557,-0.025599130243062977,13,10240,0.00126953125,10,/ceph/sagnihot/projects/Lorena_Contrastive_Representation_Arch/sparse_contrast_benchmark_large_batch/outputs/previews/heldout_val/cifar10/color_opponency/b342413f7fab68dca9f51d5336d9fc188828ed434a596141a8b9ee2a55ef791e/train_p60.npz
cifar10,color_opponency,blue_yellow_contrast,60,native,-0.025599130243062977,-0.023465869389474397,10,10240,0.0009765625,10,/ceph/sagnihot/projects/Lorena_Contrastive_Representation_Arch/sparse_contrast_benchmark_large_batch/outputs/previews/heldout_val/cifar10/color_opponency/b342413f7fab68dca9f51d5336d9fc188828ed434a596141a8b9ee2a55ef791e/train_p60.npz
cifar10,color_opponency,blue_yellow_contrast,60,native,-0.023465869389474397,-0.02133260853588581,11,10240,0.00107421875,10,/ceph/sagnihot/projects/Lorena_Contrastive_Representation_Arch/sparse_contrast_benchmark_large_batch/outputs/previews/heldout_val/cifar10/color_opponency/b342413f7fab68dca9f51d5336d9fc188828ed434a596141a8b9ee2a55ef791e/train_p60.npz
cifar10,color_opponency,blue_yellow_contrast,60,native,-0.02133260853588581,-0.019199347682297238,26,10240,0.0025390625,10,/ceph/sagnihot/projects/Lorena_Contrastive_Representation_Arch/sparse_contrast_benchmark_large_batch/outputs/previews/heldout_val/cifar10/color_opponency/b342413f7fab68dca9f51d5336d9fc188828ed434a596141a8b9ee2a55ef791e/train_p60.npz
cifar10,color_opponency,blue_yellow_contrast,60,native,-0.019199347682297238,-0.01706608682870865,40,10240,0.00390625,10,/ceph/sagnihot/projects/Lorena_Contrastive_Representation_Arch/sparse_contrast_benchmark_large_batch/outputs/previews/heldout_val/cifar10/color_opponency/b342413f7fab68dca9f51d5336d9fc188828ed434a596141a8b9ee2a55ef791e/train_p60.npz
cifar10,color_opponency,blue_yellow_contrast,60,native,-0.01706608682870865,-0.014932825975120065,60,10240,0.005859375,10,/ceph/sagnihot/projects/Lorena_Contrastive_Representation_Arch/sparse_contrast_benchmark_large_batch/outputs/previews/heldout_val/cifar10/color_opponency/b342413f7fab68dca9f51d5336d9fc188828ed434a596141a8b9ee2a55ef791e/train_p60.npz
cifar10,color_opponency,blue_yellow_contrast,60,native,-0.014932825975120065,-0.012799565121531492,52,10240,0.005078125,10,/ceph/sagnihot/projects/Lorena_Contrastive_Representation_Arch/sparse_contrast_benchmark_large_batch/outputs/previews/heldout_val/cifar10/color_opponency/b342413f7fab68dca9f51d5336d9fc188828ed434a596141a8b9ee2a55ef791e/train_p60.npz
cifar10,color_opponency,blue_yellow_contrast,60,native,-0.012799565121531492,-0.010666304267942905,73,10240,0.00712890625,10,/ceph/sagnihot/projects/Lorena_Contrastive_Representation_Arch/sparse_contrast_benchmark_large_batch/outputs/previews/heldout_val/cifar10/color_opponency/b342413f7fab68dca9f51d5336d9fc188828ed434a596141a8b9ee2a55ef791e/train_p60.npz
cifar10,color_opponency,blue_yellow_contrast,60,native,-0.010666304267942905,-0.008533043414354333,94,10240,0.0091796875,10,/ceph/sagnihot/projects/Lorena_Contrastive_Representation_Arch/sparse_contrast_benchmark_large_batch/outputs/previews/heldout_val/cifar10/color_opponency/b342413f7fab68dca9f51d5336d9fc188828ed434a596141a8b9ee2a55ef791e/train_p60.npz
cifar10,color_opponency,blue_yellow_contrast,60,native,-0.008533043414354333,-0.006399782560765746,169,10240,0.01650390625,10,/ceph/sagnihot/projects/Lorena_Contrastive_Representation_Arch/sparse_contrast_benchmark_large_batch/outputs/previews/heldout_val/cifar10/color_opponency/b342413f7fab68dca9f51d5336d9fc188828ed434a596141a8b9ee2a55ef791e/train_p60.npz
cifar10,color_opponency,blue_yellow_contrast,60,native,-0.006399782560765746,-0.004266521707177159,211,10240,0.02060546875,10,/ceph/sagnihot/projects/Lorena_Contrastive_Representation_Arch/sparse_contrast_benchmark_large_batch/outputs/previews/heldout_val/cifar10/color_opponency/b342413f7fab68dca9f51d5336d9fc188828ed434a596141a8b9ee2a55ef791e/train_p60.npz
cifar10,color_opponency,blue_yellow_contrast,60,native,-0.004266521707177159,-0.0021332608535885866,152,10240,0.01484375,10,/ceph/sagnihot/projects/Lorena_Contrastive_Representation_Arch/sparse_contrast_benchmark_large_batch/outputs/previews/heldout_val/cifar10/color_opponency/b342413f7fab68dca9f51d5336d9fc188828ed434a596141a8b9ee2a55ef791e/train_p60.npz
cifar10,color_opponency,blue_yellow_contrast,60,native,-0.0021332608535885866,0.0,0,10240,0.0,10,/ceph/sagnihot/projects/Lorena_Contrastive_Representation_Arch/sparse_contrast_benchmark_large_batch/outputs/previews/heldout_val/cifar10/color_opponency/b342413f7fab68dca9f51d5336d9fc188828ed434a596141a8b9ee2a55ef791e/train_p60.npz
cifar10,color_opponency,blue_yellow_contrast,60,native,0.0,0.0021332608535885728,8302,10240,0.8107421875,10,/ceph/sagnihot/projects/Lorena_Contrastive_Representation_Arch/sparse_contrast_benchmark_large_batch/outputs/previews/heldout_val/cifar10/color_opponency/b342413f7fab68dca9f51d5336d9fc188828ed434a596141a8b9ee2a55ef791e/train_p60.npz
cifar10,color_opponency,blue_yellow_contrast,60,native,0.0021332608535885728,0.004266521707177159,125,10240,0.01220703125,10,/ceph/sagnihot/projects/Lorena_Contrastive_Representation_Arch/sparse_contrast_benchmark_large_batch/outputs/previews/heldout_val/cifar10/color_opponency/b342413f7fab68dca9f51d5336d9fc188828ed434a596141a8b9ee2a55ef791e/train_p60.npz
cifar10,color_opponency,blue_yellow_contrast,60,native,0.004266521707177159,0.006399782560765746,189,10240,0.01845703125,10,/ceph/sagnihot/projects/Lorena_Contrastive_Representation_Arch/sparse_contrast_benchmark_large_batch/outputs/previews/heldout_val/cifar10/color_opponency/b342413f7fab68dca9f51d5336d9fc188828ed434a596141a8b9ee2a55ef791e/train_p60.npz
cifar10,color_opponency,blue_yellow_contrast,60,native,0.006399782560765746,0.008533043414354319,127,10240,0.01240234375,10,/ceph/sagnihot/projects/Lorena_Contrastive_Representation_Arch/sparse_contrast_benchmark_large_batch/outputs/previews/heldout_val/cifar10/color_opponency/b342413f7fab68dca9f51d5336d9fc188828ed434a596141a8b9ee2a55ef791e/train_p60.npz
cifar10,color_opponency,blue_yellow_contrast,60,native,0.008533043414354319,0.010666304267942905,104,10240,0.01015625,10,/ceph/sagnihot/projects/Lorena_Contrastive_Representation_Arch/sparse_contrast_benchmark_large_batch/outputs/previews/heldout_val/cifar10/color_opponency/b342413f7fab68dca9f51d5336d9fc188828ed434a596141a8b9ee2a55ef791e/train_p60.npz
cifar10,color_opponency,blue_yellow_contrast,60,native,0.010666304267942905,0.012799565121531478,79,10240,0.00771484375,10,/ceph/sagnihot/projects/Lorena_Contrastive_Representation_Arch/sparse_contrast_benchmark_large_batch/outputs/previews/heldout_val/cifar10/color_opponency/b342413f7fab68dca9f51d5336d9fc188828ed434a596141a8b9ee2a55ef791e/train_p60.npz
cifar10,color_opponency,blue_yellow_contrast,60,native,0.012799565121531478,0.014932825975120065,45,10240,0.00439453125,10,/ceph/sagnihot/projects/Lorena_Contrastive_Representation_Arch/sparse_contrast_benchmark_large_batch/outputs/previews/heldout_val/cifar10/color_opponency/b342413f7fab68dca9f51d5336d9fc188828ed434a596141a8b9ee2a55ef791e/train_p60.npz
cifar10,color_opponency,blue_yellow_contrast,60,native,0.014932825975120065,0.017066086828708638,38,10240,0.0037109375,10,/ceph/sagnihot/projects/Lorena_Contrastive_Representation_Arch/sparse_contrast_benchmark_large_batch/outputs/previews/heldout_val/cifar10/color_opponency/b342413f7fab68dca9f51d5336d9fc188828ed434a596141a8b9ee2a55ef791e/train_p60.npz
cifar10,color_opponency,blue_yellow_contrast,60,native,0.017066086828708638,0.019199347682297224,33,10240,0.00322265625,10,/ceph/sagnihot/projects/Lorena_Contrastive_Representation_Arch/sparse_contrast_benchmark_large_batch/outputs/previews/heldout_val/cifar10/color_opponency/b342413f7fab68dca9f51d5336d9fc188828ed434a596141a8b9ee2a55ef791e/train_p60.npz
cifar10,color_opponency,blue_yellow_contrast,60,native,0.019199347682297224,0.02133260853588581,16,10240,0.0015625,10,/ceph/sagnihot/projects/Lorena_Contrastive_Representation_Arch/sparse_contrast_benchmark_large_batch/outputs/previews/heldout_val/cifar10/color_opponency/b342413f7fab68dca9f51d5336d9fc188828ed434a596141a8b9ee2a55ef791e/train_p60.npz
cifar10,color_opponency,blue_yellow_contrast,60,native,0.02133260853588581,0.023465869389474384,14,10240,0.0013671875,10,/ceph/sagnihot/projects/Lorena_Contrastive_Representation_Arch/sparse_contrast_benchmark_large_batch/outputs/previews/heldout_val/cifar10/color_opponency/b342413f7fab68dca9f51d5336d9fc188828ed434a596141a8b9ee2a55ef791e/train_p60.npz
cifar10,color_opponency,blue_yellow_contrast,60,native,0.023465869389474384,0.02559913024306297,13,10240,0.00126953125,10,/ceph/sagnihot/projects/Lorena_Contrastive_Representation_Arch/sparse_contrast_benchmark_large_batch/outputs/previews/heldout_val/cifar10/color_opponency/b342413f7fab68dca9f51d5336d9fc188828ed434a596141a8b9ee2a55ef791e/train_p60.npz
cifar10,color_opponency,blue_yellow_contrast,60,native,0.02559913024306297,0.027732391096651543,10,10240,0.0009765625,10,/ceph/sagnihot/projects/Lorena_Contrastive_Representation_Arch/sparse_contrast_benchmark_large_batch/outputs/previews/heldout_val/cifar10/color_opponency/b342413f7fab68dca9f51d5336d9fc188828ed434a596141a8b9ee2a55ef791e/train_p60.npz
cifar10,color_opponency,blue_yellow_contrast,60,native,0.027732391096651543,0.02986565195024013,12,10240,0.001171875,10,/ceph/sagnihot/projects/Lorena_Contrastive_Representation_Arch/sparse_contrast_benchmark_large_batch/outputs/previews/heldout_val/cifar10/color_opponency/b342413f7fab68dca9f51d5336d9fc188828ed434a596141a8b9ee2a55ef791e/train_p60.npz
cifar10,color_opponency,blue_yellow_contrast,60,native,0.02986565195024013,0.031998912803828716,70,10240,0.0068359375,10,/ceph/sagnihot/projects/Lorena_Contrastive_Representation_Arch/sparse_contrast_benchmark_large_batch/outputs/previews/heldout_val/cifar10/color_opponency/b342413f7fab68dca9f51d5336d9fc188828ed434a596141a8b9ee2a55ef791e/train_p60.npz
cifar10,color_opponency,blue_yellow_contrast,60,native,0.031998912803828716,0.03413217365741729,49,10240,0.00478515625,10,/ceph/sagnihot/projects/Lorena_Contrastive_Representation_Arch/sparse_contrast_benchmark_large_batch/outputs/previews/heldout_val/cifar10/color_opponency/b342413f7fab68dca9f51d5336d9fc188828ed434a596141a8b9ee2a55ef791e/train_p60.npz
cifar10,color_opponency,blue_yellow_contrast,60,native,0.03413217365741729,0.036265434511005876,3,10240,0.00029296875,10,/ceph/sagnihot/projects/Lorena_Contrastive_Representation_Arch/sparse_contrast_benchmark_large_batch/outputs/previews/heldout_val/cifar10/color_opponency/b342413f7fab68dca9f51d5336d9fc188828ed434a596141a8b9ee2a55ef791e/train_p60.npz
cifar10,color_opponency,blue_yellow_contrast,60,native,0.036265434511005876,0.03839869536459445,2,10240,0.0001953125,10,/ceph/sagnihot/projects/Lorena_Contrastive_Representation_Arch/sparse_contrast_benchmark_large_batch/outputs/previews/heldout_val/cifar10/color_opponency/b342413f7fab68dca9f51d5336d9fc188828ed434a596141a8b9ee2a55ef791e/train_p60.npz
cifar10,color_opponency,blue_yellow_contrast,60,native,0.03839869536459445,0.040531956218183035,4,10240,0.000390625,10,/ceph/sagnihot/projects/Lorena_Contrastive_Representation_Arch/sparse_contrast_benchmark_large_batch/outputs/previews/heldout_val/cifar10/color_opponency/b342413f7fab68dca9f51d5336d9fc188828ed434a596141a8b9ee2a55ef791e/train_p60.npz
cifar10,color_opponency,blue_yellow_contrast,60,native,0.040531956218183035,0.04266521707177162,3,10240,0.00029296875,10,/ceph/sagnihot/projects/Lorena_Contrastive_Representation_Arch/sparse_contrast_benchmark_large_batch/outputs/previews/heldout_val/cifar10/color_opponency/b342413f7fab68dca9f51d5336d9fc188828ed434a596141a8b9ee2a55ef791e/train_p60.npz
cifar10,color_opponency,blue_yellow_contrast,60,native,0.04266521707177162,0.04479847792536021,1,10240,9.765625e-05,10,/ceph/sagnihot/projects/Lorena_Contrastive_Representation_Arch/sparse_contrast_benchmark_large_batch/outputs/previews/heldout_val/cifar10/color_opponency/b342413f7fab68dca9f51d5336d9fc188828ed434a596141a8b9ee2a55ef791e/train_p60.npz
cifar10,color_opponency,blue_yellow_contrast,60,native,0.04479847792536021,0.04693173877894877,2,10240,0.0001953125,10,/ceph/sagnihot/projects/Lorena_Contrastive_Representation_Arch/sparse_contrast_benchmark_large_batch/outputs/previews/heldout_val/cifar10/color_opponency/b342413f7fab68dca9f51d5336d9fc188828ed434a596141a8b9ee2a55ef791e/train_p60.npz
cifar10,color_opponency,blue_yellow_contrast,60,native,0.04693173877894877,0.049064999632537354,1,10240,9.765625e-05,10,/ceph/sagnihot/projects/Lorena_Contrastive_Representation_Arch/sparse_contrast_benchmark_large_batch/outputs/previews/heldout_val/cifar10/color_opponency/b342413f7fab68dca9f51d5336d9fc188828ed434a596141a8b9ee2a55ef791e/train_p60.npz
cifar10,color_opponency,blue_yellow_contrast,60,native,0.049064999632537354,0.05119826048612594,0,10240,0.0,10,/ceph/sagnihot/projects/Lorena_Contrastive_Representation_Arch/sparse_contrast_benchmark_large_batch/outputs/previews/heldout_val/cifar10/color_opponency/b342413f7fab68dca9f51d5336d9fc188828ed434a596141a8b9ee2a55ef791e/train_p60.npz
cifar10,color_opponency,blue_yellow_contrast,60,native,0.05119826048612594,0.05333152133971453,2,10240,0.0001953125,10,/ceph/sagnihot/projects/Lorena_Contrastive_Representation_Arch/sparse_contrast_benchmark_large_batch/outputs/previews/heldout_val/cifar10/color_opponency/b342413f7fab68dca9f51d5336d9fc188828ed434a596141a8b9ee2a55ef791e/train_p60.npz
cifar10,color_opponency,blue_yellow_contrast,60,native,0.05333152133971453,0.055464782193303114,2,10240,0.0001953125,10,/ceph/sagnihot/projects/Lorena_Contrastive_Representation_Arch/sparse_contrast_benchmark_large_batch/outputs/previews/heldout_val/cifar10/color_opponency/b342413f7fab68dca9f51d5336d9fc188828ed434a596141a8b9ee2a55ef791e/train_p60.npz
cifar10,color_opponency,blue_yellow_contrast,60,native,0.055464782193303114,0.05759804304689167,0,10240,0.0,10,/ceph/sagnihot/projects/Lorena_Contrastive_Representation_Arch/sparse_contrast_benchmark_large_batch/outputs/previews/heldout_val/cifar10/color_opponency/b342413f7fab68dca9f51d5336d9fc188828ed434a596141a8b9ee2a55ef791e/train_p60.npz
cifar10,color_opponency,blue_yellow_contrast,60,native,0.05759804304689167,0.05973130390048026,0,10240,0.0,10,/ceph/sagnihot/projects/Lorena_Contrastive_Representation_Arch/sparse_contrast_benchmark_large_batch/outputs/previews/heldout_val/cifar10/color_opponency/b342413f7fab68dca9f51d5336d9fc188828ed434a596141a8b9ee2a55ef791e/train_p60.npz
cifar10,color_opponency,blue_yellow_contrast,60,native,0.05973130390048026,0.061864564754068846,3,10240,0.00029296875,10,/ceph/sagnihot/projects/Lorena_Contrastive_Representation_Arch/sparse_contrast_benchmark_large_batch/outputs/previews/heldout_val/cifar10/color_opponency/b342413f7fab68dca9f51d5336d9fc188828ed434a596141a8b9ee2a55ef791e/train_p60.npz
cifar10,color_opponency,blue_yellow_contrast,60,native,0.061864564754068846,0.06399782560765743,1,10240,9.765625e-05,10,/ceph/sagnihot/projects/Lorena_Contrastive_Representation_Arch/sparse_contrast_benchmark_large_batch/outputs/previews/heldout_val/cifar10/color_opponency/b342413f7fab68dca9f51d5336d9fc188828ed434a596141a8b9ee2a55ef791e/train_p60.npz
cifar10,color_opponency,blue_yellow_contrast,60,native,0.06399782560765743,0.06613108646124602,1,10240,9.765625e-05,10,/ceph/sagnihot/projects/Lorena_Contrastive_Representation_Arch/sparse_contrast_benchmark_large_batch/outputs/previews/heldout_val/cifar10/color_opponency/b342413f7fab68dca9f51d5336d9fc188828ed434a596141a8b9ee2a55ef791e/train_p60.npz
cifar10,color_opponency,blue_yellow_contrast,60,native,0.06613108646124602,0.06826434731483458,1,10240,9.765625e-05,10,/ceph/sagnihot/projects/Lorena_Contrastive_Representation_Arch/sparse_contrast_benchmark_large_batch/outputs/previews/heldout_val/cifar10/color_opponency/b342413f7fab68dca9f51d5336d9fc188828ed434a596141a8b9ee2a55ef791e/train_p60.npz
cifar10,color_opponency,blue_yellow_contrast,60,native,0.06826434731483458,0.07039760816842316,0,10240,0.0,10,/ceph/sagnihot/projects/Lorena_Contrastive_Representation_Arch/sparse_contrast_benchmark_large_batch/outputs/previews/heldout_val/cifar10/color_opponency/b342413f7fab68dca9f51d5336d9fc188828ed434a596141a8b9ee2a55ef791e/train_p60.npz
cifar10,color_opponency,blue_yellow_contrast,60,native,0.07039760816842316,0.07253086902201175,2,10240,0.0001953125,10,/ceph/sagnihot/projects/Lorena_Contrastive_Representation_Arch/sparse_contrast_benchmark_large_batch/outputs/previews/heldout_val/cifar10/color_opponency/b342413f7fab68dca9f51d5336d9fc188828ed434a596141a8b9ee2a55ef791e/train_p60.npz
cifar10,color_opponency,blue_yellow_contrast,60,native,0.07253086902201175,0.07466412987560034,1,10240,9.765625e-05,10,/ceph/sagnihot/projects/Lorena_Contrastive_Representation_Arch/sparse_contrast_benchmark_large_batch/outputs/previews/heldout_val/cifar10/color_opponency/b342413f7fab68dca9f51d5336d9fc188828ed434a596141a8b9ee2a55ef791e/train_p60.npz
cifar10,color_opponency,blue_yellow_contrast,60,native,0.07466412987560034,0.07679739072918892,0,10240,0.0,10,/ceph/sagnihot/projects/Lorena_Contrastive_Representation_Arch/sparse_contrast_benchmark_large_batch/outputs/previews/heldout_val/cifar10/color_opponency/b342413f7fab68dca9f51d5336d9fc188828ed434a596141a8b9ee2a55ef791e/train_p60.npz
cifar10,color_opponency,blue_yellow_contrast,60,native,0.07679739072918892,0.07893065158277748,0,10240,0.0,10,/ceph/sagnihot/projects/Lorena_Contrastive_Representation_Arch/sparse_contrast_benchmark_large_batch/outputs/previews/heldout_val/cifar10/color_opponency/b342413f7fab68dca9f51d5336d9fc188828ed434a596141a8b9ee2a55ef791e/train_p60.npz
cifar10,color_opponency,blue_yellow_contrast,60,native,0.07893065158277748,0.08106391243636607,1,10240,9.765625e-05,10,/ceph/sagnihot/projects/Lorena_Contrastive_Representation_Arch/sparse_contrast_benchmark_large_batch/outputs/previews/heldout_val/cifar10/color_opponency/b342413f7fab68dca9f51d5336d9fc188828ed434a596141a8b9ee2a55ef791e/train_p60.npz
cifar10,color_opponency,blue_yellow_contrast,60,native,0.08106391243636607,0.08319717328995466,0,10240,0.0,10,/ceph/sagnihot/projects/Lorena_Contrastive_Representation_Arch/sparse_contrast_benchmark_large_batch/outputs/previews/heldout_val/cifar10/color_opponency/b342413f7fab68dca9f51d5336d9fc188828ed434a596141a8b9ee2a55ef791e/train_p60.npz
cifar10,color_opponency,blue_yellow_contrast,60,native,0.08319717328995466,0.08533043414354324,0,10240,0.0,10,/ceph/sagnihot/projects/Lorena_Contrastive_Representation_Arch/sparse_contrast_benchmark_large_batch/outputs/previews/heldout_val/cifar10/color_opponency/b342413f7fab68dca9f51d5336d9fc188828ed434a596141a8b9ee2a55ef791e/train_p60.npz
cifar10,color_opponency,blue_yellow_contrast,60,normalized,-10.14656925201416,-9.892905020713807,1,10240,9.765625e-05,10,/ceph/sagnihot/projects/Lorena_Contrastive_Representation_Arch/sparse_contrast_benchmark_large_batch/outputs/previews/heldout_val/cifar10/color_opponency/b342413f7fab68dca9f51d5336d9fc188828ed434a596141a8b9ee2a55ef791e/train_p60.npz
cifar10,color_opponency,blue_yellow_contrast,60,normalized,-9.892905020713807,-9.639240789413453,0,10240,0.0,10,/ceph/sagnihot/projects/Lorena_Contrastive_Representation_Arch/sparse_contrast_benchmark_large_batch/outputs/previews/heldout_val/cifar10/color_opponency/b342413f7fab68dca9f51d5336d9fc188828ed434a596141a8b9ee2a55ef791e/train_p60.npz
cifar10,color_opponency,blue_yellow_contrast,60,normalized,-9.639240789413453,-9.385576558113097,0,10240,0.0,10,/ceph/sagnihot/projects/Lorena_Contrastive_Representation_Arch/sparse_contrast_benchmark_large_batch/outputs/previews/heldout_val/cifar10/color_opponency/b342413f7fab68dca9f51d5336d9fc188828ed434a596141a8b9ee2a55ef791e/train_p60.npz
cifar10,color_opponency,blue_yellow_contrast,60,normalized,-9.385576558113097,-9.131912326812744,2,10240,0.0001953125,10,/ceph/sagnihot/projects/Lorena_Contrastive_Representation_Arch/sparse_contrast_benchmark_large_batch/outputs/previews/heldout_val/cifar10/color_opponency/b342413f7fab68dca9f51d5336d9fc188828ed434a596141a8b9ee2a55ef791e/train_p60.npz
cifar10,color_opponency,blue_yellow_contrast,60,normalized,-9.131912326812744,-8.87824809551239,1,10240,9.765625e-05,10,/ceph/sagnihot/projects/Lorena_Contrastive_Representation_Arch/sparse_contrast_benchmark_large_batch/outputs/previews/heldout_val/cifar10/color_opponency/b342413f7fab68dca9f51d5336d9fc188828ed434a596141a8b9ee2a55ef791e/train_p60.npz
cifar10,color_opponency,blue_yellow_contrast,60,normalized,-8.87824809551239,-8.624583864212036,1,10240,9.765625e-05,10,/ceph/sagnihot/projects/Lorena_Contrastive_Representation_Arch/sparse_contrast_benchmark_large_batch/outputs/previews/heldout_val/cifar10/color_opponency/b342413f7fab68dca9f51d5336d9fc188828ed434a596141a8b9ee2a55ef791e/train_p60.npz
cifar10,color_opponency,blue_yellow_contrast,60,normalized,-8.624583864212036,-8.370919632911683,0,10240,0.0,10,/ceph/sagnihot/projects/Lorena_Contrastive_Representation_Arch/sparse_contrast_benchmark_large_batch/outputs/previews/heldout_val/cifar10/color_opponency/b342413f7fab68dca9f51d5336d9fc188828ed434a596141a8b9ee2a55ef791e/train_p60.npz
cifar10,color_opponency,blue_yellow_contrast,60,normalized,-8.370919632911683,-8.117255401611327,3,10240,0.00029296875,10,/ceph/sagnihot/projects/Lorena_Contrastive_Representation_Arch/sparse_contrast_benchmark_large_batch/outputs/previews/heldout_val/cifar10/color_opponency/b342413f7fab68dca9f51d5336d9fc188828ed434a596141a8b9ee2a55ef791e/train_p60.npz
cifar10,color_opponency,blue_yellow_contrast,60,normalized,-8.117255401611327,-7.863591170310974,1,10240,9.765625e-05,10,/ceph/sagnihot/projects/Lorena_Contrastive_Representation_Arch/sparse_contrast_benchmark_large_batch/outputs/previews/heldout_val/cifar10/color_opponency/b342413f7fab68dca9f51d5336d9fc188828ed434a596141a8b9ee2a55ef791e/train_p60.npz
cifar10,color_opponency,blue_yellow_contrast,60,normalized,-7.863591170310974,-7.60992693901062,2,10240,0.0001953125,10,/ceph/sagnihot/projects/Lorena_Contrastive_Representation_Arch/sparse_contrast_benchmark_large_batch/outputs/previews/heldout_val/cifar10/color_opponency/b342413f7fab68dca9f51d5336d9fc188828ed434a596141a8b9ee2a55ef791e/train_p60.npz
cifar10,color_opponency,blue_yellow_contrast,60,normalized,-7.60992693901062,-7.3562627077102665,1,10240,9.765625e-05,10,/ceph/sagnihot/projects/Lorena_Contrastive_Representation_Arch/sparse_contrast_benchmark_large_batch/outputs/previews/heldout_val/cifar10/color_opponency/b342413f7fab68dca9f51d5336d9fc188828ed434a596141a8b9ee2a55ef791e/train_p60.npz
cifar10,color_opponency,blue_yellow_contrast,60,normalized,-7.3562627077102665,-7.102598476409913,0,10240,0.0,10,/ceph/sagnihot/projects/Lorena_Contrastive_Representation_Arch/sparse_contrast_benchmark_large_batch/outputs/previews/heldout_val/cifar10/color_opponency/b342413f7fab68dca9f51d5336d9fc188828ed434a596141a8b9ee2a55ef791e/train_p60.npz
cifar10,color_opponency,blue_yellow_contrast,60,normalized,-7.102598476409913,-6.848934245109558,0,10240,0.0,10,/ceph/sagnihot/projects/Lorena_Contrastive_Representation_Arch/sparse_contrast_benchmark_large_batch/outputs/previews/heldout_val/cifar10/color_opponency/b342413f7fab68dca9f51d5336d9fc188828ed434a596141a8b9ee2a55ef791e/train_p60.npz
cifar10,color_opponency,blue_yellow_contrast,60,normalized,-6.848934245109558,-6.595270013809205,2,10240,0.0001953125,10,/ceph/sagnihot/projects/Lorena_Contrastive_Representation_Arch/sparse_contrast_benchmark_large_batch/outputs/previews/heldout_val/cifar10/color_opponency/b342413f7fab68dca9f51d5336d9fc188828ed434a596141a8b9ee2a55ef791e/train_p60.npz
cifar10,color_opponency,blue_yellow_contrast,60,normalized,-6.595270013809205,-6.34160578250885,1,10240,9.765625e-05,10,/ceph/sagnihot/projects/Lorena_Contrastive_Representation_Arch/sparse_contrast_benchmark_large_batch/outputs/previews/heldout_val/cifar10/color_opponency/b342413f7fab68dca9f51d5336d9fc188828ed434a596141a8b9ee2a55ef791e/train_p60.npz
cifar10,color_opponency,blue_yellow_contrast,60,normalized,-6.34160578250885,-6.0879415512084964,2,10240,0.0001953125,10,/ceph/sagnihot/projects/Lorena_Contrastive_Representation_Arch/sparse_contrast_benchmark_large_batch/outputs/previews/heldout_val/cifar10/color_opponency/b342413f7fab68dca9f51d5336d9fc188828ed434a596141a8b9ee2a55ef791e/train_p60.npz
cifar10,color_opponency,blue_yellow_contrast,60,normalized,-6.0879415512084964,-5.834277319908143,1,10240,9.765625e-05,10,/ceph/sagnihot/projects/Lorena_Contrastive_Representation_Arch/sparse_contrast_benchmark_large_batch/outputs/previews/heldout_val/cifar10/color_opponency/b342413f7fab68dca9f51d5336d9fc188828ed434a596141a8b9ee2a55ef791e/train_p60.npz
cifar10,color_opponency,blue_yellow_contrast,60,normalized,-5.834277319908143,-5.580613088607788,1,10240,9.765625e-05,10,/ceph/sagnihot/projects/Lorena_Contrastive_Representation_Arch/sparse_contrast_benchmark_large_batch/outputs/previews/heldout_val/cifar10/color_opponency/b342413f7fab68dca9f51d5336d9fc188828ed434a596141a8b9ee2a55ef791e/train_p60.npz
cifar10,color_opponency,blue_yellow_contrast,60,normalized,-5.580613088607788,-5.326948857307435,0,10240,0.0,10,/ceph/sagnihot/projects/Lorena_Contrastive_Representation_Arch/sparse_contrast_benchmark_large_batch/outputs/previews/heldout_val/cifar10/color_opponency/b342413f7fab68dca9f51d5336d9fc188828ed434a596141a8b9ee2a55ef791e/train_p60.npz
cifar10,color_opponency,blue_yellow_contrast,60,normalized,-5.326948857307435,-5.07328462600708,2,10240,0.0001953125,10,/ceph/sagnihot/projects/Lorena_Contrastive_Representation_Arch/sparse_contrast_benchmark_large_batch/outputs/previews/heldout_val/cifar10/color_opponency/b342413f7fab68dca9f51d5336d9fc188828ed434a596141a8b9ee2a55ef791e/train_p60.npz
cifar10,color_opponency,blue_yellow_contrast,60,normalized,-5.07328462600708,-4.819620394706726,7,10240,0.00068359375,10,/ceph/sagnihot/projects/Lorena_Contrastive_Representation_Arch/sparse_contrast_benchmark_large_batch/outputs/previews/heldout_val/cifar10/color_opponency/b342413f7fab68dca9f51d5336d9fc188828ed434a596141a8b9ee2a55ef791e/train_p60.npz
cifar10,color_opponency,blue_yellow_contrast,60,normalized,-4.819620394706726,-4.565956163406373,5,10240,0.00048828125,10,/ceph/sagnihot/projects/Lorena_Contrastive_Representation_Arch/sparse_contrast_benchmark_large_batch/outputs/previews/heldout_val/cifar10/color_opponency/b342413f7fab68dca9f51d5336d9fc188828ed434a596141a8b9ee2a55ef791e/train_p60.npz
cifar10,color_opponency,blue_yellow_contrast,60,normalized,-4.565956163406373,-4.312291932106018,2,10240,0.0001953125,10,/ceph/sagnihot/projects/Lorena_Contrastive_Representation_Arch/sparse_contrast_benchmark_large_batch/outputs/previews/heldout_val/cifar10/color_opponency/b342413f7fab68dca9f51d5336d9fc188828ed434a596141a8b9ee2a55ef791e/train_p60.npz
cifar10,color_opponency,blue_yellow_contrast,60,normalized,-4.312291932106018,-4.058627700805665,4,10240,0.000390625,10,/ceph/sagnihot/projects/Lorena_Contrastive_Representation_Arch/sparse_contrast_benchmark_large_batch/outputs/previews/heldout_val/cifar10/color_opponency/b342413f7fab68dca9f51d5336d9fc188828ed434a596141a8b9ee2a55ef791e/train_p60.npz
cifar10,color_opponency,blue_yellow_contrast,60,normalized,-4.058627700805665,-3.804963469505311,8,10240,0.00078125,10,/ceph/sagnihot/projects/Lorena_Contrastive_Representation_Arch/sparse_contrast_benchmark_large_batch/outputs/previews/heldout_val/cifar10/color_opponency/b342413f7fab68dca9f51d5336d9fc188828ed434a596141a8b9ee2a55ef791e/train_p60.npz
cifar10,color_opponency,blue_yellow_contrast,60,normalized,-3.804963469505311,-3.5512992382049564,17,10240,0.00166015625,10,/ceph/sagnihot/projects/Lorena_Contrastive_Representation_Arch/sparse_contrast_benchmark_large_batch/outputs/previews/heldout_val/cifar10/color_opponency/b342413f7fab68dca9f51d5336d9fc188828ed434a596141a8b9ee2a55ef791e/train_p60.npz
cifar10,color_opponency,blue_yellow_contrast,60,normalized,-3.5512992382049564,-3.2976350069046028,9,10240,0.00087890625,10,/ceph/sagnihot/projects/Lorena_Contrastive_Representation_Arch/sparse_contrast_benchmark_large_batch/outputs/previews/heldout_val/cifar10/color_opponency/b342413f7fab68dca9f51d5336d9fc188828ed434a596141a8b9ee2a55ef791e/train_p60.npz
cifar10,color_opponency,blue_yellow_contrast,60,normalized,-3.2976350069046028,-3.043970775604249,12,10240,0.001171875,10,/ceph/sagnihot/projects/Lorena_Contrastive_Representation_Arch/sparse_contrast_benchmark_large_batch/outputs/previews/heldout_val/cifar10/color_opponency/b342413f7fab68dca9f51d5336d9fc188828ed434a596141a8b9ee2a55ef791e/train_p60.npz
cifar10,color_opponency,blue_yellow_contrast,60,normalized,-3.043970775604249,-2.7903065443038946,9,10240,0.00087890625,10,/ceph/sagnihot/projects/Lorena_Contrastive_Representation_Arch/sparse_contrast_benchmark_large_batch/outputs/previews/heldout_val/cifar10/color_opponency/b342413f7fab68dca9f51d5336d9fc188828ed434a596141a8b9ee2a55ef791e/train_p60.npz
cifar10,color_opponency,blue_yellow_contrast,60,normalized,-2.7903065443038946,-2.536642313003541,12,10240,0.001171875,10,/ceph/sagnihot/projects/Lorena_Contrastive_Representation_Arch/sparse_contrast_benchmark_large_batch/outputs/previews/heldout_val/cifar10/color_opponency/b342413f7fab68dca9f51d5336d9fc188828ed434a596141a8b9ee2a55ef791e/train_p60.npz
cifar10,color_opponency,blue_yellow_contrast,60,normalized,-2.536642313003541,-2.2829780817031864,24,10240,0.00234375,10,/ceph/sagnihot/projects/Lorena_Contrastive_Representation_Arch/sparse_contrast_benchmark_large_batch/outputs/previews/heldout_val/cifar10/color_opponency/b342413f7fab68dca9f51d5336d9fc188828ed434a596141a8b9ee2a55ef791e/train_p60.npz
cifar10,color_opponency,blue_yellow_contrast,60,normalized,-2.2829780817031864,-2.0293138504028327,39,10240,0.00380859375,10,/ceph/sagnihot/projects/Lorena_Contrastive_Representation_Arch/sparse_contrast_benchmark_large_batch/outputs/previews/heldout_val/cifar10/color_opponency/b342413f7fab68dca9f51d5336d9fc188828ed434a596141a8b9ee2a55ef791e/train_p60.npz
cifar10,color_opponency,blue_yellow_contrast,60,normalized,-2.0293138504028327,-1.775649619102479,55,10240,0.00537109375,10,/ceph/sagnihot/projects/Lorena_Contrastive_Representation_Arch/sparse_contrast_benchmark_large_batch/outputs/previews/heldout_val/cifar10/color_opponency/b342413f7fab68dca9f51d5336d9fc188828ed434a596141a8b9ee2a55ef791e/train_p60.npz
cifar10,color_opponency,blue_yellow_contrast,60,normalized,-1.775649619102479,-1.5219853878021254,51,10240,0.00498046875,10,/ceph/sagnihot/projects/Lorena_Contrastive_Representation_Arch/sparse_contrast_benchmark_large_batch/outputs/previews/heldout_val/cifar10/color_opponency/b342413f7fab68dca9f51d5336d9fc188828ed434a596141a8b9ee2a55ef791e/train_p60.npz
cifar10,color_opponency,blue_yellow_contrast,60,normalized,-1.5219853878021254,-1.26832115650177,64,10240,0.00625,10,/ceph/sagnihot/projects/Lorena_Contrastive_Representation_Arch/sparse_contrast_benchmark_large_batch/outputs/previews/heldout_val/cifar10/color_opponency/b342413f7fab68dca9f51d5336d9fc188828ed434a596141a8b9ee2a55ef791e/train_p60.npz
cifar10,color_opponency,blue_yellow_contrast,60,normalized,-1.26832115650177,-1.0146569252014164,88,10240,0.00859375,10,/ceph/sagnihot/projects/Lorena_Contrastive_Representation_Arch/sparse_contrast_benchmark_large_batch/outputs/previews/heldout_val/cifar10/color_opponency/b342413f7fab68dca9f51d5336d9fc188828ed434a596141a8b9ee2a55ef791e/train_p60.npz
cifar10,color_opponency,blue_yellow_contrast,60,normalized,-1.0146569252014164,-0.7609926939010627,151,10240,0.01474609375,10,/ceph/sagnihot/projects/Lorena_Contrastive_Representation_Arch/sparse_contrast_benchmark_large_batch/outputs/previews/heldout_val/cifar10/color_opponency/b342413f7fab68dca9f51d5336d9fc188828ed434a596141a8b9ee2a55ef791e/train_p60.npz
cifar10,color_opponency,blue_yellow_contrast,60,normalized,-0.7609926939010627,-0.5073284626007091,228,10240,0.022265625,10,/ceph/sagnihot/projects/Lorena_Contrastive_Representation_Arch/sparse_contrast_benchmark_large_batch/outputs/previews/heldout_val/cifar10/color_opponency/b342413f7fab68dca9f51d5336d9fc188828ed434a596141a8b9ee2a55ef791e/train_p60.npz
cifar10,color_opponency,blue_yellow_contrast,60,normalized,-0.5073284626007091,-0.2536642313003554,165,10240,0.01611328125,10,/ceph/sagnihot/projects/Lorena_Contrastive_Representation_Arch/sparse_contrast_benchmark_large_batch/outputs/previews/heldout_val/cifar10/color_opponency/b342413f7fab68dca9f51d5336d9fc188828ed434a596141a8b9ee2a55ef791e/train_p60.npz
cifar10,color_opponency,blue_yellow_contrast,60,normalized,-0.2536642313003554,0.0,13,10240,0.00126953125,10,/ceph/sagnihot/projects/Lorena_Contrastive_Representation_Arch/sparse_contrast_benchmark_large_batch/outputs/previews/heldout_val/cifar10/color_opponency/b342413f7fab68dca9f51d5336d9fc188828ed434a596141a8b9ee2a55ef791e/train_p60.npz
cifar10,color_opponency,blue_yellow_contrast,60,normalized,0.0,0.25366423130035365,8302,10240,0.8107421875,10,/ceph/sagnihot/projects/Lorena_Contrastive_Representation_Arch/sparse_contrast_benchmark_large_batch/outputs/previews/heldout_val/cifar10/color_opponency/b342413f7fab68dca9f51d5336d9fc188828ed434a596141a8b9ee2a55ef791e/train_p60.npz
cifar10,color_opponency,blue_yellow_contrast,60,normalized,0.25366423130035365,0.5073284626007073,91,10240,0.00888671875,10,/ceph/sagnihot/projects/Lorena_Contrastive_Representation_Arch/sparse_contrast_benchmark_large_batch/outputs/previews/heldout_val/cifar10/color_opponency/b342413f7fab68dca9f51d5336d9fc188828ed434a596141a8b9ee2a55ef791e/train_p60.npz
cifar10,color_opponency,blue_yellow_contrast,60,normalized,0.5073284626007073,0.760992693901061,182,10240,0.0177734375,10,/ceph/sagnihot/projects/Lorena_Contrastive_Representation_Arch/sparse_contrast_benchmark_large_batch/outputs/previews/heldout_val/cifar10/color_opponency/b342413f7fab68dca9f51d5336d9fc188828ed434a596141a8b9ee2a55ef791e/train_p60.npz
cifar10,color_opponency,blue_yellow_contrast,60,normalized,0.760992693901061,1.0146569252014146,139,10240,0.01357421875,10,/ceph/sagnihot/projects/Lorena_Contrastive_Representation_Arch/sparse_contrast_benchmark_large_batch/outputs/previews/heldout_val/cifar10/color_opponency/b342413f7fab68dca9f51d5336d9fc188828ed434a596141a8b9ee2a55ef791e/train_p60.npz
cifar10,color_opponency,blue_yellow_contrast,60,normalized,1.0146569252014146,1.2683211565017682,122,10240,0.0119140625,10,/ceph/sagnihot/projects/Lorena_Contrastive_Representation_Arch/sparse_contrast_benchmark_large_batch/outputs/previews/heldout_val/cifar10/color_opponency/b342413f7fab68dca9f51d5336d9fc188828ed434a596141a8b9ee2a55ef791e/train_p60.npz
cifar10,color_opponency,blue_yellow_contrast,60,normalized,1.2683211565017682,1.5219853878021237,77,10240,0.00751953125,10,/ceph/sagnihot/projects/Lorena_Contrastive_Representation_Arch/sparse_contrast_benchmark_large_batch/outputs/previews/heldout_val/cifar10/color_opponency/b342413f7fab68dca9f51d5336d9fc188828ed434a596141a8b9ee2a55ef791e/train_p60.npz
cifar10,color_opponency,blue_yellow_contrast,60,normalized,1.5219853878021237,1.7756496191024773,46,10240,0.0044921875,10,/ceph/sagnihot/projects/Lorena_Contrastive_Representation_Arch/sparse_contrast_benchmark_large_batch/outputs/previews/heldout_val/cifar10/color_opponency/b342413f7fab68dca9f51d5336d9fc188828ed434a596141a8b9ee2a55ef791e/train_p60.npz
cifar10,color_opponency,blue_yellow_contrast,60,normalized,1.7756496191024773,2.029313850402831,36,10240,0.003515625,10,/ceph/sagnihot/projects/Lorena_Contrastive_Representation_Arch/sparse_contrast_benchmark_large_batch/outputs/previews/heldout_val/cifar10/color_opponency/b342413f7fab68dca9f51d5336d9fc188828ed434a596141a8b9ee2a55ef791e/train_p60.npz
cifar10,color_opponency,blue_yellow_contrast,60,normalized,2.029313850402831,2.2829780817031846,44,10240,0.004296875,10,/ceph/sagnihot/projects/Lorena_Contrastive_Representation_Arch/sparse_contrast_benchmark_large_batch/outputs/previews/heldout_val/cifar10/color_opponency/b342413f7fab68dca9f51d5336d9fc188828ed434a596141a8b9ee2a55ef791e/train_p60.npz
cifar10,color_opponency,blue_yellow_contrast,60,normalized,2.2829780817031846,2.5366423130035383,16,10240,0.0015625,10,/ceph/sagnihot/projects/Lorena_Contrastive_Representation_Arch/sparse_contrast_benchmark_large_batch/outputs/previews/heldout_val/cifar10/color_opponency/b342413f7fab68dca9f51d5336d9fc188828ed434a596141a8b9ee2a55ef791e/train_p60.npz
cifar10,color_opponency,blue_yellow_contrast,60,normalized,2.5366423130035383,2.7903065443038937,12,10240,0.001171875,10,/ceph/sagnihot/projects/Lorena_Contrastive_Representation_Arch/sparse_contrast_benchmark_large_batch/outputs/previews/heldout_val/cifar10/color_opponency/b342413f7fab68dca9f51d5336d9fc188828ed434a596141a8b9ee2a55ef791e/train_p60.npz
cifar10,color_opponency,blue_yellow_contrast,60,normalized,2.7903065443038937,3.0439707756042473,13,10240,0.00126953125,10,/ceph/sagnihot/projects/Lorena_Contrastive_Representation_Arch/sparse_contrast_benchmark_large_batch/outputs/previews/heldout_val/cifar10/color_opponency/b342413f7fab68dca9f51d5336d9fc188828ed434a596141a8b9ee2a55ef791e/train_p60.npz
cifar10,color_opponency,blue_yellow_contrast,60,normalized,3.0439707756042473,3.297635006904601,12,10240,0.001171875,10,/ceph/sagnihot/projects/Lorena_Contrastive_Representation_Arch/sparse_contrast_benchmark_large_batch/outputs/previews/heldout_val/cifar10/color_opponency/b342413f7fab68dca9f51d5336d9fc188828ed434a596141a8b9ee2a55ef791e/train_p60.npz
cifar10,color_opponency,blue_yellow_contrast,60,normalized,3.297635006904601,3.5512992382049546,13,10240,0.00126953125,10,/ceph/sagnihot/projects/Lorena_Contrastive_Representation_Arch/sparse_contrast_benchmark_large_batch/outputs/previews/heldout_val/cifar10/color_opponency/b342413f7fab68dca9f51d5336d9fc188828ed434a596141a8b9ee2a55ef791e/train_p60.npz
cifar10,color_opponency,blue_yellow_contrast,60,normalized,3.5512992382049546,3.8049634695053083,21,10240,0.00205078125,10,/ceph/sagnihot/projects/Lorena_Contrastive_Representation_Arch/sparse_contrast_benchmark_large_batch/outputs/previews/heldout_val/cifar10/color_opponency/b342413f7fab68dca9f51d5336d9fc188828ed434a596141a8b9ee2a55ef791e/train_p60.npz
cifar10,color_opponency,blue_yellow_contrast,60,normalized,3.8049634695053083,4.058627700805662,94,10240,0.0091796875,10,/ceph/sagnihot/projects/Lorena_Contrastive_Representation_Arch/sparse_contrast_benchmark_large_batch/outputs/previews/heldout_val/cifar10/color_opponency/b342413f7fab68dca9f51d5336d9fc188828ed434a596141a8b9ee2a55ef791e/train_p60.npz
cifar10,color_opponency,blue_yellow_contrast,60,normalized,4.058627700805662,4.312291932106017,9,10240,0.00087890625,10,/ceph/sagnihot/projects/Lorena_Contrastive_Representation_Arch/sparse_contrast_benchmark_large_batch/outputs/previews/heldout_val/cifar10/color_opponency/b342413f7fab68dca9f51d5336d9fc188828ed434a596141a8b9ee2a55ef791e/train_p60.npz
cifar10,color_opponency,blue_yellow_contrast,60,normalized,4.312291932106017,4.565956163406371,2,10240,0.0001953125,10,/ceph/sagnihot/projects/Lorena_Contrastive_Representation_Arch/sparse_contrast_benchmark_large_batch/outputs/previews/heldout_val/cifar10/color_opponency/b342413f7fab68dca9f51d5336d9fc188828ed434a596141a8b9ee2a55ef791e/train_p60.npz
cifar10,color_opponency,blue_yellow_contrast,60,normalized,4.565956163406371,4.819620394706725,4,10240,0.000390625,10,/ceph/sagnihot/projects/Lorena_Contrastive_Representation_Arch/sparse_contrast_benchmark_large_batch/outputs/previews/heldout_val/cifar10/color_opponency/b342413f7fab68dca9f51d5336d9fc188828ed434a596141a8b9ee2a55ef791e/train_p60.npz
cifar10,color_opponency,blue_yellow_contrast,60,normalized,4.819620394706725,5.073284626007078,3,10240,0.00029296875,10,/ceph/sagnihot/projects/Lorena_Contrastive_Representation_Arch/sparse_contrast_benchmark_large_batch/outputs/previews/heldout_val/cifar10/color_opponency/b342413f7fab68dca9f51d5336d9fc188828ed434a596141a8b9ee2a55ef791e/train_p60.npz
cifar10,color_opponency,blue_yellow_contrast,60,normalized,5.073284626007078,5.326948857307432,1,10240,9.765625e-05,10,/ceph/sagnihot/projects/Lorena_Contrastive_Representation_Arch/sparse_contrast_benchmark_large_batch/outputs/previews/heldout_val/cifar10/color_opponency/b342413f7fab68dca9f51d5336d9fc188828ed434a596141a8b9ee2a55ef791e/train_p60.npz
cifar10,color_opponency,blue_yellow_contrast,60,normalized,5.326948857307432,5.580613088607787,2,10240,0.0001953125,10,/ceph/sagnihot/projects/Lorena_Contrastive_Representation_Arch/sparse_contrast_benchmark_large_batch/outputs/previews/heldout_val/cifar10/color_opponency/b342413f7fab68dca9f51d5336d9fc188828ed434a596141a8b9ee2a55ef791e/train_p60.npz
cifar10,color_opponency,blue_yellow_contrast,60,normalized,5.580613088607787,5.834277319908141,0,10240,0.0,10,/ceph/sagnihot/projects/Lorena_Contrastive_Representation_Arch/sparse_contrast_benchmark_large_batch/outputs/previews/heldout_val/cifar10/color_opponency/b342413f7fab68dca9f51d5336d9fc188828ed434a596141a8b9ee2a55ef791e/train_p60.npz
cifar10,color_opponency,blue_yellow_contrast,60,normalized,5.834277319908141,6.087941551208495,1,10240,9.765625e-05,10,/ceph/sagnihot/projects/Lorena_Contrastive_Representation_Arch/sparse_contrast_benchmark_large_batch/outputs/previews/heldout_val/cifar10/color_opponency/b342413f7fab68dca9f51d5336d9fc188828ed434a596141a8b9ee2a55ef791e/train_p60.npz
cifar10,color_opponency,blue_yellow_contrast,60,normalized,6.087941551208495,6.34160578250885,1,10240,9.765625e-05,10,/ceph/sagnihot/projects/Lorena_Contrastive_Representation_Arch/sparse_contrast_benchmark_large_batch/outputs/previews/heldout_val/cifar10/color_opponency/b342413f7fab68dca9f51d5336d9fc188828ed434a596141a8b9ee2a55ef791e/train_p60.npz
cifar10,color_opponency,blue_yellow_contrast,60,normalized,6.34160578250885,6.595270013809202,3,10240,0.00029296875,10,/ceph/sagnihot/projects/Lorena_Contrastive_Representation_Arch/sparse_contrast_benchmark_large_batch/outputs/previews/heldout_val/cifar10/color_opponency/b342413f7fab68dca9f51d5336d9fc188828ed434a596141a8b9ee2a55ef791e/train_p60.npz
cifar10,color_opponency,blue_yellow_contrast,60,normalized,6.595270013809202,6.848934245109557,0,10240,0.0,10,/ceph/sagnihot/projects/Lorena_Contrastive_Representation_Arch/sparse_contrast_benchmark_large_batch/outputs/previews/heldout_val/cifar10/color_opponency/b342413f7fab68dca9f51d5336d9fc188828ed434a596141a8b9ee2a55ef791e/train_p60.npz
cifar10,color_opponency,blue_yellow_contrast,60,normalized,6.848934245109557,7.102598476409909,0,10240,0.0,10,/ceph/sagnihot/projects/Lorena_Contrastive_Representation_Arch/sparse_contrast_benchmark_large_batch/outputs/previews/heldout_val/cifar10/color_opponency/b342413f7fab68dca9f51d5336d9fc188828ed434a596141a8b9ee2a55ef791e/train_p60.npz
cifar10,color_opponency,blue_yellow_contrast,60,normalized,7.102598476409909,7.356262707710265,1,10240,9.765625e-05,10,/ceph/sagnihot/projects/Lorena_Contrastive_Representation_Arch/sparse_contrast_benchmark_large_batch/outputs/previews/heldout_val/cifar10/color_opponency/b342413f7fab68dca9f51d5336d9fc188828ed434a596141a8b9ee2a55ef791e/train_p60.npz
cifar10,color_opponency,blue_yellow_contrast,60,normalized,7.356262707710265,7.60992693901062,3,10240,0.00029296875,10,/ceph/sagnihot/projects/Lorena_Contrastive_Representation_Arch/sparse_contrast_benchmark_large_batch/outputs/previews/heldout_val/cifar10/color_opponency/b342413f7fab68dca9f51d5336d9fc188828ed434a596141a8b9ee2a55ef791e/train_p60.npz
cifar10,color_opponency,blue_yellow_contrast,60,normalized,7.60992693901062,7.863591170310972,1,10240,9.765625e-05,10,/ceph/sagnihot/projects/Lorena_Contrastive_Representation_Arch/sparse_contrast_benchmark_large_batch/outputs/previews/heldout_val/cifar10/color_opponency/b342413f7fab68dca9f51d5336d9fc188828ed434a596141a8b9ee2a55ef791e/train_p60.npz
cifar10,color_opponency,blue_yellow_contrast,60,normalized,7.863591170310972,8.117255401611327,1,10240,9.765625e-05,10,/ceph/sagnihot/projects/Lorena_Contrastive_Representation_Arch/sparse_contrast_benchmark_large_batch/outputs/previews/heldout_val/cifar10/color_opponency/b342413f7fab68dca9f51d5336d9fc188828ed434a596141a8b9ee2a55ef791e/train_p60.npz
cifar10,color_opponency,blue_yellow_contrast,60,normalized,8.117255401611327,8.37091963291168,0,10240,0.0,10,/ceph/sagnihot/projects/Lorena_Contrastive_Representation_Arch/sparse_contrast_benchmark_large_batch/outputs/previews/heldout_val/cifar10/color_opponency/b342413f7fab68dca9f51d5336d9fc188828ed434a596141a8b9ee2a55ef791e/train_p60.npz
cifar10,color_opponency,blue_yellow_contrast,60,normalized,8.37091963291168,8.624583864212035,1,10240,9.765625e-05,10,/ceph/sagnihot/projects/Lorena_Contrastive_Representation_Arch/sparse_contrast_benchmark_large_batch/outputs/previews/heldout_val/cifar10/color_opponency/b342413f7fab68dca9f51d5336d9fc188828ed434a596141a8b9ee2a55ef791e/train_p60.npz
cifar10,color_opponency,blue_yellow_contrast,60,normalized,8.624583864212035,8.87824809551239,2,10240,0.0001953125,10,/ceph/sagnihot/projects/Lorena_Contrastive_Representation_Arch/sparse_contrast_benchmark_large_batch/outputs/previews/heldout_val/cifar10/color_opponency/b342413f7fab68dca9f51d5336d9fc188828ed434a596141a8b9ee2a55ef791e/train_p60.npz
cifar10,color_opponency,blue_yellow_contrast,60,normalized,8.87824809551239,9.131912326812742,0,10240,0.0,10,/ceph/sagnihot/projects/Lorena_Contrastive_Representation_Arch/sparse_contrast_benchmark_large_batch/outputs/previews/heldout_val/cifar10/color_opponency/b342413f7fab68dca9f51d5336d9fc188828ed434a596141a8b9ee2a55ef791e/train_p60.npz
cifar10,color_opponency,blue_yellow_contrast,60,normalized,9.131912326812742,9.385576558113097,0,10240,0.0,10,/ceph/sagnihot/projects/Lorena_Contrastive_Representation_Arch/sparse_contrast_benchmark_large_batch/outputs/previews/heldout_val/cifar10/color_opponency/b342413f7fab68dca9f51d5336d9fc188828ed434a596141a8b9ee2a55ef791e/train_p60.npz
cifar10,color_opponency,blue_yellow_contrast,60,normalized,9.385576558113097,9.63924078941345,0,10240,0.0,10,/ceph/sagnihot/projects/Lorena_Contrastive_Representation_Arch/sparse_contrast_benchmark_large_batch/outputs/previews/heldout_val/cifar10/color_opponency/b342413f7fab68dca9f51d5336d9fc188828ed434a596141a8b9ee2a55ef791e/train_p60.npz
cifar10,color_opponency,blue_yellow_contrast,60,normalized,9.63924078941345,9.892905020713805,1,10240,9.765625e-05,10,/ceph/sagnihot/projects/Lorena_Contrastive_Representation_Arch/sparse_contrast_benchmark_large_batch/outputs/previews/heldout_val/cifar10/color_opponency/b342413f7fab68dca9f51d5336d9fc188828ed434a596141a8b9ee2a55ef791e/train_p60.npz
cifar10,color_opponency,blue_yellow_contrast,60,normalized,9.892905020713805,10.14656925201416,0,10240,0.0,10,/ceph/sagnihot/projects/Lorena_Contrastive_Representation_Arch/sparse_contrast_benchmark_large_batch/outputs/previews/heldout_val/cifar10/color_opponency/b342413f7fab68dca9f51d5336d9fc188828ed434a596141a8b9ee2a55ef791e/train_p60.npz
