dataset,representation,channel,sparsity_percent,domain,bin_left,bin_right,count,coefficient_count,fraction,sample_count,source_npz
cifar10,color_opponency,red_green_contrast,0,native,-0.10806100070476532,-0.10535947568714618,0,10240,0.0,10,/ceph/sagnihot/projects/Lorena_Contrastive_Representation_Arch/sparse_contrast_benchmark_large_batch/outputs/previews/heldout_val/cifar10/color_opponency/b342413f7fab68dca9f51d5336d9fc188828ed434a596141a8b9ee2a55ef791e/train_p0.npz
cifar10,color_opponency,red_green_contrast,0,native,-0.10535947568714618,-0.10265795066952706,0,10240,0.0,10,/ceph/sagnihot/projects/Lorena_Contrastive_Representation_Arch/sparse_contrast_benchmark_large_batch/outputs/previews/heldout_val/cifar10/color_opponency/b342413f7fab68dca9f51d5336d9fc188828ed434a596141a8b9ee2a55ef791e/train_p0.npz
cifar10,color_opponency,red_green_contrast,0,native,-0.10265795066952706,-0.09995642565190792,0,10240,0.0,10,/ceph/sagnihot/projects/Lorena_Contrastive_Representation_Arch/sparse_contrast_benchmark_large_batch/outputs/previews/heldout_val/cifar10/color_opponency/b342413f7fab68dca9f51d5336d9fc188828ed434a596141a8b9ee2a55ef791e/train_p0.npz
cifar10,color_opponency,red_green_contrast,0,native,-0.09995642565190792,-0.0972549006342888,0,10240,0.0,10,/ceph/sagnihot/projects/Lorena_Contrastive_Representation_Arch/sparse_contrast_benchmark_large_batch/outputs/previews/heldout_val/cifar10/color_opponency/b342413f7fab68dca9f51d5336d9fc188828ed434a596141a8b9ee2a55ef791e/train_p0.npz
cifar10,color_opponency,red_green_contrast,0,native,-0.0972549006342888,-0.09455337561666965,0,10240,0.0,10,/ceph/sagnihot/projects/Lorena_Contrastive_Representation_Arch/sparse_contrast_benchmark_large_batch/outputs/previews/heldout_val/cifar10/color_opponency/b342413f7fab68dca9f51d5336d9fc188828ed434a596141a8b9ee2a55ef791e/train_p0.npz
cifar10,color_opponency,red_green_contrast,0,native,-0.09455337561666965,-0.09185185059905052,0,10240,0.0,10,/ceph/sagnihot/projects/Lorena_Contrastive_Representation_Arch/sparse_contrast_benchmark_large_batch/outputs/previews/heldout_val/cifar10/color_opponency/b342413f7fab68dca9f51d5336d9fc188828ed434a596141a8b9ee2a55ef791e/train_p0.npz
cifar10,color_opponency,red_green_contrast,0,native,-0.09185185059905052,-0.08915032558143139,0,10240,0.0,10,/ceph/sagnihot/projects/Lorena_Contrastive_Representation_Arch/sparse_contrast_benchmark_large_batch/outputs/previews/heldout_val/cifar10/color_opponency/b342413f7fab68dca9f51d5336d9fc188828ed434a596141a8b9ee2a55ef791e/train_p0.npz
cifar10,color_opponency,red_green_contrast,0,native,-0.08915032558143139,-0.08644880056381225,0,10240,0.0,10,/ceph/sagnihot/projects/Lorena_Contrastive_Representation_Arch/sparse_contrast_benchmark_large_batch/outputs/previews/heldout_val/cifar10/color_opponency/b342413f7fab68dca9f51d5336d9fc188828ed434a596141a8b9ee2a55ef791e/train_p0.npz
cifar10,color_opponency,red_green_contrast,0,native,-0.08644880056381225,-0.08374727554619313,0,10240,0.0,10,/ceph/sagnihot/projects/Lorena_Contrastive_Representation_Arch/sparse_contrast_benchmark_large_batch/outputs/previews/heldout_val/cifar10/color_opponency/b342413f7fab68dca9f51d5336d9fc188828ed434a596141a8b9ee2a55ef791e/train_p0.npz
cifar10,color_opponency,red_green_contrast,0,native,-0.08374727554619313,-0.08104575052857399,0,10240,0.0,10,/ceph/sagnihot/projects/Lorena_Contrastive_Representation_Arch/sparse_contrast_benchmark_large_batch/outputs/previews/heldout_val/cifar10/color_opponency/b342413f7fab68dca9f51d5336d9fc188828ed434a596141a8b9ee2a55ef791e/train_p0.npz
cifar10,color_opponency,red_green_contrast,0,native,-0.08104575052857399,-0.07834422551095485,0,10240,0.0,10,/ceph/sagnihot/projects/Lorena_Contrastive_Representation_Arch/sparse_contrast_benchmark_large_batch/outputs/previews/heldout_val/cifar10/color_opponency/b342413f7fab68dca9f51d5336d9fc188828ed434a596141a8b9ee2a55ef791e/train_p0.npz
cifar10,color_opponency,red_green_contrast,0,native,-0.07834422551095485,-0.07564270049333573,0,10240,0.0,10,/ceph/sagnihot/projects/Lorena_Contrastive_Representation_Arch/sparse_contrast_benchmark_large_batch/outputs/previews/heldout_val/cifar10/color_opponency/b342413f7fab68dca9f51d5336d9fc188828ed434a596141a8b9ee2a55ef791e/train_p0.npz
cifar10,color_opponency,red_green_contrast,0,native,-0.07564270049333573,-0.0729411754757166,0,10240,0.0,10,/ceph/sagnihot/projects/Lorena_Contrastive_Representation_Arch/sparse_contrast_benchmark_large_batch/outputs/previews/heldout_val/cifar10/color_opponency/b342413f7fab68dca9f51d5336d9fc188828ed434a596141a8b9ee2a55ef791e/train_p0.npz
cifar10,color_opponency,red_green_contrast,0,native,-0.0729411754757166,-0.07023965045809746,0,10240,0.0,10,/ceph/sagnihot/projects/Lorena_Contrastive_Representation_Arch/sparse_contrast_benchmark_large_batch/outputs/previews/heldout_val/cifar10/color_opponency/b342413f7fab68dca9f51d5336d9fc188828ed434a596141a8b9ee2a55ef791e/train_p0.npz
cifar10,color_opponency,red_green_contrast,0,native,-0.07023965045809746,-0.06753812544047832,0,10240,0.0,10,/ceph/sagnihot/projects/Lorena_Contrastive_Representation_Arch/sparse_contrast_benchmark_large_batch/outputs/previews/heldout_val/cifar10/color_opponency/b342413f7fab68dca9f51d5336d9fc188828ed434a596141a8b9ee2a55ef791e/train_p0.npz
cifar10,color_opponency,red_green_contrast,0,native,-0.06753812544047832,-0.06483660042285919,0,10240,0.0,10,/ceph/sagnihot/projects/Lorena_Contrastive_Representation_Arch/sparse_contrast_benchmark_large_batch/outputs/previews/heldout_val/cifar10/color_opponency/b342413f7fab68dca9f51d5336d9fc188828ed434a596141a8b9ee2a55ef791e/train_p0.npz
cifar10,color_opponency,red_green_contrast,0,native,-0.06483660042285919,-0.06213507540524006,0,10240,0.0,10,/ceph/sagnihot/projects/Lorena_Contrastive_Representation_Arch/sparse_contrast_benchmark_large_batch/outputs/previews/heldout_val/cifar10/color_opponency/b342413f7fab68dca9f51d5336d9fc188828ed434a596141a8b9ee2a55ef791e/train_p0.npz
cifar10,color_opponency,red_green_contrast,0,native,-0.06213507540524006,-0.05943355038762093,0,10240,0.0,10,/ceph/sagnihot/projects/Lorena_Contrastive_Representation_Arch/sparse_contrast_benchmark_large_batch/outputs/previews/heldout_val/cifar10/color_opponency/b342413f7fab68dca9f51d5336d9fc188828ed434a596141a8b9ee2a55ef791e/train_p0.npz
cifar10,color_opponency,red_green_contrast,0,native,-0.05943355038762093,-0.05673202537000179,0,10240,0.0,10,/ceph/sagnihot/projects/Lorena_Contrastive_Representation_Arch/sparse_contrast_benchmark_large_batch/outputs/previews/heldout_val/cifar10/color_opponency/b342413f7fab68dca9f51d5336d9fc188828ed434a596141a8b9ee2a55ef791e/train_p0.npz
cifar10,color_opponency,red_green_contrast,0,native,-0.05673202537000179,-0.05403050035238266,1,10240,9.765625e-05,10,/ceph/sagnihot/projects/Lorena_Contrastive_Representation_Arch/sparse_contrast_benchmark_large_batch/outputs/previews/heldout_val/cifar10/color_opponency/b342413f7fab68dca9f51d5336d9fc188828ed434a596141a8b9ee2a55ef791e/train_p0.npz
cifar10,color_opponency,red_green_contrast,0,native,-0.05403050035238266,-0.05132897533476353,1,10240,9.765625e-05,10,/ceph/sagnihot/projects/Lorena_Contrastive_Representation_Arch/sparse_contrast_benchmark_large_batch/outputs/previews/heldout_val/cifar10/color_opponency/b342413f7fab68dca9f51d5336d9fc188828ed434a596141a8b9ee2a55ef791e/train_p0.npz
cifar10,color_opponency,red_green_contrast,0,native,-0.05132897533476353,-0.0486274503171444,0,10240,0.0,10,/ceph/sagnihot/projects/Lorena_Contrastive_Representation_Arch/sparse_contrast_benchmark_large_batch/outputs/previews/heldout_val/cifar10/color_opponency/b342413f7fab68dca9f51d5336d9fc188828ed434a596141a8b9ee2a55ef791e/train_p0.npz
cifar10,color_opponency,red_green_contrast,0,native,-0.0486274503171444,-0.045925925299525265,3,10240,0.00029296875,10,/ceph/sagnihot/projects/Lorena_Contrastive_Representation_Arch/sparse_contrast_benchmark_large_batch/outputs/previews/heldout_val/cifar10/color_opponency/b342413f7fab68dca9f51d5336d9fc188828ed434a596141a8b9ee2a55ef791e/train_p0.npz
cifar10,color_opponency,red_green_contrast,0,native,-0.045925925299525265,-0.043224400281906133,3,10240,0.00029296875,10,/ceph/sagnihot/projects/Lorena_Contrastive_Representation_Arch/sparse_contrast_benchmark_large_batch/outputs/previews/heldout_val/cifar10/color_opponency/b342413f7fab68dca9f51d5336d9fc188828ed434a596141a8b9ee2a55ef791e/train_p0.npz
cifar10,color_opponency,red_green_contrast,0,native,-0.043224400281906133,-0.040522875264286995,5,10240,0.00048828125,10,/ceph/sagnihot/projects/Lorena_Contrastive_Representation_Arch/sparse_contrast_benchmark_large_batch/outputs/previews/heldout_val/cifar10/color_opponency/b342413f7fab68dca9f51d5336d9fc188828ed434a596141a8b9ee2a55ef791e/train_p0.npz
cifar10,color_opponency,red_green_contrast,0,native,-0.040522875264286995,-0.03782135024666787,6,10240,0.0005859375,10,/ceph/sagnihot/projects/Lorena_Contrastive_Representation_Arch/sparse_contrast_benchmark_large_batch/outputs/previews/heldout_val/cifar10/color_opponency/b342413f7fab68dca9f51d5336d9fc188828ed434a596141a8b9ee2a55ef791e/train_p0.npz
cifar10,color_opponency,red_green_contrast,0,native,-0.03782135024666787,-0.03511982522904873,8,10240,0.00078125,10,/ceph/sagnihot/projects/Lorena_Contrastive_Representation_Arch/sparse_contrast_benchmark_large_batch/outputs/previews/heldout_val/cifar10/color_opponency/b342413f7fab68dca9f51d5336d9fc188828ed434a596141a8b9ee2a55ef791e/train_p0.npz
cifar10,color_opponency,red_green_contrast,0,native,-0.03511982522904873,-0.03241830021142959,8,10240,0.00078125,10,/ceph/sagnihot/projects/Lorena_Contrastive_Representation_Arch/sparse_contrast_benchmark_large_batch/outputs/previews/heldout_val/cifar10/color_opponency/b342413f7fab68dca9f51d5336d9fc188828ed434a596141a8b9ee2a55ef791e/train_p0.npz
cifar10,color_opponency,red_green_contrast,0,native,-0.03241830021142959,-0.02971677519381047,26,10240,0.0025390625,10,/ceph/sagnihot/projects/Lorena_Contrastive_Representation_Arch/sparse_contrast_benchmark_large_batch/outputs/previews/heldout_val/cifar10/color_opponency/b342413f7fab68dca9f51d5336d9fc188828ed434a596141a8b9ee2a55ef791e/train_p0.npz
cifar10,color_opponency,red_green_contrast,0,native,-0.02971677519381047,-0.02701525017619133,88,10240,0.00859375,10,/ceph/sagnihot/projects/Lorena_Contrastive_Representation_Arch/sparse_contrast_benchmark_large_batch/outputs/previews/heldout_val/cifar10/color_opponency/b342413f7fab68dca9f51d5336d9fc188828ed434a596141a8b9ee2a55ef791e/train_p0.npz
cifar10,color_opponency,red_green_contrast,0,native,-0.02701525017619133,-0.024313725158572205,41,10240,0.00400390625,10,/ceph/sagnihot/projects/Lorena_Contrastive_Representation_Arch/sparse_contrast_benchmark_large_batch/outputs/previews/heldout_val/cifar10/color_opponency/b342413f7fab68dca9f51d5336d9fc188828ed434a596141a8b9ee2a55ef791e/train_p0.npz
cifar10,color_opponency,red_green_contrast,0,native,-0.024313725158572205,-0.021612200140953067,15,10240,0.00146484375,10,/ceph/sagnihot/projects/Lorena_Contrastive_Representation_Arch/sparse_contrast_benchmark_large_batch/outputs/previews/heldout_val/cifar10/color_opponency/b342413f7fab68dca9f51d5336d9fc188828ed434a596141a8b9ee2a55ef791e/train_p0.npz
cifar10,color_opponency,red_green_contrast,0,native,-0.021612200140953067,-0.018910675123333928,38,10240,0.0037109375,10,/ceph/sagnihot/projects/Lorena_Contrastive_Representation_Arch/sparse_contrast_benchmark_large_batch/outputs/previews/heldout_val/cifar10/color_opponency/b342413f7fab68dca9f51d5336d9fc188828ed434a596141a8b9ee2a55ef791e/train_p0.npz
cifar10,color_opponency,red_green_contrast,0,native,-0.018910675123333928,-0.016209150105714804,69,10240,0.00673828125,10,/ceph/sagnihot/projects/Lorena_Contrastive_Representation_Arch/sparse_contrast_benchmark_large_batch/outputs/previews/heldout_val/cifar10/color_opponency/b342413f7fab68dca9f51d5336d9fc188828ed434a596141a8b9ee2a55ef791e/train_p0.npz
cifar10,color_opponency,red_green_contrast,0,native,-0.016209150105714804,-0.013507625088095665,110,10240,0.0107421875,10,/ceph/sagnihot/projects/Lorena_Contrastive_Representation_Arch/sparse_contrast_benchmark_large_batch/outputs/previews/heldout_val/cifar10/color_opponency/b342413f7fab68dca9f51d5336d9fc188828ed434a596141a8b9ee2a55ef791e/train_p0.npz
cifar10,color_opponency,red_green_contrast,0,native,-0.013507625088095665,-0.01080610007047654,147,10240,0.01435546875,10,/ceph/sagnihot/projects/Lorena_Contrastive_Representation_Arch/sparse_contrast_benchmark_large_batch/outputs/previews/heldout_val/cifar10/color_opponency/b342413f7fab68dca9f51d5336d9fc188828ed434a596141a8b9ee2a55ef791e/train_p0.npz
cifar10,color_opponency,red_green_contrast,0,native,-0.01080610007047654,-0.008104575052857402,230,10240,0.0224609375,10,/ceph/sagnihot/projects/Lorena_Contrastive_Representation_Arch/sparse_contrast_benchmark_large_batch/outputs/previews/heldout_val/cifar10/color_opponency/b342413f7fab68dca9f51d5336d9fc188828ed434a596141a8b9ee2a55ef791e/train_p0.npz
cifar10,color_opponency,red_green_contrast,0,native,-0.008104575052857402,-0.005403050035238263,429,10240,0.04189453125,10,/ceph/sagnihot/projects/Lorena_Contrastive_Representation_Arch/sparse_contrast_benchmark_large_batch/outputs/previews/heldout_val/cifar10/color_opponency/b342413f7fab68dca9f51d5336d9fc188828ed434a596141a8b9ee2a55ef791e/train_p0.npz
cifar10,color_opponency,red_green_contrast,0,native,-0.005403050035238263,-0.0027015250176191385,850,10240,0.0830078125,10,/ceph/sagnihot/projects/Lorena_Contrastive_Representation_Arch/sparse_contrast_benchmark_large_batch/outputs/previews/heldout_val/cifar10/color_opponency/b342413f7fab68dca9f51d5336d9fc188828ed434a596141a8b9ee2a55ef791e/train_p0.npz
cifar10,color_opponency,red_green_contrast,0,native,-0.0027015250176191385,0.0,2648,10240,0.25859375,10,/ceph/sagnihot/projects/Lorena_Contrastive_Representation_Arch/sparse_contrast_benchmark_large_batch/outputs/previews/heldout_val/cifar10/color_opponency/b342413f7fab68dca9f51d5336d9fc188828ed434a596141a8b9ee2a55ef791e/train_p0.npz
cifar10,color_opponency,red_green_contrast,0,native,0.0,0.0027015250176191247,3497,10240,0.34150390625,10,/ceph/sagnihot/projects/Lorena_Contrastive_Representation_Arch/sparse_contrast_benchmark_large_batch/outputs/previews/heldout_val/cifar10/color_opponency/b342413f7fab68dca9f51d5336d9fc188828ed434a596141a8b9ee2a55ef791e/train_p0.npz
cifar10,color_opponency,red_green_contrast,0,native,0.0027015250176191247,0.005403050035238263,749,10240,0.07314453125,10,/ceph/sagnihot/projects/Lorena_Contrastive_Representation_Arch/sparse_contrast_benchmark_large_batch/outputs/previews/heldout_val/cifar10/color_opponency/b342413f7fab68dca9f51d5336d9fc188828ed434a596141a8b9ee2a55ef791e/train_p0.npz
cifar10,color_opponency,red_green_contrast,0,native,0.005403050035238263,0.008104575052857402,441,10240,0.04306640625,10,/ceph/sagnihot/projects/Lorena_Contrastive_Representation_Arch/sparse_contrast_benchmark_large_batch/outputs/previews/heldout_val/cifar10/color_opponency/b342413f7fab68dca9f51d5336d9fc188828ed434a596141a8b9ee2a55ef791e/train_p0.npz
cifar10,color_opponency,red_green_contrast,0,native,0.008104575052857402,0.010806100070476526,242,10240,0.0236328125,10,/ceph/sagnihot/projects/Lorena_Contrastive_Representation_Arch/sparse_contrast_benchmark_large_batch/outputs/previews/heldout_val/cifar10/color_opponency/b342413f7fab68dca9f51d5336d9fc188828ed434a596141a8b9ee2a55ef791e/train_p0.npz
cifar10,color_opponency,red_green_contrast,0,native,0.010806100070476526,0.013507625088095665,182,10240,0.0177734375,10,/ceph/sagnihot/projects/Lorena_Contrastive_Representation_Arch/sparse_contrast_benchmark_large_batch/outputs/previews/heldout_val/cifar10/color_opponency/b342413f7fab68dca9f51d5336d9fc188828ed434a596141a8b9ee2a55ef791e/train_p0.npz
cifar10,color_opponency,red_green_contrast,0,native,0.013507625088095665,0.01620915010571479,135,10240,0.01318359375,10,/ceph/sagnihot/projects/Lorena_Contrastive_Representation_Arch/sparse_contrast_benchmark_large_batch/outputs/previews/heldout_val/cifar10/color_opponency/b342413f7fab68dca9f51d5336d9fc188828ed434a596141a8b9ee2a55ef791e/train_p0.npz
cifar10,color_opponency,red_green_contrast,0,native,0.01620915010571479,0.018910675123333914,69,10240,0.00673828125,10,/ceph/sagnihot/projects/Lorena_Contrastive_Representation_Arch/sparse_contrast_benchmark_large_batch/outputs/previews/heldout_val/cifar10/color_opponency/b342413f7fab68dca9f51d5336d9fc188828ed434a596141a8b9ee2a55ef791e/train_p0.npz
cifar10,color_opponency,red_green_contrast,0,native,0.018910675123333914,0.021612200140953053,60,10240,0.005859375,10,/ceph/sagnihot/projects/Lorena_Contrastive_Representation_Arch/sparse_contrast_benchmark_large_batch/outputs/previews/heldout_val/cifar10/color_opponency/b342413f7fab68dca9f51d5336d9fc188828ed434a596141a8b9ee2a55ef791e/train_p0.npz
cifar10,color_opponency,red_green_contrast,0,native,0.021612200140953053,0.02431372515857219,34,10240,0.0033203125,10,/ceph/sagnihot/projects/Lorena_Contrastive_Representation_Arch/sparse_contrast_benchmark_large_batch/outputs/previews/heldout_val/cifar10/color_opponency/b342413f7fab68dca9f51d5336d9fc188828ed434a596141a8b9ee2a55ef791e/train_p0.npz
cifar10,color_opponency,red_green_contrast,0,native,0.02431372515857219,0.02701525017619133,26,10240,0.0025390625,10,/ceph/sagnihot/projects/Lorena_Contrastive_Representation_Arch/sparse_contrast_benchmark_large_batch/outputs/previews/heldout_val/cifar10/color_opponency/b342413f7fab68dca9f51d5336d9fc188828ed434a596141a8b9ee2a55ef791e/train_p0.npz
cifar10,color_opponency,red_green_contrast,0,native,0.02701525017619133,0.02971677519381047,16,10240,0.0015625,10,/ceph/sagnihot/projects/Lorena_Contrastive_Representation_Arch/sparse_contrast_benchmark_large_batch/outputs/previews/heldout_val/cifar10/color_opponency/b342413f7fab68dca9f51d5336d9fc188828ed434a596141a8b9ee2a55ef791e/train_p0.npz
cifar10,color_opponency,red_green_contrast,0,native,0.02971677519381047,0.03241830021142958,14,10240,0.0013671875,10,/ceph/sagnihot/projects/Lorena_Contrastive_Representation_Arch/sparse_contrast_benchmark_large_batch/outputs/previews/heldout_val/cifar10/color_opponency/b342413f7fab68dca9f51d5336d9fc188828ed434a596141a8b9ee2a55ef791e/train_p0.npz
cifar10,color_opponency,red_green_contrast,0,native,0.03241830021142958,0.03511982522904872,18,10240,0.0017578125,10,/ceph/sagnihot/projects/Lorena_Contrastive_Representation_Arch/sparse_contrast_benchmark_large_batch/outputs/previews/heldout_val/cifar10/color_opponency/b342413f7fab68dca9f51d5336d9fc188828ed434a596141a8b9ee2a55ef791e/train_p0.npz
cifar10,color_opponency,red_green_contrast,0,native,0.03511982522904872,0.037821350246667856,5,10240,0.00048828125,10,/ceph/sagnihot/projects/Lorena_Contrastive_Representation_Arch/sparse_contrast_benchmark_large_batch/outputs/previews/heldout_val/cifar10/color_opponency/b342413f7fab68dca9f51d5336d9fc188828ed434a596141a8b9ee2a55ef791e/train_p0.npz
cifar10,color_opponency,red_green_contrast,0,native,0.037821350246667856,0.040522875264286995,5,10240,0.00048828125,10,/ceph/sagnihot/projects/Lorena_Contrastive_Representation_Arch/sparse_contrast_benchmark_large_batch/outputs/previews/heldout_val/cifar10/color_opponency/b342413f7fab68dca9f51d5336d9fc188828ed434a596141a8b9ee2a55ef791e/train_p0.npz
cifar10,color_opponency,red_green_contrast,0,native,0.040522875264286995,0.043224400281906133,5,10240,0.00048828125,10,/ceph/sagnihot/projects/Lorena_Contrastive_Representation_Arch/sparse_contrast_benchmark_large_batch/outputs/previews/heldout_val/cifar10/color_opponency/b342413f7fab68dca9f51d5336d9fc188828ed434a596141a8b9ee2a55ef791e/train_p0.npz
cifar10,color_opponency,red_green_contrast,0,native,0.043224400281906133,0.045925925299525244,0,10240,0.0,10,/ceph/sagnihot/projects/Lorena_Contrastive_Representation_Arch/sparse_contrast_benchmark_large_batch/outputs/previews/heldout_val/cifar10/color_opponency/b342413f7fab68dca9f51d5336d9fc188828ed434a596141a8b9ee2a55ef791e/train_p0.npz
cifar10,color_opponency,red_green_contrast,0,native,0.045925925299525244,0.04862745031714438,6,10240,0.0005859375,10,/ceph/sagnihot/projects/Lorena_Contrastive_Representation_Arch/sparse_contrast_benchmark_large_batch/outputs/previews/heldout_val/cifar10/color_opponency/b342413f7fab68dca9f51d5336d9fc188828ed434a596141a8b9ee2a55ef791e/train_p0.npz
cifar10,color_opponency,red_green_contrast,0,native,0.04862745031714438,0.05132897533476352,1,10240,9.765625e-05,10,/ceph/sagnihot/projects/Lorena_Contrastive_Representation_Arch/sparse_contrast_benchmark_large_batch/outputs/previews/heldout_val/cifar10/color_opponency/b342413f7fab68dca9f51d5336d9fc188828ed434a596141a8b9ee2a55ef791e/train_p0.npz
cifar10,color_opponency,red_green_contrast,0,native,0.05132897533476352,0.05403050035238266,1,10240,9.765625e-05,10,/ceph/sagnihot/projects/Lorena_Contrastive_Representation_Arch/sparse_contrast_benchmark_large_batch/outputs/previews/heldout_val/cifar10/color_opponency/b342413f7fab68dca9f51d5336d9fc188828ed434a596141a8b9ee2a55ef791e/train_p0.npz
cifar10,color_opponency,red_green_contrast,0,native,0.05403050035238266,0.0567320253700018,2,10240,0.0001953125,10,/ceph/sagnihot/projects/Lorena_Contrastive_Representation_Arch/sparse_contrast_benchmark_large_batch/outputs/previews/heldout_val/cifar10/color_opponency/b342413f7fab68dca9f51d5336d9fc188828ed434a596141a8b9ee2a55ef791e/train_p0.npz
cifar10,color_opponency,red_green_contrast,0,native,0.0567320253700018,0.05943355038762091,2,10240,0.0001953125,10,/ceph/sagnihot/projects/Lorena_Contrastive_Representation_Arch/sparse_contrast_benchmark_large_batch/outputs/previews/heldout_val/cifar10/color_opponency/b342413f7fab68dca9f51d5336d9fc188828ed434a596141a8b9ee2a55ef791e/train_p0.npz
cifar10,color_opponency,red_green_contrast,0,native,0.05943355038762091,0.06213507540524005,0,10240,0.0,10,/ceph/sagnihot/projects/Lorena_Contrastive_Representation_Arch/sparse_contrast_benchmark_large_batch/outputs/previews/heldout_val/cifar10/color_opponency/b342413f7fab68dca9f51d5336d9fc188828ed434a596141a8b9ee2a55ef791e/train_p0.npz
cifar10,color_opponency,red_green_contrast,0,native,0.06213507540524005,0.06483660042285919,1,10240,9.765625e-05,10,/ceph/sagnihot/projects/Lorena_Contrastive_Representation_Arch/sparse_contrast_benchmark_large_batch/outputs/previews/heldout_val/cifar10/color_opponency/b342413f7fab68dca9f51d5336d9fc188828ed434a596141a8b9ee2a55ef791e/train_p0.npz
cifar10,color_opponency,red_green_contrast,0,native,0.06483660042285919,0.06753812544047832,0,10240,0.0,10,/ceph/sagnihot/projects/Lorena_Contrastive_Representation_Arch/sparse_contrast_benchmark_large_batch/outputs/previews/heldout_val/cifar10/color_opponency/b342413f7fab68dca9f51d5336d9fc188828ed434a596141a8b9ee2a55ef791e/train_p0.npz
cifar10,color_opponency,red_green_contrast,0,native,0.06753812544047832,0.07023965045809746,0,10240,0.0,10,/ceph/sagnihot/projects/Lorena_Contrastive_Representation_Arch/sparse_contrast_benchmark_large_batch/outputs/previews/heldout_val/cifar10/color_opponency/b342413f7fab68dca9f51d5336d9fc188828ed434a596141a8b9ee2a55ef791e/train_p0.npz
cifar10,color_opponency,red_green_contrast,0,native,0.07023965045809746,0.07294117547571657,2,10240,0.0001953125,10,/ceph/sagnihot/projects/Lorena_Contrastive_Representation_Arch/sparse_contrast_benchmark_large_batch/outputs/previews/heldout_val/cifar10/color_opponency/b342413f7fab68dca9f51d5336d9fc188828ed434a596141a8b9ee2a55ef791e/train_p0.npz
cifar10,color_opponency,red_green_contrast,0,native,0.07294117547571657,0.07564270049333571,0,10240,0.0,10,/ceph/sagnihot/projects/Lorena_Contrastive_Representation_Arch/sparse_contrast_benchmark_large_batch/outputs/previews/heldout_val/cifar10/color_opponency/b342413f7fab68dca9f51d5336d9fc188828ed434a596141a8b9ee2a55ef791e/train_p0.npz
cifar10,color_opponency,red_green_contrast,0,native,0.07564270049333571,0.07834422551095485,0,10240,0.0,10,/ceph/sagnihot/projects/Lorena_Contrastive_Representation_Arch/sparse_contrast_benchmark_large_batch/outputs/previews/heldout_val/cifar10/color_opponency/b342413f7fab68dca9f51d5336d9fc188828ed434a596141a8b9ee2a55ef791e/train_p0.npz
cifar10,color_opponency,red_green_contrast,0,native,0.07834422551095485,0.08104575052857399,0,10240,0.0,10,/ceph/sagnihot/projects/Lorena_Contrastive_Representation_Arch/sparse_contrast_benchmark_large_batch/outputs/previews/heldout_val/cifar10/color_opponency/b342413f7fab68dca9f51d5336d9fc188828ed434a596141a8b9ee2a55ef791e/train_p0.npz
cifar10,color_opponency,red_green_contrast,0,native,0.08104575052857399,0.08374727554619313,0,10240,0.0,10,/ceph/sagnihot/projects/Lorena_Contrastive_Representation_Arch/sparse_contrast_benchmark_large_batch/outputs/previews/heldout_val/cifar10/color_opponency/b342413f7fab68dca9f51d5336d9fc188828ed434a596141a8b9ee2a55ef791e/train_p0.npz
cifar10,color_opponency,red_green_contrast,0,native,0.08374727554619313,0.08644880056381224,0,10240,0.0,10,/ceph/sagnihot/projects/Lorena_Contrastive_Representation_Arch/sparse_contrast_benchmark_large_batch/outputs/previews/heldout_val/cifar10/color_opponency/b342413f7fab68dca9f51d5336d9fc188828ed434a596141a8b9ee2a55ef791e/train_p0.npz
cifar10,color_opponency,red_green_contrast,0,native,0.08644880056381224,0.08915032558143138,0,10240,0.0,10,/ceph/sagnihot/projects/Lorena_Contrastive_Representation_Arch/sparse_contrast_benchmark_large_batch/outputs/previews/heldout_val/cifar10/color_opponency/b342413f7fab68dca9f51d5336d9fc188828ed434a596141a8b9ee2a55ef791e/train_p0.npz
cifar10,color_opponency,red_green_contrast,0,native,0.08915032558143138,0.09185185059905052,0,10240,0.0,10,/ceph/sagnihot/projects/Lorena_Contrastive_Representation_Arch/sparse_contrast_benchmark_large_batch/outputs/previews/heldout_val/cifar10/color_opponency/b342413f7fab68dca9f51d5336d9fc188828ed434a596141a8b9ee2a55ef791e/train_p0.npz
cifar10,color_opponency,red_green_contrast,0,native,0.09185185059905052,0.09455337561666965,0,10240,0.0,10,/ceph/sagnihot/projects/Lorena_Contrastive_Representation_Arch/sparse_contrast_benchmark_large_batch/outputs/previews/heldout_val/cifar10/color_opponency/b342413f7fab68dca9f51d5336d9fc188828ed434a596141a8b9ee2a55ef791e/train_p0.npz
cifar10,color_opponency,red_green_contrast,0,native,0.09455337561666965,0.0972549006342888,0,10240,0.0,10,/ceph/sagnihot/projects/Lorena_Contrastive_Representation_Arch/sparse_contrast_benchmark_large_batch/outputs/previews/heldout_val/cifar10/color_opponency/b342413f7fab68dca9f51d5336d9fc188828ed434a596141a8b9ee2a55ef791e/train_p0.npz
cifar10,color_opponency,red_green_contrast,0,native,0.0972549006342888,0.0999564256519079,0,10240,0.0,10,/ceph/sagnihot/projects/Lorena_Contrastive_Representation_Arch/sparse_contrast_benchmark_large_batch/outputs/previews/heldout_val/cifar10/color_opponency/b342413f7fab68dca9f51d5336d9fc188828ed434a596141a8b9ee2a55ef791e/train_p0.npz
cifar10,color_opponency,red_green_contrast,0,native,0.0999564256519079,0.10265795066952704,0,10240,0.0,10,/ceph/sagnihot/projects/Lorena_Contrastive_Representation_Arch/sparse_contrast_benchmark_large_batch/outputs/previews/heldout_val/cifar10/color_opponency/b342413f7fab68dca9f51d5336d9fc188828ed434a596141a8b9ee2a55ef791e/train_p0.npz
cifar10,color_opponency,red_green_contrast,0,native,0.10265795066952704,0.10535947568714618,0,10240,0.0,10,/ceph/sagnihot/projects/Lorena_Contrastive_Representation_Arch/sparse_contrast_benchmark_large_batch/outputs/previews/heldout_val/cifar10/color_opponency/b342413f7fab68dca9f51d5336d9fc188828ed434a596141a8b9ee2a55ef791e/train_p0.npz
cifar10,color_opponency,red_green_contrast,0,native,0.10535947568714618,0.10806100070476532,1,10240,9.765625e-05,10,/ceph/sagnihot/projects/Lorena_Contrastive_Representation_Arch/sparse_contrast_benchmark_large_batch/outputs/previews/heldout_val/cifar10/color_opponency/b342413f7fab68dca9f51d5336d9fc188828ed434a596141a8b9ee2a55ef791e/train_p0.npz
cifar10,color_opponency,red_green_contrast,0,normalized,-10.333375930786133,-10.07504153251648,0,10240,0.0,10,/ceph/sagnihot/projects/Lorena_Contrastive_Representation_Arch/sparse_contrast_benchmark_large_batch/outputs/previews/heldout_val/cifar10/color_opponency/b342413f7fab68dca9f51d5336d9fc188828ed434a596141a8b9ee2a55ef791e/train_p0.npz
cifar10,color_opponency,red_green_contrast,0,normalized,-10.07504153251648,-9.816707134246826,0,10240,0.0,10,/ceph/sagnihot/projects/Lorena_Contrastive_Representation_Arch/sparse_contrast_benchmark_large_batch/outputs/previews/heldout_val/cifar10/color_opponency/b342413f7fab68dca9f51d5336d9fc188828ed434a596141a8b9ee2a55ef791e/train_p0.npz
cifar10,color_opponency,red_green_contrast,0,normalized,-9.816707134246826,-9.558372735977173,0,10240,0.0,10,/ceph/sagnihot/projects/Lorena_Contrastive_Representation_Arch/sparse_contrast_benchmark_large_batch/outputs/previews/heldout_val/cifar10/color_opponency/b342413f7fab68dca9f51d5336d9fc188828ed434a596141a8b9ee2a55ef791e/train_p0.npz
cifar10,color_opponency,red_green_contrast,0,normalized,-9.558372735977173,-9.30003833770752,0,10240,0.0,10,/ceph/sagnihot/projects/Lorena_Contrastive_Representation_Arch/sparse_contrast_benchmark_large_batch/outputs/previews/heldout_val/cifar10/color_opponency/b342413f7fab68dca9f51d5336d9fc188828ed434a596141a8b9ee2a55ef791e/train_p0.npz
cifar10,color_opponency,red_green_contrast,0,normalized,-9.30003833770752,-9.041703939437866,0,10240,0.0,10,/ceph/sagnihot/projects/Lorena_Contrastive_Representation_Arch/sparse_contrast_benchmark_large_batch/outputs/previews/heldout_val/cifar10/color_opponency/b342413f7fab68dca9f51d5336d9fc188828ed434a596141a8b9ee2a55ef791e/train_p0.npz
cifar10,color_opponency,red_green_contrast,0,normalized,-9.041703939437866,-8.783369541168213,0,10240,0.0,10,/ceph/sagnihot/projects/Lorena_Contrastive_Representation_Arch/sparse_contrast_benchmark_large_batch/outputs/previews/heldout_val/cifar10/color_opponency/b342413f7fab68dca9f51d5336d9fc188828ed434a596141a8b9ee2a55ef791e/train_p0.npz
cifar10,color_opponency,red_green_contrast,0,normalized,-8.783369541168213,-8.52503514289856,0,10240,0.0,10,/ceph/sagnihot/projects/Lorena_Contrastive_Representation_Arch/sparse_contrast_benchmark_large_batch/outputs/previews/heldout_val/cifar10/color_opponency/b342413f7fab68dca9f51d5336d9fc188828ed434a596141a8b9ee2a55ef791e/train_p0.npz
cifar10,color_opponency,red_green_contrast,0,normalized,-8.52503514289856,-8.266700744628906,0,10240,0.0,10,/ceph/sagnihot/projects/Lorena_Contrastive_Representation_Arch/sparse_contrast_benchmark_large_batch/outputs/previews/heldout_val/cifar10/color_opponency/b342413f7fab68dca9f51d5336d9fc188828ed434a596141a8b9ee2a55ef791e/train_p0.npz
cifar10,color_opponency,red_green_contrast,0,normalized,-8.266700744628906,-8.008366346359253,0,10240,0.0,10,/ceph/sagnihot/projects/Lorena_Contrastive_Representation_Arch/sparse_contrast_benchmark_large_batch/outputs/previews/heldout_val/cifar10/color_opponency/b342413f7fab68dca9f51d5336d9fc188828ed434a596141a8b9ee2a55ef791e/train_p0.npz
cifar10,color_opponency,red_green_contrast,0,normalized,-8.008366346359253,-7.7500319480896,0,10240,0.0,10,/ceph/sagnihot/projects/Lorena_Contrastive_Representation_Arch/sparse_contrast_benchmark_large_batch/outputs/previews/heldout_val/cifar10/color_opponency/b342413f7fab68dca9f51d5336d9fc188828ed434a596141a8b9ee2a55ef791e/train_p0.npz
cifar10,color_opponency,red_green_contrast,0,normalized,-7.7500319480896,-7.491697549819946,0,10240,0.0,10,/ceph/sagnihot/projects/Lorena_Contrastive_Representation_Arch/sparse_contrast_benchmark_large_batch/outputs/previews/heldout_val/cifar10/color_opponency/b342413f7fab68dca9f51d5336d9fc188828ed434a596141a8b9ee2a55ef791e/train_p0.npz
cifar10,color_opponency,red_green_contrast,0,normalized,-7.491697549819946,-7.233363151550293,0,10240,0.0,10,/ceph/sagnihot/projects/Lorena_Contrastive_Representation_Arch/sparse_contrast_benchmark_large_batch/outputs/previews/heldout_val/cifar10/color_opponency/b342413f7fab68dca9f51d5336d9fc188828ed434a596141a8b9ee2a55ef791e/train_p0.npz
cifar10,color_opponency,red_green_contrast,0,normalized,-7.233363151550293,-6.97502875328064,0,10240,0.0,10,/ceph/sagnihot/projects/Lorena_Contrastive_Representation_Arch/sparse_contrast_benchmark_large_batch/outputs/previews/heldout_val/cifar10/color_opponency/b342413f7fab68dca9f51d5336d9fc188828ed434a596141a8b9ee2a55ef791e/train_p0.npz
cifar10,color_opponency,red_green_contrast,0,normalized,-6.97502875328064,-6.716694355010986,0,10240,0.0,10,/ceph/sagnihot/projects/Lorena_Contrastive_Representation_Arch/sparse_contrast_benchmark_large_batch/outputs/previews/heldout_val/cifar10/color_opponency/b342413f7fab68dca9f51d5336d9fc188828ed434a596141a8b9ee2a55ef791e/train_p0.npz
cifar10,color_opponency,red_green_contrast,0,normalized,-6.716694355010986,-6.458359956741333,0,10240,0.0,10,/ceph/sagnihot/projects/Lorena_Contrastive_Representation_Arch/sparse_contrast_benchmark_large_batch/outputs/previews/heldout_val/cifar10/color_opponency/b342413f7fab68dca9f51d5336d9fc188828ed434a596141a8b9ee2a55ef791e/train_p0.npz
cifar10,color_opponency,red_green_contrast,0,normalized,-6.458359956741333,-6.20002555847168,0,10240,0.0,10,/ceph/sagnihot/projects/Lorena_Contrastive_Representation_Arch/sparse_contrast_benchmark_large_batch/outputs/previews/heldout_val/cifar10/color_opponency/b342413f7fab68dca9f51d5336d9fc188828ed434a596141a8b9ee2a55ef791e/train_p0.npz
cifar10,color_opponency,red_green_contrast,0,normalized,-6.20002555847168,-5.941691160202026,0,10240,0.0,10,/ceph/sagnihot/projects/Lorena_Contrastive_Representation_Arch/sparse_contrast_benchmark_large_batch/outputs/previews/heldout_val/cifar10/color_opponency/b342413f7fab68dca9f51d5336d9fc188828ed434a596141a8b9ee2a55ef791e/train_p0.npz
cifar10,color_opponency,red_green_contrast,0,normalized,-5.941691160202026,-5.683356761932373,0,10240,0.0,10,/ceph/sagnihot/projects/Lorena_Contrastive_Representation_Arch/sparse_contrast_benchmark_large_batch/outputs/previews/heldout_val/cifar10/color_opponency/b342413f7fab68dca9f51d5336d9fc188828ed434a596141a8b9ee2a55ef791e/train_p0.npz
cifar10,color_opponency,red_green_contrast,0,normalized,-5.683356761932373,-5.42502236366272,0,10240,0.0,10,/ceph/sagnihot/projects/Lorena_Contrastive_Representation_Arch/sparse_contrast_benchmark_large_batch/outputs/previews/heldout_val/cifar10/color_opponency/b342413f7fab68dca9f51d5336d9fc188828ed434a596141a8b9ee2a55ef791e/train_p0.npz
cifar10,color_opponency,red_green_contrast,0,normalized,-5.42502236366272,-5.166687965393066,1,10240,9.765625e-05,10,/ceph/sagnihot/projects/Lorena_Contrastive_Representation_Arch/sparse_contrast_benchmark_large_batch/outputs/previews/heldout_val/cifar10/color_opponency/b342413f7fab68dca9f51d5336d9fc188828ed434a596141a8b9ee2a55ef791e/train_p0.npz
cifar10,color_opponency,red_green_contrast,0,normalized,-5.166687965393066,-4.908353567123413,1,10240,9.765625e-05,10,/ceph/sagnihot/projects/Lorena_Contrastive_Representation_Arch/sparse_contrast_benchmark_large_batch/outputs/previews/heldout_val/cifar10/color_opponency/b342413f7fab68dca9f51d5336d9fc188828ed434a596141a8b9ee2a55ef791e/train_p0.npz
cifar10,color_opponency,red_green_contrast,0,normalized,-4.908353567123413,-4.65001916885376,0,10240,0.0,10,/ceph/sagnihot/projects/Lorena_Contrastive_Representation_Arch/sparse_contrast_benchmark_large_batch/outputs/previews/heldout_val/cifar10/color_opponency/b342413f7fab68dca9f51d5336d9fc188828ed434a596141a8b9ee2a55ef791e/train_p0.npz
cifar10,color_opponency,red_green_contrast,0,normalized,-4.65001916885376,-4.3916847705841064,3,10240,0.00029296875,10,/ceph/sagnihot/projects/Lorena_Contrastive_Representation_Arch/sparse_contrast_benchmark_large_batch/outputs/previews/heldout_val/cifar10/color_opponency/b342413f7fab68dca9f51d5336d9fc188828ed434a596141a8b9ee2a55ef791e/train_p0.npz
cifar10,color_opponency,red_green_contrast,0,normalized,-4.3916847705841064,-4.133350372314453,3,10240,0.00029296875,10,/ceph/sagnihot/projects/Lorena_Contrastive_Representation_Arch/sparse_contrast_benchmark_large_batch/outputs/previews/heldout_val/cifar10/color_opponency/b342413f7fab68dca9f51d5336d9fc188828ed434a596141a8b9ee2a55ef791e/train_p0.npz
cifar10,color_opponency,red_green_contrast,0,normalized,-4.133350372314453,-3.8750159740448,4,10240,0.000390625,10,/ceph/sagnihot/projects/Lorena_Contrastive_Representation_Arch/sparse_contrast_benchmark_large_batch/outputs/previews/heldout_val/cifar10/color_opponency/b342413f7fab68dca9f51d5336d9fc188828ed434a596141a8b9ee2a55ef791e/train_p0.npz
cifar10,color_opponency,red_green_contrast,0,normalized,-3.8750159740448,-3.6166815757751465,6,10240,0.0005859375,10,/ceph/sagnihot/projects/Lorena_Contrastive_Representation_Arch/sparse_contrast_benchmark_large_batch/outputs/previews/heldout_val/cifar10/color_opponency/b342413f7fab68dca9f51d5336d9fc188828ed434a596141a8b9ee2a55ef791e/train_p0.npz
cifar10,color_opponency,red_green_contrast,0,normalized,-3.6166815757751465,-3.358347177505493,9,10240,0.00087890625,10,/ceph/sagnihot/projects/Lorena_Contrastive_Representation_Arch/sparse_contrast_benchmark_large_batch/outputs/previews/heldout_val/cifar10/color_opponency/b342413f7fab68dca9f51d5336d9fc188828ed434a596141a8b9ee2a55ef791e/train_p0.npz
cifar10,color_opponency,red_green_contrast,0,normalized,-3.358347177505493,-3.10001277923584,7,10240,0.00068359375,10,/ceph/sagnihot/projects/Lorena_Contrastive_Representation_Arch/sparse_contrast_benchmark_large_batch/outputs/previews/heldout_val/cifar10/color_opponency/b342413f7fab68dca9f51d5336d9fc188828ed434a596141a8b9ee2a55ef791e/train_p0.npz
cifar10,color_opponency,red_green_contrast,0,normalized,-3.10001277923584,-2.8416783809661865,22,10240,0.0021484375,10,/ceph/sagnihot/projects/Lorena_Contrastive_Representation_Arch/sparse_contrast_benchmark_large_batch/outputs/previews/heldout_val/cifar10/color_opponency/b342413f7fab68dca9f51d5336d9fc188828ed434a596141a8b9ee2a55ef791e/train_p0.npz
cifar10,color_opponency,red_green_contrast,0,normalized,-2.8416783809661865,-2.583343982696533,93,10240,0.00908203125,10,/ceph/sagnihot/projects/Lorena_Contrastive_Representation_Arch/sparse_contrast_benchmark_large_batch/outputs/previews/heldout_val/cifar10/color_opponency/b342413f7fab68dca9f51d5336d9fc188828ed434a596141a8b9ee2a55ef791e/train_p0.npz
cifar10,color_opponency,red_green_contrast,0,normalized,-2.583343982696533,-2.32500958442688,41,10240,0.00400390625,10,/ceph/sagnihot/projects/Lorena_Contrastive_Representation_Arch/sparse_contrast_benchmark_large_batch/outputs/previews/heldout_val/cifar10/color_opponency/b342413f7fab68dca9f51d5336d9fc188828ed434a596141a8b9ee2a55ef791e/train_p0.npz
cifar10,color_opponency,red_green_contrast,0,normalized,-2.32500958442688,-2.0666751861572266,15,10240,0.00146484375,10,/ceph/sagnihot/projects/Lorena_Contrastive_Representation_Arch/sparse_contrast_benchmark_large_batch/outputs/previews/heldout_val/cifar10/color_opponency/b342413f7fab68dca9f51d5336d9fc188828ed434a596141a8b9ee2a55ef791e/train_p0.npz
cifar10,color_opponency,red_green_contrast,0,normalized,-2.0666751861572266,-1.8083407878875732,34,10240,0.0033203125,10,/ceph/sagnihot/projects/Lorena_Contrastive_Representation_Arch/sparse_contrast_benchmark_large_batch/outputs/previews/heldout_val/cifar10/color_opponency/b342413f7fab68dca9f51d5336d9fc188828ed434a596141a8b9ee2a55ef791e/train_p0.npz
cifar10,color_opponency,red_green_contrast,0,normalized,-1.8083407878875732,-1.55000638961792,65,10240,0.00634765625,10,/ceph/sagnihot/projects/Lorena_Contrastive_Representation_Arch/sparse_contrast_benchmark_large_batch/outputs/previews/heldout_val/cifar10/color_opponency/b342413f7fab68dca9f51d5336d9fc188828ed434a596141a8b9ee2a55ef791e/train_p0.npz
cifar10,color_opponency,red_green_contrast,0,normalized,-1.55000638961792,-1.2916719913482666,114,10240,0.0111328125,10,/ceph/sagnihot/projects/Lorena_Contrastive_Representation_Arch/sparse_contrast_benchmark_large_batch/outputs/previews/heldout_val/cifar10/color_opponency/b342413f7fab68dca9f51d5336d9fc188828ed434a596141a8b9ee2a55ef791e/train_p0.npz
cifar10,color_opponency,red_green_contrast,0,normalized,-1.2916719913482666,-1.0333375930786133,136,10240,0.01328125,10,/ceph/sagnihot/projects/Lorena_Contrastive_Representation_Arch/sparse_contrast_benchmark_large_batch/outputs/previews/heldout_val/cifar10/color_opponency/b342413f7fab68dca9f51d5336d9fc188828ed434a596141a8b9ee2a55ef791e/train_p0.npz
cifar10,color_opponency,red_green_contrast,0,normalized,-1.0333375930786133,-0.77500319480896,245,10240,0.02392578125,10,/ceph/sagnihot/projects/Lorena_Contrastive_Representation_Arch/sparse_contrast_benchmark_large_batch/outputs/previews/heldout_val/cifar10/color_opponency/b342413f7fab68dca9f51d5336d9fc188828ed434a596141a8b9ee2a55ef791e/train_p0.npz
cifar10,color_opponency,red_green_contrast,0,normalized,-0.77500319480896,-0.5166687965393066,394,10240,0.0384765625,10,/ceph/sagnihot/projects/Lorena_Contrastive_Representation_Arch/sparse_contrast_benchmark_large_batch/outputs/previews/heldout_val/cifar10/color_opponency/b342413f7fab68dca9f51d5336d9fc188828ed434a596141a8b9ee2a55ef791e/train_p0.npz
cifar10,color_opponency,red_green_contrast,0,normalized,-0.5166687965393066,-0.2583343982696533,885,10240,0.08642578125,10,/ceph/sagnihot/projects/Lorena_Contrastive_Representation_Arch/sparse_contrast_benchmark_large_batch/outputs/previews/heldout_val/cifar10/color_opponency/b342413f7fab68dca9f51d5336d9fc188828ed434a596141a8b9ee2a55ef791e/train_p0.npz
cifar10,color_opponency,red_green_contrast,0,normalized,-0.2583343982696533,0.0,2488,10240,0.24296875,10,/ceph/sagnihot/projects/Lorena_Contrastive_Representation_Arch/sparse_contrast_benchmark_large_batch/outputs/previews/heldout_val/cifar10/color_opponency/b342413f7fab68dca9f51d5336d9fc188828ed434a596141a8b9ee2a55ef791e/train_p0.npz
cifar10,color_opponency,red_green_contrast,0,normalized,0.0,0.2583343982696533,3524,10240,0.344140625,10,/ceph/sagnihot/projects/Lorena_Contrastive_Representation_Arch/sparse_contrast_benchmark_large_batch/outputs/previews/heldout_val/cifar10/color_opponency/b342413f7fab68dca9f51d5336d9fc188828ed434a596141a8b9ee2a55ef791e/train_p0.npz
cifar10,color_opponency,red_green_contrast,0,normalized,0.2583343982696533,0.5166687965393066,882,10240,0.0861328125,10,/ceph/sagnihot/projects/Lorena_Contrastive_Representation_Arch/sparse_contrast_benchmark_large_batch/outputs/previews/heldout_val/cifar10/color_opponency/b342413f7fab68dca9f51d5336d9fc188828ed434a596141a8b9ee2a55ef791e/train_p0.npz
cifar10,color_opponency,red_green_contrast,0,normalized,0.5166687965393066,0.77500319480896,415,10240,0.04052734375,10,/ceph/sagnihot/projects/Lorena_Contrastive_Representation_Arch/sparse_contrast_benchmark_large_batch/outputs/previews/heldout_val/cifar10/color_opponency/b342413f7fab68dca9f51d5336d9fc188828ed434a596141a8b9ee2a55ef791e/train_p0.npz
cifar10,color_opponency,red_green_contrast,0,normalized,0.77500319480896,1.0333375930786133,268,10240,0.026171875,10,/ceph/sagnihot/projects/Lorena_Contrastive_Representation_Arch/sparse_contrast_benchmark_large_batch/outputs/previews/heldout_val/cifar10/color_opponency/b342413f7fab68dca9f51d5336d9fc188828ed434a596141a8b9ee2a55ef791e/train_p0.npz
cifar10,color_opponency,red_green_contrast,0,normalized,1.0333375930786133,1.2916719913482666,175,10240,0.01708984375,10,/ceph/sagnihot/projects/Lorena_Contrastive_Representation_Arch/sparse_contrast_benchmark_large_batch/outputs/previews/heldout_val/cifar10/color_opponency/b342413f7fab68dca9f51d5336d9fc188828ed434a596141a8b9ee2a55ef791e/train_p0.npz
cifar10,color_opponency,red_green_contrast,0,normalized,1.2916719913482666,1.55000638961792,135,10240,0.01318359375,10,/ceph/sagnihot/projects/Lorena_Contrastive_Representation_Arch/sparse_contrast_benchmark_large_batch/outputs/previews/heldout_val/cifar10/color_opponency/b342413f7fab68dca9f51d5336d9fc188828ed434a596141a8b9ee2a55ef791e/train_p0.npz
cifar10,color_opponency,red_green_contrast,0,normalized,1.55000638961792,1.8083407878875732,76,10240,0.007421875,10,/ceph/sagnihot/projects/Lorena_Contrastive_Representation_Arch/sparse_contrast_benchmark_large_batch/outputs/previews/heldout_val/cifar10/color_opponency/b342413f7fab68dca9f51d5336d9fc188828ed434a596141a8b9ee2a55ef791e/train_p0.npz
cifar10,color_opponency,red_green_contrast,0,normalized,1.8083407878875732,2.0666751861572266,57,10240,0.00556640625,10,/ceph/sagnihot/projects/Lorena_Contrastive_Representation_Arch/sparse_contrast_benchmark_large_batch/outputs/previews/heldout_val/cifar10/color_opponency/b342413f7fab68dca9f51d5336d9fc188828ed434a596141a8b9ee2a55ef791e/train_p0.npz
cifar10,color_opponency,red_green_contrast,0,normalized,2.0666751861572266,2.32500958442688,37,10240,0.00361328125,10,/ceph/sagnihot/projects/Lorena_Contrastive_Representation_Arch/sparse_contrast_benchmark_large_batch/outputs/previews/heldout_val/cifar10/color_opponency/b342413f7fab68dca9f51d5336d9fc188828ed434a596141a8b9ee2a55ef791e/train_p0.npz
cifar10,color_opponency,red_green_contrast,0,normalized,2.32500958442688,2.583343982696533,26,10240,0.0025390625,10,/ceph/sagnihot/projects/Lorena_Contrastive_Representation_Arch/sparse_contrast_benchmark_large_batch/outputs/previews/heldout_val/cifar10/color_opponency/b342413f7fab68dca9f51d5336d9fc188828ed434a596141a8b9ee2a55ef791e/train_p0.npz
cifar10,color_opponency,red_green_contrast,0,normalized,2.583343982696533,2.8416783809661865,16,10240,0.0015625,10,/ceph/sagnihot/projects/Lorena_Contrastive_Representation_Arch/sparse_contrast_benchmark_large_batch/outputs/previews/heldout_val/cifar10/color_opponency/b342413f7fab68dca9f51d5336d9fc188828ed434a596141a8b9ee2a55ef791e/train_p0.npz
cifar10,color_opponency,red_green_contrast,0,normalized,2.8416783809661865,3.10001277923584,14,10240,0.0013671875,10,/ceph/sagnihot/projects/Lorena_Contrastive_Representation_Arch/sparse_contrast_benchmark_large_batch/outputs/previews/heldout_val/cifar10/color_opponency/b342413f7fab68dca9f51d5336d9fc188828ed434a596141a8b9ee2a55ef791e/train_p0.npz
cifar10,color_opponency,red_green_contrast,0,normalized,3.10001277923584,3.358347177505493,18,10240,0.0017578125,10,/ceph/sagnihot/projects/Lorena_Contrastive_Representation_Arch/sparse_contrast_benchmark_large_batch/outputs/previews/heldout_val/cifar10/color_opponency/b342413f7fab68dca9f51d5336d9fc188828ed434a596141a8b9ee2a55ef791e/train_p0.npz
cifar10,color_opponency,red_green_contrast,0,normalized,3.358347177505493,3.6166815757751465,5,10240,0.00048828125,10,/ceph/sagnihot/projects/Lorena_Contrastive_Representation_Arch/sparse_contrast_benchmark_large_batch/outputs/previews/heldout_val/cifar10/color_opponency/b342413f7fab68dca9f51d5336d9fc188828ed434a596141a8b9ee2a55ef791e/train_p0.npz
cifar10,color_opponency,red_green_contrast,0,normalized,3.6166815757751465,3.8750159740448,5,10240,0.00048828125,10,/ceph/sagnihot/projects/Lorena_Contrastive_Representation_Arch/sparse_contrast_benchmark_large_batch/outputs/previews/heldout_val/cifar10/color_opponency/b342413f7fab68dca9f51d5336d9fc188828ed434a596141a8b9ee2a55ef791e/train_p0.npz
cifar10,color_opponency,red_green_contrast,0,normalized,3.8750159740448,4.133350372314453,5,10240,0.00048828125,10,/ceph/sagnihot/projects/Lorena_Contrastive_Representation_Arch/sparse_contrast_benchmark_large_batch/outputs/previews/heldout_val/cifar10/color_opponency/b342413f7fab68dca9f51d5336d9fc188828ed434a596141a8b9ee2a55ef791e/train_p0.npz
cifar10,color_opponency,red_green_contrast,0,normalized,4.133350372314453,4.3916847705841064,0,10240,0.0,10,/ceph/sagnihot/projects/Lorena_Contrastive_Representation_Arch/sparse_contrast_benchmark_large_batch/outputs/previews/heldout_val/cifar10/color_opponency/b342413f7fab68dca9f51d5336d9fc188828ed434a596141a8b9ee2a55ef791e/train_p0.npz
cifar10,color_opponency,red_green_contrast,0,normalized,4.3916847705841064,4.65001916885376,6,10240,0.0005859375,10,/ceph/sagnihot/projects/Lorena_Contrastive_Representation_Arch/sparse_contrast_benchmark_large_batch/outputs/previews/heldout_val/cifar10/color_opponency/b342413f7fab68dca9f51d5336d9fc188828ed434a596141a8b9ee2a55ef791e/train_p0.npz
cifar10,color_opponency,red_green_contrast,0,normalized,4.65001916885376,4.908353567123413,1,10240,9.765625e-05,10,/ceph/sagnihot/projects/Lorena_Contrastive_Representation_Arch/sparse_contrast_benchmark_large_batch/outputs/previews/heldout_val/cifar10/color_opponency/b342413f7fab68dca9f51d5336d9fc188828ed434a596141a8b9ee2a55ef791e/train_p0.npz
cifar10,color_opponency,red_green_contrast,0,normalized,4.908353567123413,5.166687965393066,1,10240,9.765625e-05,10,/ceph/sagnihot/projects/Lorena_Contrastive_Representation_Arch/sparse_contrast_benchmark_large_batch/outputs/previews/heldout_val/cifar10/color_opponency/b342413f7fab68dca9f51d5336d9fc188828ed434a596141a8b9ee2a55ef791e/train_p0.npz
cifar10,color_opponency,red_green_contrast,0,normalized,5.166687965393066,5.42502236366272,2,10240,0.0001953125,10,/ceph/sagnihot/projects/Lorena_Contrastive_Representation_Arch/sparse_contrast_benchmark_large_batch/outputs/previews/heldout_val/cifar10/color_opponency/b342413f7fab68dca9f51d5336d9fc188828ed434a596141a8b9ee2a55ef791e/train_p0.npz
cifar10,color_opponency,red_green_contrast,0,normalized,5.42502236366272,5.683356761932373,2,10240,0.0001953125,10,/ceph/sagnihot/projects/Lorena_Contrastive_Representation_Arch/sparse_contrast_benchmark_large_batch/outputs/previews/heldout_val/cifar10/color_opponency/b342413f7fab68dca9f51d5336d9fc188828ed434a596141a8b9ee2a55ef791e/train_p0.npz
cifar10,color_opponency,red_green_contrast,0,normalized,5.683356761932373,5.941691160202026,0,10240,0.0,10,/ceph/sagnihot/projects/Lorena_Contrastive_Representation_Arch/sparse_contrast_benchmark_large_batch/outputs/previews/heldout_val/cifar10/color_opponency/b342413f7fab68dca9f51d5336d9fc188828ed434a596141a8b9ee2a55ef791e/train_p0.npz
cifar10,color_opponency,red_green_contrast,0,normalized,5.941691160202026,6.20002555847168,1,10240,9.765625e-05,10,/ceph/sagnihot/projects/Lorena_Contrastive_Representation_Arch/sparse_contrast_benchmark_large_batch/outputs/previews/heldout_val/cifar10/color_opponency/b342413f7fab68dca9f51d5336d9fc188828ed434a596141a8b9ee2a55ef791e/train_p0.npz
cifar10,color_opponency,red_green_contrast,0,normalized,6.20002555847168,6.458359956741333,0,10240,0.0,10,/ceph/sagnihot/projects/Lorena_Contrastive_Representation_Arch/sparse_contrast_benchmark_large_batch/outputs/previews/heldout_val/cifar10/color_opponency/b342413f7fab68dca9f51d5336d9fc188828ed434a596141a8b9ee2a55ef791e/train_p0.npz
cifar10,color_opponency,red_green_contrast,0,normalized,6.458359956741333,6.716694355010986,0,10240,0.0,10,/ceph/sagnihot/projects/Lorena_Contrastive_Representation_Arch/sparse_contrast_benchmark_large_batch/outputs/previews/heldout_val/cifar10/color_opponency/b342413f7fab68dca9f51d5336d9fc188828ed434a596141a8b9ee2a55ef791e/train_p0.npz
cifar10,color_opponency,red_green_contrast,0,normalized,6.716694355010986,6.97502875328064,2,10240,0.0001953125,10,/ceph/sagnihot/projects/Lorena_Contrastive_Representation_Arch/sparse_contrast_benchmark_large_batch/outputs/previews/heldout_val/cifar10/color_opponency/b342413f7fab68dca9f51d5336d9fc188828ed434a596141a8b9ee2a55ef791e/train_p0.npz
cifar10,color_opponency,red_green_contrast,0,normalized,6.97502875328064,7.233363151550293,0,10240,0.0,10,/ceph/sagnihot/projects/Lorena_Contrastive_Representation_Arch/sparse_contrast_benchmark_large_batch/outputs/previews/heldout_val/cifar10/color_opponency/b342413f7fab68dca9f51d5336d9fc188828ed434a596141a8b9ee2a55ef791e/train_p0.npz
cifar10,color_opponency,red_green_contrast,0,normalized,7.233363151550293,7.491697549819946,0,10240,0.0,10,/ceph/sagnihot/projects/Lorena_Contrastive_Representation_Arch/sparse_contrast_benchmark_large_batch/outputs/previews/heldout_val/cifar10/color_opponency/b342413f7fab68dca9f51d5336d9fc188828ed434a596141a8b9ee2a55ef791e/train_p0.npz
cifar10,color_opponency,red_green_contrast,0,normalized,7.491697549819946,7.7500319480896,0,10240,0.0,10,/ceph/sagnihot/projects/Lorena_Contrastive_Representation_Arch/sparse_contrast_benchmark_large_batch/outputs/previews/heldout_val/cifar10/color_opponency/b342413f7fab68dca9f51d5336d9fc188828ed434a596141a8b9ee2a55ef791e/train_p0.npz
cifar10,color_opponency,red_green_contrast,0,normalized,7.7500319480896,8.008366346359253,0,10240,0.0,10,/ceph/sagnihot/projects/Lorena_Contrastive_Representation_Arch/sparse_contrast_benchmark_large_batch/outputs/previews/heldout_val/cifar10/color_opponency/b342413f7fab68dca9f51d5336d9fc188828ed434a596141a8b9ee2a55ef791e/train_p0.npz
cifar10,color_opponency,red_green_contrast,0,normalized,8.008366346359253,8.266700744628906,0,10240,0.0,10,/ceph/sagnihot/projects/Lorena_Contrastive_Representation_Arch/sparse_contrast_benchmark_large_batch/outputs/previews/heldout_val/cifar10/color_opponency/b342413f7fab68dca9f51d5336d9fc188828ed434a596141a8b9ee2a55ef791e/train_p0.npz
cifar10,color_opponency,red_green_contrast,0,normalized,8.266700744628906,8.52503514289856,0,10240,0.0,10,/ceph/sagnihot/projects/Lorena_Contrastive_Representation_Arch/sparse_contrast_benchmark_large_batch/outputs/previews/heldout_val/cifar10/color_opponency/b342413f7fab68dca9f51d5336d9fc188828ed434a596141a8b9ee2a55ef791e/train_p0.npz
cifar10,color_opponency,red_green_contrast,0,normalized,8.52503514289856,8.783369541168213,0,10240,0.0,10,/ceph/sagnihot/projects/Lorena_Contrastive_Representation_Arch/sparse_contrast_benchmark_large_batch/outputs/previews/heldout_val/cifar10/color_opponency/b342413f7fab68dca9f51d5336d9fc188828ed434a596141a8b9ee2a55ef791e/train_p0.npz
cifar10,color_opponency,red_green_contrast,0,normalized,8.783369541168213,9.041703939437866,0,10240,0.0,10,/ceph/sagnihot/projects/Lorena_Contrastive_Representation_Arch/sparse_contrast_benchmark_large_batch/outputs/previews/heldout_val/cifar10/color_opponency/b342413f7fab68dca9f51d5336d9fc188828ed434a596141a8b9ee2a55ef791e/train_p0.npz
cifar10,color_opponency,red_green_contrast,0,normalized,9.041703939437866,9.30003833770752,0,10240,0.0,10,/ceph/sagnihot/projects/Lorena_Contrastive_Representation_Arch/sparse_contrast_benchmark_large_batch/outputs/previews/heldout_val/cifar10/color_opponency/b342413f7fab68dca9f51d5336d9fc188828ed434a596141a8b9ee2a55ef791e/train_p0.npz
cifar10,color_opponency,red_green_contrast,0,normalized,9.30003833770752,9.558372735977173,0,10240,0.0,10,/ceph/sagnihot/projects/Lorena_Contrastive_Representation_Arch/sparse_contrast_benchmark_large_batch/outputs/previews/heldout_val/cifar10/color_opponency/b342413f7fab68dca9f51d5336d9fc188828ed434a596141a8b9ee2a55ef791e/train_p0.npz
cifar10,color_opponency,red_green_contrast,0,normalized,9.558372735977173,9.816707134246826,0,10240,0.0,10,/ceph/sagnihot/projects/Lorena_Contrastive_Representation_Arch/sparse_contrast_benchmark_large_batch/outputs/previews/heldout_val/cifar10/color_opponency/b342413f7fab68dca9f51d5336d9fc188828ed434a596141a8b9ee2a55ef791e/train_p0.npz
cifar10,color_opponency,red_green_contrast,0,normalized,9.816707134246826,10.07504153251648,0,10240,0.0,10,/ceph/sagnihot/projects/Lorena_Contrastive_Representation_Arch/sparse_contrast_benchmark_large_batch/outputs/previews/heldout_val/cifar10/color_opponency/b342413f7fab68dca9f51d5336d9fc188828ed434a596141a8b9ee2a55ef791e/train_p0.npz
cifar10,color_opponency,red_green_contrast,0,normalized,10.07504153251648,10.333375930786133,1,10240,9.765625e-05,10,/ceph/sagnihot/projects/Lorena_Contrastive_Representation_Arch/sparse_contrast_benchmark_large_batch/outputs/previews/heldout_val/cifar10/color_opponency/b342413f7fab68dca9f51d5336d9fc188828ed434a596141a8b9ee2a55ef791e/train_p0.npz
cifar10,color_opponency,red_green_contrast,60,native,-0.10806100070476532,-0.10535947568714618,0,10240,0.0,10,/ceph/sagnihot/projects/Lorena_Contrastive_Representation_Arch/sparse_contrast_benchmark_large_batch/outputs/previews/heldout_val/cifar10/color_opponency/b342413f7fab68dca9f51d5336d9fc188828ed434a596141a8b9ee2a55ef791e/train_p60.npz
cifar10,color_opponency,red_green_contrast,60,native,-0.10535947568714618,-0.10265795066952706,0,10240,0.0,10,/ceph/sagnihot/projects/Lorena_Contrastive_Representation_Arch/sparse_contrast_benchmark_large_batch/outputs/previews/heldout_val/cifar10/color_opponency/b342413f7fab68dca9f51d5336d9fc188828ed434a596141a8b9ee2a55ef791e/train_p60.npz
cifar10,color_opponency,red_green_contrast,60,native,-0.10265795066952706,-0.09995642565190792,0,10240,0.0,10,/ceph/sagnihot/projects/Lorena_Contrastive_Representation_Arch/sparse_contrast_benchmark_large_batch/outputs/previews/heldout_val/cifar10/color_opponency/b342413f7fab68dca9f51d5336d9fc188828ed434a596141a8b9ee2a55ef791e/train_p60.npz
cifar10,color_opponency,red_green_contrast,60,native,-0.09995642565190792,-0.0972549006342888,0,10240,0.0,10,/ceph/sagnihot/projects/Lorena_Contrastive_Representation_Arch/sparse_contrast_benchmark_large_batch/outputs/previews/heldout_val/cifar10/color_opponency/b342413f7fab68dca9f51d5336d9fc188828ed434a596141a8b9ee2a55ef791e/train_p60.npz
cifar10,color_opponency,red_green_contrast,60,native,-0.0972549006342888,-0.09455337561666965,0,10240,0.0,10,/ceph/sagnihot/projects/Lorena_Contrastive_Representation_Arch/sparse_contrast_benchmark_large_batch/outputs/previews/heldout_val/cifar10/color_opponency/b342413f7fab68dca9f51d5336d9fc188828ed434a596141a8b9ee2a55ef791e/train_p60.npz
cifar10,color_opponency,red_green_contrast,60,native,-0.09455337561666965,-0.09185185059905052,0,10240,0.0,10,/ceph/sagnihot/projects/Lorena_Contrastive_Representation_Arch/sparse_contrast_benchmark_large_batch/outputs/previews/heldout_val/cifar10/color_opponency/b342413f7fab68dca9f51d5336d9fc188828ed434a596141a8b9ee2a55ef791e/train_p60.npz
cifar10,color_opponency,red_green_contrast,60,native,-0.09185185059905052,-0.08915032558143139,0,10240,0.0,10,/ceph/sagnihot/projects/Lorena_Contrastive_Representation_Arch/sparse_contrast_benchmark_large_batch/outputs/previews/heldout_val/cifar10/color_opponency/b342413f7fab68dca9f51d5336d9fc188828ed434a596141a8b9ee2a55ef791e/train_p60.npz
cifar10,color_opponency,red_green_contrast,60,native,-0.08915032558143139,-0.08644880056381225,0,10240,0.0,10,/ceph/sagnihot/projects/Lorena_Contrastive_Representation_Arch/sparse_contrast_benchmark_large_batch/outputs/previews/heldout_val/cifar10/color_opponency/b342413f7fab68dca9f51d5336d9fc188828ed434a596141a8b9ee2a55ef791e/train_p60.npz
cifar10,color_opponency,red_green_contrast,60,native,-0.08644880056381225,-0.08374727554619313,0,10240,0.0,10,/ceph/sagnihot/projects/Lorena_Contrastive_Representation_Arch/sparse_contrast_benchmark_large_batch/outputs/previews/heldout_val/cifar10/color_opponency/b342413f7fab68dca9f51d5336d9fc188828ed434a596141a8b9ee2a55ef791e/train_p60.npz
cifar10,color_opponency,red_green_contrast,60,native,-0.08374727554619313,-0.08104575052857399,0,10240,0.0,10,/ceph/sagnihot/projects/Lorena_Contrastive_Representation_Arch/sparse_contrast_benchmark_large_batch/outputs/previews/heldout_val/cifar10/color_opponency/b342413f7fab68dca9f51d5336d9fc188828ed434a596141a8b9ee2a55ef791e/train_p60.npz
cifar10,color_opponency,red_green_contrast,60,native,-0.08104575052857399,-0.07834422551095485,0,10240,0.0,10,/ceph/sagnihot/projects/Lorena_Contrastive_Representation_Arch/sparse_contrast_benchmark_large_batch/outputs/previews/heldout_val/cifar10/color_opponency/b342413f7fab68dca9f51d5336d9fc188828ed434a596141a8b9ee2a55ef791e/train_p60.npz
cifar10,color_opponency,red_green_contrast,60,native,-0.07834422551095485,-0.07564270049333573,0,10240,0.0,10,/ceph/sagnihot/projects/Lorena_Contrastive_Representation_Arch/sparse_contrast_benchmark_large_batch/outputs/previews/heldout_val/cifar10/color_opponency/b342413f7fab68dca9f51d5336d9fc188828ed434a596141a8b9ee2a55ef791e/train_p60.npz
cifar10,color_opponency,red_green_contrast,60,native,-0.07564270049333573,-0.0729411754757166,0,10240,0.0,10,/ceph/sagnihot/projects/Lorena_Contrastive_Representation_Arch/sparse_contrast_benchmark_large_batch/outputs/previews/heldout_val/cifar10/color_opponency/b342413f7fab68dca9f51d5336d9fc188828ed434a596141a8b9ee2a55ef791e/train_p60.npz
cifar10,color_opponency,red_green_contrast,60,native,-0.0729411754757166,-0.07023965045809746,0,10240,0.0,10,/ceph/sagnihot/projects/Lorena_Contrastive_Representation_Arch/sparse_contrast_benchmark_large_batch/outputs/previews/heldout_val/cifar10/color_opponency/b342413f7fab68dca9f51d5336d9fc188828ed434a596141a8b9ee2a55ef791e/train_p60.npz
cifar10,color_opponency,red_green_contrast,60,native,-0.07023965045809746,-0.06753812544047832,0,10240,0.0,10,/ceph/sagnihot/projects/Lorena_Contrastive_Representation_Arch/sparse_contrast_benchmark_large_batch/outputs/previews/heldout_val/cifar10/color_opponency/b342413f7fab68dca9f51d5336d9fc188828ed434a596141a8b9ee2a55ef791e/train_p60.npz
cifar10,color_opponency,red_green_contrast,60,native,-0.06753812544047832,-0.06483660042285919,0,10240,0.0,10,/ceph/sagnihot/projects/Lorena_Contrastive_Representation_Arch/sparse_contrast_benchmark_large_batch/outputs/previews/heldout_val/cifar10/color_opponency/b342413f7fab68dca9f51d5336d9fc188828ed434a596141a8b9ee2a55ef791e/train_p60.npz
cifar10,color_opponency,red_green_contrast,60,native,-0.06483660042285919,-0.06213507540524006,0,10240,0.0,10,/ceph/sagnihot/projects/Lorena_Contrastive_Representation_Arch/sparse_contrast_benchmark_large_batch/outputs/previews/heldout_val/cifar10/color_opponency/b342413f7fab68dca9f51d5336d9fc188828ed434a596141a8b9ee2a55ef791e/train_p60.npz
cifar10,color_opponency,red_green_contrast,60,native,-0.06213507540524006,-0.05943355038762093,0,10240,0.0,10,/ceph/sagnihot/projects/Lorena_Contrastive_Representation_Arch/sparse_contrast_benchmark_large_batch/outputs/previews/heldout_val/cifar10/color_opponency/b342413f7fab68dca9f51d5336d9fc188828ed434a596141a8b9ee2a55ef791e/train_p60.npz
cifar10,color_opponency,red_green_contrast,60,native,-0.05943355038762093,-0.05673202537000179,0,10240,0.0,10,/ceph/sagnihot/projects/Lorena_Contrastive_Representation_Arch/sparse_contrast_benchmark_large_batch/outputs/previews/heldout_val/cifar10/color_opponency/b342413f7fab68dca9f51d5336d9fc188828ed434a596141a8b9ee2a55ef791e/train_p60.npz
cifar10,color_opponency,red_green_contrast,60,native,-0.05673202537000179,-0.05403050035238266,1,10240,9.765625e-05,10,/ceph/sagnihot/projects/Lorena_Contrastive_Representation_Arch/sparse_contrast_benchmark_large_batch/outputs/previews/heldout_val/cifar10/color_opponency/b342413f7fab68dca9f51d5336d9fc188828ed434a596141a8b9ee2a55ef791e/train_p60.npz
cifar10,color_opponency,red_green_contrast,60,native,-0.05403050035238266,-0.05132897533476353,1,10240,9.765625e-05,10,/ceph/sagnihot/projects/Lorena_Contrastive_Representation_Arch/sparse_contrast_benchmark_large_batch/outputs/previews/heldout_val/cifar10/color_opponency/b342413f7fab68dca9f51d5336d9fc188828ed434a596141a8b9ee2a55ef791e/train_p60.npz
cifar10,color_opponency,red_green_contrast,60,native,-0.05132897533476353,-0.0486274503171444,0,10240,0.0,10,/ceph/sagnihot/projects/Lorena_Contrastive_Representation_Arch/sparse_contrast_benchmark_large_batch/outputs/previews/heldout_val/cifar10/color_opponency/b342413f7fab68dca9f51d5336d9fc188828ed434a596141a8b9ee2a55ef791e/train_p60.npz
cifar10,color_opponency,red_green_contrast,60,native,-0.0486274503171444,-0.045925925299525265,3,10240,0.00029296875,10,/ceph/sagnihot/projects/Lorena_Contrastive_Representation_Arch/sparse_contrast_benchmark_large_batch/outputs/previews/heldout_val/cifar10/color_opponency/b342413f7fab68dca9f51d5336d9fc188828ed434a596141a8b9ee2a55ef791e/train_p60.npz
cifar10,color_opponency,red_green_contrast,60,native,-0.045925925299525265,-0.043224400281906133,3,10240,0.00029296875,10,/ceph/sagnihot/projects/Lorena_Contrastive_Representation_Arch/sparse_contrast_benchmark_large_batch/outputs/previews/heldout_val/cifar10/color_opponency/b342413f7fab68dca9f51d5336d9fc188828ed434a596141a8b9ee2a55ef791e/train_p60.npz
cifar10,color_opponency,red_green_contrast,60,native,-0.043224400281906133,-0.040522875264286995,5,10240,0.00048828125,10,/ceph/sagnihot/projects/Lorena_Contrastive_Representation_Arch/sparse_contrast_benchmark_large_batch/outputs/previews/heldout_val/cifar10/color_opponency/b342413f7fab68dca9f51d5336d9fc188828ed434a596141a8b9ee2a55ef791e/train_p60.npz
cifar10,color_opponency,red_green_contrast,60,native,-0.040522875264286995,-0.03782135024666787,6,10240,0.0005859375,10,/ceph/sagnihot/projects/Lorena_Contrastive_Representation_Arch/sparse_contrast_benchmark_large_batch/outputs/previews/heldout_val/cifar10/color_opponency/b342413f7fab68dca9f51d5336d9fc188828ed434a596141a8b9ee2a55ef791e/train_p60.npz
cifar10,color_opponency,red_green_contrast,60,native,-0.03782135024666787,-0.03511982522904873,8,10240,0.00078125,10,/ceph/sagnihot/projects/Lorena_Contrastive_Representation_Arch/sparse_contrast_benchmark_large_batch/outputs/previews/heldout_val/cifar10/color_opponency/b342413f7fab68dca9f51d5336d9fc188828ed434a596141a8b9ee2a55ef791e/train_p60.npz
cifar10,color_opponency,red_green_contrast,60,native,-0.03511982522904873,-0.03241830021142959,8,10240,0.00078125,10,/ceph/sagnihot/projects/Lorena_Contrastive_Representation_Arch/sparse_contrast_benchmark_large_batch/outputs/previews/heldout_val/cifar10/color_opponency/b342413f7fab68dca9f51d5336d9fc188828ed434a596141a8b9ee2a55ef791e/train_p60.npz
cifar10,color_opponency,red_green_contrast,60,native,-0.03241830021142959,-0.02971677519381047,26,10240,0.0025390625,10,/ceph/sagnihot/projects/Lorena_Contrastive_Representation_Arch/sparse_contrast_benchmark_large_batch/outputs/previews/heldout_val/cifar10/color_opponency/b342413f7fab68dca9f51d5336d9fc188828ed434a596141a8b9ee2a55ef791e/train_p60.npz
cifar10,color_opponency,red_green_contrast,60,native,-0.02971677519381047,-0.02701525017619133,88,10240,0.00859375,10,/ceph/sagnihot/projects/Lorena_Contrastive_Representation_Arch/sparse_contrast_benchmark_large_batch/outputs/previews/heldout_val/cifar10/color_opponency/b342413f7fab68dca9f51d5336d9fc188828ed434a596141a8b9ee2a55ef791e/train_p60.npz
cifar10,color_opponency,red_green_contrast,60,native,-0.02701525017619133,-0.024313725158572205,41,10240,0.00400390625,10,/ceph/sagnihot/projects/Lorena_Contrastive_Representation_Arch/sparse_contrast_benchmark_large_batch/outputs/previews/heldout_val/cifar10/color_opponency/b342413f7fab68dca9f51d5336d9fc188828ed434a596141a8b9ee2a55ef791e/train_p60.npz
cifar10,color_opponency,red_green_contrast,60,native,-0.024313725158572205,-0.021612200140953067,15,10240,0.00146484375,10,/ceph/sagnihot/projects/Lorena_Contrastive_Representation_Arch/sparse_contrast_benchmark_large_batch/outputs/previews/heldout_val/cifar10/color_opponency/b342413f7fab68dca9f51d5336d9fc188828ed434a596141a8b9ee2a55ef791e/train_p60.npz
cifar10,color_opponency,red_green_contrast,60,native,-0.021612200140953067,-0.018910675123333928,38,10240,0.0037109375,10,/ceph/sagnihot/projects/Lorena_Contrastive_Representation_Arch/sparse_contrast_benchmark_large_batch/outputs/previews/heldout_val/cifar10/color_opponency/b342413f7fab68dca9f51d5336d9fc188828ed434a596141a8b9ee2a55ef791e/train_p60.npz
cifar10,color_opponency,red_green_contrast,60,native,-0.018910675123333928,-0.016209150105714804,69,10240,0.00673828125,10,/ceph/sagnihot/projects/Lorena_Contrastive_Representation_Arch/sparse_contrast_benchmark_large_batch/outputs/previews/heldout_val/cifar10/color_opponency/b342413f7fab68dca9f51d5336d9fc188828ed434a596141a8b9ee2a55ef791e/train_p60.npz
cifar10,color_opponency,red_green_contrast,60,native,-0.016209150105714804,-0.013507625088095665,80,10240,0.0078125,10,/ceph/sagnihot/projects/Lorena_Contrastive_Representation_Arch/sparse_contrast_benchmark_large_batch/outputs/previews/heldout_val/cifar10/color_opponency/b342413f7fab68dca9f51d5336d9fc188828ed434a596141a8b9ee2a55ef791e/train_p60.npz
cifar10,color_opponency,red_green_contrast,60,native,-0.013507625088095665,-0.01080610007047654,96,10240,0.009375,10,/ceph/sagnihot/projects/Lorena_Contrastive_Representation_Arch/sparse_contrast_benchmark_large_batch/outputs/previews/heldout_val/cifar10/color_opponency/b342413f7fab68dca9f51d5336d9fc188828ed434a596141a8b9ee2a55ef791e/train_p60.npz
cifar10,color_opponency,red_green_contrast,60,native,-0.01080610007047654,-0.008104575052857402,177,10240,0.01728515625,10,/ceph/sagnihot/projects/Lorena_Contrastive_Representation_Arch/sparse_contrast_benchmark_large_batch/outputs/previews/heldout_val/cifar10/color_opponency/b342413f7fab68dca9f51d5336d9fc188828ed434a596141a8b9ee2a55ef791e/train_p60.npz
cifar10,color_opponency,red_green_contrast,60,native,-0.008104575052857402,-0.005403050035238263,288,10240,0.028125,10,/ceph/sagnihot/projects/Lorena_Contrastive_Representation_Arch/sparse_contrast_benchmark_large_batch/outputs/previews/heldout_val/cifar10/color_opponency/b342413f7fab68dca9f51d5336d9fc188828ed434a596141a8b9ee2a55ef791e/train_p60.npz
cifar10,color_opponency,red_green_contrast,60,native,-0.005403050035238263,-0.0027015250176191385,190,10240,0.0185546875,10,/ceph/sagnihot/projects/Lorena_Contrastive_Representation_Arch/sparse_contrast_benchmark_large_batch/outputs/previews/heldout_val/cifar10/color_opponency/b342413f7fab68dca9f51d5336d9fc188828ed434a596141a8b9ee2a55ef791e/train_p60.npz
cifar10,color_opponency,red_green_contrast,60,native,-0.0027015250176191385,0.0,23,10240,0.00224609375,10,/ceph/sagnihot/projects/Lorena_Contrastive_Representation_Arch/sparse_contrast_benchmark_large_batch/outputs/previews/heldout_val/cifar10/color_opponency/b342413f7fab68dca9f51d5336d9fc188828ed434a596141a8b9ee2a55ef791e/train_p60.npz
cifar10,color_opponency,red_green_contrast,60,native,0.0,0.0027015250176191247,7920,10240,0.7734375,10,/ceph/sagnihot/projects/Lorena_Contrastive_Representation_Arch/sparse_contrast_benchmark_large_batch/outputs/previews/heldout_val/cifar10/color_opponency/b342413f7fab68dca9f51d5336d9fc188828ed434a596141a8b9ee2a55ef791e/train_p60.npz
cifar10,color_opponency,red_green_contrast,60,native,0.0027015250176191247,0.005403050035238263,168,10240,0.01640625,10,/ceph/sagnihot/projects/Lorena_Contrastive_Representation_Arch/sparse_contrast_benchmark_large_batch/outputs/previews/heldout_val/cifar10/color_opponency/b342413f7fab68dca9f51d5336d9fc188828ed434a596141a8b9ee2a55ef791e/train_p60.npz
cifar10,color_opponency,red_green_contrast,60,native,0.005403050035238263,0.008104575052857402,292,10240,0.028515625,10,/ceph/sagnihot/projects/Lorena_Contrastive_Representation_Arch/sparse_contrast_benchmark_large_batch/outputs/previews/heldout_val/cifar10/color_opponency/b342413f7fab68dca9f51d5336d9fc188828ed434a596141a8b9ee2a55ef791e/train_p60.npz
cifar10,color_opponency,red_green_contrast,60,native,0.008104575052857402,0.010806100070476526,189,10240,0.01845703125,10,/ceph/sagnihot/projects/Lorena_Contrastive_Representation_Arch/sparse_contrast_benchmark_large_batch/outputs/previews/heldout_val/cifar10/color_opponency/b342413f7fab68dca9f51d5336d9fc188828ed434a596141a8b9ee2a55ef791e/train_p60.npz
cifar10,color_opponency,red_green_contrast,60,native,0.010806100070476526,0.013507625088095665,129,10240,0.01259765625,10,/ceph/sagnihot/projects/Lorena_Contrastive_Representation_Arch/sparse_contrast_benchmark_large_batch/outputs/previews/heldout_val/cifar10/color_opponency/b342413f7fab68dca9f51d5336d9fc188828ed434a596141a8b9ee2a55ef791e/train_p60.npz
cifar10,color_opponency,red_green_contrast,60,native,0.013507625088095665,0.01620915010571479,108,10240,0.010546875,10,/ceph/sagnihot/projects/Lorena_Contrastive_Representation_Arch/sparse_contrast_benchmark_large_batch/outputs/previews/heldout_val/cifar10/color_opponency/b342413f7fab68dca9f51d5336d9fc188828ed434a596141a8b9ee2a55ef791e/train_p60.npz
cifar10,color_opponency,red_green_contrast,60,native,0.01620915010571479,0.018910675123333914,69,10240,0.00673828125,10,/ceph/sagnihot/projects/Lorena_Contrastive_Representation_Arch/sparse_contrast_benchmark_large_batch/outputs/previews/heldout_val/cifar10/color_opponency/b342413f7fab68dca9f51d5336d9fc188828ed434a596141a8b9ee2a55ef791e/train_p60.npz
cifar10,color_opponency,red_green_contrast,60,native,0.018910675123333914,0.021612200140953053,60,10240,0.005859375,10,/ceph/sagnihot/projects/Lorena_Contrastive_Representation_Arch/sparse_contrast_benchmark_large_batch/outputs/previews/heldout_val/cifar10/color_opponency/b342413f7fab68dca9f51d5336d9fc188828ed434a596141a8b9ee2a55ef791e/train_p60.npz
cifar10,color_opponency,red_green_contrast,60,native,0.021612200140953053,0.02431372515857219,34,10240,0.0033203125,10,/ceph/sagnihot/projects/Lorena_Contrastive_Representation_Arch/sparse_contrast_benchmark_large_batch/outputs/previews/heldout_val/cifar10/color_opponency/b342413f7fab68dca9f51d5336d9fc188828ed434a596141a8b9ee2a55ef791e/train_p60.npz
cifar10,color_opponency,red_green_contrast,60,native,0.02431372515857219,0.02701525017619133,26,10240,0.0025390625,10,/ceph/sagnihot/projects/Lorena_Contrastive_Representation_Arch/sparse_contrast_benchmark_large_batch/outputs/previews/heldout_val/cifar10/color_opponency/b342413f7fab68dca9f51d5336d9fc188828ed434a596141a8b9ee2a55ef791e/train_p60.npz
cifar10,color_opponency,red_green_contrast,60,native,0.02701525017619133,0.02971677519381047,16,10240,0.0015625,10,/ceph/sagnihot/projects/Lorena_Contrastive_Representation_Arch/sparse_contrast_benchmark_large_batch/outputs/previews/heldout_val/cifar10/color_opponency/b342413f7fab68dca9f51d5336d9fc188828ed434a596141a8b9ee2a55ef791e/train_p60.npz
cifar10,color_opponency,red_green_contrast,60,native,0.02971677519381047,0.03241830021142958,14,10240,0.0013671875,10,/ceph/sagnihot/projects/Lorena_Contrastive_Representation_Arch/sparse_contrast_benchmark_large_batch/outputs/previews/heldout_val/cifar10/color_opponency/b342413f7fab68dca9f51d5336d9fc188828ed434a596141a8b9ee2a55ef791e/train_p60.npz
cifar10,color_opponency,red_green_contrast,60,native,0.03241830021142958,0.03511982522904872,18,10240,0.0017578125,10,/ceph/sagnihot/projects/Lorena_Contrastive_Representation_Arch/sparse_contrast_benchmark_large_batch/outputs/previews/heldout_val/cifar10/color_opponency/b342413f7fab68dca9f51d5336d9fc188828ed434a596141a8b9ee2a55ef791e/train_p60.npz
cifar10,color_opponency,red_green_contrast,60,native,0.03511982522904872,0.037821350246667856,5,10240,0.00048828125,10,/ceph/sagnihot/projects/Lorena_Contrastive_Representation_Arch/sparse_contrast_benchmark_large_batch/outputs/previews/heldout_val/cifar10/color_opponency/b342413f7fab68dca9f51d5336d9fc188828ed434a596141a8b9ee2a55ef791e/train_p60.npz
cifar10,color_opponency,red_green_contrast,60,native,0.037821350246667856,0.040522875264286995,5,10240,0.00048828125,10,/ceph/sagnihot/projects/Lorena_Contrastive_Representation_Arch/sparse_contrast_benchmark_large_batch/outputs/previews/heldout_val/cifar10/color_opponency/b342413f7fab68dca9f51d5336d9fc188828ed434a596141a8b9ee2a55ef791e/train_p60.npz
cifar10,color_opponency,red_green_contrast,60,native,0.040522875264286995,0.043224400281906133,5,10240,0.00048828125,10,/ceph/sagnihot/projects/Lorena_Contrastive_Representation_Arch/sparse_contrast_benchmark_large_batch/outputs/previews/heldout_val/cifar10/color_opponency/b342413f7fab68dca9f51d5336d9fc188828ed434a596141a8b9ee2a55ef791e/train_p60.npz
cifar10,color_opponency,red_green_contrast,60,native,0.043224400281906133,0.045925925299525244,0,10240,0.0,10,/ceph/sagnihot/projects/Lorena_Contrastive_Representation_Arch/sparse_contrast_benchmark_large_batch/outputs/previews/heldout_val/cifar10/color_opponency/b342413f7fab68dca9f51d5336d9fc188828ed434a596141a8b9ee2a55ef791e/train_p60.npz
cifar10,color_opponency,red_green_contrast,60,native,0.045925925299525244,0.04862745031714438,6,10240,0.0005859375,10,/ceph/sagnihot/projects/Lorena_Contrastive_Representation_Arch/sparse_contrast_benchmark_large_batch/outputs/previews/heldout_val/cifar10/color_opponency/b342413f7fab68dca9f51d5336d9fc188828ed434a596141a8b9ee2a55ef791e/train_p60.npz
cifar10,color_opponency,red_green_contrast,60,native,0.04862745031714438,0.05132897533476352,1,10240,9.765625e-05,10,/ceph/sagnihot/projects/Lorena_Contrastive_Representation_Arch/sparse_contrast_benchmark_large_batch/outputs/previews/heldout_val/cifar10/color_opponency/b342413f7fab68dca9f51d5336d9fc188828ed434a596141a8b9ee2a55ef791e/train_p60.npz
cifar10,color_opponency,red_green_contrast,60,native,0.05132897533476352,0.05403050035238266,1,10240,9.765625e-05,10,/ceph/sagnihot/projects/Lorena_Contrastive_Representation_Arch/sparse_contrast_benchmark_large_batch/outputs/previews/heldout_val/cifar10/color_opponency/b342413f7fab68dca9f51d5336d9fc188828ed434a596141a8b9ee2a55ef791e/train_p60.npz
cifar10,color_opponency,red_green_contrast,60,native,0.05403050035238266,0.0567320253700018,2,10240,0.0001953125,10,/ceph/sagnihot/projects/Lorena_Contrastive_Representation_Arch/sparse_contrast_benchmark_large_batch/outputs/previews/heldout_val/cifar10/color_opponency/b342413f7fab68dca9f51d5336d9fc188828ed434a596141a8b9ee2a55ef791e/train_p60.npz
cifar10,color_opponency,red_green_contrast,60,native,0.0567320253700018,0.05943355038762091,2,10240,0.0001953125,10,/ceph/sagnihot/projects/Lorena_Contrastive_Representation_Arch/sparse_contrast_benchmark_large_batch/outputs/previews/heldout_val/cifar10/color_opponency/b342413f7fab68dca9f51d5336d9fc188828ed434a596141a8b9ee2a55ef791e/train_p60.npz
cifar10,color_opponency,red_green_contrast,60,native,0.05943355038762091,0.06213507540524005,0,10240,0.0,10,/ceph/sagnihot/projects/Lorena_Contrastive_Representation_Arch/sparse_contrast_benchmark_large_batch/outputs/previews/heldout_val/cifar10/color_opponency/b342413f7fab68dca9f51d5336d9fc188828ed434a596141a8b9ee2a55ef791e/train_p60.npz
cifar10,color_opponency,red_green_contrast,60,native,0.06213507540524005,0.06483660042285919,1,10240,9.765625e-05,10,/ceph/sagnihot/projects/Lorena_Contrastive_Representation_Arch/sparse_contrast_benchmark_large_batch/outputs/previews/heldout_val/cifar10/color_opponency/b342413f7fab68dca9f51d5336d9fc188828ed434a596141a8b9ee2a55ef791e/train_p60.npz
cifar10,color_opponency,red_green_contrast,60,native,0.06483660042285919,0.06753812544047832,0,10240,0.0,10,/ceph/sagnihot/projects/Lorena_Contrastive_Representation_Arch/sparse_contrast_benchmark_large_batch/outputs/previews/heldout_val/cifar10/color_opponency/b342413f7fab68dca9f51d5336d9fc188828ed434a596141a8b9ee2a55ef791e/train_p60.npz
cifar10,color_opponency,red_green_contrast,60,native,0.06753812544047832,0.07023965045809746,0,10240,0.0,10,/ceph/sagnihot/projects/Lorena_Contrastive_Representation_Arch/sparse_contrast_benchmark_large_batch/outputs/previews/heldout_val/cifar10/color_opponency/b342413f7fab68dca9f51d5336d9fc188828ed434a596141a8b9ee2a55ef791e/train_p60.npz
cifar10,color_opponency,red_green_contrast,60,native,0.07023965045809746,0.07294117547571657,2,10240,0.0001953125,10,/ceph/sagnihot/projects/Lorena_Contrastive_Representation_Arch/sparse_contrast_benchmark_large_batch/outputs/previews/heldout_val/cifar10/color_opponency/b342413f7fab68dca9f51d5336d9fc188828ed434a596141a8b9ee2a55ef791e/train_p60.npz
cifar10,color_opponency,red_green_contrast,60,native,0.07294117547571657,0.07564270049333571,0,10240,0.0,10,/ceph/sagnihot/projects/Lorena_Contrastive_Representation_Arch/sparse_contrast_benchmark_large_batch/outputs/previews/heldout_val/cifar10/color_opponency/b342413f7fab68dca9f51d5336d9fc188828ed434a596141a8b9ee2a55ef791e/train_p60.npz
cifar10,color_opponency,red_green_contrast,60,native,0.07564270049333571,0.07834422551095485,0,10240,0.0,10,/ceph/sagnihot/projects/Lorena_Contrastive_Representation_Arch/sparse_contrast_benchmark_large_batch/outputs/previews/heldout_val/cifar10/color_opponency/b342413f7fab68dca9f51d5336d9fc188828ed434a596141a8b9ee2a55ef791e/train_p60.npz
cifar10,color_opponency,red_green_contrast,60,native,0.07834422551095485,0.08104575052857399,0,10240,0.0,10,/ceph/sagnihot/projects/Lorena_Contrastive_Representation_Arch/sparse_contrast_benchmark_large_batch/outputs/previews/heldout_val/cifar10/color_opponency/b342413f7fab68dca9f51d5336d9fc188828ed434a596141a8b9ee2a55ef791e/train_p60.npz
cifar10,color_opponency,red_green_contrast,60,native,0.08104575052857399,0.08374727554619313,0,10240,0.0,10,/ceph/sagnihot/projects/Lorena_Contrastive_Representation_Arch/sparse_contrast_benchmark_large_batch/outputs/previews/heldout_val/cifar10/color_opponency/b342413f7fab68dca9f51d5336d9fc188828ed434a596141a8b9ee2a55ef791e/train_p60.npz
cifar10,color_opponency,red_green_contrast,60,native,0.08374727554619313,0.08644880056381224,0,10240,0.0,10,/ceph/sagnihot/projects/Lorena_Contrastive_Representation_Arch/sparse_contrast_benchmark_large_batch/outputs/previews/heldout_val/cifar10/color_opponency/b342413f7fab68dca9f51d5336d9fc188828ed434a596141a8b9ee2a55ef791e/train_p60.npz
cifar10,color_opponency,red_green_contrast,60,native,0.08644880056381224,0.08915032558143138,0,10240,0.0,10,/ceph/sagnihot/projects/Lorena_Contrastive_Representation_Arch/sparse_contrast_benchmark_large_batch/outputs/previews/heldout_val/cifar10/color_opponency/b342413f7fab68dca9f51d5336d9fc188828ed434a596141a8b9ee2a55ef791e/train_p60.npz
cifar10,color_opponency,red_green_contrast,60,native,0.08915032558143138,0.09185185059905052,0,10240,0.0,10,/ceph/sagnihot/projects/Lorena_Contrastive_Representation_Arch/sparse_contrast_benchmark_large_batch/outputs/previews/heldout_val/cifar10/color_opponency/b342413f7fab68dca9f51d5336d9fc188828ed434a596141a8b9ee2a55ef791e/train_p60.npz
cifar10,color_opponency,red_green_contrast,60,native,0.09185185059905052,0.09455337561666965,0,10240,0.0,10,/ceph/sagnihot/projects/Lorena_Contrastive_Representation_Arch/sparse_contrast_benchmark_large_batch/outputs/previews/heldout_val/cifar10/color_opponency/b342413f7fab68dca9f51d5336d9fc188828ed434a596141a8b9ee2a55ef791e/train_p60.npz
cifar10,color_opponency,red_green_contrast,60,native,0.09455337561666965,0.0972549006342888,0,10240,0.0,10,/ceph/sagnihot/projects/Lorena_Contrastive_Representation_Arch/sparse_contrast_benchmark_large_batch/outputs/previews/heldout_val/cifar10/color_opponency/b342413f7fab68dca9f51d5336d9fc188828ed434a596141a8b9ee2a55ef791e/train_p60.npz
cifar10,color_opponency,red_green_contrast,60,native,0.0972549006342888,0.0999564256519079,0,10240,0.0,10,/ceph/sagnihot/projects/Lorena_Contrastive_Representation_Arch/sparse_contrast_benchmark_large_batch/outputs/previews/heldout_val/cifar10/color_opponency/b342413f7fab68dca9f51d5336d9fc188828ed434a596141a8b9ee2a55ef791e/train_p60.npz
cifar10,color_opponency,red_green_contrast,60,native,0.0999564256519079,0.10265795066952704,0,10240,0.0,10,/ceph/sagnihot/projects/Lorena_Contrastive_Representation_Arch/sparse_contrast_benchmark_large_batch/outputs/previews/heldout_val/cifar10/color_opponency/b342413f7fab68dca9f51d5336d9fc188828ed434a596141a8b9ee2a55ef791e/train_p60.npz
cifar10,color_opponency,red_green_contrast,60,native,0.10265795066952704,0.10535947568714618,0,10240,0.0,10,/ceph/sagnihot/projects/Lorena_Contrastive_Representation_Arch/sparse_contrast_benchmark_large_batch/outputs/previews/heldout_val/cifar10/color_opponency/b342413f7fab68dca9f51d5336d9fc188828ed434a596141a8b9ee2a55ef791e/train_p60.npz
cifar10,color_opponency,red_green_contrast,60,native,0.10535947568714618,0.10806100070476532,1,10240,9.765625e-05,10,/ceph/sagnihot/projects/Lorena_Contrastive_Representation_Arch/sparse_contrast_benchmark_large_batch/outputs/previews/heldout_val/cifar10/color_opponency/b342413f7fab68dca9f51d5336d9fc188828ed434a596141a8b9ee2a55ef791e/train_p60.npz
cifar10,color_opponency,red_green_contrast,60,normalized,-10.333375930786133,-10.07504153251648,0,10240,0.0,10,/ceph/sagnihot/projects/Lorena_Contrastive_Representation_Arch/sparse_contrast_benchmark_large_batch/outputs/previews/heldout_val/cifar10/color_opponency/b342413f7fab68dca9f51d5336d9fc188828ed434a596141a8b9ee2a55ef791e/train_p60.npz
cifar10,color_opponency,red_green_contrast,60,normalized,-10.07504153251648,-9.816707134246826,0,10240,0.0,10,/ceph/sagnihot/projects/Lorena_Contrastive_Representation_Arch/sparse_contrast_benchmark_large_batch/outputs/previews/heldout_val/cifar10/color_opponency/b342413f7fab68dca9f51d5336d9fc188828ed434a596141a8b9ee2a55ef791e/train_p60.npz
cifar10,color_opponency,red_green_contrast,60,normalized,-9.816707134246826,-9.558372735977173,0,10240,0.0,10,/ceph/sagnihot/projects/Lorena_Contrastive_Representation_Arch/sparse_contrast_benchmark_large_batch/outputs/previews/heldout_val/cifar10/color_opponency/b342413f7fab68dca9f51d5336d9fc188828ed434a596141a8b9ee2a55ef791e/train_p60.npz
cifar10,color_opponency,red_green_contrast,60,normalized,-9.558372735977173,-9.30003833770752,0,10240,0.0,10,/ceph/sagnihot/projects/Lorena_Contrastive_Representation_Arch/sparse_contrast_benchmark_large_batch/outputs/previews/heldout_val/cifar10/color_opponency/b342413f7fab68dca9f51d5336d9fc188828ed434a596141a8b9ee2a55ef791e/train_p60.npz
cifar10,color_opponency,red_green_contrast,60,normalized,-9.30003833770752,-9.041703939437866,0,10240,0.0,10,/ceph/sagnihot/projects/Lorena_Contrastive_Representation_Arch/sparse_contrast_benchmark_large_batch/outputs/previews/heldout_val/cifar10/color_opponency/b342413f7fab68dca9f51d5336d9fc188828ed434a596141a8b9ee2a55ef791e/train_p60.npz
cifar10,color_opponency,red_green_contrast,60,normalized,-9.041703939437866,-8.783369541168213,0,10240,0.0,10,/ceph/sagnihot/projects/Lorena_Contrastive_Representation_Arch/sparse_contrast_benchmark_large_batch/outputs/previews/heldout_val/cifar10/color_opponency/b342413f7fab68dca9f51d5336d9fc188828ed434a596141a8b9ee2a55ef791e/train_p60.npz
cifar10,color_opponency,red_green_contrast,60,normalized,-8.783369541168213,-8.52503514289856,0,10240,0.0,10,/ceph/sagnihot/projects/Lorena_Contrastive_Representation_Arch/sparse_contrast_benchmark_large_batch/outputs/previews/heldout_val/cifar10/color_opponency/b342413f7fab68dca9f51d5336d9fc188828ed434a596141a8b9ee2a55ef791e/train_p60.npz
cifar10,color_opponency,red_green_contrast,60,normalized,-8.52503514289856,-8.266700744628906,0,10240,0.0,10,/ceph/sagnihot/projects/Lorena_Contrastive_Representation_Arch/sparse_contrast_benchmark_large_batch/outputs/previews/heldout_val/cifar10/color_opponency/b342413f7fab68dca9f51d5336d9fc188828ed434a596141a8b9ee2a55ef791e/train_p60.npz
cifar10,color_opponency,red_green_contrast,60,normalized,-8.266700744628906,-8.008366346359253,0,10240,0.0,10,/ceph/sagnihot/projects/Lorena_Contrastive_Representation_Arch/sparse_contrast_benchmark_large_batch/outputs/previews/heldout_val/cifar10/color_opponency/b342413f7fab68dca9f51d5336d9fc188828ed434a596141a8b9ee2a55ef791e/train_p60.npz
cifar10,color_opponency,red_green_contrast,60,normalized,-8.008366346359253,-7.7500319480896,0,10240,0.0,10,/ceph/sagnihot/projects/Lorena_Contrastive_Representation_Arch/sparse_contrast_benchmark_large_batch/outputs/previews/heldout_val/cifar10/color_opponency/b342413f7fab68dca9f51d5336d9fc188828ed434a596141a8b9ee2a55ef791e/train_p60.npz
cifar10,color_opponency,red_green_contrast,60,normalized,-7.7500319480896,-7.491697549819946,0,10240,0.0,10,/ceph/sagnihot/projects/Lorena_Contrastive_Representation_Arch/sparse_contrast_benchmark_large_batch/outputs/previews/heldout_val/cifar10/color_opponency/b342413f7fab68dca9f51d5336d9fc188828ed434a596141a8b9ee2a55ef791e/train_p60.npz
cifar10,color_opponency,red_green_contrast,60,normalized,-7.491697549819946,-7.233363151550293,0,10240,0.0,10,/ceph/sagnihot/projects/Lorena_Contrastive_Representation_Arch/sparse_contrast_benchmark_large_batch/outputs/previews/heldout_val/cifar10/color_opponency/b342413f7fab68dca9f51d5336d9fc188828ed434a596141a8b9ee2a55ef791e/train_p60.npz
cifar10,color_opponency,red_green_contrast,60,normalized,-7.233363151550293,-6.97502875328064,0,10240,0.0,10,/ceph/sagnihot/projects/Lorena_Contrastive_Representation_Arch/sparse_contrast_benchmark_large_batch/outputs/previews/heldout_val/cifar10/color_opponency/b342413f7fab68dca9f51d5336d9fc188828ed434a596141a8b9ee2a55ef791e/train_p60.npz
cifar10,color_opponency,red_green_contrast,60,normalized,-6.97502875328064,-6.716694355010986,0,10240,0.0,10,/ceph/sagnihot/projects/Lorena_Contrastive_Representation_Arch/sparse_contrast_benchmark_large_batch/outputs/previews/heldout_val/cifar10/color_opponency/b342413f7fab68dca9f51d5336d9fc188828ed434a596141a8b9ee2a55ef791e/train_p60.npz
cifar10,color_opponency,red_green_contrast,60,normalized,-6.716694355010986,-6.458359956741333,0,10240,0.0,10,/ceph/sagnihot/projects/Lorena_Contrastive_Representation_Arch/sparse_contrast_benchmark_large_batch/outputs/previews/heldout_val/cifar10/color_opponency/b342413f7fab68dca9f51d5336d9fc188828ed434a596141a8b9ee2a55ef791e/train_p60.npz
cifar10,color_opponency,red_green_contrast,60,normalized,-6.458359956741333,-6.20002555847168,0,10240,0.0,10,/ceph/sagnihot/projects/Lorena_Contrastive_Representation_Arch/sparse_contrast_benchmark_large_batch/outputs/previews/heldout_val/cifar10/color_opponency/b342413f7fab68dca9f51d5336d9fc188828ed434a596141a8b9ee2a55ef791e/train_p60.npz
cifar10,color_opponency,red_green_contrast,60,normalized,-6.20002555847168,-5.941691160202026,0,10240,0.0,10,/ceph/sagnihot/projects/Lorena_Contrastive_Representation_Arch/sparse_contrast_benchmark_large_batch/outputs/previews/heldout_val/cifar10/color_opponency/b342413f7fab68dca9f51d5336d9fc188828ed434a596141a8b9ee2a55ef791e/train_p60.npz
cifar10,color_opponency,red_green_contrast,60,normalized,-5.941691160202026,-5.683356761932373,0,10240,0.0,10,/ceph/sagnihot/projects/Lorena_Contrastive_Representation_Arch/sparse_contrast_benchmark_large_batch/outputs/previews/heldout_val/cifar10/color_opponency/b342413f7fab68dca9f51d5336d9fc188828ed434a596141a8b9ee2a55ef791e/train_p60.npz
cifar10,color_opponency,red_green_contrast,60,normalized,-5.683356761932373,-5.42502236366272,0,10240,0.0,10,/ceph/sagnihot/projects/Lorena_Contrastive_Representation_Arch/sparse_contrast_benchmark_large_batch/outputs/previews/heldout_val/cifar10/color_opponency/b342413f7fab68dca9f51d5336d9fc188828ed434a596141a8b9ee2a55ef791e/train_p60.npz
cifar10,color_opponency,red_green_contrast,60,normalized,-5.42502236366272,-5.166687965393066,1,10240,9.765625e-05,10,/ceph/sagnihot/projects/Lorena_Contrastive_Representation_Arch/sparse_contrast_benchmark_large_batch/outputs/previews/heldout_val/cifar10/color_opponency/b342413f7fab68dca9f51d5336d9fc188828ed434a596141a8b9ee2a55ef791e/train_p60.npz
cifar10,color_opponency,red_green_contrast,60,normalized,-5.166687965393066,-4.908353567123413,1,10240,9.765625e-05,10,/ceph/sagnihot/projects/Lorena_Contrastive_Representation_Arch/sparse_contrast_benchmark_large_batch/outputs/previews/heldout_val/cifar10/color_opponency/b342413f7fab68dca9f51d5336d9fc188828ed434a596141a8b9ee2a55ef791e/train_p60.npz
cifar10,color_opponency,red_green_contrast,60,normalized,-4.908353567123413,-4.65001916885376,0,10240,0.0,10,/ceph/sagnihot/projects/Lorena_Contrastive_Representation_Arch/sparse_contrast_benchmark_large_batch/outputs/previews/heldout_val/cifar10/color_opponency/b342413f7fab68dca9f51d5336d9fc188828ed434a596141a8b9ee2a55ef791e/train_p60.npz
cifar10,color_opponency,red_green_contrast,60,normalized,-4.65001916885376,-4.3916847705841064,3,10240,0.00029296875,10,/ceph/sagnihot/projects/Lorena_Contrastive_Representation_Arch/sparse_contrast_benchmark_large_batch/outputs/previews/heldout_val/cifar10/color_opponency/b342413f7fab68dca9f51d5336d9fc188828ed434a596141a8b9ee2a55ef791e/train_p60.npz
cifar10,color_opponency,red_green_contrast,60,normalized,-4.3916847705841064,-4.133350372314453,3,10240,0.00029296875,10,/ceph/sagnihot/projects/Lorena_Contrastive_Representation_Arch/sparse_contrast_benchmark_large_batch/outputs/previews/heldout_val/cifar10/color_opponency/b342413f7fab68dca9f51d5336d9fc188828ed434a596141a8b9ee2a55ef791e/train_p60.npz
cifar10,color_opponency,red_green_contrast,60,normalized,-4.133350372314453,-3.8750159740448,4,10240,0.000390625,10,/ceph/sagnihot/projects/Lorena_Contrastive_Representation_Arch/sparse_contrast_benchmark_large_batch/outputs/previews/heldout_val/cifar10/color_opponency/b342413f7fab68dca9f51d5336d9fc188828ed434a596141a8b9ee2a55ef791e/train_p60.npz
cifar10,color_opponency,red_green_contrast,60,normalized,-3.8750159740448,-3.6166815757751465,6,10240,0.0005859375,10,/ceph/sagnihot/projects/Lorena_Contrastive_Representation_Arch/sparse_contrast_benchmark_large_batch/outputs/previews/heldout_val/cifar10/color_opponency/b342413f7fab68dca9f51d5336d9fc188828ed434a596141a8b9ee2a55ef791e/train_p60.npz
cifar10,color_opponency,red_green_contrast,60,normalized,-3.6166815757751465,-3.358347177505493,9,10240,0.00087890625,10,/ceph/sagnihot/projects/Lorena_Contrastive_Representation_Arch/sparse_contrast_benchmark_large_batch/outputs/previews/heldout_val/cifar10/color_opponency/b342413f7fab68dca9f51d5336d9fc188828ed434a596141a8b9ee2a55ef791e/train_p60.npz
cifar10,color_opponency,red_green_contrast,60,normalized,-3.358347177505493,-3.10001277923584,7,10240,0.00068359375,10,/ceph/sagnihot/projects/Lorena_Contrastive_Representation_Arch/sparse_contrast_benchmark_large_batch/outputs/previews/heldout_val/cifar10/color_opponency/b342413f7fab68dca9f51d5336d9fc188828ed434a596141a8b9ee2a55ef791e/train_p60.npz
cifar10,color_opponency,red_green_contrast,60,normalized,-3.10001277923584,-2.8416783809661865,22,10240,0.0021484375,10,/ceph/sagnihot/projects/Lorena_Contrastive_Representation_Arch/sparse_contrast_benchmark_large_batch/outputs/previews/heldout_val/cifar10/color_opponency/b342413f7fab68dca9f51d5336d9fc188828ed434a596141a8b9ee2a55ef791e/train_p60.npz
cifar10,color_opponency,red_green_contrast,60,normalized,-2.8416783809661865,-2.583343982696533,93,10240,0.00908203125,10,/ceph/sagnihot/projects/Lorena_Contrastive_Representation_Arch/sparse_contrast_benchmark_large_batch/outputs/previews/heldout_val/cifar10/color_opponency/b342413f7fab68dca9f51d5336d9fc188828ed434a596141a8b9ee2a55ef791e/train_p60.npz
cifar10,color_opponency,red_green_contrast,60,normalized,-2.583343982696533,-2.32500958442688,41,10240,0.00400390625,10,/ceph/sagnihot/projects/Lorena_Contrastive_Representation_Arch/sparse_contrast_benchmark_large_batch/outputs/previews/heldout_val/cifar10/color_opponency/b342413f7fab68dca9f51d5336d9fc188828ed434a596141a8b9ee2a55ef791e/train_p60.npz
cifar10,color_opponency,red_green_contrast,60,normalized,-2.32500958442688,-2.0666751861572266,15,10240,0.00146484375,10,/ceph/sagnihot/projects/Lorena_Contrastive_Representation_Arch/sparse_contrast_benchmark_large_batch/outputs/previews/heldout_val/cifar10/color_opponency/b342413f7fab68dca9f51d5336d9fc188828ed434a596141a8b9ee2a55ef791e/train_p60.npz
cifar10,color_opponency,red_green_contrast,60,normalized,-2.0666751861572266,-1.8083407878875732,34,10240,0.0033203125,10,/ceph/sagnihot/projects/Lorena_Contrastive_Representation_Arch/sparse_contrast_benchmark_large_batch/outputs/previews/heldout_val/cifar10/color_opponency/b342413f7fab68dca9f51d5336d9fc188828ed434a596141a8b9ee2a55ef791e/train_p60.npz
cifar10,color_opponency,red_green_contrast,60,normalized,-1.8083407878875732,-1.55000638961792,65,10240,0.00634765625,10,/ceph/sagnihot/projects/Lorena_Contrastive_Representation_Arch/sparse_contrast_benchmark_large_batch/outputs/previews/heldout_val/cifar10/color_opponency/b342413f7fab68dca9f51d5336d9fc188828ed434a596141a8b9ee2a55ef791e/train_p60.npz
cifar10,color_opponency,red_green_contrast,60,normalized,-1.55000638961792,-1.2916719913482666,84,10240,0.008203125,10,/ceph/sagnihot/projects/Lorena_Contrastive_Representation_Arch/sparse_contrast_benchmark_large_batch/outputs/previews/heldout_val/cifar10/color_opponency/b342413f7fab68dca9f51d5336d9fc188828ed434a596141a8b9ee2a55ef791e/train_p60.npz
cifar10,color_opponency,red_green_contrast,60,normalized,-1.2916719913482666,-1.0333375930786133,92,10240,0.008984375,10,/ceph/sagnihot/projects/Lorena_Contrastive_Representation_Arch/sparse_contrast_benchmark_large_batch/outputs/previews/heldout_val/cifar10/color_opponency/b342413f7fab68dca9f51d5336d9fc188828ed434a596141a8b9ee2a55ef791e/train_p60.npz
cifar10,color_opponency,red_green_contrast,60,normalized,-1.0333375930786133,-0.77500319480896,185,10240,0.01806640625,10,/ceph/sagnihot/projects/Lorena_Contrastive_Representation_Arch/sparse_contrast_benchmark_large_batch/outputs/previews/heldout_val/cifar10/color_opponency/b342413f7fab68dca9f51d5336d9fc188828ed434a596141a8b9ee2a55ef791e/train_p60.npz
cifar10,color_opponency,red_green_contrast,60,normalized,-0.77500319480896,-0.5166687965393066,266,10240,0.0259765625,10,/ceph/sagnihot/projects/Lorena_Contrastive_Representation_Arch/sparse_contrast_benchmark_large_batch/outputs/previews/heldout_val/cifar10/color_opponency/b342413f7fab68dca9f51d5336d9fc188828ed434a596141a8b9ee2a55ef791e/train_p60.npz
cifar10,color_opponency,red_green_contrast,60,normalized,-0.5166687965393066,-0.2583343982696533,212,10240,0.020703125,10,/ceph/sagnihot/projects/Lorena_Contrastive_Representation_Arch/sparse_contrast_benchmark_large_batch/outputs/previews/heldout_val/cifar10/color_opponency/b342413f7fab68dca9f51d5336d9fc188828ed434a596141a8b9ee2a55ef791e/train_p60.npz
cifar10,color_opponency,red_green_contrast,60,normalized,-0.2583343982696533,0.0,23,10240,0.00224609375,10,/ceph/sagnihot/projects/Lorena_Contrastive_Representation_Arch/sparse_contrast_benchmark_large_batch/outputs/previews/heldout_val/cifar10/color_opponency/b342413f7fab68dca9f51d5336d9fc188828ed434a596141a8b9ee2a55ef791e/train_p60.npz
cifar10,color_opponency,red_green_contrast,60,normalized,0.0,0.2583343982696533,7899,10240,0.77138671875,10,/ceph/sagnihot/projects/Lorena_Contrastive_Representation_Arch/sparse_contrast_benchmark_large_batch/outputs/previews/heldout_val/cifar10/color_opponency/b342413f7fab68dca9f51d5336d9fc188828ed434a596141a8b9ee2a55ef791e/train_p60.npz
cifar10,color_opponency,red_green_contrast,60,normalized,0.2583343982696533,0.5166687965393066,189,10240,0.01845703125,10,/ceph/sagnihot/projects/Lorena_Contrastive_Representation_Arch/sparse_contrast_benchmark_large_batch/outputs/previews/heldout_val/cifar10/color_opponency/b342413f7fab68dca9f51d5336d9fc188828ed434a596141a8b9ee2a55ef791e/train_p60.npz
cifar10,color_opponency,red_green_contrast,60,normalized,0.5166687965393066,0.77500319480896,269,10240,0.02626953125,10,/ceph/sagnihot/projects/Lorena_Contrastive_Representation_Arch/sparse_contrast_benchmark_large_batch/outputs/previews/heldout_val/cifar10/color_opponency/b342413f7fab68dca9f51d5336d9fc188828ed434a596141a8b9ee2a55ef791e/train_p60.npz
cifar10,color_opponency,red_green_contrast,60,normalized,0.77500319480896,1.0333375930786133,212,10240,0.020703125,10,/ceph/sagnihot/projects/Lorena_Contrastive_Representation_Arch/sparse_contrast_benchmark_large_batch/outputs/previews/heldout_val/cifar10/color_opponency/b342413f7fab68dca9f51d5336d9fc188828ed434a596141a8b9ee2a55ef791e/train_p60.npz
cifar10,color_opponency,red_green_contrast,60,normalized,1.0333375930786133,1.2916719913482666,125,10240,0.01220703125,10,/ceph/sagnihot/projects/Lorena_Contrastive_Representation_Arch/sparse_contrast_benchmark_large_batch/outputs/previews/heldout_val/cifar10/color_opponency/b342413f7fab68dca9f51d5336d9fc188828ed434a596141a8b9ee2a55ef791e/train_p60.npz
cifar10,color_opponency,red_green_contrast,60,normalized,1.2916719913482666,1.55000638961792,105,10240,0.01025390625,10,/ceph/sagnihot/projects/Lorena_Contrastive_Representation_Arch/sparse_contrast_benchmark_large_batch/outputs/previews/heldout_val/cifar10/color_opponency/b342413f7fab68dca9f51d5336d9fc188828ed434a596141a8b9ee2a55ef791e/train_p60.npz
cifar10,color_opponency,red_green_contrast,60,normalized,1.55000638961792,1.8083407878875732,76,10240,0.007421875,10,/ceph/sagnihot/projects/Lorena_Contrastive_Representation_Arch/sparse_contrast_benchmark_large_batch/outputs/previews/heldout_val/cifar10/color_opponency/b342413f7fab68dca9f51d5336d9fc188828ed434a596141a8b9ee2a55ef791e/train_p60.npz
cifar10,color_opponency,red_green_contrast,60,normalized,1.8083407878875732,2.0666751861572266,57,10240,0.00556640625,10,/ceph/sagnihot/projects/Lorena_Contrastive_Representation_Arch/sparse_contrast_benchmark_large_batch/outputs/previews/heldout_val/cifar10/color_opponency/b342413f7fab68dca9f51d5336d9fc188828ed434a596141a8b9ee2a55ef791e/train_p60.npz
cifar10,color_opponency,red_green_contrast,60,normalized,2.0666751861572266,2.32500958442688,37,10240,0.00361328125,10,/ceph/sagnihot/projects/Lorena_Contrastive_Representation_Arch/sparse_contrast_benchmark_large_batch/outputs/previews/heldout_val/cifar10/color_opponency/b342413f7fab68dca9f51d5336d9fc188828ed434a596141a8b9ee2a55ef791e/train_p60.npz
cifar10,color_opponency,red_green_contrast,60,normalized,2.32500958442688,2.583343982696533,26,10240,0.0025390625,10,/ceph/sagnihot/projects/Lorena_Contrastive_Representation_Arch/sparse_contrast_benchmark_large_batch/outputs/previews/heldout_val/cifar10/color_opponency/b342413f7fab68dca9f51d5336d9fc188828ed434a596141a8b9ee2a55ef791e/train_p60.npz
cifar10,color_opponency,red_green_contrast,60,normalized,2.583343982696533,2.8416783809661865,16,10240,0.0015625,10,/ceph/sagnihot/projects/Lorena_Contrastive_Representation_Arch/sparse_contrast_benchmark_large_batch/outputs/previews/heldout_val/cifar10/color_opponency/b342413f7fab68dca9f51d5336d9fc188828ed434a596141a8b9ee2a55ef791e/train_p60.npz
cifar10,color_opponency,red_green_contrast,60,normalized,2.8416783809661865,3.10001277923584,14,10240,0.0013671875,10,/ceph/sagnihot/projects/Lorena_Contrastive_Representation_Arch/sparse_contrast_benchmark_large_batch/outputs/previews/heldout_val/cifar10/color_opponency/b342413f7fab68dca9f51d5336d9fc188828ed434a596141a8b9ee2a55ef791e/train_p60.npz
cifar10,color_opponency,red_green_contrast,60,normalized,3.10001277923584,3.358347177505493,18,10240,0.0017578125,10,/ceph/sagnihot/projects/Lorena_Contrastive_Representation_Arch/sparse_contrast_benchmark_large_batch/outputs/previews/heldout_val/cifar10/color_opponency/b342413f7fab68dca9f51d5336d9fc188828ed434a596141a8b9ee2a55ef791e/train_p60.npz
cifar10,color_opponency,red_green_contrast,60,normalized,3.358347177505493,3.6166815757751465,5,10240,0.00048828125,10,/ceph/sagnihot/projects/Lorena_Contrastive_Representation_Arch/sparse_contrast_benchmark_large_batch/outputs/previews/heldout_val/cifar10/color_opponency/b342413f7fab68dca9f51d5336d9fc188828ed434a596141a8b9ee2a55ef791e/train_p60.npz
cifar10,color_opponency,red_green_contrast,60,normalized,3.6166815757751465,3.8750159740448,5,10240,0.00048828125,10,/ceph/sagnihot/projects/Lorena_Contrastive_Representation_Arch/sparse_contrast_benchmark_large_batch/outputs/previews/heldout_val/cifar10/color_opponency/b342413f7fab68dca9f51d5336d9fc188828ed434a596141a8b9ee2a55ef791e/train_p60.npz
cifar10,color_opponency,red_green_contrast,60,normalized,3.8750159740448,4.133350372314453,5,10240,0.00048828125,10,/ceph/sagnihot/projects/Lorena_Contrastive_Representation_Arch/sparse_contrast_benchmark_large_batch/outputs/previews/heldout_val/cifar10/color_opponency/b342413f7fab68dca9f51d5336d9fc188828ed434a596141a8b9ee2a55ef791e/train_p60.npz
cifar10,color_opponency,red_green_contrast,60,normalized,4.133350372314453,4.3916847705841064,0,10240,0.0,10,/ceph/sagnihot/projects/Lorena_Contrastive_Representation_Arch/sparse_contrast_benchmark_large_batch/outputs/previews/heldout_val/cifar10/color_opponency/b342413f7fab68dca9f51d5336d9fc188828ed434a596141a8b9ee2a55ef791e/train_p60.npz
cifar10,color_opponency,red_green_contrast,60,normalized,4.3916847705841064,4.65001916885376,6,10240,0.0005859375,10,/ceph/sagnihot/projects/Lorena_Contrastive_Representation_Arch/sparse_contrast_benchmark_large_batch/outputs/previews/heldout_val/cifar10/color_opponency/b342413f7fab68dca9f51d5336d9fc188828ed434a596141a8b9ee2a55ef791e/train_p60.npz
cifar10,color_opponency,red_green_contrast,60,normalized,4.65001916885376,4.908353567123413,1,10240,9.765625e-05,10,/ceph/sagnihot/projects/Lorena_Contrastive_Representation_Arch/sparse_contrast_benchmark_large_batch/outputs/previews/heldout_val/cifar10/color_opponency/b342413f7fab68dca9f51d5336d9fc188828ed434a596141a8b9ee2a55ef791e/train_p60.npz
cifar10,color_opponency,red_green_contrast,60,normalized,4.908353567123413,5.166687965393066,1,10240,9.765625e-05,10,/ceph/sagnihot/projects/Lorena_Contrastive_Representation_Arch/sparse_contrast_benchmark_large_batch/outputs/previews/heldout_val/cifar10/color_opponency/b342413f7fab68dca9f51d5336d9fc188828ed434a596141a8b9ee2a55ef791e/train_p60.npz
cifar10,color_opponency,red_green_contrast,60,normalized,5.166687965393066,5.42502236366272,2,10240,0.0001953125,10,/ceph/sagnihot/projects/Lorena_Contrastive_Representation_Arch/sparse_contrast_benchmark_large_batch/outputs/previews/heldout_val/cifar10/color_opponency/b342413f7fab68dca9f51d5336d9fc188828ed434a596141a8b9ee2a55ef791e/train_p60.npz
cifar10,color_opponency,red_green_contrast,60,normalized,5.42502236366272,5.683356761932373,2,10240,0.0001953125,10,/ceph/sagnihot/projects/Lorena_Contrastive_Representation_Arch/sparse_contrast_benchmark_large_batch/outputs/previews/heldout_val/cifar10/color_opponency/b342413f7fab68dca9f51d5336d9fc188828ed434a596141a8b9ee2a55ef791e/train_p60.npz
cifar10,color_opponency,red_green_contrast,60,normalized,5.683356761932373,5.941691160202026,0,10240,0.0,10,/ceph/sagnihot/projects/Lorena_Contrastive_Representation_Arch/sparse_contrast_benchmark_large_batch/outputs/previews/heldout_val/cifar10/color_opponency/b342413f7fab68dca9f51d5336d9fc188828ed434a596141a8b9ee2a55ef791e/train_p60.npz
cifar10,color_opponency,red_green_contrast,60,normalized,5.941691160202026,6.20002555847168,1,10240,9.765625e-05,10,/ceph/sagnihot/projects/Lorena_Contrastive_Representation_Arch/sparse_contrast_benchmark_large_batch/outputs/previews/heldout_val/cifar10/color_opponency/b342413f7fab68dca9f51d5336d9fc188828ed434a596141a8b9ee2a55ef791e/train_p60.npz
cifar10,color_opponency,red_green_contrast,60,normalized,6.20002555847168,6.458359956741333,0,10240,0.0,10,/ceph/sagnihot/projects/Lorena_Contrastive_Representation_Arch/sparse_contrast_benchmark_large_batch/outputs/previews/heldout_val/cifar10/color_opponency/b342413f7fab68dca9f51d5336d9fc188828ed434a596141a8b9ee2a55ef791e/train_p60.npz
cifar10,color_opponency,red_green_contrast,60,normalized,6.458359956741333,6.716694355010986,0,10240,0.0,10,/ceph/sagnihot/projects/Lorena_Contrastive_Representation_Arch/sparse_contrast_benchmark_large_batch/outputs/previews/heldout_val/cifar10/color_opponency/b342413f7fab68dca9f51d5336d9fc188828ed434a596141a8b9ee2a55ef791e/train_p60.npz
cifar10,color_opponency,red_green_contrast,60,normalized,6.716694355010986,6.97502875328064,2,10240,0.0001953125,10,/ceph/sagnihot/projects/Lorena_Contrastive_Representation_Arch/sparse_contrast_benchmark_large_batch/outputs/previews/heldout_val/cifar10/color_opponency/b342413f7fab68dca9f51d5336d9fc188828ed434a596141a8b9ee2a55ef791e/train_p60.npz
cifar10,color_opponency,red_green_contrast,60,normalized,6.97502875328064,7.233363151550293,0,10240,0.0,10,/ceph/sagnihot/projects/Lorena_Contrastive_Representation_Arch/sparse_contrast_benchmark_large_batch/outputs/previews/heldout_val/cifar10/color_opponency/b342413f7fab68dca9f51d5336d9fc188828ed434a596141a8b9ee2a55ef791e/train_p60.npz
cifar10,color_opponency,red_green_contrast,60,normalized,7.233363151550293,7.491697549819946,0,10240,0.0,10,/ceph/sagnihot/projects/Lorena_Contrastive_Representation_Arch/sparse_contrast_benchmark_large_batch/outputs/previews/heldout_val/cifar10/color_opponency/b342413f7fab68dca9f51d5336d9fc188828ed434a596141a8b9ee2a55ef791e/train_p60.npz
cifar10,color_opponency,red_green_contrast,60,normalized,7.491697549819946,7.7500319480896,0,10240,0.0,10,/ceph/sagnihot/projects/Lorena_Contrastive_Representation_Arch/sparse_contrast_benchmark_large_batch/outputs/previews/heldout_val/cifar10/color_opponency/b342413f7fab68dca9f51d5336d9fc188828ed434a596141a8b9ee2a55ef791e/train_p60.npz
cifar10,color_opponency,red_green_contrast,60,normalized,7.7500319480896,8.008366346359253,0,10240,0.0,10,/ceph/sagnihot/projects/Lorena_Contrastive_Representation_Arch/sparse_contrast_benchmark_large_batch/outputs/previews/heldout_val/cifar10/color_opponency/b342413f7fab68dca9f51d5336d9fc188828ed434a596141a8b9ee2a55ef791e/train_p60.npz
cifar10,color_opponency,red_green_contrast,60,normalized,8.008366346359253,8.266700744628906,0,10240,0.0,10,/ceph/sagnihot/projects/Lorena_Contrastive_Representation_Arch/sparse_contrast_benchmark_large_batch/outputs/previews/heldout_val/cifar10/color_opponency/b342413f7fab68dca9f51d5336d9fc188828ed434a596141a8b9ee2a55ef791e/train_p60.npz
cifar10,color_opponency,red_green_contrast,60,normalized,8.266700744628906,8.52503514289856,0,10240,0.0,10,/ceph/sagnihot/projects/Lorena_Contrastive_Representation_Arch/sparse_contrast_benchmark_large_batch/outputs/previews/heldout_val/cifar10/color_opponency/b342413f7fab68dca9f51d5336d9fc188828ed434a596141a8b9ee2a55ef791e/train_p60.npz
cifar10,color_opponency,red_green_contrast,60,normalized,8.52503514289856,8.783369541168213,0,10240,0.0,10,/ceph/sagnihot/projects/Lorena_Contrastive_Representation_Arch/sparse_contrast_benchmark_large_batch/outputs/previews/heldout_val/cifar10/color_opponency/b342413f7fab68dca9f51d5336d9fc188828ed434a596141a8b9ee2a55ef791e/train_p60.npz
cifar10,color_opponency,red_green_contrast,60,normalized,8.783369541168213,9.041703939437866,0,10240,0.0,10,/ceph/sagnihot/projects/Lorena_Contrastive_Representation_Arch/sparse_contrast_benchmark_large_batch/outputs/previews/heldout_val/cifar10/color_opponency/b342413f7fab68dca9f51d5336d9fc188828ed434a596141a8b9ee2a55ef791e/train_p60.npz
cifar10,color_opponency,red_green_contrast,60,normalized,9.041703939437866,9.30003833770752,0,10240,0.0,10,/ceph/sagnihot/projects/Lorena_Contrastive_Representation_Arch/sparse_contrast_benchmark_large_batch/outputs/previews/heldout_val/cifar10/color_opponency/b342413f7fab68dca9f51d5336d9fc188828ed434a596141a8b9ee2a55ef791e/train_p60.npz
cifar10,color_opponency,red_green_contrast,60,normalized,9.30003833770752,9.558372735977173,0,10240,0.0,10,/ceph/sagnihot/projects/Lorena_Contrastive_Representation_Arch/sparse_contrast_benchmark_large_batch/outputs/previews/heldout_val/cifar10/color_opponency/b342413f7fab68dca9f51d5336d9fc188828ed434a596141a8b9ee2a55ef791e/train_p60.npz
cifar10,color_opponency,red_green_contrast,60,normalized,9.558372735977173,9.816707134246826,0,10240,0.0,10,/ceph/sagnihot/projects/Lorena_Contrastive_Representation_Arch/sparse_contrast_benchmark_large_batch/outputs/previews/heldout_val/cifar10/color_opponency/b342413f7fab68dca9f51d5336d9fc188828ed434a596141a8b9ee2a55ef791e/train_p60.npz
cifar10,color_opponency,red_green_contrast,60,normalized,9.816707134246826,10.07504153251648,0,10240,0.0,10,/ceph/sagnihot/projects/Lorena_Contrastive_Representation_Arch/sparse_contrast_benchmark_large_batch/outputs/previews/heldout_val/cifar10/color_opponency/b342413f7fab68dca9f51d5336d9fc188828ed434a596141a8b9ee2a55ef791e/train_p60.npz
cifar10,color_opponency,red_green_contrast,60,normalized,10.07504153251648,10.333375930786133,1,10240,9.765625e-05,10,/ceph/sagnihot/projects/Lorena_Contrastive_Representation_Arch/sparse_contrast_benchmark_large_batch/outputs/previews/heldout_val/cifar10/color_opponency/b342413f7fab68dca9f51d5336d9fc188828ed434a596141a8b9ee2a55ef791e/train_p60.npz
