dataset,representation,channel,sparsity_percent,domain,bin_left,bin_right,count,coefficient_count,fraction,sample_count,source_npz
mnist,grayscale,mean_rgb_contrast,0,native,-0.5882353782653809,-0.5735294938087463,1,7840,0.00012755102040816328,10,/ceph/sagnihot/projects/Lorena_Contrastive_Representation_Arch/sparse_contrast_benchmark_large_batch/outputs/previews/heldout_val/mnist/grayscale/044b5258920ebe081b5e86d4f8c1686ccb2f4ef2445a899fe141f64448265d7a/train_p0.npz
mnist,grayscale,mean_rgb_contrast,0,native,-0.5735294938087463,-0.5588236093521118,1,7840,0.00012755102040816328,10,/ceph/sagnihot/projects/Lorena_Contrastive_Representation_Arch/sparse_contrast_benchmark_large_batch/outputs/previews/heldout_val/mnist/grayscale/044b5258920ebe081b5e86d4f8c1686ccb2f4ef2445a899fe141f64448265d7a/train_p0.npz
mnist,grayscale,mean_rgb_contrast,0,native,-0.5588236093521118,-0.5441177248954773,0,7840,0.0,10,/ceph/sagnihot/projects/Lorena_Contrastive_Representation_Arch/sparse_contrast_benchmark_large_batch/outputs/previews/heldout_val/mnist/grayscale/044b5258920ebe081b5e86d4f8c1686ccb2f4ef2445a899fe141f64448265d7a/train_p0.npz
mnist,grayscale,mean_rgb_contrast,0,native,-0.5441177248954773,-0.5294118404388428,3,7840,0.0003826530612244898,10,/ceph/sagnihot/projects/Lorena_Contrastive_Representation_Arch/sparse_contrast_benchmark_large_batch/outputs/previews/heldout_val/mnist/grayscale/044b5258920ebe081b5e86d4f8c1686ccb2f4ef2445a899fe141f64448265d7a/train_p0.npz
mnist,grayscale,mean_rgb_contrast,0,native,-0.5294118404388428,-0.5147059559822083,0,7840,0.0,10,/ceph/sagnihot/projects/Lorena_Contrastive_Representation_Arch/sparse_contrast_benchmark_large_batch/outputs/previews/heldout_val/mnist/grayscale/044b5258920ebe081b5e86d4f8c1686ccb2f4ef2445a899fe141f64448265d7a/train_p0.npz
mnist,grayscale,mean_rgb_contrast,0,native,-0.5147059559822083,-0.5000000715255737,2,7840,0.00025510204081632655,10,/ceph/sagnihot/projects/Lorena_Contrastive_Representation_Arch/sparse_contrast_benchmark_large_batch/outputs/previews/heldout_val/mnist/grayscale/044b5258920ebe081b5e86d4f8c1686ccb2f4ef2445a899fe141f64448265d7a/train_p0.npz
mnist,grayscale,mean_rgb_contrast,0,native,-0.5000000715255737,-0.48529418706893923,0,7840,0.0,10,/ceph/sagnihot/projects/Lorena_Contrastive_Representation_Arch/sparse_contrast_benchmark_large_batch/outputs/previews/heldout_val/mnist/grayscale/044b5258920ebe081b5e86d4f8c1686ccb2f4ef2445a899fe141f64448265d7a/train_p0.npz
mnist,grayscale,mean_rgb_contrast,0,native,-0.48529418706893923,-0.47058830261230467,2,7840,0.00025510204081632655,10,/ceph/sagnihot/projects/Lorena_Contrastive_Representation_Arch/sparse_contrast_benchmark_large_batch/outputs/previews/heldout_val/mnist/grayscale/044b5258920ebe081b5e86d4f8c1686ccb2f4ef2445a899fe141f64448265d7a/train_p0.npz
mnist,grayscale,mean_rgb_contrast,0,native,-0.47058830261230467,-0.4558824181556702,1,7840,0.00012755102040816328,10,/ceph/sagnihot/projects/Lorena_Contrastive_Representation_Arch/sparse_contrast_benchmark_large_batch/outputs/previews/heldout_val/mnist/grayscale/044b5258920ebe081b5e86d4f8c1686ccb2f4ef2445a899fe141f64448265d7a/train_p0.npz
mnist,grayscale,mean_rgb_contrast,0,native,-0.4558824181556702,-0.44117653369903564,3,7840,0.0003826530612244898,10,/ceph/sagnihot/projects/Lorena_Contrastive_Representation_Arch/sparse_contrast_benchmark_large_batch/outputs/previews/heldout_val/mnist/grayscale/044b5258920ebe081b5e86d4f8c1686ccb2f4ef2445a899fe141f64448265d7a/train_p0.npz
mnist,grayscale,mean_rgb_contrast,0,native,-0.44117653369903564,-0.42647064924240113,7,7840,0.0008928571428571428,10,/ceph/sagnihot/projects/Lorena_Contrastive_Representation_Arch/sparse_contrast_benchmark_large_batch/outputs/previews/heldout_val/mnist/grayscale/044b5258920ebe081b5e86d4f8c1686ccb2f4ef2445a899fe141f64448265d7a/train_p0.npz
mnist,grayscale,mean_rgb_contrast,0,native,-0.42647064924240113,-0.4117647647857666,2,7840,0.00025510204081632655,10,/ceph/sagnihot/projects/Lorena_Contrastive_Representation_Arch/sparse_contrast_benchmark_large_batch/outputs/previews/heldout_val/mnist/grayscale/044b5258920ebe081b5e86d4f8c1686ccb2f4ef2445a899fe141f64448265d7a/train_p0.npz
mnist,grayscale,mean_rgb_contrast,0,native,-0.4117647647857666,-0.39705888032913206,3,7840,0.0003826530612244898,10,/ceph/sagnihot/projects/Lorena_Contrastive_Representation_Arch/sparse_contrast_benchmark_large_batch/outputs/previews/heldout_val/mnist/grayscale/044b5258920ebe081b5e86d4f8c1686ccb2f4ef2445a899fe141f64448265d7a/train_p0.npz
mnist,grayscale,mean_rgb_contrast,0,native,-0.39705888032913206,-0.3823529958724976,4,7840,0.0005102040816326531,10,/ceph/sagnihot/projects/Lorena_Contrastive_Representation_Arch/sparse_contrast_benchmark_large_batch/outputs/previews/heldout_val/mnist/grayscale/044b5258920ebe081b5e86d4f8c1686ccb2f4ef2445a899fe141f64448265d7a/train_p0.npz
mnist,grayscale,mean_rgb_contrast,0,native,-0.3823529958724976,-0.36764711141586304,6,7840,0.0007653061224489796,10,/ceph/sagnihot/projects/Lorena_Contrastive_Representation_Arch/sparse_contrast_benchmark_large_batch/outputs/previews/heldout_val/mnist/grayscale/044b5258920ebe081b5e86d4f8c1686ccb2f4ef2445a899fe141f64448265d7a/train_p0.npz
mnist,grayscale,mean_rgb_contrast,0,native,-0.36764711141586304,-0.3529412269592285,7,7840,0.0008928571428571428,10,/ceph/sagnihot/projects/Lorena_Contrastive_Representation_Arch/sparse_contrast_benchmark_large_batch/outputs/previews/heldout_val/mnist/grayscale/044b5258920ebe081b5e86d4f8c1686ccb2f4ef2445a899fe141f64448265d7a/train_p0.npz
mnist,grayscale,mean_rgb_contrast,0,native,-0.3529412269592285,-0.338235342502594,11,7840,0.0014030612244897958,10,/ceph/sagnihot/projects/Lorena_Contrastive_Representation_Arch/sparse_contrast_benchmark_large_batch/outputs/previews/heldout_val/mnist/grayscale/044b5258920ebe081b5e86d4f8c1686ccb2f4ef2445a899fe141f64448265d7a/train_p0.npz
mnist,grayscale,mean_rgb_contrast,0,native,-0.338235342502594,-0.3235294580459595,39,7840,0.004974489795918367,10,/ceph/sagnihot/projects/Lorena_Contrastive_Representation_Arch/sparse_contrast_benchmark_large_batch/outputs/previews/heldout_val/mnist/grayscale/044b5258920ebe081b5e86d4f8c1686ccb2f4ef2445a899fe141f64448265d7a/train_p0.npz
mnist,grayscale,mean_rgb_contrast,0,native,-0.3235294580459595,-0.30882357358932494,23,7840,0.002933673469387755,10,/ceph/sagnihot/projects/Lorena_Contrastive_Representation_Arch/sparse_contrast_benchmark_large_batch/outputs/previews/heldout_val/mnist/grayscale/044b5258920ebe081b5e86d4f8c1686ccb2f4ef2445a899fe141f64448265d7a/train_p0.npz
mnist,grayscale,mean_rgb_contrast,0,native,-0.30882357358932494,-0.29411768913269043,27,7840,0.0034438775510204083,10,/ceph/sagnihot/projects/Lorena_Contrastive_Representation_Arch/sparse_contrast_benchmark_large_batch/outputs/previews/heldout_val/mnist/grayscale/044b5258920ebe081b5e86d4f8c1686ccb2f4ef2445a899fe141f64448265d7a/train_p0.npz
mnist,grayscale,mean_rgb_contrast,0,native,-0.29411768913269043,-0.2794118046760559,21,7840,0.0026785714285714286,10,/ceph/sagnihot/projects/Lorena_Contrastive_Representation_Arch/sparse_contrast_benchmark_large_batch/outputs/previews/heldout_val/mnist/grayscale/044b5258920ebe081b5e86d4f8c1686ccb2f4ef2445a899fe141f64448265d7a/train_p0.npz
mnist,grayscale,mean_rgb_contrast,0,native,-0.2794118046760559,-0.2647059202194214,37,7840,0.004719387755102041,10,/ceph/sagnihot/projects/Lorena_Contrastive_Representation_Arch/sparse_contrast_benchmark_large_batch/outputs/previews/heldout_val/mnist/grayscale/044b5258920ebe081b5e86d4f8c1686ccb2f4ef2445a899fe141f64448265d7a/train_p0.npz
mnist,grayscale,mean_rgb_contrast,0,native,-0.2647059202194214,-0.2500000357627869,47,7840,0.005994897959183673,10,/ceph/sagnihot/projects/Lorena_Contrastive_Representation_Arch/sparse_contrast_benchmark_large_batch/outputs/previews/heldout_val/mnist/grayscale/044b5258920ebe081b5e86d4f8c1686ccb2f4ef2445a899fe141f64448265d7a/train_p0.npz
mnist,grayscale,mean_rgb_contrast,0,native,-0.2500000357627869,-0.2352941513061524,32,7840,0.004081632653061225,10,/ceph/sagnihot/projects/Lorena_Contrastive_Representation_Arch/sparse_contrast_benchmark_large_batch/outputs/previews/heldout_val/mnist/grayscale/044b5258920ebe081b5e86d4f8c1686ccb2f4ef2445a899fe141f64448265d7a/train_p0.npz
mnist,grayscale,mean_rgb_contrast,0,native,-0.2352941513061524,-0.22058826684951782,53,7840,0.0067602040816326535,10,/ceph/sagnihot/projects/Lorena_Contrastive_Representation_Arch/sparse_contrast_benchmark_large_batch/outputs/previews/heldout_val/mnist/grayscale/044b5258920ebe081b5e86d4f8c1686ccb2f4ef2445a899fe141f64448265d7a/train_p0.npz
mnist,grayscale,mean_rgb_contrast,0,native,-0.22058826684951782,-0.2058823823928833,37,7840,0.004719387755102041,10,/ceph/sagnihot/projects/Lorena_Contrastive_Representation_Arch/sparse_contrast_benchmark_large_batch/outputs/previews/heldout_val/mnist/grayscale/044b5258920ebe081b5e86d4f8c1686ccb2f4ef2445a899fe141f64448265d7a/train_p0.npz
mnist,grayscale,mean_rgb_contrast,0,native,-0.2058823823928833,-0.1911764979362488,58,7840,0.00739795918367347,10,/ceph/sagnihot/projects/Lorena_Contrastive_Representation_Arch/sparse_contrast_benchmark_large_batch/outputs/previews/heldout_val/mnist/grayscale/044b5258920ebe081b5e86d4f8c1686ccb2f4ef2445a899fe141f64448265d7a/train_p0.npz
mnist,grayscale,mean_rgb_contrast,0,native,-0.1911764979362488,-0.1764706134796143,57,7840,0.007270408163265306,10,/ceph/sagnihot/projects/Lorena_Contrastive_Representation_Arch/sparse_contrast_benchmark_large_batch/outputs/previews/heldout_val/mnist/grayscale/044b5258920ebe081b5e86d4f8c1686ccb2f4ef2445a899fe141f64448265d7a/train_p0.npz
mnist,grayscale,mean_rgb_contrast,0,native,-0.1764706134796143,-0.16176472902297978,66,7840,0.008418367346938776,10,/ceph/sagnihot/projects/Lorena_Contrastive_Representation_Arch/sparse_contrast_benchmark_large_batch/outputs/previews/heldout_val/mnist/grayscale/044b5258920ebe081b5e86d4f8c1686ccb2f4ef2445a899fe141f64448265d7a/train_p0.npz
mnist,grayscale,mean_rgb_contrast,0,native,-0.16176472902297978,-0.14705884456634521,48,7840,0.006122448979591836,10,/ceph/sagnihot/projects/Lorena_Contrastive_Representation_Arch/sparse_contrast_benchmark_large_batch/outputs/previews/heldout_val/mnist/grayscale/044b5258920ebe081b5e86d4f8c1686ccb2f4ef2445a899fe141f64448265d7a/train_p0.npz
mnist,grayscale,mean_rgb_contrast,0,native,-0.14705884456634521,-0.1323529601097107,56,7840,0.007142857142857143,10,/ceph/sagnihot/projects/Lorena_Contrastive_Representation_Arch/sparse_contrast_benchmark_large_batch/outputs/previews/heldout_val/mnist/grayscale/044b5258920ebe081b5e86d4f8c1686ccb2f4ef2445a899fe141f64448265d7a/train_p0.npz
mnist,grayscale,mean_rgb_contrast,0,native,-0.1323529601097107,-0.1176470756530762,52,7840,0.0066326530612244895,10,/ceph/sagnihot/projects/Lorena_Contrastive_Representation_Arch/sparse_contrast_benchmark_large_batch/outputs/previews/heldout_val/mnist/grayscale/044b5258920ebe081b5e86d4f8c1686ccb2f4ef2445a899fe141f64448265d7a/train_p0.npz
mnist,grayscale,mean_rgb_contrast,0,native,-0.1176470756530762,-0.10294119119644168,76,7840,0.009693877551020408,10,/ceph/sagnihot/projects/Lorena_Contrastive_Representation_Arch/sparse_contrast_benchmark_large_batch/outputs/previews/heldout_val/mnist/grayscale/044b5258920ebe081b5e86d4f8c1686ccb2f4ef2445a899fe141f64448265d7a/train_p0.npz
mnist,grayscale,mean_rgb_contrast,0,native,-0.10294119119644168,-0.08823530673980717,72,7840,0.009183673469387756,10,/ceph/sagnihot/projects/Lorena_Contrastive_Representation_Arch/sparse_contrast_benchmark_large_batch/outputs/previews/heldout_val/mnist/grayscale/044b5258920ebe081b5e86d4f8c1686ccb2f4ef2445a899fe141f64448265d7a/train_p0.npz
mnist,grayscale,mean_rgb_contrast,0,native,-0.08823530673980717,-0.07352942228317261,68,7840,0.008673469387755102,10,/ceph/sagnihot/projects/Lorena_Contrastive_Representation_Arch/sparse_contrast_benchmark_large_batch/outputs/previews/heldout_val/mnist/grayscale/044b5258920ebe081b5e86d4f8c1686ccb2f4ef2445a899fe141f64448265d7a/train_p0.npz
mnist,grayscale,mean_rgb_contrast,0,native,-0.07352942228317261,-0.05882353782653815,62,7840,0.007908163265306122,10,/ceph/sagnihot/projects/Lorena_Contrastive_Representation_Arch/sparse_contrast_benchmark_large_batch/outputs/previews/heldout_val/mnist/grayscale/044b5258920ebe081b5e86d4f8c1686ccb2f4ef2445a899fe141f64448265d7a/train_p0.npz
mnist,grayscale,mean_rgb_contrast,0,native,-0.05882353782653815,-0.04411765336990359,80,7840,0.01020408163265306,10,/ceph/sagnihot/projects/Lorena_Contrastive_Representation_Arch/sparse_contrast_benchmark_large_batch/outputs/previews/heldout_val/mnist/grayscale/044b5258920ebe081b5e86d4f8c1686ccb2f4ef2445a899fe141f64448265d7a/train_p0.npz
mnist,grayscale,mean_rgb_contrast,0,native,-0.04411765336990359,-0.02941176891326902,72,7840,0.009183673469387756,10,/ceph/sagnihot/projects/Lorena_Contrastive_Representation_Arch/sparse_contrast_benchmark_large_batch/outputs/previews/heldout_val/mnist/grayscale/044b5258920ebe081b5e86d4f8c1686ccb2f4ef2445a899fe141f64448265d7a/train_p0.npz
mnist,grayscale,mean_rgb_contrast,0,native,-0.02941176891326902,-0.014705884456634566,110,7840,0.01403061224489796,10,/ceph/sagnihot/projects/Lorena_Contrastive_Representation_Arch/sparse_contrast_benchmark_large_batch/outputs/previews/heldout_val/mnist/grayscale/044b5258920ebe081b5e86d4f8c1686ccb2f4ef2445a899fe141f64448265d7a/train_p0.npz
mnist,grayscale,mean_rgb_contrast,0,native,-0.014705884456634566,0.0,188,7840,0.023979591836734693,10,/ceph/sagnihot/projects/Lorena_Contrastive_Representation_Arch/sparse_contrast_benchmark_large_batch/outputs/previews/heldout_val/mnist/grayscale/044b5258920ebe081b5e86d4f8c1686ccb2f4ef2445a899fe141f64448265d7a/train_p0.npz
mnist,grayscale,mean_rgb_contrast,0,native,0.0,0.014705884456634455,5416,7840,0.6908163265306122,10,/ceph/sagnihot/projects/Lorena_Contrastive_Representation_Arch/sparse_contrast_benchmark_large_batch/outputs/previews/heldout_val/mnist/grayscale/044b5258920ebe081b5e86d4f8c1686ccb2f4ef2445a899fe141f64448265d7a/train_p0.npz
mnist,grayscale,mean_rgb_contrast,0,native,0.014705884456634455,0.02941176891326902,34,7840,0.004336734693877551,10,/ceph/sagnihot/projects/Lorena_Contrastive_Representation_Arch/sparse_contrast_benchmark_large_batch/outputs/previews/heldout_val/mnist/grayscale/044b5258920ebe081b5e86d4f8c1686ccb2f4ef2445a899fe141f64448265d7a/train_p0.npz
mnist,grayscale,mean_rgb_contrast,0,native,0.02941176891326902,0.04411765336990359,47,7840,0.005994897959183673,10,/ceph/sagnihot/projects/Lorena_Contrastive_Representation_Arch/sparse_contrast_benchmark_large_batch/outputs/previews/heldout_val/mnist/grayscale/044b5258920ebe081b5e86d4f8c1686ccb2f4ef2445a899fe141f64448265d7a/train_p0.npz
mnist,grayscale,mean_rgb_contrast,0,native,0.04411765336990359,0.05882353782653804,35,7840,0.004464285714285714,10,/ceph/sagnihot/projects/Lorena_Contrastive_Representation_Arch/sparse_contrast_benchmark_large_batch/outputs/previews/heldout_val/mnist/grayscale/044b5258920ebe081b5e86d4f8c1686ccb2f4ef2445a899fe141f64448265d7a/train_p0.npz
mnist,grayscale,mean_rgb_contrast,0,native,0.05882353782653804,0.07352942228317261,35,7840,0.004464285714285714,10,/ceph/sagnihot/projects/Lorena_Contrastive_Representation_Arch/sparse_contrast_benchmark_large_batch/outputs/previews/heldout_val/mnist/grayscale/044b5258920ebe081b5e86d4f8c1686ccb2f4ef2445a899fe141f64448265d7a/train_p0.npz
mnist,grayscale,mean_rgb_contrast,0,native,0.07352942228317261,0.08823530673980706,42,7840,0.005357142857142857,10,/ceph/sagnihot/projects/Lorena_Contrastive_Representation_Arch/sparse_contrast_benchmark_large_batch/outputs/previews/heldout_val/mnist/grayscale/044b5258920ebe081b5e86d4f8c1686ccb2f4ef2445a899fe141f64448265d7a/train_p0.npz
mnist,grayscale,mean_rgb_contrast,0,native,0.08823530673980706,0.10294119119644163,35,7840,0.004464285714285714,10,/ceph/sagnihot/projects/Lorena_Contrastive_Representation_Arch/sparse_contrast_benchmark_large_batch/outputs/previews/heldout_val/mnist/grayscale/044b5258920ebe081b5e86d4f8c1686ccb2f4ef2445a899fe141f64448265d7a/train_p0.npz
mnist,grayscale,mean_rgb_contrast,0,native,0.10294119119644163,0.11764707565307608,60,7840,0.007653061224489796,10,/ceph/sagnihot/projects/Lorena_Contrastive_Representation_Arch/sparse_contrast_benchmark_large_batch/outputs/previews/heldout_val/mnist/grayscale/044b5258920ebe081b5e86d4f8c1686ccb2f4ef2445a899fe141f64448265d7a/train_p0.npz
mnist,grayscale,mean_rgb_contrast,0,native,0.11764707565307608,0.13235296010971065,35,7840,0.004464285714285714,10,/ceph/sagnihot/projects/Lorena_Contrastive_Representation_Arch/sparse_contrast_benchmark_large_batch/outputs/previews/heldout_val/mnist/grayscale/044b5258920ebe081b5e86d4f8c1686ccb2f4ef2445a899fe141f64448265d7a/train_p0.npz
mnist,grayscale,mean_rgb_contrast,0,native,0.13235296010971065,0.14705884456634521,36,7840,0.004591836734693878,10,/ceph/sagnihot/projects/Lorena_Contrastive_Representation_Arch/sparse_contrast_benchmark_large_batch/outputs/previews/heldout_val/mnist/grayscale/044b5258920ebe081b5e86d4f8c1686ccb2f4ef2445a899fe141f64448265d7a/train_p0.npz
mnist,grayscale,mean_rgb_contrast,0,native,0.14705884456634521,0.16176472902297967,53,7840,0.0067602040816326535,10,/ceph/sagnihot/projects/Lorena_Contrastive_Representation_Arch/sparse_contrast_benchmark_large_batch/outputs/previews/heldout_val/mnist/grayscale/044b5258920ebe081b5e86d4f8c1686ccb2f4ef2445a899fe141f64448265d7a/train_p0.npz
mnist,grayscale,mean_rgb_contrast,0,native,0.16176472902297967,0.17647061347961424,43,7840,0.00548469387755102,10,/ceph/sagnihot/projects/Lorena_Contrastive_Representation_Arch/sparse_contrast_benchmark_large_batch/outputs/previews/heldout_val/mnist/grayscale/044b5258920ebe081b5e86d4f8c1686ccb2f4ef2445a899fe141f64448265d7a/train_p0.npz
mnist,grayscale,mean_rgb_contrast,0,native,0.17647061347961424,0.1911764979362487,43,7840,0.00548469387755102,10,/ceph/sagnihot/projects/Lorena_Contrastive_Representation_Arch/sparse_contrast_benchmark_large_batch/outputs/previews/heldout_val/mnist/grayscale/044b5258920ebe081b5e86d4f8c1686ccb2f4ef2445a899fe141f64448265d7a/train_p0.npz
mnist,grayscale,mean_rgb_contrast,0,native,0.1911764979362487,0.20588238239288326,46,7840,0.00586734693877551,10,/ceph/sagnihot/projects/Lorena_Contrastive_Representation_Arch/sparse_contrast_benchmark_large_batch/outputs/previews/heldout_val/mnist/grayscale/044b5258920ebe081b5e86d4f8c1686ccb2f4ef2445a899fe141f64448265d7a/train_p0.npz
mnist,grayscale,mean_rgb_contrast,0,native,0.20588238239288326,0.22058826684951782,51,7840,0.0065051020408163265,10,/ceph/sagnihot/projects/Lorena_Contrastive_Representation_Arch/sparse_contrast_benchmark_large_batch/outputs/previews/heldout_val/mnist/grayscale/044b5258920ebe081b5e86d4f8c1686ccb2f4ef2445a899fe141f64448265d7a/train_p0.npz
mnist,grayscale,mean_rgb_contrast,0,native,0.22058826684951782,0.23529415130615228,40,7840,0.00510204081632653,10,/ceph/sagnihot/projects/Lorena_Contrastive_Representation_Arch/sparse_contrast_benchmark_large_batch/outputs/previews/heldout_val/mnist/grayscale/044b5258920ebe081b5e86d4f8c1686ccb2f4ef2445a899fe141f64448265d7a/train_p0.npz
mnist,grayscale,mean_rgb_contrast,0,native,0.23529415130615228,0.25000003576278684,38,7840,0.004846938775510204,10,/ceph/sagnihot/projects/Lorena_Contrastive_Representation_Arch/sparse_contrast_benchmark_large_batch/outputs/previews/heldout_val/mnist/grayscale/044b5258920ebe081b5e86d4f8c1686ccb2f4ef2445a899fe141f64448265d7a/train_p0.npz
mnist,grayscale,mean_rgb_contrast,0,native,0.25000003576278684,0.2647059202194213,36,7840,0.004591836734693878,10,/ceph/sagnihot/projects/Lorena_Contrastive_Representation_Arch/sparse_contrast_benchmark_large_batch/outputs/previews/heldout_val/mnist/grayscale/044b5258920ebe081b5e86d4f8c1686ccb2f4ef2445a899fe141f64448265d7a/train_p0.npz
mnist,grayscale,mean_rgb_contrast,0,native,0.2647059202194213,0.27941180467605586,40,7840,0.00510204081632653,10,/ceph/sagnihot/projects/Lorena_Contrastive_Representation_Arch/sparse_contrast_benchmark_large_batch/outputs/previews/heldout_val/mnist/grayscale/044b5258920ebe081b5e86d4f8c1686ccb2f4ef2445a899fe141f64448265d7a/train_p0.npz
mnist,grayscale,mean_rgb_contrast,0,native,0.27941180467605586,0.29411768913269043,33,7840,0.004209183673469388,10,/ceph/sagnihot/projects/Lorena_Contrastive_Representation_Arch/sparse_contrast_benchmark_large_batch/outputs/previews/heldout_val/mnist/grayscale/044b5258920ebe081b5e86d4f8c1686ccb2f4ef2445a899fe141f64448265d7a/train_p0.npz
mnist,grayscale,mean_rgb_contrast,0,native,0.29411768913269043,0.3088235735893249,38,7840,0.004846938775510204,10,/ceph/sagnihot/projects/Lorena_Contrastive_Representation_Arch/sparse_contrast_benchmark_large_batch/outputs/previews/heldout_val/mnist/grayscale/044b5258920ebe081b5e86d4f8c1686ccb2f4ef2445a899fe141f64448265d7a/train_p0.npz
mnist,grayscale,mean_rgb_contrast,0,native,0.3088235735893249,0.32352945804595945,19,7840,0.002423469387755102,10,/ceph/sagnihot/projects/Lorena_Contrastive_Representation_Arch/sparse_contrast_benchmark_large_batch/outputs/previews/heldout_val/mnist/grayscale/044b5258920ebe081b5e86d4f8c1686ccb2f4ef2445a899fe141f64448265d7a/train_p0.npz
mnist,grayscale,mean_rgb_contrast,0,native,0.32352945804595945,0.3382353425025939,39,7840,0.004974489795918367,10,/ceph/sagnihot/projects/Lorena_Contrastive_Representation_Arch/sparse_contrast_benchmark_large_batch/outputs/previews/heldout_val/mnist/grayscale/044b5258920ebe081b5e86d4f8c1686ccb2f4ef2445a899fe141f64448265d7a/train_p0.npz
mnist,grayscale,mean_rgb_contrast,0,native,0.3382353425025939,0.35294122695922847,19,7840,0.002423469387755102,10,/ceph/sagnihot/projects/Lorena_Contrastive_Representation_Arch/sparse_contrast_benchmark_large_batch/outputs/previews/heldout_val/mnist/grayscale/044b5258920ebe081b5e86d4f8c1686ccb2f4ef2445a899fe141f64448265d7a/train_p0.npz
mnist,grayscale,mean_rgb_contrast,0,native,0.35294122695922847,0.36764711141586304,14,7840,0.0017857142857142857,10,/ceph/sagnihot/projects/Lorena_Contrastive_Representation_Arch/sparse_contrast_benchmark_large_batch/outputs/previews/heldout_val/mnist/grayscale/044b5258920ebe081b5e86d4f8c1686ccb2f4ef2445a899fe141f64448265d7a/train_p0.npz
mnist,grayscale,mean_rgb_contrast,0,native,0.36764711141586304,0.3823529958724975,17,7840,0.0021683673469387755,10,/ceph/sagnihot/projects/Lorena_Contrastive_Representation_Arch/sparse_contrast_benchmark_large_batch/outputs/previews/heldout_val/mnist/grayscale/044b5258920ebe081b5e86d4f8c1686ccb2f4ef2445a899fe141f64448265d7a/train_p0.npz
mnist,grayscale,mean_rgb_contrast,0,native,0.3823529958724975,0.39705888032913206,10,7840,0.0012755102040816326,10,/ceph/sagnihot/projects/Lorena_Contrastive_Representation_Arch/sparse_contrast_benchmark_large_batch/outputs/previews/heldout_val/mnist/grayscale/044b5258920ebe081b5e86d4f8c1686ccb2f4ef2445a899fe141f64448265d7a/train_p0.npz
mnist,grayscale,mean_rgb_contrast,0,native,0.39705888032913206,0.4117647647857665,27,7840,0.0034438775510204083,10,/ceph/sagnihot/projects/Lorena_Contrastive_Representation_Arch/sparse_contrast_benchmark_large_batch/outputs/previews/heldout_val/mnist/grayscale/044b5258920ebe081b5e86d4f8c1686ccb2f4ef2445a899fe141f64448265d7a/train_p0.npz
mnist,grayscale,mean_rgb_contrast,0,native,0.4117647647857665,0.4264706492424011,5,7840,0.0006377551020408163,10,/ceph/sagnihot/projects/Lorena_Contrastive_Representation_Arch/sparse_contrast_benchmark_large_batch/outputs/previews/heldout_val/mnist/grayscale/044b5258920ebe081b5e86d4f8c1686ccb2f4ef2445a899fe141f64448265d7a/train_p0.npz
mnist,grayscale,mean_rgb_contrast,0,native,0.4264706492424011,0.44117653369903564,3,7840,0.0003826530612244898,10,/ceph/sagnihot/projects/Lorena_Contrastive_Representation_Arch/sparse_contrast_benchmark_large_batch/outputs/previews/heldout_val/mnist/grayscale/044b5258920ebe081b5e86d4f8c1686ccb2f4ef2445a899fe141f64448265d7a/train_p0.npz
mnist,grayscale,mean_rgb_contrast,0,native,0.44117653369903564,0.4558824181556702,4,7840,0.0005102040816326531,10,/ceph/sagnihot/projects/Lorena_Contrastive_Representation_Arch/sparse_contrast_benchmark_large_batch/outputs/previews/heldout_val/mnist/grayscale/044b5258920ebe081b5e86d4f8c1686ccb2f4ef2445a899fe141f64448265d7a/train_p0.npz
mnist,grayscale,mean_rgb_contrast,0,native,0.4558824181556702,0.47058830261230455,4,7840,0.0005102040816326531,10,/ceph/sagnihot/projects/Lorena_Contrastive_Representation_Arch/sparse_contrast_benchmark_large_batch/outputs/previews/heldout_val/mnist/grayscale/044b5258920ebe081b5e86d4f8c1686ccb2f4ef2445a899fe141f64448265d7a/train_p0.npz
mnist,grayscale,mean_rgb_contrast,0,native,0.47058830261230455,0.4852941870689391,2,7840,0.00025510204081632655,10,/ceph/sagnihot/projects/Lorena_Contrastive_Representation_Arch/sparse_contrast_benchmark_large_batch/outputs/previews/heldout_val/mnist/grayscale/044b5258920ebe081b5e86d4f8c1686ccb2f4ef2445a899fe141f64448265d7a/train_p0.npz
mnist,grayscale,mean_rgb_contrast,0,native,0.4852941870689391,0.5000000715255737,1,7840,0.00012755102040816328,10,/ceph/sagnihot/projects/Lorena_Contrastive_Representation_Arch/sparse_contrast_benchmark_large_batch/outputs/previews/heldout_val/mnist/grayscale/044b5258920ebe081b5e86d4f8c1686ccb2f4ef2445a899fe141f64448265d7a/train_p0.npz
mnist,grayscale,mean_rgb_contrast,0,native,0.5000000715255737,0.5147059559822083,2,7840,0.00025510204081632655,10,/ceph/sagnihot/projects/Lorena_Contrastive_Representation_Arch/sparse_contrast_benchmark_large_batch/outputs/previews/heldout_val/mnist/grayscale/044b5258920ebe081b5e86d4f8c1686ccb2f4ef2445a899fe141f64448265d7a/train_p0.npz
mnist,grayscale,mean_rgb_contrast,0,native,0.5147059559822083,0.5294118404388428,1,7840,0.00012755102040816328,10,/ceph/sagnihot/projects/Lorena_Contrastive_Representation_Arch/sparse_contrast_benchmark_large_batch/outputs/previews/heldout_val/mnist/grayscale/044b5258920ebe081b5e86d4f8c1686ccb2f4ef2445a899fe141f64448265d7a/train_p0.npz
mnist,grayscale,mean_rgb_contrast,0,native,0.5294118404388428,0.5441177248954772,2,7840,0.00025510204081632655,10,/ceph/sagnihot/projects/Lorena_Contrastive_Representation_Arch/sparse_contrast_benchmark_large_batch/outputs/previews/heldout_val/mnist/grayscale/044b5258920ebe081b5e86d4f8c1686ccb2f4ef2445a899fe141f64448265d7a/train_p0.npz
mnist,grayscale,mean_rgb_contrast,0,native,0.5441177248954772,0.5588236093521117,1,7840,0.00012755102040816328,10,/ceph/sagnihot/projects/Lorena_Contrastive_Representation_Arch/sparse_contrast_benchmark_large_batch/outputs/previews/heldout_val/mnist/grayscale/044b5258920ebe081b5e86d4f8c1686ccb2f4ef2445a899fe141f64448265d7a/train_p0.npz
mnist,grayscale,mean_rgb_contrast,0,native,0.5588236093521117,0.5735294938087463,0,7840,0.0,10,/ceph/sagnihot/projects/Lorena_Contrastive_Representation_Arch/sparse_contrast_benchmark_large_batch/outputs/previews/heldout_val/mnist/grayscale/044b5258920ebe081b5e86d4f8c1686ccb2f4ef2445a899fe141f64448265d7a/train_p0.npz
mnist,grayscale,mean_rgb_contrast,0,native,0.5735294938087463,0.5882353782653809,0,7840,0.0,10,/ceph/sagnihot/projects/Lorena_Contrastive_Representation_Arch/sparse_contrast_benchmark_large_batch/outputs/previews/heldout_val/mnist/grayscale/044b5258920ebe081b5e86d4f8c1686ccb2f4ef2445a899fe141f64448265d7a/train_p0.npz
mnist,grayscale,mean_rgb_contrast,0,normalized,-5.423488140106201,-5.287900936603546,1,7840,0.00012755102040816328,10,/ceph/sagnihot/projects/Lorena_Contrastive_Representation_Arch/sparse_contrast_benchmark_large_batch/outputs/previews/heldout_val/mnist/grayscale/044b5258920ebe081b5e86d4f8c1686ccb2f4ef2445a899fe141f64448265d7a/train_p0.npz
mnist,grayscale,mean_rgb_contrast,0,normalized,-5.287900936603546,-5.1523137331008915,1,7840,0.00012755102040816328,10,/ceph/sagnihot/projects/Lorena_Contrastive_Representation_Arch/sparse_contrast_benchmark_large_batch/outputs/previews/heldout_val/mnist/grayscale/044b5258920ebe081b5e86d4f8c1686ccb2f4ef2445a899fe141f64448265d7a/train_p0.npz
mnist,grayscale,mean_rgb_contrast,0,normalized,-5.1523137331008915,-5.016726529598236,0,7840,0.0,10,/ceph/sagnihot/projects/Lorena_Contrastive_Representation_Arch/sparse_contrast_benchmark_large_batch/outputs/previews/heldout_val/mnist/grayscale/044b5258920ebe081b5e86d4f8c1686ccb2f4ef2445a899fe141f64448265d7a/train_p0.npz
mnist,grayscale,mean_rgb_contrast,0,normalized,-5.016726529598236,-4.881139326095581,3,7840,0.0003826530612244898,10,/ceph/sagnihot/projects/Lorena_Contrastive_Representation_Arch/sparse_contrast_benchmark_large_batch/outputs/previews/heldout_val/mnist/grayscale/044b5258920ebe081b5e86d4f8c1686ccb2f4ef2445a899fe141f64448265d7a/train_p0.npz
mnist,grayscale,mean_rgb_contrast,0,normalized,-4.881139326095581,-4.745552122592926,0,7840,0.0,10,/ceph/sagnihot/projects/Lorena_Contrastive_Representation_Arch/sparse_contrast_benchmark_large_batch/outputs/previews/heldout_val/mnist/grayscale/044b5258920ebe081b5e86d4f8c1686ccb2f4ef2445a899fe141f64448265d7a/train_p0.npz
mnist,grayscale,mean_rgb_contrast,0,normalized,-4.745552122592926,-4.609964919090271,2,7840,0.00025510204081632655,10,/ceph/sagnihot/projects/Lorena_Contrastive_Representation_Arch/sparse_contrast_benchmark_large_batch/outputs/previews/heldout_val/mnist/grayscale/044b5258920ebe081b5e86d4f8c1686ccb2f4ef2445a899fe141f64448265d7a/train_p0.npz
mnist,grayscale,mean_rgb_contrast,0,normalized,-4.609964919090271,-4.474377715587616,0,7840,0.0,10,/ceph/sagnihot/projects/Lorena_Contrastive_Representation_Arch/sparse_contrast_benchmark_large_batch/outputs/previews/heldout_val/mnist/grayscale/044b5258920ebe081b5e86d4f8c1686ccb2f4ef2445a899fe141f64448265d7a/train_p0.npz
mnist,grayscale,mean_rgb_contrast,0,normalized,-4.474377715587616,-4.338790512084961,2,7840,0.00025510204081632655,10,/ceph/sagnihot/projects/Lorena_Contrastive_Representation_Arch/sparse_contrast_benchmark_large_batch/outputs/previews/heldout_val/mnist/grayscale/044b5258920ebe081b5e86d4f8c1686ccb2f4ef2445a899fe141f64448265d7a/train_p0.npz
mnist,grayscale,mean_rgb_contrast,0,normalized,-4.338790512084961,-4.203203308582306,1,7840,0.00012755102040816328,10,/ceph/sagnihot/projects/Lorena_Contrastive_Representation_Arch/sparse_contrast_benchmark_large_batch/outputs/previews/heldout_val/mnist/grayscale/044b5258920ebe081b5e86d4f8c1686ccb2f4ef2445a899fe141f64448265d7a/train_p0.npz
mnist,grayscale,mean_rgb_contrast,0,normalized,-4.203203308582306,-4.067616105079651,3,7840,0.0003826530612244898,10,/ceph/sagnihot/projects/Lorena_Contrastive_Representation_Arch/sparse_contrast_benchmark_large_batch/outputs/previews/heldout_val/mnist/grayscale/044b5258920ebe081b5e86d4f8c1686ccb2f4ef2445a899fe141f64448265d7a/train_p0.npz
mnist,grayscale,mean_rgb_contrast,0,normalized,-4.067616105079651,-3.932028901576996,7,7840,0.0008928571428571428,10,/ceph/sagnihot/projects/Lorena_Contrastive_Representation_Arch/sparse_contrast_benchmark_large_batch/outputs/previews/heldout_val/mnist/grayscale/044b5258920ebe081b5e86d4f8c1686ccb2f4ef2445a899fe141f64448265d7a/train_p0.npz
mnist,grayscale,mean_rgb_contrast,0,normalized,-3.932028901576996,-3.796441698074341,2,7840,0.00025510204081632655,10,/ceph/sagnihot/projects/Lorena_Contrastive_Representation_Arch/sparse_contrast_benchmark_large_batch/outputs/previews/heldout_val/mnist/grayscale/044b5258920ebe081b5e86d4f8c1686ccb2f4ef2445a899fe141f64448265d7a/train_p0.npz
mnist,grayscale,mean_rgb_contrast,0,normalized,-3.796441698074341,-3.660854494571686,3,7840,0.0003826530612244898,10,/ceph/sagnihot/projects/Lorena_Contrastive_Representation_Arch/sparse_contrast_benchmark_large_batch/outputs/previews/heldout_val/mnist/grayscale/044b5258920ebe081b5e86d4f8c1686ccb2f4ef2445a899fe141f64448265d7a/train_p0.npz
mnist,grayscale,mean_rgb_contrast,0,normalized,-3.660854494571686,-3.525267291069031,4,7840,0.0005102040816326531,10,/ceph/sagnihot/projects/Lorena_Contrastive_Representation_Arch/sparse_contrast_benchmark_large_batch/outputs/previews/heldout_val/mnist/grayscale/044b5258920ebe081b5e86d4f8c1686ccb2f4ef2445a899fe141f64448265d7a/train_p0.npz
mnist,grayscale,mean_rgb_contrast,0,normalized,-3.525267291069031,-3.3896800875663757,6,7840,0.0007653061224489796,10,/ceph/sagnihot/projects/Lorena_Contrastive_Representation_Arch/sparse_contrast_benchmark_large_batch/outputs/previews/heldout_val/mnist/grayscale/044b5258920ebe081b5e86d4f8c1686ccb2f4ef2445a899fe141f64448265d7a/train_p0.npz
mnist,grayscale,mean_rgb_contrast,0,normalized,-3.3896800875663757,-3.254092884063721,8,7840,0.0010204081632653062,10,/ceph/sagnihot/projects/Lorena_Contrastive_Representation_Arch/sparse_contrast_benchmark_large_batch/outputs/previews/heldout_val/mnist/grayscale/044b5258920ebe081b5e86d4f8c1686ccb2f4ef2445a899fe141f64448265d7a/train_p0.npz
mnist,grayscale,mean_rgb_contrast,0,normalized,-3.254092884063721,-3.118505680561066,10,7840,0.0012755102040816326,10,/ceph/sagnihot/projects/Lorena_Contrastive_Representation_Arch/sparse_contrast_benchmark_large_batch/outputs/previews/heldout_val/mnist/grayscale/044b5258920ebe081b5e86d4f8c1686ccb2f4ef2445a899fe141f64448265d7a/train_p0.npz
mnist,grayscale,mean_rgb_contrast,0,normalized,-3.118505680561066,-2.9829184770584107,39,7840,0.004974489795918367,10,/ceph/sagnihot/projects/Lorena_Contrastive_Representation_Arch/sparse_contrast_benchmark_large_batch/outputs/previews/heldout_val/mnist/grayscale/044b5258920ebe081b5e86d4f8c1686ccb2f4ef2445a899fe141f64448265d7a/train_p0.npz
mnist,grayscale,mean_rgb_contrast,0,normalized,-2.9829184770584107,-2.847331273555756,23,7840,0.002933673469387755,10,/ceph/sagnihot/projects/Lorena_Contrastive_Representation_Arch/sparse_contrast_benchmark_large_batch/outputs/previews/heldout_val/mnist/grayscale/044b5258920ebe081b5e86d4f8c1686ccb2f4ef2445a899fe141f64448265d7a/train_p0.npz
mnist,grayscale,mean_rgb_contrast,0,normalized,-2.847331273555756,-2.7117440700531006,28,7840,0.0035714285714285713,10,/ceph/sagnihot/projects/Lorena_Contrastive_Representation_Arch/sparse_contrast_benchmark_large_batch/outputs/previews/heldout_val/mnist/grayscale/044b5258920ebe081b5e86d4f8c1686ccb2f4ef2445a899fe141f64448265d7a/train_p0.npz
mnist,grayscale,mean_rgb_contrast,0,normalized,-2.7117440700531006,-2.5761568665504457,20,7840,0.002551020408163265,10,/ceph/sagnihot/projects/Lorena_Contrastive_Representation_Arch/sparse_contrast_benchmark_large_batch/outputs/previews/heldout_val/mnist/grayscale/044b5258920ebe081b5e86d4f8c1686ccb2f4ef2445a899fe141f64448265d7a/train_p0.npz
mnist,grayscale,mean_rgb_contrast,0,normalized,-2.5761568665504457,-2.440569663047791,37,7840,0.004719387755102041,10,/ceph/sagnihot/projects/Lorena_Contrastive_Representation_Arch/sparse_contrast_benchmark_large_batch/outputs/previews/heldout_val/mnist/grayscale/044b5258920ebe081b5e86d4f8c1686ccb2f4ef2445a899fe141f64448265d7a/train_p0.npz
mnist,grayscale,mean_rgb_contrast,0,normalized,-2.440569663047791,-2.3049824595451356,47,7840,0.005994897959183673,10,/ceph/sagnihot/projects/Lorena_Contrastive_Representation_Arch/sparse_contrast_benchmark_large_batch/outputs/previews/heldout_val/mnist/grayscale/044b5258920ebe081b5e86d4f8c1686ccb2f4ef2445a899fe141f64448265d7a/train_p0.npz
mnist,grayscale,mean_rgb_contrast,0,normalized,-2.3049824595451356,-2.1693952560424807,35,7840,0.004464285714285714,10,/ceph/sagnihot/projects/Lorena_Contrastive_Representation_Arch/sparse_contrast_benchmark_large_batch/outputs/previews/heldout_val/mnist/grayscale/044b5258920ebe081b5e86d4f8c1686ccb2f4ef2445a899fe141f64448265d7a/train_p0.npz
mnist,grayscale,mean_rgb_contrast,0,normalized,-2.1693952560424807,-2.033808052539826,50,7840,0.006377551020408163,10,/ceph/sagnihot/projects/Lorena_Contrastive_Representation_Arch/sparse_contrast_benchmark_large_batch/outputs/previews/heldout_val/mnist/grayscale/044b5258920ebe081b5e86d4f8c1686ccb2f4ef2445a899fe141f64448265d7a/train_p0.npz
mnist,grayscale,mean_rgb_contrast,0,normalized,-2.033808052539826,-1.8982208490371706,37,7840,0.004719387755102041,10,/ceph/sagnihot/projects/Lorena_Contrastive_Representation_Arch/sparse_contrast_benchmark_large_batch/outputs/previews/heldout_val/mnist/grayscale/044b5258920ebe081b5e86d4f8c1686ccb2f4ef2445a899fe141f64448265d7a/train_p0.npz
mnist,grayscale,mean_rgb_contrast,0,normalized,-1.8982208490371706,-1.7626336455345157,58,7840,0.00739795918367347,10,/ceph/sagnihot/projects/Lorena_Contrastive_Representation_Arch/sparse_contrast_benchmark_large_batch/outputs/previews/heldout_val/mnist/grayscale/044b5258920ebe081b5e86d4f8c1686ccb2f4ef2445a899fe141f64448265d7a/train_p0.npz
mnist,grayscale,mean_rgb_contrast,0,normalized,-1.7626336455345157,-1.6270464420318609,59,7840,0.007525510204081633,10,/ceph/sagnihot/projects/Lorena_Contrastive_Representation_Arch/sparse_contrast_benchmark_large_batch/outputs/previews/heldout_val/mnist/grayscale/044b5258920ebe081b5e86d4f8c1686ccb2f4ef2445a899fe141f64448265d7a/train_p0.npz
mnist,grayscale,mean_rgb_contrast,0,normalized,-1.6270464420318609,-1.4914592385292056,64,7840,0.00816326530612245,10,/ceph/sagnihot/projects/Lorena_Contrastive_Representation_Arch/sparse_contrast_benchmark_large_batch/outputs/previews/heldout_val/mnist/grayscale/044b5258920ebe081b5e86d4f8c1686ccb2f4ef2445a899fe141f64448265d7a/train_p0.npz
mnist,grayscale,mean_rgb_contrast,0,normalized,-1.4914592385292056,-1.3558720350265503,48,7840,0.006122448979591836,10,/ceph/sagnihot/projects/Lorena_Contrastive_Representation_Arch/sparse_contrast_benchmark_large_batch/outputs/previews/heldout_val/mnist/grayscale/044b5258920ebe081b5e86d4f8c1686ccb2f4ef2445a899fe141f64448265d7a/train_p0.npz
mnist,grayscale,mean_rgb_contrast,0,normalized,-1.3558720350265503,-1.2202848315238954,56,7840,0.007142857142857143,10,/ceph/sagnihot/projects/Lorena_Contrastive_Representation_Arch/sparse_contrast_benchmark_large_batch/outputs/previews/heldout_val/mnist/grayscale/044b5258920ebe081b5e86d4f8c1686ccb2f4ef2445a899fe141f64448265d7a/train_p0.npz
mnist,grayscale,mean_rgb_contrast,0,normalized,-1.2202848315238954,-1.0846976280212406,53,7840,0.0067602040816326535,10,/ceph/sagnihot/projects/Lorena_Contrastive_Representation_Arch/sparse_contrast_benchmark_large_batch/outputs/previews/heldout_val/mnist/grayscale/044b5258920ebe081b5e86d4f8c1686ccb2f4ef2445a899fe141f64448265d7a/train_p0.npz
mnist,grayscale,mean_rgb_contrast,0,normalized,-1.0846976280212406,-0.9491104245185857,75,7840,0.009566326530612245,10,/ceph/sagnihot/projects/Lorena_Contrastive_Representation_Arch/sparse_contrast_benchmark_large_batch/outputs/previews/heldout_val/mnist/grayscale/044b5258920ebe081b5e86d4f8c1686ccb2f4ef2445a899fe141f64448265d7a/train_p0.npz
mnist,grayscale,mean_rgb_contrast,0,normalized,-0.9491104245185857,-0.8135232210159309,72,7840,0.009183673469387756,10,/ceph/sagnihot/projects/Lorena_Contrastive_Representation_Arch/sparse_contrast_benchmark_large_batch/outputs/previews/heldout_val/mnist/grayscale/044b5258920ebe081b5e86d4f8c1686ccb2f4ef2445a899fe141f64448265d7a/train_p0.npz
mnist,grayscale,mean_rgb_contrast,0,normalized,-0.8135232210159309,-0.6779360175132751,68,7840,0.008673469387755102,10,/ceph/sagnihot/projects/Lorena_Contrastive_Representation_Arch/sparse_contrast_benchmark_large_batch/outputs/previews/heldout_val/mnist/grayscale/044b5258920ebe081b5e86d4f8c1686ccb2f4ef2445a899fe141f64448265d7a/train_p0.npz
mnist,grayscale,mean_rgb_contrast,0,normalized,-0.6779360175132751,-0.5423488140106203,63,7840,0.008035714285714285,10,/ceph/sagnihot/projects/Lorena_Contrastive_Representation_Arch/sparse_contrast_benchmark_large_batch/outputs/previews/heldout_val/mnist/grayscale/044b5258920ebe081b5e86d4f8c1686ccb2f4ef2445a899fe141f64448265d7a/train_p0.npz
mnist,grayscale,mean_rgb_contrast,0,normalized,-0.5423488140106203,-0.40676161050796544,79,7840,0.010076530612244897,10,/ceph/sagnihot/projects/Lorena_Contrastive_Representation_Arch/sparse_contrast_benchmark_large_batch/outputs/previews/heldout_val/mnist/grayscale/044b5258920ebe081b5e86d4f8c1686ccb2f4ef2445a899fe141f64448265d7a/train_p0.npz
mnist,grayscale,mean_rgb_contrast,0,normalized,-0.40676161050796544,-0.2711744070053106,72,7840,0.009183673469387756,10,/ceph/sagnihot/projects/Lorena_Contrastive_Representation_Arch/sparse_contrast_benchmark_large_batch/outputs/previews/heldout_val/mnist/grayscale/044b5258920ebe081b5e86d4f8c1686ccb2f4ef2445a899fe141f64448265d7a/train_p0.npz
mnist,grayscale,mean_rgb_contrast,0,normalized,-0.2711744070053106,-0.13558720350265574,110,7840,0.01403061224489796,10,/ceph/sagnihot/projects/Lorena_Contrastive_Representation_Arch/sparse_contrast_benchmark_large_batch/outputs/previews/heldout_val/mnist/grayscale/044b5258920ebe081b5e86d4f8c1686ccb2f4ef2445a899fe141f64448265d7a/train_p0.npz
mnist,grayscale,mean_rgb_contrast,0,normalized,-0.13558720350265574,0.0,5523,7840,0.7044642857142858,10,/ceph/sagnihot/projects/Lorena_Contrastive_Representation_Arch/sparse_contrast_benchmark_large_batch/outputs/previews/heldout_val/mnist/grayscale/044b5258920ebe081b5e86d4f8c1686ccb2f4ef2445a899fe141f64448265d7a/train_p0.npz
mnist,grayscale,mean_rgb_contrast,0,normalized,0.0,0.13558720350265485,81,7840,0.010331632653061225,10,/ceph/sagnihot/projects/Lorena_Contrastive_Representation_Arch/sparse_contrast_benchmark_large_batch/outputs/previews/heldout_val/mnist/grayscale/044b5258920ebe081b5e86d4f8c1686ccb2f4ef2445a899fe141f64448265d7a/train_p0.npz
mnist,grayscale,mean_rgb_contrast,0,normalized,0.13558720350265485,0.2711744070053097,34,7840,0.004336734693877551,10,/ceph/sagnihot/projects/Lorena_Contrastive_Representation_Arch/sparse_contrast_benchmark_large_batch/outputs/previews/heldout_val/mnist/grayscale/044b5258920ebe081b5e86d4f8c1686ccb2f4ef2445a899fe141f64448265d7a/train_p0.npz
mnist,grayscale,mean_rgb_contrast,0,normalized,0.2711744070053097,0.40676161050796455,47,7840,0.005994897959183673,10,/ceph/sagnihot/projects/Lorena_Contrastive_Representation_Arch/sparse_contrast_benchmark_large_batch/outputs/previews/heldout_val/mnist/grayscale/044b5258920ebe081b5e86d4f8c1686ccb2f4ef2445a899fe141f64448265d7a/train_p0.npz
mnist,grayscale,mean_rgb_contrast,0,normalized,0.40676161050796455,0.5423488140106194,35,7840,0.004464285714285714,10,/ceph/sagnihot/projects/Lorena_Contrastive_Representation_Arch/sparse_contrast_benchmark_large_batch/outputs/previews/heldout_val/mnist/grayscale/044b5258920ebe081b5e86d4f8c1686ccb2f4ef2445a899fe141f64448265d7a/train_p0.npz
mnist,grayscale,mean_rgb_contrast,0,normalized,0.5423488140106194,0.6779360175132743,35,7840,0.004464285714285714,10,/ceph/sagnihot/projects/Lorena_Contrastive_Representation_Arch/sparse_contrast_benchmark_large_batch/outputs/previews/heldout_val/mnist/grayscale/044b5258920ebe081b5e86d4f8c1686ccb2f4ef2445a899fe141f64448265d7a/train_p0.npz
mnist,grayscale,mean_rgb_contrast,0,normalized,0.6779360175132743,0.81352322101593,42,7840,0.005357142857142857,10,/ceph/sagnihot/projects/Lorena_Contrastive_Representation_Arch/sparse_contrast_benchmark_large_batch/outputs/previews/heldout_val/mnist/grayscale/044b5258920ebe081b5e86d4f8c1686ccb2f4ef2445a899fe141f64448265d7a/train_p0.npz
mnist,grayscale,mean_rgb_contrast,0,normalized,0.81352322101593,0.9491104245185848,35,7840,0.004464285714285714,10,/ceph/sagnihot/projects/Lorena_Contrastive_Representation_Arch/sparse_contrast_benchmark_large_batch/outputs/previews/heldout_val/mnist/grayscale/044b5258920ebe081b5e86d4f8c1686ccb2f4ef2445a899fe141f64448265d7a/train_p0.npz
mnist,grayscale,mean_rgb_contrast,0,normalized,0.9491104245185848,1.0846976280212397,61,7840,0.007780612244897959,10,/ceph/sagnihot/projects/Lorena_Contrastive_Representation_Arch/sparse_contrast_benchmark_large_batch/outputs/previews/heldout_val/mnist/grayscale/044b5258920ebe081b5e86d4f8c1686ccb2f4ef2445a899fe141f64448265d7a/train_p0.npz
mnist,grayscale,mean_rgb_contrast,0,normalized,1.0846976280212397,1.2202848315238946,34,7840,0.004336734693877551,10,/ceph/sagnihot/projects/Lorena_Contrastive_Representation_Arch/sparse_contrast_benchmark_large_batch/outputs/previews/heldout_val/mnist/grayscale/044b5258920ebe081b5e86d4f8c1686ccb2f4ef2445a899fe141f64448265d7a/train_p0.npz
mnist,grayscale,mean_rgb_contrast,0,normalized,1.2202848315238946,1.3558720350265494,36,7840,0.004591836734693878,10,/ceph/sagnihot/projects/Lorena_Contrastive_Representation_Arch/sparse_contrast_benchmark_large_batch/outputs/previews/heldout_val/mnist/grayscale/044b5258920ebe081b5e86d4f8c1686ccb2f4ef2445a899fe141f64448265d7a/train_p0.npz
mnist,grayscale,mean_rgb_contrast,0,normalized,1.3558720350265494,1.4914592385292051,53,7840,0.0067602040816326535,10,/ceph/sagnihot/projects/Lorena_Contrastive_Representation_Arch/sparse_contrast_benchmark_large_batch/outputs/previews/heldout_val/mnist/grayscale/044b5258920ebe081b5e86d4f8c1686ccb2f4ef2445a899fe141f64448265d7a/train_p0.npz
mnist,grayscale,mean_rgb_contrast,0,normalized,1.4914592385292051,1.62704644203186,44,7840,0.005612244897959183,10,/ceph/sagnihot/projects/Lorena_Contrastive_Representation_Arch/sparse_contrast_benchmark_large_batch/outputs/previews/heldout_val/mnist/grayscale/044b5258920ebe081b5e86d4f8c1686ccb2f4ef2445a899fe141f64448265d7a/train_p0.npz
mnist,grayscale,mean_rgb_contrast,0,normalized,1.62704644203186,1.7626336455345148,42,7840,0.005357142857142857,10,/ceph/sagnihot/projects/Lorena_Contrastive_Representation_Arch/sparse_contrast_benchmark_large_batch/outputs/previews/heldout_val/mnist/grayscale/044b5258920ebe081b5e86d4f8c1686ccb2f4ef2445a899fe141f64448265d7a/train_p0.npz
mnist,grayscale,mean_rgb_contrast,0,normalized,1.7626336455345148,1.8982208490371697,46,7840,0.00586734693877551,10,/ceph/sagnihot/projects/Lorena_Contrastive_Representation_Arch/sparse_contrast_benchmark_large_batch/outputs/previews/heldout_val/mnist/grayscale/044b5258920ebe081b5e86d4f8c1686ccb2f4ef2445a899fe141f64448265d7a/train_p0.npz
mnist,grayscale,mean_rgb_contrast,0,normalized,1.8982208490371697,2.0338080525398246,51,7840,0.0065051020408163265,10,/ceph/sagnihot/projects/Lorena_Contrastive_Representation_Arch/sparse_contrast_benchmark_large_batch/outputs/previews/heldout_val/mnist/grayscale/044b5258920ebe081b5e86d4f8c1686ccb2f4ef2445a899fe141f64448265d7a/train_p0.npz
mnist,grayscale,mean_rgb_contrast,0,normalized,2.0338080525398246,2.1693952560424794,40,7840,0.00510204081632653,10,/ceph/sagnihot/projects/Lorena_Contrastive_Representation_Arch/sparse_contrast_benchmark_large_batch/outputs/previews/heldout_val/mnist/grayscale/044b5258920ebe081b5e86d4f8c1686ccb2f4ef2445a899fe141f64448265d7a/train_p0.npz
mnist,grayscale,mean_rgb_contrast,0,normalized,2.1693952560424794,2.304982459545135,38,7840,0.004846938775510204,10,/ceph/sagnihot/projects/Lorena_Contrastive_Representation_Arch/sparse_contrast_benchmark_large_batch/outputs/previews/heldout_val/mnist/grayscale/044b5258920ebe081b5e86d4f8c1686ccb2f4ef2445a899fe141f64448265d7a/train_p0.npz
mnist,grayscale,mean_rgb_contrast,0,normalized,2.304982459545135,2.44056966304779,36,7840,0.004591836734693878,10,/ceph/sagnihot/projects/Lorena_Contrastive_Representation_Arch/sparse_contrast_benchmark_large_batch/outputs/previews/heldout_val/mnist/grayscale/044b5258920ebe081b5e86d4f8c1686ccb2f4ef2445a899fe141f64448265d7a/train_p0.npz
mnist,grayscale,mean_rgb_contrast,0,normalized,2.44056966304779,2.576156866550445,40,7840,0.00510204081632653,10,/ceph/sagnihot/projects/Lorena_Contrastive_Representation_Arch/sparse_contrast_benchmark_large_batch/outputs/previews/heldout_val/mnist/grayscale/044b5258920ebe081b5e86d4f8c1686ccb2f4ef2445a899fe141f64448265d7a/train_p0.npz
mnist,grayscale,mean_rgb_contrast,0,normalized,2.576156866550445,2.7117440700531006,33,7840,0.004209183673469388,10,/ceph/sagnihot/projects/Lorena_Contrastive_Representation_Arch/sparse_contrast_benchmark_large_batch/outputs/previews/heldout_val/mnist/grayscale/044b5258920ebe081b5e86d4f8c1686ccb2f4ef2445a899fe141f64448265d7a/train_p0.npz
mnist,grayscale,mean_rgb_contrast,0,normalized,2.7117440700531006,2.8473312735557545,38,7840,0.004846938775510204,10,/ceph/sagnihot/projects/Lorena_Contrastive_Representation_Arch/sparse_contrast_benchmark_large_batch/outputs/previews/heldout_val/mnist/grayscale/044b5258920ebe081b5e86d4f8c1686ccb2f4ef2445a899fe141f64448265d7a/train_p0.npz
mnist,grayscale,mean_rgb_contrast,0,normalized,2.8473312735557545,2.9829184770584103,19,7840,0.002423469387755102,10,/ceph/sagnihot/projects/Lorena_Contrastive_Representation_Arch/sparse_contrast_benchmark_large_batch/outputs/previews/heldout_val/mnist/grayscale/044b5258920ebe081b5e86d4f8c1686ccb2f4ef2445a899fe141f64448265d7a/train_p0.npz
mnist,grayscale,mean_rgb_contrast,0,normalized,2.9829184770584103,3.1185056805610643,39,7840,0.004974489795918367,10,/ceph/sagnihot/projects/Lorena_Contrastive_Representation_Arch/sparse_contrast_benchmark_large_batch/outputs/previews/heldout_val/mnist/grayscale/044b5258920ebe081b5e86d4f8c1686ccb2f4ef2445a899fe141f64448265d7a/train_p0.npz
mnist,grayscale,mean_rgb_contrast,0,normalized,3.1185056805610643,3.25409288406372,20,7840,0.002551020408163265,10,/ceph/sagnihot/projects/Lorena_Contrastive_Representation_Arch/sparse_contrast_benchmark_large_batch/outputs/previews/heldout_val/mnist/grayscale/044b5258920ebe081b5e86d4f8c1686ccb2f4ef2445a899fe141f64448265d7a/train_p0.npz
mnist,grayscale,mean_rgb_contrast,0,normalized,3.25409288406372,3.3896800875663757,13,7840,0.0016581632653061224,10,/ceph/sagnihot/projects/Lorena_Contrastive_Representation_Arch/sparse_contrast_benchmark_large_batch/outputs/previews/heldout_val/mnist/grayscale/044b5258920ebe081b5e86d4f8c1686ccb2f4ef2445a899fe141f64448265d7a/train_p0.npz
mnist,grayscale,mean_rgb_contrast,0,normalized,3.3896800875663757,3.5252672910690297,17,7840,0.0021683673469387755,10,/ceph/sagnihot/projects/Lorena_Contrastive_Representation_Arch/sparse_contrast_benchmark_large_batch/outputs/previews/heldout_val/mnist/grayscale/044b5258920ebe081b5e86d4f8c1686ccb2f4ef2445a899fe141f64448265d7a/train_p0.npz
mnist,grayscale,mean_rgb_contrast,0,normalized,3.5252672910690297,3.6608544945716854,10,7840,0.0012755102040816326,10,/ceph/sagnihot/projects/Lorena_Contrastive_Representation_Arch/sparse_contrast_benchmark_large_batch/outputs/previews/heldout_val/mnist/grayscale/044b5258920ebe081b5e86d4f8c1686ccb2f4ef2445a899fe141f64448265d7a/train_p0.npz
mnist,grayscale,mean_rgb_contrast,0,normalized,3.6608544945716854,3.7964416980743394,27,7840,0.0034438775510204083,10,/ceph/sagnihot/projects/Lorena_Contrastive_Representation_Arch/sparse_contrast_benchmark_large_batch/outputs/previews/heldout_val/mnist/grayscale/044b5258920ebe081b5e86d4f8c1686ccb2f4ef2445a899fe141f64448265d7a/train_p0.npz
mnist,grayscale,mean_rgb_contrast,0,normalized,3.7964416980743394,3.932028901576995,5,7840,0.0006377551020408163,10,/ceph/sagnihot/projects/Lorena_Contrastive_Representation_Arch/sparse_contrast_benchmark_large_batch/outputs/previews/heldout_val/mnist/grayscale/044b5258920ebe081b5e86d4f8c1686ccb2f4ef2445a899fe141f64448265d7a/train_p0.npz
mnist,grayscale,mean_rgb_contrast,0,normalized,3.932028901576995,4.067616105079651,3,7840,0.0003826530612244898,10,/ceph/sagnihot/projects/Lorena_Contrastive_Representation_Arch/sparse_contrast_benchmark_large_batch/outputs/previews/heldout_val/mnist/grayscale/044b5258920ebe081b5e86d4f8c1686ccb2f4ef2445a899fe141f64448265d7a/train_p0.npz
mnist,grayscale,mean_rgb_contrast,0,normalized,4.067616105079651,4.203203308582305,4,7840,0.0005102040816326531,10,/ceph/sagnihot/projects/Lorena_Contrastive_Representation_Arch/sparse_contrast_benchmark_large_batch/outputs/previews/heldout_val/mnist/grayscale/044b5258920ebe081b5e86d4f8c1686ccb2f4ef2445a899fe141f64448265d7a/train_p0.npz
mnist,grayscale,mean_rgb_contrast,0,normalized,4.203203308582305,4.338790512084961,4,7840,0.0005102040816326531,10,/ceph/sagnihot/projects/Lorena_Contrastive_Representation_Arch/sparse_contrast_benchmark_large_batch/outputs/previews/heldout_val/mnist/grayscale/044b5258920ebe081b5e86d4f8c1686ccb2f4ef2445a899fe141f64448265d7a/train_p0.npz
mnist,grayscale,mean_rgb_contrast,0,normalized,4.338790512084961,4.4743777155876145,2,7840,0.00025510204081632655,10,/ceph/sagnihot/projects/Lorena_Contrastive_Representation_Arch/sparse_contrast_benchmark_large_batch/outputs/previews/heldout_val/mnist/grayscale/044b5258920ebe081b5e86d4f8c1686ccb2f4ef2445a899fe141f64448265d7a/train_p0.npz
mnist,grayscale,mean_rgb_contrast,0,normalized,4.4743777155876145,4.60996491909027,1,7840,0.00012755102040816328,10,/ceph/sagnihot/projects/Lorena_Contrastive_Representation_Arch/sparse_contrast_benchmark_large_batch/outputs/previews/heldout_val/mnist/grayscale/044b5258920ebe081b5e86d4f8c1686ccb2f4ef2445a899fe141f64448265d7a/train_p0.npz
mnist,grayscale,mean_rgb_contrast,0,normalized,4.60996491909027,4.745552122592926,2,7840,0.00025510204081632655,10,/ceph/sagnihot/projects/Lorena_Contrastive_Representation_Arch/sparse_contrast_benchmark_large_batch/outputs/previews/heldout_val/mnist/grayscale/044b5258920ebe081b5e86d4f8c1686ccb2f4ef2445a899fe141f64448265d7a/train_p0.npz
mnist,grayscale,mean_rgb_contrast,0,normalized,4.745552122592926,4.88113932609558,1,7840,0.00012755102040816328,10,/ceph/sagnihot/projects/Lorena_Contrastive_Representation_Arch/sparse_contrast_benchmark_large_batch/outputs/previews/heldout_val/mnist/grayscale/044b5258920ebe081b5e86d4f8c1686ccb2f4ef2445a899fe141f64448265d7a/train_p0.npz
mnist,grayscale,mean_rgb_contrast,0,normalized,4.88113932609558,5.016726529598236,2,7840,0.00025510204081632655,10,/ceph/sagnihot/projects/Lorena_Contrastive_Representation_Arch/sparse_contrast_benchmark_large_batch/outputs/previews/heldout_val/mnist/grayscale/044b5258920ebe081b5e86d4f8c1686ccb2f4ef2445a899fe141f64448265d7a/train_p0.npz
mnist,grayscale,mean_rgb_contrast,0,normalized,5.016726529598236,5.15231373310089,1,7840,0.00012755102040816328,10,/ceph/sagnihot/projects/Lorena_Contrastive_Representation_Arch/sparse_contrast_benchmark_large_batch/outputs/previews/heldout_val/mnist/grayscale/044b5258920ebe081b5e86d4f8c1686ccb2f4ef2445a899fe141f64448265d7a/train_p0.npz
mnist,grayscale,mean_rgb_contrast,0,normalized,5.15231373310089,5.287900936603545,0,7840,0.0,10,/ceph/sagnihot/projects/Lorena_Contrastive_Representation_Arch/sparse_contrast_benchmark_large_batch/outputs/previews/heldout_val/mnist/grayscale/044b5258920ebe081b5e86d4f8c1686ccb2f4ef2445a899fe141f64448265d7a/train_p0.npz
mnist,grayscale,mean_rgb_contrast,0,normalized,5.287900936603545,5.423488140106201,0,7840,0.0,10,/ceph/sagnihot/projects/Lorena_Contrastive_Representation_Arch/sparse_contrast_benchmark_large_batch/outputs/previews/heldout_val/mnist/grayscale/044b5258920ebe081b5e86d4f8c1686ccb2f4ef2445a899fe141f64448265d7a/train_p0.npz
mnist,grayscale,mean_rgb_contrast,60,native,-0.5882353782653809,-0.5735294938087463,1,7840,0.00012755102040816328,10,/ceph/sagnihot/projects/Lorena_Contrastive_Representation_Arch/sparse_contrast_benchmark_large_batch/outputs/previews/heldout_val/mnist/grayscale/044b5258920ebe081b5e86d4f8c1686ccb2f4ef2445a899fe141f64448265d7a/train_p60.npz
mnist,grayscale,mean_rgb_contrast,60,native,-0.5735294938087463,-0.5588236093521118,1,7840,0.00012755102040816328,10,/ceph/sagnihot/projects/Lorena_Contrastive_Representation_Arch/sparse_contrast_benchmark_large_batch/outputs/previews/heldout_val/mnist/grayscale/044b5258920ebe081b5e86d4f8c1686ccb2f4ef2445a899fe141f64448265d7a/train_p60.npz
mnist,grayscale,mean_rgb_contrast,60,native,-0.5588236093521118,-0.5441177248954773,0,7840,0.0,10,/ceph/sagnihot/projects/Lorena_Contrastive_Representation_Arch/sparse_contrast_benchmark_large_batch/outputs/previews/heldout_val/mnist/grayscale/044b5258920ebe081b5e86d4f8c1686ccb2f4ef2445a899fe141f64448265d7a/train_p60.npz
mnist,grayscale,mean_rgb_contrast,60,native,-0.5441177248954773,-0.5294118404388428,3,7840,0.0003826530612244898,10,/ceph/sagnihot/projects/Lorena_Contrastive_Representation_Arch/sparse_contrast_benchmark_large_batch/outputs/previews/heldout_val/mnist/grayscale/044b5258920ebe081b5e86d4f8c1686ccb2f4ef2445a899fe141f64448265d7a/train_p60.npz
mnist,grayscale,mean_rgb_contrast,60,native,-0.5294118404388428,-0.5147059559822083,0,7840,0.0,10,/ceph/sagnihot/projects/Lorena_Contrastive_Representation_Arch/sparse_contrast_benchmark_large_batch/outputs/previews/heldout_val/mnist/grayscale/044b5258920ebe081b5e86d4f8c1686ccb2f4ef2445a899fe141f64448265d7a/train_p60.npz
mnist,grayscale,mean_rgb_contrast,60,native,-0.5147059559822083,-0.5000000715255737,2,7840,0.00025510204081632655,10,/ceph/sagnihot/projects/Lorena_Contrastive_Representation_Arch/sparse_contrast_benchmark_large_batch/outputs/previews/heldout_val/mnist/grayscale/044b5258920ebe081b5e86d4f8c1686ccb2f4ef2445a899fe141f64448265d7a/train_p60.npz
mnist,grayscale,mean_rgb_contrast,60,native,-0.5000000715255737,-0.48529418706893923,0,7840,0.0,10,/ceph/sagnihot/projects/Lorena_Contrastive_Representation_Arch/sparse_contrast_benchmark_large_batch/outputs/previews/heldout_val/mnist/grayscale/044b5258920ebe081b5e86d4f8c1686ccb2f4ef2445a899fe141f64448265d7a/train_p60.npz
mnist,grayscale,mean_rgb_contrast,60,native,-0.48529418706893923,-0.47058830261230467,2,7840,0.00025510204081632655,10,/ceph/sagnihot/projects/Lorena_Contrastive_Representation_Arch/sparse_contrast_benchmark_large_batch/outputs/previews/heldout_val/mnist/grayscale/044b5258920ebe081b5e86d4f8c1686ccb2f4ef2445a899fe141f64448265d7a/train_p60.npz
mnist,grayscale,mean_rgb_contrast,60,native,-0.47058830261230467,-0.4558824181556702,1,7840,0.00012755102040816328,10,/ceph/sagnihot/projects/Lorena_Contrastive_Representation_Arch/sparse_contrast_benchmark_large_batch/outputs/previews/heldout_val/mnist/grayscale/044b5258920ebe081b5e86d4f8c1686ccb2f4ef2445a899fe141f64448265d7a/train_p60.npz
mnist,grayscale,mean_rgb_contrast,60,native,-0.4558824181556702,-0.44117653369903564,3,7840,0.0003826530612244898,10,/ceph/sagnihot/projects/Lorena_Contrastive_Representation_Arch/sparse_contrast_benchmark_large_batch/outputs/previews/heldout_val/mnist/grayscale/044b5258920ebe081b5e86d4f8c1686ccb2f4ef2445a899fe141f64448265d7a/train_p60.npz
mnist,grayscale,mean_rgb_contrast,60,native,-0.44117653369903564,-0.42647064924240113,7,7840,0.0008928571428571428,10,/ceph/sagnihot/projects/Lorena_Contrastive_Representation_Arch/sparse_contrast_benchmark_large_batch/outputs/previews/heldout_val/mnist/grayscale/044b5258920ebe081b5e86d4f8c1686ccb2f4ef2445a899fe141f64448265d7a/train_p60.npz
mnist,grayscale,mean_rgb_contrast,60,native,-0.42647064924240113,-0.4117647647857666,2,7840,0.00025510204081632655,10,/ceph/sagnihot/projects/Lorena_Contrastive_Representation_Arch/sparse_contrast_benchmark_large_batch/outputs/previews/heldout_val/mnist/grayscale/044b5258920ebe081b5e86d4f8c1686ccb2f4ef2445a899fe141f64448265d7a/train_p60.npz
mnist,grayscale,mean_rgb_contrast,60,native,-0.4117647647857666,-0.39705888032913206,3,7840,0.0003826530612244898,10,/ceph/sagnihot/projects/Lorena_Contrastive_Representation_Arch/sparse_contrast_benchmark_large_batch/outputs/previews/heldout_val/mnist/grayscale/044b5258920ebe081b5e86d4f8c1686ccb2f4ef2445a899fe141f64448265d7a/train_p60.npz
mnist,grayscale,mean_rgb_contrast,60,native,-0.39705888032913206,-0.3823529958724976,4,7840,0.0005102040816326531,10,/ceph/sagnihot/projects/Lorena_Contrastive_Representation_Arch/sparse_contrast_benchmark_large_batch/outputs/previews/heldout_val/mnist/grayscale/044b5258920ebe081b5e86d4f8c1686ccb2f4ef2445a899fe141f64448265d7a/train_p60.npz
mnist,grayscale,mean_rgb_contrast,60,native,-0.3823529958724976,-0.36764711141586304,6,7840,0.0007653061224489796,10,/ceph/sagnihot/projects/Lorena_Contrastive_Representation_Arch/sparse_contrast_benchmark_large_batch/outputs/previews/heldout_val/mnist/grayscale/044b5258920ebe081b5e86d4f8c1686ccb2f4ef2445a899fe141f64448265d7a/train_p60.npz
mnist,grayscale,mean_rgb_contrast,60,native,-0.36764711141586304,-0.3529412269592285,7,7840,0.0008928571428571428,10,/ceph/sagnihot/projects/Lorena_Contrastive_Representation_Arch/sparse_contrast_benchmark_large_batch/outputs/previews/heldout_val/mnist/grayscale/044b5258920ebe081b5e86d4f8c1686ccb2f4ef2445a899fe141f64448265d7a/train_p60.npz
mnist,grayscale,mean_rgb_contrast,60,native,-0.3529412269592285,-0.338235342502594,11,7840,0.0014030612244897958,10,/ceph/sagnihot/projects/Lorena_Contrastive_Representation_Arch/sparse_contrast_benchmark_large_batch/outputs/previews/heldout_val/mnist/grayscale/044b5258920ebe081b5e86d4f8c1686ccb2f4ef2445a899fe141f64448265d7a/train_p60.npz
mnist,grayscale,mean_rgb_contrast,60,native,-0.338235342502594,-0.3235294580459595,39,7840,0.004974489795918367,10,/ceph/sagnihot/projects/Lorena_Contrastive_Representation_Arch/sparse_contrast_benchmark_large_batch/outputs/previews/heldout_val/mnist/grayscale/044b5258920ebe081b5e86d4f8c1686ccb2f4ef2445a899fe141f64448265d7a/train_p60.npz
mnist,grayscale,mean_rgb_contrast,60,native,-0.3235294580459595,-0.30882357358932494,23,7840,0.002933673469387755,10,/ceph/sagnihot/projects/Lorena_Contrastive_Representation_Arch/sparse_contrast_benchmark_large_batch/outputs/previews/heldout_val/mnist/grayscale/044b5258920ebe081b5e86d4f8c1686ccb2f4ef2445a899fe141f64448265d7a/train_p60.npz
mnist,grayscale,mean_rgb_contrast,60,native,-0.30882357358932494,-0.29411768913269043,27,7840,0.0034438775510204083,10,/ceph/sagnihot/projects/Lorena_Contrastive_Representation_Arch/sparse_contrast_benchmark_large_batch/outputs/previews/heldout_val/mnist/grayscale/044b5258920ebe081b5e86d4f8c1686ccb2f4ef2445a899fe141f64448265d7a/train_p60.npz
mnist,grayscale,mean_rgb_contrast,60,native,-0.29411768913269043,-0.2794118046760559,21,7840,0.0026785714285714286,10,/ceph/sagnihot/projects/Lorena_Contrastive_Representation_Arch/sparse_contrast_benchmark_large_batch/outputs/previews/heldout_val/mnist/grayscale/044b5258920ebe081b5e86d4f8c1686ccb2f4ef2445a899fe141f64448265d7a/train_p60.npz
mnist,grayscale,mean_rgb_contrast,60,native,-0.2794118046760559,-0.2647059202194214,37,7840,0.004719387755102041,10,/ceph/sagnihot/projects/Lorena_Contrastive_Representation_Arch/sparse_contrast_benchmark_large_batch/outputs/previews/heldout_val/mnist/grayscale/044b5258920ebe081b5e86d4f8c1686ccb2f4ef2445a899fe141f64448265d7a/train_p60.npz
mnist,grayscale,mean_rgb_contrast,60,native,-0.2647059202194214,-0.2500000357627869,47,7840,0.005994897959183673,10,/ceph/sagnihot/projects/Lorena_Contrastive_Representation_Arch/sparse_contrast_benchmark_large_batch/outputs/previews/heldout_val/mnist/grayscale/044b5258920ebe081b5e86d4f8c1686ccb2f4ef2445a899fe141f64448265d7a/train_p60.npz
mnist,grayscale,mean_rgb_contrast,60,native,-0.2500000357627869,-0.2352941513061524,32,7840,0.004081632653061225,10,/ceph/sagnihot/projects/Lorena_Contrastive_Representation_Arch/sparse_contrast_benchmark_large_batch/outputs/previews/heldout_val/mnist/grayscale/044b5258920ebe081b5e86d4f8c1686ccb2f4ef2445a899fe141f64448265d7a/train_p60.npz
mnist,grayscale,mean_rgb_contrast,60,native,-0.2352941513061524,-0.22058826684951782,53,7840,0.0067602040816326535,10,/ceph/sagnihot/projects/Lorena_Contrastive_Representation_Arch/sparse_contrast_benchmark_large_batch/outputs/previews/heldout_val/mnist/grayscale/044b5258920ebe081b5e86d4f8c1686ccb2f4ef2445a899fe141f64448265d7a/train_p60.npz
mnist,grayscale,mean_rgb_contrast,60,native,-0.22058826684951782,-0.2058823823928833,37,7840,0.004719387755102041,10,/ceph/sagnihot/projects/Lorena_Contrastive_Representation_Arch/sparse_contrast_benchmark_large_batch/outputs/previews/heldout_val/mnist/grayscale/044b5258920ebe081b5e86d4f8c1686ccb2f4ef2445a899fe141f64448265d7a/train_p60.npz
mnist,grayscale,mean_rgb_contrast,60,native,-0.2058823823928833,-0.1911764979362488,58,7840,0.00739795918367347,10,/ceph/sagnihot/projects/Lorena_Contrastive_Representation_Arch/sparse_contrast_benchmark_large_batch/outputs/previews/heldout_val/mnist/grayscale/044b5258920ebe081b5e86d4f8c1686ccb2f4ef2445a899fe141f64448265d7a/train_p60.npz
mnist,grayscale,mean_rgb_contrast,60,native,-0.1911764979362488,-0.1764706134796143,57,7840,0.007270408163265306,10,/ceph/sagnihot/projects/Lorena_Contrastive_Representation_Arch/sparse_contrast_benchmark_large_batch/outputs/previews/heldout_val/mnist/grayscale/044b5258920ebe081b5e86d4f8c1686ccb2f4ef2445a899fe141f64448265d7a/train_p60.npz
mnist,grayscale,mean_rgb_contrast,60,native,-0.1764706134796143,-0.16176472902297978,66,7840,0.008418367346938776,10,/ceph/sagnihot/projects/Lorena_Contrastive_Representation_Arch/sparse_contrast_benchmark_large_batch/outputs/previews/heldout_val/mnist/grayscale/044b5258920ebe081b5e86d4f8c1686ccb2f4ef2445a899fe141f64448265d7a/train_p60.npz
mnist,grayscale,mean_rgb_contrast,60,native,-0.16176472902297978,-0.14705884456634521,48,7840,0.006122448979591836,10,/ceph/sagnihot/projects/Lorena_Contrastive_Representation_Arch/sparse_contrast_benchmark_large_batch/outputs/previews/heldout_val/mnist/grayscale/044b5258920ebe081b5e86d4f8c1686ccb2f4ef2445a899fe141f64448265d7a/train_p60.npz
mnist,grayscale,mean_rgb_contrast,60,native,-0.14705884456634521,-0.1323529601097107,56,7840,0.007142857142857143,10,/ceph/sagnihot/projects/Lorena_Contrastive_Representation_Arch/sparse_contrast_benchmark_large_batch/outputs/previews/heldout_val/mnist/grayscale/044b5258920ebe081b5e86d4f8c1686ccb2f4ef2445a899fe141f64448265d7a/train_p60.npz
mnist,grayscale,mean_rgb_contrast,60,native,-0.1323529601097107,-0.1176470756530762,52,7840,0.0066326530612244895,10,/ceph/sagnihot/projects/Lorena_Contrastive_Representation_Arch/sparse_contrast_benchmark_large_batch/outputs/previews/heldout_val/mnist/grayscale/044b5258920ebe081b5e86d4f8c1686ccb2f4ef2445a899fe141f64448265d7a/train_p60.npz
mnist,grayscale,mean_rgb_contrast,60,native,-0.1176470756530762,-0.10294119119644168,76,7840,0.009693877551020408,10,/ceph/sagnihot/projects/Lorena_Contrastive_Representation_Arch/sparse_contrast_benchmark_large_batch/outputs/previews/heldout_val/mnist/grayscale/044b5258920ebe081b5e86d4f8c1686ccb2f4ef2445a899fe141f64448265d7a/train_p60.npz
mnist,grayscale,mean_rgb_contrast,60,native,-0.10294119119644168,-0.08823530673980717,72,7840,0.009183673469387756,10,/ceph/sagnihot/projects/Lorena_Contrastive_Representation_Arch/sparse_contrast_benchmark_large_batch/outputs/previews/heldout_val/mnist/grayscale/044b5258920ebe081b5e86d4f8c1686ccb2f4ef2445a899fe141f64448265d7a/train_p60.npz
mnist,grayscale,mean_rgb_contrast,60,native,-0.08823530673980717,-0.07352942228317261,68,7840,0.008673469387755102,10,/ceph/sagnihot/projects/Lorena_Contrastive_Representation_Arch/sparse_contrast_benchmark_large_batch/outputs/previews/heldout_val/mnist/grayscale/044b5258920ebe081b5e86d4f8c1686ccb2f4ef2445a899fe141f64448265d7a/train_p60.npz
mnist,grayscale,mean_rgb_contrast,60,native,-0.07352942228317261,-0.05882353782653815,62,7840,0.007908163265306122,10,/ceph/sagnihot/projects/Lorena_Contrastive_Representation_Arch/sparse_contrast_benchmark_large_batch/outputs/previews/heldout_val/mnist/grayscale/044b5258920ebe081b5e86d4f8c1686ccb2f4ef2445a899fe141f64448265d7a/train_p60.npz
mnist,grayscale,mean_rgb_contrast,60,native,-0.05882353782653815,-0.04411765336990359,80,7840,0.01020408163265306,10,/ceph/sagnihot/projects/Lorena_Contrastive_Representation_Arch/sparse_contrast_benchmark_large_batch/outputs/previews/heldout_val/mnist/grayscale/044b5258920ebe081b5e86d4f8c1686ccb2f4ef2445a899fe141f64448265d7a/train_p60.npz
mnist,grayscale,mean_rgb_contrast,60,native,-0.04411765336990359,-0.02941176891326902,72,7840,0.009183673469387756,10,/ceph/sagnihot/projects/Lorena_Contrastive_Representation_Arch/sparse_contrast_benchmark_large_batch/outputs/previews/heldout_val/mnist/grayscale/044b5258920ebe081b5e86d4f8c1686ccb2f4ef2445a899fe141f64448265d7a/train_p60.npz
mnist,grayscale,mean_rgb_contrast,60,native,-0.02941176891326902,-0.014705884456634566,110,7840,0.01403061224489796,10,/ceph/sagnihot/projects/Lorena_Contrastive_Representation_Arch/sparse_contrast_benchmark_large_batch/outputs/previews/heldout_val/mnist/grayscale/044b5258920ebe081b5e86d4f8c1686ccb2f4ef2445a899fe141f64448265d7a/train_p60.npz
mnist,grayscale,mean_rgb_contrast,60,native,-0.014705884456634566,0.0,115,7840,0.014668367346938776,10,/ceph/sagnihot/projects/Lorena_Contrastive_Representation_Arch/sparse_contrast_benchmark_large_batch/outputs/previews/heldout_val/mnist/grayscale/044b5258920ebe081b5e86d4f8c1686ccb2f4ef2445a899fe141f64448265d7a/train_p60.npz
mnist,grayscale,mean_rgb_contrast,60,native,0.0,0.014705884456634455,5489,7840,0.7001275510204081,10,/ceph/sagnihot/projects/Lorena_Contrastive_Representation_Arch/sparse_contrast_benchmark_large_batch/outputs/previews/heldout_val/mnist/grayscale/044b5258920ebe081b5e86d4f8c1686ccb2f4ef2445a899fe141f64448265d7a/train_p60.npz
mnist,grayscale,mean_rgb_contrast,60,native,0.014705884456634455,0.02941176891326902,34,7840,0.004336734693877551,10,/ceph/sagnihot/projects/Lorena_Contrastive_Representation_Arch/sparse_contrast_benchmark_large_batch/outputs/previews/heldout_val/mnist/grayscale/044b5258920ebe081b5e86d4f8c1686ccb2f4ef2445a899fe141f64448265d7a/train_p60.npz
mnist,grayscale,mean_rgb_contrast,60,native,0.02941176891326902,0.04411765336990359,47,7840,0.005994897959183673,10,/ceph/sagnihot/projects/Lorena_Contrastive_Representation_Arch/sparse_contrast_benchmark_large_batch/outputs/previews/heldout_val/mnist/grayscale/044b5258920ebe081b5e86d4f8c1686ccb2f4ef2445a899fe141f64448265d7a/train_p60.npz
mnist,grayscale,mean_rgb_contrast,60,native,0.04411765336990359,0.05882353782653804,35,7840,0.004464285714285714,10,/ceph/sagnihot/projects/Lorena_Contrastive_Representation_Arch/sparse_contrast_benchmark_large_batch/outputs/previews/heldout_val/mnist/grayscale/044b5258920ebe081b5e86d4f8c1686ccb2f4ef2445a899fe141f64448265d7a/train_p60.npz
mnist,grayscale,mean_rgb_contrast,60,native,0.05882353782653804,0.07352942228317261,35,7840,0.004464285714285714,10,/ceph/sagnihot/projects/Lorena_Contrastive_Representation_Arch/sparse_contrast_benchmark_large_batch/outputs/previews/heldout_val/mnist/grayscale/044b5258920ebe081b5e86d4f8c1686ccb2f4ef2445a899fe141f64448265d7a/train_p60.npz
mnist,grayscale,mean_rgb_contrast,60,native,0.07352942228317261,0.08823530673980706,42,7840,0.005357142857142857,10,/ceph/sagnihot/projects/Lorena_Contrastive_Representation_Arch/sparse_contrast_benchmark_large_batch/outputs/previews/heldout_val/mnist/grayscale/044b5258920ebe081b5e86d4f8c1686ccb2f4ef2445a899fe141f64448265d7a/train_p60.npz
mnist,grayscale,mean_rgb_contrast,60,native,0.08823530673980706,0.10294119119644163,35,7840,0.004464285714285714,10,/ceph/sagnihot/projects/Lorena_Contrastive_Representation_Arch/sparse_contrast_benchmark_large_batch/outputs/previews/heldout_val/mnist/grayscale/044b5258920ebe081b5e86d4f8c1686ccb2f4ef2445a899fe141f64448265d7a/train_p60.npz
mnist,grayscale,mean_rgb_contrast,60,native,0.10294119119644163,0.11764707565307608,60,7840,0.007653061224489796,10,/ceph/sagnihot/projects/Lorena_Contrastive_Representation_Arch/sparse_contrast_benchmark_large_batch/outputs/previews/heldout_val/mnist/grayscale/044b5258920ebe081b5e86d4f8c1686ccb2f4ef2445a899fe141f64448265d7a/train_p60.npz
mnist,grayscale,mean_rgb_contrast,60,native,0.11764707565307608,0.13235296010971065,35,7840,0.004464285714285714,10,/ceph/sagnihot/projects/Lorena_Contrastive_Representation_Arch/sparse_contrast_benchmark_large_batch/outputs/previews/heldout_val/mnist/grayscale/044b5258920ebe081b5e86d4f8c1686ccb2f4ef2445a899fe141f64448265d7a/train_p60.npz
mnist,grayscale,mean_rgb_contrast,60,native,0.13235296010971065,0.14705884456634521,36,7840,0.004591836734693878,10,/ceph/sagnihot/projects/Lorena_Contrastive_Representation_Arch/sparse_contrast_benchmark_large_batch/outputs/previews/heldout_val/mnist/grayscale/044b5258920ebe081b5e86d4f8c1686ccb2f4ef2445a899fe141f64448265d7a/train_p60.npz
mnist,grayscale,mean_rgb_contrast,60,native,0.14705884456634521,0.16176472902297967,53,7840,0.0067602040816326535,10,/ceph/sagnihot/projects/Lorena_Contrastive_Representation_Arch/sparse_contrast_benchmark_large_batch/outputs/previews/heldout_val/mnist/grayscale/044b5258920ebe081b5e86d4f8c1686ccb2f4ef2445a899fe141f64448265d7a/train_p60.npz
mnist,grayscale,mean_rgb_contrast,60,native,0.16176472902297967,0.17647061347961424,43,7840,0.00548469387755102,10,/ceph/sagnihot/projects/Lorena_Contrastive_Representation_Arch/sparse_contrast_benchmark_large_batch/outputs/previews/heldout_val/mnist/grayscale/044b5258920ebe081b5e86d4f8c1686ccb2f4ef2445a899fe141f64448265d7a/train_p60.npz
mnist,grayscale,mean_rgb_contrast,60,native,0.17647061347961424,0.1911764979362487,43,7840,0.00548469387755102,10,/ceph/sagnihot/projects/Lorena_Contrastive_Representation_Arch/sparse_contrast_benchmark_large_batch/outputs/previews/heldout_val/mnist/grayscale/044b5258920ebe081b5e86d4f8c1686ccb2f4ef2445a899fe141f64448265d7a/train_p60.npz
mnist,grayscale,mean_rgb_contrast,60,native,0.1911764979362487,0.20588238239288326,46,7840,0.00586734693877551,10,/ceph/sagnihot/projects/Lorena_Contrastive_Representation_Arch/sparse_contrast_benchmark_large_batch/outputs/previews/heldout_val/mnist/grayscale/044b5258920ebe081b5e86d4f8c1686ccb2f4ef2445a899fe141f64448265d7a/train_p60.npz
mnist,grayscale,mean_rgb_contrast,60,native,0.20588238239288326,0.22058826684951782,51,7840,0.0065051020408163265,10,/ceph/sagnihot/projects/Lorena_Contrastive_Representation_Arch/sparse_contrast_benchmark_large_batch/outputs/previews/heldout_val/mnist/grayscale/044b5258920ebe081b5e86d4f8c1686ccb2f4ef2445a899fe141f64448265d7a/train_p60.npz
mnist,grayscale,mean_rgb_contrast,60,native,0.22058826684951782,0.23529415130615228,40,7840,0.00510204081632653,10,/ceph/sagnihot/projects/Lorena_Contrastive_Representation_Arch/sparse_contrast_benchmark_large_batch/outputs/previews/heldout_val/mnist/grayscale/044b5258920ebe081b5e86d4f8c1686ccb2f4ef2445a899fe141f64448265d7a/train_p60.npz
mnist,grayscale,mean_rgb_contrast,60,native,0.23529415130615228,0.25000003576278684,38,7840,0.004846938775510204,10,/ceph/sagnihot/projects/Lorena_Contrastive_Representation_Arch/sparse_contrast_benchmark_large_batch/outputs/previews/heldout_val/mnist/grayscale/044b5258920ebe081b5e86d4f8c1686ccb2f4ef2445a899fe141f64448265d7a/train_p60.npz
mnist,grayscale,mean_rgb_contrast,60,native,0.25000003576278684,0.2647059202194213,36,7840,0.004591836734693878,10,/ceph/sagnihot/projects/Lorena_Contrastive_Representation_Arch/sparse_contrast_benchmark_large_batch/outputs/previews/heldout_val/mnist/grayscale/044b5258920ebe081b5e86d4f8c1686ccb2f4ef2445a899fe141f64448265d7a/train_p60.npz
mnist,grayscale,mean_rgb_contrast,60,native,0.2647059202194213,0.27941180467605586,40,7840,0.00510204081632653,10,/ceph/sagnihot/projects/Lorena_Contrastive_Representation_Arch/sparse_contrast_benchmark_large_batch/outputs/previews/heldout_val/mnist/grayscale/044b5258920ebe081b5e86d4f8c1686ccb2f4ef2445a899fe141f64448265d7a/train_p60.npz
mnist,grayscale,mean_rgb_contrast,60,native,0.27941180467605586,0.29411768913269043,33,7840,0.004209183673469388,10,/ceph/sagnihot/projects/Lorena_Contrastive_Representation_Arch/sparse_contrast_benchmark_large_batch/outputs/previews/heldout_val/mnist/grayscale/044b5258920ebe081b5e86d4f8c1686ccb2f4ef2445a899fe141f64448265d7a/train_p60.npz
mnist,grayscale,mean_rgb_contrast,60,native,0.29411768913269043,0.3088235735893249,38,7840,0.004846938775510204,10,/ceph/sagnihot/projects/Lorena_Contrastive_Representation_Arch/sparse_contrast_benchmark_large_batch/outputs/previews/heldout_val/mnist/grayscale/044b5258920ebe081b5e86d4f8c1686ccb2f4ef2445a899fe141f64448265d7a/train_p60.npz
mnist,grayscale,mean_rgb_contrast,60,native,0.3088235735893249,0.32352945804595945,19,7840,0.002423469387755102,10,/ceph/sagnihot/projects/Lorena_Contrastive_Representation_Arch/sparse_contrast_benchmark_large_batch/outputs/previews/heldout_val/mnist/grayscale/044b5258920ebe081b5e86d4f8c1686ccb2f4ef2445a899fe141f64448265d7a/train_p60.npz
mnist,grayscale,mean_rgb_contrast,60,native,0.32352945804595945,0.3382353425025939,39,7840,0.004974489795918367,10,/ceph/sagnihot/projects/Lorena_Contrastive_Representation_Arch/sparse_contrast_benchmark_large_batch/outputs/previews/heldout_val/mnist/grayscale/044b5258920ebe081b5e86d4f8c1686ccb2f4ef2445a899fe141f64448265d7a/train_p60.npz
mnist,grayscale,mean_rgb_contrast,60,native,0.3382353425025939,0.35294122695922847,19,7840,0.002423469387755102,10,/ceph/sagnihot/projects/Lorena_Contrastive_Representation_Arch/sparse_contrast_benchmark_large_batch/outputs/previews/heldout_val/mnist/grayscale/044b5258920ebe081b5e86d4f8c1686ccb2f4ef2445a899fe141f64448265d7a/train_p60.npz
mnist,grayscale,mean_rgb_contrast,60,native,0.35294122695922847,0.36764711141586304,14,7840,0.0017857142857142857,10,/ceph/sagnihot/projects/Lorena_Contrastive_Representation_Arch/sparse_contrast_benchmark_large_batch/outputs/previews/heldout_val/mnist/grayscale/044b5258920ebe081b5e86d4f8c1686ccb2f4ef2445a899fe141f64448265d7a/train_p60.npz
mnist,grayscale,mean_rgb_contrast,60,native,0.36764711141586304,0.3823529958724975,17,7840,0.0021683673469387755,10,/ceph/sagnihot/projects/Lorena_Contrastive_Representation_Arch/sparse_contrast_benchmark_large_batch/outputs/previews/heldout_val/mnist/grayscale/044b5258920ebe081b5e86d4f8c1686ccb2f4ef2445a899fe141f64448265d7a/train_p60.npz
mnist,grayscale,mean_rgb_contrast,60,native,0.3823529958724975,0.39705888032913206,10,7840,0.0012755102040816326,10,/ceph/sagnihot/projects/Lorena_Contrastive_Representation_Arch/sparse_contrast_benchmark_large_batch/outputs/previews/heldout_val/mnist/grayscale/044b5258920ebe081b5e86d4f8c1686ccb2f4ef2445a899fe141f64448265d7a/train_p60.npz
mnist,grayscale,mean_rgb_contrast,60,native,0.39705888032913206,0.4117647647857665,27,7840,0.0034438775510204083,10,/ceph/sagnihot/projects/Lorena_Contrastive_Representation_Arch/sparse_contrast_benchmark_large_batch/outputs/previews/heldout_val/mnist/grayscale/044b5258920ebe081b5e86d4f8c1686ccb2f4ef2445a899fe141f64448265d7a/train_p60.npz
mnist,grayscale,mean_rgb_contrast,60,native,0.4117647647857665,0.4264706492424011,5,7840,0.0006377551020408163,10,/ceph/sagnihot/projects/Lorena_Contrastive_Representation_Arch/sparse_contrast_benchmark_large_batch/outputs/previews/heldout_val/mnist/grayscale/044b5258920ebe081b5e86d4f8c1686ccb2f4ef2445a899fe141f64448265d7a/train_p60.npz
mnist,grayscale,mean_rgb_contrast,60,native,0.4264706492424011,0.44117653369903564,3,7840,0.0003826530612244898,10,/ceph/sagnihot/projects/Lorena_Contrastive_Representation_Arch/sparse_contrast_benchmark_large_batch/outputs/previews/heldout_val/mnist/grayscale/044b5258920ebe081b5e86d4f8c1686ccb2f4ef2445a899fe141f64448265d7a/train_p60.npz
mnist,grayscale,mean_rgb_contrast,60,native,0.44117653369903564,0.4558824181556702,4,7840,0.0005102040816326531,10,/ceph/sagnihot/projects/Lorena_Contrastive_Representation_Arch/sparse_contrast_benchmark_large_batch/outputs/previews/heldout_val/mnist/grayscale/044b5258920ebe081b5e86d4f8c1686ccb2f4ef2445a899fe141f64448265d7a/train_p60.npz
mnist,grayscale,mean_rgb_contrast,60,native,0.4558824181556702,0.47058830261230455,4,7840,0.0005102040816326531,10,/ceph/sagnihot/projects/Lorena_Contrastive_Representation_Arch/sparse_contrast_benchmark_large_batch/outputs/previews/heldout_val/mnist/grayscale/044b5258920ebe081b5e86d4f8c1686ccb2f4ef2445a899fe141f64448265d7a/train_p60.npz
mnist,grayscale,mean_rgb_contrast,60,native,0.47058830261230455,0.4852941870689391,2,7840,0.00025510204081632655,10,/ceph/sagnihot/projects/Lorena_Contrastive_Representation_Arch/sparse_contrast_benchmark_large_batch/outputs/previews/heldout_val/mnist/grayscale/044b5258920ebe081b5e86d4f8c1686ccb2f4ef2445a899fe141f64448265d7a/train_p60.npz
mnist,grayscale,mean_rgb_contrast,60,native,0.4852941870689391,0.5000000715255737,1,7840,0.00012755102040816328,10,/ceph/sagnihot/projects/Lorena_Contrastive_Representation_Arch/sparse_contrast_benchmark_large_batch/outputs/previews/heldout_val/mnist/grayscale/044b5258920ebe081b5e86d4f8c1686ccb2f4ef2445a899fe141f64448265d7a/train_p60.npz
mnist,grayscale,mean_rgb_contrast,60,native,0.5000000715255737,0.5147059559822083,2,7840,0.00025510204081632655,10,/ceph/sagnihot/projects/Lorena_Contrastive_Representation_Arch/sparse_contrast_benchmark_large_batch/outputs/previews/heldout_val/mnist/grayscale/044b5258920ebe081b5e86d4f8c1686ccb2f4ef2445a899fe141f64448265d7a/train_p60.npz
mnist,grayscale,mean_rgb_contrast,60,native,0.5147059559822083,0.5294118404388428,1,7840,0.00012755102040816328,10,/ceph/sagnihot/projects/Lorena_Contrastive_Representation_Arch/sparse_contrast_benchmark_large_batch/outputs/previews/heldout_val/mnist/grayscale/044b5258920ebe081b5e86d4f8c1686ccb2f4ef2445a899fe141f64448265d7a/train_p60.npz
mnist,grayscale,mean_rgb_contrast,60,native,0.5294118404388428,0.5441177248954772,2,7840,0.00025510204081632655,10,/ceph/sagnihot/projects/Lorena_Contrastive_Representation_Arch/sparse_contrast_benchmark_large_batch/outputs/previews/heldout_val/mnist/grayscale/044b5258920ebe081b5e86d4f8c1686ccb2f4ef2445a899fe141f64448265d7a/train_p60.npz
mnist,grayscale,mean_rgb_contrast,60,native,0.5441177248954772,0.5588236093521117,1,7840,0.00012755102040816328,10,/ceph/sagnihot/projects/Lorena_Contrastive_Representation_Arch/sparse_contrast_benchmark_large_batch/outputs/previews/heldout_val/mnist/grayscale/044b5258920ebe081b5e86d4f8c1686ccb2f4ef2445a899fe141f64448265d7a/train_p60.npz
mnist,grayscale,mean_rgb_contrast,60,native,0.5588236093521117,0.5735294938087463,0,7840,0.0,10,/ceph/sagnihot/projects/Lorena_Contrastive_Representation_Arch/sparse_contrast_benchmark_large_batch/outputs/previews/heldout_val/mnist/grayscale/044b5258920ebe081b5e86d4f8c1686ccb2f4ef2445a899fe141f64448265d7a/train_p60.npz
mnist,grayscale,mean_rgb_contrast,60,native,0.5735294938087463,0.5882353782653809,0,7840,0.0,10,/ceph/sagnihot/projects/Lorena_Contrastive_Representation_Arch/sparse_contrast_benchmark_large_batch/outputs/previews/heldout_val/mnist/grayscale/044b5258920ebe081b5e86d4f8c1686ccb2f4ef2445a899fe141f64448265d7a/train_p60.npz
mnist,grayscale,mean_rgb_contrast,60,normalized,-5.423488140106201,-5.287900936603546,1,7840,0.00012755102040816328,10,/ceph/sagnihot/projects/Lorena_Contrastive_Representation_Arch/sparse_contrast_benchmark_large_batch/outputs/previews/heldout_val/mnist/grayscale/044b5258920ebe081b5e86d4f8c1686ccb2f4ef2445a899fe141f64448265d7a/train_p60.npz
mnist,grayscale,mean_rgb_contrast,60,normalized,-5.287900936603546,-5.1523137331008915,1,7840,0.00012755102040816328,10,/ceph/sagnihot/projects/Lorena_Contrastive_Representation_Arch/sparse_contrast_benchmark_large_batch/outputs/previews/heldout_val/mnist/grayscale/044b5258920ebe081b5e86d4f8c1686ccb2f4ef2445a899fe141f64448265d7a/train_p60.npz
mnist,grayscale,mean_rgb_contrast,60,normalized,-5.1523137331008915,-5.016726529598236,0,7840,0.0,10,/ceph/sagnihot/projects/Lorena_Contrastive_Representation_Arch/sparse_contrast_benchmark_large_batch/outputs/previews/heldout_val/mnist/grayscale/044b5258920ebe081b5e86d4f8c1686ccb2f4ef2445a899fe141f64448265d7a/train_p60.npz
mnist,grayscale,mean_rgb_contrast,60,normalized,-5.016726529598236,-4.881139326095581,3,7840,0.0003826530612244898,10,/ceph/sagnihot/projects/Lorena_Contrastive_Representation_Arch/sparse_contrast_benchmark_large_batch/outputs/previews/heldout_val/mnist/grayscale/044b5258920ebe081b5e86d4f8c1686ccb2f4ef2445a899fe141f64448265d7a/train_p60.npz
mnist,grayscale,mean_rgb_contrast,60,normalized,-4.881139326095581,-4.745552122592926,0,7840,0.0,10,/ceph/sagnihot/projects/Lorena_Contrastive_Representation_Arch/sparse_contrast_benchmark_large_batch/outputs/previews/heldout_val/mnist/grayscale/044b5258920ebe081b5e86d4f8c1686ccb2f4ef2445a899fe141f64448265d7a/train_p60.npz
mnist,grayscale,mean_rgb_contrast,60,normalized,-4.745552122592926,-4.609964919090271,2,7840,0.00025510204081632655,10,/ceph/sagnihot/projects/Lorena_Contrastive_Representation_Arch/sparse_contrast_benchmark_large_batch/outputs/previews/heldout_val/mnist/grayscale/044b5258920ebe081b5e86d4f8c1686ccb2f4ef2445a899fe141f64448265d7a/train_p60.npz
mnist,grayscale,mean_rgb_contrast,60,normalized,-4.609964919090271,-4.474377715587616,0,7840,0.0,10,/ceph/sagnihot/projects/Lorena_Contrastive_Representation_Arch/sparse_contrast_benchmark_large_batch/outputs/previews/heldout_val/mnist/grayscale/044b5258920ebe081b5e86d4f8c1686ccb2f4ef2445a899fe141f64448265d7a/train_p60.npz
mnist,grayscale,mean_rgb_contrast,60,normalized,-4.474377715587616,-4.338790512084961,2,7840,0.00025510204081632655,10,/ceph/sagnihot/projects/Lorena_Contrastive_Representation_Arch/sparse_contrast_benchmark_large_batch/outputs/previews/heldout_val/mnist/grayscale/044b5258920ebe081b5e86d4f8c1686ccb2f4ef2445a899fe141f64448265d7a/train_p60.npz
mnist,grayscale,mean_rgb_contrast,60,normalized,-4.338790512084961,-4.203203308582306,1,7840,0.00012755102040816328,10,/ceph/sagnihot/projects/Lorena_Contrastive_Representation_Arch/sparse_contrast_benchmark_large_batch/outputs/previews/heldout_val/mnist/grayscale/044b5258920ebe081b5e86d4f8c1686ccb2f4ef2445a899fe141f64448265d7a/train_p60.npz
mnist,grayscale,mean_rgb_contrast,60,normalized,-4.203203308582306,-4.067616105079651,3,7840,0.0003826530612244898,10,/ceph/sagnihot/projects/Lorena_Contrastive_Representation_Arch/sparse_contrast_benchmark_large_batch/outputs/previews/heldout_val/mnist/grayscale/044b5258920ebe081b5e86d4f8c1686ccb2f4ef2445a899fe141f64448265d7a/train_p60.npz
mnist,grayscale,mean_rgb_contrast,60,normalized,-4.067616105079651,-3.932028901576996,7,7840,0.0008928571428571428,10,/ceph/sagnihot/projects/Lorena_Contrastive_Representation_Arch/sparse_contrast_benchmark_large_batch/outputs/previews/heldout_val/mnist/grayscale/044b5258920ebe081b5e86d4f8c1686ccb2f4ef2445a899fe141f64448265d7a/train_p60.npz
mnist,grayscale,mean_rgb_contrast,60,normalized,-3.932028901576996,-3.796441698074341,2,7840,0.00025510204081632655,10,/ceph/sagnihot/projects/Lorena_Contrastive_Representation_Arch/sparse_contrast_benchmark_large_batch/outputs/previews/heldout_val/mnist/grayscale/044b5258920ebe081b5e86d4f8c1686ccb2f4ef2445a899fe141f64448265d7a/train_p60.npz
mnist,grayscale,mean_rgb_contrast,60,normalized,-3.796441698074341,-3.660854494571686,3,7840,0.0003826530612244898,10,/ceph/sagnihot/projects/Lorena_Contrastive_Representation_Arch/sparse_contrast_benchmark_large_batch/outputs/previews/heldout_val/mnist/grayscale/044b5258920ebe081b5e86d4f8c1686ccb2f4ef2445a899fe141f64448265d7a/train_p60.npz
mnist,grayscale,mean_rgb_contrast,60,normalized,-3.660854494571686,-3.525267291069031,4,7840,0.0005102040816326531,10,/ceph/sagnihot/projects/Lorena_Contrastive_Representation_Arch/sparse_contrast_benchmark_large_batch/outputs/previews/heldout_val/mnist/grayscale/044b5258920ebe081b5e86d4f8c1686ccb2f4ef2445a899fe141f64448265d7a/train_p60.npz
mnist,grayscale,mean_rgb_contrast,60,normalized,-3.525267291069031,-3.3896800875663757,6,7840,0.0007653061224489796,10,/ceph/sagnihot/projects/Lorena_Contrastive_Representation_Arch/sparse_contrast_benchmark_large_batch/outputs/previews/heldout_val/mnist/grayscale/044b5258920ebe081b5e86d4f8c1686ccb2f4ef2445a899fe141f64448265d7a/train_p60.npz
mnist,grayscale,mean_rgb_contrast,60,normalized,-3.3896800875663757,-3.254092884063721,8,7840,0.0010204081632653062,10,/ceph/sagnihot/projects/Lorena_Contrastive_Representation_Arch/sparse_contrast_benchmark_large_batch/outputs/previews/heldout_val/mnist/grayscale/044b5258920ebe081b5e86d4f8c1686ccb2f4ef2445a899fe141f64448265d7a/train_p60.npz
mnist,grayscale,mean_rgb_contrast,60,normalized,-3.254092884063721,-3.118505680561066,10,7840,0.0012755102040816326,10,/ceph/sagnihot/projects/Lorena_Contrastive_Representation_Arch/sparse_contrast_benchmark_large_batch/outputs/previews/heldout_val/mnist/grayscale/044b5258920ebe081b5e86d4f8c1686ccb2f4ef2445a899fe141f64448265d7a/train_p60.npz
mnist,grayscale,mean_rgb_contrast,60,normalized,-3.118505680561066,-2.9829184770584107,39,7840,0.004974489795918367,10,/ceph/sagnihot/projects/Lorena_Contrastive_Representation_Arch/sparse_contrast_benchmark_large_batch/outputs/previews/heldout_val/mnist/grayscale/044b5258920ebe081b5e86d4f8c1686ccb2f4ef2445a899fe141f64448265d7a/train_p60.npz
mnist,grayscale,mean_rgb_contrast,60,normalized,-2.9829184770584107,-2.847331273555756,23,7840,0.002933673469387755,10,/ceph/sagnihot/projects/Lorena_Contrastive_Representation_Arch/sparse_contrast_benchmark_large_batch/outputs/previews/heldout_val/mnist/grayscale/044b5258920ebe081b5e86d4f8c1686ccb2f4ef2445a899fe141f64448265d7a/train_p60.npz
mnist,grayscale,mean_rgb_contrast,60,normalized,-2.847331273555756,-2.7117440700531006,28,7840,0.0035714285714285713,10,/ceph/sagnihot/projects/Lorena_Contrastive_Representation_Arch/sparse_contrast_benchmark_large_batch/outputs/previews/heldout_val/mnist/grayscale/044b5258920ebe081b5e86d4f8c1686ccb2f4ef2445a899fe141f64448265d7a/train_p60.npz
mnist,grayscale,mean_rgb_contrast,60,normalized,-2.7117440700531006,-2.5761568665504457,20,7840,0.002551020408163265,10,/ceph/sagnihot/projects/Lorena_Contrastive_Representation_Arch/sparse_contrast_benchmark_large_batch/outputs/previews/heldout_val/mnist/grayscale/044b5258920ebe081b5e86d4f8c1686ccb2f4ef2445a899fe141f64448265d7a/train_p60.npz
mnist,grayscale,mean_rgb_contrast,60,normalized,-2.5761568665504457,-2.440569663047791,37,7840,0.004719387755102041,10,/ceph/sagnihot/projects/Lorena_Contrastive_Representation_Arch/sparse_contrast_benchmark_large_batch/outputs/previews/heldout_val/mnist/grayscale/044b5258920ebe081b5e86d4f8c1686ccb2f4ef2445a899fe141f64448265d7a/train_p60.npz
mnist,grayscale,mean_rgb_contrast,60,normalized,-2.440569663047791,-2.3049824595451356,47,7840,0.005994897959183673,10,/ceph/sagnihot/projects/Lorena_Contrastive_Representation_Arch/sparse_contrast_benchmark_large_batch/outputs/previews/heldout_val/mnist/grayscale/044b5258920ebe081b5e86d4f8c1686ccb2f4ef2445a899fe141f64448265d7a/train_p60.npz
mnist,grayscale,mean_rgb_contrast,60,normalized,-2.3049824595451356,-2.1693952560424807,35,7840,0.004464285714285714,10,/ceph/sagnihot/projects/Lorena_Contrastive_Representation_Arch/sparse_contrast_benchmark_large_batch/outputs/previews/heldout_val/mnist/grayscale/044b5258920ebe081b5e86d4f8c1686ccb2f4ef2445a899fe141f64448265d7a/train_p60.npz
mnist,grayscale,mean_rgb_contrast,60,normalized,-2.1693952560424807,-2.033808052539826,50,7840,0.006377551020408163,10,/ceph/sagnihot/projects/Lorena_Contrastive_Representation_Arch/sparse_contrast_benchmark_large_batch/outputs/previews/heldout_val/mnist/grayscale/044b5258920ebe081b5e86d4f8c1686ccb2f4ef2445a899fe141f64448265d7a/train_p60.npz
mnist,grayscale,mean_rgb_contrast,60,normalized,-2.033808052539826,-1.8982208490371706,37,7840,0.004719387755102041,10,/ceph/sagnihot/projects/Lorena_Contrastive_Representation_Arch/sparse_contrast_benchmark_large_batch/outputs/previews/heldout_val/mnist/grayscale/044b5258920ebe081b5e86d4f8c1686ccb2f4ef2445a899fe141f64448265d7a/train_p60.npz
mnist,grayscale,mean_rgb_contrast,60,normalized,-1.8982208490371706,-1.7626336455345157,58,7840,0.00739795918367347,10,/ceph/sagnihot/projects/Lorena_Contrastive_Representation_Arch/sparse_contrast_benchmark_large_batch/outputs/previews/heldout_val/mnist/grayscale/044b5258920ebe081b5e86d4f8c1686ccb2f4ef2445a899fe141f64448265d7a/train_p60.npz
mnist,grayscale,mean_rgb_contrast,60,normalized,-1.7626336455345157,-1.6270464420318609,59,7840,0.007525510204081633,10,/ceph/sagnihot/projects/Lorena_Contrastive_Representation_Arch/sparse_contrast_benchmark_large_batch/outputs/previews/heldout_val/mnist/grayscale/044b5258920ebe081b5e86d4f8c1686ccb2f4ef2445a899fe141f64448265d7a/train_p60.npz
mnist,grayscale,mean_rgb_contrast,60,normalized,-1.6270464420318609,-1.4914592385292056,64,7840,0.00816326530612245,10,/ceph/sagnihot/projects/Lorena_Contrastive_Representation_Arch/sparse_contrast_benchmark_large_batch/outputs/previews/heldout_val/mnist/grayscale/044b5258920ebe081b5e86d4f8c1686ccb2f4ef2445a899fe141f64448265d7a/train_p60.npz
mnist,grayscale,mean_rgb_contrast,60,normalized,-1.4914592385292056,-1.3558720350265503,48,7840,0.006122448979591836,10,/ceph/sagnihot/projects/Lorena_Contrastive_Representation_Arch/sparse_contrast_benchmark_large_batch/outputs/previews/heldout_val/mnist/grayscale/044b5258920ebe081b5e86d4f8c1686ccb2f4ef2445a899fe141f64448265d7a/train_p60.npz
mnist,grayscale,mean_rgb_contrast,60,normalized,-1.3558720350265503,-1.2202848315238954,56,7840,0.007142857142857143,10,/ceph/sagnihot/projects/Lorena_Contrastive_Representation_Arch/sparse_contrast_benchmark_large_batch/outputs/previews/heldout_val/mnist/grayscale/044b5258920ebe081b5e86d4f8c1686ccb2f4ef2445a899fe141f64448265d7a/train_p60.npz
mnist,grayscale,mean_rgb_contrast,60,normalized,-1.2202848315238954,-1.0846976280212406,53,7840,0.0067602040816326535,10,/ceph/sagnihot/projects/Lorena_Contrastive_Representation_Arch/sparse_contrast_benchmark_large_batch/outputs/previews/heldout_val/mnist/grayscale/044b5258920ebe081b5e86d4f8c1686ccb2f4ef2445a899fe141f64448265d7a/train_p60.npz
mnist,grayscale,mean_rgb_contrast,60,normalized,-1.0846976280212406,-0.9491104245185857,75,7840,0.009566326530612245,10,/ceph/sagnihot/projects/Lorena_Contrastive_Representation_Arch/sparse_contrast_benchmark_large_batch/outputs/previews/heldout_val/mnist/grayscale/044b5258920ebe081b5e86d4f8c1686ccb2f4ef2445a899fe141f64448265d7a/train_p60.npz
mnist,grayscale,mean_rgb_contrast,60,normalized,-0.9491104245185857,-0.8135232210159309,72,7840,0.009183673469387756,10,/ceph/sagnihot/projects/Lorena_Contrastive_Representation_Arch/sparse_contrast_benchmark_large_batch/outputs/previews/heldout_val/mnist/grayscale/044b5258920ebe081b5e86d4f8c1686ccb2f4ef2445a899fe141f64448265d7a/train_p60.npz
mnist,grayscale,mean_rgb_contrast,60,normalized,-0.8135232210159309,-0.6779360175132751,68,7840,0.008673469387755102,10,/ceph/sagnihot/projects/Lorena_Contrastive_Representation_Arch/sparse_contrast_benchmark_large_batch/outputs/previews/heldout_val/mnist/grayscale/044b5258920ebe081b5e86d4f8c1686ccb2f4ef2445a899fe141f64448265d7a/train_p60.npz
mnist,grayscale,mean_rgb_contrast,60,normalized,-0.6779360175132751,-0.5423488140106203,63,7840,0.008035714285714285,10,/ceph/sagnihot/projects/Lorena_Contrastive_Representation_Arch/sparse_contrast_benchmark_large_batch/outputs/previews/heldout_val/mnist/grayscale/044b5258920ebe081b5e86d4f8c1686ccb2f4ef2445a899fe141f64448265d7a/train_p60.npz
mnist,grayscale,mean_rgb_contrast,60,normalized,-0.5423488140106203,-0.40676161050796544,79,7840,0.010076530612244897,10,/ceph/sagnihot/projects/Lorena_Contrastive_Representation_Arch/sparse_contrast_benchmark_large_batch/outputs/previews/heldout_val/mnist/grayscale/044b5258920ebe081b5e86d4f8c1686ccb2f4ef2445a899fe141f64448265d7a/train_p60.npz
mnist,grayscale,mean_rgb_contrast,60,normalized,-0.40676161050796544,-0.2711744070053106,72,7840,0.009183673469387756,10,/ceph/sagnihot/projects/Lorena_Contrastive_Representation_Arch/sparse_contrast_benchmark_large_batch/outputs/previews/heldout_val/mnist/grayscale/044b5258920ebe081b5e86d4f8c1686ccb2f4ef2445a899fe141f64448265d7a/train_p60.npz
mnist,grayscale,mean_rgb_contrast,60,normalized,-0.2711744070053106,-0.13558720350265574,110,7840,0.01403061224489796,10,/ceph/sagnihot/projects/Lorena_Contrastive_Representation_Arch/sparse_contrast_benchmark_large_batch/outputs/previews/heldout_val/mnist/grayscale/044b5258920ebe081b5e86d4f8c1686ccb2f4ef2445a899fe141f64448265d7a/train_p60.npz
mnist,grayscale,mean_rgb_contrast,60,normalized,-0.13558720350265574,0.0,5555,7840,0.7085459183673469,10,/ceph/sagnihot/projects/Lorena_Contrastive_Representation_Arch/sparse_contrast_benchmark_large_batch/outputs/previews/heldout_val/mnist/grayscale/044b5258920ebe081b5e86d4f8c1686ccb2f4ef2445a899fe141f64448265d7a/train_p60.npz
mnist,grayscale,mean_rgb_contrast,60,normalized,0.0,0.13558720350265485,49,7840,0.00625,10,/ceph/sagnihot/projects/Lorena_Contrastive_Representation_Arch/sparse_contrast_benchmark_large_batch/outputs/previews/heldout_val/mnist/grayscale/044b5258920ebe081b5e86d4f8c1686ccb2f4ef2445a899fe141f64448265d7a/train_p60.npz
mnist,grayscale,mean_rgb_contrast,60,normalized,0.13558720350265485,0.2711744070053097,34,7840,0.004336734693877551,10,/ceph/sagnihot/projects/Lorena_Contrastive_Representation_Arch/sparse_contrast_benchmark_large_batch/outputs/previews/heldout_val/mnist/grayscale/044b5258920ebe081b5e86d4f8c1686ccb2f4ef2445a899fe141f64448265d7a/train_p60.npz
mnist,grayscale,mean_rgb_contrast,60,normalized,0.2711744070053097,0.40676161050796455,47,7840,0.005994897959183673,10,/ceph/sagnihot/projects/Lorena_Contrastive_Representation_Arch/sparse_contrast_benchmark_large_batch/outputs/previews/heldout_val/mnist/grayscale/044b5258920ebe081b5e86d4f8c1686ccb2f4ef2445a899fe141f64448265d7a/train_p60.npz
mnist,grayscale,mean_rgb_contrast,60,normalized,0.40676161050796455,0.5423488140106194,35,7840,0.004464285714285714,10,/ceph/sagnihot/projects/Lorena_Contrastive_Representation_Arch/sparse_contrast_benchmark_large_batch/outputs/previews/heldout_val/mnist/grayscale/044b5258920ebe081b5e86d4f8c1686ccb2f4ef2445a899fe141f64448265d7a/train_p60.npz
mnist,grayscale,mean_rgb_contrast,60,normalized,0.5423488140106194,0.6779360175132743,35,7840,0.004464285714285714,10,/ceph/sagnihot/projects/Lorena_Contrastive_Representation_Arch/sparse_contrast_benchmark_large_batch/outputs/previews/heldout_val/mnist/grayscale/044b5258920ebe081b5e86d4f8c1686ccb2f4ef2445a899fe141f64448265d7a/train_p60.npz
mnist,grayscale,mean_rgb_contrast,60,normalized,0.6779360175132743,0.81352322101593,42,7840,0.005357142857142857,10,/ceph/sagnihot/projects/Lorena_Contrastive_Representation_Arch/sparse_contrast_benchmark_large_batch/outputs/previews/heldout_val/mnist/grayscale/044b5258920ebe081b5e86d4f8c1686ccb2f4ef2445a899fe141f64448265d7a/train_p60.npz
mnist,grayscale,mean_rgb_contrast,60,normalized,0.81352322101593,0.9491104245185848,35,7840,0.004464285714285714,10,/ceph/sagnihot/projects/Lorena_Contrastive_Representation_Arch/sparse_contrast_benchmark_large_batch/outputs/previews/heldout_val/mnist/grayscale/044b5258920ebe081b5e86d4f8c1686ccb2f4ef2445a899fe141f64448265d7a/train_p60.npz
mnist,grayscale,mean_rgb_contrast,60,normalized,0.9491104245185848,1.0846976280212397,61,7840,0.007780612244897959,10,/ceph/sagnihot/projects/Lorena_Contrastive_Representation_Arch/sparse_contrast_benchmark_large_batch/outputs/previews/heldout_val/mnist/grayscale/044b5258920ebe081b5e86d4f8c1686ccb2f4ef2445a899fe141f64448265d7a/train_p60.npz
mnist,grayscale,mean_rgb_contrast,60,normalized,1.0846976280212397,1.2202848315238946,34,7840,0.004336734693877551,10,/ceph/sagnihot/projects/Lorena_Contrastive_Representation_Arch/sparse_contrast_benchmark_large_batch/outputs/previews/heldout_val/mnist/grayscale/044b5258920ebe081b5e86d4f8c1686ccb2f4ef2445a899fe141f64448265d7a/train_p60.npz
mnist,grayscale,mean_rgb_contrast,60,normalized,1.2202848315238946,1.3558720350265494,36,7840,0.004591836734693878,10,/ceph/sagnihot/projects/Lorena_Contrastive_Representation_Arch/sparse_contrast_benchmark_large_batch/outputs/previews/heldout_val/mnist/grayscale/044b5258920ebe081b5e86d4f8c1686ccb2f4ef2445a899fe141f64448265d7a/train_p60.npz
mnist,grayscale,mean_rgb_contrast,60,normalized,1.3558720350265494,1.4914592385292051,53,7840,0.0067602040816326535,10,/ceph/sagnihot/projects/Lorena_Contrastive_Representation_Arch/sparse_contrast_benchmark_large_batch/outputs/previews/heldout_val/mnist/grayscale/044b5258920ebe081b5e86d4f8c1686ccb2f4ef2445a899fe141f64448265d7a/train_p60.npz
mnist,grayscale,mean_rgb_contrast,60,normalized,1.4914592385292051,1.62704644203186,44,7840,0.005612244897959183,10,/ceph/sagnihot/projects/Lorena_Contrastive_Representation_Arch/sparse_contrast_benchmark_large_batch/outputs/previews/heldout_val/mnist/grayscale/044b5258920ebe081b5e86d4f8c1686ccb2f4ef2445a899fe141f64448265d7a/train_p60.npz
mnist,grayscale,mean_rgb_contrast,60,normalized,1.62704644203186,1.7626336455345148,42,7840,0.005357142857142857,10,/ceph/sagnihot/projects/Lorena_Contrastive_Representation_Arch/sparse_contrast_benchmark_large_batch/outputs/previews/heldout_val/mnist/grayscale/044b5258920ebe081b5e86d4f8c1686ccb2f4ef2445a899fe141f64448265d7a/train_p60.npz
mnist,grayscale,mean_rgb_contrast,60,normalized,1.7626336455345148,1.8982208490371697,46,7840,0.00586734693877551,10,/ceph/sagnihot/projects/Lorena_Contrastive_Representation_Arch/sparse_contrast_benchmark_large_batch/outputs/previews/heldout_val/mnist/grayscale/044b5258920ebe081b5e86d4f8c1686ccb2f4ef2445a899fe141f64448265d7a/train_p60.npz
mnist,grayscale,mean_rgb_contrast,60,normalized,1.8982208490371697,2.0338080525398246,51,7840,0.0065051020408163265,10,/ceph/sagnihot/projects/Lorena_Contrastive_Representation_Arch/sparse_contrast_benchmark_large_batch/outputs/previews/heldout_val/mnist/grayscale/044b5258920ebe081b5e86d4f8c1686ccb2f4ef2445a899fe141f64448265d7a/train_p60.npz
mnist,grayscale,mean_rgb_contrast,60,normalized,2.0338080525398246,2.1693952560424794,40,7840,0.00510204081632653,10,/ceph/sagnihot/projects/Lorena_Contrastive_Representation_Arch/sparse_contrast_benchmark_large_batch/outputs/previews/heldout_val/mnist/grayscale/044b5258920ebe081b5e86d4f8c1686ccb2f4ef2445a899fe141f64448265d7a/train_p60.npz
mnist,grayscale,mean_rgb_contrast,60,normalized,2.1693952560424794,2.304982459545135,38,7840,0.004846938775510204,10,/ceph/sagnihot/projects/Lorena_Contrastive_Representation_Arch/sparse_contrast_benchmark_large_batch/outputs/previews/heldout_val/mnist/grayscale/044b5258920ebe081b5e86d4f8c1686ccb2f4ef2445a899fe141f64448265d7a/train_p60.npz
mnist,grayscale,mean_rgb_contrast,60,normalized,2.304982459545135,2.44056966304779,36,7840,0.004591836734693878,10,/ceph/sagnihot/projects/Lorena_Contrastive_Representation_Arch/sparse_contrast_benchmark_large_batch/outputs/previews/heldout_val/mnist/grayscale/044b5258920ebe081b5e86d4f8c1686ccb2f4ef2445a899fe141f64448265d7a/train_p60.npz
mnist,grayscale,mean_rgb_contrast,60,normalized,2.44056966304779,2.576156866550445,40,7840,0.00510204081632653,10,/ceph/sagnihot/projects/Lorena_Contrastive_Representation_Arch/sparse_contrast_benchmark_large_batch/outputs/previews/heldout_val/mnist/grayscale/044b5258920ebe081b5e86d4f8c1686ccb2f4ef2445a899fe141f64448265d7a/train_p60.npz
mnist,grayscale,mean_rgb_contrast,60,normalized,2.576156866550445,2.7117440700531006,33,7840,0.004209183673469388,10,/ceph/sagnihot/projects/Lorena_Contrastive_Representation_Arch/sparse_contrast_benchmark_large_batch/outputs/previews/heldout_val/mnist/grayscale/044b5258920ebe081b5e86d4f8c1686ccb2f4ef2445a899fe141f64448265d7a/train_p60.npz
mnist,grayscale,mean_rgb_contrast,60,normalized,2.7117440700531006,2.8473312735557545,38,7840,0.004846938775510204,10,/ceph/sagnihot/projects/Lorena_Contrastive_Representation_Arch/sparse_contrast_benchmark_large_batch/outputs/previews/heldout_val/mnist/grayscale/044b5258920ebe081b5e86d4f8c1686ccb2f4ef2445a899fe141f64448265d7a/train_p60.npz
mnist,grayscale,mean_rgb_contrast,60,normalized,2.8473312735557545,2.9829184770584103,19,7840,0.002423469387755102,10,/ceph/sagnihot/projects/Lorena_Contrastive_Representation_Arch/sparse_contrast_benchmark_large_batch/outputs/previews/heldout_val/mnist/grayscale/044b5258920ebe081b5e86d4f8c1686ccb2f4ef2445a899fe141f64448265d7a/train_p60.npz
mnist,grayscale,mean_rgb_contrast,60,normalized,2.9829184770584103,3.1185056805610643,39,7840,0.004974489795918367,10,/ceph/sagnihot/projects/Lorena_Contrastive_Representation_Arch/sparse_contrast_benchmark_large_batch/outputs/previews/heldout_val/mnist/grayscale/044b5258920ebe081b5e86d4f8c1686ccb2f4ef2445a899fe141f64448265d7a/train_p60.npz
mnist,grayscale,mean_rgb_contrast,60,normalized,3.1185056805610643,3.25409288406372,20,7840,0.002551020408163265,10,/ceph/sagnihot/projects/Lorena_Contrastive_Representation_Arch/sparse_contrast_benchmark_large_batch/outputs/previews/heldout_val/mnist/grayscale/044b5258920ebe081b5e86d4f8c1686ccb2f4ef2445a899fe141f64448265d7a/train_p60.npz
mnist,grayscale,mean_rgb_contrast,60,normalized,3.25409288406372,3.3896800875663757,13,7840,0.0016581632653061224,10,/ceph/sagnihot/projects/Lorena_Contrastive_Representation_Arch/sparse_contrast_benchmark_large_batch/outputs/previews/heldout_val/mnist/grayscale/044b5258920ebe081b5e86d4f8c1686ccb2f4ef2445a899fe141f64448265d7a/train_p60.npz
mnist,grayscale,mean_rgb_contrast,60,normalized,3.3896800875663757,3.5252672910690297,17,7840,0.0021683673469387755,10,/ceph/sagnihot/projects/Lorena_Contrastive_Representation_Arch/sparse_contrast_benchmark_large_batch/outputs/previews/heldout_val/mnist/grayscale/044b5258920ebe081b5e86d4f8c1686ccb2f4ef2445a899fe141f64448265d7a/train_p60.npz
mnist,grayscale,mean_rgb_contrast,60,normalized,3.5252672910690297,3.6608544945716854,10,7840,0.0012755102040816326,10,/ceph/sagnihot/projects/Lorena_Contrastive_Representation_Arch/sparse_contrast_benchmark_large_batch/outputs/previews/heldout_val/mnist/grayscale/044b5258920ebe081b5e86d4f8c1686ccb2f4ef2445a899fe141f64448265d7a/train_p60.npz
mnist,grayscale,mean_rgb_contrast,60,normalized,3.6608544945716854,3.7964416980743394,27,7840,0.0034438775510204083,10,/ceph/sagnihot/projects/Lorena_Contrastive_Representation_Arch/sparse_contrast_benchmark_large_batch/outputs/previews/heldout_val/mnist/grayscale/044b5258920ebe081b5e86d4f8c1686ccb2f4ef2445a899fe141f64448265d7a/train_p60.npz
mnist,grayscale,mean_rgb_contrast,60,normalized,3.7964416980743394,3.932028901576995,5,7840,0.0006377551020408163,10,/ceph/sagnihot/projects/Lorena_Contrastive_Representation_Arch/sparse_contrast_benchmark_large_batch/outputs/previews/heldout_val/mnist/grayscale/044b5258920ebe081b5e86d4f8c1686ccb2f4ef2445a899fe141f64448265d7a/train_p60.npz
mnist,grayscale,mean_rgb_contrast,60,normalized,3.932028901576995,4.067616105079651,3,7840,0.0003826530612244898,10,/ceph/sagnihot/projects/Lorena_Contrastive_Representation_Arch/sparse_contrast_benchmark_large_batch/outputs/previews/heldout_val/mnist/grayscale/044b5258920ebe081b5e86d4f8c1686ccb2f4ef2445a899fe141f64448265d7a/train_p60.npz
mnist,grayscale,mean_rgb_contrast,60,normalized,4.067616105079651,4.203203308582305,4,7840,0.0005102040816326531,10,/ceph/sagnihot/projects/Lorena_Contrastive_Representation_Arch/sparse_contrast_benchmark_large_batch/outputs/previews/heldout_val/mnist/grayscale/044b5258920ebe081b5e86d4f8c1686ccb2f4ef2445a899fe141f64448265d7a/train_p60.npz
mnist,grayscale,mean_rgb_contrast,60,normalized,4.203203308582305,4.338790512084961,4,7840,0.0005102040816326531,10,/ceph/sagnihot/projects/Lorena_Contrastive_Representation_Arch/sparse_contrast_benchmark_large_batch/outputs/previews/heldout_val/mnist/grayscale/044b5258920ebe081b5e86d4f8c1686ccb2f4ef2445a899fe141f64448265d7a/train_p60.npz
mnist,grayscale,mean_rgb_contrast,60,normalized,4.338790512084961,4.4743777155876145,2,7840,0.00025510204081632655,10,/ceph/sagnihot/projects/Lorena_Contrastive_Representation_Arch/sparse_contrast_benchmark_large_batch/outputs/previews/heldout_val/mnist/grayscale/044b5258920ebe081b5e86d4f8c1686ccb2f4ef2445a899fe141f64448265d7a/train_p60.npz
mnist,grayscale,mean_rgb_contrast,60,normalized,4.4743777155876145,4.60996491909027,1,7840,0.00012755102040816328,10,/ceph/sagnihot/projects/Lorena_Contrastive_Representation_Arch/sparse_contrast_benchmark_large_batch/outputs/previews/heldout_val/mnist/grayscale/044b5258920ebe081b5e86d4f8c1686ccb2f4ef2445a899fe141f64448265d7a/train_p60.npz
mnist,grayscale,mean_rgb_contrast,60,normalized,4.60996491909027,4.745552122592926,2,7840,0.00025510204081632655,10,/ceph/sagnihot/projects/Lorena_Contrastive_Representation_Arch/sparse_contrast_benchmark_large_batch/outputs/previews/heldout_val/mnist/grayscale/044b5258920ebe081b5e86d4f8c1686ccb2f4ef2445a899fe141f64448265d7a/train_p60.npz
mnist,grayscale,mean_rgb_contrast,60,normalized,4.745552122592926,4.88113932609558,1,7840,0.00012755102040816328,10,/ceph/sagnihot/projects/Lorena_Contrastive_Representation_Arch/sparse_contrast_benchmark_large_batch/outputs/previews/heldout_val/mnist/grayscale/044b5258920ebe081b5e86d4f8c1686ccb2f4ef2445a899fe141f64448265d7a/train_p60.npz
mnist,grayscale,mean_rgb_contrast,60,normalized,4.88113932609558,5.016726529598236,2,7840,0.00025510204081632655,10,/ceph/sagnihot/projects/Lorena_Contrastive_Representation_Arch/sparse_contrast_benchmark_large_batch/outputs/previews/heldout_val/mnist/grayscale/044b5258920ebe081b5e86d4f8c1686ccb2f4ef2445a899fe141f64448265d7a/train_p60.npz
mnist,grayscale,mean_rgb_contrast,60,normalized,5.016726529598236,5.15231373310089,1,7840,0.00012755102040816328,10,/ceph/sagnihot/projects/Lorena_Contrastive_Representation_Arch/sparse_contrast_benchmark_large_batch/outputs/previews/heldout_val/mnist/grayscale/044b5258920ebe081b5e86d4f8c1686ccb2f4ef2445a899fe141f64448265d7a/train_p60.npz
mnist,grayscale,mean_rgb_contrast,60,normalized,5.15231373310089,5.287900936603545,0,7840,0.0,10,/ceph/sagnihot/projects/Lorena_Contrastive_Representation_Arch/sparse_contrast_benchmark_large_batch/outputs/previews/heldout_val/mnist/grayscale/044b5258920ebe081b5e86d4f8c1686ccb2f4ef2445a899fe141f64448265d7a/train_p60.npz
mnist,grayscale,mean_rgb_contrast,60,normalized,5.287900936603545,5.423488140106201,0,7840,0.0,10,/ceph/sagnihot/projects/Lorena_Contrastive_Representation_Arch/sparse_contrast_benchmark_large_batch/outputs/previews/heldout_val/mnist/grayscale/044b5258920ebe081b5e86d4f8c1686ccb2f4ef2445a899fe141f64448265d7a/train_p60.npz
