dataset,architecture,representation,trained_execution,execution,sparsity_percent,role,batch_size,seeds,protocol,training_count,validation_count,training_batch,evaluation_batch,epochs,base_lr,hardware_identity,gpu,cpu_model,torch_num_threads,clean_images_per_seed,clean_accuracy_percent_mean,clean_accuracy_percent_sample_sd,clean_cross_entropy_loss_mean,clean_cross_entropy_loss_sample_sd,mCE_percent_mean,mCE_percent_sample_sd,clean_accuracy_paired_method_minus_raw_pp_mean,clean_accuracy_paired_method_minus_raw_pp_sample_sd,mCE_raw_paired_method_minus_raw_pp_mean,mCE_raw_paired_method_minus_raw_pp_sample_sd,gpu_raw_to_logits_mean_seed_median_ms,gpu_raw_to_logits_sample_sd_ms,gpu_raw_to_logits_mean_seed_p95_ms,gpu_raw_to_logits_p95_sample_sd_ms,gpu_raw_to_logits_paired_speedup_mean,gpu_raw_to_logits_paired_speedup_sample_sd,gpu_raw_to_logits_faster_seeds,gpu_raw_to_logits_paired_speedup_min,gpu_raw_to_logits_paired_speedup_max,host_raw_to_logits_mean_seed_median_ms,host_raw_to_logits_sample_sd_ms,host_raw_to_logits_mean_seed_p95_ms,host_raw_to_logits_p95_sample_sd_ms,host_raw_to_logits_paired_speedup_mean,host_raw_to_logits_paired_speedup_sample_sd,host_raw_to_logits_faster_seeds,host_raw_to_logits_paired_speedup_min,host_raw_to_logits_paired_speedup_max,loader_to_cpu_prediction_mean_seed_median_ms,loader_to_cpu_prediction_sample_sd_ms,loader_to_cpu_prediction_mean_seed_p95_ms,loader_to_cpu_prediction_p95_sample_sd_ms,loader_to_cpu_prediction_paired_speedup_mean,loader_to_cpu_prediction_paired_speedup_sample_sd,loader_to_cpu_prediction_faster_seeds,loader_to_cpu_prediction_paired_speedup_min,loader_to_cpu_prediction_paired_speedup_max,cached_input_model_only_diagnostic_mean_seed_median_ms,cached_input_model_only_diagnostic_sample_sd_ms,cached_input_model_only_diagnostic_mean_seed_p95_ms,cached_input_model_only_diagnostic_p95_sample_sd_ms,cached_input_model_only_diagnostic_paired_speedup_mean,cached_input_model_only_diagnostic_paired_speedup_sample_sd,cached_input_model_only_diagnostic_faster_seeds,cached_input_model_only_diagnostic_paired_speedup_min,cached_input_model_only_diagnostic_paired_speedup_max
cifar10,swin_tiny,color_opponency,compact,compact,0,primary,1,3,heldout_val,45000,5000,512,512,200,0.0006,4ba79ef9f76ff06df88f37ba7586b1b5a3ac8b43008b3eed0ca6a744393e6687,NVIDIA RTX A6000,AMD EPYC 7413 24-Core Processor,4,10000,86.76333333333332,0.24785748593361798,0.6447103993733724,0.0066602964442291565,40.25235555555555,0.12698460682449325,-1.0233333333333354,0.16196707484341638,9.232533333333333,0.38979087270541163,23.117904333333332,0.19893766310601735,23.25342231666667,0.20721175234087544,0.7918762695217637,0.004636192751705919,0,0.7871278329381419,0.7963914095168282,23.028549666666667,0.3497890378447166,23.2533755,0.14887261302293675,0.7958244106921526,0.010067423404227395,0,0.7869162010233209,0.8067465804900708,23.2977265,0.23142698570121487,23.444755216666668,0.24308458161221047,0.7962382866109166,0.004430294648132677,0,0.7915131952421961,0.8002986674866913,22.737160833333334,0.42108633989252753,23.082418533333332,0.3556199767172816,0.8037680540406988,0.013620977107303,0,0.7951703936371376,0.8194726369158654
cifar10,swin_tiny,color_opponency,compact,compact,0,primary,8,3,heldout_val,45000,5000,512,512,200,0.0006,4ba79ef9f76ff06df88f37ba7586b1b5a3ac8b43008b3eed0ca6a744393e6687,NVIDIA RTX A6000,AMD EPYC 7413 24-Core Processor,4,10000,86.76333333333332,0.24785748593361798,0.6447103993733724,0.0066602964442291565,40.25235555555555,0.12698460682449325,-1.0233333333333354,0.16196707484341638,9.232533333333333,0.38979087270541163,23.33384433333333,0.048096353266992665,24.104024583333324,0.4917959695981754,0.803471108301462,0.008002324998717912,0,0.798422303619893,0.812697703108196,23.367921,0.06013209103299148,23.714099466666664,0.05427304171921979,0.8023227236761707,0.01017543419659922,0,0.7939781242284178,0.813658486677802,23.548420333333336,0.06082651478042468,23.918282849999997,0.3602352773267347,0.8061109896505119,0.010559352619930568,0,0.7990218730581521,0.8182467205795156,23.013902833333333,0.04817982472034559,23.278781533333333,0.06331325662431092,0.8116433946573216,0.012487472217262314,0,0.8027833811332684,0.8259254104856297
cifar10,swin_tiny,color_opponency,compact,compact,20,primary,1,3,heldout_val,45000,5000,512,512,200,0.0006,4ba79ef9f76ff06df88f37ba7586b1b5a3ac8b43008b3eed0ca6a744393e6687,NVIDIA RTX A6000,AMD EPYC 7413 24-Core Processor,4,10000,86.82333333333332,0.10016652800877966,0.6311029098510742,0.0034668166272416793,39.91213333333333,0.14213352095047116,-0.9633333333333308,0.12055427546683133,8.892311111111113,0.42409234494038794,23.056717,0.11839975096996516,25.141176833333333,0.43700104239957127,0.7939656425834626,0.004802425745813725,0,0.7900298371916886,0.7993166459255936,23.075615,0.11383627937415343,24.95665598333333,0.08056871283150689,0.7941121678133795,0.004404309499692927,0,0.7899957872721757,0.7987567649736808,23.273103833333334,0.10808498800288228,24.80110236666666,0.13000937530026851,0.7970567059223644,0.003383359664305319,0,0.7949679188439234,0.8009602687506883,22.602991,0.12957013965705955,24.492646983333334,0.2424966724925441,0.8083830310735048,0.0034902816577551525,0,0.8043631201058776,0.810642592065521
cifar10,swin_tiny,color_opponency,compact,compact,20,primary,8,3,heldout_val,45000,5000,512,512,200,0.0006,4ba79ef9f76ff06df88f37ba7586b1b5a3ac8b43008b3eed0ca6a744393e6687,NVIDIA RTX A6000,AMD EPYC 7413 24-Core Processor,4,10000,86.82333333333332,0.10016652800877966,0.6311029098510742,0.0034668166272416793,39.91213333333333,0.14213352095047116,-0.9633333333333308,0.12055427546683133,8.892311111111113,0.42409234494038794,24.954115333333334,0.2831370144476577,28.722357983333332,0.39827651605536674,0.7514170207142906,0.015697986026839274,0,0.7370752300156762,0.7681879965302759,24.984517166666667,0.27841442809700784,28.772841999999997,0.2886545188970762,0.7505189769120819,0.016529797156248,0,0.7382064409803403,0.7693059728151653,25.227759666666667,0.2671769405769949,29.054060816666667,0.2468239539818304,0.7525585454405435,0.016823820521856988,0,0.739596913063639,0.7715708420501647,24.5736205,0.2641603334752378,28.38302653333333,0.3310065643605935,0.7602230281622007,0.01705871599074404,0,0.7444801214380621,0.7783473083129742
cifar10,swin_tiny,color_opponency,compact,compact,40,primary,1,3,heldout_val,45000,5000,512,512,200,0.0006,4ba79ef9f76ff06df88f37ba7586b1b5a3ac8b43008b3eed0ca6a744393e6687,NVIDIA RTX A6000,AMD EPYC 7413 24-Core Processor,4,10000,86.43333333333334,0.17785762095938537,0.6555634653727214,0.008753596982610365,40.35986666666667,0.22151398250323676,-1.3533333333333286,0.16010413278029784,9.340044444444448,0.5033437408784185,23.191344833333332,0.05066735410087312,26.985424833333333,0.0718691136372985,0.7893447806959516,0.002865000715263598,0,0.7873376926905754,0.7926258073884679,23.248333333333335,0.026630967323463168,27.154942683333335,0.1865929910796581,0.7882000254054349,0.0019765217866170594,0,0.7864102346824478,0.7903213486078159,23.406241166666668,0.12441419799437647,27.228118833333333,0.1644530571923516,0.7925200627099357,0.00039636511761046795,0,0.7922303930078542,0.7929717752307903,22.747841666666666,0.0912727475212793,26.53400338333333,0.11848525428226582,0.8032273269839214,0.001752941329409807,0,0.8020053580345669,0.8052357724489175
cifar10,swin_tiny,color_opponency,compact,compact,40,primary,8,3,heldout_val,45000,5000,512,512,200,0.0006,4ba79ef9f76ff06df88f37ba7586b1b5a3ac8b43008b3eed0ca6a744393e6687,NVIDIA RTX A6000,AMD EPYC 7413 24-Core Processor,4,10000,86.43333333333334,0.17785762095938537,0.6555634653727214,0.008753596982610365,40.35986666666667,0.22151398250323676,-1.3533333333333286,0.16010413278029784,9.340044444444448,0.5033437408784185,28.21607733333333,0.16311253817712407,33.773084516666664,0.020616362876990178,0.6644406284223344,0.00440242494759694,0,0.660829604328321,0.6693448053695142,28.187804333333332,0.05684592773746722,33.658920183333336,0.05017917581553235,0.6651465412515442,0.010066548109053644,0,0.6576865569031424,0.6765964340710313,28.4694695,0.13394574826492364,33.84532348333333,0.060893616438862694,0.6668229009052684,0.013116993342152366,0,0.6559167405157699,0.6813780283151759,27.81450033333333,0.06145223449422664,33.262096,0.14508104553585743,0.671540475112085,0.008285066865064384,0,0.6660917563974545,0.6810748220784356
cifar10,swin_tiny,color_opponency,compact,compact,60,primary,1,3,heldout_val,45000,5000,512,512,200,0.0006,4ba79ef9f76ff06df88f37ba7586b1b5a3ac8b43008b3eed0ca6a744393e6687,NVIDIA RTX A6000,AMD EPYC 7413 24-Core Processor,4,10000,85.14999999999999,0.06082762530298188,0.685984076944987,0.017331330305141703,41.64128888888889,0.3358123903036962,-2.6366666666666685,0.16772994167211952,10.62146666666667,0.16617971530177394,25.4994625,0.11396090963462162,33.076287816666664,0.1623641797041442,0.7179093355217271,0.005224642466231354,0,0.7137624795051838,0.7237774410898834,25.584115333333333,0.17109450634761278,33.01133145,0.23623722405031544,0.7162647418622404,0.00606085303755458,0,0.7117306937903851,0.723148663731607,25.735046166666667,0.05151509318717304,33.122086949999996,0.10135030676817491,0.7208048499320338,0.003910272457404816,0,0.7165152214847186,0.7241701339542226,25.102847999999998,0.18090870702926393,32.36792726666666,0.12777736182678337,0.7278897680555935,0.004468273963936554,0,0.7229930623205888,0.7317460189752901
cifar10,swin_tiny,color_opponency,compact,compact,60,primary,8,3,heldout_val,45000,5000,512,512,200,0.0006,4ba79ef9f76ff06df88f37ba7586b1b5a3ac8b43008b3eed0ca6a744393e6687,NVIDIA RTX A6000,AMD EPYC 7413 24-Core Processor,4,10000,85.14999999999999,0.06082762530298188,0.685984076944987,0.017331330305141703,41.64128888888889,0.3358123903036962,-2.6366666666666685,0.16772994167211952,10.62146666666667,0.16617971530177394,34.982426333333336,0.18546696631498605,41.005370649999996,0.042476181926667876,0.5359444236634435,0.0069041083869613145,0,0.5296641559690385,0.5433372497031129,34.934152,0.11799305355930667,40.56932246666666,0.06504570509284997,0.5366955573434307,0.007944935496392124,0,0.5314650074982497,0.5458379304941497,35.13102833333333,0.13208606066721418,41.002568183333324,0.15729408959684996,0.5403520147778929,0.008385528626675963,0,0.5352627223103433,0.5500304830576406,34.51320533333333,0.14259810523840508,40.47256531666666,0.4223420792718123,0.5412198049871209,0.008514511298293831,0,0.5340731516496183,0.550640431220966
cifar10,swin_tiny,color_opponency,compact,compact,80,primary,1,3,heldout_val,45000,5000,512,512,200,0.0006,4ba79ef9f76ff06df88f37ba7586b1b5a3ac8b43008b3eed0ca6a744393e6687,NVIDIA RTX A6000,AMD EPYC 7413 24-Core Processor,4,10000,82.85333333333334,0.14294521094927226,0.7278871770222982,0.001951116905124425,43.653644444444446,0.22407845187030306,-4.933333333333331,0.1950213663507959,12.633822222222223,0.45561973098106445,31.552198666666666,0.16138519668508475,36.279360133333334,0.1924663913899103,0.5801935536390496,0.004481949331785254,0,0.5752142710391711,0.583905049433436,31.488257166666667,0.16009949106909535,36.25444001666666,0.19186579496460415,0.5819587276715,0.004807307702516312,0,0.57649245467099,0.5855285851285821,31.7081895,0.1933268667199418,36.22421501666667,0.4720745927420004,0.5850440393955372,0.006296593317330286,0,0.5779829315600045,0.5900754778875071,31.113926333333335,0.08375898998963074,35.793435683333335,0.20284069114406394,0.5872515328900852,0.0023290320269749574,0,0.584720485352156,0.5893042916641353
cifar10,swin_tiny,color_opponency,compact,compact,80,primary,8,3,heldout_val,45000,5000,512,512,200,0.0006,4ba79ef9f76ff06df88f37ba7586b1b5a3ac8b43008b3eed0ca6a744393e6687,NVIDIA RTX A6000,AMD EPYC 7413 24-Core Processor,4,10000,82.85333333333334,0.14294521094927226,0.7278871770222982,0.001951116905124425,43.653644444444446,0.22407845187030306,-4.933333333333331,0.1950213663507959,12.633822222222223,0.45561973098106445,43.0816495,0.21216531208057873,50.2196131,0.19224009390543167,0.43519318129608003,0.006194585765471463,0,0.42964177835449013,0.44187520288187604,42.995087,0.217404130123487,49.86867686666666,0.422331376736059,0.4361008601325514,0.008669252011090992,0,0.4280377423501045,0.4452700769679744,43.2753505,0.15200123394153395,50.275193449999996,0.1954440787597596,0.43866472802913065,0.00735325260356271,0,0.43186516891850396,0.4464684627133732,42.603025333333335,0.21984814596803184,49.65809591666667,0.27714136957729085,0.438451595971234,0.007065482397618864,0,0.4326759560805535,0.4463296593375856
cifar10,swin_tiny,color_opponency,dense,dense,0,primary,1,3,heldout_val,45000,5000,512,512,200,0.0006,4ba79ef9f76ff06df88f37ba7586b1b5a3ac8b43008b3eed0ca6a744393e6687,NVIDIA RTX A6000,AMD EPYC 7413 24-Core Processor,4,10000,86.87666666666667,0.1026320287889372,0.6300179997762044,0.010568780298448445,40.06231111111111,0.38596124925428427,-0.909999999999996,0.1734935157289713,9.04248888888889,0.5738472322194541,18.381210166666666,0.1579001239212113,18.50667365,0.20968170614449724,0.995972911215188,0.011939556143362173,2,0.9822201551989477,1.0036855172836003,18.392181833333332,0.1626297880896473,18.565789,0.15507260659445996,0.9963821202353306,0.011896746803706712,2,0.9827402156108674,1.0046017909517788,18.586029500000002,0.1524935003442781,18.706068516666665,0.1670865171997009,0.9981257640353486,0.012916839814934092,2,0.9832176159732916,1.0059736550600513,18.15276216666667,0.17422504353302198,18.2132535,0.18317061742799254,1.0066178143447497,0.011321020515246156,2,0.9935859051586573,1.0140240007787813
cifar10,swin_tiny,color_opponency,dense,dense,0,primary,8,3,heldout_val,45000,5000,512,512,200,0.0006,4ba79ef9f76ff06df88f37ba7586b1b5a3ac8b43008b3eed0ca6a744393e6687,NVIDIA RTX A6000,AMD EPYC 7413 24-Core Processor,4,10000,86.87666666666667,0.1026320287889372,0.6300179997762044,0.010568780298448445,40.06231111111111,0.38596124925428427,-0.909999999999996,0.1734935157289713,9.04248888888889,0.5738472322194541,18.766636166666665,0.05542266847674485,18.867440166666665,0.0789764986884291,0.9990362149357132,0.013090512403868831,1,0.9884941526625018,1.0136886216253305,18.7802045,0.05036683378226111,18.89660603333333,0.07721100570596108,0.998355469573404,0.016496282461480632,1,0.9825956622277876,1.0155008300277608,19.019569666666666,0.063812289925872,19.144421833333332,0.07969397041861685,0.9980966603223962,0.01676085055364563,1,0.9827446393474226,1.0159786837566522,18.514596833333332,0.033956678247193825,18.633616316666668,0.03991245033821944,1.0088559529691528,0.012497486765991252,3,1.0000328598899115,1.0231569861917318
cifar10,swin_tiny,grayscale,compact,compact,0,primary,1,3,heldout_val,45000,5000,512,512,200,0.0006,4ba79ef9f76ff06df88f37ba7586b1b5a3ac8b43008b3eed0ca6a744393e6687,NVIDIA RTX A6000,AMD EPYC 7413 24-Core Processor,4,10000,83.25,0.165227116418584,0.6832633738199869,0.02510227804542539,43.52146666666667,0.22679400344806266,-4.536666666666663,0.23544284515213917,12.501644444444446,0.0827088422878271,23.080665,0.09923453286532849,23.29625916666667,0.2272502649450241,0.7931454519343735,0.006033948626667507,0,0.7861790801104291,0.7967324826207862,23.078569833333333,0.06587473535494019,23.284801333333334,0.15377317283757916,0.7940067656306117,0.004542215356540196,0,0.7887655072234442,0.7967965931709525,23.244023666666667,0.031281239526806386,23.41887285,0.08976808931083242,0.7980516724888537,0.004322639786779823,0,0.7932796385601234,0.8017049636396273,22.75601,0.08397491112975364,22.890926816666667,0.1054236942160092,0.8029449926421048,0.004367316280606038,0,0.7979042198831242,0.805593476598018
cifar10,swin_tiny,grayscale,compact,compact,0,primary,8,3,heldout_val,45000,5000,512,512,200,0.0006,4ba79ef9f76ff06df88f37ba7586b1b5a3ac8b43008b3eed0ca6a744393e6687,NVIDIA RTX A6000,AMD EPYC 7413 24-Core Processor,4,10000,83.25,0.165227116418584,0.6832633738199869,0.02510227804542539,43.52146666666667,0.22679400344806266,-4.536666666666663,0.23544284515213917,12.501644444444446,0.0827088422878271,23.475969,0.1270092936599526,24.483642366666665,0.28943850900373647,0.7986488130618414,0.01216845568831152,0,0.7879200703158247,0.8118707841418689,23.520755833333332,0.11573394530704334,23.954555866666663,0.15146133696987804,0.7971668561881308,0.015113836419947868,0,0.782371215362192,0.8125799626684407,23.721864,0.11436540494288479,24.132622199999997,0.38957314679077526,0.8002667927519714,0.014786207469002716,0,0.7864907490751212,0.8158896526986003,23.07877866666667,0.10225616284646956,23.392540233333328,0.06513585340397413,0.8093560609316773,0.011434383205130112,0,0.7999348195831689,0.8220776289825923
cifar10,swin_tiny,grayscale,compact,compact,20,primary,1,3,heldout_val,45000,5000,512,512,200,0.0006,4ba79ef9f76ff06df88f37ba7586b1b5a3ac8b43008b3eed0ca6a744393e6687,NVIDIA RTX A6000,AMD EPYC 7413 24-Core Processor,4,10000,83.17333333333333,0.12583057392117633,0.6938701421101888,0.008174345465554575,43.65524444444444,0.11021387961259212,-4.613333333333332,0.2122105872319534,12.635422222222223,0.24620863179500926,25.828980333333334,0.17024707300739053,29.063202599999993,0.23670182807378537,0.7087483349100419,0.003204534543873018,0,0.7055394797534132,0.7119485312938881,25.822535833333333,0.1409556573911931,28.93161733333333,0.07583666535115834,0.7096346386705026,0.0027811602980406507,0,0.7073783441423062,0.7127418523445327,25.936367166666667,0.06839345610936286,29.10645795,0.05619756542798164,0.7152149676837833,0.004942161574834229,0,0.7096484214326372,0.7190868790215996,25.378613833333333,0.14770298885968036,28.446648466666666,0.1266846879235053,0.7199750226284036,0.004137412217180853,0,0.7155284777601509,0.7237113578192718
cifar10,swin_tiny,grayscale,compact,compact,20,primary,8,3,heldout_val,45000,5000,512,512,200,0.0006,4ba79ef9f76ff06df88f37ba7586b1b5a3ac8b43008b3eed0ca6a744393e6687,NVIDIA RTX A6000,AMD EPYC 7413 24-Core Processor,4,10000,83.17333333333333,0.12583057392117633,0.6938701421101888,0.008174345465554575,43.65524444444444,0.11021387961259212,-4.613333333333332,0.2122105872319534,12.635422222222223,0.24620863179500926,31.503461166666668,0.11321130533689347,35.05099941666666,0.23907330610693758,0.5951067925735664,0.0048717514927581005,0,0.5922746313092655,0.6007321616891705,31.600772166666665,0.19665869638814254,34.967676983333334,0.2444502351553903,0.5932885001184423,0.005628624973246054,0,0.5876826008167272,0.5989395787786184,31.731940166666668,0.18622993428107543,35.255251916666666,0.219746499578747,0.5982123891503418,0.006321600726050701,0,0.594044309187407,0.6054861273702948,30.868059666666667,0.2106511901202627,34.547671333333334,0.21117109169731543,0.6051038246019559,0.005434270404555602,0,0.5997941892503753,0.6106546954807732
cifar10,swin_tiny,grayscale,compact,compact,40,primary,1,3,heldout_val,45000,5000,512,512,200,0.0006,4ba79ef9f76ff06df88f37ba7586b1b5a3ac8b43008b3eed0ca6a744393e6687,NVIDIA RTX A6000,AMD EPYC 7413 24-Core Processor,4,10000,82.26333333333334,0.547205019470157,0.7114016286214193,0.02599363958196577,43.7952,0.4573848756183851,-5.523333333333332,0.6947181682764094,12.77537777777778,0.7393385191682676,30.142991,0.1782262205548048,33.89491873333333,0.19200536666829007,0.607323047915183,0.005278707859044181,0,0.6013959177665145,0.6115181172776516,30.157824166666668,0.1892846010920655,33.63985816666666,0.15416832888318885,0.607637720716585,0.005492206369351984,0,0.60131383448407,0.6112127957635944,30.461503833333335,0.19086025774459572,33.87557315,0.14105826656331233,0.608989348284765,0.006692987963413273,0,0.6012772172707634,0.6132794233487475,29.817108666666666,0.29178010323243847,33.07901076666666,0.48746505263714296,0.6128325212594335,0.006804202694148124,0,0.6088504187359154,0.6206890920141442
cifar10,swin_tiny,grayscale,compact,compact,40,primary,8,3,heldout_val,45000,5000,512,512,200,0.0006,4ba79ef9f76ff06df88f37ba7586b1b5a3ac8b43008b3eed0ca6a744393e6687,NVIDIA RTX A6000,AMD EPYC 7413 24-Core Processor,4,10000,82.26333333333334,0.547205019470157,0.7114016286214193,0.02599363958196577,43.7952,0.4573848756183851,-5.523333333333332,0.6947181682764094,12.77537777777778,0.7393385191682676,40.23703233333333,0.2838222348453022,44.66419788333332,0.2388905962548757,0.46598088616318467,0.008256265530507192,0,0.4594854705064374,0.4752720286188876,40.12418183333333,0.2608510895761879,44.415583066666656,0.3808853137832414,0.4673062947865266,0.009283028373573386,0,0.46156615650117133,0.47801618058097084,40.4319545,0.2544346511695121,44.769296566666654,0.29924004951802274,0.469533599229992,0.009164750046579365,0,0.4637983341648017,0.4801033544823497,39.7749155,0.2169642269574641,44.53133501666666,0.1917433873536458,0.46964180788016385,0.008832557796552445,0,0.4630284994066507,0.47967246319552376
cifar10,swin_tiny,grayscale,compact,compact,60,primary,1,3,heldout_val,45000,5000,512,512,200,0.0006,4ba79ef9f76ff06df88f37ba7586b1b5a3ac8b43008b3eed0ca6a744393e6687,NVIDIA RTX A6000,AMD EPYC 7413 24-Core Processor,4,10000,79.85333333333332,0.3847510017314224,0.8409556299845378,0.01399556817591297,44.355377777777775,0.04251145379428677,-7.933333333333329,0.3013856886670914,13.335555555555558,0.297965257731191,34.919011,0.1355902539648396,37.22609431666666,0.24344462919697685,0.5242484115668847,0.003587352786953516,0,0.5201386174198778,0.5267519667173063,34.664198666666664,0.11894980145142221,37.01219701666667,0.13683314996721818,0.5286330650068198,0.00357231524360155,0,0.5248545855934461,0.5319553979385626,35.01519416666667,0.17753542867575192,37.113369633333335,0.057160368985017626,0.5297795494822045,0.004448099622117526,0,0.5256555600534881,0.5344929822294344,34.20430416666667,0.15310573008573047,36.457086149999995,0.12659443163738732,0.5341964927151003,0.0025300369390611308,0,0.5317625818220542,0.5368127855893181
cifar10,swin_tiny,grayscale,compact,compact,60,primary,8,3,heldout_val,45000,5000,512,512,200,0.0006,4ba79ef9f76ff06df88f37ba7586b1b5a3ac8b43008b3eed0ca6a744393e6687,NVIDIA RTX A6000,AMD EPYC 7413 24-Core Processor,4,10000,79.85333333333332,0.3847510017314224,0.8409556299845378,0.01399556817591297,44.355377777777775,0.04251145379428677,-7.933333333333329,0.3013856886670914,13.335555555555558,0.297965257731191,46.825905166666665,0.05077563813566203,53.524141449999995,0.2551903549318705,0.4003815170805518,0.004522540613564534,0,0.397562271518441,0.4055980105511276,46.665296166666664,0.19836185654148333,53.40134995,0.23253884606475106,0.4017840481730393,0.006623709321315418,0,0.39763372920545487,0.4094228992841382,46.83219183333333,0.16136625074061664,53.561907149999996,0.2368822825458688,0.4053436915452271,0.0063441560092607,0,0.40163594515406514,0.4126691073015452,46.496277666666664,0.32069588773842045,53.01234083333333,0.2330534169757754,0.4017550658039737,0.007619362827218674,0,0.3951592198022068,0.41009538917903743
cifar10,swin_tiny,grayscale,compact,compact,80,primary,1,3,heldout_val,45000,5000,512,512,200,0.0006,4ba79ef9f76ff06df88f37ba7586b1b5a3ac8b43008b3eed0ca6a744393e6687,NVIDIA RTX A6000,AMD EPYC 7413 24-Core Processor,4,10000,67.07333333333332,0.48232077845904164,1.260825318400065,0.04619821531429956,53.93546666666666,0.23258137882852578,-20.71333333333333,0.42193996413391827,22.915644444444442,0.3932305929849049,35.350446500000004,0.16782803484295936,37.68586798333333,0.22135829149520567,0.5178451450468785,0.00164824648397617,0,0.5159980596277245,0.5191660831045678,35.192893,0.2785393969602815,37.62555963333333,0.1984450784792935,0.5207055755655527,0.004536632706952221,0,0.5162954835804516,0.5253589583057748,35.509774166666666,0.16039489926142522,37.78266995,0.22241494510740012,0.5223891587111067,0.0015716138855484418,0,0.5214236117124434,0.5242026310682864,34.72227866666667,0.28809298892212654,36.82341281666666,0.24403152455514568,0.5262409225128276,0.003720302447880879,0,0.5220269564138958,0.5290707593452253
cifar10,swin_tiny,grayscale,compact,compact,80,primary,8,3,heldout_val,45000,5000,512,512,200,0.0006,4ba79ef9f76ff06df88f37ba7586b1b5a3ac8b43008b3eed0ca6a744393e6687,NVIDIA RTX A6000,AMD EPYC 7413 24-Core Processor,4,10000,67.07333333333332,0.48232077845904164,1.260825318400065,0.04619821531429956,53.93546666666666,0.23258137882852578,-20.71333333333333,0.42193996413391827,22.915644444444442,0.3932305929849049,55.8165675,0.30509722718299315,61.45273978333333,0.31149226705745453,0.3359030364754991,0.004928482141860354,0,0.3314053589079548,0.34117149586399015,55.881736833333335,0.3567190147666384,61.46033413333333,0.3300181887964294,0.33553512052110124,0.006654645388457646,0,0.3287708378094394,0.3420744227524111,56.046593333333334,0.29631580292499177,61.59329161666666,0.28754445361496983,0.3387171222283636,0.0063883793674668265,0,0.33270565529688084,0.34542529947375145,55.36529733333334,0.29100576991587673,60.8930096,0.32422262510608507,0.3373753900596823,0.004546243251333923,0,0.333383145017179,0.34232359868075474
cifar10,swin_tiny,grayscale,dense,dense,0,primary,1,3,heldout_val,45000,5000,512,512,200,0.0006,4ba79ef9f76ff06df88f37ba7586b1b5a3ac8b43008b3eed0ca6a744393e6687,NVIDIA RTX A6000,AMD EPYC 7413 24-Core Processor,4,10000,83.27666666666667,0.1193035344544861,0.6893544240315755,0.008910852544764779,43.44884444444445,0.10391845806172173,-4.509999999999999,0.2286919325205829,12.429022222222223,0.3227399457653039,18.450198166666667,0.08679109524935896,18.556821333333332,0.10103032994766047,0.9922068139656508,0.008221780255574242,0,0.9831156774460635,0.9991211578918215,18.52358716666667,0.08131600965113374,18.647112983333333,0.09669445473139071,0.9892635332729581,0.006936606812809045,0,0.9812961275701712,0.9939591693030327,18.690279,0.11904862762018707,18.778916116666664,0.11971356800435523,0.9925336924472086,0.010852220392392588,1,0.9802006863871161,1.0006220197632791,18.269249666666667,0.09753673220552801,18.364950166666667,0.1151163113823828,1.000152505015932,0.0070289842049837325,2,0.9920485200205504,1.0045926847749873
cifar10,swin_tiny,grayscale,dense,dense,0,primary,8,3,heldout_val,45000,5000,512,512,200,0.0006,4ba79ef9f76ff06df88f37ba7586b1b5a3ac8b43008b3eed0ca6a744393e6687,NVIDIA RTX A6000,AMD EPYC 7413 24-Core Processor,4,10000,83.27666666666667,0.1193035344544861,0.6893544240315755,0.008910852544764779,43.44884444444445,0.10391845806172173,-4.509999999999999,0.2286919325205829,12.429022222222223,0.3227399457653039,18.740167833333334,0.10835960145313968,18.860405316666668,0.06595770057753605,1.0004133287854802,0.006693420562171474,1,0.9948546735936065,1.0078432362555285,18.757096333333333,0.10714686017953633,18.8288743,0.12751955481510455,0.9995334485298885,0.009564191994600797,1,0.9920494843605651,1.01030867159889,18.98747566666667,0.10477407054387651,19.090978316666664,0.13102509797459963,0.9997272805441917,0.009648168650292516,1,0.9929533076646346,1.0107740402753123,18.520571166666667,0.07835775464868418,18.61434665,0.05934410445796237,1.0085207220920607,0.010549772035350952,2,0.9998966282840566,1.0202837048091624
cifar10,swin_tiny,raw,dense,dense,,primary,1,3,heldout_val,45000,5000,512,512,200,0.0006,4ba79ef9f76ff06df88f37ba7586b1b5a3ac8b43008b3eed0ca6a744393e6687,NVIDIA RTX A6000,AMD EPYC 7413 24-Core Processor,4,10000,87.78666666666666,0.14843629385474466,0.6332092839558919,0.00540647908442488,31.01982222222222,0.2826661740037631,0.0,0.0,0.0,0.0,18.305936666666668,0.06586048176701523,18.45574065,0.0855829904097043,1.0,0.0,0,1.0,1.0,18.324358333333333,0.061044915112427774,18.455239816666666,0.07728591815315354,1.0,0.0,0,1.0,1.0,18.5498835,0.0895566124289548,18.696645966666665,0.1168393734402085,1.0,0.0,0,1.0,1.0,18.271581666666666,0.033737107523961175,18.371604483333336,0.05441338300984038,1.0,0.0,0,1.0,1.0
cifar10,swin_tiny,raw,dense,dense,,primary,8,3,heldout_val,45000,5000,512,512,200,0.0006,4ba79ef9f76ff06df88f37ba7586b1b5a3ac8b43008b3eed0ca6a744393e6687,NVIDIA RTX A6000,AMD EPYC 7413 24-Core Processor,4,10000,87.78666666666666,0.14843629385474466,0.6332092839558919,0.00540647908442488,31.01982222222222,0.2826661740037631,0.0,0.0,0.0,0.0,18.748288,0.22072780514074472,18.908258166666666,0.24603284993793773,1.0,0.0,0,1.0,1.0,18.749010333333334,0.2850482731294516,18.864574833333332,0.25435515549342275,1.0,0.0,0,1.0,1.0,18.98295333333333,0.2865990537464019,19.107432183333334,0.29339526084520623,1.0,0.0,0,1.0,1.0,18.678769166666665,0.25783605326075487,18.749574183333333,0.2821038461753961,1.0,0.0,0,1.0,1.0
cifar10,swin_tiny,single_color,compact,compact,0,primary,1,3,heldout_val,45000,5000,512,512,200,0.0006,4ba79ef9f76ff06df88f37ba7586b1b5a3ac8b43008b3eed0ca6a744393e6687,NVIDIA RTX A6000,AMD EPYC 7413 24-Core Processor,4,10000,87.16333333333334,0.24090108620205844,0.6070520619710287,0.007690824865787405,39.13791111111111,0.26374726398440484,-0.6233333333333313,0.3202082655606068,8.118088888888892,0.2538420973171518,23.026673,0.2031354716833084,24.295963649999997,0.20765582455156995,0.7950242438773419,0.006690630048994845,0,0.7903621610804947,0.8026903830676545,23.058423166666667,0.20178437839580848,23.825798649999996,0.4324222337536193,0.7947258750513932,0.006172997729465688,0,0.7898451005554965,0.8016650878358724,23.249207833333333,0.19920470844104823,24.09479703333333,0.3237638285905418,0.7979080802663218,0.0074577374475067165,0,0.7924849361229223,0.8064127498286459,22.7838645,0.26896214137448715,23.44971499999999,0.23572411215964428,0.8020263202847945,0.009477793821681653,0,0.791785900929397,0.8104900212957418
cifar10,swin_tiny,single_color,compact,compact,0,primary,8,3,heldout_val,45000,5000,512,512,200,0.0006,4ba79ef9f76ff06df88f37ba7586b1b5a3ac8b43008b3eed0ca6a744393e6687,NVIDIA RTX A6000,AMD EPYC 7413 24-Core Processor,4,10000,87.16333333333334,0.24090108620205844,0.6070520619710287,0.007690824865787405,39.13791111111111,0.26374726398440484,-0.6233333333333313,0.3202082655606068,8.118088888888892,0.2538420973171518,23.379483166666667,0.126079840220723,29.26021503333333,0.16452046442798826,0.8019449844128259,0.01224295293122522,0,0.7911862230231652,0.8152664483668809,23.405069666666666,0.08144629752225493,28.910489199999997,0.1704019348954732,0.8010958442730184,0.014551479722292435,0,0.7875643486625784,0.8164882676845638,23.578523333333333,0.05621158791862589,29.090723999999998,0.2156674096973219,0.8051115071149548,0.013554723233300212,0,0.7934851848526203,0.819999468239545,23.084964166666666,0.06234552501249436,28.659669849999997,0.21824308019051705,0.8091498882805781,0.012853098677630698,0,0.8008220770640667,0.8239527701494297
cifar10,swin_tiny,single_color,compact,compact,20,primary,1,3,heldout_val,45000,5000,512,512,200,0.0006,4ba79ef9f76ff06df88f37ba7586b1b5a3ac8b43008b3eed0ca6a744393e6687,NVIDIA RTX A6000,AMD EPYC 7413 24-Core Processor,4,10000,86.80333333333333,0.1616580753730994,0.6267219024658204,0.020690379198875432,39.4788,0.6104436419523088,-0.9833333333333324,0.23671361036774613,8.458977777777777,0.5918696753446588,24.292955,0.04441007860553621,27.485159916666664,0.067897781377124,0.7535523207024382,0.0035404775398103893,0,0.7503322521391635,0.7573437192465864,24.351676333333334,0.1114243279644664,27.543000483333334,0.24167634753808845,0.7525018670058131,0.004948818450555208,0,0.7493883913737669,0.7582083645947685,24.481798833333336,0.07906061931570756,27.648201516666663,0.09667400032364619,0.7577046909542472,0.003976709055178592,0,0.7538870999952244,0.7618233991835589,23.83752683333333,0.07081379468778305,26.981830116666664,0.06322640825348069,0.7665082121040715,0.0020952840681747464,0,0.765217293673,0.7689257781249627
cifar10,swin_tiny,single_color,compact,compact,20,primary,8,3,heldout_val,45000,5000,512,512,200,0.0006,4ba79ef9f76ff06df88f37ba7586b1b5a3ac8b43008b3eed0ca6a744393e6687,NVIDIA RTX A6000,AMD EPYC 7413 24-Core Processor,4,10000,86.80333333333333,0.1616580753730994,0.6267219024658204,0.020690379198875432,39.4788,0.6104436419523088,-0.9833333333333324,0.23671361036774613,8.458977777777777,0.5918696753446588,28.8706425,0.09259099682069523,33.107418349999996,0.08368504372372874,0.6493818024146778,0.0062635933074426785,0,0.6442566259316637,0.656363895790757,28.753728000000002,0.11988623610636027,33.01910003333333,0.07321650078534864,0.6520445355112658,0.008375883487920706,0,0.6435246574214007,0.6602685863361057,29.01392716666667,0.12529844130348616,33.2627855,0.05207245180755012,0.654255337482338,0.0077371486865176415,0,0.6497744679751588,0.6631894129599286,28.3772375,0.2936363670869116,32.69042966666667,0.22800647218573142,0.6582153259338388,0.0023526347691769623,0,0.6564222356623433,0.6608792167674741
cifar10,swin_tiny,single_color,compact,compact,40,primary,1,3,heldout_val,45000,5000,512,512,200,0.0006,4ba79ef9f76ff06df88f37ba7586b1b5a3ac8b43008b3eed0ca6a744393e6687,NVIDIA RTX A6000,AMD EPYC 7413 24-Core Processor,4,10000,85.92,0.14933184523068108,0.6441002192179361,0.022041667533884233,40.02151111111111,0.36053013640923176,-1.8666666666666647,0.21548395145191782,9.001688888888893,0.47628221947978755,28.478053333333335,0.103417782424414,32.57384595,0.1864598523822983,0.642809793031043,0.0015088359181665734,0,0.6417921711343666,0.6445433162249733,28.4799045,0.3749771530333543,32.4408478,0.3894400278507202,0.6434723480930996,0.006780596021262386,0,0.6376066404110389,0.650896480977456,28.907136833333333,0.30061833304637875,32.62570245,0.37455885230461383,0.6417328146619092,0.004071894009610881,0,0.6373212400652559,0.6453470862551882,28.023830166666666,0.177443345531983,31.800954283333333,0.25780761856722206,0.6520192694112374,0.004362659436062981,0,0.647812127951261,0.6565223750767663
cifar10,swin_tiny,single_color,compact,compact,40,primary,8,3,heldout_val,45000,5000,512,512,200,0.0006,4ba79ef9f76ff06df88f37ba7586b1b5a3ac8b43008b3eed0ca6a744393e6687,NVIDIA RTX A6000,AMD EPYC 7413 24-Core Processor,4,10000,85.92,0.14933184523068108,0.6441002192179361,0.022041667533884233,40.02151111111111,0.36053013640923176,-1.8666666666666647,0.21548395145191782,9.001688888888893,0.47628221947978755,38.075155,0.43811308401684235,42.11548885,0.20695853377885265,0.4924087760324373,0.003334017808188267,0,0.4886649473626298,0.4950575332817464,38.14190216666667,0.1977677688871032,42.07464551666667,0.3012148957367926,0.4915427443007958,0.0049653210319525465,0,0.4870045968155577,0.496846340411436,38.39744066666667,0.2754038963260747,42.24166013333333,0.2911218669399953,0.49436534691584366,0.0044879728505392335,0,0.4898023238620683,0.49877430192381683,37.925743833333335,0.358927405383848,41.819373,0.33786967085676195,0.49250176139172447,0.003684699912708249,0,0.48842422518154605,0.49559280668830125
cifar10,swin_tiny,single_color,compact,compact,60,primary,1,3,heldout_val,45000,5000,512,512,200,0.0006,4ba79ef9f76ff06df88f37ba7586b1b5a3ac8b43008b3eed0ca6a744393e6687,NVIDIA RTX A6000,AMD EPYC 7413 24-Core Processor,4,10000,83.37666666666667,0.061101009266082036,0.770466493733724,0.005680838914059798,41.95693333333333,0.4760473552541207,-4.409999999999999,0.09539392014168685,10.937111111111113,0.2904156204349074,33.914846833333335,0.21078175164274482,36.69093251666666,0.15598637857902992,0.5397816005081522,0.004961354703976606,0,0.5341284725849382,0.5434123093643553,33.8901465,0.168438617056034,36.60149916666666,0.15678932976875293,0.5407105054935296,0.003889657202173263,0,0.5363662762428492,0.5438701358471332,34.02123733333333,0.18064371303226293,36.65678066666666,0.380703737394372,0.5452637407068186,0.005510716793136962,0,0.5389091298864971,0.5487277350875571,33.375929166666666,0.1999965640563158,35.89517365,0.28387218398280945,0.5474647690798173,0.004242192164649559,0,0.543328842427087,0.5518057870479015
cifar10,swin_tiny,single_color,compact,compact,60,primary,8,3,heldout_val,45000,5000,512,512,200,0.0006,4ba79ef9f76ff06df88f37ba7586b1b5a3ac8b43008b3eed0ca6a744393e6687,NVIDIA RTX A6000,AMD EPYC 7413 24-Core Processor,4,10000,83.37666666666667,0.061101009266082036,0.770466493733724,0.005680838914059798,41.95693333333333,0.4760473552541207,-4.409999999999999,0.09539392014168685,10.937111111111113,0.2904156204349074,45.382343999999996,0.30403901757052576,52.25801731666667,0.3853799904173479,0.4131095999214742,0.0021967557740528486,0,0.4114326639122667,0.41559629428996187,45.35565616666667,0.357439390464428,51.85400846666666,0.37192728565352473,0.4133620061255001,0.003081558208604332,0,0.4104157435961704,0.4165630418505497,45.611969,0.3987859049377249,52.31057515,0.21373931233371818,0.4161701516175878,0.00304846425735112,0,0.41390633135080734,0.4196364723142965,45.03111066666666,0.3467368380563772,51.704789133333335,0.38157444932568796,0.41479325770336506,0.00421017675817673,0,0.41035298826290045,0.41872762514033934
cifar10,swin_tiny,single_color,compact,compact,80,primary,1,3,heldout_val,45000,5000,512,512,200,0.0006,4ba79ef9f76ff06df88f37ba7586b1b5a3ac8b43008b3eed0ca6a744393e6687,NVIDIA RTX A6000,AMD EPYC 7413 24-Core Processor,4,10000,73.68,0.1732050807568879,1.2133909657796222,0.019258718312477285,49.06377777777778,0.11074778820632517,-14.106666666666664,0.3000555504124702,18.04395555555556,0.3221280996631509,35.359490666666666,0.12888836301363374,37.562435316666665,0.2021471136632911,0.5177144847164799,0.0028240790951298265,0,0.514738430056664,0.5203569585509477,35.301196833333336,0.17674633584627134,37.39549828333333,0.06099349455913648,0.5190915401616365,0.0021961805517209942,0,0.5178028302745703,0.5216273572739668,35.5375975,0.11137630333580872,37.63429966666667,0.09585405796632167,0.5219832009876766,0.0031776590580547977,0,0.5189490706398348,0.5252871788241154,34.804736,0.2058831911321336,36.686748800000004,0.16922235159760085,0.5249888037589139,0.0038236649385070677,0,0.5224000602328367,0.5293806291179105
cifar10,swin_tiny,single_color,compact,compact,80,primary,8,3,heldout_val,45000,5000,512,512,200,0.0006,4ba79ef9f76ff06df88f37ba7586b1b5a3ac8b43008b3eed0ca6a744393e6687,NVIDIA RTX A6000,AMD EPYC 7413 24-Core Processor,4,10000,73.68,0.1732050807568879,1.2133909657796222,0.019258718312477285,49.06377777777778,0.11074778820632517,-14.106666666666664,0.3000555504124702,18.04395555555556,0.3221280996631509,55.00161816666667,0.1778775420017461,60.9674705,0.30379769002928136,0.34086657555263417,0.003668681785009843,0,0.3377285434758357,0.34490009804332783,54.9923265,0.2853557840893534,60.875395149999996,0.18468787846856957,0.3409410721387928,0.005103280966869091,0,0.33550503908734974,0.3456290214360886,54.99023416666667,0.29434119341179815,60.79561661666666,0.22805457193726167,0.3452281944011575,0.006847445876538949,0,0.33914444523703785,0.3526436844342127,54.392779833333336,0.23190691625754056,60.36598431666667,0.18475313948509944,0.34341519609535187,0.005528001978618447,0,0.33921251340196257,0.34967729452575425
cifar10,swin_tiny,single_color,dense,dense,0,primary,1,3,heldout_val,45000,5000,512,512,200,0.0006,4ba79ef9f76ff06df88f37ba7586b1b5a3ac8b43008b3eed0ca6a744393e6687,NVIDIA RTX A6000,AMD EPYC 7413 24-Core Processor,4,10000,87.05666666666666,0.056862407030773186,0.6145001108805338,0.008308254013617136,39.14671111111111,0.12159834306863326,-0.730000000000001,0.09165151389911276,8.126888888888889,0.16221217016040448,18.4419935,0.07105057419366761,18.533502483333333,0.05076855743396348,0.9926235162028484,0.0011442301250964024,0,0.9913168047087888,0.993446109601267,18.432747000000003,0.1028622838021772,18.53299133333333,0.05407857140386924,0.9941294166594582,0.002979903953741117,0,0.9910492454884859,0.9969977479833736,18.645398500000002,0.09666624283197374,18.760634449999998,0.1020680953665259,0.994878532210141,0.00041258748581478067,0,0.9944463948999528,0.995268300152247,18.221931833333333,0.07948846745335868,18.329393983333333,0.024070984094980347,1.0027324819322234,0.002755101446115435,3,1.0002667962930414,1.0057062669464136
cifar10,swin_tiny,single_color,dense,dense,0,primary,8,3,heldout_val,45000,5000,512,512,200,0.0006,4ba79ef9f76ff06df88f37ba7586b1b5a3ac8b43008b3eed0ca6a744393e6687,NVIDIA RTX A6000,AMD EPYC 7413 24-Core Processor,4,10000,87.05666666666666,0.056862407030773186,0.6145001108805338,0.008308254013617136,39.14671111111111,0.12159834306863326,-0.730000000000001,0.09165151389911276,8.126888888888889,0.16221217016040448,18.803840833333332,0.21020839811740127,18.975383,0.20467283723220003,0.9971682501002812,0.01950517045203467,1,0.9780866489185817,1.0170710508175471,18.825887166666668,0.17981731207696294,18.96919085,0.15881015580188027,0.9959983979727648,0.01963902725974299,1,0.9813060248681378,1.0183042643720788,19.033460833333333,0.18197556532975284,19.19984231666667,0.2703762706689981,0.9974226166172064,0.019100934686612708,1,0.9813057228015561,1.0185206189700433,18.565214,0.16971222017580326,18.664773816666667,0.1247132052467829,1.0062240790827996,0.020818177343360354,2,0.9871154021954286,1.028409346178415
cifar10,vit_small,color_opponency,compact,compact,0,primary,1,3,heldout_val,45000,5000,128,128,200,0.0003,4ba79ef9f76ff06df88f37ba7586b1b5a3ac8b43008b3eed0ca6a744393e6687,NVIDIA RTX A6000,AMD EPYC 7413 24-Core Processor,4,10000,77.89666666666668,0.6375996654118713,1.7644454710006714,0.0735688884197672,48.159866666666666,0.6500580213420285,-0.2066666666666661,1.3276043587354385,12.600266666666665,0.7421500058014648,10.848798666666665,0.024486310258659064,10.970611983333333,0.05755868051478765,0.9389098575065189,0.007836318354123354,0,0.9311855239080823,0.9468535544345269,10.879856666666667,0.023249165411543652,10.972083666666666,0.04557373825552695,0.9390006083165078,0.007323590256385064,0,0.9326947128591874,0.9470332830974146,11.052310666666667,0.018171183411746575,11.180169666666666,0.1043590055353804,0.9441003061470852,0.006005187087385172,0,0.9381182643216018,0.9501283739236608,10.517847666666666,0.020138264233377428,10.633012333333333,0.03147891048044421,0.9599429795222599,0.006398615162516644,0,0.9543502084999048,0.9669206280264357
cifar10,vit_small,color_opponency,compact,compact,0,primary,8,3,heldout_val,45000,5000,128,128,200,0.0003,4ba79ef9f76ff06df88f37ba7586b1b5a3ac8b43008b3eed0ca6a744393e6687,NVIDIA RTX A6000,AMD EPYC 7413 24-Core Processor,4,10000,77.89666666666668,0.6375996654118713,1.7644454710006714,0.0735688884197672,48.159866666666666,0.6500580213420285,-0.2066666666666661,1.3276043587354385,12.600266666666665,0.7421500058014648,12.109338166666666,0.09385555054222015,12.18886795,0.10604811842154453,0.9618256242030027,0.0037680221065636856,0,0.9578304202684357,0.9653154559570375,12.168934,0.07142061212983267,12.256301833333334,0.08221711310023022,0.9626061717163202,0.0036318129990744455,0,0.9585743600019725,0.9656212954602847,12.361557666666666,0.019329198666352403,12.42450765,0.0313376093674595,0.9647529068719553,0.007333505247137068,0,0.9585957022166816,0.9728660819058497,11.920863333333333,0.014831131862853215,11.96276465,0.017574024989811764,0.9734267391442544,0.009310749477167403,0,0.9631528106680189,0.9813068495825357
cifar10,vit_small,color_opponency,compact,compact,20,primary,1,3,heldout_val,45000,5000,128,128,200,0.0003,4ba79ef9f76ff06df88f37ba7586b1b5a3ac8b43008b3eed0ca6a744393e6687,NVIDIA RTX A6000,AMD EPYC 7413 24-Core Processor,4,10000,77.94666666666666,0.4880915214724941,1.7515895502090455,0.042262695112462265,48.07564444444444,0.43346536108351197,-0.1566666666666642,1.0554777749120698,12.516044444444445,0.5620461876367786,10.976503166666667,0.1415839280818386,11.100738316666668,0.15876474862709825,0.9280282861869664,0.006181020173973757,0,0.922180086063388,0.9344955383590952,10.99863,0.13767912556738526,11.146223183333333,0.1512701626096529,0.9289039622469276,0.006529089120666963,0,0.92440059104586,0.9363919385779936,11.183422833333333,0.14893464288936695,11.301569183333333,0.16504522422279003,0.9330944421424406,0.007647581022139331,0,0.925632514195968,0.9409150538977511,10.539636666666667,0.1389085012736196,10.666780833333334,0.15829270763867645,0.9580204966063058,0.007952626867587988,0,0.9510036243778901,0.9666589329342221
cifar10,vit_small,color_opponency,compact,compact,20,primary,8,3,heldout_val,45000,5000,128,128,200,0.0003,4ba79ef9f76ff06df88f37ba7586b1b5a3ac8b43008b3eed0ca6a744393e6687,NVIDIA RTX A6000,AMD EPYC 7413 24-Core Processor,4,10000,77.94666666666666,0.4880915214724941,1.7515895502090455,0.042262695112462265,48.07564444444444,0.43346536108351197,-0.1566666666666642,1.0554777749120698,12.516044444444445,0.5620461876367786,12.261974666666667,0.12962478851123768,12.340099183333333,0.16897050806538985,0.9498647676208339,0.0009653224468800002,0,0.9489271439053601,0.950855588820045,12.302794333333333,0.08710242126561976,12.358463983333333,0.09441733516124516,0.9521364401662188,0.0031074311391982453,0,0.9497067125209742,0.9556378835221855,12.516344833333333,0.08354022495829898,12.606049183333333,0.09744380917470209,0.9528211177863373,0.0033921025326352013,0,0.9491294166665971,0.9558004879639432,11.928393666666667,0.08547818320532702,11.991877966666667,0.09643181884549679,0.972806723373449,0.004849717772224107,0,0.9692335071826905,0.9783274788963948
cifar10,vit_small,color_opponency,compact,compact,40,primary,1,3,heldout_val,45000,5000,128,128,200,0.0003,4ba79ef9f76ff06df88f37ba7586b1b5a3ac8b43008b3eed0ca6a744393e6687,NVIDIA RTX A6000,AMD EPYC 7413 24-Core Processor,4,10000,77.53,0.2022374841615635,1.7880956880569459,0.020982761074227713,48.400533333333335,0.33098707594775373,-0.5733333333333331,0.8585064550330007,12.840933333333332,0.19259301937274795,11.046764166666666,0.07385583741711473,11.187665683333334,0.09575505395644061,0.9220895453813259,0.006394037651828605,0,0.9152015593354013,0.9278358098188617,11.0798205,0.06304185654983564,11.189288183333334,0.0707703381723291,0.9220493554316384,0.003910344296069553,0,0.9175340843473972,0.92431313838505,11.265444,0.06376903851595966,11.4515025,0.03561983074426284,0.9262433584079416,0.004745955326575533,0,0.9212574326144799,0.9307059659295783,10.607233833333334,0.08085815842005861,10.7230582,0.08401312106372157,0.9518616173134768,0.00370723234384119,0,0.9492333951667288,0.9561019730642026
cifar10,vit_small,color_opponency,compact,compact,40,primary,8,3,heldout_val,45000,5000,128,128,200,0.0003,4ba79ef9f76ff06df88f37ba7586b1b5a3ac8b43008b3eed0ca6a744393e6687,NVIDIA RTX A6000,AMD EPYC 7413 24-Core Processor,4,10000,77.53,0.2022374841615635,1.7880956880569459,0.020982761074227713,48.400533333333335,0.33098707594775373,-0.5733333333333331,0.8585064550330007,12.840933333333332,0.19259301937274795,12.294724166666667,0.16305514563663218,12.395503349999998,0.1398651582144117,0.947394197235019,0.010694528709385222,0,0.9410710016925917,0.9597419717362459,12.3473445,0.1407658029396707,12.441437666666666,0.10759177784215564,0.9487342846992906,0.005733926354966448,0,0.9435279062514267,0.9548798077637001,12.570682833333334,0.16202158882177872,12.659021983333334,0.1327000529976377,0.9487976709705671,0.01316719697376353,0,0.9347001655769772,0.9607779885715446,11.991837833333333,0.0969819297760323,12.0366532,0.11441248778014876,0.9676914498667936,0.010101555196210166,0,0.9599914864865536,0.9791292072744281
cifar10,vit_small,color_opponency,compact,compact,60,primary,1,3,heldout_val,45000,5000,128,128,200,0.0003,4ba79ef9f76ff06df88f37ba7586b1b5a3ac8b43008b3eed0ca6a744393e6687,NVIDIA RTX A6000,AMD EPYC 7413 24-Core Processor,4,10000,76.11,0.287923600977757,1.9145443957010904,0.01859910938443683,49.60395555555556,0.36493336581009117,-1.993333333333332,0.5492115560813849,14.044355555555557,0.3505007042841787,11.078494166666667,0.16458234044873582,11.195061816666666,0.16928748135701147,0.9195886442864923,0.016634832652011308,0,0.9006858618951276,0.9319949078582604,11.134800833333333,0.11714387205519244,11.226470483333332,0.1319818625909474,0.9175748798664826,0.012820051229589293,0,0.9030324455032128,0.9272423265074529,11.307439333333333,0.10317945067979009,11.415302483333333,0.1093055395979586,0.9228580204733522,0.011387507928848392,0,0.9097109733699136,0.9296357526795398,10.629898833333334,0.06729826870049016,10.708198483333334,0.065179326059732,0.9498465403433018,0.008422389574289557,0,0.9402766706945387,0.9561314226068836
cifar10,vit_small,color_opponency,compact,compact,60,primary,8,3,heldout_val,45000,5000,128,128,200,0.0003,4ba79ef9f76ff06df88f37ba7586b1b5a3ac8b43008b3eed0ca6a744393e6687,NVIDIA RTX A6000,AMD EPYC 7413 24-Core Processor,4,10000,76.11,0.287923600977757,1.9145443957010904,0.01859910938443683,49.60395555555556,0.36493336581009117,-1.993333333333332,0.5492115560813849,14.044355555555557,0.3505007042841787,12.179112166666668,0.02264207588392267,12.252241666666666,0.0330612359986865,0.9563261229640153,0.009833472366816063,0,0.9454991158471924,0.9647025839062131,12.276211000000002,0.015457798452561625,12.347661466666667,0.01558821596594133,0.9541965201687926,0.00700158006216402,0,0.9464346660379496,0.960036359867674,12.509245666666667,0.03400359093291914,12.582608183333333,0.03407177348628636,0.9533523235012235,0.004258620746361878,0,0.9488753019111996,0.9573523844440283,11.871478,0.058033019318746965,11.962204983333333,0.03116245102123354,0.9775063986244701,0.01241305422372827,0,0.9632156127663857,0.9856078223218449
cifar10,vit_small,color_opponency,compact,compact,80,primary,1,3,heldout_val,45000,5000,128,128,200,0.0003,4ba79ef9f76ff06df88f37ba7586b1b5a3ac8b43008b3eed0ca6a744393e6687,NVIDIA RTX A6000,AMD EPYC 7413 24-Core Processor,4,10000,72.03333333333333,0.6606310114832126,2.146831334845225,0.022310080078679843,51.632088888888894,0.6993020308638914,-6.070000000000001,1.3257073583562875,16.07248888888889,0.7908796827536941,10.898601833333332,0.07652304093267083,11.13408665,0.1220298272085256,0.9346580024300222,0.011414914065363735,0,0.9219130399085654,0.9439416193565408,10.888743666666667,0.034131976870426024,11.080830166666667,0.024608553098127706,0.9382347852422928,0.007099421208475859,0,0.9313004104616449,0.9454884771283876,11.0852915,0.0359163271472733,11.2689285,0.03869872814124473,0.9412919320678554,0.005503219313338965,0,0.9350088678400202,0.9452567203644893,10.429153166666666,0.03843612526755776,10.6329273,0.06151941706723491,0.968122937265748,0.008912132351895466,0,0.9620629031311747,0.978355946265111
cifar10,vit_small,color_opponency,compact,compact,80,primary,8,3,heldout_val,45000,5000,128,128,200,0.0003,4ba79ef9f76ff06df88f37ba7586b1b5a3ac8b43008b3eed0ca6a744393e6687,NVIDIA RTX A6000,AMD EPYC 7413 24-Core Processor,4,10000,72.03333333333333,0.6606310114832126,2.146831334845225,0.022310080078679843,51.632088888888894,0.6993020308638914,-6.070000000000001,1.3257073583562875,16.07248888888889,0.7908796827536941,11.561960166666667,0.1356928436251639,11.65907685,0.13226066262098657,1.00743017318069,0.012084771307039062,2,0.9984161814747691,1.0211622794767632,11.587756833333334,0.148584535714802,11.738607983333333,0.14649289677498314,1.0109609474953685,0.010616742038787168,3,1.0039881201600864,1.0231794840854385,11.797398000000001,0.15067889814353488,11.92182635,0.16417942094250973,1.011013988083444,0.01667804024416225,2,0.9965640272818282,1.0292642122915208,11.102846333333334,0.13361115908610868,11.256615666666665,0.10446875442247452,1.0452523729037295,0.01677955128404337,3,1.0321389121972389,1.0641614796485173
cifar10,vit_small,color_opponency,dense,dense,0,primary,1,3,heldout_val,45000,5000,128,128,200,0.0003,4ba79ef9f76ff06df88f37ba7586b1b5a3ac8b43008b3eed0ca6a744393e6687,NVIDIA RTX A6000,AMD EPYC 7413 24-Core Processor,4,10000,77.97,0.252388589282477,1.7751661548614501,0.005167600525882983,48.6836,0.44329210835896354,-0.13333333333332975,0.6660580555276937,13.123999999999999,0.2876949310177977,10.335448833333333,0.016150321052019984,10.375791166666666,0.018647808921783672,0.9855376431598917,0.007081243467406257,0,0.9783396129383239,0.992496015313583,10.379173666666667,0.019635313527757936,10.483871666666666,0.0432847905982669,0.9842957183672117,0.007442078844712787,0,0.9779902637243691,0.9925046763836481,10.566274333333332,0.0179148071252062,10.62057165,0.049659226525061675,0.9875292047432419,0.006588144653119499,0,0.9811985037618012,0.9943476797573143,10.155319833333333,0.11208157179743397,10.254246983333333,0.06205274321152874,0.9942458154273431,0.0055074208395641654,0,0.9880818161303268,0.9986826282747284
cifar10,vit_small,color_opponency,dense,dense,0,primary,8,3,heldout_val,45000,5000,128,128,200,0.0003,4ba79ef9f76ff06df88f37ba7586b1b5a3ac8b43008b3eed0ca6a744393e6687,NVIDIA RTX A6000,AMD EPYC 7413 24-Core Processor,4,10000,77.97,0.252388589282477,1.7751661548614501,0.005167600525882983,48.6836,0.44329210835896354,-0.13333333333332975,0.6660580555276937,13.123999999999999,0.2876949310177977,11.846957,0.03895727324903598,11.90785335,0.01348051801276556,0.9831436750995816,0.010454027320437279,0,0.9711481020669219,0.9903103747564168,11.890219499999999,0.00647324846966379,11.9683155,0.06970782539105654,0.9851794448811577,0.008592311990159135,0,0.9756398744307565,0.9923104315066219,12.0575245,0.04687309977215052,12.169200333333334,0.026518183843041363,0.9891034231480841,0.010738791026424653,0,0.977948592642922,0.999371142229848,11.639319166666667,0.017291495180675437,11.699010333333332,0.06136202862995501,0.9969695315744155,0.008938321067766845,1,0.9870804897669855,1.004473099685327
cifar10,vit_small,grayscale,compact,compact,0,primary,1,3,heldout_val,45000,5000,128,128,200,0.0003,4ba79ef9f76ff06df88f37ba7586b1b5a3ac8b43008b3eed0ca6a744393e6687,NVIDIA RTX A6000,AMD EPYC 7413 24-Core Processor,4,10000,76.90333333333334,0.5450076452063167,1.8438153986612955,0.028221235576297733,48.47506666666666,0.5343167766201802,-1.200000000000001,0.9328987083279717,12.915466666666669,0.704554415531153,10.8341735,0.041421751082613485,10.926346983333334,0.054167310331746904,0.9401658092456835,0.004548233509605107,0,0.9349182593257052,0.9429735487019664,10.858171666666667,0.048307262821787794,10.955424983333334,0.06586907597614196,0.9408644221941165,0.002810491658597392,0,0.9379699946637386,0.9435826907640202,11.039030833333333,0.04960899080391993,11.166717316666666,0.04470870295424434,0.9452329657758647,0.0034310911960198625,0,0.9414214910606472,0.9480751230002258,10.501422666666667,0.06928591650244181,10.619012666666666,0.044045859577670085,0.9614445622652843,0.0021694356230231118,0,0.9599703682483738,0.9639356589666759
cifar10,vit_small,grayscale,compact,compact,0,primary,8,3,heldout_val,45000,5000,128,128,200,0.0003,4ba79ef9f76ff06df88f37ba7586b1b5a3ac8b43008b3eed0ca6a744393e6687,NVIDIA RTX A6000,AMD EPYC 7413 24-Core Processor,4,10000,76.90333333333334,0.5450076452063167,1.8438153986612955,0.028221235576297733,48.47506666666666,0.5343167766201802,-1.200000000000001,0.9328987083279717,12.915466666666669,0.704554415531153,12.037376333333333,0.047597901729839236,12.116921,0.0804225902327825,0.9675769774976074,0.007746797553247635,0,0.959227319540916,0.9745312455085096,12.125206166666667,0.06755445852483322,12.188533166666668,0.07741088954619561,0.9660816262267978,0.0052837733875311125,0,0.962943539069109,0.9721819574762546,12.363351,0.05932048633482311,12.439531366666667,0.07293858491001706,0.9646043518055205,0.00309226541720658,0,0.9624986296442145,0.968154522647695,11.897168666666667,0.02457336132040845,11.969018666666667,0.029384056716369424,0.9753688955800215,0.009741247831688435,0,0.9663184680579326,0.9856785047778369
cifar10,vit_small,grayscale,compact,compact,20,primary,1,3,heldout_val,45000,5000,128,128,200,0.0003,4ba79ef9f76ff06df88f37ba7586b1b5a3ac8b43008b3eed0ca6a744393e6687,NVIDIA RTX A6000,AMD EPYC 7413 24-Core Processor,4,10000,77.07666666666667,1.1067670637190705,1.7811643860181172,0.08192305175244877,48.33546666666667,1.4080282636052122,-1.0266666666666646,1.401189970465586,12.775866666666666,1.2874550883213158,11.111450333333334,0.15007925764186578,11.199364816666666,0.16069700492783281,0.9168570588399808,0.01722406376751717,0,0.8975279861575235,0.9305785132965663,11.164883333333334,0.20424114962852902,11.25569485,0.18259537942543086,0.9152674917478165,0.02070104799854607,0,0.8922242412512676,0.9322927379090067,11.316677833333333,0.14898354666064093,11.420114333333334,0.10051258900076061,0.922177352768297,0.015935002124435917,0,0.9041720398772413,0.9344634256475357,10.6668135,0.14202167867706053,10.885103983333332,0.2617976552236976,0.9466701791142622,0.01618728308284841,0,0.9288262405018631,0.9604112276584459
cifar10,vit_small,grayscale,compact,compact,20,primary,8,3,heldout_val,45000,5000,128,128,200,0.0003,4ba79ef9f76ff06df88f37ba7586b1b5a3ac8b43008b3eed0ca6a744393e6687,NVIDIA RTX A6000,AMD EPYC 7413 24-Core Processor,4,10000,77.07666666666667,1.1067670637190705,1.7811643860181172,0.08192305175244877,48.33546666666667,1.4080282636052122,-1.0266666666666646,1.401189970465586,12.775866666666666,1.2874550883213158,11.933774833333333,0.07532529478258461,12.236101316666666,0.07666252590675196,0.9760135104063064,0.012043563089829717,0,0.9629871984318873,0.986743751780076,11.991311333333334,0.07342840922342825,12.292425316666666,0.07970289322838825,0.9768802651305212,0.007464473717499496,0,0.9690640208572926,0.9839345137704975,12.222556666666668,0.04648635348769935,12.539068666666667,0.03929890323960445,0.9757482996460078,0.01062992819695639,0,0.9652794936815956,0.9865323377272149,11.600961166666666,0.06982794514077598,11.907479333333333,0.07869167140545019,1.0003331869693572,0.015745829639838567,2,0.9838798373947732,1.0152603555354107
cifar10,vit_small,grayscale,compact,compact,40,primary,1,3,heldout_val,45000,5000,128,128,200,0.0003,4ba79ef9f76ff06df88f37ba7586b1b5a3ac8b43008b3eed0ca6a744393e6687,NVIDIA RTX A6000,AMD EPYC 7413 24-Core Processor,4,10000,74.98333333333333,2.340113957339112,1.9004481469154357,0.18478544298639427,49.29968888888889,2.8881512589916083,-3.1200000000000006,2.75528582909287,13.740088888888888,3.0612948236060222,11.057270833333334,0.056549878851182095,11.161199850000001,0.06869243168131718,0.9212252542083813,0.009449539424943238,0,0.9107495155052701,0.9291066003068857,11.104424333333334,0.07625401550792797,11.210572,0.07996978429381847,0.9200445094512115,0.010385962213855581,0,0.9089650012351749,0.9295593842335891,11.301953166666665,0.06502864977518369,11.414610183333334,0.11772587034176396,0.923274826835541,0.009306061503013817,0,0.9130594756155048,0.9312700152656787,10.635695,0.0835048255925968,10.7052938,0.07564427101567209,0.9493595022570441,0.01178569833745062,0,0.9375281741194832,0.9610990345572843
cifar10,vit_small,grayscale,compact,compact,40,primary,8,3,heldout_val,45000,5000,128,128,200,0.0003,4ba79ef9f76ff06df88f37ba7586b1b5a3ac8b43008b3eed0ca6a744393e6687,NVIDIA RTX A6000,AMD EPYC 7413 24-Core Processor,4,10000,74.98333333333333,2.340113957339112,1.9004481469154357,0.18478544298639427,49.29968888888889,2.8881512589916083,-3.1200000000000006,2.75528582909287,13.740088888888888,3.0612948236060222,11.575713833333333,0.048473121019110665,11.7156295,0.05179626122366397,1.0062248630685362,0.01549896784713138,2,0.9890778420422996,1.019237152329324,11.617016833333334,0.06727395756221927,11.80510915,0.08986003926728203,1.0084026373832597,0.01439793805882132,2,0.9925958512989838,1.0207680653434716,11.8090155,0.07239783630572147,11.955235799999999,0.11449908583201744,1.0099315280592904,0.011723898125414314,2,0.9964603377515201,1.017826890872653,11.122482333333334,0.03276131194844445,11.318876999999999,0.04909188229715288,1.043320665345596,0.01248385147212662,3,1.0293585402309642,1.0534066988030404
cifar10,vit_small,grayscale,compact,compact,60,primary,1,3,heldout_val,45000,5000,128,128,200,0.0003,4ba79ef9f76ff06df88f37ba7586b1b5a3ac8b43008b3eed0ca6a744393e6687,NVIDIA RTX A6000,AMD EPYC 7413 24-Core Processor,4,10000,68.40333333333334,0.49084960357866747,2.3112999441782636,0.03274265527090442,54.31351111111111,0.7438798748105415,-9.699999999999998,1.1594826432508623,18.753911111111112,0.9166609583660638,10.888471166666667,0.03090767465102026,11.053087183333334,0.11500818798026283,0.9354865414940146,0.007201908268151731,0,0.9313247071139759,0.9438025876841203,10.912664000000001,0.026087653861548737,11.027366833333334,0.06327122710846464,0.9361804773405964,0.0077683671296714515,0,0.930322317573583,0.9449924987476497,11.085518833333333,0.016842217908676262,11.219992999999999,0.05898369885612483,0.9412685870619659,0.0051239467090723415,0,0.9381536368215249,0.9471823959190684,10.459261333333334,0.040140590137457216,10.537160983333333,0.052829480668948485,0.9653295289015,0.0076658897799240285,0,0.9584568685030852,0.9735970877647213
cifar10,vit_small,grayscale,compact,compact,60,primary,8,3,heldout_val,45000,5000,128,128,200,0.0003,4ba79ef9f76ff06df88f37ba7586b1b5a3ac8b43008b3eed0ca6a744393e6687,NVIDIA RTX A6000,AMD EPYC 7413 24-Core Processor,4,10000,68.40333333333334,0.49084960357866747,2.3112999441782636,0.03274265527090442,54.31351111111111,0.7438798748105415,-9.699999999999998,1.1594826432508623,18.753911111111112,0.9166609583660638,11.566674166666667,0.1443006009354546,11.680893183333334,0.14427147809858507,1.0070687695589253,0.01660768383922347,2,0.9922536982344609,1.02502146566289,11.595515666666667,0.16652525595561576,11.7217285,0.2205978374206156,1.0103333897863156,0.014763414022553876,2,0.9999676879110609,1.0272368448925149,11.796554,0.1469044963879593,11.899186333333333,0.1679024824340323,1.0110974366135506,0.017902811147258724,2,0.9988678621213818,1.0316461691893009,11.161681166666666,0.04437633571604831,11.24897485,0.047049966409313394,1.0396362649228013,0.009183725266123289,3,1.032605969637325,1.0500268777071053
cifar10,vit_small,grayscale,compact,compact,80,primary,1,3,heldout_val,45000,5000,128,128,200,0.0003,4ba79ef9f76ff06df88f37ba7586b1b5a3ac8b43008b3eed0ca6a744393e6687,NVIDIA RTX A6000,AMD EPYC 7413 24-Core Processor,4,10000,56.80666666666667,0.5522076903967646,3.210691236114502,0.04182415030535136,61.51942222222222,0.19608997179110682,-21.296666666666663,0.7489548272982376,25.959822222222222,0.07970884053390108,10.881704666666666,0.04858126344161169,10.9944605,0.03034558175830554,0.9360546937893249,0.001819356415388378,0,0.9347670002467436,0.9381360529158705,10.901306,0.038924452109181745,11.02975535,0.03343791579692968,0.9371399452717636,0.0030594704970198614,0,0.9351964521378322,0.940666586269211,11.081413333333334,0.0440464378648654,11.189517,0.07517586821414196,0.9416134093344728,0.001795372608869946,0,0.9399580616012004,0.9435219304225714,10.42334,0.04996064094865008,10.503591533333333,0.012450089530835807,0.9686419655434031,0.0031120539922122447,0,0.9650601874996166,0.9706839114995383
cifar10,vit_small,grayscale,compact,compact,80,primary,8,3,heldout_val,45000,5000,128,128,200,0.0003,4ba79ef9f76ff06df88f37ba7586b1b5a3ac8b43008b3eed0ca6a744393e6687,NVIDIA RTX A6000,AMD EPYC 7413 24-Core Processor,4,10000,56.80666666666667,0.5522076903967646,3.210691236114502,0.04182415030535136,61.51942222222222,0.19608997179110682,-21.296666666666663,0.7489548272982376,25.959822222222222,0.07970884053390108,11.4189745,0.08797896538519917,11.492000983333334,0.09707850423871317,1.0200494038488077,0.015632302033536716,3,1.0061488885304106,1.0369721547910309,11.4269865,0.09178760172131045,11.5364575,0.07601873511528304,1.025166584791618,0.012867146174193649,3,1.017434939577357,1.0400201140465737,11.610194833333333,0.08562374947164705,11.691787333333332,0.08574234975543443,1.0271954384649806,0.00549580641982766,3,1.0222955354546264,1.0331378248043472,10.922468833333333,0.06786368856452936,11.0024675,0.06440693691094126,1.062423269947197,0.010908382135927899,3,1.0500935682395347,1.070818959807654
cifar10,vit_small,grayscale,dense,dense,0,primary,1,3,heldout_val,45000,5000,128,128,200,0.0003,4ba79ef9f76ff06df88f37ba7586b1b5a3ac8b43008b3eed0ca6a744393e6687,NVIDIA RTX A6000,AMD EPYC 7413 24-Core Processor,4,10000,76.34,1.0991360243391182,1.8206817255973815,0.046101675995375506,49.01275555555556,1.0168014103787189,-1.7633333333333316,0.7285830998131417,13.453155555555558,1.1689663683658191,10.363359166666667,0.011042870396022173,10.440728,0.0036951733453931394,0.982878868642901,0.006142539034129044,0,0.9767220991259493,0.9890070775966625,10.392296,0.006298619848824545,10.461871350000001,0.007381306039076459,0.9830510248081026,0.0072809843131662316,0,0.9784093442737429,0.9914426009393505,10.5583335,0.017765048909305307,10.642848016666667,0.054201270914535596,0.9882635323418282,0.004319649195618713,0,0.9857348525893648,0.993251271633288,10.087336666666667,0.015338047376812618,10.1356215,0.018752105988394552,1.000912571731769,0.0069509748010635345,1,0.9958122659773855,1.0088298664548478
cifar10,vit_small,grayscale,dense,dense,0,primary,8,3,heldout_val,45000,5000,128,128,200,0.0003,4ba79ef9f76ff06df88f37ba7586b1b5a3ac8b43008b3eed0ca6a744393e6687,NVIDIA RTX A6000,AMD EPYC 7413 24-Core Processor,4,10000,76.34,1.0991360243391182,1.8206817255973815,0.046101675995375506,49.01275555555556,1.0168014103787189,-1.7633333333333316,0.7285830998131417,13.453155555555558,1.1689663683658191,11.719652833333333,0.03932415737283275,11.759627850000001,0.028903384830197974,0.993815067349901,0.009361274449838003,0,0.9830375240247119,0.9999227821468561,11.775603666666665,0.028353533189593418,11.828317333333333,0.06043758251562802,0.9947715350294131,0.008872530056541839,1,0.9845466857583332,1.0004417523164022,11.9662785,0.029361941876348115,12.02890115,0.029602111992938936,0.9966288940277992,0.008725345138604804,1,0.9870894219901781,1.0042058533580616,11.553457833333333,0.07341528191789055,11.585473,0.07318747713748647,1.0044511193229675,0.016144489153077767,2,0.9874991015207599,1.019643998725955
cifar10,vit_small,raw,dense,dense,,primary,1,3,heldout_val,45000,5000,128,128,200,0.0003,4ba79ef9f76ff06df88f37ba7586b1b5a3ac8b43008b3eed0ca6a744393e6687,NVIDIA RTX A6000,AMD EPYC 7413 24-Core Processor,4,10000,78.10333333333334,0.7020921117156477,1.8138004624684652,0.0661196717890419,35.5596,0.1765850880831471,0.0,0.0,0.0,0.0,10.185926666666667,0.06459897445070918,10.22815185,0.052797618028586374,1.0,0.0,0,1.0,1.0,10.216126666666668,0.0694499355963224,10.296838983333334,0.0564280170505155,1.0,0.0,0,1.0,1.0,10.434434333333334,0.05443955938775874,10.481850983333333,0.04974929257311936,1.0,0.0,0,1.0,1.0,10.096474166666667,0.05558468173501907,10.160106816666666,0.05156551573533277,1.0,0.0,0,1.0,1.0
cifar10,vit_small,raw,dense,dense,,primary,8,3,heldout_val,45000,5000,128,128,200,0.0003,4ba79ef9f76ff06df88f37ba7586b1b5a3ac8b43008b3eed0ca6a744393e6687,NVIDIA RTX A6000,AMD EPYC 7413 24-Core Processor,4,10000,78.10333333333334,0.7020921117156477,1.8138004624684652,0.0661196717890419,35.5596,0.1765850880831471,0.0,0.0,0.0,0.0,11.6472935,0.1339249659053527,11.700611483333333,0.1332603716459834,1.0,0.0,0,1.0,1.0,11.713985166666667,0.09984262585981687,11.817285483333333,0.1279088830919336,1.0,0.0,0,1.0,1.0,11.9258095,0.08455642836000077,11.989533833333333,0.10734993097498108,1.0,0.0,0,1.0,1.0,11.6040935,0.11297973941264966,11.667485866666667,0.0989166597875497,1.0,0.0,0,1.0,1.0
cifar10,vit_small,single_color,compact,compact,0,primary,1,3,heldout_val,45000,5000,128,128,200,0.0003,4ba79ef9f76ff06df88f37ba7586b1b5a3ac8b43008b3eed0ca6a744393e6687,NVIDIA RTX A6000,AMD EPYC 7413 24-Core Processor,4,10000,76.16333333333333,0.839900787791828,1.972471287918091,0.08655129352919667,48.84186666666667,0.7155067326339011,-1.940000000000001,0.5534437640808706,13.282266666666667,0.5464242226613945,10.885372833333333,0.0717863343982224,11.006872,0.07698105746058667,0.935747393744526,0.002366658617555665,0,0.9338123425918546,0.9383860733501059,10.911912666666668,0.07716442348701463,11.057309,0.09340000661268787,0.936237517193844,0.0007915576693496804,0,0.9355600395481345,0.9371076048414638,11.0863415,0.0905586187656921,11.175562983333332,0.08499267262123854,0.9412176888738463,0.004773100446204517,0,0.9382102572428448,0.9467212802009344,10.567729833333333,0.08259779053390752,10.721926,0.08113838007273429,0.9554191488994433,0.003023718185091941,0,0.9535755081117592,0.9589087724686371
cifar10,vit_small,single_color,compact,compact,0,primary,8,3,heldout_val,45000,5000,128,128,200,0.0003,4ba79ef9f76ff06df88f37ba7586b1b5a3ac8b43008b3eed0ca6a744393e6687,NVIDIA RTX A6000,AMD EPYC 7413 24-Core Processor,4,10000,76.16333333333333,0.839900787791828,1.972471287918091,0.08655129352919667,48.84186666666667,0.7155067326339011,-1.940000000000001,0.5534437640808706,13.282266666666667,0.5464242226613945,12.104085666666666,0.1302603623606722,12.191062016666667,0.1770384445746908,0.9622564943987659,0.0011835713465456,0,0.9612113136010008,0.9635416718138972,12.199629833333333,0.12420475494554675,12.259422983333334,0.13520160627300556,0.9602027257877429,0.0016417415011657202,0,0.9584912945509518,0.9617645345288579,12.4210105,0.10905979423806866,12.500622533333333,0.14665242884539434,0.9601546795593516,0.006353906794994884,0,0.9529021397303271,0.9647414863449896,11.921788333333334,0.09142449399413358,11.967815683333333,0.09216185658747793,0.9733455617878253,0.003998117269582021,0,0.9701940784281301,0.9778429564546827
cifar10,vit_small,single_color,compact,compact,20,primary,1,3,heldout_val,45000,5000,128,128,200,0.0003,4ba79ef9f76ff06df88f37ba7586b1b5a3ac8b43008b3eed0ca6a744393e6687,NVIDIA RTX A6000,AMD EPYC 7413 24-Core Processor,4,10000,76.03333333333333,1.2492531101955844,1.946346688715617,0.12231903524052594,49.13217777777778,0.5616047852492108,-2.0699999999999976,0.8746999485537927,13.572577777777777,0.44579266398097805,11.009955999999999,0.043094324838080414,11.152331533333333,0.041003345421573315,0.9251534453606669,0.0037708734182615713,0,0.9208041725432968,0.9275079589680627,11.088735666666667,0.04390413345100214,11.171716166666666,0.06876552857415812,0.9213148586280229,0.006952117269416388,0,0.914509326508861,0.9284048301279081,11.281163333333334,0.04915514985566915,11.39007965,0.09351588737531555,0.924948478689263,0.00467853578723796,0,0.9201732960671088,0.9295239731760483,10.603118666666665,0.035074943522169555,10.719182983333333,0.09249436701985253,0.9522202746038001,0.005067848123051913,0,0.9471197699975389,0.9572548224146052
cifar10,vit_small,single_color,compact,compact,20,primary,8,3,heldout_val,45000,5000,128,128,200,0.0003,4ba79ef9f76ff06df88f37ba7586b1b5a3ac8b43008b3eed0ca6a744393e6687,NVIDIA RTX A6000,AMD EPYC 7413 24-Core Processor,4,10000,76.03333333333333,1.2492531101955844,1.946346688715617,0.12231903524052594,49.13217777777778,0.5616047852492108,-2.0699999999999976,0.8746999485537927,13.572577777777777,0.44579266398097805,12.31251,0.11989410759186583,12.403869666666665,0.16293463032451377,0.9459723008069326,0.005844116522183841,0,0.9414087440096677,0.9525592110204419,12.370161,0.06848491984189005,12.457194633333334,0.08716924356374704,0.9469454775840664,0.0032968185354875007,0,0.9431519039513929,0.949117240355801,12.597181833333334,0.045889801019217004,12.670035466666667,0.056001560527595244,0.9467055183219697,0.005996408471102138,0,0.9429841101163732,0.9536229264182596,11.943082500000001,0.06042557793889863,12.002988183333333,0.06451662484256133,0.9716357121972118,0.011070198495486037,0,0.9635432453426114,0.984251267644652
cifar10,vit_small,single_color,compact,compact,40,primary,1,3,heldout_val,45000,5000,128,128,200,0.0003,4ba79ef9f76ff06df88f37ba7586b1b5a3ac8b43008b3eed0ca6a744393e6687,NVIDIA RTX A6000,AMD EPYC 7413 24-Core Processor,4,10000,75.07666666666667,1.8764416679804725,1.9910447794596355,0.1430638400739752,49.60848888888889,1.023309579166937,-3.0266666666666664,1.1755991380284905,14.048888888888888,1.0280163797513326,11.079925833333334,0.04049216103251765,11.2282595,0.08190658673225099,0.9193359495014825,0.009186114641928545,0,0.9109219383206345,0.9291365240868397,11.126353833333333,0.04257811560042694,11.232467333333332,0.09769396994498075,0.9182162602202497,0.009711115278350264,0,0.9123503017926258,0.9294256310840169,11.289073166666666,0.04786200605995738,11.409563466666667,0.04316747238750212,0.9243192341636884,0.008669810512383655,0,0.9178273550265729,0.9341649648859458,10.6325665,0.03490980369108347,10.778165516666666,0.1001295387965057,0.9495977293158481,0.008233454115642561,0,0.9431987150512031,0.9588865080799048
cifar10,vit_small,single_color,compact,compact,40,primary,8,3,heldout_val,45000,5000,128,128,200,0.0003,4ba79ef9f76ff06df88f37ba7586b1b5a3ac8b43008b3eed0ca6a744393e6687,NVIDIA RTX A6000,AMD EPYC 7413 24-Core Processor,4,10000,75.07666666666667,1.8764416679804725,1.9910447794596355,0.1430638400739752,49.60848888888889,1.023309579166937,-3.0266666666666664,1.1755991380284905,14.048888888888888,1.0280163797513326,12.1873975,0.39925593604478865,12.323658333333332,0.34764989226434495,0.9564210692495798,0.035521361676447365,0,0.9314068347776252,0.9970792644522273,12.227183833333333,0.37641567989734925,12.38927305,0.3688537147193313,0.9586378094534246,0.030867191983324768,0,0.9392787783504007,0.9942345871481403,12.433278833333333,0.35102639626683857,12.56411885,0.3262847388471718,0.9597978920670647,0.032945376891383944,0,0.9377083500789396,0.9976649851004563,11.504183666666666,0.11862360568341176,11.68520165,0.18421741407584716,1.0087552727492284,0.014262324588638534,2,0.9979378698735712,1.0249181244994237
cifar10,vit_small,single_color,compact,compact,60,primary,1,3,heldout_val,45000,5000,128,128,200,0.0003,4ba79ef9f76ff06df88f37ba7586b1b5a3ac8b43008b3eed0ca6a744393e6687,NVIDIA RTX A6000,AMD EPYC 7413 24-Core Processor,4,10000,72.86666666666667,0.791475415495218,2.1560435672124227,0.08906728560726852,50.967422222222226,1.1084225133712071,-5.236666666666664,1.07267578202052,15.40782222222222,0.9367127042857758,10.800527833333334,0.02448847652638573,10.951752166666667,0.02565699074976122,0.9431022949017189,0.007141442471583725,0,0.9355534688137035,0.9497510111820977,10.844384,0.02493114301431011,11.004206850000001,0.018850572229179473,0.9420769550212135,0.00819006513929446,0,0.9364743165176437,0.9514763799355824,11.027886666666667,0.02196551335806529,11.146772666666667,0.056674335029917755,0.9461938240060308,0.006518668297669812,0,0.9416158026007413,0.9536572261110126,10.380413333333333,0.03008851889563994,10.492120366666667,0.04420053432200627,0.9726607246288901,0.00787024632345437,0,0.9672500452925265,0.9816893695270235
cifar10,vit_small,single_color,compact,compact,60,primary,8,3,heldout_val,45000,5000,128,128,200,0.0003,4ba79ef9f76ff06df88f37ba7586b1b5a3ac8b43008b3eed0ca6a744393e6687,NVIDIA RTX A6000,AMD EPYC 7413 24-Core Processor,4,10000,72.86666666666667,0.791475415495218,2.1560435672124227,0.08906728560726852,50.967422222222226,1.1084225133712071,-5.236666666666664,1.07267578202052,15.40782222222222,0.9367127042857758,11.441477166666667,0.0566419699832502,11.603727983333334,0.0842639085968942,1.0180355629863398,0.015936994335988323,2,0.9996367591085893,1.0275524556595377,11.434610666666666,0.0735638748305403,11.6239273,0.04630127804221471,1.02448658541697,0.014091235308656937,3,1.0082156731595975,1.032699328404832,11.659228333333333,0.06784660261636807,11.8247882,0.04528322081320595,1.0229154032925505,0.013178111893733772,3,1.009609980616954,1.0359624033829435,10.965031666666667,0.07645236702897583,11.114620966666665,0.06820084167076505,1.0583638936683104,0.01766448442321948,3,1.0399966134415584,1.075229738721815
cifar10,vit_small,single_color,compact,compact,80,primary,1,3,heldout_val,45000,5000,128,128,200,0.0003,4ba79ef9f76ff06df88f37ba7586b1b5a3ac8b43008b3eed0ca6a744393e6687,NVIDIA RTX A6000,AMD EPYC 7413 24-Core Processor,4,10000,65.97333333333333,0.05507570547286066,2.7688932233810424,0.031201370050604967,54.59737777777778,0.15740000470610574,-12.129999999999999,0.701640933811596,19.037777777777777,0.2717546060804253,10.905124833333334,0.030593749648962217,11.019622816666667,0.05574498530362135,0.9340575509944709,0.0071295542626383076,0,0.9299371857344342,0.9422900497681111,10.930696166666667,0.02768829646409008,11.029375333333332,0.07020330125881437,0.9346342890359254,0.007380982677653776,0,0.9286687763462891,0.9428885156737611,11.127908166666668,0.03401987046320626,11.700568149999999,0.8669998355552259,0.9376902909237906,0.006351608272931775,0,0.9332177850869778,0.9449604733517881,10.490102666666667,0.029816935948103824,10.566444983333334,0.037245303863383386,0.9624906507733962,0.007902337347444364,0,0.9575340708439237,0.9716037860343604
cifar10,vit_small,single_color,compact,compact,80,primary,8,3,heldout_val,45000,5000,128,128,200,0.0003,4ba79ef9f76ff06df88f37ba7586b1b5a3ac8b43008b3eed0ca6a744393e6687,NVIDIA RTX A6000,AMD EPYC 7413 24-Core Processor,4,10000,65.97333333333333,0.05507570547286066,2.7688932233810424,0.031201370050604967,54.59737777777778,0.15740000470610574,-12.129999999999999,0.701640933811596,19.037777777777777,0.2717546060804253,11.404100333333334,0.06127676154410647,11.509381966666666,0.06973731391802282,1.0213710993101688,0.01574583829507191,3,1.0032790722660572,1.0319792721361696,11.423750833333333,0.0669012633668707,11.51014835,0.05502572453037383,1.02544733060846,0.012887924349138937,3,1.0106066253876198,1.0338235573948185,11.610300833333334,0.04616955484226963,11.741975,0.0705171487886278,1.0272024175002403,0.011020365310272647,3,1.0178560217081698,1.0393543930935558,10.975682,0.029844869106765953,11.072104833333333,0.039342530931338715,1.0572779925814657,0.013065694520707294,3,1.043196389103294,1.069008539081314
cifar10,vit_small,single_color,dense,dense,0,primary,1,3,heldout_val,45000,5000,128,128,200,0.0003,4ba79ef9f76ff06df88f37ba7586b1b5a3ac8b43008b3eed0ca6a744393e6687,NVIDIA RTX A6000,AMD EPYC 7413 24-Core Processor,4,10000,74.08333333333333,1.436848403045127,2.091672531636556,0.1093743068347565,50.51595555555556,0.7437408190532014,-4.020000000000001,0.7830708780180733,14.956355555555557,0.6064620363068765,10.348226,0.06836477456080702,10.466063816666667,0.10430099260709763,0.9843284499563587,0.0057122072852475,0,0.977953746682159,0.9889826624232801,10.352923,0.07771222286744922,10.475644,0.1037318954841155,0.9868306930383548,0.010963012841555148,0,0.9751277049018432,0.9968616251156741,10.558984333333333,0.06414704576465999,10.634612666666666,0.03174582029706162,0.9882201386755376,0.006099287174871485,0,0.9813937812021223,0.9931339628651794,10.14383,0.036523409465710435,10.230215183333334,0.045633347873302255,0.9953284509894899,0.002797906733600152,0,0.9925130101806462,0.9981084876398435
cifar10,vit_small,single_color,dense,dense,0,primary,8,3,heldout_val,45000,5000,128,128,200,0.0003,4ba79ef9f76ff06df88f37ba7586b1b5a3ac8b43008b3eed0ca6a744393e6687,NVIDIA RTX A6000,AMD EPYC 7413 24-Core Processor,4,10000,74.08333333333333,1.436848403045127,2.091672531636556,0.1093743068347565,50.51595555555556,0.7437408190532014,-4.020000000000001,0.7830708780180733,14.956355555555557,0.6064620363068765,11.813656,0.09755411882642406,11.884440183333334,0.08952729663573625,0.9859370831060138,0.010977422434094398,0,0.9782699608252167,0.9985122247811348,11.839394166666667,0.10640657644423816,11.8992898,0.07957157490754754,0.9894480163979835,0.010635495632167728,1,0.9810515201661257,1.001407572754999,12.0483525,0.10063465770175747,12.11695305,0.0753891141478664,0.9898604530903198,0.008602704160938567,0,0.9813924197382908,0.9985917831023521,11.667894333333333,0.1171855655118552,11.736010633333333,0.15312429399306948,0.9945571717404369,0.008355242945056103,1,0.9874327110084935,1.0037533730976507
mnist,swin_tiny,grayscale,compact,compact,0,primary,1,3,heldout_val,55000,5000,1024,1024,50,0.000848528137423857,4ba79ef9f76ff06df88f37ba7586b1b5a3ac8b43008b3eed0ca6a744393e6687,NVIDIA RTX A6000,AMD EPYC 7413 24-Core Processor,4,10000,98.98333333333333,0.1550268793897817,0.046478218070665996,0.006481695326108906,27.06133333333333,1.4426578866029829,-0.24999999999999836,0.1682260384126118,3.0266666666666673,1.561349985678351,25.819312,0.07849812649197621,26.440776466666666,0.08564001827096196,0.7046940027582446,0.0003719745439811894,0,0.7042910498755444,0.7050242689201189,25.837283333333335,0.050157839709593456,26.453762683333334,0.06499457651701229,0.7069901800492264,0.0032264801957604607,0,0.704779179496859,0.7106925595816921,26.04472416666667,0.08268500681854841,26.643913166666668,0.09582788725567314,0.7109506207381965,0.0037735450493562093,0,0.7070356974781522,0.7145647881780998,25.488989,0.13286505185807948,26.08531085,0.1290231259533244,0.7120218854779364,0.004547090356750375,0,0.7079426219329009,0.7169243370858718
mnist,swin_tiny,grayscale,compact,compact,0,primary,8,3,heldout_val,55000,5000,1024,1024,50,0.000848528137423857,4ba79ef9f76ff06df88f37ba7586b1b5a3ac8b43008b3eed0ca6a744393e6687,NVIDIA RTX A6000,AMD EPYC 7413 24-Core Processor,4,10000,98.98333333333333,0.1550268793897817,0.046478218070665996,0.006481695326108906,27.06133333333333,1.4426578866029829,-0.24999999999999836,0.1682260384126118,3.0266666666666673,1.561349985678351,68.05090766666666,0.4134660444792671,74.70483354999999,0.2848197221289778,0.27597773585526014,0.0026482219775459917,0,0.2740730476158036,0.2790018429139403,67.91004116666667,0.44666773553457817,74.4687345,0.5298320382543208,0.2769604309426833,0.002673801103400102,0,0.27467152698627006,0.2798992912772237,68.03697516666666,0.44600031802297146,74.88845936666667,0.45751439398181215,0.27978486719475054,0.002858540448309483,0,0.2773079302968344,0.2829127379823934,67.58507750000001,0.3002044093043129,74.47548788333333,0.286805799160053,0.27670790931801187,0.0028045878071645378,0,0.2739421224672456,0.27954975102561486
mnist,swin_tiny,grayscale,compact,compact,20,primary,1,3,heldout_val,55000,5000,1024,1024,50,0.000848528137423857,4ba79ef9f76ff06df88f37ba7586b1b5a3ac8b43008b3eed0ca6a744393e6687,NVIDIA RTX A6000,AMD EPYC 7413 24-Core Processor,4,10000,98.95333333333333,0.10408329997330763,0.0479035298705101,0.00434188418802413,26.924888888888894,1.0256742678373598,-0.27999999999999875,0.11789826122551993,2.8902222222222247,1.0480509600276213,26.2007105,0.11331986865616532,26.833556166666668,0.10860366639810409,0.6944442547679839,0.0036030643598380136,0,0.691909474240572,0.6985687832046743,26.1791675,0.09278437993945884,26.787651833333335,0.12190213666979302,0.6977618794638034,0.003919502327248949,0,0.6932575160975188,0.7003955470466391,26.4027065,0.13629436673153542,27.024274116666668,0.17289362272386707,0.7013260790698959,0.006087618971218261,0,0.694897833046212,0.7070034001113288,25.664243000000003,0.12755825594213824,26.25650365,0.14143594916036117,0.707161140007762,0.004961452307076345,0,0.7014804789196608,0.7106445694532213
mnist,swin_tiny,grayscale,compact,compact,20,primary,8,3,heldout_val,55000,5000,1024,1024,50,0.000848528137423857,4ba79ef9f76ff06df88f37ba7586b1b5a3ac8b43008b3eed0ca6a744393e6687,NVIDIA RTX A6000,AMD EPYC 7413 24-Core Processor,4,10000,98.95333333333333,0.10408329997330763,0.0479035298705101,0.00434188418802413,26.924888888888894,1.0256742678373598,-0.27999999999999875,0.11789826122551993,2.8902222222222247,1.0480509600276213,68.2899915,0.5417665827750463,74.92740099999999,0.535944413392665,0.27501939421065563,0.0033825958899772407,0,0.27133153729182513,0.27797765586286666,68.28108883333333,0.4906085565326743,75.04145923333334,0.5764269693215485,0.2754592675038699,0.0030996551346047204,0,0.27202393479682085,0.2780468354882647,68.53671716666666,0.5695740084247838,75.36476635,0.6914825399873779,0.27775146672500073,0.003402491425646661,0,0.2740778697191706,0.2807946903937118,67.84637716666667,0.5442613871032739,74.44009103333333,0.6197600735986465,0.27565619267145697,0.003988136327018891,0,0.27106676383449296,0.2782796753604887
mnist,swin_tiny,grayscale,compact,compact,40,primary,1,3,heldout_val,55000,5000,1024,1024,50,0.000848528137423857,4ba79ef9f76ff06df88f37ba7586b1b5a3ac8b43008b3eed0ca6a744393e6687,NVIDIA RTX A6000,AMD EPYC 7413 24-Core Processor,4,10000,98.92666666666666,0.060277137733416274,0.04969726213614146,0.002650893155016692,27.802222222222223,1.4377810578702073,-0.3066666666666662,0.07505553499465417,3.7675555555555564,1.8040034901830424,26.290423833333335,0.2900641887351535,26.972361333333332,0.34495473320257675,0.6921096858360002,0.006040974220328064,0,0.6854742290597915,0.6972905847903619,26.310723499999998,0.2720150083694838,26.934245966666666,0.3073800487645951,0.6943127009359148,0.007231878945425469,0,0.6860350287174624,0.6994055706211664,26.496607666666666,0.21017818825364054,27.152732666666665,0.26783283187481477,0.6988397480629439,0.004153707783038404,0,0.6952239623917031,0.7033767174514685,26.05131,0.46062307392188834,26.649230666666668,0.47399161343694773,0.6967394001748828,0.007869391110286169,0,0.6907605190740725,0.7056548049534479
mnist,swin_tiny,grayscale,compact,compact,40,primary,8,3,heldout_val,55000,5000,1024,1024,50,0.000848528137423857,4ba79ef9f76ff06df88f37ba7586b1b5a3ac8b43008b3eed0ca6a744393e6687,NVIDIA RTX A6000,AMD EPYC 7413 24-Core Processor,4,10000,98.92666666666666,0.060277137733416274,0.04969726213614146,0.002650893155016692,27.802222222222223,1.4377810578702073,-0.3066666666666662,0.07505553499465417,3.7675555555555564,1.8040034901830424,68.07457933333333,0.4165099999142657,74.87123185,0.5482703169492857,0.2758835381951657,0.002899737740929991,0,0.27288750873770196,0.2786762863264484,68.17561183333333,0.5698884995585346,74.89378308333333,0.8638321736916065,0.2758894268120725,0.0033985159646214465,0,0.27226356938931945,0.2790022706069013,68.373336,0.607185719292503,74.92647193333333,0.7806520583563531,0.27841729827190453,0.0035595982369773455,0,0.27494027121513354,0.2820540877927511,67.72916066666667,0.4799583219578426,74.38691643333334,0.4750884649890971,0.27612863941405713,0.0036426516523862876,0,0.27243737643459487,0.27972065123835776
mnist,swin_tiny,grayscale,compact,compact,60,primary,1,3,heldout_val,55000,5000,1024,1024,50,0.000848528137423857,4ba79ef9f76ff06df88f37ba7586b1b5a3ac8b43008b3eed0ca6a744393e6687,NVIDIA RTX A6000,AMD EPYC 7413 24-Core Processor,4,10000,99.03666666666666,0.06429100507328561,0.04575877238909404,0.006327206666661215,28.737999999999996,2.2150365936279965,-0.1966666666666672,0.07094598884597901,4.703333333333332,2.1622711311129437,26.0468945,0.2713146305984079,26.7029,0.25618307060040085,0.6985752224766177,0.005676537704688827,0,0.6923070379566474,0.7033692778176553,26.10078533333333,0.2344905923242615,26.704929649999997,0.23200888354143215,0.6998886013869642,0.0069122423057189734,0,0.6922342673266942,0.7056747148847993,26.278152166666665,0.19561177658332274,26.930138799999998,0.17376981064785968,0.7046507302725957,0.004926928136210732,0,0.7009467955976679,0.7102423863407277,25.467942,0.26611315932136936,26.068137999999998,0.2497069805306797,0.7126586230813865,0.00908691641793879,0,0.7036500343354632,0.7218218922977793
mnist,swin_tiny,grayscale,compact,compact,60,primary,8,3,heldout_val,55000,5000,1024,1024,50,0.000848528137423857,4ba79ef9f76ff06df88f37ba7586b1b5a3ac8b43008b3eed0ca6a744393e6687,NVIDIA RTX A6000,AMD EPYC 7413 24-Core Processor,4,10000,99.03666666666666,0.06429100507328561,0.04575877238909404,0.006327206666661215,28.737999999999996,2.2150365936279965,-0.1966666666666672,0.07094598884597901,4.703333333333332,2.1622711311129437,67.44648450000001,0.5030293592557511,74.08016706666666,0.23029034326901554,0.27845311595767336,0.0027451784520125242,0,0.27648810719247696,0.28158970022456553,67.53109333333333,0.46320747261927697,74.45539721666665,0.5980532485743192,0.2785127792686937,0.0023325004029635045,0,0.27703916516257193,0.2812019961735798,67.702447,0.4260793305045957,74.85005561666667,0.38112309072274864,0.28116495239162465,0.0025541984823013566,0,0.2796219563723651,0.28411321459390426,67.21706366666668,0.31761215178906926,73.8636746,0.6012599366260112,0.27821782624149594,0.001881364578052766,0,0.27692098591953274,0.28037561268010847
mnist,swin_tiny,grayscale,compact,compact,80,primary,1,3,heldout_val,55000,5000,1024,1024,50,0.000848528137423857,4ba79ef9f76ff06df88f37ba7586b1b5a3ac8b43008b3eed0ca6a744393e6687,NVIDIA RTX A6000,AMD EPYC 7413 24-Core Processor,4,10000,98.85333333333334,0.050332229568472005,0.04961002095540364,0.0034823727165748755,39.965333333333334,0.6996630935274792,-0.37999999999999884,0.06557438524302464,15.930666666666665,0.7541149337689398,26.099576833333334,0.17573845989590153,26.73500135,0.15794352970157477,0.6971435469071909,0.004205933834781493,0,0.6932715061248539,0.7016183375828671,26.043321333333335,0.12665543866365656,26.6958965,0.13701905563004732,0.7014211503296769,0.007184129300428508,0,0.6971953711211004,0.7097161760021496,26.249258833333336,0.28054858799784144,26.889292316666666,0.30534657419897693,0.7054784129324017,0.01028221960824833,0,0.6992421735896478,0.7173461628369463,25.546779833333332,0.25522278139908255,26.170881833333333,0.24611068982824671,0.7104744878818672,0.010929802463629162,0,0.7033320012541322,0.7230567935900045
mnist,swin_tiny,grayscale,compact,compact,80,primary,8,3,heldout_val,55000,5000,1024,1024,50,0.000848528137423857,4ba79ef9f76ff06df88f37ba7586b1b5a3ac8b43008b3eed0ca6a744393e6687,NVIDIA RTX A6000,AMD EPYC 7413 24-Core Processor,4,10000,98.85333333333334,0.050332229568472005,0.04961002095540364,0.0034823727165748755,39.965333333333334,0.6996630935274792,-0.37999999999999884,0.06557438524302464,15.930666666666665,0.7541149337689398,63.25399083333333,0.3779038445207746,70.3854025,0.4502957096542163,0.2968981486544219,0.00074522181749219,0,0.29608726210667174,0.29755299684459724,63.45098383333333,0.24105350979830845,70.54857891666666,0.32811236131926647,0.2964147787416182,0.0015881687334310527,0,0.2953206466116564,0.29823637848111967,63.57860683333333,0.3177204944952914,70.81080978333334,0.1809128604105765,0.2993934366564802,0.0010435230091700046,0,0.2982230955869294,0.30022693481025764,63.01547483333333,0.16293914631031084,70.04034593333333,0.08805546296428612,0.29676436191442446,0.00142358729089856,0,0.29535209659227063,0.2981990072862273
mnist,swin_tiny,grayscale,dense,dense,0,primary,1,3,heldout_val,55000,5000,1024,1024,50,0.000848528137423857,4ba79ef9f76ff06df88f37ba7586b1b5a3ac8b43008b3eed0ca6a744393e6687,NVIDIA RTX A6000,AMD EPYC 7413 24-Core Processor,4,10000,99.0,0.05291502622129227,0.03860678482055664,0.0026285063323142717,22.786666666666665,1.200724410974936,-0.23333333333333725,0.04509249752822931,-1.248,1.7690997082634363,18.497713166666667,0.14036335966370728,18.636615,0.1197453032092594,0.9836439504660092,0.005013056655208491,0,0.9787690030192974,0.9887845524830609,18.526907833333333,0.13127718711026298,18.613731516666665,0.1220219269320104,0.9859797256426561,0.006837867146793594,0,0.9783188610791228,0.9914653898482324,18.742330666666668,0.14830172015298235,18.8819305,0.21609820162712257,0.9879666775413678,0.0046159242449234725,0,0.9836946764937046,0.9928629791215057,18.224478166666668,0.10955333097894845,18.337377816666667,0.09892369724995757,0.9958405292787947,0.004921261217999946,1,0.990748177074485,1.0005706865498787
mnist,swin_tiny,grayscale,dense,dense,0,primary,8,3,heldout_val,55000,5000,1024,1024,50,0.000848528137423857,4ba79ef9f76ff06df88f37ba7586b1b5a3ac8b43008b3eed0ca6a744393e6687,NVIDIA RTX A6000,AMD EPYC 7413 24-Core Processor,4,10000,99.0,0.05291502622129227,0.03860678482055664,0.0026285063323142717,22.786666666666665,1.200724410974936,-0.23333333333333725,0.04509249752822931,-1.248,1.7690997082634363,18.984978333333334,0.027925485601565853,19.163464816666668,0.04521777373280021,0.9891927599980421,0.003066588056232269,0,0.9857343765553236,0.9915804730014979,18.9923665,0.03986510621144483,19.09937365,0.041009645989907,0.9902716760860328,0.002361397108660231,0,0.9876060451174431,0.9921014875051808,19.232627333333333,0.030044752375970592,19.380446516666666,0.03237630063257516,0.9897167701868913,0.0029511027679473153,0,0.9863115964759163,0.9915316136481971,18.888482,0.22920878972892597,19.014152,0.1880811699792159,0.9902120131853697,0.018219179335719163,2,0.9691743681272578,1.000771003783461
mnist,swin_tiny,raw,dense,dense,,primary,1,3,heldout_val,55000,5000,1024,1024,50,0.000848528137423857,4ba79ef9f76ff06df88f37ba7586b1b5a3ac8b43008b3eed0ca6a744393e6687,NVIDIA RTX A6000,AMD EPYC 7413 24-Core Processor,4,10000,99.23333333333333,0.01527525231652384,0.03580528534054756,0.0022652816694752847,24.034666666666666,0.5789557649577198,0.0,0.0,0.0,0.0,18.1946965,0.04669108005818845,18.4324445,0.13761829722460522,1.0,0.0,0,1.0,1.0,18.266781833333333,0.11130756213790367,18.397333016666668,0.10095580880811592,1.0,0.0,0,1.0,1.0,18.51667666666667,0.14889116019876283,18.71678963333333,0.22069863942450121,1.0,0.0,0,1.0,1.0,18.148588333333333,0.12377107268797954,18.24652585,0.09713529852282053,1.0,0.0,0,1.0,1.0
mnist,swin_tiny,raw,dense,dense,,primary,8,3,heldout_val,55000,5000,1024,1024,50,0.000848528137423857,4ba79ef9f76ff06df88f37ba7586b1b5a3ac8b43008b3eed0ca6a744393e6687,NVIDIA RTX A6000,AMD EPYC 7413 24-Core Processor,4,10000,99.23333333333333,0.01527525231652384,0.03580528534054756,0.0022652816694752847,24.034666666666666,0.5789557649577198,0.0,0.0,0.0,0.0,18.779851333333333,0.0828711325377144,19.003167983333334,0.04303104873403565,1.0,0.0,0,1.0,1.0,18.807647666666668,0.07813300425769693,18.88727,0.08264340745183521,1.0,0.0,0,1.0,1.0,19.034882,0.07560007270003305,19.168287483333334,0.08333715546157028,1.0,0.0,0,1.0,1.0,18.700835166666664,0.12365475113226852,18.801816316666667,0.10171064240899653,1.0,0.0,0,1.0,1.0
mnist,vit_small,grayscale,compact,compact,0,primary,1,3,heldout_val,55000,5000,256,256,50,0.0004242640687119285,4ba79ef9f76ff06df88f37ba7586b1b5a3ac8b43008b3eed0ca6a744393e6687,NVIDIA RTX A6000,AMD EPYC 7413 24-Core Processor,4,10000,98.03666666666668,0.13650396819629038,0.11665533097352794,0.003611632251741666,38.986222222222224,0.9132151586159367,-0.2633333333333339,0.14433756729740335,11.88222222222222,0.8172099780032992,10.769702166666667,0.011340175355051576,10.92296785,0.035956675322774814,0.936736649852666,0.0029948587267632164,0,0.9332838691397279,0.9386300965006709,10.788007333333333,0.0216809900623408,10.921449683333332,0.07567823565877967,0.939799590360598,0.0027334966448314853,0,0.9381225003669506,0.9429538492370301,10.984751666666666,0.015665753774821604,11.12738585,0.04945248290321267,0.9409743627726003,0.0026446589991119284,0,0.9387314853568024,0.9438906125833347,10.4898455,0.1020811713086702,10.644151183333333,0.11069548424382857,0.9569930482171378,0.00027843873938471306,0,0.9567092502864597,0.9572657989401925
mnist,vit_small,grayscale,compact,compact,0,primary,8,3,heldout_val,55000,5000,256,256,50,0.0004242640687119285,4ba79ef9f76ff06df88f37ba7586b1b5a3ac8b43008b3eed0ca6a744393e6687,NVIDIA RTX A6000,AMD EPYC 7413 24-Core Processor,4,10000,98.03666666666668,0.13650396819629038,0.11665533097352794,0.003611632251741666,38.986222222222224,0.9132151586159367,-0.2633333333333339,0.14433756729740335,11.88222222222222,0.8172099780032992,11.329610833333334,0.1480086672431156,11.471062533333333,0.17879768678208863,0.9364256232996954,0.004716558043141916,0,0.9309835386054931,0.93933025597926,11.371937333333333,0.08115471000862019,11.4984387,0.0866927302541439,0.9361983043685685,0.003103110639986814,0,0.9326491810883846,0.9383995844176162,11.587726333333334,0.09749378446000233,11.701983333333333,0.10421906748352609,0.937425217187068,0.0025114385581942577,0,0.9345925272434157,0.9393793580253093,11.012624166666667,0.0943103371618582,11.117674483333333,0.08450860162093415,0.9533667004866437,0.0017751416897911895,0,0.9513901352474489,0.9548251111847896
mnist,vit_small,grayscale,compact,compact,20,primary,1,3,heldout_val,55000,5000,256,256,50,0.0004242640687119285,4ba79ef9f76ff06df88f37ba7586b1b5a3ac8b43008b3eed0ca6a744393e6687,NVIDIA RTX A6000,AMD EPYC 7413 24-Core Processor,4,10000,98.03666666666668,0.13650396819629038,0.11665533097352794,0.003611632251741666,38.25288888888888,0.7156350197422463,-0.2633333333333339,0.14433756729740335,11.148888888888887,0.6150860222886055,10.882786166666667,0.04255560756332117,11.005629166666667,0.07332066366539006,0.9270044336966203,0.0008693476836960965,0,0.926114684394868,0.9278518316762256,10.874566333333334,0.06756628568734074,10.99984065,0.07945567404372374,0.9323405400372611,0.006131860601119608,0,0.9265378201326351,0.9387555940162227,11.064832333333333,0.0748993631303584,11.239953683333333,0.10494070276256288,0.9341961305826124,0.007647508414681284,0,0.9280679797705829,0.9427664488702469,10.407499333333334,0.02888545176353258,10.509928833333333,0.027470376373164934,0.9645542928116538,0.007069719509743733,0,0.9600920181676253,0.9727054818815328
mnist,vit_small,grayscale,compact,compact,20,primary,8,3,heldout_val,55000,5000,256,256,50,0.0004242640687119285,4ba79ef9f76ff06df88f37ba7586b1b5a3ac8b43008b3eed0ca6a744393e6687,NVIDIA RTX A6000,AMD EPYC 7413 24-Core Processor,4,10000,98.03666666666668,0.13650396819629038,0.11665533097352794,0.003611632251741666,38.25288888888888,0.7156350197422463,-0.2633333333333339,0.14433756729740335,11.148888888888887,0.6150860222886055,11.443249333333334,0.03918762496418191,11.571612700000001,0.02535577390492108,0.9271095925735007,0.010565233375383065,0,0.9207510057661514,0.9393055614530013,11.449747333333333,0.035386372427580116,11.560656983333333,0.057010722522397646,0.9298605269953658,0.010671749693989102,0,0.9231853798581969,0.9421684990809626,11.635753333333334,0.0413575507052023,11.770581366666667,0.06115266722454459,0.9335747960391882,0.010480045151653985,0,0.924498253003087,0.9450444181663235,10.996863,0.08730683005927961,11.120109999999999,0.10437041667458932,0.9548035639079064,0.014651098253816719,0,0.9408252544955565,0.9700455865714916
mnist,vit_small,grayscale,compact,compact,40,primary,1,3,heldout_val,55000,5000,256,256,50,0.0004242640687119285,4ba79ef9f76ff06df88f37ba7586b1b5a3ac8b43008b3eed0ca6a744393e6687,NVIDIA RTX A6000,AMD EPYC 7413 24-Core Processor,4,10000,98.03666666666668,0.13650396819629038,0.11665533097352794,0.003611632251741666,37.82711111111111,0.7953599697504787,-0.2633333333333339,0.14433756729740335,10.72311111111111,0.7222533668498384,10.9074085,0.04534737511422216,11.05621535,0.06815286591694066,0.9249279344706737,0.006619800583328777,0,0.919108352989612,0.932129707655484,10.920320166666666,0.052010239160989596,11.04909385,0.1390442791957569,0.9284213554981962,0.0038877765732863506,0,0.9249082373068799,0.9325983085936354,11.105336,0.036637202468937646,11.16354535,0.04283405903154084,0.9307649883883109,0.004618315397069631,0,0.9258206059641567,0.9349673960433791,10.458045333333333,0.10888255444093566,10.552598699999999,0.06929800347353139,0.9600091931052384,0.01715245750944731,0,0.9446658740656497,0.9785272215681603
mnist,vit_small,grayscale,compact,compact,40,primary,8,3,heldout_val,55000,5000,256,256,50,0.0004242640687119285,4ba79ef9f76ff06df88f37ba7586b1b5a3ac8b43008b3eed0ca6a744393e6687,NVIDIA RTX A6000,AMD EPYC 7413 24-Core Processor,4,10000,98.03666666666668,0.13650396819629038,0.11665533097352794,0.003611632251741666,37.82711111111111,0.7953599697504787,-0.2633333333333339,0.14433756729740335,10.72311111111111,0.7222533668498384,11.466126333333333,0.028902837513526604,11.6002393,0.05352751130579963,0.9252483854943774,0.009152428346616523,0,0.9181301125305695,0.9355724748326943,11.481024666666666,0.043873368303941625,11.615876033333333,0.08756863141888148,0.9273301984109983,0.01081111445790894,0,0.9198897620812343,0.9397314376125472,11.677914333333334,0.02260346231406518,11.805174166666667,0.007339645433079562,0.9301971238191444,0.00983829475399872,0,0.9229857732328139,0.9414047304923823,10.969202,0.028763067777967624,11.092486683333334,0.008165723094180241,0.9571453301871539,0.008807850809319154,0,0.9503328609605931,0.9670915138183621
mnist,vit_small,grayscale,compact,compact,60,primary,1,3,heldout_val,55000,5000,256,256,50,0.0004242640687119285,4ba79ef9f76ff06df88f37ba7586b1b5a3ac8b43008b3eed0ca6a744393e6687,NVIDIA RTX A6000,AMD EPYC 7413 24-Core Processor,4,10000,97.88333333333334,0.11718930554164382,0.12566727322354745,0.012877748960604118,37.118,0.45109397887555497,-0.4166666666666689,0.06429100507328561,10.014,0.5938061786288328,10.915305333333333,0.04354719024900914,11.04441765,0.07640450174217477,0.9242462264835927,0.0031778555210979394,0,0.9219316195225405,0.9278694398722175,10.925,0.03349398191839852,11.090173016666666,0.09645690655274819,0.9280196802493228,0.003931303913420688,0,0.925427641786362,0.9325431060115297,11.121474833333334,0.04858987014886244,11.237225149999999,0.060578208026834716,0.9294174097422228,0.0047842290251498025,0,0.925409706781449,0.9347140693097504,10.423229666666666,0.08362261848676757,10.5616918,0.05510650283421692,0.9631027814350517,0.0030319605540323896,0,0.9599150796027895,0.9659503079761563
mnist,vit_small,grayscale,compact,compact,60,primary,8,3,heldout_val,55000,5000,256,256,50,0.0004242640687119285,4ba79ef9f76ff06df88f37ba7586b1b5a3ac8b43008b3eed0ca6a744393e6687,NVIDIA RTX A6000,AMD EPYC 7413 24-Core Processor,4,10000,97.88333333333334,0.11718930554164382,0.12566727322354745,0.012877748960604118,37.118,0.45109397887555497,-0.4166666666666689,0.06429100507328561,10.014,0.5938061786288328,11.560746833333333,0.037131282782626666,11.679359833333333,0.020418407870371164,0.9176747895772944,0.00876746229241083,0,0.9103140118767974,0.9273745312816083,11.575443166666666,0.06567005695583919,11.684899166666666,0.07650014113719564,0.9197787034470974,0.011594529204199214,0,0.9086846746173209,0.9318160954095629,11.7631915,0.07042544575116212,11.908023,0.051161965494398366,0.9234848606520207,0.012435449137553721,0,0.9128706855432861,0.9371672010577069,11.042742333333333,0.03369260762145588,11.134548650000001,0.03973722776525203,0.9507707336677723,0.008556242001053246,0,0.9437525481912852,0.9603021251069943
mnist,vit_small,grayscale,compact,compact,80,primary,1,3,heldout_val,55000,5000,256,256,50,0.0004242640687119285,4ba79ef9f76ff06df88f37ba7586b1b5a3ac8b43008b3eed0ca6a744393e6687,NVIDIA RTX A6000,AMD EPYC 7413 24-Core Processor,4,10000,97.62333333333333,0.005773502691895621,0.14626466418799147,0.004880250358313887,45.583555555555556,0.597459932020861,-0.6766666666666735,0.051316014394467875,18.479555555555553,0.6979399316188665,10.897540000000001,0.047342332692316025,11.050220183333332,0.03700914821872874,0.9257674981118139,0.006928592069931063,0,0.9192483301429976,0.9330433894571297,10.933776166666666,0.03883812138973023,11.045249466666666,0.03954564645382328,0.9272766640510411,0.0042243413743450545,0,0.923158456414351,0.9315996880187806,11.124170333333334,0.036712211215526064,11.2678715,0.02240495586360315,0.9291892660100914,0.004656469120424896,0,0.9241843659474465,0.9333934610845014,10.513818500000001,0.1594170551391858,10.655343183333333,0.15561030955884836,0.9550164765852435,0.02161968403071876,0,0.9349844755282039,0.9779340249986563
mnist,vit_small,grayscale,compact,compact,80,primary,8,3,heldout_val,55000,5000,256,256,50,0.0004242640687119285,4ba79ef9f76ff06df88f37ba7586b1b5a3ac8b43008b3eed0ca6a744393e6687,NVIDIA RTX A6000,AMD EPYC 7413 24-Core Processor,4,10000,97.62333333333333,0.005773502691895621,0.14626466418799147,0.004880250358313887,45.583555555555556,0.597459932020861,-0.6766666666666735,0.051316014394467875,18.479555555555553,0.6979399316188665,11.425443833333334,0.04422252415436322,11.529076633333332,0.06493779113409753,0.9285223834111035,0.004416924847109041,0,0.9247134983172606,0.9333642603592389,11.4544605,0.07019989921110885,11.592704166666666,0.11575255488145116,0.9294489538924428,0.0028993316779733387,0,0.9262863324170476,0.9319813131207163,11.650385,0.06798273964581009,11.756642833333332,0.06519550859018869,0.932373286901895,0.0030837513856762128,0,0.9297380511907225,0.9357648315084975,10.957265833333333,0.06422165144702674,11.088341333333332,0.042345715516251645,0.9581723464359604,0.0027242504661660616,0,0.956223801813301,0.9612852914647798
mnist,vit_small,grayscale,dense,dense,0,primary,1,3,heldout_val,55000,5000,256,256,50,0.0004242640687119285,4ba79ef9f76ff06df88f37ba7586b1b5a3ac8b43008b3eed0ca6a744393e6687,NVIDIA RTX A6000,AMD EPYC 7413 24-Core Processor,4,10000,97.66,0.12767145334803517,0.1469729083243292,0.005060955876730237,30.446222222222225,0.9862310599974549,-0.6400000000000036,0.11789826122550769,3.3422222222222224,0.8217018473424099,10.2600615,0.013747600663388579,10.392042833333333,0.09403073721933046,0.9832646927153508,0.0019769814802653705,0,0.9813007867791469,0.9852544953144095,10.288371333333334,0.013034374029210271,10.422880016666666,0.010712880737729342,0.9854358374666735,0.0007043427380926346,0,0.9848319253335898,0.9862095628564439,10.470140833333334,0.010322351407666512,10.530701683333332,0.032561919587545736,0.9872233869692079,0.002865232210226015,0,0.9839295204798929,0.9891393709180876,10.000031833333335,0.013323318621249006,10.1579565,0.10244865255337682,1.0038731450922616,0.010489415880557944,2,0.9952487393139573,1.0155503031234132
mnist,vit_small,grayscale,dense,dense,0,primary,8,3,heldout_val,55000,5000,256,256,50,0.0004242640687119285,4ba79ef9f76ff06df88f37ba7586b1b5a3ac8b43008b3eed0ca6a744393e6687,NVIDIA RTX A6000,AMD EPYC 7413 24-Core Processor,4,10000,97.66,0.12767145334803517,0.1469729083243292,0.005060955876730237,30.446222222222225,0.9862310599974549,-0.6400000000000036,0.11789826122550769,3.3422222222222224,0.8217018473424099,10.844952166666667,0.2222985777318042,10.909398666666666,0.2116250903386369,0.97855484107668,0.024635707029139742,0,0.9509893919883908,0.9984225942359017,10.866895666666666,0.22950343891886174,10.925157316666667,0.2429048913655321,0.9800400583432604,0.024603621961042998,0,0.9525206164057134,0.9999111171513619,11.0746875,0.22418986759385554,11.145649166666667,0.22295764318157646,0.981161672276687,0.024289794532706074,0,0.9534313396642647,0.9986690368675059,10.5743945,0.18282733237333532,10.668805483333333,0.1471201248996067,0.9931177251887344,0.022343410861356706,1,0.969223254085303,1.013492219899563
mnist,vit_small,raw,dense,dense,,primary,1,3,heldout_val,55000,5000,256,256,50,0.0004242640687119285,4ba79ef9f76ff06df88f37ba7586b1b5a3ac8b43008b3eed0ca6a744393e6687,NVIDIA RTX A6000,AMD EPYC 7413 24-Core Processor,4,10000,98.3,0.052915026221290185,0.0894729514741499,0.0032647568686737763,27.104,0.16661865975267337,0.0,0.0,0.0,0.0,10.088373,0.03318982071358575,10.2075083,0.10047279952202141,1.0,0.0,0,1.0,1.0,10.138534333333332,0.01883156536465628,10.256114166666666,0.050620532141941565,1.0,0.0,0,1.0,1.0,10.3363775,0.03607856565538604,10.431746316666667,0.06928293511972057,1.0,0.0,0,1.0,1.0,10.0387265,0.10037256099278245,10.078346666666667,0.10821913902360715,1.0,0.0,0,1.0,1.0
mnist,vit_small,raw,dense,dense,,primary,8,3,heldout_val,55000,5000,256,256,50,0.0004242640687119285,4ba79ef9f76ff06df88f37ba7586b1b5a3ac8b43008b3eed0ca6a744393e6687,NVIDIA RTX A6000,AMD EPYC 7413 24-Core Processor,4,10000,98.3,0.052915026221290185,0.0894729514741499,0.0032647568686737763,27.104,0.16661865975267337,0.0,0.0,0.0,0.0,10.6088725,0.0847628679921229,10.665932666666667,0.08380075558330806,1.0,0.0,0,1.0,1.0,10.646417666666666,0.0893053735789921,10.696800316666666,0.09322306977299631,1.0,0.0,0,1.0,1.0,10.862636333333334,0.09757670462427591,10.9385805,0.07570081206962098,1.0,0.0,0,1.0,1.0,10.499065166666666,0.09138241551624281,10.582225816666666,0.15235751548479956,1.0,0.0,0,1.0,1.0
