dataset,architecture,representation,family,trained_execution,inference_execution,sparsity_percent,protocol,training_count,corruption,severity_aggregation,severity_count,test_images_per_severity,error_percent_mean,error_percent_sample_sd,seeds,error_percent_seed0,error_percent_seed1,error_percent_seed2
cifar10,swin_tiny,color_opponency,training_dense_testing_sparse,dense,compact,0,heldout_val,45000,brightness,equal_mean_of_1_2_3_4_5,5,10000,16.133333333333333,0.053266624947834525,3,16.159999999999997,16.168,16.072
cifar10,swin_tiny,color_opponency,training_dense_testing_sparse,dense,compact,0,heldout_val,45000,clean,clean,1,10000,13.166666666666664,0.13576941236277293,3,13.01,13.239999999999997,13.249999999999995
cifar10,swin_tiny,color_opponency,training_dense_testing_sparse,dense,compact,0,heldout_val,45000,contrast,equal_mean_of_1_2_3_4_5,5,10000,38.242000000000004,0.5113863510106627,3,38.012,37.886,38.828
cifar10,swin_tiny,color_opponency,training_dense_testing_sparse,dense,compact,0,heldout_val,45000,defocus_blur,equal_mean_of_1_2_3_4_5,5,10000,26.923333333333332,0.3168995634792407,3,27.124,26.558,27.088
cifar10,swin_tiny,color_opponency,training_dense_testing_sparse,dense,compact,0,heldout_val,45000,elastic_transform,equal_mean_of_1_2_3_4_5,5,10000,24.46666666666667,0.30426523517045734,3,24.292,24.29,24.818
cifar10,swin_tiny,color_opponency,training_dense_testing_sparse,dense,compact,0,heldout_val,45000,fog,equal_mean_of_1_2_3_4_5,5,10000,21.451333333333334,0.47430088902861706,3,21.244,21.115999999999996,21.994000000000003
cifar10,swin_tiny,color_opponency,training_dense_testing_sparse,dense,compact,0,heldout_val,45000,frost,equal_mean_of_1_2_3_4_5,5,10000,34.81333333333333,0.6104173435718666,3,34.354,34.58,35.506
cifar10,swin_tiny,color_opponency,training_dense_testing_sparse,dense,compact,0,heldout_val,45000,gaussian_noise,equal_mean_of_1_2_3_4_5,5,10000,83.65466666666667,0.6660520500181134,3,83.13,83.43,84.404
cifar10,swin_tiny,color_opponency,training_dense_testing_sparse,dense,compact,0,heldout_val,45000,glass_blur,equal_mean_of_1_2_3_4_5,5,10000,54.71066666666667,0.9490402169209324,3,54.544000000000004,53.856,55.732
cifar10,swin_tiny,color_opponency,training_dense_testing_sparse,dense,compact,0,heldout_val,45000,impulse_noise,equal_mean_of_1_2_3_4_5,5,10000,61.03,1.2187091531616523,3,59.836000000000006,60.982,62.272
cifar10,swin_tiny,color_opponency,training_dense_testing_sparse,dense,compact,0,heldout_val,45000,jpeg_compression,equal_mean_of_1_2_3_4_5,5,10000,33.992666666666665,0.24469845388423578,3,33.794,33.918,34.266000000000005
cifar10,swin_tiny,color_opponency,training_dense_testing_sparse,dense,compact,0,heldout_val,45000,motion_blur,equal_mean_of_1_2_3_4_5,5,10000,34.02,0.3580167593842506,3,34.016,33.664,34.38
cifar10,swin_tiny,color_opponency,training_dense_testing_sparse,dense,compact,0,heldout_val,45000,pixelate,equal_mean_of_1_2_3_4_5,5,10000,29.233333333333334,0.3340678573783065,3,29.016000000000002,29.066,29.618
cifar10,swin_tiny,color_opponency,training_dense_testing_sparse,dense,compact,0,heldout_val,45000,shot_noise,equal_mean_of_1_2_3_4_5,5,10000,79.21466666666667,0.06992376801441574,3,79.29400000000001,79.162,79.188
cifar10,swin_tiny,color_opponency,training_dense_testing_sparse,dense,compact,0,heldout_val,45000,snow,equal_mean_of_1_2_3_4_5,5,10000,29.002666666666666,0.4230429450225275,3,28.808,28.712,29.488
cifar10,swin_tiny,color_opponency,training_dense_testing_sparse,dense,compact,0,heldout_val,45000,zoom_blur,equal_mean_of_1_2_3_4_5,5,10000,34.56933333333333,0.2767983622302206,3,34.338,34.876,34.494
cifar10,swin_tiny,color_opponency,training_dense_testing_sparse,dense,compact,10,heldout_val,45000,brightness,equal_mean_of_1_2_3_4_5,5,10000,16.132666666666665,0.048757905341937295,3,16.188,16.113999999999997,16.096
cifar10,swin_tiny,color_opponency,training_dense_testing_sparse,dense,compact,10,heldout_val,45000,clean,clean,1,10000,13.209999999999999,0.16522711641858448,3,13.019999999999998,13.319999999999999,13.290000000000003
cifar10,swin_tiny,color_opponency,training_dense_testing_sparse,dense,compact,10,heldout_val,45000,contrast,equal_mean_of_1_2_3_4_5,5,10000,38.23733333333333,0.5242378595001828,3,38.002,37.872,38.838
cifar10,swin_tiny,color_opponency,training_dense_testing_sparse,dense,compact,10,heldout_val,45000,defocus_blur,equal_mean_of_1_2_3_4_5,5,10000,26.91933333333333,0.3289518708463794,3,27.126,26.54,27.091999999999995
cifar10,swin_tiny,color_opponency,training_dense_testing_sparse,dense,compact,10,heldout_val,45000,elastic_transform,equal_mean_of_1_2_3_4_5,5,10000,24.470666666666666,0.30948559471053344,3,24.296000000000003,24.288,24.828
cifar10,swin_tiny,color_opponency,training_dense_testing_sparse,dense,compact,10,heldout_val,45000,fog,equal_mean_of_1_2_3_4_5,5,10000,21.447333333333333,0.4769248717914946,3,21.214,21.131999999999998,21.996
cifar10,swin_tiny,color_opponency,training_dense_testing_sparse,dense,compact,10,heldout_val,45000,frost,equal_mean_of_1_2_3_4_5,5,10000,34.806,0.605379219993549,3,34.364,34.558,35.495999999999995
cifar10,swin_tiny,color_opponency,training_dense_testing_sparse,dense,compact,10,heldout_val,45000,gaussian_noise,equal_mean_of_1_2_3_4_5,5,10000,83.64399999999999,0.6896172851662021,3,83.10799999999999,83.402,84.422
cifar10,swin_tiny,color_opponency,training_dense_testing_sparse,dense,compact,10,heldout_val,45000,glass_blur,equal_mean_of_1_2_3_4_5,5,10000,54.73866666666667,0.9205614229009009,3,54.622,53.882,55.711999999999996
cifar10,swin_tiny,color_opponency,training_dense_testing_sparse,dense,compact,10,heldout_val,45000,impulse_noise,equal_mean_of_1_2_3_4_5,5,10000,61.071999999999996,1.2375346459796608,3,59.855999999999995,61.03,62.33
cifar10,swin_tiny,color_opponency,training_dense_testing_sparse,dense,compact,10,heldout_val,45000,jpeg_compression,equal_mean_of_1_2_3_4_5,5,10000,33.992666666666665,0.2638206461468375,3,33.794,33.891999999999996,34.292
cifar10,swin_tiny,color_opponency,training_dense_testing_sparse,dense,compact,10,heldout_val,45000,motion_blur,equal_mean_of_1_2_3_4_5,5,10000,34.052,0.35300424926621077,3,34.054,33.698,34.404
cifar10,swin_tiny,color_opponency,training_dense_testing_sparse,dense,compact,10,heldout_val,45000,pixelate,equal_mean_of_1_2_3_4_5,5,10000,29.232666666666667,0.31982703658905176,3,29.016,29.081999999999997,29.6
cifar10,swin_tiny,color_opponency,training_dense_testing_sparse,dense,compact,10,heldout_val,45000,shot_noise,equal_mean_of_1_2_3_4_5,5,10000,79.234,0.0481248376620583,3,79.28399999999999,79.188,79.23
cifar10,swin_tiny,color_opponency,training_dense_testing_sparse,dense,compact,10,heldout_val,45000,snow,equal_mean_of_1_2_3_4_5,5,10000,28.998666666666665,0.39261346555274185,3,28.81,28.735999999999997,29.45
cifar10,swin_tiny,color_opponency,training_dense_testing_sparse,dense,compact,10,heldout_val,45000,zoom_blur,equal_mean_of_1_2_3_4_5,5,10000,34.54333333333333,0.23547682122309538,3,34.33,34.796,34.504
cifar10,swin_tiny,color_opponency,training_dense_testing_sparse,dense,compact,20,heldout_val,45000,brightness,equal_mean_of_1_2_3_4_5,5,10000,16.148,0.07158212067269241,3,16.17,16.068,16.206
cifar10,swin_tiny,color_opponency,training_dense_testing_sparse,dense,compact,20,heldout_val,45000,clean,clean,1,10000,13.216666666666665,0.14742229591664238,3,13.049999999999995,13.270000000000003,13.329999999999998
cifar10,swin_tiny,color_opponency,training_dense_testing_sparse,dense,compact,20,heldout_val,45000,contrast,equal_mean_of_1_2_3_4_5,5,10000,38.29666666666667,0.48654838745322576,3,38.124,37.92,38.846000000000004
cifar10,swin_tiny,color_opponency,training_dense_testing_sparse,dense,compact,20,heldout_val,45000,defocus_blur,equal_mean_of_1_2_3_4_5,5,10000,26.926000000000002,0.41923263231766733,3,27.176000000000002,26.442,27.16
cifar10,swin_tiny,color_opponency,training_dense_testing_sparse,dense,compact,20,heldout_val,45000,elastic_transform,equal_mean_of_1_2_3_4_5,5,10000,24.486666666666668,0.24989864612144894,3,24.366000000000003,24.32,24.774
cifar10,swin_tiny,color_opponency,training_dense_testing_sparse,dense,compact,20,heldout_val,45000,fog,equal_mean_of_1_2_3_4_5,5,10000,21.499333333333333,0.5079934382778353,3,21.247999999999998,21.165999999999997,22.084000000000003
cifar10,swin_tiny,color_opponency,training_dense_testing_sparse,dense,compact,20,heldout_val,45000,frost,equal_mean_of_1_2_3_4_5,5,10000,34.848,0.653127858845417,3,34.352000000000004,34.604,35.588
cifar10,swin_tiny,color_opponency,training_dense_testing_sparse,dense,compact,20,heldout_val,45000,gaussian_noise,equal_mean_of_1_2_3_4_5,5,10000,83.65266666666666,0.7168942274375878,3,83.078,83.42399999999999,84.456
cifar10,swin_tiny,color_opponency,training_dense_testing_sparse,dense,compact,20,heldout_val,45000,glass_blur,equal_mean_of_1_2_3_4_5,5,10000,54.79,0.947191638476606,3,54.638,53.928,55.803999999999995
cifar10,swin_tiny,color_opponency,training_dense_testing_sparse,dense,compact,20,heldout_val,45000,impulse_noise,equal_mean_of_1_2_3_4_5,5,10000,61.288666666666664,1.2394471886019693,3,60.106,61.182,62.577999999999996
cifar10,swin_tiny,color_opponency,training_dense_testing_sparse,dense,compact,20,heldout_val,45000,jpeg_compression,equal_mean_of_1_2_3_4_5,5,10000,34.05133333333333,0.19206596089191133,3,33.902,33.984,34.268
cifar10,swin_tiny,color_opponency,training_dense_testing_sparse,dense,compact,20,heldout_val,45000,motion_blur,equal_mean_of_1_2_3_4_5,5,10000,34.007333333333335,0.35387191656492323,3,34.036,33.64,34.346
cifar10,swin_tiny,color_opponency,training_dense_testing_sparse,dense,compact,20,heldout_val,45000,pixelate,equal_mean_of_1_2_3_4_5,5,10000,29.272666666666666,0.27484055984030825,3,29.084,29.145999999999997,29.588
cifar10,swin_tiny,color_opponency,training_dense_testing_sparse,dense,compact,20,heldout_val,45000,shot_noise,equal_mean_of_1_2_3_4_5,5,10000,79.16,0.06209669878503772,3,79.096,79.22,79.164
cifar10,swin_tiny,color_opponency,training_dense_testing_sparse,dense,compact,20,heldout_val,45000,snow,equal_mean_of_1_2_3_4_5,5,10000,29.034,0.4825101035211594,3,28.958,28.594,29.55
cifar10,swin_tiny,color_opponency,training_dense_testing_sparse,dense,compact,20,heldout_val,45000,zoom_blur,equal_mean_of_1_2_3_4_5,5,10000,34.535333333333334,0.26123042191393675,3,34.296,34.814,34.496
cifar10,swin_tiny,color_opponency,training_dense_testing_sparse,dense,compact,30,heldout_val,45000,brightness,equal_mean_of_1_2_3_4_5,5,10000,16.185333333333336,0.11193450465934572,3,16.202,16.066000000000003,16.288
cifar10,swin_tiny,color_opponency,training_dense_testing_sparse,dense,compact,30,heldout_val,45000,clean,clean,1,10000,13.330000000000002,0.1808314132002485,3,13.160000000000005,13.309999999999999,13.52
cifar10,swin_tiny,color_opponency,training_dense_testing_sparse,dense,compact,30,heldout_val,45000,contrast,equal_mean_of_1_2_3_4_5,5,10000,38.41266666666667,0.48064262538120106,3,38.248,38.036,38.954
cifar10,swin_tiny,color_opponency,training_dense_testing_sparse,dense,compact,30,heldout_val,45000,defocus_blur,equal_mean_of_1_2_3_4_5,5,10000,27.063333333333333,0.36889203479247695,3,27.296,26.637999999999998,27.256
cifar10,swin_tiny,color_opponency,training_dense_testing_sparse,dense,compact,30,heldout_val,45000,elastic_transform,equal_mean_of_1_2_3_4_5,5,10000,24.595333333333333,0.2680099500640484,3,24.478,24.406,24.902
cifar10,swin_tiny,color_opponency,training_dense_testing_sparse,dense,compact,30,heldout_val,45000,fog,equal_mean_of_1_2_3_4_5,5,10000,21.582666666666665,0.48085895367907244,3,21.378,21.238,22.131999999999998
cifar10,swin_tiny,color_opponency,training_dense_testing_sparse,dense,compact,30,heldout_val,45000,frost,equal_mean_of_1_2_3_4_5,5,10000,34.97933333333334,0.6504900716639213,3,34.484,34.738,35.716
cifar10,swin_tiny,color_opponency,training_dense_testing_sparse,dense,compact,30,heldout_val,45000,gaussian_noise,equal_mean_of_1_2_3_4_5,5,10000,83.58066666666666,0.7998658220810135,3,82.892,83.392,84.458
cifar10,swin_tiny,color_opponency,training_dense_testing_sparse,dense,compact,30,heldout_val,45000,glass_blur,equal_mean_of_1_2_3_4_5,5,10000,54.916666666666664,0.9245135657919435,3,54.838,54.034,55.878
cifar10,swin_tiny,color_opponency,training_dense_testing_sparse,dense,compact,30,heldout_val,45000,impulse_noise,equal_mean_of_1_2_3_4_5,5,10000,62.14333333333333,1.28885892685481,3,60.937999999999995,61.99,63.501999999999995
cifar10,swin_tiny,color_opponency,training_dense_testing_sparse,dense,compact,30,heldout_val,45000,jpeg_compression,equal_mean_of_1_2_3_4_5,5,10000,34.17,0.18578482176970315,3,34.076,34.05,34.384
cifar10,swin_tiny,color_opponency,training_dense_testing_sparse,dense,compact,30,heldout_val,45000,motion_blur,equal_mean_of_1_2_3_4_5,5,10000,34.11333333333333,0.31515287295744576,3,34.102,33.804,34.434
cifar10,swin_tiny,color_opponency,training_dense_testing_sparse,dense,compact,30,heldout_val,45000,pixelate,equal_mean_of_1_2_3_4_5,5,10000,29.382666666666665,0.23574845351206894,3,29.186,29.317999999999998,29.643999999999995
cifar10,swin_tiny,color_opponency,training_dense_testing_sparse,dense,compact,30,heldout_val,45000,shot_noise,equal_mean_of_1_2_3_4_5,5,10000,79.03466666666667,0.07940612906654905,3,78.99600000000001,78.982,79.126
cifar10,swin_tiny,color_opponency,training_dense_testing_sparse,dense,compact,30,heldout_val,45000,snow,equal_mean_of_1_2_3_4_5,5,10000,29.378666666666668,0.4257714566916555,3,29.148,29.118,29.87
cifar10,swin_tiny,color_opponency,training_dense_testing_sparse,dense,compact,30,heldout_val,45000,zoom_blur,equal_mean_of_1_2_3_4_5,5,10000,34.58266666666667,0.19292831138361718,3,34.412,34.792,34.544
cifar10,swin_tiny,color_opponency,training_dense_testing_sparse,dense,compact,40,heldout_val,45000,brightness,equal_mean_of_1_2_3_4_5,5,10000,16.34466666666667,0.05604759881862371,3,16.362000000000002,16.282,16.39
cifar10,swin_tiny,color_opponency,training_dense_testing_sparse,dense,compact,40,heldout_val,45000,clean,clean,1,10000,13.52,0.18000000000000238,3,13.52,13.339999999999996,13.700000000000001
cifar10,swin_tiny,color_opponency,training_dense_testing_sparse,dense,compact,40,heldout_val,45000,contrast,equal_mean_of_1_2_3_4_5,5,10000,38.86666666666667,0.5698994063282866,3,38.682,38.412,39.506
cifar10,swin_tiny,color_opponency,training_dense_testing_sparse,dense,compact,40,heldout_val,45000,defocus_blur,equal_mean_of_1_2_3_4_5,5,10000,27.366666666666667,0.4167989123466275,3,27.628,26.886000000000003,27.586
cifar10,swin_tiny,color_opponency,training_dense_testing_sparse,dense,compact,40,heldout_val,45000,elastic_transform,equal_mean_of_1_2_3_4_5,5,10000,24.860666666666667,0.30056835051836983,3,24.657999999999998,24.718,25.206
cifar10,swin_tiny,color_opponency,training_dense_testing_sparse,dense,compact,40,heldout_val,45000,fog,equal_mean_of_1_2_3_4_5,5,10000,21.987333333333332,0.5048458510608307,3,21.838,21.573999999999998,22.55
cifar10,swin_tiny,color_opponency,training_dense_testing_sparse,dense,compact,40,heldout_val,45000,frost,equal_mean_of_1_2_3_4_5,5,10000,35.42866666666667,0.7021633238309515,3,34.932,35.12200000000001,36.232
cifar10,swin_tiny,color_opponency,training_dense_testing_sparse,dense,compact,40,heldout_val,45000,gaussian_noise,equal_mean_of_1_2_3_4_5,5,10000,83.64666666666668,0.7631784413447079,3,82.956,83.518,84.46600000000001
cifar10,swin_tiny,color_opponency,training_dense_testing_sparse,dense,compact,40,heldout_val,45000,glass_blur,equal_mean_of_1_2_3_4_5,5,10000,55.31733333333334,0.8915723937703162,3,55.152,54.52,56.28
cifar10,swin_tiny,color_opponency,training_dense_testing_sparse,dense,compact,40,heldout_val,45000,impulse_noise,equal_mean_of_1_2_3_4_5,5,10000,63.797333333333334,1.2790063851808338,3,62.626,63.604000000000006,65.162
cifar10,swin_tiny,color_opponency,training_dense_testing_sparse,dense,compact,40,heldout_val,45000,jpeg_compression,equal_mean_of_1_2_3_4_5,5,10000,34.63466666666667,0.19622775882462226,3,34.482,34.565999999999995,34.856
cifar10,swin_tiny,color_opponency,training_dense_testing_sparse,dense,compact,40,heldout_val,45000,motion_blur,equal_mean_of_1_2_3_4_5,5,10000,34.352000000000004,0.32688224179358605,3,34.410000000000004,34.0,34.646
cifar10,swin_tiny,color_opponency,training_dense_testing_sparse,dense,compact,40,heldout_val,45000,pixelate,equal_mean_of_1_2_3_4_5,5,10000,29.746,0.1767710383518726,3,29.554000000000002,29.782,29.901999999999997
cifar10,swin_tiny,color_opponency,training_dense_testing_sparse,dense,compact,40,heldout_val,45000,shot_noise,equal_mean_of_1_2_3_4_5,5,10000,78.84,0.2819645367772346,3,78.52,78.94800000000001,79.05199999999999
cifar10,swin_tiny,color_opponency,training_dense_testing_sparse,dense,compact,40,heldout_val,45000,snow,equal_mean_of_1_2_3_4_5,5,10000,30.052666666666667,0.45322989015877396,3,29.793999999999997,29.788,30.576
cifar10,swin_tiny,color_opponency,training_dense_testing_sparse,dense,compact,40,heldout_val,45000,zoom_blur,equal_mean_of_1_2_3_4_5,5,10000,34.93266666666666,0.1599291509804686,3,34.748,35.025999999999996,35.024
cifar10,swin_tiny,color_opponency,training_dense_testing_sparse,dense,compact,50,heldout_val,45000,brightness,equal_mean_of_1_2_3_4_5,5,10000,17.167333333333335,0.15233296863559384,3,17.062,17.098000000000003,17.342
cifar10,swin_tiny,color_opponency,training_dense_testing_sparse,dense,compact,50,heldout_val,45000,clean,clean,1,10000,14.343333333333334,0.24501700621249506,3,14.100000000000001,14.339999999999996,14.590000000000003
cifar10,swin_tiny,color_opponency,training_dense_testing_sparse,dense,compact,50,heldout_val,45000,contrast,equal_mean_of_1_2_3_4_5,5,10000,39.804,0.49527366172652687,3,39.604,39.44,40.368
cifar10,swin_tiny,color_opponency,training_dense_testing_sparse,dense,compact,50,heldout_val,45000,defocus_blur,equal_mean_of_1_2_3_4_5,5,10000,28.465333333333334,0.4229720242915972,3,28.540000000000003,28.01,28.845999999999997
cifar10,swin_tiny,color_opponency,training_dense_testing_sparse,dense,compact,50,heldout_val,45000,elastic_transform,equal_mean_of_1_2_3_4_5,5,10000,26.064,0.3627064929112777,3,25.814,25.898,26.479999999999997
cifar10,swin_tiny,color_opponency,training_dense_testing_sparse,dense,compact,50,heldout_val,45000,fog,equal_mean_of_1_2_3_4_5,5,10000,22.846,0.5885201780737869,3,22.63,22.395999999999997,23.512
cifar10,swin_tiny,color_opponency,training_dense_testing_sparse,dense,compact,50,heldout_val,45000,frost,equal_mean_of_1_2_3_4_5,5,10000,36.38733333333334,0.7261331374709016,3,35.71,36.298,37.154
cifar10,swin_tiny,color_opponency,training_dense_testing_sparse,dense,compact,50,heldout_val,45000,gaussian_noise,equal_mean_of_1_2_3_4_5,5,10000,83.5,1.0501733190288156,3,82.508,83.392,84.6
cifar10,swin_tiny,color_opponency,training_dense_testing_sparse,dense,compact,50,heldout_val,45000,glass_blur,equal_mean_of_1_2_3_4_5,5,10000,56.37866666666667,1.0227068657896727,3,55.842,55.736,57.558
cifar10,swin_tiny,color_opponency,training_dense_testing_sparse,dense,compact,50,heldout_val,45000,impulse_noise,equal_mean_of_1_2_3_4_5,5,10000,66.60333333333334,1.2866550949393336,3,65.526,66.256,68.028
cifar10,swin_tiny,color_opponency,training_dense_testing_sparse,dense,compact,50,heldout_val,45000,jpeg_compression,equal_mean_of_1_2_3_4_5,5,10000,35.67933333333333,0.22931492174154738,3,35.54,35.554,35.943999999999996
cifar10,swin_tiny,color_opponency,training_dense_testing_sparse,dense,compact,50,heldout_val,45000,motion_blur,equal_mean_of_1_2_3_4_5,5,10000,35.46333333333333,0.29788812217565036,3,35.502,35.147999999999996,35.74
cifar10,swin_tiny,color_opponency,training_dense_testing_sparse,dense,compact,50,heldout_val,45000,pixelate,equal_mean_of_1_2_3_4_5,5,10000,30.799999999999997,0.29103264421710684,3,30.469999999999995,30.909999999999997,31.02
cifar10,swin_tiny,color_opponency,training_dense_testing_sparse,dense,compact,50,heldout_val,45000,shot_noise,equal_mean_of_1_2_3_4_5,5,10000,78.44466666666666,0.617421519979125,3,77.762,78.608,78.964
cifar10,swin_tiny,color_opponency,training_dense_testing_sparse,dense,compact,50,heldout_val,45000,snow,equal_mean_of_1_2_3_4_5,5,10000,31.692,0.548787754965431,3,31.336000000000002,31.416,32.324
cifar10,swin_tiny,color_opponency,training_dense_testing_sparse,dense,compact,50,heldout_val,45000,zoom_blur,equal_mean_of_1_2_3_4_5,5,10000,35.98133333333333,0.13012814197295675,3,35.848,35.988,36.108000000000004
cifar10,swin_tiny,color_opponency,training_dense_testing_sparse,dense,compact,60,heldout_val,45000,brightness,equal_mean_of_1_2_3_4_5,5,10000,19.352,0.3406347016967002,3,19.024,19.328,19.704
cifar10,swin_tiny,color_opponency,training_dense_testing_sparse,dense,compact,60,heldout_val,45000,clean,clean,1,10000,16.626666666666665,0.34818577416852414,3,16.33,16.54,17.01
cifar10,swin_tiny,color_opponency,training_dense_testing_sparse,dense,compact,60,heldout_val,45000,contrast,equal_mean_of_1_2_3_4_5,5,10000,42.07333333333334,0.4754464568522215,3,41.874,41.730000000000004,42.616
cifar10,swin_tiny,color_opponency,training_dense_testing_sparse,dense,compact,60,heldout_val,45000,defocus_blur,equal_mean_of_1_2_3_4_5,5,10000,31.35,0.525825065967761,3,31.316000000000003,30.842,31.892
cifar10,swin_tiny,color_opponency,training_dense_testing_sparse,dense,compact,60,heldout_val,45000,elastic_transform,equal_mean_of_1_2_3_4_5,5,10000,29.109333333333336,0.5452131081818667,3,28.766000000000002,28.824,29.738
cifar10,swin_tiny,color_opponency,training_dense_testing_sparse,dense,compact,60,heldout_val,45000,fog,equal_mean_of_1_2_3_4_5,5,10000,25.199333333333332,0.7151121124224736,3,25.048,24.572,25.977999999999998
cifar10,swin_tiny,color_opponency,training_dense_testing_sparse,dense,compact,60,heldout_val,45000,frost,equal_mean_of_1_2_3_4_5,5,10000,38.83733333333333,0.798414261729669,3,38.128,38.681999999999995,39.702
cifar10,swin_tiny,color_opponency,training_dense_testing_sparse,dense,compact,60,heldout_val,45000,gaussian_noise,equal_mean_of_1_2_3_4_5,5,10000,83.22533333333334,1.0360160873911763,3,82.186,83.232,84.258
cifar10,swin_tiny,color_opponency,training_dense_testing_sparse,dense,compact,60,heldout_val,45000,glass_blur,equal_mean_of_1_2_3_4_5,5,10000,58.76733333333333,1.107592584542408,3,58.3,57.97,60.032
cifar10,swin_tiny,color_opponency,training_dense_testing_sparse,dense,compact,60,heldout_val,45000,impulse_noise,equal_mean_of_1_2_3_4_5,5,10000,70.34666666666666,1.2510832639490235,3,69.52,69.734,71.786
cifar10,swin_tiny,color_opponency,training_dense_testing_sparse,dense,compact,60,heldout_val,45000,jpeg_compression,equal_mean_of_1_2_3_4_5,5,10000,37.739333333333335,0.153483983963585,3,37.626,37.678,37.914
cifar10,swin_tiny,color_opponency,training_dense_testing_sparse,dense,compact,60,heldout_val,45000,motion_blur,equal_mean_of_1_2_3_4_5,5,10000,38.30133333333333,0.32147368995507924,3,38.385999999999996,37.946,38.572
cifar10,swin_tiny,color_opponency,training_dense_testing_sparse,dense,compact,60,heldout_val,45000,pixelate,equal_mean_of_1_2_3_4_5,5,10000,33.24133333333333,0.37802821764166494,3,32.821999999999996,33.346,33.556
cifar10,swin_tiny,color_opponency,training_dense_testing_sparse,dense,compact,60,heldout_val,45000,shot_noise,equal_mean_of_1_2_3_4_5,5,10000,77.52933333333333,0.983677453911253,3,76.432,77.824,78.332
cifar10,swin_tiny,color_opponency,training_dense_testing_sparse,dense,compact,60,heldout_val,45000,snow,equal_mean_of_1_2_3_4_5,5,10000,35.30133333333333,0.5607150197144131,3,34.9,35.062,35.942
cifar10,swin_tiny,color_opponency,training_dense_testing_sparse,dense,compact,60,heldout_val,45000,zoom_blur,equal_mean_of_1_2_3_4_5,5,10000,38.76733333333333,0.12986659822037874,3,38.742000000000004,38.652,38.908
cifar10,swin_tiny,color_opponency,training_dense_testing_sparse,dense,compact,70,heldout_val,45000,brightness,equal_mean_of_1_2_3_4_5,5,10000,24.500666666666667,0.3938849239731477,3,24.156000000000002,24.416,24.93
cifar10,swin_tiny,color_opponency,training_dense_testing_sparse,dense,compact,70,heldout_val,45000,clean,clean,1,10000,22.086666666666666,0.44836740886613735,3,21.609999999999996,22.150000000000002,22.499999999999996
cifar10,swin_tiny,color_opponency,training_dense_testing_sparse,dense,compact,70,heldout_val,45000,contrast,equal_mean_of_1_2_3_4_5,5,10000,46.400666666666666,0.4074326120149618,3,46.29,46.06,46.852000000000004
cifar10,swin_tiny,color_opponency,training_dense_testing_sparse,dense,compact,70,heldout_val,45000,defocus_blur,equal_mean_of_1_2_3_4_5,5,10000,37.41,0.644605305594049,3,37.669999999999995,36.676,37.884
cifar10,swin_tiny,color_opponency,training_dense_testing_sparse,dense,compact,70,heldout_val,45000,elastic_transform,equal_mean_of_1_2_3_4_5,5,10000,36.172,0.4583623021148185,3,35.812000000000005,36.016,36.687999999999995
cifar10,swin_tiny,color_opponency,training_dense_testing_sparse,dense,compact,70,heldout_val,45000,fog,equal_mean_of_1_2_3_4_5,5,10000,30.562666666666665,0.8290725742257636,3,30.549999999999997,29.74,31.398
cifar10,swin_tiny,color_opponency,training_dense_testing_sparse,dense,compact,70,heldout_val,45000,frost,equal_mean_of_1_2_3_4_5,5,10000,44.138,0.9296773633901174,3,43.528,43.678,45.208
cifar10,swin_tiny,color_opponency,training_dense_testing_sparse,dense,compact,70,heldout_val,45000,gaussian_noise,equal_mean_of_1_2_3_4_5,5,10000,82.43333333333334,1.2003038504201042,3,81.164,82.586,83.55
cifar10,swin_tiny,color_opponency,training_dense_testing_sparse,dense,compact,70,heldout_val,45000,glass_blur,equal_mean_of_1_2_3_4_5,5,10000,63.763333333333335,1.1664310238215267,3,63.332,62.874,65.084
cifar10,swin_tiny,color_opponency,training_dense_testing_sparse,dense,compact,70,heldout_val,45000,impulse_noise,equal_mean_of_1_2_3_4_5,5,10000,73.84066666666666,1.2534374070265066,3,73.112,73.122,75.288
cifar10,swin_tiny,color_opponency,training_dense_testing_sparse,dense,compact,70,heldout_val,45000,jpeg_compression,equal_mean_of_1_2_3_4_5,5,10000,40.507333333333335,0.32739171237729126,3,40.266,40.376,40.88
cifar10,swin_tiny,color_opponency,training_dense_testing_sparse,dense,compact,70,heldout_val,45000,motion_blur,equal_mean_of_1_2_3_4_5,5,10000,44.32666666666667,0.37886321190283384,3,44.448,43.902,44.629999999999995
cifar10,swin_tiny,color_opponency,training_dense_testing_sparse,dense,compact,70,heldout_val,45000,pixelate,equal_mean_of_1_2_3_4_5,5,10000,38.278666666666666,0.6352521808961666,3,37.55,38.716,38.57
cifar10,swin_tiny,color_opponency,training_dense_testing_sparse,dense,compact,70,heldout_val,45000,shot_noise,equal_mean_of_1_2_3_4_5,5,10000,76.68533333333333,1.2959403278443542,3,75.3,76.888,77.868
cifar10,swin_tiny,color_opponency,training_dense_testing_sparse,dense,compact,70,heldout_val,45000,snow,equal_mean_of_1_2_3_4_5,5,10000,42.208000000000006,0.6651826816747416,3,41.874,41.776,42.974000000000004
cifar10,swin_tiny,color_opponency,training_dense_testing_sparse,dense,compact,70,heldout_val,45000,zoom_blur,equal_mean_of_1_2_3_4_5,5,10000,44.62533333333333,0.43714680981717474,3,44.910000000000004,44.122,44.843999999999994
cifar10,swin_tiny,color_opponency,training_dense_testing_sparse,dense,compact,80,heldout_val,45000,brightness,equal_mean_of_1_2_3_4_5,5,10000,34.49066666666666,0.6195363858025893,3,33.906,34.425999999999995,35.14
cifar10,swin_tiny,color_opponency,training_dense_testing_sparse,dense,compact,80,heldout_val,45000,clean,clean,1,10000,32.07333333333333,0.4833563212924096,3,31.65,31.97,32.599999999999994
cifar10,swin_tiny,color_opponency,training_dense_testing_sparse,dense,compact,80,heldout_val,45000,contrast,equal_mean_of_1_2_3_4_5,5,10000,54.071333333333335,0.5345814562190988,3,53.91,53.636,54.668
cifar10,swin_tiny,color_opponency,training_dense_testing_sparse,dense,compact,80,heldout_val,45000,defocus_blur,equal_mean_of_1_2_3_4_5,5,10000,46.965333333333334,0.8075774472664072,3,46.808,46.248000000000005,47.839999999999996
cifar10,swin_tiny,color_opponency,training_dense_testing_sparse,dense,compact,80,heldout_val,45000,elastic_transform,equal_mean_of_1_2_3_4_5,5,10000,47.80733333333333,1.0130692638380348,3,47.15,47.298,48.974000000000004
cifar10,swin_tiny,color_opponency,training_dense_testing_sparse,dense,compact,80,heldout_val,45000,fog,equal_mean_of_1_2_3_4_5,5,10000,41.394,1.3607453839715933,3,41.342,40.06,42.78
cifar10,swin_tiny,color_opponency,training_dense_testing_sparse,dense,compact,80,heldout_val,45000,frost,equal_mean_of_1_2_3_4_5,5,10000,53.40533333333334,1.1365603078294326,3,52.858000000000004,52.646,54.712
cifar10,swin_tiny,color_opponency,training_dense_testing_sparse,dense,compact,80,heldout_val,45000,gaussian_noise,equal_mean_of_1_2_3_4_5,5,10000,81.26466666666667,0.5753758192115277,3,80.618,81.456,81.72
cifar10,swin_tiny,color_opponency,training_dense_testing_sparse,dense,compact,80,heldout_val,45000,glass_blur,equal_mean_of_1_2_3_4_5,5,10000,72.64733333333334,1.1624961648682275,3,72.422,71.614,73.906
cifar10,swin_tiny,color_opponency,training_dense_testing_sparse,dense,compact,80,heldout_val,45000,impulse_noise,equal_mean_of_1_2_3_4_5,5,10000,76.79066666666667,1.1985730404665988,3,76.062,76.136,78.174
cifar10,swin_tiny,color_opponency,training_dense_testing_sparse,dense,compact,80,heldout_val,45000,jpeg_compression,equal_mean_of_1_2_3_4_5,5,10000,46.55533333333334,0.3897965281186244,3,46.21,46.478,46.978
cifar10,swin_tiny,color_opponency,training_dense_testing_sparse,dense,compact,80,heldout_val,45000,motion_blur,equal_mean_of_1_2_3_4_5,5,10000,54.114666666666665,0.8717117260501511,3,53.872,53.39,55.082
cifar10,swin_tiny,color_opponency,training_dense_testing_sparse,dense,compact,80,heldout_val,45000,pixelate,equal_mean_of_1_2_3_4_5,5,10000,46.93866666666667,0.82190104838316,3,45.998,47.518,47.300000000000004
cifar10,swin_tiny,color_opponency,training_dense_testing_sparse,dense,compact,80,heldout_val,45000,shot_noise,equal_mean_of_1_2_3_4_5,5,10000,76.28133333333334,0.7459767646068696,3,75.59,76.182,77.072
cifar10,swin_tiny,color_opponency,training_dense_testing_sparse,dense,compact,80,heldout_val,45000,snow,equal_mean_of_1_2_3_4_5,5,10000,52.28333333333333,0.6400166664496568,3,51.934000000000005,51.894,53.022
cifar10,swin_tiny,color_opponency,training_dense_testing_sparse,dense,compact,80,heldout_val,45000,zoom_blur,equal_mean_of_1_2_3_4_5,5,10000,53.854,0.9407847787884334,3,53.638,53.04,54.884
cifar10,swin_tiny,color_opponency,training_dense_testing_sparse,dense,compact,90,heldout_val,45000,brightness,equal_mean_of_1_2_3_4_5,5,10000,57.11666666666667,0.7640139614780167,3,56.35,57.122,57.878
cifar10,swin_tiny,color_opponency,training_dense_testing_sparse,dense,compact,90,heldout_val,45000,clean,clean,1,10000,54.75666666666667,1.2058330453812138,3,54.47,53.72,56.08
cifar10,swin_tiny,color_opponency,training_dense_testing_sparse,dense,compact,90,heldout_val,45000,contrast,equal_mean_of_1_2_3_4_5,5,10000,70.80066666666667,1.551264430499628,3,69.39,70.55000000000001,72.462
cifar10,swin_tiny,color_opponency,training_dense_testing_sparse,dense,compact,90,heldout_val,45000,defocus_blur,equal_mean_of_1_2_3_4_5,5,10000,63.791333333333334,1.128496935455887,3,63.272,63.016000000000005,65.086
cifar10,swin_tiny,color_opponency,training_dense_testing_sparse,dense,compact,90,heldout_val,45000,elastic_transform,equal_mean_of_1_2_3_4_5,5,10000,66.79066666666667,1.4362344284041266,3,65.91,66.014,68.448
cifar10,swin_tiny,color_opponency,training_dense_testing_sparse,dense,compact,90,heldout_val,45000,fog,equal_mean_of_1_2_3_4_5,5,10000,65.23466666666667,1.7261950449857444,3,64.132,64.348,67.224
cifar10,swin_tiny,color_opponency,training_dense_testing_sparse,dense,compact,90,heldout_val,45000,frost,equal_mean_of_1_2_3_4_5,5,10000,70.728,0.4841115573914773,3,70.74,70.238,71.206
cifar10,swin_tiny,color_opponency,training_dense_testing_sparse,dense,compact,90,heldout_val,45000,gaussian_noise,equal_mean_of_1_2_3_4_5,5,10000,81.57666666666667,0.35907845010990924,3,81.222,81.568,81.94
cifar10,swin_tiny,color_opponency,training_dense_testing_sparse,dense,compact,90,heldout_val,45000,glass_blur,equal_mean_of_1_2_3_4_5,5,10000,82.40333333333334,0.41163252220073115,3,82.858,82.056,82.296
cifar10,swin_tiny,color_opponency,training_dense_testing_sparse,dense,compact,90,heldout_val,45000,impulse_noise,equal_mean_of_1_2_3_4_5,5,10000,84.68466666666667,0.6952879499411292,3,84.35000000000001,84.22,85.48400000000001
cifar10,swin_tiny,color_opponency,training_dense_testing_sparse,dense,compact,90,heldout_val,45000,jpeg_compression,equal_mean_of_1_2_3_4_5,5,10000,61.70666666666666,0.5333454165297875,3,61.297999999999995,61.512,62.309999999999995
cifar10,swin_tiny,color_opponency,training_dense_testing_sparse,dense,compact,90,heldout_val,45000,motion_blur,equal_mean_of_1_2_3_4_5,5,10000,70.08066666666667,1.3091070748160034,3,69.11200000000001,69.56,71.57
cifar10,swin_tiny,color_opponency,training_dense_testing_sparse,dense,compact,90,heldout_val,45000,pixelate,equal_mean_of_1_2_3_4_5,5,10000,62.956,0.4963103867540966,3,62.418,63.054,63.396
cifar10,swin_tiny,color_opponency,training_dense_testing_sparse,dense,compact,90,heldout_val,45000,shot_noise,equal_mean_of_1_2_3_4_5,5,10000,79.316,0.6683023267952951,3,78.852,79.014,80.08200000000001
cifar10,swin_tiny,color_opponency,training_dense_testing_sparse,dense,compact,90,heldout_val,45000,snow,equal_mean_of_1_2_3_4_5,5,10000,70.83333333333333,0.43534507385904564,3,71.116,70.332,71.052
cifar10,swin_tiny,color_opponency,training_dense_testing_sparse,dense,compact,90,heldout_val,45000,zoom_blur,equal_mean_of_1_2_3_4_5,5,10000,68.934,1.375672926243737,3,67.78399999999999,68.56,70.458
cifar10,swin_tiny,color_opponency,training_sparse_testing_sparse,compact,compact,0,heldout_val,45000,brightness,equal_mean_of_1_2_3_4_5,5,10000,16.222,0.13857849761055918,3,16.304000000000002,16.062,16.299999999999997
cifar10,swin_tiny,color_opponency,training_sparse_testing_sparse,compact,compact,0,heldout_val,45000,clean,clean,1,10000,13.23666666666667,0.24785748593361737,3,13.460000000000004,13.280000000000003,12.970000000000004
cifar10,swin_tiny,color_opponency,training_sparse_testing_sparse,compact,compact,0,heldout_val,45000,contrast,equal_mean_of_1_2_3_4_5,5,10000,37.69866666666667,0.6459607831233538,3,37.550000000000004,37.14,38.406000000000006
cifar10,swin_tiny,color_opponency,training_sparse_testing_sparse,compact,compact,0,heldout_val,45000,defocus_blur,equal_mean_of_1_2_3_4_5,5,10000,27.198,0.2175224126383303,3,27.302,27.344,26.948
cifar10,swin_tiny,color_opponency,training_sparse_testing_sparse,compact,compact,0,heldout_val,45000,elastic_transform,equal_mean_of_1_2_3_4_5,5,10000,24.448666666666668,0.06640281118547132,3,24.485999999999997,24.372,24.488000000000003
cifar10,swin_tiny,color_opponency,training_sparse_testing_sparse,compact,compact,0,heldout_val,45000,fog,equal_mean_of_1_2_3_4_5,5,10000,21.308000000000003,0.4998079631218373,3,21.452,20.752000000000002,21.720000000000002
cifar10,swin_tiny,color_opponency,training_sparse_testing_sparse,compact,compact,0,heldout_val,45000,frost,equal_mean_of_1_2_3_4_5,5,10000,34.81733333333333,0.3967887767229982,3,35.022,35.07,34.36
cifar10,swin_tiny,color_opponency,training_sparse_testing_sparse,compact,compact,0,heldout_val,45000,gaussian_noise,equal_mean_of_1_2_3_4_5,5,10000,85.46533333333333,0.6527674419985527,3,85.63,84.746,86.02
cifar10,swin_tiny,color_opponency,training_sparse_testing_sparse,compact,compact,0,heldout_val,45000,glass_blur,equal_mean_of_1_2_3_4_5,5,10000,54.16466666666667,1.2487759339983004,3,54.724000000000004,55.035999999999994,52.734
cifar10,swin_tiny,color_opponency,training_sparse_testing_sparse,compact,compact,0,heldout_val,45000,impulse_noise,equal_mean_of_1_2_3_4_5,5,10000,60.882666666666665,1.1637599981668616,3,61.318000000000005,59.564,61.766
cifar10,swin_tiny,color_opponency,training_sparse_testing_sparse,compact,compact,0,heldout_val,45000,jpeg_compression,equal_mean_of_1_2_3_4_5,5,10000,34.04333333333334,0.16978025012742617,3,34.227999999999994,33.894000000000005,34.008
cifar10,swin_tiny,color_opponency,training_sparse_testing_sparse,compact,compact,0,heldout_val,45000,motion_blur,equal_mean_of_1_2_3_4_5,5,10000,33.977333333333334,0.43885912697964263,3,33.716,34.484,33.732
cifar10,swin_tiny,color_opponency,training_sparse_testing_sparse,compact,compact,0,heldout_val,45000,pixelate,equal_mean_of_1_2_3_4_5,5,10000,29.25466666666667,0.47948861647940333,3,29.604,28.708000000000002,29.452
cifar10,swin_tiny,color_opponency,training_sparse_testing_sparse,compact,compact,0,heldout_val,45000,shot_noise,equal_mean_of_1_2_3_4_5,5,10000,80.39066666666666,0.0930447920806639,3,80.482,80.39399999999999,80.29599999999999
cifar10,swin_tiny,color_opponency,training_sparse_testing_sparse,compact,compact,0,heldout_val,45000,snow,equal_mean_of_1_2_3_4_5,5,10000,29.369333333333334,0.18217939876213635,3,29.556,29.36,29.192
cifar10,swin_tiny,color_opponency,training_sparse_testing_sparse,compact,compact,0,heldout_val,45000,zoom_blur,equal_mean_of_1_2_3_4_5,5,10000,34.544666666666664,0.603603622697323,3,34.48,35.178,33.976
cifar10,swin_tiny,color_opponency,training_sparse_testing_sparse,compact,compact,20,heldout_val,45000,brightness,equal_mean_of_1_2_3_4_5,5,10000,16.009333333333334,0.20942142520127405,3,15.934000000000001,16.246,15.848
cifar10,swin_tiny,color_opponency,training_sparse_testing_sparse,compact,compact,20,heldout_val,45000,clean,clean,1,10000,13.176666666666668,0.10016652800877966,3,13.100000000000001,13.290000000000003,13.139999999999997
cifar10,swin_tiny,color_opponency,training_sparse_testing_sparse,compact,compact,20,heldout_val,45000,contrast,equal_mean_of_1_2_3_4_5,5,10000,37.964666666666666,0.30804112279585927,3,37.848,37.732,38.314
cifar10,swin_tiny,color_opponency,training_sparse_testing_sparse,compact,compact,20,heldout_val,45000,defocus_blur,equal_mean_of_1_2_3_4_5,5,10000,26.619333333333334,0.11531406390086726,3,26.704,26.665999999999997,26.488
cifar10,swin_tiny,color_opponency,training_sparse_testing_sparse,compact,compact,20,heldout_val,45000,elastic_transform,equal_mean_of_1_2_3_4_5,5,10000,24.458666666666666,0.22145277901470148,3,24.203999999999997,24.606,24.566
cifar10,swin_tiny,color_opponency,training_sparse_testing_sparse,compact,compact,20,heldout_val,45000,fog,equal_mean_of_1_2_3_4_5,5,10000,21.458666666666666,0.18256323105525357,3,21.252,21.526,21.598000000000003
cifar10,swin_tiny,color_opponency,training_sparse_testing_sparse,compact,compact,20,heldout_val,45000,frost,equal_mean_of_1_2_3_4_5,5,10000,34.79,0.693106052491249,3,34.775999999999996,35.49,34.104
cifar10,swin_tiny,color_opponency,training_sparse_testing_sparse,compact,compact,20,heldout_val,45000,gaussian_noise,equal_mean_of_1_2_3_4_5,5,10000,84.26133333333333,1.563972293019709,3,85.77799999999999,82.654,84.352
cifar10,swin_tiny,color_opponency,training_sparse_testing_sparse,compact,compact,20,heldout_val,45000,glass_blur,equal_mean_of_1_2_3_4_5,5,10000,53.85866666666667,0.4919363102408014,3,53.298,54.218,54.06
cifar10,swin_tiny,color_opponency,training_sparse_testing_sparse,compact,compact,20,heldout_val,45000,impulse_noise,equal_mean_of_1_2_3_4_5,5,10000,60.510666666666665,1.4409307177422956,3,61.251999999999995,58.85,61.43
cifar10,swin_tiny,color_opponency,training_sparse_testing_sparse,compact,compact,20,heldout_val,45000,jpeg_compression,equal_mean_of_1_2_3_4_5,5,10000,33.99133333333333,0.29216661912911035,3,33.653999999999996,34.156,34.164
cifar10,swin_tiny,color_opponency,training_sparse_testing_sparse,compact,compact,20,heldout_val,45000,motion_blur,equal_mean_of_1_2_3_4_5,5,10000,33.596666666666664,0.10000666644446231,3,33.534,33.712,33.544
cifar10,swin_tiny,color_opponency,training_sparse_testing_sparse,compact,compact,20,heldout_val,45000,pixelate,equal_mean_of_1_2_3_4_5,5,10000,29.211333333333332,0.22526724869215492,3,28.98,29.43,29.224
cifar10,swin_tiny,color_opponency,training_sparse_testing_sparse,compact,compact,20,heldout_val,45000,shot_noise,equal_mean_of_1_2_3_4_5,5,10000,78.71733333333333,1.3190061915447255,3,80.03399999999999,77.396,78.722
cifar10,swin_tiny,color_opponency,training_sparse_testing_sparse,compact,compact,20,heldout_val,45000,snow,equal_mean_of_1_2_3_4_5,5,10000,29.240666666666666,0.1911055554748043,3,29.11,29.46,29.152
cifar10,swin_tiny,color_opponency,training_sparse_testing_sparse,compact,compact,20,heldout_val,45000,zoom_blur,equal_mean_of_1_2_3_4_5,5,10000,33.99333333333333,0.13011277159961246,3,33.85,34.104,34.025999999999996
cifar10,swin_tiny,color_opponency,training_sparse_testing_sparse,compact,compact,40,heldout_val,45000,brightness,equal_mean_of_1_2_3_4_5,5,10000,16.436666666666667,0.07365686209263456,3,16.504,16.448,16.358
cifar10,swin_tiny,color_opponency,training_sparse_testing_sparse,compact,compact,40,heldout_val,45000,clean,clean,1,10000,13.566666666666665,0.17785762095938518,3,13.759999999999994,13.529999999999998,13.41
cifar10,swin_tiny,color_opponency,training_sparse_testing_sparse,compact,compact,40,heldout_val,45000,contrast,equal_mean_of_1_2_3_4_5,5,10000,38.59466666666667,0.6942631585597314,3,38.412000000000006,38.01,39.362
cifar10,swin_tiny,color_opponency,training_sparse_testing_sparse,compact,compact,40,heldout_val,45000,defocus_blur,equal_mean_of_1_2_3_4_5,5,10000,26.924,0.7419649587413113,3,27.427999999999997,26.072000000000003,27.272
cifar10,swin_tiny,color_opponency,training_sparse_testing_sparse,compact,compact,40,heldout_val,45000,elastic_transform,equal_mean_of_1_2_3_4_5,5,10000,24.873333333333335,0.24265476161273644,3,24.906,24.616,25.098000000000003
cifar10,swin_tiny,color_opponency,training_sparse_testing_sparse,compact,compact,40,heldout_val,45000,fog,equal_mean_of_1_2_3_4_5,5,10000,22.185333333333332,0.5396752109679794,3,22.062,21.718,22.776
cifar10,swin_tiny,color_opponency,training_sparse_testing_sparse,compact,compact,40,heldout_val,45000,frost,equal_mean_of_1_2_3_4_5,5,10000,34.79,0.4491636672750779,3,34.644000000000005,35.294,34.432
cifar10,swin_tiny,color_opponency,training_sparse_testing_sparse,compact,compact,40,heldout_val,45000,gaussian_noise,equal_mean_of_1_2_3_4_5,5,10000,84.79266666666666,0.11923645974840583,3,84.678,84.916,84.784
cifar10,swin_tiny,color_opponency,training_sparse_testing_sparse,compact,compact,40,heldout_val,45000,glass_blur,equal_mean_of_1_2_3_4_5,5,10000,54.028,0.5284354265186965,3,54.129999999999995,54.498,53.456
cifar10,swin_tiny,color_opponency,training_sparse_testing_sparse,compact,compact,40,heldout_val,45000,impulse_noise,equal_mean_of_1_2_3_4_5,5,10000,61.714666666666666,1.3264906080833454,3,60.978,60.92,63.245999999999995
cifar10,swin_tiny,color_opponency,training_sparse_testing_sparse,compact,compact,40,heldout_val,45000,jpeg_compression,equal_mean_of_1_2_3_4_5,5,10000,33.82333333333333,0.5803941189685944,3,34.492,33.45,33.528
cifar10,swin_tiny,color_opponency,training_sparse_testing_sparse,compact,compact,40,heldout_val,45000,motion_blur,equal_mean_of_1_2_3_4_5,5,10000,33.931333333333335,0.8083324398620476,3,34.592,33.03,34.172
cifar10,swin_tiny,color_opponency,training_sparse_testing_sparse,compact,compact,40,heldout_val,45000,pixelate,equal_mean_of_1_2_3_4_5,5,10000,29.74,0.23202586062764746,3,29.970000000000002,29.506,29.743999999999996
cifar10,swin_tiny,color_opponency,training_sparse_testing_sparse,compact,compact,40,heldout_val,45000,shot_noise,equal_mean_of_1_2_3_4_5,5,10000,79.34533333333333,0.5731817629106266,3,79.362,79.91,78.764
cifar10,swin_tiny,color_opponency,training_sparse_testing_sparse,compact,compact,40,heldout_val,45000,snow,equal_mean_of_1_2_3_4_5,5,10000,29.936666666666664,0.2051568505639843,3,30.046,29.7,30.063999999999997
cifar10,swin_tiny,color_opponency,training_sparse_testing_sparse,compact,compact,40,heldout_val,45000,zoom_blur,equal_mean_of_1_2_3_4_5,5,10000,34.282,0.6956320866665052,3,34.794,33.49,34.562
cifar10,swin_tiny,color_opponency,training_sparse_testing_sparse,compact,compact,60,heldout_val,45000,brightness,equal_mean_of_1_2_3_4_5,5,10000,17.634,0.06286493458200614,3,17.646,17.69,17.566000000000003
cifar10,swin_tiny,color_opponency,training_sparse_testing_sparse,compact,compact,60,heldout_val,45000,clean,clean,1,10000,14.850000000000005,0.06082762530298192,3,14.780000000000005,14.890000000000004,14.880000000000004
cifar10,swin_tiny,color_opponency,training_sparse_testing_sparse,compact,compact,60,heldout_val,45000,contrast,equal_mean_of_1_2_3_4_5,5,10000,40.562000000000005,0.27141849605360674,3,40.848000000000006,40.53,40.308
cifar10,swin_tiny,color_opponency,training_sparse_testing_sparse,compact,compact,60,heldout_val,45000,defocus_blur,equal_mean_of_1_2_3_4_5,5,10000,30.052,0.416043266980734,3,29.619999999999997,30.086000000000002,30.450000000000003
cifar10,swin_tiny,color_opponency,training_sparse_testing_sparse,compact,compact,60,heldout_val,45000,elastic_transform,equal_mean_of_1_2_3_4_5,5,10000,27.067333333333334,0.246530593098166,3,26.812,27.304000000000002,27.086
cifar10,swin_tiny,color_opponency,training_sparse_testing_sparse,compact,compact,60,heldout_val,45000,fog,equal_mean_of_1_2_3_4_5,5,10000,24.386,0.25662423891752667,3,24.666,24.162000000000003,24.329999999999995
cifar10,swin_tiny,color_opponency,training_sparse_testing_sparse,compact,compact,60,heldout_val,45000,frost,equal_mean_of_1_2_3_4_5,5,10000,37.42133333333334,0.14929612631723868,3,37.478,37.252,37.534
cifar10,swin_tiny,color_opponency,training_sparse_testing_sparse,compact,compact,60,heldout_val,45000,gaussian_noise,equal_mean_of_1_2_3_4_5,5,10000,80.846,1.5874520465198292,3,81.056,82.318,79.164
cifar10,swin_tiny,color_opponency,training_sparse_testing_sparse,compact,compact,60,heldout_val,45000,glass_blur,equal_mean_of_1_2_3_4_5,5,10000,57.67466666666667,0.9296242968712324,3,58.742,57.24,57.041999999999994
cifar10,swin_tiny,color_opponency,training_sparse_testing_sparse,compact,compact,60,heldout_val,45000,impulse_noise,equal_mean_of_1_2_3_4_5,5,10000,61.284666666666666,2.2677762970216713,3,60.592,63.818,59.444
cifar10,swin_tiny,color_opponency,training_sparse_testing_sparse,compact,compact,60,heldout_val,45000,jpeg_compression,equal_mean_of_1_2_3_4_5,5,10000,34.14733333333333,0.2406685133816465,3,34.17999999999999,33.892,34.37
cifar10,swin_tiny,color_opponency,training_sparse_testing_sparse,compact,compact,60,heldout_val,45000,motion_blur,equal_mean_of_1_2_3_4_5,5,10000,37.223333333333336,0.33670362833407724,3,36.85,37.504,37.316
cifar10,swin_tiny,color_opponency,training_sparse_testing_sparse,compact,compact,60,heldout_val,45000,pixelate,equal_mean_of_1_2_3_4_5,5,10000,31.46666666666667,0.3847613979251737,3,31.026,31.638,31.736
cifar10,swin_tiny,color_opponency,training_sparse_testing_sparse,compact,compact,60,heldout_val,45000,shot_noise,equal_mean_of_1_2_3_4_5,5,10000,73.04133333333333,1.760722957575475,3,73.78999999999999,74.304,71.03
cifar10,swin_tiny,color_opponency,training_sparse_testing_sparse,compact,compact,60,heldout_val,45000,snow,equal_mean_of_1_2_3_4_5,5,10000,33.092,0.04084115571332304,3,33.106,33.046,33.123999999999995
cifar10,swin_tiny,color_opponency,training_sparse_testing_sparse,compact,compact,60,heldout_val,45000,zoom_blur,equal_mean_of_1_2_3_4_5,5,10000,38.720666666666666,0.6025158365830164,3,38.036,38.955999999999996,39.17
cifar10,swin_tiny,color_opponency,training_sparse_testing_sparse,compact,compact,80,heldout_val,45000,brightness,equal_mean_of_1_2_3_4_5,5,10000,19.66133333333333,0.08584482123770466,3,19.593999999999998,19.758,19.631999999999998
cifar10,swin_tiny,color_opponency,training_sparse_testing_sparse,compact,compact,80,heldout_val,45000,clean,clean,1,10000,17.146666666666665,0.1429452109492719,3,16.990000000000006,17.269999999999996,17.179999999999996
cifar10,swin_tiny,color_opponency,training_sparse_testing_sparse,compact,compact,80,heldout_val,45000,contrast,equal_mean_of_1_2_3_4_5,5,10000,44.194,0.1698587648606904,3,44.122,44.072,44.388
cifar10,swin_tiny,color_opponency,training_sparse_testing_sparse,compact,compact,80,heldout_val,45000,defocus_blur,equal_mean_of_1_2_3_4_5,5,10000,35.800666666666665,0.4720437832800422,3,35.75,35.355999999999995,36.296
cifar10,swin_tiny,color_opponency,training_sparse_testing_sparse,compact,compact,80,heldout_val,45000,elastic_transform,equal_mean_of_1_2_3_4_5,5,10000,31.779333333333334,0.23712725135111423,3,31.529999999999998,31.806,32.002
cifar10,swin_tiny,color_opponency,training_sparse_testing_sparse,compact,compact,80,heldout_val,45000,fog,equal_mean_of_1_2_3_4_5,5,10000,28.13,0.2351595203260954,3,28.02,27.970000000000002,28.4
cifar10,swin_tiny,color_opponency,training_sparse_testing_sparse,compact,compact,80,heldout_val,45000,frost,equal_mean_of_1_2_3_4_5,5,10000,38.78666666666667,0.2120125782432125,3,38.88,38.544,38.936
cifar10,swin_tiny,color_opponency,training_sparse_testing_sparse,compact,compact,80,heldout_val,45000,gaussian_noise,equal_mean_of_1_2_3_4_5,5,10000,71.53466666666667,0.5749168055756689,3,71.272,71.138,72.194
cifar10,swin_tiny,color_opponency,training_sparse_testing_sparse,compact,compact,80,heldout_val,45000,glass_blur,equal_mean_of_1_2_3_4_5,5,10000,60.482,0.6358962179475531,3,61.182,59.94,60.324000000000005
cifar10,swin_tiny,color_opponency,training_sparse_testing_sparse,compact,compact,80,heldout_val,45000,impulse_noise,equal_mean_of_1_2_3_4_5,5,10000,67.49333333333333,0.3376645277984306,3,67.532,67.81,67.13799999999999
cifar10,swin_tiny,color_opponency,training_sparse_testing_sparse,compact,compact,80,heldout_val,45000,jpeg_compression,equal_mean_of_1_2_3_4_5,5,10000,30.872,0.3155439747483736,3,31.204000000000004,30.575999999999997,30.836000000000002
cifar10,swin_tiny,color_opponency,training_sparse_testing_sparse,compact,compact,80,heldout_val,45000,motion_blur,equal_mean_of_1_2_3_4_5,5,10000,43.82266666666667,0.49696814116533994,3,43.376000000000005,43.734,44.358000000000004
cifar10,swin_tiny,color_opponency,training_sparse_testing_sparse,compact,compact,80,heldout_val,45000,pixelate,equal_mean_of_1_2_3_4_5,5,10000,35.190666666666665,0.4894500314979395,3,34.628,35.426,35.518
cifar10,swin_tiny,color_opponency,training_sparse_testing_sparse,compact,compact,80,heldout_val,45000,shot_noise,equal_mean_of_1_2_3_4_5,5,10000,63.61066666666667,0.37634204300521323,3,63.31399999999999,63.484,64.034
cifar10,swin_tiny,color_opponency,training_sparse_testing_sparse,compact,compact,80,heldout_val,45000,snow,equal_mean_of_1_2_3_4_5,5,10000,38.172000000000004,0.1593612248948908,3,38.078,38.082,38.356
cifar10,swin_tiny,color_opponency,training_sparse_testing_sparse,compact,compact,80,heldout_val,45000,zoom_blur,equal_mean_of_1_2_3_4_5,5,10000,45.27466666666667,0.8345449858056386,3,44.932,44.666,46.226
cifar10,swin_tiny,grayscale,training_dense_testing_sparse,dense,compact,0,heldout_val,45000,brightness,equal_mean_of_1_2_3_4_5,5,10000,18.612666666666666,0.28464949206582824,3,18.284,18.774,18.78
cifar10,swin_tiny,grayscale,training_dense_testing_sparse,dense,compact,0,heldout_val,45000,clean,clean,1,10000,16.736666666666668,0.1106044001535798,3,16.62,16.75,16.84
cifar10,swin_tiny,grayscale,training_dense_testing_sparse,dense,compact,0,heldout_val,45000,contrast,equal_mean_of_1_2_3_4_5,5,10000,40.04333333333334,0.4037887236332052,3,40.506,39.762,39.862
cifar10,swin_tiny,grayscale,training_dense_testing_sparse,dense,compact,0,heldout_val,45000,defocus_blur,equal_mean_of_1_2_3_4_5,5,10000,36.514,0.5213482521309546,3,36.814,36.816,35.912
cifar10,swin_tiny,grayscale,training_dense_testing_sparse,dense,compact,0,heldout_val,45000,elastic_transform,equal_mean_of_1_2_3_4_5,5,10000,34.038666666666664,0.16440600151251109,3,33.932,34.227999999999994,33.956
cifar10,swin_tiny,grayscale,training_dense_testing_sparse,dense,compact,0,heldout_val,45000,fog,equal_mean_of_1_2_3_4_5,5,10000,26.868666666666666,0.2755092254958689,3,27.134,26.888,26.584
cifar10,swin_tiny,grayscale,training_dense_testing_sparse,dense,compact,0,heldout_val,45000,frost,equal_mean_of_1_2_3_4_5,5,10000,43.903999999999996,0.2034502396164739,3,44.12,43.715999999999994,43.876
cifar10,swin_tiny,grayscale,training_dense_testing_sparse,dense,compact,0,heldout_val,45000,gaussian_noise,equal_mean_of_1_2_3_4_5,5,10000,68.302,0.3069071520834943,3,68.07000000000001,68.65,68.18599999999999
cifar10,swin_tiny,grayscale,training_dense_testing_sparse,dense,compact,0,heldout_val,45000,glass_blur,equal_mean_of_1_2_3_4_5,5,10000,67.228,1.0440938655121013,3,67.586,66.05199999999999,68.04599999999999
cifar10,swin_tiny,grayscale,training_dense_testing_sparse,dense,compact,0,heldout_val,45000,impulse_noise,equal_mean_of_1_2_3_4_5,5,10000,48.574000000000005,0.681489545040861,3,49.228,47.868,48.626000000000005
cifar10,swin_tiny,grayscale,training_dense_testing_sparse,dense,compact,0,heldout_val,45000,jpeg_compression,equal_mean_of_1_2_3_4_5,5,10000,36.205999999999996,0.24438494225299406,3,36.434,35.948,36.236
cifar10,swin_tiny,grayscale,training_dense_testing_sparse,dense,compact,0,heldout_val,45000,motion_blur,equal_mean_of_1_2_3_4_5,5,10000,45.849333333333334,0.10976945537504278,3,45.79,45.976,45.782
cifar10,swin_tiny,grayscale,training_dense_testing_sparse,dense,compact,0,heldout_val,45000,pixelate,equal_mean_of_1_2_3_4_5,5,10000,38.111333333333334,0.16200411517406904,3,38.11,38.274,37.95
cifar10,swin_tiny,grayscale,training_dense_testing_sparse,dense,compact,0,heldout_val,45000,shot_noise,equal_mean_of_1_2_3_4_5,5,10000,58.122,0.2963241468392299,3,58.106,58.425999999999995,57.834
cifar10,swin_tiny,grayscale,training_dense_testing_sparse,dense,compact,0,heldout_val,45000,snow,equal_mean_of_1_2_3_4_5,5,10000,40.492000000000004,0.2585111216176177,3,40.358000000000004,40.328,40.79
cifar10,swin_tiny,grayscale,training_dense_testing_sparse,dense,compact,0,heldout_val,45000,zoom_blur,equal_mean_of_1_2_3_4_5,5,10000,48.97933333333334,0.843346508460988,3,49.066,49.776,48.096
cifar10,swin_tiny,grayscale,training_dense_testing_sparse,dense,compact,10,heldout_val,45000,brightness,equal_mean_of_1_2_3_4_5,5,10000,18.642666666666667,0.2167979089690067,3,18.394,18.741999999999997,18.792
cifar10,swin_tiny,grayscale,training_dense_testing_sparse,dense,compact,10,heldout_val,45000,clean,clean,1,10000,16.82,0.16822603841260658,3,16.690000000000005,16.759999999999998,17.01
cifar10,swin_tiny,grayscale,training_dense_testing_sparse,dense,compact,10,heldout_val,45000,contrast,equal_mean_of_1_2_3_4_5,5,10000,40.132,0.3798683982644499,3,40.562,39.842,39.992000000000004
cifar10,swin_tiny,grayscale,training_dense_testing_sparse,dense,compact,10,heldout_val,45000,defocus_blur,equal_mean_of_1_2_3_4_5,5,10000,36.648666666666664,0.52496222086292,3,36.913999999999994,36.988,36.044000000000004
cifar10,swin_tiny,grayscale,training_dense_testing_sparse,dense,compact,10,heldout_val,45000,elastic_transform,equal_mean_of_1_2_3_4_5,5,10000,34.132,0.15429841217588908,3,34.068,34.308,34.019999999999996
cifar10,swin_tiny,grayscale,training_dense_testing_sparse,dense,compact,10,heldout_val,45000,fog,equal_mean_of_1_2_3_4_5,5,10000,26.926666666666666,0.20809933525442323,3,27.145999999999997,26.902,26.732
cifar10,swin_tiny,grayscale,training_dense_testing_sparse,dense,compact,10,heldout_val,45000,frost,equal_mean_of_1_2_3_4_5,5,10000,43.91466666666666,0.24767990094743808,3,44.129999999999995,43.644,43.97
cifar10,swin_tiny,grayscale,training_dense_testing_sparse,dense,compact,10,heldout_val,45000,gaussian_noise,equal_mean_of_1_2_3_4_5,5,10000,68.314,0.2957769429823752,3,68.116,68.654,68.172
cifar10,swin_tiny,grayscale,training_dense_testing_sparse,dense,compact,10,heldout_val,45000,glass_blur,equal_mean_of_1_2_3_4_5,5,10000,67.32133333333333,1.0526278228003176,3,67.572,66.166,68.226
cifar10,swin_tiny,grayscale,training_dense_testing_sparse,dense,compact,10,heldout_val,45000,impulse_noise,equal_mean_of_1_2_3_4_5,5,10000,48.91533333333333,0.6640010040153067,3,49.58,48.251999999999995,48.913999999999994
cifar10,swin_tiny,grayscale,training_dense_testing_sparse,dense,compact,10,heldout_val,45000,jpeg_compression,equal_mean_of_1_2_3_4_5,5,10000,36.186,0.21094074997496468,3,36.426,36.03,36.102
cifar10,swin_tiny,grayscale,training_dense_testing_sparse,dense,compact,10,heldout_val,45000,motion_blur,equal_mean_of_1_2_3_4_5,5,10000,45.93533333333333,0.17529784178173408,3,45.858000000000004,46.136,45.812
cifar10,swin_tiny,grayscale,training_dense_testing_sparse,dense,compact,10,heldout_val,45000,pixelate,equal_mean_of_1_2_3_4_5,5,10000,38.25,0.18278949641596393,3,38.202,38.452000000000005,38.096
cifar10,swin_tiny,grayscale,training_dense_testing_sparse,dense,compact,10,heldout_val,45000,shot_noise,equal_mean_of_1_2_3_4_5,5,10000,58.13666666666666,0.2687179438246204,3,58.114,58.416,57.88
cifar10,swin_tiny,grayscale,training_dense_testing_sparse,dense,compact,10,heldout_val,45000,snow,equal_mean_of_1_2_3_4_5,5,10000,40.56533333333333,0.25707845754425496,3,40.461999999999996,40.376,40.858
cifar10,swin_tiny,grayscale,training_dense_testing_sparse,dense,compact,10,heldout_val,45000,zoom_blur,equal_mean_of_1_2_3_4_5,5,10000,49.044666666666664,0.8290098511678454,3,49.226,49.768,48.14
cifar10,swin_tiny,grayscale,training_dense_testing_sparse,dense,compact,20,heldout_val,45000,brightness,equal_mean_of_1_2_3_4_5,5,10000,18.955333333333332,0.3514674001003973,3,18.552,19.118,19.195999999999998
cifar10,swin_tiny,grayscale,training_dense_testing_sparse,dense,compact,20,heldout_val,45000,clean,clean,1,10000,17.036666666666665,0.34004901607464005,3,16.700000000000003,17.03,17.379999999999995
cifar10,swin_tiny,grayscale,training_dense_testing_sparse,dense,compact,20,heldout_val,45000,contrast,equal_mean_of_1_2_3_4_5,5,10000,40.53866666666667,0.36235525845961425,3,40.956,40.304,40.356
cifar10,swin_tiny,grayscale,training_dense_testing_sparse,dense,compact,20,heldout_val,45000,defocus_blur,equal_mean_of_1_2_3_4_5,5,10000,36.970666666666666,0.5185762560446925,3,37.17,37.36,36.382000000000005
cifar10,swin_tiny,grayscale,training_dense_testing_sparse,dense,compact,20,heldout_val,45000,elastic_transform,equal_mean_of_1_2_3_4_5,5,10000,34.602000000000004,0.14459598887935923,3,34.556000000000004,34.764,34.486000000000004
cifar10,swin_tiny,grayscale,training_dense_testing_sparse,dense,compact,20,heldout_val,45000,fog,equal_mean_of_1_2_3_4_5,5,10000,27.346666666666668,0.28449487400185747,3,27.602,27.398000000000003,27.040000000000003
cifar10,swin_tiny,grayscale,training_dense_testing_sparse,dense,compact,20,heldout_val,45000,frost,equal_mean_of_1_2_3_4_5,5,10000,44.346666666666664,0.16401625935660719,3,44.512,44.184,44.343999999999994
cifar10,swin_tiny,grayscale,training_dense_testing_sparse,dense,compact,20,heldout_val,45000,gaussian_noise,equal_mean_of_1_2_3_4_5,5,10000,68.462,0.31960600745292655,3,68.238,68.828,68.32000000000001
cifar10,swin_tiny,grayscale,training_dense_testing_sparse,dense,compact,20,heldout_val,45000,glass_blur,equal_mean_of_1_2_3_4_5,5,10000,67.58733333333333,1.111297139982526,3,67.87,66.362,68.53
cifar10,swin_tiny,grayscale,training_dense_testing_sparse,dense,compact,20,heldout_val,45000,impulse_noise,equal_mean_of_1_2_3_4_5,5,10000,50.40133333333333,0.6426829181900918,3,51.08,49.802,50.322
cifar10,swin_tiny,grayscale,training_dense_testing_sparse,dense,compact,20,heldout_val,45000,jpeg_compression,equal_mean_of_1_2_3_4_5,5,10000,36.238,0.07701947805588051,3,36.316,36.162,36.236000000000004
cifar10,swin_tiny,grayscale,training_dense_testing_sparse,dense,compact,20,heldout_val,45000,motion_blur,equal_mean_of_1_2_3_4_5,5,10000,46.455333333333336,0.2731836988792201,3,46.198,46.742,46.426
cifar10,swin_tiny,grayscale,training_dense_testing_sparse,dense,compact,20,heldout_val,45000,pixelate,equal_mean_of_1_2_3_4_5,5,10000,38.70333333333333,0.12413433583555424,3,38.62,38.846000000000004,38.644
cifar10,swin_tiny,grayscale,training_dense_testing_sparse,dense,compact,20,heldout_val,45000,shot_noise,equal_mean_of_1_2_3_4_5,5,10000,58.519333333333336,0.24455946788732597,3,58.406,58.8,58.352000000000004
cifar10,swin_tiny,grayscale,training_dense_testing_sparse,dense,compact,20,heldout_val,45000,snow,equal_mean_of_1_2_3_4_5,5,10000,41.432,0.3515736053801538,3,41.36,41.122,41.814
cifar10,swin_tiny,grayscale,training_dense_testing_sparse,dense,compact,20,heldout_val,45000,zoom_blur,equal_mean_of_1_2_3_4_5,5,10000,49.226,0.6965716043595261,3,49.454,49.78,48.443999999999996
cifar10,swin_tiny,grayscale,training_dense_testing_sparse,dense,compact,30,heldout_val,45000,brightness,equal_mean_of_1_2_3_4_5,5,10000,20.249333333333333,0.3812942870452364,3,19.813999999999997,20.41,20.524
cifar10,swin_tiny,grayscale,training_dense_testing_sparse,dense,compact,30,heldout_val,45000,clean,clean,1,10000,18.099999999999998,0.20663978319771753,3,17.869999999999997,18.159999999999997,18.269999999999996
cifar10,swin_tiny,grayscale,training_dense_testing_sparse,dense,compact,30,heldout_val,45000,contrast,equal_mean_of_1_2_3_4_5,5,10000,42.146,0.32925977586094357,3,42.518,41.892,42.028000000000006
cifar10,swin_tiny,grayscale,training_dense_testing_sparse,dense,compact,30,heldout_val,45000,defocus_blur,equal_mean_of_1_2_3_4_5,5,10000,37.98466666666667,0.2920570720481417,3,37.956,38.29,37.708
cifar10,swin_tiny,grayscale,training_dense_testing_sparse,dense,compact,30,heldout_val,45000,elastic_transform,equal_mean_of_1_2_3_4_5,5,10000,35.946,0.17920937475478343,3,35.892,36.146,35.8
cifar10,swin_tiny,grayscale,training_dense_testing_sparse,dense,compact,30,heldout_val,45000,fog,equal_mean_of_1_2_3_4_5,5,10000,28.817999999999998,0.1139122469271852,3,28.918,28.842,28.694
cifar10,swin_tiny,grayscale,training_dense_testing_sparse,dense,compact,30,heldout_val,45000,frost,equal_mean_of_1_2_3_4_5,5,10000,45.678666666666665,0.23936861392699818,3,45.742000000000004,45.414,45.879999999999995
cifar10,swin_tiny,grayscale,training_dense_testing_sparse,dense,compact,30,heldout_val,45000,gaussian_noise,equal_mean_of_1_2_3_4_5,5,10000,69.21266666666666,0.28518298219447513,3,68.95,69.516,69.172
cifar10,swin_tiny,grayscale,training_dense_testing_sparse,dense,compact,30,heldout_val,45000,glass_blur,equal_mean_of_1_2_3_4_5,5,10000,68.62400000000001,1.2512697550888099,3,68.924,67.25,69.69800000000001
cifar10,swin_tiny,grayscale,training_dense_testing_sparse,dense,compact,30,heldout_val,45000,impulse_noise,equal_mean_of_1_2_3_4_5,5,10000,53.38333333333333,0.6550735327681426,3,54.044000000000004,52.734,53.372
cifar10,swin_tiny,grayscale,training_dense_testing_sparse,dense,compact,30,heldout_val,45000,jpeg_compression,equal_mean_of_1_2_3_4_5,5,10000,36.67666666666667,0.08424567249024158,3,36.602000000000004,36.660000000000004,36.768
cifar10,swin_tiny,grayscale,training_dense_testing_sparse,dense,compact,30,heldout_val,45000,motion_blur,equal_mean_of_1_2_3_4_5,5,10000,47.75066666666667,0.29418588228079917,3,47.438,47.792,48.022
cifar10,swin_tiny,grayscale,training_dense_testing_sparse,dense,compact,30,heldout_val,45000,pixelate,equal_mean_of_1_2_3_4_5,5,10000,39.96933333333333,0.10371756521117054,3,39.896,40.088,39.924
cifar10,swin_tiny,grayscale,training_dense_testing_sparse,dense,compact,30,heldout_val,45000,shot_noise,equal_mean_of_1_2_3_4_5,5,10000,59.628,0.24870062324007064,3,59.44,59.91,59.534
cifar10,swin_tiny,grayscale,training_dense_testing_sparse,dense,compact,30,heldout_val,45000,snow,equal_mean_of_1_2_3_4_5,5,10000,43.376,0.5114958455354248,3,43.35,42.878,43.9
cifar10,swin_tiny,grayscale,training_dense_testing_sparse,dense,compact,30,heldout_val,45000,zoom_blur,equal_mean_of_1_2_3_4_5,5,10000,49.833333333333336,0.349927611561782,3,50.056,50.014,49.43
cifar10,swin_tiny,grayscale,training_dense_testing_sparse,dense,compact,40,heldout_val,45000,brightness,equal_mean_of_1_2_3_4_5,5,10000,22.746,0.3400705809093171,3,22.354,22.922,22.962
cifar10,swin_tiny,grayscale,training_dense_testing_sparse,dense,compact,40,heldout_val,45000,clean,clean,1,10000,20.62,0.3395585369269905,3,20.230000000000004,20.779999999999998,20.85
cifar10,swin_tiny,grayscale,training_dense_testing_sparse,dense,compact,40,heldout_val,45000,contrast,equal_mean_of_1_2_3_4_5,5,10000,45.26733333333333,0.38105292720740713,3,45.652,44.89,45.26
cifar10,swin_tiny,grayscale,training_dense_testing_sparse,dense,compact,40,heldout_val,45000,defocus_blur,equal_mean_of_1_2_3_4_5,5,10000,39.86933333333334,0.18601433636505899,3,39.682,40.054,39.872
cifar10,swin_tiny,grayscale,training_dense_testing_sparse,dense,compact,40,heldout_val,45000,elastic_transform,equal_mean_of_1_2_3_4_5,5,10000,38.60666666666667,0.2344383358867188,3,38.336,38.746,38.738
cifar10,swin_tiny,grayscale,training_dense_testing_sparse,dense,compact,40,heldout_val,45000,fog,equal_mean_of_1_2_3_4_5,5,10000,32.03666666666666,0.0960277737601647,3,32.086,31.926,32.098
cifar10,swin_tiny,grayscale,training_dense_testing_sparse,dense,compact,40,heldout_val,45000,frost,equal_mean_of_1_2_3_4_5,5,10000,48.470666666666666,0.4679586876352795,3,48.410000000000004,48.036,48.966
cifar10,swin_tiny,grayscale,training_dense_testing_sparse,dense,compact,40,heldout_val,45000,gaussian_noise,equal_mean_of_1_2_3_4_5,5,10000,70.63133333333333,0.3427496656939791,3,70.238,70.79,70.866
cifar10,swin_tiny,grayscale,training_dense_testing_sparse,dense,compact,40,heldout_val,45000,glass_blur,equal_mean_of_1_2_3_4_5,5,10000,70.744,1.3228439061355608,3,70.93,69.33800000000001,71.964
cifar10,swin_tiny,grayscale,training_dense_testing_sparse,dense,compact,40,heldout_val,45000,impulse_noise,equal_mean_of_1_2_3_4_5,5,10000,57.77533333333333,0.608395704565152,3,58.269999999999996,57.096000000000004,57.959999999999994
cifar10,swin_tiny,grayscale,training_dense_testing_sparse,dense,compact,40,heldout_val,45000,jpeg_compression,equal_mean_of_1_2_3_4_5,5,10000,37.93333333333333,0.18479538233769194,3,37.876,37.784,38.14
cifar10,swin_tiny,grayscale,training_dense_testing_sparse,dense,compact,40,heldout_val,45000,motion_blur,equal_mean_of_1_2_3_4_5,5,10000,49.78333333333333,0.43189041820041885,3,49.286,50.0,50.064
cifar10,swin_tiny,grayscale,training_dense_testing_sparse,dense,compact,40,heldout_val,45000,pixelate,equal_mean_of_1_2_3_4_5,5,10000,42.318,0.061024585209569375,3,42.32,42.256,42.378
cifar10,swin_tiny,grayscale,training_dense_testing_sparse,dense,compact,40,heldout_val,45000,shot_noise,equal_mean_of_1_2_3_4_5,5,10000,61.867333333333335,0.3288910660588581,3,61.52,62.174,61.908
cifar10,swin_tiny,grayscale,training_dense_testing_sparse,dense,compact,40,heldout_val,45000,snow,equal_mean_of_1_2_3_4_5,5,10000,46.55,0.7451067037679886,3,46.402,45.89,47.358
cifar10,swin_tiny,grayscale,training_dense_testing_sparse,dense,compact,40,heldout_val,45000,zoom_blur,equal_mean_of_1_2_3_4_5,5,10000,51.00333333333333,0.2557368439105606,3,50.936,50.788,51.286
cifar10,swin_tiny,grayscale,training_dense_testing_sparse,dense,compact,50,heldout_val,45000,brightness,equal_mean_of_1_2_3_4_5,5,10000,27.500666666666667,0.42415720356176,3,27.054000000000002,27.55,27.898
cifar10,swin_tiny,grayscale,training_dense_testing_sparse,dense,compact,50,heldout_val,45000,clean,clean,1,10000,24.876666666666665,0.34961884007205923,3,24.48,25.009999999999998,25.139999999999997
cifar10,swin_tiny,grayscale,training_dense_testing_sparse,dense,compact,50,heldout_val,45000,contrast,equal_mean_of_1_2_3_4_5,5,10000,50.21,0.3051229260478445,3,50.46,49.870000000000005,50.3
cifar10,swin_tiny,grayscale,training_dense_testing_sparse,dense,compact,50,heldout_val,45000,defocus_blur,equal_mean_of_1_2_3_4_5,5,10000,42.79866666666667,0.3660455345081155,3,42.376000000000005,43.008,43.012
cifar10,swin_tiny,grayscale,training_dense_testing_sparse,dense,compact,50,heldout_val,45000,elastic_transform,equal_mean_of_1_2_3_4_5,5,10000,43.176,0.34244415603131917,3,42.8,43.257999999999996,43.470000000000006
cifar10,swin_tiny,grayscale,training_dense_testing_sparse,dense,compact,50,heldout_val,45000,fog,equal_mean_of_1_2_3_4_5,5,10000,37.553999999999995,0.17056377106525464,3,37.732,37.391999999999996,37.538
cifar10,swin_tiny,grayscale,training_dense_testing_sparse,dense,compact,50,heldout_val,45000,frost,equal_mean_of_1_2_3_4_5,5,10000,53.25933333333333,0.975787545182521,3,53.028,52.42,54.33
cifar10,swin_tiny,grayscale,training_dense_testing_sparse,dense,compact,50,heldout_val,45000,gaussian_noise,equal_mean_of_1_2_3_4_5,5,10000,72.92333333333333,0.417977670854955,3,72.552,72.842,73.376
cifar10,swin_tiny,grayscale,training_dense_testing_sparse,dense,compact,50,heldout_val,45000,glass_blur,equal_mean_of_1_2_3_4_5,5,10000,73.884,1.2947833795658679,3,73.93599999999999,72.564,75.152
cifar10,swin_tiny,grayscale,training_dense_testing_sparse,dense,compact,50,heldout_val,45000,impulse_noise,equal_mean_of_1_2_3_4_5,5,10000,63.769333333333336,0.8321065636884097,3,64.382,62.822,64.104
cifar10,swin_tiny,grayscale,training_dense_testing_sparse,dense,compact,50,heldout_val,45000,jpeg_compression,equal_mean_of_1_2_3_4_5,5,10000,40.681333333333335,0.14731372418526673,3,40.512,40.779999999999994,40.752
cifar10,swin_tiny,grayscale,training_dense_testing_sparse,dense,compact,50,heldout_val,45000,motion_blur,equal_mean_of_1_2_3_4_5,5,10000,53.251333333333335,0.4186183623938804,3,52.774,53.556000000000004,53.424
cifar10,swin_tiny,grayscale,training_dense_testing_sparse,dense,compact,50,heldout_val,45000,pixelate,equal_mean_of_1_2_3_4_5,5,10000,45.93066666666667,0.31540661586805024,3,45.87,45.65,46.272000000000006
cifar10,swin_tiny,grayscale,training_dense_testing_sparse,dense,compact,50,heldout_val,45000,shot_noise,equal_mean_of_1_2_3_4_5,5,10000,65.15733333333333,0.2605404639078781,3,64.866,65.238,65.368
cifar10,swin_tiny,grayscale,training_dense_testing_sparse,dense,compact,50,heldout_val,45000,snow,equal_mean_of_1_2_3_4_5,5,10000,51.674,1.1765865883988293,3,51.568,50.554,52.9
cifar10,swin_tiny,grayscale,training_dense_testing_sparse,dense,compact,50,heldout_val,45000,zoom_blur,equal_mean_of_1_2_3_4_5,5,10000,53.34733333333333,0.5271445089663129,3,52.972,53.12,53.95
cifar10,swin_tiny,grayscale,training_dense_testing_sparse,dense,compact,60,heldout_val,45000,brightness,equal_mean_of_1_2_3_4_5,5,10000,36.168,0.6354179726762587,3,36.092,35.574,36.83800000000001
cifar10,swin_tiny,grayscale,training_dense_testing_sparse,dense,compact,60,heldout_val,45000,clean,clean,1,10000,32.443333333333335,0.32005207909546635,3,32.220000000000006,32.3,32.809999999999995
cifar10,swin_tiny,grayscale,training_dense_testing_sparse,dense,compact,60,heldout_val,45000,contrast,equal_mean_of_1_2_3_4_5,5,10000,57.19133333333333,0.2923445455850559,3,57.234,56.88,57.46
cifar10,swin_tiny,grayscale,training_dense_testing_sparse,dense,compact,60,heldout_val,45000,defocus_blur,equal_mean_of_1_2_3_4_5,5,10000,48.35066666666666,0.42610014472343466,3,47.93,48.782,48.339999999999996
cifar10,swin_tiny,grayscale,training_dense_testing_sparse,dense,compact,60,heldout_val,45000,elastic_transform,equal_mean_of_1_2_3_4_5,5,10000,50.315333333333335,0.24492720006837262,3,50.038000000000004,50.406,50.502
cifar10,swin_tiny,grayscale,training_dense_testing_sparse,dense,compact,60,heldout_val,45000,fog,equal_mean_of_1_2_3_4_5,5,10000,46.146,0.48700308007239757,3,46.41,45.583999999999996,46.444
cifar10,swin_tiny,grayscale,training_dense_testing_sparse,dense,compact,60,heldout_val,45000,frost,equal_mean_of_1_2_3_4_5,5,10000,60.04,1.2851350123625203,3,59.854,58.858,61.40800000000001
cifar10,swin_tiny,grayscale,training_dense_testing_sparse,dense,compact,60,heldout_val,45000,gaussian_noise,equal_mean_of_1_2_3_4_5,5,10000,75.63066666666666,0.49829442434501825,3,75.386,75.30199999999999,76.204
cifar10,swin_tiny,grayscale,training_dense_testing_sparse,dense,compact,60,heldout_val,45000,glass_blur,equal_mean_of_1_2_3_4_5,5,10000,77.17066666666666,1.0756808696510896,3,77.068,76.15,78.294
cifar10,swin_tiny,grayscale,training_dense_testing_sparse,dense,compact,60,heldout_val,45000,impulse_noise,equal_mean_of_1_2_3_4_5,5,10000,71.05133333333333,0.9525929525948243,3,71.758,69.968,71.428
cifar10,swin_tiny,grayscale,training_dense_testing_sparse,dense,compact,60,heldout_val,45000,jpeg_compression,equal_mean_of_1_2_3_4_5,5,10000,45.74333333333333,0.26439616739531746,3,45.448,45.824,45.958
cifar10,swin_tiny,grayscale,training_dense_testing_sparse,dense,compact,60,heldout_val,45000,motion_blur,equal_mean_of_1_2_3_4_5,5,10000,58.763333333333335,0.34148108781209935,3,58.37,58.936,58.984
cifar10,swin_tiny,grayscale,training_dense_testing_sparse,dense,compact,60,heldout_val,45000,pixelate,equal_mean_of_1_2_3_4_5,5,10000,51.308,0.5334716487312166,3,51.22,50.824,51.88
cifar10,swin_tiny,grayscale,training_dense_testing_sparse,dense,compact,60,heldout_val,45000,shot_noise,equal_mean_of_1_2_3_4_5,5,10000,69.00333333333333,0.4560716318006777,3,68.888,68.616,69.506
cifar10,swin_tiny,grayscale,training_dense_testing_sparse,dense,compact,60,heldout_val,45000,snow,equal_mean_of_1_2_3_4_5,5,10000,58.556666666666665,1.365102682340544,3,58.576,57.181999999999995,59.912000000000006
cifar10,swin_tiny,grayscale,training_dense_testing_sparse,dense,compact,60,heldout_val,45000,zoom_blur,equal_mean_of_1_2_3_4_5,5,10000,58.21733333333333,0.6920154140865129,3,57.796,57.839999999999996,59.01599999999999
cifar10,swin_tiny,grayscale,training_dense_testing_sparse,dense,compact,70,heldout_val,45000,brightness,equal_mean_of_1_2_3_4_5,5,10000,50.83733333333333,0.4817731139585687,3,50.50599999999999,50.616,51.39
cifar10,swin_tiny,grayscale,training_dense_testing_sparse,dense,compact,70,heldout_val,45000,clean,clean,1,10000,46.3,0.46184412955021836,3,45.79,46.419999999999995,46.69
cifar10,swin_tiny,grayscale,training_dense_testing_sparse,dense,compact,70,heldout_val,45000,contrast,equal_mean_of_1_2_3_4_5,5,10000,66.914,0.10956276739841952,3,66.824,66.882,67.036
cifar10,swin_tiny,grayscale,training_dense_testing_sparse,dense,compact,70,heldout_val,45000,defocus_blur,equal_mean_of_1_2_3_4_5,5,10000,58.217999999999996,0.552709688715514,3,57.946,58.854,57.854
cifar10,swin_tiny,grayscale,training_dense_testing_sparse,dense,compact,70,heldout_val,45000,elastic_transform,equal_mean_of_1_2_3_4_5,5,10000,60.794666666666664,0.42752465815825436,3,60.466,61.278,60.64
cifar10,swin_tiny,grayscale,training_dense_testing_sparse,dense,compact,70,heldout_val,45000,fog,equal_mean_of_1_2_3_4_5,5,10000,58.75866666666667,0.17454321336944936,3,58.618,58.954,58.704
cifar10,swin_tiny,grayscale,training_dense_testing_sparse,dense,compact,70,heldout_val,45000,frost,equal_mean_of_1_2_3_4_5,5,10000,68.082,1.1578652771371991,3,68.176,66.88,69.19
cifar10,swin_tiny,grayscale,training_dense_testing_sparse,dense,compact,70,heldout_val,45000,gaussian_noise,equal_mean_of_1_2_3_4_5,5,10000,77.81066666666666,0.7000466651112175,3,77.886,77.076,78.47
cifar10,swin_tiny,grayscale,training_dense_testing_sparse,dense,compact,70,heldout_val,45000,glass_blur,equal_mean_of_1_2_3_4_5,5,10000,80.17333333333333,0.7163276717629498,3,80.472,79.35600000000001,80.69200000000001
cifar10,swin_tiny,grayscale,training_dense_testing_sparse,dense,compact,70,heldout_val,45000,impulse_noise,equal_mean_of_1_2_3_4_5,5,10000,78.47866666666667,0.6964261147697826,3,79.058,77.706,78.672
cifar10,swin_tiny,grayscale,training_dense_testing_sparse,dense,compact,70,heldout_val,45000,jpeg_compression,equal_mean_of_1_2_3_4_5,5,10000,55.108666666666664,0.29687932452990756,3,54.769999999999996,55.232,55.324
cifar10,swin_tiny,grayscale,training_dense_testing_sparse,dense,compact,70,heldout_val,45000,motion_blur,equal_mean_of_1_2_3_4_5,5,10000,67.07199999999999,0.21079848196796888,3,67.026,67.30199999999999,66.88799999999999
cifar10,swin_tiny,grayscale,training_dense_testing_sparse,dense,compact,70,heldout_val,45000,pixelate,equal_mean_of_1_2_3_4_5,5,10000,60.086,0.6203482892698289,3,59.797999999999995,59.662,60.798
cifar10,swin_tiny,grayscale,training_dense_testing_sparse,dense,compact,70,heldout_val,45000,shot_noise,equal_mean_of_1_2_3_4_5,5,10000,72.98933333333333,0.5939438806262171,3,73.186,72.322,73.46
cifar10,swin_tiny,grayscale,training_dense_testing_sparse,dense,compact,70,heldout_val,45000,snow,equal_mean_of_1_2_3_4_5,5,10000,66.76533333333333,1.430315116795359,3,67.098,65.19800000000001,68.0
cifar10,swin_tiny,grayscale,training_dense_testing_sparse,dense,compact,70,heldout_val,45000,zoom_blur,equal_mean_of_1_2_3_4_5,5,10000,66.64,0.19791917542269233,3,66.432,66.826,66.662
cifar10,swin_tiny,grayscale,training_dense_testing_sparse,dense,compact,80,heldout_val,45000,brightness,equal_mean_of_1_2_3_4_5,5,10000,71.192,0.8968901827983208,3,70.246,72.03,71.3
cifar10,swin_tiny,grayscale,training_dense_testing_sparse,dense,compact,80,heldout_val,45000,clean,clean,1,10000,66.72,0.7308214556237327,3,65.88000000000001,67.07000000000001,67.21
cifar10,swin_tiny,grayscale,training_dense_testing_sparse,dense,compact,80,heldout_val,45000,contrast,equal_mean_of_1_2_3_4_5,5,10000,80.266,0.4754450546593215,3,79.722,80.474,80.602
cifar10,swin_tiny,grayscale,training_dense_testing_sparse,dense,compact,80,heldout_val,45000,defocus_blur,equal_mean_of_1_2_3_4_5,5,10000,73.36,0.5390769889357219,3,73.002,73.98,73.098
cifar10,swin_tiny,grayscale,training_dense_testing_sparse,dense,compact,80,heldout_val,45000,elastic_transform,equal_mean_of_1_2_3_4_5,5,10000,74.71266666666666,0.6500656377115628,3,74.068,75.36800000000001,74.702
cifar10,swin_tiny,grayscale,training_dense_testing_sparse,dense,compact,80,heldout_val,45000,fog,equal_mean_of_1_2_3_4_5,5,10000,75.788,0.7865138269604645,3,74.938,76.49,75.936
cifar10,swin_tiny,grayscale,training_dense_testing_sparse,dense,compact,80,heldout_val,45000,frost,equal_mean_of_1_2_3_4_5,5,10000,77.784,0.3857460304397247,3,77.344,78.06400000000001,77.944
cifar10,swin_tiny,grayscale,training_dense_testing_sparse,dense,compact,80,heldout_val,45000,gaussian_noise,equal_mean_of_1_2_3_4_5,5,10000,78.75933333333333,0.7202953098093433,3,79.424,77.994,78.86
cifar10,swin_tiny,grayscale,training_dense_testing_sparse,dense,compact,80,heldout_val,45000,glass_blur,equal_mean_of_1_2_3_4_5,5,10000,83.11866666666667,0.05745723047043568,3,83.07600000000001,83.184,83.096
cifar10,swin_tiny,grayscale,training_dense_testing_sparse,dense,compact,80,heldout_val,45000,impulse_noise,equal_mean_of_1_2_3_4_5,5,10000,83.86266666666667,0.6929367455499282,3,84.66199999999999,83.494,83.432
cifar10,swin_tiny,grayscale,training_dense_testing_sparse,dense,compact,80,heldout_val,45000,jpeg_compression,equal_mean_of_1_2_3_4_5,5,10000,69.39733333333334,0.5706709501396846,3,68.786,69.916,69.49
cifar10,swin_tiny,grayscale,training_dense_testing_sparse,dense,compact,80,heldout_val,45000,motion_blur,equal_mean_of_1_2_3_4_5,5,10000,77.844,0.13400000000000076,3,77.69,77.908,77.934
cifar10,swin_tiny,grayscale,training_dense_testing_sparse,dense,compact,80,heldout_val,45000,pixelate,equal_mean_of_1_2_3_4_5,5,10000,72.568,0.6365186564429931,3,71.86200000000001,72.744,73.098
cifar10,swin_tiny,grayscale,training_dense_testing_sparse,dense,compact,80,heldout_val,45000,shot_noise,equal_mean_of_1_2_3_4_5,5,10000,77.07733333333333,0.7069549726349843,3,77.752,76.342,77.138
cifar10,swin_tiny,grayscale,training_dense_testing_sparse,dense,compact,80,heldout_val,45000,snow,equal_mean_of_1_2_3_4_5,5,10000,76.29066666666667,0.18510897691180445,3,76.498,76.142,76.232
cifar10,swin_tiny,grayscale,training_dense_testing_sparse,dense,compact,80,heldout_val,45000,zoom_blur,equal_mean_of_1_2_3_4_5,5,10000,77.74933333333334,0.36657514009181474,3,77.486,78.168,77.59400000000001
cifar10,swin_tiny,grayscale,training_dense_testing_sparse,dense,compact,90,heldout_val,45000,brightness,equal_mean_of_1_2_3_4_5,5,10000,84.83466666666666,0.6460257992784257,3,84.108,85.344,85.052
cifar10,swin_tiny,grayscale,training_dense_testing_sparse,dense,compact,90,heldout_val,45000,clean,clean,1,10000,82.55,0.875042856093353,3,81.67999999999999,83.43,82.54
cifar10,swin_tiny,grayscale,training_dense_testing_sparse,dense,compact,90,heldout_val,45000,contrast,equal_mean_of_1_2_3_4_5,5,10000,87.78999999999999,0.38508180948988197,3,87.862,88.134,87.374
cifar10,swin_tiny,grayscale,training_dense_testing_sparse,dense,compact,90,heldout_val,45000,defocus_blur,equal_mean_of_1_2_3_4_5,5,10000,85.51533333333333,0.7008176177389766,3,84.964,86.304,85.278
cifar10,swin_tiny,grayscale,training_dense_testing_sparse,dense,compact,90,heldout_val,45000,elastic_transform,equal_mean_of_1_2_3_4_5,5,10000,85.354,0.56625435980662,3,84.752,85.876,85.434
cifar10,swin_tiny,grayscale,training_dense_testing_sparse,dense,compact,90,heldout_val,45000,fog,equal_mean_of_1_2_3_4_5,5,10000,86.70866666666667,0.25936332303032217,3,86.678,86.982,86.46600000000001
cifar10,swin_tiny,grayscale,training_dense_testing_sparse,dense,compact,90,heldout_val,45000,frost,equal_mean_of_1_2_3_4_5,5,10000,86.71733333333333,0.6352490325323804,3,86.296,87.448,86.408
cifar10,swin_tiny,grayscale,training_dense_testing_sparse,dense,compact,90,heldout_val,45000,gaussian_noise,equal_mean_of_1_2_3_4_5,5,10000,84.56533333333333,0.12384398787721972,3,84.58200000000001,84.67999999999999,84.434
cifar10,swin_tiny,grayscale,training_dense_testing_sparse,dense,compact,90,heldout_val,45000,glass_blur,equal_mean_of_1_2_3_4_5,5,10000,85.48,0.5300226410258334,3,84.87,85.742,85.828
cifar10,swin_tiny,grayscale,training_dense_testing_sparse,dense,compact,90,heldout_val,45000,impulse_noise,equal_mean_of_1_2_3_4_5,5,10000,87.03,0.32741411087489797,3,87.39,86.75,86.95
cifar10,swin_tiny,grayscale,training_dense_testing_sparse,dense,compact,90,heldout_val,45000,jpeg_compression,equal_mean_of_1_2_3_4_5,5,10000,83.31933333333333,0.6012331771728275,3,82.628,83.72,83.61
cifar10,swin_tiny,grayscale,training_dense_testing_sparse,dense,compact,90,heldout_val,45000,motion_blur,equal_mean_of_1_2_3_4_5,5,10000,86.11466666666666,0.6067432186133866,3,85.646,86.8,85.898
cifar10,swin_tiny,grayscale,training_dense_testing_sparse,dense,compact,90,heldout_val,45000,pixelate,equal_mean_of_1_2_3_4_5,5,10000,83.49066666666667,0.6726138069749522,3,82.714,83.88000000000001,83.878
cifar10,swin_tiny,grayscale,training_dense_testing_sparse,dense,compact,90,heldout_val,45000,shot_noise,equal_mean_of_1_2_3_4_5,5,10000,84.26,0.12317467272130751,3,84.33800000000001,84.324,84.118
cifar10,swin_tiny,grayscale,training_dense_testing_sparse,dense,compact,90,heldout_val,45000,snow,equal_mean_of_1_2_3_4_5,5,10000,85.20066666666666,0.3753256363923677,3,84.978,85.634,84.99
cifar10,swin_tiny,grayscale,training_dense_testing_sparse,dense,compact,90,heldout_val,45000,zoom_blur,equal_mean_of_1_2_3_4_5,5,10000,86.67733333333334,0.5087016152257935,3,86.336,87.262,86.43400000000001
cifar10,swin_tiny,grayscale,training_sparse_testing_sparse,compact,compact,0,heldout_val,45000,brightness,equal_mean_of_1_2_3_4_5,5,10000,18.531333333333333,0.13292604460124963,3,18.378,18.602,18.614
cifar10,swin_tiny,grayscale,training_sparse_testing_sparse,compact,compact,0,heldout_val,45000,clean,clean,1,10000,16.749999999999996,0.16522711641858492,3,16.559999999999995,16.859999999999996,16.830000000000002
cifar10,swin_tiny,grayscale,training_sparse_testing_sparse,compact,compact,0,heldout_val,45000,contrast,equal_mean_of_1_2_3_4_5,5,10000,40.05533333333333,0.48045950228227396,3,39.536,40.483999999999995,40.146
cifar10,swin_tiny,grayscale,training_sparse_testing_sparse,compact,compact,0,heldout_val,45000,defocus_blur,equal_mean_of_1_2_3_4_5,5,10000,37.13666666666666,0.6465549731719135,3,36.4,37.61,37.4
cifar10,swin_tiny,grayscale,training_sparse_testing_sparse,compact,compact,0,heldout_val,45000,elastic_transform,equal_mean_of_1_2_3_4_5,5,10000,33.89266666666666,0.14615516868497289,3,33.79,33.827999999999996,34.059999999999995
cifar10,swin_tiny,grayscale,training_sparse_testing_sparse,compact,compact,0,heldout_val,45000,fog,equal_mean_of_1_2_3_4_5,5,10000,26.840666666666667,0.24835726953993778,3,26.56,26.930000000000003,27.031999999999996
cifar10,swin_tiny,grayscale,training_sparse_testing_sparse,compact,compact,0,heldout_val,45000,frost,equal_mean_of_1_2_3_4_5,5,10000,43.848,0.4407584372419906,3,43.93,44.242000000000004,43.372
cifar10,swin_tiny,grayscale,training_sparse_testing_sparse,compact,compact,0,heldout_val,45000,gaussian_noise,equal_mean_of_1_2_3_4_5,5,10000,68.50266666666667,0.5022841161467614,3,68.262,69.08,68.166
cifar10,swin_tiny,grayscale,training_sparse_testing_sparse,compact,compact,0,heldout_val,45000,glass_blur,equal_mean_of_1_2_3_4_5,5,10000,67.24199999999999,1.2860933092120514,3,67.672,68.258,65.79599999999999
cifar10,swin_tiny,grayscale,training_sparse_testing_sparse,compact,compact,0,heldout_val,45000,impulse_noise,equal_mean_of_1_2_3_4_5,5,10000,48.712666666666664,0.47950530063111224,3,48.162,49.038,48.938
cifar10,swin_tiny,grayscale,training_sparse_testing_sparse,compact,compact,0,heldout_val,45000,jpeg_compression,equal_mean_of_1_2_3_4_5,5,10000,36.04333333333334,0.23000289853246095,3,36.042,35.814,36.274
cifar10,swin_tiny,grayscale,training_sparse_testing_sparse,compact,compact,0,heldout_val,45000,motion_blur,equal_mean_of_1_2_3_4_5,5,10000,46.05533333333333,0.30302695149661446,3,46.006,46.379999999999995,45.78
cifar10,swin_tiny,grayscale,training_sparse_testing_sparse,compact,compact,0,heldout_val,45000,pixelate,equal_mean_of_1_2_3_4_5,5,10000,37.809999999999995,0.21020941938933135,3,38.032,37.614,37.784
cifar10,swin_tiny,grayscale,training_sparse_testing_sparse,compact,compact,0,heldout_val,45000,shot_noise,equal_mean_of_1_2_3_4_5,5,10000,58.52666666666667,0.42031099597004923,3,58.116,58.956,58.508
cifar10,swin_tiny,grayscale,training_sparse_testing_sparse,compact,compact,0,heldout_val,45000,snow,equal_mean_of_1_2_3_4_5,5,10000,40.41066666666667,0.15341881675118307,3,40.364000000000004,40.286,40.582
cifar10,swin_tiny,grayscale,training_sparse_testing_sparse,compact,compact,0,heldout_val,45000,zoom_blur,equal_mean_of_1_2_3_4_5,5,10000,49.214,0.3746091296271327,3,48.788000000000004,49.492,49.362
cifar10,swin_tiny,grayscale,training_sparse_testing_sparse,compact,compact,20,heldout_val,45000,brightness,equal_mean_of_1_2_3_4_5,5,10000,18.658666666666665,0.03920884254008665,3,18.7,18.622,18.654
cifar10,swin_tiny,grayscale,training_sparse_testing_sparse,compact,compact,20,heldout_val,45000,clean,clean,1,10000,16.826666666666668,0.1258305739211772,3,16.959999999999997,16.71,16.810000000000002
cifar10,swin_tiny,grayscale,training_sparse_testing_sparse,compact,compact,20,heldout_val,45000,contrast,equal_mean_of_1_2_3_4_5,5,10000,40.292,1.0207134759568945,3,39.156,40.588,41.132000000000005
cifar10,swin_tiny,grayscale,training_sparse_testing_sparse,compact,compact,20,heldout_val,45000,defocus_blur,equal_mean_of_1_2_3_4_5,5,10000,37.0,0.38977429366236893,3,36.698,37.44,36.862
cifar10,swin_tiny,grayscale,training_sparse_testing_sparse,compact,compact,20,heldout_val,45000,elastic_transform,equal_mean_of_1_2_3_4_5,5,10000,34.093333333333334,0.2504422754515166,3,33.934,33.964,34.382
cifar10,swin_tiny,grayscale,training_sparse_testing_sparse,compact,compact,20,heldout_val,45000,fog,equal_mean_of_1_2_3_4_5,5,10000,27.112000000000002,0.46895202313242973,3,26.692,27.026000000000003,27.618
cifar10,swin_tiny,grayscale,training_sparse_testing_sparse,compact,compact,20,heldout_val,45000,frost,equal_mean_of_1_2_3_4_5,5,10000,43.446000000000005,0.1344470155860653,3,43.352000000000004,43.6,43.386
cifar10,swin_tiny,grayscale,training_sparse_testing_sparse,compact,compact,20,heldout_val,45000,gaussian_noise,equal_mean_of_1_2_3_4_5,5,10000,68.526,0.5248199691322712,3,68.616,69.0,67.962
cifar10,swin_tiny,grayscale,training_sparse_testing_sparse,compact,compact,20,heldout_val,45000,glass_blur,equal_mean_of_1_2_3_4_5,5,10000,67.73400000000001,0.15423358907838644,3,67.912,67.64,67.65
cifar10,swin_tiny,grayscale,training_sparse_testing_sparse,compact,compact,20,heldout_val,45000,impulse_noise,equal_mean_of_1_2_3_4_5,5,10000,50.08266666666667,0.27940174182229616,3,50.39,49.844,50.014
cifar10,swin_tiny,grayscale,training_sparse_testing_sparse,compact,compact,20,heldout_val,45000,jpeg_compression,equal_mean_of_1_2_3_4_5,5,10000,35.544666666666664,0.160702623915518,3,35.73,35.444,35.46
cifar10,swin_tiny,grayscale,training_sparse_testing_sparse,compact,compact,20,heldout_val,45000,motion_blur,equal_mean_of_1_2_3_4_5,5,10000,46.349333333333334,0.20908690378245545,3,46.108,46.464,46.476
cifar10,swin_tiny,grayscale,training_sparse_testing_sparse,compact,compact,20,heldout_val,45000,pixelate,equal_mean_of_1_2_3_4_5,5,10000,38.108666666666664,0.2985721576660028,3,38.395999999999994,37.8,38.13
cifar10,swin_tiny,grayscale,training_sparse_testing_sparse,compact,compact,20,heldout_val,45000,shot_noise,equal_mean_of_1_2_3_4_5,5,10000,58.284,0.15403895611175752,3,58.288,58.436,58.128
cifar10,swin_tiny,grayscale,training_sparse_testing_sparse,compact,compact,20,heldout_val,45000,snow,equal_mean_of_1_2_3_4_5,5,10000,40.752,0.3186785213973493,3,40.728,40.446,41.082
cifar10,swin_tiny,grayscale,training_sparse_testing_sparse,compact,compact,20,heldout_val,45000,zoom_blur,equal_mean_of_1_2_3_4_5,5,10000,48.845333333333336,0.6105778683618726,3,48.220000000000006,49.44,48.876
cifar10,swin_tiny,grayscale,training_sparse_testing_sparse,compact,compact,40,heldout_val,45000,brightness,equal_mean_of_1_2_3_4_5,5,10000,19.476666666666667,0.35205870722556093,3,19.407999999999998,19.164,19.858
cifar10,swin_tiny,grayscale,training_sparse_testing_sparse,compact,compact,40,heldout_val,45000,clean,clean,1,10000,17.736666666666668,0.5472050194701558,3,17.679999999999996,17.220000000000002,18.310000000000002
cifar10,swin_tiny,grayscale,training_sparse_testing_sparse,compact,compact,40,heldout_val,45000,contrast,equal_mean_of_1_2_3_4_5,5,10000,42.349333333333334,0.29000229884146234,3,42.64,42.348,42.06
cifar10,swin_tiny,grayscale,training_sparse_testing_sparse,compact,compact,40,heldout_val,45000,defocus_blur,equal_mean_of_1_2_3_4_5,5,10000,37.65933333333333,0.06503332479070537,3,37.71,37.586,37.681999999999995
cifar10,swin_tiny,grayscale,training_sparse_testing_sparse,compact,compact,40,heldout_val,45000,elastic_transform,equal_mean_of_1_2_3_4_5,5,10000,34.504000000000005,0.3064375956047161,3,34.776,34.172000000000004,34.564
cifar10,swin_tiny,grayscale,training_sparse_testing_sparse,compact,compact,40,heldout_val,45000,fog,equal_mean_of_1_2_3_4_5,5,10000,27.935333333333332,0.37704287996636876,3,28.148,27.5,28.158
cifar10,swin_tiny,grayscale,training_sparse_testing_sparse,compact,compact,40,heldout_val,45000,frost,equal_mean_of_1_2_3_4_5,5,10000,42.14266666666666,0.48986664852114237,3,42.192,41.629999999999995,42.606
cifar10,swin_tiny,grayscale,training_sparse_testing_sparse,compact,compact,40,heldout_val,45000,gaussian_noise,equal_mean_of_1_2_3_4_5,5,10000,66.50133333333332,1.2714752586398739,3,67.192,65.03399999999999,67.27799999999999
cifar10,swin_tiny,grayscale,training_sparse_testing_sparse,compact,compact,40,heldout_val,45000,glass_blur,equal_mean_of_1_2_3_4_5,5,10000,66.81400000000001,0.6415824187117332,3,67.312,66.09,67.04
cifar10,swin_tiny,grayscale,training_sparse_testing_sparse,compact,compact,40,heldout_val,45000,impulse_noise,equal_mean_of_1_2_3_4_5,5,10000,52.98133333333333,1.2302216602439322,3,52.896,51.796,54.252
cifar10,swin_tiny,grayscale,training_sparse_testing_sparse,compact,compact,40,heldout_val,45000,jpeg_compression,equal_mean_of_1_2_3_4_5,5,10000,33.812000000000005,0.8296529394873472,3,34.434,32.870000000000005,34.132000000000005
cifar10,swin_tiny,grayscale,training_sparse_testing_sparse,compact,compact,40,heldout_val,45000,motion_blur,equal_mean_of_1_2_3_4_5,5,10000,47.669333333333334,0.4428558832547368,3,47.92,47.158,47.93
cifar10,swin_tiny,grayscale,training_sparse_testing_sparse,compact,compact,40,heldout_val,45000,pixelate,equal_mean_of_1_2_3_4_5,5,10000,38.81066666666667,0.12570335450310163,3,38.826,38.928,38.678000000000004
cifar10,swin_tiny,grayscale,training_sparse_testing_sparse,compact,compact,40,heldout_val,45000,shot_noise,equal_mean_of_1_2_3_4_5,5,10000,56.373333333333335,1.1867136694811171,3,56.75,55.044,57.326
cifar10,swin_tiny,grayscale,training_sparse_testing_sparse,compact,compact,40,heldout_val,45000,snow,equal_mean_of_1_2_3_4_5,5,10000,40.494,0.48904396530373645,3,40.596000000000004,39.961999999999996,40.924
cifar10,swin_tiny,grayscale,training_sparse_testing_sparse,compact,compact,40,heldout_val,45000,zoom_blur,equal_mean_of_1_2_3_4_5,5,10000,49.404666666666664,0.47931757044086937,3,49.616,49.742000000000004,48.855999999999995
cifar10,swin_tiny,grayscale,training_sparse_testing_sparse,compact,compact,60,heldout_val,45000,brightness,equal_mean_of_1_2_3_4_5,5,10000,21.826,0.06755738301621836,3,21.816,21.764,21.898
cifar10,swin_tiny,grayscale,training_sparse_testing_sparse,compact,compact,60,heldout_val,45000,clean,clean,1,10000,20.146666666666665,0.38475100173142157,3,19.899999999999995,20.589999999999996,19.950000000000003
cifar10,swin_tiny,grayscale,training_sparse_testing_sparse,compact,compact,60,heldout_val,45000,contrast,equal_mean_of_1_2_3_4_5,5,10000,46.062666666666665,0.9997046230428921,3,46.106,45.042,47.04
cifar10,swin_tiny,grayscale,training_sparse_testing_sparse,compact,compact,60,heldout_val,45000,defocus_blur,equal_mean_of_1_2_3_4_5,5,10000,40.55733333333333,0.41257403376040863,3,40.233999999999995,41.022,40.416
cifar10,swin_tiny,grayscale,training_sparse_testing_sparse,compact,compact,60,heldout_val,45000,elastic_transform,equal_mean_of_1_2_3_4_5,5,10000,36.736,0.3020198668962023,3,36.436,37.04,36.732
cifar10,swin_tiny,grayscale,training_sparse_testing_sparse,compact,compact,60,heldout_val,45000,fog,equal_mean_of_1_2_3_4_5,5,10000,32.108666666666664,0.45967524768398355,3,31.878,31.810000000000002,32.638
cifar10,swin_tiny,grayscale,training_sparse_testing_sparse,compact,compact,60,heldout_val,45000,frost,equal_mean_of_1_2_3_4_5,5,10000,39.89266666666667,0.23119111862987504,3,39.856,40.14,39.682
cifar10,swin_tiny,grayscale,training_sparse_testing_sparse,compact,compact,60,heldout_val,45000,gaussian_noise,equal_mean_of_1_2_3_4_5,5,10000,62.294000000000004,0.2290589443789517,3,62.526,62.068000000000005,62.288
cifar10,swin_tiny,grayscale,training_sparse_testing_sparse,compact,compact,60,heldout_val,45000,glass_blur,equal_mean_of_1_2_3_4_5,5,10000,62.974000000000004,0.4721482817929146,3,63.516000000000005,62.652,62.754000000000005
cifar10,swin_tiny,grayscale,training_sparse_testing_sparse,compact,compact,60,heldout_val,45000,impulse_noise,equal_mean_of_1_2_3_4_5,5,10000,59.25133333333333,0.18847104110004545,3,59.402,59.03999999999999,59.312
cifar10,swin_tiny,grayscale,training_sparse_testing_sparse,compact,compact,60,heldout_val,45000,jpeg_compression,equal_mean_of_1_2_3_4_5,5,10000,31.875333333333334,0.11229128787814992,3,32.002,31.836000000000002,31.788
cifar10,swin_tiny,grayscale,training_sparse_testing_sparse,compact,compact,60,heldout_val,45000,motion_blur,equal_mean_of_1_2_3_4_5,5,10000,49.516,0.4244478766586107,3,49.025999999999996,49.752,49.77
cifar10,swin_tiny,grayscale,training_sparse_testing_sparse,compact,compact,60,heldout_val,45000,pixelate,equal_mean_of_1_2_3_4_5,5,10000,38.63933333333333,0.15800421935294554,3,38.482,38.798,38.638
cifar10,swin_tiny,grayscale,training_sparse_testing_sparse,compact,compact,60,heldout_val,45000,shot_noise,equal_mean_of_1_2_3_4_5,5,10000,53.12066666666667,0.29735052267203277,3,53.464,52.952000000000005,52.946000000000005
cifar10,swin_tiny,grayscale,training_sparse_testing_sparse,compact,compact,60,heldout_val,45000,snow,equal_mean_of_1_2_3_4_5,5,10000,40.09066666666667,0.16470984589068569,3,40.24,40.118,39.914
cifar10,swin_tiny,grayscale,training_sparse_testing_sparse,compact,compact,60,heldout_val,45000,zoom_blur,equal_mean_of_1_2_3_4_5,5,10000,50.386,0.6168338512111646,3,49.858000000000004,51.064,50.236000000000004
cifar10,swin_tiny,grayscale,training_sparse_testing_sparse,compact,compact,80,heldout_val,45000,brightness,equal_mean_of_1_2_3_4_5,5,10000,35.98533333333334,0.2865402822175863,3,36.316,35.81,35.83
cifar10,swin_tiny,grayscale,training_sparse_testing_sparse,compact,compact,80,heldout_val,45000,clean,clean,1,10000,32.92666666666667,0.4823207784590431,3,33.45,32.830000000000005,32.49999999999999
cifar10,swin_tiny,grayscale,training_sparse_testing_sparse,compact,compact,80,heldout_val,45000,contrast,equal_mean_of_1_2_3_4_5,5,10000,62.278666666666666,0.6723967083004864,3,62.252,62.964,61.620000000000005
cifar10,swin_tiny,grayscale,training_sparse_testing_sparse,compact,compact,80,heldout_val,45000,defocus_blur,equal_mean_of_1_2_3_4_5,5,10000,50.704,0.5171421468029809,3,51.227999999999994,50.69,50.194
cifar10,swin_tiny,grayscale,training_sparse_testing_sparse,compact,compact,80,heldout_val,45000,elastic_transform,equal_mean_of_1_2_3_4_5,5,10000,48.208666666666666,0.29789483602998634,3,48.538,48.13,47.958
cifar10,swin_tiny,grayscale,training_sparse_testing_sparse,compact,compact,80,heldout_val,45000,fog,equal_mean_of_1_2_3_4_5,5,10000,54.321999999999996,0.5664521162463768,3,54.63999999999999,54.658,53.668
cifar10,swin_tiny,grayscale,training_sparse_testing_sparse,compact,compact,80,heldout_val,45000,frost,equal_mean_of_1_2_3_4_5,5,10000,51.954,0.36626220116195624,3,52.228,52.096,51.538
cifar10,swin_tiny,grayscale,training_sparse_testing_sparse,compact,compact,80,heldout_val,45000,gaussian_noise,equal_mean_of_1_2_3_4_5,5,10000,64.82333333333334,0.12265942007580123,3,64.686,64.922,64.862
cifar10,swin_tiny,grayscale,training_sparse_testing_sparse,compact,compact,80,heldout_val,45000,glass_blur,equal_mean_of_1_2_3_4_5,5,10000,59.166,0.4870277199503155,3,59.032,58.76,59.706
cifar10,swin_tiny,grayscale,training_sparse_testing_sparse,compact,compact,80,heldout_val,45000,impulse_noise,equal_mean_of_1_2_3_4_5,5,10000,72.692,0.2379999999999965,3,72.794,72.42,72.862
cifar10,swin_tiny,grayscale,training_sparse_testing_sparse,compact,compact,80,heldout_val,45000,jpeg_compression,equal_mean_of_1_2_3_4_5,5,10000,40.664,0.4415789850072107,3,41.172,40.372,40.448
cifar10,swin_tiny,grayscale,training_sparse_testing_sparse,compact,compact,80,heldout_val,45000,motion_blur,equal_mean_of_1_2_3_4_5,5,10000,58.217999999999996,0.34117444218464066,3,58.598,57.937999999999995,58.118
cifar10,swin_tiny,grayscale,training_sparse_testing_sparse,compact,compact,80,heldout_val,45000,pixelate,equal_mean_of_1_2_3_4_5,5,10000,42.434,0.3143055837874982,3,42.756,42.128,42.418
cifar10,swin_tiny,grayscale,training_sparse_testing_sparse,compact,compact,80,heldout_val,45000,shot_noise,equal_mean_of_1_2_3_4_5,5,10000,59.382000000000005,0.10738715006927056,3,59.408,59.474000000000004,59.264
cifar10,swin_tiny,grayscale,training_sparse_testing_sparse,compact,compact,80,heldout_val,45000,snow,equal_mean_of_1_2_3_4_5,5,10000,50.45333333333333,0.4898829792239466,3,51.013999999999996,50.238,50.108000000000004
cifar10,swin_tiny,grayscale,training_sparse_testing_sparse,compact,compact,80,heldout_val,45000,zoom_blur,equal_mean_of_1_2_3_4_5,5,10000,57.74666666666666,0.4408370825297361,3,58.09799999999999,57.89,57.252
cifar10,swin_tiny,raw,raw_dense_reference,dense,dense,0,heldout_val,45000,brightness,equal_mean_of_1_2_3_4_5,5,10000,15.762666666666666,0.17659369562171098,3,15.690000000000001,15.964,15.633999999999999
cifar10,swin_tiny,raw,raw_dense_reference,dense,dense,0,heldout_val,45000,clean,clean,1,10000,12.213333333333335,0.14843629385474552,3,12.250000000000005,12.339999999999996,12.050000000000004
cifar10,swin_tiny,raw,raw_dense_reference,dense,dense,0,heldout_val,45000,contrast,equal_mean_of_1_2_3_4_5,5,10000,40.35933333333333,0.4142334285560869,3,40.726,39.910000000000004,40.44199999999999
cifar10,swin_tiny,raw,raw_dense_reference,dense,dense,0,heldout_val,45000,defocus_blur,equal_mean_of_1_2_3_4_5,5,10000,22.29866666666667,0.17711389932281932,3,22.502000000000002,22.216000000000005,22.177999999999997
cifar10,swin_tiny,raw,raw_dense_reference,dense,dense,0,heldout_val,45000,elastic_transform,equal_mean_of_1_2_3_4_5,5,10000,20.421333333333333,0.25033044827454015,3,20.695999999999998,20.362,20.206000000000003
cifar10,swin_tiny,raw,raw_dense_reference,dense,dense,0,heldout_val,45000,fog,equal_mean_of_1_2_3_4_5,5,10000,26.477333333333334,0.36273590025434954,3,26.826,26.102,26.504
cifar10,swin_tiny,raw,raw_dense_reference,dense,dense,0,heldout_val,45000,frost,equal_mean_of_1_2_3_4_5,5,10000,29.018666666666668,0.5069214271791372,3,28.552,29.558,28.946
cifar10,swin_tiny,raw,raw_dense_reference,dense,dense,0,heldout_val,45000,gaussian_noise,equal_mean_of_1_2_3_4_5,5,10000,62.112,0.8859593670140824,3,61.534000000000006,63.132,61.67
cifar10,swin_tiny,raw,raw_dense_reference,dense,dense,0,heldout_val,45000,glass_blur,equal_mean_of_1_2_3_4_5,5,10000,35.934666666666665,0.7770362496906644,3,36.025999999999996,36.662,35.116
cifar10,swin_tiny,raw,raw_dense_reference,dense,dense,0,heldout_val,45000,impulse_noise,equal_mean_of_1_2_3_4_5,5,10000,42.178000000000004,1.4901758285517848,3,40.606,43.57,42.358000000000004
cifar10,swin_tiny,raw,raw_dense_reference,dense,dense,0,heldout_val,45000,jpeg_compression,equal_mean_of_1_2_3_4_5,5,10000,23.719333333333335,0.37332202363821443,3,23.306000000000004,24.032,23.82
cifar10,swin_tiny,raw,raw_dense_reference,dense,dense,0,heldout_val,45000,motion_blur,equal_mean_of_1_2_3_4_5,5,10000,26.145333333333333,0.2398777466405178,3,26.336,25.876,26.223999999999997
cifar10,swin_tiny,raw,raw_dense_reference,dense,dense,0,heldout_val,45000,pixelate,equal_mean_of_1_2_3_4_5,5,10000,19.043999999999997,0.31523324697753646,3,18.992,19.381999999999998,18.757999999999996
cifar10,swin_tiny,raw,raw_dense_reference,dense,dense,0,heldout_val,45000,shot_noise,equal_mean_of_1_2_3_4_5,5,10000,51.75933333333333,1.276928084636462,3,50.879999999999995,53.224000000000004,51.174
cifar10,swin_tiny,raw,raw_dense_reference,dense,dense,0,heldout_val,45000,snow,equal_mean_of_1_2_3_4_5,5,10000,24.67,0.15787336697492785,3,24.488,24.752000000000002,24.77
cifar10,swin_tiny,raw,raw_dense_reference,dense,dense,0,heldout_val,45000,zoom_blur,equal_mean_of_1_2_3_4_5,5,10000,25.39666666666667,0.22871233751884337,3,25.594,25.45,25.146
cifar10,swin_tiny,single_color,training_dense_testing_sparse,dense,compact,0,heldout_val,45000,brightness,equal_mean_of_1_2_3_4_5,5,10000,15.908666666666667,0.19894052712640967,3,15.68,16.042,16.004
cifar10,swin_tiny,single_color,training_dense_testing_sparse,dense,compact,0,heldout_val,45000,clean,clean,1,10000,12.966666666666667,0.035118845842844665,3,12.970000000000004,13.0,12.929999999999996
cifar10,swin_tiny,single_color,training_dense_testing_sparse,dense,compact,0,heldout_val,45000,contrast,equal_mean_of_1_2_3_4_5,5,10000,37.92933333333333,0.5460415124634151,3,38.542,37.752,37.494
cifar10,swin_tiny,single_color,training_dense_testing_sparse,dense,compact,0,heldout_val,45000,defocus_blur,equal_mean_of_1_2_3_4_5,5,10000,27.557333333333332,0.23169232471822135,3,27.7,27.29,27.682000000000002
cifar10,swin_tiny,single_color,training_dense_testing_sparse,dense,compact,0,heldout_val,45000,elastic_transform,equal_mean_of_1_2_3_4_5,5,10000,24.563333333333333,0.12938830446888616,3,24.418,24.665999999999997,24.606
cifar10,swin_tiny,single_color,training_dense_testing_sparse,dense,compact,0,heldout_val,45000,fog,equal_mean_of_1_2_3_4_5,5,10000,21.502,0.17084495895401633,3,21.436000000000003,21.695999999999998,21.374
cifar10,swin_tiny,single_color,training_dense_testing_sparse,dense,compact,0,heldout_val,45000,frost,equal_mean_of_1_2_3_4_5,5,10000,33.949333333333335,0.37779006515965347,3,33.532,34.268,34.048
cifar10,swin_tiny,single_color,training_dense_testing_sparse,dense,compact,0,heldout_val,45000,gaussian_noise,equal_mean_of_1_2_3_4_5,5,10000,80.44,0.4407085204531463,3,80.772,80.60799999999999,79.94
cifar10,swin_tiny,single_color,training_dense_testing_sparse,dense,compact,0,heldout_val,45000,glass_blur,equal_mean_of_1_2_3_4_5,5,10000,54.268,1.2899224782908467,3,52.918,54.397999999999996,55.488
cifar10,swin_tiny,single_color,training_dense_testing_sparse,dense,compact,0,heldout_val,45000,impulse_noise,equal_mean_of_1_2_3_4_5,5,10000,57.56666666666666,0.505791788519079,3,58.087999999999994,57.078,57.534
cifar10,swin_tiny,single_color,training_dense_testing_sparse,dense,compact,0,heldout_val,45000,jpeg_compression,equal_mean_of_1_2_3_4_5,5,10000,32.952666666666666,0.7166933328372296,3,32.556,33.78,32.522
cifar10,swin_tiny,single_color,training_dense_testing_sparse,dense,compact,0,heldout_val,45000,motion_blur,equal_mean_of_1_2_3_4_5,5,10000,33.71666666666667,0.6024693629831562,3,34.403999999999996,33.466,33.28
cifar10,swin_tiny,single_color,training_dense_testing_sparse,dense,compact,0,heldout_val,45000,pixelate,equal_mean_of_1_2_3_4_5,5,10000,29.397333333333332,0.3635069921381635,3,29.214,29.816000000000003,29.162
cifar10,swin_tiny,single_color,training_dense_testing_sparse,dense,compact,0,heldout_val,45000,shot_noise,equal_mean_of_1_2_3_4_5,5,10000,73.61133333333333,0.6952706906905681,3,73.262,74.412,73.16
cifar10,swin_tiny,single_color,training_dense_testing_sparse,dense,compact,0,heldout_val,45000,snow,equal_mean_of_1_2_3_4_5,5,10000,29.246666666666666,0.1023197602290652,3,29.14,29.256,29.344
cifar10,swin_tiny,single_color,training_dense_testing_sparse,dense,compact,0,heldout_val,45000,zoom_blur,equal_mean_of_1_2_3_4_5,5,10000,35.13466666666667,0.06700248751601084,3,35.062000000000005,35.148,35.194
cifar10,swin_tiny,single_color,training_dense_testing_sparse,dense,compact,10,heldout_val,45000,brightness,equal_mean_of_1_2_3_4_5,5,10000,15.915999999999999,0.18232937229091722,3,15.706,16.034,16.008
cifar10,swin_tiny,single_color,training_dense_testing_sparse,dense,compact,10,heldout_val,45000,clean,clean,1,10000,13.030000000000001,0.12165525060596677,3,12.949999999999996,13.170000000000003,12.970000000000004
cifar10,swin_tiny,single_color,training_dense_testing_sparse,dense,compact,10,heldout_val,45000,contrast,equal_mean_of_1_2_3_4_5,5,10000,37.94533333333333,0.5302163080605282,3,38.538000000000004,37.782,37.516
cifar10,swin_tiny,single_color,training_dense_testing_sparse,dense,compact,10,heldout_val,45000,defocus_blur,equal_mean_of_1_2_3_4_5,5,10000,27.578666666666667,0.2487756686923658,3,27.738,27.291999999999998,27.706
cifar10,swin_tiny,single_color,training_dense_testing_sparse,dense,compact,10,heldout_val,45000,elastic_transform,equal_mean_of_1_2_3_4_5,5,10000,24.564,0.13879481258317883,3,24.404,24.636,24.651999999999997
cifar10,swin_tiny,single_color,training_dense_testing_sparse,dense,compact,10,heldout_val,45000,fog,equal_mean_of_1_2_3_4_5,5,10000,21.506666666666668,0.1483823888921211,3,21.42,21.677999999999997,21.422
cifar10,swin_tiny,single_color,training_dense_testing_sparse,dense,compact,10,heldout_val,45000,frost,equal_mean_of_1_2_3_4_5,5,10000,34.122,0.3968072579981388,3,33.686,34.462,34.218
cifar10,swin_tiny,single_color,training_dense_testing_sparse,dense,compact,10,heldout_val,45000,gaussian_noise,equal_mean_of_1_2_3_4_5,5,10000,80.44066666666667,0.5095305028487784,3,80.85,80.602,79.87
cifar10,swin_tiny,single_color,training_dense_testing_sparse,dense,compact,10,heldout_val,45000,glass_blur,equal_mean_of_1_2_3_4_5,5,10000,54.476,1.2346060100291074,3,53.17,54.634,55.623999999999995
cifar10,swin_tiny,single_color,training_dense_testing_sparse,dense,compact,10,heldout_val,45000,impulse_noise,equal_mean_of_1_2_3_4_5,5,10000,57.622,0.4706251162018463,3,58.126000000000005,57.194,57.546
cifar10,swin_tiny,single_color,training_dense_testing_sparse,dense,compact,10,heldout_val,45000,jpeg_compression,equal_mean_of_1_2_3_4_5,5,10000,32.916666666666664,0.6370442161524854,3,32.566,33.652,32.532
cifar10,swin_tiny,single_color,training_dense_testing_sparse,dense,compact,10,heldout_val,45000,motion_blur,equal_mean_of_1_2_3_4_5,5,10000,33.738,0.600403197859572,3,34.426,33.468,33.32
cifar10,swin_tiny,single_color,training_dense_testing_sparse,dense,compact,10,heldout_val,45000,pixelate,equal_mean_of_1_2_3_4_5,5,10000,29.46,0.39477081959030247,3,29.298,29.91,29.172000000000004
cifar10,swin_tiny,single_color,training_dense_testing_sparse,dense,compact,10,heldout_val,45000,shot_noise,equal_mean_of_1_2_3_4_5,5,10000,73.66333333333334,0.686091344744508,3,73.334,74.452,73.20400000000001
cifar10,swin_tiny,single_color,training_dense_testing_sparse,dense,compact,10,heldout_val,45000,snow,equal_mean_of_1_2_3_4_5,5,10000,29.405333333333335,0.101199472989406,3,29.308,29.398,29.51
cifar10,swin_tiny,single_color,training_dense_testing_sparse,dense,compact,10,heldout_val,45000,zoom_blur,equal_mean_of_1_2_3_4_5,5,10000,35.153333333333336,0.09016281569102125,3,35.056000000000004,35.17,35.234
cifar10,swin_tiny,single_color,training_dense_testing_sparse,dense,compact,20,heldout_val,45000,brightness,equal_mean_of_1_2_3_4_5,5,10000,16.147333333333332,0.09544282756359095,3,16.038,16.189999999999998,16.214000000000002
cifar10,swin_tiny,single_color,training_dense_testing_sparse,dense,compact,20,heldout_val,45000,clean,clean,1,10000,13.346666666666666,0.14011899704655956,3,13.339999999999996,13.490000000000002,13.209999999999999
cifar10,swin_tiny,single_color,training_dense_testing_sparse,dense,compact,20,heldout_val,45000,contrast,equal_mean_of_1_2_3_4_5,5,10000,38.31066666666667,0.5180514774936296,3,38.862,38.236000000000004,37.834
cifar10,swin_tiny,single_color,training_dense_testing_sparse,dense,compact,20,heldout_val,45000,defocus_blur,equal_mean_of_1_2_3_4_5,5,10000,27.713333333333335,0.2521137309496112,3,27.906,27.428,27.806
cifar10,swin_tiny,single_color,training_dense_testing_sparse,dense,compact,20,heldout_val,45000,elastic_transform,equal_mean_of_1_2_3_4_5,5,10000,24.706,0.1275774274705373,3,24.572,24.826,24.720000000000002
cifar10,swin_tiny,single_color,training_dense_testing_sparse,dense,compact,20,heldout_val,45000,fog,equal_mean_of_1_2_3_4_5,5,10000,21.782666666666664,0.19172202099220179,3,21.668,22.004,21.675999999999995
cifar10,swin_tiny,single_color,training_dense_testing_sparse,dense,compact,20,heldout_val,45000,frost,equal_mean_of_1_2_3_4_5,5,10000,34.934,0.5170725287616811,3,34.412,35.446,34.944
cifar10,swin_tiny,single_color,training_dense_testing_sparse,dense,compact,20,heldout_val,45000,gaussian_noise,equal_mean_of_1_2_3_4_5,5,10000,80.47866666666667,0.4830624528291687,3,80.848,80.656,79.932
cifar10,swin_tiny,single_color,training_dense_testing_sparse,dense,compact,20,heldout_val,45000,glass_blur,equal_mean_of_1_2_3_4_5,5,10000,55.321333333333335,1.250945775536788,3,54.006,55.462,56.496
cifar10,swin_tiny,single_color,training_dense_testing_sparse,dense,compact,20,heldout_val,45000,impulse_noise,equal_mean_of_1_2_3_4_5,5,10000,58.026666666666664,0.5332029007172875,3,58.538,57.474000000000004,58.068
cifar10,swin_tiny,single_color,training_dense_testing_sparse,dense,compact,20,heldout_val,45000,jpeg_compression,equal_mean_of_1_2_3_4_5,5,10000,32.769999999999996,0.6019269058615009,3,32.455999999999996,33.464,32.39
cifar10,swin_tiny,single_color,training_dense_testing_sparse,dense,compact,20,heldout_val,45000,motion_blur,equal_mean_of_1_2_3_4_5,5,10000,33.96066666666667,0.5259062020297302,3,34.554,33.775999999999996,33.552
cifar10,swin_tiny,single_color,training_dense_testing_sparse,dense,compact,20,heldout_val,45000,pixelate,equal_mean_of_1_2_3_4_5,5,10000,29.87,0.3206929996117772,3,29.671999999999997,30.24,29.698000000000004
cifar10,swin_tiny,single_color,training_dense_testing_sparse,dense,compact,20,heldout_val,45000,shot_noise,equal_mean_of_1_2_3_4_5,5,10000,73.83066666666666,0.7153442061926123,3,73.496,74.652,73.344
cifar10,swin_tiny,single_color,training_dense_testing_sparse,dense,compact,20,heldout_val,45000,snow,equal_mean_of_1_2_3_4_5,5,10000,30.258666666666667,0.19880979184470224,3,30.183999999999997,30.108,30.484
cifar10,swin_tiny,single_color,training_dense_testing_sparse,dense,compact,20,heldout_val,45000,zoom_blur,equal_mean_of_1_2_3_4_5,5,10000,35.338,0.1459177850709087,3,35.23,35.28,35.504
cifar10,swin_tiny,single_color,training_dense_testing_sparse,dense,compact,30,heldout_val,45000,brightness,equal_mean_of_1_2_3_4_5,5,10000,16.901999999999997,0.18014438653480064,3,16.869999999999997,16.74,17.095999999999997
cifar10,swin_tiny,single_color,training_dense_testing_sparse,dense,compact,30,heldout_val,45000,clean,clean,1,10000,13.90333333333333,0.23352373184182862,3,13.949999999999996,13.649999999999995,14.11
cifar10,swin_tiny,single_color,training_dense_testing_sparse,dense,compact,30,heldout_val,45000,contrast,equal_mean_of_1_2_3_4_5,5,10000,39.39933333333333,0.5286107578675785,3,39.942,39.37,38.885999999999996
cifar10,swin_tiny,single_color,training_dense_testing_sparse,dense,compact,30,heldout_val,45000,defocus_blur,equal_mean_of_1_2_3_4_5,5,10000,28.270666666666667,0.22110932439255582,3,28.509999999999998,28.074,28.228
cifar10,swin_tiny,single_color,training_dense_testing_sparse,dense,compact,30,heldout_val,45000,elastic_transform,equal_mean_of_1_2_3_4_5,5,10000,25.391333333333336,0.14030443091126324,3,25.246000000000002,25.526000000000003,25.401999999999997
cifar10,swin_tiny,single_color,training_dense_testing_sparse,dense,compact,30,heldout_val,45000,fog,equal_mean_of_1_2_3_4_5,5,10000,22.81,0.20774022239325746,3,22.753999999999998,23.04,22.636
cifar10,swin_tiny,single_color,training_dense_testing_sparse,dense,compact,30,heldout_val,45000,frost,equal_mean_of_1_2_3_4_5,5,10000,36.51733333333333,0.7663558790361941,3,35.788,37.316,36.448
cifar10,swin_tiny,single_color,training_dense_testing_sparse,dense,compact,30,heldout_val,45000,gaussian_noise,equal_mean_of_1_2_3_4_5,5,10000,80.632,0.4281495065978728,3,81.004,80.72800000000001,80.164
cifar10,swin_tiny,single_color,training_dense_testing_sparse,dense,compact,30,heldout_val,45000,glass_blur,equal_mean_of_1_2_3_4_5,5,10000,57.144,1.3274652537825633,3,55.662,57.546,58.224000000000004
cifar10,swin_tiny,single_color,training_dense_testing_sparse,dense,compact,30,heldout_val,45000,impulse_noise,equal_mean_of_1_2_3_4_5,5,10000,59.136,0.6200774145217686,3,59.7,58.472,59.236000000000004
cifar10,swin_tiny,single_color,training_dense_testing_sparse,dense,compact,30,heldout_val,45000,jpeg_compression,equal_mean_of_1_2_3_4_5,5,10000,33.36066666666667,0.6597403529672379,3,33.094,34.112,32.876
cifar10,swin_tiny,single_color,training_dense_testing_sparse,dense,compact,30,heldout_val,45000,motion_blur,equal_mean_of_1_2_3_4_5,5,10000,34.514,0.7446153369357911,3,35.370000000000005,34.156,34.016000000000005
cifar10,swin_tiny,single_color,training_dense_testing_sparse,dense,compact,30,heldout_val,45000,pixelate,equal_mean_of_1_2_3_4_5,5,10000,31.253333333333334,0.23965252624024672,3,31.120000000000005,31.529999999999998,31.11
cifar10,swin_tiny,single_color,training_dense_testing_sparse,dense,compact,30,heldout_val,45000,shot_noise,equal_mean_of_1_2_3_4_5,5,10000,74.13466666666666,0.7981637258942104,3,73.892,75.026,73.486
cifar10,swin_tiny,single_color,training_dense_testing_sparse,dense,compact,30,heldout_val,45000,snow,equal_mean_of_1_2_3_4_5,5,10000,32.25533333333333,0.1489339898523287,3,32.086,32.366,32.314
cifar10,swin_tiny,single_color,training_dense_testing_sparse,dense,compact,30,heldout_val,45000,zoom_blur,equal_mean_of_1_2_3_4_5,5,10000,35.90466666666667,0.15738276059763603,3,35.978,35.724000000000004,36.012
cifar10,swin_tiny,single_color,training_dense_testing_sparse,dense,compact,40,heldout_val,45000,brightness,equal_mean_of_1_2_3_4_5,5,10000,18.763333333333332,0.040513372277969056,3,18.718,18.796,18.776
cifar10,swin_tiny,single_color,training_dense_testing_sparse,dense,compact,40,heldout_val,45000,clean,clean,1,10000,15.633333333333333,0.08504900548115532,3,15.600000000000003,15.73,15.569999999999995
cifar10,swin_tiny,single_color,training_dense_testing_sparse,dense,compact,40,heldout_val,45000,contrast,equal_mean_of_1_2_3_4_5,5,10000,41.73266666666667,0.431005027039516,3,42.19,41.674,41.333999999999996
cifar10,swin_tiny,single_color,training_dense_testing_sparse,dense,compact,40,heldout_val,45000,defocus_blur,equal_mean_of_1_2_3_4_5,5,10000,29.517333333333333,0.35920096510635097,3,29.932000000000002,29.302000000000003,29.317999999999998
cifar10,swin_tiny,single_color,training_dense_testing_sparse,dense,compact,40,heldout_val,45000,elastic_transform,equal_mean_of_1_2_3_4_5,5,10000,27.281333333333333,0.11002423975348888,3,27.39,27.284,27.17
cifar10,swin_tiny,single_color,training_dense_testing_sparse,dense,compact,40,heldout_val,45000,fog,equal_mean_of_1_2_3_4_5,5,10000,25.23,0.16836864316136818,3,25.144000000000002,25.424,25.121999999999996
cifar10,swin_tiny,single_color,training_dense_testing_sparse,dense,compact,40,heldout_val,45000,frost,equal_mean_of_1_2_3_4_5,5,10000,39.422666666666665,1.150294455056328,3,38.333999999999996,40.626,39.308
cifar10,swin_tiny,single_color,training_dense_testing_sparse,dense,compact,40,heldout_val,45000,gaussian_noise,equal_mean_of_1_2_3_4_5,5,10000,80.97133333333333,0.527432776127284,3,81.432,81.086,80.396
cifar10,swin_tiny,single_color,training_dense_testing_sparse,dense,compact,40,heldout_val,45000,glass_blur,equal_mean_of_1_2_3_4_5,5,10000,60.18666666666667,1.1576602840787673,3,58.85,60.868,60.842
cifar10,swin_tiny,single_color,training_dense_testing_sparse,dense,compact,40,heldout_val,45000,impulse_noise,equal_mean_of_1_2_3_4_5,5,10000,61.50733333333333,0.6650904700364721,3,62.076,60.775999999999996,61.669999999999995
cifar10,swin_tiny,single_color,training_dense_testing_sparse,dense,compact,40,heldout_val,45000,jpeg_compression,equal_mean_of_1_2_3_4_5,5,10000,34.53066666666667,0.5084892657011875,3,34.378,35.098,34.116
cifar10,swin_tiny,single_color,training_dense_testing_sparse,dense,compact,40,heldout_val,45000,motion_blur,equal_mean_of_1_2_3_4_5,5,10000,35.949999999999996,0.7257354890040849,3,36.788,35.534,35.528
cifar10,swin_tiny,single_color,training_dense_testing_sparse,dense,compact,40,heldout_val,45000,pixelate,equal_mean_of_1_2_3_4_5,5,10000,33.736000000000004,0.26700561791842453,3,33.468,34.002,33.73800000000001
cifar10,swin_tiny,single_color,training_dense_testing_sparse,dense,compact,40,heldout_val,45000,shot_noise,equal_mean_of_1_2_3_4_5,5,10000,74.92266666666667,0.7030855803764756,3,74.646,75.722,74.4
cifar10,swin_tiny,single_color,training_dense_testing_sparse,dense,compact,40,heldout_val,45000,snow,equal_mean_of_1_2_3_4_5,5,10000,35.70066666666667,0.34980184867054875,3,35.338,36.036,35.728
cifar10,swin_tiny,single_color,training_dense_testing_sparse,dense,compact,40,heldout_val,45000,zoom_blur,equal_mean_of_1_2_3_4_5,5,10000,36.78333333333333,0.3520303017260482,3,37.162,36.722,36.466
cifar10,swin_tiny,single_color,training_dense_testing_sparse,dense,compact,50,heldout_val,45000,brightness,equal_mean_of_1_2_3_4_5,5,10000,22.666666666666668,0.11038719732529308,3,22.562,22.656000000000002,22.782
cifar10,swin_tiny,single_color,training_dense_testing_sparse,dense,compact,50,heldout_val,45000,clean,clean,1,10000,19.34,0.0346410161513727,3,19.320000000000004,19.320000000000004,19.379999999999995
cifar10,swin_tiny,single_color,training_dense_testing_sparse,dense,compact,50,heldout_val,45000,contrast,equal_mean_of_1_2_3_4_5,5,10000,45.675333333333334,0.5352880844305566,3,46.162,45.762,45.102
cifar10,swin_tiny,single_color,training_dense_testing_sparse,dense,compact,50,heldout_val,45000,defocus_blur,equal_mean_of_1_2_3_4_5,5,10000,31.70266666666667,0.4733596236830211,3,32.232,31.556,31.320000000000004
cifar10,swin_tiny,single_color,training_dense_testing_sparse,dense,compact,50,heldout_val,45000,elastic_transform,equal_mean_of_1_2_3_4_5,5,10000,30.836,0.18017769007288298,3,30.936,30.944,30.628
cifar10,swin_tiny,single_color,training_dense_testing_sparse,dense,compact,50,heldout_val,45000,fog,equal_mean_of_1_2_3_4_5,5,10000,30.141333333333332,0.27846244510406226,3,30.084,30.444,29.896
cifar10,swin_tiny,single_color,training_dense_testing_sparse,dense,compact,50,heldout_val,45000,frost,equal_mean_of_1_2_3_4_5,5,10000,44.18866666666667,1.2814965209993103,3,43.042,45.572,43.952
cifar10,swin_tiny,single_color,training_dense_testing_sparse,dense,compact,50,heldout_val,45000,gaussian_noise,equal_mean_of_1_2_3_4_5,5,10000,81.63533333333334,0.5400012345664862,3,82.128,81.72,81.058
cifar10,swin_tiny,single_color,training_dense_testing_sparse,dense,compact,50,heldout_val,45000,glass_blur,equal_mean_of_1_2_3_4_5,5,10000,64.13666666666667,1.0875115325059028,3,62.928,65.036,64.446
cifar10,swin_tiny,single_color,training_dense_testing_sparse,dense,compact,50,heldout_val,45000,impulse_noise,equal_mean_of_1_2_3_4_5,5,10000,65.06,0.6834939648599756,3,65.72800000000001,64.362,65.09
cifar10,swin_tiny,single_color,training_dense_testing_sparse,dense,compact,50,heldout_val,45000,jpeg_compression,equal_mean_of_1_2_3_4_5,5,10000,37.04333333333333,0.3253142070880576,3,37.193999999999996,37.266,36.67
cifar10,swin_tiny,single_color,training_dense_testing_sparse,dense,compact,50,heldout_val,45000,motion_blur,equal_mean_of_1_2_3_4_5,5,10000,38.77533333333333,0.8139541346619836,3,39.664,38.596,38.065999999999995
cifar10,swin_tiny,single_color,training_dense_testing_sparse,dense,compact,50,heldout_val,45000,pixelate,equal_mean_of_1_2_3_4_5,5,10000,37.80866666666667,0.2797022226106431,3,37.492,38.022,37.912
cifar10,swin_tiny,single_color,training_dense_testing_sparse,dense,compact,50,heldout_val,45000,shot_noise,equal_mean_of_1_2_3_4_5,5,10000,76.17466666666667,0.6426393493502671,3,75.86,76.914,75.75
cifar10,swin_tiny,single_color,training_dense_testing_sparse,dense,compact,50,heldout_val,45000,snow,equal_mean_of_1_2_3_4_5,5,10000,40.83733333333333,0.6989887934247093,3,40.072,41.442,40.998
cifar10,swin_tiny,single_color,training_dense_testing_sparse,dense,compact,50,heldout_val,45000,zoom_blur,equal_mean_of_1_2_3_4_5,5,10000,38.72266666666667,0.695443263921169,3,39.431999999999995,38.694,38.042
cifar10,swin_tiny,single_color,training_dense_testing_sparse,dense,compact,60,heldout_val,45000,brightness,equal_mean_of_1_2_3_4_5,5,10000,30.469333333333335,0.07300228306932259,3,30.5,30.522000000000002,30.386
cifar10,swin_tiny,single_color,training_dense_testing_sparse,dense,compact,60,heldout_val,45000,clean,clean,1,10000,26.05333333333333,0.22120880030715814,3,25.82,26.259999999999994,26.080000000000002
cifar10,swin_tiny,single_color,training_dense_testing_sparse,dense,compact,60,heldout_val,45000,contrast,equal_mean_of_1_2_3_4_5,5,10000,51.85733333333334,0.3166975423544289,3,52.054,52.026,51.492
cifar10,swin_tiny,single_color,training_dense_testing_sparse,dense,compact,60,heldout_val,45000,defocus_blur,equal_mean_of_1_2_3_4_5,5,10000,36.361333333333334,0.6641967579967063,3,37.016000000000005,36.38,35.688
cifar10,swin_tiny,single_color,training_dense_testing_sparse,dense,compact,60,heldout_val,45000,elastic_transform,equal_mean_of_1_2_3_4_5,5,10000,37.834666666666664,0.2700617213403874,3,37.828,38.108,37.568
cifar10,swin_tiny,single_color,training_dense_testing_sparse,dense,compact,60,heldout_val,45000,fog,equal_mean_of_1_2_3_4_5,5,10000,38.396,0.21131019852340696,3,38.302,38.638000000000005,38.248
cifar10,swin_tiny,single_color,training_dense_testing_sparse,dense,compact,60,heldout_val,45000,frost,equal_mean_of_1_2_3_4_5,5,10000,51.166000000000004,1.563354086571562,3,49.81,52.876000000000005,50.812000000000005
cifar10,swin_tiny,single_color,training_dense_testing_sparse,dense,compact,60,heldout_val,45000,gaussian_noise,equal_mean_of_1_2_3_4_5,5,10000,82.66866666666667,0.40539528035403727,3,83.08399999999999,82.648,82.274
cifar10,swin_tiny,single_color,training_dense_testing_sparse,dense,compact,60,heldout_val,45000,glass_blur,equal_mean_of_1_2_3_4_5,5,10000,68.324,1.1010740211266423,3,67.26400000000001,69.462,68.246
cifar10,swin_tiny,single_color,training_dense_testing_sparse,dense,compact,60,heldout_val,45000,impulse_noise,equal_mean_of_1_2_3_4_5,5,10000,70.07266666666666,0.5191159151223683,3,70.55,69.52,70.148
cifar10,swin_tiny,single_color,training_dense_testing_sparse,dense,compact,60,heldout_val,45000,jpeg_compression,equal_mean_of_1_2_3_4_5,5,10000,41.660000000000004,0.2626861244908082,3,41.438,41.95,41.592
cifar10,swin_tiny,single_color,training_dense_testing_sparse,dense,compact,60,heldout_val,45000,motion_blur,equal_mean_of_1_2_3_4_5,5,10000,44.02733333333333,0.9033057806376144,3,44.995999999999995,43.878,43.208
cifar10,swin_tiny,single_color,training_dense_testing_sparse,dense,compact,60,heldout_val,45000,pixelate,equal_mean_of_1_2_3_4_5,5,10000,43.547333333333334,0.25586194194005174,3,43.366,43.436,43.84
cifar10,swin_tiny,single_color,training_dense_testing_sparse,dense,compact,60,heldout_val,45000,shot_noise,equal_mean_of_1_2_3_4_5,5,10000,77.99,0.33583924725975545,3,77.696,78.356,77.91799999999999
cifar10,swin_tiny,single_color,training_dense_testing_sparse,dense,compact,60,heldout_val,45000,snow,equal_mean_of_1_2_3_4_5,5,10000,48.10733333333333,1.1584616235911038,3,47.004,49.314,48.004
cifar10,swin_tiny,single_color,training_dense_testing_sparse,dense,compact,60,heldout_val,45000,zoom_blur,equal_mean_of_1_2_3_4_5,5,10000,43.06,0.8536345822423097,3,43.932,43.022,42.226
cifar10,swin_tiny,single_color,training_dense_testing_sparse,dense,compact,70,heldout_val,45000,brightness,equal_mean_of_1_2_3_4_5,5,10000,43.09733333333333,0.20349283361665027,3,43.19,43.238,42.864
cifar10,swin_tiny,single_color,training_dense_testing_sparse,dense,compact,70,heldout_val,45000,clean,clean,1,10000,38.44,0.15524174696260115,3,38.449999999999996,38.59,38.28
cifar10,swin_tiny,single_color,training_dense_testing_sparse,dense,compact,70,heldout_val,45000,contrast,equal_mean_of_1_2_3_4_5,5,10000,60.903333333333336,0.06450839738618042,3,60.844,60.894,60.972
cifar10,swin_tiny,single_color,training_dense_testing_sparse,dense,compact,70,heldout_val,45000,defocus_blur,equal_mean_of_1_2_3_4_5,5,10000,45.879333333333335,0.8636997935239573,3,46.523999999999994,46.216,44.898
cifar10,swin_tiny,single_color,training_dense_testing_sparse,dense,compact,70,heldout_val,45000,elastic_transform,equal_mean_of_1_2_3_4_5,5,10000,48.66066666666667,0.28902825698075646,3,48.656,48.952000000000005,48.374
cifar10,swin_tiny,single_color,training_dense_testing_sparse,dense,compact,70,heldout_val,45000,fog,equal_mean_of_1_2_3_4_5,5,10000,51.05266666666667,0.4774780972289049,3,50.504,51.374,51.28
cifar10,swin_tiny,single_color,training_dense_testing_sparse,dense,compact,70,heldout_val,45000,frost,equal_mean_of_1_2_3_4_5,5,10000,60.1,1.3774120661588516,3,59.152,61.68,59.468
cifar10,swin_tiny,single_color,training_dense_testing_sparse,dense,compact,70,heldout_val,45000,gaussian_noise,equal_mean_of_1_2_3_4_5,5,10000,83.718,0.19956953675348302,3,83.944,83.566,83.644
cifar10,swin_tiny,single_color,training_dense_testing_sparse,dense,compact,70,heldout_val,45000,glass_blur,equal_mean_of_1_2_3_4_5,5,10000,71.83866666666667,1.1977183864887966,3,70.986,73.208,71.322
cifar10,swin_tiny,single_color,training_dense_testing_sparse,dense,compact,70,heldout_val,45000,impulse_noise,equal_mean_of_1_2_3_4_5,5,10000,75.91933333333333,0.3950308004869162,3,76.212,75.47,76.076
cifar10,swin_tiny,single_color,training_dense_testing_sparse,dense,compact,70,heldout_val,45000,jpeg_compression,equal_mean_of_1_2_3_4_5,5,10000,50.252,0.5279128715990923,3,49.91,50.86,49.986000000000004
cifar10,swin_tiny,single_color,training_dense_testing_sparse,dense,compact,70,heldout_val,45000,motion_blur,equal_mean_of_1_2_3_4_5,5,10000,53.12866666666667,0.8005431489515971,3,53.738,53.426,52.221999999999994
cifar10,swin_tiny,single_color,training_dense_testing_sparse,dense,compact,70,heldout_val,45000,pixelate,equal_mean_of_1_2_3_4_5,5,10000,51.498,0.1402996792583644,3,51.52,51.348,51.626
cifar10,swin_tiny,single_color,training_dense_testing_sparse,dense,compact,70,heldout_val,45000,shot_noise,equal_mean_of_1_2_3_4_5,5,10000,80.34933333333333,0.24600271001217533,3,80.068,80.456,80.524
cifar10,swin_tiny,single_color,training_dense_testing_sparse,dense,compact,70,heldout_val,45000,snow,equal_mean_of_1_2_3_4_5,5,10000,57.49,1.4406720653917036,3,56.566,59.15,56.754
cifar10,swin_tiny,single_color,training_dense_testing_sparse,dense,compact,70,heldout_val,45000,zoom_blur,equal_mean_of_1_2_3_4_5,5,10000,51.808,1.120578422066034,3,52.612,52.284,50.528
cifar10,swin_tiny,single_color,training_dense_testing_sparse,dense,compact,80,heldout_val,45000,brightness,equal_mean_of_1_2_3_4_5,5,10000,60.95933333333333,1.0119453213159946,3,61.896,61.096000000000004,59.886
cifar10,swin_tiny,single_color,training_dense_testing_sparse,dense,compact,80,heldout_val,45000,clean,clean,1,10000,56.79,0.7450503338701367,3,57.24,57.2,55.93
cifar10,swin_tiny,single_color,training_dense_testing_sparse,dense,compact,80,heldout_val,45000,contrast,equal_mean_of_1_2_3_4_5,5,10000,73.086,0.6774983394813621,3,73.714,73.176,72.368
cifar10,swin_tiny,single_color,training_dense_testing_sparse,dense,compact,80,heldout_val,45000,defocus_blur,equal_mean_of_1_2_3_4_5,5,10000,61.96066666666667,0.9827804095184922,3,62.512,62.544000000000004,60.826
cifar10,swin_tiny,single_color,training_dense_testing_sparse,dense,compact,80,heldout_val,45000,elastic_transform,equal_mean_of_1_2_3_4_5,5,10000,63.158,0.6712168055107071,3,63.51,63.58,62.384
cifar10,swin_tiny,single_color,training_dense_testing_sparse,dense,compact,80,heldout_val,45000,fog,equal_mean_of_1_2_3_4_5,5,10000,67.49266666666666,0.2984783632582631,3,67.696,67.632,67.15
cifar10,swin_tiny,single_color,training_dense_testing_sparse,dense,compact,80,heldout_val,45000,frost,equal_mean_of_1_2_3_4_5,5,10000,70.57466666666667,1.1225868934444756,3,70.284,71.814,69.626
cifar10,swin_tiny,single_color,training_dense_testing_sparse,dense,compact,80,heldout_val,45000,gaussian_noise,equal_mean_of_1_2_3_4_5,5,10000,84.598,0.07544534445544167,3,84.62,84.514,84.66
cifar10,swin_tiny,single_color,training_dense_testing_sparse,dense,compact,80,heldout_val,45000,glass_blur,equal_mean_of_1_2_3_4_5,5,10000,74.91333333333333,0.9037728328143833,3,74.848,75.848,74.044
cifar10,swin_tiny,single_color,training_dense_testing_sparse,dense,compact,80,heldout_val,45000,impulse_noise,equal_mean_of_1_2_3_4_5,5,10000,81.904,0.05211525688318087,3,81.854,81.9,81.958
cifar10,swin_tiny,single_color,training_dense_testing_sparse,dense,compact,80,heldout_val,45000,jpeg_compression,equal_mean_of_1_2_3_4_5,5,10000,62.69733333333333,0.7770027884977799,3,62.884,63.36399999999999,61.844
cifar10,swin_tiny,single_color,training_dense_testing_sparse,dense,compact,80,heldout_val,45000,motion_blur,equal_mean_of_1_2_3_4_5,5,10000,66.14533333333334,1.1201238026813511,3,66.78,66.804,64.852
cifar10,swin_tiny,single_color,training_dense_testing_sparse,dense,compact,80,heldout_val,45000,pixelate,equal_mean_of_1_2_3_4_5,5,10000,62.54866666666666,0.220529665426978,3,62.792,62.492,62.361999999999995
cifar10,swin_tiny,single_color,training_dense_testing_sparse,dense,compact,80,heldout_val,45000,shot_noise,equal_mean_of_1_2_3_4_5,5,10000,82.07866666666666,0.30102713056024427,3,81.732,82.23,82.274
cifar10,swin_tiny,single_color,training_dense_testing_sparse,dense,compact,80,heldout_val,45000,snow,equal_mean_of_1_2_3_4_5,5,10000,68.274,1.344072914688781,3,68.05,69.716,67.056
cifar10,swin_tiny,single_color,training_dense_testing_sparse,dense,compact,80,heldout_val,45000,zoom_blur,equal_mean_of_1_2_3_4_5,5,10000,66.27466666666668,1.6175615392724163,3,67.59400000000001,66.76,64.47
cifar10,swin_tiny,single_color,training_dense_testing_sparse,dense,compact,90,heldout_val,45000,brightness,equal_mean_of_1_2_3_4_5,5,10000,77.352,1.2731567067725829,3,78.296,77.856,75.904
cifar10,swin_tiny,single_color,training_dense_testing_sparse,dense,compact,90,heldout_val,45000,clean,clean,1,10000,74.58,0.9453570753953312,3,75.51,74.61,73.61999999999999
cifar10,swin_tiny,single_color,training_dense_testing_sparse,dense,compact,90,heldout_val,45000,contrast,equal_mean_of_1_2_3_4_5,5,10000,82.66933333333333,1.7677922200681118,3,83.612,83.766,80.63
cifar10,swin_tiny,single_color,training_dense_testing_sparse,dense,compact,90,heldout_val,45000,defocus_blur,equal_mean_of_1_2_3_4_5,5,10000,77.974,1.4547673353495414,3,78.932,78.69,76.3
cifar10,swin_tiny,single_color,training_dense_testing_sparse,dense,compact,90,heldout_val,45000,elastic_transform,equal_mean_of_1_2_3_4_5,5,10000,77.24666666666667,1.0987198611717865,3,77.87400000000001,77.888,75.978
cifar10,swin_tiny,single_color,training_dense_testing_sparse,dense,compact,90,heldout_val,45000,fog,equal_mean_of_1_2_3_4_5,5,10000,80.97466666666666,1.3785997727162609,3,81.898,81.636,79.39
cifar10,swin_tiny,single_color,training_dense_testing_sparse,dense,compact,90,heldout_val,45000,frost,equal_mean_of_1_2_3_4_5,5,10000,79.38866666666667,1.1288389315280252,3,79.71,80.322,78.134
cifar10,swin_tiny,single_color,training_dense_testing_sparse,dense,compact,90,heldout_val,45000,gaussian_noise,equal_mean_of_1_2_3_4_5,5,10000,85.60066666666667,0.37762062090586335,3,86.03399999999999,85.342,85.426
cifar10,swin_tiny,single_color,training_dense_testing_sparse,dense,compact,90,heldout_val,45000,glass_blur,equal_mean_of_1_2_3_4_5,5,10000,78.61466666666666,0.6984478028695734,3,79.252,78.724,77.868
cifar10,swin_tiny,single_color,training_dense_testing_sparse,dense,compact,90,heldout_val,45000,impulse_noise,equal_mean_of_1_2_3_4_5,5,10000,87.41933333333333,0.17978134868036744,3,87.532,87.514,87.212
cifar10,swin_tiny,single_color,training_dense_testing_sparse,dense,compact,90,heldout_val,45000,jpeg_compression,equal_mean_of_1_2_3_4_5,5,10000,76.07333333333334,1.0872025263644896,3,76.574,76.82000000000001,74.82600000000001
cifar10,swin_tiny,single_color,training_dense_testing_sparse,dense,compact,90,heldout_val,45000,motion_blur,equal_mean_of_1_2_3_4_5,5,10000,78.60333333333334,1.3545070444015124,3,79.426,79.344,77.04
cifar10,swin_tiny,single_color,training_dense_testing_sparse,dense,compact,90,heldout_val,45000,pixelate,equal_mean_of_1_2_3_4_5,5,10000,75.222,0.4645384806450411,3,75.712,75.166,74.788
cifar10,swin_tiny,single_color,training_dense_testing_sparse,dense,compact,90,heldout_val,45000,shot_noise,equal_mean_of_1_2_3_4_5,5,10000,84.47666666666666,0.19801346755544855,3,84.616,84.564,84.25
cifar10,swin_tiny,single_color,training_dense_testing_sparse,dense,compact,90,heldout_val,45000,snow,equal_mean_of_1_2_3_4_5,5,10000,77.94,0.7708722332526949,3,78.678,78.002,77.14
cifar10,swin_tiny,single_color,training_dense_testing_sparse,dense,compact,90,heldout_val,45000,zoom_blur,equal_mean_of_1_2_3_4_5,5,10000,79.40333333333334,1.5679289949909538,3,80.25200000000001,80.36399999999999,77.594
cifar10,swin_tiny,single_color,training_sparse_testing_sparse,compact,compact,0,heldout_val,45000,brightness,equal_mean_of_1_2_3_4_5,5,10000,15.690666666666667,0.10557146078999328,3,15.570000000000002,15.766000000000002,15.735999999999997
cifar10,swin_tiny,single_color,training_sparse_testing_sparse,compact,compact,0,heldout_val,45000,clean,clean,1,10000,12.836666666666666,0.24090108620205872,3,12.560000000000004,12.949999999999996,13.0
cifar10,swin_tiny,single_color,training_sparse_testing_sparse,compact,compact,0,heldout_val,45000,contrast,equal_mean_of_1_2_3_4_5,5,10000,37.83866666666667,0.20854096320227866,3,37.856,38.038000000000004,37.622
cifar10,swin_tiny,single_color,training_sparse_testing_sparse,compact,compact,0,heldout_val,45000,defocus_blur,equal_mean_of_1_2_3_4_5,5,10000,26.701333333333334,0.25211373094961187,3,26.794000000000004,26.894,26.416
cifar10,swin_tiny,single_color,training_sparse_testing_sparse,compact,compact,0,heldout_val,45000,elastic_transform,equal_mean_of_1_2_3_4_5,5,10000,24.209333333333333,0.16169518648782713,3,24.03,24.344,24.253999999999998
cifar10,swin_tiny,single_color,training_sparse_testing_sparse,compact,compact,0,heldout_val,45000,fog,equal_mean_of_1_2_3_4_5,5,10000,21.419333333333334,0.2678979905362002,3,21.11,21.572,21.576000000000004
cifar10,swin_tiny,single_color,training_sparse_testing_sparse,compact,compact,0,heldout_val,45000,frost,equal_mean_of_1_2_3_4_5,5,10000,34.902,0.32346251714843394,3,34.948,34.558,35.2
cifar10,swin_tiny,single_color,training_sparse_testing_sparse,compact,compact,0,heldout_val,45000,gaussian_noise,equal_mean_of_1_2_3_4_5,5,10000,80.42533333333334,1.3590619313825776,3,81.358,81.052,78.866
cifar10,swin_tiny,single_color,training_sparse_testing_sparse,compact,compact,0,heldout_val,45000,glass_blur,equal_mean_of_1_2_3_4_5,5,10000,54.734,1.0651704089017882,3,53.68,54.712,55.81
cifar10,swin_tiny,single_color,training_sparse_testing_sparse,compact,compact,0,heldout_val,45000,impulse_noise,equal_mean_of_1_2_3_4_5,5,10000,58.287333333333336,1.7509235658170041,3,59.454,59.134,56.274
cifar10,swin_tiny,single_color,training_sparse_testing_sparse,compact,compact,0,heldout_val,45000,jpeg_compression,equal_mean_of_1_2_3_4_5,5,10000,33.18,0.2023462379190649,3,33.412,33.040000000000006,33.088
cifar10,swin_tiny,single_color,training_sparse_testing_sparse,compact,compact,0,heldout_val,45000,motion_blur,equal_mean_of_1_2_3_4_5,5,10000,33.21666666666666,0.22759027512908434,3,33.477999999999994,33.11,33.062
cifar10,swin_tiny,single_color,training_sparse_testing_sparse,compact,compact,0,heldout_val,45000,pixelate,equal_mean_of_1_2_3_4_5,5,10000,29.378666666666664,0.07563949585588824,3,29.389999999999997,29.447999999999997,29.298000000000002
cifar10,swin_tiny,single_color,training_sparse_testing_sparse,compact,compact,0,heldout_val,45000,shot_noise,equal_mean_of_1_2_3_4_5,5,10000,73.42333333333333,1.6706278260981158,3,74.49,74.282,71.498
cifar10,swin_tiny,single_color,training_sparse_testing_sparse,compact,compact,0,heldout_val,45000,snow,equal_mean_of_1_2_3_4_5,5,10000,29.63066666666667,0.29411109012299086,3,29.496000000000002,29.428,29.968000000000004
cifar10,swin_tiny,single_color,training_sparse_testing_sparse,compact,compact,0,heldout_val,45000,zoom_blur,equal_mean_of_1_2_3_4_5,5,10000,34.031333333333336,0.30195584666194286,3,33.856,34.379999999999995,33.858000000000004
cifar10,swin_tiny,single_color,training_sparse_testing_sparse,compact,compact,20,heldout_val,45000,brightness,equal_mean_of_1_2_3_4_5,5,10000,15.784,0.16974097914174804,3,15.83,15.926,15.596000000000004
cifar10,swin_tiny,single_color,training_sparse_testing_sparse,compact,compact,20,heldout_val,45000,clean,clean,1,10000,13.196666666666667,0.16165807537309945,3,13.370000000000005,13.049999999999995,13.170000000000003
cifar10,swin_tiny,single_color,training_sparse_testing_sparse,compact,compact,20,heldout_val,45000,contrast,equal_mean_of_1_2_3_4_5,5,10000,37.976,0.38025254765747357,3,38.348,37.588,37.992
cifar10,swin_tiny,single_color,training_sparse_testing_sparse,compact,compact,20,heldout_val,45000,defocus_blur,equal_mean_of_1_2_3_4_5,5,10000,27.395333333333333,0.385727019190171,3,27.368,27.023999999999997,27.794
cifar10,swin_tiny,single_color,training_sparse_testing_sparse,compact,compact,20,heldout_val,45000,elastic_transform,equal_mean_of_1_2_3_4_5,5,10000,24.598666666666666,0.2471625645872248,3,24.662,24.325999999999997,24.808
cifar10,swin_tiny,single_color,training_sparse_testing_sparse,compact,compact,20,heldout_val,45000,fog,equal_mean_of_1_2_3_4_5,5,10000,21.535333333333334,0.2344724575154488,3,21.804000000000002,21.43,21.372
cifar10,swin_tiny,single_color,training_sparse_testing_sparse,compact,compact,20,heldout_val,45000,frost,equal_mean_of_1_2_3_4_5,5,10000,34.79066666666667,0.46839869057602596,3,35.192,34.904,34.275999999999996
cifar10,swin_tiny,single_color,training_sparse_testing_sparse,compact,compact,20,heldout_val,45000,gaussian_noise,equal_mean_of_1_2_3_4_5,5,10000,80.95333333333333,2.8946601412485986,3,82.81,82.432,77.618
cifar10,swin_tiny,single_color,training_sparse_testing_sparse,compact,compact,20,heldout_val,45000,glass_blur,equal_mean_of_1_2_3_4_5,5,10000,54.739333333333335,0.6555008263406952,3,55.49,54.28,54.448
cifar10,swin_tiny,single_color,training_sparse_testing_sparse,compact,compact,20,heldout_val,45000,impulse_noise,equal_mean_of_1_2_3_4_5,5,10000,59.442,1.6010758882701377,3,60.32,60.412,57.593999999999994
cifar10,swin_tiny,single_color,training_sparse_testing_sparse,compact,compact,20,heldout_val,45000,jpeg_compression,equal_mean_of_1_2_3_4_5,5,10000,32.88333333333333,0.4930165649684929,3,32.622,33.452,32.576
cifar10,swin_tiny,single_color,training_sparse_testing_sparse,compact,compact,20,heldout_val,45000,motion_blur,equal_mean_of_1_2_3_4_5,5,10000,33.912,0.30340072511449373,3,34.224000000000004,33.618,33.894
cifar10,swin_tiny,single_color,training_sparse_testing_sparse,compact,compact,20,heldout_val,45000,pixelate,equal_mean_of_1_2_3_4_5,5,10000,29.823999999999998,0.6180388337313445,3,29.832,30.438,29.201999999999998
cifar10,swin_tiny,single_color,training_sparse_testing_sparse,compact,compact,20,heldout_val,45000,shot_noise,equal_mean_of_1_2_3_4_5,5,10000,73.678,3.1035283146767028,3,75.714,75.214,70.106
cifar10,swin_tiny,single_color,training_sparse_testing_sparse,compact,compact,20,heldout_val,45000,snow,equal_mean_of_1_2_3_4_5,5,10000,30.113333333333333,0.07128347167004045,3,30.134,30.172,30.034
cifar10,swin_tiny,single_color,training_sparse_testing_sparse,compact,compact,20,heldout_val,45000,zoom_blur,equal_mean_of_1_2_3_4_5,5,10000,34.55666666666667,0.25719512696264724,3,34.834,34.32600000000001,34.510000000000005
cifar10,swin_tiny,single_color,training_sparse_testing_sparse,compact,compact,40,heldout_val,45000,brightness,equal_mean_of_1_2_3_4_5,5,10000,16.508000000000003,0.2630665315086693,3,16.307999999999996,16.806000000000004,16.410000000000004
cifar10,swin_tiny,single_color,training_sparse_testing_sparse,compact,compact,40,heldout_val,45000,clean,clean,1,10000,14.08,0.14933184523068124,3,13.91,14.190000000000003,14.139999999999997
cifar10,swin_tiny,single_color,training_sparse_testing_sparse,compact,compact,40,heldout_val,45000,contrast,equal_mean_of_1_2_3_4_5,5,10000,39.682,0.21418683432928426,3,39.882000000000005,39.456,39.708
cifar10,swin_tiny,single_color,training_sparse_testing_sparse,compact,compact,40,heldout_val,45000,defocus_blur,equal_mean_of_1_2_3_4_5,5,10000,29.116666666666667,0.3360972081605734,3,29.252,28.734,29.363999999999997
cifar10,swin_tiny,single_color,training_sparse_testing_sparse,compact,compact,40,heldout_val,45000,elastic_transform,equal_mean_of_1_2_3_4_5,5,10000,25.898,0.1285612694399044,3,25.814,25.834000000000003,26.046
cifar10,swin_tiny,single_color,training_sparse_testing_sparse,compact,compact,40,heldout_val,45000,fog,equal_mean_of_1_2_3_4_5,5,10000,23.462666666666667,0.15505267922010607,3,23.31,23.458000000000002,23.619999999999997
cifar10,swin_tiny,single_color,training_sparse_testing_sparse,compact,compact,40,heldout_val,45000,frost,equal_mean_of_1_2_3_4_5,5,10000,34.444,0.2970050504621062,3,34.442,34.742,34.148
cifar10,swin_tiny,single_color,training_sparse_testing_sparse,compact,compact,40,heldout_val,45000,gaussian_noise,equal_mean_of_1_2_3_4_5,5,10000,79.23,1.776976083125488,3,81.25,78.532,77.908
cifar10,swin_tiny,single_color,training_sparse_testing_sparse,compact,compact,40,heldout_val,45000,glass_blur,equal_mean_of_1_2_3_4_5,5,10000,55.144666666666666,0.16590760480862,3,55.01,55.33,55.094
cifar10,swin_tiny,single_color,training_sparse_testing_sparse,compact,compact,40,heldout_val,45000,impulse_noise,equal_mean_of_1_2_3_4_5,5,10000,59.565333333333335,0.9080998476672758,3,60.528,59.443999999999996,58.724000000000004
cifar10,swin_tiny,single_color,training_sparse_testing_sparse,compact,compact,40,heldout_val,45000,jpeg_compression,equal_mean_of_1_2_3_4_5,5,10000,31.75133333333333,0.4691282695951426,3,31.764,32.214,31.276
cifar10,swin_tiny,single_color,training_sparse_testing_sparse,compact,compact,40,heldout_val,45000,motion_blur,equal_mean_of_1_2_3_4_5,5,10000,36.38666666666666,0.39904552789541936,3,36.708,36.512,35.94
cifar10,swin_tiny,single_color,training_sparse_testing_sparse,compact,compact,40,heldout_val,45000,pixelate,equal_mean_of_1_2_3_4_5,5,10000,30.301333333333332,0.25612757238012146,3,30.291999999999998,30.562,30.049999999999997
cifar10,swin_tiny,single_color,training_sparse_testing_sparse,compact,compact,40,heldout_val,45000,shot_noise,equal_mean_of_1_2_3_4_5,5,10000,71.822,1.9310007767994268,3,73.752,71.824,69.89
cifar10,swin_tiny,single_color,training_sparse_testing_sparse,compact,compact,40,heldout_val,45000,snow,equal_mean_of_1_2_3_4_5,5,10000,30.68466666666667,0.05529315810598423,3,30.748,30.66,30.646
cifar10,swin_tiny,single_color,training_sparse_testing_sparse,compact,compact,40,heldout_val,45000,zoom_blur,equal_mean_of_1_2_3_4_5,5,10000,36.32533333333333,0.5079225662769226,3,36.85,35.836,36.29
cifar10,swin_tiny,single_color,training_sparse_testing_sparse,compact,compact,60,heldout_val,45000,brightness,equal_mean_of_1_2_3_4_5,5,10000,18.903333333333332,0.13147369825685284,3,18.938000000000002,19.014,18.757999999999996
cifar10,swin_tiny,single_color,training_sparse_testing_sparse,compact,compact,60,heldout_val,45000,clean,clean,1,10000,16.623333333333335,0.061101009266081606,3,16.610000000000003,16.690000000000005,16.569999999999997
cifar10,swin_tiny,single_color,training_sparse_testing_sparse,compact,compact,60,heldout_val,45000,contrast,equal_mean_of_1_2_3_4_5,5,10000,43.524,0.5840924584344518,3,42.854,43.792,43.926
cifar10,swin_tiny,single_color,training_sparse_testing_sparse,compact,compact,60,heldout_val,45000,defocus_blur,equal_mean_of_1_2_3_4_5,5,10000,32.488,0.3810984124868537,3,32.111999999999995,32.873999999999995,32.478
cifar10,swin_tiny,single_color,training_sparse_testing_sparse,compact,compact,60,heldout_val,45000,elastic_transform,equal_mean_of_1_2_3_4_5,5,10000,28.468666666666664,0.11232690387139407,3,28.343999999999998,28.561999999999998,28.5
cifar10,swin_tiny,single_color,training_sparse_testing_sparse,compact,compact,60,heldout_val,45000,fog,equal_mean_of_1_2_3_4_5,5,10000,27.546666666666667,0.3642215443014493,3,27.19,27.918,27.532
cifar10,swin_tiny,single_color,training_sparse_testing_sparse,compact,compact,60,heldout_val,45000,frost,equal_mean_of_1_2_3_4_5,5,10000,33.936,0.45073717397170604,3,33.556,34.434,33.818
cifar10,swin_tiny,single_color,training_sparse_testing_sparse,compact,compact,60,heldout_val,45000,gaussian_noise,equal_mean_of_1_2_3_4_5,5,10000,78.94133333333333,1.5598427271149278,3,77.208,79.384,80.232
cifar10,swin_tiny,single_color,training_sparse_testing_sparse,compact,compact,60,heldout_val,45000,glass_blur,equal_mean_of_1_2_3_4_5,5,10000,54.128,1.4107147124773336,3,52.928,55.682,53.774
cifar10,swin_tiny,single_color,training_sparse_testing_sparse,compact,compact,60,heldout_val,45000,impulse_noise,equal_mean_of_1_2_3_4_5,5,10000,65.52666666666667,0.05311622476544075,3,65.588,65.496,65.49600000000001
cifar10,swin_tiny,single_color,training_sparse_testing_sparse,compact,compact,60,heldout_val,45000,jpeg_compression,equal_mean_of_1_2_3_4_5,5,10000,31.377333333333333,0.4555889960626045,3,31.518,31.746,30.868000000000002
cifar10,swin_tiny,single_color,training_sparse_testing_sparse,compact,compact,60,heldout_val,45000,motion_blur,equal_mean_of_1_2_3_4_5,5,10000,39.977333333333334,0.6284244849887164,3,39.336,40.592,40.004
cifar10,swin_tiny,single_color,training_sparse_testing_sparse,compact,compact,60,heldout_val,45000,pixelate,equal_mean_of_1_2_3_4_5,5,10000,31.63,0.1941545775921826,3,31.733999999999998,31.749999999999996,31.406000000000002
cifar10,swin_tiny,single_color,training_sparse_testing_sparse,compact,compact,60,heldout_val,45000,shot_noise,equal_mean_of_1_2_3_4_5,5,10000,71.04533333333333,1.0543952453104697,3,69.828,71.636,71.672
cifar10,swin_tiny,single_color,training_sparse_testing_sparse,compact,compact,60,heldout_val,45000,snow,equal_mean_of_1_2_3_4_5,5,10000,32.727333333333334,0.5490221610584899,3,32.446,33.36,32.376
cifar10,swin_tiny,single_color,training_sparse_testing_sparse,compact,compact,60,heldout_val,45000,zoom_blur,equal_mean_of_1_2_3_4_5,5,10000,39.134,0.7936145159962706,3,38.262,39.81399999999999,39.326
cifar10,swin_tiny,single_color,training_sparse_testing_sparse,compact,compact,80,heldout_val,45000,brightness,equal_mean_of_1_2_3_4_5,5,10000,29.970000000000002,0.2825384929527297,3,30.144000000000002,29.644000000000002,30.122
cifar10,swin_tiny,single_color,training_sparse_testing_sparse,compact,compact,80,heldout_val,45000,clean,clean,1,10000,26.319999999999997,0.17320508075688815,3,26.419999999999998,26.119999999999997,26.419999999999998
cifar10,swin_tiny,single_color,training_sparse_testing_sparse,compact,compact,80,heldout_val,45000,contrast,equal_mean_of_1_2_3_4_5,5,10000,56.81933333333333,0.19329079991901907,3,56.972,56.602,56.884
cifar10,swin_tiny,single_color,training_sparse_testing_sparse,compact,compact,80,heldout_val,45000,defocus_blur,equal_mean_of_1_2_3_4_5,5,10000,41.35333333333333,0.34389727148282756,3,41.681999999999995,40.995999999999995,41.382000000000005
cifar10,swin_tiny,single_color,training_sparse_testing_sparse,compact,compact,80,heldout_val,45000,elastic_transform,equal_mean_of_1_2_3_4_5,5,10000,37.61333333333333,0.23943544711118298,3,37.843999999999994,37.366,37.63
cifar10,swin_tiny,single_color,training_sparse_testing_sparse,compact,compact,80,heldout_val,45000,fog,equal_mean_of_1_2_3_4_5,5,10000,44.71,0.4212979942985736,3,44.844,44.238,45.048
cifar10,swin_tiny,single_color,training_sparse_testing_sparse,compact,compact,80,heldout_val,45000,frost,equal_mean_of_1_2_3_4_5,5,10000,42.98866666666667,0.3140976493597698,3,42.912,42.720000000000006,43.334
cifar10,swin_tiny,single_color,training_sparse_testing_sparse,compact,compact,80,heldout_val,45000,gaussian_noise,equal_mean_of_1_2_3_4_5,5,10000,75.95733333333334,1.4126858579788106,3,75.516,77.538,74.818
cifar10,swin_tiny,single_color,training_sparse_testing_sparse,compact,compact,80,heldout_val,45000,glass_blur,equal_mean_of_1_2_3_4_5,5,10000,49.33866666666667,0.08711677986090477,3,49.436,49.312,49.268
cifar10,swin_tiny,single_color,training_sparse_testing_sparse,compact,compact,80,heldout_val,45000,impulse_noise,equal_mean_of_1_2_3_4_5,5,10000,78.40666666666667,0.5958601625661322,3,79.09400000000001,78.09,78.036
cifar10,swin_tiny,single_color,training_sparse_testing_sparse,compact,compact,80,heldout_val,45000,jpeg_compression,equal_mean_of_1_2_3_4_5,5,10000,37.248666666666665,0.1163156624592505,3,37.147999999999996,37.376000000000005,37.222
cifar10,swin_tiny,single_color,training_sparse_testing_sparse,compact,compact,80,heldout_val,45000,motion_blur,equal_mean_of_1_2_3_4_5,5,10000,48.584,0.8525444269948613,3,49.472,47.772000000000006,48.508
cifar10,swin_tiny,single_color,training_sparse_testing_sparse,compact,compact,80,heldout_val,45000,pixelate,equal_mean_of_1_2_3_4_5,5,10000,34.242666666666665,0.09873871243506271,3,34.216,34.16,34.352000000000004
cifar10,swin_tiny,single_color,training_sparse_testing_sparse,compact,compact,80,heldout_val,45000,shot_noise,equal_mean_of_1_2_3_4_5,5,10000,70.59066666666666,1.1335507634567272,3,70.172,71.874,69.726
cifar10,swin_tiny,single_color,training_sparse_testing_sparse,compact,compact,80,heldout_val,45000,snow,equal_mean_of_1_2_3_4_5,5,10000,40.943333333333335,0.035232560697930404,3,40.906,40.948,40.976
cifar10,swin_tiny,single_color,training_sparse_testing_sparse,compact,compact,80,heldout_val,45000,zoom_blur,equal_mean_of_1_2_3_4_5,5,10000,47.19,0.1939381344656053,3,47.394,47.008,47.168
cifar10,vit_small,color_opponency,training_dense_testing_sparse,dense,compact,0,heldout_val,45000,brightness,equal_mean_of_1_2_3_4_5,5,10000,27.650666666666666,0.5751046281619846,3,28.306,27.415999999999997,27.23
cifar10,vit_small,color_opponency,training_dense_testing_sparse,dense,compact,0,heldout_val,45000,clean,clean,1,10000,22.03666666666667,0.26388128644019887,3,22.340000000000003,21.860000000000003,21.909999999999997
cifar10,vit_small,color_opponency,training_dense_testing_sparse,dense,compact,0,heldout_val,45000,contrast,equal_mean_of_1_2_3_4_5,5,10000,54.53933333333333,1.0524188013017162,3,53.964,55.754000000000005,53.9
cifar10,vit_small,color_opponency,training_dense_testing_sparse,dense,compact,0,heldout_val,45000,defocus_blur,equal_mean_of_1_2_3_4_5,5,10000,38.11333333333334,0.8779005258759874,3,37.676,39.124,37.54
cifar10,vit_small,color_opponency,training_dense_testing_sparse,dense,compact,0,heldout_val,45000,elastic_transform,equal_mean_of_1_2_3_4_5,5,10000,33.135333333333335,0.6046563762446655,3,32.648,33.812,32.946
cifar10,vit_small,color_opponency,training_dense_testing_sparse,dense,compact,0,heldout_val,45000,fog,equal_mean_of_1_2_3_4_5,5,10000,37.586,0.6689932735087835,3,37.274,38.354,37.13
cifar10,vit_small,color_opponency,training_dense_testing_sparse,dense,compact,0,heldout_val,45000,frost,equal_mean_of_1_2_3_4_5,5,10000,45.334666666666664,0.5913284479317156,3,45.663999999999994,45.688,44.652
cifar10,vit_small,color_opponency,training_dense_testing_sparse,dense,compact,0,heldout_val,45000,gaussian_noise,equal_mean_of_1_2_3_4_5,5,10000,88.88533333333334,0.4847693609680145,3,88.768,89.418,88.47
cifar10,vit_small,color_opponency,training_dense_testing_sparse,dense,compact,0,heldout_val,45000,glass_blur,equal_mean_of_1_2_3_4_5,5,10000,49.89,1.0912964766735043,3,48.742,50.914,50.013999999999996
cifar10,vit_small,color_opponency,training_dense_testing_sparse,dense,compact,0,heldout_val,45000,impulse_noise,equal_mean_of_1_2_3_4_5,5,10000,68.57666666666667,1.3740587081101518,3,68.562,67.21,69.958
cifar10,vit_small,color_opponency,training_dense_testing_sparse,dense,compact,0,heldout_val,45000,jpeg_compression,equal_mean_of_1_2_3_4_5,5,10000,44.721333333333334,0.6198107237966534,3,45.312,44.775999999999996,44.076
cifar10,vit_small,color_opponency,training_dense_testing_sparse,dense,compact,0,heldout_val,45000,motion_blur,equal_mean_of_1_2_3_4_5,5,10000,42.68866666666667,1.1854068218689036,3,41.646,43.978,42.442
cifar10,vit_small,color_opponency,training_dense_testing_sparse,dense,compact,0,heldout_val,45000,pixelate,equal_mean_of_1_2_3_4_5,5,10000,30.116666666666667,0.12267572430327642,3,30.226,30.14,29.983999999999998
cifar10,vit_small,color_opponency,training_dense_testing_sparse,dense,compact,0,heldout_val,45000,shot_noise,equal_mean_of_1_2_3_4_5,5,10000,87.39333333333333,0.5830448810626253,3,87.596,87.848,86.736
cifar10,vit_small,color_opponency,training_dense_testing_sparse,dense,compact,0,heldout_val,45000,snow,equal_mean_of_1_2_3_4_5,5,10000,38.400666666666666,0.3822372736054571,3,38.246,38.836,38.12
cifar10,vit_small,color_opponency,training_dense_testing_sparse,dense,compact,0,heldout_val,45000,zoom_blur,equal_mean_of_1_2_3_4_5,5,10000,43.187333333333335,1.2792346670307715,3,42.148,44.616,42.798
cifar10,vit_small,color_opponency,training_dense_testing_sparse,dense,compact,10,heldout_val,45000,brightness,equal_mean_of_1_2_3_4_5,5,10000,27.628666666666664,0.6000077777273656,3,28.311999999999998,27.385999999999996,27.188000000000002
cifar10,vit_small,color_opponency,training_dense_testing_sparse,dense,compact,10,heldout_val,45000,clean,clean,1,10000,22.05333333333333,0.2836077102854105,3,22.38,21.87,21.909999999999997
cifar10,vit_small,color_opponency,training_dense_testing_sparse,dense,compact,10,heldout_val,45000,contrast,equal_mean_of_1_2_3_4_5,5,10000,54.553333333333335,1.0659762348820603,3,53.958,55.784,53.918
cifar10,vit_small,color_opponency,training_dense_testing_sparse,dense,compact,10,heldout_val,45000,defocus_blur,equal_mean_of_1_2_3_4_5,5,10000,38.08133333333333,0.8622443582496404,3,37.622,39.076,37.546
cifar10,vit_small,color_opponency,training_dense_testing_sparse,dense,compact,10,heldout_val,45000,elastic_transform,equal_mean_of_1_2_3_4_5,5,10000,33.15866666666667,0.6001810837849958,3,32.674,33.83,32.972
cifar10,vit_small,color_opponency,training_dense_testing_sparse,dense,compact,10,heldout_val,45000,fog,equal_mean_of_1_2_3_4_5,5,10000,37.601333333333336,0.686091344744512,3,37.272,38.39,37.142
cifar10,vit_small,color_opponency,training_dense_testing_sparse,dense,compact,10,heldout_val,45000,frost,equal_mean_of_1_2_3_4_5,5,10000,45.370666666666665,0.595007002759906,3,45.693999999999996,45.733999999999995,44.684000000000005
cifar10,vit_small,color_opponency,training_dense_testing_sparse,dense,compact,10,heldout_val,45000,gaussian_noise,equal_mean_of_1_2_3_4_5,5,10000,88.858,0.48578184404112906,3,88.746,89.39,88.438
cifar10,vit_small,color_opponency,training_dense_testing_sparse,dense,compact,10,heldout_val,45000,glass_blur,equal_mean_of_1_2_3_4_5,5,10000,49.910000000000004,1.072872779037663,3,48.774,50.906,50.050000000000004
cifar10,vit_small,color_opponency,training_dense_testing_sparse,dense,compact,10,heldout_val,45000,impulse_noise,equal_mean_of_1_2_3_4_5,5,10000,68.59266666666666,1.3314658588688415,3,68.55199999999999,67.282,69.944
cifar10,vit_small,color_opponency,training_dense_testing_sparse,dense,compact,10,heldout_val,45000,jpeg_compression,equal_mean_of_1_2_3_4_5,5,10000,44.75066666666667,0.607757627128887,3,45.330000000000005,44.804,44.118
cifar10,vit_small,color_opponency,training_dense_testing_sparse,dense,compact,10,heldout_val,45000,motion_blur,equal_mean_of_1_2_3_4_5,5,10000,42.696666666666665,1.193951981167303,3,41.644000000000005,43.994,42.452
cifar10,vit_small,color_opponency,training_dense_testing_sparse,dense,compact,10,heldout_val,45000,pixelate,equal_mean_of_1_2_3_4_5,5,10000,30.130666666666666,0.11696723187856373,3,30.238,30.148,30.005999999999997
cifar10,vit_small,color_opponency,training_dense_testing_sparse,dense,compact,10,heldout_val,45000,shot_noise,equal_mean_of_1_2_3_4_5,5,10000,87.38066666666666,0.591805148113236,3,87.58399999999999,87.844,86.714
cifar10,vit_small,color_opponency,training_dense_testing_sparse,dense,compact,10,heldout_val,45000,snow,equal_mean_of_1_2_3_4_5,5,10000,38.462666666666664,0.41504377279190113,3,38.312,38.932,38.144
cifar10,vit_small,color_opponency,training_dense_testing_sparse,dense,compact,10,heldout_val,45000,zoom_blur,equal_mean_of_1_2_3_4_5,5,10000,43.19466666666666,1.2847448514523536,3,42.158,44.632,42.794
cifar10,vit_small,color_opponency,training_dense_testing_sparse,dense,compact,20,heldout_val,45000,brightness,equal_mean_of_1_2_3_4_5,5,10000,27.682666666666666,0.556623151991843,3,28.32,27.436,27.291999999999998
cifar10,vit_small,color_opponency,training_dense_testing_sparse,dense,compact,20,heldout_val,45000,clean,clean,1,10000,22.069999999999997,0.30347981810986846,3,22.419999999999995,21.909999999999997,21.88
cifar10,vit_small,color_opponency,training_dense_testing_sparse,dense,compact,20,heldout_val,45000,contrast,equal_mean_of_1_2_3_4_5,5,10000,54.636,1.0756077351897388,3,54.018,55.878,54.012
cifar10,vit_small,color_opponency,training_dense_testing_sparse,dense,compact,20,heldout_val,45000,defocus_blur,equal_mean_of_1_2_3_4_5,5,10000,38.096666666666664,0.8558231904624546,3,37.69,39.08,37.519999999999996
cifar10,vit_small,color_opponency,training_dense_testing_sparse,dense,compact,20,heldout_val,45000,elastic_transform,equal_mean_of_1_2_3_4_5,5,10000,33.15133333333333,0.5889867004723728,3,32.65,33.8,33.004
cifar10,vit_small,color_opponency,training_dense_testing_sparse,dense,compact,20,heldout_val,45000,fog,equal_mean_of_1_2_3_4_5,5,10000,37.62,0.6744449569831482,3,37.336,38.39,37.134
cifar10,vit_small,color_opponency,training_dense_testing_sparse,dense,compact,20,heldout_val,45000,frost,equal_mean_of_1_2_3_4_5,5,10000,45.494,0.624791165110386,3,45.791999999999994,45.913999999999994,44.776
cifar10,vit_small,color_opponency,training_dense_testing_sparse,dense,compact,20,heldout_val,45000,gaussian_noise,equal_mean_of_1_2_3_4_5,5,10000,88.85600000000001,0.5289688081541261,3,88.744,89.432,88.39200000000001
cifar10,vit_small,color_opponency,training_dense_testing_sparse,dense,compact,20,heldout_val,45000,glass_blur,equal_mean_of_1_2_3_4_5,5,10000,49.98066666666667,1.015492655479761,3,48.898,50.912000000000006,50.132000000000005
cifar10,vit_small,color_opponency,training_dense_testing_sparse,dense,compact,20,heldout_val,45000,impulse_noise,equal_mean_of_1_2_3_4_5,5,10000,69.00066666666667,1.3096783320087904,3,68.952,67.71600000000001,70.334
cifar10,vit_small,color_opponency,training_dense_testing_sparse,dense,compact,20,heldout_val,45000,jpeg_compression,equal_mean_of_1_2_3_4_5,5,10000,44.83133333333333,0.6112620823618389,3,45.41,44.892,44.192
cifar10,vit_small,color_opponency,training_dense_testing_sparse,dense,compact,20,heldout_val,45000,motion_blur,equal_mean_of_1_2_3_4_5,5,10000,42.687333333333335,1.2071691403168563,3,41.596,43.984,42.482000000000006
cifar10,vit_small,color_opponency,training_dense_testing_sparse,dense,compact,20,heldout_val,45000,pixelate,equal_mean_of_1_2_3_4_5,5,10000,30.224666666666664,0.12918720266858116,3,30.337999999999997,30.252,30.084
cifar10,vit_small,color_opponency,training_dense_testing_sparse,dense,compact,20,heldout_val,45000,shot_noise,equal_mean_of_1_2_3_4_5,5,10000,87.29333333333334,0.6309051698419774,3,87.496,87.798,86.586
cifar10,vit_small,color_opponency,training_dense_testing_sparse,dense,compact,20,heldout_val,45000,snow,equal_mean_of_1_2_3_4_5,5,10000,38.632666666666665,0.46576102599223124,3,38.426,39.166000000000004,38.306
cifar10,vit_small,color_opponency,training_dense_testing_sparse,dense,compact,20,heldout_val,45000,zoom_blur,equal_mean_of_1_2_3_4_5,5,10000,43.196666666666665,1.2989847317552787,3,42.132,44.644,42.814
cifar10,vit_small,color_opponency,training_dense_testing_sparse,dense,compact,30,heldout_val,45000,brightness,equal_mean_of_1_2_3_4_5,5,10000,27.749333333333333,0.5359713922713928,3,28.358,27.542,27.347999999999995
cifar10,vit_small,color_opponency,training_dense_testing_sparse,dense,compact,30,heldout_val,45000,clean,clean,1,10000,22.246666666666666,0.3043572462310259,3,22.59,22.140000000000004,22.009999999999998
cifar10,vit_small,color_opponency,training_dense_testing_sparse,dense,compact,30,heldout_val,45000,contrast,equal_mean_of_1_2_3_4_5,5,10000,54.730666666666664,1.066876437706513,3,54.082,55.962,54.147999999999996
cifar10,vit_small,color_opponency,training_dense_testing_sparse,dense,compact,30,heldout_val,45000,defocus_blur,equal_mean_of_1_2_3_4_5,5,10000,38.16,0.9285170973116222,3,37.64,39.232,37.608
cifar10,vit_small,color_opponency,training_dense_testing_sparse,dense,compact,30,heldout_val,45000,elastic_transform,equal_mean_of_1_2_3_4_5,5,10000,33.21866666666667,0.5861069299482228,3,32.724000000000004,33.866,33.066
cifar10,vit_small,color_opponency,training_dense_testing_sparse,dense,compact,30,heldout_val,45000,fog,equal_mean_of_1_2_3_4_5,5,10000,37.732,0.6791170738539868,3,37.412,38.512,37.272
cifar10,vit_small,color_opponency,training_dense_testing_sparse,dense,compact,30,heldout_val,45000,frost,equal_mean_of_1_2_3_4_5,5,10000,45.693333333333335,0.643258372143989,3,46.024,46.104,44.952
cifar10,vit_small,color_opponency,training_dense_testing_sparse,dense,compact,30,heldout_val,45000,gaussian_noise,equal_mean_of_1_2_3_4_5,5,10000,88.76866666666666,0.5340199746576266,3,88.774,89.3,88.232
cifar10,vit_small,color_opponency,training_dense_testing_sparse,dense,compact,30,heldout_val,45000,glass_blur,equal_mean_of_1_2_3_4_5,5,10000,50.193333333333335,1.1205540296359342,3,49.014,51.244,50.322
cifar10,vit_small,color_opponency,training_dense_testing_sparse,dense,compact,30,heldout_val,45000,impulse_noise,equal_mean_of_1_2_3_4_5,5,10000,69.83666666666667,1.1203148367014264,3,69.806,68.732,70.97200000000001
cifar10,vit_small,color_opponency,training_dense_testing_sparse,dense,compact,30,heldout_val,45000,jpeg_compression,equal_mean_of_1_2_3_4_5,5,10000,45.074,0.6777374122770576,3,45.722,45.129999999999995,44.37
cifar10,vit_small,color_opponency,training_dense_testing_sparse,dense,compact,30,heldout_val,45000,motion_blur,equal_mean_of_1_2_3_4_5,5,10000,42.86666666666667,1.2353336931102192,3,41.754,44.196,42.65
cifar10,vit_small,color_opponency,training_dense_testing_sparse,dense,compact,30,heldout_val,45000,pixelate,equal_mean_of_1_2_3_4_5,5,10000,30.441333333333333,0.12715869350277828,3,30.572,30.433999999999997,30.317999999999998
cifar10,vit_small,color_opponency,training_dense_testing_sparse,dense,compact,30,heldout_val,45000,shot_noise,equal_mean_of_1_2_3_4_5,5,10000,87.19666666666667,0.6994521665799208,3,87.48,87.71000000000001,86.39999999999999
cifar10,vit_small,color_opponency,training_dense_testing_sparse,dense,compact,30,heldout_val,45000,snow,equal_mean_of_1_2_3_4_5,5,10000,39.096000000000004,0.5125973078353018,3,38.76,39.686,38.842000000000006
cifar10,vit_small,color_opponency,training_dense_testing_sparse,dense,compact,30,heldout_val,45000,zoom_blur,equal_mean_of_1_2_3_4_5,5,10000,43.23133333333333,1.2926458653990809,3,42.138,44.658,42.897999999999996
cifar10,vit_small,color_opponency,training_dense_testing_sparse,dense,compact,40,heldout_val,45000,brightness,equal_mean_of_1_2_3_4_5,5,10000,28.068666666666665,0.6370756103739461,3,28.776,27.889999999999997,27.539999999999996
cifar10,vit_small,color_opponency,training_dense_testing_sparse,dense,compact,40,heldout_val,45000,clean,clean,1,10000,22.84,0.2821347195933133,3,22.88,23.099999999999998,22.540000000000006
cifar10,vit_small,color_opponency,training_dense_testing_sparse,dense,compact,40,heldout_val,45000,contrast,equal_mean_of_1_2_3_4_5,5,10000,55.04866666666667,1.0307692920015283,3,54.414,56.238,54.494
cifar10,vit_small,color_opponency,training_dense_testing_sparse,dense,compact,40,heldout_val,45000,defocus_blur,equal_mean_of_1_2_3_4_5,5,10000,38.57933333333334,0.8896253893259413,3,38.036,39.606,38.096000000000004
cifar10,vit_small,color_opponency,training_dense_testing_sparse,dense,compact,40,heldout_val,45000,elastic_transform,equal_mean_of_1_2_3_4_5,5,10000,33.634,0.6535074597890997,3,33.098,34.362,33.442
cifar10,vit_small,color_opponency,training_dense_testing_sparse,dense,compact,40,heldout_val,45000,fog,equal_mean_of_1_2_3_4_5,5,10000,38.19266666666667,0.6444604978843381,3,37.956,38.922,37.7
cifar10,vit_small,color_opponency,training_dense_testing_sparse,dense,compact,40,heldout_val,45000,frost,equal_mean_of_1_2_3_4_5,5,10000,46.09133333333333,0.7056807587948901,3,46.364,46.62,45.29
cifar10,vit_small,color_opponency,training_dense_testing_sparse,dense,compact,40,heldout_val,45000,gaussian_noise,equal_mean_of_1_2_3_4_5,5,10000,88.65133333333333,0.6264864989234297,3,88.77,89.21,87.97399999999999
cifar10,vit_small,color_opponency,training_dense_testing_sparse,dense,compact,40,heldout_val,45000,glass_blur,equal_mean_of_1_2_3_4_5,5,10000,50.674,1.115980286564237,3,49.532000000000004,51.762,50.728
cifar10,vit_small,color_opponency,training_dense_testing_sparse,dense,compact,40,heldout_val,45000,impulse_noise,equal_mean_of_1_2_3_4_5,5,10000,71.41,0.8913203688910067,3,71.466,70.492,72.272
cifar10,vit_small,color_opponency,training_dense_testing_sparse,dense,compact,40,heldout_val,45000,jpeg_compression,equal_mean_of_1_2_3_4_5,5,10000,45.67466666666667,0.638176569088317,3,46.304,45.692,45.028
cifar10,vit_small,color_opponency,training_dense_testing_sparse,dense,compact,40,heldout_val,45000,motion_blur,equal_mean_of_1_2_3_4_5,5,10000,43.15,1.222279837025874,3,42.018,44.446,42.986
cifar10,vit_small,color_opponency,training_dense_testing_sparse,dense,compact,40,heldout_val,45000,pixelate,equal_mean_of_1_2_3_4_5,5,10000,31.034666666666666,0.18927581285873143,3,31.21,31.06,30.834
cifar10,vit_small,color_opponency,training_dense_testing_sparse,dense,compact,40,heldout_val,45000,shot_noise,equal_mean_of_1_2_3_4_5,5,10000,86.91,0.8273064728382126,3,87.344,87.42999999999999,85.95599999999999
cifar10,vit_small,color_opponency,training_dense_testing_sparse,dense,compact,40,heldout_val,45000,snow,equal_mean_of_1_2_3_4_5,5,10000,40.00333333333333,0.45378555875362164,3,39.69199999999999,40.524,39.794
cifar10,vit_small,color_opponency,training_dense_testing_sparse,dense,compact,40,heldout_val,45000,zoom_blur,equal_mean_of_1_2_3_4_5,5,10000,43.48466666666667,1.2902656057313722,3,42.373999999999995,44.900000000000006,43.18000000000001
cifar10,vit_small,color_opponency,training_dense_testing_sparse,dense,compact,50,heldout_val,45000,brightness,equal_mean_of_1_2_3_4_5,5,10000,29.301333333333332,0.6865284650568617,3,30.093999999999998,28.914,28.896
cifar10,vit_small,color_opponency,training_dense_testing_sparse,dense,compact,50,heldout_val,45000,clean,clean,1,10000,24.32,0.38157568056678093,3,24.360000000000003,24.680000000000003,23.919999999999998
cifar10,vit_small,color_opponency,training_dense_testing_sparse,dense,compact,50,heldout_val,45000,contrast,equal_mean_of_1_2_3_4_5,5,10000,55.93,1.03647865390465,3,55.134,57.102,55.554
cifar10,vit_small,color_opponency,training_dense_testing_sparse,dense,compact,50,heldout_val,45000,defocus_blur,equal_mean_of_1_2_3_4_5,5,10000,39.650000000000006,0.9867542753897754,3,39.032000000000004,40.788000000000004,39.13
cifar10,vit_small,color_opponency,training_dense_testing_sparse,dense,compact,50,heldout_val,45000,elastic_transform,equal_mean_of_1_2_3_4_5,5,10000,35.044666666666664,0.5795181906837212,3,34.616,35.704,34.814
cifar10,vit_small,color_opponency,training_dense_testing_sparse,dense,compact,50,heldout_val,45000,fog,equal_mean_of_1_2_3_4_5,5,10000,39.244,0.585863465322764,3,38.99,39.913999999999994,38.827999999999996
cifar10,vit_small,color_opponency,training_dense_testing_sparse,dense,compact,50,heldout_val,45000,frost,equal_mean_of_1_2_3_4_5,5,10000,47.041333333333334,0.7102572303984889,3,47.32,47.57,46.234
cifar10,vit_small,color_opponency,training_dense_testing_sparse,dense,compact,50,heldout_val,45000,gaussian_noise,equal_mean_of_1_2_3_4_5,5,10000,88.33333333333334,0.793232206439786,3,88.762,88.82000000000001,87.418
cifar10,vit_small,color_opponency,training_dense_testing_sparse,dense,compact,50,heldout_val,45000,glass_blur,equal_mean_of_1_2_3_4_5,5,10000,51.49266666666667,1.2649305646292757,3,50.27,52.79600000000001,51.412
cifar10,vit_small,color_opponency,training_dense_testing_sparse,dense,compact,50,heldout_val,45000,impulse_noise,equal_mean_of_1_2_3_4_5,5,10000,73.644,0.4389578567470918,3,73.822,73.144,73.96600000000001
cifar10,vit_small,color_opponency,training_dense_testing_sparse,dense,compact,50,heldout_val,45000,jpeg_compression,equal_mean_of_1_2_3_4_5,5,10000,46.99733333333333,0.7598850790305922,3,47.852,46.742,46.398
cifar10,vit_small,color_opponency,training_dense_testing_sparse,dense,compact,50,heldout_val,45000,motion_blur,equal_mean_of_1_2_3_4_5,5,10000,44.06466666666667,1.1234666587546478,3,43.04,45.266,43.888
cifar10,vit_small,color_opponency,training_dense_testing_sparse,dense,compact,50,heldout_val,45000,pixelate,equal_mean_of_1_2_3_4_5,5,10000,32.448,0.03666060555964811,3,32.456,32.480000000000004,32.408
cifar10,vit_small,color_opponency,training_dense_testing_sparse,dense,compact,50,heldout_val,45000,shot_noise,equal_mean_of_1_2_3_4_5,5,10000,86.28533333333333,0.9758490320399645,3,86.898,86.798,85.16
cifar10,vit_small,color_opponency,training_dense_testing_sparse,dense,compact,50,heldout_val,45000,snow,equal_mean_of_1_2_3_4_5,5,10000,42.187333333333335,0.5092046085154127,3,41.86,42.774,41.928
cifar10,vit_small,color_opponency,training_dense_testing_sparse,dense,compact,50,heldout_val,45000,zoom_blur,equal_mean_of_1_2_3_4_5,5,10000,44.38733333333333,1.3766079083505705,3,43.164,45.878,44.12
cifar10,vit_small,color_opponency,training_dense_testing_sparse,dense,compact,60,heldout_val,45000,brightness,equal_mean_of_1_2_3_4_5,5,10000,33.403333333333336,0.8389668249301254,3,34.368,32.844,32.998
cifar10,vit_small,color_opponency,training_dense_testing_sparse,dense,compact,60,heldout_val,45000,clean,clean,1,10000,27.726666666666667,0.2569695182961074,3,27.880000000000006,27.869999999999994,27.43
cifar10,vit_small,color_opponency,training_dense_testing_sparse,dense,compact,60,heldout_val,45000,contrast,equal_mean_of_1_2_3_4_5,5,10000,57.723333333333336,1.0797894856560353,3,56.752,58.885999999999996,57.532000000000004
cifar10,vit_small,color_opponency,training_dense_testing_sparse,dense,compact,60,heldout_val,45000,defocus_blur,equal_mean_of_1_2_3_4_5,5,10000,42.641999999999996,0.8544565524355265,3,41.977999999999994,43.606,42.342
cifar10,vit_small,color_opponency,training_dense_testing_sparse,dense,compact,60,heldout_val,45000,elastic_transform,equal_mean_of_1_2_3_4_5,5,10000,38.446666666666665,0.5474388854779453,3,38.044,39.07,38.226
cifar10,vit_small,color_opponency,training_dense_testing_sparse,dense,compact,60,heldout_val,45000,fog,equal_mean_of_1_2_3_4_5,5,10000,41.826,0.5469149842525771,3,41.412000000000006,42.446,41.62
cifar10,vit_small,color_opponency,training_dense_testing_sparse,dense,compact,60,heldout_val,45000,frost,equal_mean_of_1_2_3_4_5,5,10000,49.744,0.9084470265238347,3,50.108000000000004,50.413999999999994,48.71
cifar10,vit_small,color_opponency,training_dense_testing_sparse,dense,compact,60,heldout_val,45000,gaussian_noise,equal_mean_of_1_2_3_4_5,5,10000,87.75733333333334,1.1636792226955543,3,88.168,88.66,86.444
cifar10,vit_small,color_opponency,training_dense_testing_sparse,dense,compact,60,heldout_val,45000,glass_blur,equal_mean_of_1_2_3_4_5,5,10000,53.626666666666665,1.352487091743699,3,52.588,55.156,53.136
cifar10,vit_small,color_opponency,training_dense_testing_sparse,dense,compact,60,heldout_val,45000,impulse_noise,equal_mean_of_1_2_3_4_5,5,10000,76.31333333333333,0.24439585375642617,3,76.586,76.24,76.114
cifar10,vit_small,color_opponency,training_dense_testing_sparse,dense,compact,60,heldout_val,45000,jpeg_compression,equal_mean_of_1_2_3_4_5,5,10000,49.483333333333334,0.8293234190189851,3,50.440000000000005,49.042,48.967999999999996
cifar10,vit_small,color_opponency,training_dense_testing_sparse,dense,compact,60,heldout_val,45000,motion_blur,equal_mean_of_1_2_3_4_5,5,10000,46.824,0.9461585490814965,3,45.888,47.78,46.804
cifar10,vit_small,color_opponency,training_dense_testing_sparse,dense,compact,60,heldout_val,45000,pixelate,equal_mean_of_1_2_3_4_5,5,10000,35.946666666666665,0.20144809091508745,3,36.088,36.036,35.716
cifar10,vit_small,color_opponency,training_dense_testing_sparse,dense,compact,60,heldout_val,45000,shot_noise,equal_mean_of_1_2_3_4_5,5,10000,84.82466666666667,1.4702725370941734,3,84.95400000000001,86.226,83.294
cifar10,vit_small,color_opponency,training_dense_testing_sparse,dense,compact,60,heldout_val,45000,snow,equal_mean_of_1_2_3_4_5,5,10000,47.10866666666667,0.5163035282983615,3,47.282000000000004,47.516000000000005,46.528
cifar10,vit_small,color_opponency,training_dense_testing_sparse,dense,compact,60,heldout_val,45000,zoom_blur,equal_mean_of_1_2_3_4_5,5,10000,46.934,1.3907062953765643,3,45.614,48.386,46.802
cifar10,vit_small,color_opponency,training_dense_testing_sparse,dense,compact,70,heldout_val,45000,brightness,equal_mean_of_1_2_3_4_5,5,10000,42.892,1.4602424456233287,3,44.578,42.068000000000005,42.03
cifar10,vit_small,color_opponency,training_dense_testing_sparse,dense,compact,70,heldout_val,45000,clean,clean,1,10000,37.67666666666667,0.9503858865394312,3,38.68000000000001,37.56,36.79
cifar10,vit_small,color_opponency,training_dense_testing_sparse,dense,compact,70,heldout_val,45000,contrast,equal_mean_of_1_2_3_4_5,5,10000,61.60933333333333,0.9749345277162664,3,60.806,62.694,61.327999999999996
cifar10,vit_small,color_opponency,training_dense_testing_sparse,dense,compact,70,heldout_val,45000,defocus_blur,equal_mean_of_1_2_3_4_5,5,10000,49.87733333333333,0.4303363025975558,3,49.699999999999996,50.368,49.564
cifar10,vit_small,color_opponency,training_dense_testing_sparse,dense,compact,70,heldout_val,45000,elastic_transform,equal_mean_of_1_2_3_4_5,5,10000,46.74,0.3674615626157417,3,46.938,46.966,46.315999999999995
cifar10,vit_small,color_opponency,training_dense_testing_sparse,dense,compact,70,heldout_val,45000,fog,equal_mean_of_1_2_3_4_5,5,10000,48.65,0.47483892005605133,3,48.514,49.178,48.258
cifar10,vit_small,color_opponency,training_dense_testing_sparse,dense,compact,70,heldout_val,45000,frost,equal_mean_of_1_2_3_4_5,5,10000,57.312,1.6862597664654182,3,58.1,58.46,55.376
cifar10,vit_small,color_opponency,training_dense_testing_sparse,dense,compact,70,heldout_val,45000,gaussian_noise,equal_mean_of_1_2_3_4_5,5,10000,87.57133333333334,1.325464949869798,3,87.31,89.00800000000001,86.396
cifar10,vit_small,color_opponency,training_dense_testing_sparse,dense,compact,70,heldout_val,45000,glass_blur,equal_mean_of_1_2_3_4_5,5,10000,60.157333333333334,2.1159681787147275,3,59.99,62.352,58.13
cifar10,vit_small,color_opponency,training_dense_testing_sparse,dense,compact,70,heldout_val,45000,impulse_noise,equal_mean_of_1_2_3_4_5,5,10000,79.15133333333333,0.36174208123099927,3,79.536,78.818,79.1
cifar10,vit_small,color_opponency,training_dense_testing_sparse,dense,compact,70,heldout_val,45000,jpeg_compression,equal_mean_of_1_2_3_4_5,5,10000,52.974666666666664,0.8002133048964739,3,53.892,52.42,52.611999999999995
cifar10,vit_small,color_opponency,training_dense_testing_sparse,dense,compact,70,heldout_val,45000,motion_blur,equal_mean_of_1_2_3_4_5,5,10000,53.032666666666664,0.5982518978936339,3,52.458,53.652,52.988
cifar10,vit_small,color_opponency,training_dense_testing_sparse,dense,compact,70,heldout_val,45000,pixelate,equal_mean_of_1_2_3_4_5,5,10000,44.43333333333334,0.9306026721073462,3,45.344,44.472,43.484
cifar10,vit_small,color_opponency,training_dense_testing_sparse,dense,compact,70,heldout_val,45000,shot_noise,equal_mean_of_1_2_3_4_5,5,10000,83.95400000000001,1.98526673270873,3,83.772,86.024,82.066
cifar10,vit_small,color_opponency,training_dense_testing_sparse,dense,compact,70,heldout_val,45000,snow,equal_mean_of_1_2_3_4_5,5,10000,57.489333333333335,1.4698929666248939,3,58.458,58.212,55.798
cifar10,vit_small,color_opponency,training_dense_testing_sparse,dense,compact,70,heldout_val,45000,zoom_blur,equal_mean_of_1_2_3_4_5,5,10000,53.498,0.9492481235167152,3,52.461999999999996,54.326,53.706
cifar10,vit_small,color_opponency,training_dense_testing_sparse,dense,compact,80,heldout_val,45000,brightness,equal_mean_of_1_2_3_4_5,5,10000,55.90933333333333,0.8586508797720656,3,56.39,56.42,54.91799999999999
cifar10,vit_small,color_opponency,training_dense_testing_sparse,dense,compact,80,heldout_val,45000,clean,clean,1,10000,51.79,0.8576712656956665,3,51.99,52.53,50.849999999999994
cifar10,vit_small,color_opponency,training_dense_testing_sparse,dense,compact,80,heldout_val,45000,contrast,equal_mean_of_1_2_3_4_5,5,10000,68.75,1.3704028604757137,3,67.928,70.33200000000001,67.99
cifar10,vit_small,color_opponency,training_dense_testing_sparse,dense,compact,80,heldout_val,45000,defocus_blur,equal_mean_of_1_2_3_4_5,5,10000,61.234,0.7750019354814522,3,60.9,62.12,60.682
cifar10,vit_small,color_opponency,training_dense_testing_sparse,dense,compact,80,heldout_val,45000,elastic_transform,equal_mean_of_1_2_3_4_5,5,10000,60.29933333333334,1.1560576686884325,3,60.141999999999996,61.526,59.230000000000004
cifar10,vit_small,color_opponency,training_dense_testing_sparse,dense,compact,80,heldout_val,45000,fog,equal_mean_of_1_2_3_4_5,5,10000,61.711999999999996,1.3323558083334952,3,61.529999999999994,63.126,60.48
cifar10,vit_small,color_opponency,training_dense_testing_sparse,dense,compact,80,heldout_val,45000,frost,equal_mean_of_1_2_3_4_5,5,10000,68.40333333333334,2.6550030759555256,3,68.408,71.056,65.74600000000001
cifar10,vit_small,color_opponency,training_dense_testing_sparse,dense,compact,80,heldout_val,45000,gaussian_noise,equal_mean_of_1_2_3_4_5,5,10000,86.85666666666667,1.5035083416241255,3,87.86,87.582,85.128
cifar10,vit_small,color_opponency,training_dense_testing_sparse,dense,compact,80,heldout_val,45000,glass_blur,equal_mean_of_1_2_3_4_5,5,10000,73.76066666666667,2.8480170879637163,3,73.912,76.53,70.84
cifar10,vit_small,color_opponency,training_dense_testing_sparse,dense,compact,80,heldout_val,45000,impulse_noise,equal_mean_of_1_2_3_4_5,5,10000,82.36933333333333,0.3488055809951046,3,82.744,82.054,82.31
cifar10,vit_small,color_opponency,training_dense_testing_sparse,dense,compact,80,heldout_val,45000,jpeg_compression,equal_mean_of_1_2_3_4_5,5,10000,60.378,1.187102354474964,3,60.36,61.574000000000005,59.2
cifar10,vit_small,color_opponency,training_dense_testing_sparse,dense,compact,80,heldout_val,45000,motion_blur,equal_mean_of_1_2_3_4_5,5,10000,63.67133333333334,1.0548977833578668,3,63.012,64.888,63.114
cifar10,vit_small,color_opponency,training_dense_testing_sparse,dense,compact,80,heldout_val,45000,pixelate,equal_mean_of_1_2_3_4_5,5,10000,58.6,1.896235217476986,3,58.838,60.366,56.596000000000004
cifar10,vit_small,color_opponency,training_dense_testing_sparse,dense,compact,80,heldout_val,45000,shot_noise,equal_mean_of_1_2_3_4_5,5,10000,83.76066666666667,1.4207946133531468,3,84.746,84.404,82.132
cifar10,vit_small,color_opponency,training_dense_testing_sparse,dense,compact,80,heldout_val,45000,snow,equal_mean_of_1_2_3_4_5,5,10000,69.39333333333333,2.402267539915841,3,68.756,72.05,67.37400000000001
cifar10,vit_small,color_opponency,training_dense_testing_sparse,dense,compact,80,heldout_val,45000,zoom_blur,equal_mean_of_1_2_3_4_5,5,10000,64.14999999999999,1.039001443694859,3,63.251999999999995,65.288,63.91
cifar10,vit_small,color_opponency,training_dense_testing_sparse,dense,compact,90,heldout_val,45000,brightness,equal_mean_of_1_2_3_4_5,5,10000,72.2,1.926591809387757,3,70.726,74.38,71.494
cifar10,vit_small,color_opponency,training_dense_testing_sparse,dense,compact,90,heldout_val,45000,clean,clean,1,10000,70.57666666666667,1.5300435723643138,3,69.78999999999999,72.34,69.6
cifar10,vit_small,color_opponency,training_dense_testing_sparse,dense,compact,90,heldout_val,45000,contrast,equal_mean_of_1_2_3_4_5,5,10000,79.19733333333333,1.5959327471210483,3,77.72,80.89,78.982
cifar10,vit_small,color_opponency,training_dense_testing_sparse,dense,compact,90,heldout_val,45000,defocus_blur,equal_mean_of_1_2_3_4_5,5,10000,74.42866666666667,1.7171421995086313,3,72.91,76.292,74.084
cifar10,vit_small,color_opponency,training_dense_testing_sparse,dense,compact,90,heldout_val,45000,elastic_transform,equal_mean_of_1_2_3_4_5,5,10000,75.71933333333334,1.8022977926339774,3,74.426,77.77799999999999,74.95400000000001
cifar10,vit_small,color_opponency,training_dense_testing_sparse,dense,compact,90,heldout_val,45000,fog,equal_mean_of_1_2_3_4_5,5,10000,77.03466666666667,1.2124427134233302,3,76.238,78.42999999999999,76.43599999999999
cifar10,vit_small,color_opponency,training_dense_testing_sparse,dense,compact,90,heldout_val,45000,frost,equal_mean_of_1_2_3_4_5,5,10000,80.112,0.707434802649689,3,80.164,80.792,79.38
cifar10,vit_small,color_opponency,training_dense_testing_sparse,dense,compact,90,heldout_val,45000,gaussian_noise,equal_mean_of_1_2_3_4_5,5,10000,86.90666666666667,2.126439590802739,3,88.082,88.18599999999999,84.452
cifar10,vit_small,color_opponency,training_dense_testing_sparse,dense,compact,90,heldout_val,45000,glass_blur,equal_mean_of_1_2_3_4_5,5,10000,86.29866666666666,0.6331961254882476,3,86.072,87.014,85.81
cifar10,vit_small,color_opponency,training_dense_testing_sparse,dense,compact,90,heldout_val,45000,impulse_noise,equal_mean_of_1_2_3_4_5,5,10000,86.928,0.8769127664711013,3,87.268,87.584,85.932
cifar10,vit_small,color_opponency,training_dense_testing_sparse,dense,compact,90,heldout_val,45000,jpeg_compression,equal_mean_of_1_2_3_4_5,5,10000,73.04666666666667,1.3433113314988954,3,72.024,74.568,72.54799999999999
cifar10,vit_small,color_opponency,training_dense_testing_sparse,dense,compact,90,heldout_val,45000,motion_blur,equal_mean_of_1_2_3_4_5,5,10000,76.41799999999999,1.5416186298822427,3,75.454,78.196,75.604
cifar10,vit_small,color_opponency,training_dense_testing_sparse,dense,compact,90,heldout_val,45000,pixelate,equal_mean_of_1_2_3_4_5,5,10000,75.77733333333333,1.124107349559348,3,75.342,77.054,74.93599999999999
cifar10,vit_small,color_opponency,training_dense_testing_sparse,dense,compact,90,heldout_val,45000,shot_noise,equal_mean_of_1_2_3_4_5,5,10000,85.78866666666667,2.0334938734437675,3,86.572,87.31400000000001,83.48
cifar10,vit_small,color_opponency,training_dense_testing_sparse,dense,compact,90,heldout_val,45000,snow,equal_mean_of_1_2_3_4_5,5,10000,81.48,0.8039203940689644,3,81.652,82.184,80.604
cifar10,vit_small,color_opponency,training_dense_testing_sparse,dense,compact,90,heldout_val,45000,zoom_blur,equal_mean_of_1_2_3_4_5,5,10000,75.96,1.3580618542614316,3,74.572,77.286,76.02199999999999
cifar10,vit_small,color_opponency,training_sparse_testing_sparse,compact,compact,0,heldout_val,45000,brightness,equal_mean_of_1_2_3_4_5,5,10000,27.716,0.25514701644346177,3,27.526,27.616,28.006
cifar10,vit_small,color_opponency,training_sparse_testing_sparse,compact,compact,0,heldout_val,45000,clean,clean,1,10000,22.103333333333335,0.6375996654118713,3,21.99,21.530000000000005,22.79
cifar10,vit_small,color_opponency,training_sparse_testing_sparse,compact,compact,0,heldout_val,45000,contrast,equal_mean_of_1_2_3_4_5,5,10000,53.924,0.9165762379638684,3,53.628,53.192,54.952
cifar10,vit_small,color_opponency,training_sparse_testing_sparse,compact,compact,0,heldout_val,45000,defocus_blur,equal_mean_of_1_2_3_4_5,5,10000,37.10066666666667,0.35318739124342013,3,37.246,36.698,37.358
cifar10,vit_small,color_opponency,training_sparse_testing_sparse,compact,compact,0,heldout_val,45000,elastic_transform,equal_mean_of_1_2_3_4_5,5,10000,32.656,0.67119892729354,3,32.492,32.082,33.394
cifar10,vit_small,color_opponency,training_sparse_testing_sparse,compact,compact,0,heldout_val,45000,fog,equal_mean_of_1_2_3_4_5,5,10000,37.126,0.8082301652376016,3,37.02,36.376,37.982
cifar10,vit_small,color_opponency,training_sparse_testing_sparse,compact,compact,0,heldout_val,45000,frost,equal_mean_of_1_2_3_4_5,5,10000,45.010666666666665,0.5830140078362882,3,44.43,45.006,45.596
cifar10,vit_small,color_opponency,training_sparse_testing_sparse,compact,compact,0,heldout_val,45000,gaussian_noise,equal_mean_of_1_2_3_4_5,5,10000,88.45066666666666,0.1994525841731195,3,88.668,88.276,88.408
cifar10,vit_small,color_opponency,training_sparse_testing_sparse,compact,compact,0,heldout_val,45000,glass_blur,equal_mean_of_1_2_3_4_5,5,10000,49.35,0.9176034001680683,3,48.384,49.455999999999996,50.21
cifar10,vit_small,color_opponency,training_sparse_testing_sparse,compact,compact,0,heldout_val,45000,impulse_noise,equal_mean_of_1_2_3_4_5,5,10000,68.51066666666667,2.1375634103654884,3,67.79599999999999,66.822,70.914
cifar10,vit_small,color_opponency,training_sparse_testing_sparse,compact,compact,0,heldout_val,45000,jpeg_compression,equal_mean_of_1_2_3_4_5,5,10000,44.45333333333333,0.9765374203446213,3,44.954,43.328,45.077999999999996
cifar10,vit_small,color_opponency,training_sparse_testing_sparse,compact,compact,0,heldout_val,45000,motion_blur,equal_mean_of_1_2_3_4_5,5,10000,41.74666666666667,1.0479433826945683,3,41.798,40.674,42.768
cifar10,vit_small,color_opponency,training_sparse_testing_sparse,compact,compact,0,heldout_val,45000,pixelate,equal_mean_of_1_2_3_4_5,5,10000,29.922,0.6729992570575424,3,29.497999999999998,29.57,30.698000000000004
cifar10,vit_small,color_opponency,training_sparse_testing_sparse,compact,compact,0,heldout_val,45000,shot_noise,equal_mean_of_1_2_3_4_5,5,10000,86.446,0.4795164230764169,3,86.402,85.99,86.946
cifar10,vit_small,color_opponency,training_sparse_testing_sparse,compact,compact,0,heldout_val,45000,snow,equal_mean_of_1_2_3_4_5,5,10000,37.95066666666667,0.85611292090082,3,37.298,37.634,38.92
cifar10,vit_small,color_opponency,training_sparse_testing_sparse,compact,compact,0,heldout_val,45000,zoom_blur,equal_mean_of_1_2_3_4_5,5,10000,42.034666666666666,0.12532092137122658,3,42.11,41.89,42.104
cifar10,vit_small,color_opponency,training_sparse_testing_sparse,compact,compact,20,heldout_val,45000,brightness,equal_mean_of_1_2_3_4_5,5,10000,27.690666666666665,0.6245392968687674,3,28.028,26.97,28.074
cifar10,vit_small,color_opponency,training_sparse_testing_sparse,compact,compact,20,heldout_val,45000,clean,clean,1,10000,22.05333333333333,0.4880915214724937,3,22.35,21.49,22.319999999999997
cifar10,vit_small,color_opponency,training_sparse_testing_sparse,compact,compact,20,heldout_val,45000,contrast,equal_mean_of_1_2_3_4_5,5,10000,53.664,0.7704881569498618,3,53.882000000000005,52.80800000000001,54.302
cifar10,vit_small,color_opponency,training_sparse_testing_sparse,compact,compact,20,heldout_val,45000,defocus_blur,equal_mean_of_1_2_3_4_5,5,10000,36.77333333333333,0.5420049200268712,3,36.23,36.775999999999996,37.314
cifar10,vit_small,color_opponency,training_sparse_testing_sparse,compact,compact,20,heldout_val,45000,elastic_transform,equal_mean_of_1_2_3_4_5,5,10000,32.37133333333333,0.5912912423952632,3,32.04,32.02,33.054
cifar10,vit_small,color_opponency,training_sparse_testing_sparse,compact,compact,20,heldout_val,45000,fog,equal_mean_of_1_2_3_4_5,5,10000,36.92866666666667,0.5693306010863376,3,37.230000000000004,36.272000000000006,37.284
cifar10,vit_small,color_opponency,training_sparse_testing_sparse,compact,compact,20,heldout_val,45000,frost,equal_mean_of_1_2_3_4_5,5,10000,44.69733333333333,0.46456144193565563,3,44.172,44.866,45.054
cifar10,vit_small,color_opponency,training_sparse_testing_sparse,compact,compact,20,heldout_val,45000,gaussian_noise,equal_mean_of_1_2_3_4_5,5,10000,88.37266666666667,0.9533946367236042,3,88.58200000000001,89.20400000000001,87.33200000000001
cifar10,vit_small,color_opponency,training_sparse_testing_sparse,compact,compact,20,heldout_val,45000,glass_blur,equal_mean_of_1_2_3_4_5,5,10000,50.06266666666667,0.0629391240273763,3,50.098000000000006,49.99,50.1
cifar10,vit_small,color_opponency,training_sparse_testing_sparse,compact,compact,20,heldout_val,45000,impulse_noise,equal_mean_of_1_2_3_4_5,5,10000,68.64,2.9293111818309785,3,69.392,65.408,71.12
cifar10,vit_small,color_opponency,training_sparse_testing_sparse,compact,compact,20,heldout_val,45000,jpeg_compression,equal_mean_of_1_2_3_4_5,5,10000,44.32,0.6719494028570889,3,44.754,43.546,44.66
cifar10,vit_small,color_opponency,training_sparse_testing_sparse,compact,compact,20,heldout_val,45000,motion_blur,equal_mean_of_1_2_3_4_5,5,10000,41.397333333333336,0.9220983317051054,3,41.072,40.681999999999995,42.438
cifar10,vit_small,color_opponency,training_sparse_testing_sparse,compact,compact,20,heldout_val,45000,pixelate,equal_mean_of_1_2_3_4_5,5,10000,29.804,0.34809194187742987,3,29.848,29.436,30.128
cifar10,vit_small,color_opponency,training_sparse_testing_sparse,compact,compact,20,heldout_val,45000,shot_noise,equal_mean_of_1_2_3_4_5,5,10000,86.82066666666667,1.0940755610712323,3,87.38,87.522,85.56
cifar10,vit_small,color_opponency,training_sparse_testing_sparse,compact,compact,20,heldout_val,45000,snow,equal_mean_of_1_2_3_4_5,5,10000,38.10333333333333,0.9048521057793573,3,37.338,37.87,39.102000000000004
cifar10,vit_small,color_opponency,training_sparse_testing_sparse,compact,compact,20,heldout_val,45000,zoom_blur,equal_mean_of_1_2_3_4_5,5,10000,41.48866666666666,0.7123407424353433,3,40.82599999999999,41.397999999999996,42.242
cifar10,vit_small,color_opponency,training_sparse_testing_sparse,compact,compact,40,heldout_val,45000,brightness,equal_mean_of_1_2_3_4_5,5,10000,27.874666666666666,0.19288684074693502,3,27.671999999999997,28.055999999999997,27.896
cifar10,vit_small,color_opponency,training_sparse_testing_sparse,compact,compact,40,heldout_val,45000,clean,clean,1,10000,22.470000000000002,0.2022374841615636,3,22.550000000000004,22.240000000000006,22.619999999999997
cifar10,vit_small,color_opponency,training_sparse_testing_sparse,compact,compact,40,heldout_val,45000,contrast,equal_mean_of_1_2_3_4_5,5,10000,54.076,0.49362333818408716,3,53.516,54.448,54.264
cifar10,vit_small,color_opponency,training_sparse_testing_sparse,compact,compact,40,heldout_val,45000,defocus_blur,equal_mean_of_1_2_3_4_5,5,10000,37.50266666666666,0.11562583333033423,3,37.42999999999999,37.442,37.636
cifar10,vit_small,color_opponency,training_sparse_testing_sparse,compact,compact,40,heldout_val,45000,elastic_transform,equal_mean_of_1_2_3_4_5,5,10000,32.876666666666665,0.2960090088719162,3,32.538,33.006,33.086
cifar10,vit_small,color_opponency,training_sparse_testing_sparse,compact,compact,40,heldout_val,45000,fog,equal_mean_of_1_2_3_4_5,5,10000,37.327333333333335,0.34614640447841455,3,36.952,37.396,37.634
cifar10,vit_small,color_opponency,training_sparse_testing_sparse,compact,compact,40,heldout_val,45000,frost,equal_mean_of_1_2_3_4_5,5,10000,45.504666666666665,0.5763482743388199,3,44.839999999999996,45.808,45.866
cifar10,vit_small,color_opponency,training_sparse_testing_sparse,compact,compact,40,heldout_val,45000,gaussian_noise,equal_mean_of_1_2_3_4_5,5,10000,87.88866666666667,1.049267045767344,3,87.024,89.056,87.586
cifar10,vit_small,color_opponency,training_sparse_testing_sparse,compact,compact,40,heldout_val,45000,glass_blur,equal_mean_of_1_2_3_4_5,5,10000,49.802,0.8664433045502743,3,48.92,49.834,50.652
cifar10,vit_small,color_opponency,training_sparse_testing_sparse,compact,compact,40,heldout_val,45000,impulse_noise,equal_mean_of_1_2_3_4_5,5,10000,69.94733333333333,1.6718006260715808,3,70.682,71.126,68.034
cifar10,vit_small,color_opponency,training_sparse_testing_sparse,compact,compact,40,heldout_val,45000,jpeg_compression,equal_mean_of_1_2_3_4_5,5,10000,43.88133333333333,0.4329449541608429,3,44.354,43.785999999999994,43.504
cifar10,vit_small,color_opponency,training_sparse_testing_sparse,compact,compact,40,heldout_val,45000,motion_blur,equal_mean_of_1_2_3_4_5,5,10000,42.282000000000004,0.663834316678492,3,41.706,42.132,43.008
cifar10,vit_small,color_opponency,training_sparse_testing_sparse,compact,compact,40,heldout_val,45000,pixelate,equal_mean_of_1_2_3_4_5,5,10000,30.067333333333334,0.19823555012492924,3,29.962,29.944,30.296
cifar10,vit_small,color_opponency,training_sparse_testing_sparse,compact,compact,40,heldout_val,45000,shot_noise,equal_mean_of_1_2_3_4_5,5,10000,85.79533333333333,1.2932893463310278,3,84.47,87.054,85.862
cifar10,vit_small,color_opponency,training_sparse_testing_sparse,compact,compact,40,heldout_val,45000,snow,equal_mean_of_1_2_3_4_5,5,10000,38.92066666666667,0.3133326241126734,3,38.724000000000004,38.756,39.282000000000004
cifar10,vit_small,color_opponency,training_sparse_testing_sparse,compact,compact,40,heldout_val,45000,zoom_blur,equal_mean_of_1_2_3_4_5,5,10000,42.26133333333333,0.6922928089568253,3,41.648,42.124,43.012
cifar10,vit_small,color_opponency,training_sparse_testing_sparse,compact,compact,60,heldout_val,45000,brightness,equal_mean_of_1_2_3_4_5,5,10000,28.798666666666666,0.2164932639444772,3,28.748,29.035999999999998,28.612
cifar10,vit_small,color_opponency,training_sparse_testing_sparse,compact,compact,60,heldout_val,45000,clean,clean,1,10000,23.89,0.2879236009777571,3,23.760000000000005,24.22,23.69
cifar10,vit_small,color_opponency,training_sparse_testing_sparse,compact,compact,60,heldout_val,45000,contrast,equal_mean_of_1_2_3_4_5,5,10000,55.666,0.6016410890223469,3,54.980000000000004,55.913999999999994,56.104
cifar10,vit_small,color_opponency,training_sparse_testing_sparse,compact,compact,60,heldout_val,45000,defocus_blur,equal_mean_of_1_2_3_4_5,5,10000,39.39733333333333,0.1430011654964166,3,39.254,39.397999999999996,39.54
cifar10,vit_small,color_opponency,training_sparse_testing_sparse,compact,compact,60,heldout_val,45000,elastic_transform,equal_mean_of_1_2_3_4_5,5,10000,35.004,0.3704051835490436,3,34.644,34.984,35.384
cifar10,vit_small,color_opponency,training_sparse_testing_sparse,compact,compact,60,heldout_val,45000,fog,equal_mean_of_1_2_3_4_5,5,10000,40.202666666666666,0.3607178029060036,3,39.796,40.484,40.328
cifar10,vit_small,color_opponency,training_sparse_testing_sparse,compact,compact,60,heldout_val,45000,frost,equal_mean_of_1_2_3_4_5,5,10000,45.97533333333333,0.6876549522350114,3,45.202,46.206,46.518
cifar10,vit_small,color_opponency,training_sparse_testing_sparse,compact,compact,60,heldout_val,45000,gaussian_noise,equal_mean_of_1_2_3_4_5,5,10000,86.86133333333333,0.694021133203692,3,86.226,86.756,87.602
cifar10,vit_small,color_opponency,training_sparse_testing_sparse,compact,compact,60,heldout_val,45000,glass_blur,equal_mean_of_1_2_3_4_5,5,10000,50.812666666666665,0.6440507226401767,3,50.092,51.013999999999996,51.332
cifar10,vit_small,color_opponency,training_sparse_testing_sparse,compact,compact,60,heldout_val,45000,impulse_noise,equal_mean_of_1_2_3_4_5,5,10000,72.642,0.9631884550803166,3,73.754,72.068,72.104
cifar10,vit_small,color_opponency,training_sparse_testing_sparse,compact,compact,60,heldout_val,45000,jpeg_compression,equal_mean_of_1_2_3_4_5,5,10000,42.998666666666665,0.520593251332875,3,43.434,43.14,42.422
cifar10,vit_small,color_opponency,training_sparse_testing_sparse,compact,compact,60,heldout_val,45000,motion_blur,equal_mean_of_1_2_3_4_5,5,10000,45.257333333333335,0.6624872325813811,3,44.61,45.227999999999994,45.934000000000005
cifar10,vit_small,color_opponency,training_sparse_testing_sparse,compact,compact,60,heldout_val,45000,pixelate,equal_mean_of_1_2_3_4_5,5,10000,31.286666666666665,0.450716466676486,3,30.821999999999996,31.316,31.722
cifar10,vit_small,color_opponency,training_sparse_testing_sparse,compact,compact,60,heldout_val,45000,shot_noise,equal_mean_of_1_2_3_4_5,5,10000,83.58133333333333,1.2362804428338028,3,82.972,82.768,85.004
cifar10,vit_small,color_opponency,training_sparse_testing_sparse,compact,compact,60,heldout_val,45000,snow,equal_mean_of_1_2_3_4_5,5,10000,40.796,1.0145757734146823,3,39.714,40.948,41.726
cifar10,vit_small,color_opponency,training_sparse_testing_sparse,compact,compact,60,heldout_val,45000,zoom_blur,equal_mean_of_1_2_3_4_5,5,10000,44.779333333333334,0.43244575767757876,3,44.336,44.802,45.2
cifar10,vit_small,color_opponency,training_sparse_testing_sparse,compact,compact,80,heldout_val,45000,brightness,equal_mean_of_1_2_3_4_5,5,10000,31.744666666666667,0.46475943598095126,3,31.714000000000002,31.296,32.224
cifar10,vit_small,color_opponency,training_sparse_testing_sparse,compact,compact,80,heldout_val,45000,clean,clean,1,10000,27.96666666666667,0.6606310114832133,3,28.000000000000004,27.290000000000003,28.610000000000003
cifar10,vit_small,color_opponency,training_sparse_testing_sparse,compact,compact,80,heldout_val,45000,contrast,equal_mean_of_1_2_3_4_5,5,10000,59.03066666666667,0.7063492998038134,3,59.694,58.288,59.11
cifar10,vit_small,color_opponency,training_sparse_testing_sparse,compact,compact,80,heldout_val,45000,defocus_blur,equal_mean_of_1_2_3_4_5,5,10000,44.646,0.7558518373332156,3,44.733999999999995,43.85,45.354
cifar10,vit_small,color_opponency,training_sparse_testing_sparse,compact,compact,80,heldout_val,45000,elastic_transform,equal_mean_of_1_2_3_4_5,5,10000,40.95933333333333,0.8941953552403022,3,40.838,40.132000000000005,41.908
cifar10,vit_small,color_opponency,training_sparse_testing_sparse,compact,compact,80,heldout_val,45000,fog,equal_mean_of_1_2_3_4_5,5,10000,46.506,0.7057166570231993,3,46.88,45.692,46.946
cifar10,vit_small,color_opponency,training_sparse_testing_sparse,compact,compact,80,heldout_val,45000,frost,equal_mean_of_1_2_3_4_5,5,10000,49.39533333333333,0.5455651504021598,3,49.424,48.836000000000006,49.926
cifar10,vit_small,color_opponency,training_sparse_testing_sparse,compact,compact,80,heldout_val,45000,gaussian_noise,equal_mean_of_1_2_3_4_5,5,10000,76.63933333333334,2.3952956672054775,3,74.58,76.07000000000001,79.268
cifar10,vit_small,color_opponency,training_sparse_testing_sparse,compact,compact,80,heldout_val,45000,glass_blur,equal_mean_of_1_2_3_4_5,5,10000,56.126666666666665,0.4244023248444052,3,56.148,55.69199999999999,56.54
cifar10,vit_small,color_opponency,training_sparse_testing_sparse,compact,compact,80,heldout_val,45000,impulse_noise,equal_mean_of_1_2_3_4_5,5,10000,70.45,1.5917575192220668,3,68.792,71.966,70.592
cifar10,vit_small,color_opponency,training_sparse_testing_sparse,compact,compact,80,heldout_val,45000,jpeg_compression,equal_mean_of_1_2_3_4_5,5,10000,38.92733333333333,0.5733980583620194,3,38.952,38.342,39.488
cifar10,vit_small,color_opponency,training_sparse_testing_sparse,compact,compact,80,heldout_val,45000,motion_blur,equal_mean_of_1_2_3_4_5,5,10000,51.361333333333334,0.4317468394016736,3,51.58,50.864,51.64
cifar10,vit_small,color_opponency,training_sparse_testing_sparse,compact,compact,80,heldout_val,45000,pixelate,equal_mean_of_1_2_3_4_5,5,10000,36.628,0.6104522913381512,3,36.455999999999996,36.122,37.306
cifar10,vit_small,color_opponency,training_sparse_testing_sparse,compact,compact,80,heldout_val,45000,shot_noise,equal_mean_of_1_2_3_4_5,5,10000,72.15333333333334,1.96062983077717,3,70.816,71.24000000000001,74.404
cifar10,vit_small,color_opponency,training_sparse_testing_sparse,compact,compact,80,heldout_val,45000,snow,equal_mean_of_1_2_3_4_5,5,10000,48.36333333333334,0.8915252847414536,3,48.778,47.34,48.972
cifar10,vit_small,color_opponency,training_sparse_testing_sparse,compact,compact,80,heldout_val,45000,zoom_blur,equal_mean_of_1_2_3_4_5,5,10000,51.55,1.123257762047517,3,51.756,50.338,52.556
cifar10,vit_small,grayscale,training_dense_testing_sparse,dense,compact,0,heldout_val,45000,brightness,equal_mean_of_1_2_3_4_5,5,10000,26.762666666666668,1.2453278015580196,3,28.16,26.358,25.770000000000003
cifar10,vit_small,grayscale,training_dense_testing_sparse,dense,compact,0,heldout_val,45000,clean,clean,1,10000,23.659999999999997,1.1007724560507506,3,24.819999999999997,23.529999999999994,22.629999999999995
cifar10,vit_small,grayscale,training_dense_testing_sparse,dense,compact,0,heldout_val,45000,contrast,equal_mean_of_1_2_3_4_5,5,10000,53.56666666666667,0.6786231158259564,3,53.784,52.806000000000004,54.11
cifar10,vit_small,grayscale,training_dense_testing_sparse,dense,compact,0,heldout_val,45000,defocus_blur,equal_mean_of_1_2_3_4_5,5,10000,42.61066666666667,1.3799599027991112,3,43.45,41.018,43.364
cifar10,vit_small,grayscale,training_dense_testing_sparse,dense,compact,0,heldout_val,45000,elastic_transform,equal_mean_of_1_2_3_4_5,5,10000,39.872,1.1572190803819287,3,41.082,38.776,39.758
cifar10,vit_small,grayscale,training_dense_testing_sparse,dense,compact,0,heldout_val,45000,fog,equal_mean_of_1_2_3_4_5,5,10000,39.616,1.004852227942,3,40.768,38.92,39.16
cifar10,vit_small,grayscale,training_dense_testing_sparse,dense,compact,0,heldout_val,45000,frost,equal_mean_of_1_2_3_4_5,5,10000,50.732,1.845824477029168,3,52.814,50.086,49.296
cifar10,vit_small,grayscale,training_dense_testing_sparse,dense,compact,0,heldout_val,45000,gaussian_noise,equal_mean_of_1_2_3_4_5,5,10000,75.08,1.6196752760970328,3,76.672,75.134,73.434
cifar10,vit_small,grayscale,training_dense_testing_sparse,dense,compact,0,heldout_val,45000,glass_blur,equal_mean_of_1_2_3_4_5,5,10000,63.635333333333335,0.24516389076153558,3,63.589999999999996,63.900000000000006,63.416000000000004
cifar10,vit_small,grayscale,training_dense_testing_sparse,dense,compact,0,heldout_val,45000,impulse_noise,equal_mean_of_1_2_3_4_5,5,10000,52.660000000000004,2.047074009409525,3,54.912,52.156,50.912000000000006
cifar10,vit_small,grayscale,training_dense_testing_sparse,dense,compact,0,heldout_val,45000,jpeg_compression,equal_mean_of_1_2_3_4_5,5,10000,36.291333333333334,1.7603753387653795,3,38.324,35.286,35.264
cifar10,vit_small,grayscale,training_dense_testing_sparse,dense,compact,0,heldout_val,45000,motion_blur,equal_mean_of_1_2_3_4_5,5,10000,50.838,1.2864011815914984,3,50.69,49.632,52.192
cifar10,vit_small,grayscale,training_dense_testing_sparse,dense,compact,0,heldout_val,45000,pixelate,equal_mean_of_1_2_3_4_5,5,10000,39.681333333333335,0.6011466820446838,3,40.29,39.088,39.666000000000004
cifar10,vit_small,grayscale,training_dense_testing_sparse,dense,compact,0,heldout_val,45000,shot_noise,equal_mean_of_1_2_3_4_5,5,10000,65.718,1.5343389456049084,3,67.288,65.644,64.22200000000001
cifar10,vit_small,grayscale,training_dense_testing_sparse,dense,compact,0,heldout_val,45000,snow,equal_mean_of_1_2_3_4_5,5,10000,47.38333333333333,1.8578378113638845,3,49.386,47.048,45.715999999999994
cifar10,vit_small,grayscale,training_dense_testing_sparse,dense,compact,0,heldout_val,45000,zoom_blur,equal_mean_of_1_2_3_4_5,5,10000,50.760666666666665,2.0582879617131637,3,51.418000000000006,48.454,52.41
cifar10,vit_small,grayscale,training_dense_testing_sparse,dense,compact,10,heldout_val,45000,brightness,equal_mean_of_1_2_3_4_5,5,10000,26.745333333333335,1.3384473591939794,3,28.266000000000002,26.224,25.746
cifar10,vit_small,grayscale,training_dense_testing_sparse,dense,compact,10,heldout_val,45000,clean,clean,1,10000,23.633333333333333,1.1647460381273402,3,24.89,23.419999999999995,22.59
cifar10,vit_small,grayscale,training_dense_testing_sparse,dense,compact,10,heldout_val,45000,contrast,equal_mean_of_1_2_3_4_5,5,10000,53.69466666666667,0.7315581544438785,3,53.916000000000004,52.878,54.29
cifar10,vit_small,grayscale,training_dense_testing_sparse,dense,compact,10,heldout_val,45000,defocus_blur,equal_mean_of_1_2_3_4_5,5,10000,42.733999999999995,1.4144907210724311,3,43.662,41.105999999999995,43.434
cifar10,vit_small,grayscale,training_dense_testing_sparse,dense,compact,10,heldout_val,45000,elastic_transform,equal_mean_of_1_2_3_4_5,5,10000,40.034666666666666,1.1438694564211997,3,41.248,38.976,39.88
cifar10,vit_small,grayscale,training_dense_testing_sparse,dense,compact,10,heldout_val,45000,fog,equal_mean_of_1_2_3_4_5,5,10000,39.694,0.9767312834142267,3,40.804,38.966,39.312
cifar10,vit_small,grayscale,training_dense_testing_sparse,dense,compact,10,heldout_val,45000,frost,equal_mean_of_1_2_3_4_5,5,10000,51.01133333333333,1.9269398883549371,3,53.18,50.358000000000004,49.495999999999995
cifar10,vit_small,grayscale,training_dense_testing_sparse,dense,compact,10,heldout_val,45000,gaussian_noise,equal_mean_of_1_2_3_4_5,5,10000,75.054,1.6190713387618245,3,76.638,75.122,73.402
cifar10,vit_small,grayscale,training_dense_testing_sparse,dense,compact,10,heldout_val,45000,glass_blur,equal_mean_of_1_2_3_4_5,5,10000,63.931333333333335,0.13291099778924717,3,63.89,64.08,63.824
cifar10,vit_small,grayscale,training_dense_testing_sparse,dense,compact,10,heldout_val,45000,impulse_noise,equal_mean_of_1_2_3_4_5,5,10000,53.05866666666667,2.0755195333538388,3,55.348,52.528,51.3
cifar10,vit_small,grayscale,training_dense_testing_sparse,dense,compact,10,heldout_val,45000,jpeg_compression,equal_mean_of_1_2_3_4_5,5,10000,36.478,1.8313808997584284,3,38.592,35.468,35.374
cifar10,vit_small,grayscale,training_dense_testing_sparse,dense,compact,10,heldout_val,45000,motion_blur,equal_mean_of_1_2_3_4_5,5,10000,50.94866666666667,1.2563189616229378,3,50.782,49.784,52.28
cifar10,vit_small,grayscale,training_dense_testing_sparse,dense,compact,10,heldout_val,45000,pixelate,equal_mean_of_1_2_3_4_5,5,10000,39.85733333333334,0.6150132789894308,3,40.47,39.24,39.862
cifar10,vit_small,grayscale,training_dense_testing_sparse,dense,compact,10,heldout_val,45000,shot_noise,equal_mean_of_1_2_3_4_5,5,10000,65.71733333333333,1.5288065061783749,3,67.274,65.66,64.218
cifar10,vit_small,grayscale,training_dense_testing_sparse,dense,compact,10,heldout_val,45000,snow,equal_mean_of_1_2_3_4_5,5,10000,47.89533333333333,1.888107341581333,3,49.922,47.577999999999996,46.186
cifar10,vit_small,grayscale,training_dense_testing_sparse,dense,compact,10,heldout_val,45000,zoom_blur,equal_mean_of_1_2_3_4_5,5,10000,50.92733333333333,1.983377254415643,3,51.532,48.711999999999996,52.538
cifar10,vit_small,grayscale,training_dense_testing_sparse,dense,compact,20,heldout_val,45000,brightness,equal_mean_of_1_2_3_4_5,5,10000,27.096,1.3429117618071542,3,28.607999999999997,26.637999999999998,26.042
cifar10,vit_small,grayscale,training_dense_testing_sparse,dense,compact,20,heldout_val,45000,clean,clean,1,10000,24.16,1.2916655913973991,3,25.539999999999996,23.960000000000004,22.98
cifar10,vit_small,grayscale,training_dense_testing_sparse,dense,compact,20,heldout_val,45000,contrast,equal_mean_of_1_2_3_4_5,5,10000,54.44333333333333,0.6304485175915063,3,54.684,53.728,54.91799999999999
cifar10,vit_small,grayscale,training_dense_testing_sparse,dense,compact,20,heldout_val,45000,defocus_blur,equal_mean_of_1_2_3_4_5,5,10000,43.54066666666667,1.3941941519506311,3,44.432,41.934,44.256
cifar10,vit_small,grayscale,training_dense_testing_sparse,dense,compact,20,heldout_val,45000,elastic_transform,equal_mean_of_1_2_3_4_5,5,10000,40.748666666666665,1.1497588152883804,3,41.954,39.663999999999994,40.628
cifar10,vit_small,grayscale,training_dense_testing_sparse,dense,compact,20,heldout_val,45000,fog,equal_mean_of_1_2_3_4_5,5,10000,40.29066666666667,0.9079214356613292,3,41.318,39.596000000000004,39.958
cifar10,vit_small,grayscale,training_dense_testing_sparse,dense,compact,20,heldout_val,45000,frost,equal_mean_of_1_2_3_4_5,5,10000,51.554,1.9223641694538542,3,53.742000000000004,50.784,50.136
cifar10,vit_small,grayscale,training_dense_testing_sparse,dense,compact,20,heldout_val,45000,gaussian_noise,equal_mean_of_1_2_3_4_5,5,10000,75.16866666666667,1.6016170994758174,3,76.744,75.22,73.542
cifar10,vit_small,grayscale,training_dense_testing_sparse,dense,compact,20,heldout_val,45000,glass_blur,equal_mean_of_1_2_3_4_5,5,10000,65.05866666666667,0.048675798230059554,3,65.006,65.102,65.068
cifar10,vit_small,grayscale,training_dense_testing_sparse,dense,compact,20,heldout_val,45000,impulse_noise,equal_mean_of_1_2_3_4_5,5,10000,54.624,2.1660203138474947,3,57.012,54.074,52.786
cifar10,vit_small,grayscale,training_dense_testing_sparse,dense,compact,20,heldout_val,45000,jpeg_compression,equal_mean_of_1_2_3_4_5,5,10000,37.169333333333334,1.8809426714637887,3,39.338,35.982,36.188
cifar10,vit_small,grayscale,training_dense_testing_sparse,dense,compact,20,heldout_val,45000,motion_blur,equal_mean_of_1_2_3_4_5,5,10000,51.45666666666666,1.3088381616278364,3,51.208,50.29,52.872
cifar10,vit_small,grayscale,training_dense_testing_sparse,dense,compact,20,heldout_val,45000,pixelate,equal_mean_of_1_2_3_4_5,5,10000,40.888666666666666,0.6022435830570007,3,41.54,40.352,40.774
cifar10,vit_small,grayscale,training_dense_testing_sparse,dense,compact,20,heldout_val,45000,shot_noise,equal_mean_of_1_2_3_4_5,5,10000,65.98733333333334,1.5081648893053192,3,67.556,65.858,64.548
cifar10,vit_small,grayscale,training_dense_testing_sparse,dense,compact,20,heldout_val,45000,snow,equal_mean_of_1_2_3_4_5,5,10000,49.297333333333334,1.926972063454304,3,51.392,48.9,47.6
cifar10,vit_small,grayscale,training_dense_testing_sparse,dense,compact,20,heldout_val,45000,zoom_blur,equal_mean_of_1_2_3_4_5,5,10000,51.864666666666665,2.0501554412613037,3,52.508,49.57,53.516
cifar10,vit_small,grayscale,training_dense_testing_sparse,dense,compact,30,heldout_val,45000,brightness,equal_mean_of_1_2_3_4_5,5,10000,28.465999999999998,1.573857680986436,3,30.252,27.864,27.281999999999996
cifar10,vit_small,grayscale,training_dense_testing_sparse,dense,compact,30,heldout_val,45000,clean,clean,1,10000,25.963333333333335,1.2190296687666504,3,27.32,25.61,24.960000000000004
cifar10,vit_small,grayscale,training_dense_testing_sparse,dense,compact,30,heldout_val,45000,contrast,equal_mean_of_1_2_3_4_5,5,10000,56.220666666666666,0.6433671839108162,3,56.576,55.478,56.608000000000004
cifar10,vit_small,grayscale,training_dense_testing_sparse,dense,compact,30,heldout_val,45000,defocus_blur,equal_mean_of_1_2_3_4_5,5,10000,45.17333333333334,1.2603592080567083,3,45.904,43.718,45.898
cifar10,vit_small,grayscale,training_dense_testing_sparse,dense,compact,30,heldout_val,45000,elastic_transform,equal_mean_of_1_2_3_4_5,5,10000,42.455999999999996,0.9600270829513076,3,43.449999999999996,41.534,42.384
cifar10,vit_small,grayscale,training_dense_testing_sparse,dense,compact,30,heldout_val,45000,fog,equal_mean_of_1_2_3_4_5,5,10000,42.20066666666667,1.0109526860013454,3,43.368,41.612,41.622
cifar10,vit_small,grayscale,training_dense_testing_sparse,dense,compact,30,heldout_val,45000,frost,equal_mean_of_1_2_3_4_5,5,10000,53.090666666666664,2.000421288962235,3,55.391999999999996,52.111999999999995,51.768
cifar10,vit_small,grayscale,training_dense_testing_sparse,dense,compact,30,heldout_val,45000,gaussian_noise,equal_mean_of_1_2_3_4_5,5,10000,75.69733333333333,1.5251050237060164,3,77.212,75.71799999999999,74.162
cifar10,vit_small,grayscale,training_dense_testing_sparse,dense,compact,30,heldout_val,45000,glass_blur,equal_mean_of_1_2_3_4_5,5,10000,67.564,0.3192303243741134,3,67.55,67.252,67.89
cifar10,vit_small,grayscale,training_dense_testing_sparse,dense,compact,30,heldout_val,45000,impulse_noise,equal_mean_of_1_2_3_4_5,5,10000,57.54066666666667,2.0569203517232646,3,59.79600000000001,57.058,55.767999999999994
cifar10,vit_small,grayscale,training_dense_testing_sparse,dense,compact,30,heldout_val,45000,jpeg_compression,equal_mean_of_1_2_3_4_5,5,10000,39.00533333333333,1.8633146093275101,3,41.156,37.876,37.984
cifar10,vit_small,grayscale,training_dense_testing_sparse,dense,compact,30,heldout_val,45000,motion_blur,equal_mean_of_1_2_3_4_5,5,10000,52.876666666666665,1.3332731653090966,3,52.519999999999996,51.758,54.352000000000004
cifar10,vit_small,grayscale,training_dense_testing_sparse,dense,compact,30,heldout_val,45000,pixelate,equal_mean_of_1_2_3_4_5,5,10000,43.188,0.6978939747554818,3,43.98800000000001,42.704,42.872
cifar10,vit_small,grayscale,training_dense_testing_sparse,dense,compact,30,heldout_val,45000,shot_noise,equal_mean_of_1_2_3_4_5,5,10000,66.99066666666667,1.4635167690646194,3,68.516,66.858,65.598
cifar10,vit_small,grayscale,training_dense_testing_sparse,dense,compact,30,heldout_val,45000,snow,equal_mean_of_1_2_3_4_5,5,10000,52.072,1.9207571423790157,3,54.186,51.596000000000004,50.434
cifar10,vit_small,grayscale,training_dense_testing_sparse,dense,compact,30,heldout_val,45000,zoom_blur,equal_mean_of_1_2_3_4_5,5,10000,53.588,1.7828157504352482,3,54.076,51.612,55.076
cifar10,vit_small,grayscale,training_dense_testing_sparse,dense,compact,40,heldout_val,45000,brightness,equal_mean_of_1_2_3_4_5,5,10000,32.004,1.3918634990544112,3,33.593999999999994,31.412000000000003,31.006
cifar10,vit_small,grayscale,training_dense_testing_sparse,dense,compact,40,heldout_val,45000,clean,clean,1,10000,29.176666666666666,1.19838780590147,3,30.53,28.749999999999996,28.249999999999996
cifar10,vit_small,grayscale,training_dense_testing_sparse,dense,compact,40,heldout_val,45000,contrast,equal_mean_of_1_2_3_4_5,5,10000,59.58666666666667,0.48908622280057484,3,59.772000000000006,59.032000000000004,59.956
cifar10,vit_small,grayscale,training_dense_testing_sparse,dense,compact,40,heldout_val,45000,defocus_blur,equal_mean_of_1_2_3_4_5,5,10000,47.78333333333333,1.1058143304069328,3,48.316,46.512,48.522
cifar10,vit_small,grayscale,training_dense_testing_sparse,dense,compact,40,heldout_val,45000,elastic_transform,equal_mean_of_1_2_3_4_5,5,10000,45.54,0.7752573766175977,3,46.38,44.852000000000004,45.388
cifar10,vit_small,grayscale,training_dense_testing_sparse,dense,compact,40,heldout_val,45000,fog,equal_mean_of_1_2_3_4_5,5,10000,46.23,0.5934172225340226,3,46.901999999999994,45.778000000000006,46.01
cifar10,vit_small,grayscale,training_dense_testing_sparse,dense,compact,40,heldout_val,45000,frost,equal_mean_of_1_2_3_4_5,5,10000,56.468,1.904151254496344,3,58.652,55.596000000000004,55.156
cifar10,vit_small,grayscale,training_dense_testing_sparse,dense,compact,40,heldout_val,45000,gaussian_noise,equal_mean_of_1_2_3_4_5,5,10000,76.90066666666667,1.385952861151247,3,78.256,76.96000000000001,75.486
cifar10,vit_small,grayscale,training_dense_testing_sparse,dense,compact,40,heldout_val,45000,glass_blur,equal_mean_of_1_2_3_4_5,5,10000,71.44,0.4043810084561356,3,71.55,70.99199999999999,71.77799999999999
cifar10,vit_small,grayscale,training_dense_testing_sparse,dense,compact,40,heldout_val,45000,impulse_noise,equal_mean_of_1_2_3_4_5,5,10000,62.27533333333333,1.8864213032441437,3,64.27,62.035999999999994,60.519999999999996
cifar10,vit_small,grayscale,training_dense_testing_sparse,dense,compact,40,heldout_val,45000,jpeg_compression,equal_mean_of_1_2_3_4_5,5,10000,42.46666666666666,1.6431985069775756,3,44.364,41.532,41.504
cifar10,vit_small,grayscale,training_dense_testing_sparse,dense,compact,40,heldout_val,45000,motion_blur,equal_mean_of_1_2_3_4_5,5,10000,55.257333333333335,1.3377986893899003,3,54.986,54.076,56.71
cifar10,vit_small,grayscale,training_dense_testing_sparse,dense,compact,40,heldout_val,45000,pixelate,equal_mean_of_1_2_3_4_5,5,10000,47.58533333333333,0.7143789843866711,3,48.394,47.04,47.322
cifar10,vit_small,grayscale,training_dense_testing_sparse,dense,compact,40,heldout_val,45000,shot_noise,equal_mean_of_1_2_3_4_5,5,10000,68.87466666666667,1.1755106691703487,3,70.092,68.786,67.74600000000001
cifar10,vit_small,grayscale,training_dense_testing_sparse,dense,compact,40,heldout_val,45000,snow,equal_mean_of_1_2_3_4_5,5,10000,56.154666666666664,1.9850806868571724,3,58.276,55.846,54.342
cifar10,vit_small,grayscale,training_dense_testing_sparse,dense,compact,40,heldout_val,45000,zoom_blur,equal_mean_of_1_2_3_4_5,5,10000,56.101333333333336,1.506202288317651,3,56.571999999999996,54.416000000000004,57.316
cifar10,vit_small,grayscale,training_dense_testing_sparse,dense,compact,50,heldout_val,45000,brightness,equal_mean_of_1_2_3_4_5,5,10000,38.36866666666667,1.2200562828547434,3,39.7,38.102000000000004,37.304
cifar10,vit_small,grayscale,training_dense_testing_sparse,dense,compact,50,heldout_val,45000,clean,clean,1,10000,35.39666666666667,0.9799149622968965,3,36.46,35.199999999999996,34.53000000000001
cifar10,vit_small,grayscale,training_dense_testing_sparse,dense,compact,50,heldout_val,45000,contrast,equal_mean_of_1_2_3_4_5,5,10000,64.578,0.6493904834535237,3,64.604,63.916,65.214
cifar10,vit_small,grayscale,training_dense_testing_sparse,dense,compact,50,heldout_val,45000,defocus_blur,equal_mean_of_1_2_3_4_5,5,10000,51.738,0.8999755552235844,3,52.108,50.712,52.394000000000005
cifar10,vit_small,grayscale,training_dense_testing_sparse,dense,compact,50,heldout_val,45000,elastic_transform,equal_mean_of_1_2_3_4_5,5,10000,50.57333333333334,0.49626740103832556,3,51.136,50.198,50.386
cifar10,vit_small,grayscale,training_dense_testing_sparse,dense,compact,50,heldout_val,45000,fog,equal_mean_of_1_2_3_4_5,5,10000,52.67466666666667,0.3982478290378179,3,53.134,52.425999999999995,52.464
cifar10,vit_small,grayscale,training_dense_testing_sparse,dense,compact,50,heldout_val,45000,frost,equal_mean_of_1_2_3_4_5,5,10000,61.28733333333333,1.5506209508881736,3,63.066,60.57599999999999,60.22
cifar10,vit_small,grayscale,training_dense_testing_sparse,dense,compact,50,heldout_val,45000,gaussian_noise,equal_mean_of_1_2_3_4_5,5,10000,78.88466666666666,1.2430162240829115,3,80.124,78.892,77.63799999999999
cifar10,vit_small,grayscale,training_dense_testing_sparse,dense,compact,50,heldout_val,45000,glass_blur,equal_mean_of_1_2_3_4_5,5,10000,76.28066666666666,0.40642014385772285,3,76.30199999999999,75.864,76.676
cifar10,vit_small,grayscale,training_dense_testing_sparse,dense,compact,50,heldout_val,45000,impulse_noise,equal_mean_of_1_2_3_4_5,5,10000,68.72733333333333,1.4682265946826176,3,70.24,68.634,67.308
cifar10,vit_small,grayscale,training_dense_testing_sparse,dense,compact,50,heldout_val,45000,jpeg_compression,equal_mean_of_1_2_3_4_5,5,10000,47.742,1.3937761656736725,3,49.35,46.879999999999995,46.996
cifar10,vit_small,grayscale,training_dense_testing_sparse,dense,compact,50,heldout_val,45000,motion_blur,equal_mean_of_1_2_3_4_5,5,10000,58.72266666666667,1.445481695952367,3,58.153999999999996,57.648,60.366
cifar10,vit_small,grayscale,training_dense_testing_sparse,dense,compact,50,heldout_val,45000,pixelate,equal_mean_of_1_2_3_4_5,5,10000,54.11933333333333,0.6465456931519511,3,54.862,53.814,53.681999999999995
cifar10,vit_small,grayscale,training_dense_testing_sparse,dense,compact,50,heldout_val,45000,shot_noise,equal_mean_of_1_2_3_4_5,5,10000,72.04133333333333,1.218460230509525,3,73.24,72.08,70.804
cifar10,vit_small,grayscale,training_dense_testing_sparse,dense,compact,50,heldout_val,45000,snow,equal_mean_of_1_2_3_4_5,5,10000,61.94533333333333,2.020992165579404,3,64.116,61.602,60.118
cifar10,vit_small,grayscale,training_dense_testing_sparse,dense,compact,50,heldout_val,45000,zoom_blur,equal_mean_of_1_2_3_4_5,5,10000,59.65266666666667,0.9204918974838007,3,59.788000000000004,58.672000000000004,60.498
cifar10,vit_small,grayscale,training_dense_testing_sparse,dense,compact,60,heldout_val,45000,brightness,equal_mean_of_1_2_3_4_5,5,10000,48.55866666666667,1.1223712992291512,3,49.664,48.592,47.42
cifar10,vit_small,grayscale,training_dense_testing_sparse,dense,compact,60,heldout_val,45000,clean,clean,1,10000,45.733333333333334,1.3548554658462,3,46.86,46.10999999999999,44.230000000000004
cifar10,vit_small,grayscale,training_dense_testing_sparse,dense,compact,60,heldout_val,45000,contrast,equal_mean_of_1_2_3_4_5,5,10000,70.62933333333334,0.7377542499595172,3,70.402,70.032,71.454
cifar10,vit_small,grayscale,training_dense_testing_sparse,dense,compact,60,heldout_val,45000,defocus_blur,equal_mean_of_1_2_3_4_5,5,10000,57.59133333333333,0.4071870986823309,3,57.64,57.162,57.972
cifar10,vit_small,grayscale,training_dense_testing_sparse,dense,compact,60,heldout_val,45000,elastic_transform,equal_mean_of_1_2_3_4_5,5,10000,57.77066666666667,0.196868822654411,3,57.956,57.792,57.564
cifar10,vit_small,grayscale,training_dense_testing_sparse,dense,compact,60,heldout_val,45000,fog,equal_mean_of_1_2_3_4_5,5,10000,61.27533333333333,0.06815668223537226,3,61.238,61.354,61.233999999999995
cifar10,vit_small,grayscale,training_dense_testing_sparse,dense,compact,60,heldout_val,45000,frost,equal_mean_of_1_2_3_4_5,5,10000,67.96266666666666,1.3586012414734943,3,69.508,67.424,66.956
cifar10,vit_small,grayscale,training_dense_testing_sparse,dense,compact,60,heldout_val,45000,gaussian_noise,equal_mean_of_1_2_3_4_5,5,10000,81.60733333333333,1.0662951436320662,3,82.642,81.668,80.512
cifar10,vit_small,grayscale,training_dense_testing_sparse,dense,compact,60,heldout_val,45000,glass_blur,equal_mean_of_1_2_3_4_5,5,10000,81.07600000000001,0.2594455626909017,3,81.28,80.784,81.164
cifar10,vit_small,grayscale,training_dense_testing_sparse,dense,compact,60,heldout_val,45000,impulse_noise,equal_mean_of_1_2_3_4_5,5,10000,76.23266666666666,1.2730582599917946,3,77.398,76.426,74.874
cifar10,vit_small,grayscale,training_dense_testing_sparse,dense,compact,60,heldout_val,45000,jpeg_compression,equal_mean_of_1_2_3_4_5,5,10000,55.596666666666664,1.2077389342624245,3,56.97,55.12,54.699999999999996
cifar10,vit_small,grayscale,training_dense_testing_sparse,dense,compact,60,heldout_val,45000,motion_blur,equal_mean_of_1_2_3_4_5,5,10000,63.44266666666667,1.2381830774701053,3,62.598,62.866,64.864
cifar10,vit_small,grayscale,training_dense_testing_sparse,dense,compact,60,heldout_val,45000,pixelate,equal_mean_of_1_2_3_4_5,5,10000,62.18866666666667,0.6402822294374017,3,62.928,61.82,61.818000000000005
cifar10,vit_small,grayscale,training_dense_testing_sparse,dense,compact,60,heldout_val,45000,shot_noise,equal_mean_of_1_2_3_4_5,5,10000,76.26466666666667,1.0560536602528034,3,77.232,76.424,75.13799999999999
cifar10,vit_small,grayscale,training_dense_testing_sparse,dense,compact,60,heldout_val,45000,snow,equal_mean_of_1_2_3_4_5,5,10000,69.59,1.8282231811242307,3,71.51,69.39,67.87
cifar10,vit_small,grayscale,training_dense_testing_sparse,dense,compact,60,heldout_val,45000,zoom_blur,equal_mean_of_1_2_3_4_5,5,10000,64.32600000000001,0.31217943558152966,3,64.13,64.162,64.686
cifar10,vit_small,grayscale,training_dense_testing_sparse,dense,compact,70,heldout_val,45000,brightness,equal_mean_of_1_2_3_4_5,5,10000,62.71333333333334,1.5159753735906603,3,64.272,62.624,61.244
cifar10,vit_small,grayscale,training_dense_testing_sparse,dense,compact,70,heldout_val,45000,clean,clean,1,10000,60.06,1.4481367338756381,3,61.45,60.17,58.56
cifar10,vit_small,grayscale,training_dense_testing_sparse,dense,compact,70,heldout_val,45000,contrast,equal_mean_of_1_2_3_4_5,5,10000,76.25466666666667,0.7803443684254595,3,75.706,75.91,77.148
cifar10,vit_small,grayscale,training_dense_testing_sparse,dense,compact,70,heldout_val,45000,defocus_blur,equal_mean_of_1_2_3_4_5,5,10000,66.04333333333334,0.14671514350377454,3,65.878,66.158,66.094
cifar10,vit_small,grayscale,training_dense_testing_sparse,dense,compact,70,heldout_val,45000,elastic_transform,equal_mean_of_1_2_3_4_5,5,10000,67.32333333333334,0.43154760262725167,3,67.04,67.82,67.11
cifar10,vit_small,grayscale,training_dense_testing_sparse,dense,compact,70,heldout_val,45000,fog,equal_mean_of_1_2_3_4_5,5,10000,70.30533333333334,0.390063242735501,3,70.012,70.748,70.156
cifar10,vit_small,grayscale,training_dense_testing_sparse,dense,compact,70,heldout_val,45000,frost,equal_mean_of_1_2_3_4_5,5,10000,75.90333333333334,1.246005350443298,3,77.24,75.696,74.774
cifar10,vit_small,grayscale,training_dense_testing_sparse,dense,compact,70,heldout_val,45000,gaussian_noise,equal_mean_of_1_2_3_4_5,5,10000,84.62599999999999,0.6996827852677169,3,85.29599999999999,84.68199999999999,83.9
cifar10,vit_small,grayscale,training_dense_testing_sparse,dense,compact,70,heldout_val,45000,glass_blur,equal_mean_of_1_2_3_4_5,5,10000,85.43466666666667,0.2281870577691338,3,85.424,85.212,85.668
cifar10,vit_small,grayscale,training_dense_testing_sparse,dense,compact,70,heldout_val,45000,impulse_noise,equal_mean_of_1_2_3_4_5,5,10000,83.37933333333334,0.6362399966469685,3,83.882,83.592,82.664
cifar10,vit_small,grayscale,training_dense_testing_sparse,dense,compact,70,heldout_val,45000,jpeg_compression,equal_mean_of_1_2_3_4_5,5,10000,65.90466666666667,1.1470943001049883,3,66.95400000000001,66.08000000000001,64.67999999999999
cifar10,vit_small,grayscale,training_dense_testing_sparse,dense,compact,70,heldout_val,45000,motion_blur,equal_mean_of_1_2_3_4_5,5,10000,69.75,0.64265387262507,3,69.37,69.388,70.492
cifar10,vit_small,grayscale,training_dense_testing_sparse,dense,compact,70,heldout_val,45000,pixelate,equal_mean_of_1_2_3_4_5,5,10000,71.15,0.928413700889855,3,72.206,70.78200000000001,70.462
cifar10,vit_small,grayscale,training_dense_testing_sparse,dense,compact,70,heldout_val,45000,shot_noise,equal_mean_of_1_2_3_4_5,5,10000,81.09,0.8176527380251364,3,81.72,81.384,80.166
cifar10,vit_small,grayscale,training_dense_testing_sparse,dense,compact,70,heldout_val,45000,snow,equal_mean_of_1_2_3_4_5,5,10000,77.85799999999999,1.5055510619039079,3,79.43799999999999,77.696,76.44
cifar10,vit_small,grayscale,training_dense_testing_sparse,dense,compact,70,heldout_val,45000,zoom_blur,equal_mean_of_1_2_3_4_5,5,10000,70.59733333333334,0.6315198598091174,3,69.88600000000001,71.092,70.81400000000001
cifar10,vit_small,grayscale,training_dense_testing_sparse,dense,compact,80,heldout_val,45000,brightness,equal_mean_of_1_2_3_4_5,5,10000,77.19733333333333,1.0676072935931724,3,78.426,76.67,76.496
cifar10,vit_small,grayscale,training_dense_testing_sparse,dense,compact,80,heldout_val,45000,clean,clean,1,10000,75.64666666666666,0.9867792728535311,3,76.76,75.3,74.88
cifar10,vit_small,grayscale,training_dense_testing_sparse,dense,compact,80,heldout_val,45000,contrast,equal_mean_of_1_2_3_4_5,5,10000,82.07266666666666,0.25382145956032504,3,82.02199999999999,81.848,82.348
cifar10,vit_small,grayscale,training_dense_testing_sparse,dense,compact,80,heldout_val,45000,defocus_blur,equal_mean_of_1_2_3_4_5,5,10000,76.78933333333333,0.5528628521915103,3,77.40599999999999,76.624,76.338
cifar10,vit_small,grayscale,training_dense_testing_sparse,dense,compact,80,heldout_val,45000,elastic_transform,equal_mean_of_1_2_3_4_5,5,10000,77.92733333333334,0.7345892276186266,3,78.77,77.59,77.422
cifar10,vit_small,grayscale,training_dense_testing_sparse,dense,compact,80,heldout_val,45000,fog,equal_mean_of_1_2_3_4_5,5,10000,79.488,0.5891247745596839,3,80.07,79.502,78.892
cifar10,vit_small,grayscale,training_dense_testing_sparse,dense,compact,80,heldout_val,45000,frost,equal_mean_of_1_2_3_4_5,5,10000,82.73066666666666,0.7094824404686363,3,83.53999999999999,82.43599999999999,82.216
cifar10,vit_small,grayscale,training_dense_testing_sparse,dense,compact,80,heldout_val,45000,gaussian_noise,equal_mean_of_1_2_3_4_5,5,10000,87.1,0.4832514873231099,3,87.376,87.38199999999999,86.542
cifar10,vit_small,grayscale,training_dense_testing_sparse,dense,compact,80,heldout_val,45000,glass_blur,equal_mean_of_1_2_3_4_5,5,10000,88.18733333333333,0.1427912228861848,3,88.054,88.17,88.338
cifar10,vit_small,grayscale,training_dense_testing_sparse,dense,compact,80,heldout_val,45000,impulse_noise,equal_mean_of_1_2_3_4_5,5,10000,87.968,0.21060864179800765,3,88.054,88.122,87.728
cifar10,vit_small,grayscale,training_dense_testing_sparse,dense,compact,80,heldout_val,45000,jpeg_compression,equal_mean_of_1_2_3_4_5,5,10000,77.06333333333333,0.9144929378258351,3,78.088,76.772,76.33
cifar10,vit_small,grayscale,training_dense_testing_sparse,dense,compact,80,heldout_val,45000,motion_blur,equal_mean_of_1_2_3_4_5,5,10000,78.62733333333333,1.0171063530100186,3,79.78,77.856,78.246
cifar10,vit_small,grayscale,training_dense_testing_sparse,dense,compact,80,heldout_val,45000,pixelate,equal_mean_of_1_2_3_4_5,5,10000,79.89066666666666,0.8592329912970867,3,80.816,79.118,79.738
cifar10,vit_small,grayscale,training_dense_testing_sparse,dense,compact,80,heldout_val,45000,shot_noise,equal_mean_of_1_2_3_4_5,5,10000,85.18333333333334,0.567803956778513,3,85.444,85.574,84.532
cifar10,vit_small,grayscale,training_dense_testing_sparse,dense,compact,80,heldout_val,45000,snow,equal_mean_of_1_2_3_4_5,5,10000,83.82133333333333,0.4893110803296122,3,84.222,83.966,83.276
cifar10,vit_small,grayscale,training_dense_testing_sparse,dense,compact,80,heldout_val,45000,zoom_blur,equal_mean_of_1_2_3_4_5,5,10000,78.944,0.13883803513447074,3,78.91799999999999,79.09400000000001,78.82000000000001
cifar10,vit_small,grayscale,training_dense_testing_sparse,dense,compact,90,heldout_val,45000,brightness,equal_mean_of_1_2_3_4_5,5,10000,87.34733333333334,0.6300518497182079,3,88.066,87.086,86.89
cifar10,vit_small,grayscale,training_dense_testing_sparse,dense,compact,90,heldout_val,45000,clean,clean,1,10000,86.24666666666667,0.7574518686578938,3,87.08,86.06,85.6
cifar10,vit_small,grayscale,training_dense_testing_sparse,dense,compact,90,heldout_val,45000,contrast,equal_mean_of_1_2_3_4_5,5,10000,88.81933333333333,0.5443871171632669,3,89.434,88.626,88.398
cifar10,vit_small,grayscale,training_dense_testing_sparse,dense,compact,90,heldout_val,45000,defocus_blur,equal_mean_of_1_2_3_4_5,5,10000,87.758,0.711359262257829,3,88.566,87.482,87.226
cifar10,vit_small,grayscale,training_dense_testing_sparse,dense,compact,90,heldout_val,45000,elastic_transform,equal_mean_of_1_2_3_4_5,5,10000,87.994,0.3307143782782969,3,88.372,87.852,87.758
cifar10,vit_small,grayscale,training_dense_testing_sparse,dense,compact,90,heldout_val,45000,fog,equal_mean_of_1_2_3_4_5,5,10000,88.80933333333334,0.546854032931397,3,89.406,88.69,88.33200000000001
cifar10,vit_small,grayscale,training_dense_testing_sparse,dense,compact,90,heldout_val,45000,frost,equal_mean_of_1_2_3_4_5,5,10000,88.53466666666667,0.4870331953094514,3,89.05,88.47200000000001,88.082
cifar10,vit_small,grayscale,training_dense_testing_sparse,dense,compact,90,heldout_val,45000,gaussian_noise,equal_mean_of_1_2_3_4_5,5,10000,87.874,0.5551324166358867,3,87.312,88.422,87.888
cifar10,vit_small,grayscale,training_dense_testing_sparse,dense,compact,90,heldout_val,45000,glass_blur,equal_mean_of_1_2_3_4_5,5,10000,89.20866666666667,0.4388591269796432,3,89.022,88.894,89.71000000000001
cifar10,vit_small,grayscale,training_dense_testing_sparse,dense,compact,90,heldout_val,45000,impulse_noise,equal_mean_of_1_2_3_4_5,5,10000,89.51666666666667,0.41271943658293303,3,89.988,89.22,89.342
cifar10,vit_small,grayscale,training_dense_testing_sparse,dense,compact,90,heldout_val,45000,jpeg_compression,equal_mean_of_1_2_3_4_5,5,10000,86.59866666666667,0.5055465689067006,3,87.18,86.354,86.262
cifar10,vit_small,grayscale,training_dense_testing_sparse,dense,compact,90,heldout_val,45000,motion_blur,equal_mean_of_1_2_3_4_5,5,10000,88.40533333333333,0.6806389155296207,3,89.188,88.076,87.952
cifar10,vit_small,grayscale,training_dense_testing_sparse,dense,compact,90,heldout_val,45000,pixelate,equal_mean_of_1_2_3_4_5,5,10000,87.07333333333334,0.459305272485887,3,87.584,86.694,86.942
cifar10,vit_small,grayscale,training_dense_testing_sparse,dense,compact,90,heldout_val,45000,shot_noise,equal_mean_of_1_2_3_4_5,5,10000,87.726,0.4701106252787756,3,87.408,88.266,87.504
cifar10,vit_small,grayscale,training_dense_testing_sparse,dense,compact,90,heldout_val,45000,snow,equal_mean_of_1_2_3_4_5,5,10000,87.58,0.2916710475861526,3,87.888,87.30799999999999,87.544
cifar10,vit_small,grayscale,training_dense_testing_sparse,dense,compact,90,heldout_val,45000,zoom_blur,equal_mean_of_1_2_3_4_5,5,10000,88.48733333333332,0.5272734900725947,3,89.086,88.28399999999999,88.092
cifar10,vit_small,grayscale,training_sparse_testing_sparse,compact,compact,0,heldout_val,45000,brightness,equal_mean_of_1_2_3_4_5,5,10000,25.978666666666665,0.6185477615619793,3,26.294,25.266,26.376
cifar10,vit_small,grayscale,training_sparse_testing_sparse,compact,compact,0,heldout_val,45000,clean,clean,1,10000,23.096666666666668,0.5450076452063156,3,23.640000000000004,22.550000000000004,23.099999999999998
cifar10,vit_small,grayscale,training_sparse_testing_sparse,compact,compact,0,heldout_val,45000,contrast,equal_mean_of_1_2_3_4_5,5,10000,53.488,0.5988221772780283,3,53.565999999999995,52.854,54.044
cifar10,vit_small,grayscale,training_sparse_testing_sparse,compact,compact,0,heldout_val,45000,defocus_blur,equal_mean_of_1_2_3_4_5,5,10000,42.404,0.4637930573003459,3,42.916000000000004,42.012,42.284
cifar10,vit_small,grayscale,training_sparse_testing_sparse,compact,compact,0,heldout_val,45000,elastic_transform,equal_mean_of_1_2_3_4_5,5,10000,39.483333333333334,0.5521932029039583,3,39.918,38.862,39.67
cifar10,vit_small,grayscale,training_sparse_testing_sparse,compact,compact,0,heldout_val,45000,fog,equal_mean_of_1_2_3_4_5,5,10000,38.816,0.5779377129068524,3,39.22,38.153999999999996,39.074000000000005
cifar10,vit_small,grayscale,training_sparse_testing_sparse,compact,compact,0,heldout_val,45000,frost,equal_mean_of_1_2_3_4_5,5,10000,49.397999999999996,1.2716178671283305,3,50.766,48.251999999999995,49.175999999999995
cifar10,vit_small,grayscale,training_sparse_testing_sparse,compact,compact,0,heldout_val,45000,gaussian_noise,equal_mean_of_1_2_3_4_5,5,10000,73.77133333333333,0.6473031232222877,3,74.47,73.19200000000001,73.652
cifar10,vit_small,grayscale,training_sparse_testing_sparse,compact,compact,0,heldout_val,45000,glass_blur,equal_mean_of_1_2_3_4_5,5,10000,63.4,1.5146894071062842,3,61.828,64.85,63.522
cifar10,vit_small,grayscale,training_sparse_testing_sparse,compact,compact,0,heldout_val,45000,impulse_noise,equal_mean_of_1_2_3_4_5,5,10000,51.63333333333333,1.9154261492767934,3,53.589999999999996,51.548,49.762
cifar10,vit_small,grayscale,training_sparse_testing_sparse,compact,compact,0,heldout_val,45000,jpeg_compression,equal_mean_of_1_2_3_4_5,5,10000,35.51133333333333,1.1311610554352278,3,36.53,34.294,35.71
cifar10,vit_small,grayscale,training_sparse_testing_sparse,compact,compact,0,heldout_val,45000,motion_blur,equal_mean_of_1_2_3_4_5,5,10000,50.74066666666667,1.0625296858598026,3,51.92,49.858000000000004,50.444
cifar10,vit_small,grayscale,training_sparse_testing_sparse,compact,compact,0,heldout_val,45000,pixelate,equal_mean_of_1_2_3_4_5,5,10000,40.397333333333336,0.32118738040796696,3,40.178000000000004,40.248,40.766
cifar10,vit_small,grayscale,training_sparse_testing_sparse,compact,compact,0,heldout_val,45000,shot_noise,equal_mean_of_1_2_3_4_5,5,10000,64.30133333333333,1.157086571235415,3,65.598,63.374,63.932
cifar10,vit_small,grayscale,training_sparse_testing_sparse,compact,compact,0,heldout_val,45000,snow,equal_mean_of_1_2_3_4_5,5,10000,46.50266666666667,0.9418796809217896,3,47.578,46.106,45.824000000000005
cifar10,vit_small,grayscale,training_sparse_testing_sparse,compact,compact,0,heldout_val,45000,zoom_blur,equal_mean_of_1_2_3_4_5,5,10000,51.3,0.5134627542480594,3,51.242,50.818,51.84
cifar10,vit_small,grayscale,training_sparse_testing_sparse,compact,compact,20,heldout_val,45000,brightness,equal_mean_of_1_2_3_4_5,5,10000,25.316,1.0288265159879983,3,24.156,26.118000000000002,25.674
cifar10,vit_small,grayscale,training_sparse_testing_sparse,compact,compact,20,heldout_val,45000,clean,clean,1,10000,22.923333333333332,1.1067670637190703,3,21.689999999999998,23.829999999999995,23.250000000000004
cifar10,vit_small,grayscale,training_sparse_testing_sparse,compact,compact,20,heldout_val,45000,contrast,equal_mean_of_1_2_3_4_5,5,10000,53.50866666666667,2.1699809522973514,3,51.044000000000004,54.35,55.132
cifar10,vit_small,grayscale,training_sparse_testing_sparse,compact,compact,20,heldout_val,45000,defocus_blur,equal_mean_of_1_2_3_4_5,5,10000,42.498666666666665,1.7724156773548727,3,40.46,43.362,43.674
cifar10,vit_small,grayscale,training_sparse_testing_sparse,compact,compact,20,heldout_val,45000,elastic_transform,equal_mean_of_1_2_3_4_5,5,10000,39.682,1.87845468404218,3,37.57,40.31,41.166000000000004
cifar10,vit_small,grayscale,training_sparse_testing_sparse,compact,compact,20,heldout_val,45000,fog,equal_mean_of_1_2_3_4_5,5,10000,38.30733333333333,2.2563566502956345,3,35.702,39.592,39.628
cifar10,vit_small,grayscale,training_sparse_testing_sparse,compact,compact,20,heldout_val,45000,frost,equal_mean_of_1_2_3_4_5,5,10000,48.60866666666667,1.0368535737187432,3,47.43000000000001,49.016000000000005,49.38
cifar10,vit_small,grayscale,training_sparse_testing_sparse,compact,compact,20,heldout_val,45000,gaussian_noise,equal_mean_of_1_2_3_4_5,5,10000,72.72,1.4565768088226536,3,71.084,73.87599999999999,73.2
cifar10,vit_small,grayscale,training_sparse_testing_sparse,compact,compact,20,heldout_val,45000,glass_blur,equal_mean_of_1_2_3_4_5,5,10000,63.35666666666666,1.8732147056152755,3,61.55,65.28999999999999,63.23
cifar10,vit_small,grayscale,training_sparse_testing_sparse,compact,compact,20,heldout_val,45000,impulse_noise,equal_mean_of_1_2_3_4_5,5,10000,52.14933333333333,0.4312648065090988,3,51.676,52.519999999999996,52.251999999999995
cifar10,vit_small,grayscale,training_sparse_testing_sparse,compact,compact,20,heldout_val,45000,jpeg_compression,equal_mean_of_1_2_3_4_5,5,10000,35.104,1.0361447775287018,3,34.058,35.124,36.13
cifar10,vit_small,grayscale,training_sparse_testing_sparse,compact,compact,20,heldout_val,45000,motion_blur,equal_mean_of_1_2_3_4_5,5,10000,50.71333333333333,2.0681560224831537,3,48.66,50.684000000000005,52.796
cifar10,vit_small,grayscale,training_sparse_testing_sparse,compact,compact,20,heldout_val,45000,pixelate,equal_mean_of_1_2_3_4_5,5,10000,41.80466666666666,0.7326126762030081,3,41.016,42.464,41.934
cifar10,vit_small,grayscale,training_sparse_testing_sparse,compact,compact,20,heldout_val,45000,shot_noise,equal_mean_of_1_2_3_4_5,5,10000,62.861333333333334,1.5735823249303897,3,61.062000000000005,63.980000000000004,63.542
cifar10,vit_small,grayscale,training_sparse_testing_sparse,compact,compact,20,heldout_val,45000,snow,equal_mean_of_1_2_3_4_5,5,10000,46.40266666666667,0.9521015352016471,3,45.366,47.238,46.604
cifar10,vit_small,grayscale,training_sparse_testing_sparse,compact,compact,20,heldout_val,45000,zoom_blur,equal_mean_of_1_2_3_4_5,5,10000,51.998666666666665,2.07256974148841,3,49.844,52.174,53.978
cifar10,vit_small,grayscale,training_sparse_testing_sparse,compact,compact,40,heldout_val,45000,brightness,equal_mean_of_1_2_3_4_5,5,10000,27.277333333333335,2.7261565129928504,3,29.304000000000002,24.178,28.35
cifar10,vit_small,grayscale,training_sparse_testing_sparse,compact,compact,40,heldout_val,45000,clean,clean,1,10000,25.01666666666667,2.3401139573391116,3,26.61,22.330000000000005,26.11
cifar10,vit_small,grayscale,training_sparse_testing_sparse,compact,compact,40,heldout_val,45000,contrast,equal_mean_of_1_2_3_4_5,5,10000,56.11533333333333,3.9186902573861744,3,58.942,51.642,57.762
cifar10,vit_small,grayscale,training_sparse_testing_sparse,compact,compact,40,heldout_val,45000,defocus_blur,equal_mean_of_1_2_3_4_5,5,10000,44.63066666666667,2.8818281234892096,3,46.224000000000004,41.304,46.364000000000004
cifar10,vit_small,grayscale,training_sparse_testing_sparse,compact,compact,40,heldout_val,45000,elastic_transform,equal_mean_of_1_2_3_4_5,5,10000,41.61533333333333,3.0527275235980906,3,43.804,38.128,42.913999999999994
cifar10,vit_small,grayscale,training_sparse_testing_sparse,compact,compact,40,heldout_val,45000,fog,equal_mean_of_1_2_3_4_5,5,10000,41.92666666666666,4.464469658686609,3,45.449999999999996,36.906,43.424
cifar10,vit_small,grayscale,training_sparse_testing_sparse,compact,compact,40,heldout_val,45000,frost,equal_mean_of_1_2_3_4_5,5,10000,47.611333333333334,3.9905600275316417,3,50.998000000000005,43.212,48.624
cifar10,vit_small,grayscale,training_sparse_testing_sparse,compact,compact,40,heldout_val,45000,gaussian_noise,equal_mean_of_1_2_3_4_5,5,10000,70.14533333333334,3.3923221152085916,3,72.916,66.36200000000001,71.158
cifar10,vit_small,grayscale,training_sparse_testing_sparse,compact,compact,40,heldout_val,45000,glass_blur,equal_mean_of_1_2_3_4_5,5,10000,63.44733333333333,0.4893969077684636,3,63.994,63.298,63.05
cifar10,vit_small,grayscale,training_sparse_testing_sparse,compact,compact,40,heldout_val,45000,impulse_noise,equal_mean_of_1_2_3_4_5,5,10000,54.77,3.3412051717905635,3,56.676,50.912,56.722
cifar10,vit_small,grayscale,training_sparse_testing_sparse,compact,compact,40,heldout_val,45000,jpeg_compression,equal_mean_of_1_2_3_4_5,5,10000,35.81933333333333,2.746692799228433,3,37.507999999999996,32.65,37.3
cifar10,vit_small,grayscale,training_sparse_testing_sparse,compact,compact,40,heldout_val,45000,motion_blur,equal_mean_of_1_2_3_4_5,5,10000,52.996,2.6590005641217926,3,54.426,49.928,54.634
cifar10,vit_small,grayscale,training_sparse_testing_sparse,compact,compact,40,heldout_val,45000,pixelate,equal_mean_of_1_2_3_4_5,5,10000,41.438,1.1955534283335028,3,40.264,41.396,42.653999999999996
cifar10,vit_small,grayscale,training_sparse_testing_sparse,compact,compact,40,heldout_val,45000,shot_noise,equal_mean_of_1_2_3_4_5,5,10000,61.36533333333333,3.7713033997987138,3,64.562,57.205999999999996,62.327999999999996
cifar10,vit_small,grayscale,training_sparse_testing_sparse,compact,compact,40,heldout_val,45000,snow,equal_mean_of_1_2_3_4_5,5,10000,46.61266666666666,3.567666090504173,3,49.358,42.58,47.9
cifar10,vit_small,grayscale,training_sparse_testing_sparse,compact,compact,40,heldout_val,45000,zoom_blur,equal_mean_of_1_2_3_4_5,5,10000,53.72466666666667,3.1058656334962946,3,55.24,50.152,55.782000000000004
cifar10,vit_small,grayscale,training_sparse_testing_sparse,compact,compact,60,heldout_val,45000,brightness,equal_mean_of_1_2_3_4_5,5,10000,34.37733333333333,0.7504993892957741,3,34.448,33.594,35.089999999999996
cifar10,vit_small,grayscale,training_sparse_testing_sparse,compact,compact,60,heldout_val,45000,clean,clean,1,10000,31.596666666666668,0.4908496035786679,3,31.630000000000003,31.089999999999996,32.07
cifar10,vit_small,grayscale,training_sparse_testing_sparse,compact,compact,60,heldout_val,45000,contrast,equal_mean_of_1_2_3_4_5,5,10000,63.79533333333333,0.8974660624966997,3,64.154,62.774,64.458
cifar10,vit_small,grayscale,training_sparse_testing_sparse,compact,compact,60,heldout_val,45000,defocus_blur,equal_mean_of_1_2_3_4_5,5,10000,50.84666666666667,1.363883181703382,3,51.510000000000005,49.278,51.752
cifar10,vit_small,grayscale,training_sparse_testing_sparse,compact,compact,60,heldout_val,45000,elastic_transform,equal_mean_of_1_2_3_4_5,5,10000,48.388666666666666,0.9730145596718115,3,48.774,47.282000000000004,49.11
cifar10,vit_small,grayscale,training_sparse_testing_sparse,compact,compact,60,heldout_val,45000,fog,equal_mean_of_1_2_3_4_5,5,10000,52.23266666666667,1.2052324810314934,3,52.260000000000005,51.014,53.424
cifar10,vit_small,grayscale,training_sparse_testing_sparse,compact,compact,60,heldout_val,45000,frost,equal_mean_of_1_2_3_4_5,5,10000,52.96333333333333,0.9246887764720283,3,53.99,52.196,52.704
cifar10,vit_small,grayscale,training_sparse_testing_sparse,compact,compact,60,heldout_val,45000,gaussian_noise,equal_mean_of_1_2_3_4_5,5,10000,71.25333333333333,0.8204811596455632,3,72.196,70.7,70.864
cifar10,vit_small,grayscale,training_sparse_testing_sparse,compact,compact,60,heldout_val,45000,glass_blur,equal_mean_of_1_2_3_4_5,5,10000,63.1,0.5783735816926664,3,63.690000000000005,63.076,62.534
cifar10,vit_small,grayscale,training_sparse_testing_sparse,compact,compact,60,heldout_val,45000,impulse_noise,equal_mean_of_1_2_3_4_5,5,10000,62.20333333333333,0.5905940512173601,3,62.704,61.552,62.354
cifar10,vit_small,grayscale,training_sparse_testing_sparse,compact,compact,60,heldout_val,45000,jpeg_compression,equal_mean_of_1_2_3_4_5,5,10000,40.843999999999994,0.739699939164525,3,41.257999999999996,39.989999999999995,41.284
cifar10,vit_small,grayscale,training_sparse_testing_sparse,compact,compact,60,heldout_val,45000,motion_blur,equal_mean_of_1_2_3_4_5,5,10000,58.324666666666666,1.279806756246167,3,58.816,56.872,59.286
cifar10,vit_small,grayscale,training_sparse_testing_sparse,compact,compact,60,heldout_val,45000,pixelate,equal_mean_of_1_2_3_4_5,5,10000,41.86666666666667,0.3140339684386601,3,41.872,42.178,41.55
cifar10,vit_small,grayscale,training_sparse_testing_sparse,compact,compact,60,heldout_val,45000,shot_noise,equal_mean_of_1_2_3_4_5,5,10000,64.236,0.7830938641056999,3,65.012,63.446000000000005,64.25
cifar10,vit_small,grayscale,training_sparse_testing_sparse,compact,compact,60,heldout_val,45000,snow,equal_mean_of_1_2_3_4_5,5,10000,50.98933333333333,0.6051457124803329,3,51.44199999999999,50.302,51.224
cifar10,vit_small,grayscale,training_sparse_testing_sparse,compact,compact,60,heldout_val,45000,zoom_blur,equal_mean_of_1_2_3_4_5,5,10000,59.281333333333336,1.4360951686198704,3,60.062000000000005,57.624,60.158
cifar10,vit_small,grayscale,training_sparse_testing_sparse,compact,compact,80,heldout_val,45000,brightness,equal_mean_of_1_2_3_4_5,5,10000,46.62866666666667,0.5295822252807691,3,46.21,47.224,46.452
cifar10,vit_small,grayscale,training_sparse_testing_sparse,compact,compact,80,heldout_val,45000,clean,clean,1,10000,43.19333333333333,0.552207690396768,3,42.72,43.8,43.059999999999995
cifar10,vit_small,grayscale,training_sparse_testing_sparse,compact,compact,80,heldout_val,45000,contrast,equal_mean_of_1_2_3_4_5,5,10000,70.844,0.44389638430606426,3,70.452,71.326,70.754
cifar10,vit_small,grayscale,training_sparse_testing_sparse,compact,compact,80,heldout_val,45000,defocus_blur,equal_mean_of_1_2_3_4_5,5,10000,59.800666666666665,0.2607092889279771,3,59.584,60.089999999999996,59.728
cifar10,vit_small,grayscale,training_sparse_testing_sparse,compact,compact,80,heldout_val,45000,elastic_transform,equal_mean_of_1_2_3_4_5,5,10000,57.668,0.14725488107360166,3,57.525999999999996,57.658,57.82
cifar10,vit_small,grayscale,training_sparse_testing_sparse,compact,compact,80,heldout_val,45000,fog,equal_mean_of_1_2_3_4_5,5,10000,65.71,0.3503198538478851,3,65.30799999999999,65.872,65.95
cifar10,vit_small,grayscale,training_sparse_testing_sparse,compact,compact,80,heldout_val,45000,frost,equal_mean_of_1_2_3_4_5,5,10000,60.99666666666667,0.5183409431381368,3,60.438,61.462,61.089999999999996
cifar10,vit_small,grayscale,training_sparse_testing_sparse,compact,compact,80,heldout_val,45000,gaussian_noise,equal_mean_of_1_2_3_4_5,5,10000,70.79066666666667,0.32010206705569527,3,70.44800000000001,71.082,70.842
cifar10,vit_small,grayscale,training_sparse_testing_sparse,compact,compact,80,heldout_val,45000,glass_blur,equal_mean_of_1_2_3_4_5,5,10000,62.17,0.0799249648107556,3,62.09799999999999,62.256,62.156000000000006
cifar10,vit_small,grayscale,training_sparse_testing_sparse,compact,compact,80,heldout_val,45000,impulse_noise,equal_mean_of_1_2_3_4_5,5,10000,72.06866666666667,0.1279114276885919,3,72.21600000000001,72.004,71.986
cifar10,vit_small,grayscale,training_sparse_testing_sparse,compact,compact,80,heldout_val,45000,jpeg_compression,equal_mean_of_1_2_3_4_5,5,10000,50.148666666666664,0.3900068375468988,3,49.714,50.467999999999996,50.264
cifar10,vit_small,grayscale,training_sparse_testing_sparse,compact,compact,80,heldout_val,45000,motion_blur,equal_mean_of_1_2_3_4_5,5,10000,64.97466666666666,0.46306083113705576,3,65.44200000000001,64.51599999999999,64.966
cifar10,vit_small,grayscale,training_sparse_testing_sparse,compact,compact,80,heldout_val,45000,pixelate,equal_mean_of_1_2_3_4_5,5,10000,48.89866666666667,0.314771875067218,3,48.538000000000004,49.04,49.118
cifar10,vit_small,grayscale,training_sparse_testing_sparse,compact,compact,80,heldout_val,45000,shot_noise,equal_mean_of_1_2_3_4_5,5,10000,66.70933333333333,0.42256518234863366,3,66.23,67.028,66.87
cifar10,vit_small,grayscale,training_sparse_testing_sparse,compact,compact,80,heldout_val,45000,snow,equal_mean_of_1_2_3_4_5,5,10000,58.958,0.12817175976009773,3,58.864,59.104,58.906
cifar10,vit_small,grayscale,training_sparse_testing_sparse,compact,compact,80,heldout_val,45000,zoom_blur,equal_mean_of_1_2_3_4_5,5,10000,66.42466666666667,0.2457179955423133,3,66.47999999999999,66.156,66.638
cifar10,vit_small,raw,raw_dense_reference,dense,dense,0,heldout_val,45000,brightness,equal_mean_of_1_2_3_4_5,5,10000,28.55333333333333,0.4394602750344256,3,28.735999999999997,28.872,28.052
cifar10,vit_small,raw,raw_dense_reference,dense,dense,0,heldout_val,45000,clean,clean,1,10000,21.89666666666667,0.7020921117156481,3,22.230000000000004,22.37,21.089999999999996
cifar10,vit_small,raw,raw_dense_reference,dense,dense,0,heldout_val,45000,contrast,equal_mean_of_1_2_3_4_5,5,10000,57.04333333333334,0.3211624718632825,3,56.868,57.414,56.848
cifar10,vit_small,raw,raw_dense_reference,dense,dense,0,heldout_val,45000,defocus_blur,equal_mean_of_1_2_3_4_5,5,10000,28.424,0.4707780793537433,3,28.272000000000002,28.951999999999998,28.048
cifar10,vit_small,raw,raw_dense_reference,dense,dense,0,heldout_val,45000,elastic_transform,equal_mean_of_1_2_3_4_5,5,10000,27.842666666666666,0.553014767735306,3,27.641999999999996,28.468,27.418
cifar10,vit_small,raw,raw_dense_reference,dense,dense,0,heldout_val,45000,fog,equal_mean_of_1_2_3_4_5,5,10000,43.48266666666667,0.9305059555603777,3,43.678,44.3,42.47
cifar10,vit_small,raw,raw_dense_reference,dense,dense,0,heldout_val,45000,frost,equal_mean_of_1_2_3_4_5,5,10000,38.147333333333336,0.46240386388236043,3,38.284000000000006,38.526,37.632
cifar10,vit_small,raw,raw_dense_reference,dense,dense,0,heldout_val,45000,gaussian_noise,equal_mean_of_1_2_3_4_5,5,10000,48.352666666666664,1.9644697333716625,3,46.974,47.482,50.602
cifar10,vit_small,raw,raw_dense_reference,dense,dense,0,heldout_val,45000,glass_blur,equal_mean_of_1_2_3_4_5,5,10000,32.208666666666666,0.12231652927275813,3,32.175999999999995,32.344,32.106
cifar10,vit_small,raw,raw_dense_reference,dense,dense,0,heldout_val,45000,impulse_noise,equal_mean_of_1_2_3_4_5,5,10000,38.550666666666665,0.7977376343970134,3,39.126000000000005,37.63999999999999,38.886
cifar10,vit_small,raw,raw_dense_reference,dense,dense,0,heldout_val,45000,jpeg_compression,equal_mean_of_1_2_3_4_5,5,10000,28.726666666666667,0.3002820895979855,3,28.894,28.906000000000002,28.380000000000003
cifar10,vit_small,raw,raw_dense_reference,dense,dense,0,heldout_val,45000,motion_blur,equal_mean_of_1_2_3_4_5,5,10000,31.30466666666667,0.3318152096172425,3,31.222,31.670000000000005,31.022000000000002
cifar10,vit_small,raw,raw_dense_reference,dense,dense,0,heldout_val,45000,pixelate,equal_mean_of_1_2_3_4_5,5,10000,26.50466666666667,0.35830899142127715,3,26.540000000000003,26.844,26.130000000000003
cifar10,vit_small,raw,raw_dense_reference,dense,dense,0,heldout_val,45000,shot_noise,equal_mean_of_1_2_3_4_5,5,10000,42.36533333333333,1.5824365179473516,3,41.12,41.83,44.146
cifar10,vit_small,raw,raw_dense_reference,dense,dense,0,heldout_val,45000,snow,equal_mean_of_1_2_3_4_5,5,10000,31.87,0.4775311508163632,3,31.844,32.36,31.406
cifar10,vit_small,raw,raw_dense_reference,dense,dense,0,heldout_val,45000,zoom_blur,equal_mean_of_1_2_3_4_5,5,10000,30.017333333333333,0.5765633818873099,3,29.718,30.682,29.652
cifar10,vit_small,single_color,training_dense_testing_sparse,dense,compact,0,heldout_val,45000,brightness,equal_mean_of_1_2_3_4_5,5,10000,30.327333333333332,1.2438879906701135,3,30.802,31.264,28.916
cifar10,vit_small,single_color,training_dense_testing_sparse,dense,compact,0,heldout_val,45000,clean,clean,1,10000,25.96333333333333,1.4415385299510146,3,26.249999999999996,27.24,24.4
cifar10,vit_small,single_color,training_dense_testing_sparse,dense,compact,0,heldout_val,45000,contrast,equal_mean_of_1_2_3_4_5,5,10000,58.396,1.0929464762741112,3,59.019999999999996,59.034,57.134
cifar10,vit_small,single_color,training_dense_testing_sparse,dense,compact,0,heldout_val,45000,defocus_blur,equal_mean_of_1_2_3_4_5,5,10000,42.33533333333333,1.0341166923192615,3,42.602,43.21,41.194
cifar10,vit_small,single_color,training_dense_testing_sparse,dense,compact,0,heldout_val,45000,elastic_transform,equal_mean_of_1_2_3_4_5,5,10000,37.65,1.0273207872909027,3,38.044,38.422000000000004,36.484
cifar10,vit_small,single_color,training_dense_testing_sparse,dense,compact,0,heldout_val,45000,fog,equal_mean_of_1_2_3_4_5,5,10000,42.93666666666667,1.4196088663196387,3,43.534,43.96,41.316
cifar10,vit_small,single_color,training_dense_testing_sparse,dense,compact,0,heldout_val,45000,frost,equal_mean_of_1_2_3_4_5,5,10000,49.774,1.4983083794733298,3,49.678000000000004,51.318,48.326
cifar10,vit_small,single_color,training_dense_testing_sparse,dense,compact,0,heldout_val,45000,gaussian_noise,equal_mean_of_1_2_3_4_5,5,10000,83.74133333333333,2.0293982687815006,3,81.398,84.92,84.906
cifar10,vit_small,single_color,training_dense_testing_sparse,dense,compact,0,heldout_val,45000,glass_blur,equal_mean_of_1_2_3_4_5,5,10000,54.056,1.0926426680301295,3,54.95,54.379999999999995,52.838
cifar10,vit_small,single_color,training_dense_testing_sparse,dense,compact,0,heldout_val,45000,impulse_noise,equal_mean_of_1_2_3_4_5,5,10000,65.17333333333333,3.2980396197337183,3,62.042,64.862,68.616
cifar10,vit_small,single_color,training_dense_testing_sparse,dense,compact,0,heldout_val,45000,jpeg_compression,equal_mean_of_1_2_3_4_5,5,10000,41.416000000000004,0.4691566902432503,3,41.402,41.892,40.954
cifar10,vit_small,single_color,training_dense_testing_sparse,dense,compact,0,heldout_val,45000,motion_blur,equal_mean_of_1_2_3_4_5,5,10000,47.30133333333333,0.7467110105879882,3,47.698,47.766,46.44
cifar10,vit_small,single_color,training_dense_testing_sparse,dense,compact,0,heldout_val,45000,pixelate,equal_mean_of_1_2_3_4_5,5,10000,35.36666666666667,1.3299388457118364,3,35.97,36.288,33.842
cifar10,vit_small,single_color,training_dense_testing_sparse,dense,compact,0,heldout_val,45000,shot_noise,equal_mean_of_1_2_3_4_5,5,10000,77.74000000000001,2.048480412403301,3,75.376,78.992,78.852
cifar10,vit_small,single_color,training_dense_testing_sparse,dense,compact,0,heldout_val,45000,snow,equal_mean_of_1_2_3_4_5,5,10000,45.147333333333336,1.6305585954921495,3,45.988,46.186,43.268
cifar10,vit_small,single_color,training_dense_testing_sparse,dense,compact,0,heldout_val,45000,zoom_blur,equal_mean_of_1_2_3_4_5,5,10000,48.13333333333333,1.0151045923122106,3,48.188,49.120000000000005,47.092
cifar10,vit_small,single_color,training_dense_testing_sparse,dense,compact,10,heldout_val,45000,brightness,equal_mean_of_1_2_3_4_5,5,10000,30.36733333333333,1.2529490545642046,3,30.887999999999998,31.276,28.938
cifar10,vit_small,single_color,training_dense_testing_sparse,dense,compact,10,heldout_val,45000,clean,clean,1,10000,26.026666666666667,1.4752739858525743,3,26.370000000000005,27.3,24.409999999999997
cifar10,vit_small,single_color,training_dense_testing_sparse,dense,compact,10,heldout_val,45000,contrast,equal_mean_of_1_2_3_4_5,5,10000,58.44266666666667,1.0623546175045944,3,59.064,59.048,57.216
cifar10,vit_small,single_color,training_dense_testing_sparse,dense,compact,10,heldout_val,45000,defocus_blur,equal_mean_of_1_2_3_4_5,5,10000,42.364,1.0613180484661529,3,42.614,43.278,41.199999999999996
cifar10,vit_small,single_color,training_dense_testing_sparse,dense,compact,10,heldout_val,45000,elastic_transform,equal_mean_of_1_2_3_4_5,5,10000,37.72533333333333,1.0665539523780918,3,38.099999999999994,38.553999999999995,36.522
cifar10,vit_small,single_color,training_dense_testing_sparse,dense,compact,10,heldout_val,45000,fog,equal_mean_of_1_2_3_4_5,5,10000,42.97666666666667,1.464822628625505,3,43.652,43.982,41.296
cifar10,vit_small,single_color,training_dense_testing_sparse,dense,compact,10,heldout_val,45000,frost,equal_mean_of_1_2_3_4_5,5,10000,49.87533333333333,1.4810298218919624,3,49.766,51.408,48.452
cifar10,vit_small,single_color,training_dense_testing_sparse,dense,compact,10,heldout_val,45000,gaussian_noise,equal_mean_of_1_2_3_4_5,5,10000,83.76866666666666,2.0756438358575227,3,81.372,84.95,84.984
cifar10,vit_small,single_color,training_dense_testing_sparse,dense,compact,10,heldout_val,45000,glass_blur,equal_mean_of_1_2_3_4_5,5,10000,54.186,1.0942230120044096,3,55.086,54.504,52.967999999999996
cifar10,vit_small,single_color,training_dense_testing_sparse,dense,compact,10,heldout_val,45000,impulse_noise,equal_mean_of_1_2_3_4_5,5,10000,65.268,3.3319669866311723,3,62.046,65.05799999999999,68.7
cifar10,vit_small,single_color,training_dense_testing_sparse,dense,compact,10,heldout_val,45000,jpeg_compression,equal_mean_of_1_2_3_4_5,5,10000,41.477333333333334,0.48703319530944983,3,41.426,41.988,41.018
cifar10,vit_small,single_color,training_dense_testing_sparse,dense,compact,10,heldout_val,45000,motion_blur,equal_mean_of_1_2_3_4_5,5,10000,47.31666666666666,0.7518146934806033,3,47.682,47.815999999999995,46.452
cifar10,vit_small,single_color,training_dense_testing_sparse,dense,compact,10,heldout_val,45000,pixelate,equal_mean_of_1_2_3_4_5,5,10000,35.410000000000004,1.3405715199123107,3,35.984,36.368,33.878
cifar10,vit_small,single_color,training_dense_testing_sparse,dense,compact,10,heldout_val,45000,shot_noise,equal_mean_of_1_2_3_4_5,5,10000,77.76866666666666,2.0547752512947355,3,75.398,79.038,78.87
cifar10,vit_small,single_color,training_dense_testing_sparse,dense,compact,10,heldout_val,45000,snow,equal_mean_of_1_2_3_4_5,5,10000,45.315333333333335,1.5761755401392719,3,46.181999999999995,46.268,43.496
cifar10,vit_small,single_color,training_dense_testing_sparse,dense,compact,10,heldout_val,45000,zoom_blur,equal_mean_of_1_2_3_4_5,5,10000,48.163333333333334,0.9921942014209392,3,48.186,49.144,47.16
cifar10,vit_small,single_color,training_dense_testing_sparse,dense,compact,20,heldout_val,45000,brightness,equal_mean_of_1_2_3_4_5,5,10000,30.692,1.289289726942705,3,31.248,31.61,29.218000000000004
cifar10,vit_small,single_color,training_dense_testing_sparse,dense,compact,20,heldout_val,45000,clean,clean,1,10000,26.313333333333333,1.529226383938405,3,26.8,27.54,24.6
cifar10,vit_small,single_color,training_dense_testing_sparse,dense,compact,20,heldout_val,45000,contrast,equal_mean_of_1_2_3_4_5,5,10000,58.616,1.0730013979487627,3,59.278,59.192,57.378
cifar10,vit_small,single_color,training_dense_testing_sparse,dense,compact,20,heldout_val,45000,defocus_blur,equal_mean_of_1_2_3_4_5,5,10000,42.51266666666667,1.0740006207322879,3,42.794000000000004,43.418000000000006,41.326
cifar10,vit_small,single_color,training_dense_testing_sparse,dense,compact,20,heldout_val,45000,elastic_transform,equal_mean_of_1_2_3_4_5,5,10000,37.964666666666666,1.1008620864274188,3,38.440000000000005,38.748,36.706
cifar10,vit_small,single_color,training_dense_testing_sparse,dense,compact,20,heldout_val,45000,fog,equal_mean_of_1_2_3_4_5,5,10000,43.214,1.3825715171375406,3,43.806000000000004,44.202,41.634
cifar10,vit_small,single_color,training_dense_testing_sparse,dense,compact,20,heldout_val,45000,frost,equal_mean_of_1_2_3_4_5,5,10000,50.222,1.4000757122384486,3,50.134,51.664,48.868
cifar10,vit_small,single_color,training_dense_testing_sparse,dense,compact,20,heldout_val,45000,gaussian_noise,equal_mean_of_1_2_3_4_5,5,10000,83.804,2.102538465759899,3,81.378,85.098,84.93599999999999
cifar10,vit_small,single_color,training_dense_testing_sparse,dense,compact,20,heldout_val,45000,glass_blur,equal_mean_of_1_2_3_4_5,5,10000,55.326,1.108763275005082,3,56.33,55.512,54.136
cifar10,vit_small,single_color,training_dense_testing_sparse,dense,compact,20,heldout_val,45000,impulse_noise,equal_mean_of_1_2_3_4_5,5,10000,65.91266666666667,3.3654636134317926,3,62.623999999999995,65.764,69.35000000000001
cifar10,vit_small,single_color,training_dense_testing_sparse,dense,compact,20,heldout_val,45000,jpeg_compression,equal_mean_of_1_2_3_4_5,5,10000,41.82066666666667,0.45101810754484545,3,41.816,42.274,41.372
cifar10,vit_small,single_color,training_dense_testing_sparse,dense,compact,20,heldout_val,45000,motion_blur,equal_mean_of_1_2_3_4_5,5,10000,47.536,0.6717350668232261,3,47.802,48.034000000000006,46.772
cifar10,vit_small,single_color,training_dense_testing_sparse,dense,compact,20,heldout_val,45000,pixelate,equal_mean_of_1_2_3_4_5,5,10000,35.891333333333336,1.3415428928414252,3,36.42,36.888000000000005,34.366
cifar10,vit_small,single_color,training_dense_testing_sparse,dense,compact,20,heldout_val,45000,shot_noise,equal_mean_of_1_2_3_4_5,5,10000,77.93666666666667,2.0419053193851386,3,75.58,79.178,79.05199999999999
cifar10,vit_small,single_color,training_dense_testing_sparse,dense,compact,20,heldout_val,45000,snow,equal_mean_of_1_2_3_4_5,5,10000,46.345333333333336,1.5203319812900529,3,47.146,47.298,44.592
cifar10,vit_small,single_color,training_dense_testing_sparse,dense,compact,20,heldout_val,45000,zoom_blur,equal_mean_of_1_2_3_4_5,5,10000,48.372,0.914026257828516,3,48.321999999999996,49.31,47.484
cifar10,vit_small,single_color,training_dense_testing_sparse,dense,compact,30,heldout_val,45000,brightness,equal_mean_of_1_2_3_4_5,5,10000,31.760666666666665,1.1141172888584636,3,32.343999999999994,32.462,30.476
cifar10,vit_small,single_color,training_dense_testing_sparse,dense,compact,30,heldout_val,45000,clean,clean,1,10000,27.37,1.349333168642946,3,27.880000000000006,28.390000000000004,25.839999999999996
cifar10,vit_small,single_color,training_dense_testing_sparse,dense,compact,30,heldout_val,45000,contrast,equal_mean_of_1_2_3_4_5,5,10000,59.17266666666667,0.9549561944578071,3,59.730000000000004,59.718,58.07
cifar10,vit_small,single_color,training_dense_testing_sparse,dense,compact,30,heldout_val,45000,defocus_blur,equal_mean_of_1_2_3_4_5,5,10000,43.19866666666667,0.9861771308103476,3,43.584,43.934,42.078
cifar10,vit_small,single_color,training_dense_testing_sparse,dense,compact,30,heldout_val,45000,elastic_transform,equal_mean_of_1_2_3_4_5,5,10000,38.90533333333333,1.0157013996905422,3,39.358,39.616,37.742000000000004
cifar10,vit_small,single_color,training_dense_testing_sparse,dense,compact,30,heldout_val,45000,fog,equal_mean_of_1_2_3_4_5,5,10000,44.004,1.2103354906801653,3,44.592,44.808,42.612
cifar10,vit_small,single_color,training_dense_testing_sparse,dense,compact,30,heldout_val,45000,frost,equal_mean_of_1_2_3_4_5,5,10000,51.148666666666664,1.2405310690721665,3,50.85399999999999,52.51,50.082
cifar10,vit_small,single_color,training_dense_testing_sparse,dense,compact,30,heldout_val,45000,gaussian_noise,equal_mean_of_1_2_3_4_5,5,10000,83.93333333333334,2.105309795097461,3,81.504,85.226,85.07
cifar10,vit_small,single_color,training_dense_testing_sparse,dense,compact,30,heldout_val,45000,glass_blur,equal_mean_of_1_2_3_4_5,5,10000,57.834666666666664,1.0464384039843575,3,58.757999999999996,58.048,56.698
cifar10,vit_small,single_color,training_dense_testing_sparse,dense,compact,30,heldout_val,45000,impulse_noise,equal_mean_of_1_2_3_4_5,5,10000,67.39,3.4229677182234712,3,63.902,67.524,70.744
cifar10,vit_small,single_color,training_dense_testing_sparse,dense,compact,30,heldout_val,45000,jpeg_compression,equal_mean_of_1_2_3_4_5,5,10000,42.898666666666664,0.6468085754945816,3,42.936,43.525999999999996,42.234
cifar10,vit_small,single_color,training_dense_testing_sparse,dense,compact,30,heldout_val,45000,motion_blur,equal_mean_of_1_2_3_4_5,5,10000,48.22933333333333,0.7710935957024523,3,48.358000000000004,48.928,47.401999999999994
cifar10,vit_small,single_color,training_dense_testing_sparse,dense,compact,30,heldout_val,45000,pixelate,equal_mean_of_1_2_3_4_5,5,10000,37.54866666666666,1.3857118507587851,3,38.089999999999996,38.582,35.974
cifar10,vit_small,single_color,training_dense_testing_sparse,dense,compact,30,heldout_val,45000,shot_noise,equal_mean_of_1_2_3_4_5,5,10000,78.38733333333333,1.989565111609401,3,76.09,79.544,79.528
cifar10,vit_small,single_color,training_dense_testing_sparse,dense,compact,30,heldout_val,45000,snow,equal_mean_of_1_2_3_4_5,5,10000,48.64333333333334,1.5432904241695171,3,49.448,49.618,46.864000000000004
cifar10,vit_small,single_color,training_dense_testing_sparse,dense,compact,30,heldout_val,45000,zoom_blur,equal_mean_of_1_2_3_4_5,5,10000,48.943999999999996,0.7941888944073701,3,48.924,49.748,48.16
cifar10,vit_small,single_color,training_dense_testing_sparse,dense,compact,40,heldout_val,45000,brightness,equal_mean_of_1_2_3_4_5,5,10000,34.52133333333333,1.2331428681759993,3,35.05,35.402,33.112
cifar10,vit_small,single_color,training_dense_testing_sparse,dense,compact,40,heldout_val,45000,clean,clean,1,10000,29.84666666666667,1.3923122255203195,3,30.600000000000005,30.700000000000006,28.24
cifar10,vit_small,single_color,training_dense_testing_sparse,dense,compact,40,heldout_val,45000,contrast,equal_mean_of_1_2_3_4_5,5,10000,60.56733333333333,0.7115401136501973,3,61.03,60.924,59.748
cifar10,vit_small,single_color,training_dense_testing_sparse,dense,compact,40,heldout_val,45000,defocus_blur,equal_mean_of_1_2_3_4_5,5,10000,44.75333333333334,0.8207614350914233,3,45.146,45.304,43.81
cifar10,vit_small,single_color,training_dense_testing_sparse,dense,compact,40,heldout_val,45000,elastic_transform,equal_mean_of_1_2_3_4_5,5,10000,40.78333333333334,0.7393465583427913,3,41.09,41.32,39.940000000000005
cifar10,vit_small,single_color,training_dense_testing_sparse,dense,compact,40,heldout_val,45000,fog,equal_mean_of_1_2_3_4_5,5,10000,46.11533333333333,0.8931502299911998,3,46.502,46.75,45.094
cifar10,vit_small,single_color,training_dense_testing_sparse,dense,compact,40,heldout_val,45000,frost,equal_mean_of_1_2_3_4_5,5,10000,53.474666666666664,1.2729372857031636,3,52.961999999999996,54.924,52.538
cifar10,vit_small,single_color,training_dense_testing_sparse,dense,compact,40,heldout_val,45000,gaussian_noise,equal_mean_of_1_2_3_4_5,5,10000,84.22466666666666,2.128545356184208,3,81.77,85.56,85.34400000000001
cifar10,vit_small,single_color,training_dense_testing_sparse,dense,compact,40,heldout_val,45000,glass_blur,equal_mean_of_1_2_3_4_5,5,10000,61.83,1.1420875623173534,3,62.672,62.288,60.53
cifar10,vit_small,single_color,training_dense_testing_sparse,dense,compact,40,heldout_val,45000,impulse_noise,equal_mean_of_1_2_3_4_5,5,10000,69.98733333333332,3.1125297321203793,3,66.82,70.1,73.042
cifar10,vit_small,single_color,training_dense_testing_sparse,dense,compact,40,heldout_val,45000,jpeg_compression,equal_mean_of_1_2_3_4_5,5,10000,45.25933333333333,0.3881151032017883,3,45.316,45.616,44.846
cifar10,vit_small,single_color,training_dense_testing_sparse,dense,compact,40,heldout_val,45000,motion_blur,equal_mean_of_1_2_3_4_5,5,10000,49.70666666666666,0.830289909208426,3,49.732,50.524,48.864
cifar10,vit_small,single_color,training_dense_testing_sparse,dense,compact,40,heldout_val,45000,pixelate,equal_mean_of_1_2_3_4_5,5,10000,40.894,1.2030610957054508,3,41.348,41.804,39.53
cifar10,vit_small,single_color,training_dense_testing_sparse,dense,compact,40,heldout_val,45000,shot_noise,equal_mean_of_1_2_3_4_5,5,10000,79.15866666666666,2.014152261705493,3,76.838,80.452,80.186
cifar10,vit_small,single_color,training_dense_testing_sparse,dense,compact,40,heldout_val,45000,snow,equal_mean_of_1_2_3_4_5,5,10000,52.36333333333333,1.4877154745895913,3,53.112,53.327999999999996,50.65
cifar10,vit_small,single_color,training_dense_testing_sparse,dense,compact,40,heldout_val,45000,zoom_blur,equal_mean_of_1_2_3_4_5,5,10000,50.532,0.5342396466006628,3,50.49,51.086,50.019999999999996
cifar10,vit_small,single_color,training_dense_testing_sparse,dense,compact,50,heldout_val,45000,brightness,equal_mean_of_1_2_3_4_5,5,10000,39.70533333333333,1.3177698332156997,3,40.44,40.492,38.184
cifar10,vit_small,single_color,training_dense_testing_sparse,dense,compact,50,heldout_val,45000,clean,clean,1,10000,34.98,1.225601892948929,3,35.79,35.58,33.57
cifar10,vit_small,single_color,training_dense_testing_sparse,dense,compact,50,heldout_val,45000,contrast,equal_mean_of_1_2_3_4_5,5,10000,62.84733333333334,0.3091946528213799,3,62.968,63.078,62.496
cifar10,vit_small,single_color,training_dense_testing_sparse,dense,compact,50,heldout_val,45000,defocus_blur,equal_mean_of_1_2_3_4_5,5,10000,47.36533333333333,0.5960011185671841,3,47.79,47.622,46.684
cifar10,vit_small,single_color,training_dense_testing_sparse,dense,compact,50,heldout_val,45000,elastic_transform,equal_mean_of_1_2_3_4_5,5,10000,44.358,0.4071314284110197,3,44.672,44.504,43.898
cifar10,vit_small,single_color,training_dense_testing_sparse,dense,compact,50,heldout_val,45000,fog,equal_mean_of_1_2_3_4_5,5,10000,49.91466666666667,0.40200165837136953,3,49.916000000000004,50.315999999999995,49.512
cifar10,vit_small,single_color,training_dense_testing_sparse,dense,compact,50,heldout_val,45000,frost,equal_mean_of_1_2_3_4_5,5,10000,57.64333333333333,1.1467385636374732,3,57.065999999999995,58.964,56.9
cifar10,vit_small,single_color,training_dense_testing_sparse,dense,compact,50,heldout_val,45000,gaussian_noise,equal_mean_of_1_2_3_4_5,5,10000,84.69733333333333,2.0768652660520277,3,82.30799999999999,86.07000000000001,85.714
cifar10,vit_small,single_color,training_dense_testing_sparse,dense,compact,50,heldout_val,45000,glass_blur,equal_mean_of_1_2_3_4_5,5,10000,66.87466666666667,1.2218908843809835,3,67.51,67.648,65.466
cifar10,vit_small,single_color,training_dense_testing_sparse,dense,compact,50,heldout_val,45000,impulse_noise,equal_mean_of_1_2_3_4_5,5,10000,73.45266666666667,2.7485082014309743,3,70.524,73.858,75.976
cifar10,vit_small,single_color,training_dense_testing_sparse,dense,compact,50,heldout_val,45000,jpeg_compression,equal_mean_of_1_2_3_4_5,5,10000,49.33133333333333,0.39610772945416417,3,49.566,49.554,48.874
cifar10,vit_small,single_color,training_dense_testing_sparse,dense,compact,50,heldout_val,45000,motion_blur,equal_mean_of_1_2_3_4_5,5,10000,52.15533333333333,0.8533471353050456,3,52.056,53.053999999999995,51.356
cifar10,vit_small,single_color,training_dense_testing_sparse,dense,compact,50,heldout_val,45000,pixelate,equal_mean_of_1_2_3_4_5,5,10000,46.541333333333334,1.14831586827551,3,46.844,47.508,45.272
cifar10,vit_small,single_color,training_dense_testing_sparse,dense,compact,50,heldout_val,45000,shot_noise,equal_mean_of_1_2_3_4_5,5,10000,80.32266666666666,1.8796088245518932,3,78.166,81.61200000000001,81.19
cifar10,vit_small,single_color,training_dense_testing_sparse,dense,compact,50,heldout_val,45000,snow,equal_mean_of_1_2_3_4_5,5,10000,57.82133333333333,1.5894531554384776,3,58.744,58.733999999999995,55.986
cifar10,vit_small,single_color,training_dense_testing_sparse,dense,compact,50,heldout_val,45000,zoom_blur,equal_mean_of_1_2_3_4_5,5,10000,52.611333333333334,0.3986694537249303,3,52.348,53.07,52.416
cifar10,vit_small,single_color,training_dense_testing_sparse,dense,compact,60,heldout_val,45000,brightness,equal_mean_of_1_2_3_4_5,5,10000,48.29266666666667,1.6392197330844118,3,49.432,49.032,46.414
cifar10,vit_small,single_color,training_dense_testing_sparse,dense,compact,60,heldout_val,45000,clean,clean,1,10000,43.513333333333335,1.6738080335968426,3,44.64,44.31,41.59
cifar10,vit_small,single_color,training_dense_testing_sparse,dense,compact,60,heldout_val,45000,contrast,equal_mean_of_1_2_3_4_5,5,10000,66.434,0.033045423283717866,3,66.45,66.396,66.456
cifar10,vit_small,single_color,training_dense_testing_sparse,dense,compact,60,heldout_val,45000,defocus_blur,equal_mean_of_1_2_3_4_5,5,10000,52.022,0.35983885282164674,3,52.424,51.912,51.730000000000004
cifar10,vit_small,single_color,training_dense_testing_sparse,dense,compact,60,heldout_val,45000,elastic_transform,equal_mean_of_1_2_3_4_5,5,10000,50.28666666666667,0.3025910331343834,3,50.622,50.204,50.034
cifar10,vit_small,single_color,training_dense_testing_sparse,dense,compact,60,heldout_val,45000,fog,equal_mean_of_1_2_3_4_5,5,10000,56.236000000000004,0.28629355563826087,3,55.906000000000006,56.384,56.418
cifar10,vit_small,single_color,training_dense_testing_sparse,dense,compact,60,heldout_val,45000,frost,equal_mean_of_1_2_3_4_5,5,10000,63.60333333333333,1.1685826172476363,3,63.108,64.938,62.764
cifar10,vit_small,single_color,training_dense_testing_sparse,dense,compact,60,heldout_val,45000,gaussian_noise,equal_mean_of_1_2_3_4_5,5,10000,85.368,1.787041129912789,3,83.308,86.502,86.294
cifar10,vit_small,single_color,training_dense_testing_sparse,dense,compact,60,heldout_val,45000,glass_blur,equal_mean_of_1_2_3_4_5,5,10000,72.594,1.5398909052267347,3,73.31400000000001,73.642,70.826
cifar10,vit_small,single_color,training_dense_testing_sparse,dense,compact,60,heldout_val,45000,impulse_noise,equal_mean_of_1_2_3_4_5,5,10000,77.71533333333333,2.1633495633700335,3,75.408,78.03999999999999,79.698
cifar10,vit_small,single_color,training_dense_testing_sparse,dense,compact,60,heldout_val,45000,jpeg_compression,equal_mean_of_1_2_3_4_5,5,10000,55.413333333333334,0.5660753777840334,3,55.974000000000004,55.424,54.842
cifar10,vit_small,single_color,training_dense_testing_sparse,dense,compact,60,heldout_val,45000,motion_blur,equal_mean_of_1_2_3_4_5,5,10000,56.226,0.4088080234046261,3,56.096000000000004,56.684,55.898
cifar10,vit_small,single_color,training_dense_testing_sparse,dense,compact,60,heldout_val,45000,pixelate,equal_mean_of_1_2_3_4_5,5,10000,54.38933333333333,1.3359585821923263,3,54.85,55.434,52.884
cifar10,vit_small,single_color,training_dense_testing_sparse,dense,compact,60,heldout_val,45000,shot_noise,equal_mean_of_1_2_3_4_5,5,10000,82.10533333333333,1.6545517016199105,3,80.208,83.248,82.86
cifar10,vit_small,single_color,training_dense_testing_sparse,dense,compact,60,heldout_val,45000,snow,equal_mean_of_1_2_3_4_5,5,10000,64.95733333333334,1.7814716762646952,3,66.17,65.79,62.912
cifar10,vit_small,single_color,training_dense_testing_sparse,dense,compact,60,heldout_val,45000,zoom_blur,equal_mean_of_1_2_3_4_5,5,10000,56.05533333333334,0.05783885660465011,3,56.076,56.1,55.99
cifar10,vit_small,single_color,training_dense_testing_sparse,dense,compact,70,heldout_val,45000,brightness,equal_mean_of_1_2_3_4_5,5,10000,59.668,2.1216936630908805,3,61.336,60.388000000000005,57.28
cifar10,vit_small,single_color,training_dense_testing_sparse,dense,compact,70,heldout_val,45000,clean,clean,1,10000,55.486666666666665,1.6622976067279138,3,56.97,55.800000000000004,53.68999999999999
cifar10,vit_small,single_color,training_dense_testing_sparse,dense,compact,70,heldout_val,45000,contrast,equal_mean_of_1_2_3_4_5,5,10000,71.12866666666667,0.3095566722481237,3,71.244,70.778,71.364
cifar10,vit_small,single_color,training_dense_testing_sparse,dense,compact,70,heldout_val,45000,defocus_blur,equal_mean_of_1_2_3_4_5,5,10000,59.385333333333335,0.48822262681417355,3,59.946,59.054,59.156
cifar10,vit_small,single_color,training_dense_testing_sparse,dense,compact,70,heldout_val,45000,elastic_transform,equal_mean_of_1_2_3_4_5,5,10000,58.95466666666667,0.5304576640348732,3,59.566,58.682,58.616
cifar10,vit_small,single_color,training_dense_testing_sparse,dense,compact,70,heldout_val,45000,fog,equal_mean_of_1_2_3_4_5,5,10000,64.61866666666667,0.22921023828209097,3,64.752,64.354,64.75
cifar10,vit_small,single_color,training_dense_testing_sparse,dense,compact,70,heldout_val,45000,frost,equal_mean_of_1_2_3_4_5,5,10000,71.37666666666667,1.2862384434207077,3,71.854,72.356,69.92
cifar10,vit_small,single_color,training_dense_testing_sparse,dense,compact,70,heldout_val,45000,gaussian_noise,equal_mean_of_1_2_3_4_5,5,10000,86.09333333333333,1.1790408531231364,3,84.77,86.478,87.032
cifar10,vit_small,single_color,training_dense_testing_sparse,dense,compact,70,heldout_val,45000,glass_blur,equal_mean_of_1_2_3_4_5,5,10000,77.726,1.7380552350256306,3,78.676,78.782,75.72
cifar10,vit_small,single_color,training_dense_testing_sparse,dense,compact,70,heldout_val,45000,impulse_noise,equal_mean_of_1_2_3_4_5,5,10000,82.15466666666667,1.4040474825779017,3,80.744,82.16799999999999,83.552
cifar10,vit_small,single_color,training_dense_testing_sparse,dense,compact,70,heldout_val,45000,jpeg_compression,equal_mean_of_1_2_3_4_5,5,10000,63.178666666666665,1.3629120783577144,3,64.498,63.262,61.775999999999996
cifar10,vit_small,single_color,training_dense_testing_sparse,dense,compact,70,heldout_val,45000,motion_blur,equal_mean_of_1_2_3_4_5,5,10000,61.98866666666667,0.24606774135049211,3,62.238,61.982,61.746
cifar10,vit_small,single_color,training_dense_testing_sparse,dense,compact,70,heldout_val,45000,pixelate,equal_mean_of_1_2_3_4_5,5,10000,63.71333333333333,1.7433947726586023,3,64.792,64.646,61.702
cifar10,vit_small,single_color,training_dense_testing_sparse,dense,compact,70,heldout_val,45000,shot_noise,equal_mean_of_1_2_3_4_5,5,10000,84.178,1.0134160053995567,3,83.01,84.824,84.7
cifar10,vit_small,single_color,training_dense_testing_sparse,dense,compact,70,heldout_val,45000,snow,equal_mean_of_1_2_3_4_5,5,10000,73.05733333333333,2.1078181452234777,3,74.592,73.926,70.654
cifar10,vit_small,single_color,training_dense_testing_sparse,dense,compact,70,heldout_val,45000,zoom_blur,equal_mean_of_1_2_3_4_5,5,10000,61.92133333333334,0.3342593803221262,3,62.152,61.538000000000004,62.074
cifar10,vit_small,single_color,training_dense_testing_sparse,dense,compact,80,heldout_val,45000,brightness,equal_mean_of_1_2_3_4_5,5,10000,72.98666666666666,2.0138285262984343,3,74.898,73.178,70.884
cifar10,vit_small,single_color,training_dense_testing_sparse,dense,compact,80,heldout_val,45000,clean,clean,1,10000,70.14333333333333,2.015101320860402,3,72.17,70.12,68.14
cifar10,vit_small,single_color,training_dense_testing_sparse,dense,compact,80,heldout_val,45000,contrast,equal_mean_of_1_2_3_4_5,5,10000,76.43533333333333,0.384922503022792,3,76.874,76.278,76.154
cifar10,vit_small,single_color,training_dense_testing_sparse,dense,compact,80,heldout_val,45000,defocus_blur,equal_mean_of_1_2_3_4_5,5,10000,69.15866666666666,0.7559082836782041,3,69.984,68.992,68.5
cifar10,vit_small,single_color,training_dense_testing_sparse,dense,compact,80,heldout_val,45000,elastic_transform,equal_mean_of_1_2_3_4_5,5,10000,69.58066666666666,1.1302819707194027,3,70.854,69.192,68.696
cifar10,vit_small,single_color,training_dense_testing_sparse,dense,compact,80,heldout_val,45000,fog,equal_mean_of_1_2_3_4_5,5,10000,73.598,0.6557042016031317,3,74.354,73.256,73.184
cifar10,vit_small,single_color,training_dense_testing_sparse,dense,compact,80,heldout_val,45000,frost,equal_mean_of_1_2_3_4_5,5,10000,79.33866666666667,1.2991941091820465,3,80.458,79.644,77.914
cifar10,vit_small,single_color,training_dense_testing_sparse,dense,compact,80,heldout_val,45000,gaussian_noise,equal_mean_of_1_2_3_4_5,5,10000,86.85066666666667,0.49283398151236724,3,86.732,86.428,87.392
cifar10,vit_small,single_color,training_dense_testing_sparse,dense,compact,80,heldout_val,45000,glass_blur,equal_mean_of_1_2_3_4_5,5,10000,81.75466666666667,1.222532344493725,3,82.832,82.006,80.426
cifar10,vit_small,single_color,training_dense_testing_sparse,dense,compact,80,heldout_val,45000,impulse_noise,equal_mean_of_1_2_3_4_5,5,10000,86.11733333333333,0.8507181280149944,3,85.75,85.512,87.09
cifar10,vit_small,single_color,training_dense_testing_sparse,dense,compact,80,heldout_val,45000,jpeg_compression,equal_mean_of_1_2_3_4_5,5,10000,72.76533333333333,1.8038196509998805,3,74.684,72.508,71.104
cifar10,vit_small,single_color,training_dense_testing_sparse,dense,compact,80,heldout_val,45000,motion_blur,equal_mean_of_1_2_3_4_5,5,10000,69.96733333333334,0.39829804585677814,3,70.422,69.68,69.80000000000001
cifar10,vit_small,single_color,training_dense_testing_sparse,dense,compact,80,heldout_val,45000,pixelate,equal_mean_of_1_2_3_4_5,5,10000,73.95266666666667,1.6937465375118386,3,75.58800000000001,74.06400000000001,72.206
cifar10,vit_small,single_color,training_dense_testing_sparse,dense,compact,80,heldout_val,45000,shot_noise,equal_mean_of_1_2_3_4_5,5,10000,86.28333333333333,0.3388942804671287,3,86.35600000000001,85.914,86.58
cifar10,vit_small,single_color,training_dense_testing_sparse,dense,compact,80,heldout_val,45000,snow,equal_mean_of_1_2_3_4_5,5,10000,80.62733333333334,1.879249140836128,3,82.524,80.592,78.766
cifar10,vit_small,single_color,training_dense_testing_sparse,dense,compact,80,heldout_val,45000,zoom_blur,equal_mean_of_1_2_3_4_5,5,10000,69.79266666666666,0.6633078722081783,3,70.558,69.384,69.43599999999999
cifar10,vit_small,single_color,training_dense_testing_sparse,dense,compact,90,heldout_val,45000,brightness,equal_mean_of_1_2_3_4_5,5,10000,83.73733333333332,1.1619472162423448,3,84.476,84.338,82.398
cifar10,vit_small,single_color,training_dense_testing_sparse,dense,compact,90,heldout_val,45000,clean,clean,1,10000,81.66333333333334,1.6106313461910946,3,83.37,81.45,80.17
cifar10,vit_small,single_color,training_dense_testing_sparse,dense,compact,90,heldout_val,45000,contrast,equal_mean_of_1_2_3_4_5,5,10000,84.07866666666666,0.42430806418607325,3,84.512,83.664,84.06
cifar10,vit_small,single_color,training_dense_testing_sparse,dense,compact,90,heldout_val,45000,defocus_blur,equal_mean_of_1_2_3_4_5,5,10000,81.872,0.6633822427530035,3,82.522,81.898,81.196
cifar10,vit_small,single_color,training_dense_testing_sparse,dense,compact,90,heldout_val,45000,elastic_transform,equal_mean_of_1_2_3_4_5,5,10000,81.534,1.057924382931024,3,82.734,81.132,80.736
cifar10,vit_small,single_color,training_dense_testing_sparse,dense,compact,90,heldout_val,45000,fog,equal_mean_of_1_2_3_4_5,5,10000,84.548,0.5011865919994253,3,84.812,83.97,84.862
cifar10,vit_small,single_color,training_dense_testing_sparse,dense,compact,90,heldout_val,45000,frost,equal_mean_of_1_2_3_4_5,5,10000,84.83466666666666,0.9276321109865343,3,85.112,85.592,83.8
cifar10,vit_small,single_color,training_dense_testing_sparse,dense,compact,90,heldout_val,45000,gaussian_noise,equal_mean_of_1_2_3_4_5,5,10000,87.634,0.6235767795548508,3,87.926,86.918,88.058
cifar10,vit_small,single_color,training_dense_testing_sparse,dense,compact,90,heldout_val,45000,glass_blur,equal_mean_of_1_2_3_4_5,5,10000,84.13333333333334,1.096814174476852,3,85.334,83.882,83.184
cifar10,vit_small,single_color,training_dense_testing_sparse,dense,compact,90,heldout_val,45000,impulse_noise,equal_mean_of_1_2_3_4_5,5,10000,88.47733333333333,0.5457997190667437,3,88.106,88.222,89.104
cifar10,vit_small,single_color,training_dense_testing_sparse,dense,compact,90,heldout_val,45000,jpeg_compression,equal_mean_of_1_2_3_4_5,5,10000,81.38,1.6174362429474607,3,83.13,81.07,79.94
cifar10,vit_small,single_color,training_dense_testing_sparse,dense,compact,90,heldout_val,45000,motion_blur,equal_mean_of_1_2_3_4_5,5,10000,82.17133333333334,0.6490064201017849,3,82.822,82.16799999999999,81.524
cifar10,vit_small,single_color,training_dense_testing_sparse,dense,compact,90,heldout_val,45000,pixelate,equal_mean_of_1_2_3_4_5,5,10000,82.10333333333334,1.5961821115816734,3,83.762,81.97,80.578
cifar10,vit_small,single_color,training_dense_testing_sparse,dense,compact,90,heldout_val,45000,shot_noise,equal_mean_of_1_2_3_4_5,5,10000,87.10533333333333,0.7039498088168914,3,87.468,86.294,87.554
cifar10,vit_small,single_color,training_dense_testing_sparse,dense,compact,90,heldout_val,45000,snow,equal_mean_of_1_2_3_4_5,5,10000,84.14933333333333,1.1289523166783146,3,85.396,83.85600000000001,83.196
cifar10,vit_small,single_color,training_dense_testing_sparse,dense,compact,90,heldout_val,45000,zoom_blur,equal_mean_of_1_2_3_4_5,5,10000,82.05199999999999,0.6134786059839408,3,82.548,82.24199999999999,81.366
cifar10,vit_small,single_color,training_sparse_testing_sparse,compact,compact,0,heldout_val,45000,brightness,equal_mean_of_1_2_3_4_5,5,10000,28.526666666666667,0.8857140245775318,3,28.354000000000003,29.485999999999997,27.740000000000002
cifar10,vit_small,single_color,training_sparse_testing_sparse,compact,compact,0,heldout_val,45000,clean,clean,1,10000,23.83666666666667,0.8399007877918276,3,23.560000000000002,24.78,23.17
cifar10,vit_small,single_color,training_sparse_testing_sparse,compact,compact,0,heldout_val,45000,contrast,equal_mean_of_1_2_3_4_5,5,10000,56.56466666666667,0.5360945190293707,3,56.51,57.126,56.058
cifar10,vit_small,single_color,training_sparse_testing_sparse,compact,compact,0,heldout_val,45000,defocus_blur,equal_mean_of_1_2_3_4_5,5,10000,39.756,0.28452767879417523,3,39.461999999999996,40.03,39.775999999999996
cifar10,vit_small,single_color,training_sparse_testing_sparse,compact,compact,0,heldout_val,45000,elastic_transform,equal_mean_of_1_2_3_4_5,5,10000,35.492666666666665,0.5195626365832474,3,35.338,36.072,35.068
cifar10,vit_small,single_color,training_sparse_testing_sparse,compact,compact,0,heldout_val,45000,fog,equal_mean_of_1_2_3_4_5,5,10000,40.57066666666667,0.35975732561455265,3,40.37,40.986000000000004,40.356
cifar10,vit_small,single_color,training_sparse_testing_sparse,compact,compact,0,heldout_val,45000,frost,equal_mean_of_1_2_3_4_5,5,10000,46.69866666666667,1.5670537110556642,3,46.254,48.44,45.402
cifar10,vit_small,single_color,training_sparse_testing_sparse,compact,compact,0,heldout_val,45000,gaussian_noise,equal_mean_of_1_2_3_4_5,5,10000,84.55,1.6977172909527656,3,82.688,86.012,84.95
cifar10,vit_small,single_color,training_sparse_testing_sparse,compact,compact,0,heldout_val,45000,glass_blur,equal_mean_of_1_2_3_4_5,5,10000,50.690666666666665,1.4317825719477613,3,50.410000000000004,52.242000000000004,49.419999999999995
cifar10,vit_small,single_color,training_sparse_testing_sparse,compact,compact,0,heldout_val,45000,impulse_noise,equal_mean_of_1_2_3_4_5,5,10000,64.742,0.6668852974837567,3,64.19800000000001,65.486,64.542
cifar10,vit_small,single_color,training_sparse_testing_sparse,compact,compact,0,heldout_val,45000,jpeg_compression,equal_mean_of_1_2_3_4_5,5,10000,40.62,0.7502426274212884,3,39.92,41.412,40.528
cifar10,vit_small,single_color,training_sparse_testing_sparse,compact,compact,0,heldout_val,45000,motion_blur,equal_mean_of_1_2_3_4_5,5,10000,44.370666666666665,0.23618918970463695,3,44.397999999999996,44.122,44.592
cifar10,vit_small,single_color,training_sparse_testing_sparse,compact,compact,0,heldout_val,45000,pixelate,equal_mean_of_1_2_3_4_5,5,10000,33.635333333333335,1.021609188160197,3,33.458,34.734,32.714
cifar10,vit_small,single_color,training_sparse_testing_sparse,compact,compact,0,heldout_val,45000,shot_noise,equal_mean_of_1_2_3_4_5,5,10000,78.98866666666666,1.8264077675407877,3,76.914,80.354,79.698
cifar10,vit_small,single_color,training_sparse_testing_sparse,compact,compact,0,heldout_val,45000,snow,equal_mean_of_1_2_3_4_5,5,10000,42.33266666666667,1.2904051043503089,3,42.370000000000005,43.604,41.024
cifar10,vit_small,single_color,training_sparse_testing_sparse,compact,compact,0,heldout_val,45000,zoom_blur,equal_mean_of_1_2_3_4_5,5,10000,45.08866666666667,0.24684678108765037,3,45.022,44.882,45.362
cifar10,vit_small,single_color,training_sparse_testing_sparse,compact,compact,20,heldout_val,45000,brightness,equal_mean_of_1_2_3_4_5,5,10000,28.394000000000002,1.3263664651973097,3,28.358,29.738000000000003,27.086
cifar10,vit_small,single_color,training_sparse_testing_sparse,compact,compact,20,heldout_val,45000,clean,clean,1,10000,23.966666666666665,1.249253110195584,3,23.509999999999998,25.380000000000003,23.009999999999998
cifar10,vit_small,single_color,training_sparse_testing_sparse,compact,compact,20,heldout_val,45000,contrast,equal_mean_of_1_2_3_4_5,5,10000,56.554,0.8917017438583354,3,56.68,57.376,55.606
cifar10,vit_small,single_color,training_sparse_testing_sparse,compact,compact,20,heldout_val,45000,defocus_blur,equal_mean_of_1_2_3_4_5,5,10000,40.02333333333333,1.0179986902414637,3,40.504,40.712,38.854
cifar10,vit_small,single_color,training_sparse_testing_sparse,compact,compact,20,heldout_val,45000,elastic_transform,equal_mean_of_1_2_3_4_5,5,10000,35.692,1.2372922047762196,3,35.824,36.858,34.394
cifar10,vit_small,single_color,training_sparse_testing_sparse,compact,compact,20,heldout_val,45000,fog,equal_mean_of_1_2_3_4_5,5,10000,40.41266666666667,1.1042505754281178,3,40.352,41.546,39.34
cifar10,vit_small,single_color,training_sparse_testing_sparse,compact,compact,20,heldout_val,45000,frost,equal_mean_of_1_2_3_4_5,5,10000,46.998666666666665,1.2101278169405634,3,46.302,48.396,46.298
cifar10,vit_small,single_color,training_sparse_testing_sparse,compact,compact,20,heldout_val,45000,gaussian_noise,equal_mean_of_1_2_3_4_5,5,10000,84.70933333333333,1.7657478113630314,3,84.65,82.974,86.504
cifar10,vit_small,single_color,training_sparse_testing_sparse,compact,compact,20,heldout_val,45000,glass_blur,equal_mean_of_1_2_3_4_5,5,10000,52.296,1.1847750841404456,3,51.873999999999995,53.634,51.38
cifar10,vit_small,single_color,training_sparse_testing_sparse,compact,compact,20,heldout_val,45000,impulse_noise,equal_mean_of_1_2_3_4_5,5,10000,66.07333333333332,0.4926513303882718,3,66.642,65.80199999999999,65.776
cifar10,vit_small,single_color,training_sparse_testing_sparse,compact,compact,20,heldout_val,45000,jpeg_compression,equal_mean_of_1_2_3_4_5,5,10000,40.338,1.132958957773845,3,39.278,41.532,40.204
cifar10,vit_small,single_color,training_sparse_testing_sparse,compact,compact,20,heldout_val,45000,motion_blur,equal_mean_of_1_2_3_4_5,5,10000,44.67933333333333,0.6203944981488281,3,45.22,44.816,44.001999999999995
cifar10,vit_small,single_color,training_sparse_testing_sparse,compact,compact,20,heldout_val,45000,pixelate,equal_mean_of_1_2_3_4_5,5,10000,33.53666666666667,1.6274081643316562,3,33.24,35.292,32.078
cifar10,vit_small,single_color,training_sparse_testing_sparse,compact,compact,20,heldout_val,45000,shot_noise,equal_mean_of_1_2_3_4_5,5,10000,78.746,1.9990187592916733,3,78.132,77.12599999999999,80.98
cifar10,vit_small,single_color,training_sparse_testing_sparse,compact,compact,20,heldout_val,45000,snow,equal_mean_of_1_2_3_4_5,5,10000,43.33266666666667,0.9615515240138349,3,42.974,44.422,42.602000000000004
cifar10,vit_small,single_color,training_sparse_testing_sparse,compact,compact,20,heldout_val,45000,zoom_blur,equal_mean_of_1_2_3_4_5,5,10000,45.196666666666665,0.9450869448539285,3,45.774,45.71,44.106
cifar10,vit_small,single_color,training_sparse_testing_sparse,compact,compact,40,heldout_val,45000,brightness,equal_mean_of_1_2_3_4_5,5,10000,29.078666666666667,1.496930637448954,3,29.586000000000002,30.256,27.394000000000002
cifar10,vit_small,single_color,training_sparse_testing_sparse,compact,compact,40,heldout_val,45000,clean,clean,1,10000,24.923333333333336,1.8764416679804716,3,25.72,26.270000000000003,22.78
cifar10,vit_small,single_color,training_sparse_testing_sparse,compact,compact,40,heldout_val,45000,contrast,equal_mean_of_1_2_3_4_5,5,10000,58.05266666666667,2.215221283152844,3,59.958,58.578,55.622
cifar10,vit_small,single_color,training_sparse_testing_sparse,compact,compact,40,heldout_val,45000,defocus_blur,equal_mean_of_1_2_3_4_5,5,10000,41.318,2.0696965961222413,3,42.696,42.32,38.938
cifar10,vit_small,single_color,training_sparse_testing_sparse,compact,compact,40,heldout_val,45000,elastic_transform,equal_mean_of_1_2_3_4_5,5,10000,36.92133333333334,1.7774209780840673,3,38.004,37.89,34.870000000000005
cifar10,vit_small,single_color,training_sparse_testing_sparse,compact,compact,40,heldout_val,45000,fog,equal_mean_of_1_2_3_4_5,5,10000,42.644666666666666,2.6689003977918224,3,44.442,43.914,39.577999999999996
cifar10,vit_small,single_color,training_sparse_testing_sparse,compact,compact,40,heldout_val,45000,frost,equal_mean_of_1_2_3_4_5,5,10000,45.67066666666667,1.232080083977229,3,45.507999999999996,46.976000000000006,44.528000000000006
cifar10,vit_small,single_color,training_sparse_testing_sparse,compact,compact,40,heldout_val,45000,gaussian_noise,equal_mean_of_1_2_3_4_5,5,10000,83.072,1.5169456153732033,3,83.382,81.424,84.41
cifar10,vit_small,single_color,training_sparse_testing_sparse,compact,compact,40,heldout_val,45000,glass_blur,equal_mean_of_1_2_3_4_5,5,10000,53.157333333333334,0.9471691154874793,3,54.168,53.013999999999996,52.29
cifar10,vit_small,single_color,training_sparse_testing_sparse,compact,compact,40,heldout_val,45000,impulse_noise,equal_mean_of_1_2_3_4_5,5,10000,66.99333333333334,0.9392685097102623,3,67.128,65.994,67.858
cifar10,vit_small,single_color,training_sparse_testing_sparse,compact,compact,40,heldout_val,45000,jpeg_compression,equal_mean_of_1_2_3_4_5,5,10000,39.589333333333336,0.9810368664496394,3,38.746,40.666,39.356
cifar10,vit_small,single_color,training_sparse_testing_sparse,compact,compact,40,heldout_val,45000,motion_blur,equal_mean_of_1_2_3_4_5,5,10000,47.01533333333333,1.6657422769844488,3,47.994,47.96,45.092
cifar10,vit_small,single_color,training_sparse_testing_sparse,compact,compact,40,heldout_val,45000,pixelate,equal_mean_of_1_2_3_4_5,5,10000,33.86666666666667,1.137137341455874,3,34.058,34.896,32.646
cifar10,vit_small,single_color,training_sparse_testing_sparse,compact,compact,40,heldout_val,45000,shot_noise,equal_mean_of_1_2_3_4_5,5,10000,77.07066666666667,1.8236823553824602,3,77.76400000000001,75.00200000000001,78.446
cifar10,vit_small,single_color,training_sparse_testing_sparse,compact,compact,40,heldout_val,45000,snow,equal_mean_of_1_2_3_4_5,5,10000,42.53933333333333,1.587282373534504,3,42.974000000000004,43.864,40.78
cifar10,vit_small,single_color,training_sparse_testing_sparse,compact,compact,40,heldout_val,45000,zoom_blur,equal_mean_of_1_2_3_4_5,5,10000,47.13733333333333,2.0754347335759173,3,48.588,48.064,44.76
cifar10,vit_small,single_color,training_sparse_testing_sparse,compact,compact,60,heldout_val,45000,brightness,equal_mean_of_1_2_3_4_5,5,10000,31.180666666666667,1.2865866987239285,3,29.8,32.346000000000004,31.396
cifar10,vit_small,single_color,training_sparse_testing_sparse,compact,compact,60,heldout_val,45000,clean,clean,1,10000,27.133333333333333,0.7914754154952178,3,26.290000000000003,27.859999999999996,27.249999999999996
cifar10,vit_small,single_color,training_sparse_testing_sparse,compact,compact,60,heldout_val,45000,contrast,equal_mean_of_1_2_3_4_5,5,10000,60.18066666666667,0.5276223396837278,3,60.462,60.507999999999996,59.572
cifar10,vit_small,single_color,training_sparse_testing_sparse,compact,compact,60,heldout_val,45000,defocus_blur,equal_mean_of_1_2_3_4_5,5,10000,44.82866666666667,1.2390259615251533,3,44.03,46.256,44.2
cifar10,vit_small,single_color,training_sparse_testing_sparse,compact,compact,60,heldout_val,45000,elastic_transform,equal_mean_of_1_2_3_4_5,5,10000,39.88133333333334,1.2162521668360278,3,38.728,41.152,39.764
cifar10,vit_small,single_color,training_sparse_testing_sparse,compact,compact,60,heldout_val,45000,fog,equal_mean_of_1_2_3_4_5,5,10000,47.166,1.0848575943413035,3,46.391999999999996,48.406,46.7
cifar10,vit_small,single_color,training_sparse_testing_sparse,compact,compact,60,heldout_val,45000,frost,equal_mean_of_1_2_3_4_5,5,10000,45.134,1.4849484839549139,3,43.705999999999996,46.669999999999995,45.026
cifar10,vit_small,single_color,training_sparse_testing_sparse,compact,compact,60,heldout_val,45000,gaussian_noise,equal_mean_of_1_2_3_4_5,5,10000,80.58133333333333,1.8299828778798213,3,78.98,80.188,82.576
cifar10,vit_small,single_color,training_sparse_testing_sparse,compact,compact,60,heldout_val,45000,glass_blur,equal_mean_of_1_2_3_4_5,5,10000,51.29466666666667,0.9971185151893079,3,50.236000000000004,52.216,51.432
cifar10,vit_small,single_color,training_sparse_testing_sparse,compact,compact,60,heldout_val,45000,impulse_noise,equal_mean_of_1_2_3_4_5,5,10000,70.44333333333333,3.117810342745911,3,67.26599999999999,73.498,70.566
cifar10,vit_small,single_color,training_sparse_testing_sparse,compact,compact,60,heldout_val,45000,jpeg_compression,equal_mean_of_1_2_3_4_5,5,10000,40.529333333333334,0.5984390807202826,3,39.846,40.782000000000004,40.96
cifar10,vit_small,single_color,training_sparse_testing_sparse,compact,compact,60,heldout_val,45000,motion_blur,equal_mean_of_1_2_3_4_5,5,10000,50.51,1.3108043332244492,3,50.006,51.998,49.526
cifar10,vit_small,single_color,training_sparse_testing_sparse,compact,compact,60,heldout_val,45000,pixelate,equal_mean_of_1_2_3_4_5,5,10000,33.838,1.0812067332383746,3,32.95,35.042,33.522000000000006
cifar10,vit_small,single_color,training_sparse_testing_sparse,compact,compact,60,heldout_val,45000,shot_noise,equal_mean_of_1_2_3_4_5,5,10000,74.89066666666666,1.643630534315215,3,73.346,74.708,76.618
cifar10,vit_small,single_color,training_sparse_testing_sparse,compact,compact,60,heldout_val,45000,snow,equal_mean_of_1_2_3_4_5,5,10000,43.00066666666667,1.4145774398502677,3,41.61,44.438,42.954
cifar10,vit_small,single_color,training_sparse_testing_sparse,compact,compact,60,heldout_val,45000,zoom_blur,equal_mean_of_1_2_3_4_5,5,10000,51.052,1.4621805634052174,3,50.338,52.734,50.084
cifar10,vit_small,single_color,training_sparse_testing_sparse,compact,compact,80,heldout_val,45000,brightness,equal_mean_of_1_2_3_4_5,5,10000,38.79533333333333,0.11724049357339593,3,38.716,38.739999999999995,38.93
cifar10,vit_small,single_color,training_sparse_testing_sparse,compact,compact,80,heldout_val,45000,clean,clean,1,10000,34.026666666666664,0.055075705472860816,3,33.97,34.08,34.03
cifar10,vit_small,single_color,training_sparse_testing_sparse,compact,compact,80,heldout_val,45000,contrast,equal_mean_of_1_2_3_4_5,5,10000,64.19399999999999,0.7266691131457308,3,63.401999999999994,64.35,64.83
cifar10,vit_small,single_color,training_sparse_testing_sparse,compact,compact,80,heldout_val,45000,defocus_blur,equal_mean_of_1_2_3_4_5,5,10000,48.50533333333333,0.31498783045275575,3,48.144,48.65,48.722
cifar10,vit_small,single_color,training_sparse_testing_sparse,compact,compact,80,heldout_val,45000,elastic_transform,equal_mean_of_1_2_3_4_5,5,10000,44.04066666666667,0.06217180497085082,3,43.976,44.04600000000001,44.1
cifar10,vit_small,single_color,training_sparse_testing_sparse,compact,compact,80,heldout_val,45000,fog,equal_mean_of_1_2_3_4_5,5,10000,54.54,0.41329408415800023,3,54.135999999999996,54.522,54.961999999999996
cifar10,vit_small,single_color,training_sparse_testing_sparse,compact,compact,80,heldout_val,45000,frost,equal_mean_of_1_2_3_4_5,5,10000,48.92133333333333,0.33838636694366686,3,48.94,48.574,49.25
cifar10,vit_small,single_color,training_sparse_testing_sparse,compact,compact,80,heldout_val,45000,gaussian_noise,equal_mean_of_1_2_3_4_5,5,10000,80.42066666666666,2.027069148631422,3,82.758,79.36,79.144
cifar10,vit_small,single_color,training_sparse_testing_sparse,compact,compact,80,heldout_val,45000,glass_blur,equal_mean_of_1_2_3_4_5,5,10000,48.66733333333333,0.18610033136277018,3,48.494,48.864,48.644
cifar10,vit_small,single_color,training_sparse_testing_sparse,compact,compact,80,heldout_val,45000,impulse_noise,equal_mean_of_1_2_3_4_5,5,10000,77.084,1.7250820270352403,3,77.922,78.23,75.1
cifar10,vit_small,single_color,training_sparse_testing_sparse,compact,compact,80,heldout_val,45000,jpeg_compression,equal_mean_of_1_2_3_4_5,5,10000,46.08533333333333,0.5401493620595463,3,45.525999999999996,46.604,46.126
cifar10,vit_small,single_color,training_sparse_testing_sparse,compact,compact,80,heldout_val,45000,motion_blur,equal_mean_of_1_2_3_4_5,5,10000,53.343333333333334,0.2285636308193696,3,53.156,53.598,53.276
cifar10,vit_small,single_color,training_sparse_testing_sparse,compact,compact,80,heldout_val,45000,pixelate,equal_mean_of_1_2_3_4_5,5,10000,37.550666666666665,0.07627144507174996,3,37.466,37.614,37.571999999999996
cifar10,vit_small,single_color,training_sparse_testing_sparse,compact,compact,80,heldout_val,45000,shot_noise,equal_mean_of_1_2_3_4_5,5,10000,76.81333333333333,1.9717630013095762,3,79.09,75.654,75.696
cifar10,vit_small,single_color,training_sparse_testing_sparse,compact,compact,80,heldout_val,45000,snow,equal_mean_of_1_2_3_4_5,5,10000,46.580666666666666,0.18544361227428366,3,46.489999999999995,46.794000000000004,46.458
cifar10,vit_small,single_color,training_sparse_testing_sparse,compact,compact,80,heldout_val,45000,zoom_blur,equal_mean_of_1_2_3_4_5,5,10000,53.41866666666667,0.3457532839082407,3,53.106,53.36,53.79
