study,category,dataset,architecture_or_group,pdf,csv,source_pdf,source_csv,pdf_sha256,csv_sha256,export_dpi,format
training_sparse_testing_sparse,Preprocessing sparsity and patch removal,cifar10,preprocessing,training_sparse_testing_sparse/results/cifar10/preprocessing/achieved_sparsity_color_opponency.pdf,training_sparse_testing_sparse/results/cifar10/preprocessing/achieved_sparsity_color_opponency.csv,/ceph/sagnihot/projects/Lorena_Contrastive_Representation_Arch/sparse_contrast_benchmark_large_batch/outputs/figures/cifar10/preprocessing/achieved_sparsity_color_opponency.pdf,/ceph/sagnihot/projects/Lorena_Contrastive_Representation_Arch/sparse_contrast_benchmark_large_batch/outputs/figures/cifar10/preprocessing/achieved_sparsity_color_opponency.csv,9483e5d8ab3fa2b68b5b5fc3f4efa78e1f3e576969788ac8b221c27ddc951b0a,1014e6e9c1f48e47a8fc3dbba88a10be75c52595bd88536b461324525e1e39d0,300,vector PDF; 300 dpi for rasterized content
training_sparse_testing_sparse,Preprocessing sparsity and patch removal,cifar10,preprocessing,training_sparse_testing_sparse/results/cifar10/preprocessing/achieved_sparsity_grayscale.pdf,training_sparse_testing_sparse/results/cifar10/preprocessing/achieved_sparsity_grayscale.csv,/ceph/sagnihot/projects/Lorena_Contrastive_Representation_Arch/sparse_contrast_benchmark_large_batch/outputs/figures/cifar10/preprocessing/achieved_sparsity_grayscale.pdf,/ceph/sagnihot/projects/Lorena_Contrastive_Representation_Arch/sparse_contrast_benchmark_large_batch/outputs/figures/cifar10/preprocessing/achieved_sparsity_grayscale.csv,0287ba0ffe5f2ec128e784cc0ca1112d901932ab9b1a32dc59acb84f429a6026,9cd2f4d7c54f55454e825ee014256a34fa3180c25e2aba88013164c5a0306770,300,vector PDF; 300 dpi for rasterized content
training_sparse_testing_sparse,Preprocessing sparsity and patch removal,cifar10,preprocessing,training_sparse_testing_sparse/results/cifar10/preprocessing/achieved_sparsity_single_color.pdf,training_sparse_testing_sparse/results/cifar10/preprocessing/achieved_sparsity_single_color.csv,/ceph/sagnihot/projects/Lorena_Contrastive_Representation_Arch/sparse_contrast_benchmark_large_batch/outputs/figures/cifar10/preprocessing/achieved_sparsity_single_color.pdf,/ceph/sagnihot/projects/Lorena_Contrastive_Representation_Arch/sparse_contrast_benchmark_large_batch/outputs/figures/cifar10/preprocessing/achieved_sparsity_single_color.csv,67c1553fe8132f3f9a494263c99f5f5dd61f8d97a5c2674e80705084c86ac1df,647d74b1aca118d64f2e005d37aaf74ac118dda5e99a65c8b402c92853dfc054,300,vector PDF; 300 dpi for rasterized content
training_sparse_testing_sparse,Preprocessing sparsity and patch removal,cifar10,preprocessing,training_sparse_testing_sparse/results/cifar10/preprocessing/empty_patches_color_opponency.pdf,training_sparse_testing_sparse/results/cifar10/preprocessing/empty_patches_color_opponency.csv,/ceph/sagnihot/projects/Lorena_Contrastive_Representation_Arch/sparse_contrast_benchmark_large_batch/outputs/figures/cifar10/preprocessing/empty_patches_color_opponency.pdf,/ceph/sagnihot/projects/Lorena_Contrastive_Representation_Arch/sparse_contrast_benchmark_large_batch/outputs/figures/cifar10/preprocessing/empty_patches_color_opponency.csv,f85c31500a6208b10811a615f5988233cbf79be4c02286dbf70544e201c89684,cf7330fd3a2f7a026538bbb7d5c293f87e4a9a851fa6981f97aca5ee252884ff,300,vector PDF; 300 dpi for rasterized content
training_sparse_testing_sparse,Preprocessing sparsity and patch removal,cifar10,preprocessing,training_sparse_testing_sparse/results/cifar10/preprocessing/empty_patches_grayscale.pdf,training_sparse_testing_sparse/results/cifar10/preprocessing/empty_patches_grayscale.csv,/ceph/sagnihot/projects/Lorena_Contrastive_Representation_Arch/sparse_contrast_benchmark_large_batch/outputs/figures/cifar10/preprocessing/empty_patches_grayscale.pdf,/ceph/sagnihot/projects/Lorena_Contrastive_Representation_Arch/sparse_contrast_benchmark_large_batch/outputs/figures/cifar10/preprocessing/empty_patches_grayscale.csv,9f4be4c91277932caa097bf79cdd88f3d6d749dd2100ec5b9ab0034857a64d2e,050b0158991d829c0d7301c6a9cadb3b72b7f3a0f0d74ad40aaf51f8933954d6,300,vector PDF; 300 dpi for rasterized content
training_sparse_testing_sparse,Preprocessing sparsity and patch removal,cifar10,preprocessing,training_sparse_testing_sparse/results/cifar10/preprocessing/empty_patches_single_color.pdf,training_sparse_testing_sparse/results/cifar10/preprocessing/empty_patches_single_color.csv,/ceph/sagnihot/projects/Lorena_Contrastive_Representation_Arch/sparse_contrast_benchmark_large_batch/outputs/figures/cifar10/preprocessing/empty_patches_single_color.pdf,/ceph/sagnihot/projects/Lorena_Contrastive_Representation_Arch/sparse_contrast_benchmark_large_batch/outputs/figures/cifar10/preprocessing/empty_patches_single_color.csv,548a7d121fca09519541b53b8542cc4174cf92a8329502522aba097f307d9bb4,004a62449c5a8ba96e635ef395f5923be75fcea191af1635e19a46f75fae34c8,300,vector PDF; 300 dpi for rasterized content
training_sparse_testing_sparse,"Accuracy, robustness and loss",cifar10,swin_tiny,training_sparse_testing_sparse/results/cifar10/swin_tiny/clean_accuracy.pdf,training_sparse_testing_sparse/results/cifar10/swin_tiny/clean_accuracy.csv,/ceph/sagnihot/projects/Lorena_Contrastive_Representation_Arch/sparse_contrast_benchmark_large_batch/outputs/figures/cifar10/swin_tiny/clean_accuracy.pdf,/ceph/sagnihot/projects/Lorena_Contrastive_Representation_Arch/sparse_contrast_benchmark_large_batch/outputs/figures/cifar10/swin_tiny/clean_accuracy.csv,078c23f5340e26aa966ab77a227a05fd73492bda2a62abe9157137af57d02f42,8f0fdd15012ef5a33bac4fc3f626fffd721308db212966e587101531ae56cfb9,300,vector PDF; 300 dpi for rasterized content
training_sparse_testing_sparse,"Accuracy, robustness and loss",cifar10,swin_tiny,training_sparse_testing_sparse/results/cifar10/swin_tiny/latency_19_gpu_raw_to_logits_b1_balanced_corruption_4ba79ef9f76ff06df88f37ba7586b1b5a3ac8b43008b3eed0ca6a744393e6687_median_ms.pdf,training_sparse_testing_sparse/results/cifar10/swin_tiny/latency_19_gpu_raw_to_logits_b1_balanced_corruption_4ba79ef9f76ff06df88f37ba7586b1b5a3ac8b43008b3eed0ca6a744393e6687_median_ms.csv,/ceph/sagnihot/projects/Lorena_Contrastive_Representation_Arch/sparse_contrast_benchmark_large_batch/outputs/figures/cifar10/swin_tiny/latency_19_gpu_raw_to_logits_b1_balanced_corruption_4ba79ef9f76ff06df88f37ba7586b1b5a3ac8b43008b3eed0ca6a744393e6687_median_ms.pdf,/ceph/sagnihot/projects/Lorena_Contrastive_Representation_Arch/sparse_contrast_benchmark_large_batch/outputs/figures/cifar10/swin_tiny/latency_19_gpu_raw_to_logits_b1_balanced_corruption_4ba79ef9f76ff06df88f37ba7586b1b5a3ac8b43008b3eed0ca6a744393e6687_median_ms.csv,5face1d0c8ad3e2395e133a1752a4dc2cc59340b9757aef4d66859c4da447239,44599d652d73fc5493921945d02f1bcdcfe3035a00fd0e2a1f5d7cb9eeff2592,300,vector PDF; 300 dpi for rasterized content
training_sparse_testing_sparse,"Accuracy, robustness and loss",cifar10,swin_tiny,training_sparse_testing_sparse/results/cifar10/swin_tiny/latency_19_gpu_raw_to_logits_b1_balanced_corruption_4ba79ef9f76ff06df88f37ba7586b1b5a3ac8b43008b3eed0ca6a744393e6687_p95_ms.pdf,training_sparse_testing_sparse/results/cifar10/swin_tiny/latency_19_gpu_raw_to_logits_b1_balanced_corruption_4ba79ef9f76ff06df88f37ba7586b1b5a3ac8b43008b3eed0ca6a744393e6687_p95_ms.csv,/ceph/sagnihot/projects/Lorena_Contrastive_Representation_Arch/sparse_contrast_benchmark_large_batch/outputs/figures/cifar10/swin_tiny/latency_19_gpu_raw_to_logits_b1_balanced_corruption_4ba79ef9f76ff06df88f37ba7586b1b5a3ac8b43008b3eed0ca6a744393e6687_p95_ms.pdf,/ceph/sagnihot/projects/Lorena_Contrastive_Representation_Arch/sparse_contrast_benchmark_large_batch/outputs/figures/cifar10/swin_tiny/latency_19_gpu_raw_to_logits_b1_balanced_corruption_4ba79ef9f76ff06df88f37ba7586b1b5a3ac8b43008b3eed0ca6a744393e6687_p95_ms.csv,1aefbfdf01903182b3684b529e42240e5de85609095fb8e8027375b6e9d9af49,14192b549c861b83ad1664735f7e1522223128f78857015db032a7ded542a4f1,300,vector PDF; 300 dpi for rasterized content
training_sparse_testing_sparse,"Accuracy, robustness and loss",cifar10,swin_tiny,training_sparse_testing_sparse/results/cifar10/swin_tiny/latency_19_gpu_raw_to_logits_b1_clean_4ba79ef9f76ff06df88f37ba7586b1b5a3ac8b43008b3eed0ca6a744393e6687_median_ms.pdf,training_sparse_testing_sparse/results/cifar10/swin_tiny/latency_19_gpu_raw_to_logits_b1_clean_4ba79ef9f76ff06df88f37ba7586b1b5a3ac8b43008b3eed0ca6a744393e6687_median_ms.csv,/ceph/sagnihot/projects/Lorena_Contrastive_Representation_Arch/sparse_contrast_benchmark_large_batch/outputs/figures/cifar10/swin_tiny/latency_19_gpu_raw_to_logits_b1_clean_4ba79ef9f76ff06df88f37ba7586b1b5a3ac8b43008b3eed0ca6a744393e6687_median_ms.pdf,/ceph/sagnihot/projects/Lorena_Contrastive_Representation_Arch/sparse_contrast_benchmark_large_batch/outputs/figures/cifar10/swin_tiny/latency_19_gpu_raw_to_logits_b1_clean_4ba79ef9f76ff06df88f37ba7586b1b5a3ac8b43008b3eed0ca6a744393e6687_median_ms.csv,58eebbb9bdc5aa3be334614e2f18c9529326b22ab540c8c890e34f5d7d8320a6,8b07d481547c43c98669227ff29e613217cb33217511e32cb1e65c92383fca09,300,vector PDF; 300 dpi for rasterized content
training_sparse_testing_sparse,"Accuracy, robustness and loss",cifar10,swin_tiny,training_sparse_testing_sparse/results/cifar10/swin_tiny/latency_19_gpu_raw_to_logits_b1_clean_4ba79ef9f76ff06df88f37ba7586b1b5a3ac8b43008b3eed0ca6a744393e6687_p95_ms.pdf,training_sparse_testing_sparse/results/cifar10/swin_tiny/latency_19_gpu_raw_to_logits_b1_clean_4ba79ef9f76ff06df88f37ba7586b1b5a3ac8b43008b3eed0ca6a744393e6687_p95_ms.csv,/ceph/sagnihot/projects/Lorena_Contrastive_Representation_Arch/sparse_contrast_benchmark_large_batch/outputs/figures/cifar10/swin_tiny/latency_19_gpu_raw_to_logits_b1_clean_4ba79ef9f76ff06df88f37ba7586b1b5a3ac8b43008b3eed0ca6a744393e6687_p95_ms.pdf,/ceph/sagnihot/projects/Lorena_Contrastive_Representation_Arch/sparse_contrast_benchmark_large_batch/outputs/figures/cifar10/swin_tiny/latency_19_gpu_raw_to_logits_b1_clean_4ba79ef9f76ff06df88f37ba7586b1b5a3ac8b43008b3eed0ca6a744393e6687_p95_ms.csv,afd754139b0af0240e2f137a07be5b2c94cde3a71cbf3838148bed98c37d911c,de2b2abef089c1f2e8f1c74cb44a0682c40fc4a9200a1c3a9136fd6376048dfd,300,vector PDF; 300 dpi for rasterized content
training_sparse_testing_sparse,"Accuracy, robustness and loss",cifar10,swin_tiny,training_sparse_testing_sparse/results/cifar10/swin_tiny/latency_19_gpu_raw_to_logits_b8_balanced_corruption_4ba79ef9f76ff06df88f37ba7586b1b5a3ac8b43008b3eed0ca6a744393e6687_median_ms.pdf,training_sparse_testing_sparse/results/cifar10/swin_tiny/latency_19_gpu_raw_to_logits_b8_balanced_corruption_4ba79ef9f76ff06df88f37ba7586b1b5a3ac8b43008b3eed0ca6a744393e6687_median_ms.csv,/ceph/sagnihot/projects/Lorena_Contrastive_Representation_Arch/sparse_contrast_benchmark_large_batch/outputs/figures/cifar10/swin_tiny/latency_19_gpu_raw_to_logits_b8_balanced_corruption_4ba79ef9f76ff06df88f37ba7586b1b5a3ac8b43008b3eed0ca6a744393e6687_median_ms.pdf,/ceph/sagnihot/projects/Lorena_Contrastive_Representation_Arch/sparse_contrast_benchmark_large_batch/outputs/figures/cifar10/swin_tiny/latency_19_gpu_raw_to_logits_b8_balanced_corruption_4ba79ef9f76ff06df88f37ba7586b1b5a3ac8b43008b3eed0ca6a744393e6687_median_ms.csv,b1d52e3104bb979fda6be63c5051d380ceeadbb10bac3d32768dc3d990300dae,2c2ab5c485434f03ab36920869a9ab89914a93e62646a6b1907850fd6d8f280e,300,vector PDF; 300 dpi for rasterized content
training_sparse_testing_sparse,"Accuracy, robustness and loss",cifar10,swin_tiny,training_sparse_testing_sparse/results/cifar10/swin_tiny/latency_19_gpu_raw_to_logits_b8_balanced_corruption_4ba79ef9f76ff06df88f37ba7586b1b5a3ac8b43008b3eed0ca6a744393e6687_p95_ms.pdf,training_sparse_testing_sparse/results/cifar10/swin_tiny/latency_19_gpu_raw_to_logits_b8_balanced_corruption_4ba79ef9f76ff06df88f37ba7586b1b5a3ac8b43008b3eed0ca6a744393e6687_p95_ms.csv,/ceph/sagnihot/projects/Lorena_Contrastive_Representation_Arch/sparse_contrast_benchmark_large_batch/outputs/figures/cifar10/swin_tiny/latency_19_gpu_raw_to_logits_b8_balanced_corruption_4ba79ef9f76ff06df88f37ba7586b1b5a3ac8b43008b3eed0ca6a744393e6687_p95_ms.pdf,/ceph/sagnihot/projects/Lorena_Contrastive_Representation_Arch/sparse_contrast_benchmark_large_batch/outputs/figures/cifar10/swin_tiny/latency_19_gpu_raw_to_logits_b8_balanced_corruption_4ba79ef9f76ff06df88f37ba7586b1b5a3ac8b43008b3eed0ca6a744393e6687_p95_ms.csv,371fb5597ff0d40fe75e1667830cef258a2338523c7481a4e7ee40064b53cbbb,fb6b063532cd78014b6dd4f13fae2d058b5dc0e8232a7c1a8e8f6e060e5c0bf8,300,vector PDF; 300 dpi for rasterized content
training_sparse_testing_sparse,"Accuracy, robustness and loss",cifar10,swin_tiny,training_sparse_testing_sparse/results/cifar10/swin_tiny/latency_19_gpu_raw_to_logits_b8_clean_4ba79ef9f76ff06df88f37ba7586b1b5a3ac8b43008b3eed0ca6a744393e6687_median_ms.pdf,training_sparse_testing_sparse/results/cifar10/swin_tiny/latency_19_gpu_raw_to_logits_b8_clean_4ba79ef9f76ff06df88f37ba7586b1b5a3ac8b43008b3eed0ca6a744393e6687_median_ms.csv,/ceph/sagnihot/projects/Lorena_Contrastive_Representation_Arch/sparse_contrast_benchmark_large_batch/outputs/figures/cifar10/swin_tiny/latency_19_gpu_raw_to_logits_b8_clean_4ba79ef9f76ff06df88f37ba7586b1b5a3ac8b43008b3eed0ca6a744393e6687_median_ms.pdf,/ceph/sagnihot/projects/Lorena_Contrastive_Representation_Arch/sparse_contrast_benchmark_large_batch/outputs/figures/cifar10/swin_tiny/latency_19_gpu_raw_to_logits_b8_clean_4ba79ef9f76ff06df88f37ba7586b1b5a3ac8b43008b3eed0ca6a744393e6687_median_ms.csv,c469224bb1febfd061f4e7eefe7b6afdc19618bd75b5c9e4deebb5fb39dccd3f,81026d88e194c656cd6ca247fcae925162933ccd32eb9264ec5886686e14f978,300,vector PDF; 300 dpi for rasterized content
training_sparse_testing_sparse,"Accuracy, robustness and loss",cifar10,swin_tiny,training_sparse_testing_sparse/results/cifar10/swin_tiny/latency_19_gpu_raw_to_logits_b8_clean_4ba79ef9f76ff06df88f37ba7586b1b5a3ac8b43008b3eed0ca6a744393e6687_p95_ms.pdf,training_sparse_testing_sparse/results/cifar10/swin_tiny/latency_19_gpu_raw_to_logits_b8_clean_4ba79ef9f76ff06df88f37ba7586b1b5a3ac8b43008b3eed0ca6a744393e6687_p95_ms.csv,/ceph/sagnihot/projects/Lorena_Contrastive_Representation_Arch/sparse_contrast_benchmark_large_batch/outputs/figures/cifar10/swin_tiny/latency_19_gpu_raw_to_logits_b8_clean_4ba79ef9f76ff06df88f37ba7586b1b5a3ac8b43008b3eed0ca6a744393e6687_p95_ms.pdf,/ceph/sagnihot/projects/Lorena_Contrastive_Representation_Arch/sparse_contrast_benchmark_large_batch/outputs/figures/cifar10/swin_tiny/latency_19_gpu_raw_to_logits_b8_clean_4ba79ef9f76ff06df88f37ba7586b1b5a3ac8b43008b3eed0ca6a744393e6687_p95_ms.csv,2ddfb7a170ba788a6fff8c5a4e2bfec35c0e34a130a05601a7dc6dd66edfca62,1028dd371297641dbd8a6d5aa95d186b210519814b96bc352616ab77e3d1ae59,300,vector PDF; 300 dpi for rasterized content
training_sparse_testing_sparse,"Accuracy, robustness and loss",cifar10,swin_tiny,training_sparse_testing_sparse/results/cifar10/swin_tiny/latency_19_host_raw_to_logits_b1_balanced_corruption_4ba79ef9f76ff06df88f37ba7586b1b5a3ac8b43008b3eed0ca6a744393e6687_median_ms.pdf,training_sparse_testing_sparse/results/cifar10/swin_tiny/latency_19_host_raw_to_logits_b1_balanced_corruption_4ba79ef9f76ff06df88f37ba7586b1b5a3ac8b43008b3eed0ca6a744393e6687_median_ms.csv,/ceph/sagnihot/projects/Lorena_Contrastive_Representation_Arch/sparse_contrast_benchmark_large_batch/outputs/figures/cifar10/swin_tiny/latency_19_host_raw_to_logits_b1_balanced_corruption_4ba79ef9f76ff06df88f37ba7586b1b5a3ac8b43008b3eed0ca6a744393e6687_median_ms.pdf,/ceph/sagnihot/projects/Lorena_Contrastive_Representation_Arch/sparse_contrast_benchmark_large_batch/outputs/figures/cifar10/swin_tiny/latency_19_host_raw_to_logits_b1_balanced_corruption_4ba79ef9f76ff06df88f37ba7586b1b5a3ac8b43008b3eed0ca6a744393e6687_median_ms.csv,acf01de0fe0794ce37c91f0584290033960996cd575127976e900447c4edd9a3,83c184b62144d6be7a3717d66a57dfd4039408ccb4be7f4ae727cfe1066362a0,300,vector PDF; 300 dpi for rasterized content
training_sparse_testing_sparse,"Accuracy, robustness and loss",cifar10,swin_tiny,training_sparse_testing_sparse/results/cifar10/swin_tiny/latency_19_host_raw_to_logits_b1_balanced_corruption_4ba79ef9f76ff06df88f37ba7586b1b5a3ac8b43008b3eed0ca6a744393e6687_p95_ms.pdf,training_sparse_testing_sparse/results/cifar10/swin_tiny/latency_19_host_raw_to_logits_b1_balanced_corruption_4ba79ef9f76ff06df88f37ba7586b1b5a3ac8b43008b3eed0ca6a744393e6687_p95_ms.csv,/ceph/sagnihot/projects/Lorena_Contrastive_Representation_Arch/sparse_contrast_benchmark_large_batch/outputs/figures/cifar10/swin_tiny/latency_19_host_raw_to_logits_b1_balanced_corruption_4ba79ef9f76ff06df88f37ba7586b1b5a3ac8b43008b3eed0ca6a744393e6687_p95_ms.pdf,/ceph/sagnihot/projects/Lorena_Contrastive_Representation_Arch/sparse_contrast_benchmark_large_batch/outputs/figures/cifar10/swin_tiny/latency_19_host_raw_to_logits_b1_balanced_corruption_4ba79ef9f76ff06df88f37ba7586b1b5a3ac8b43008b3eed0ca6a744393e6687_p95_ms.csv,81ba4866fa5e8e6954b2f68572a9ade7411fc22b01e1dadc3713c828dab6afde,4122a6262420463f1c7f2a0ce01660126add00b30bfa098b9a46d2cefa4b90ac,300,vector PDF; 300 dpi for rasterized content
training_sparse_testing_sparse,"Accuracy, robustness and loss",cifar10,swin_tiny,training_sparse_testing_sparse/results/cifar10/swin_tiny/latency_19_host_raw_to_logits_b1_clean_4ba79ef9f76ff06df88f37ba7586b1b5a3ac8b43008b3eed0ca6a744393e6687_median_ms.pdf,training_sparse_testing_sparse/results/cifar10/swin_tiny/latency_19_host_raw_to_logits_b1_clean_4ba79ef9f76ff06df88f37ba7586b1b5a3ac8b43008b3eed0ca6a744393e6687_median_ms.csv,/ceph/sagnihot/projects/Lorena_Contrastive_Representation_Arch/sparse_contrast_benchmark_large_batch/outputs/figures/cifar10/swin_tiny/latency_19_host_raw_to_logits_b1_clean_4ba79ef9f76ff06df88f37ba7586b1b5a3ac8b43008b3eed0ca6a744393e6687_median_ms.pdf,/ceph/sagnihot/projects/Lorena_Contrastive_Representation_Arch/sparse_contrast_benchmark_large_batch/outputs/figures/cifar10/swin_tiny/latency_19_host_raw_to_logits_b1_clean_4ba79ef9f76ff06df88f37ba7586b1b5a3ac8b43008b3eed0ca6a744393e6687_median_ms.csv,7c5eb7f852f5a44a7e3ba5b4e2d422f4c6009013c5f274de39825ab7e66dba34,50615395d452a788d5ba3e377ce0a1fa6e7dcf51f91db79992965d3ce8ac6b5e,300,vector PDF; 300 dpi for rasterized content
training_sparse_testing_sparse,"Accuracy, robustness and loss",cifar10,swin_tiny,training_sparse_testing_sparse/results/cifar10/swin_tiny/latency_19_host_raw_to_logits_b1_clean_4ba79ef9f76ff06df88f37ba7586b1b5a3ac8b43008b3eed0ca6a744393e6687_p95_ms.pdf,training_sparse_testing_sparse/results/cifar10/swin_tiny/latency_19_host_raw_to_logits_b1_clean_4ba79ef9f76ff06df88f37ba7586b1b5a3ac8b43008b3eed0ca6a744393e6687_p95_ms.csv,/ceph/sagnihot/projects/Lorena_Contrastive_Representation_Arch/sparse_contrast_benchmark_large_batch/outputs/figures/cifar10/swin_tiny/latency_19_host_raw_to_logits_b1_clean_4ba79ef9f76ff06df88f37ba7586b1b5a3ac8b43008b3eed0ca6a744393e6687_p95_ms.pdf,/ceph/sagnihot/projects/Lorena_Contrastive_Representation_Arch/sparse_contrast_benchmark_large_batch/outputs/figures/cifar10/swin_tiny/latency_19_host_raw_to_logits_b1_clean_4ba79ef9f76ff06df88f37ba7586b1b5a3ac8b43008b3eed0ca6a744393e6687_p95_ms.csv,893c12f21b939874ab2f4c7c9e07ab805dbd1446d333c3e1e2fd26c5d1e690ed,758cb411584478b9fc7a211533a4c729ce5135fc7765bd613e4d50bb18a18fd4,300,vector PDF; 300 dpi for rasterized content
training_sparse_testing_sparse,"Accuracy, robustness and loss",cifar10,swin_tiny,training_sparse_testing_sparse/results/cifar10/swin_tiny/latency_19_host_raw_to_logits_b8_balanced_corruption_4ba79ef9f76ff06df88f37ba7586b1b5a3ac8b43008b3eed0ca6a744393e6687_median_ms.pdf,training_sparse_testing_sparse/results/cifar10/swin_tiny/latency_19_host_raw_to_logits_b8_balanced_corruption_4ba79ef9f76ff06df88f37ba7586b1b5a3ac8b43008b3eed0ca6a744393e6687_median_ms.csv,/ceph/sagnihot/projects/Lorena_Contrastive_Representation_Arch/sparse_contrast_benchmark_large_batch/outputs/figures/cifar10/swin_tiny/latency_19_host_raw_to_logits_b8_balanced_corruption_4ba79ef9f76ff06df88f37ba7586b1b5a3ac8b43008b3eed0ca6a744393e6687_median_ms.pdf,/ceph/sagnihot/projects/Lorena_Contrastive_Representation_Arch/sparse_contrast_benchmark_large_batch/outputs/figures/cifar10/swin_tiny/latency_19_host_raw_to_logits_b8_balanced_corruption_4ba79ef9f76ff06df88f37ba7586b1b5a3ac8b43008b3eed0ca6a744393e6687_median_ms.csv,8d7a1c13ebd0342cbf8ae3f9101b5c6d14b50160249a4acaf6f75cd349145feb,d549a7b47a9df841b09804ca98f2262238f580d9a41d60b6b2543882e8635dd4,300,vector PDF; 300 dpi for rasterized content
training_sparse_testing_sparse,"Accuracy, robustness and loss",cifar10,swin_tiny,training_sparse_testing_sparse/results/cifar10/swin_tiny/latency_19_host_raw_to_logits_b8_balanced_corruption_4ba79ef9f76ff06df88f37ba7586b1b5a3ac8b43008b3eed0ca6a744393e6687_p95_ms.pdf,training_sparse_testing_sparse/results/cifar10/swin_tiny/latency_19_host_raw_to_logits_b8_balanced_corruption_4ba79ef9f76ff06df88f37ba7586b1b5a3ac8b43008b3eed0ca6a744393e6687_p95_ms.csv,/ceph/sagnihot/projects/Lorena_Contrastive_Representation_Arch/sparse_contrast_benchmark_large_batch/outputs/figures/cifar10/swin_tiny/latency_19_host_raw_to_logits_b8_balanced_corruption_4ba79ef9f76ff06df88f37ba7586b1b5a3ac8b43008b3eed0ca6a744393e6687_p95_ms.pdf,/ceph/sagnihot/projects/Lorena_Contrastive_Representation_Arch/sparse_contrast_benchmark_large_batch/outputs/figures/cifar10/swin_tiny/latency_19_host_raw_to_logits_b8_balanced_corruption_4ba79ef9f76ff06df88f37ba7586b1b5a3ac8b43008b3eed0ca6a744393e6687_p95_ms.csv,6d73f838e1928c86bbbf0aaa4b3a55c1e39708cee0064c0fce7983a2ffeedf35,9fb476adb8816474df6dc2b19110c9f261d67531b94e43c6a0227b6abb942eb7,300,vector PDF; 300 dpi for rasterized content
training_sparse_testing_sparse,"Accuracy, robustness and loss",cifar10,swin_tiny,training_sparse_testing_sparse/results/cifar10/swin_tiny/latency_19_host_raw_to_logits_b8_clean_4ba79ef9f76ff06df88f37ba7586b1b5a3ac8b43008b3eed0ca6a744393e6687_median_ms.pdf,training_sparse_testing_sparse/results/cifar10/swin_tiny/latency_19_host_raw_to_logits_b8_clean_4ba79ef9f76ff06df88f37ba7586b1b5a3ac8b43008b3eed0ca6a744393e6687_median_ms.csv,/ceph/sagnihot/projects/Lorena_Contrastive_Representation_Arch/sparse_contrast_benchmark_large_batch/outputs/figures/cifar10/swin_tiny/latency_19_host_raw_to_logits_b8_clean_4ba79ef9f76ff06df88f37ba7586b1b5a3ac8b43008b3eed0ca6a744393e6687_median_ms.pdf,/ceph/sagnihot/projects/Lorena_Contrastive_Representation_Arch/sparse_contrast_benchmark_large_batch/outputs/figures/cifar10/swin_tiny/latency_19_host_raw_to_logits_b8_clean_4ba79ef9f76ff06df88f37ba7586b1b5a3ac8b43008b3eed0ca6a744393e6687_median_ms.csv,e9adf164b8b90e39e41b43c3218bff9125a0bfeb5fa78bcba1737557296ee9fd,dee4b15b6f0a0755e70158da84e031e19b0879edc7d85c2b919d638acc297a7e,300,vector PDF; 300 dpi for rasterized content
training_sparse_testing_sparse,"Accuracy, robustness and loss",cifar10,swin_tiny,training_sparse_testing_sparse/results/cifar10/swin_tiny/latency_19_host_raw_to_logits_b8_clean_4ba79ef9f76ff06df88f37ba7586b1b5a3ac8b43008b3eed0ca6a744393e6687_p95_ms.pdf,training_sparse_testing_sparse/results/cifar10/swin_tiny/latency_19_host_raw_to_logits_b8_clean_4ba79ef9f76ff06df88f37ba7586b1b5a3ac8b43008b3eed0ca6a744393e6687_p95_ms.csv,/ceph/sagnihot/projects/Lorena_Contrastive_Representation_Arch/sparse_contrast_benchmark_large_batch/outputs/figures/cifar10/swin_tiny/latency_19_host_raw_to_logits_b8_clean_4ba79ef9f76ff06df88f37ba7586b1b5a3ac8b43008b3eed0ca6a744393e6687_p95_ms.pdf,/ceph/sagnihot/projects/Lorena_Contrastive_Representation_Arch/sparse_contrast_benchmark_large_batch/outputs/figures/cifar10/swin_tiny/latency_19_host_raw_to_logits_b8_clean_4ba79ef9f76ff06df88f37ba7586b1b5a3ac8b43008b3eed0ca6a744393e6687_p95_ms.csv,3899b4a05796386ec68a369121a5c58834662e976c96c21528f7cbddafaa1c49,e6e1ca3f3dad480eec58a441bb832715258f15a9c41b4bf68e922e7c1ffa4e96,300,vector PDF; 300 dpi for rasterized content
training_sparse_testing_sparse,"Accuracy, robustness and loss",cifar10,swin_tiny,training_sparse_testing_sparse/results/cifar10/swin_tiny/latency_19_loader_to_cpu_prediction_b1_balanced_corruption_4ba79ef9f76ff06df88f37ba7586b1b5a3ac8b43008b3eed0ca6a744393e6687_median_ms.pdf,training_sparse_testing_sparse/results/cifar10/swin_tiny/latency_19_loader_to_cpu_prediction_b1_balanced_corruption_4ba79ef9f76ff06df88f37ba7586b1b5a3ac8b43008b3eed0ca6a744393e6687_median_ms.csv,/ceph/sagnihot/projects/Lorena_Contrastive_Representation_Arch/sparse_contrast_benchmark_large_batch/outputs/figures/cifar10/swin_tiny/latency_19_loader_to_cpu_prediction_b1_balanced_corruption_4ba79ef9f76ff06df88f37ba7586b1b5a3ac8b43008b3eed0ca6a744393e6687_median_ms.pdf,/ceph/sagnihot/projects/Lorena_Contrastive_Representation_Arch/sparse_contrast_benchmark_large_batch/outputs/figures/cifar10/swin_tiny/latency_19_loader_to_cpu_prediction_b1_balanced_corruption_4ba79ef9f76ff06df88f37ba7586b1b5a3ac8b43008b3eed0ca6a744393e6687_median_ms.csv,ca66a3cb7ccd1288f6d3cb8e9ac07ed4d79fd491584e405e091d09f05f428f3e,a3863048c10e66ab7a002ea08417b33b374c9876645634989f9f2f4412952f34,300,vector PDF; 300 dpi for rasterized content
training_sparse_testing_sparse,"Accuracy, robustness and loss",cifar10,swin_tiny,training_sparse_testing_sparse/results/cifar10/swin_tiny/latency_19_loader_to_cpu_prediction_b1_balanced_corruption_4ba79ef9f76ff06df88f37ba7586b1b5a3ac8b43008b3eed0ca6a744393e6687_p95_ms.pdf,training_sparse_testing_sparse/results/cifar10/swin_tiny/latency_19_loader_to_cpu_prediction_b1_balanced_corruption_4ba79ef9f76ff06df88f37ba7586b1b5a3ac8b43008b3eed0ca6a744393e6687_p95_ms.csv,/ceph/sagnihot/projects/Lorena_Contrastive_Representation_Arch/sparse_contrast_benchmark_large_batch/outputs/figures/cifar10/swin_tiny/latency_19_loader_to_cpu_prediction_b1_balanced_corruption_4ba79ef9f76ff06df88f37ba7586b1b5a3ac8b43008b3eed0ca6a744393e6687_p95_ms.pdf,/ceph/sagnihot/projects/Lorena_Contrastive_Representation_Arch/sparse_contrast_benchmark_large_batch/outputs/figures/cifar10/swin_tiny/latency_19_loader_to_cpu_prediction_b1_balanced_corruption_4ba79ef9f76ff06df88f37ba7586b1b5a3ac8b43008b3eed0ca6a744393e6687_p95_ms.csv,a9eb4ead842f25e151fdcdebcefc152c515a6275b07a2a6468bc75016165bc3b,c192bdb4d87524770241e1bf45172a80150cb3137f53cbf9e3be98bea533947b,300,vector PDF; 300 dpi for rasterized content
training_sparse_testing_sparse,"Accuracy, robustness and loss",cifar10,swin_tiny,training_sparse_testing_sparse/results/cifar10/swin_tiny/latency_19_loader_to_cpu_prediction_b1_clean_4ba79ef9f76ff06df88f37ba7586b1b5a3ac8b43008b3eed0ca6a744393e6687_median_ms.pdf,training_sparse_testing_sparse/results/cifar10/swin_tiny/latency_19_loader_to_cpu_prediction_b1_clean_4ba79ef9f76ff06df88f37ba7586b1b5a3ac8b43008b3eed0ca6a744393e6687_median_ms.csv,/ceph/sagnihot/projects/Lorena_Contrastive_Representation_Arch/sparse_contrast_benchmark_large_batch/outputs/figures/cifar10/swin_tiny/latency_19_loader_to_cpu_prediction_b1_clean_4ba79ef9f76ff06df88f37ba7586b1b5a3ac8b43008b3eed0ca6a744393e6687_median_ms.pdf,/ceph/sagnihot/projects/Lorena_Contrastive_Representation_Arch/sparse_contrast_benchmark_large_batch/outputs/figures/cifar10/swin_tiny/latency_19_loader_to_cpu_prediction_b1_clean_4ba79ef9f76ff06df88f37ba7586b1b5a3ac8b43008b3eed0ca6a744393e6687_median_ms.csv,7abe957c65e45ba0c3772e8c851174fefc854cfbb85356f6f2b2777aa7a72f5d,56d0033ab3dbe3845d25e4474ce5732bec4b76dab7921594faee444832a38d55,300,vector PDF; 300 dpi for rasterized content
training_sparse_testing_sparse,"Accuracy, robustness and loss",cifar10,swin_tiny,training_sparse_testing_sparse/results/cifar10/swin_tiny/latency_19_loader_to_cpu_prediction_b1_clean_4ba79ef9f76ff06df88f37ba7586b1b5a3ac8b43008b3eed0ca6a744393e6687_p95_ms.pdf,training_sparse_testing_sparse/results/cifar10/swin_tiny/latency_19_loader_to_cpu_prediction_b1_clean_4ba79ef9f76ff06df88f37ba7586b1b5a3ac8b43008b3eed0ca6a744393e6687_p95_ms.csv,/ceph/sagnihot/projects/Lorena_Contrastive_Representation_Arch/sparse_contrast_benchmark_large_batch/outputs/figures/cifar10/swin_tiny/latency_19_loader_to_cpu_prediction_b1_clean_4ba79ef9f76ff06df88f37ba7586b1b5a3ac8b43008b3eed0ca6a744393e6687_p95_ms.pdf,/ceph/sagnihot/projects/Lorena_Contrastive_Representation_Arch/sparse_contrast_benchmark_large_batch/outputs/figures/cifar10/swin_tiny/latency_19_loader_to_cpu_prediction_b1_clean_4ba79ef9f76ff06df88f37ba7586b1b5a3ac8b43008b3eed0ca6a744393e6687_p95_ms.csv,e900973f5ceca3ca8a46ca0237018a7823484d77253a5ec1fa6d1dd66ccb0431,16a6626ea3042233651e11731bb65f7f3c61ad019c25cd027bb18481f907ff12,300,vector PDF; 300 dpi for rasterized content
training_sparse_testing_sparse,"Accuracy, robustness and loss",cifar10,swin_tiny,training_sparse_testing_sparse/results/cifar10/swin_tiny/latency_19_loader_to_cpu_prediction_b8_balanced_corruption_4ba79ef9f76ff06df88f37ba7586b1b5a3ac8b43008b3eed0ca6a744393e6687_median_ms.pdf,training_sparse_testing_sparse/results/cifar10/swin_tiny/latency_19_loader_to_cpu_prediction_b8_balanced_corruption_4ba79ef9f76ff06df88f37ba7586b1b5a3ac8b43008b3eed0ca6a744393e6687_median_ms.csv,/ceph/sagnihot/projects/Lorena_Contrastive_Representation_Arch/sparse_contrast_benchmark_large_batch/outputs/figures/cifar10/swin_tiny/latency_19_loader_to_cpu_prediction_b8_balanced_corruption_4ba79ef9f76ff06df88f37ba7586b1b5a3ac8b43008b3eed0ca6a744393e6687_median_ms.pdf,/ceph/sagnihot/projects/Lorena_Contrastive_Representation_Arch/sparse_contrast_benchmark_large_batch/outputs/figures/cifar10/swin_tiny/latency_19_loader_to_cpu_prediction_b8_balanced_corruption_4ba79ef9f76ff06df88f37ba7586b1b5a3ac8b43008b3eed0ca6a744393e6687_median_ms.csv,5bfd05887349ccb530d3e7cf7ccce2ca089bf506fe23013184dc2d9f26991173,d1a4e761bad1034b0241245c38d66d144307f03558430d8ab4f6e2857c35a5d8,300,vector PDF; 300 dpi for rasterized content
training_sparse_testing_sparse,"Accuracy, robustness and loss",cifar10,swin_tiny,training_sparse_testing_sparse/results/cifar10/swin_tiny/latency_19_loader_to_cpu_prediction_b8_balanced_corruption_4ba79ef9f76ff06df88f37ba7586b1b5a3ac8b43008b3eed0ca6a744393e6687_p95_ms.pdf,training_sparse_testing_sparse/results/cifar10/swin_tiny/latency_19_loader_to_cpu_prediction_b8_balanced_corruption_4ba79ef9f76ff06df88f37ba7586b1b5a3ac8b43008b3eed0ca6a744393e6687_p95_ms.csv,/ceph/sagnihot/projects/Lorena_Contrastive_Representation_Arch/sparse_contrast_benchmark_large_batch/outputs/figures/cifar10/swin_tiny/latency_19_loader_to_cpu_prediction_b8_balanced_corruption_4ba79ef9f76ff06df88f37ba7586b1b5a3ac8b43008b3eed0ca6a744393e6687_p95_ms.pdf,/ceph/sagnihot/projects/Lorena_Contrastive_Representation_Arch/sparse_contrast_benchmark_large_batch/outputs/figures/cifar10/swin_tiny/latency_19_loader_to_cpu_prediction_b8_balanced_corruption_4ba79ef9f76ff06df88f37ba7586b1b5a3ac8b43008b3eed0ca6a744393e6687_p95_ms.csv,f3efd8e57ccb608c898b0b17e58d6fc2ef97410b3401cfe121a7cfa398552a9b,29e178eb267b5f9cd8f4e7b88f8ff6f653fbecf9d6ac068bf4e164291183f59d,300,vector PDF; 300 dpi for rasterized content
training_sparse_testing_sparse,"Accuracy, robustness and loss",cifar10,swin_tiny,training_sparse_testing_sparse/results/cifar10/swin_tiny/latency_19_loader_to_cpu_prediction_b8_clean_4ba79ef9f76ff06df88f37ba7586b1b5a3ac8b43008b3eed0ca6a744393e6687_median_ms.pdf,training_sparse_testing_sparse/results/cifar10/swin_tiny/latency_19_loader_to_cpu_prediction_b8_clean_4ba79ef9f76ff06df88f37ba7586b1b5a3ac8b43008b3eed0ca6a744393e6687_median_ms.csv,/ceph/sagnihot/projects/Lorena_Contrastive_Representation_Arch/sparse_contrast_benchmark_large_batch/outputs/figures/cifar10/swin_tiny/latency_19_loader_to_cpu_prediction_b8_clean_4ba79ef9f76ff06df88f37ba7586b1b5a3ac8b43008b3eed0ca6a744393e6687_median_ms.pdf,/ceph/sagnihot/projects/Lorena_Contrastive_Representation_Arch/sparse_contrast_benchmark_large_batch/outputs/figures/cifar10/swin_tiny/latency_19_loader_to_cpu_prediction_b8_clean_4ba79ef9f76ff06df88f37ba7586b1b5a3ac8b43008b3eed0ca6a744393e6687_median_ms.csv,db10fc3f31083e7fb367c8890408aa1acface2fd386072c64253d55992758a40,12de9edefe62c1cb4bf654be4dfc3a5edf6bb0f62441a47f84d2ba350ab7ee0b,300,vector PDF; 300 dpi for rasterized content
training_sparse_testing_sparse,"Accuracy, robustness and loss",cifar10,swin_tiny,training_sparse_testing_sparse/results/cifar10/swin_tiny/latency_19_loader_to_cpu_prediction_b8_clean_4ba79ef9f76ff06df88f37ba7586b1b5a3ac8b43008b3eed0ca6a744393e6687_p95_ms.pdf,training_sparse_testing_sparse/results/cifar10/swin_tiny/latency_19_loader_to_cpu_prediction_b8_clean_4ba79ef9f76ff06df88f37ba7586b1b5a3ac8b43008b3eed0ca6a744393e6687_p95_ms.csv,/ceph/sagnihot/projects/Lorena_Contrastive_Representation_Arch/sparse_contrast_benchmark_large_batch/outputs/figures/cifar10/swin_tiny/latency_19_loader_to_cpu_prediction_b8_clean_4ba79ef9f76ff06df88f37ba7586b1b5a3ac8b43008b3eed0ca6a744393e6687_p95_ms.pdf,/ceph/sagnihot/projects/Lorena_Contrastive_Representation_Arch/sparse_contrast_benchmark_large_batch/outputs/figures/cifar10/swin_tiny/latency_19_loader_to_cpu_prediction_b8_clean_4ba79ef9f76ff06df88f37ba7586b1b5a3ac8b43008b3eed0ca6a744393e6687_p95_ms.csv,9fad4d95c884df4e6ae0428dd0967985dedd651a934ee546a19551077c3e4ce9,da5012ce0890593393d0e6e8b9617001433c6b9a7a572ffe21f0c03aa300e51f,300,vector PDF; 300 dpi for rasterized content
training_sparse_testing_sparse,"Accuracy, robustness and loss",cifar10,swin_tiny,training_sparse_testing_sparse/results/cifar10/swin_tiny/learning_color_opponency_compact_p0_accuracy.pdf,training_sparse_testing_sparse/results/cifar10/swin_tiny/learning_color_opponency_compact_p0_accuracy.csv,/ceph/sagnihot/projects/Lorena_Contrastive_Representation_Arch/sparse_contrast_benchmark_large_batch/outputs/figures/cifar10/swin_tiny/learning_color_opponency_compact_p0_accuracy.pdf,/ceph/sagnihot/projects/Lorena_Contrastive_Representation_Arch/sparse_contrast_benchmark_large_batch/outputs/figures/cifar10/swin_tiny/learning_color_opponency_compact_p0_accuracy.csv,c9fcb88b150bb03d72c275e3ba4dd19803760316c8e73867812b9a19951b6fe3,9d8b32cbc389f338891a67123b9fd697fd43a1dab9cd88d742fbba8b9ef4d93b,300,vector PDF; 300 dpi for rasterized content
training_sparse_testing_sparse,"Accuracy, robustness and loss",cifar10,swin_tiny,training_sparse_testing_sparse/results/cifar10/swin_tiny/learning_color_opponency_compact_p0_loss.pdf,training_sparse_testing_sparse/results/cifar10/swin_tiny/learning_color_opponency_compact_p0_loss.csv,/ceph/sagnihot/projects/Lorena_Contrastive_Representation_Arch/sparse_contrast_benchmark_large_batch/outputs/figures/cifar10/swin_tiny/learning_color_opponency_compact_p0_loss.pdf,/ceph/sagnihot/projects/Lorena_Contrastive_Representation_Arch/sparse_contrast_benchmark_large_batch/outputs/figures/cifar10/swin_tiny/learning_color_opponency_compact_p0_loss.csv,eb2302603e07c8c7315a057892e0a10f0d368867de1730e62da17e11128f30d3,9d8b32cbc389f338891a67123b9fd697fd43a1dab9cd88d742fbba8b9ef4d93b,300,vector PDF; 300 dpi for rasterized content
training_sparse_testing_sparse,"Accuracy, robustness and loss",cifar10,swin_tiny,training_sparse_testing_sparse/results/cifar10/swin_tiny/learning_color_opponency_compact_p20_accuracy.pdf,training_sparse_testing_sparse/results/cifar10/swin_tiny/learning_color_opponency_compact_p20_accuracy.csv,/ceph/sagnihot/projects/Lorena_Contrastive_Representation_Arch/sparse_contrast_benchmark_large_batch/outputs/figures/cifar10/swin_tiny/learning_color_opponency_compact_p20_accuracy.pdf,/ceph/sagnihot/projects/Lorena_Contrastive_Representation_Arch/sparse_contrast_benchmark_large_batch/outputs/figures/cifar10/swin_tiny/learning_color_opponency_compact_p20_accuracy.csv,d7cf07573a3896154c8b0305d2a9ce0046801b2572d17bb4adc10cce182d49e8,0ceafd1a7ca188c9753991e625523c21fc83856601290ac682a68841a969e7a3,300,vector PDF; 300 dpi for rasterized content
training_sparse_testing_sparse,"Accuracy, robustness and loss",cifar10,swin_tiny,training_sparse_testing_sparse/results/cifar10/swin_tiny/learning_color_opponency_compact_p20_loss.pdf,training_sparse_testing_sparse/results/cifar10/swin_tiny/learning_color_opponency_compact_p20_loss.csv,/ceph/sagnihot/projects/Lorena_Contrastive_Representation_Arch/sparse_contrast_benchmark_large_batch/outputs/figures/cifar10/swin_tiny/learning_color_opponency_compact_p20_loss.pdf,/ceph/sagnihot/projects/Lorena_Contrastive_Representation_Arch/sparse_contrast_benchmark_large_batch/outputs/figures/cifar10/swin_tiny/learning_color_opponency_compact_p20_loss.csv,e76694246ffc489f76e6434aa5f04e4eecfd70e11a4697e96bdeb216faccfaab,0ceafd1a7ca188c9753991e625523c21fc83856601290ac682a68841a969e7a3,300,vector PDF; 300 dpi for rasterized content
training_sparse_testing_sparse,"Accuracy, robustness and loss",cifar10,swin_tiny,training_sparse_testing_sparse/results/cifar10/swin_tiny/learning_color_opponency_compact_p40_accuracy.pdf,training_sparse_testing_sparse/results/cifar10/swin_tiny/learning_color_opponency_compact_p40_accuracy.csv,/ceph/sagnihot/projects/Lorena_Contrastive_Representation_Arch/sparse_contrast_benchmark_large_batch/outputs/figures/cifar10/swin_tiny/learning_color_opponency_compact_p40_accuracy.pdf,/ceph/sagnihot/projects/Lorena_Contrastive_Representation_Arch/sparse_contrast_benchmark_large_batch/outputs/figures/cifar10/swin_tiny/learning_color_opponency_compact_p40_accuracy.csv,1f8f8a50f4ebe55cadca41052daae5c463bc72caac178353750d433e555a93fa,fd66f4b039d0788cc81e92894e25198aa8eb7bc68dccbed27c322294d1e8f650,300,vector PDF; 300 dpi for rasterized content
training_sparse_testing_sparse,"Accuracy, robustness and loss",cifar10,swin_tiny,training_sparse_testing_sparse/results/cifar10/swin_tiny/learning_color_opponency_compact_p40_loss.pdf,training_sparse_testing_sparse/results/cifar10/swin_tiny/learning_color_opponency_compact_p40_loss.csv,/ceph/sagnihot/projects/Lorena_Contrastive_Representation_Arch/sparse_contrast_benchmark_large_batch/outputs/figures/cifar10/swin_tiny/learning_color_opponency_compact_p40_loss.pdf,/ceph/sagnihot/projects/Lorena_Contrastive_Representation_Arch/sparse_contrast_benchmark_large_batch/outputs/figures/cifar10/swin_tiny/learning_color_opponency_compact_p40_loss.csv,1f47985e9a6c68da830adb52abc5667f3bd42365354fd31e516846059272d52b,fd66f4b039d0788cc81e92894e25198aa8eb7bc68dccbed27c322294d1e8f650,300,vector PDF; 300 dpi for rasterized content
training_sparse_testing_sparse,"Accuracy, robustness and loss",cifar10,swin_tiny,training_sparse_testing_sparse/results/cifar10/swin_tiny/learning_color_opponency_compact_p60_accuracy.pdf,training_sparse_testing_sparse/results/cifar10/swin_tiny/learning_color_opponency_compact_p60_accuracy.csv,/ceph/sagnihot/projects/Lorena_Contrastive_Representation_Arch/sparse_contrast_benchmark_large_batch/outputs/figures/cifar10/swin_tiny/learning_color_opponency_compact_p60_accuracy.pdf,/ceph/sagnihot/projects/Lorena_Contrastive_Representation_Arch/sparse_contrast_benchmark_large_batch/outputs/figures/cifar10/swin_tiny/learning_color_opponency_compact_p60_accuracy.csv,0f1349c00d300a3f71ec6dc0a8857dfd62dacd57e2ad61a452c43985d552f199,ef54b2eb2f2bbe9d4d8d28074ad27f6c5bf770bfb68fc3101da76266925562fa,300,vector PDF; 300 dpi for rasterized content
training_sparse_testing_sparse,"Accuracy, robustness and loss",cifar10,swin_tiny,training_sparse_testing_sparse/results/cifar10/swin_tiny/learning_color_opponency_compact_p60_loss.pdf,training_sparse_testing_sparse/results/cifar10/swin_tiny/learning_color_opponency_compact_p60_loss.csv,/ceph/sagnihot/projects/Lorena_Contrastive_Representation_Arch/sparse_contrast_benchmark_large_batch/outputs/figures/cifar10/swin_tiny/learning_color_opponency_compact_p60_loss.pdf,/ceph/sagnihot/projects/Lorena_Contrastive_Representation_Arch/sparse_contrast_benchmark_large_batch/outputs/figures/cifar10/swin_tiny/learning_color_opponency_compact_p60_loss.csv,34064c5d3b8f4205a9174d5e563c5b85f66d413799a43b70ef8cdaec1127eb2f,ef54b2eb2f2bbe9d4d8d28074ad27f6c5bf770bfb68fc3101da76266925562fa,300,vector PDF; 300 dpi for rasterized content
training_sparse_testing_sparse,"Accuracy, robustness and loss",cifar10,swin_tiny,training_sparse_testing_sparse/results/cifar10/swin_tiny/learning_color_opponency_compact_p80_accuracy.pdf,training_sparse_testing_sparse/results/cifar10/swin_tiny/learning_color_opponency_compact_p80_accuracy.csv,/ceph/sagnihot/projects/Lorena_Contrastive_Representation_Arch/sparse_contrast_benchmark_large_batch/outputs/figures/cifar10/swin_tiny/learning_color_opponency_compact_p80_accuracy.pdf,/ceph/sagnihot/projects/Lorena_Contrastive_Representation_Arch/sparse_contrast_benchmark_large_batch/outputs/figures/cifar10/swin_tiny/learning_color_opponency_compact_p80_accuracy.csv,a780532ce980379a6b69ab59a1781dc8206a11768320d7304ad46fa2086aacac,43bf10db8832f6c3ade8606b90546ba6ca23b94ca3acc3d50a8541ae2a00f43a,300,vector PDF; 300 dpi for rasterized content
training_sparse_testing_sparse,"Accuracy, robustness and loss",cifar10,swin_tiny,training_sparse_testing_sparse/results/cifar10/swin_tiny/learning_color_opponency_compact_p80_loss.pdf,training_sparse_testing_sparse/results/cifar10/swin_tiny/learning_color_opponency_compact_p80_loss.csv,/ceph/sagnihot/projects/Lorena_Contrastive_Representation_Arch/sparse_contrast_benchmark_large_batch/outputs/figures/cifar10/swin_tiny/learning_color_opponency_compact_p80_loss.pdf,/ceph/sagnihot/projects/Lorena_Contrastive_Representation_Arch/sparse_contrast_benchmark_large_batch/outputs/figures/cifar10/swin_tiny/learning_color_opponency_compact_p80_loss.csv,2ded7eb8ce8af13627ec76b2d89b38919aed84b8dd5438b967cebeb01fb4dcc4,43bf10db8832f6c3ade8606b90546ba6ca23b94ca3acc3d50a8541ae2a00f43a,300,vector PDF; 300 dpi for rasterized content
training_sparse_testing_sparse,"Accuracy, robustness and loss",cifar10,swin_tiny,training_sparse_testing_sparse/results/cifar10/swin_tiny/learning_color_opponency_dense_p0_accuracy.pdf,training_sparse_testing_sparse/results/cifar10/swin_tiny/learning_color_opponency_dense_p0_accuracy.csv,/ceph/sagnihot/projects/Lorena_Contrastive_Representation_Arch/sparse_contrast_benchmark_large_batch/outputs/figures/cifar10/swin_tiny/learning_color_opponency_dense_p0_accuracy.pdf,/ceph/sagnihot/projects/Lorena_Contrastive_Representation_Arch/sparse_contrast_benchmark_large_batch/outputs/figures/cifar10/swin_tiny/learning_color_opponency_dense_p0_accuracy.csv,68b496a4bf49049e9eda553d9693c9aaf4ca75a62997d1de6989c0af15f21615,69669927b24927e245314bbfb6bfcf8c2c7e5211d0195983aee51cf34e798022,300,vector PDF; 300 dpi for rasterized content
training_sparse_testing_sparse,"Accuracy, robustness and loss",cifar10,swin_tiny,training_sparse_testing_sparse/results/cifar10/swin_tiny/learning_color_opponency_dense_p0_loss.pdf,training_sparse_testing_sparse/results/cifar10/swin_tiny/learning_color_opponency_dense_p0_loss.csv,/ceph/sagnihot/projects/Lorena_Contrastive_Representation_Arch/sparse_contrast_benchmark_large_batch/outputs/figures/cifar10/swin_tiny/learning_color_opponency_dense_p0_loss.pdf,/ceph/sagnihot/projects/Lorena_Contrastive_Representation_Arch/sparse_contrast_benchmark_large_batch/outputs/figures/cifar10/swin_tiny/learning_color_opponency_dense_p0_loss.csv,f2cc97e8b93dec9af2502ddf48dc235e3e53726a349e9267b7c9641e0740407c,69669927b24927e245314bbfb6bfcf8c2c7e5211d0195983aee51cf34e798022,300,vector PDF; 300 dpi for rasterized content
training_sparse_testing_sparse,"Accuracy, robustness and loss",cifar10,swin_tiny,training_sparse_testing_sparse/results/cifar10/swin_tiny/learning_grayscale_compact_p0_accuracy.pdf,training_sparse_testing_sparse/results/cifar10/swin_tiny/learning_grayscale_compact_p0_accuracy.csv,/ceph/sagnihot/projects/Lorena_Contrastive_Representation_Arch/sparse_contrast_benchmark_large_batch/outputs/figures/cifar10/swin_tiny/learning_grayscale_compact_p0_accuracy.pdf,/ceph/sagnihot/projects/Lorena_Contrastive_Representation_Arch/sparse_contrast_benchmark_large_batch/outputs/figures/cifar10/swin_tiny/learning_grayscale_compact_p0_accuracy.csv,1abe31a46be6eb3b44bcf0b2e1e244e684b80b2f817848b20e3ffac3e1fe4044,3e13d3977452f1bd8d5fc99f62ff7ee7c24ceb93ecc7b0769cb4deb9117dce83,300,vector PDF; 300 dpi for rasterized content
training_sparse_testing_sparse,"Accuracy, robustness and loss",cifar10,swin_tiny,training_sparse_testing_sparse/results/cifar10/swin_tiny/learning_grayscale_compact_p0_loss.pdf,training_sparse_testing_sparse/results/cifar10/swin_tiny/learning_grayscale_compact_p0_loss.csv,/ceph/sagnihot/projects/Lorena_Contrastive_Representation_Arch/sparse_contrast_benchmark_large_batch/outputs/figures/cifar10/swin_tiny/learning_grayscale_compact_p0_loss.pdf,/ceph/sagnihot/projects/Lorena_Contrastive_Representation_Arch/sparse_contrast_benchmark_large_batch/outputs/figures/cifar10/swin_tiny/learning_grayscale_compact_p0_loss.csv,42239e23a33f7b5ec62fde83ef5ccbd5f3b7f3d28a5f84a7503ea6840301c1a1,3e13d3977452f1bd8d5fc99f62ff7ee7c24ceb93ecc7b0769cb4deb9117dce83,300,vector PDF; 300 dpi for rasterized content
training_sparse_testing_sparse,"Accuracy, robustness and loss",cifar10,swin_tiny,training_sparse_testing_sparse/results/cifar10/swin_tiny/learning_grayscale_compact_p20_accuracy.pdf,training_sparse_testing_sparse/results/cifar10/swin_tiny/learning_grayscale_compact_p20_accuracy.csv,/ceph/sagnihot/projects/Lorena_Contrastive_Representation_Arch/sparse_contrast_benchmark_large_batch/outputs/figures/cifar10/swin_tiny/learning_grayscale_compact_p20_accuracy.pdf,/ceph/sagnihot/projects/Lorena_Contrastive_Representation_Arch/sparse_contrast_benchmark_large_batch/outputs/figures/cifar10/swin_tiny/learning_grayscale_compact_p20_accuracy.csv,745180865530e68ceca07f2cb1e0b3435d13cb4b47f4f1beb68f9d2c32755cf4,2eadb5b9f727d3d0a0739edd549a5b4f326c469b8f5a5748e753ba13e9f6909c,300,vector PDF; 300 dpi for rasterized content
training_sparse_testing_sparse,"Accuracy, robustness and loss",cifar10,swin_tiny,training_sparse_testing_sparse/results/cifar10/swin_tiny/learning_grayscale_compact_p20_loss.pdf,training_sparse_testing_sparse/results/cifar10/swin_tiny/learning_grayscale_compact_p20_loss.csv,/ceph/sagnihot/projects/Lorena_Contrastive_Representation_Arch/sparse_contrast_benchmark_large_batch/outputs/figures/cifar10/swin_tiny/learning_grayscale_compact_p20_loss.pdf,/ceph/sagnihot/projects/Lorena_Contrastive_Representation_Arch/sparse_contrast_benchmark_large_batch/outputs/figures/cifar10/swin_tiny/learning_grayscale_compact_p20_loss.csv,54e9181629cdd7dc0657d333f07e3eb59c0b10b943f4174009c00bffbb30ec62,2eadb5b9f727d3d0a0739edd549a5b4f326c469b8f5a5748e753ba13e9f6909c,300,vector PDF; 300 dpi for rasterized content
training_sparse_testing_sparse,"Accuracy, robustness and loss",cifar10,swin_tiny,training_sparse_testing_sparse/results/cifar10/swin_tiny/learning_grayscale_compact_p40_accuracy.pdf,training_sparse_testing_sparse/results/cifar10/swin_tiny/learning_grayscale_compact_p40_accuracy.csv,/ceph/sagnihot/projects/Lorena_Contrastive_Representation_Arch/sparse_contrast_benchmark_large_batch/outputs/figures/cifar10/swin_tiny/learning_grayscale_compact_p40_accuracy.pdf,/ceph/sagnihot/projects/Lorena_Contrastive_Representation_Arch/sparse_contrast_benchmark_large_batch/outputs/figures/cifar10/swin_tiny/learning_grayscale_compact_p40_accuracy.csv,fe4067de869eeb588085246a0634af36c411aa65deec205d5c50b0060ad0e048,c6321776fe2865b39e779df6e4e45ec87eb8243c54fea8f7ad244450ba927cef,300,vector PDF; 300 dpi for rasterized content
training_sparse_testing_sparse,"Accuracy, robustness and loss",cifar10,swin_tiny,training_sparse_testing_sparse/results/cifar10/swin_tiny/learning_grayscale_compact_p40_loss.pdf,training_sparse_testing_sparse/results/cifar10/swin_tiny/learning_grayscale_compact_p40_loss.csv,/ceph/sagnihot/projects/Lorena_Contrastive_Representation_Arch/sparse_contrast_benchmark_large_batch/outputs/figures/cifar10/swin_tiny/learning_grayscale_compact_p40_loss.pdf,/ceph/sagnihot/projects/Lorena_Contrastive_Representation_Arch/sparse_contrast_benchmark_large_batch/outputs/figures/cifar10/swin_tiny/learning_grayscale_compact_p40_loss.csv,e2d2a53838782026ba824990c86f1515d57c5cec66bb21d0f07cdcbe407f4fb4,c6321776fe2865b39e779df6e4e45ec87eb8243c54fea8f7ad244450ba927cef,300,vector PDF; 300 dpi for rasterized content
training_sparse_testing_sparse,"Accuracy, robustness and loss",cifar10,swin_tiny,training_sparse_testing_sparse/results/cifar10/swin_tiny/learning_grayscale_compact_p60_accuracy.pdf,training_sparse_testing_sparse/results/cifar10/swin_tiny/learning_grayscale_compact_p60_accuracy.csv,/ceph/sagnihot/projects/Lorena_Contrastive_Representation_Arch/sparse_contrast_benchmark_large_batch/outputs/figures/cifar10/swin_tiny/learning_grayscale_compact_p60_accuracy.pdf,/ceph/sagnihot/projects/Lorena_Contrastive_Representation_Arch/sparse_contrast_benchmark_large_batch/outputs/figures/cifar10/swin_tiny/learning_grayscale_compact_p60_accuracy.csv,d504db0305f9bc5dc88155b0a68614cb32a6a1489d826ec3b36c981e12fc254c,b0e0c746fb4213a4de95eba6255225900a7c730e8542b291973787ab621aacc6,300,vector PDF; 300 dpi for rasterized content
training_sparse_testing_sparse,"Accuracy, robustness and loss",cifar10,swin_tiny,training_sparse_testing_sparse/results/cifar10/swin_tiny/learning_grayscale_compact_p60_loss.pdf,training_sparse_testing_sparse/results/cifar10/swin_tiny/learning_grayscale_compact_p60_loss.csv,/ceph/sagnihot/projects/Lorena_Contrastive_Representation_Arch/sparse_contrast_benchmark_large_batch/outputs/figures/cifar10/swin_tiny/learning_grayscale_compact_p60_loss.pdf,/ceph/sagnihot/projects/Lorena_Contrastive_Representation_Arch/sparse_contrast_benchmark_large_batch/outputs/figures/cifar10/swin_tiny/learning_grayscale_compact_p60_loss.csv,ac2f8cd1805565722db2f4abff8442012ee19c4c9852110e27c0e8881948fe14,b0e0c746fb4213a4de95eba6255225900a7c730e8542b291973787ab621aacc6,300,vector PDF; 300 dpi for rasterized content
training_sparse_testing_sparse,"Accuracy, robustness and loss",cifar10,swin_tiny,training_sparse_testing_sparse/results/cifar10/swin_tiny/learning_grayscale_compact_p80_accuracy.pdf,training_sparse_testing_sparse/results/cifar10/swin_tiny/learning_grayscale_compact_p80_accuracy.csv,/ceph/sagnihot/projects/Lorena_Contrastive_Representation_Arch/sparse_contrast_benchmark_large_batch/outputs/figures/cifar10/swin_tiny/learning_grayscale_compact_p80_accuracy.pdf,/ceph/sagnihot/projects/Lorena_Contrastive_Representation_Arch/sparse_contrast_benchmark_large_batch/outputs/figures/cifar10/swin_tiny/learning_grayscale_compact_p80_accuracy.csv,47cf8e303f14c490eaf8bf25df2db3470d30d7adfb94c1c02efbd461a699fb90,08c8825a57d97cdef9a15509dab89a5efbbd39ae20f65acf70c52a38a3b22920,300,vector PDF; 300 dpi for rasterized content
training_sparse_testing_sparse,"Accuracy, robustness and loss",cifar10,swin_tiny,training_sparse_testing_sparse/results/cifar10/swin_tiny/learning_grayscale_compact_p80_loss.pdf,training_sparse_testing_sparse/results/cifar10/swin_tiny/learning_grayscale_compact_p80_loss.csv,/ceph/sagnihot/projects/Lorena_Contrastive_Representation_Arch/sparse_contrast_benchmark_large_batch/outputs/figures/cifar10/swin_tiny/learning_grayscale_compact_p80_loss.pdf,/ceph/sagnihot/projects/Lorena_Contrastive_Representation_Arch/sparse_contrast_benchmark_large_batch/outputs/figures/cifar10/swin_tiny/learning_grayscale_compact_p80_loss.csv,88193b1f74343554152cfc01ff2d945c5b196b5b9ae431ef72cab24f69d8a194,08c8825a57d97cdef9a15509dab89a5efbbd39ae20f65acf70c52a38a3b22920,300,vector PDF; 300 dpi for rasterized content
training_sparse_testing_sparse,"Accuracy, robustness and loss",cifar10,swin_tiny,training_sparse_testing_sparse/results/cifar10/swin_tiny/learning_grayscale_dense_p0_accuracy.pdf,training_sparse_testing_sparse/results/cifar10/swin_tiny/learning_grayscale_dense_p0_accuracy.csv,/ceph/sagnihot/projects/Lorena_Contrastive_Representation_Arch/sparse_contrast_benchmark_large_batch/outputs/figures/cifar10/swin_tiny/learning_grayscale_dense_p0_accuracy.pdf,/ceph/sagnihot/projects/Lorena_Contrastive_Representation_Arch/sparse_contrast_benchmark_large_batch/outputs/figures/cifar10/swin_tiny/learning_grayscale_dense_p0_accuracy.csv,5e6b170fd9c51b25103e5601fe9a6dbbe3dcbbe32a9264814ea6db0a17945ce1,7f8632e9754354b81bcc7be681e2c22284c99eb57a2ec453dcb300165a9b5d54,300,vector PDF; 300 dpi for rasterized content
training_sparse_testing_sparse,"Accuracy, robustness and loss",cifar10,swin_tiny,training_sparse_testing_sparse/results/cifar10/swin_tiny/learning_grayscale_dense_p0_loss.pdf,training_sparse_testing_sparse/results/cifar10/swin_tiny/learning_grayscale_dense_p0_loss.csv,/ceph/sagnihot/projects/Lorena_Contrastive_Representation_Arch/sparse_contrast_benchmark_large_batch/outputs/figures/cifar10/swin_tiny/learning_grayscale_dense_p0_loss.pdf,/ceph/sagnihot/projects/Lorena_Contrastive_Representation_Arch/sparse_contrast_benchmark_large_batch/outputs/figures/cifar10/swin_tiny/learning_grayscale_dense_p0_loss.csv,5307e016fdbfd259f2787d4b5390c2f474604cbea83266732cff0d95575d2e00,7f8632e9754354b81bcc7be681e2c22284c99eb57a2ec453dcb300165a9b5d54,300,vector PDF; 300 dpi for rasterized content
training_sparse_testing_sparse,"Accuracy, robustness and loss",cifar10,swin_tiny,training_sparse_testing_sparse/results/cifar10/swin_tiny/learning_raw_dense_pNone_accuracy.pdf,training_sparse_testing_sparse/results/cifar10/swin_tiny/learning_raw_dense_pNone_accuracy.csv,/ceph/sagnihot/projects/Lorena_Contrastive_Representation_Arch/sparse_contrast_benchmark_large_batch/outputs/figures/cifar10/swin_tiny/learning_raw_dense_pNone_accuracy.pdf,/ceph/sagnihot/projects/Lorena_Contrastive_Representation_Arch/sparse_contrast_benchmark_large_batch/outputs/figures/cifar10/swin_tiny/learning_raw_dense_pNone_accuracy.csv,b4de523d450cf46604c4285e818e30daf934ea3ad566c2d2cb524bf8d29e399d,f53499d6ade623304ea2064162860f27042511bcf6aa470d46261d955d8e00a6,300,vector PDF; 300 dpi for rasterized content
training_sparse_testing_sparse,"Accuracy, robustness and loss",cifar10,swin_tiny,training_sparse_testing_sparse/results/cifar10/swin_tiny/learning_raw_dense_pNone_loss.pdf,training_sparse_testing_sparse/results/cifar10/swin_tiny/learning_raw_dense_pNone_loss.csv,/ceph/sagnihot/projects/Lorena_Contrastive_Representation_Arch/sparse_contrast_benchmark_large_batch/outputs/figures/cifar10/swin_tiny/learning_raw_dense_pNone_loss.pdf,/ceph/sagnihot/projects/Lorena_Contrastive_Representation_Arch/sparse_contrast_benchmark_large_batch/outputs/figures/cifar10/swin_tiny/learning_raw_dense_pNone_loss.csv,239285beb63120346cce0ec9343d1225aef48d682b41dbe865074dd71f916adb,f53499d6ade623304ea2064162860f27042511bcf6aa470d46261d955d8e00a6,300,vector PDF; 300 dpi for rasterized content
training_sparse_testing_sparse,"Accuracy, robustness and loss",cifar10,swin_tiny,training_sparse_testing_sparse/results/cifar10/swin_tiny/learning_single_color_compact_p0_accuracy.pdf,training_sparse_testing_sparse/results/cifar10/swin_tiny/learning_single_color_compact_p0_accuracy.csv,/ceph/sagnihot/projects/Lorena_Contrastive_Representation_Arch/sparse_contrast_benchmark_large_batch/outputs/figures/cifar10/swin_tiny/learning_single_color_compact_p0_accuracy.pdf,/ceph/sagnihot/projects/Lorena_Contrastive_Representation_Arch/sparse_contrast_benchmark_large_batch/outputs/figures/cifar10/swin_tiny/learning_single_color_compact_p0_accuracy.csv,ddf1cb0c22bc661ea1b29bef42e8ab528a6b06d92d03808294a1462237f88fc5,e566cc760f4beb9a79b5b8d93dbcaeedf4cf0ed345461a69c1ba6f097f3a180d,300,vector PDF; 300 dpi for rasterized content
training_sparse_testing_sparse,"Accuracy, robustness and loss",cifar10,swin_tiny,training_sparse_testing_sparse/results/cifar10/swin_tiny/learning_single_color_compact_p0_loss.pdf,training_sparse_testing_sparse/results/cifar10/swin_tiny/learning_single_color_compact_p0_loss.csv,/ceph/sagnihot/projects/Lorena_Contrastive_Representation_Arch/sparse_contrast_benchmark_large_batch/outputs/figures/cifar10/swin_tiny/learning_single_color_compact_p0_loss.pdf,/ceph/sagnihot/projects/Lorena_Contrastive_Representation_Arch/sparse_contrast_benchmark_large_batch/outputs/figures/cifar10/swin_tiny/learning_single_color_compact_p0_loss.csv,60c4873535b550d6689b4a77aa436d6c04152b73aafd6f936e5160d13a603153,e566cc760f4beb9a79b5b8d93dbcaeedf4cf0ed345461a69c1ba6f097f3a180d,300,vector PDF; 300 dpi for rasterized content
training_sparse_testing_sparse,"Accuracy, robustness and loss",cifar10,swin_tiny,training_sparse_testing_sparse/results/cifar10/swin_tiny/learning_single_color_compact_p20_accuracy.pdf,training_sparse_testing_sparse/results/cifar10/swin_tiny/learning_single_color_compact_p20_accuracy.csv,/ceph/sagnihot/projects/Lorena_Contrastive_Representation_Arch/sparse_contrast_benchmark_large_batch/outputs/figures/cifar10/swin_tiny/learning_single_color_compact_p20_accuracy.pdf,/ceph/sagnihot/projects/Lorena_Contrastive_Representation_Arch/sparse_contrast_benchmark_large_batch/outputs/figures/cifar10/swin_tiny/learning_single_color_compact_p20_accuracy.csv,0279ea80735be105146e9f2663a07d5ed57ac51f61413954e4405752f471e222,924aa6f5c946a623166f4bd22c887251c8343fb8ad68436eabf776faecee0dcd,300,vector PDF; 300 dpi for rasterized content
training_sparse_testing_sparse,"Accuracy, robustness and loss",cifar10,swin_tiny,training_sparse_testing_sparse/results/cifar10/swin_tiny/learning_single_color_compact_p20_loss.pdf,training_sparse_testing_sparse/results/cifar10/swin_tiny/learning_single_color_compact_p20_loss.csv,/ceph/sagnihot/projects/Lorena_Contrastive_Representation_Arch/sparse_contrast_benchmark_large_batch/outputs/figures/cifar10/swin_tiny/learning_single_color_compact_p20_loss.pdf,/ceph/sagnihot/projects/Lorena_Contrastive_Representation_Arch/sparse_contrast_benchmark_large_batch/outputs/figures/cifar10/swin_tiny/learning_single_color_compact_p20_loss.csv,3d56d0c955cfc6a676997ff0553d94a86536e42f760d9c1c5bd26fbf339f566f,924aa6f5c946a623166f4bd22c887251c8343fb8ad68436eabf776faecee0dcd,300,vector PDF; 300 dpi for rasterized content
training_sparse_testing_sparse,"Accuracy, robustness and loss",cifar10,swin_tiny,training_sparse_testing_sparse/results/cifar10/swin_tiny/learning_single_color_compact_p40_accuracy.pdf,training_sparse_testing_sparse/results/cifar10/swin_tiny/learning_single_color_compact_p40_accuracy.csv,/ceph/sagnihot/projects/Lorena_Contrastive_Representation_Arch/sparse_contrast_benchmark_large_batch/outputs/figures/cifar10/swin_tiny/learning_single_color_compact_p40_accuracy.pdf,/ceph/sagnihot/projects/Lorena_Contrastive_Representation_Arch/sparse_contrast_benchmark_large_batch/outputs/figures/cifar10/swin_tiny/learning_single_color_compact_p40_accuracy.csv,215c5ab2c36f8c5a5449b377e669aa17d7ae9a69bd536afe33db4b2be2564f9b,d9c47ba30019a5f0267f971d48a9b17304646297939013618baa1109c22e31e1,300,vector PDF; 300 dpi for rasterized content
training_sparse_testing_sparse,"Accuracy, robustness and loss",cifar10,swin_tiny,training_sparse_testing_sparse/results/cifar10/swin_tiny/learning_single_color_compact_p40_loss.pdf,training_sparse_testing_sparse/results/cifar10/swin_tiny/learning_single_color_compact_p40_loss.csv,/ceph/sagnihot/projects/Lorena_Contrastive_Representation_Arch/sparse_contrast_benchmark_large_batch/outputs/figures/cifar10/swin_tiny/learning_single_color_compact_p40_loss.pdf,/ceph/sagnihot/projects/Lorena_Contrastive_Representation_Arch/sparse_contrast_benchmark_large_batch/outputs/figures/cifar10/swin_tiny/learning_single_color_compact_p40_loss.csv,52a7cadca05ef03afab0f6e39eb61bfd5aba51af828d709311f05d2a28d2456f,d9c47ba30019a5f0267f971d48a9b17304646297939013618baa1109c22e31e1,300,vector PDF; 300 dpi for rasterized content
training_sparse_testing_sparse,"Accuracy, robustness and loss",cifar10,swin_tiny,training_sparse_testing_sparse/results/cifar10/swin_tiny/learning_single_color_compact_p60_accuracy.pdf,training_sparse_testing_sparse/results/cifar10/swin_tiny/learning_single_color_compact_p60_accuracy.csv,/ceph/sagnihot/projects/Lorena_Contrastive_Representation_Arch/sparse_contrast_benchmark_large_batch/outputs/figures/cifar10/swin_tiny/learning_single_color_compact_p60_accuracy.pdf,/ceph/sagnihot/projects/Lorena_Contrastive_Representation_Arch/sparse_contrast_benchmark_large_batch/outputs/figures/cifar10/swin_tiny/learning_single_color_compact_p60_accuracy.csv,36e3fdb01a184a770c5b45258244c448bb48f9676d70eefb3b716817fc9d7e91,f58aea672208a2c8757807c9de35b453a5ceeb1e93d71d0b44298cc3315c6015,300,vector PDF; 300 dpi for rasterized content
training_sparse_testing_sparse,"Accuracy, robustness and loss",cifar10,swin_tiny,training_sparse_testing_sparse/results/cifar10/swin_tiny/learning_single_color_compact_p60_loss.pdf,training_sparse_testing_sparse/results/cifar10/swin_tiny/learning_single_color_compact_p60_loss.csv,/ceph/sagnihot/projects/Lorena_Contrastive_Representation_Arch/sparse_contrast_benchmark_large_batch/outputs/figures/cifar10/swin_tiny/learning_single_color_compact_p60_loss.pdf,/ceph/sagnihot/projects/Lorena_Contrastive_Representation_Arch/sparse_contrast_benchmark_large_batch/outputs/figures/cifar10/swin_tiny/learning_single_color_compact_p60_loss.csv,9e735b9a5c10606ee4c8f16776ed275532def07c76b9aceefbd79d122d60df07,f58aea672208a2c8757807c9de35b453a5ceeb1e93d71d0b44298cc3315c6015,300,vector PDF; 300 dpi for rasterized content
training_sparse_testing_sparse,"Accuracy, robustness and loss",cifar10,swin_tiny,training_sparse_testing_sparse/results/cifar10/swin_tiny/learning_single_color_compact_p80_accuracy.pdf,training_sparse_testing_sparse/results/cifar10/swin_tiny/learning_single_color_compact_p80_accuracy.csv,/ceph/sagnihot/projects/Lorena_Contrastive_Representation_Arch/sparse_contrast_benchmark_large_batch/outputs/figures/cifar10/swin_tiny/learning_single_color_compact_p80_accuracy.pdf,/ceph/sagnihot/projects/Lorena_Contrastive_Representation_Arch/sparse_contrast_benchmark_large_batch/outputs/figures/cifar10/swin_tiny/learning_single_color_compact_p80_accuracy.csv,8550aef8841bfba2fc554a8ba91eaae4d38bf9d144dce263ca0789bf35e01d93,b9efd25f1bc0081e97780906c1bd8f79b80d7ca774631247bcb8f86b78ebbf89,300,vector PDF; 300 dpi for rasterized content
training_sparse_testing_sparse,"Accuracy, robustness and loss",cifar10,swin_tiny,training_sparse_testing_sparse/results/cifar10/swin_tiny/learning_single_color_compact_p80_loss.pdf,training_sparse_testing_sparse/results/cifar10/swin_tiny/learning_single_color_compact_p80_loss.csv,/ceph/sagnihot/projects/Lorena_Contrastive_Representation_Arch/sparse_contrast_benchmark_large_batch/outputs/figures/cifar10/swin_tiny/learning_single_color_compact_p80_loss.pdf,/ceph/sagnihot/projects/Lorena_Contrastive_Representation_Arch/sparse_contrast_benchmark_large_batch/outputs/figures/cifar10/swin_tiny/learning_single_color_compact_p80_loss.csv,b9c8b5727fee61d07437fccb44e867a01b036f24af9d7e0f2783a62959e27410,b9efd25f1bc0081e97780906c1bd8f79b80d7ca774631247bcb8f86b78ebbf89,300,vector PDF; 300 dpi for rasterized content
training_sparse_testing_sparse,"Accuracy, robustness and loss",cifar10,swin_tiny,training_sparse_testing_sparse/results/cifar10/swin_tiny/learning_single_color_dense_p0_accuracy.pdf,training_sparse_testing_sparse/results/cifar10/swin_tiny/learning_single_color_dense_p0_accuracy.csv,/ceph/sagnihot/projects/Lorena_Contrastive_Representation_Arch/sparse_contrast_benchmark_large_batch/outputs/figures/cifar10/swin_tiny/learning_single_color_dense_p0_accuracy.pdf,/ceph/sagnihot/projects/Lorena_Contrastive_Representation_Arch/sparse_contrast_benchmark_large_batch/outputs/figures/cifar10/swin_tiny/learning_single_color_dense_p0_accuracy.csv,0fbfa29ffa1d2934377a2d5e097e4ddbe9f4db10533eb7186c79f2b0a9c1be9e,ce50a7a6db2c42f59b608cabc842ec57017ab2dc2544bb6934c34743427e4846,300,vector PDF; 300 dpi for rasterized content
training_sparse_testing_sparse,"Accuracy, robustness and loss",cifar10,swin_tiny,training_sparse_testing_sparse/results/cifar10/swin_tiny/learning_single_color_dense_p0_loss.pdf,training_sparse_testing_sparse/results/cifar10/swin_tiny/learning_single_color_dense_p0_loss.csv,/ceph/sagnihot/projects/Lorena_Contrastive_Representation_Arch/sparse_contrast_benchmark_large_batch/outputs/figures/cifar10/swin_tiny/learning_single_color_dense_p0_loss.pdf,/ceph/sagnihot/projects/Lorena_Contrastive_Representation_Arch/sparse_contrast_benchmark_large_batch/outputs/figures/cifar10/swin_tiny/learning_single_color_dense_p0_loss.csv,3e3cbfa2499762e939f3cd0234bf5828cd964a1e4baf3abf952b9645181083bc,ce50a7a6db2c42f59b608cabc842ec57017ab2dc2544bb6934c34743427e4846,300,vector PDF; 300 dpi for rasterized content
training_sparse_testing_sparse,"Accuracy, robustness and loss",cifar10,swin_tiny,training_sparse_testing_sparse/results/cifar10/swin_tiny/mean_corruption_error.pdf,training_sparse_testing_sparse/results/cifar10/swin_tiny/mean_corruption_error.csv,/ceph/sagnihot/projects/Lorena_Contrastive_Representation_Arch/sparse_contrast_benchmark_large_batch/outputs/figures/cifar10/swin_tiny/mean_corruption_error.pdf,/ceph/sagnihot/projects/Lorena_Contrastive_Representation_Arch/sparse_contrast_benchmark_large_batch/outputs/figures/cifar10/swin_tiny/mean_corruption_error.csv,8723395b518df66a319d2d702f1bce567c1b295d6f56ac490d81ba85adad1b0e,8f0fdd15012ef5a33bac4fc3f626fffd721308db212966e587101531ae56cfb9,300,vector PDF; 300 dpi for rasterized content
training_sparse_testing_sparse,"Accuracy, robustness and loss",cifar10,swin_tiny,training_sparse_testing_sparse/results/cifar10/swin_tiny/median_ms_gpu_raw_to_logits_b1_balanced_corruption_4ba79ef9f76f.pdf,training_sparse_testing_sparse/results/cifar10/swin_tiny/median_ms_gpu_raw_to_logits_b1_balanced_corruption_4ba79ef9f76f.csv,/ceph/sagnihot/projects/Lorena_Contrastive_Representation_Arch/sparse_contrast_benchmark_large_batch/outputs/figures/cifar10/swin_tiny/median_ms_gpu_raw_to_logits_b1_balanced_corruption_4ba79ef9f76f.pdf,/ceph/sagnihot/projects/Lorena_Contrastive_Representation_Arch/sparse_contrast_benchmark_large_batch/outputs/figures/cifar10/swin_tiny/median_ms_gpu_raw_to_logits_b1_balanced_corruption_4ba79ef9f76f.csv,c90c36b9c9300a1e62248ea4b87add993cc3a1992a1945d18b8e875e0452d051,2669c895c18b1eb6e31516eb4db9887b2f0c36067ccc8a582b7a0ff335385ff2,300,vector PDF; 300 dpi for rasterized content
training_sparse_testing_sparse,"Accuracy, robustness and loss",cifar10,swin_tiny,training_sparse_testing_sparse/results/cifar10/swin_tiny/median_ms_gpu_raw_to_logits_b1_clean_4ba79ef9f76f.pdf,training_sparse_testing_sparse/results/cifar10/swin_tiny/median_ms_gpu_raw_to_logits_b1_clean_4ba79ef9f76f.csv,/ceph/sagnihot/projects/Lorena_Contrastive_Representation_Arch/sparse_contrast_benchmark_large_batch/outputs/figures/cifar10/swin_tiny/median_ms_gpu_raw_to_logits_b1_clean_4ba79ef9f76f.pdf,/ceph/sagnihot/projects/Lorena_Contrastive_Representation_Arch/sparse_contrast_benchmark_large_batch/outputs/figures/cifar10/swin_tiny/median_ms_gpu_raw_to_logits_b1_clean_4ba79ef9f76f.csv,7c4fa405007b0b15a2e8cd2fa879c65976f2ff8713ab2a9f1bc6a89a007dbca6,6e4f99e6ba3793f3421ff67957573b28062a4917bf07335c4049249a32f9bfbb,300,vector PDF; 300 dpi for rasterized content
training_sparse_testing_sparse,"Accuracy, robustness and loss",cifar10,swin_tiny,training_sparse_testing_sparse/results/cifar10/swin_tiny/median_ms_gpu_raw_to_logits_b8_balanced_corruption_4ba79ef9f76f.pdf,training_sparse_testing_sparse/results/cifar10/swin_tiny/median_ms_gpu_raw_to_logits_b8_balanced_corruption_4ba79ef9f76f.csv,/ceph/sagnihot/projects/Lorena_Contrastive_Representation_Arch/sparse_contrast_benchmark_large_batch/outputs/figures/cifar10/swin_tiny/median_ms_gpu_raw_to_logits_b8_balanced_corruption_4ba79ef9f76f.pdf,/ceph/sagnihot/projects/Lorena_Contrastive_Representation_Arch/sparse_contrast_benchmark_large_batch/outputs/figures/cifar10/swin_tiny/median_ms_gpu_raw_to_logits_b8_balanced_corruption_4ba79ef9f76f.csv,8290b68d366927f75ec3efc40179d495c9a00ebb7f0371dc175a4141073b83b6,76d98935395169ba3fd69ad96a005da0a5d20dec98e3721a4676b806bec9d4a1,300,vector PDF; 300 dpi for rasterized content
training_sparse_testing_sparse,"Accuracy, robustness and loss",cifar10,swin_tiny,training_sparse_testing_sparse/results/cifar10/swin_tiny/median_ms_gpu_raw_to_logits_b8_clean_4ba79ef9f76f.pdf,training_sparse_testing_sparse/results/cifar10/swin_tiny/median_ms_gpu_raw_to_logits_b8_clean_4ba79ef9f76f.csv,/ceph/sagnihot/projects/Lorena_Contrastive_Representation_Arch/sparse_contrast_benchmark_large_batch/outputs/figures/cifar10/swin_tiny/median_ms_gpu_raw_to_logits_b8_clean_4ba79ef9f76f.pdf,/ceph/sagnihot/projects/Lorena_Contrastive_Representation_Arch/sparse_contrast_benchmark_large_batch/outputs/figures/cifar10/swin_tiny/median_ms_gpu_raw_to_logits_b8_clean_4ba79ef9f76f.csv,5722c5640a0e4359d8031ff92526ad8e9081a099f8a77abd4f9bbd0d5bdadcbf,250c1233be3a5594a082b44d24008f17ab98dd6238d653636d0af1ed41babaf2,300,vector PDF; 300 dpi for rasterized content
training_sparse_testing_sparse,"Accuracy, robustness and loss",cifar10,swin_tiny,training_sparse_testing_sparse/results/cifar10/swin_tiny/median_ms_host_raw_to_logits_b1_balanced_corruption_4ba79ef9f76f.pdf,training_sparse_testing_sparse/results/cifar10/swin_tiny/median_ms_host_raw_to_logits_b1_balanced_corruption_4ba79ef9f76f.csv,/ceph/sagnihot/projects/Lorena_Contrastive_Representation_Arch/sparse_contrast_benchmark_large_batch/outputs/figures/cifar10/swin_tiny/median_ms_host_raw_to_logits_b1_balanced_corruption_4ba79ef9f76f.pdf,/ceph/sagnihot/projects/Lorena_Contrastive_Representation_Arch/sparse_contrast_benchmark_large_batch/outputs/figures/cifar10/swin_tiny/median_ms_host_raw_to_logits_b1_balanced_corruption_4ba79ef9f76f.csv,7bc73be0b42bba34e5504f5651990365f27d7db89c3123a220a1a744c3ca41b3,72eb0bcbe5a93bd376e781d7a8385e12bf7647be9e00940987381ac59ab97f4d,300,vector PDF; 300 dpi for rasterized content
training_sparse_testing_sparse,"Accuracy, robustness and loss",cifar10,swin_tiny,training_sparse_testing_sparse/results/cifar10/swin_tiny/median_ms_host_raw_to_logits_b1_clean_4ba79ef9f76f.pdf,training_sparse_testing_sparse/results/cifar10/swin_tiny/median_ms_host_raw_to_logits_b1_clean_4ba79ef9f76f.csv,/ceph/sagnihot/projects/Lorena_Contrastive_Representation_Arch/sparse_contrast_benchmark_large_batch/outputs/figures/cifar10/swin_tiny/median_ms_host_raw_to_logits_b1_clean_4ba79ef9f76f.pdf,/ceph/sagnihot/projects/Lorena_Contrastive_Representation_Arch/sparse_contrast_benchmark_large_batch/outputs/figures/cifar10/swin_tiny/median_ms_host_raw_to_logits_b1_clean_4ba79ef9f76f.csv,841309b70418c3d3d2551e6a0fc314f5b1cab083b668aae546326f39a9c9f309,9981272a77844f21880a69f5f73c60497150d763a7478041d55a9ef2fb3287ab,300,vector PDF; 300 dpi for rasterized content
training_sparse_testing_sparse,"Accuracy, robustness and loss",cifar10,swin_tiny,training_sparse_testing_sparse/results/cifar10/swin_tiny/median_ms_host_raw_to_logits_b8_balanced_corruption_4ba79ef9f76f.pdf,training_sparse_testing_sparse/results/cifar10/swin_tiny/median_ms_host_raw_to_logits_b8_balanced_corruption_4ba79ef9f76f.csv,/ceph/sagnihot/projects/Lorena_Contrastive_Representation_Arch/sparse_contrast_benchmark_large_batch/outputs/figures/cifar10/swin_tiny/median_ms_host_raw_to_logits_b8_balanced_corruption_4ba79ef9f76f.pdf,/ceph/sagnihot/projects/Lorena_Contrastive_Representation_Arch/sparse_contrast_benchmark_large_batch/outputs/figures/cifar10/swin_tiny/median_ms_host_raw_to_logits_b8_balanced_corruption_4ba79ef9f76f.csv,2ddd7d95f5b65fa9f0d8865652d2935b02f32bf27c2b458273c3c18f37b7aa0e,847607b948d5de73772fa4c3b4acf2434a289a75161ce33276f55d2598eda3f2,300,vector PDF; 300 dpi for rasterized content
training_sparse_testing_sparse,"Accuracy, robustness and loss",cifar10,swin_tiny,training_sparse_testing_sparse/results/cifar10/swin_tiny/median_ms_host_raw_to_logits_b8_clean_4ba79ef9f76f.pdf,training_sparse_testing_sparse/results/cifar10/swin_tiny/median_ms_host_raw_to_logits_b8_clean_4ba79ef9f76f.csv,/ceph/sagnihot/projects/Lorena_Contrastive_Representation_Arch/sparse_contrast_benchmark_large_batch/outputs/figures/cifar10/swin_tiny/median_ms_host_raw_to_logits_b8_clean_4ba79ef9f76f.pdf,/ceph/sagnihot/projects/Lorena_Contrastive_Representation_Arch/sparse_contrast_benchmark_large_batch/outputs/figures/cifar10/swin_tiny/median_ms_host_raw_to_logits_b8_clean_4ba79ef9f76f.csv,1ed5fdc0da020e9e14bfcb902a72d374a6b85e6be2091e06dc24efe0d503c610,7b163aebd1f22b877c9c1e53c97760a3429fbf30985e38335ca5c455dde350a5,300,vector PDF; 300 dpi for rasterized content
training_sparse_testing_sparse,"Accuracy, robustness and loss",cifar10,swin_tiny,training_sparse_testing_sparse/results/cifar10/swin_tiny/paired_seed_ratio_of_median_speedup_gpu_raw_to_logits_b1_balanced_corruption_4ba79ef9f76f.pdf,training_sparse_testing_sparse/results/cifar10/swin_tiny/paired_seed_ratio_of_median_speedup_gpu_raw_to_logits_b1_balanced_corruption_4ba79ef9f76f.csv,/ceph/sagnihot/projects/Lorena_Contrastive_Representation_Arch/sparse_contrast_benchmark_large_batch/outputs/figures/cifar10/swin_tiny/paired_seed_ratio_of_median_speedup_gpu_raw_to_logits_b1_balanced_corruption_4ba79ef9f76f.pdf,/ceph/sagnihot/projects/Lorena_Contrastive_Representation_Arch/sparse_contrast_benchmark_large_batch/outputs/figures/cifar10/swin_tiny/paired_seed_ratio_of_median_speedup_gpu_raw_to_logits_b1_balanced_corruption_4ba79ef9f76f.csv,c3c883a125d5eb24c0bafe5a587ceaba19bd40666154d6dde9401e7a074817ce,2669c895c18b1eb6e31516eb4db9887b2f0c36067ccc8a582b7a0ff335385ff2,300,vector PDF; 300 dpi for rasterized content
training_sparse_testing_sparse,"Accuracy, robustness and loss",cifar10,swin_tiny,training_sparse_testing_sparse/results/cifar10/swin_tiny/paired_seed_ratio_of_median_speedup_gpu_raw_to_logits_b1_clean_4ba79ef9f76f.pdf,training_sparse_testing_sparse/results/cifar10/swin_tiny/paired_seed_ratio_of_median_speedup_gpu_raw_to_logits_b1_clean_4ba79ef9f76f.csv,/ceph/sagnihot/projects/Lorena_Contrastive_Representation_Arch/sparse_contrast_benchmark_large_batch/outputs/figures/cifar10/swin_tiny/paired_seed_ratio_of_median_speedup_gpu_raw_to_logits_b1_clean_4ba79ef9f76f.pdf,/ceph/sagnihot/projects/Lorena_Contrastive_Representation_Arch/sparse_contrast_benchmark_large_batch/outputs/figures/cifar10/swin_tiny/paired_seed_ratio_of_median_speedup_gpu_raw_to_logits_b1_clean_4ba79ef9f76f.csv,c0690fab3f531e09645dafbec9256beaeb73048a2c992e2ddde3c5994f7cc3d0,6e4f99e6ba3793f3421ff67957573b28062a4917bf07335c4049249a32f9bfbb,300,vector PDF; 300 dpi for rasterized content
training_sparse_testing_sparse,"Accuracy, robustness and loss",cifar10,swin_tiny,training_sparse_testing_sparse/results/cifar10/swin_tiny/paired_seed_ratio_of_median_speedup_gpu_raw_to_logits_b8_balanced_corruption_4ba79ef9f76f.pdf,training_sparse_testing_sparse/results/cifar10/swin_tiny/paired_seed_ratio_of_median_speedup_gpu_raw_to_logits_b8_balanced_corruption_4ba79ef9f76f.csv,/ceph/sagnihot/projects/Lorena_Contrastive_Representation_Arch/sparse_contrast_benchmark_large_batch/outputs/figures/cifar10/swin_tiny/paired_seed_ratio_of_median_speedup_gpu_raw_to_logits_b8_balanced_corruption_4ba79ef9f76f.pdf,/ceph/sagnihot/projects/Lorena_Contrastive_Representation_Arch/sparse_contrast_benchmark_large_batch/outputs/figures/cifar10/swin_tiny/paired_seed_ratio_of_median_speedup_gpu_raw_to_logits_b8_balanced_corruption_4ba79ef9f76f.csv,caa2d517828f94325576f88c7529e1154f5300e71f18897fc81a032ee02ef18e,76d98935395169ba3fd69ad96a005da0a5d20dec98e3721a4676b806bec9d4a1,300,vector PDF; 300 dpi for rasterized content
training_sparse_testing_sparse,"Accuracy, robustness and loss",cifar10,swin_tiny,training_sparse_testing_sparse/results/cifar10/swin_tiny/paired_seed_ratio_of_median_speedup_gpu_raw_to_logits_b8_clean_4ba79ef9f76f.pdf,training_sparse_testing_sparse/results/cifar10/swin_tiny/paired_seed_ratio_of_median_speedup_gpu_raw_to_logits_b8_clean_4ba79ef9f76f.csv,/ceph/sagnihot/projects/Lorena_Contrastive_Representation_Arch/sparse_contrast_benchmark_large_batch/outputs/figures/cifar10/swin_tiny/paired_seed_ratio_of_median_speedup_gpu_raw_to_logits_b8_clean_4ba79ef9f76f.pdf,/ceph/sagnihot/projects/Lorena_Contrastive_Representation_Arch/sparse_contrast_benchmark_large_batch/outputs/figures/cifar10/swin_tiny/paired_seed_ratio_of_median_speedup_gpu_raw_to_logits_b8_clean_4ba79ef9f76f.csv,c82c12ad24de20b338ee0a7da63862ac884cd8ac7d023ca0fb8fd8b58482cf42,250c1233be3a5594a082b44d24008f17ab98dd6238d653636d0af1ed41babaf2,300,vector PDF; 300 dpi for rasterized content
training_sparse_testing_sparse,"Accuracy, robustness and loss",cifar10,swin_tiny,training_sparse_testing_sparse/results/cifar10/swin_tiny/paired_seed_ratio_of_median_speedup_host_raw_to_logits_b1_balanced_corruption_4ba79ef9f76f.pdf,training_sparse_testing_sparse/results/cifar10/swin_tiny/paired_seed_ratio_of_median_speedup_host_raw_to_logits_b1_balanced_corruption_4ba79ef9f76f.csv,/ceph/sagnihot/projects/Lorena_Contrastive_Representation_Arch/sparse_contrast_benchmark_large_batch/outputs/figures/cifar10/swin_tiny/paired_seed_ratio_of_median_speedup_host_raw_to_logits_b1_balanced_corruption_4ba79ef9f76f.pdf,/ceph/sagnihot/projects/Lorena_Contrastive_Representation_Arch/sparse_contrast_benchmark_large_batch/outputs/figures/cifar10/swin_tiny/paired_seed_ratio_of_median_speedup_host_raw_to_logits_b1_balanced_corruption_4ba79ef9f76f.csv,faa8616bec2d5c4ddb55622ddf0c0a34a04b562569a88618aa122752c5223fc2,72eb0bcbe5a93bd376e781d7a8385e12bf7647be9e00940987381ac59ab97f4d,300,vector PDF; 300 dpi for rasterized content
training_sparse_testing_sparse,"Accuracy, robustness and loss",cifar10,swin_tiny,training_sparse_testing_sparse/results/cifar10/swin_tiny/paired_seed_ratio_of_median_speedup_host_raw_to_logits_b1_clean_4ba79ef9f76f.pdf,training_sparse_testing_sparse/results/cifar10/swin_tiny/paired_seed_ratio_of_median_speedup_host_raw_to_logits_b1_clean_4ba79ef9f76f.csv,/ceph/sagnihot/projects/Lorena_Contrastive_Representation_Arch/sparse_contrast_benchmark_large_batch/outputs/figures/cifar10/swin_tiny/paired_seed_ratio_of_median_speedup_host_raw_to_logits_b1_clean_4ba79ef9f76f.pdf,/ceph/sagnihot/projects/Lorena_Contrastive_Representation_Arch/sparse_contrast_benchmark_large_batch/outputs/figures/cifar10/swin_tiny/paired_seed_ratio_of_median_speedup_host_raw_to_logits_b1_clean_4ba79ef9f76f.csv,00811ed61ab6ed0819deb571994ea87b2c5588a6b3a3935229de198a49bc039c,9981272a77844f21880a69f5f73c60497150d763a7478041d55a9ef2fb3287ab,300,vector PDF; 300 dpi for rasterized content
training_sparse_testing_sparse,"Accuracy, robustness and loss",cifar10,swin_tiny,training_sparse_testing_sparse/results/cifar10/swin_tiny/paired_seed_ratio_of_median_speedup_host_raw_to_logits_b8_balanced_corruption_4ba79ef9f76f.pdf,training_sparse_testing_sparse/results/cifar10/swin_tiny/paired_seed_ratio_of_median_speedup_host_raw_to_logits_b8_balanced_corruption_4ba79ef9f76f.csv,/ceph/sagnihot/projects/Lorena_Contrastive_Representation_Arch/sparse_contrast_benchmark_large_batch/outputs/figures/cifar10/swin_tiny/paired_seed_ratio_of_median_speedup_host_raw_to_logits_b8_balanced_corruption_4ba79ef9f76f.pdf,/ceph/sagnihot/projects/Lorena_Contrastive_Representation_Arch/sparse_contrast_benchmark_large_batch/outputs/figures/cifar10/swin_tiny/paired_seed_ratio_of_median_speedup_host_raw_to_logits_b8_balanced_corruption_4ba79ef9f76f.csv,782b8f45e50ce24d2da544cf7886e680a96f5d6dcf4e1a627fbad7aa6a2527a6,847607b948d5de73772fa4c3b4acf2434a289a75161ce33276f55d2598eda3f2,300,vector PDF; 300 dpi for rasterized content
training_sparse_testing_sparse,"Accuracy, robustness and loss",cifar10,swin_tiny,training_sparse_testing_sparse/results/cifar10/swin_tiny/paired_seed_ratio_of_median_speedup_host_raw_to_logits_b8_clean_4ba79ef9f76f.pdf,training_sparse_testing_sparse/results/cifar10/swin_tiny/paired_seed_ratio_of_median_speedup_host_raw_to_logits_b8_clean_4ba79ef9f76f.csv,/ceph/sagnihot/projects/Lorena_Contrastive_Representation_Arch/sparse_contrast_benchmark_large_batch/outputs/figures/cifar10/swin_tiny/paired_seed_ratio_of_median_speedup_host_raw_to_logits_b8_clean_4ba79ef9f76f.pdf,/ceph/sagnihot/projects/Lorena_Contrastive_Representation_Arch/sparse_contrast_benchmark_large_batch/outputs/figures/cifar10/swin_tiny/paired_seed_ratio_of_median_speedup_host_raw_to_logits_b8_clean_4ba79ef9f76f.csv,546d9fd4fe65627f049111a5f76ed07e398f3bfafa8980cd6f7222432e5d55ce,7b163aebd1f22b877c9c1e53c97760a3429fbf30985e38335ca5c455dde350a5,300,vector PDF; 300 dpi for rasterized content
training_sparse_testing_sparse,"Accuracy, robustness and loss",cifar10,swin_tiny,training_sparse_testing_sparse/results/cifar10/swin_tiny/paired_seed_ratio_of_median_speedup_loader_to_cpu_prediction_b1_balanced_corruption_4ba79ef9f76f.pdf,training_sparse_testing_sparse/results/cifar10/swin_tiny/paired_seed_ratio_of_median_speedup_loader_to_cpu_prediction_b1_balanced_corruption_4ba79ef9f76f.csv,/ceph/sagnihot/projects/Lorena_Contrastive_Representation_Arch/sparse_contrast_benchmark_large_batch/outputs/figures/cifar10/swin_tiny/paired_seed_ratio_of_median_speedup_loader_to_cpu_prediction_b1_balanced_corruption_4ba79ef9f76f.pdf,/ceph/sagnihot/projects/Lorena_Contrastive_Representation_Arch/sparse_contrast_benchmark_large_batch/outputs/figures/cifar10/swin_tiny/paired_seed_ratio_of_median_speedup_loader_to_cpu_prediction_b1_balanced_corruption_4ba79ef9f76f.csv,b7cf89b4f86aacd024ba949a30ba05808251dec2bc720dcbdc043eba79ea3dbe,55c2d2fb3d25dfb38b14581857b1e792400e1d3ae88fe3f752cd1dcd6e8c018e,300,vector PDF; 300 dpi for rasterized content
training_sparse_testing_sparse,"Accuracy, robustness and loss",cifar10,swin_tiny,training_sparse_testing_sparse/results/cifar10/swin_tiny/paired_seed_ratio_of_median_speedup_loader_to_cpu_prediction_b1_clean_4ba79ef9f76f.pdf,training_sparse_testing_sparse/results/cifar10/swin_tiny/paired_seed_ratio_of_median_speedup_loader_to_cpu_prediction_b1_clean_4ba79ef9f76f.csv,/ceph/sagnihot/projects/Lorena_Contrastive_Representation_Arch/sparse_contrast_benchmark_large_batch/outputs/figures/cifar10/swin_tiny/paired_seed_ratio_of_median_speedup_loader_to_cpu_prediction_b1_clean_4ba79ef9f76f.pdf,/ceph/sagnihot/projects/Lorena_Contrastive_Representation_Arch/sparse_contrast_benchmark_large_batch/outputs/figures/cifar10/swin_tiny/paired_seed_ratio_of_median_speedup_loader_to_cpu_prediction_b1_clean_4ba79ef9f76f.csv,686207fc9d58501b80fe645cfaabe2b5e6cd2031767e96c16974987464a4c4c3,4759a89e73569484d878517dc08bcab383ca9ea239c14c85f44325169ae9aaf7,300,vector PDF; 300 dpi for rasterized content
training_sparse_testing_sparse,"Accuracy, robustness and loss",cifar10,swin_tiny,training_sparse_testing_sparse/results/cifar10/swin_tiny/paired_seed_ratio_of_median_speedup_loader_to_cpu_prediction_b8_balanced_corruption_4ba79ef9f76f.pdf,training_sparse_testing_sparse/results/cifar10/swin_tiny/paired_seed_ratio_of_median_speedup_loader_to_cpu_prediction_b8_balanced_corruption_4ba79ef9f76f.csv,/ceph/sagnihot/projects/Lorena_Contrastive_Representation_Arch/sparse_contrast_benchmark_large_batch/outputs/figures/cifar10/swin_tiny/paired_seed_ratio_of_median_speedup_loader_to_cpu_prediction_b8_balanced_corruption_4ba79ef9f76f.pdf,/ceph/sagnihot/projects/Lorena_Contrastive_Representation_Arch/sparse_contrast_benchmark_large_batch/outputs/figures/cifar10/swin_tiny/paired_seed_ratio_of_median_speedup_loader_to_cpu_prediction_b8_balanced_corruption_4ba79ef9f76f.csv,786fb3cb9c92721f07102020fa25d74ed05c2f8af59a2ca6ff5462a7348a01e1,b699da9046d40874c3cea514caf6df518a264c89d231edb1769bd9adf61bd6e2,300,vector PDF; 300 dpi for rasterized content
training_sparse_testing_sparse,"Accuracy, robustness and loss",cifar10,swin_tiny,training_sparse_testing_sparse/results/cifar10/swin_tiny/paired_seed_ratio_of_median_speedup_loader_to_cpu_prediction_b8_clean_4ba79ef9f76f.pdf,training_sparse_testing_sparse/results/cifar10/swin_tiny/paired_seed_ratio_of_median_speedup_loader_to_cpu_prediction_b8_clean_4ba79ef9f76f.csv,/ceph/sagnihot/projects/Lorena_Contrastive_Representation_Arch/sparse_contrast_benchmark_large_batch/outputs/figures/cifar10/swin_tiny/paired_seed_ratio_of_median_speedup_loader_to_cpu_prediction_b8_clean_4ba79ef9f76f.pdf,/ceph/sagnihot/projects/Lorena_Contrastive_Representation_Arch/sparse_contrast_benchmark_large_batch/outputs/figures/cifar10/swin_tiny/paired_seed_ratio_of_median_speedup_loader_to_cpu_prediction_b8_clean_4ba79ef9f76f.csv,4eb488dcbca8d8f34898c8eb51302a7fa5bb096b457fab162d89a355119055f4,b4e397b79953d56ac9448c9437b600fc805da1dd3ba61cb6c7d5e2713c91934a,300,vector PDF; 300 dpi for rasterized content
training_sparse_testing_sparse,Corruption breakdowns,cifar10,swin_tiny,training_sparse_testing_sparse/results/cifar10/swin_tiny/per_corruption_error.pdf,training_sparse_testing_sparse/results/cifar10/swin_tiny/per_corruption_error.csv,/ceph/sagnihot/projects/Lorena_Contrastive_Representation_Arch/sparse_contrast_benchmark_large_batch/outputs/figures/cifar10/swin_tiny/per_corruption_error.pdf,/ceph/sagnihot/projects/Lorena_Contrastive_Representation_Arch/sparse_contrast_benchmark_large_batch/outputs/figures/cifar10/swin_tiny/per_corruption_error.csv,38de2d655e8e64b3565cb54e7f22aa16dda80f9594149de6078d9c3699092a0c,f0f9904064210daeaaaaee14fc20e3524f47733ae27b7a7fd89e35480159d63f,300,vector PDF; 300 dpi for rasterized content
training_sparse_testing_sparse,Corruption breakdowns,cifar10,swin_tiny,training_sparse_testing_sparse/results/cifar10/swin_tiny/severity_color_opponency.pdf,training_sparse_testing_sparse/results/cifar10/swin_tiny/severity_color_opponency.csv,/ceph/sagnihot/projects/Lorena_Contrastive_Representation_Arch/sparse_contrast_benchmark_large_batch/outputs/figures/cifar10/swin_tiny/severity_color_opponency.pdf,/ceph/sagnihot/projects/Lorena_Contrastive_Representation_Arch/sparse_contrast_benchmark_large_batch/outputs/figures/cifar10/swin_tiny/severity_color_opponency.csv,6c7c111f45613f2164da18146c94c912f89dddbbdb61bc09e643f22455c166d3,a1824411b225539711cfe849fd4f380c60c3ee30a5e01be70cb80a9b9f41e137,300,vector PDF; 300 dpi for rasterized content
training_sparse_testing_sparse,Corruption breakdowns,cifar10,swin_tiny,training_sparse_testing_sparse/results/cifar10/swin_tiny/severity_grayscale.pdf,training_sparse_testing_sparse/results/cifar10/swin_tiny/severity_grayscale.csv,/ceph/sagnihot/projects/Lorena_Contrastive_Representation_Arch/sparse_contrast_benchmark_large_batch/outputs/figures/cifar10/swin_tiny/severity_grayscale.pdf,/ceph/sagnihot/projects/Lorena_Contrastive_Representation_Arch/sparse_contrast_benchmark_large_batch/outputs/figures/cifar10/swin_tiny/severity_grayscale.csv,b1d9822b17ee3f88e6b770a8f7321059a6613619f3aca2675d7acf80b89b281c,5c16615f6800b8fcaea28ee0010ed9cbe4a493a4bf36a793f3fb9ae9c3dbdd9f,300,vector PDF; 300 dpi for rasterized content
training_sparse_testing_sparse,Corruption breakdowns,cifar10,swin_tiny,training_sparse_testing_sparse/results/cifar10/swin_tiny/severity_single_color.pdf,training_sparse_testing_sparse/results/cifar10/swin_tiny/severity_single_color.csv,/ceph/sagnihot/projects/Lorena_Contrastive_Representation_Arch/sparse_contrast_benchmark_large_batch/outputs/figures/cifar10/swin_tiny/severity_single_color.pdf,/ceph/sagnihot/projects/Lorena_Contrastive_Representation_Arch/sparse_contrast_benchmark_large_batch/outputs/figures/cifar10/swin_tiny/severity_single_color.csv,de79039896a3103ae377166f6e77206a690c6199d43de6f34bfb20e7313d2b21,ac3dd0ce900234a191c22251d48b99f1283d1d9d0eb52e5fc0d81a9b4fa84caf,300,vector PDF; 300 dpi for rasterized content
training_sparse_testing_sparse,"Accuracy, robustness and loss",cifar10,swin_tiny,training_sparse_testing_sparse/results/cifar10/swin_tiny/stages_profiler_diagnostic_b1_balanced_corruption_4ba79ef9f76f.pdf,training_sparse_testing_sparse/results/cifar10/swin_tiny/stages_profiler_diagnostic_b1_balanced_corruption_4ba79ef9f76f.csv,/ceph/sagnihot/projects/Lorena_Contrastive_Representation_Arch/sparse_contrast_benchmark_large_batch/outputs/figures/cifar10/swin_tiny/stages_profiler_diagnostic_b1_balanced_corruption_4ba79ef9f76f.pdf,/ceph/sagnihot/projects/Lorena_Contrastive_Representation_Arch/sparse_contrast_benchmark_large_batch/outputs/figures/cifar10/swin_tiny/stages_profiler_diagnostic_b1_balanced_corruption_4ba79ef9f76f.csv,6783ffa93989ee42df5e80594a629e0fdc9536bc7fb6496ce9e8c391bf78d939,1b43a366fd47b756082180339c83b7cfced4dfc387f1c0d5fb2ab93e6f0001e7,300,vector PDF; 300 dpi for rasterized content
training_sparse_testing_sparse,"Accuracy, robustness and loss",cifar10,swin_tiny,training_sparse_testing_sparse/results/cifar10/swin_tiny/stages_profiler_diagnostic_b1_clean_4ba79ef9f76f.pdf,training_sparse_testing_sparse/results/cifar10/swin_tiny/stages_profiler_diagnostic_b1_clean_4ba79ef9f76f.csv,/ceph/sagnihot/projects/Lorena_Contrastive_Representation_Arch/sparse_contrast_benchmark_large_batch/outputs/figures/cifar10/swin_tiny/stages_profiler_diagnostic_b1_clean_4ba79ef9f76f.pdf,/ceph/sagnihot/projects/Lorena_Contrastive_Representation_Arch/sparse_contrast_benchmark_large_batch/outputs/figures/cifar10/swin_tiny/stages_profiler_diagnostic_b1_clean_4ba79ef9f76f.csv,19aef5f7f82620efc06a0a1c319b4edd58d83ab788fc3986b52610320e1e3ba0,f2622b27987dad3ea899804ffca718d50c844b09f81422cebb4e674753982dd8,300,vector PDF; 300 dpi for rasterized content
training_sparse_testing_sparse,"Accuracy, robustness and loss",cifar10,swin_tiny,training_sparse_testing_sparse/results/cifar10/swin_tiny/stages_profiler_diagnostic_b8_balanced_corruption_4ba79ef9f76f.pdf,training_sparse_testing_sparse/results/cifar10/swin_tiny/stages_profiler_diagnostic_b8_balanced_corruption_4ba79ef9f76f.csv,/ceph/sagnihot/projects/Lorena_Contrastive_Representation_Arch/sparse_contrast_benchmark_large_batch/outputs/figures/cifar10/swin_tiny/stages_profiler_diagnostic_b8_balanced_corruption_4ba79ef9f76f.pdf,/ceph/sagnihot/projects/Lorena_Contrastive_Representation_Arch/sparse_contrast_benchmark_large_batch/outputs/figures/cifar10/swin_tiny/stages_profiler_diagnostic_b8_balanced_corruption_4ba79ef9f76f.csv,30cca2dde532bf3ef44707eefee34bafb49c7ab53859c54b3492b708f464efbc,9aabc241fa2d06e6c0c2ead099628371cc2d51e811a948606c00ce341012a83d,300,vector PDF; 300 dpi for rasterized content
training_sparse_testing_sparse,"Accuracy, robustness and loss",cifar10,swin_tiny,training_sparse_testing_sparse/results/cifar10/swin_tiny/stages_profiler_diagnostic_b8_clean_4ba79ef9f76f.pdf,training_sparse_testing_sparse/results/cifar10/swin_tiny/stages_profiler_diagnostic_b8_clean_4ba79ef9f76f.csv,/ceph/sagnihot/projects/Lorena_Contrastive_Representation_Arch/sparse_contrast_benchmark_large_batch/outputs/figures/cifar10/swin_tiny/stages_profiler_diagnostic_b8_clean_4ba79ef9f76f.pdf,/ceph/sagnihot/projects/Lorena_Contrastive_Representation_Arch/sparse_contrast_benchmark_large_batch/outputs/figures/cifar10/swin_tiny/stages_profiler_diagnostic_b8_clean_4ba79ef9f76f.csv,af740eb96c9d06293e97c633634314e451aeacb7dc94acd54c4e3687bc83a4c5,84809fe2b4af55e75486f32a002ffab58b10aa02fb5c194d9f7c5f9506eef90c,300,vector PDF; 300 dpi for rasterized content
training_sparse_testing_sparse,"Accuracy, robustness and loss",cifar10,swin_tiny,training_sparse_testing_sparse/results/cifar10/swin_tiny/support_achieved_zero_fraction_mean.pdf,training_sparse_testing_sparse/results/cifar10/swin_tiny/support_achieved_zero_fraction_mean.csv,/ceph/sagnihot/projects/Lorena_Contrastive_Representation_Arch/sparse_contrast_benchmark_large_batch/outputs/figures/cifar10/swin_tiny/support_achieved_zero_fraction_mean.pdf,/ceph/sagnihot/projects/Lorena_Contrastive_Representation_Arch/sparse_contrast_benchmark_large_batch/outputs/figures/cifar10/swin_tiny/support_achieved_zero_fraction_mean.csv,491f2c884b68555973917d8fc615523c96a874155b95029aede4597280f9ce88,d28fcb3494aba4a6a1e73095b94cbe365c4aa325e8749746da32337500b59746,300,vector PDF; 300 dpi for rasterized content
training_sparse_testing_sparse,"Accuracy, robustness and loss",cifar10,swin_tiny,training_sparse_testing_sparse/results/cifar10/swin_tiny/support_final_retained_per_image_mean.pdf,training_sparse_testing_sparse/results/cifar10/swin_tiny/support_final_retained_per_image_mean.csv,/ceph/sagnihot/projects/Lorena_Contrastive_Representation_Arch/sparse_contrast_benchmark_large_batch/outputs/figures/cifar10/swin_tiny/support_final_retained_per_image_mean.pdf,/ceph/sagnihot/projects/Lorena_Contrastive_Representation_Arch/sparse_contrast_benchmark_large_batch/outputs/figures/cifar10/swin_tiny/support_final_retained_per_image_mean.csv,54aaf291d0f2add102d98f008f50e72aa1d5fecb5a33bc02b25f4ffbfa56b1f6,faea522f49057090c4b8bc297a4087f081599d3632987d08c2b6e71b2eafbe57,300,vector PDF; 300 dpi for rasterized content
training_sparse_testing_sparse,"Accuracy, robustness and loss",cifar10,swin_tiny,training_sparse_testing_sparse/results/cifar10/swin_tiny/support_initial_retained_per_image_mean.pdf,training_sparse_testing_sparse/results/cifar10/swin_tiny/support_initial_retained_per_image_mean.csv,/ceph/sagnihot/projects/Lorena_Contrastive_Representation_Arch/sparse_contrast_benchmark_large_batch/outputs/figures/cifar10/swin_tiny/support_initial_retained_per_image_mean.pdf,/ceph/sagnihot/projects/Lorena_Contrastive_Representation_Arch/sparse_contrast_benchmark_large_batch/outputs/figures/cifar10/swin_tiny/support_initial_retained_per_image_mean.csv,a1ed16ab3fbbff83847208e2d6c6837e831bc21c03d849047d2b66f7a4aea7e5,6850c3898c425166e27c4e0b85bd36527b539dfe3c8206fb15fc24b41a9b0c22,300,vector PDF; 300 dpi for rasterized content
training_sparse_testing_sparse,"Accuracy, robustness and loss",cifar10,swin_tiny,training_sparse_testing_sparse/results/cifar10/swin_tiny/support_natural_zero_fraction_mean.pdf,training_sparse_testing_sparse/results/cifar10/swin_tiny/support_natural_zero_fraction_mean.csv,/ceph/sagnihot/projects/Lorena_Contrastive_Representation_Arch/sparse_contrast_benchmark_large_batch/outputs/figures/cifar10/swin_tiny/support_natural_zero_fraction_mean.pdf,/ceph/sagnihot/projects/Lorena_Contrastive_Representation_Arch/sparse_contrast_benchmark_large_batch/outputs/figures/cifar10/swin_tiny/support_natural_zero_fraction_mean.csv,eadd1c9bfca69f1a13370ff5ed67193b63e769b0131f68e656f11214fd60d5b7,4815e8d335096536db06a8b82aa5c3f554c5a5df54ad1eb8866e52769af948b0,300,vector PDF; 300 dpi for rasterized content
training_sparse_testing_sparse,"Accuracy, robustness and loss",cifar10,swin_tiny,training_sparse_testing_sparse/results/cifar10/swin_tiny/support_retained_patches_mean.pdf,training_sparse_testing_sparse/results/cifar10/swin_tiny/support_retained_patches_mean.csv,/ceph/sagnihot/projects/Lorena_Contrastive_Representation_Arch/sparse_contrast_benchmark_large_batch/outputs/figures/cifar10/swin_tiny/support_retained_patches_mean.pdf,/ceph/sagnihot/projects/Lorena_Contrastive_Representation_Arch/sparse_contrast_benchmark_large_batch/outputs/figures/cifar10/swin_tiny/support_retained_patches_mean.csv,afaa0cf6e744e35725edc919e30fbf8d0530a882c271d0359863b84d3eba71d5,f0575a8a8bfbf82c45b9b31d01fb76ddb956ecf06c78fc96f9d6d60d1cc3ba2b,300,vector PDF; 300 dpi for rasterized content
training_sparse_testing_sparse,"Accuracy, robustness and loss",cifar10,swin_tiny,training_sparse_testing_sparse/results/cifar10/swin_tiny/support_spatial_zero_fraction_mean.pdf,training_sparse_testing_sparse/results/cifar10/swin_tiny/support_spatial_zero_fraction_mean.csv,/ceph/sagnihot/projects/Lorena_Contrastive_Representation_Arch/sparse_contrast_benchmark_large_batch/outputs/figures/cifar10/swin_tiny/support_spatial_zero_fraction_mean.pdf,/ceph/sagnihot/projects/Lorena_Contrastive_Representation_Arch/sparse_contrast_benchmark_large_batch/outputs/figures/cifar10/swin_tiny/support_spatial_zero_fraction_mean.csv,8330a64cb5a81306c643e9ef8af7dccee1e6c8627b26671af6bd45807c6dd1f0,fb70afb8eb9bb9b1dbbc1c86d1d9626055ecadb8d9bb02a01d0fae14ff9d9b39,300,vector PDF; 300 dpi for rasterized content
training_sparse_testing_sparse,"Accuracy, robustness and loss",cifar10,swin_tiny,training_sparse_testing_sparse/results/cifar10/swin_tiny/support_stages_0_blocks_0_active_per_image_mean.pdf,training_sparse_testing_sparse/results/cifar10/swin_tiny/support_stages_0_blocks_0_active_per_image_mean.csv,/ceph/sagnihot/projects/Lorena_Contrastive_Representation_Arch/sparse_contrast_benchmark_large_batch/outputs/figures/cifar10/swin_tiny/support_stages_0_blocks_0_active_per_image_mean.pdf,/ceph/sagnihot/projects/Lorena_Contrastive_Representation_Arch/sparse_contrast_benchmark_large_batch/outputs/figures/cifar10/swin_tiny/support_stages_0_blocks_0_active_per_image_mean.csv,a8eb0c596c757f59027e1f91968fca4036e7c9e317295bd5825c2da6609af989,2d2a9fc25fd4b1c5cb2f7fdcfa15c4b7ab4a62f475b50c750317f7c3186b1d2a,300,vector PDF; 300 dpi for rasterized content
training_sparse_testing_sparse,"Accuracy, robustness and loss",cifar10,swin_tiny,training_sparse_testing_sparse/results/cifar10/swin_tiny/support_stages_0_blocks_0_active_windows_mean.pdf,training_sparse_testing_sparse/results/cifar10/swin_tiny/support_stages_0_blocks_0_active_windows_mean.csv,/ceph/sagnihot/projects/Lorena_Contrastive_Representation_Arch/sparse_contrast_benchmark_large_batch/outputs/figures/cifar10/swin_tiny/support_stages_0_blocks_0_active_windows_mean.pdf,/ceph/sagnihot/projects/Lorena_Contrastive_Representation_Arch/sparse_contrast_benchmark_large_batch/outputs/figures/cifar10/swin_tiny/support_stages_0_blocks_0_active_windows_mean.csv,eb4c210b8fc8383af4ca9520bb50c4307754a516373ea64e6aea0597eec45013,7e2550842ed0dd5079e43dfd6db5627f369947b0859169544f52f49fb411968a,300,vector PDF; 300 dpi for rasterized content
training_sparse_testing_sparse,"Accuracy, robustness and loss",cifar10,swin_tiny,training_sparse_testing_sparse/results/cifar10/swin_tiny/support_stages_0_blocks_0_executed_attention_pairs_mean.pdf,training_sparse_testing_sparse/results/cifar10/swin_tiny/support_stages_0_blocks_0_executed_attention_pairs_mean.csv,/ceph/sagnihot/projects/Lorena_Contrastive_Representation_Arch/sparse_contrast_benchmark_large_batch/outputs/figures/cifar10/swin_tiny/support_stages_0_blocks_0_executed_attention_pairs_mean.pdf,/ceph/sagnihot/projects/Lorena_Contrastive_Representation_Arch/sparse_contrast_benchmark_large_batch/outputs/figures/cifar10/swin_tiny/support_stages_0_blocks_0_executed_attention_pairs_mean.csv,a81d64ec0fb064f14aeb7f6025bd8d9235f50543d7215d8e1817567cd9453201,625df96ef5aed5a90c72866640579b9ed65abe1e539825eb9565643c20782dfd,300,vector PDF; 300 dpi for rasterized content
training_sparse_testing_sparse,"Accuracy, robustness and loss",cifar10,swin_tiny,training_sparse_testing_sparse/results/cifar10/swin_tiny/support_stages_0_blocks_0_executed_rows_mean.pdf,training_sparse_testing_sparse/results/cifar10/swin_tiny/support_stages_0_blocks_0_executed_rows_mean.csv,/ceph/sagnihot/projects/Lorena_Contrastive_Representation_Arch/sparse_contrast_benchmark_large_batch/outputs/figures/cifar10/swin_tiny/support_stages_0_blocks_0_executed_rows_mean.pdf,/ceph/sagnihot/projects/Lorena_Contrastive_Representation_Arch/sparse_contrast_benchmark_large_batch/outputs/figures/cifar10/swin_tiny/support_stages_0_blocks_0_executed_rows_mean.csv,a82574d673ec7503653ed3abaf78498db7d012313746c6004c24dca217ce52be,dcb078e4c94ae44dabbd0f5c596c07f669137e178e6441df9970a376a0715033,300,vector PDF; 300 dpi for rasterized content
training_sparse_testing_sparse,"Accuracy, robustness and loss",cifar10,swin_tiny,training_sparse_testing_sparse/results/cifar10/swin_tiny/support_stages_0_blocks_0_padding_rows_mean.pdf,training_sparse_testing_sparse/results/cifar10/swin_tiny/support_stages_0_blocks_0_padding_rows_mean.csv,/ceph/sagnihot/projects/Lorena_Contrastive_Representation_Arch/sparse_contrast_benchmark_large_batch/outputs/figures/cifar10/swin_tiny/support_stages_0_blocks_0_padding_rows_mean.pdf,/ceph/sagnihot/projects/Lorena_Contrastive_Representation_Arch/sparse_contrast_benchmark_large_batch/outputs/figures/cifar10/swin_tiny/support_stages_0_blocks_0_padding_rows_mean.csv,fd451be3c88fda8a3dc634cf0c15479d6261d41b9d87cdb5cde693719c5c24e0,9e95b488ebff294188d555aa8303065976ba788de0ae7768bebb874542d4cf0c,300,vector PDF; 300 dpi for rasterized content
training_sparse_testing_sparse,"Accuracy, robustness and loss",cifar10,swin_tiny,training_sparse_testing_sparse/results/cifar10/swin_tiny/support_stages_0_blocks_0_total_windows_mean.pdf,training_sparse_testing_sparse/results/cifar10/swin_tiny/support_stages_0_blocks_0_total_windows_mean.csv,/ceph/sagnihot/projects/Lorena_Contrastive_Representation_Arch/sparse_contrast_benchmark_large_batch/outputs/figures/cifar10/swin_tiny/support_stages_0_blocks_0_total_windows_mean.pdf,/ceph/sagnihot/projects/Lorena_Contrastive_Representation_Arch/sparse_contrast_benchmark_large_batch/outputs/figures/cifar10/swin_tiny/support_stages_0_blocks_0_total_windows_mean.csv,94306d9c58c138f73afa05af68de0337e9a3d8b8a9aee86b6db7a9cdc5db9658,3d6cda21d2276c8a028071d6a3aca4a3d8f9ef2637c5a13ec11e9aa4b1f793fb,300,vector PDF; 300 dpi for rasterized content
training_sparse_testing_sparse,"Accuracy, robustness and loss",cifar10,swin_tiny,training_sparse_testing_sparse/results/cifar10/swin_tiny/support_stages_0_blocks_0_window_length_groups_mean.pdf,training_sparse_testing_sparse/results/cifar10/swin_tiny/support_stages_0_blocks_0_window_length_groups_mean.csv,/ceph/sagnihot/projects/Lorena_Contrastive_Representation_Arch/sparse_contrast_benchmark_large_batch/outputs/figures/cifar10/swin_tiny/support_stages_0_blocks_0_window_length_groups_mean.pdf,/ceph/sagnihot/projects/Lorena_Contrastive_Representation_Arch/sparse_contrast_benchmark_large_batch/outputs/figures/cifar10/swin_tiny/support_stages_0_blocks_0_window_length_groups_mean.csv,8bc989e3b6cb0134dfb4d35f21a2ee6398ccbbbd5fadf45663b8a3195c5727eb,c435bbbfba0b4602bb426b03754e6475d398d306c7ce81c4b9391a109b69a36f,300,vector PDF; 300 dpi for rasterized content
training_sparse_testing_sparse,"Accuracy, robustness and loss",cifar10,swin_tiny,training_sparse_testing_sparse/results/cifar10/swin_tiny/support_stages_0_blocks_0_window_lengths_mean.pdf,training_sparse_testing_sparse/results/cifar10/swin_tiny/support_stages_0_blocks_0_window_lengths_mean.csv,/ceph/sagnihot/projects/Lorena_Contrastive_Representation_Arch/sparse_contrast_benchmark_large_batch/outputs/figures/cifar10/swin_tiny/support_stages_0_blocks_0_window_lengths_mean.pdf,/ceph/sagnihot/projects/Lorena_Contrastive_Representation_Arch/sparse_contrast_benchmark_large_batch/outputs/figures/cifar10/swin_tiny/support_stages_0_blocks_0_window_lengths_mean.csv,4f0adc8075d5815170d715ef3098492e99b8adc0d3171d172e3f0b02bbddaf51,35379eddb870c9b62a247b377ed7e5637b1a6edf5002a09fd24758ac6db3e031,300,vector PDF; 300 dpi for rasterized content
training_sparse_testing_sparse,"Accuracy, robustness and loss",cifar10,swin_tiny,training_sparse_testing_sparse/results/cifar10/swin_tiny/support_stages_0_blocks_1_active_per_image_mean.pdf,training_sparse_testing_sparse/results/cifar10/swin_tiny/support_stages_0_blocks_1_active_per_image_mean.csv,/ceph/sagnihot/projects/Lorena_Contrastive_Representation_Arch/sparse_contrast_benchmark_large_batch/outputs/figures/cifar10/swin_tiny/support_stages_0_blocks_1_active_per_image_mean.pdf,/ceph/sagnihot/projects/Lorena_Contrastive_Representation_Arch/sparse_contrast_benchmark_large_batch/outputs/figures/cifar10/swin_tiny/support_stages_0_blocks_1_active_per_image_mean.csv,61e48b6954bd1fbab4bbebfecea78c01a2086b8bc1f15548907137a846a31518,79a673800c352415870532ceb103c4746090a8d369708b394a6ee70d7cb19ab6,300,vector PDF; 300 dpi for rasterized content
training_sparse_testing_sparse,"Accuracy, robustness and loss",cifar10,swin_tiny,training_sparse_testing_sparse/results/cifar10/swin_tiny/support_stages_0_blocks_1_active_windows_mean.pdf,training_sparse_testing_sparse/results/cifar10/swin_tiny/support_stages_0_blocks_1_active_windows_mean.csv,/ceph/sagnihot/projects/Lorena_Contrastive_Representation_Arch/sparse_contrast_benchmark_large_batch/outputs/figures/cifar10/swin_tiny/support_stages_0_blocks_1_active_windows_mean.pdf,/ceph/sagnihot/projects/Lorena_Contrastive_Representation_Arch/sparse_contrast_benchmark_large_batch/outputs/figures/cifar10/swin_tiny/support_stages_0_blocks_1_active_windows_mean.csv,9089cc44bfae9d82986d2a89524fb0d9dc291b38f431c2c45c1ade42843673e0,b2ec0a4d2695b96278e22025bee1e4b0f903627bfc138d526ff3d31ee89a6442,300,vector PDF; 300 dpi for rasterized content
training_sparse_testing_sparse,"Accuracy, robustness and loss",cifar10,swin_tiny,training_sparse_testing_sparse/results/cifar10/swin_tiny/support_stages_0_blocks_1_executed_attention_pairs_mean.pdf,training_sparse_testing_sparse/results/cifar10/swin_tiny/support_stages_0_blocks_1_executed_attention_pairs_mean.csv,/ceph/sagnihot/projects/Lorena_Contrastive_Representation_Arch/sparse_contrast_benchmark_large_batch/outputs/figures/cifar10/swin_tiny/support_stages_0_blocks_1_executed_attention_pairs_mean.pdf,/ceph/sagnihot/projects/Lorena_Contrastive_Representation_Arch/sparse_contrast_benchmark_large_batch/outputs/figures/cifar10/swin_tiny/support_stages_0_blocks_1_executed_attention_pairs_mean.csv,6dbc656551add1c73cce24dd1078f4b2c0579d0bc18188225eff2062b6685ed6,da024ab7da36957c7a7e02bd4cea92cefa89e6d270d188691bbe175faaab01ba,300,vector PDF; 300 dpi for rasterized content
training_sparse_testing_sparse,"Accuracy, robustness and loss",cifar10,swin_tiny,training_sparse_testing_sparse/results/cifar10/swin_tiny/support_stages_0_blocks_1_executed_rows_mean.pdf,training_sparse_testing_sparse/results/cifar10/swin_tiny/support_stages_0_blocks_1_executed_rows_mean.csv,/ceph/sagnihot/projects/Lorena_Contrastive_Representation_Arch/sparse_contrast_benchmark_large_batch/outputs/figures/cifar10/swin_tiny/support_stages_0_blocks_1_executed_rows_mean.pdf,/ceph/sagnihot/projects/Lorena_Contrastive_Representation_Arch/sparse_contrast_benchmark_large_batch/outputs/figures/cifar10/swin_tiny/support_stages_0_blocks_1_executed_rows_mean.csv,8eedd0032510234df8be9ca308d42bf52f4fdc1a57e305081f4e84e9ff84c757,b9a2a1e6989d721bfa8874b62c971513ba71fc47aff2515151fcffad84b78d90,300,vector PDF; 300 dpi for rasterized content
training_sparse_testing_sparse,"Accuracy, robustness and loss",cifar10,swin_tiny,training_sparse_testing_sparse/results/cifar10/swin_tiny/support_stages_0_blocks_1_padding_rows_mean.pdf,training_sparse_testing_sparse/results/cifar10/swin_tiny/support_stages_0_blocks_1_padding_rows_mean.csv,/ceph/sagnihot/projects/Lorena_Contrastive_Representation_Arch/sparse_contrast_benchmark_large_batch/outputs/figures/cifar10/swin_tiny/support_stages_0_blocks_1_padding_rows_mean.pdf,/ceph/sagnihot/projects/Lorena_Contrastive_Representation_Arch/sparse_contrast_benchmark_large_batch/outputs/figures/cifar10/swin_tiny/support_stages_0_blocks_1_padding_rows_mean.csv,7e3e00f3d8509543eb59a91b57ff9acc154e3c4abc71923f9ac9b583bfde13ce,87a27eaca8ff7898fe58a7397abf8e1afaf2198e2d5285d020de12f8b7a49585,300,vector PDF; 300 dpi for rasterized content
training_sparse_testing_sparse,"Accuracy, robustness and loss",cifar10,swin_tiny,training_sparse_testing_sparse/results/cifar10/swin_tiny/support_stages_0_blocks_1_total_windows_mean.pdf,training_sparse_testing_sparse/results/cifar10/swin_tiny/support_stages_0_blocks_1_total_windows_mean.csv,/ceph/sagnihot/projects/Lorena_Contrastive_Representation_Arch/sparse_contrast_benchmark_large_batch/outputs/figures/cifar10/swin_tiny/support_stages_0_blocks_1_total_windows_mean.pdf,/ceph/sagnihot/projects/Lorena_Contrastive_Representation_Arch/sparse_contrast_benchmark_large_batch/outputs/figures/cifar10/swin_tiny/support_stages_0_blocks_1_total_windows_mean.csv,cceee3426f40072800734b335cec47bf0e97e5610975f0799d12eba71883622a,6013f6c2c27095425baa0aa029e660ac3bcc4c0148590ead887e445f9ccc54c3,300,vector PDF; 300 dpi for rasterized content
training_sparse_testing_sparse,"Accuracy, robustness and loss",cifar10,swin_tiny,training_sparse_testing_sparse/results/cifar10/swin_tiny/support_stages_0_blocks_1_window_length_groups_mean.pdf,training_sparse_testing_sparse/results/cifar10/swin_tiny/support_stages_0_blocks_1_window_length_groups_mean.csv,/ceph/sagnihot/projects/Lorena_Contrastive_Representation_Arch/sparse_contrast_benchmark_large_batch/outputs/figures/cifar10/swin_tiny/support_stages_0_blocks_1_window_length_groups_mean.pdf,/ceph/sagnihot/projects/Lorena_Contrastive_Representation_Arch/sparse_contrast_benchmark_large_batch/outputs/figures/cifar10/swin_tiny/support_stages_0_blocks_1_window_length_groups_mean.csv,a5abb28cddbcb69087a6f69e58c1b12e26316764dfae8c0fc4d67222f3d4e3d2,59821fbc3bc9c936100a5061043b1840037141b6b9a169c477876ef3409eb537,300,vector PDF; 300 dpi for rasterized content
training_sparse_testing_sparse,"Accuracy, robustness and loss",cifar10,swin_tiny,training_sparse_testing_sparse/results/cifar10/swin_tiny/support_stages_0_blocks_1_window_lengths_mean.pdf,training_sparse_testing_sparse/results/cifar10/swin_tiny/support_stages_0_blocks_1_window_lengths_mean.csv,/ceph/sagnihot/projects/Lorena_Contrastive_Representation_Arch/sparse_contrast_benchmark_large_batch/outputs/figures/cifar10/swin_tiny/support_stages_0_blocks_1_window_lengths_mean.pdf,/ceph/sagnihot/projects/Lorena_Contrastive_Representation_Arch/sparse_contrast_benchmark_large_batch/outputs/figures/cifar10/swin_tiny/support_stages_0_blocks_1_window_lengths_mean.csv,d712f7e89191a51762fb46132468d9539516532606014808d213c8139d738028,09c3fd79aebeefa3058bc363ddc7281ed0888036dac8243dea2433fa8e432d95,300,vector PDF; 300 dpi for rasterized content
training_sparse_testing_sparse,"Accuracy, robustness and loss",cifar10,swin_tiny,training_sparse_testing_sparse/results/cifar10/swin_tiny/support_stages_1_blocks_0_active_per_image_mean.pdf,training_sparse_testing_sparse/results/cifar10/swin_tiny/support_stages_1_blocks_0_active_per_image_mean.csv,/ceph/sagnihot/projects/Lorena_Contrastive_Representation_Arch/sparse_contrast_benchmark_large_batch/outputs/figures/cifar10/swin_tiny/support_stages_1_blocks_0_active_per_image_mean.pdf,/ceph/sagnihot/projects/Lorena_Contrastive_Representation_Arch/sparse_contrast_benchmark_large_batch/outputs/figures/cifar10/swin_tiny/support_stages_1_blocks_0_active_per_image_mean.csv,4a5932cf02d467243516cb2f09b7cbebd46f14bf01b161867e24e15f66d70c63,3f115a171b5a01e06ea2e920c441f7d4cc826e607b3837e12f6492075c4a2d5a,300,vector PDF; 300 dpi for rasterized content
training_sparse_testing_sparse,"Accuracy, robustness and loss",cifar10,swin_tiny,training_sparse_testing_sparse/results/cifar10/swin_tiny/support_stages_1_blocks_0_active_windows_mean.pdf,training_sparse_testing_sparse/results/cifar10/swin_tiny/support_stages_1_blocks_0_active_windows_mean.csv,/ceph/sagnihot/projects/Lorena_Contrastive_Representation_Arch/sparse_contrast_benchmark_large_batch/outputs/figures/cifar10/swin_tiny/support_stages_1_blocks_0_active_windows_mean.pdf,/ceph/sagnihot/projects/Lorena_Contrastive_Representation_Arch/sparse_contrast_benchmark_large_batch/outputs/figures/cifar10/swin_tiny/support_stages_1_blocks_0_active_windows_mean.csv,419d5f1682f783140a921be23895e0e92ef1da35f73f665e4e53584bc3b3a9f3,8791c2ca6f79d550f4c17c9856949649c5348fb62f6c7f14cc42ec26f866573a,300,vector PDF; 300 dpi for rasterized content
training_sparse_testing_sparse,"Accuracy, robustness and loss",cifar10,swin_tiny,training_sparse_testing_sparse/results/cifar10/swin_tiny/support_stages_1_blocks_0_executed_attention_pairs_mean.pdf,training_sparse_testing_sparse/results/cifar10/swin_tiny/support_stages_1_blocks_0_executed_attention_pairs_mean.csv,/ceph/sagnihot/projects/Lorena_Contrastive_Representation_Arch/sparse_contrast_benchmark_large_batch/outputs/figures/cifar10/swin_tiny/support_stages_1_blocks_0_executed_attention_pairs_mean.pdf,/ceph/sagnihot/projects/Lorena_Contrastive_Representation_Arch/sparse_contrast_benchmark_large_batch/outputs/figures/cifar10/swin_tiny/support_stages_1_blocks_0_executed_attention_pairs_mean.csv,7e78595236fbf4bca1024108721a9c1024fed87e40d1925f6127d54ffb9f9c4f,c2299decc5237659e2231d2c07af6957d06c1746e97ab7f3ef345480f18c2347,300,vector PDF; 300 dpi for rasterized content
training_sparse_testing_sparse,"Accuracy, robustness and loss",cifar10,swin_tiny,training_sparse_testing_sparse/results/cifar10/swin_tiny/support_stages_1_blocks_0_executed_rows_mean.pdf,training_sparse_testing_sparse/results/cifar10/swin_tiny/support_stages_1_blocks_0_executed_rows_mean.csv,/ceph/sagnihot/projects/Lorena_Contrastive_Representation_Arch/sparse_contrast_benchmark_large_batch/outputs/figures/cifar10/swin_tiny/support_stages_1_blocks_0_executed_rows_mean.pdf,/ceph/sagnihot/projects/Lorena_Contrastive_Representation_Arch/sparse_contrast_benchmark_large_batch/outputs/figures/cifar10/swin_tiny/support_stages_1_blocks_0_executed_rows_mean.csv,25eb4bc645a5efab0ddcd55975d886855a89044160fbf07bdcba06d665753803,2552a37a8a89a6097d0dd8eb0efad07a9760b4246575de9d1f5c706d788afb31,300,vector PDF; 300 dpi for rasterized content
training_sparse_testing_sparse,"Accuracy, robustness and loss",cifar10,swin_tiny,training_sparse_testing_sparse/results/cifar10/swin_tiny/support_stages_1_blocks_0_padding_rows_mean.pdf,training_sparse_testing_sparse/results/cifar10/swin_tiny/support_stages_1_blocks_0_padding_rows_mean.csv,/ceph/sagnihot/projects/Lorena_Contrastive_Representation_Arch/sparse_contrast_benchmark_large_batch/outputs/figures/cifar10/swin_tiny/support_stages_1_blocks_0_padding_rows_mean.pdf,/ceph/sagnihot/projects/Lorena_Contrastive_Representation_Arch/sparse_contrast_benchmark_large_batch/outputs/figures/cifar10/swin_tiny/support_stages_1_blocks_0_padding_rows_mean.csv,7079c0a71bff9b87e11808622e1583d32a05ad67023798246e45fb7e164cfeb4,20172035a354837770ed9b0ae15d623cdbeb8b0b2c7eb3347ace9b85f74084f0,300,vector PDF; 300 dpi for rasterized content
training_sparse_testing_sparse,"Accuracy, robustness and loss",cifar10,swin_tiny,training_sparse_testing_sparse/results/cifar10/swin_tiny/support_stages_1_blocks_0_total_windows_mean.pdf,training_sparse_testing_sparse/results/cifar10/swin_tiny/support_stages_1_blocks_0_total_windows_mean.csv,/ceph/sagnihot/projects/Lorena_Contrastive_Representation_Arch/sparse_contrast_benchmark_large_batch/outputs/figures/cifar10/swin_tiny/support_stages_1_blocks_0_total_windows_mean.pdf,/ceph/sagnihot/projects/Lorena_Contrastive_Representation_Arch/sparse_contrast_benchmark_large_batch/outputs/figures/cifar10/swin_tiny/support_stages_1_blocks_0_total_windows_mean.csv,b2ed97ee5f278ca2ae66f4359956d0d54e617ecae82d6881607c736039666ca7,c65dbab3a556e178c58f9698d0408535dfbcb5dd45a6a7650a7bfb0d3e3b7f62,300,vector PDF; 300 dpi for rasterized content
training_sparse_testing_sparse,"Accuracy, robustness and loss",cifar10,swin_tiny,training_sparse_testing_sparse/results/cifar10/swin_tiny/support_stages_1_blocks_0_window_length_groups_mean.pdf,training_sparse_testing_sparse/results/cifar10/swin_tiny/support_stages_1_blocks_0_window_length_groups_mean.csv,/ceph/sagnihot/projects/Lorena_Contrastive_Representation_Arch/sparse_contrast_benchmark_large_batch/outputs/figures/cifar10/swin_tiny/support_stages_1_blocks_0_window_length_groups_mean.pdf,/ceph/sagnihot/projects/Lorena_Contrastive_Representation_Arch/sparse_contrast_benchmark_large_batch/outputs/figures/cifar10/swin_tiny/support_stages_1_blocks_0_window_length_groups_mean.csv,6ac2fad923726a101151d10917ba0a49b2eabaf29a236384078903e61c87a957,8f8a979e340c4fb86d7648fd1073d358f7e39db1eb18f3dc048ed93430576593,300,vector PDF; 300 dpi for rasterized content
training_sparse_testing_sparse,"Accuracy, robustness and loss",cifar10,swin_tiny,training_sparse_testing_sparse/results/cifar10/swin_tiny/support_stages_1_blocks_0_window_lengths_mean.pdf,training_sparse_testing_sparse/results/cifar10/swin_tiny/support_stages_1_blocks_0_window_lengths_mean.csv,/ceph/sagnihot/projects/Lorena_Contrastive_Representation_Arch/sparse_contrast_benchmark_large_batch/outputs/figures/cifar10/swin_tiny/support_stages_1_blocks_0_window_lengths_mean.pdf,/ceph/sagnihot/projects/Lorena_Contrastive_Representation_Arch/sparse_contrast_benchmark_large_batch/outputs/figures/cifar10/swin_tiny/support_stages_1_blocks_0_window_lengths_mean.csv,026b53bdee54c84f3e1aba04f445c08588850921bae74d8f9d27c985ed5b92bf,02ddc4b9b58af90a81c5ac0fea88ba3aedaa2bb8d56132f1fe591ac2a9dc0f8e,300,vector PDF; 300 dpi for rasterized content
training_sparse_testing_sparse,"Accuracy, robustness and loss",cifar10,swin_tiny,training_sparse_testing_sparse/results/cifar10/swin_tiny/support_stages_1_blocks_1_active_per_image_mean.pdf,training_sparse_testing_sparse/results/cifar10/swin_tiny/support_stages_1_blocks_1_active_per_image_mean.csv,/ceph/sagnihot/projects/Lorena_Contrastive_Representation_Arch/sparse_contrast_benchmark_large_batch/outputs/figures/cifar10/swin_tiny/support_stages_1_blocks_1_active_per_image_mean.pdf,/ceph/sagnihot/projects/Lorena_Contrastive_Representation_Arch/sparse_contrast_benchmark_large_batch/outputs/figures/cifar10/swin_tiny/support_stages_1_blocks_1_active_per_image_mean.csv,aef038188f7946cf05b04cd91b3d32119abc567f80f0868c3e4f9604b493d516,75986b11eaf88a1852d73fcfe0b8c566b792c02967657ce236608259924bbd51,300,vector PDF; 300 dpi for rasterized content
training_sparse_testing_sparse,"Accuracy, robustness and loss",cifar10,swin_tiny,training_sparse_testing_sparse/results/cifar10/swin_tiny/support_stages_1_blocks_1_active_windows_mean.pdf,training_sparse_testing_sparse/results/cifar10/swin_tiny/support_stages_1_blocks_1_active_windows_mean.csv,/ceph/sagnihot/projects/Lorena_Contrastive_Representation_Arch/sparse_contrast_benchmark_large_batch/outputs/figures/cifar10/swin_tiny/support_stages_1_blocks_1_active_windows_mean.pdf,/ceph/sagnihot/projects/Lorena_Contrastive_Representation_Arch/sparse_contrast_benchmark_large_batch/outputs/figures/cifar10/swin_tiny/support_stages_1_blocks_1_active_windows_mean.csv,5b4003f12f60ccd5dc37791cf66a82a570bb7a19f0455871238121bd33df9c3f,7f2e4918eb4553acca4ba9f66ccca2ec834defd32db442e8620598e207d3ff5f,300,vector PDF; 300 dpi for rasterized content
training_sparse_testing_sparse,"Accuracy, robustness and loss",cifar10,swin_tiny,training_sparse_testing_sparse/results/cifar10/swin_tiny/support_stages_1_blocks_1_executed_attention_pairs_mean.pdf,training_sparse_testing_sparse/results/cifar10/swin_tiny/support_stages_1_blocks_1_executed_attention_pairs_mean.csv,/ceph/sagnihot/projects/Lorena_Contrastive_Representation_Arch/sparse_contrast_benchmark_large_batch/outputs/figures/cifar10/swin_tiny/support_stages_1_blocks_1_executed_attention_pairs_mean.pdf,/ceph/sagnihot/projects/Lorena_Contrastive_Representation_Arch/sparse_contrast_benchmark_large_batch/outputs/figures/cifar10/swin_tiny/support_stages_1_blocks_1_executed_attention_pairs_mean.csv,601529a9c994f21de748d719738a5741b30dbbf3271c65129ee65389af73cac6,2564a2d96df6857a6121c6373fb153368ce9eb701163164ad32c8534480cdeaa,300,vector PDF; 300 dpi for rasterized content
training_sparse_testing_sparse,"Accuracy, robustness and loss",cifar10,swin_tiny,training_sparse_testing_sparse/results/cifar10/swin_tiny/support_stages_1_blocks_1_executed_rows_mean.pdf,training_sparse_testing_sparse/results/cifar10/swin_tiny/support_stages_1_blocks_1_executed_rows_mean.csv,/ceph/sagnihot/projects/Lorena_Contrastive_Representation_Arch/sparse_contrast_benchmark_large_batch/outputs/figures/cifar10/swin_tiny/support_stages_1_blocks_1_executed_rows_mean.pdf,/ceph/sagnihot/projects/Lorena_Contrastive_Representation_Arch/sparse_contrast_benchmark_large_batch/outputs/figures/cifar10/swin_tiny/support_stages_1_blocks_1_executed_rows_mean.csv,59f68ca6177ae75dd617443f21ed484745571350a8ba1ed736ca078d5c20aef2,534c9bd0e9eaccac803536efbf0fd1022f9c380f26e89d0ff2d4729963941b1a,300,vector PDF; 300 dpi for rasterized content
training_sparse_testing_sparse,"Accuracy, robustness and loss",cifar10,swin_tiny,training_sparse_testing_sparse/results/cifar10/swin_tiny/support_stages_1_blocks_1_padding_rows_mean.pdf,training_sparse_testing_sparse/results/cifar10/swin_tiny/support_stages_1_blocks_1_padding_rows_mean.csv,/ceph/sagnihot/projects/Lorena_Contrastive_Representation_Arch/sparse_contrast_benchmark_large_batch/outputs/figures/cifar10/swin_tiny/support_stages_1_blocks_1_padding_rows_mean.pdf,/ceph/sagnihot/projects/Lorena_Contrastive_Representation_Arch/sparse_contrast_benchmark_large_batch/outputs/figures/cifar10/swin_tiny/support_stages_1_blocks_1_padding_rows_mean.csv,594b6c8c53d8a0f184d1eda3bb9eb38ebefcedc252b69dbc7851b0c582b18f71,834523f84a8549788ea9a6ee9e5051da44c3f405cc40fb7661aa697cb6679411,300,vector PDF; 300 dpi for rasterized content
training_sparse_testing_sparse,"Accuracy, robustness and loss",cifar10,swin_tiny,training_sparse_testing_sparse/results/cifar10/swin_tiny/support_stages_1_blocks_1_total_windows_mean.pdf,training_sparse_testing_sparse/results/cifar10/swin_tiny/support_stages_1_blocks_1_total_windows_mean.csv,/ceph/sagnihot/projects/Lorena_Contrastive_Representation_Arch/sparse_contrast_benchmark_large_batch/outputs/figures/cifar10/swin_tiny/support_stages_1_blocks_1_total_windows_mean.pdf,/ceph/sagnihot/projects/Lorena_Contrastive_Representation_Arch/sparse_contrast_benchmark_large_batch/outputs/figures/cifar10/swin_tiny/support_stages_1_blocks_1_total_windows_mean.csv,b57242e0d89d284a13df589f58c557716cf899371354e851d488279706d5dfe7,dc6ea5db61ec750951b5178566bdd2b1f98fbd8598f167f4858c7f1372eb3ff3,300,vector PDF; 300 dpi for rasterized content
training_sparse_testing_sparse,"Accuracy, robustness and loss",cifar10,swin_tiny,training_sparse_testing_sparse/results/cifar10/swin_tiny/support_stages_1_blocks_1_window_length_groups_mean.pdf,training_sparse_testing_sparse/results/cifar10/swin_tiny/support_stages_1_blocks_1_window_length_groups_mean.csv,/ceph/sagnihot/projects/Lorena_Contrastive_Representation_Arch/sparse_contrast_benchmark_large_batch/outputs/figures/cifar10/swin_tiny/support_stages_1_blocks_1_window_length_groups_mean.pdf,/ceph/sagnihot/projects/Lorena_Contrastive_Representation_Arch/sparse_contrast_benchmark_large_batch/outputs/figures/cifar10/swin_tiny/support_stages_1_blocks_1_window_length_groups_mean.csv,ba6d37869d1b455b0b8578df85f3811b2c13998959e8210d4ec6924e476dc96d,da1f908cccebab88de5c7784d591d923ebb8abf5e23a4b8866b37af99210f46a,300,vector PDF; 300 dpi for rasterized content
training_sparse_testing_sparse,"Accuracy, robustness and loss",cifar10,swin_tiny,training_sparse_testing_sparse/results/cifar10/swin_tiny/support_stages_1_blocks_1_window_lengths_mean.pdf,training_sparse_testing_sparse/results/cifar10/swin_tiny/support_stages_1_blocks_1_window_lengths_mean.csv,/ceph/sagnihot/projects/Lorena_Contrastive_Representation_Arch/sparse_contrast_benchmark_large_batch/outputs/figures/cifar10/swin_tiny/support_stages_1_blocks_1_window_lengths_mean.pdf,/ceph/sagnihot/projects/Lorena_Contrastive_Representation_Arch/sparse_contrast_benchmark_large_batch/outputs/figures/cifar10/swin_tiny/support_stages_1_blocks_1_window_lengths_mean.csv,071c7f5ec6e74260feb89de91feff9c1f3b0eb5131517bc9ee0bd23310a7f8e4,9fd90f1a2d5580ce0ca97c5534ab3bbf8254f87138df57e6242b761cffc0d4ad,300,vector PDF; 300 dpi for rasterized content
training_sparse_testing_sparse,"Accuracy, robustness and loss",cifar10,swin_tiny,training_sparse_testing_sparse/results/cifar10/swin_tiny/support_stages_2_blocks_0_active_per_image_mean.pdf,training_sparse_testing_sparse/results/cifar10/swin_tiny/support_stages_2_blocks_0_active_per_image_mean.csv,/ceph/sagnihot/projects/Lorena_Contrastive_Representation_Arch/sparse_contrast_benchmark_large_batch/outputs/figures/cifar10/swin_tiny/support_stages_2_blocks_0_active_per_image_mean.pdf,/ceph/sagnihot/projects/Lorena_Contrastive_Representation_Arch/sparse_contrast_benchmark_large_batch/outputs/figures/cifar10/swin_tiny/support_stages_2_blocks_0_active_per_image_mean.csv,552b2bf9186eb1f3c65b6494e7051e948f007711381fbc2f75930800814ed1c5,2e68931521d45743ad4bd9c9a430efb7b1f8f98b481bfcfffcf8212dfed40faf,300,vector PDF; 300 dpi for rasterized content
training_sparse_testing_sparse,"Accuracy, robustness and loss",cifar10,swin_tiny,training_sparse_testing_sparse/results/cifar10/swin_tiny/support_stages_2_blocks_0_active_windows_mean.pdf,training_sparse_testing_sparse/results/cifar10/swin_tiny/support_stages_2_blocks_0_active_windows_mean.csv,/ceph/sagnihot/projects/Lorena_Contrastive_Representation_Arch/sparse_contrast_benchmark_large_batch/outputs/figures/cifar10/swin_tiny/support_stages_2_blocks_0_active_windows_mean.pdf,/ceph/sagnihot/projects/Lorena_Contrastive_Representation_Arch/sparse_contrast_benchmark_large_batch/outputs/figures/cifar10/swin_tiny/support_stages_2_blocks_0_active_windows_mean.csv,2764817e99bed9d7852b6170b21c635778aa14ae6757bf48bd12839dfeb4ea02,6b6d0fd2c27d01a46c6c1d4044da284b6c709ae49bee70b5bc9d47127eb540e9,300,vector PDF; 300 dpi for rasterized content
training_sparse_testing_sparse,"Accuracy, robustness and loss",cifar10,swin_tiny,training_sparse_testing_sparse/results/cifar10/swin_tiny/support_stages_2_blocks_0_executed_attention_pairs_mean.pdf,training_sparse_testing_sparse/results/cifar10/swin_tiny/support_stages_2_blocks_0_executed_attention_pairs_mean.csv,/ceph/sagnihot/projects/Lorena_Contrastive_Representation_Arch/sparse_contrast_benchmark_large_batch/outputs/figures/cifar10/swin_tiny/support_stages_2_blocks_0_executed_attention_pairs_mean.pdf,/ceph/sagnihot/projects/Lorena_Contrastive_Representation_Arch/sparse_contrast_benchmark_large_batch/outputs/figures/cifar10/swin_tiny/support_stages_2_blocks_0_executed_attention_pairs_mean.csv,0100c462dae60b7d51b34e5af775869449e4d9207a08a2f15e5b77b78edfd493,bf69e637d97971a998afb53948d5abaf0f7e4d4524382de61154758bef6a4289,300,vector PDF; 300 dpi for rasterized content
training_sparse_testing_sparse,"Accuracy, robustness and loss",cifar10,swin_tiny,training_sparse_testing_sparse/results/cifar10/swin_tiny/support_stages_2_blocks_0_executed_rows_mean.pdf,training_sparse_testing_sparse/results/cifar10/swin_tiny/support_stages_2_blocks_0_executed_rows_mean.csv,/ceph/sagnihot/projects/Lorena_Contrastive_Representation_Arch/sparse_contrast_benchmark_large_batch/outputs/figures/cifar10/swin_tiny/support_stages_2_blocks_0_executed_rows_mean.pdf,/ceph/sagnihot/projects/Lorena_Contrastive_Representation_Arch/sparse_contrast_benchmark_large_batch/outputs/figures/cifar10/swin_tiny/support_stages_2_blocks_0_executed_rows_mean.csv,bc46dfad3f522701f32ce211d02b18f35cd510e69835387fbc28bab8a9601153,fac4774a4a8d6105de9a1829121a506d4e7f159406779814da0261cb86b4396d,300,vector PDF; 300 dpi for rasterized content
training_sparse_testing_sparse,"Accuracy, robustness and loss",cifar10,swin_tiny,training_sparse_testing_sparse/results/cifar10/swin_tiny/support_stages_2_blocks_0_padding_rows_mean.pdf,training_sparse_testing_sparse/results/cifar10/swin_tiny/support_stages_2_blocks_0_padding_rows_mean.csv,/ceph/sagnihot/projects/Lorena_Contrastive_Representation_Arch/sparse_contrast_benchmark_large_batch/outputs/figures/cifar10/swin_tiny/support_stages_2_blocks_0_padding_rows_mean.pdf,/ceph/sagnihot/projects/Lorena_Contrastive_Representation_Arch/sparse_contrast_benchmark_large_batch/outputs/figures/cifar10/swin_tiny/support_stages_2_blocks_0_padding_rows_mean.csv,cc49a7822df4d013eb911da1e7dcc6e3664b3fabb589a7bc036b75ba7376f74f,7de6b8b13b5169a3366b7e91fd87357679f410a5872fd1a38de09a3e2a6db8c4,300,vector PDF; 300 dpi for rasterized content
training_sparse_testing_sparse,"Accuracy, robustness and loss",cifar10,swin_tiny,training_sparse_testing_sparse/results/cifar10/swin_tiny/support_stages_2_blocks_0_total_windows_mean.pdf,training_sparse_testing_sparse/results/cifar10/swin_tiny/support_stages_2_blocks_0_total_windows_mean.csv,/ceph/sagnihot/projects/Lorena_Contrastive_Representation_Arch/sparse_contrast_benchmark_large_batch/outputs/figures/cifar10/swin_tiny/support_stages_2_blocks_0_total_windows_mean.pdf,/ceph/sagnihot/projects/Lorena_Contrastive_Representation_Arch/sparse_contrast_benchmark_large_batch/outputs/figures/cifar10/swin_tiny/support_stages_2_blocks_0_total_windows_mean.csv,35dd221e414ab48708a3390861039bca011c2a7cf447a485d4c20a1f2b7f3b2d,62e8609f65e80d7fe9535eff1cfb0eac0db42332f3d95ab811912375d646d3e3,300,vector PDF; 300 dpi for rasterized content
training_sparse_testing_sparse,"Accuracy, robustness and loss",cifar10,swin_tiny,training_sparse_testing_sparse/results/cifar10/swin_tiny/support_stages_2_blocks_0_window_length_groups_mean.pdf,training_sparse_testing_sparse/results/cifar10/swin_tiny/support_stages_2_blocks_0_window_length_groups_mean.csv,/ceph/sagnihot/projects/Lorena_Contrastive_Representation_Arch/sparse_contrast_benchmark_large_batch/outputs/figures/cifar10/swin_tiny/support_stages_2_blocks_0_window_length_groups_mean.pdf,/ceph/sagnihot/projects/Lorena_Contrastive_Representation_Arch/sparse_contrast_benchmark_large_batch/outputs/figures/cifar10/swin_tiny/support_stages_2_blocks_0_window_length_groups_mean.csv,3fbe24ea7cd91ba35960c09eeba03a460ed8072bb1c022638cb1a0d220b02b73,189dbe10cb5e849ab5ba6b5f1fe44cd93983537d5940312ff5a87b1babfa6363,300,vector PDF; 300 dpi for rasterized content
training_sparse_testing_sparse,"Accuracy, robustness and loss",cifar10,swin_tiny,training_sparse_testing_sparse/results/cifar10/swin_tiny/support_stages_2_blocks_0_window_lengths_mean.pdf,training_sparse_testing_sparse/results/cifar10/swin_tiny/support_stages_2_blocks_0_window_lengths_mean.csv,/ceph/sagnihot/projects/Lorena_Contrastive_Representation_Arch/sparse_contrast_benchmark_large_batch/outputs/figures/cifar10/swin_tiny/support_stages_2_blocks_0_window_lengths_mean.pdf,/ceph/sagnihot/projects/Lorena_Contrastive_Representation_Arch/sparse_contrast_benchmark_large_batch/outputs/figures/cifar10/swin_tiny/support_stages_2_blocks_0_window_lengths_mean.csv,c5a6b0e9b09f760df337796f072d132b56b00e348f14fa62c69f481442d29e7f,d17f75b52d073331c99e80a3e8fc98c119c74c5bc8d73d79f642110c740f9de4,300,vector PDF; 300 dpi for rasterized content
training_sparse_testing_sparse,"Accuracy, robustness and loss",cifar10,swin_tiny,training_sparse_testing_sparse/results/cifar10/swin_tiny/support_stages_2_blocks_1_active_per_image_mean.pdf,training_sparse_testing_sparse/results/cifar10/swin_tiny/support_stages_2_blocks_1_active_per_image_mean.csv,/ceph/sagnihot/projects/Lorena_Contrastive_Representation_Arch/sparse_contrast_benchmark_large_batch/outputs/figures/cifar10/swin_tiny/support_stages_2_blocks_1_active_per_image_mean.pdf,/ceph/sagnihot/projects/Lorena_Contrastive_Representation_Arch/sparse_contrast_benchmark_large_batch/outputs/figures/cifar10/swin_tiny/support_stages_2_blocks_1_active_per_image_mean.csv,329b3ff4001a10bfd683e9ab6d142f43d4eb65a7ee3450d8da9f511dea97d646,28cbc892c50478327090e8b73ca3a07091d53655e2da6a6ed63acbdeebbc7700,300,vector PDF; 300 dpi for rasterized content
training_sparse_testing_sparse,"Accuracy, robustness and loss",cifar10,swin_tiny,training_sparse_testing_sparse/results/cifar10/swin_tiny/support_stages_2_blocks_1_active_windows_mean.pdf,training_sparse_testing_sparse/results/cifar10/swin_tiny/support_stages_2_blocks_1_active_windows_mean.csv,/ceph/sagnihot/projects/Lorena_Contrastive_Representation_Arch/sparse_contrast_benchmark_large_batch/outputs/figures/cifar10/swin_tiny/support_stages_2_blocks_1_active_windows_mean.pdf,/ceph/sagnihot/projects/Lorena_Contrastive_Representation_Arch/sparse_contrast_benchmark_large_batch/outputs/figures/cifar10/swin_tiny/support_stages_2_blocks_1_active_windows_mean.csv,8a3ef31ec06775a117c406876dc770e4cb0b2803ec1fbfd23abd0b5e440c05a3,a52fb892f52777ba151b03976e5f6810827d219adf0d572d74bf1f6520cafd1e,300,vector PDF; 300 dpi for rasterized content
training_sparse_testing_sparse,"Accuracy, robustness and loss",cifar10,swin_tiny,training_sparse_testing_sparse/results/cifar10/swin_tiny/support_stages_2_blocks_1_executed_attention_pairs_mean.pdf,training_sparse_testing_sparse/results/cifar10/swin_tiny/support_stages_2_blocks_1_executed_attention_pairs_mean.csv,/ceph/sagnihot/projects/Lorena_Contrastive_Representation_Arch/sparse_contrast_benchmark_large_batch/outputs/figures/cifar10/swin_tiny/support_stages_2_blocks_1_executed_attention_pairs_mean.pdf,/ceph/sagnihot/projects/Lorena_Contrastive_Representation_Arch/sparse_contrast_benchmark_large_batch/outputs/figures/cifar10/swin_tiny/support_stages_2_blocks_1_executed_attention_pairs_mean.csv,e69aa65785cf524c7666dce8fb06dc26aa98b7ef27e7c42e65af3a05769feef5,888a430577096f01eb462f20398e856832c4d1183e5b16566be13fc8655caf27,300,vector PDF; 300 dpi for rasterized content
training_sparse_testing_sparse,"Accuracy, robustness and loss",cifar10,swin_tiny,training_sparse_testing_sparse/results/cifar10/swin_tiny/support_stages_2_blocks_1_executed_rows_mean.pdf,training_sparse_testing_sparse/results/cifar10/swin_tiny/support_stages_2_blocks_1_executed_rows_mean.csv,/ceph/sagnihot/projects/Lorena_Contrastive_Representation_Arch/sparse_contrast_benchmark_large_batch/outputs/figures/cifar10/swin_tiny/support_stages_2_blocks_1_executed_rows_mean.pdf,/ceph/sagnihot/projects/Lorena_Contrastive_Representation_Arch/sparse_contrast_benchmark_large_batch/outputs/figures/cifar10/swin_tiny/support_stages_2_blocks_1_executed_rows_mean.csv,e933862a52d5835b61f91678165d73070da01e867a8aba088ec98cf82e6222cd,b5d50ab920b6fe0f6e504fdf6c3be2ee489865b6becdf3635657f2a0166fc4c1,300,vector PDF; 300 dpi for rasterized content
training_sparse_testing_sparse,"Accuracy, robustness and loss",cifar10,swin_tiny,training_sparse_testing_sparse/results/cifar10/swin_tiny/support_stages_2_blocks_1_padding_rows_mean.pdf,training_sparse_testing_sparse/results/cifar10/swin_tiny/support_stages_2_blocks_1_padding_rows_mean.csv,/ceph/sagnihot/projects/Lorena_Contrastive_Representation_Arch/sparse_contrast_benchmark_large_batch/outputs/figures/cifar10/swin_tiny/support_stages_2_blocks_1_padding_rows_mean.pdf,/ceph/sagnihot/projects/Lorena_Contrastive_Representation_Arch/sparse_contrast_benchmark_large_batch/outputs/figures/cifar10/swin_tiny/support_stages_2_blocks_1_padding_rows_mean.csv,9c2932d700763eb5a05930c6862ffd4c4d7b1bec2a37f28154091c1d38674ee4,0151c78997208441f935c639d0b302b1d1393b811f46261be8d3ba40eeb243a8,300,vector PDF; 300 dpi for rasterized content
training_sparse_testing_sparse,"Accuracy, robustness and loss",cifar10,swin_tiny,training_sparse_testing_sparse/results/cifar10/swin_tiny/support_stages_2_blocks_1_total_windows_mean.pdf,training_sparse_testing_sparse/results/cifar10/swin_tiny/support_stages_2_blocks_1_total_windows_mean.csv,/ceph/sagnihot/projects/Lorena_Contrastive_Representation_Arch/sparse_contrast_benchmark_large_batch/outputs/figures/cifar10/swin_tiny/support_stages_2_blocks_1_total_windows_mean.pdf,/ceph/sagnihot/projects/Lorena_Contrastive_Representation_Arch/sparse_contrast_benchmark_large_batch/outputs/figures/cifar10/swin_tiny/support_stages_2_blocks_1_total_windows_mean.csv,14f7c9f06ed9d15aed227b0b9dd5cf2531b324eed73eaf4bfe02b6f98dc713c2,5e30ce3373e7f35e68b2e112bc61310f1a0c8aace050dcc862b96fbf84296ba0,300,vector PDF; 300 dpi for rasterized content
training_sparse_testing_sparse,"Accuracy, robustness and loss",cifar10,swin_tiny,training_sparse_testing_sparse/results/cifar10/swin_tiny/support_stages_2_blocks_1_window_length_groups_mean.pdf,training_sparse_testing_sparse/results/cifar10/swin_tiny/support_stages_2_blocks_1_window_length_groups_mean.csv,/ceph/sagnihot/projects/Lorena_Contrastive_Representation_Arch/sparse_contrast_benchmark_large_batch/outputs/figures/cifar10/swin_tiny/support_stages_2_blocks_1_window_length_groups_mean.pdf,/ceph/sagnihot/projects/Lorena_Contrastive_Representation_Arch/sparse_contrast_benchmark_large_batch/outputs/figures/cifar10/swin_tiny/support_stages_2_blocks_1_window_length_groups_mean.csv,d594eaa5c4ac25fc1400839254a0493ffff34eb568755165b5995af695fabcd1,86152cd720ef9bbdd71c0f9f7fd7a9803c9048691a4ab33d41e25de483b1f40f,300,vector PDF; 300 dpi for rasterized content
training_sparse_testing_sparse,"Accuracy, robustness and loss",cifar10,swin_tiny,training_sparse_testing_sparse/results/cifar10/swin_tiny/support_stages_2_blocks_1_window_lengths_mean.pdf,training_sparse_testing_sparse/results/cifar10/swin_tiny/support_stages_2_blocks_1_window_lengths_mean.csv,/ceph/sagnihot/projects/Lorena_Contrastive_Representation_Arch/sparse_contrast_benchmark_large_batch/outputs/figures/cifar10/swin_tiny/support_stages_2_blocks_1_window_lengths_mean.pdf,/ceph/sagnihot/projects/Lorena_Contrastive_Representation_Arch/sparse_contrast_benchmark_large_batch/outputs/figures/cifar10/swin_tiny/support_stages_2_blocks_1_window_lengths_mean.csv,27d762e0bb5a6e99f9b4d16502ea042422656d927d22eaa5be5fbf68ae0fdb08,6a0ac9ba422d4887b472481d7d72b11d5ebbfba131d57f9ece51c1f5235c5d76,300,vector PDF; 300 dpi for rasterized content
training_sparse_testing_sparse,"Accuracy, robustness and loss",cifar10,swin_tiny,training_sparse_testing_sparse/results/cifar10/swin_tiny/support_stages_2_blocks_2_active_per_image_mean.pdf,training_sparse_testing_sparse/results/cifar10/swin_tiny/support_stages_2_blocks_2_active_per_image_mean.csv,/ceph/sagnihot/projects/Lorena_Contrastive_Representation_Arch/sparse_contrast_benchmark_large_batch/outputs/figures/cifar10/swin_tiny/support_stages_2_blocks_2_active_per_image_mean.pdf,/ceph/sagnihot/projects/Lorena_Contrastive_Representation_Arch/sparse_contrast_benchmark_large_batch/outputs/figures/cifar10/swin_tiny/support_stages_2_blocks_2_active_per_image_mean.csv,af04e26ed925004ab994a439f75e5e4be17266fac265c6868de67bfd5df42143,a4fcc946f97981f45582da6c6c2e4df51c1b500a2ba3aad57f163efb6d1a8d40,300,vector PDF; 300 dpi for rasterized content
training_sparse_testing_sparse,"Accuracy, robustness and loss",cifar10,swin_tiny,training_sparse_testing_sparse/results/cifar10/swin_tiny/support_stages_2_blocks_2_active_windows_mean.pdf,training_sparse_testing_sparse/results/cifar10/swin_tiny/support_stages_2_blocks_2_active_windows_mean.csv,/ceph/sagnihot/projects/Lorena_Contrastive_Representation_Arch/sparse_contrast_benchmark_large_batch/outputs/figures/cifar10/swin_tiny/support_stages_2_blocks_2_active_windows_mean.pdf,/ceph/sagnihot/projects/Lorena_Contrastive_Representation_Arch/sparse_contrast_benchmark_large_batch/outputs/figures/cifar10/swin_tiny/support_stages_2_blocks_2_active_windows_mean.csv,e3669f8035ec9dbb5daf484df12c416f45c87c2fd1d102fceb2d56554b066393,55e90aa04ebb24293d66270edb385c9dcae5b13449e4357b54fcd328f379cd51,300,vector PDF; 300 dpi for rasterized content
training_sparse_testing_sparse,"Accuracy, robustness and loss",cifar10,swin_tiny,training_sparse_testing_sparse/results/cifar10/swin_tiny/support_stages_2_blocks_2_executed_attention_pairs_mean.pdf,training_sparse_testing_sparse/results/cifar10/swin_tiny/support_stages_2_blocks_2_executed_attention_pairs_mean.csv,/ceph/sagnihot/projects/Lorena_Contrastive_Representation_Arch/sparse_contrast_benchmark_large_batch/outputs/figures/cifar10/swin_tiny/support_stages_2_blocks_2_executed_attention_pairs_mean.pdf,/ceph/sagnihot/projects/Lorena_Contrastive_Representation_Arch/sparse_contrast_benchmark_large_batch/outputs/figures/cifar10/swin_tiny/support_stages_2_blocks_2_executed_attention_pairs_mean.csv,355f7b0ee1458c691db1f183b6e5c280ca86819d3c7da692c0cccb6595a8d7d8,ee50c4a9a788afd259e080d65dc2cfc638456503e198d0653e7138234c50b48d,300,vector PDF; 300 dpi for rasterized content
training_sparse_testing_sparse,"Accuracy, robustness and loss",cifar10,swin_tiny,training_sparse_testing_sparse/results/cifar10/swin_tiny/support_stages_2_blocks_2_executed_rows_mean.pdf,training_sparse_testing_sparse/results/cifar10/swin_tiny/support_stages_2_blocks_2_executed_rows_mean.csv,/ceph/sagnihot/projects/Lorena_Contrastive_Representation_Arch/sparse_contrast_benchmark_large_batch/outputs/figures/cifar10/swin_tiny/support_stages_2_blocks_2_executed_rows_mean.pdf,/ceph/sagnihot/projects/Lorena_Contrastive_Representation_Arch/sparse_contrast_benchmark_large_batch/outputs/figures/cifar10/swin_tiny/support_stages_2_blocks_2_executed_rows_mean.csv,4ec035b112bb2ce93674f7f53b80db8b9c45a1e5f4614aa1224ea112c9568afb,4e02c30e5afb63ad36ab557c058d03f5bab4a575f72827f8ddfbea340ff99e09,300,vector PDF; 300 dpi for rasterized content
training_sparse_testing_sparse,"Accuracy, robustness and loss",cifar10,swin_tiny,training_sparse_testing_sparse/results/cifar10/swin_tiny/support_stages_2_blocks_2_padding_rows_mean.pdf,training_sparse_testing_sparse/results/cifar10/swin_tiny/support_stages_2_blocks_2_padding_rows_mean.csv,/ceph/sagnihot/projects/Lorena_Contrastive_Representation_Arch/sparse_contrast_benchmark_large_batch/outputs/figures/cifar10/swin_tiny/support_stages_2_blocks_2_padding_rows_mean.pdf,/ceph/sagnihot/projects/Lorena_Contrastive_Representation_Arch/sparse_contrast_benchmark_large_batch/outputs/figures/cifar10/swin_tiny/support_stages_2_blocks_2_padding_rows_mean.csv,3311eafc0bf9cf0ca3fd8454f747dd3e556fa20fbba0280fe338e84c28efb25e,2fd9af59f142d4db19b7cb7be04535aa4d2728ab1ec120a3996bb94ba7609ce5,300,vector PDF; 300 dpi for rasterized content
training_sparse_testing_sparse,"Accuracy, robustness and loss",cifar10,swin_tiny,training_sparse_testing_sparse/results/cifar10/swin_tiny/support_stages_2_blocks_2_total_windows_mean.pdf,training_sparse_testing_sparse/results/cifar10/swin_tiny/support_stages_2_blocks_2_total_windows_mean.csv,/ceph/sagnihot/projects/Lorena_Contrastive_Representation_Arch/sparse_contrast_benchmark_large_batch/outputs/figures/cifar10/swin_tiny/support_stages_2_blocks_2_total_windows_mean.pdf,/ceph/sagnihot/projects/Lorena_Contrastive_Representation_Arch/sparse_contrast_benchmark_large_batch/outputs/figures/cifar10/swin_tiny/support_stages_2_blocks_2_total_windows_mean.csv,fcd02f67da375117fbb04cb4e1cd3e774ea56422eeb96d1c6f0a16efc21cd71b,1021c693078a1e2cfd2e3b6acc59436c4f4782a96f672e2c04e829a64f385310,300,vector PDF; 300 dpi for rasterized content
training_sparse_testing_sparse,"Accuracy, robustness and loss",cifar10,swin_tiny,training_sparse_testing_sparse/results/cifar10/swin_tiny/support_stages_2_blocks_2_window_length_groups_mean.pdf,training_sparse_testing_sparse/results/cifar10/swin_tiny/support_stages_2_blocks_2_window_length_groups_mean.csv,/ceph/sagnihot/projects/Lorena_Contrastive_Representation_Arch/sparse_contrast_benchmark_large_batch/outputs/figures/cifar10/swin_tiny/support_stages_2_blocks_2_window_length_groups_mean.pdf,/ceph/sagnihot/projects/Lorena_Contrastive_Representation_Arch/sparse_contrast_benchmark_large_batch/outputs/figures/cifar10/swin_tiny/support_stages_2_blocks_2_window_length_groups_mean.csv,d4326fab429acd9186dfd405f11185f0706272cf0ee41741f80fc14f0293b8a4,85383cc5682caed8576fbd3c727f6a1e8c6f83e00b83a1755a315c39b1c6dcfe,300,vector PDF; 300 dpi for rasterized content
training_sparse_testing_sparse,"Accuracy, robustness and loss",cifar10,swin_tiny,training_sparse_testing_sparse/results/cifar10/swin_tiny/support_stages_2_blocks_2_window_lengths_mean.pdf,training_sparse_testing_sparse/results/cifar10/swin_tiny/support_stages_2_blocks_2_window_lengths_mean.csv,/ceph/sagnihot/projects/Lorena_Contrastive_Representation_Arch/sparse_contrast_benchmark_large_batch/outputs/figures/cifar10/swin_tiny/support_stages_2_blocks_2_window_lengths_mean.pdf,/ceph/sagnihot/projects/Lorena_Contrastive_Representation_Arch/sparse_contrast_benchmark_large_batch/outputs/figures/cifar10/swin_tiny/support_stages_2_blocks_2_window_lengths_mean.csv,c8589193c42a49ad9f21ab2fac73a605235dd7758f1c8d504d5c48f5ddd3baba,0b1023ac9141cf53250fd8e97f415107445cfb5e00e0e97e2175c4583d5c77e7,300,vector PDF; 300 dpi for rasterized content
training_sparse_testing_sparse,"Accuracy, robustness and loss",cifar10,swin_tiny,training_sparse_testing_sparse/results/cifar10/swin_tiny/support_stages_2_blocks_3_active_per_image_mean.pdf,training_sparse_testing_sparse/results/cifar10/swin_tiny/support_stages_2_blocks_3_active_per_image_mean.csv,/ceph/sagnihot/projects/Lorena_Contrastive_Representation_Arch/sparse_contrast_benchmark_large_batch/outputs/figures/cifar10/swin_tiny/support_stages_2_blocks_3_active_per_image_mean.pdf,/ceph/sagnihot/projects/Lorena_Contrastive_Representation_Arch/sparse_contrast_benchmark_large_batch/outputs/figures/cifar10/swin_tiny/support_stages_2_blocks_3_active_per_image_mean.csv,e58ad16aed089be0388f1c417124e7951d7fa4014c760a7a868c81412fa9b782,a7defabe81f4b7972368b97f65d4ff5b560749b8d4afa8c32294279d0581c0ef,300,vector PDF; 300 dpi for rasterized content
training_sparse_testing_sparse,"Accuracy, robustness and loss",cifar10,swin_tiny,training_sparse_testing_sparse/results/cifar10/swin_tiny/support_stages_2_blocks_3_active_windows_mean.pdf,training_sparse_testing_sparse/results/cifar10/swin_tiny/support_stages_2_blocks_3_active_windows_mean.csv,/ceph/sagnihot/projects/Lorena_Contrastive_Representation_Arch/sparse_contrast_benchmark_large_batch/outputs/figures/cifar10/swin_tiny/support_stages_2_blocks_3_active_windows_mean.pdf,/ceph/sagnihot/projects/Lorena_Contrastive_Representation_Arch/sparse_contrast_benchmark_large_batch/outputs/figures/cifar10/swin_tiny/support_stages_2_blocks_3_active_windows_mean.csv,7710f56dd9eee69344f2f1e8de89bf4a3ee6372d9b41aa707bc6f9a4b8cca807,44c0d7921ba1350adb80441bcd110c53240a8829f620e858f6fb1a9339138e8b,300,vector PDF; 300 dpi for rasterized content
training_sparse_testing_sparse,"Accuracy, robustness and loss",cifar10,swin_tiny,training_sparse_testing_sparse/results/cifar10/swin_tiny/support_stages_2_blocks_3_executed_attention_pairs_mean.pdf,training_sparse_testing_sparse/results/cifar10/swin_tiny/support_stages_2_blocks_3_executed_attention_pairs_mean.csv,/ceph/sagnihot/projects/Lorena_Contrastive_Representation_Arch/sparse_contrast_benchmark_large_batch/outputs/figures/cifar10/swin_tiny/support_stages_2_blocks_3_executed_attention_pairs_mean.pdf,/ceph/sagnihot/projects/Lorena_Contrastive_Representation_Arch/sparse_contrast_benchmark_large_batch/outputs/figures/cifar10/swin_tiny/support_stages_2_blocks_3_executed_attention_pairs_mean.csv,01cbace6d54d3b917af9f59a8046cc6c2f36b09a73b8c63db25231d99afcf72b,1542355cb3a86424e3a84878fe011e443d5e1d8a347dec64369010ad7355a451,300,vector PDF; 300 dpi for rasterized content
training_sparse_testing_sparse,"Accuracy, robustness and loss",cifar10,swin_tiny,training_sparse_testing_sparse/results/cifar10/swin_tiny/support_stages_2_blocks_3_executed_rows_mean.pdf,training_sparse_testing_sparse/results/cifar10/swin_tiny/support_stages_2_blocks_3_executed_rows_mean.csv,/ceph/sagnihot/projects/Lorena_Contrastive_Representation_Arch/sparse_contrast_benchmark_large_batch/outputs/figures/cifar10/swin_tiny/support_stages_2_blocks_3_executed_rows_mean.pdf,/ceph/sagnihot/projects/Lorena_Contrastive_Representation_Arch/sparse_contrast_benchmark_large_batch/outputs/figures/cifar10/swin_tiny/support_stages_2_blocks_3_executed_rows_mean.csv,60dd367bc0514c6119e3e857ebce905dc27662b1c13355ac4c82f480d412f5a1,750ee2d8878d0d37be7cb1265a6e48b66e5dffd3b3a5c45a04550e4b2a3c34a7,300,vector PDF; 300 dpi for rasterized content
training_sparse_testing_sparse,"Accuracy, robustness and loss",cifar10,swin_tiny,training_sparse_testing_sparse/results/cifar10/swin_tiny/support_stages_2_blocks_3_padding_rows_mean.pdf,training_sparse_testing_sparse/results/cifar10/swin_tiny/support_stages_2_blocks_3_padding_rows_mean.csv,/ceph/sagnihot/projects/Lorena_Contrastive_Representation_Arch/sparse_contrast_benchmark_large_batch/outputs/figures/cifar10/swin_tiny/support_stages_2_blocks_3_padding_rows_mean.pdf,/ceph/sagnihot/projects/Lorena_Contrastive_Representation_Arch/sparse_contrast_benchmark_large_batch/outputs/figures/cifar10/swin_tiny/support_stages_2_blocks_3_padding_rows_mean.csv,5ff4a0f10c521f24aeb78778d472b14336f3f8a9aa0dc015580410d2ad8ffccd,b7a3e83056bc2e50d1904ff6addd39a29391975b301702968a18bc93a9c5bacc,300,vector PDF; 300 dpi for rasterized content
training_sparse_testing_sparse,"Accuracy, robustness and loss",cifar10,swin_tiny,training_sparse_testing_sparse/results/cifar10/swin_tiny/support_stages_2_blocks_3_total_windows_mean.pdf,training_sparse_testing_sparse/results/cifar10/swin_tiny/support_stages_2_blocks_3_total_windows_mean.csv,/ceph/sagnihot/projects/Lorena_Contrastive_Representation_Arch/sparse_contrast_benchmark_large_batch/outputs/figures/cifar10/swin_tiny/support_stages_2_blocks_3_total_windows_mean.pdf,/ceph/sagnihot/projects/Lorena_Contrastive_Representation_Arch/sparse_contrast_benchmark_large_batch/outputs/figures/cifar10/swin_tiny/support_stages_2_blocks_3_total_windows_mean.csv,ee35b02a9881dbabcee36146a0bac96b689e17fcaa424afc2e304140daeeb35c,9a754862598fa31bc059efb04c1ccdfce6a8de578866369c84a19b1b24aa5717,300,vector PDF; 300 dpi for rasterized content
training_sparse_testing_sparse,"Accuracy, robustness and loss",cifar10,swin_tiny,training_sparse_testing_sparse/results/cifar10/swin_tiny/support_stages_2_blocks_3_window_length_groups_mean.pdf,training_sparse_testing_sparse/results/cifar10/swin_tiny/support_stages_2_blocks_3_window_length_groups_mean.csv,/ceph/sagnihot/projects/Lorena_Contrastive_Representation_Arch/sparse_contrast_benchmark_large_batch/outputs/figures/cifar10/swin_tiny/support_stages_2_blocks_3_window_length_groups_mean.pdf,/ceph/sagnihot/projects/Lorena_Contrastive_Representation_Arch/sparse_contrast_benchmark_large_batch/outputs/figures/cifar10/swin_tiny/support_stages_2_blocks_3_window_length_groups_mean.csv,d69ea75e9f0662508bc7f22d596701f52eb3885a73fbe2b00bfa8255e7fd7d7e,3ddadfbd94a829a41c992ec9b5b53ad605b7df739871627603d4c5bc4e072fd2,300,vector PDF; 300 dpi for rasterized content
training_sparse_testing_sparse,"Accuracy, robustness and loss",cifar10,swin_tiny,training_sparse_testing_sparse/results/cifar10/swin_tiny/support_stages_2_blocks_3_window_lengths_mean.pdf,training_sparse_testing_sparse/results/cifar10/swin_tiny/support_stages_2_blocks_3_window_lengths_mean.csv,/ceph/sagnihot/projects/Lorena_Contrastive_Representation_Arch/sparse_contrast_benchmark_large_batch/outputs/figures/cifar10/swin_tiny/support_stages_2_blocks_3_window_lengths_mean.pdf,/ceph/sagnihot/projects/Lorena_Contrastive_Representation_Arch/sparse_contrast_benchmark_large_batch/outputs/figures/cifar10/swin_tiny/support_stages_2_blocks_3_window_lengths_mean.csv,5c12b10eb0c20edab9643e2ff10afccefcdc0ac08c667f1de3ec18e6fecd1429,f14c2d2251fa8007b8ecbbddad495f7ee2481d5bd60593e5caab6e73feba71ee,300,vector PDF; 300 dpi for rasterized content
training_sparse_testing_sparse,"Accuracy, robustness and loss",cifar10,swin_tiny,training_sparse_testing_sparse/results/cifar10/swin_tiny/support_stages_2_blocks_4_active_per_image_mean.pdf,training_sparse_testing_sparse/results/cifar10/swin_tiny/support_stages_2_blocks_4_active_per_image_mean.csv,/ceph/sagnihot/projects/Lorena_Contrastive_Representation_Arch/sparse_contrast_benchmark_large_batch/outputs/figures/cifar10/swin_tiny/support_stages_2_blocks_4_active_per_image_mean.pdf,/ceph/sagnihot/projects/Lorena_Contrastive_Representation_Arch/sparse_contrast_benchmark_large_batch/outputs/figures/cifar10/swin_tiny/support_stages_2_blocks_4_active_per_image_mean.csv,d2fe4d0b7d041ed6efc6cacc65a332802d342c4152ba869da9dad6dec673ca67,36d8277ee3bedc9ace3a38afbc2e7e52bcdb7369add565c5206e46f0b5af0a57,300,vector PDF; 300 dpi for rasterized content
training_sparse_testing_sparse,"Accuracy, robustness and loss",cifar10,swin_tiny,training_sparse_testing_sparse/results/cifar10/swin_tiny/support_stages_2_blocks_4_active_windows_mean.pdf,training_sparse_testing_sparse/results/cifar10/swin_tiny/support_stages_2_blocks_4_active_windows_mean.csv,/ceph/sagnihot/projects/Lorena_Contrastive_Representation_Arch/sparse_contrast_benchmark_large_batch/outputs/figures/cifar10/swin_tiny/support_stages_2_blocks_4_active_windows_mean.pdf,/ceph/sagnihot/projects/Lorena_Contrastive_Representation_Arch/sparse_contrast_benchmark_large_batch/outputs/figures/cifar10/swin_tiny/support_stages_2_blocks_4_active_windows_mean.csv,ca9287d2ac97ca5cb9829c98cc629714f240d959526e02df2d04c657a531e0ca,b302c1b897928e0d45c59e2fa3a0988b8d0e07a929c65d9a68bfaa3d039370ae,300,vector PDF; 300 dpi for rasterized content
training_sparse_testing_sparse,"Accuracy, robustness and loss",cifar10,swin_tiny,training_sparse_testing_sparse/results/cifar10/swin_tiny/support_stages_2_blocks_4_executed_attention_pairs_mean.pdf,training_sparse_testing_sparse/results/cifar10/swin_tiny/support_stages_2_blocks_4_executed_attention_pairs_mean.csv,/ceph/sagnihot/projects/Lorena_Contrastive_Representation_Arch/sparse_contrast_benchmark_large_batch/outputs/figures/cifar10/swin_tiny/support_stages_2_blocks_4_executed_attention_pairs_mean.pdf,/ceph/sagnihot/projects/Lorena_Contrastive_Representation_Arch/sparse_contrast_benchmark_large_batch/outputs/figures/cifar10/swin_tiny/support_stages_2_blocks_4_executed_attention_pairs_mean.csv,a735504f62fd23982af12c6f6b5cc9c1d8ae2bc15c2fa38377efa62ce356513c,07a74c8cde6cdaa5803969fec96d7420454b948a897e7e947d05352b7c903ee9,300,vector PDF; 300 dpi for rasterized content
training_sparse_testing_sparse,"Accuracy, robustness and loss",cifar10,swin_tiny,training_sparse_testing_sparse/results/cifar10/swin_tiny/support_stages_2_blocks_4_executed_rows_mean.pdf,training_sparse_testing_sparse/results/cifar10/swin_tiny/support_stages_2_blocks_4_executed_rows_mean.csv,/ceph/sagnihot/projects/Lorena_Contrastive_Representation_Arch/sparse_contrast_benchmark_large_batch/outputs/figures/cifar10/swin_tiny/support_stages_2_blocks_4_executed_rows_mean.pdf,/ceph/sagnihot/projects/Lorena_Contrastive_Representation_Arch/sparse_contrast_benchmark_large_batch/outputs/figures/cifar10/swin_tiny/support_stages_2_blocks_4_executed_rows_mean.csv,1834a6568aa56fbfd817c88381b616fb5e2e77cdc29124a34c0d4cf793756274,5966fd1caf523e6528ceb8095cf937933ec97b58fd9741f636034befd1a4d46d,300,vector PDF; 300 dpi for rasterized content
training_sparse_testing_sparse,"Accuracy, robustness and loss",cifar10,swin_tiny,training_sparse_testing_sparse/results/cifar10/swin_tiny/support_stages_2_blocks_4_padding_rows_mean.pdf,training_sparse_testing_sparse/results/cifar10/swin_tiny/support_stages_2_blocks_4_padding_rows_mean.csv,/ceph/sagnihot/projects/Lorena_Contrastive_Representation_Arch/sparse_contrast_benchmark_large_batch/outputs/figures/cifar10/swin_tiny/support_stages_2_blocks_4_padding_rows_mean.pdf,/ceph/sagnihot/projects/Lorena_Contrastive_Representation_Arch/sparse_contrast_benchmark_large_batch/outputs/figures/cifar10/swin_tiny/support_stages_2_blocks_4_padding_rows_mean.csv,baaf9e18ffea10ab7d1bfb8787a2bad8f1401c7d668cdd8ba524136a32368a89,640c1198764b7e245375903648f145d8e34a6c99fe156027134e68f8eb506890,300,vector PDF; 300 dpi for rasterized content
training_sparse_testing_sparse,"Accuracy, robustness and loss",cifar10,swin_tiny,training_sparse_testing_sparse/results/cifar10/swin_tiny/support_stages_2_blocks_4_total_windows_mean.pdf,training_sparse_testing_sparse/results/cifar10/swin_tiny/support_stages_2_blocks_4_total_windows_mean.csv,/ceph/sagnihot/projects/Lorena_Contrastive_Representation_Arch/sparse_contrast_benchmark_large_batch/outputs/figures/cifar10/swin_tiny/support_stages_2_blocks_4_total_windows_mean.pdf,/ceph/sagnihot/projects/Lorena_Contrastive_Representation_Arch/sparse_contrast_benchmark_large_batch/outputs/figures/cifar10/swin_tiny/support_stages_2_blocks_4_total_windows_mean.csv,67bd0cab80858e610646b2db4a07ee935818b8c4d850685a2532207b0b45c775,8c590e51c926ac1af722b300e78c5dae4c286bb503f249c5d0044381d8ef31f4,300,vector PDF; 300 dpi for rasterized content
training_sparse_testing_sparse,"Accuracy, robustness and loss",cifar10,swin_tiny,training_sparse_testing_sparse/results/cifar10/swin_tiny/support_stages_2_blocks_4_window_length_groups_mean.pdf,training_sparse_testing_sparse/results/cifar10/swin_tiny/support_stages_2_blocks_4_window_length_groups_mean.csv,/ceph/sagnihot/projects/Lorena_Contrastive_Representation_Arch/sparse_contrast_benchmark_large_batch/outputs/figures/cifar10/swin_tiny/support_stages_2_blocks_4_window_length_groups_mean.pdf,/ceph/sagnihot/projects/Lorena_Contrastive_Representation_Arch/sparse_contrast_benchmark_large_batch/outputs/figures/cifar10/swin_tiny/support_stages_2_blocks_4_window_length_groups_mean.csv,e502788ce3e669b871c0025cab6d44661268f9b3a6b3d71c529d1bfa3031c032,014772880e2bbc4a85b144d6576541e8cc8030af5624384c67c4f476fade30f2,300,vector PDF; 300 dpi for rasterized content
training_sparse_testing_sparse,"Accuracy, robustness and loss",cifar10,swin_tiny,training_sparse_testing_sparse/results/cifar10/swin_tiny/support_stages_2_blocks_4_window_lengths_mean.pdf,training_sparse_testing_sparse/results/cifar10/swin_tiny/support_stages_2_blocks_4_window_lengths_mean.csv,/ceph/sagnihot/projects/Lorena_Contrastive_Representation_Arch/sparse_contrast_benchmark_large_batch/outputs/figures/cifar10/swin_tiny/support_stages_2_blocks_4_window_lengths_mean.pdf,/ceph/sagnihot/projects/Lorena_Contrastive_Representation_Arch/sparse_contrast_benchmark_large_batch/outputs/figures/cifar10/swin_tiny/support_stages_2_blocks_4_window_lengths_mean.csv,93a04ee1874875bffc85b80d83d36901f543917517d398be32a758e15b1fbc43,de0cb88ad03cd71a38f3e9d6044b198195aac24520fc1a26c7d9a0b67345f6ef,300,vector PDF; 300 dpi for rasterized content
training_sparse_testing_sparse,"Accuracy, robustness and loss",cifar10,swin_tiny,training_sparse_testing_sparse/results/cifar10/swin_tiny/support_stages_2_blocks_5_active_per_image_mean.pdf,training_sparse_testing_sparse/results/cifar10/swin_tiny/support_stages_2_blocks_5_active_per_image_mean.csv,/ceph/sagnihot/projects/Lorena_Contrastive_Representation_Arch/sparse_contrast_benchmark_large_batch/outputs/figures/cifar10/swin_tiny/support_stages_2_blocks_5_active_per_image_mean.pdf,/ceph/sagnihot/projects/Lorena_Contrastive_Representation_Arch/sparse_contrast_benchmark_large_batch/outputs/figures/cifar10/swin_tiny/support_stages_2_blocks_5_active_per_image_mean.csv,c038d3df8df2e28d9a93ff9d0d66d29b7c73ee10a95c6d8176f30d469a310423,a815bd270444c066414144312f64d7391c7c04a942d21782b65d55af8a5b120a,300,vector PDF; 300 dpi for rasterized content
training_sparse_testing_sparse,"Accuracy, robustness and loss",cifar10,swin_tiny,training_sparse_testing_sparse/results/cifar10/swin_tiny/support_stages_2_blocks_5_active_windows_mean.pdf,training_sparse_testing_sparse/results/cifar10/swin_tiny/support_stages_2_blocks_5_active_windows_mean.csv,/ceph/sagnihot/projects/Lorena_Contrastive_Representation_Arch/sparse_contrast_benchmark_large_batch/outputs/figures/cifar10/swin_tiny/support_stages_2_blocks_5_active_windows_mean.pdf,/ceph/sagnihot/projects/Lorena_Contrastive_Representation_Arch/sparse_contrast_benchmark_large_batch/outputs/figures/cifar10/swin_tiny/support_stages_2_blocks_5_active_windows_mean.csv,2d08993a476c9d91156695bdb1a7c6e81e928e5060fd5ac6fb9f7eae65111d17,aa4bac036cff4080bc7dc6889e5fd4c88b077d92a202c4cbca1b4efc701ae129,300,vector PDF; 300 dpi for rasterized content
training_sparse_testing_sparse,"Accuracy, robustness and loss",cifar10,swin_tiny,training_sparse_testing_sparse/results/cifar10/swin_tiny/support_stages_2_blocks_5_executed_attention_pairs_mean.pdf,training_sparse_testing_sparse/results/cifar10/swin_tiny/support_stages_2_blocks_5_executed_attention_pairs_mean.csv,/ceph/sagnihot/projects/Lorena_Contrastive_Representation_Arch/sparse_contrast_benchmark_large_batch/outputs/figures/cifar10/swin_tiny/support_stages_2_blocks_5_executed_attention_pairs_mean.pdf,/ceph/sagnihot/projects/Lorena_Contrastive_Representation_Arch/sparse_contrast_benchmark_large_batch/outputs/figures/cifar10/swin_tiny/support_stages_2_blocks_5_executed_attention_pairs_mean.csv,91c0cca8ebce2aac83f2b5805d545dbe3e35ff8bcda6bfd90af9aa73f87f4e81,bfe4a667b287b91fa3ea550d9ac3f53ff3fb623ac2ed4bee7f491255ccc500da,300,vector PDF; 300 dpi for rasterized content
training_sparse_testing_sparse,"Accuracy, robustness and loss",cifar10,swin_tiny,training_sparse_testing_sparse/results/cifar10/swin_tiny/support_stages_2_blocks_5_executed_rows_mean.pdf,training_sparse_testing_sparse/results/cifar10/swin_tiny/support_stages_2_blocks_5_executed_rows_mean.csv,/ceph/sagnihot/projects/Lorena_Contrastive_Representation_Arch/sparse_contrast_benchmark_large_batch/outputs/figures/cifar10/swin_tiny/support_stages_2_blocks_5_executed_rows_mean.pdf,/ceph/sagnihot/projects/Lorena_Contrastive_Representation_Arch/sparse_contrast_benchmark_large_batch/outputs/figures/cifar10/swin_tiny/support_stages_2_blocks_5_executed_rows_mean.csv,d8f10f002cb4179280c8dd75f2880fa4c01ddb7896d22995c09d00d45ef3ac01,26ff867cd636d43700436509cf4bc2caaf6260616f57eeef679f14200b478cd6,300,vector PDF; 300 dpi for rasterized content
training_sparse_testing_sparse,"Accuracy, robustness and loss",cifar10,swin_tiny,training_sparse_testing_sparse/results/cifar10/swin_tiny/support_stages_2_blocks_5_padding_rows_mean.pdf,training_sparse_testing_sparse/results/cifar10/swin_tiny/support_stages_2_blocks_5_padding_rows_mean.csv,/ceph/sagnihot/projects/Lorena_Contrastive_Representation_Arch/sparse_contrast_benchmark_large_batch/outputs/figures/cifar10/swin_tiny/support_stages_2_blocks_5_padding_rows_mean.pdf,/ceph/sagnihot/projects/Lorena_Contrastive_Representation_Arch/sparse_contrast_benchmark_large_batch/outputs/figures/cifar10/swin_tiny/support_stages_2_blocks_5_padding_rows_mean.csv,431ffee8c074d1336ec177356b381790ee4259e7111baaeefcf970b516ae720b,66d50c031c7933b6dfac01e56f79c655314f5c589caefa22c2bfe2b3b722928f,300,vector PDF; 300 dpi for rasterized content
training_sparse_testing_sparse,"Accuracy, robustness and loss",cifar10,swin_tiny,training_sparse_testing_sparse/results/cifar10/swin_tiny/support_stages_2_blocks_5_total_windows_mean.pdf,training_sparse_testing_sparse/results/cifar10/swin_tiny/support_stages_2_blocks_5_total_windows_mean.csv,/ceph/sagnihot/projects/Lorena_Contrastive_Representation_Arch/sparse_contrast_benchmark_large_batch/outputs/figures/cifar10/swin_tiny/support_stages_2_blocks_5_total_windows_mean.pdf,/ceph/sagnihot/projects/Lorena_Contrastive_Representation_Arch/sparse_contrast_benchmark_large_batch/outputs/figures/cifar10/swin_tiny/support_stages_2_blocks_5_total_windows_mean.csv,c4ec9ab4d12400e819900d08fb2d9e473a9f0e6a6a41ecffce498e9a76076c62,b68ace019a1732a85a643156ab9bde2915cbf4fda505288205ec58d6e89c8cc7,300,vector PDF; 300 dpi for rasterized content
training_sparse_testing_sparse,"Accuracy, robustness and loss",cifar10,swin_tiny,training_sparse_testing_sparse/results/cifar10/swin_tiny/support_stages_2_blocks_5_window_length_groups_mean.pdf,training_sparse_testing_sparse/results/cifar10/swin_tiny/support_stages_2_blocks_5_window_length_groups_mean.csv,/ceph/sagnihot/projects/Lorena_Contrastive_Representation_Arch/sparse_contrast_benchmark_large_batch/outputs/figures/cifar10/swin_tiny/support_stages_2_blocks_5_window_length_groups_mean.pdf,/ceph/sagnihot/projects/Lorena_Contrastive_Representation_Arch/sparse_contrast_benchmark_large_batch/outputs/figures/cifar10/swin_tiny/support_stages_2_blocks_5_window_length_groups_mean.csv,3eeec3917a96d3f4e484a470f6399ab72a4d019c16bfd785e672714f983a9622,50fffc604e42fe8afc83719292b866a2cb81d2c3e7391b0e55dea7bfd08e6e10,300,vector PDF; 300 dpi for rasterized content
training_sparse_testing_sparse,"Accuracy, robustness and loss",cifar10,swin_tiny,training_sparse_testing_sparse/results/cifar10/swin_tiny/support_stages_2_blocks_5_window_lengths_mean.pdf,training_sparse_testing_sparse/results/cifar10/swin_tiny/support_stages_2_blocks_5_window_lengths_mean.csv,/ceph/sagnihot/projects/Lorena_Contrastive_Representation_Arch/sparse_contrast_benchmark_large_batch/outputs/figures/cifar10/swin_tiny/support_stages_2_blocks_5_window_lengths_mean.pdf,/ceph/sagnihot/projects/Lorena_Contrastive_Representation_Arch/sparse_contrast_benchmark_large_batch/outputs/figures/cifar10/swin_tiny/support_stages_2_blocks_5_window_lengths_mean.csv,9ac1ca47617792425ccf3ac1103c1004f6b6d33bc73d25b1c46772b02667ae68,d6f2de0584cdda4a432a83613ee3d1bf8d3a85eeb067388e1910fb7670a6335c,300,vector PDF; 300 dpi for rasterized content
training_sparse_testing_sparse,"Accuracy, robustness and loss",cifar10,swin_tiny,training_sparse_testing_sparse/results/cifar10/swin_tiny/support_stages_3_blocks_0_active_per_image_mean.pdf,training_sparse_testing_sparse/results/cifar10/swin_tiny/support_stages_3_blocks_0_active_per_image_mean.csv,/ceph/sagnihot/projects/Lorena_Contrastive_Representation_Arch/sparse_contrast_benchmark_large_batch/outputs/figures/cifar10/swin_tiny/support_stages_3_blocks_0_active_per_image_mean.pdf,/ceph/sagnihot/projects/Lorena_Contrastive_Representation_Arch/sparse_contrast_benchmark_large_batch/outputs/figures/cifar10/swin_tiny/support_stages_3_blocks_0_active_per_image_mean.csv,b396b5113a200b7e2b13c34e07b02b7aff1bb2c5d74cdf3be3f063d48db06b20,512e07c660bc22be1b200e51efa555d37ef33d7c47a2720cc253c63c2a847b47,300,vector PDF; 300 dpi for rasterized content
training_sparse_testing_sparse,"Accuracy, robustness and loss",cifar10,swin_tiny,training_sparse_testing_sparse/results/cifar10/swin_tiny/support_stages_3_blocks_0_active_windows_mean.pdf,training_sparse_testing_sparse/results/cifar10/swin_tiny/support_stages_3_blocks_0_active_windows_mean.csv,/ceph/sagnihot/projects/Lorena_Contrastive_Representation_Arch/sparse_contrast_benchmark_large_batch/outputs/figures/cifar10/swin_tiny/support_stages_3_blocks_0_active_windows_mean.pdf,/ceph/sagnihot/projects/Lorena_Contrastive_Representation_Arch/sparse_contrast_benchmark_large_batch/outputs/figures/cifar10/swin_tiny/support_stages_3_blocks_0_active_windows_mean.csv,eea47df5bc96bf4e51a6c851462feb6ec489e86c4087fac2fd35a315b72c5b09,bff4bcdb4f307324cb4b8fdd2043abf03eb95ff7d3fcb5c50c7860022e75496c,300,vector PDF; 300 dpi for rasterized content
training_sparse_testing_sparse,"Accuracy, robustness and loss",cifar10,swin_tiny,training_sparse_testing_sparse/results/cifar10/swin_tiny/support_stages_3_blocks_0_executed_attention_pairs_mean.pdf,training_sparse_testing_sparse/results/cifar10/swin_tiny/support_stages_3_blocks_0_executed_attention_pairs_mean.csv,/ceph/sagnihot/projects/Lorena_Contrastive_Representation_Arch/sparse_contrast_benchmark_large_batch/outputs/figures/cifar10/swin_tiny/support_stages_3_blocks_0_executed_attention_pairs_mean.pdf,/ceph/sagnihot/projects/Lorena_Contrastive_Representation_Arch/sparse_contrast_benchmark_large_batch/outputs/figures/cifar10/swin_tiny/support_stages_3_blocks_0_executed_attention_pairs_mean.csv,2f6fea04d5a3005a8a252b74db812fb436354ac85efeba008f4f7876ee04ff69,5f5933fbafbe591ae2451b4a6667daa02a3c2fc0dfff111618e435d16beeea46,300,vector PDF; 300 dpi for rasterized content
training_sparse_testing_sparse,"Accuracy, robustness and loss",cifar10,swin_tiny,training_sparse_testing_sparse/results/cifar10/swin_tiny/support_stages_3_blocks_0_executed_rows_mean.pdf,training_sparse_testing_sparse/results/cifar10/swin_tiny/support_stages_3_blocks_0_executed_rows_mean.csv,/ceph/sagnihot/projects/Lorena_Contrastive_Representation_Arch/sparse_contrast_benchmark_large_batch/outputs/figures/cifar10/swin_tiny/support_stages_3_blocks_0_executed_rows_mean.pdf,/ceph/sagnihot/projects/Lorena_Contrastive_Representation_Arch/sparse_contrast_benchmark_large_batch/outputs/figures/cifar10/swin_tiny/support_stages_3_blocks_0_executed_rows_mean.csv,397bc1c45f8eb7fd7b0c678107668534e30732fe012e6def2324377ad0b72ed4,280811bd14164461977a3e45804390defd5bd412c4a5e49c56b095f6d20f4512,300,vector PDF; 300 dpi for rasterized content
training_sparse_testing_sparse,"Accuracy, robustness and loss",cifar10,swin_tiny,training_sparse_testing_sparse/results/cifar10/swin_tiny/support_stages_3_blocks_0_padding_rows_mean.pdf,training_sparse_testing_sparse/results/cifar10/swin_tiny/support_stages_3_blocks_0_padding_rows_mean.csv,/ceph/sagnihot/projects/Lorena_Contrastive_Representation_Arch/sparse_contrast_benchmark_large_batch/outputs/figures/cifar10/swin_tiny/support_stages_3_blocks_0_padding_rows_mean.pdf,/ceph/sagnihot/projects/Lorena_Contrastive_Representation_Arch/sparse_contrast_benchmark_large_batch/outputs/figures/cifar10/swin_tiny/support_stages_3_blocks_0_padding_rows_mean.csv,8df1392e23d13c06f27c1af92a8c6382267f40ede18e44cf848acb2c3552d154,021dde2bdc2bb3d4f9a11b146f68ede9ef3258b62842abbcd96c83fbcf528c6b,300,vector PDF; 300 dpi for rasterized content
training_sparse_testing_sparse,"Accuracy, robustness and loss",cifar10,swin_tiny,training_sparse_testing_sparse/results/cifar10/swin_tiny/support_stages_3_blocks_0_total_windows_mean.pdf,training_sparse_testing_sparse/results/cifar10/swin_tiny/support_stages_3_blocks_0_total_windows_mean.csv,/ceph/sagnihot/projects/Lorena_Contrastive_Representation_Arch/sparse_contrast_benchmark_large_batch/outputs/figures/cifar10/swin_tiny/support_stages_3_blocks_0_total_windows_mean.pdf,/ceph/sagnihot/projects/Lorena_Contrastive_Representation_Arch/sparse_contrast_benchmark_large_batch/outputs/figures/cifar10/swin_tiny/support_stages_3_blocks_0_total_windows_mean.csv,9cc81e16d3e5f544eef1fc9999f413c6e73f0e6ecef611008bf01f82d2f81ff9,66ee7e2da0946ab31ed463368dfd34e2585bfa8b3139a17bd67b19a61314d20e,300,vector PDF; 300 dpi for rasterized content
training_sparse_testing_sparse,"Accuracy, robustness and loss",cifar10,swin_tiny,training_sparse_testing_sparse/results/cifar10/swin_tiny/support_stages_3_blocks_0_window_length_groups_mean.pdf,training_sparse_testing_sparse/results/cifar10/swin_tiny/support_stages_3_blocks_0_window_length_groups_mean.csv,/ceph/sagnihot/projects/Lorena_Contrastive_Representation_Arch/sparse_contrast_benchmark_large_batch/outputs/figures/cifar10/swin_tiny/support_stages_3_blocks_0_window_length_groups_mean.pdf,/ceph/sagnihot/projects/Lorena_Contrastive_Representation_Arch/sparse_contrast_benchmark_large_batch/outputs/figures/cifar10/swin_tiny/support_stages_3_blocks_0_window_length_groups_mean.csv,cffef563f299e7106b3de94b9265fa390d8e7ed4b5d8a4f1ff97098987c953b6,c0a4a513f0019ee199749e8f60dca9a8eb7e0cf54cec618808ff1672c50fb1dc,300,vector PDF; 300 dpi for rasterized content
training_sparse_testing_sparse,"Accuracy, robustness and loss",cifar10,swin_tiny,training_sparse_testing_sparse/results/cifar10/swin_tiny/support_stages_3_blocks_0_window_lengths_mean.pdf,training_sparse_testing_sparse/results/cifar10/swin_tiny/support_stages_3_blocks_0_window_lengths_mean.csv,/ceph/sagnihot/projects/Lorena_Contrastive_Representation_Arch/sparse_contrast_benchmark_large_batch/outputs/figures/cifar10/swin_tiny/support_stages_3_blocks_0_window_lengths_mean.pdf,/ceph/sagnihot/projects/Lorena_Contrastive_Representation_Arch/sparse_contrast_benchmark_large_batch/outputs/figures/cifar10/swin_tiny/support_stages_3_blocks_0_window_lengths_mean.csv,99b00f258dce72121e9e6d214c1ef2ce564706a0a6cf72ac059546e15f9dc934,da33822387110806492e213b79ddc5e3dfca2d9b6e5cc78cf6d7cbc6d8e86ec8,300,vector PDF; 300 dpi for rasterized content
training_sparse_testing_sparse,"Accuracy, robustness and loss",cifar10,swin_tiny,training_sparse_testing_sparse/results/cifar10/swin_tiny/support_stages_3_blocks_1_active_per_image_mean.pdf,training_sparse_testing_sparse/results/cifar10/swin_tiny/support_stages_3_blocks_1_active_per_image_mean.csv,/ceph/sagnihot/projects/Lorena_Contrastive_Representation_Arch/sparse_contrast_benchmark_large_batch/outputs/figures/cifar10/swin_tiny/support_stages_3_blocks_1_active_per_image_mean.pdf,/ceph/sagnihot/projects/Lorena_Contrastive_Representation_Arch/sparse_contrast_benchmark_large_batch/outputs/figures/cifar10/swin_tiny/support_stages_3_blocks_1_active_per_image_mean.csv,18f6b27ad40aae19d6ef91759761ece6581c12622255b816eb3c7fba5485e330,d2c93ddad408ed84baa834899f6e37c6f49d01c36e817c75f2f8f5f975076ff7,300,vector PDF; 300 dpi for rasterized content
training_sparse_testing_sparse,"Accuracy, robustness and loss",cifar10,swin_tiny,training_sparse_testing_sparse/results/cifar10/swin_tiny/support_stages_3_blocks_1_active_windows_mean.pdf,training_sparse_testing_sparse/results/cifar10/swin_tiny/support_stages_3_blocks_1_active_windows_mean.csv,/ceph/sagnihot/projects/Lorena_Contrastive_Representation_Arch/sparse_contrast_benchmark_large_batch/outputs/figures/cifar10/swin_tiny/support_stages_3_blocks_1_active_windows_mean.pdf,/ceph/sagnihot/projects/Lorena_Contrastive_Representation_Arch/sparse_contrast_benchmark_large_batch/outputs/figures/cifar10/swin_tiny/support_stages_3_blocks_1_active_windows_mean.csv,5e7db30280ba155865e8fd37b11045b381213d2cbb4ec0432b371a8e5cd9ee97,3189f8b893f17e0203936091662541266ec13369c5c9aa1c342e60a13efe251f,300,vector PDF; 300 dpi for rasterized content
training_sparse_testing_sparse,"Accuracy, robustness and loss",cifar10,swin_tiny,training_sparse_testing_sparse/results/cifar10/swin_tiny/support_stages_3_blocks_1_executed_attention_pairs_mean.pdf,training_sparse_testing_sparse/results/cifar10/swin_tiny/support_stages_3_blocks_1_executed_attention_pairs_mean.csv,/ceph/sagnihot/projects/Lorena_Contrastive_Representation_Arch/sparse_contrast_benchmark_large_batch/outputs/figures/cifar10/swin_tiny/support_stages_3_blocks_1_executed_attention_pairs_mean.pdf,/ceph/sagnihot/projects/Lorena_Contrastive_Representation_Arch/sparse_contrast_benchmark_large_batch/outputs/figures/cifar10/swin_tiny/support_stages_3_blocks_1_executed_attention_pairs_mean.csv,48e4103f974fd784e2010329ad8f4501d52c5bd2901a01174b6cd15c86966e5d,00aed6bf6284ad92e5e11b6974beac9a5d7554a10a8e3627408a4d25938c63f4,300,vector PDF; 300 dpi for rasterized content
training_sparse_testing_sparse,"Accuracy, robustness and loss",cifar10,swin_tiny,training_sparse_testing_sparse/results/cifar10/swin_tiny/support_stages_3_blocks_1_executed_rows_mean.pdf,training_sparse_testing_sparse/results/cifar10/swin_tiny/support_stages_3_blocks_1_executed_rows_mean.csv,/ceph/sagnihot/projects/Lorena_Contrastive_Representation_Arch/sparse_contrast_benchmark_large_batch/outputs/figures/cifar10/swin_tiny/support_stages_3_blocks_1_executed_rows_mean.pdf,/ceph/sagnihot/projects/Lorena_Contrastive_Representation_Arch/sparse_contrast_benchmark_large_batch/outputs/figures/cifar10/swin_tiny/support_stages_3_blocks_1_executed_rows_mean.csv,05c1289893492746eb2115bb22ee331583e16a035a676fe969947bfdabb8c788,be98725ac6abbcf69b5a38f3ca3f106f1305dcbed7345a793caefaf59237884b,300,vector PDF; 300 dpi for rasterized content
training_sparse_testing_sparse,"Accuracy, robustness and loss",cifar10,swin_tiny,training_sparse_testing_sparse/results/cifar10/swin_tiny/support_stages_3_blocks_1_padding_rows_mean.pdf,training_sparse_testing_sparse/results/cifar10/swin_tiny/support_stages_3_blocks_1_padding_rows_mean.csv,/ceph/sagnihot/projects/Lorena_Contrastive_Representation_Arch/sparse_contrast_benchmark_large_batch/outputs/figures/cifar10/swin_tiny/support_stages_3_blocks_1_padding_rows_mean.pdf,/ceph/sagnihot/projects/Lorena_Contrastive_Representation_Arch/sparse_contrast_benchmark_large_batch/outputs/figures/cifar10/swin_tiny/support_stages_3_blocks_1_padding_rows_mean.csv,e0af5712a5ce801b6545854b446da447b134968fda1bb7c0f9472747f751dbd6,0facb2e9dd8db49f2bfc013e04dcb944d9f0ebef6917bb431c13495978f8abfa,300,vector PDF; 300 dpi for rasterized content
training_sparse_testing_sparse,"Accuracy, robustness and loss",cifar10,swin_tiny,training_sparse_testing_sparse/results/cifar10/swin_tiny/support_stages_3_blocks_1_total_windows_mean.pdf,training_sparse_testing_sparse/results/cifar10/swin_tiny/support_stages_3_blocks_1_total_windows_mean.csv,/ceph/sagnihot/projects/Lorena_Contrastive_Representation_Arch/sparse_contrast_benchmark_large_batch/outputs/figures/cifar10/swin_tiny/support_stages_3_blocks_1_total_windows_mean.pdf,/ceph/sagnihot/projects/Lorena_Contrastive_Representation_Arch/sparse_contrast_benchmark_large_batch/outputs/figures/cifar10/swin_tiny/support_stages_3_blocks_1_total_windows_mean.csv,3d931482adec5a2a7d23754bbcec016f4bfc18a21b4c239a87c5dafd4f2c771c,1276aae9b27a35d6d34e65f00c8592b7c6852c788f345fc9f6dfba7f5dc8a381,300,vector PDF; 300 dpi for rasterized content
training_sparse_testing_sparse,"Accuracy, robustness and loss",cifar10,swin_tiny,training_sparse_testing_sparse/results/cifar10/swin_tiny/support_stages_3_blocks_1_window_length_groups_mean.pdf,training_sparse_testing_sparse/results/cifar10/swin_tiny/support_stages_3_blocks_1_window_length_groups_mean.csv,/ceph/sagnihot/projects/Lorena_Contrastive_Representation_Arch/sparse_contrast_benchmark_large_batch/outputs/figures/cifar10/swin_tiny/support_stages_3_blocks_1_window_length_groups_mean.pdf,/ceph/sagnihot/projects/Lorena_Contrastive_Representation_Arch/sparse_contrast_benchmark_large_batch/outputs/figures/cifar10/swin_tiny/support_stages_3_blocks_1_window_length_groups_mean.csv,04b0a9ab124c708f68218ff078211b664b027865ed442c0a48df1f60fb3ce2df,f2b91b1c85ddae132260a2054a26376bb5db6915c6fb4b92697797deaa36f636,300,vector PDF; 300 dpi for rasterized content
training_sparse_testing_sparse,"Accuracy, robustness and loss",cifar10,swin_tiny,training_sparse_testing_sparse/results/cifar10/swin_tiny/support_stages_3_blocks_1_window_lengths_mean.pdf,training_sparse_testing_sparse/results/cifar10/swin_tiny/support_stages_3_blocks_1_window_lengths_mean.csv,/ceph/sagnihot/projects/Lorena_Contrastive_Representation_Arch/sparse_contrast_benchmark_large_batch/outputs/figures/cifar10/swin_tiny/support_stages_3_blocks_1_window_lengths_mean.pdf,/ceph/sagnihot/projects/Lorena_Contrastive_Representation_Arch/sparse_contrast_benchmark_large_batch/outputs/figures/cifar10/swin_tiny/support_stages_3_blocks_1_window_lengths_mean.csv,0bfdf60ab789b836c93ac93319a88c0a261df2ed5161aeb74b0c2cefee907d85,01814cfb70f6d8bd3bda29c0e5c5958a686fddd70d6979b4caf2b6654a1d8d4f,300,vector PDF; 300 dpi for rasterized content
training_sparse_testing_sparse,Accuracy and robustness versus latency,cifar10,swin_tiny,training_sparse_testing_sparse/results/cifar10/swin_tiny/tradeoff_clean_accuracy_gpu_raw_to_logits_b1_balanced_corruption_4ba79ef9f76f.pdf,training_sparse_testing_sparse/results/cifar10/swin_tiny/tradeoff_clean_accuracy_gpu_raw_to_logits_b1_balanced_corruption_4ba79ef9f76f.csv,/ceph/sagnihot/projects/Lorena_Contrastive_Representation_Arch/sparse_contrast_benchmark_large_batch/outputs/figures/cifar10/swin_tiny/tradeoff_clean_accuracy_gpu_raw_to_logits_b1_balanced_corruption_4ba79ef9f76f.pdf,/ceph/sagnihot/projects/Lorena_Contrastive_Representation_Arch/sparse_contrast_benchmark_large_batch/outputs/figures/cifar10/swin_tiny/tradeoff_clean_accuracy_gpu_raw_to_logits_b1_balanced_corruption_4ba79ef9f76f.csv,b0521d59a5d8012899d730f764e99e682b95f485b31340e1a0b34393da348ba1,3d356b6787ff29b582bfe2ce7d0234842a95594c75e46047ffed7e68e456fd99,300,vector PDF; 300 dpi for rasterized content
training_sparse_testing_sparse,Accuracy and robustness versus latency,cifar10,swin_tiny,training_sparse_testing_sparse/results/cifar10/swin_tiny/tradeoff_clean_accuracy_gpu_raw_to_logits_b1_clean_4ba79ef9f76f.pdf,training_sparse_testing_sparse/results/cifar10/swin_tiny/tradeoff_clean_accuracy_gpu_raw_to_logits_b1_clean_4ba79ef9f76f.csv,/ceph/sagnihot/projects/Lorena_Contrastive_Representation_Arch/sparse_contrast_benchmark_large_batch/outputs/figures/cifar10/swin_tiny/tradeoff_clean_accuracy_gpu_raw_to_logits_b1_clean_4ba79ef9f76f.pdf,/ceph/sagnihot/projects/Lorena_Contrastive_Representation_Arch/sparse_contrast_benchmark_large_batch/outputs/figures/cifar10/swin_tiny/tradeoff_clean_accuracy_gpu_raw_to_logits_b1_clean_4ba79ef9f76f.csv,d1f6daf975526d1661b8e5b638c2cca1d87142aae528be0d0f38f6d6384287d5,a6e6c376c1cebb618aecdb725aed62d9ded515ffcfb9a84853ebefda47cdb417,300,vector PDF; 300 dpi for rasterized content
training_sparse_testing_sparse,Accuracy and robustness versus latency,cifar10,swin_tiny,training_sparse_testing_sparse/results/cifar10/swin_tiny/tradeoff_clean_accuracy_gpu_raw_to_logits_b8_balanced_corruption_4ba79ef9f76f.pdf,training_sparse_testing_sparse/results/cifar10/swin_tiny/tradeoff_clean_accuracy_gpu_raw_to_logits_b8_balanced_corruption_4ba79ef9f76f.csv,/ceph/sagnihot/projects/Lorena_Contrastive_Representation_Arch/sparse_contrast_benchmark_large_batch/outputs/figures/cifar10/swin_tiny/tradeoff_clean_accuracy_gpu_raw_to_logits_b8_balanced_corruption_4ba79ef9f76f.pdf,/ceph/sagnihot/projects/Lorena_Contrastive_Representation_Arch/sparse_contrast_benchmark_large_batch/outputs/figures/cifar10/swin_tiny/tradeoff_clean_accuracy_gpu_raw_to_logits_b8_balanced_corruption_4ba79ef9f76f.csv,9281cb6205f225025bdef8d14f5e81a99d95ce995e56d13efffb144514dbbae3,aee036fdb78039c6029e580c9b15032da5278ce920c973f2431ae5bc13e537b3,300,vector PDF; 300 dpi for rasterized content
training_sparse_testing_sparse,Accuracy and robustness versus latency,cifar10,swin_tiny,training_sparse_testing_sparse/results/cifar10/swin_tiny/tradeoff_clean_accuracy_gpu_raw_to_logits_b8_clean_4ba79ef9f76f.pdf,training_sparse_testing_sparse/results/cifar10/swin_tiny/tradeoff_clean_accuracy_gpu_raw_to_logits_b8_clean_4ba79ef9f76f.csv,/ceph/sagnihot/projects/Lorena_Contrastive_Representation_Arch/sparse_contrast_benchmark_large_batch/outputs/figures/cifar10/swin_tiny/tradeoff_clean_accuracy_gpu_raw_to_logits_b8_clean_4ba79ef9f76f.pdf,/ceph/sagnihot/projects/Lorena_Contrastive_Representation_Arch/sparse_contrast_benchmark_large_batch/outputs/figures/cifar10/swin_tiny/tradeoff_clean_accuracy_gpu_raw_to_logits_b8_clean_4ba79ef9f76f.csv,e411730435097d498c9233c59153391ffdcf5918f963331623a72fe8d99ee736,a714151640f038254fa1a08bd46157ff4eae632f871afc43a47b65b6c6431070,300,vector PDF; 300 dpi for rasterized content
training_sparse_testing_sparse,Accuracy and robustness versus latency,cifar10,swin_tiny,training_sparse_testing_sparse/results/cifar10/swin_tiny/tradeoff_clean_accuracy_host_raw_to_logits_b1_balanced_corruption_4ba79ef9f76f.pdf,training_sparse_testing_sparse/results/cifar10/swin_tiny/tradeoff_clean_accuracy_host_raw_to_logits_b1_balanced_corruption_4ba79ef9f76f.csv,/ceph/sagnihot/projects/Lorena_Contrastive_Representation_Arch/sparse_contrast_benchmark_large_batch/outputs/figures/cifar10/swin_tiny/tradeoff_clean_accuracy_host_raw_to_logits_b1_balanced_corruption_4ba79ef9f76f.pdf,/ceph/sagnihot/projects/Lorena_Contrastive_Representation_Arch/sparse_contrast_benchmark_large_batch/outputs/figures/cifar10/swin_tiny/tradeoff_clean_accuracy_host_raw_to_logits_b1_balanced_corruption_4ba79ef9f76f.csv,575ad4fec762f864de351b5ba41187ba074af31c2bd8dea1f9115eea82595552,0f17a71debecc5cd7a6ef53ddab2efd966d05c1b2baadcd2eacd38f2545c241e,300,vector PDF; 300 dpi for rasterized content
training_sparse_testing_sparse,Accuracy and robustness versus latency,cifar10,swin_tiny,training_sparse_testing_sparse/results/cifar10/swin_tiny/tradeoff_clean_accuracy_host_raw_to_logits_b1_clean_4ba79ef9f76f.pdf,training_sparse_testing_sparse/results/cifar10/swin_tiny/tradeoff_clean_accuracy_host_raw_to_logits_b1_clean_4ba79ef9f76f.csv,/ceph/sagnihot/projects/Lorena_Contrastive_Representation_Arch/sparse_contrast_benchmark_large_batch/outputs/figures/cifar10/swin_tiny/tradeoff_clean_accuracy_host_raw_to_logits_b1_clean_4ba79ef9f76f.pdf,/ceph/sagnihot/projects/Lorena_Contrastive_Representation_Arch/sparse_contrast_benchmark_large_batch/outputs/figures/cifar10/swin_tiny/tradeoff_clean_accuracy_host_raw_to_logits_b1_clean_4ba79ef9f76f.csv,e490db0eadf3c3b47b8f5cefbbfa3a212c6c80513dee9dafc48abfcd1564e79d,3e6273656fae178fbc0839e93a8fee6d3bff55487f42e3c6853c3b039b8aa204,300,vector PDF; 300 dpi for rasterized content
training_sparse_testing_sparse,Accuracy and robustness versus latency,cifar10,swin_tiny,training_sparse_testing_sparse/results/cifar10/swin_tiny/tradeoff_clean_accuracy_host_raw_to_logits_b8_balanced_corruption_4ba79ef9f76f.pdf,training_sparse_testing_sparse/results/cifar10/swin_tiny/tradeoff_clean_accuracy_host_raw_to_logits_b8_balanced_corruption_4ba79ef9f76f.csv,/ceph/sagnihot/projects/Lorena_Contrastive_Representation_Arch/sparse_contrast_benchmark_large_batch/outputs/figures/cifar10/swin_tiny/tradeoff_clean_accuracy_host_raw_to_logits_b8_balanced_corruption_4ba79ef9f76f.pdf,/ceph/sagnihot/projects/Lorena_Contrastive_Representation_Arch/sparse_contrast_benchmark_large_batch/outputs/figures/cifar10/swin_tiny/tradeoff_clean_accuracy_host_raw_to_logits_b8_balanced_corruption_4ba79ef9f76f.csv,c99da1e3995f4fc3a50e73263c63066e6bd56ae37ad07922f3000ab6d77cd560,84d6be375e99e8cfa1e4221beef4f89842ed5bcf3806a09cbc6517723971c88d,300,vector PDF; 300 dpi for rasterized content
training_sparse_testing_sparse,Accuracy and robustness versus latency,cifar10,swin_tiny,training_sparse_testing_sparse/results/cifar10/swin_tiny/tradeoff_clean_accuracy_host_raw_to_logits_b8_clean_4ba79ef9f76f.pdf,training_sparse_testing_sparse/results/cifar10/swin_tiny/tradeoff_clean_accuracy_host_raw_to_logits_b8_clean_4ba79ef9f76f.csv,/ceph/sagnihot/projects/Lorena_Contrastive_Representation_Arch/sparse_contrast_benchmark_large_batch/outputs/figures/cifar10/swin_tiny/tradeoff_clean_accuracy_host_raw_to_logits_b8_clean_4ba79ef9f76f.pdf,/ceph/sagnihot/projects/Lorena_Contrastive_Representation_Arch/sparse_contrast_benchmark_large_batch/outputs/figures/cifar10/swin_tiny/tradeoff_clean_accuracy_host_raw_to_logits_b8_clean_4ba79ef9f76f.csv,07aab57d7f4638ac535dedff86d7ff3ee1ea05e18becf39976b093ff29bd9391,36cdc0f897881cf137b32a83fa1b8a8b013babfb70c557f660d56904fad208f9,300,vector PDF; 300 dpi for rasterized content
training_sparse_testing_sparse,Accuracy and robustness versus latency,cifar10,swin_tiny,training_sparse_testing_sparse/results/cifar10/swin_tiny/tradeoff_mCE_raw_gpu_raw_to_logits_b1_balanced_corruption_4ba79ef9f76f.pdf,training_sparse_testing_sparse/results/cifar10/swin_tiny/tradeoff_mCE_raw_gpu_raw_to_logits_b1_balanced_corruption_4ba79ef9f76f.csv,/ceph/sagnihot/projects/Lorena_Contrastive_Representation_Arch/sparse_contrast_benchmark_large_batch/outputs/figures/cifar10/swin_tiny/tradeoff_mCE_raw_gpu_raw_to_logits_b1_balanced_corruption_4ba79ef9f76f.pdf,/ceph/sagnihot/projects/Lorena_Contrastive_Representation_Arch/sparse_contrast_benchmark_large_batch/outputs/figures/cifar10/swin_tiny/tradeoff_mCE_raw_gpu_raw_to_logits_b1_balanced_corruption_4ba79ef9f76f.csv,7a55982d4a92584a7c13332dde045606327a3874f95e8aefa68b2b7a8f344eef,ea96e9286d94ff51ccc2dadd6e13664bc6fea6ddb891c6e14ce9bc96f23d7880,300,vector PDF; 300 dpi for rasterized content
training_sparse_testing_sparse,Accuracy and robustness versus latency,cifar10,swin_tiny,training_sparse_testing_sparse/results/cifar10/swin_tiny/tradeoff_mCE_raw_gpu_raw_to_logits_b1_clean_4ba79ef9f76f.pdf,training_sparse_testing_sparse/results/cifar10/swin_tiny/tradeoff_mCE_raw_gpu_raw_to_logits_b1_clean_4ba79ef9f76f.csv,/ceph/sagnihot/projects/Lorena_Contrastive_Representation_Arch/sparse_contrast_benchmark_large_batch/outputs/figures/cifar10/swin_tiny/tradeoff_mCE_raw_gpu_raw_to_logits_b1_clean_4ba79ef9f76f.pdf,/ceph/sagnihot/projects/Lorena_Contrastive_Representation_Arch/sparse_contrast_benchmark_large_batch/outputs/figures/cifar10/swin_tiny/tradeoff_mCE_raw_gpu_raw_to_logits_b1_clean_4ba79ef9f76f.csv,9673c54e0b8a95fa806e751cf1761c8c470426a0867f02e7d264134627c6d6a8,e96c021eff7559914a3f2dc552b63b2e3d34c7e51b9450efe6a2963161721ee9,300,vector PDF; 300 dpi for rasterized content
training_sparse_testing_sparse,Accuracy and robustness versus latency,cifar10,swin_tiny,training_sparse_testing_sparse/results/cifar10/swin_tiny/tradeoff_mCE_raw_gpu_raw_to_logits_b8_balanced_corruption_4ba79ef9f76f.pdf,training_sparse_testing_sparse/results/cifar10/swin_tiny/tradeoff_mCE_raw_gpu_raw_to_logits_b8_balanced_corruption_4ba79ef9f76f.csv,/ceph/sagnihot/projects/Lorena_Contrastive_Representation_Arch/sparse_contrast_benchmark_large_batch/outputs/figures/cifar10/swin_tiny/tradeoff_mCE_raw_gpu_raw_to_logits_b8_balanced_corruption_4ba79ef9f76f.pdf,/ceph/sagnihot/projects/Lorena_Contrastive_Representation_Arch/sparse_contrast_benchmark_large_batch/outputs/figures/cifar10/swin_tiny/tradeoff_mCE_raw_gpu_raw_to_logits_b8_balanced_corruption_4ba79ef9f76f.csv,2b36ac24c2c0373bbdb088a30dd71385f0be24fbb2709e64fcfc6d542c40b0c5,e95fabdacef155c1af597a5407111a5c85ed22d5ffdefb87de416b0be2d3aa4d,300,vector PDF; 300 dpi for rasterized content
training_sparse_testing_sparse,Accuracy and robustness versus latency,cifar10,swin_tiny,training_sparse_testing_sparse/results/cifar10/swin_tiny/tradeoff_mCE_raw_gpu_raw_to_logits_b8_clean_4ba79ef9f76f.pdf,training_sparse_testing_sparse/results/cifar10/swin_tiny/tradeoff_mCE_raw_gpu_raw_to_logits_b8_clean_4ba79ef9f76f.csv,/ceph/sagnihot/projects/Lorena_Contrastive_Representation_Arch/sparse_contrast_benchmark_large_batch/outputs/figures/cifar10/swin_tiny/tradeoff_mCE_raw_gpu_raw_to_logits_b8_clean_4ba79ef9f76f.pdf,/ceph/sagnihot/projects/Lorena_Contrastive_Representation_Arch/sparse_contrast_benchmark_large_batch/outputs/figures/cifar10/swin_tiny/tradeoff_mCE_raw_gpu_raw_to_logits_b8_clean_4ba79ef9f76f.csv,ca911f1a39445abd5449993ac54650952c1fe43727054db5c84797655ea6b2b4,fb78fc4725bb234c68c300f548fefc917f13a59908ad4279afbb7e16d27b4d52,300,vector PDF; 300 dpi for rasterized content
training_sparse_testing_sparse,Accuracy and robustness versus latency,cifar10,swin_tiny,training_sparse_testing_sparse/results/cifar10/swin_tiny/tradeoff_mCE_raw_host_raw_to_logits_b1_balanced_corruption_4ba79ef9f76f.pdf,training_sparse_testing_sparse/results/cifar10/swin_tiny/tradeoff_mCE_raw_host_raw_to_logits_b1_balanced_corruption_4ba79ef9f76f.csv,/ceph/sagnihot/projects/Lorena_Contrastive_Representation_Arch/sparse_contrast_benchmark_large_batch/outputs/figures/cifar10/swin_tiny/tradeoff_mCE_raw_host_raw_to_logits_b1_balanced_corruption_4ba79ef9f76f.pdf,/ceph/sagnihot/projects/Lorena_Contrastive_Representation_Arch/sparse_contrast_benchmark_large_batch/outputs/figures/cifar10/swin_tiny/tradeoff_mCE_raw_host_raw_to_logits_b1_balanced_corruption_4ba79ef9f76f.csv,3bc461ee848b2878a44d560d77593a1be62592b1c955fc16c50965fa4dbc3ae6,67dbebb517a2d735da215ef90d21c3c553145d15fbc340ab53b15c47f7a4f36a,300,vector PDF; 300 dpi for rasterized content
training_sparse_testing_sparse,Accuracy and robustness versus latency,cifar10,swin_tiny,training_sparse_testing_sparse/results/cifar10/swin_tiny/tradeoff_mCE_raw_host_raw_to_logits_b1_clean_4ba79ef9f76f.pdf,training_sparse_testing_sparse/results/cifar10/swin_tiny/tradeoff_mCE_raw_host_raw_to_logits_b1_clean_4ba79ef9f76f.csv,/ceph/sagnihot/projects/Lorena_Contrastive_Representation_Arch/sparse_contrast_benchmark_large_batch/outputs/figures/cifar10/swin_tiny/tradeoff_mCE_raw_host_raw_to_logits_b1_clean_4ba79ef9f76f.pdf,/ceph/sagnihot/projects/Lorena_Contrastive_Representation_Arch/sparse_contrast_benchmark_large_batch/outputs/figures/cifar10/swin_tiny/tradeoff_mCE_raw_host_raw_to_logits_b1_clean_4ba79ef9f76f.csv,471aea374fd7c3a3c7f7db05be2713d0a153c5759887fe4600b88c4bf03f1998,01c5de54f8d73cd5b376053a5e1309379383146510792ac937da336184554360,300,vector PDF; 300 dpi for rasterized content
training_sparse_testing_sparse,Accuracy and robustness versus latency,cifar10,swin_tiny,training_sparse_testing_sparse/results/cifar10/swin_tiny/tradeoff_mCE_raw_host_raw_to_logits_b8_balanced_corruption_4ba79ef9f76f.pdf,training_sparse_testing_sparse/results/cifar10/swin_tiny/tradeoff_mCE_raw_host_raw_to_logits_b8_balanced_corruption_4ba79ef9f76f.csv,/ceph/sagnihot/projects/Lorena_Contrastive_Representation_Arch/sparse_contrast_benchmark_large_batch/outputs/figures/cifar10/swin_tiny/tradeoff_mCE_raw_host_raw_to_logits_b8_balanced_corruption_4ba79ef9f76f.pdf,/ceph/sagnihot/projects/Lorena_Contrastive_Representation_Arch/sparse_contrast_benchmark_large_batch/outputs/figures/cifar10/swin_tiny/tradeoff_mCE_raw_host_raw_to_logits_b8_balanced_corruption_4ba79ef9f76f.csv,16a60459b967e6d74c65cb124c781a1bcb83b09bb16d7782ebf70468c652e6cb,4df12090650bcf8e14aeb9681610dc043e2f0990006756de938a029c86e3a533,300,vector PDF; 300 dpi for rasterized content
training_sparse_testing_sparse,Accuracy and robustness versus latency,cifar10,swin_tiny,training_sparse_testing_sparse/results/cifar10/swin_tiny/tradeoff_mCE_raw_host_raw_to_logits_b8_clean_4ba79ef9f76f.pdf,training_sparse_testing_sparse/results/cifar10/swin_tiny/tradeoff_mCE_raw_host_raw_to_logits_b8_clean_4ba79ef9f76f.csv,/ceph/sagnihot/projects/Lorena_Contrastive_Representation_Arch/sparse_contrast_benchmark_large_batch/outputs/figures/cifar10/swin_tiny/tradeoff_mCE_raw_host_raw_to_logits_b8_clean_4ba79ef9f76f.pdf,/ceph/sagnihot/projects/Lorena_Contrastive_Representation_Arch/sparse_contrast_benchmark_large_batch/outputs/figures/cifar10/swin_tiny/tradeoff_mCE_raw_host_raw_to_logits_b8_clean_4ba79ef9f76f.csv,f7beb19545df92da9ef4f3c2f8bf2ba6cedb40443f9815ba650c6fb827774f5c,3af7cc7bc47bb6eccf6591076de5f371da4de89c48a994dce2f5b4bb127301fa,300,vector PDF; 300 dpi for rasterized content
training_sparse_testing_sparse,"Accuracy, robustness and loss",cifar10,vit_small,training_sparse_testing_sparse/results/cifar10/vit_small/clean_accuracy.pdf,training_sparse_testing_sparse/results/cifar10/vit_small/clean_accuracy.csv,/ceph/sagnihot/projects/Lorena_Contrastive_Representation_Arch/sparse_contrast_benchmark_large_batch/outputs/figures/cifar10/vit_small/clean_accuracy.pdf,/ceph/sagnihot/projects/Lorena_Contrastive_Representation_Arch/sparse_contrast_benchmark_large_batch/outputs/figures/cifar10/vit_small/clean_accuracy.csv,c87d16f21d1ee0bb927172725147a44b4f741475330d43e8c671341874ec9f5f,605dc08d3269d4673133d62f353f2938f1b885a495779101f6b975411d440b3e,300,vector PDF; 300 dpi for rasterized content
training_sparse_testing_sparse,"Accuracy, robustness and loss",cifar10,vit_small,training_sparse_testing_sparse/results/cifar10/vit_small/latency_19_gpu_raw_to_logits_b1_balanced_corruption_4ba79ef9f76ff06df88f37ba7586b1b5a3ac8b43008b3eed0ca6a744393e6687_median_ms.pdf,training_sparse_testing_sparse/results/cifar10/vit_small/latency_19_gpu_raw_to_logits_b1_balanced_corruption_4ba79ef9f76ff06df88f37ba7586b1b5a3ac8b43008b3eed0ca6a744393e6687_median_ms.csv,/ceph/sagnihot/projects/Lorena_Contrastive_Representation_Arch/sparse_contrast_benchmark_large_batch/outputs/figures/cifar10/vit_small/latency_19_gpu_raw_to_logits_b1_balanced_corruption_4ba79ef9f76ff06df88f37ba7586b1b5a3ac8b43008b3eed0ca6a744393e6687_median_ms.pdf,/ceph/sagnihot/projects/Lorena_Contrastive_Representation_Arch/sparse_contrast_benchmark_large_batch/outputs/figures/cifar10/vit_small/latency_19_gpu_raw_to_logits_b1_balanced_corruption_4ba79ef9f76ff06df88f37ba7586b1b5a3ac8b43008b3eed0ca6a744393e6687_median_ms.csv,f6851fe192accb5f51c00f13eb54e49768466ee25a3330b16f8c4cab08f95fc2,e8e080528b37058e2f808ac4f5c54615749fdc97d8d4c72387261bd0166074af,300,vector PDF; 300 dpi for rasterized content
training_sparse_testing_sparse,"Accuracy, robustness and loss",cifar10,vit_small,training_sparse_testing_sparse/results/cifar10/vit_small/latency_19_gpu_raw_to_logits_b1_balanced_corruption_4ba79ef9f76ff06df88f37ba7586b1b5a3ac8b43008b3eed0ca6a744393e6687_p95_ms.pdf,training_sparse_testing_sparse/results/cifar10/vit_small/latency_19_gpu_raw_to_logits_b1_balanced_corruption_4ba79ef9f76ff06df88f37ba7586b1b5a3ac8b43008b3eed0ca6a744393e6687_p95_ms.csv,/ceph/sagnihot/projects/Lorena_Contrastive_Representation_Arch/sparse_contrast_benchmark_large_batch/outputs/figures/cifar10/vit_small/latency_19_gpu_raw_to_logits_b1_balanced_corruption_4ba79ef9f76ff06df88f37ba7586b1b5a3ac8b43008b3eed0ca6a744393e6687_p95_ms.pdf,/ceph/sagnihot/projects/Lorena_Contrastive_Representation_Arch/sparse_contrast_benchmark_large_batch/outputs/figures/cifar10/vit_small/latency_19_gpu_raw_to_logits_b1_balanced_corruption_4ba79ef9f76ff06df88f37ba7586b1b5a3ac8b43008b3eed0ca6a744393e6687_p95_ms.csv,fdc00d81c80cdcd5cad32a588d53a2fdb4425c13eb3bdb9f5d742056a80f5a6e,c7cf5ecea06d4ac89fcab25456816fd56084bc050e0f0d379fa59a1205375251,300,vector PDF; 300 dpi for rasterized content
training_sparse_testing_sparse,"Accuracy, robustness and loss",cifar10,vit_small,training_sparse_testing_sparse/results/cifar10/vit_small/latency_19_gpu_raw_to_logits_b1_clean_4ba79ef9f76ff06df88f37ba7586b1b5a3ac8b43008b3eed0ca6a744393e6687_median_ms.pdf,training_sparse_testing_sparse/results/cifar10/vit_small/latency_19_gpu_raw_to_logits_b1_clean_4ba79ef9f76ff06df88f37ba7586b1b5a3ac8b43008b3eed0ca6a744393e6687_median_ms.csv,/ceph/sagnihot/projects/Lorena_Contrastive_Representation_Arch/sparse_contrast_benchmark_large_batch/outputs/figures/cifar10/vit_small/latency_19_gpu_raw_to_logits_b1_clean_4ba79ef9f76ff06df88f37ba7586b1b5a3ac8b43008b3eed0ca6a744393e6687_median_ms.pdf,/ceph/sagnihot/projects/Lorena_Contrastive_Representation_Arch/sparse_contrast_benchmark_large_batch/outputs/figures/cifar10/vit_small/latency_19_gpu_raw_to_logits_b1_clean_4ba79ef9f76ff06df88f37ba7586b1b5a3ac8b43008b3eed0ca6a744393e6687_median_ms.csv,9f677f6a97ca1dd5a3eece5ccfe14c425d253b7da1cbec224a465bb61d6ea48e,434ec6d670c65fa0e79fe8a5045ff38749058237e0c7ec0bce59c2376053f25d,300,vector PDF; 300 dpi for rasterized content
training_sparse_testing_sparse,"Accuracy, robustness and loss",cifar10,vit_small,training_sparse_testing_sparse/results/cifar10/vit_small/latency_19_gpu_raw_to_logits_b1_clean_4ba79ef9f76ff06df88f37ba7586b1b5a3ac8b43008b3eed0ca6a744393e6687_p95_ms.pdf,training_sparse_testing_sparse/results/cifar10/vit_small/latency_19_gpu_raw_to_logits_b1_clean_4ba79ef9f76ff06df88f37ba7586b1b5a3ac8b43008b3eed0ca6a744393e6687_p95_ms.csv,/ceph/sagnihot/projects/Lorena_Contrastive_Representation_Arch/sparse_contrast_benchmark_large_batch/outputs/figures/cifar10/vit_small/latency_19_gpu_raw_to_logits_b1_clean_4ba79ef9f76ff06df88f37ba7586b1b5a3ac8b43008b3eed0ca6a744393e6687_p95_ms.pdf,/ceph/sagnihot/projects/Lorena_Contrastive_Representation_Arch/sparse_contrast_benchmark_large_batch/outputs/figures/cifar10/vit_small/latency_19_gpu_raw_to_logits_b1_clean_4ba79ef9f76ff06df88f37ba7586b1b5a3ac8b43008b3eed0ca6a744393e6687_p95_ms.csv,2b98cb56d9abc344acde17cb7d2a443498bd71d7aeead4e708d1b40c9241bf78,59740c04bca552efcf822809a45f5689eeb4e0fa22b39cc592576825b91d8d8c,300,vector PDF; 300 dpi for rasterized content
training_sparse_testing_sparse,"Accuracy, robustness and loss",cifar10,vit_small,training_sparse_testing_sparse/results/cifar10/vit_small/latency_19_gpu_raw_to_logits_b8_balanced_corruption_4ba79ef9f76ff06df88f37ba7586b1b5a3ac8b43008b3eed0ca6a744393e6687_median_ms.pdf,training_sparse_testing_sparse/results/cifar10/vit_small/latency_19_gpu_raw_to_logits_b8_balanced_corruption_4ba79ef9f76ff06df88f37ba7586b1b5a3ac8b43008b3eed0ca6a744393e6687_median_ms.csv,/ceph/sagnihot/projects/Lorena_Contrastive_Representation_Arch/sparse_contrast_benchmark_large_batch/outputs/figures/cifar10/vit_small/latency_19_gpu_raw_to_logits_b8_balanced_corruption_4ba79ef9f76ff06df88f37ba7586b1b5a3ac8b43008b3eed0ca6a744393e6687_median_ms.pdf,/ceph/sagnihot/projects/Lorena_Contrastive_Representation_Arch/sparse_contrast_benchmark_large_batch/outputs/figures/cifar10/vit_small/latency_19_gpu_raw_to_logits_b8_balanced_corruption_4ba79ef9f76ff06df88f37ba7586b1b5a3ac8b43008b3eed0ca6a744393e6687_median_ms.csv,f62ae94c851d1df6e3ea0474bb7cda1a2fbad218b533899c5faccc34a314c6ba,99385378ab8b9dcda58f5a8e0443d17e2896f5ef6e207cd571cd27adff82b969,300,vector PDF; 300 dpi for rasterized content
training_sparse_testing_sparse,"Accuracy, robustness and loss",cifar10,vit_small,training_sparse_testing_sparse/results/cifar10/vit_small/latency_19_gpu_raw_to_logits_b8_balanced_corruption_4ba79ef9f76ff06df88f37ba7586b1b5a3ac8b43008b3eed0ca6a744393e6687_p95_ms.pdf,training_sparse_testing_sparse/results/cifar10/vit_small/latency_19_gpu_raw_to_logits_b8_balanced_corruption_4ba79ef9f76ff06df88f37ba7586b1b5a3ac8b43008b3eed0ca6a744393e6687_p95_ms.csv,/ceph/sagnihot/projects/Lorena_Contrastive_Representation_Arch/sparse_contrast_benchmark_large_batch/outputs/figures/cifar10/vit_small/latency_19_gpu_raw_to_logits_b8_balanced_corruption_4ba79ef9f76ff06df88f37ba7586b1b5a3ac8b43008b3eed0ca6a744393e6687_p95_ms.pdf,/ceph/sagnihot/projects/Lorena_Contrastive_Representation_Arch/sparse_contrast_benchmark_large_batch/outputs/figures/cifar10/vit_small/latency_19_gpu_raw_to_logits_b8_balanced_corruption_4ba79ef9f76ff06df88f37ba7586b1b5a3ac8b43008b3eed0ca6a744393e6687_p95_ms.csv,d9e583c0245c356f6353946e80383d85849eff3c3002b1f6b0866ff979c34a0e,0e095d34fbe17830fc95da277471e4e1c648ddbb7d5e4465b177b3532efd4d0e,300,vector PDF; 300 dpi for rasterized content
training_sparse_testing_sparse,"Accuracy, robustness and loss",cifar10,vit_small,training_sparse_testing_sparse/results/cifar10/vit_small/latency_19_gpu_raw_to_logits_b8_balanced_corruption_7df94a2abec9ef0568603c4e7869b4860929e5ea32db55feef4cd1821361a102_median_ms.pdf,training_sparse_testing_sparse/results/cifar10/vit_small/latency_19_gpu_raw_to_logits_b8_balanced_corruption_7df94a2abec9ef0568603c4e7869b4860929e5ea32db55feef4cd1821361a102_median_ms.csv,/ceph/sagnihot/projects/Lorena_Contrastive_Representation_Arch/sparse_contrast_benchmark_large_batch/outputs/figures/cifar10/vit_small/latency_19_gpu_raw_to_logits_b8_balanced_corruption_7df94a2abec9ef0568603c4e7869b4860929e5ea32db55feef4cd1821361a102_median_ms.pdf,/ceph/sagnihot/projects/Lorena_Contrastive_Representation_Arch/sparse_contrast_benchmark_large_batch/outputs/figures/cifar10/vit_small/latency_19_gpu_raw_to_logits_b8_balanced_corruption_7df94a2abec9ef0568603c4e7869b4860929e5ea32db55feef4cd1821361a102_median_ms.csv,3777c2d0dce5f51479234e542c9e08d3b2f52d7f01f96a207fc52eea3b4480d9,0cf3ff9623495e9f13b14c842bd31ad4c64b9459b03eefeb0207fabbfb60ea4c,300,vector PDF; 300 dpi for rasterized content
training_sparse_testing_sparse,"Accuracy, robustness and loss",cifar10,vit_small,training_sparse_testing_sparse/results/cifar10/vit_small/latency_19_gpu_raw_to_logits_b8_balanced_corruption_7df94a2abec9ef0568603c4e7869b4860929e5ea32db55feef4cd1821361a102_p95_ms.pdf,training_sparse_testing_sparse/results/cifar10/vit_small/latency_19_gpu_raw_to_logits_b8_balanced_corruption_7df94a2abec9ef0568603c4e7869b4860929e5ea32db55feef4cd1821361a102_p95_ms.csv,/ceph/sagnihot/projects/Lorena_Contrastive_Representation_Arch/sparse_contrast_benchmark_large_batch/outputs/figures/cifar10/vit_small/latency_19_gpu_raw_to_logits_b8_balanced_corruption_7df94a2abec9ef0568603c4e7869b4860929e5ea32db55feef4cd1821361a102_p95_ms.pdf,/ceph/sagnihot/projects/Lorena_Contrastive_Representation_Arch/sparse_contrast_benchmark_large_batch/outputs/figures/cifar10/vit_small/latency_19_gpu_raw_to_logits_b8_balanced_corruption_7df94a2abec9ef0568603c4e7869b4860929e5ea32db55feef4cd1821361a102_p95_ms.csv,0988d4f3c583b9b8060e10518cddc6aeb79cf2630e183c4e746333ccf770dbd1,de91cb84e504d0bd9012b7e2a9430ef8c7b19f3793d5d1dc623c3fb66b4416df,300,vector PDF; 300 dpi for rasterized content
training_sparse_testing_sparse,"Accuracy, robustness and loss",cifar10,vit_small,training_sparse_testing_sparse/results/cifar10/vit_small/latency_19_gpu_raw_to_logits_b8_clean_4ba79ef9f76ff06df88f37ba7586b1b5a3ac8b43008b3eed0ca6a744393e6687_median_ms.pdf,training_sparse_testing_sparse/results/cifar10/vit_small/latency_19_gpu_raw_to_logits_b8_clean_4ba79ef9f76ff06df88f37ba7586b1b5a3ac8b43008b3eed0ca6a744393e6687_median_ms.csv,/ceph/sagnihot/projects/Lorena_Contrastive_Representation_Arch/sparse_contrast_benchmark_large_batch/outputs/figures/cifar10/vit_small/latency_19_gpu_raw_to_logits_b8_clean_4ba79ef9f76ff06df88f37ba7586b1b5a3ac8b43008b3eed0ca6a744393e6687_median_ms.pdf,/ceph/sagnihot/projects/Lorena_Contrastive_Representation_Arch/sparse_contrast_benchmark_large_batch/outputs/figures/cifar10/vit_small/latency_19_gpu_raw_to_logits_b8_clean_4ba79ef9f76ff06df88f37ba7586b1b5a3ac8b43008b3eed0ca6a744393e6687_median_ms.csv,03b7151c215d8975aaf5ef58beeb0f1dfee5227bdb48f53d6aad60f46648a9f3,295a88f8b26b7919b87acef57f8cb2ff92f3bff9d4b37dcf0b90dfad4f71ca6d,300,vector PDF; 300 dpi for rasterized content
training_sparse_testing_sparse,"Accuracy, robustness and loss",cifar10,vit_small,training_sparse_testing_sparse/results/cifar10/vit_small/latency_19_gpu_raw_to_logits_b8_clean_4ba79ef9f76ff06df88f37ba7586b1b5a3ac8b43008b3eed0ca6a744393e6687_p95_ms.pdf,training_sparse_testing_sparse/results/cifar10/vit_small/latency_19_gpu_raw_to_logits_b8_clean_4ba79ef9f76ff06df88f37ba7586b1b5a3ac8b43008b3eed0ca6a744393e6687_p95_ms.csv,/ceph/sagnihot/projects/Lorena_Contrastive_Representation_Arch/sparse_contrast_benchmark_large_batch/outputs/figures/cifar10/vit_small/latency_19_gpu_raw_to_logits_b8_clean_4ba79ef9f76ff06df88f37ba7586b1b5a3ac8b43008b3eed0ca6a744393e6687_p95_ms.pdf,/ceph/sagnihot/projects/Lorena_Contrastive_Representation_Arch/sparse_contrast_benchmark_large_batch/outputs/figures/cifar10/vit_small/latency_19_gpu_raw_to_logits_b8_clean_4ba79ef9f76ff06df88f37ba7586b1b5a3ac8b43008b3eed0ca6a744393e6687_p95_ms.csv,e4afd09f28ac20163f5e556c25f35881862106a4cc613f7d25b7fea8858b7354,31a2f33db5d0d010b4f50cbaa2185b11e46837720393d4cec587bc3096a7a0e3,300,vector PDF; 300 dpi for rasterized content
training_sparse_testing_sparse,"Accuracy, robustness and loss",cifar10,vit_small,training_sparse_testing_sparse/results/cifar10/vit_small/latency_19_gpu_raw_to_logits_b8_clean_7df94a2abec9ef0568603c4e7869b4860929e5ea32db55feef4cd1821361a102_median_ms.pdf,training_sparse_testing_sparse/results/cifar10/vit_small/latency_19_gpu_raw_to_logits_b8_clean_7df94a2abec9ef0568603c4e7869b4860929e5ea32db55feef4cd1821361a102_median_ms.csv,/ceph/sagnihot/projects/Lorena_Contrastive_Representation_Arch/sparse_contrast_benchmark_large_batch/outputs/figures/cifar10/vit_small/latency_19_gpu_raw_to_logits_b8_clean_7df94a2abec9ef0568603c4e7869b4860929e5ea32db55feef4cd1821361a102_median_ms.pdf,/ceph/sagnihot/projects/Lorena_Contrastive_Representation_Arch/sparse_contrast_benchmark_large_batch/outputs/figures/cifar10/vit_small/latency_19_gpu_raw_to_logits_b8_clean_7df94a2abec9ef0568603c4e7869b4860929e5ea32db55feef4cd1821361a102_median_ms.csv,6f86582376bf00c1763c6fff2da641092ba86120efb221932059976fee1ff7b9,4678b52b8be7f3f399a68207ff89b3d1e71119c60ea39c63f07292706fe709e6,300,vector PDF; 300 dpi for rasterized content
training_sparse_testing_sparse,"Accuracy, robustness and loss",cifar10,vit_small,training_sparse_testing_sparse/results/cifar10/vit_small/latency_19_gpu_raw_to_logits_b8_clean_7df94a2abec9ef0568603c4e7869b4860929e5ea32db55feef4cd1821361a102_p95_ms.pdf,training_sparse_testing_sparse/results/cifar10/vit_small/latency_19_gpu_raw_to_logits_b8_clean_7df94a2abec9ef0568603c4e7869b4860929e5ea32db55feef4cd1821361a102_p95_ms.csv,/ceph/sagnihot/projects/Lorena_Contrastive_Representation_Arch/sparse_contrast_benchmark_large_batch/outputs/figures/cifar10/vit_small/latency_19_gpu_raw_to_logits_b8_clean_7df94a2abec9ef0568603c4e7869b4860929e5ea32db55feef4cd1821361a102_p95_ms.pdf,/ceph/sagnihot/projects/Lorena_Contrastive_Representation_Arch/sparse_contrast_benchmark_large_batch/outputs/figures/cifar10/vit_small/latency_19_gpu_raw_to_logits_b8_clean_7df94a2abec9ef0568603c4e7869b4860929e5ea32db55feef4cd1821361a102_p95_ms.csv,983936e880d92090c8badc690c37b445c4af1406c423a8426bdb1d2b3b775b87,91bb467d233e1b1d6cdf4c72dde4a312d715fd32c47ead580504274a688c3b1a,300,vector PDF; 300 dpi for rasterized content
training_sparse_testing_sparse,"Accuracy, robustness and loss",cifar10,vit_small,training_sparse_testing_sparse/results/cifar10/vit_small/latency_19_host_raw_to_logits_b1_balanced_corruption_4ba79ef9f76ff06df88f37ba7586b1b5a3ac8b43008b3eed0ca6a744393e6687_median_ms.pdf,training_sparse_testing_sparse/results/cifar10/vit_small/latency_19_host_raw_to_logits_b1_balanced_corruption_4ba79ef9f76ff06df88f37ba7586b1b5a3ac8b43008b3eed0ca6a744393e6687_median_ms.csv,/ceph/sagnihot/projects/Lorena_Contrastive_Representation_Arch/sparse_contrast_benchmark_large_batch/outputs/figures/cifar10/vit_small/latency_19_host_raw_to_logits_b1_balanced_corruption_4ba79ef9f76ff06df88f37ba7586b1b5a3ac8b43008b3eed0ca6a744393e6687_median_ms.pdf,/ceph/sagnihot/projects/Lorena_Contrastive_Representation_Arch/sparse_contrast_benchmark_large_batch/outputs/figures/cifar10/vit_small/latency_19_host_raw_to_logits_b1_balanced_corruption_4ba79ef9f76ff06df88f37ba7586b1b5a3ac8b43008b3eed0ca6a744393e6687_median_ms.csv,92af2ee1615a08d08cfab2c63bdaf1869df21dabc43adf7f2cd69b251f44d449,d3dea96b6c7deedd4395333957d94ad1382067fe363256f633cb31ba9bc0ac96,300,vector PDF; 300 dpi for rasterized content
training_sparse_testing_sparse,"Accuracy, robustness and loss",cifar10,vit_small,training_sparse_testing_sparse/results/cifar10/vit_small/latency_19_host_raw_to_logits_b1_balanced_corruption_4ba79ef9f76ff06df88f37ba7586b1b5a3ac8b43008b3eed0ca6a744393e6687_p95_ms.pdf,training_sparse_testing_sparse/results/cifar10/vit_small/latency_19_host_raw_to_logits_b1_balanced_corruption_4ba79ef9f76ff06df88f37ba7586b1b5a3ac8b43008b3eed0ca6a744393e6687_p95_ms.csv,/ceph/sagnihot/projects/Lorena_Contrastive_Representation_Arch/sparse_contrast_benchmark_large_batch/outputs/figures/cifar10/vit_small/latency_19_host_raw_to_logits_b1_balanced_corruption_4ba79ef9f76ff06df88f37ba7586b1b5a3ac8b43008b3eed0ca6a744393e6687_p95_ms.pdf,/ceph/sagnihot/projects/Lorena_Contrastive_Representation_Arch/sparse_contrast_benchmark_large_batch/outputs/figures/cifar10/vit_small/latency_19_host_raw_to_logits_b1_balanced_corruption_4ba79ef9f76ff06df88f37ba7586b1b5a3ac8b43008b3eed0ca6a744393e6687_p95_ms.csv,82f68317dd0f77d0f5cc5bee71641ca1e11312dbfe441cef88d228d9ba3b8055,a53f73892518cb87a1dc96a21cbd004f2ff24ec3be296225e905fad039a024dd,300,vector PDF; 300 dpi for rasterized content
training_sparse_testing_sparse,"Accuracy, robustness and loss",cifar10,vit_small,training_sparse_testing_sparse/results/cifar10/vit_small/latency_19_host_raw_to_logits_b1_clean_4ba79ef9f76ff06df88f37ba7586b1b5a3ac8b43008b3eed0ca6a744393e6687_median_ms.pdf,training_sparse_testing_sparse/results/cifar10/vit_small/latency_19_host_raw_to_logits_b1_clean_4ba79ef9f76ff06df88f37ba7586b1b5a3ac8b43008b3eed0ca6a744393e6687_median_ms.csv,/ceph/sagnihot/projects/Lorena_Contrastive_Representation_Arch/sparse_contrast_benchmark_large_batch/outputs/figures/cifar10/vit_small/latency_19_host_raw_to_logits_b1_clean_4ba79ef9f76ff06df88f37ba7586b1b5a3ac8b43008b3eed0ca6a744393e6687_median_ms.pdf,/ceph/sagnihot/projects/Lorena_Contrastive_Representation_Arch/sparse_contrast_benchmark_large_batch/outputs/figures/cifar10/vit_small/latency_19_host_raw_to_logits_b1_clean_4ba79ef9f76ff06df88f37ba7586b1b5a3ac8b43008b3eed0ca6a744393e6687_median_ms.csv,33db92f6ae7aa012e49644a4c65b5f409837a7e3c5ce67c086b445264094b0df,813558c05b50b206b72ace053bda7b279dc579ec69bc635c43cb7f23b5790f7a,300,vector PDF; 300 dpi for rasterized content
training_sparse_testing_sparse,"Accuracy, robustness and loss",cifar10,vit_small,training_sparse_testing_sparse/results/cifar10/vit_small/latency_19_host_raw_to_logits_b1_clean_4ba79ef9f76ff06df88f37ba7586b1b5a3ac8b43008b3eed0ca6a744393e6687_p95_ms.pdf,training_sparse_testing_sparse/results/cifar10/vit_small/latency_19_host_raw_to_logits_b1_clean_4ba79ef9f76ff06df88f37ba7586b1b5a3ac8b43008b3eed0ca6a744393e6687_p95_ms.csv,/ceph/sagnihot/projects/Lorena_Contrastive_Representation_Arch/sparse_contrast_benchmark_large_batch/outputs/figures/cifar10/vit_small/latency_19_host_raw_to_logits_b1_clean_4ba79ef9f76ff06df88f37ba7586b1b5a3ac8b43008b3eed0ca6a744393e6687_p95_ms.pdf,/ceph/sagnihot/projects/Lorena_Contrastive_Representation_Arch/sparse_contrast_benchmark_large_batch/outputs/figures/cifar10/vit_small/latency_19_host_raw_to_logits_b1_clean_4ba79ef9f76ff06df88f37ba7586b1b5a3ac8b43008b3eed0ca6a744393e6687_p95_ms.csv,b004f3c436917eb311e7f4a57ce382732bfc946dfc4b3e0794aebae8cd8c7499,5c955209704804d8160248295f5d2060b358c76c4d122f1e5b2464d7e1abf539,300,vector PDF; 300 dpi for rasterized content
training_sparse_testing_sparse,"Accuracy, robustness and loss",cifar10,vit_small,training_sparse_testing_sparse/results/cifar10/vit_small/latency_19_host_raw_to_logits_b8_balanced_corruption_4ba79ef9f76ff06df88f37ba7586b1b5a3ac8b43008b3eed0ca6a744393e6687_median_ms.pdf,training_sparse_testing_sparse/results/cifar10/vit_small/latency_19_host_raw_to_logits_b8_balanced_corruption_4ba79ef9f76ff06df88f37ba7586b1b5a3ac8b43008b3eed0ca6a744393e6687_median_ms.csv,/ceph/sagnihot/projects/Lorena_Contrastive_Representation_Arch/sparse_contrast_benchmark_large_batch/outputs/figures/cifar10/vit_small/latency_19_host_raw_to_logits_b8_balanced_corruption_4ba79ef9f76ff06df88f37ba7586b1b5a3ac8b43008b3eed0ca6a744393e6687_median_ms.pdf,/ceph/sagnihot/projects/Lorena_Contrastive_Representation_Arch/sparse_contrast_benchmark_large_batch/outputs/figures/cifar10/vit_small/latency_19_host_raw_to_logits_b8_balanced_corruption_4ba79ef9f76ff06df88f37ba7586b1b5a3ac8b43008b3eed0ca6a744393e6687_median_ms.csv,7a91618d4efe207867f407a58e29bd0865cca10e6ef356d9cf819b59109563c1,093a269695f45a1b8b847a97260656b657d0bdb2f5195825f68611dc721c0f7d,300,vector PDF; 300 dpi for rasterized content
training_sparse_testing_sparse,"Accuracy, robustness and loss",cifar10,vit_small,training_sparse_testing_sparse/results/cifar10/vit_small/latency_19_host_raw_to_logits_b8_balanced_corruption_4ba79ef9f76ff06df88f37ba7586b1b5a3ac8b43008b3eed0ca6a744393e6687_p95_ms.pdf,training_sparse_testing_sparse/results/cifar10/vit_small/latency_19_host_raw_to_logits_b8_balanced_corruption_4ba79ef9f76ff06df88f37ba7586b1b5a3ac8b43008b3eed0ca6a744393e6687_p95_ms.csv,/ceph/sagnihot/projects/Lorena_Contrastive_Representation_Arch/sparse_contrast_benchmark_large_batch/outputs/figures/cifar10/vit_small/latency_19_host_raw_to_logits_b8_balanced_corruption_4ba79ef9f76ff06df88f37ba7586b1b5a3ac8b43008b3eed0ca6a744393e6687_p95_ms.pdf,/ceph/sagnihot/projects/Lorena_Contrastive_Representation_Arch/sparse_contrast_benchmark_large_batch/outputs/figures/cifar10/vit_small/latency_19_host_raw_to_logits_b8_balanced_corruption_4ba79ef9f76ff06df88f37ba7586b1b5a3ac8b43008b3eed0ca6a744393e6687_p95_ms.csv,ada7095b8bf41494a8ecc1e299ec07bada39b94a074761c00ff86100d6e5a6a7,ca8fbec966a20528e461378f4dcaad3ebad3214e70af15caf9c92c12927e26f6,300,vector PDF; 300 dpi for rasterized content
training_sparse_testing_sparse,"Accuracy, robustness and loss",cifar10,vit_small,training_sparse_testing_sparse/results/cifar10/vit_small/latency_19_host_raw_to_logits_b8_balanced_corruption_7df94a2abec9ef0568603c4e7869b4860929e5ea32db55feef4cd1821361a102_median_ms.pdf,training_sparse_testing_sparse/results/cifar10/vit_small/latency_19_host_raw_to_logits_b8_balanced_corruption_7df94a2abec9ef0568603c4e7869b4860929e5ea32db55feef4cd1821361a102_median_ms.csv,/ceph/sagnihot/projects/Lorena_Contrastive_Representation_Arch/sparse_contrast_benchmark_large_batch/outputs/figures/cifar10/vit_small/latency_19_host_raw_to_logits_b8_balanced_corruption_7df94a2abec9ef0568603c4e7869b4860929e5ea32db55feef4cd1821361a102_median_ms.pdf,/ceph/sagnihot/projects/Lorena_Contrastive_Representation_Arch/sparse_contrast_benchmark_large_batch/outputs/figures/cifar10/vit_small/latency_19_host_raw_to_logits_b8_balanced_corruption_7df94a2abec9ef0568603c4e7869b4860929e5ea32db55feef4cd1821361a102_median_ms.csv,2ab4d0ff9b5fd5a4cf4f6f838eb66eaabb6a403050ec10e2763a4d5238b4d6a1,4b0acb5716d0d8603135958a08744924d2d2ed189d26386463ad058ca32c00d9,300,vector PDF; 300 dpi for rasterized content
training_sparse_testing_sparse,"Accuracy, robustness and loss",cifar10,vit_small,training_sparse_testing_sparse/results/cifar10/vit_small/latency_19_host_raw_to_logits_b8_balanced_corruption_7df94a2abec9ef0568603c4e7869b4860929e5ea32db55feef4cd1821361a102_p95_ms.pdf,training_sparse_testing_sparse/results/cifar10/vit_small/latency_19_host_raw_to_logits_b8_balanced_corruption_7df94a2abec9ef0568603c4e7869b4860929e5ea32db55feef4cd1821361a102_p95_ms.csv,/ceph/sagnihot/projects/Lorena_Contrastive_Representation_Arch/sparse_contrast_benchmark_large_batch/outputs/figures/cifar10/vit_small/latency_19_host_raw_to_logits_b8_balanced_corruption_7df94a2abec9ef0568603c4e7869b4860929e5ea32db55feef4cd1821361a102_p95_ms.pdf,/ceph/sagnihot/projects/Lorena_Contrastive_Representation_Arch/sparse_contrast_benchmark_large_batch/outputs/figures/cifar10/vit_small/latency_19_host_raw_to_logits_b8_balanced_corruption_7df94a2abec9ef0568603c4e7869b4860929e5ea32db55feef4cd1821361a102_p95_ms.csv,4baafbb7f90ab3f6fd1b8687bafe77a184502ec631a2f5ac14222560ffe205bb,a448da9f75a7158dde9315faa23c2ad81196d2b948051ac4c42207457489e55f,300,vector PDF; 300 dpi for rasterized content
training_sparse_testing_sparse,"Accuracy, robustness and loss",cifar10,vit_small,training_sparse_testing_sparse/results/cifar10/vit_small/latency_19_host_raw_to_logits_b8_clean_4ba79ef9f76ff06df88f37ba7586b1b5a3ac8b43008b3eed0ca6a744393e6687_median_ms.pdf,training_sparse_testing_sparse/results/cifar10/vit_small/latency_19_host_raw_to_logits_b8_clean_4ba79ef9f76ff06df88f37ba7586b1b5a3ac8b43008b3eed0ca6a744393e6687_median_ms.csv,/ceph/sagnihot/projects/Lorena_Contrastive_Representation_Arch/sparse_contrast_benchmark_large_batch/outputs/figures/cifar10/vit_small/latency_19_host_raw_to_logits_b8_clean_4ba79ef9f76ff06df88f37ba7586b1b5a3ac8b43008b3eed0ca6a744393e6687_median_ms.pdf,/ceph/sagnihot/projects/Lorena_Contrastive_Representation_Arch/sparse_contrast_benchmark_large_batch/outputs/figures/cifar10/vit_small/latency_19_host_raw_to_logits_b8_clean_4ba79ef9f76ff06df88f37ba7586b1b5a3ac8b43008b3eed0ca6a744393e6687_median_ms.csv,c22972fc69533378def57d3a16f98a2ec8f93582c75483b885e5b87d4784204b,6747dd52ed19e9e14ff5e6cddb4ff23ee6eac36e6e33dd88f7d25d58bfff5dca,300,vector PDF; 300 dpi for rasterized content
training_sparse_testing_sparse,"Accuracy, robustness and loss",cifar10,vit_small,training_sparse_testing_sparse/results/cifar10/vit_small/latency_19_host_raw_to_logits_b8_clean_4ba79ef9f76ff06df88f37ba7586b1b5a3ac8b43008b3eed0ca6a744393e6687_p95_ms.pdf,training_sparse_testing_sparse/results/cifar10/vit_small/latency_19_host_raw_to_logits_b8_clean_4ba79ef9f76ff06df88f37ba7586b1b5a3ac8b43008b3eed0ca6a744393e6687_p95_ms.csv,/ceph/sagnihot/projects/Lorena_Contrastive_Representation_Arch/sparse_contrast_benchmark_large_batch/outputs/figures/cifar10/vit_small/latency_19_host_raw_to_logits_b8_clean_4ba79ef9f76ff06df88f37ba7586b1b5a3ac8b43008b3eed0ca6a744393e6687_p95_ms.pdf,/ceph/sagnihot/projects/Lorena_Contrastive_Representation_Arch/sparse_contrast_benchmark_large_batch/outputs/figures/cifar10/vit_small/latency_19_host_raw_to_logits_b8_clean_4ba79ef9f76ff06df88f37ba7586b1b5a3ac8b43008b3eed0ca6a744393e6687_p95_ms.csv,3cc3ce9d923cfeb9a41c02716673343807aadc16d83b8a3ce98271d90debaf68,5000022d3d52f74562c4e77287662480d24ee57d36f1f673208c7400efa7ace5,300,vector PDF; 300 dpi for rasterized content
training_sparse_testing_sparse,"Accuracy, robustness and loss",cifar10,vit_small,training_sparse_testing_sparse/results/cifar10/vit_small/latency_19_host_raw_to_logits_b8_clean_7df94a2abec9ef0568603c4e7869b4860929e5ea32db55feef4cd1821361a102_median_ms.pdf,training_sparse_testing_sparse/results/cifar10/vit_small/latency_19_host_raw_to_logits_b8_clean_7df94a2abec9ef0568603c4e7869b4860929e5ea32db55feef4cd1821361a102_median_ms.csv,/ceph/sagnihot/projects/Lorena_Contrastive_Representation_Arch/sparse_contrast_benchmark_large_batch/outputs/figures/cifar10/vit_small/latency_19_host_raw_to_logits_b8_clean_7df94a2abec9ef0568603c4e7869b4860929e5ea32db55feef4cd1821361a102_median_ms.pdf,/ceph/sagnihot/projects/Lorena_Contrastive_Representation_Arch/sparse_contrast_benchmark_large_batch/outputs/figures/cifar10/vit_small/latency_19_host_raw_to_logits_b8_clean_7df94a2abec9ef0568603c4e7869b4860929e5ea32db55feef4cd1821361a102_median_ms.csv,fa1e5c16434fdc0acf1ff904b0d62340667b8248031b7441a4bf8e7110dab484,eb5b5394e0bc02e83c72ce52aa91f0612dcfccbf0a6c172f7ab35f27fe332919,300,vector PDF; 300 dpi for rasterized content
training_sparse_testing_sparse,"Accuracy, robustness and loss",cifar10,vit_small,training_sparse_testing_sparse/results/cifar10/vit_small/latency_19_host_raw_to_logits_b8_clean_7df94a2abec9ef0568603c4e7869b4860929e5ea32db55feef4cd1821361a102_p95_ms.pdf,training_sparse_testing_sparse/results/cifar10/vit_small/latency_19_host_raw_to_logits_b8_clean_7df94a2abec9ef0568603c4e7869b4860929e5ea32db55feef4cd1821361a102_p95_ms.csv,/ceph/sagnihot/projects/Lorena_Contrastive_Representation_Arch/sparse_contrast_benchmark_large_batch/outputs/figures/cifar10/vit_small/latency_19_host_raw_to_logits_b8_clean_7df94a2abec9ef0568603c4e7869b4860929e5ea32db55feef4cd1821361a102_p95_ms.pdf,/ceph/sagnihot/projects/Lorena_Contrastive_Representation_Arch/sparse_contrast_benchmark_large_batch/outputs/figures/cifar10/vit_small/latency_19_host_raw_to_logits_b8_clean_7df94a2abec9ef0568603c4e7869b4860929e5ea32db55feef4cd1821361a102_p95_ms.csv,e21afa8adc5e17e895a7acbc603d147172794e6db7c3f0d16142904ab5c53d37,4b8a3d36d9e378766b70d3ded1b92895d526d9873213955dace0bf843b26dc76,300,vector PDF; 300 dpi for rasterized content
training_sparse_testing_sparse,"Accuracy, robustness and loss",cifar10,vit_small,training_sparse_testing_sparse/results/cifar10/vit_small/latency_19_loader_to_cpu_prediction_b1_balanced_corruption_4ba79ef9f76ff06df88f37ba7586b1b5a3ac8b43008b3eed0ca6a744393e6687_median_ms.pdf,training_sparse_testing_sparse/results/cifar10/vit_small/latency_19_loader_to_cpu_prediction_b1_balanced_corruption_4ba79ef9f76ff06df88f37ba7586b1b5a3ac8b43008b3eed0ca6a744393e6687_median_ms.csv,/ceph/sagnihot/projects/Lorena_Contrastive_Representation_Arch/sparse_contrast_benchmark_large_batch/outputs/figures/cifar10/vit_small/latency_19_loader_to_cpu_prediction_b1_balanced_corruption_4ba79ef9f76ff06df88f37ba7586b1b5a3ac8b43008b3eed0ca6a744393e6687_median_ms.pdf,/ceph/sagnihot/projects/Lorena_Contrastive_Representation_Arch/sparse_contrast_benchmark_large_batch/outputs/figures/cifar10/vit_small/latency_19_loader_to_cpu_prediction_b1_balanced_corruption_4ba79ef9f76ff06df88f37ba7586b1b5a3ac8b43008b3eed0ca6a744393e6687_median_ms.csv,8c322cefd865fe0823f9d2419269cc48f4a59ebb31b290395723fd001177c19d,7fbcc6a42b13a998d278a773e77c71630898ef0ef676ac746ba6e7237d17ca13,300,vector PDF; 300 dpi for rasterized content
training_sparse_testing_sparse,"Accuracy, robustness and loss",cifar10,vit_small,training_sparse_testing_sparse/results/cifar10/vit_small/latency_19_loader_to_cpu_prediction_b1_balanced_corruption_4ba79ef9f76ff06df88f37ba7586b1b5a3ac8b43008b3eed0ca6a744393e6687_p95_ms.pdf,training_sparse_testing_sparse/results/cifar10/vit_small/latency_19_loader_to_cpu_prediction_b1_balanced_corruption_4ba79ef9f76ff06df88f37ba7586b1b5a3ac8b43008b3eed0ca6a744393e6687_p95_ms.csv,/ceph/sagnihot/projects/Lorena_Contrastive_Representation_Arch/sparse_contrast_benchmark_large_batch/outputs/figures/cifar10/vit_small/latency_19_loader_to_cpu_prediction_b1_balanced_corruption_4ba79ef9f76ff06df88f37ba7586b1b5a3ac8b43008b3eed0ca6a744393e6687_p95_ms.pdf,/ceph/sagnihot/projects/Lorena_Contrastive_Representation_Arch/sparse_contrast_benchmark_large_batch/outputs/figures/cifar10/vit_small/latency_19_loader_to_cpu_prediction_b1_balanced_corruption_4ba79ef9f76ff06df88f37ba7586b1b5a3ac8b43008b3eed0ca6a744393e6687_p95_ms.csv,31685dd59546519229724dfc122feaf7aff67802050567e02e1372e6e7e6dab9,54a154f52d9c5b8928b3f9022e880ee619f91f20ea7579b876cd7d4b8577a7e1,300,vector PDF; 300 dpi for rasterized content
training_sparse_testing_sparse,"Accuracy, robustness and loss",cifar10,vit_small,training_sparse_testing_sparse/results/cifar10/vit_small/latency_19_loader_to_cpu_prediction_b1_clean_4ba79ef9f76ff06df88f37ba7586b1b5a3ac8b43008b3eed0ca6a744393e6687_median_ms.pdf,training_sparse_testing_sparse/results/cifar10/vit_small/latency_19_loader_to_cpu_prediction_b1_clean_4ba79ef9f76ff06df88f37ba7586b1b5a3ac8b43008b3eed0ca6a744393e6687_median_ms.csv,/ceph/sagnihot/projects/Lorena_Contrastive_Representation_Arch/sparse_contrast_benchmark_large_batch/outputs/figures/cifar10/vit_small/latency_19_loader_to_cpu_prediction_b1_clean_4ba79ef9f76ff06df88f37ba7586b1b5a3ac8b43008b3eed0ca6a744393e6687_median_ms.pdf,/ceph/sagnihot/projects/Lorena_Contrastive_Representation_Arch/sparse_contrast_benchmark_large_batch/outputs/figures/cifar10/vit_small/latency_19_loader_to_cpu_prediction_b1_clean_4ba79ef9f76ff06df88f37ba7586b1b5a3ac8b43008b3eed0ca6a744393e6687_median_ms.csv,fc578d83d840b51d1e9580cda7a4165217e356eabb217023938074c360fa2b8c,30cc4f0c1e3df04702fd35bd141fb88bf7a4ac7a0dee316ff6c2e8c93de1109b,300,vector PDF; 300 dpi for rasterized content
training_sparse_testing_sparse,"Accuracy, robustness and loss",cifar10,vit_small,training_sparse_testing_sparse/results/cifar10/vit_small/latency_19_loader_to_cpu_prediction_b1_clean_4ba79ef9f76ff06df88f37ba7586b1b5a3ac8b43008b3eed0ca6a744393e6687_p95_ms.pdf,training_sparse_testing_sparse/results/cifar10/vit_small/latency_19_loader_to_cpu_prediction_b1_clean_4ba79ef9f76ff06df88f37ba7586b1b5a3ac8b43008b3eed0ca6a744393e6687_p95_ms.csv,/ceph/sagnihot/projects/Lorena_Contrastive_Representation_Arch/sparse_contrast_benchmark_large_batch/outputs/figures/cifar10/vit_small/latency_19_loader_to_cpu_prediction_b1_clean_4ba79ef9f76ff06df88f37ba7586b1b5a3ac8b43008b3eed0ca6a744393e6687_p95_ms.pdf,/ceph/sagnihot/projects/Lorena_Contrastive_Representation_Arch/sparse_contrast_benchmark_large_batch/outputs/figures/cifar10/vit_small/latency_19_loader_to_cpu_prediction_b1_clean_4ba79ef9f76ff06df88f37ba7586b1b5a3ac8b43008b3eed0ca6a744393e6687_p95_ms.csv,a49f49b7244ffc4e29f9fefbc0d2bbdcd664c98c6535e0ff7d5aff0ea7a8009b,d3f4f21a29e65c85fd10ca4d0aec2ea292c6c3f941c9f553c84130e8224a92f1,300,vector PDF; 300 dpi for rasterized content
training_sparse_testing_sparse,"Accuracy, robustness and loss",cifar10,vit_small,training_sparse_testing_sparse/results/cifar10/vit_small/latency_19_loader_to_cpu_prediction_b8_balanced_corruption_4ba79ef9f76ff06df88f37ba7586b1b5a3ac8b43008b3eed0ca6a744393e6687_median_ms.pdf,training_sparse_testing_sparse/results/cifar10/vit_small/latency_19_loader_to_cpu_prediction_b8_balanced_corruption_4ba79ef9f76ff06df88f37ba7586b1b5a3ac8b43008b3eed0ca6a744393e6687_median_ms.csv,/ceph/sagnihot/projects/Lorena_Contrastive_Representation_Arch/sparse_contrast_benchmark_large_batch/outputs/figures/cifar10/vit_small/latency_19_loader_to_cpu_prediction_b8_balanced_corruption_4ba79ef9f76ff06df88f37ba7586b1b5a3ac8b43008b3eed0ca6a744393e6687_median_ms.pdf,/ceph/sagnihot/projects/Lorena_Contrastive_Representation_Arch/sparse_contrast_benchmark_large_batch/outputs/figures/cifar10/vit_small/latency_19_loader_to_cpu_prediction_b8_balanced_corruption_4ba79ef9f76ff06df88f37ba7586b1b5a3ac8b43008b3eed0ca6a744393e6687_median_ms.csv,436b288d6ad0066c94d5adf25748cdcc122879b20dd9009d909440d802b1c46a,9cf624410e6ad8048fa62c12eea8c60035c7f6ef073784f6a8de8b58aea5a315,300,vector PDF; 300 dpi for rasterized content
training_sparse_testing_sparse,"Accuracy, robustness and loss",cifar10,vit_small,training_sparse_testing_sparse/results/cifar10/vit_small/latency_19_loader_to_cpu_prediction_b8_balanced_corruption_4ba79ef9f76ff06df88f37ba7586b1b5a3ac8b43008b3eed0ca6a744393e6687_p95_ms.pdf,training_sparse_testing_sparse/results/cifar10/vit_small/latency_19_loader_to_cpu_prediction_b8_balanced_corruption_4ba79ef9f76ff06df88f37ba7586b1b5a3ac8b43008b3eed0ca6a744393e6687_p95_ms.csv,/ceph/sagnihot/projects/Lorena_Contrastive_Representation_Arch/sparse_contrast_benchmark_large_batch/outputs/figures/cifar10/vit_small/latency_19_loader_to_cpu_prediction_b8_balanced_corruption_4ba79ef9f76ff06df88f37ba7586b1b5a3ac8b43008b3eed0ca6a744393e6687_p95_ms.pdf,/ceph/sagnihot/projects/Lorena_Contrastive_Representation_Arch/sparse_contrast_benchmark_large_batch/outputs/figures/cifar10/vit_small/latency_19_loader_to_cpu_prediction_b8_balanced_corruption_4ba79ef9f76ff06df88f37ba7586b1b5a3ac8b43008b3eed0ca6a744393e6687_p95_ms.csv,61057dd69ab70650634ee60c5bb501a4be18a380642386c766edc0d5db2d4cd7,f1ba98e853565cbe48fafb02729f360d9108d57607b85388dba935cea990b084,300,vector PDF; 300 dpi for rasterized content
training_sparse_testing_sparse,"Accuracy, robustness and loss",cifar10,vit_small,training_sparse_testing_sparse/results/cifar10/vit_small/latency_19_loader_to_cpu_prediction_b8_balanced_corruption_7df94a2abec9ef0568603c4e7869b4860929e5ea32db55feef4cd1821361a102_median_ms.pdf,training_sparse_testing_sparse/results/cifar10/vit_small/latency_19_loader_to_cpu_prediction_b8_balanced_corruption_7df94a2abec9ef0568603c4e7869b4860929e5ea32db55feef4cd1821361a102_median_ms.csv,/ceph/sagnihot/projects/Lorena_Contrastive_Representation_Arch/sparse_contrast_benchmark_large_batch/outputs/figures/cifar10/vit_small/latency_19_loader_to_cpu_prediction_b8_balanced_corruption_7df94a2abec9ef0568603c4e7869b4860929e5ea32db55feef4cd1821361a102_median_ms.pdf,/ceph/sagnihot/projects/Lorena_Contrastive_Representation_Arch/sparse_contrast_benchmark_large_batch/outputs/figures/cifar10/vit_small/latency_19_loader_to_cpu_prediction_b8_balanced_corruption_7df94a2abec9ef0568603c4e7869b4860929e5ea32db55feef4cd1821361a102_median_ms.csv,728bbde1060d1835188435630de59d999da30d973bdc730e7b11d89e2bd4d4aa,cee0bf0d6cf5268adf39f2d3b281dd29824dacd0e3e0e7a6d24b1b64904e8f87,300,vector PDF; 300 dpi for rasterized content
training_sparse_testing_sparse,"Accuracy, robustness and loss",cifar10,vit_small,training_sparse_testing_sparse/results/cifar10/vit_small/latency_19_loader_to_cpu_prediction_b8_balanced_corruption_7df94a2abec9ef0568603c4e7869b4860929e5ea32db55feef4cd1821361a102_p95_ms.pdf,training_sparse_testing_sparse/results/cifar10/vit_small/latency_19_loader_to_cpu_prediction_b8_balanced_corruption_7df94a2abec9ef0568603c4e7869b4860929e5ea32db55feef4cd1821361a102_p95_ms.csv,/ceph/sagnihot/projects/Lorena_Contrastive_Representation_Arch/sparse_contrast_benchmark_large_batch/outputs/figures/cifar10/vit_small/latency_19_loader_to_cpu_prediction_b8_balanced_corruption_7df94a2abec9ef0568603c4e7869b4860929e5ea32db55feef4cd1821361a102_p95_ms.pdf,/ceph/sagnihot/projects/Lorena_Contrastive_Representation_Arch/sparse_contrast_benchmark_large_batch/outputs/figures/cifar10/vit_small/latency_19_loader_to_cpu_prediction_b8_balanced_corruption_7df94a2abec9ef0568603c4e7869b4860929e5ea32db55feef4cd1821361a102_p95_ms.csv,318047cb92002c4a3a28b31296dbf98e094983be81e1c285505ba432ab5347e9,5289428a9c5455a63a2f5373a1730bdb34f4b13303220e2bc78b5a2286291126,300,vector PDF; 300 dpi for rasterized content
training_sparse_testing_sparse,"Accuracy, robustness and loss",cifar10,vit_small,training_sparse_testing_sparse/results/cifar10/vit_small/latency_19_loader_to_cpu_prediction_b8_clean_4ba79ef9f76ff06df88f37ba7586b1b5a3ac8b43008b3eed0ca6a744393e6687_median_ms.pdf,training_sparse_testing_sparse/results/cifar10/vit_small/latency_19_loader_to_cpu_prediction_b8_clean_4ba79ef9f76ff06df88f37ba7586b1b5a3ac8b43008b3eed0ca6a744393e6687_median_ms.csv,/ceph/sagnihot/projects/Lorena_Contrastive_Representation_Arch/sparse_contrast_benchmark_large_batch/outputs/figures/cifar10/vit_small/latency_19_loader_to_cpu_prediction_b8_clean_4ba79ef9f76ff06df88f37ba7586b1b5a3ac8b43008b3eed0ca6a744393e6687_median_ms.pdf,/ceph/sagnihot/projects/Lorena_Contrastive_Representation_Arch/sparse_contrast_benchmark_large_batch/outputs/figures/cifar10/vit_small/latency_19_loader_to_cpu_prediction_b8_clean_4ba79ef9f76ff06df88f37ba7586b1b5a3ac8b43008b3eed0ca6a744393e6687_median_ms.csv,31932dc639aade93a78b66b796a65fa67af3908460ceecda321757bac7f7f0ea,9d56418b60ce9dee4a5dbdd566a4777d945223be93c9417d763058075136b557,300,vector PDF; 300 dpi for rasterized content
training_sparse_testing_sparse,"Accuracy, robustness and loss",cifar10,vit_small,training_sparse_testing_sparse/results/cifar10/vit_small/latency_19_loader_to_cpu_prediction_b8_clean_4ba79ef9f76ff06df88f37ba7586b1b5a3ac8b43008b3eed0ca6a744393e6687_p95_ms.pdf,training_sparse_testing_sparse/results/cifar10/vit_small/latency_19_loader_to_cpu_prediction_b8_clean_4ba79ef9f76ff06df88f37ba7586b1b5a3ac8b43008b3eed0ca6a744393e6687_p95_ms.csv,/ceph/sagnihot/projects/Lorena_Contrastive_Representation_Arch/sparse_contrast_benchmark_large_batch/outputs/figures/cifar10/vit_small/latency_19_loader_to_cpu_prediction_b8_clean_4ba79ef9f76ff06df88f37ba7586b1b5a3ac8b43008b3eed0ca6a744393e6687_p95_ms.pdf,/ceph/sagnihot/projects/Lorena_Contrastive_Representation_Arch/sparse_contrast_benchmark_large_batch/outputs/figures/cifar10/vit_small/latency_19_loader_to_cpu_prediction_b8_clean_4ba79ef9f76ff06df88f37ba7586b1b5a3ac8b43008b3eed0ca6a744393e6687_p95_ms.csv,083f372cbe6d28afea59872b049b28c0d8070d5056c463017b3209c197584b37,13f292ce93b7634816a9f7522d78fd60f48569292187a09420d21b2ebfa3d76a,300,vector PDF; 300 dpi for rasterized content
training_sparse_testing_sparse,"Accuracy, robustness and loss",cifar10,vit_small,training_sparse_testing_sparse/results/cifar10/vit_small/latency_19_loader_to_cpu_prediction_b8_clean_7df94a2abec9ef0568603c4e7869b4860929e5ea32db55feef4cd1821361a102_median_ms.pdf,training_sparse_testing_sparse/results/cifar10/vit_small/latency_19_loader_to_cpu_prediction_b8_clean_7df94a2abec9ef0568603c4e7869b4860929e5ea32db55feef4cd1821361a102_median_ms.csv,/ceph/sagnihot/projects/Lorena_Contrastive_Representation_Arch/sparse_contrast_benchmark_large_batch/outputs/figures/cifar10/vit_small/latency_19_loader_to_cpu_prediction_b8_clean_7df94a2abec9ef0568603c4e7869b4860929e5ea32db55feef4cd1821361a102_median_ms.pdf,/ceph/sagnihot/projects/Lorena_Contrastive_Representation_Arch/sparse_contrast_benchmark_large_batch/outputs/figures/cifar10/vit_small/latency_19_loader_to_cpu_prediction_b8_clean_7df94a2abec9ef0568603c4e7869b4860929e5ea32db55feef4cd1821361a102_median_ms.csv,f575eb2224d51a7950e34a2cb18db164db20aaae76dec0fdaa39ad7b946a1a7a,2d590ba88891d6cbf7c4a699f695a627220ae59b6b2ba983fb4c0be311092313,300,vector PDF; 300 dpi for rasterized content
training_sparse_testing_sparse,"Accuracy, robustness and loss",cifar10,vit_small,training_sparse_testing_sparse/results/cifar10/vit_small/latency_19_loader_to_cpu_prediction_b8_clean_7df94a2abec9ef0568603c4e7869b4860929e5ea32db55feef4cd1821361a102_p95_ms.pdf,training_sparse_testing_sparse/results/cifar10/vit_small/latency_19_loader_to_cpu_prediction_b8_clean_7df94a2abec9ef0568603c4e7869b4860929e5ea32db55feef4cd1821361a102_p95_ms.csv,/ceph/sagnihot/projects/Lorena_Contrastive_Representation_Arch/sparse_contrast_benchmark_large_batch/outputs/figures/cifar10/vit_small/latency_19_loader_to_cpu_prediction_b8_clean_7df94a2abec9ef0568603c4e7869b4860929e5ea32db55feef4cd1821361a102_p95_ms.pdf,/ceph/sagnihot/projects/Lorena_Contrastive_Representation_Arch/sparse_contrast_benchmark_large_batch/outputs/figures/cifar10/vit_small/latency_19_loader_to_cpu_prediction_b8_clean_7df94a2abec9ef0568603c4e7869b4860929e5ea32db55feef4cd1821361a102_p95_ms.csv,ce0b6ad754f9e67c588e040182504aeb587f1ee955866eae040aae077a3077b8,425c5b4378487113d84f10d13b908e5db3444f0df2fa95faac82b8e7d58e0c1b,300,vector PDF; 300 dpi for rasterized content
training_sparse_testing_sparse,"Accuracy, robustness and loss",cifar10,vit_small,training_sparse_testing_sparse/results/cifar10/vit_small/learning_color_opponency_compact_p0_accuracy.pdf,training_sparse_testing_sparse/results/cifar10/vit_small/learning_color_opponency_compact_p0_accuracy.csv,/ceph/sagnihot/projects/Lorena_Contrastive_Representation_Arch/sparse_contrast_benchmark_large_batch/outputs/figures/cifar10/vit_small/learning_color_opponency_compact_p0_accuracy.pdf,/ceph/sagnihot/projects/Lorena_Contrastive_Representation_Arch/sparse_contrast_benchmark_large_batch/outputs/figures/cifar10/vit_small/learning_color_opponency_compact_p0_accuracy.csv,f2d8cdc70e8419441d3df24a2e41013584e955dffdf63f4b89de576e0d82ad0f,3419d9ea1abdb08f2e9f5e435541c1da654355198b1c1a5c146b544e04f45a38,300,vector PDF; 300 dpi for rasterized content
training_sparse_testing_sparse,"Accuracy, robustness and loss",cifar10,vit_small,training_sparse_testing_sparse/results/cifar10/vit_small/learning_color_opponency_compact_p0_loss.pdf,training_sparse_testing_sparse/results/cifar10/vit_small/learning_color_opponency_compact_p0_loss.csv,/ceph/sagnihot/projects/Lorena_Contrastive_Representation_Arch/sparse_contrast_benchmark_large_batch/outputs/figures/cifar10/vit_small/learning_color_opponency_compact_p0_loss.pdf,/ceph/sagnihot/projects/Lorena_Contrastive_Representation_Arch/sparse_contrast_benchmark_large_batch/outputs/figures/cifar10/vit_small/learning_color_opponency_compact_p0_loss.csv,ec7dce823e8f1dd57b40f91ee54bac0c8bbb4ce120bfb16cc4d28826cde29b59,3419d9ea1abdb08f2e9f5e435541c1da654355198b1c1a5c146b544e04f45a38,300,vector PDF; 300 dpi for rasterized content
training_sparse_testing_sparse,"Accuracy, robustness and loss",cifar10,vit_small,training_sparse_testing_sparse/results/cifar10/vit_small/learning_color_opponency_compact_p20_accuracy.pdf,training_sparse_testing_sparse/results/cifar10/vit_small/learning_color_opponency_compact_p20_accuracy.csv,/ceph/sagnihot/projects/Lorena_Contrastive_Representation_Arch/sparse_contrast_benchmark_large_batch/outputs/figures/cifar10/vit_small/learning_color_opponency_compact_p20_accuracy.pdf,/ceph/sagnihot/projects/Lorena_Contrastive_Representation_Arch/sparse_contrast_benchmark_large_batch/outputs/figures/cifar10/vit_small/learning_color_opponency_compact_p20_accuracy.csv,8de4500069ae03e43662c20cc83f9dbecdbe42ec1edcf6675bea13f7a98f700d,a7d79175e4bb2d8f034c3e4bb1304d21c5d9a3be9386ad548ebdaea3392be632,300,vector PDF; 300 dpi for rasterized content
training_sparse_testing_sparse,"Accuracy, robustness and loss",cifar10,vit_small,training_sparse_testing_sparse/results/cifar10/vit_small/learning_color_opponency_compact_p20_loss.pdf,training_sparse_testing_sparse/results/cifar10/vit_small/learning_color_opponency_compact_p20_loss.csv,/ceph/sagnihot/projects/Lorena_Contrastive_Representation_Arch/sparse_contrast_benchmark_large_batch/outputs/figures/cifar10/vit_small/learning_color_opponency_compact_p20_loss.pdf,/ceph/sagnihot/projects/Lorena_Contrastive_Representation_Arch/sparse_contrast_benchmark_large_batch/outputs/figures/cifar10/vit_small/learning_color_opponency_compact_p20_loss.csv,ebe6ef62ba21ce8f9151ff7f2e21c91256b265c92a11029ec63f59449896e2c7,a7d79175e4bb2d8f034c3e4bb1304d21c5d9a3be9386ad548ebdaea3392be632,300,vector PDF; 300 dpi for rasterized content
training_sparse_testing_sparse,"Accuracy, robustness and loss",cifar10,vit_small,training_sparse_testing_sparse/results/cifar10/vit_small/learning_color_opponency_compact_p40_accuracy.pdf,training_sparse_testing_sparse/results/cifar10/vit_small/learning_color_opponency_compact_p40_accuracy.csv,/ceph/sagnihot/projects/Lorena_Contrastive_Representation_Arch/sparse_contrast_benchmark_large_batch/outputs/figures/cifar10/vit_small/learning_color_opponency_compact_p40_accuracy.pdf,/ceph/sagnihot/projects/Lorena_Contrastive_Representation_Arch/sparse_contrast_benchmark_large_batch/outputs/figures/cifar10/vit_small/learning_color_opponency_compact_p40_accuracy.csv,7abec14157a9d6985a6f53aab3053762ee3194e0ee168f77f7a6fa69a464f4ae,1c8face0cbac1eddc198e7ab6945306402f21a8155ba0fe279275dc499918e01,300,vector PDF; 300 dpi for rasterized content
training_sparse_testing_sparse,"Accuracy, robustness and loss",cifar10,vit_small,training_sparse_testing_sparse/results/cifar10/vit_small/learning_color_opponency_compact_p40_loss.pdf,training_sparse_testing_sparse/results/cifar10/vit_small/learning_color_opponency_compact_p40_loss.csv,/ceph/sagnihot/projects/Lorena_Contrastive_Representation_Arch/sparse_contrast_benchmark_large_batch/outputs/figures/cifar10/vit_small/learning_color_opponency_compact_p40_loss.pdf,/ceph/sagnihot/projects/Lorena_Contrastive_Representation_Arch/sparse_contrast_benchmark_large_batch/outputs/figures/cifar10/vit_small/learning_color_opponency_compact_p40_loss.csv,13a32cd7bb5f050cc46b5b91e68361090d63d70c5d7a3354b79520d1e5cf87df,1c8face0cbac1eddc198e7ab6945306402f21a8155ba0fe279275dc499918e01,300,vector PDF; 300 dpi for rasterized content
training_sparse_testing_sparse,"Accuracy, robustness and loss",cifar10,vit_small,training_sparse_testing_sparse/results/cifar10/vit_small/learning_color_opponency_compact_p60_accuracy.pdf,training_sparse_testing_sparse/results/cifar10/vit_small/learning_color_opponency_compact_p60_accuracy.csv,/ceph/sagnihot/projects/Lorena_Contrastive_Representation_Arch/sparse_contrast_benchmark_large_batch/outputs/figures/cifar10/vit_small/learning_color_opponency_compact_p60_accuracy.pdf,/ceph/sagnihot/projects/Lorena_Contrastive_Representation_Arch/sparse_contrast_benchmark_large_batch/outputs/figures/cifar10/vit_small/learning_color_opponency_compact_p60_accuracy.csv,065b9b3505a536b57e5df9ce8763cd929fde798d4d9391789dfb6627f10c0cbd,3dedae052fc799e706eae6b1f01253288130ee07b6345f2d6f5aa9b8e314b0f4,300,vector PDF; 300 dpi for rasterized content
training_sparse_testing_sparse,"Accuracy, robustness and loss",cifar10,vit_small,training_sparse_testing_sparse/results/cifar10/vit_small/learning_color_opponency_compact_p60_loss.pdf,training_sparse_testing_sparse/results/cifar10/vit_small/learning_color_opponency_compact_p60_loss.csv,/ceph/sagnihot/projects/Lorena_Contrastive_Representation_Arch/sparse_contrast_benchmark_large_batch/outputs/figures/cifar10/vit_small/learning_color_opponency_compact_p60_loss.pdf,/ceph/sagnihot/projects/Lorena_Contrastive_Representation_Arch/sparse_contrast_benchmark_large_batch/outputs/figures/cifar10/vit_small/learning_color_opponency_compact_p60_loss.csv,728a8fec2e0a4fdbd5fc9b25cb95e734c4d304ca33f6dd2d663a0229e9309b6c,3dedae052fc799e706eae6b1f01253288130ee07b6345f2d6f5aa9b8e314b0f4,300,vector PDF; 300 dpi for rasterized content
training_sparse_testing_sparse,"Accuracy, robustness and loss",cifar10,vit_small,training_sparse_testing_sparse/results/cifar10/vit_small/learning_color_opponency_compact_p80_accuracy.pdf,training_sparse_testing_sparse/results/cifar10/vit_small/learning_color_opponency_compact_p80_accuracy.csv,/ceph/sagnihot/projects/Lorena_Contrastive_Representation_Arch/sparse_contrast_benchmark_large_batch/outputs/figures/cifar10/vit_small/learning_color_opponency_compact_p80_accuracy.pdf,/ceph/sagnihot/projects/Lorena_Contrastive_Representation_Arch/sparse_contrast_benchmark_large_batch/outputs/figures/cifar10/vit_small/learning_color_opponency_compact_p80_accuracy.csv,34aef07e5064792473bbda8deac32b2df39a030497eb8638ff2fa1fa8c694d5a,bc3abd234f42f2d3b2ebe7a64698e762022a083ba18291abfe5cbb0a3c234602,300,vector PDF; 300 dpi for rasterized content
training_sparse_testing_sparse,"Accuracy, robustness and loss",cifar10,vit_small,training_sparse_testing_sparse/results/cifar10/vit_small/learning_color_opponency_compact_p80_loss.pdf,training_sparse_testing_sparse/results/cifar10/vit_small/learning_color_opponency_compact_p80_loss.csv,/ceph/sagnihot/projects/Lorena_Contrastive_Representation_Arch/sparse_contrast_benchmark_large_batch/outputs/figures/cifar10/vit_small/learning_color_opponency_compact_p80_loss.pdf,/ceph/sagnihot/projects/Lorena_Contrastive_Representation_Arch/sparse_contrast_benchmark_large_batch/outputs/figures/cifar10/vit_small/learning_color_opponency_compact_p80_loss.csv,0a6056a3f63ea1674229f87c45e33abb8aa641ee18b1b20161390e18857a1219,bc3abd234f42f2d3b2ebe7a64698e762022a083ba18291abfe5cbb0a3c234602,300,vector PDF; 300 dpi for rasterized content
training_sparse_testing_sparse,"Accuracy, robustness and loss",cifar10,vit_small,training_sparse_testing_sparse/results/cifar10/vit_small/learning_color_opponency_dense_p0_accuracy.pdf,training_sparse_testing_sparse/results/cifar10/vit_small/learning_color_opponency_dense_p0_accuracy.csv,/ceph/sagnihot/projects/Lorena_Contrastive_Representation_Arch/sparse_contrast_benchmark_large_batch/outputs/figures/cifar10/vit_small/learning_color_opponency_dense_p0_accuracy.pdf,/ceph/sagnihot/projects/Lorena_Contrastive_Representation_Arch/sparse_contrast_benchmark_large_batch/outputs/figures/cifar10/vit_small/learning_color_opponency_dense_p0_accuracy.csv,8fb5995f65621901464a084200ad04224b80863bab36e79c2c244655850ba6ed,c11760673d06538eb93e259f90aba7e1a7158295f6792a94964395f86c50d86c,300,vector PDF; 300 dpi for rasterized content
training_sparse_testing_sparse,"Accuracy, robustness and loss",cifar10,vit_small,training_sparse_testing_sparse/results/cifar10/vit_small/learning_color_opponency_dense_p0_loss.pdf,training_sparse_testing_sparse/results/cifar10/vit_small/learning_color_opponency_dense_p0_loss.csv,/ceph/sagnihot/projects/Lorena_Contrastive_Representation_Arch/sparse_contrast_benchmark_large_batch/outputs/figures/cifar10/vit_small/learning_color_opponency_dense_p0_loss.pdf,/ceph/sagnihot/projects/Lorena_Contrastive_Representation_Arch/sparse_contrast_benchmark_large_batch/outputs/figures/cifar10/vit_small/learning_color_opponency_dense_p0_loss.csv,49679f2075cfb51a517e0e8ee4f0c80b654e30ba5ef902b99a3466da0b54a6b2,c11760673d06538eb93e259f90aba7e1a7158295f6792a94964395f86c50d86c,300,vector PDF; 300 dpi for rasterized content
training_sparse_testing_sparse,"Accuracy, robustness and loss",cifar10,vit_small,training_sparse_testing_sparse/results/cifar10/vit_small/learning_grayscale_compact_p0_accuracy.pdf,training_sparse_testing_sparse/results/cifar10/vit_small/learning_grayscale_compact_p0_accuracy.csv,/ceph/sagnihot/projects/Lorena_Contrastive_Representation_Arch/sparse_contrast_benchmark_large_batch/outputs/figures/cifar10/vit_small/learning_grayscale_compact_p0_accuracy.pdf,/ceph/sagnihot/projects/Lorena_Contrastive_Representation_Arch/sparse_contrast_benchmark_large_batch/outputs/figures/cifar10/vit_small/learning_grayscale_compact_p0_accuracy.csv,a6579e5dc574fd1ce11e9095f32d95e00e1ae3f19df97261296bba2c6342007a,36e286613ed37f0fd5fc635bff86836d715682d5e986b5896f9a05025c9c0ce2,300,vector PDF; 300 dpi for rasterized content
training_sparse_testing_sparse,"Accuracy, robustness and loss",cifar10,vit_small,training_sparse_testing_sparse/results/cifar10/vit_small/learning_grayscale_compact_p0_loss.pdf,training_sparse_testing_sparse/results/cifar10/vit_small/learning_grayscale_compact_p0_loss.csv,/ceph/sagnihot/projects/Lorena_Contrastive_Representation_Arch/sparse_contrast_benchmark_large_batch/outputs/figures/cifar10/vit_small/learning_grayscale_compact_p0_loss.pdf,/ceph/sagnihot/projects/Lorena_Contrastive_Representation_Arch/sparse_contrast_benchmark_large_batch/outputs/figures/cifar10/vit_small/learning_grayscale_compact_p0_loss.csv,83bd09001d71a837760af0e4be39b636a3e5b5118d31b19c966216edfd9ddbb5,36e286613ed37f0fd5fc635bff86836d715682d5e986b5896f9a05025c9c0ce2,300,vector PDF; 300 dpi for rasterized content
training_sparse_testing_sparse,"Accuracy, robustness and loss",cifar10,vit_small,training_sparse_testing_sparse/results/cifar10/vit_small/learning_grayscale_compact_p20_accuracy.pdf,training_sparse_testing_sparse/results/cifar10/vit_small/learning_grayscale_compact_p20_accuracy.csv,/ceph/sagnihot/projects/Lorena_Contrastive_Representation_Arch/sparse_contrast_benchmark_large_batch/outputs/figures/cifar10/vit_small/learning_grayscale_compact_p20_accuracy.pdf,/ceph/sagnihot/projects/Lorena_Contrastive_Representation_Arch/sparse_contrast_benchmark_large_batch/outputs/figures/cifar10/vit_small/learning_grayscale_compact_p20_accuracy.csv,851b8c3de182b70267409f18c5665a46380a613c202c097203ab8fc819ad8c60,fb2bd5d6d4eb101a5c567ea075bc8c3fe6826c2b1fda8d0b51a3fce638268e90,300,vector PDF; 300 dpi for rasterized content
training_sparse_testing_sparse,"Accuracy, robustness and loss",cifar10,vit_small,training_sparse_testing_sparse/results/cifar10/vit_small/learning_grayscale_compact_p20_loss.pdf,training_sparse_testing_sparse/results/cifar10/vit_small/learning_grayscale_compact_p20_loss.csv,/ceph/sagnihot/projects/Lorena_Contrastive_Representation_Arch/sparse_contrast_benchmark_large_batch/outputs/figures/cifar10/vit_small/learning_grayscale_compact_p20_loss.pdf,/ceph/sagnihot/projects/Lorena_Contrastive_Representation_Arch/sparse_contrast_benchmark_large_batch/outputs/figures/cifar10/vit_small/learning_grayscale_compact_p20_loss.csv,6df9923e5ca84f704b01b2d4ffa9ba325763b6b8e661b21d181e060b11930fe8,fb2bd5d6d4eb101a5c567ea075bc8c3fe6826c2b1fda8d0b51a3fce638268e90,300,vector PDF; 300 dpi for rasterized content
training_sparse_testing_sparse,"Accuracy, robustness and loss",cifar10,vit_small,training_sparse_testing_sparse/results/cifar10/vit_small/learning_grayscale_compact_p40_accuracy.pdf,training_sparse_testing_sparse/results/cifar10/vit_small/learning_grayscale_compact_p40_accuracy.csv,/ceph/sagnihot/projects/Lorena_Contrastive_Representation_Arch/sparse_contrast_benchmark_large_batch/outputs/figures/cifar10/vit_small/learning_grayscale_compact_p40_accuracy.pdf,/ceph/sagnihot/projects/Lorena_Contrastive_Representation_Arch/sparse_contrast_benchmark_large_batch/outputs/figures/cifar10/vit_small/learning_grayscale_compact_p40_accuracy.csv,d0d82acc9ab8c75dec5daf6bdc3a02c7af1f611a5d743bc6ca2010b4012123a4,8c63340c620a1adc85b8cbca8dd3a6651bb94d65b389d756763d199fa6d75884,300,vector PDF; 300 dpi for rasterized content
training_sparse_testing_sparse,"Accuracy, robustness and loss",cifar10,vit_small,training_sparse_testing_sparse/results/cifar10/vit_small/learning_grayscale_compact_p40_loss.pdf,training_sparse_testing_sparse/results/cifar10/vit_small/learning_grayscale_compact_p40_loss.csv,/ceph/sagnihot/projects/Lorena_Contrastive_Representation_Arch/sparse_contrast_benchmark_large_batch/outputs/figures/cifar10/vit_small/learning_grayscale_compact_p40_loss.pdf,/ceph/sagnihot/projects/Lorena_Contrastive_Representation_Arch/sparse_contrast_benchmark_large_batch/outputs/figures/cifar10/vit_small/learning_grayscale_compact_p40_loss.csv,c623d802f9e346999d10b9af8fd04541eac91dfbdffa914d46b6c465deef47d2,8c63340c620a1adc85b8cbca8dd3a6651bb94d65b389d756763d199fa6d75884,300,vector PDF; 300 dpi for rasterized content
training_sparse_testing_sparse,"Accuracy, robustness and loss",cifar10,vit_small,training_sparse_testing_sparse/results/cifar10/vit_small/learning_grayscale_compact_p60_accuracy.pdf,training_sparse_testing_sparse/results/cifar10/vit_small/learning_grayscale_compact_p60_accuracy.csv,/ceph/sagnihot/projects/Lorena_Contrastive_Representation_Arch/sparse_contrast_benchmark_large_batch/outputs/figures/cifar10/vit_small/learning_grayscale_compact_p60_accuracy.pdf,/ceph/sagnihot/projects/Lorena_Contrastive_Representation_Arch/sparse_contrast_benchmark_large_batch/outputs/figures/cifar10/vit_small/learning_grayscale_compact_p60_accuracy.csv,dd994c452138eeab8a02ff83869964917089bae058d7ec50b449574f5910a77f,ab6932b1d6de690b016090bd309eec027c546211674536c28adeb5af520033e8,300,vector PDF; 300 dpi for rasterized content
training_sparse_testing_sparse,"Accuracy, robustness and loss",cifar10,vit_small,training_sparse_testing_sparse/results/cifar10/vit_small/learning_grayscale_compact_p60_loss.pdf,training_sparse_testing_sparse/results/cifar10/vit_small/learning_grayscale_compact_p60_loss.csv,/ceph/sagnihot/projects/Lorena_Contrastive_Representation_Arch/sparse_contrast_benchmark_large_batch/outputs/figures/cifar10/vit_small/learning_grayscale_compact_p60_loss.pdf,/ceph/sagnihot/projects/Lorena_Contrastive_Representation_Arch/sparse_contrast_benchmark_large_batch/outputs/figures/cifar10/vit_small/learning_grayscale_compact_p60_loss.csv,110add06e8dc60a67effabc06c86b68a7c7fa9dadb172ae81ce7e30a49bfa864,ab6932b1d6de690b016090bd309eec027c546211674536c28adeb5af520033e8,300,vector PDF; 300 dpi for rasterized content
training_sparse_testing_sparse,"Accuracy, robustness and loss",cifar10,vit_small,training_sparse_testing_sparse/results/cifar10/vit_small/learning_grayscale_compact_p80_accuracy.pdf,training_sparse_testing_sparse/results/cifar10/vit_small/learning_grayscale_compact_p80_accuracy.csv,/ceph/sagnihot/projects/Lorena_Contrastive_Representation_Arch/sparse_contrast_benchmark_large_batch/outputs/figures/cifar10/vit_small/learning_grayscale_compact_p80_accuracy.pdf,/ceph/sagnihot/projects/Lorena_Contrastive_Representation_Arch/sparse_contrast_benchmark_large_batch/outputs/figures/cifar10/vit_small/learning_grayscale_compact_p80_accuracy.csv,b4be5753c856b0f2969949a6e18f0ba548dbfe01ee3f854180359c07e2840f57,9acf008519dd158436ed472a1c3b5a31864b52b243164f2690b995604e7f7a16,300,vector PDF; 300 dpi for rasterized content
training_sparse_testing_sparse,"Accuracy, robustness and loss",cifar10,vit_small,training_sparse_testing_sparse/results/cifar10/vit_small/learning_grayscale_compact_p80_loss.pdf,training_sparse_testing_sparse/results/cifar10/vit_small/learning_grayscale_compact_p80_loss.csv,/ceph/sagnihot/projects/Lorena_Contrastive_Representation_Arch/sparse_contrast_benchmark_large_batch/outputs/figures/cifar10/vit_small/learning_grayscale_compact_p80_loss.pdf,/ceph/sagnihot/projects/Lorena_Contrastive_Representation_Arch/sparse_contrast_benchmark_large_batch/outputs/figures/cifar10/vit_small/learning_grayscale_compact_p80_loss.csv,4e37ab4964c62c705bb0496eb75c2a53f2c2a77836af20a3a3cc9dbca3bd5f4b,9acf008519dd158436ed472a1c3b5a31864b52b243164f2690b995604e7f7a16,300,vector PDF; 300 dpi for rasterized content
training_sparse_testing_sparse,"Accuracy, robustness and loss",cifar10,vit_small,training_sparse_testing_sparse/results/cifar10/vit_small/learning_grayscale_dense_p0_accuracy.pdf,training_sparse_testing_sparse/results/cifar10/vit_small/learning_grayscale_dense_p0_accuracy.csv,/ceph/sagnihot/projects/Lorena_Contrastive_Representation_Arch/sparse_contrast_benchmark_large_batch/outputs/figures/cifar10/vit_small/learning_grayscale_dense_p0_accuracy.pdf,/ceph/sagnihot/projects/Lorena_Contrastive_Representation_Arch/sparse_contrast_benchmark_large_batch/outputs/figures/cifar10/vit_small/learning_grayscale_dense_p0_accuracy.csv,4cafb82533e75e313b250906b4604bafeb373c93a105411a9caeaa6c18fe1a50,9165bd8a0c8d54b0e1577abe2b629711f5ea305e14871b1fa9476c82e878645f,300,vector PDF; 300 dpi for rasterized content
training_sparse_testing_sparse,"Accuracy, robustness and loss",cifar10,vit_small,training_sparse_testing_sparse/results/cifar10/vit_small/learning_grayscale_dense_p0_loss.pdf,training_sparse_testing_sparse/results/cifar10/vit_small/learning_grayscale_dense_p0_loss.csv,/ceph/sagnihot/projects/Lorena_Contrastive_Representation_Arch/sparse_contrast_benchmark_large_batch/outputs/figures/cifar10/vit_small/learning_grayscale_dense_p0_loss.pdf,/ceph/sagnihot/projects/Lorena_Contrastive_Representation_Arch/sparse_contrast_benchmark_large_batch/outputs/figures/cifar10/vit_small/learning_grayscale_dense_p0_loss.csv,23d6eb3497b7ec16add1b6d810139245b6d4809e6764093bbc3bfef339884759,9165bd8a0c8d54b0e1577abe2b629711f5ea305e14871b1fa9476c82e878645f,300,vector PDF; 300 dpi for rasterized content
training_sparse_testing_sparse,"Accuracy, robustness and loss",cifar10,vit_small,training_sparse_testing_sparse/results/cifar10/vit_small/learning_raw_dense_pNone_accuracy.pdf,training_sparse_testing_sparse/results/cifar10/vit_small/learning_raw_dense_pNone_accuracy.csv,/ceph/sagnihot/projects/Lorena_Contrastive_Representation_Arch/sparse_contrast_benchmark_large_batch/outputs/figures/cifar10/vit_small/learning_raw_dense_pNone_accuracy.pdf,/ceph/sagnihot/projects/Lorena_Contrastive_Representation_Arch/sparse_contrast_benchmark_large_batch/outputs/figures/cifar10/vit_small/learning_raw_dense_pNone_accuracy.csv,1426ccbf5b1acc1dfe45e6390ed5876a94733b4fbe242b29b65175bdc2940aa8,2b29df5d9634c666551f4858e7c98d98961d6fa0019955f117c432091da9568f,300,vector PDF; 300 dpi for rasterized content
training_sparse_testing_sparse,"Accuracy, robustness and loss",cifar10,vit_small,training_sparse_testing_sparse/results/cifar10/vit_small/learning_raw_dense_pNone_loss.pdf,training_sparse_testing_sparse/results/cifar10/vit_small/learning_raw_dense_pNone_loss.csv,/ceph/sagnihot/projects/Lorena_Contrastive_Representation_Arch/sparse_contrast_benchmark_large_batch/outputs/figures/cifar10/vit_small/learning_raw_dense_pNone_loss.pdf,/ceph/sagnihot/projects/Lorena_Contrastive_Representation_Arch/sparse_contrast_benchmark_large_batch/outputs/figures/cifar10/vit_small/learning_raw_dense_pNone_loss.csv,d8bfa61ec124347fb0205daf2afd58f33e675c2a555c6c87c4a1b2e686a50343,2b29df5d9634c666551f4858e7c98d98961d6fa0019955f117c432091da9568f,300,vector PDF; 300 dpi for rasterized content
training_sparse_testing_sparse,"Accuracy, robustness and loss",cifar10,vit_small,training_sparse_testing_sparse/results/cifar10/vit_small/learning_single_color_compact_p0_accuracy.pdf,training_sparse_testing_sparse/results/cifar10/vit_small/learning_single_color_compact_p0_accuracy.csv,/ceph/sagnihot/projects/Lorena_Contrastive_Representation_Arch/sparse_contrast_benchmark_large_batch/outputs/figures/cifar10/vit_small/learning_single_color_compact_p0_accuracy.pdf,/ceph/sagnihot/projects/Lorena_Contrastive_Representation_Arch/sparse_contrast_benchmark_large_batch/outputs/figures/cifar10/vit_small/learning_single_color_compact_p0_accuracy.csv,c4a32eacae798bfe11b2792f05c230831352d6b00473d9ca6deba25868e08f78,14624f6a2647d8ca8773cfe2a72d00a46c0f8885142b15960c7d43895dc08d9c,300,vector PDF; 300 dpi for rasterized content
training_sparse_testing_sparse,"Accuracy, robustness and loss",cifar10,vit_small,training_sparse_testing_sparse/results/cifar10/vit_small/learning_single_color_compact_p0_loss.pdf,training_sparse_testing_sparse/results/cifar10/vit_small/learning_single_color_compact_p0_loss.csv,/ceph/sagnihot/projects/Lorena_Contrastive_Representation_Arch/sparse_contrast_benchmark_large_batch/outputs/figures/cifar10/vit_small/learning_single_color_compact_p0_loss.pdf,/ceph/sagnihot/projects/Lorena_Contrastive_Representation_Arch/sparse_contrast_benchmark_large_batch/outputs/figures/cifar10/vit_small/learning_single_color_compact_p0_loss.csv,212c135ddc9242625aa95d243d67439f6f5cac22c172e3b73b54a12a40b37d4e,14624f6a2647d8ca8773cfe2a72d00a46c0f8885142b15960c7d43895dc08d9c,300,vector PDF; 300 dpi for rasterized content
training_sparse_testing_sparse,"Accuracy, robustness and loss",cifar10,vit_small,training_sparse_testing_sparse/results/cifar10/vit_small/learning_single_color_compact_p20_accuracy.pdf,training_sparse_testing_sparse/results/cifar10/vit_small/learning_single_color_compact_p20_accuracy.csv,/ceph/sagnihot/projects/Lorena_Contrastive_Representation_Arch/sparse_contrast_benchmark_large_batch/outputs/figures/cifar10/vit_small/learning_single_color_compact_p20_accuracy.pdf,/ceph/sagnihot/projects/Lorena_Contrastive_Representation_Arch/sparse_contrast_benchmark_large_batch/outputs/figures/cifar10/vit_small/learning_single_color_compact_p20_accuracy.csv,d385dfcbb49d29c6bfdba42f35287c26a8f43d268fbb6d27ed4bcee5281ee761,6aeec2759749d85df32f620449d28a07dcd3d61ae756280bf9430d72e03323af,300,vector PDF; 300 dpi for rasterized content
training_sparse_testing_sparse,"Accuracy, robustness and loss",cifar10,vit_small,training_sparse_testing_sparse/results/cifar10/vit_small/learning_single_color_compact_p20_loss.pdf,training_sparse_testing_sparse/results/cifar10/vit_small/learning_single_color_compact_p20_loss.csv,/ceph/sagnihot/projects/Lorena_Contrastive_Representation_Arch/sparse_contrast_benchmark_large_batch/outputs/figures/cifar10/vit_small/learning_single_color_compact_p20_loss.pdf,/ceph/sagnihot/projects/Lorena_Contrastive_Representation_Arch/sparse_contrast_benchmark_large_batch/outputs/figures/cifar10/vit_small/learning_single_color_compact_p20_loss.csv,96fad8ab74fef2c048f5a7f2c11df40d9101bb04e4c6f71341e507f7a4a53290,6aeec2759749d85df32f620449d28a07dcd3d61ae756280bf9430d72e03323af,300,vector PDF; 300 dpi for rasterized content
training_sparse_testing_sparse,"Accuracy, robustness and loss",cifar10,vit_small,training_sparse_testing_sparse/results/cifar10/vit_small/learning_single_color_compact_p40_accuracy.pdf,training_sparse_testing_sparse/results/cifar10/vit_small/learning_single_color_compact_p40_accuracy.csv,/ceph/sagnihot/projects/Lorena_Contrastive_Representation_Arch/sparse_contrast_benchmark_large_batch/outputs/figures/cifar10/vit_small/learning_single_color_compact_p40_accuracy.pdf,/ceph/sagnihot/projects/Lorena_Contrastive_Representation_Arch/sparse_contrast_benchmark_large_batch/outputs/figures/cifar10/vit_small/learning_single_color_compact_p40_accuracy.csv,7d7fb783ab5023123c328af31d61a013e69543264640b60c5383f3a462077c5e,f2435e880de07b8c9a148f0c183be7c9a49f06f648df8d24ecb0853892781889,300,vector PDF; 300 dpi for rasterized content
training_sparse_testing_sparse,"Accuracy, robustness and loss",cifar10,vit_small,training_sparse_testing_sparse/results/cifar10/vit_small/learning_single_color_compact_p40_loss.pdf,training_sparse_testing_sparse/results/cifar10/vit_small/learning_single_color_compact_p40_loss.csv,/ceph/sagnihot/projects/Lorena_Contrastive_Representation_Arch/sparse_contrast_benchmark_large_batch/outputs/figures/cifar10/vit_small/learning_single_color_compact_p40_loss.pdf,/ceph/sagnihot/projects/Lorena_Contrastive_Representation_Arch/sparse_contrast_benchmark_large_batch/outputs/figures/cifar10/vit_small/learning_single_color_compact_p40_loss.csv,3bc38ffa7346b913cbc6dac989b9563f8f6de572027095dcaa968383f6121d03,f2435e880de07b8c9a148f0c183be7c9a49f06f648df8d24ecb0853892781889,300,vector PDF; 300 dpi for rasterized content
training_sparse_testing_sparse,"Accuracy, robustness and loss",cifar10,vit_small,training_sparse_testing_sparse/results/cifar10/vit_small/learning_single_color_compact_p60_accuracy.pdf,training_sparse_testing_sparse/results/cifar10/vit_small/learning_single_color_compact_p60_accuracy.csv,/ceph/sagnihot/projects/Lorena_Contrastive_Representation_Arch/sparse_contrast_benchmark_large_batch/outputs/figures/cifar10/vit_small/learning_single_color_compact_p60_accuracy.pdf,/ceph/sagnihot/projects/Lorena_Contrastive_Representation_Arch/sparse_contrast_benchmark_large_batch/outputs/figures/cifar10/vit_small/learning_single_color_compact_p60_accuracy.csv,8da187b6cb995a9cf73de4c74b392d2500755d001f1fa0d5a8d857b2ef8a16f4,c8d61a2a5b41f12629acf0117524a5ce354303579d25581add057c69bf17fd30,300,vector PDF; 300 dpi for rasterized content
training_sparse_testing_sparse,"Accuracy, robustness and loss",cifar10,vit_small,training_sparse_testing_sparse/results/cifar10/vit_small/learning_single_color_compact_p60_loss.pdf,training_sparse_testing_sparse/results/cifar10/vit_small/learning_single_color_compact_p60_loss.csv,/ceph/sagnihot/projects/Lorena_Contrastive_Representation_Arch/sparse_contrast_benchmark_large_batch/outputs/figures/cifar10/vit_small/learning_single_color_compact_p60_loss.pdf,/ceph/sagnihot/projects/Lorena_Contrastive_Representation_Arch/sparse_contrast_benchmark_large_batch/outputs/figures/cifar10/vit_small/learning_single_color_compact_p60_loss.csv,43202a69d6e4dfea454bd5b9b620b0a97a7f2c4a44d77450f43c3e90e8a6bbf3,c8d61a2a5b41f12629acf0117524a5ce354303579d25581add057c69bf17fd30,300,vector PDF; 300 dpi for rasterized content
training_sparse_testing_sparse,"Accuracy, robustness and loss",cifar10,vit_small,training_sparse_testing_sparse/results/cifar10/vit_small/learning_single_color_compact_p80_accuracy.pdf,training_sparse_testing_sparse/results/cifar10/vit_small/learning_single_color_compact_p80_accuracy.csv,/ceph/sagnihot/projects/Lorena_Contrastive_Representation_Arch/sparse_contrast_benchmark_large_batch/outputs/figures/cifar10/vit_small/learning_single_color_compact_p80_accuracy.pdf,/ceph/sagnihot/projects/Lorena_Contrastive_Representation_Arch/sparse_contrast_benchmark_large_batch/outputs/figures/cifar10/vit_small/learning_single_color_compact_p80_accuracy.csv,4473c15b5d16eef2a2f03b57fa368ec6d9d31a2a052a7608818a5a327bf054be,3ad27bb8964209b8973b1415d0bc1a97a39799ed39dba68802a7cede71246582,300,vector PDF; 300 dpi for rasterized content
training_sparse_testing_sparse,"Accuracy, robustness and loss",cifar10,vit_small,training_sparse_testing_sparse/results/cifar10/vit_small/learning_single_color_compact_p80_loss.pdf,training_sparse_testing_sparse/results/cifar10/vit_small/learning_single_color_compact_p80_loss.csv,/ceph/sagnihot/projects/Lorena_Contrastive_Representation_Arch/sparse_contrast_benchmark_large_batch/outputs/figures/cifar10/vit_small/learning_single_color_compact_p80_loss.pdf,/ceph/sagnihot/projects/Lorena_Contrastive_Representation_Arch/sparse_contrast_benchmark_large_batch/outputs/figures/cifar10/vit_small/learning_single_color_compact_p80_loss.csv,e600a7005b4b3d1e37d5f8137d15a8ece6da5d2bf04aed9aeb4c4d31a19105e7,3ad27bb8964209b8973b1415d0bc1a97a39799ed39dba68802a7cede71246582,300,vector PDF; 300 dpi for rasterized content
training_sparse_testing_sparse,"Accuracy, robustness and loss",cifar10,vit_small,training_sparse_testing_sparse/results/cifar10/vit_small/learning_single_color_dense_p0_accuracy.pdf,training_sparse_testing_sparse/results/cifar10/vit_small/learning_single_color_dense_p0_accuracy.csv,/ceph/sagnihot/projects/Lorena_Contrastive_Representation_Arch/sparse_contrast_benchmark_large_batch/outputs/figures/cifar10/vit_small/learning_single_color_dense_p0_accuracy.pdf,/ceph/sagnihot/projects/Lorena_Contrastive_Representation_Arch/sparse_contrast_benchmark_large_batch/outputs/figures/cifar10/vit_small/learning_single_color_dense_p0_accuracy.csv,8c5faf274cfe3f18ed825b86d046ce95cbe0f1aef2109caf3354964f5d60bc25,4afbfdbcf62fe507fc13454273734ea5d2c8aac325934b9776b62b75568b76b1,300,vector PDF; 300 dpi for rasterized content
training_sparse_testing_sparse,"Accuracy, robustness and loss",cifar10,vit_small,training_sparse_testing_sparse/results/cifar10/vit_small/learning_single_color_dense_p0_loss.pdf,training_sparse_testing_sparse/results/cifar10/vit_small/learning_single_color_dense_p0_loss.csv,/ceph/sagnihot/projects/Lorena_Contrastive_Representation_Arch/sparse_contrast_benchmark_large_batch/outputs/figures/cifar10/vit_small/learning_single_color_dense_p0_loss.pdf,/ceph/sagnihot/projects/Lorena_Contrastive_Representation_Arch/sparse_contrast_benchmark_large_batch/outputs/figures/cifar10/vit_small/learning_single_color_dense_p0_loss.csv,79f6523992423eae00ef9277c19b9b5d6678aa139b75e8ea2514ef4b8f1e5ff0,4afbfdbcf62fe507fc13454273734ea5d2c8aac325934b9776b62b75568b76b1,300,vector PDF; 300 dpi for rasterized content
training_sparse_testing_sparse,"Accuracy, robustness and loss",cifar10,vit_small,training_sparse_testing_sparse/results/cifar10/vit_small/mean_corruption_error.pdf,training_sparse_testing_sparse/results/cifar10/vit_small/mean_corruption_error.csv,/ceph/sagnihot/projects/Lorena_Contrastive_Representation_Arch/sparse_contrast_benchmark_large_batch/outputs/figures/cifar10/vit_small/mean_corruption_error.pdf,/ceph/sagnihot/projects/Lorena_Contrastive_Representation_Arch/sparse_contrast_benchmark_large_batch/outputs/figures/cifar10/vit_small/mean_corruption_error.csv,f1d2842091d6030d653236686d5f4c8e4c1d467059273ca833067df009744887,605dc08d3269d4673133d62f353f2938f1b885a495779101f6b975411d440b3e,300,vector PDF; 300 dpi for rasterized content
training_sparse_testing_sparse,"Accuracy, robustness and loss",cifar10,vit_small,training_sparse_testing_sparse/results/cifar10/vit_small/median_ms_gpu_raw_to_logits_b1_balanced_corruption_4ba79ef9f76f.pdf,training_sparse_testing_sparse/results/cifar10/vit_small/median_ms_gpu_raw_to_logits_b1_balanced_corruption_4ba79ef9f76f.csv,/ceph/sagnihot/projects/Lorena_Contrastive_Representation_Arch/sparse_contrast_benchmark_large_batch/outputs/figures/cifar10/vit_small/median_ms_gpu_raw_to_logits_b1_balanced_corruption_4ba79ef9f76f.pdf,/ceph/sagnihot/projects/Lorena_Contrastive_Representation_Arch/sparse_contrast_benchmark_large_batch/outputs/figures/cifar10/vit_small/median_ms_gpu_raw_to_logits_b1_balanced_corruption_4ba79ef9f76f.csv,dc5fbf8c0c6ac56c48ed2023855748aefe7cec93cc88fcbac115a7f054b719bc,0bbc275dd8b5178b9e75836eb4f03fd8ee17a40b0e28c24bb56d696272d2d4fa,300,vector PDF; 300 dpi for rasterized content
training_sparse_testing_sparse,"Accuracy, robustness and loss",cifar10,vit_small,training_sparse_testing_sparse/results/cifar10/vit_small/median_ms_gpu_raw_to_logits_b1_clean_4ba79ef9f76f.pdf,training_sparse_testing_sparse/results/cifar10/vit_small/median_ms_gpu_raw_to_logits_b1_clean_4ba79ef9f76f.csv,/ceph/sagnihot/projects/Lorena_Contrastive_Representation_Arch/sparse_contrast_benchmark_large_batch/outputs/figures/cifar10/vit_small/median_ms_gpu_raw_to_logits_b1_clean_4ba79ef9f76f.pdf,/ceph/sagnihot/projects/Lorena_Contrastive_Representation_Arch/sparse_contrast_benchmark_large_batch/outputs/figures/cifar10/vit_small/median_ms_gpu_raw_to_logits_b1_clean_4ba79ef9f76f.csv,757fb9fbdf1c570c00ce269e9770e735fd3adfa10b3cc4fc9329488dea9a94ff,34111c70e4d17a041c2dcb7313ccf1ad2fc854a30370945c9ebe82c969d95c40,300,vector PDF; 300 dpi for rasterized content
training_sparse_testing_sparse,"Accuracy, robustness and loss",cifar10,vit_small,training_sparse_testing_sparse/results/cifar10/vit_small/median_ms_gpu_raw_to_logits_b8_balanced_corruption_4ba79ef9f76f.pdf,training_sparse_testing_sparse/results/cifar10/vit_small/median_ms_gpu_raw_to_logits_b8_balanced_corruption_4ba79ef9f76f.csv,/ceph/sagnihot/projects/Lorena_Contrastive_Representation_Arch/sparse_contrast_benchmark_large_batch/outputs/figures/cifar10/vit_small/median_ms_gpu_raw_to_logits_b8_balanced_corruption_4ba79ef9f76f.pdf,/ceph/sagnihot/projects/Lorena_Contrastive_Representation_Arch/sparse_contrast_benchmark_large_batch/outputs/figures/cifar10/vit_small/median_ms_gpu_raw_to_logits_b8_balanced_corruption_4ba79ef9f76f.csv,3d3ac359e7bef6798524b16a5a08ff973eb9ef31a42c07d43f39d18c8364cef2,0d956bb4909396ae374f430f05fb14cb4d8cc32c1a19b48cbcbf4ed0b3330830,300,vector PDF; 300 dpi for rasterized content
training_sparse_testing_sparse,"Accuracy, robustness and loss",cifar10,vit_small,training_sparse_testing_sparse/results/cifar10/vit_small/median_ms_gpu_raw_to_logits_b8_balanced_corruption_7df94a2abec9.pdf,training_sparse_testing_sparse/results/cifar10/vit_small/median_ms_gpu_raw_to_logits_b8_balanced_corruption_7df94a2abec9.csv,/ceph/sagnihot/projects/Lorena_Contrastive_Representation_Arch/sparse_contrast_benchmark_large_batch/outputs/figures/cifar10/vit_small/median_ms_gpu_raw_to_logits_b8_balanced_corruption_7df94a2abec9.pdf,/ceph/sagnihot/projects/Lorena_Contrastive_Representation_Arch/sparse_contrast_benchmark_large_batch/outputs/figures/cifar10/vit_small/median_ms_gpu_raw_to_logits_b8_balanced_corruption_7df94a2abec9.csv,9de3c2794cebf382cbcb0f0499f2e4539ff862a8465d7a994c04eb8e1cd3223b,b6d34a1b05ac8ec009f5a4b7e55ef722f73e0ce9dbeb2146c8155e7de7340f79,300,vector PDF; 300 dpi for rasterized content
training_sparse_testing_sparse,"Accuracy, robustness and loss",cifar10,vit_small,training_sparse_testing_sparse/results/cifar10/vit_small/median_ms_gpu_raw_to_logits_b8_clean_4ba79ef9f76f.pdf,training_sparse_testing_sparse/results/cifar10/vit_small/median_ms_gpu_raw_to_logits_b8_clean_4ba79ef9f76f.csv,/ceph/sagnihot/projects/Lorena_Contrastive_Representation_Arch/sparse_contrast_benchmark_large_batch/outputs/figures/cifar10/vit_small/median_ms_gpu_raw_to_logits_b8_clean_4ba79ef9f76f.pdf,/ceph/sagnihot/projects/Lorena_Contrastive_Representation_Arch/sparse_contrast_benchmark_large_batch/outputs/figures/cifar10/vit_small/median_ms_gpu_raw_to_logits_b8_clean_4ba79ef9f76f.csv,16ed7e9c516202f72a9abf456d6924dc8fb0527154ff909538b412bcc9c48028,537957295da80ef0eb7913f54945362847a5567abe7ac7c3893484143065ec80,300,vector PDF; 300 dpi for rasterized content
training_sparse_testing_sparse,"Accuracy, robustness and loss",cifar10,vit_small,training_sparse_testing_sparse/results/cifar10/vit_small/median_ms_gpu_raw_to_logits_b8_clean_7df94a2abec9.pdf,training_sparse_testing_sparse/results/cifar10/vit_small/median_ms_gpu_raw_to_logits_b8_clean_7df94a2abec9.csv,/ceph/sagnihot/projects/Lorena_Contrastive_Representation_Arch/sparse_contrast_benchmark_large_batch/outputs/figures/cifar10/vit_small/median_ms_gpu_raw_to_logits_b8_clean_7df94a2abec9.pdf,/ceph/sagnihot/projects/Lorena_Contrastive_Representation_Arch/sparse_contrast_benchmark_large_batch/outputs/figures/cifar10/vit_small/median_ms_gpu_raw_to_logits_b8_clean_7df94a2abec9.csv,174e6b9c87986bb204e225f47d56099f6ed2f2df2c92c02df24aedc240e929ac,eb2656bf98daaa3dd2b136d2743854772f45f59d260656ff45f0b7ffcb5b77b0,300,vector PDF; 300 dpi for rasterized content
training_sparse_testing_sparse,"Accuracy, robustness and loss",cifar10,vit_small,training_sparse_testing_sparse/results/cifar10/vit_small/median_ms_host_raw_to_logits_b1_balanced_corruption_4ba79ef9f76f.pdf,training_sparse_testing_sparse/results/cifar10/vit_small/median_ms_host_raw_to_logits_b1_balanced_corruption_4ba79ef9f76f.csv,/ceph/sagnihot/projects/Lorena_Contrastive_Representation_Arch/sparse_contrast_benchmark_large_batch/outputs/figures/cifar10/vit_small/median_ms_host_raw_to_logits_b1_balanced_corruption_4ba79ef9f76f.pdf,/ceph/sagnihot/projects/Lorena_Contrastive_Representation_Arch/sparse_contrast_benchmark_large_batch/outputs/figures/cifar10/vit_small/median_ms_host_raw_to_logits_b1_balanced_corruption_4ba79ef9f76f.csv,a44106ecef549593f8a03b6bcc0a03599b4194d539d2d0b4c77a05d607fe2bd6,c3037286634f799f7fbc00a1d43829b955703e6c391748ffe2fe9065ce5fe8f0,300,vector PDF; 300 dpi for rasterized content
training_sparse_testing_sparse,"Accuracy, robustness and loss",cifar10,vit_small,training_sparse_testing_sparse/results/cifar10/vit_small/median_ms_host_raw_to_logits_b1_clean_4ba79ef9f76f.pdf,training_sparse_testing_sparse/results/cifar10/vit_small/median_ms_host_raw_to_logits_b1_clean_4ba79ef9f76f.csv,/ceph/sagnihot/projects/Lorena_Contrastive_Representation_Arch/sparse_contrast_benchmark_large_batch/outputs/figures/cifar10/vit_small/median_ms_host_raw_to_logits_b1_clean_4ba79ef9f76f.pdf,/ceph/sagnihot/projects/Lorena_Contrastive_Representation_Arch/sparse_contrast_benchmark_large_batch/outputs/figures/cifar10/vit_small/median_ms_host_raw_to_logits_b1_clean_4ba79ef9f76f.csv,fd2eda3afecd1384fdfa6f0f97398fafd3ba2b2e4552af562e909ec89da6133f,a478f3fc29411f2309ee6ab5b372263a88930cf96b403c80200c36b8d91be882,300,vector PDF; 300 dpi for rasterized content
training_sparse_testing_sparse,"Accuracy, robustness and loss",cifar10,vit_small,training_sparse_testing_sparse/results/cifar10/vit_small/median_ms_host_raw_to_logits_b8_balanced_corruption_4ba79ef9f76f.pdf,training_sparse_testing_sparse/results/cifar10/vit_small/median_ms_host_raw_to_logits_b8_balanced_corruption_4ba79ef9f76f.csv,/ceph/sagnihot/projects/Lorena_Contrastive_Representation_Arch/sparse_contrast_benchmark_large_batch/outputs/figures/cifar10/vit_small/median_ms_host_raw_to_logits_b8_balanced_corruption_4ba79ef9f76f.pdf,/ceph/sagnihot/projects/Lorena_Contrastive_Representation_Arch/sparse_contrast_benchmark_large_batch/outputs/figures/cifar10/vit_small/median_ms_host_raw_to_logits_b8_balanced_corruption_4ba79ef9f76f.csv,0d2e5729b2bb5fc8a821f51f6a44f68b2a25102025c6adcf7544e1748f1ea7c9,9a5799955e43f12f00592919b063cbdadb4950cf2cefe677c37303ee73168030,300,vector PDF; 300 dpi for rasterized content
training_sparse_testing_sparse,"Accuracy, robustness and loss",cifar10,vit_small,training_sparse_testing_sparse/results/cifar10/vit_small/median_ms_host_raw_to_logits_b8_balanced_corruption_7df94a2abec9.pdf,training_sparse_testing_sparse/results/cifar10/vit_small/median_ms_host_raw_to_logits_b8_balanced_corruption_7df94a2abec9.csv,/ceph/sagnihot/projects/Lorena_Contrastive_Representation_Arch/sparse_contrast_benchmark_large_batch/outputs/figures/cifar10/vit_small/median_ms_host_raw_to_logits_b8_balanced_corruption_7df94a2abec9.pdf,/ceph/sagnihot/projects/Lorena_Contrastive_Representation_Arch/sparse_contrast_benchmark_large_batch/outputs/figures/cifar10/vit_small/median_ms_host_raw_to_logits_b8_balanced_corruption_7df94a2abec9.csv,4ee641cfd822ec0169f3195155d5ae528e3c97a8e7155fe87b7fbfde49b02db0,60ce484409a336dafbf57e121a74fc40a600039b50fc7eab7b23b4cf997399ee,300,vector PDF; 300 dpi for rasterized content
training_sparse_testing_sparse,"Accuracy, robustness and loss",cifar10,vit_small,training_sparse_testing_sparse/results/cifar10/vit_small/median_ms_host_raw_to_logits_b8_clean_4ba79ef9f76f.pdf,training_sparse_testing_sparse/results/cifar10/vit_small/median_ms_host_raw_to_logits_b8_clean_4ba79ef9f76f.csv,/ceph/sagnihot/projects/Lorena_Contrastive_Representation_Arch/sparse_contrast_benchmark_large_batch/outputs/figures/cifar10/vit_small/median_ms_host_raw_to_logits_b8_clean_4ba79ef9f76f.pdf,/ceph/sagnihot/projects/Lorena_Contrastive_Representation_Arch/sparse_contrast_benchmark_large_batch/outputs/figures/cifar10/vit_small/median_ms_host_raw_to_logits_b8_clean_4ba79ef9f76f.csv,f0021a297365481f39d84ad17bca1ca59ddbf68b7fd046fe0a30607182a7837e,de95ee5e31129c00ebf31923efa236d572c3b33342b42d6917da354b21f93663,300,vector PDF; 300 dpi for rasterized content
training_sparse_testing_sparse,"Accuracy, robustness and loss",cifar10,vit_small,training_sparse_testing_sparse/results/cifar10/vit_small/median_ms_host_raw_to_logits_b8_clean_7df94a2abec9.pdf,training_sparse_testing_sparse/results/cifar10/vit_small/median_ms_host_raw_to_logits_b8_clean_7df94a2abec9.csv,/ceph/sagnihot/projects/Lorena_Contrastive_Representation_Arch/sparse_contrast_benchmark_large_batch/outputs/figures/cifar10/vit_small/median_ms_host_raw_to_logits_b8_clean_7df94a2abec9.pdf,/ceph/sagnihot/projects/Lorena_Contrastive_Representation_Arch/sparse_contrast_benchmark_large_batch/outputs/figures/cifar10/vit_small/median_ms_host_raw_to_logits_b8_clean_7df94a2abec9.csv,933b15d7ae6b722f1adf9c48f1cc46edcb1ff287de9e2161851958ed043f1b89,952bd25950dfead23d1d4c7dccdfb3e284826bd45790e68d2c50a61f63902749,300,vector PDF; 300 dpi for rasterized content
training_sparse_testing_sparse,"Accuracy, robustness and loss",cifar10,vit_small,training_sparse_testing_sparse/results/cifar10/vit_small/paired_seed_ratio_of_median_speedup_gpu_raw_to_logits_b1_balanced_corruption_4ba79ef9f76f.pdf,training_sparse_testing_sparse/results/cifar10/vit_small/paired_seed_ratio_of_median_speedup_gpu_raw_to_logits_b1_balanced_corruption_4ba79ef9f76f.csv,/ceph/sagnihot/projects/Lorena_Contrastive_Representation_Arch/sparse_contrast_benchmark_large_batch/outputs/figures/cifar10/vit_small/paired_seed_ratio_of_median_speedup_gpu_raw_to_logits_b1_balanced_corruption_4ba79ef9f76f.pdf,/ceph/sagnihot/projects/Lorena_Contrastive_Representation_Arch/sparse_contrast_benchmark_large_batch/outputs/figures/cifar10/vit_small/paired_seed_ratio_of_median_speedup_gpu_raw_to_logits_b1_balanced_corruption_4ba79ef9f76f.csv,d9c6c15730db2f6c3b611012165db0c55a9b5632639fdeb74c7bbfe6cfda634b,0bbc275dd8b5178b9e75836eb4f03fd8ee17a40b0e28c24bb56d696272d2d4fa,300,vector PDF; 300 dpi for rasterized content
training_sparse_testing_sparse,"Accuracy, robustness and loss",cifar10,vit_small,training_sparse_testing_sparse/results/cifar10/vit_small/paired_seed_ratio_of_median_speedup_gpu_raw_to_logits_b1_clean_4ba79ef9f76f.pdf,training_sparse_testing_sparse/results/cifar10/vit_small/paired_seed_ratio_of_median_speedup_gpu_raw_to_logits_b1_clean_4ba79ef9f76f.csv,/ceph/sagnihot/projects/Lorena_Contrastive_Representation_Arch/sparse_contrast_benchmark_large_batch/outputs/figures/cifar10/vit_small/paired_seed_ratio_of_median_speedup_gpu_raw_to_logits_b1_clean_4ba79ef9f76f.pdf,/ceph/sagnihot/projects/Lorena_Contrastive_Representation_Arch/sparse_contrast_benchmark_large_batch/outputs/figures/cifar10/vit_small/paired_seed_ratio_of_median_speedup_gpu_raw_to_logits_b1_clean_4ba79ef9f76f.csv,2445dae1ea3e9a08fc58c21521ca0bfb9a9e1e7c0169d972015402daea2ccc26,34111c70e4d17a041c2dcb7313ccf1ad2fc854a30370945c9ebe82c969d95c40,300,vector PDF; 300 dpi for rasterized content
training_sparse_testing_sparse,"Accuracy, robustness and loss",cifar10,vit_small,training_sparse_testing_sparse/results/cifar10/vit_small/paired_seed_ratio_of_median_speedup_gpu_raw_to_logits_b8_balanced_corruption_4ba79ef9f76f.pdf,training_sparse_testing_sparse/results/cifar10/vit_small/paired_seed_ratio_of_median_speedup_gpu_raw_to_logits_b8_balanced_corruption_4ba79ef9f76f.csv,/ceph/sagnihot/projects/Lorena_Contrastive_Representation_Arch/sparse_contrast_benchmark_large_batch/outputs/figures/cifar10/vit_small/paired_seed_ratio_of_median_speedup_gpu_raw_to_logits_b8_balanced_corruption_4ba79ef9f76f.pdf,/ceph/sagnihot/projects/Lorena_Contrastive_Representation_Arch/sparse_contrast_benchmark_large_batch/outputs/figures/cifar10/vit_small/paired_seed_ratio_of_median_speedup_gpu_raw_to_logits_b8_balanced_corruption_4ba79ef9f76f.csv,3d6c542ebf6e2ae8b982bfcc6fe84174fc0492d25ef8cd6c7c8f0ac1db6efd9f,0d956bb4909396ae374f430f05fb14cb4d8cc32c1a19b48cbcbf4ed0b3330830,300,vector PDF; 300 dpi for rasterized content
training_sparse_testing_sparse,"Accuracy, robustness and loss",cifar10,vit_small,training_sparse_testing_sparse/results/cifar10/vit_small/paired_seed_ratio_of_median_speedup_gpu_raw_to_logits_b8_clean_4ba79ef9f76f.pdf,training_sparse_testing_sparse/results/cifar10/vit_small/paired_seed_ratio_of_median_speedup_gpu_raw_to_logits_b8_clean_4ba79ef9f76f.csv,/ceph/sagnihot/projects/Lorena_Contrastive_Representation_Arch/sparse_contrast_benchmark_large_batch/outputs/figures/cifar10/vit_small/paired_seed_ratio_of_median_speedup_gpu_raw_to_logits_b8_clean_4ba79ef9f76f.pdf,/ceph/sagnihot/projects/Lorena_Contrastive_Representation_Arch/sparse_contrast_benchmark_large_batch/outputs/figures/cifar10/vit_small/paired_seed_ratio_of_median_speedup_gpu_raw_to_logits_b8_clean_4ba79ef9f76f.csv,ce99a31b00e38fca2cb238070f4a4df2ff786a81cc84c45e9a88cc0950650798,537957295da80ef0eb7913f54945362847a5567abe7ac7c3893484143065ec80,300,vector PDF; 300 dpi for rasterized content
training_sparse_testing_sparse,"Accuracy, robustness and loss",cifar10,vit_small,training_sparse_testing_sparse/results/cifar10/vit_small/paired_seed_ratio_of_median_speedup_host_raw_to_logits_b1_balanced_corruption_4ba79ef9f76f.pdf,training_sparse_testing_sparse/results/cifar10/vit_small/paired_seed_ratio_of_median_speedup_host_raw_to_logits_b1_balanced_corruption_4ba79ef9f76f.csv,/ceph/sagnihot/projects/Lorena_Contrastive_Representation_Arch/sparse_contrast_benchmark_large_batch/outputs/figures/cifar10/vit_small/paired_seed_ratio_of_median_speedup_host_raw_to_logits_b1_balanced_corruption_4ba79ef9f76f.pdf,/ceph/sagnihot/projects/Lorena_Contrastive_Representation_Arch/sparse_contrast_benchmark_large_batch/outputs/figures/cifar10/vit_small/paired_seed_ratio_of_median_speedup_host_raw_to_logits_b1_balanced_corruption_4ba79ef9f76f.csv,8f02e0aae30e42b375edf8e4d8cb633d700e62e90612b618366af17f8ccfd790,c3037286634f799f7fbc00a1d43829b955703e6c391748ffe2fe9065ce5fe8f0,300,vector PDF; 300 dpi for rasterized content
training_sparse_testing_sparse,"Accuracy, robustness and loss",cifar10,vit_small,training_sparse_testing_sparse/results/cifar10/vit_small/paired_seed_ratio_of_median_speedup_host_raw_to_logits_b1_clean_4ba79ef9f76f.pdf,training_sparse_testing_sparse/results/cifar10/vit_small/paired_seed_ratio_of_median_speedup_host_raw_to_logits_b1_clean_4ba79ef9f76f.csv,/ceph/sagnihot/projects/Lorena_Contrastive_Representation_Arch/sparse_contrast_benchmark_large_batch/outputs/figures/cifar10/vit_small/paired_seed_ratio_of_median_speedup_host_raw_to_logits_b1_clean_4ba79ef9f76f.pdf,/ceph/sagnihot/projects/Lorena_Contrastive_Representation_Arch/sparse_contrast_benchmark_large_batch/outputs/figures/cifar10/vit_small/paired_seed_ratio_of_median_speedup_host_raw_to_logits_b1_clean_4ba79ef9f76f.csv,1925a8aacd17e5efcb7a6f3899ace6e652a7feca910bb151fa763eaae32e8638,a478f3fc29411f2309ee6ab5b372263a88930cf96b403c80200c36b8d91be882,300,vector PDF; 300 dpi for rasterized content
training_sparse_testing_sparse,"Accuracy, robustness and loss",cifar10,vit_small,training_sparse_testing_sparse/results/cifar10/vit_small/paired_seed_ratio_of_median_speedup_host_raw_to_logits_b8_balanced_corruption_4ba79ef9f76f.pdf,training_sparse_testing_sparse/results/cifar10/vit_small/paired_seed_ratio_of_median_speedup_host_raw_to_logits_b8_balanced_corruption_4ba79ef9f76f.csv,/ceph/sagnihot/projects/Lorena_Contrastive_Representation_Arch/sparse_contrast_benchmark_large_batch/outputs/figures/cifar10/vit_small/paired_seed_ratio_of_median_speedup_host_raw_to_logits_b8_balanced_corruption_4ba79ef9f76f.pdf,/ceph/sagnihot/projects/Lorena_Contrastive_Representation_Arch/sparse_contrast_benchmark_large_batch/outputs/figures/cifar10/vit_small/paired_seed_ratio_of_median_speedup_host_raw_to_logits_b8_balanced_corruption_4ba79ef9f76f.csv,4d61a81682bdfa9cd52c6939acef7f55a226ef28a45ef01fa6bd090eedfe52d9,9a5799955e43f12f00592919b063cbdadb4950cf2cefe677c37303ee73168030,300,vector PDF; 300 dpi for rasterized content
training_sparse_testing_sparse,"Accuracy, robustness and loss",cifar10,vit_small,training_sparse_testing_sparse/results/cifar10/vit_small/paired_seed_ratio_of_median_speedup_host_raw_to_logits_b8_clean_4ba79ef9f76f.pdf,training_sparse_testing_sparse/results/cifar10/vit_small/paired_seed_ratio_of_median_speedup_host_raw_to_logits_b8_clean_4ba79ef9f76f.csv,/ceph/sagnihot/projects/Lorena_Contrastive_Representation_Arch/sparse_contrast_benchmark_large_batch/outputs/figures/cifar10/vit_small/paired_seed_ratio_of_median_speedup_host_raw_to_logits_b8_clean_4ba79ef9f76f.pdf,/ceph/sagnihot/projects/Lorena_Contrastive_Representation_Arch/sparse_contrast_benchmark_large_batch/outputs/figures/cifar10/vit_small/paired_seed_ratio_of_median_speedup_host_raw_to_logits_b8_clean_4ba79ef9f76f.csv,4fcc7121af6cb3c343ca60d92ddea45ed8f92bec9669d346f598d4599fa80121,de95ee5e31129c00ebf31923efa236d572c3b33342b42d6917da354b21f93663,300,vector PDF; 300 dpi for rasterized content
training_sparse_testing_sparse,"Accuracy, robustness and loss",cifar10,vit_small,training_sparse_testing_sparse/results/cifar10/vit_small/paired_seed_ratio_of_median_speedup_loader_to_cpu_prediction_b1_balanced_corruption_4ba79ef9f76f.pdf,training_sparse_testing_sparse/results/cifar10/vit_small/paired_seed_ratio_of_median_speedup_loader_to_cpu_prediction_b1_balanced_corruption_4ba79ef9f76f.csv,/ceph/sagnihot/projects/Lorena_Contrastive_Representation_Arch/sparse_contrast_benchmark_large_batch/outputs/figures/cifar10/vit_small/paired_seed_ratio_of_median_speedup_loader_to_cpu_prediction_b1_balanced_corruption_4ba79ef9f76f.pdf,/ceph/sagnihot/projects/Lorena_Contrastive_Representation_Arch/sparse_contrast_benchmark_large_batch/outputs/figures/cifar10/vit_small/paired_seed_ratio_of_median_speedup_loader_to_cpu_prediction_b1_balanced_corruption_4ba79ef9f76f.csv,728be2b24aaa9e208c9ebcdae0a953627792e52b2cdd844112ce7ff1fa55bbf2,9943d49cc79991232b13e665e07cefd10ee62afdcc53513bf3a99f35f1e6dab1,300,vector PDF; 300 dpi for rasterized content
training_sparse_testing_sparse,"Accuracy, robustness and loss",cifar10,vit_small,training_sparse_testing_sparse/results/cifar10/vit_small/paired_seed_ratio_of_median_speedup_loader_to_cpu_prediction_b1_clean_4ba79ef9f76f.pdf,training_sparse_testing_sparse/results/cifar10/vit_small/paired_seed_ratio_of_median_speedup_loader_to_cpu_prediction_b1_clean_4ba79ef9f76f.csv,/ceph/sagnihot/projects/Lorena_Contrastive_Representation_Arch/sparse_contrast_benchmark_large_batch/outputs/figures/cifar10/vit_small/paired_seed_ratio_of_median_speedup_loader_to_cpu_prediction_b1_clean_4ba79ef9f76f.pdf,/ceph/sagnihot/projects/Lorena_Contrastive_Representation_Arch/sparse_contrast_benchmark_large_batch/outputs/figures/cifar10/vit_small/paired_seed_ratio_of_median_speedup_loader_to_cpu_prediction_b1_clean_4ba79ef9f76f.csv,c396094835c9eadc700c9800656fc9f973e44a60cb88b0d2a9806452ce195153,ee4832b34413412e32237f0364802dc661e58c0c8a94efde1c2d9c8c51217b10,300,vector PDF; 300 dpi for rasterized content
training_sparse_testing_sparse,"Accuracy, robustness and loss",cifar10,vit_small,training_sparse_testing_sparse/results/cifar10/vit_small/paired_seed_ratio_of_median_speedup_loader_to_cpu_prediction_b8_balanced_corruption_4ba79ef9f76f.pdf,training_sparse_testing_sparse/results/cifar10/vit_small/paired_seed_ratio_of_median_speedup_loader_to_cpu_prediction_b8_balanced_corruption_4ba79ef9f76f.csv,/ceph/sagnihot/projects/Lorena_Contrastive_Representation_Arch/sparse_contrast_benchmark_large_batch/outputs/figures/cifar10/vit_small/paired_seed_ratio_of_median_speedup_loader_to_cpu_prediction_b8_balanced_corruption_4ba79ef9f76f.pdf,/ceph/sagnihot/projects/Lorena_Contrastive_Representation_Arch/sparse_contrast_benchmark_large_batch/outputs/figures/cifar10/vit_small/paired_seed_ratio_of_median_speedup_loader_to_cpu_prediction_b8_balanced_corruption_4ba79ef9f76f.csv,88d59b3a3d7d1f0b16e762c485e1bfb8e152c9f4c4023111a73d3dbfac7042fb,00f8308ca59ec5f20133ea60863dd9744791012aa663923ece3425ff958e178d,300,vector PDF; 300 dpi for rasterized content
training_sparse_testing_sparse,"Accuracy, robustness and loss",cifar10,vit_small,training_sparse_testing_sparse/results/cifar10/vit_small/paired_seed_ratio_of_median_speedup_loader_to_cpu_prediction_b8_clean_4ba79ef9f76f.pdf,training_sparse_testing_sparse/results/cifar10/vit_small/paired_seed_ratio_of_median_speedup_loader_to_cpu_prediction_b8_clean_4ba79ef9f76f.csv,/ceph/sagnihot/projects/Lorena_Contrastive_Representation_Arch/sparse_contrast_benchmark_large_batch/outputs/figures/cifar10/vit_small/paired_seed_ratio_of_median_speedup_loader_to_cpu_prediction_b8_clean_4ba79ef9f76f.pdf,/ceph/sagnihot/projects/Lorena_Contrastive_Representation_Arch/sparse_contrast_benchmark_large_batch/outputs/figures/cifar10/vit_small/paired_seed_ratio_of_median_speedup_loader_to_cpu_prediction_b8_clean_4ba79ef9f76f.csv,424446d3495a3eb7887e1fbfffff8cde45e10afd20bbd3d16b8c5ff584306380,c5d3395488284ba54a173957b20b6629003ee8b17925ae858a54f2e08fc6359b,300,vector PDF; 300 dpi for rasterized content
training_sparse_testing_sparse,Corruption breakdowns,cifar10,vit_small,training_sparse_testing_sparse/results/cifar10/vit_small/per_corruption_error.pdf,training_sparse_testing_sparse/results/cifar10/vit_small/per_corruption_error.csv,/ceph/sagnihot/projects/Lorena_Contrastive_Representation_Arch/sparse_contrast_benchmark_large_batch/outputs/figures/cifar10/vit_small/per_corruption_error.pdf,/ceph/sagnihot/projects/Lorena_Contrastive_Representation_Arch/sparse_contrast_benchmark_large_batch/outputs/figures/cifar10/vit_small/per_corruption_error.csv,9775b1a89c19480acfda4eb46c875c1c3b14d7c604f5455040cf1fa3f905b748,35d7062d0960b89e8b6ef711ec99c7e5388dcf32178768a3ce4e63b5422aba86,300,vector PDF; 300 dpi for rasterized content
training_sparse_testing_sparse,Corruption breakdowns,cifar10,vit_small,training_sparse_testing_sparse/results/cifar10/vit_small/severity_color_opponency.pdf,training_sparse_testing_sparse/results/cifar10/vit_small/severity_color_opponency.csv,/ceph/sagnihot/projects/Lorena_Contrastive_Representation_Arch/sparse_contrast_benchmark_large_batch/outputs/figures/cifar10/vit_small/severity_color_opponency.pdf,/ceph/sagnihot/projects/Lorena_Contrastive_Representation_Arch/sparse_contrast_benchmark_large_batch/outputs/figures/cifar10/vit_small/severity_color_opponency.csv,c2c6840a6829277a3178c39c0f9a635f76c80a3fbea8af90175ce895d84bdfd3,a5a549b4d6290f11fa1d6a465652ba0a37a984679475d81a88441e6be18122be,300,vector PDF; 300 dpi for rasterized content
training_sparse_testing_sparse,Corruption breakdowns,cifar10,vit_small,training_sparse_testing_sparse/results/cifar10/vit_small/severity_grayscale.pdf,training_sparse_testing_sparse/results/cifar10/vit_small/severity_grayscale.csv,/ceph/sagnihot/projects/Lorena_Contrastive_Representation_Arch/sparse_contrast_benchmark_large_batch/outputs/figures/cifar10/vit_small/severity_grayscale.pdf,/ceph/sagnihot/projects/Lorena_Contrastive_Representation_Arch/sparse_contrast_benchmark_large_batch/outputs/figures/cifar10/vit_small/severity_grayscale.csv,5d2e51a1523facd020153b930583729d895ab33fef5ba1793fff78d4bbad548c,cde66e49e4eb0406957e89d99718069e4a89765191a804375eed483738a1d4d4,300,vector PDF; 300 dpi for rasterized content
training_sparse_testing_sparse,Corruption breakdowns,cifar10,vit_small,training_sparse_testing_sparse/results/cifar10/vit_small/severity_single_color.pdf,training_sparse_testing_sparse/results/cifar10/vit_small/severity_single_color.csv,/ceph/sagnihot/projects/Lorena_Contrastive_Representation_Arch/sparse_contrast_benchmark_large_batch/outputs/figures/cifar10/vit_small/severity_single_color.pdf,/ceph/sagnihot/projects/Lorena_Contrastive_Representation_Arch/sparse_contrast_benchmark_large_batch/outputs/figures/cifar10/vit_small/severity_single_color.csv,6923fb17d7d16c6f82d9da681d7f289210a250163b2de7ce37cc61825ad435c2,4a8acbbc2116164c5092e22f23cc5faa4bf3661ed18c99323ce8671a56b4dc6c,300,vector PDF; 300 dpi for rasterized content
training_sparse_testing_sparse,"Accuracy, robustness and loss",cifar10,vit_small,training_sparse_testing_sparse/results/cifar10/vit_small/stages_profiler_diagnostic_b1_balanced_corruption_4ba79ef9f76f.pdf,training_sparse_testing_sparse/results/cifar10/vit_small/stages_profiler_diagnostic_b1_balanced_corruption_4ba79ef9f76f.csv,/ceph/sagnihot/projects/Lorena_Contrastive_Representation_Arch/sparse_contrast_benchmark_large_batch/outputs/figures/cifar10/vit_small/stages_profiler_diagnostic_b1_balanced_corruption_4ba79ef9f76f.pdf,/ceph/sagnihot/projects/Lorena_Contrastive_Representation_Arch/sparse_contrast_benchmark_large_batch/outputs/figures/cifar10/vit_small/stages_profiler_diagnostic_b1_balanced_corruption_4ba79ef9f76f.csv,18c0df62b6d90772f42c97b2aaa213d9f8103defbad1c4bf915b753b5f69a094,fbe0e594f000d2f5f4119f63eeae85e16079e846ac800cda262b34d21ec3e7c6,300,vector PDF; 300 dpi for rasterized content
training_sparse_testing_sparse,"Accuracy, robustness and loss",cifar10,vit_small,training_sparse_testing_sparse/results/cifar10/vit_small/stages_profiler_diagnostic_b1_clean_4ba79ef9f76f.pdf,training_sparse_testing_sparse/results/cifar10/vit_small/stages_profiler_diagnostic_b1_clean_4ba79ef9f76f.csv,/ceph/sagnihot/projects/Lorena_Contrastive_Representation_Arch/sparse_contrast_benchmark_large_batch/outputs/figures/cifar10/vit_small/stages_profiler_diagnostic_b1_clean_4ba79ef9f76f.pdf,/ceph/sagnihot/projects/Lorena_Contrastive_Representation_Arch/sparse_contrast_benchmark_large_batch/outputs/figures/cifar10/vit_small/stages_profiler_diagnostic_b1_clean_4ba79ef9f76f.csv,6c7b31920972305872c633231b42a41b828c01c987053489969786769dad7ce5,639ab339845c631276dcd24214c51f5ae92fc945a9ef635cbe025267fef64049,300,vector PDF; 300 dpi for rasterized content
training_sparse_testing_sparse,"Accuracy, robustness and loss",cifar10,vit_small,training_sparse_testing_sparse/results/cifar10/vit_small/stages_profiler_diagnostic_b8_balanced_corruption_4ba79ef9f76f.pdf,training_sparse_testing_sparse/results/cifar10/vit_small/stages_profiler_diagnostic_b8_balanced_corruption_4ba79ef9f76f.csv,/ceph/sagnihot/projects/Lorena_Contrastive_Representation_Arch/sparse_contrast_benchmark_large_batch/outputs/figures/cifar10/vit_small/stages_profiler_diagnostic_b8_balanced_corruption_4ba79ef9f76f.pdf,/ceph/sagnihot/projects/Lorena_Contrastive_Representation_Arch/sparse_contrast_benchmark_large_batch/outputs/figures/cifar10/vit_small/stages_profiler_diagnostic_b8_balanced_corruption_4ba79ef9f76f.csv,a0721712318c926072bb35901afc4a8144e4640729c90cdcc5716f1a0e7ffcfb,e8f68e9098193d2a835a23215297ab1f41f32e7533dd58ff261d7f6782b567d0,300,vector PDF; 300 dpi for rasterized content
training_sparse_testing_sparse,"Accuracy, robustness and loss",cifar10,vit_small,training_sparse_testing_sparse/results/cifar10/vit_small/stages_profiler_diagnostic_b8_balanced_corruption_7df94a2abec9.pdf,training_sparse_testing_sparse/results/cifar10/vit_small/stages_profiler_diagnostic_b8_balanced_corruption_7df94a2abec9.csv,/ceph/sagnihot/projects/Lorena_Contrastive_Representation_Arch/sparse_contrast_benchmark_large_batch/outputs/figures/cifar10/vit_small/stages_profiler_diagnostic_b8_balanced_corruption_7df94a2abec9.pdf,/ceph/sagnihot/projects/Lorena_Contrastive_Representation_Arch/sparse_contrast_benchmark_large_batch/outputs/figures/cifar10/vit_small/stages_profiler_diagnostic_b8_balanced_corruption_7df94a2abec9.csv,fc7398dbe1b949de7992e4ea3bff92afb3f09ba0ce03407ac4bf59f5cde66d01,074103377f8c3a8141801caf1a5b88a29410a30d0e51cdbfaca97d7f3c09eca3,300,vector PDF; 300 dpi for rasterized content
training_sparse_testing_sparse,"Accuracy, robustness and loss",cifar10,vit_small,training_sparse_testing_sparse/results/cifar10/vit_small/stages_profiler_diagnostic_b8_clean_4ba79ef9f76f.pdf,training_sparse_testing_sparse/results/cifar10/vit_small/stages_profiler_diagnostic_b8_clean_4ba79ef9f76f.csv,/ceph/sagnihot/projects/Lorena_Contrastive_Representation_Arch/sparse_contrast_benchmark_large_batch/outputs/figures/cifar10/vit_small/stages_profiler_diagnostic_b8_clean_4ba79ef9f76f.pdf,/ceph/sagnihot/projects/Lorena_Contrastive_Representation_Arch/sparse_contrast_benchmark_large_batch/outputs/figures/cifar10/vit_small/stages_profiler_diagnostic_b8_clean_4ba79ef9f76f.csv,dd38e7d0ab24431660ce78d31345c93c40d223a5cf7a4504ff3c0ef1a9278342,5ba610cf7d68e0790b60a23008b5c17e3a939480e7d809e500329c2720e5d0aa,300,vector PDF; 300 dpi for rasterized content
training_sparse_testing_sparse,"Accuracy, robustness and loss",cifar10,vit_small,training_sparse_testing_sparse/results/cifar10/vit_small/stages_profiler_diagnostic_b8_clean_7df94a2abec9.pdf,training_sparse_testing_sparse/results/cifar10/vit_small/stages_profiler_diagnostic_b8_clean_7df94a2abec9.csv,/ceph/sagnihot/projects/Lorena_Contrastive_Representation_Arch/sparse_contrast_benchmark_large_batch/outputs/figures/cifar10/vit_small/stages_profiler_diagnostic_b8_clean_7df94a2abec9.pdf,/ceph/sagnihot/projects/Lorena_Contrastive_Representation_Arch/sparse_contrast_benchmark_large_batch/outputs/figures/cifar10/vit_small/stages_profiler_diagnostic_b8_clean_7df94a2abec9.csv,59a55c431632e1e9818682c9438a4d42e16714cb5dde1556ca0756544eaf14a7,7adcdb8ff4d263f8d7ef6ed2f244cf049e47ba21ab9e0b9c7be6d9cba33eb6c6,300,vector PDF; 300 dpi for rasterized content
training_sparse_testing_sparse,"Accuracy, robustness and loss",cifar10,vit_small,training_sparse_testing_sparse/results/cifar10/vit_small/support_achieved_zero_fraction_mean.pdf,training_sparse_testing_sparse/results/cifar10/vit_small/support_achieved_zero_fraction_mean.csv,/ceph/sagnihot/projects/Lorena_Contrastive_Representation_Arch/sparse_contrast_benchmark_large_batch/outputs/figures/cifar10/vit_small/support_achieved_zero_fraction_mean.pdf,/ceph/sagnihot/projects/Lorena_Contrastive_Representation_Arch/sparse_contrast_benchmark_large_batch/outputs/figures/cifar10/vit_small/support_achieved_zero_fraction_mean.csv,21649cc7ec7e5c6ddfc979c1e17e5fc062fd7591b92c682bc09097eb65df4890,711c70224421cc87604487c0795133edaaa28dd66936bd3666493be993ba584d,300,vector PDF; 300 dpi for rasterized content
training_sparse_testing_sparse,"Accuracy, robustness and loss",cifar10,vit_small,training_sparse_testing_sparse/results/cifar10/vit_small/support_executed_image_tokens_mean.pdf,training_sparse_testing_sparse/results/cifar10/vit_small/support_executed_image_tokens_mean.csv,/ceph/sagnihot/projects/Lorena_Contrastive_Representation_Arch/sparse_contrast_benchmark_large_batch/outputs/figures/cifar10/vit_small/support_executed_image_tokens_mean.pdf,/ceph/sagnihot/projects/Lorena_Contrastive_Representation_Arch/sparse_contrast_benchmark_large_batch/outputs/figures/cifar10/vit_small/support_executed_image_tokens_mean.csv,5d38060505f7261a9055b7c0092576d2770914e6638f7ed8ed2655aa03b89400,792dc2335dc166b24be82e649995ac6764c3784d496a8de85be30b03a8e2066d,300,vector PDF; 300 dpi for rasterized content
training_sparse_testing_sparse,"Accuracy, robustness and loss",cifar10,vit_small,training_sparse_testing_sparse/results/cifar10/vit_small/support_executed_sequence_length_mean.pdf,training_sparse_testing_sparse/results/cifar10/vit_small/support_executed_sequence_length_mean.csv,/ceph/sagnihot/projects/Lorena_Contrastive_Representation_Arch/sparse_contrast_benchmark_large_batch/outputs/figures/cifar10/vit_small/support_executed_sequence_length_mean.pdf,/ceph/sagnihot/projects/Lorena_Contrastive_Representation_Arch/sparse_contrast_benchmark_large_batch/outputs/figures/cifar10/vit_small/support_executed_sequence_length_mean.csv,f4a2624764876647a1af7306a38ce1f9d72be2a2fc1504fb3b6b7031491fe799,4ba3ce306e277956907a84976c49d825fd7aa42be40699a104cff0fb38d4e04a,300,vector PDF; 300 dpi for rasterized content
training_sparse_testing_sparse,"Accuracy, robustness and loss",cifar10,vit_small,training_sparse_testing_sparse/results/cifar10/vit_small/support_natural_zero_fraction_mean.pdf,training_sparse_testing_sparse/results/cifar10/vit_small/support_natural_zero_fraction_mean.csv,/ceph/sagnihot/projects/Lorena_Contrastive_Representation_Arch/sparse_contrast_benchmark_large_batch/outputs/figures/cifar10/vit_small/support_natural_zero_fraction_mean.pdf,/ceph/sagnihot/projects/Lorena_Contrastive_Representation_Arch/sparse_contrast_benchmark_large_batch/outputs/figures/cifar10/vit_small/support_natural_zero_fraction_mean.csv,406cd5530f9943e2e33b2d432aa03b9be71cac36a5dcdd738a6869e4335de122,f8fabbb7754f784a28a0194299eaf92b42fa959a6eb9995f0a7ec63b02250db6,300,vector PDF; 300 dpi for rasterized content
training_sparse_testing_sparse,"Accuracy, robustness and loss",cifar10,vit_small,training_sparse_testing_sparse/results/cifar10/vit_small/support_padding_tokens_mean.pdf,training_sparse_testing_sparse/results/cifar10/vit_small/support_padding_tokens_mean.csv,/ceph/sagnihot/projects/Lorena_Contrastive_Representation_Arch/sparse_contrast_benchmark_large_batch/outputs/figures/cifar10/vit_small/support_padding_tokens_mean.pdf,/ceph/sagnihot/projects/Lorena_Contrastive_Representation_Arch/sparse_contrast_benchmark_large_batch/outputs/figures/cifar10/vit_small/support_padding_tokens_mean.csv,33c4fdc9c6eedf7993a8943adfaa1db97f98994d51b6ce3eeb73de0100c75c89,4fbfe1cba1ca8e10c37187c856b026f68047b03393658d973860bdc31f8114e4,300,vector PDF; 300 dpi for rasterized content
training_sparse_testing_sparse,"Accuracy, robustness and loss",cifar10,vit_small,training_sparse_testing_sparse/results/cifar10/vit_small/support_retained_patches_mean.pdf,training_sparse_testing_sparse/results/cifar10/vit_small/support_retained_patches_mean.csv,/ceph/sagnihot/projects/Lorena_Contrastive_Representation_Arch/sparse_contrast_benchmark_large_batch/outputs/figures/cifar10/vit_small/support_retained_patches_mean.pdf,/ceph/sagnihot/projects/Lorena_Contrastive_Representation_Arch/sparse_contrast_benchmark_large_batch/outputs/figures/cifar10/vit_small/support_retained_patches_mean.csv,117bcda2f746d71702ff3afeb978b02e697ade12849b9d005a626b6b8116c113,12a1593f15cf8018569299822ccab83189fd1df6d27e87ca71c8aca756047f30,300,vector PDF; 300 dpi for rasterized content
training_sparse_testing_sparse,"Accuracy, robustness and loss",cifar10,vit_small,training_sparse_testing_sparse/results/cifar10/vit_small/support_retained_per_image_mean.pdf,training_sparse_testing_sparse/results/cifar10/vit_small/support_retained_per_image_mean.csv,/ceph/sagnihot/projects/Lorena_Contrastive_Representation_Arch/sparse_contrast_benchmark_large_batch/outputs/figures/cifar10/vit_small/support_retained_per_image_mean.pdf,/ceph/sagnihot/projects/Lorena_Contrastive_Representation_Arch/sparse_contrast_benchmark_large_batch/outputs/figures/cifar10/vit_small/support_retained_per_image_mean.csv,a35bccdc4ab27a74fc9c3990e58fa89cb93fa4f44d932e40c0e73d20d371dc28,efca40db1450b9df56db215eb022e09d2ecabcd3f5691f55ea4bf2a19d3c19f2,300,vector PDF; 300 dpi for rasterized content
training_sparse_testing_sparse,"Accuracy, robustness and loss",cifar10,vit_small,training_sparse_testing_sparse/results/cifar10/vit_small/support_spatial_zero_fraction_mean.pdf,training_sparse_testing_sparse/results/cifar10/vit_small/support_spatial_zero_fraction_mean.csv,/ceph/sagnihot/projects/Lorena_Contrastive_Representation_Arch/sparse_contrast_benchmark_large_batch/outputs/figures/cifar10/vit_small/support_spatial_zero_fraction_mean.pdf,/ceph/sagnihot/projects/Lorena_Contrastive_Representation_Arch/sparse_contrast_benchmark_large_batch/outputs/figures/cifar10/vit_small/support_spatial_zero_fraction_mean.csv,cbe38b9d8fa4af1e4a99460636aad7e6be5ed26bfe7864470b97fb4d726e5303,8373aa72c60d82aceb04676dde29e5539489c1a4fa615655091414e1f4b88c87,300,vector PDF; 300 dpi for rasterized content
training_sparse_testing_sparse,Accuracy and robustness versus latency,cifar10,vit_small,training_sparse_testing_sparse/results/cifar10/vit_small/tradeoff_clean_accuracy_gpu_raw_to_logits_b1_balanced_corruption_4ba79ef9f76f.pdf,training_sparse_testing_sparse/results/cifar10/vit_small/tradeoff_clean_accuracy_gpu_raw_to_logits_b1_balanced_corruption_4ba79ef9f76f.csv,/ceph/sagnihot/projects/Lorena_Contrastive_Representation_Arch/sparse_contrast_benchmark_large_batch/outputs/figures/cifar10/vit_small/tradeoff_clean_accuracy_gpu_raw_to_logits_b1_balanced_corruption_4ba79ef9f76f.pdf,/ceph/sagnihot/projects/Lorena_Contrastive_Representation_Arch/sparse_contrast_benchmark_large_batch/outputs/figures/cifar10/vit_small/tradeoff_clean_accuracy_gpu_raw_to_logits_b1_balanced_corruption_4ba79ef9f76f.csv,16a7406732b47d5da34fce0739ca404a033c420704049749df6fecc5e0bc0275,0719f5990fceec5686c154617fbe7219b0ba19b065f0a74b6e57929d69b9eddf,300,vector PDF; 300 dpi for rasterized content
training_sparse_testing_sparse,Accuracy and robustness versus latency,cifar10,vit_small,training_sparse_testing_sparse/results/cifar10/vit_small/tradeoff_clean_accuracy_gpu_raw_to_logits_b1_clean_4ba79ef9f76f.pdf,training_sparse_testing_sparse/results/cifar10/vit_small/tradeoff_clean_accuracy_gpu_raw_to_logits_b1_clean_4ba79ef9f76f.csv,/ceph/sagnihot/projects/Lorena_Contrastive_Representation_Arch/sparse_contrast_benchmark_large_batch/outputs/figures/cifar10/vit_small/tradeoff_clean_accuracy_gpu_raw_to_logits_b1_clean_4ba79ef9f76f.pdf,/ceph/sagnihot/projects/Lorena_Contrastive_Representation_Arch/sparse_contrast_benchmark_large_batch/outputs/figures/cifar10/vit_small/tradeoff_clean_accuracy_gpu_raw_to_logits_b1_clean_4ba79ef9f76f.csv,83d037284e62710a053c44c007cca92b2df7f552545061398d61089c15f6fd80,988b36ee09a62cb10cc14bb4a8aa223431e6927565d468eba85307ace870613b,300,vector PDF; 300 dpi for rasterized content
training_sparse_testing_sparse,Accuracy and robustness versus latency,cifar10,vit_small,training_sparse_testing_sparse/results/cifar10/vit_small/tradeoff_clean_accuracy_gpu_raw_to_logits_b8_balanced_corruption_4ba79ef9f76f.pdf,training_sparse_testing_sparse/results/cifar10/vit_small/tradeoff_clean_accuracy_gpu_raw_to_logits_b8_balanced_corruption_4ba79ef9f76f.csv,/ceph/sagnihot/projects/Lorena_Contrastive_Representation_Arch/sparse_contrast_benchmark_large_batch/outputs/figures/cifar10/vit_small/tradeoff_clean_accuracy_gpu_raw_to_logits_b8_balanced_corruption_4ba79ef9f76f.pdf,/ceph/sagnihot/projects/Lorena_Contrastive_Representation_Arch/sparse_contrast_benchmark_large_batch/outputs/figures/cifar10/vit_small/tradeoff_clean_accuracy_gpu_raw_to_logits_b8_balanced_corruption_4ba79ef9f76f.csv,f801a600ce439155b08b2b6b917c475c2d787619ce1de44a967361cf31a17fa2,0c9c4b3466bc67f0b12f2e55df30c02c98265e173348879fa9609b944e699386,300,vector PDF; 300 dpi for rasterized content
training_sparse_testing_sparse,Accuracy and robustness versus latency,cifar10,vit_small,training_sparse_testing_sparse/results/cifar10/vit_small/tradeoff_clean_accuracy_gpu_raw_to_logits_b8_balanced_corruption_7df94a2abec9.pdf,training_sparse_testing_sparse/results/cifar10/vit_small/tradeoff_clean_accuracy_gpu_raw_to_logits_b8_balanced_corruption_7df94a2abec9.csv,/ceph/sagnihot/projects/Lorena_Contrastive_Representation_Arch/sparse_contrast_benchmark_large_batch/outputs/figures/cifar10/vit_small/tradeoff_clean_accuracy_gpu_raw_to_logits_b8_balanced_corruption_7df94a2abec9.pdf,/ceph/sagnihot/projects/Lorena_Contrastive_Representation_Arch/sparse_contrast_benchmark_large_batch/outputs/figures/cifar10/vit_small/tradeoff_clean_accuracy_gpu_raw_to_logits_b8_balanced_corruption_7df94a2abec9.csv,104dfa71420129a99d27710d5f63aab020cdcd9beb4087b5e1862b10c3382091,a834f7b0cef530570410330382f0b8d0922c526ce4a503b79e35dee3190a6f74,300,vector PDF; 300 dpi for rasterized content
training_sparse_testing_sparse,Accuracy and robustness versus latency,cifar10,vit_small,training_sparse_testing_sparse/results/cifar10/vit_small/tradeoff_clean_accuracy_gpu_raw_to_logits_b8_clean_4ba79ef9f76f.pdf,training_sparse_testing_sparse/results/cifar10/vit_small/tradeoff_clean_accuracy_gpu_raw_to_logits_b8_clean_4ba79ef9f76f.csv,/ceph/sagnihot/projects/Lorena_Contrastive_Representation_Arch/sparse_contrast_benchmark_large_batch/outputs/figures/cifar10/vit_small/tradeoff_clean_accuracy_gpu_raw_to_logits_b8_clean_4ba79ef9f76f.pdf,/ceph/sagnihot/projects/Lorena_Contrastive_Representation_Arch/sparse_contrast_benchmark_large_batch/outputs/figures/cifar10/vit_small/tradeoff_clean_accuracy_gpu_raw_to_logits_b8_clean_4ba79ef9f76f.csv,d62ca2d2516ff1681a3563d54e7956a4d5ecd618d7440c6f741e78138da4cd0a,76a784c6e250cedcd07f7a11532843505c6bd37dc77f60b6e8b021304f14ed81,300,vector PDF; 300 dpi for rasterized content
training_sparse_testing_sparse,Accuracy and robustness versus latency,cifar10,vit_small,training_sparse_testing_sparse/results/cifar10/vit_small/tradeoff_clean_accuracy_gpu_raw_to_logits_b8_clean_7df94a2abec9.pdf,training_sparse_testing_sparse/results/cifar10/vit_small/tradeoff_clean_accuracy_gpu_raw_to_logits_b8_clean_7df94a2abec9.csv,/ceph/sagnihot/projects/Lorena_Contrastive_Representation_Arch/sparse_contrast_benchmark_large_batch/outputs/figures/cifar10/vit_small/tradeoff_clean_accuracy_gpu_raw_to_logits_b8_clean_7df94a2abec9.pdf,/ceph/sagnihot/projects/Lorena_Contrastive_Representation_Arch/sparse_contrast_benchmark_large_batch/outputs/figures/cifar10/vit_small/tradeoff_clean_accuracy_gpu_raw_to_logits_b8_clean_7df94a2abec9.csv,b74ded952bf1db728b66b07864782b88227f16187b103d31cf760149f4068bb2,7fd2a2e52d5932024740235127d86da557ba21c0651e1349b7b9763bf150a5fd,300,vector PDF; 300 dpi for rasterized content
training_sparse_testing_sparse,Accuracy and robustness versus latency,cifar10,vit_small,training_sparse_testing_sparse/results/cifar10/vit_small/tradeoff_clean_accuracy_host_raw_to_logits_b1_balanced_corruption_4ba79ef9f76f.pdf,training_sparse_testing_sparse/results/cifar10/vit_small/tradeoff_clean_accuracy_host_raw_to_logits_b1_balanced_corruption_4ba79ef9f76f.csv,/ceph/sagnihot/projects/Lorena_Contrastive_Representation_Arch/sparse_contrast_benchmark_large_batch/outputs/figures/cifar10/vit_small/tradeoff_clean_accuracy_host_raw_to_logits_b1_balanced_corruption_4ba79ef9f76f.pdf,/ceph/sagnihot/projects/Lorena_Contrastive_Representation_Arch/sparse_contrast_benchmark_large_batch/outputs/figures/cifar10/vit_small/tradeoff_clean_accuracy_host_raw_to_logits_b1_balanced_corruption_4ba79ef9f76f.csv,14eee0e1033799d41b30795330eddc6ff018f11d057e59851ece141ab6d73e3e,56dc120d7308f1f46b04acb9b56700f8040be59d8a35aecc8882ed2ea77f1a42,300,vector PDF; 300 dpi for rasterized content
training_sparse_testing_sparse,Accuracy and robustness versus latency,cifar10,vit_small,training_sparse_testing_sparse/results/cifar10/vit_small/tradeoff_clean_accuracy_host_raw_to_logits_b1_clean_4ba79ef9f76f.pdf,training_sparse_testing_sparse/results/cifar10/vit_small/tradeoff_clean_accuracy_host_raw_to_logits_b1_clean_4ba79ef9f76f.csv,/ceph/sagnihot/projects/Lorena_Contrastive_Representation_Arch/sparse_contrast_benchmark_large_batch/outputs/figures/cifar10/vit_small/tradeoff_clean_accuracy_host_raw_to_logits_b1_clean_4ba79ef9f76f.pdf,/ceph/sagnihot/projects/Lorena_Contrastive_Representation_Arch/sparse_contrast_benchmark_large_batch/outputs/figures/cifar10/vit_small/tradeoff_clean_accuracy_host_raw_to_logits_b1_clean_4ba79ef9f76f.csv,ccceec31807ba5cc094f42a81ff2e9a97af4b48c19eaaba364db41a317ca33ff,492f4056f8bbaf85894a6d908dbc1a3b0f59894562ba5495408e8fc33d6d2d2e,300,vector PDF; 300 dpi for rasterized content
training_sparse_testing_sparse,Accuracy and robustness versus latency,cifar10,vit_small,training_sparse_testing_sparse/results/cifar10/vit_small/tradeoff_clean_accuracy_host_raw_to_logits_b8_balanced_corruption_4ba79ef9f76f.pdf,training_sparse_testing_sparse/results/cifar10/vit_small/tradeoff_clean_accuracy_host_raw_to_logits_b8_balanced_corruption_4ba79ef9f76f.csv,/ceph/sagnihot/projects/Lorena_Contrastive_Representation_Arch/sparse_contrast_benchmark_large_batch/outputs/figures/cifar10/vit_small/tradeoff_clean_accuracy_host_raw_to_logits_b8_balanced_corruption_4ba79ef9f76f.pdf,/ceph/sagnihot/projects/Lorena_Contrastive_Representation_Arch/sparse_contrast_benchmark_large_batch/outputs/figures/cifar10/vit_small/tradeoff_clean_accuracy_host_raw_to_logits_b8_balanced_corruption_4ba79ef9f76f.csv,fd90fd97a1630bfffd402168cd50839ec8edcee5798d9462cd8b660da9d08c46,93f05abc430ac88d5dc82364800607ca31a05992e72dc485ba370ba7b24ef67c,300,vector PDF; 300 dpi for rasterized content
training_sparse_testing_sparse,Accuracy and robustness versus latency,cifar10,vit_small,training_sparse_testing_sparse/results/cifar10/vit_small/tradeoff_clean_accuracy_host_raw_to_logits_b8_balanced_corruption_7df94a2abec9.pdf,training_sparse_testing_sparse/results/cifar10/vit_small/tradeoff_clean_accuracy_host_raw_to_logits_b8_balanced_corruption_7df94a2abec9.csv,/ceph/sagnihot/projects/Lorena_Contrastive_Representation_Arch/sparse_contrast_benchmark_large_batch/outputs/figures/cifar10/vit_small/tradeoff_clean_accuracy_host_raw_to_logits_b8_balanced_corruption_7df94a2abec9.pdf,/ceph/sagnihot/projects/Lorena_Contrastive_Representation_Arch/sparse_contrast_benchmark_large_batch/outputs/figures/cifar10/vit_small/tradeoff_clean_accuracy_host_raw_to_logits_b8_balanced_corruption_7df94a2abec9.csv,5cee79e5ac82eb9558940534ad1fb2729a1b3e3605777cbc80740982738af012,63b0d19775f89e34389eb0dc5c1e9bd72a3238184cb2dc66e89ae8f17e693dc8,300,vector PDF; 300 dpi for rasterized content
training_sparse_testing_sparse,Accuracy and robustness versus latency,cifar10,vit_small,training_sparse_testing_sparse/results/cifar10/vit_small/tradeoff_clean_accuracy_host_raw_to_logits_b8_clean_4ba79ef9f76f.pdf,training_sparse_testing_sparse/results/cifar10/vit_small/tradeoff_clean_accuracy_host_raw_to_logits_b8_clean_4ba79ef9f76f.csv,/ceph/sagnihot/projects/Lorena_Contrastive_Representation_Arch/sparse_contrast_benchmark_large_batch/outputs/figures/cifar10/vit_small/tradeoff_clean_accuracy_host_raw_to_logits_b8_clean_4ba79ef9f76f.pdf,/ceph/sagnihot/projects/Lorena_Contrastive_Representation_Arch/sparse_contrast_benchmark_large_batch/outputs/figures/cifar10/vit_small/tradeoff_clean_accuracy_host_raw_to_logits_b8_clean_4ba79ef9f76f.csv,826a8ce4e0c11b7be95840d3551d051cbb615e0c66daac34595324fe1b0dc210,0a4e731bf2ef68ce4b4142a41c5920ea97256ef3072fd817c771fc1e84725709,300,vector PDF; 300 dpi for rasterized content
training_sparse_testing_sparse,Accuracy and robustness versus latency,cifar10,vit_small,training_sparse_testing_sparse/results/cifar10/vit_small/tradeoff_clean_accuracy_host_raw_to_logits_b8_clean_7df94a2abec9.pdf,training_sparse_testing_sparse/results/cifar10/vit_small/tradeoff_clean_accuracy_host_raw_to_logits_b8_clean_7df94a2abec9.csv,/ceph/sagnihot/projects/Lorena_Contrastive_Representation_Arch/sparse_contrast_benchmark_large_batch/outputs/figures/cifar10/vit_small/tradeoff_clean_accuracy_host_raw_to_logits_b8_clean_7df94a2abec9.pdf,/ceph/sagnihot/projects/Lorena_Contrastive_Representation_Arch/sparse_contrast_benchmark_large_batch/outputs/figures/cifar10/vit_small/tradeoff_clean_accuracy_host_raw_to_logits_b8_clean_7df94a2abec9.csv,6eaa19530e43269b41a9a7cd05f1bb5cf592f24eb93b29964ea2bc53872efb54,1e7f73529035515bf12cee8b09e83d9ea999c69c3c97200ef0426706e5b65b88,300,vector PDF; 300 dpi for rasterized content
training_sparse_testing_sparse,Accuracy and robustness versus latency,cifar10,vit_small,training_sparse_testing_sparse/results/cifar10/vit_small/tradeoff_mCE_raw_gpu_raw_to_logits_b1_balanced_corruption_4ba79ef9f76f.pdf,training_sparse_testing_sparse/results/cifar10/vit_small/tradeoff_mCE_raw_gpu_raw_to_logits_b1_balanced_corruption_4ba79ef9f76f.csv,/ceph/sagnihot/projects/Lorena_Contrastive_Representation_Arch/sparse_contrast_benchmark_large_batch/outputs/figures/cifar10/vit_small/tradeoff_mCE_raw_gpu_raw_to_logits_b1_balanced_corruption_4ba79ef9f76f.pdf,/ceph/sagnihot/projects/Lorena_Contrastive_Representation_Arch/sparse_contrast_benchmark_large_batch/outputs/figures/cifar10/vit_small/tradeoff_mCE_raw_gpu_raw_to_logits_b1_balanced_corruption_4ba79ef9f76f.csv,5d29a43c28194ef6c9bad006b7f2651fbe18276a559d8d07deb773ffc9d8b82d,bc1296a377f2e3ae2ab08d515834368b492d92bb54beeac693a58f60166afdef,300,vector PDF; 300 dpi for rasterized content
training_sparse_testing_sparse,Accuracy and robustness versus latency,cifar10,vit_small,training_sparse_testing_sparse/results/cifar10/vit_small/tradeoff_mCE_raw_gpu_raw_to_logits_b1_clean_4ba79ef9f76f.pdf,training_sparse_testing_sparse/results/cifar10/vit_small/tradeoff_mCE_raw_gpu_raw_to_logits_b1_clean_4ba79ef9f76f.csv,/ceph/sagnihot/projects/Lorena_Contrastive_Representation_Arch/sparse_contrast_benchmark_large_batch/outputs/figures/cifar10/vit_small/tradeoff_mCE_raw_gpu_raw_to_logits_b1_clean_4ba79ef9f76f.pdf,/ceph/sagnihot/projects/Lorena_Contrastive_Representation_Arch/sparse_contrast_benchmark_large_batch/outputs/figures/cifar10/vit_small/tradeoff_mCE_raw_gpu_raw_to_logits_b1_clean_4ba79ef9f76f.csv,9bc683b986e7b9d5f5529f405554dcdcf65aed204d6eb0caf846c73c789e82e8,4a0c2f87aa4c7c6f7d16943661d686d65afc39bb7b9de2c88d39f45a65a424e0,300,vector PDF; 300 dpi for rasterized content
training_sparse_testing_sparse,Accuracy and robustness versus latency,cifar10,vit_small,training_sparse_testing_sparse/results/cifar10/vit_small/tradeoff_mCE_raw_gpu_raw_to_logits_b8_balanced_corruption_4ba79ef9f76f.pdf,training_sparse_testing_sparse/results/cifar10/vit_small/tradeoff_mCE_raw_gpu_raw_to_logits_b8_balanced_corruption_4ba79ef9f76f.csv,/ceph/sagnihot/projects/Lorena_Contrastive_Representation_Arch/sparse_contrast_benchmark_large_batch/outputs/figures/cifar10/vit_small/tradeoff_mCE_raw_gpu_raw_to_logits_b8_balanced_corruption_4ba79ef9f76f.pdf,/ceph/sagnihot/projects/Lorena_Contrastive_Representation_Arch/sparse_contrast_benchmark_large_batch/outputs/figures/cifar10/vit_small/tradeoff_mCE_raw_gpu_raw_to_logits_b8_balanced_corruption_4ba79ef9f76f.csv,d0ace63df7a09c58d58df0620958bafae6cdbc0a9b752e488eb30e91f63d5ab9,c08ffeba6882f2b8965d91cb06877e157811d4cfccf1964f2075542116cd6fd0,300,vector PDF; 300 dpi for rasterized content
training_sparse_testing_sparse,Accuracy and robustness versus latency,cifar10,vit_small,training_sparse_testing_sparse/results/cifar10/vit_small/tradeoff_mCE_raw_gpu_raw_to_logits_b8_balanced_corruption_7df94a2abec9.pdf,training_sparse_testing_sparse/results/cifar10/vit_small/tradeoff_mCE_raw_gpu_raw_to_logits_b8_balanced_corruption_7df94a2abec9.csv,/ceph/sagnihot/projects/Lorena_Contrastive_Representation_Arch/sparse_contrast_benchmark_large_batch/outputs/figures/cifar10/vit_small/tradeoff_mCE_raw_gpu_raw_to_logits_b8_balanced_corruption_7df94a2abec9.pdf,/ceph/sagnihot/projects/Lorena_Contrastive_Representation_Arch/sparse_contrast_benchmark_large_batch/outputs/figures/cifar10/vit_small/tradeoff_mCE_raw_gpu_raw_to_logits_b8_balanced_corruption_7df94a2abec9.csv,6abca0d5cf0fc2c0cf046ceb008d4979d0d7c6fed78246049da3466fedbf9ac9,448809e3410e7683182b47b0eac017cdef90006f6cab3c53d3cfc6f358fac8ae,300,vector PDF; 300 dpi for rasterized content
training_sparse_testing_sparse,Accuracy and robustness versus latency,cifar10,vit_small,training_sparse_testing_sparse/results/cifar10/vit_small/tradeoff_mCE_raw_gpu_raw_to_logits_b8_clean_4ba79ef9f76f.pdf,training_sparse_testing_sparse/results/cifar10/vit_small/tradeoff_mCE_raw_gpu_raw_to_logits_b8_clean_4ba79ef9f76f.csv,/ceph/sagnihot/projects/Lorena_Contrastive_Representation_Arch/sparse_contrast_benchmark_large_batch/outputs/figures/cifar10/vit_small/tradeoff_mCE_raw_gpu_raw_to_logits_b8_clean_4ba79ef9f76f.pdf,/ceph/sagnihot/projects/Lorena_Contrastive_Representation_Arch/sparse_contrast_benchmark_large_batch/outputs/figures/cifar10/vit_small/tradeoff_mCE_raw_gpu_raw_to_logits_b8_clean_4ba79ef9f76f.csv,a9461503e8862a27b377ab1c04111b29cd9a4fb9e54e935c39b496a469e6d5fe,ec0e3211efda8bd46b621ddd6ef6bbd8504ca736e13bda8035d5f0dadd258a03,300,vector PDF; 300 dpi for rasterized content
training_sparse_testing_sparse,Accuracy and robustness versus latency,cifar10,vit_small,training_sparse_testing_sparse/results/cifar10/vit_small/tradeoff_mCE_raw_gpu_raw_to_logits_b8_clean_7df94a2abec9.pdf,training_sparse_testing_sparse/results/cifar10/vit_small/tradeoff_mCE_raw_gpu_raw_to_logits_b8_clean_7df94a2abec9.csv,/ceph/sagnihot/projects/Lorena_Contrastive_Representation_Arch/sparse_contrast_benchmark_large_batch/outputs/figures/cifar10/vit_small/tradeoff_mCE_raw_gpu_raw_to_logits_b8_clean_7df94a2abec9.pdf,/ceph/sagnihot/projects/Lorena_Contrastive_Representation_Arch/sparse_contrast_benchmark_large_batch/outputs/figures/cifar10/vit_small/tradeoff_mCE_raw_gpu_raw_to_logits_b8_clean_7df94a2abec9.csv,450af39752fb8fcc6de3cefe47890ca1fcd3c6c2e2ac27d8606f772ef8074550,804db57688b0988aa05912daa23d4fc69dc08ff141cf9c2359b55be845a54501,300,vector PDF; 300 dpi for rasterized content
training_sparse_testing_sparse,Accuracy and robustness versus latency,cifar10,vit_small,training_sparse_testing_sparse/results/cifar10/vit_small/tradeoff_mCE_raw_host_raw_to_logits_b1_balanced_corruption_4ba79ef9f76f.pdf,training_sparse_testing_sparse/results/cifar10/vit_small/tradeoff_mCE_raw_host_raw_to_logits_b1_balanced_corruption_4ba79ef9f76f.csv,/ceph/sagnihot/projects/Lorena_Contrastive_Representation_Arch/sparse_contrast_benchmark_large_batch/outputs/figures/cifar10/vit_small/tradeoff_mCE_raw_host_raw_to_logits_b1_balanced_corruption_4ba79ef9f76f.pdf,/ceph/sagnihot/projects/Lorena_Contrastive_Representation_Arch/sparse_contrast_benchmark_large_batch/outputs/figures/cifar10/vit_small/tradeoff_mCE_raw_host_raw_to_logits_b1_balanced_corruption_4ba79ef9f76f.csv,855a314a59c6193e0c1bb006b7eaa9a0a891669a2829e4e21bbd97faa4f26840,57602e32209bf28368a2cfcd93bd18c75c6bdeb32f8ac9c5bde2023c11879e82,300,vector PDF; 300 dpi for rasterized content
training_sparse_testing_sparse,Accuracy and robustness versus latency,cifar10,vit_small,training_sparse_testing_sparse/results/cifar10/vit_small/tradeoff_mCE_raw_host_raw_to_logits_b1_clean_4ba79ef9f76f.pdf,training_sparse_testing_sparse/results/cifar10/vit_small/tradeoff_mCE_raw_host_raw_to_logits_b1_clean_4ba79ef9f76f.csv,/ceph/sagnihot/projects/Lorena_Contrastive_Representation_Arch/sparse_contrast_benchmark_large_batch/outputs/figures/cifar10/vit_small/tradeoff_mCE_raw_host_raw_to_logits_b1_clean_4ba79ef9f76f.pdf,/ceph/sagnihot/projects/Lorena_Contrastive_Representation_Arch/sparse_contrast_benchmark_large_batch/outputs/figures/cifar10/vit_small/tradeoff_mCE_raw_host_raw_to_logits_b1_clean_4ba79ef9f76f.csv,613869962039141dcac9e979c62edc994750c06212fd6b35e013236142ce80da,3c04d05640ed3e85330fa7bdca68a1401770ef45829047679b4722ee04ac765a,300,vector PDF; 300 dpi for rasterized content
training_sparse_testing_sparse,Accuracy and robustness versus latency,cifar10,vit_small,training_sparse_testing_sparse/results/cifar10/vit_small/tradeoff_mCE_raw_host_raw_to_logits_b8_balanced_corruption_4ba79ef9f76f.pdf,training_sparse_testing_sparse/results/cifar10/vit_small/tradeoff_mCE_raw_host_raw_to_logits_b8_balanced_corruption_4ba79ef9f76f.csv,/ceph/sagnihot/projects/Lorena_Contrastive_Representation_Arch/sparse_contrast_benchmark_large_batch/outputs/figures/cifar10/vit_small/tradeoff_mCE_raw_host_raw_to_logits_b8_balanced_corruption_4ba79ef9f76f.pdf,/ceph/sagnihot/projects/Lorena_Contrastive_Representation_Arch/sparse_contrast_benchmark_large_batch/outputs/figures/cifar10/vit_small/tradeoff_mCE_raw_host_raw_to_logits_b8_balanced_corruption_4ba79ef9f76f.csv,e83c4abae6f2e2285a3302676e23fbeb1851c2b7da283c8050bf8e37e2f93554,aeb2a44472be8a982b7e4da9c231274f05c096021385e94312a0a136d5cd0731,300,vector PDF; 300 dpi for rasterized content
training_sparse_testing_sparse,Accuracy and robustness versus latency,cifar10,vit_small,training_sparse_testing_sparse/results/cifar10/vit_small/tradeoff_mCE_raw_host_raw_to_logits_b8_balanced_corruption_7df94a2abec9.pdf,training_sparse_testing_sparse/results/cifar10/vit_small/tradeoff_mCE_raw_host_raw_to_logits_b8_balanced_corruption_7df94a2abec9.csv,/ceph/sagnihot/projects/Lorena_Contrastive_Representation_Arch/sparse_contrast_benchmark_large_batch/outputs/figures/cifar10/vit_small/tradeoff_mCE_raw_host_raw_to_logits_b8_balanced_corruption_7df94a2abec9.pdf,/ceph/sagnihot/projects/Lorena_Contrastive_Representation_Arch/sparse_contrast_benchmark_large_batch/outputs/figures/cifar10/vit_small/tradeoff_mCE_raw_host_raw_to_logits_b8_balanced_corruption_7df94a2abec9.csv,aabf18a124c0838c10d978adf1645df8afd4ea110c0edabac92afb8f53905f5f,1286aaeb5243f64291adb97a486eda1f00a650d58f9069f3954170ca7bbcdb24,300,vector PDF; 300 dpi for rasterized content
training_sparse_testing_sparse,Accuracy and robustness versus latency,cifar10,vit_small,training_sparse_testing_sparse/results/cifar10/vit_small/tradeoff_mCE_raw_host_raw_to_logits_b8_clean_4ba79ef9f76f.pdf,training_sparse_testing_sparse/results/cifar10/vit_small/tradeoff_mCE_raw_host_raw_to_logits_b8_clean_4ba79ef9f76f.csv,/ceph/sagnihot/projects/Lorena_Contrastive_Representation_Arch/sparse_contrast_benchmark_large_batch/outputs/figures/cifar10/vit_small/tradeoff_mCE_raw_host_raw_to_logits_b8_clean_4ba79ef9f76f.pdf,/ceph/sagnihot/projects/Lorena_Contrastive_Representation_Arch/sparse_contrast_benchmark_large_batch/outputs/figures/cifar10/vit_small/tradeoff_mCE_raw_host_raw_to_logits_b8_clean_4ba79ef9f76f.csv,bec50630fc2e18d01a2d9ef3447c85122cce482369447d20be8d9a219387402e,5551d49baf14189bd457b645eb13029d4cd9740e8e0a3c7c22b0baa758b81a3f,300,vector PDF; 300 dpi for rasterized content
training_sparse_testing_sparse,Accuracy and robustness versus latency,cifar10,vit_small,training_sparse_testing_sparse/results/cifar10/vit_small/tradeoff_mCE_raw_host_raw_to_logits_b8_clean_7df94a2abec9.pdf,training_sparse_testing_sparse/results/cifar10/vit_small/tradeoff_mCE_raw_host_raw_to_logits_b8_clean_7df94a2abec9.csv,/ceph/sagnihot/projects/Lorena_Contrastive_Representation_Arch/sparse_contrast_benchmark_large_batch/outputs/figures/cifar10/vit_small/tradeoff_mCE_raw_host_raw_to_logits_b8_clean_7df94a2abec9.pdf,/ceph/sagnihot/projects/Lorena_Contrastive_Representation_Arch/sparse_contrast_benchmark_large_batch/outputs/figures/cifar10/vit_small/tradeoff_mCE_raw_host_raw_to_logits_b8_clean_7df94a2abec9.csv,c6452fec893f8658d18cf3053b11aaf70d018b704ff75b72fe6dce86dc4a23c7,9569cfaefa782c061002194ec89d01e7c8daa038c7fc43066218e894d375441c,300,vector PDF; 300 dpi for rasterized content
training_sparse_testing_sparse,Preprocessing sparsity and patch removal,mnist,preprocessing,training_sparse_testing_sparse/results/mnist/preprocessing/achieved_sparsity_grayscale.pdf,training_sparse_testing_sparse/results/mnist/preprocessing/achieved_sparsity_grayscale.csv,/ceph/sagnihot/projects/Lorena_Contrastive_Representation_Arch/sparse_contrast_benchmark_large_batch/outputs/figures/mnist/preprocessing/achieved_sparsity_grayscale.pdf,/ceph/sagnihot/projects/Lorena_Contrastive_Representation_Arch/sparse_contrast_benchmark_large_batch/outputs/figures/mnist/preprocessing/achieved_sparsity_grayscale.csv,b1a849d6de98a7aa5b78a8849d81bee35f814f1fe4b00be42be4b287e8c8ec0f,bf5faa8e4c15fdf47cbd5d5b0362d62d71841da62367d82b6b67d31fe5f59a2f,300,vector PDF; 300 dpi for rasterized content
training_sparse_testing_sparse,Preprocessing sparsity and patch removal,mnist,preprocessing,training_sparse_testing_sparse/results/mnist/preprocessing/empty_patches_grayscale.pdf,training_sparse_testing_sparse/results/mnist/preprocessing/empty_patches_grayscale.csv,/ceph/sagnihot/projects/Lorena_Contrastive_Representation_Arch/sparse_contrast_benchmark_large_batch/outputs/figures/mnist/preprocessing/empty_patches_grayscale.pdf,/ceph/sagnihot/projects/Lorena_Contrastive_Representation_Arch/sparse_contrast_benchmark_large_batch/outputs/figures/mnist/preprocessing/empty_patches_grayscale.csv,aba5ae6d80f15f3f55260d973d3ff79102ed2043bf3a3dd05212f473a5f82ea8,cd338adeb21a7117365e668cf0dd0b7159f5ff0e9ae3cef7b8b405c61cb2536c,300,vector PDF; 300 dpi for rasterized content
training_sparse_testing_sparse,"Accuracy, robustness and loss",mnist,swin_tiny,training_sparse_testing_sparse/results/mnist/swin_tiny/clean_accuracy.pdf,training_sparse_testing_sparse/results/mnist/swin_tiny/clean_accuracy.csv,/ceph/sagnihot/projects/Lorena_Contrastive_Representation_Arch/sparse_contrast_benchmark_large_batch/outputs/figures/mnist/swin_tiny/clean_accuracy.pdf,/ceph/sagnihot/projects/Lorena_Contrastive_Representation_Arch/sparse_contrast_benchmark_large_batch/outputs/figures/mnist/swin_tiny/clean_accuracy.csv,af6cbbf82feab003d4e6ec875b0c1e80ebc34b8145d9d90b6c99bd6aba36ade8,d3238d8cf9782a9f0ae5c71f94e2ffc8a9d949bd154d97cabf744867117af9f8,300,vector PDF; 300 dpi for rasterized content
training_sparse_testing_sparse,"Accuracy, robustness and loss",mnist,swin_tiny,training_sparse_testing_sparse/results/mnist/swin_tiny/latency_7_gpu_raw_to_logits_b1_balanced_corruption_4ba79ef9f76ff06df88f37ba7586b1b5a3ac8b43008b3eed0ca6a744393e6687_median_ms.pdf,training_sparse_testing_sparse/results/mnist/swin_tiny/latency_7_gpu_raw_to_logits_b1_balanced_corruption_4ba79ef9f76ff06df88f37ba7586b1b5a3ac8b43008b3eed0ca6a744393e6687_median_ms.csv,/ceph/sagnihot/projects/Lorena_Contrastive_Representation_Arch/sparse_contrast_benchmark_large_batch/outputs/figures/mnist/swin_tiny/latency_7_gpu_raw_to_logits_b1_balanced_corruption_4ba79ef9f76ff06df88f37ba7586b1b5a3ac8b43008b3eed0ca6a744393e6687_median_ms.pdf,/ceph/sagnihot/projects/Lorena_Contrastive_Representation_Arch/sparse_contrast_benchmark_large_batch/outputs/figures/mnist/swin_tiny/latency_7_gpu_raw_to_logits_b1_balanced_corruption_4ba79ef9f76ff06df88f37ba7586b1b5a3ac8b43008b3eed0ca6a744393e6687_median_ms.csv,095a9d3962a8954ccbb695ee22ed8a4b4e3578b3cebe9979776dbda308d3a80b,245aebf89292a6afb2605bfe1d22b8ba0363eefbd6f020b8246f7c56d3b35656,300,vector PDF; 300 dpi for rasterized content
training_sparse_testing_sparse,"Accuracy, robustness and loss",mnist,swin_tiny,training_sparse_testing_sparse/results/mnist/swin_tiny/latency_7_gpu_raw_to_logits_b1_balanced_corruption_4ba79ef9f76ff06df88f37ba7586b1b5a3ac8b43008b3eed0ca6a744393e6687_p95_ms.pdf,training_sparse_testing_sparse/results/mnist/swin_tiny/latency_7_gpu_raw_to_logits_b1_balanced_corruption_4ba79ef9f76ff06df88f37ba7586b1b5a3ac8b43008b3eed0ca6a744393e6687_p95_ms.csv,/ceph/sagnihot/projects/Lorena_Contrastive_Representation_Arch/sparse_contrast_benchmark_large_batch/outputs/figures/mnist/swin_tiny/latency_7_gpu_raw_to_logits_b1_balanced_corruption_4ba79ef9f76ff06df88f37ba7586b1b5a3ac8b43008b3eed0ca6a744393e6687_p95_ms.pdf,/ceph/sagnihot/projects/Lorena_Contrastive_Representation_Arch/sparse_contrast_benchmark_large_batch/outputs/figures/mnist/swin_tiny/latency_7_gpu_raw_to_logits_b1_balanced_corruption_4ba79ef9f76ff06df88f37ba7586b1b5a3ac8b43008b3eed0ca6a744393e6687_p95_ms.csv,c3268a9af803d6fb74ff78f7aed30f18779c20a9c16846723f0364caa7f334b7,48c91120c7d1679a6cf3ecbe304569f5036d5611ae15ab02c52e93a6f02aeda3,300,vector PDF; 300 dpi for rasterized content
training_sparse_testing_sparse,"Accuracy, robustness and loss",mnist,swin_tiny,training_sparse_testing_sparse/results/mnist/swin_tiny/latency_7_gpu_raw_to_logits_b1_clean_4ba79ef9f76ff06df88f37ba7586b1b5a3ac8b43008b3eed0ca6a744393e6687_median_ms.pdf,training_sparse_testing_sparse/results/mnist/swin_tiny/latency_7_gpu_raw_to_logits_b1_clean_4ba79ef9f76ff06df88f37ba7586b1b5a3ac8b43008b3eed0ca6a744393e6687_median_ms.csv,/ceph/sagnihot/projects/Lorena_Contrastive_Representation_Arch/sparse_contrast_benchmark_large_batch/outputs/figures/mnist/swin_tiny/latency_7_gpu_raw_to_logits_b1_clean_4ba79ef9f76ff06df88f37ba7586b1b5a3ac8b43008b3eed0ca6a744393e6687_median_ms.pdf,/ceph/sagnihot/projects/Lorena_Contrastive_Representation_Arch/sparse_contrast_benchmark_large_batch/outputs/figures/mnist/swin_tiny/latency_7_gpu_raw_to_logits_b1_clean_4ba79ef9f76ff06df88f37ba7586b1b5a3ac8b43008b3eed0ca6a744393e6687_median_ms.csv,66fe83e8a0afd983b9032a0ae8660911f73e07353cc74daaa2c7a75d0fe00be7,56fdca7b86d70cbaf16745ea16805178a5422d30215ec0fab574248367a6bcf6,300,vector PDF; 300 dpi for rasterized content
training_sparse_testing_sparse,"Accuracy, robustness and loss",mnist,swin_tiny,training_sparse_testing_sparse/results/mnist/swin_tiny/latency_7_gpu_raw_to_logits_b1_clean_4ba79ef9f76ff06df88f37ba7586b1b5a3ac8b43008b3eed0ca6a744393e6687_p95_ms.pdf,training_sparse_testing_sparse/results/mnist/swin_tiny/latency_7_gpu_raw_to_logits_b1_clean_4ba79ef9f76ff06df88f37ba7586b1b5a3ac8b43008b3eed0ca6a744393e6687_p95_ms.csv,/ceph/sagnihot/projects/Lorena_Contrastive_Representation_Arch/sparse_contrast_benchmark_large_batch/outputs/figures/mnist/swin_tiny/latency_7_gpu_raw_to_logits_b1_clean_4ba79ef9f76ff06df88f37ba7586b1b5a3ac8b43008b3eed0ca6a744393e6687_p95_ms.pdf,/ceph/sagnihot/projects/Lorena_Contrastive_Representation_Arch/sparse_contrast_benchmark_large_batch/outputs/figures/mnist/swin_tiny/latency_7_gpu_raw_to_logits_b1_clean_4ba79ef9f76ff06df88f37ba7586b1b5a3ac8b43008b3eed0ca6a744393e6687_p95_ms.csv,76dd6df77acbcd5c813656db347be66c813ac7c0f14d17e05558578b93f3f287,9348868d604914912a456c704ad6f0f496e8c9a14a311d8f027b7d3b326fb043,300,vector PDF; 300 dpi for rasterized content
training_sparse_testing_sparse,"Accuracy, robustness and loss",mnist,swin_tiny,training_sparse_testing_sparse/results/mnist/swin_tiny/latency_7_gpu_raw_to_logits_b8_balanced_corruption_4ba79ef9f76ff06df88f37ba7586b1b5a3ac8b43008b3eed0ca6a744393e6687_median_ms.pdf,training_sparse_testing_sparse/results/mnist/swin_tiny/latency_7_gpu_raw_to_logits_b8_balanced_corruption_4ba79ef9f76ff06df88f37ba7586b1b5a3ac8b43008b3eed0ca6a744393e6687_median_ms.csv,/ceph/sagnihot/projects/Lorena_Contrastive_Representation_Arch/sparse_contrast_benchmark_large_batch/outputs/figures/mnist/swin_tiny/latency_7_gpu_raw_to_logits_b8_balanced_corruption_4ba79ef9f76ff06df88f37ba7586b1b5a3ac8b43008b3eed0ca6a744393e6687_median_ms.pdf,/ceph/sagnihot/projects/Lorena_Contrastive_Representation_Arch/sparse_contrast_benchmark_large_batch/outputs/figures/mnist/swin_tiny/latency_7_gpu_raw_to_logits_b8_balanced_corruption_4ba79ef9f76ff06df88f37ba7586b1b5a3ac8b43008b3eed0ca6a744393e6687_median_ms.csv,4d52a7bc565264959a1fc80bb715245ebba178589715329e893bd1cd14983ad5,fc28c20970ad81b1c5b21eafdbcbddd7cd62d04a5aba1626e40aaf86f3cf95ab,300,vector PDF; 300 dpi for rasterized content
training_sparse_testing_sparse,"Accuracy, robustness and loss",mnist,swin_tiny,training_sparse_testing_sparse/results/mnist/swin_tiny/latency_7_gpu_raw_to_logits_b8_balanced_corruption_4ba79ef9f76ff06df88f37ba7586b1b5a3ac8b43008b3eed0ca6a744393e6687_p95_ms.pdf,training_sparse_testing_sparse/results/mnist/swin_tiny/latency_7_gpu_raw_to_logits_b8_balanced_corruption_4ba79ef9f76ff06df88f37ba7586b1b5a3ac8b43008b3eed0ca6a744393e6687_p95_ms.csv,/ceph/sagnihot/projects/Lorena_Contrastive_Representation_Arch/sparse_contrast_benchmark_large_batch/outputs/figures/mnist/swin_tiny/latency_7_gpu_raw_to_logits_b8_balanced_corruption_4ba79ef9f76ff06df88f37ba7586b1b5a3ac8b43008b3eed0ca6a744393e6687_p95_ms.pdf,/ceph/sagnihot/projects/Lorena_Contrastive_Representation_Arch/sparse_contrast_benchmark_large_batch/outputs/figures/mnist/swin_tiny/latency_7_gpu_raw_to_logits_b8_balanced_corruption_4ba79ef9f76ff06df88f37ba7586b1b5a3ac8b43008b3eed0ca6a744393e6687_p95_ms.csv,998e39ce6984fd94194203e9ac8edd583cec96c231b04ba4f726e340e183f9f5,a64d3d4afddd4056a1ba9523212f0d5fdd288b5fce241f98712ab01798065997,300,vector PDF; 300 dpi for rasterized content
training_sparse_testing_sparse,"Accuracy, robustness and loss",mnist,swin_tiny,training_sparse_testing_sparse/results/mnist/swin_tiny/latency_7_gpu_raw_to_logits_b8_clean_4ba79ef9f76ff06df88f37ba7586b1b5a3ac8b43008b3eed0ca6a744393e6687_median_ms.pdf,training_sparse_testing_sparse/results/mnist/swin_tiny/latency_7_gpu_raw_to_logits_b8_clean_4ba79ef9f76ff06df88f37ba7586b1b5a3ac8b43008b3eed0ca6a744393e6687_median_ms.csv,/ceph/sagnihot/projects/Lorena_Contrastive_Representation_Arch/sparse_contrast_benchmark_large_batch/outputs/figures/mnist/swin_tiny/latency_7_gpu_raw_to_logits_b8_clean_4ba79ef9f76ff06df88f37ba7586b1b5a3ac8b43008b3eed0ca6a744393e6687_median_ms.pdf,/ceph/sagnihot/projects/Lorena_Contrastive_Representation_Arch/sparse_contrast_benchmark_large_batch/outputs/figures/mnist/swin_tiny/latency_7_gpu_raw_to_logits_b8_clean_4ba79ef9f76ff06df88f37ba7586b1b5a3ac8b43008b3eed0ca6a744393e6687_median_ms.csv,153e50dba9cf12e4d3313672b4f542da838196e76b469e8609e82ae2afe5cb50,c0d1f97fb70302ee25f105b851b051ff91c224f0f7935e82c722105617f75341,300,vector PDF; 300 dpi for rasterized content
training_sparse_testing_sparse,"Accuracy, robustness and loss",mnist,swin_tiny,training_sparse_testing_sparse/results/mnist/swin_tiny/latency_7_gpu_raw_to_logits_b8_clean_4ba79ef9f76ff06df88f37ba7586b1b5a3ac8b43008b3eed0ca6a744393e6687_p95_ms.pdf,training_sparse_testing_sparse/results/mnist/swin_tiny/latency_7_gpu_raw_to_logits_b8_clean_4ba79ef9f76ff06df88f37ba7586b1b5a3ac8b43008b3eed0ca6a744393e6687_p95_ms.csv,/ceph/sagnihot/projects/Lorena_Contrastive_Representation_Arch/sparse_contrast_benchmark_large_batch/outputs/figures/mnist/swin_tiny/latency_7_gpu_raw_to_logits_b8_clean_4ba79ef9f76ff06df88f37ba7586b1b5a3ac8b43008b3eed0ca6a744393e6687_p95_ms.pdf,/ceph/sagnihot/projects/Lorena_Contrastive_Representation_Arch/sparse_contrast_benchmark_large_batch/outputs/figures/mnist/swin_tiny/latency_7_gpu_raw_to_logits_b8_clean_4ba79ef9f76ff06df88f37ba7586b1b5a3ac8b43008b3eed0ca6a744393e6687_p95_ms.csv,ddf1d8631ed00a06e71467b944dddc111056406d28e7102e35e1d4f6c14f0fd1,5a5c58e489991ac809fca084fe2efa29c76f48c7af8c602dd29cb596c9f3f5cc,300,vector PDF; 300 dpi for rasterized content
training_sparse_testing_sparse,"Accuracy, robustness and loss",mnist,swin_tiny,training_sparse_testing_sparse/results/mnist/swin_tiny/latency_7_host_raw_to_logits_b1_balanced_corruption_4ba79ef9f76ff06df88f37ba7586b1b5a3ac8b43008b3eed0ca6a744393e6687_median_ms.pdf,training_sparse_testing_sparse/results/mnist/swin_tiny/latency_7_host_raw_to_logits_b1_balanced_corruption_4ba79ef9f76ff06df88f37ba7586b1b5a3ac8b43008b3eed0ca6a744393e6687_median_ms.csv,/ceph/sagnihot/projects/Lorena_Contrastive_Representation_Arch/sparse_contrast_benchmark_large_batch/outputs/figures/mnist/swin_tiny/latency_7_host_raw_to_logits_b1_balanced_corruption_4ba79ef9f76ff06df88f37ba7586b1b5a3ac8b43008b3eed0ca6a744393e6687_median_ms.pdf,/ceph/sagnihot/projects/Lorena_Contrastive_Representation_Arch/sparse_contrast_benchmark_large_batch/outputs/figures/mnist/swin_tiny/latency_7_host_raw_to_logits_b1_balanced_corruption_4ba79ef9f76ff06df88f37ba7586b1b5a3ac8b43008b3eed0ca6a744393e6687_median_ms.csv,ff8de094cf0c886459aa4c0d91f1e99c1a8b3bf079dadbfae4eb2e10427d18bf,f3398a92242433d8b200c792c83262c306208a651fd58351eaeb9de17b84619f,300,vector PDF; 300 dpi for rasterized content
training_sparse_testing_sparse,"Accuracy, robustness and loss",mnist,swin_tiny,training_sparse_testing_sparse/results/mnist/swin_tiny/latency_7_host_raw_to_logits_b1_balanced_corruption_4ba79ef9f76ff06df88f37ba7586b1b5a3ac8b43008b3eed0ca6a744393e6687_p95_ms.pdf,training_sparse_testing_sparse/results/mnist/swin_tiny/latency_7_host_raw_to_logits_b1_balanced_corruption_4ba79ef9f76ff06df88f37ba7586b1b5a3ac8b43008b3eed0ca6a744393e6687_p95_ms.csv,/ceph/sagnihot/projects/Lorena_Contrastive_Representation_Arch/sparse_contrast_benchmark_large_batch/outputs/figures/mnist/swin_tiny/latency_7_host_raw_to_logits_b1_balanced_corruption_4ba79ef9f76ff06df88f37ba7586b1b5a3ac8b43008b3eed0ca6a744393e6687_p95_ms.pdf,/ceph/sagnihot/projects/Lorena_Contrastive_Representation_Arch/sparse_contrast_benchmark_large_batch/outputs/figures/mnist/swin_tiny/latency_7_host_raw_to_logits_b1_balanced_corruption_4ba79ef9f76ff06df88f37ba7586b1b5a3ac8b43008b3eed0ca6a744393e6687_p95_ms.csv,ff3eb2e052abeddc747a61c9ba79361dd29af89ce8a58a2b54050562883b3687,f8ed4460cd8c9de31f7ac4fa6d95c23755232ab5b44f78a070c608c0cfd4111b,300,vector PDF; 300 dpi for rasterized content
training_sparse_testing_sparse,"Accuracy, robustness and loss",mnist,swin_tiny,training_sparse_testing_sparse/results/mnist/swin_tiny/latency_7_host_raw_to_logits_b1_clean_4ba79ef9f76ff06df88f37ba7586b1b5a3ac8b43008b3eed0ca6a744393e6687_median_ms.pdf,training_sparse_testing_sparse/results/mnist/swin_tiny/latency_7_host_raw_to_logits_b1_clean_4ba79ef9f76ff06df88f37ba7586b1b5a3ac8b43008b3eed0ca6a744393e6687_median_ms.csv,/ceph/sagnihot/projects/Lorena_Contrastive_Representation_Arch/sparse_contrast_benchmark_large_batch/outputs/figures/mnist/swin_tiny/latency_7_host_raw_to_logits_b1_clean_4ba79ef9f76ff06df88f37ba7586b1b5a3ac8b43008b3eed0ca6a744393e6687_median_ms.pdf,/ceph/sagnihot/projects/Lorena_Contrastive_Representation_Arch/sparse_contrast_benchmark_large_batch/outputs/figures/mnist/swin_tiny/latency_7_host_raw_to_logits_b1_clean_4ba79ef9f76ff06df88f37ba7586b1b5a3ac8b43008b3eed0ca6a744393e6687_median_ms.csv,1704170f531d060215fe6002099a822cf69c8e458afd4a0a57d16f62b2ceb6c7,0aa4781d1ac0eae97e8caf7a77c3a1f00e3e85a064ca14626721b5b67bed2ecd,300,vector PDF; 300 dpi for rasterized content
training_sparse_testing_sparse,"Accuracy, robustness and loss",mnist,swin_tiny,training_sparse_testing_sparse/results/mnist/swin_tiny/latency_7_host_raw_to_logits_b1_clean_4ba79ef9f76ff06df88f37ba7586b1b5a3ac8b43008b3eed0ca6a744393e6687_p95_ms.pdf,training_sparse_testing_sparse/results/mnist/swin_tiny/latency_7_host_raw_to_logits_b1_clean_4ba79ef9f76ff06df88f37ba7586b1b5a3ac8b43008b3eed0ca6a744393e6687_p95_ms.csv,/ceph/sagnihot/projects/Lorena_Contrastive_Representation_Arch/sparse_contrast_benchmark_large_batch/outputs/figures/mnist/swin_tiny/latency_7_host_raw_to_logits_b1_clean_4ba79ef9f76ff06df88f37ba7586b1b5a3ac8b43008b3eed0ca6a744393e6687_p95_ms.pdf,/ceph/sagnihot/projects/Lorena_Contrastive_Representation_Arch/sparse_contrast_benchmark_large_batch/outputs/figures/mnist/swin_tiny/latency_7_host_raw_to_logits_b1_clean_4ba79ef9f76ff06df88f37ba7586b1b5a3ac8b43008b3eed0ca6a744393e6687_p95_ms.csv,15eaa17c59bef3595ae4a170ed5d8126cc6a8be69b69f1ef1ecbb63545499a9c,ed3d8bad8b585b003f0612c487ac732a5aa3b13a8e44a9ab98846daf3d4bac27,300,vector PDF; 300 dpi for rasterized content
training_sparse_testing_sparse,"Accuracy, robustness and loss",mnist,swin_tiny,training_sparse_testing_sparse/results/mnist/swin_tiny/latency_7_host_raw_to_logits_b8_balanced_corruption_4ba79ef9f76ff06df88f37ba7586b1b5a3ac8b43008b3eed0ca6a744393e6687_median_ms.pdf,training_sparse_testing_sparse/results/mnist/swin_tiny/latency_7_host_raw_to_logits_b8_balanced_corruption_4ba79ef9f76ff06df88f37ba7586b1b5a3ac8b43008b3eed0ca6a744393e6687_median_ms.csv,/ceph/sagnihot/projects/Lorena_Contrastive_Representation_Arch/sparse_contrast_benchmark_large_batch/outputs/figures/mnist/swin_tiny/latency_7_host_raw_to_logits_b8_balanced_corruption_4ba79ef9f76ff06df88f37ba7586b1b5a3ac8b43008b3eed0ca6a744393e6687_median_ms.pdf,/ceph/sagnihot/projects/Lorena_Contrastive_Representation_Arch/sparse_contrast_benchmark_large_batch/outputs/figures/mnist/swin_tiny/latency_7_host_raw_to_logits_b8_balanced_corruption_4ba79ef9f76ff06df88f37ba7586b1b5a3ac8b43008b3eed0ca6a744393e6687_median_ms.csv,a5c6ba191f4cabc67b0b360cb7c7880faf916c3b761960ee1b47212ffa2b7ee3,b8b1bfea3d5fe2ca2ba029b8035d9faef772410e506384fa037305616a5acbbf,300,vector PDF; 300 dpi for rasterized content
training_sparse_testing_sparse,"Accuracy, robustness and loss",mnist,swin_tiny,training_sparse_testing_sparse/results/mnist/swin_tiny/latency_7_host_raw_to_logits_b8_balanced_corruption_4ba79ef9f76ff06df88f37ba7586b1b5a3ac8b43008b3eed0ca6a744393e6687_p95_ms.pdf,training_sparse_testing_sparse/results/mnist/swin_tiny/latency_7_host_raw_to_logits_b8_balanced_corruption_4ba79ef9f76ff06df88f37ba7586b1b5a3ac8b43008b3eed0ca6a744393e6687_p95_ms.csv,/ceph/sagnihot/projects/Lorena_Contrastive_Representation_Arch/sparse_contrast_benchmark_large_batch/outputs/figures/mnist/swin_tiny/latency_7_host_raw_to_logits_b8_balanced_corruption_4ba79ef9f76ff06df88f37ba7586b1b5a3ac8b43008b3eed0ca6a744393e6687_p95_ms.pdf,/ceph/sagnihot/projects/Lorena_Contrastive_Representation_Arch/sparse_contrast_benchmark_large_batch/outputs/figures/mnist/swin_tiny/latency_7_host_raw_to_logits_b8_balanced_corruption_4ba79ef9f76ff06df88f37ba7586b1b5a3ac8b43008b3eed0ca6a744393e6687_p95_ms.csv,369b548869ac50e174bec2858c177ba8a513127a0fd8f693a375a84c61ad4ab5,2b9f0993070a7bd12287a0c1469031939c3a60947f0f0465fe0e6e6206b17ccb,300,vector PDF; 300 dpi for rasterized content
training_sparse_testing_sparse,"Accuracy, robustness and loss",mnist,swin_tiny,training_sparse_testing_sparse/results/mnist/swin_tiny/latency_7_host_raw_to_logits_b8_clean_4ba79ef9f76ff06df88f37ba7586b1b5a3ac8b43008b3eed0ca6a744393e6687_median_ms.pdf,training_sparse_testing_sparse/results/mnist/swin_tiny/latency_7_host_raw_to_logits_b8_clean_4ba79ef9f76ff06df88f37ba7586b1b5a3ac8b43008b3eed0ca6a744393e6687_median_ms.csv,/ceph/sagnihot/projects/Lorena_Contrastive_Representation_Arch/sparse_contrast_benchmark_large_batch/outputs/figures/mnist/swin_tiny/latency_7_host_raw_to_logits_b8_clean_4ba79ef9f76ff06df88f37ba7586b1b5a3ac8b43008b3eed0ca6a744393e6687_median_ms.pdf,/ceph/sagnihot/projects/Lorena_Contrastive_Representation_Arch/sparse_contrast_benchmark_large_batch/outputs/figures/mnist/swin_tiny/latency_7_host_raw_to_logits_b8_clean_4ba79ef9f76ff06df88f37ba7586b1b5a3ac8b43008b3eed0ca6a744393e6687_median_ms.csv,6ab6d45b338dec858914ea8cd02ee7313e614caeddda49c06ecf17ce8c10ca76,df7db6295b3241a67950ea45810eb29f8ae2706ae0917faa40d1ec453d3da237,300,vector PDF; 300 dpi for rasterized content
training_sparse_testing_sparse,"Accuracy, robustness and loss",mnist,swin_tiny,training_sparse_testing_sparse/results/mnist/swin_tiny/latency_7_host_raw_to_logits_b8_clean_4ba79ef9f76ff06df88f37ba7586b1b5a3ac8b43008b3eed0ca6a744393e6687_p95_ms.pdf,training_sparse_testing_sparse/results/mnist/swin_tiny/latency_7_host_raw_to_logits_b8_clean_4ba79ef9f76ff06df88f37ba7586b1b5a3ac8b43008b3eed0ca6a744393e6687_p95_ms.csv,/ceph/sagnihot/projects/Lorena_Contrastive_Representation_Arch/sparse_contrast_benchmark_large_batch/outputs/figures/mnist/swin_tiny/latency_7_host_raw_to_logits_b8_clean_4ba79ef9f76ff06df88f37ba7586b1b5a3ac8b43008b3eed0ca6a744393e6687_p95_ms.pdf,/ceph/sagnihot/projects/Lorena_Contrastive_Representation_Arch/sparse_contrast_benchmark_large_batch/outputs/figures/mnist/swin_tiny/latency_7_host_raw_to_logits_b8_clean_4ba79ef9f76ff06df88f37ba7586b1b5a3ac8b43008b3eed0ca6a744393e6687_p95_ms.csv,24747b416716c5e1a1a0a4aac2ebb4adefcf9418b756f2ac14ac4b25afe15a9d,fa9a15f86d131d8434accb2556614db544a8db4026eb83dd102cf6ce7b303293,300,vector PDF; 300 dpi for rasterized content
training_sparse_testing_sparse,"Accuracy, robustness and loss",mnist,swin_tiny,training_sparse_testing_sparse/results/mnist/swin_tiny/latency_7_loader_to_cpu_prediction_b1_balanced_corruption_4ba79ef9f76ff06df88f37ba7586b1b5a3ac8b43008b3eed0ca6a744393e6687_median_ms.pdf,training_sparse_testing_sparse/results/mnist/swin_tiny/latency_7_loader_to_cpu_prediction_b1_balanced_corruption_4ba79ef9f76ff06df88f37ba7586b1b5a3ac8b43008b3eed0ca6a744393e6687_median_ms.csv,/ceph/sagnihot/projects/Lorena_Contrastive_Representation_Arch/sparse_contrast_benchmark_large_batch/outputs/figures/mnist/swin_tiny/latency_7_loader_to_cpu_prediction_b1_balanced_corruption_4ba79ef9f76ff06df88f37ba7586b1b5a3ac8b43008b3eed0ca6a744393e6687_median_ms.pdf,/ceph/sagnihot/projects/Lorena_Contrastive_Representation_Arch/sparse_contrast_benchmark_large_batch/outputs/figures/mnist/swin_tiny/latency_7_loader_to_cpu_prediction_b1_balanced_corruption_4ba79ef9f76ff06df88f37ba7586b1b5a3ac8b43008b3eed0ca6a744393e6687_median_ms.csv,2fc9398859528acb9762a33616726e1c5467f4004b43d6596c852cc2ad360eb9,14e3b882a1e173310bd4f4b2ec98c9ffa30a68ed3d45a3f903e3a4013e4eede6,300,vector PDF; 300 dpi for rasterized content
training_sparse_testing_sparse,"Accuracy, robustness and loss",mnist,swin_tiny,training_sparse_testing_sparse/results/mnist/swin_tiny/latency_7_loader_to_cpu_prediction_b1_balanced_corruption_4ba79ef9f76ff06df88f37ba7586b1b5a3ac8b43008b3eed0ca6a744393e6687_p95_ms.pdf,training_sparse_testing_sparse/results/mnist/swin_tiny/latency_7_loader_to_cpu_prediction_b1_balanced_corruption_4ba79ef9f76ff06df88f37ba7586b1b5a3ac8b43008b3eed0ca6a744393e6687_p95_ms.csv,/ceph/sagnihot/projects/Lorena_Contrastive_Representation_Arch/sparse_contrast_benchmark_large_batch/outputs/figures/mnist/swin_tiny/latency_7_loader_to_cpu_prediction_b1_balanced_corruption_4ba79ef9f76ff06df88f37ba7586b1b5a3ac8b43008b3eed0ca6a744393e6687_p95_ms.pdf,/ceph/sagnihot/projects/Lorena_Contrastive_Representation_Arch/sparse_contrast_benchmark_large_batch/outputs/figures/mnist/swin_tiny/latency_7_loader_to_cpu_prediction_b1_balanced_corruption_4ba79ef9f76ff06df88f37ba7586b1b5a3ac8b43008b3eed0ca6a744393e6687_p95_ms.csv,bb0aba9f8f1b9ca604c891bd90449385d6241ec94a829bc9b96ce172be5eeea9,96836f80e9c46e6a018811d35e64601c6720ea533a99bc14856e439520adb938,300,vector PDF; 300 dpi for rasterized content
training_sparse_testing_sparse,"Accuracy, robustness and loss",mnist,swin_tiny,training_sparse_testing_sparse/results/mnist/swin_tiny/latency_7_loader_to_cpu_prediction_b1_clean_4ba79ef9f76ff06df88f37ba7586b1b5a3ac8b43008b3eed0ca6a744393e6687_median_ms.pdf,training_sparse_testing_sparse/results/mnist/swin_tiny/latency_7_loader_to_cpu_prediction_b1_clean_4ba79ef9f76ff06df88f37ba7586b1b5a3ac8b43008b3eed0ca6a744393e6687_median_ms.csv,/ceph/sagnihot/projects/Lorena_Contrastive_Representation_Arch/sparse_contrast_benchmark_large_batch/outputs/figures/mnist/swin_tiny/latency_7_loader_to_cpu_prediction_b1_clean_4ba79ef9f76ff06df88f37ba7586b1b5a3ac8b43008b3eed0ca6a744393e6687_median_ms.pdf,/ceph/sagnihot/projects/Lorena_Contrastive_Representation_Arch/sparse_contrast_benchmark_large_batch/outputs/figures/mnist/swin_tiny/latency_7_loader_to_cpu_prediction_b1_clean_4ba79ef9f76ff06df88f37ba7586b1b5a3ac8b43008b3eed0ca6a744393e6687_median_ms.csv,5b417498ca79e676cc94b7408c98e23fc051746c010c74e63a8b6e0ef87a8e6d,32ac723d0ffd2e2933ff17b04cb1b7a39348e390e6e7cb400bfdafaac67dfc86,300,vector PDF; 300 dpi for rasterized content
training_sparse_testing_sparse,"Accuracy, robustness and loss",mnist,swin_tiny,training_sparse_testing_sparse/results/mnist/swin_tiny/latency_7_loader_to_cpu_prediction_b1_clean_4ba79ef9f76ff06df88f37ba7586b1b5a3ac8b43008b3eed0ca6a744393e6687_p95_ms.pdf,training_sparse_testing_sparse/results/mnist/swin_tiny/latency_7_loader_to_cpu_prediction_b1_clean_4ba79ef9f76ff06df88f37ba7586b1b5a3ac8b43008b3eed0ca6a744393e6687_p95_ms.csv,/ceph/sagnihot/projects/Lorena_Contrastive_Representation_Arch/sparse_contrast_benchmark_large_batch/outputs/figures/mnist/swin_tiny/latency_7_loader_to_cpu_prediction_b1_clean_4ba79ef9f76ff06df88f37ba7586b1b5a3ac8b43008b3eed0ca6a744393e6687_p95_ms.pdf,/ceph/sagnihot/projects/Lorena_Contrastive_Representation_Arch/sparse_contrast_benchmark_large_batch/outputs/figures/mnist/swin_tiny/latency_7_loader_to_cpu_prediction_b1_clean_4ba79ef9f76ff06df88f37ba7586b1b5a3ac8b43008b3eed0ca6a744393e6687_p95_ms.csv,a9327417417d35209305eb83048582c49bc73aedd768f09f5f1877731e31fce0,42b7e02355dbc9dbc1c9ce1cdd5caae7108f6612cd3a901f64593d92c4e4771c,300,vector PDF; 300 dpi for rasterized content
training_sparse_testing_sparse,"Accuracy, robustness and loss",mnist,swin_tiny,training_sparse_testing_sparse/results/mnist/swin_tiny/latency_7_loader_to_cpu_prediction_b8_balanced_corruption_4ba79ef9f76ff06df88f37ba7586b1b5a3ac8b43008b3eed0ca6a744393e6687_median_ms.pdf,training_sparse_testing_sparse/results/mnist/swin_tiny/latency_7_loader_to_cpu_prediction_b8_balanced_corruption_4ba79ef9f76ff06df88f37ba7586b1b5a3ac8b43008b3eed0ca6a744393e6687_median_ms.csv,/ceph/sagnihot/projects/Lorena_Contrastive_Representation_Arch/sparse_contrast_benchmark_large_batch/outputs/figures/mnist/swin_tiny/latency_7_loader_to_cpu_prediction_b8_balanced_corruption_4ba79ef9f76ff06df88f37ba7586b1b5a3ac8b43008b3eed0ca6a744393e6687_median_ms.pdf,/ceph/sagnihot/projects/Lorena_Contrastive_Representation_Arch/sparse_contrast_benchmark_large_batch/outputs/figures/mnist/swin_tiny/latency_7_loader_to_cpu_prediction_b8_balanced_corruption_4ba79ef9f76ff06df88f37ba7586b1b5a3ac8b43008b3eed0ca6a744393e6687_median_ms.csv,186b40f766b8a0dfa9699fe0ac0a64407bfb144d2576743ee26a9c7e0acb990a,9880ad2ec092ced19d0d8b239eb9092314934347ca64f768e9b0c9b431ed690a,300,vector PDF; 300 dpi for rasterized content
training_sparse_testing_sparse,"Accuracy, robustness and loss",mnist,swin_tiny,training_sparse_testing_sparse/results/mnist/swin_tiny/latency_7_loader_to_cpu_prediction_b8_balanced_corruption_4ba79ef9f76ff06df88f37ba7586b1b5a3ac8b43008b3eed0ca6a744393e6687_p95_ms.pdf,training_sparse_testing_sparse/results/mnist/swin_tiny/latency_7_loader_to_cpu_prediction_b8_balanced_corruption_4ba79ef9f76ff06df88f37ba7586b1b5a3ac8b43008b3eed0ca6a744393e6687_p95_ms.csv,/ceph/sagnihot/projects/Lorena_Contrastive_Representation_Arch/sparse_contrast_benchmark_large_batch/outputs/figures/mnist/swin_tiny/latency_7_loader_to_cpu_prediction_b8_balanced_corruption_4ba79ef9f76ff06df88f37ba7586b1b5a3ac8b43008b3eed0ca6a744393e6687_p95_ms.pdf,/ceph/sagnihot/projects/Lorena_Contrastive_Representation_Arch/sparse_contrast_benchmark_large_batch/outputs/figures/mnist/swin_tiny/latency_7_loader_to_cpu_prediction_b8_balanced_corruption_4ba79ef9f76ff06df88f37ba7586b1b5a3ac8b43008b3eed0ca6a744393e6687_p95_ms.csv,8f8e79a3216763ed25c2179b6721753ad2be74f33b846f7c97ca80d52c6bcf05,22294b65e2d1be1f949e029429db44875522fe020017f4cfb856249efccb6a43,300,vector PDF; 300 dpi for rasterized content
training_sparse_testing_sparse,"Accuracy, robustness and loss",mnist,swin_tiny,training_sparse_testing_sparse/results/mnist/swin_tiny/latency_7_loader_to_cpu_prediction_b8_clean_4ba79ef9f76ff06df88f37ba7586b1b5a3ac8b43008b3eed0ca6a744393e6687_median_ms.pdf,training_sparse_testing_sparse/results/mnist/swin_tiny/latency_7_loader_to_cpu_prediction_b8_clean_4ba79ef9f76ff06df88f37ba7586b1b5a3ac8b43008b3eed0ca6a744393e6687_median_ms.csv,/ceph/sagnihot/projects/Lorena_Contrastive_Representation_Arch/sparse_contrast_benchmark_large_batch/outputs/figures/mnist/swin_tiny/latency_7_loader_to_cpu_prediction_b8_clean_4ba79ef9f76ff06df88f37ba7586b1b5a3ac8b43008b3eed0ca6a744393e6687_median_ms.pdf,/ceph/sagnihot/projects/Lorena_Contrastive_Representation_Arch/sparse_contrast_benchmark_large_batch/outputs/figures/mnist/swin_tiny/latency_7_loader_to_cpu_prediction_b8_clean_4ba79ef9f76ff06df88f37ba7586b1b5a3ac8b43008b3eed0ca6a744393e6687_median_ms.csv,4f6bbfca5405e6768ad2db6be90c6e127c8e13f8dcad443d03fcf54cb6f3b993,b33dcacf83a698cecaa9f40df267c4970c231701f61c573470122d5c6f1d21fd,300,vector PDF; 300 dpi for rasterized content
training_sparse_testing_sparse,"Accuracy, robustness and loss",mnist,swin_tiny,training_sparse_testing_sparse/results/mnist/swin_tiny/latency_7_loader_to_cpu_prediction_b8_clean_4ba79ef9f76ff06df88f37ba7586b1b5a3ac8b43008b3eed0ca6a744393e6687_p95_ms.pdf,training_sparse_testing_sparse/results/mnist/swin_tiny/latency_7_loader_to_cpu_prediction_b8_clean_4ba79ef9f76ff06df88f37ba7586b1b5a3ac8b43008b3eed0ca6a744393e6687_p95_ms.csv,/ceph/sagnihot/projects/Lorena_Contrastive_Representation_Arch/sparse_contrast_benchmark_large_batch/outputs/figures/mnist/swin_tiny/latency_7_loader_to_cpu_prediction_b8_clean_4ba79ef9f76ff06df88f37ba7586b1b5a3ac8b43008b3eed0ca6a744393e6687_p95_ms.pdf,/ceph/sagnihot/projects/Lorena_Contrastive_Representation_Arch/sparse_contrast_benchmark_large_batch/outputs/figures/mnist/swin_tiny/latency_7_loader_to_cpu_prediction_b8_clean_4ba79ef9f76ff06df88f37ba7586b1b5a3ac8b43008b3eed0ca6a744393e6687_p95_ms.csv,6ab7da66b94acd3689dcc2186f48eaf1104b7fca1772abd980b76e3c3068777d,34c9eed787b3ed01fdcfbba652ecf8151650d2693e0a6b87501528daab5185aa,300,vector PDF; 300 dpi for rasterized content
training_sparse_testing_sparse,"Accuracy, robustness and loss",mnist,swin_tiny,training_sparse_testing_sparse/results/mnist/swin_tiny/learning_grayscale_compact_p0_accuracy.pdf,training_sparse_testing_sparse/results/mnist/swin_tiny/learning_grayscale_compact_p0_accuracy.csv,/ceph/sagnihot/projects/Lorena_Contrastive_Representation_Arch/sparse_contrast_benchmark_large_batch/outputs/figures/mnist/swin_tiny/learning_grayscale_compact_p0_accuracy.pdf,/ceph/sagnihot/projects/Lorena_Contrastive_Representation_Arch/sparse_contrast_benchmark_large_batch/outputs/figures/mnist/swin_tiny/learning_grayscale_compact_p0_accuracy.csv,0ab95d933731803177bee7c18350e11712a37ef74d770207088006d335f3942f,ea0686d6d7d3a5bae1d556cd32448946ac9e7cab65a13d29025d7a040b4d4130,300,vector PDF; 300 dpi for rasterized content
training_sparse_testing_sparse,"Accuracy, robustness and loss",mnist,swin_tiny,training_sparse_testing_sparse/results/mnist/swin_tiny/learning_grayscale_compact_p0_loss.pdf,training_sparse_testing_sparse/results/mnist/swin_tiny/learning_grayscale_compact_p0_loss.csv,/ceph/sagnihot/projects/Lorena_Contrastive_Representation_Arch/sparse_contrast_benchmark_large_batch/outputs/figures/mnist/swin_tiny/learning_grayscale_compact_p0_loss.pdf,/ceph/sagnihot/projects/Lorena_Contrastive_Representation_Arch/sparse_contrast_benchmark_large_batch/outputs/figures/mnist/swin_tiny/learning_grayscale_compact_p0_loss.csv,d95192509c1653e7560ecf35cc07f533b1f5644817552a7c025e582e179f6ec6,ea0686d6d7d3a5bae1d556cd32448946ac9e7cab65a13d29025d7a040b4d4130,300,vector PDF; 300 dpi for rasterized content
training_sparse_testing_sparse,"Accuracy, robustness and loss",mnist,swin_tiny,training_sparse_testing_sparse/results/mnist/swin_tiny/learning_grayscale_compact_p20_accuracy.pdf,training_sparse_testing_sparse/results/mnist/swin_tiny/learning_grayscale_compact_p20_accuracy.csv,/ceph/sagnihot/projects/Lorena_Contrastive_Representation_Arch/sparse_contrast_benchmark_large_batch/outputs/figures/mnist/swin_tiny/learning_grayscale_compact_p20_accuracy.pdf,/ceph/sagnihot/projects/Lorena_Contrastive_Representation_Arch/sparse_contrast_benchmark_large_batch/outputs/figures/mnist/swin_tiny/learning_grayscale_compact_p20_accuracy.csv,b489535b249b515de4b9aae287798b58457fec6404184f78d2fa3413963cf81b,5b834bdd59cf94451dacb7df8ed09877884e3aa3f4f9e77116f150ec2fa147f2,300,vector PDF; 300 dpi for rasterized content
training_sparse_testing_sparse,"Accuracy, robustness and loss",mnist,swin_tiny,training_sparse_testing_sparse/results/mnist/swin_tiny/learning_grayscale_compact_p20_loss.pdf,training_sparse_testing_sparse/results/mnist/swin_tiny/learning_grayscale_compact_p20_loss.csv,/ceph/sagnihot/projects/Lorena_Contrastive_Representation_Arch/sparse_contrast_benchmark_large_batch/outputs/figures/mnist/swin_tiny/learning_grayscale_compact_p20_loss.pdf,/ceph/sagnihot/projects/Lorena_Contrastive_Representation_Arch/sparse_contrast_benchmark_large_batch/outputs/figures/mnist/swin_tiny/learning_grayscale_compact_p20_loss.csv,1b7d925dc8d59e5eb112c0ce985049cc89bfe21dfe04045209f1e91b3c97d2e8,5b834bdd59cf94451dacb7df8ed09877884e3aa3f4f9e77116f150ec2fa147f2,300,vector PDF; 300 dpi for rasterized content
training_sparse_testing_sparse,"Accuracy, robustness and loss",mnist,swin_tiny,training_sparse_testing_sparse/results/mnist/swin_tiny/learning_grayscale_compact_p40_accuracy.pdf,training_sparse_testing_sparse/results/mnist/swin_tiny/learning_grayscale_compact_p40_accuracy.csv,/ceph/sagnihot/projects/Lorena_Contrastive_Representation_Arch/sparse_contrast_benchmark_large_batch/outputs/figures/mnist/swin_tiny/learning_grayscale_compact_p40_accuracy.pdf,/ceph/sagnihot/projects/Lorena_Contrastive_Representation_Arch/sparse_contrast_benchmark_large_batch/outputs/figures/mnist/swin_tiny/learning_grayscale_compact_p40_accuracy.csv,b8f24d7f521becf90ec2a4e0a5454c0a08841b26de544a1e8129a26a1c8621e5,07e321519d55d5ff2a7826bcb44bead387beba72c75084b4922fa082724b8dbe,300,vector PDF; 300 dpi for rasterized content
training_sparse_testing_sparse,"Accuracy, robustness and loss",mnist,swin_tiny,training_sparse_testing_sparse/results/mnist/swin_tiny/learning_grayscale_compact_p40_loss.pdf,training_sparse_testing_sparse/results/mnist/swin_tiny/learning_grayscale_compact_p40_loss.csv,/ceph/sagnihot/projects/Lorena_Contrastive_Representation_Arch/sparse_contrast_benchmark_large_batch/outputs/figures/mnist/swin_tiny/learning_grayscale_compact_p40_loss.pdf,/ceph/sagnihot/projects/Lorena_Contrastive_Representation_Arch/sparse_contrast_benchmark_large_batch/outputs/figures/mnist/swin_tiny/learning_grayscale_compact_p40_loss.csv,4fab90a62e18a188d4fc935234a7b02d576086ec14c528d36496cca75fee6b0d,07e321519d55d5ff2a7826bcb44bead387beba72c75084b4922fa082724b8dbe,300,vector PDF; 300 dpi for rasterized content
training_sparse_testing_sparse,"Accuracy, robustness and loss",mnist,swin_tiny,training_sparse_testing_sparse/results/mnist/swin_tiny/learning_grayscale_compact_p60_accuracy.pdf,training_sparse_testing_sparse/results/mnist/swin_tiny/learning_grayscale_compact_p60_accuracy.csv,/ceph/sagnihot/projects/Lorena_Contrastive_Representation_Arch/sparse_contrast_benchmark_large_batch/outputs/figures/mnist/swin_tiny/learning_grayscale_compact_p60_accuracy.pdf,/ceph/sagnihot/projects/Lorena_Contrastive_Representation_Arch/sparse_contrast_benchmark_large_batch/outputs/figures/mnist/swin_tiny/learning_grayscale_compact_p60_accuracy.csv,d8fa4df25bd25a2484f5bbf29ce9b955315283b19dd5ed5131ee4511295e073d,b44081a70f76d84d4adee39fd843ea207a5892df0d2ef6f57ee5848a6421a361,300,vector PDF; 300 dpi for rasterized content
training_sparse_testing_sparse,"Accuracy, robustness and loss",mnist,swin_tiny,training_sparse_testing_sparse/results/mnist/swin_tiny/learning_grayscale_compact_p60_loss.pdf,training_sparse_testing_sparse/results/mnist/swin_tiny/learning_grayscale_compact_p60_loss.csv,/ceph/sagnihot/projects/Lorena_Contrastive_Representation_Arch/sparse_contrast_benchmark_large_batch/outputs/figures/mnist/swin_tiny/learning_grayscale_compact_p60_loss.pdf,/ceph/sagnihot/projects/Lorena_Contrastive_Representation_Arch/sparse_contrast_benchmark_large_batch/outputs/figures/mnist/swin_tiny/learning_grayscale_compact_p60_loss.csv,7c6ef292a8381c18943c94e388043b534f3fd6537e720fbf5276fcafa586f9ea,b44081a70f76d84d4adee39fd843ea207a5892df0d2ef6f57ee5848a6421a361,300,vector PDF; 300 dpi for rasterized content
training_sparse_testing_sparse,"Accuracy, robustness and loss",mnist,swin_tiny,training_sparse_testing_sparse/results/mnist/swin_tiny/learning_grayscale_compact_p80_accuracy.pdf,training_sparse_testing_sparse/results/mnist/swin_tiny/learning_grayscale_compact_p80_accuracy.csv,/ceph/sagnihot/projects/Lorena_Contrastive_Representation_Arch/sparse_contrast_benchmark_large_batch/outputs/figures/mnist/swin_tiny/learning_grayscale_compact_p80_accuracy.pdf,/ceph/sagnihot/projects/Lorena_Contrastive_Representation_Arch/sparse_contrast_benchmark_large_batch/outputs/figures/mnist/swin_tiny/learning_grayscale_compact_p80_accuracy.csv,4ec1736d0191629e60673c2119e8224ca01c97d0b1fce33b82995418b6cbf26c,9011c2d702f03fb2a1ee2d8b842492c645ea0cc54204661d1d9d24f1faee3d08,300,vector PDF; 300 dpi for rasterized content
training_sparse_testing_sparse,"Accuracy, robustness and loss",mnist,swin_tiny,training_sparse_testing_sparse/results/mnist/swin_tiny/learning_grayscale_compact_p80_loss.pdf,training_sparse_testing_sparse/results/mnist/swin_tiny/learning_grayscale_compact_p80_loss.csv,/ceph/sagnihot/projects/Lorena_Contrastive_Representation_Arch/sparse_contrast_benchmark_large_batch/outputs/figures/mnist/swin_tiny/learning_grayscale_compact_p80_loss.pdf,/ceph/sagnihot/projects/Lorena_Contrastive_Representation_Arch/sparse_contrast_benchmark_large_batch/outputs/figures/mnist/swin_tiny/learning_grayscale_compact_p80_loss.csv,6996ff84e0979e0752cf002f69293754a9b41a06a407a4e70fddfcd6786b953a,9011c2d702f03fb2a1ee2d8b842492c645ea0cc54204661d1d9d24f1faee3d08,300,vector PDF; 300 dpi for rasterized content
training_sparse_testing_sparse,"Accuracy, robustness and loss",mnist,swin_tiny,training_sparse_testing_sparse/results/mnist/swin_tiny/learning_grayscale_dense_p0_accuracy.pdf,training_sparse_testing_sparse/results/mnist/swin_tiny/learning_grayscale_dense_p0_accuracy.csv,/ceph/sagnihot/projects/Lorena_Contrastive_Representation_Arch/sparse_contrast_benchmark_large_batch/outputs/figures/mnist/swin_tiny/learning_grayscale_dense_p0_accuracy.pdf,/ceph/sagnihot/projects/Lorena_Contrastive_Representation_Arch/sparse_contrast_benchmark_large_batch/outputs/figures/mnist/swin_tiny/learning_grayscale_dense_p0_accuracy.csv,1a11331b1deda708782ebef2613a4a62b347c5cbffdb4ee6c6547f9b37565db9,13866fa63b3f187f30c2d181fcdb310ecd701dde50efdaea31cd33725535e51c,300,vector PDF; 300 dpi for rasterized content
training_sparse_testing_sparse,"Accuracy, robustness and loss",mnist,swin_tiny,training_sparse_testing_sparse/results/mnist/swin_tiny/learning_grayscale_dense_p0_loss.pdf,training_sparse_testing_sparse/results/mnist/swin_tiny/learning_grayscale_dense_p0_loss.csv,/ceph/sagnihot/projects/Lorena_Contrastive_Representation_Arch/sparse_contrast_benchmark_large_batch/outputs/figures/mnist/swin_tiny/learning_grayscale_dense_p0_loss.pdf,/ceph/sagnihot/projects/Lorena_Contrastive_Representation_Arch/sparse_contrast_benchmark_large_batch/outputs/figures/mnist/swin_tiny/learning_grayscale_dense_p0_loss.csv,7f4b3c7030e37aaac075495fbff2b220b2c7347c61508911e8c8cb6b6bdc4766,13866fa63b3f187f30c2d181fcdb310ecd701dde50efdaea31cd33725535e51c,300,vector PDF; 300 dpi for rasterized content
training_sparse_testing_sparse,"Accuracy, robustness and loss",mnist,swin_tiny,training_sparse_testing_sparse/results/mnist/swin_tiny/learning_raw_dense_pNone_accuracy.pdf,training_sparse_testing_sparse/results/mnist/swin_tiny/learning_raw_dense_pNone_accuracy.csv,/ceph/sagnihot/projects/Lorena_Contrastive_Representation_Arch/sparse_contrast_benchmark_large_batch/outputs/figures/mnist/swin_tiny/learning_raw_dense_pNone_accuracy.pdf,/ceph/sagnihot/projects/Lorena_Contrastive_Representation_Arch/sparse_contrast_benchmark_large_batch/outputs/figures/mnist/swin_tiny/learning_raw_dense_pNone_accuracy.csv,167d2c5685e7c0df65d92cc80b36caa4e7ee0f7445d73056c184cb2d6c73c3cf,3fb591c4e12f38496074d9c32269ad5cf654ffefa26a41809f740ed96bf0d5bc,300,vector PDF; 300 dpi for rasterized content
training_sparse_testing_sparse,"Accuracy, robustness and loss",mnist,swin_tiny,training_sparse_testing_sparse/results/mnist/swin_tiny/learning_raw_dense_pNone_loss.pdf,training_sparse_testing_sparse/results/mnist/swin_tiny/learning_raw_dense_pNone_loss.csv,/ceph/sagnihot/projects/Lorena_Contrastive_Representation_Arch/sparse_contrast_benchmark_large_batch/outputs/figures/mnist/swin_tiny/learning_raw_dense_pNone_loss.pdf,/ceph/sagnihot/projects/Lorena_Contrastive_Representation_Arch/sparse_contrast_benchmark_large_batch/outputs/figures/mnist/swin_tiny/learning_raw_dense_pNone_loss.csv,20272180aa8b6b2e83db9d39cbc6df773cba7c0b2c473736ce15382f2812a397,3fb591c4e12f38496074d9c32269ad5cf654ffefa26a41809f740ed96bf0d5bc,300,vector PDF; 300 dpi for rasterized content
training_sparse_testing_sparse,"Accuracy, robustness and loss",mnist,swin_tiny,training_sparse_testing_sparse/results/mnist/swin_tiny/mean_corruption_error.pdf,training_sparse_testing_sparse/results/mnist/swin_tiny/mean_corruption_error.csv,/ceph/sagnihot/projects/Lorena_Contrastive_Representation_Arch/sparse_contrast_benchmark_large_batch/outputs/figures/mnist/swin_tiny/mean_corruption_error.pdf,/ceph/sagnihot/projects/Lorena_Contrastive_Representation_Arch/sparse_contrast_benchmark_large_batch/outputs/figures/mnist/swin_tiny/mean_corruption_error.csv,f23bcbc810345c8f225019030d3c071f80b644f3a0909ef32b65d73a85a2ce37,d3238d8cf9782a9f0ae5c71f94e2ffc8a9d949bd154d97cabf744867117af9f8,300,vector PDF; 300 dpi for rasterized content
training_sparse_testing_sparse,"Accuracy, robustness and loss",mnist,swin_tiny,training_sparse_testing_sparse/results/mnist/swin_tiny/median_ms_gpu_raw_to_logits_b1_balanced_corruption_4ba79ef9f76f.pdf,training_sparse_testing_sparse/results/mnist/swin_tiny/median_ms_gpu_raw_to_logits_b1_balanced_corruption_4ba79ef9f76f.csv,/ceph/sagnihot/projects/Lorena_Contrastive_Representation_Arch/sparse_contrast_benchmark_large_batch/outputs/figures/mnist/swin_tiny/median_ms_gpu_raw_to_logits_b1_balanced_corruption_4ba79ef9f76f.pdf,/ceph/sagnihot/projects/Lorena_Contrastive_Representation_Arch/sparse_contrast_benchmark_large_batch/outputs/figures/mnist/swin_tiny/median_ms_gpu_raw_to_logits_b1_balanced_corruption_4ba79ef9f76f.csv,4dc71167ca5ec50aed28ecb10fd366dfbafacaab961afacc378c53567e6eee00,e716d99a0634a4d11a50c69cae070ed7124a42828f91063bd5688d5532f4af72,300,vector PDF; 300 dpi for rasterized content
training_sparse_testing_sparse,"Accuracy, robustness and loss",mnist,swin_tiny,training_sparse_testing_sparse/results/mnist/swin_tiny/median_ms_gpu_raw_to_logits_b1_clean_4ba79ef9f76f.pdf,training_sparse_testing_sparse/results/mnist/swin_tiny/median_ms_gpu_raw_to_logits_b1_clean_4ba79ef9f76f.csv,/ceph/sagnihot/projects/Lorena_Contrastive_Representation_Arch/sparse_contrast_benchmark_large_batch/outputs/figures/mnist/swin_tiny/median_ms_gpu_raw_to_logits_b1_clean_4ba79ef9f76f.pdf,/ceph/sagnihot/projects/Lorena_Contrastive_Representation_Arch/sparse_contrast_benchmark_large_batch/outputs/figures/mnist/swin_tiny/median_ms_gpu_raw_to_logits_b1_clean_4ba79ef9f76f.csv,fa106bcdf481e4bbb786674a2aad7af0ff846fbeec0abb6881e606e594760736,5f21d64357b42856aec3861cc5ee7da6b0c0079b2d02ed428ccc63dd493c0733,300,vector PDF; 300 dpi for rasterized content
training_sparse_testing_sparse,"Accuracy, robustness and loss",mnist,swin_tiny,training_sparse_testing_sparse/results/mnist/swin_tiny/median_ms_gpu_raw_to_logits_b8_balanced_corruption_4ba79ef9f76f.pdf,training_sparse_testing_sparse/results/mnist/swin_tiny/median_ms_gpu_raw_to_logits_b8_balanced_corruption_4ba79ef9f76f.csv,/ceph/sagnihot/projects/Lorena_Contrastive_Representation_Arch/sparse_contrast_benchmark_large_batch/outputs/figures/mnist/swin_tiny/median_ms_gpu_raw_to_logits_b8_balanced_corruption_4ba79ef9f76f.pdf,/ceph/sagnihot/projects/Lorena_Contrastive_Representation_Arch/sparse_contrast_benchmark_large_batch/outputs/figures/mnist/swin_tiny/median_ms_gpu_raw_to_logits_b8_balanced_corruption_4ba79ef9f76f.csv,312ecc9cecc8528f17481440d672e2eeb40d5ffe2b498dd351dd40e311d88676,3648ff3938b3d8b4e7233a1aa9e4338234fa628af6f400f81a0446aaec1e0f65,300,vector PDF; 300 dpi for rasterized content
training_sparse_testing_sparse,"Accuracy, robustness and loss",mnist,swin_tiny,training_sparse_testing_sparse/results/mnist/swin_tiny/median_ms_gpu_raw_to_logits_b8_clean_4ba79ef9f76f.pdf,training_sparse_testing_sparse/results/mnist/swin_tiny/median_ms_gpu_raw_to_logits_b8_clean_4ba79ef9f76f.csv,/ceph/sagnihot/projects/Lorena_Contrastive_Representation_Arch/sparse_contrast_benchmark_large_batch/outputs/figures/mnist/swin_tiny/median_ms_gpu_raw_to_logits_b8_clean_4ba79ef9f76f.pdf,/ceph/sagnihot/projects/Lorena_Contrastive_Representation_Arch/sparse_contrast_benchmark_large_batch/outputs/figures/mnist/swin_tiny/median_ms_gpu_raw_to_logits_b8_clean_4ba79ef9f76f.csv,c4126d255e743666b4c55b4752891eb178e4930a2fe4c4e93aa52bec14ae228b,fb1bd788abfe65276c55dc28677fe94f6bd47a000f61a496ef7605058f4c5987,300,vector PDF; 300 dpi for rasterized content
training_sparse_testing_sparse,"Accuracy, robustness and loss",mnist,swin_tiny,training_sparse_testing_sparse/results/mnist/swin_tiny/median_ms_host_raw_to_logits_b1_balanced_corruption_4ba79ef9f76f.pdf,training_sparse_testing_sparse/results/mnist/swin_tiny/median_ms_host_raw_to_logits_b1_balanced_corruption_4ba79ef9f76f.csv,/ceph/sagnihot/projects/Lorena_Contrastive_Representation_Arch/sparse_contrast_benchmark_large_batch/outputs/figures/mnist/swin_tiny/median_ms_host_raw_to_logits_b1_balanced_corruption_4ba79ef9f76f.pdf,/ceph/sagnihot/projects/Lorena_Contrastive_Representation_Arch/sparse_contrast_benchmark_large_batch/outputs/figures/mnist/swin_tiny/median_ms_host_raw_to_logits_b1_balanced_corruption_4ba79ef9f76f.csv,a15be7bdd76767b17d8b72e4be285c72c92d815f66930b849367ad9cc68b3c58,ed5e1372d6b7bcfa89a76e8ee25a26eb3da626033926ebaf07ce4da3afe7eaab,300,vector PDF; 300 dpi for rasterized content
training_sparse_testing_sparse,"Accuracy, robustness and loss",mnist,swin_tiny,training_sparse_testing_sparse/results/mnist/swin_tiny/median_ms_host_raw_to_logits_b1_clean_4ba79ef9f76f.pdf,training_sparse_testing_sparse/results/mnist/swin_tiny/median_ms_host_raw_to_logits_b1_clean_4ba79ef9f76f.csv,/ceph/sagnihot/projects/Lorena_Contrastive_Representation_Arch/sparse_contrast_benchmark_large_batch/outputs/figures/mnist/swin_tiny/median_ms_host_raw_to_logits_b1_clean_4ba79ef9f76f.pdf,/ceph/sagnihot/projects/Lorena_Contrastive_Representation_Arch/sparse_contrast_benchmark_large_batch/outputs/figures/mnist/swin_tiny/median_ms_host_raw_to_logits_b1_clean_4ba79ef9f76f.csv,ba5276eed3837c16d784aca6e338d58bd924a66e96c48e1dde2f2512dce8bcf9,b03bc7da54692a0d7b90cc3fbfe023fea5b23ae73803a088318373a931f783c1,300,vector PDF; 300 dpi for rasterized content
training_sparse_testing_sparse,"Accuracy, robustness and loss",mnist,swin_tiny,training_sparse_testing_sparse/results/mnist/swin_tiny/median_ms_host_raw_to_logits_b8_balanced_corruption_4ba79ef9f76f.pdf,training_sparse_testing_sparse/results/mnist/swin_tiny/median_ms_host_raw_to_logits_b8_balanced_corruption_4ba79ef9f76f.csv,/ceph/sagnihot/projects/Lorena_Contrastive_Representation_Arch/sparse_contrast_benchmark_large_batch/outputs/figures/mnist/swin_tiny/median_ms_host_raw_to_logits_b8_balanced_corruption_4ba79ef9f76f.pdf,/ceph/sagnihot/projects/Lorena_Contrastive_Representation_Arch/sparse_contrast_benchmark_large_batch/outputs/figures/mnist/swin_tiny/median_ms_host_raw_to_logits_b8_balanced_corruption_4ba79ef9f76f.csv,c969ed77fe1d959b1d91fb98d06ab2f3557d77d1c42fad2d664a511939182895,3fe845d47de7262c92300f8ce4feb7adf143435b2d842bef7603ae9ebf894f68,300,vector PDF; 300 dpi for rasterized content
training_sparse_testing_sparse,"Accuracy, robustness and loss",mnist,swin_tiny,training_sparse_testing_sparse/results/mnist/swin_tiny/median_ms_host_raw_to_logits_b8_clean_4ba79ef9f76f.pdf,training_sparse_testing_sparse/results/mnist/swin_tiny/median_ms_host_raw_to_logits_b8_clean_4ba79ef9f76f.csv,/ceph/sagnihot/projects/Lorena_Contrastive_Representation_Arch/sparse_contrast_benchmark_large_batch/outputs/figures/mnist/swin_tiny/median_ms_host_raw_to_logits_b8_clean_4ba79ef9f76f.pdf,/ceph/sagnihot/projects/Lorena_Contrastive_Representation_Arch/sparse_contrast_benchmark_large_batch/outputs/figures/mnist/swin_tiny/median_ms_host_raw_to_logits_b8_clean_4ba79ef9f76f.csv,fb9a6a0d1fd3d0b3cff385ebb7f8ef095797aeeacb4b8020a8509cb300374f05,5e64176138725c160fb9bdb330a63c4bac75c8f125a95bdddaf05bbdd0728500,300,vector PDF; 300 dpi for rasterized content
training_sparse_testing_sparse,"Accuracy, robustness and loss",mnist,swin_tiny,training_sparse_testing_sparse/results/mnist/swin_tiny/paired_seed_ratio_of_median_speedup_gpu_raw_to_logits_b1_balanced_corruption_4ba79ef9f76f.pdf,training_sparse_testing_sparse/results/mnist/swin_tiny/paired_seed_ratio_of_median_speedup_gpu_raw_to_logits_b1_balanced_corruption_4ba79ef9f76f.csv,/ceph/sagnihot/projects/Lorena_Contrastive_Representation_Arch/sparse_contrast_benchmark_large_batch/outputs/figures/mnist/swin_tiny/paired_seed_ratio_of_median_speedup_gpu_raw_to_logits_b1_balanced_corruption_4ba79ef9f76f.pdf,/ceph/sagnihot/projects/Lorena_Contrastive_Representation_Arch/sparse_contrast_benchmark_large_batch/outputs/figures/mnist/swin_tiny/paired_seed_ratio_of_median_speedup_gpu_raw_to_logits_b1_balanced_corruption_4ba79ef9f76f.csv,4223ad87bf60926f0bc2c4261248094c87e59d167f953da4b427472c285fd00a,e716d99a0634a4d11a50c69cae070ed7124a42828f91063bd5688d5532f4af72,300,vector PDF; 300 dpi for rasterized content
training_sparse_testing_sparse,"Accuracy, robustness and loss",mnist,swin_tiny,training_sparse_testing_sparse/results/mnist/swin_tiny/paired_seed_ratio_of_median_speedup_gpu_raw_to_logits_b1_clean_4ba79ef9f76f.pdf,training_sparse_testing_sparse/results/mnist/swin_tiny/paired_seed_ratio_of_median_speedup_gpu_raw_to_logits_b1_clean_4ba79ef9f76f.csv,/ceph/sagnihot/projects/Lorena_Contrastive_Representation_Arch/sparse_contrast_benchmark_large_batch/outputs/figures/mnist/swin_tiny/paired_seed_ratio_of_median_speedup_gpu_raw_to_logits_b1_clean_4ba79ef9f76f.pdf,/ceph/sagnihot/projects/Lorena_Contrastive_Representation_Arch/sparse_contrast_benchmark_large_batch/outputs/figures/mnist/swin_tiny/paired_seed_ratio_of_median_speedup_gpu_raw_to_logits_b1_clean_4ba79ef9f76f.csv,a2b6564bac4216c9c5955bfc1e25375084da58df827f75c834c7a46b9413d96c,5f21d64357b42856aec3861cc5ee7da6b0c0079b2d02ed428ccc63dd493c0733,300,vector PDF; 300 dpi for rasterized content
training_sparse_testing_sparse,"Accuracy, robustness and loss",mnist,swin_tiny,training_sparse_testing_sparse/results/mnist/swin_tiny/paired_seed_ratio_of_median_speedup_gpu_raw_to_logits_b8_balanced_corruption_4ba79ef9f76f.pdf,training_sparse_testing_sparse/results/mnist/swin_tiny/paired_seed_ratio_of_median_speedup_gpu_raw_to_logits_b8_balanced_corruption_4ba79ef9f76f.csv,/ceph/sagnihot/projects/Lorena_Contrastive_Representation_Arch/sparse_contrast_benchmark_large_batch/outputs/figures/mnist/swin_tiny/paired_seed_ratio_of_median_speedup_gpu_raw_to_logits_b8_balanced_corruption_4ba79ef9f76f.pdf,/ceph/sagnihot/projects/Lorena_Contrastive_Representation_Arch/sparse_contrast_benchmark_large_batch/outputs/figures/mnist/swin_tiny/paired_seed_ratio_of_median_speedup_gpu_raw_to_logits_b8_balanced_corruption_4ba79ef9f76f.csv,f968864631eea99db79b57c0353733bab9d563988e8fe141a665a8a9827a6903,3648ff3938b3d8b4e7233a1aa9e4338234fa628af6f400f81a0446aaec1e0f65,300,vector PDF; 300 dpi for rasterized content
training_sparse_testing_sparse,"Accuracy, robustness and loss",mnist,swin_tiny,training_sparse_testing_sparse/results/mnist/swin_tiny/paired_seed_ratio_of_median_speedup_gpu_raw_to_logits_b8_clean_4ba79ef9f76f.pdf,training_sparse_testing_sparse/results/mnist/swin_tiny/paired_seed_ratio_of_median_speedup_gpu_raw_to_logits_b8_clean_4ba79ef9f76f.csv,/ceph/sagnihot/projects/Lorena_Contrastive_Representation_Arch/sparse_contrast_benchmark_large_batch/outputs/figures/mnist/swin_tiny/paired_seed_ratio_of_median_speedup_gpu_raw_to_logits_b8_clean_4ba79ef9f76f.pdf,/ceph/sagnihot/projects/Lorena_Contrastive_Representation_Arch/sparse_contrast_benchmark_large_batch/outputs/figures/mnist/swin_tiny/paired_seed_ratio_of_median_speedup_gpu_raw_to_logits_b8_clean_4ba79ef9f76f.csv,cd3da3ab267ffd18883d50c10b236963c1ac3390b0fd9196067d89ccb2533e60,fb1bd788abfe65276c55dc28677fe94f6bd47a000f61a496ef7605058f4c5987,300,vector PDF; 300 dpi for rasterized content
training_sparse_testing_sparse,"Accuracy, robustness and loss",mnist,swin_tiny,training_sparse_testing_sparse/results/mnist/swin_tiny/paired_seed_ratio_of_median_speedup_host_raw_to_logits_b1_balanced_corruption_4ba79ef9f76f.pdf,training_sparse_testing_sparse/results/mnist/swin_tiny/paired_seed_ratio_of_median_speedup_host_raw_to_logits_b1_balanced_corruption_4ba79ef9f76f.csv,/ceph/sagnihot/projects/Lorena_Contrastive_Representation_Arch/sparse_contrast_benchmark_large_batch/outputs/figures/mnist/swin_tiny/paired_seed_ratio_of_median_speedup_host_raw_to_logits_b1_balanced_corruption_4ba79ef9f76f.pdf,/ceph/sagnihot/projects/Lorena_Contrastive_Representation_Arch/sparse_contrast_benchmark_large_batch/outputs/figures/mnist/swin_tiny/paired_seed_ratio_of_median_speedup_host_raw_to_logits_b1_balanced_corruption_4ba79ef9f76f.csv,8afdd1f3e75c5fd10016d2ffc11c7827cee51343a9dbff7642a3612a20cd839b,ed5e1372d6b7bcfa89a76e8ee25a26eb3da626033926ebaf07ce4da3afe7eaab,300,vector PDF; 300 dpi for rasterized content
training_sparse_testing_sparse,"Accuracy, robustness and loss",mnist,swin_tiny,training_sparse_testing_sparse/results/mnist/swin_tiny/paired_seed_ratio_of_median_speedup_host_raw_to_logits_b1_clean_4ba79ef9f76f.pdf,training_sparse_testing_sparse/results/mnist/swin_tiny/paired_seed_ratio_of_median_speedup_host_raw_to_logits_b1_clean_4ba79ef9f76f.csv,/ceph/sagnihot/projects/Lorena_Contrastive_Representation_Arch/sparse_contrast_benchmark_large_batch/outputs/figures/mnist/swin_tiny/paired_seed_ratio_of_median_speedup_host_raw_to_logits_b1_clean_4ba79ef9f76f.pdf,/ceph/sagnihot/projects/Lorena_Contrastive_Representation_Arch/sparse_contrast_benchmark_large_batch/outputs/figures/mnist/swin_tiny/paired_seed_ratio_of_median_speedup_host_raw_to_logits_b1_clean_4ba79ef9f76f.csv,4d67e8b7ee42ccb507ab34084d88c07ed44378647552f6c1290a93d5cd343b3b,b03bc7da54692a0d7b90cc3fbfe023fea5b23ae73803a088318373a931f783c1,300,vector PDF; 300 dpi for rasterized content
training_sparse_testing_sparse,"Accuracy, robustness and loss",mnist,swin_tiny,training_sparse_testing_sparse/results/mnist/swin_tiny/paired_seed_ratio_of_median_speedup_host_raw_to_logits_b8_balanced_corruption_4ba79ef9f76f.pdf,training_sparse_testing_sparse/results/mnist/swin_tiny/paired_seed_ratio_of_median_speedup_host_raw_to_logits_b8_balanced_corruption_4ba79ef9f76f.csv,/ceph/sagnihot/projects/Lorena_Contrastive_Representation_Arch/sparse_contrast_benchmark_large_batch/outputs/figures/mnist/swin_tiny/paired_seed_ratio_of_median_speedup_host_raw_to_logits_b8_balanced_corruption_4ba79ef9f76f.pdf,/ceph/sagnihot/projects/Lorena_Contrastive_Representation_Arch/sparse_contrast_benchmark_large_batch/outputs/figures/mnist/swin_tiny/paired_seed_ratio_of_median_speedup_host_raw_to_logits_b8_balanced_corruption_4ba79ef9f76f.csv,0fcfe3efeb5926e4c36adf7981e0e7ee1df67dc2328083ecd79b416f68c47e37,3fe845d47de7262c92300f8ce4feb7adf143435b2d842bef7603ae9ebf894f68,300,vector PDF; 300 dpi for rasterized content
training_sparse_testing_sparse,"Accuracy, robustness and loss",mnist,swin_tiny,training_sparse_testing_sparse/results/mnist/swin_tiny/paired_seed_ratio_of_median_speedup_host_raw_to_logits_b8_clean_4ba79ef9f76f.pdf,training_sparse_testing_sparse/results/mnist/swin_tiny/paired_seed_ratio_of_median_speedup_host_raw_to_logits_b8_clean_4ba79ef9f76f.csv,/ceph/sagnihot/projects/Lorena_Contrastive_Representation_Arch/sparse_contrast_benchmark_large_batch/outputs/figures/mnist/swin_tiny/paired_seed_ratio_of_median_speedup_host_raw_to_logits_b8_clean_4ba79ef9f76f.pdf,/ceph/sagnihot/projects/Lorena_Contrastive_Representation_Arch/sparse_contrast_benchmark_large_batch/outputs/figures/mnist/swin_tiny/paired_seed_ratio_of_median_speedup_host_raw_to_logits_b8_clean_4ba79ef9f76f.csv,5e07383ccac64ef94878b7a568bcaac05d14d7f98a9c320eede9c9467f0a4782,5e64176138725c160fb9bdb330a63c4bac75c8f125a95bdddaf05bbdd0728500,300,vector PDF; 300 dpi for rasterized content
training_sparse_testing_sparse,"Accuracy, robustness and loss",mnist,swin_tiny,training_sparse_testing_sparse/results/mnist/swin_tiny/paired_seed_ratio_of_median_speedup_loader_to_cpu_prediction_b1_balanced_corruption_4ba79ef9f76f.pdf,training_sparse_testing_sparse/results/mnist/swin_tiny/paired_seed_ratio_of_median_speedup_loader_to_cpu_prediction_b1_balanced_corruption_4ba79ef9f76f.csv,/ceph/sagnihot/projects/Lorena_Contrastive_Representation_Arch/sparse_contrast_benchmark_large_batch/outputs/figures/mnist/swin_tiny/paired_seed_ratio_of_median_speedup_loader_to_cpu_prediction_b1_balanced_corruption_4ba79ef9f76f.pdf,/ceph/sagnihot/projects/Lorena_Contrastive_Representation_Arch/sparse_contrast_benchmark_large_batch/outputs/figures/mnist/swin_tiny/paired_seed_ratio_of_median_speedup_loader_to_cpu_prediction_b1_balanced_corruption_4ba79ef9f76f.csv,eb4986775f36b75ee4dd996ef6860b8518624ebf25231df894756510d69ac5f3,a89626ca8f4f1dd50d4aff9beba1a6c31e7fcef98837b6032bdef7bdd95e3157,300,vector PDF; 300 dpi for rasterized content
training_sparse_testing_sparse,"Accuracy, robustness and loss",mnist,swin_tiny,training_sparse_testing_sparse/results/mnist/swin_tiny/paired_seed_ratio_of_median_speedup_loader_to_cpu_prediction_b1_clean_4ba79ef9f76f.pdf,training_sparse_testing_sparse/results/mnist/swin_tiny/paired_seed_ratio_of_median_speedup_loader_to_cpu_prediction_b1_clean_4ba79ef9f76f.csv,/ceph/sagnihot/projects/Lorena_Contrastive_Representation_Arch/sparse_contrast_benchmark_large_batch/outputs/figures/mnist/swin_tiny/paired_seed_ratio_of_median_speedup_loader_to_cpu_prediction_b1_clean_4ba79ef9f76f.pdf,/ceph/sagnihot/projects/Lorena_Contrastive_Representation_Arch/sparse_contrast_benchmark_large_batch/outputs/figures/mnist/swin_tiny/paired_seed_ratio_of_median_speedup_loader_to_cpu_prediction_b1_clean_4ba79ef9f76f.csv,5564d71af6abdc60344dee312153cdd7e1c376a1ff6a9897b425f250dc9916b3,c3a1fb88ef7d94c6e85fd8e8c9c10e83acdc01725fbf9f46244b480d39692875,300,vector PDF; 300 dpi for rasterized content
training_sparse_testing_sparse,"Accuracy, robustness and loss",mnist,swin_tiny,training_sparse_testing_sparse/results/mnist/swin_tiny/paired_seed_ratio_of_median_speedup_loader_to_cpu_prediction_b8_balanced_corruption_4ba79ef9f76f.pdf,training_sparse_testing_sparse/results/mnist/swin_tiny/paired_seed_ratio_of_median_speedup_loader_to_cpu_prediction_b8_balanced_corruption_4ba79ef9f76f.csv,/ceph/sagnihot/projects/Lorena_Contrastive_Representation_Arch/sparse_contrast_benchmark_large_batch/outputs/figures/mnist/swin_tiny/paired_seed_ratio_of_median_speedup_loader_to_cpu_prediction_b8_balanced_corruption_4ba79ef9f76f.pdf,/ceph/sagnihot/projects/Lorena_Contrastive_Representation_Arch/sparse_contrast_benchmark_large_batch/outputs/figures/mnist/swin_tiny/paired_seed_ratio_of_median_speedup_loader_to_cpu_prediction_b8_balanced_corruption_4ba79ef9f76f.csv,44b52088b9338c7affbb767019a0584b8020a94ddf8b9748ee2024806d055bec,d2c119f8c1d8fe1dde1821e21d50abbda4230a2ab92a01661c46697287700d75,300,vector PDF; 300 dpi for rasterized content
training_sparse_testing_sparse,"Accuracy, robustness and loss",mnist,swin_tiny,training_sparse_testing_sparse/results/mnist/swin_tiny/paired_seed_ratio_of_median_speedup_loader_to_cpu_prediction_b8_clean_4ba79ef9f76f.pdf,training_sparse_testing_sparse/results/mnist/swin_tiny/paired_seed_ratio_of_median_speedup_loader_to_cpu_prediction_b8_clean_4ba79ef9f76f.csv,/ceph/sagnihot/projects/Lorena_Contrastive_Representation_Arch/sparse_contrast_benchmark_large_batch/outputs/figures/mnist/swin_tiny/paired_seed_ratio_of_median_speedup_loader_to_cpu_prediction_b8_clean_4ba79ef9f76f.pdf,/ceph/sagnihot/projects/Lorena_Contrastive_Representation_Arch/sparse_contrast_benchmark_large_batch/outputs/figures/mnist/swin_tiny/paired_seed_ratio_of_median_speedup_loader_to_cpu_prediction_b8_clean_4ba79ef9f76f.csv,c6e511fb20454d5b6e8c92460b8e67023c6eb0b5a201f7cfdb52b2568145b78c,584bff465a82dac677d850f3db0b6644e4bcabba03c36875d52a2d9773b74b3f,300,vector PDF; 300 dpi for rasterized content
training_sparse_testing_sparse,Corruption breakdowns,mnist,swin_tiny,training_sparse_testing_sparse/results/mnist/swin_tiny/per_corruption_error.pdf,training_sparse_testing_sparse/results/mnist/swin_tiny/per_corruption_error.csv,/ceph/sagnihot/projects/Lorena_Contrastive_Representation_Arch/sparse_contrast_benchmark_large_batch/outputs/figures/mnist/swin_tiny/per_corruption_error.pdf,/ceph/sagnihot/projects/Lorena_Contrastive_Representation_Arch/sparse_contrast_benchmark_large_batch/outputs/figures/mnist/swin_tiny/per_corruption_error.csv,548d4a826d918fec722744d97be3cda677c50e083a8589d9b29dce7e319bbfea,d496fc5978e824a32e6edc8fb237187df348be2d75469e9ba0057055cd41dd37,300,vector PDF; 300 dpi for rasterized content
training_sparse_testing_sparse,"Accuracy, robustness and loss",mnist,swin_tiny,training_sparse_testing_sparse/results/mnist/swin_tiny/stages_profiler_diagnostic_b1_balanced_corruption_4ba79ef9f76f.pdf,training_sparse_testing_sparse/results/mnist/swin_tiny/stages_profiler_diagnostic_b1_balanced_corruption_4ba79ef9f76f.csv,/ceph/sagnihot/projects/Lorena_Contrastive_Representation_Arch/sparse_contrast_benchmark_large_batch/outputs/figures/mnist/swin_tiny/stages_profiler_diagnostic_b1_balanced_corruption_4ba79ef9f76f.pdf,/ceph/sagnihot/projects/Lorena_Contrastive_Representation_Arch/sparse_contrast_benchmark_large_batch/outputs/figures/mnist/swin_tiny/stages_profiler_diagnostic_b1_balanced_corruption_4ba79ef9f76f.csv,05239ac1c3ce8426c4f25a312448bccc928aaf7fb91b834fd212942daab5358f,1a5dd0717b943b3a334d1736ff4cbc452d69d86c86b281720bb1f726bf7e7ee6,300,vector PDF; 300 dpi for rasterized content
training_sparse_testing_sparse,"Accuracy, robustness and loss",mnist,swin_tiny,training_sparse_testing_sparse/results/mnist/swin_tiny/stages_profiler_diagnostic_b1_clean_4ba79ef9f76f.pdf,training_sparse_testing_sparse/results/mnist/swin_tiny/stages_profiler_diagnostic_b1_clean_4ba79ef9f76f.csv,/ceph/sagnihot/projects/Lorena_Contrastive_Representation_Arch/sparse_contrast_benchmark_large_batch/outputs/figures/mnist/swin_tiny/stages_profiler_diagnostic_b1_clean_4ba79ef9f76f.pdf,/ceph/sagnihot/projects/Lorena_Contrastive_Representation_Arch/sparse_contrast_benchmark_large_batch/outputs/figures/mnist/swin_tiny/stages_profiler_diagnostic_b1_clean_4ba79ef9f76f.csv,4265bc2ae2ce026a65a020b7c7eb655ba4b6d447557c54a541ab4a8d8685793a,092ea67f9204423b4eb4cdad659e1aa526f03f0a960b9daf129ac406efcfffd8,300,vector PDF; 300 dpi for rasterized content
training_sparse_testing_sparse,"Accuracy, robustness and loss",mnist,swin_tiny,training_sparse_testing_sparse/results/mnist/swin_tiny/stages_profiler_diagnostic_b8_balanced_corruption_4ba79ef9f76f.pdf,training_sparse_testing_sparse/results/mnist/swin_tiny/stages_profiler_diagnostic_b8_balanced_corruption_4ba79ef9f76f.csv,/ceph/sagnihot/projects/Lorena_Contrastive_Representation_Arch/sparse_contrast_benchmark_large_batch/outputs/figures/mnist/swin_tiny/stages_profiler_diagnostic_b8_balanced_corruption_4ba79ef9f76f.pdf,/ceph/sagnihot/projects/Lorena_Contrastive_Representation_Arch/sparse_contrast_benchmark_large_batch/outputs/figures/mnist/swin_tiny/stages_profiler_diagnostic_b8_balanced_corruption_4ba79ef9f76f.csv,f501db4a8fb5209f53760a66e93374d7a8a7208b811c9db2d12262dcdf57b8f6,1e89db02783190a933f8f34ba55514e29d12b66ae7dc12b4708f4771c3157345,300,vector PDF; 300 dpi for rasterized content
training_sparse_testing_sparse,"Accuracy, robustness and loss",mnist,swin_tiny,training_sparse_testing_sparse/results/mnist/swin_tiny/stages_profiler_diagnostic_b8_clean_4ba79ef9f76f.pdf,training_sparse_testing_sparse/results/mnist/swin_tiny/stages_profiler_diagnostic_b8_clean_4ba79ef9f76f.csv,/ceph/sagnihot/projects/Lorena_Contrastive_Representation_Arch/sparse_contrast_benchmark_large_batch/outputs/figures/mnist/swin_tiny/stages_profiler_diagnostic_b8_clean_4ba79ef9f76f.pdf,/ceph/sagnihot/projects/Lorena_Contrastive_Representation_Arch/sparse_contrast_benchmark_large_batch/outputs/figures/mnist/swin_tiny/stages_profiler_diagnostic_b8_clean_4ba79ef9f76f.csv,d6e85f130cff42ec8f9142afbfef3a0277100327a0a0d7715283bc7ea2656282,c55fa55eacc83e1106dcb43e79dadb34d184a46239fafecfe90a76e96ee1c985,300,vector PDF; 300 dpi for rasterized content
training_sparse_testing_sparse,"Accuracy, robustness and loss",mnist,swin_tiny,training_sparse_testing_sparse/results/mnist/swin_tiny/support_achieved_zero_fraction_mean.pdf,training_sparse_testing_sparse/results/mnist/swin_tiny/support_achieved_zero_fraction_mean.csv,/ceph/sagnihot/projects/Lorena_Contrastive_Representation_Arch/sparse_contrast_benchmark_large_batch/outputs/figures/mnist/swin_tiny/support_achieved_zero_fraction_mean.pdf,/ceph/sagnihot/projects/Lorena_Contrastive_Representation_Arch/sparse_contrast_benchmark_large_batch/outputs/figures/mnist/swin_tiny/support_achieved_zero_fraction_mean.csv,e6eea7847793fcc3d1a40afa6d3a01f1213b6bb2260ab90b8f07770265e4c047,c281348fc64ece1eb613bf086e18a9fc7ed33699aaed3c0857a6857ebb460346,300,vector PDF; 300 dpi for rasterized content
training_sparse_testing_sparse,"Accuracy, robustness and loss",mnist,swin_tiny,training_sparse_testing_sparse/results/mnist/swin_tiny/support_final_retained_per_image_mean.pdf,training_sparse_testing_sparse/results/mnist/swin_tiny/support_final_retained_per_image_mean.csv,/ceph/sagnihot/projects/Lorena_Contrastive_Representation_Arch/sparse_contrast_benchmark_large_batch/outputs/figures/mnist/swin_tiny/support_final_retained_per_image_mean.pdf,/ceph/sagnihot/projects/Lorena_Contrastive_Representation_Arch/sparse_contrast_benchmark_large_batch/outputs/figures/mnist/swin_tiny/support_final_retained_per_image_mean.csv,382cfb6e332e1a504cce63bb9dcdd38df7c6d6a0ce2f446c2b7c1df50b7a4458,cc9cd6ab312fe42ecc78d0694315ff9e4802e6f927ab6f78c603b02912f4abff,300,vector PDF; 300 dpi for rasterized content
training_sparse_testing_sparse,"Accuracy, robustness and loss",mnist,swin_tiny,training_sparse_testing_sparse/results/mnist/swin_tiny/support_initial_retained_per_image_mean.pdf,training_sparse_testing_sparse/results/mnist/swin_tiny/support_initial_retained_per_image_mean.csv,/ceph/sagnihot/projects/Lorena_Contrastive_Representation_Arch/sparse_contrast_benchmark_large_batch/outputs/figures/mnist/swin_tiny/support_initial_retained_per_image_mean.pdf,/ceph/sagnihot/projects/Lorena_Contrastive_Representation_Arch/sparse_contrast_benchmark_large_batch/outputs/figures/mnist/swin_tiny/support_initial_retained_per_image_mean.csv,d49cc1f63786956830f0b672914ded9dcdf57d11519bca96bd8757e7b20ff300,489985db38e3f62afbe732e2638b22a4788b0ae990c1509bf0b42932ca39184d,300,vector PDF; 300 dpi for rasterized content
training_sparse_testing_sparse,"Accuracy, robustness and loss",mnist,swin_tiny,training_sparse_testing_sparse/results/mnist/swin_tiny/support_natural_zero_fraction_mean.pdf,training_sparse_testing_sparse/results/mnist/swin_tiny/support_natural_zero_fraction_mean.csv,/ceph/sagnihot/projects/Lorena_Contrastive_Representation_Arch/sparse_contrast_benchmark_large_batch/outputs/figures/mnist/swin_tiny/support_natural_zero_fraction_mean.pdf,/ceph/sagnihot/projects/Lorena_Contrastive_Representation_Arch/sparse_contrast_benchmark_large_batch/outputs/figures/mnist/swin_tiny/support_natural_zero_fraction_mean.csv,1c2a2088fc0a1eb24c56ea84f8bbf06cb22f6beaf7bafe7737aba01c88be51fe,19f187a5c0ce0f72f1ee78b9be8f270ae483a1d2fcbf5677989c2f89c589024d,300,vector PDF; 300 dpi for rasterized content
training_sparse_testing_sparse,"Accuracy, robustness and loss",mnist,swin_tiny,training_sparse_testing_sparse/results/mnist/swin_tiny/support_retained_patches_mean.pdf,training_sparse_testing_sparse/results/mnist/swin_tiny/support_retained_patches_mean.csv,/ceph/sagnihot/projects/Lorena_Contrastive_Representation_Arch/sparse_contrast_benchmark_large_batch/outputs/figures/mnist/swin_tiny/support_retained_patches_mean.pdf,/ceph/sagnihot/projects/Lorena_Contrastive_Representation_Arch/sparse_contrast_benchmark_large_batch/outputs/figures/mnist/swin_tiny/support_retained_patches_mean.csv,0b47feb48cb517d1c782743406a33df4d853c02ae1b1219f5fd7799f3acbdbef,afcd98bf6f2d03c85550710b2c7b02d8338f96c851b08c49e4884d7fb13bdbd3,300,vector PDF; 300 dpi for rasterized content
training_sparse_testing_sparse,"Accuracy, robustness and loss",mnist,swin_tiny,training_sparse_testing_sparse/results/mnist/swin_tiny/support_spatial_zero_fraction_mean.pdf,training_sparse_testing_sparse/results/mnist/swin_tiny/support_spatial_zero_fraction_mean.csv,/ceph/sagnihot/projects/Lorena_Contrastive_Representation_Arch/sparse_contrast_benchmark_large_batch/outputs/figures/mnist/swin_tiny/support_spatial_zero_fraction_mean.pdf,/ceph/sagnihot/projects/Lorena_Contrastive_Representation_Arch/sparse_contrast_benchmark_large_batch/outputs/figures/mnist/swin_tiny/support_spatial_zero_fraction_mean.csv,1cee8014d074fc83c7f00f4fdaf8540b509d0924de64678afab5fef5e07a544c,dfd91beadf41cee8598c3f9b01a07ec261e3bbe0dc79f2434b6c51a2d4c9cf6b,300,vector PDF; 300 dpi for rasterized content
training_sparse_testing_sparse,"Accuracy, robustness and loss",mnist,swin_tiny,training_sparse_testing_sparse/results/mnist/swin_tiny/support_stages_0_blocks_0_active_per_image_mean.pdf,training_sparse_testing_sparse/results/mnist/swin_tiny/support_stages_0_blocks_0_active_per_image_mean.csv,/ceph/sagnihot/projects/Lorena_Contrastive_Representation_Arch/sparse_contrast_benchmark_large_batch/outputs/figures/mnist/swin_tiny/support_stages_0_blocks_0_active_per_image_mean.pdf,/ceph/sagnihot/projects/Lorena_Contrastive_Representation_Arch/sparse_contrast_benchmark_large_batch/outputs/figures/mnist/swin_tiny/support_stages_0_blocks_0_active_per_image_mean.csv,b649873e52c087bbee895c4c7e34d976abd9c29a8b59265bd032576a59dd03af,4dccd6c2198f355d65055c1cca2445eaa1ffe95afc52fc7d723749b7f38f59c5,300,vector PDF; 300 dpi for rasterized content
training_sparse_testing_sparse,"Accuracy, robustness and loss",mnist,swin_tiny,training_sparse_testing_sparse/results/mnist/swin_tiny/support_stages_0_blocks_0_active_windows_mean.pdf,training_sparse_testing_sparse/results/mnist/swin_tiny/support_stages_0_blocks_0_active_windows_mean.csv,/ceph/sagnihot/projects/Lorena_Contrastive_Representation_Arch/sparse_contrast_benchmark_large_batch/outputs/figures/mnist/swin_tiny/support_stages_0_blocks_0_active_windows_mean.pdf,/ceph/sagnihot/projects/Lorena_Contrastive_Representation_Arch/sparse_contrast_benchmark_large_batch/outputs/figures/mnist/swin_tiny/support_stages_0_blocks_0_active_windows_mean.csv,0b6f71a629196b3818667fcc873f1a6293fabbefdb5b71d1f44f3e7f2ebaa3fe,221d6be19926a3363489daeaf26ccffca70129ab4ec936392bc61b8e6d954ddb,300,vector PDF; 300 dpi for rasterized content
training_sparse_testing_sparse,"Accuracy, robustness and loss",mnist,swin_tiny,training_sparse_testing_sparse/results/mnist/swin_tiny/support_stages_0_blocks_0_executed_attention_pairs_mean.pdf,training_sparse_testing_sparse/results/mnist/swin_tiny/support_stages_0_blocks_0_executed_attention_pairs_mean.csv,/ceph/sagnihot/projects/Lorena_Contrastive_Representation_Arch/sparse_contrast_benchmark_large_batch/outputs/figures/mnist/swin_tiny/support_stages_0_blocks_0_executed_attention_pairs_mean.pdf,/ceph/sagnihot/projects/Lorena_Contrastive_Representation_Arch/sparse_contrast_benchmark_large_batch/outputs/figures/mnist/swin_tiny/support_stages_0_blocks_0_executed_attention_pairs_mean.csv,c245c196492363b52781c787ca2cceb1c0d6ec27115395531498be526ac9d4fe,3ba3fe747b1cb285d507951d52f5092f3c6fc3982676aebf7a682db7ff7ba41a,300,vector PDF; 300 dpi for rasterized content
training_sparse_testing_sparse,"Accuracy, robustness and loss",mnist,swin_tiny,training_sparse_testing_sparse/results/mnist/swin_tiny/support_stages_0_blocks_0_executed_rows_mean.pdf,training_sparse_testing_sparse/results/mnist/swin_tiny/support_stages_0_blocks_0_executed_rows_mean.csv,/ceph/sagnihot/projects/Lorena_Contrastive_Representation_Arch/sparse_contrast_benchmark_large_batch/outputs/figures/mnist/swin_tiny/support_stages_0_blocks_0_executed_rows_mean.pdf,/ceph/sagnihot/projects/Lorena_Contrastive_Representation_Arch/sparse_contrast_benchmark_large_batch/outputs/figures/mnist/swin_tiny/support_stages_0_blocks_0_executed_rows_mean.csv,90d77c148cd54520d46c80537691e849199ab7deaba30b9f5c9971993d3e47d4,2f6bd08b21b88f34a8577ec8204683cb9dfe3b32b284488d1421d3685fa2b8d3,300,vector PDF; 300 dpi for rasterized content
training_sparse_testing_sparse,"Accuracy, robustness and loss",mnist,swin_tiny,training_sparse_testing_sparse/results/mnist/swin_tiny/support_stages_0_blocks_0_padding_rows_mean.pdf,training_sparse_testing_sparse/results/mnist/swin_tiny/support_stages_0_blocks_0_padding_rows_mean.csv,/ceph/sagnihot/projects/Lorena_Contrastive_Representation_Arch/sparse_contrast_benchmark_large_batch/outputs/figures/mnist/swin_tiny/support_stages_0_blocks_0_padding_rows_mean.pdf,/ceph/sagnihot/projects/Lorena_Contrastive_Representation_Arch/sparse_contrast_benchmark_large_batch/outputs/figures/mnist/swin_tiny/support_stages_0_blocks_0_padding_rows_mean.csv,936a689c6002808de31ff46456fdb74bbcada6c2db152928e924f67ad5579ada,3ca18475574c6470be8be13e3d1714d8a64c55afc8694ef2de51c1916221ca49,300,vector PDF; 300 dpi for rasterized content
training_sparse_testing_sparse,"Accuracy, robustness and loss",mnist,swin_tiny,training_sparse_testing_sparse/results/mnist/swin_tiny/support_stages_0_blocks_0_total_windows_mean.pdf,training_sparse_testing_sparse/results/mnist/swin_tiny/support_stages_0_blocks_0_total_windows_mean.csv,/ceph/sagnihot/projects/Lorena_Contrastive_Representation_Arch/sparse_contrast_benchmark_large_batch/outputs/figures/mnist/swin_tiny/support_stages_0_blocks_0_total_windows_mean.pdf,/ceph/sagnihot/projects/Lorena_Contrastive_Representation_Arch/sparse_contrast_benchmark_large_batch/outputs/figures/mnist/swin_tiny/support_stages_0_blocks_0_total_windows_mean.csv,19c2bdddcc206775129e42fa649389459807adbe8158676bb2eab053e4d3633b,94ef7587fb5c030386a865c2cb5675a682cd918494ec1d3d7c655081d2317c43,300,vector PDF; 300 dpi for rasterized content
training_sparse_testing_sparse,"Accuracy, robustness and loss",mnist,swin_tiny,training_sparse_testing_sparse/results/mnist/swin_tiny/support_stages_0_blocks_0_window_length_groups_mean.pdf,training_sparse_testing_sparse/results/mnist/swin_tiny/support_stages_0_blocks_0_window_length_groups_mean.csv,/ceph/sagnihot/projects/Lorena_Contrastive_Representation_Arch/sparse_contrast_benchmark_large_batch/outputs/figures/mnist/swin_tiny/support_stages_0_blocks_0_window_length_groups_mean.pdf,/ceph/sagnihot/projects/Lorena_Contrastive_Representation_Arch/sparse_contrast_benchmark_large_batch/outputs/figures/mnist/swin_tiny/support_stages_0_blocks_0_window_length_groups_mean.csv,552e2ddbf990132481bf5899619aedbb150a8b95846a33180bdda7604e2608f5,2d5e06788a49cffd474c647d9d3e2223cff41209ec417bb79c9366de76371c3b,300,vector PDF; 300 dpi for rasterized content
training_sparse_testing_sparse,"Accuracy, robustness and loss",mnist,swin_tiny,training_sparse_testing_sparse/results/mnist/swin_tiny/support_stages_0_blocks_0_window_lengths_mean.pdf,training_sparse_testing_sparse/results/mnist/swin_tiny/support_stages_0_blocks_0_window_lengths_mean.csv,/ceph/sagnihot/projects/Lorena_Contrastive_Representation_Arch/sparse_contrast_benchmark_large_batch/outputs/figures/mnist/swin_tiny/support_stages_0_blocks_0_window_lengths_mean.pdf,/ceph/sagnihot/projects/Lorena_Contrastive_Representation_Arch/sparse_contrast_benchmark_large_batch/outputs/figures/mnist/swin_tiny/support_stages_0_blocks_0_window_lengths_mean.csv,6e969475b98620b036d47a9a46ef08cd28f9536392b4a1080e38a60d0175ec3c,1e1015223e6a9df5118456b349183f278d44e81e078b0e51c9b0c216fce2620f,300,vector PDF; 300 dpi for rasterized content
training_sparse_testing_sparse,"Accuracy, robustness and loss",mnist,swin_tiny,training_sparse_testing_sparse/results/mnist/swin_tiny/support_stages_0_blocks_1_active_per_image_mean.pdf,training_sparse_testing_sparse/results/mnist/swin_tiny/support_stages_0_blocks_1_active_per_image_mean.csv,/ceph/sagnihot/projects/Lorena_Contrastive_Representation_Arch/sparse_contrast_benchmark_large_batch/outputs/figures/mnist/swin_tiny/support_stages_0_blocks_1_active_per_image_mean.pdf,/ceph/sagnihot/projects/Lorena_Contrastive_Representation_Arch/sparse_contrast_benchmark_large_batch/outputs/figures/mnist/swin_tiny/support_stages_0_blocks_1_active_per_image_mean.csv,be7a20dc5cb949e571f1b298b2d2f9b0f537eea0a0118f9ecb98dd1a50ab124a,7a77414912e4009b848d7332b5196b40aa4a4f112f32ce9b0c8d8a6c87ea82cc,300,vector PDF; 300 dpi for rasterized content
training_sparse_testing_sparse,"Accuracy, robustness and loss",mnist,swin_tiny,training_sparse_testing_sparse/results/mnist/swin_tiny/support_stages_0_blocks_1_active_windows_mean.pdf,training_sparse_testing_sparse/results/mnist/swin_tiny/support_stages_0_blocks_1_active_windows_mean.csv,/ceph/sagnihot/projects/Lorena_Contrastive_Representation_Arch/sparse_contrast_benchmark_large_batch/outputs/figures/mnist/swin_tiny/support_stages_0_blocks_1_active_windows_mean.pdf,/ceph/sagnihot/projects/Lorena_Contrastive_Representation_Arch/sparse_contrast_benchmark_large_batch/outputs/figures/mnist/swin_tiny/support_stages_0_blocks_1_active_windows_mean.csv,f1617c5a21bea94068591ef762502bab5446764fccbc94833cff937ddc719487,5daea43071eb2a29c8ecfdc8a8bcd491475a674adcd8f57a1dc3ef0ffeb12e17,300,vector PDF; 300 dpi for rasterized content
training_sparse_testing_sparse,"Accuracy, robustness and loss",mnist,swin_tiny,training_sparse_testing_sparse/results/mnist/swin_tiny/support_stages_0_blocks_1_executed_attention_pairs_mean.pdf,training_sparse_testing_sparse/results/mnist/swin_tiny/support_stages_0_blocks_1_executed_attention_pairs_mean.csv,/ceph/sagnihot/projects/Lorena_Contrastive_Representation_Arch/sparse_contrast_benchmark_large_batch/outputs/figures/mnist/swin_tiny/support_stages_0_blocks_1_executed_attention_pairs_mean.pdf,/ceph/sagnihot/projects/Lorena_Contrastive_Representation_Arch/sparse_contrast_benchmark_large_batch/outputs/figures/mnist/swin_tiny/support_stages_0_blocks_1_executed_attention_pairs_mean.csv,c4a92550e67498d98a835a8cce69b63a0cc768e989d52f2bdbc34863950bec10,b1b45e79cd9b45fee17573aeebe829a272667b1aed31dc116482c4a29f947542,300,vector PDF; 300 dpi for rasterized content
training_sparse_testing_sparse,"Accuracy, robustness and loss",mnist,swin_tiny,training_sparse_testing_sparse/results/mnist/swin_tiny/support_stages_0_blocks_1_executed_rows_mean.pdf,training_sparse_testing_sparse/results/mnist/swin_tiny/support_stages_0_blocks_1_executed_rows_mean.csv,/ceph/sagnihot/projects/Lorena_Contrastive_Representation_Arch/sparse_contrast_benchmark_large_batch/outputs/figures/mnist/swin_tiny/support_stages_0_blocks_1_executed_rows_mean.pdf,/ceph/sagnihot/projects/Lorena_Contrastive_Representation_Arch/sparse_contrast_benchmark_large_batch/outputs/figures/mnist/swin_tiny/support_stages_0_blocks_1_executed_rows_mean.csv,2122ae0918a675d962537dbb56a4d22b4d1b94bc29f452771c515a3fa6871f8a,bf822f8507dd54f4464a4d6972345cd8a5fc7e46b758207d3ec27027f51308b6,300,vector PDF; 300 dpi for rasterized content
training_sparse_testing_sparse,"Accuracy, robustness and loss",mnist,swin_tiny,training_sparse_testing_sparse/results/mnist/swin_tiny/support_stages_0_blocks_1_padding_rows_mean.pdf,training_sparse_testing_sparse/results/mnist/swin_tiny/support_stages_0_blocks_1_padding_rows_mean.csv,/ceph/sagnihot/projects/Lorena_Contrastive_Representation_Arch/sparse_contrast_benchmark_large_batch/outputs/figures/mnist/swin_tiny/support_stages_0_blocks_1_padding_rows_mean.pdf,/ceph/sagnihot/projects/Lorena_Contrastive_Representation_Arch/sparse_contrast_benchmark_large_batch/outputs/figures/mnist/swin_tiny/support_stages_0_blocks_1_padding_rows_mean.csv,229503174e217ce7a2d0c9b17490e6917910b1dca5890bd3dc1a5ca1ccb73cc5,835282a882dac6bc98b8e5b9dd9e42875b6623bb987e05e9c691fc8393702c7f,300,vector PDF; 300 dpi for rasterized content
training_sparse_testing_sparse,"Accuracy, robustness and loss",mnist,swin_tiny,training_sparse_testing_sparse/results/mnist/swin_tiny/support_stages_0_blocks_1_total_windows_mean.pdf,training_sparse_testing_sparse/results/mnist/swin_tiny/support_stages_0_blocks_1_total_windows_mean.csv,/ceph/sagnihot/projects/Lorena_Contrastive_Representation_Arch/sparse_contrast_benchmark_large_batch/outputs/figures/mnist/swin_tiny/support_stages_0_blocks_1_total_windows_mean.pdf,/ceph/sagnihot/projects/Lorena_Contrastive_Representation_Arch/sparse_contrast_benchmark_large_batch/outputs/figures/mnist/swin_tiny/support_stages_0_blocks_1_total_windows_mean.csv,d9c327ae459bfcdf1a2364f302de2f1f609f51cd4b457058acf4e195ad11686f,2d4d9e9b419e367c79334b40ba8c0d056a22cdb5f43dd00d65a8c7014a03d74e,300,vector PDF; 300 dpi for rasterized content
training_sparse_testing_sparse,"Accuracy, robustness and loss",mnist,swin_tiny,training_sparse_testing_sparse/results/mnist/swin_tiny/support_stages_0_blocks_1_window_length_groups_mean.pdf,training_sparse_testing_sparse/results/mnist/swin_tiny/support_stages_0_blocks_1_window_length_groups_mean.csv,/ceph/sagnihot/projects/Lorena_Contrastive_Representation_Arch/sparse_contrast_benchmark_large_batch/outputs/figures/mnist/swin_tiny/support_stages_0_blocks_1_window_length_groups_mean.pdf,/ceph/sagnihot/projects/Lorena_Contrastive_Representation_Arch/sparse_contrast_benchmark_large_batch/outputs/figures/mnist/swin_tiny/support_stages_0_blocks_1_window_length_groups_mean.csv,f30d8744f0906b7965761e6115f10b9d87ec8c951d970963481d86b2ad69bacc,200cc9edf8d4b11b1ae6d35e12e73b1fd34c8539f9a3968a2050c1763f094cc1,300,vector PDF; 300 dpi for rasterized content
training_sparse_testing_sparse,"Accuracy, robustness and loss",mnist,swin_tiny,training_sparse_testing_sparse/results/mnist/swin_tiny/support_stages_0_blocks_1_window_lengths_mean.pdf,training_sparse_testing_sparse/results/mnist/swin_tiny/support_stages_0_blocks_1_window_lengths_mean.csv,/ceph/sagnihot/projects/Lorena_Contrastive_Representation_Arch/sparse_contrast_benchmark_large_batch/outputs/figures/mnist/swin_tiny/support_stages_0_blocks_1_window_lengths_mean.pdf,/ceph/sagnihot/projects/Lorena_Contrastive_Representation_Arch/sparse_contrast_benchmark_large_batch/outputs/figures/mnist/swin_tiny/support_stages_0_blocks_1_window_lengths_mean.csv,765c6e8566cc4bbd7d6d8a85c0bc7acde685cb1137c0a0cf41e4279537bd6eea,20a5bc6662a7281e637144e659e01c35bc3832f0afa3ae07696a21e7b65f21b6,300,vector PDF; 300 dpi for rasterized content
training_sparse_testing_sparse,"Accuracy, robustness and loss",mnist,swin_tiny,training_sparse_testing_sparse/results/mnist/swin_tiny/support_stages_1_blocks_0_active_per_image_mean.pdf,training_sparse_testing_sparse/results/mnist/swin_tiny/support_stages_1_blocks_0_active_per_image_mean.csv,/ceph/sagnihot/projects/Lorena_Contrastive_Representation_Arch/sparse_contrast_benchmark_large_batch/outputs/figures/mnist/swin_tiny/support_stages_1_blocks_0_active_per_image_mean.pdf,/ceph/sagnihot/projects/Lorena_Contrastive_Representation_Arch/sparse_contrast_benchmark_large_batch/outputs/figures/mnist/swin_tiny/support_stages_1_blocks_0_active_per_image_mean.csv,385287f9e897e2ca1c26b930f961690b97622b9df8d9947c5a76f2a1ed2c78b8,d11842e95cbb54ec5261c8b8a3fd7b99f2f613aaff000bade2be5e6dbc0d8dce,300,vector PDF; 300 dpi for rasterized content
training_sparse_testing_sparse,"Accuracy, robustness and loss",mnist,swin_tiny,training_sparse_testing_sparse/results/mnist/swin_tiny/support_stages_1_blocks_0_active_windows_mean.pdf,training_sparse_testing_sparse/results/mnist/swin_tiny/support_stages_1_blocks_0_active_windows_mean.csv,/ceph/sagnihot/projects/Lorena_Contrastive_Representation_Arch/sparse_contrast_benchmark_large_batch/outputs/figures/mnist/swin_tiny/support_stages_1_blocks_0_active_windows_mean.pdf,/ceph/sagnihot/projects/Lorena_Contrastive_Representation_Arch/sparse_contrast_benchmark_large_batch/outputs/figures/mnist/swin_tiny/support_stages_1_blocks_0_active_windows_mean.csv,7094350ecbb1970bd22f9c6905db9dc08849baa6095f30463c3f5700d7f03814,4af4ae612bd583589fd28ae409b28c95424baac9af3787c0559af8c7311e04ea,300,vector PDF; 300 dpi for rasterized content
training_sparse_testing_sparse,"Accuracy, robustness and loss",mnist,swin_tiny,training_sparse_testing_sparse/results/mnist/swin_tiny/support_stages_1_blocks_0_executed_attention_pairs_mean.pdf,training_sparse_testing_sparse/results/mnist/swin_tiny/support_stages_1_blocks_0_executed_attention_pairs_mean.csv,/ceph/sagnihot/projects/Lorena_Contrastive_Representation_Arch/sparse_contrast_benchmark_large_batch/outputs/figures/mnist/swin_tiny/support_stages_1_blocks_0_executed_attention_pairs_mean.pdf,/ceph/sagnihot/projects/Lorena_Contrastive_Representation_Arch/sparse_contrast_benchmark_large_batch/outputs/figures/mnist/swin_tiny/support_stages_1_blocks_0_executed_attention_pairs_mean.csv,efbcfd4fb043acd8a80292b91af5158c09b7ace120a797cd3d49677c8fe60b8a,338f4ecad3c314734d803dbbabf26ca9a0ecc19cef0475ebfa1df8de71623f9a,300,vector PDF; 300 dpi for rasterized content
training_sparse_testing_sparse,"Accuracy, robustness and loss",mnist,swin_tiny,training_sparse_testing_sparse/results/mnist/swin_tiny/support_stages_1_blocks_0_executed_rows_mean.pdf,training_sparse_testing_sparse/results/mnist/swin_tiny/support_stages_1_blocks_0_executed_rows_mean.csv,/ceph/sagnihot/projects/Lorena_Contrastive_Representation_Arch/sparse_contrast_benchmark_large_batch/outputs/figures/mnist/swin_tiny/support_stages_1_blocks_0_executed_rows_mean.pdf,/ceph/sagnihot/projects/Lorena_Contrastive_Representation_Arch/sparse_contrast_benchmark_large_batch/outputs/figures/mnist/swin_tiny/support_stages_1_blocks_0_executed_rows_mean.csv,d8af3a3bf62593f6ca3707eb59172e74b361db4002f0ca3d64ed719ed112f858,e15030f88c5910c3b90dfe47e8f622668b714982ba27af14b324e43089f0839e,300,vector PDF; 300 dpi for rasterized content
training_sparse_testing_sparse,"Accuracy, robustness and loss",mnist,swin_tiny,training_sparse_testing_sparse/results/mnist/swin_tiny/support_stages_1_blocks_0_padding_rows_mean.pdf,training_sparse_testing_sparse/results/mnist/swin_tiny/support_stages_1_blocks_0_padding_rows_mean.csv,/ceph/sagnihot/projects/Lorena_Contrastive_Representation_Arch/sparse_contrast_benchmark_large_batch/outputs/figures/mnist/swin_tiny/support_stages_1_blocks_0_padding_rows_mean.pdf,/ceph/sagnihot/projects/Lorena_Contrastive_Representation_Arch/sparse_contrast_benchmark_large_batch/outputs/figures/mnist/swin_tiny/support_stages_1_blocks_0_padding_rows_mean.csv,da6d1282dd6c91492250ba74085de74c0aaabaa1b5947c23b63cd008849f54b2,26ec5aaa91b727c2da025d4be4d3a3623cb6682c89777c956b5bc831105d47b5,300,vector PDF; 300 dpi for rasterized content
training_sparse_testing_sparse,"Accuracy, robustness and loss",mnist,swin_tiny,training_sparse_testing_sparse/results/mnist/swin_tiny/support_stages_1_blocks_0_total_windows_mean.pdf,training_sparse_testing_sparse/results/mnist/swin_tiny/support_stages_1_blocks_0_total_windows_mean.csv,/ceph/sagnihot/projects/Lorena_Contrastive_Representation_Arch/sparse_contrast_benchmark_large_batch/outputs/figures/mnist/swin_tiny/support_stages_1_blocks_0_total_windows_mean.pdf,/ceph/sagnihot/projects/Lorena_Contrastive_Representation_Arch/sparse_contrast_benchmark_large_batch/outputs/figures/mnist/swin_tiny/support_stages_1_blocks_0_total_windows_mean.csv,34b2bbb357d8f66ccdc31a215074c410c41f55a4cbcdcc5f59aa991ac544b58c,0270b3192b69d397cb0797f44b0958824d8d663a822b9d7aab66cf5092d5947c,300,vector PDF; 300 dpi for rasterized content
training_sparse_testing_sparse,"Accuracy, robustness and loss",mnist,swin_tiny,training_sparse_testing_sparse/results/mnist/swin_tiny/support_stages_1_blocks_0_window_length_groups_mean.pdf,training_sparse_testing_sparse/results/mnist/swin_tiny/support_stages_1_blocks_0_window_length_groups_mean.csv,/ceph/sagnihot/projects/Lorena_Contrastive_Representation_Arch/sparse_contrast_benchmark_large_batch/outputs/figures/mnist/swin_tiny/support_stages_1_blocks_0_window_length_groups_mean.pdf,/ceph/sagnihot/projects/Lorena_Contrastive_Representation_Arch/sparse_contrast_benchmark_large_batch/outputs/figures/mnist/swin_tiny/support_stages_1_blocks_0_window_length_groups_mean.csv,a02b43da1bfdd9f86991f1dda4743c9ef609b2e12657468fdcd056db1a3c0fa8,099f85fde38f005722fe293cdc5e0ba48294ed339eb9cd1bc7ba0a3b37301d0e,300,vector PDF; 300 dpi for rasterized content
training_sparse_testing_sparse,"Accuracy, robustness and loss",mnist,swin_tiny,training_sparse_testing_sparse/results/mnist/swin_tiny/support_stages_1_blocks_0_window_lengths_mean.pdf,training_sparse_testing_sparse/results/mnist/swin_tiny/support_stages_1_blocks_0_window_lengths_mean.csv,/ceph/sagnihot/projects/Lorena_Contrastive_Representation_Arch/sparse_contrast_benchmark_large_batch/outputs/figures/mnist/swin_tiny/support_stages_1_blocks_0_window_lengths_mean.pdf,/ceph/sagnihot/projects/Lorena_Contrastive_Representation_Arch/sparse_contrast_benchmark_large_batch/outputs/figures/mnist/swin_tiny/support_stages_1_blocks_0_window_lengths_mean.csv,73bd0f62c742e2573f59df3b51c54643cd91e4b65f47a62fbfa17422e2a2d7dd,5c0913a7d036141f16d2eb8ca7899419161a5562b60a1072a413fd5ffa1b4fcf,300,vector PDF; 300 dpi for rasterized content
training_sparse_testing_sparse,"Accuracy, robustness and loss",mnist,swin_tiny,training_sparse_testing_sparse/results/mnist/swin_tiny/support_stages_1_blocks_1_active_per_image_mean.pdf,training_sparse_testing_sparse/results/mnist/swin_tiny/support_stages_1_blocks_1_active_per_image_mean.csv,/ceph/sagnihot/projects/Lorena_Contrastive_Representation_Arch/sparse_contrast_benchmark_large_batch/outputs/figures/mnist/swin_tiny/support_stages_1_blocks_1_active_per_image_mean.pdf,/ceph/sagnihot/projects/Lorena_Contrastive_Representation_Arch/sparse_contrast_benchmark_large_batch/outputs/figures/mnist/swin_tiny/support_stages_1_blocks_1_active_per_image_mean.csv,17d20aff0a4e6a54a81ee04d8b27cef328295f0bf596907d798559c2669470b0,a055b000259c3451ecbad907185eed39bd703efdce17cd774ffd7a1467a55fec,300,vector PDF; 300 dpi for rasterized content
training_sparse_testing_sparse,"Accuracy, robustness and loss",mnist,swin_tiny,training_sparse_testing_sparse/results/mnist/swin_tiny/support_stages_1_blocks_1_active_windows_mean.pdf,training_sparse_testing_sparse/results/mnist/swin_tiny/support_stages_1_blocks_1_active_windows_mean.csv,/ceph/sagnihot/projects/Lorena_Contrastive_Representation_Arch/sparse_contrast_benchmark_large_batch/outputs/figures/mnist/swin_tiny/support_stages_1_blocks_1_active_windows_mean.pdf,/ceph/sagnihot/projects/Lorena_Contrastive_Representation_Arch/sparse_contrast_benchmark_large_batch/outputs/figures/mnist/swin_tiny/support_stages_1_blocks_1_active_windows_mean.csv,d906557657283bfbd4459a08858d4fa5c67cfd2e97d48f4ae94d4dabbfedb4ec,9569c1727e59181321999b0b48350f7f4c1b159ceb57d16ec8131fffa221a249,300,vector PDF; 300 dpi for rasterized content
training_sparse_testing_sparse,"Accuracy, robustness and loss",mnist,swin_tiny,training_sparse_testing_sparse/results/mnist/swin_tiny/support_stages_1_blocks_1_executed_attention_pairs_mean.pdf,training_sparse_testing_sparse/results/mnist/swin_tiny/support_stages_1_blocks_1_executed_attention_pairs_mean.csv,/ceph/sagnihot/projects/Lorena_Contrastive_Representation_Arch/sparse_contrast_benchmark_large_batch/outputs/figures/mnist/swin_tiny/support_stages_1_blocks_1_executed_attention_pairs_mean.pdf,/ceph/sagnihot/projects/Lorena_Contrastive_Representation_Arch/sparse_contrast_benchmark_large_batch/outputs/figures/mnist/swin_tiny/support_stages_1_blocks_1_executed_attention_pairs_mean.csv,a55b584b2af60ff91be6980f2c45f8e1f6cbb9b7efeed8a62fe011e49834f3eb,0f5fdb5ff8a850ca9dfcd39d0a31d5120442fee8cc3ca9d82a25de0eec0fe76f,300,vector PDF; 300 dpi for rasterized content
training_sparse_testing_sparse,"Accuracy, robustness and loss",mnist,swin_tiny,training_sparse_testing_sparse/results/mnist/swin_tiny/support_stages_1_blocks_1_executed_rows_mean.pdf,training_sparse_testing_sparse/results/mnist/swin_tiny/support_stages_1_blocks_1_executed_rows_mean.csv,/ceph/sagnihot/projects/Lorena_Contrastive_Representation_Arch/sparse_contrast_benchmark_large_batch/outputs/figures/mnist/swin_tiny/support_stages_1_blocks_1_executed_rows_mean.pdf,/ceph/sagnihot/projects/Lorena_Contrastive_Representation_Arch/sparse_contrast_benchmark_large_batch/outputs/figures/mnist/swin_tiny/support_stages_1_blocks_1_executed_rows_mean.csv,c7b1c310e860707437076f183fa955b809bb07abf1b08dd2a9117324e42d5398,528e1d5cdd16656d206c6c09b0bc9f1e51941a31732548f380983724d1e08230,300,vector PDF; 300 dpi for rasterized content
training_sparse_testing_sparse,"Accuracy, robustness and loss",mnist,swin_tiny,training_sparse_testing_sparse/results/mnist/swin_tiny/support_stages_1_blocks_1_padding_rows_mean.pdf,training_sparse_testing_sparse/results/mnist/swin_tiny/support_stages_1_blocks_1_padding_rows_mean.csv,/ceph/sagnihot/projects/Lorena_Contrastive_Representation_Arch/sparse_contrast_benchmark_large_batch/outputs/figures/mnist/swin_tiny/support_stages_1_blocks_1_padding_rows_mean.pdf,/ceph/sagnihot/projects/Lorena_Contrastive_Representation_Arch/sparse_contrast_benchmark_large_batch/outputs/figures/mnist/swin_tiny/support_stages_1_blocks_1_padding_rows_mean.csv,3be9d809093a724940205b7dceb4cc9eb2777d3eaf1558190033fac9001e0207,1361b998facd0f3e0aa008ec5478356b5298af797cca6a2892b62512cb8eb83e,300,vector PDF; 300 dpi for rasterized content
training_sparse_testing_sparse,"Accuracy, robustness and loss",mnist,swin_tiny,training_sparse_testing_sparse/results/mnist/swin_tiny/support_stages_1_blocks_1_total_windows_mean.pdf,training_sparse_testing_sparse/results/mnist/swin_tiny/support_stages_1_blocks_1_total_windows_mean.csv,/ceph/sagnihot/projects/Lorena_Contrastive_Representation_Arch/sparse_contrast_benchmark_large_batch/outputs/figures/mnist/swin_tiny/support_stages_1_blocks_1_total_windows_mean.pdf,/ceph/sagnihot/projects/Lorena_Contrastive_Representation_Arch/sparse_contrast_benchmark_large_batch/outputs/figures/mnist/swin_tiny/support_stages_1_blocks_1_total_windows_mean.csv,c597f15c3b0a4b5a8084fcad4dd6f678078a5797e32cf37426f625bf672d34b1,3c74c831795416bb621f965f0423548a6804224d11911ca2d30b7dc450247220,300,vector PDF; 300 dpi for rasterized content
training_sparse_testing_sparse,"Accuracy, robustness and loss",mnist,swin_tiny,training_sparse_testing_sparse/results/mnist/swin_tiny/support_stages_1_blocks_1_window_length_groups_mean.pdf,training_sparse_testing_sparse/results/mnist/swin_tiny/support_stages_1_blocks_1_window_length_groups_mean.csv,/ceph/sagnihot/projects/Lorena_Contrastive_Representation_Arch/sparse_contrast_benchmark_large_batch/outputs/figures/mnist/swin_tiny/support_stages_1_blocks_1_window_length_groups_mean.pdf,/ceph/sagnihot/projects/Lorena_Contrastive_Representation_Arch/sparse_contrast_benchmark_large_batch/outputs/figures/mnist/swin_tiny/support_stages_1_blocks_1_window_length_groups_mean.csv,f55077c655f2a28ca5c6ddd0cd60631d50bc6245e8593459e57e06299b904d38,97883cbad58763609ff18ff032cc8cdb3bdced9ce9514148de541ff177856fbe,300,vector PDF; 300 dpi for rasterized content
training_sparse_testing_sparse,"Accuracy, robustness and loss",mnist,swin_tiny,training_sparse_testing_sparse/results/mnist/swin_tiny/support_stages_1_blocks_1_window_lengths_mean.pdf,training_sparse_testing_sparse/results/mnist/swin_tiny/support_stages_1_blocks_1_window_lengths_mean.csv,/ceph/sagnihot/projects/Lorena_Contrastive_Representation_Arch/sparse_contrast_benchmark_large_batch/outputs/figures/mnist/swin_tiny/support_stages_1_blocks_1_window_lengths_mean.pdf,/ceph/sagnihot/projects/Lorena_Contrastive_Representation_Arch/sparse_contrast_benchmark_large_batch/outputs/figures/mnist/swin_tiny/support_stages_1_blocks_1_window_lengths_mean.csv,81488dde4dabc928197812445256d106722881e94818d7f8e7507a3e7723c2ce,762e004d4e9a4041d292428107814f463ce00a9a007dda20ac5a934845ef86af,300,vector PDF; 300 dpi for rasterized content
training_sparse_testing_sparse,"Accuracy, robustness and loss",mnist,swin_tiny,training_sparse_testing_sparse/results/mnist/swin_tiny/support_stages_2_blocks_0_active_per_image_mean.pdf,training_sparse_testing_sparse/results/mnist/swin_tiny/support_stages_2_blocks_0_active_per_image_mean.csv,/ceph/sagnihot/projects/Lorena_Contrastive_Representation_Arch/sparse_contrast_benchmark_large_batch/outputs/figures/mnist/swin_tiny/support_stages_2_blocks_0_active_per_image_mean.pdf,/ceph/sagnihot/projects/Lorena_Contrastive_Representation_Arch/sparse_contrast_benchmark_large_batch/outputs/figures/mnist/swin_tiny/support_stages_2_blocks_0_active_per_image_mean.csv,5174085f48019ff1735d2fa2cc56b7c69d083cda4970ede4acd9809ae84d6025,bce14f0ad262a7d8fe528369b437e0940de5338343da78a973373354a6a821ec,300,vector PDF; 300 dpi for rasterized content
training_sparse_testing_sparse,"Accuracy, robustness and loss",mnist,swin_tiny,training_sparse_testing_sparse/results/mnist/swin_tiny/support_stages_2_blocks_0_active_windows_mean.pdf,training_sparse_testing_sparse/results/mnist/swin_tiny/support_stages_2_blocks_0_active_windows_mean.csv,/ceph/sagnihot/projects/Lorena_Contrastive_Representation_Arch/sparse_contrast_benchmark_large_batch/outputs/figures/mnist/swin_tiny/support_stages_2_blocks_0_active_windows_mean.pdf,/ceph/sagnihot/projects/Lorena_Contrastive_Representation_Arch/sparse_contrast_benchmark_large_batch/outputs/figures/mnist/swin_tiny/support_stages_2_blocks_0_active_windows_mean.csv,938c0b6c61b02b4eb61141176579fc52ac92f071102ec25d7003d0706abd1009,59afdbc988fa20c52546244c55628a0f3b5f0cc00142a2b04f9ae47cb4da09ad,300,vector PDF; 300 dpi for rasterized content
training_sparse_testing_sparse,"Accuracy, robustness and loss",mnist,swin_tiny,training_sparse_testing_sparse/results/mnist/swin_tiny/support_stages_2_blocks_0_executed_attention_pairs_mean.pdf,training_sparse_testing_sparse/results/mnist/swin_tiny/support_stages_2_blocks_0_executed_attention_pairs_mean.csv,/ceph/sagnihot/projects/Lorena_Contrastive_Representation_Arch/sparse_contrast_benchmark_large_batch/outputs/figures/mnist/swin_tiny/support_stages_2_blocks_0_executed_attention_pairs_mean.pdf,/ceph/sagnihot/projects/Lorena_Contrastive_Representation_Arch/sparse_contrast_benchmark_large_batch/outputs/figures/mnist/swin_tiny/support_stages_2_blocks_0_executed_attention_pairs_mean.csv,bb00236397c2f3b0476a0e3025c384298bdb9636b60f4bcc62e1cffac82a2a13,2cb446692bd5183b0d5d44b4d2d5f93bc5f0fa4686f4239e9cdfa6c560c95dd1,300,vector PDF; 300 dpi for rasterized content
training_sparse_testing_sparse,"Accuracy, robustness and loss",mnist,swin_tiny,training_sparse_testing_sparse/results/mnist/swin_tiny/support_stages_2_blocks_0_executed_rows_mean.pdf,training_sparse_testing_sparse/results/mnist/swin_tiny/support_stages_2_blocks_0_executed_rows_mean.csv,/ceph/sagnihot/projects/Lorena_Contrastive_Representation_Arch/sparse_contrast_benchmark_large_batch/outputs/figures/mnist/swin_tiny/support_stages_2_blocks_0_executed_rows_mean.pdf,/ceph/sagnihot/projects/Lorena_Contrastive_Representation_Arch/sparse_contrast_benchmark_large_batch/outputs/figures/mnist/swin_tiny/support_stages_2_blocks_0_executed_rows_mean.csv,cb832a4e066a82f603209063cc2e6637cc630b48221db5ff72bf7616734fd4f9,b058be545cd161d7649ec9607aa46a608e56d9b1b4bddbaef235e386e0074471,300,vector PDF; 300 dpi for rasterized content
training_sparse_testing_sparse,"Accuracy, robustness and loss",mnist,swin_tiny,training_sparse_testing_sparse/results/mnist/swin_tiny/support_stages_2_blocks_0_padding_rows_mean.pdf,training_sparse_testing_sparse/results/mnist/swin_tiny/support_stages_2_blocks_0_padding_rows_mean.csv,/ceph/sagnihot/projects/Lorena_Contrastive_Representation_Arch/sparse_contrast_benchmark_large_batch/outputs/figures/mnist/swin_tiny/support_stages_2_blocks_0_padding_rows_mean.pdf,/ceph/sagnihot/projects/Lorena_Contrastive_Representation_Arch/sparse_contrast_benchmark_large_batch/outputs/figures/mnist/swin_tiny/support_stages_2_blocks_0_padding_rows_mean.csv,f1b56f8ac97248f00544ee49599ba3635b12930d38ce604480c9591918cd608a,9c51532c7e0d305bc9b9ee8ebd6b63a89ce80b95b9e5ca72055fac1f755e4dfd,300,vector PDF; 300 dpi for rasterized content
training_sparse_testing_sparse,"Accuracy, robustness and loss",mnist,swin_tiny,training_sparse_testing_sparse/results/mnist/swin_tiny/support_stages_2_blocks_0_total_windows_mean.pdf,training_sparse_testing_sparse/results/mnist/swin_tiny/support_stages_2_blocks_0_total_windows_mean.csv,/ceph/sagnihot/projects/Lorena_Contrastive_Representation_Arch/sparse_contrast_benchmark_large_batch/outputs/figures/mnist/swin_tiny/support_stages_2_blocks_0_total_windows_mean.pdf,/ceph/sagnihot/projects/Lorena_Contrastive_Representation_Arch/sparse_contrast_benchmark_large_batch/outputs/figures/mnist/swin_tiny/support_stages_2_blocks_0_total_windows_mean.csv,d78e9d17bf1232cea614b05f95c61c8bd617228106a3812751297178d3470bd8,cce3a4399f669cf86c3177034de5e5baf6b26b825715932e853f01d4bbc34f40,300,vector PDF; 300 dpi for rasterized content
training_sparse_testing_sparse,"Accuracy, robustness and loss",mnist,swin_tiny,training_sparse_testing_sparse/results/mnist/swin_tiny/support_stages_2_blocks_0_window_length_groups_mean.pdf,training_sparse_testing_sparse/results/mnist/swin_tiny/support_stages_2_blocks_0_window_length_groups_mean.csv,/ceph/sagnihot/projects/Lorena_Contrastive_Representation_Arch/sparse_contrast_benchmark_large_batch/outputs/figures/mnist/swin_tiny/support_stages_2_blocks_0_window_length_groups_mean.pdf,/ceph/sagnihot/projects/Lorena_Contrastive_Representation_Arch/sparse_contrast_benchmark_large_batch/outputs/figures/mnist/swin_tiny/support_stages_2_blocks_0_window_length_groups_mean.csv,9bbc837f16fff57f5cd8b428b2b3d6b68b14d9f82388a48e068b055582efc69a,a792aeb39ca9a2a119c5eb5a35c218db3745edf5a42512e57dbd457bb90e1754,300,vector PDF; 300 dpi for rasterized content
training_sparse_testing_sparse,"Accuracy, robustness and loss",mnist,swin_tiny,training_sparse_testing_sparse/results/mnist/swin_tiny/support_stages_2_blocks_0_window_lengths_mean.pdf,training_sparse_testing_sparse/results/mnist/swin_tiny/support_stages_2_blocks_0_window_lengths_mean.csv,/ceph/sagnihot/projects/Lorena_Contrastive_Representation_Arch/sparse_contrast_benchmark_large_batch/outputs/figures/mnist/swin_tiny/support_stages_2_blocks_0_window_lengths_mean.pdf,/ceph/sagnihot/projects/Lorena_Contrastive_Representation_Arch/sparse_contrast_benchmark_large_batch/outputs/figures/mnist/swin_tiny/support_stages_2_blocks_0_window_lengths_mean.csv,033e1838ed1cae19e00d19bd95e51cb238433e3b4128fcb15f761130c6be0c88,12a19e3f15bc99f4e8a5a834c03e85f97388437466acfba12b0d1f20ac2a850a,300,vector PDF; 300 dpi for rasterized content
training_sparse_testing_sparse,"Accuracy, robustness and loss",mnist,swin_tiny,training_sparse_testing_sparse/results/mnist/swin_tiny/support_stages_2_blocks_1_active_per_image_mean.pdf,training_sparse_testing_sparse/results/mnist/swin_tiny/support_stages_2_blocks_1_active_per_image_mean.csv,/ceph/sagnihot/projects/Lorena_Contrastive_Representation_Arch/sparse_contrast_benchmark_large_batch/outputs/figures/mnist/swin_tiny/support_stages_2_blocks_1_active_per_image_mean.pdf,/ceph/sagnihot/projects/Lorena_Contrastive_Representation_Arch/sparse_contrast_benchmark_large_batch/outputs/figures/mnist/swin_tiny/support_stages_2_blocks_1_active_per_image_mean.csv,533796eed6629520617f2193370d90225cfcb505d6bf5ed3f0741daceda9d3ec,26db1d007026c23ce3b360efc2ae879d790b07881c8c2884fc5e3b49b4c47b2d,300,vector PDF; 300 dpi for rasterized content
training_sparse_testing_sparse,"Accuracy, robustness and loss",mnist,swin_tiny,training_sparse_testing_sparse/results/mnist/swin_tiny/support_stages_2_blocks_1_active_windows_mean.pdf,training_sparse_testing_sparse/results/mnist/swin_tiny/support_stages_2_blocks_1_active_windows_mean.csv,/ceph/sagnihot/projects/Lorena_Contrastive_Representation_Arch/sparse_contrast_benchmark_large_batch/outputs/figures/mnist/swin_tiny/support_stages_2_blocks_1_active_windows_mean.pdf,/ceph/sagnihot/projects/Lorena_Contrastive_Representation_Arch/sparse_contrast_benchmark_large_batch/outputs/figures/mnist/swin_tiny/support_stages_2_blocks_1_active_windows_mean.csv,09a4ba0d9d44ba2318371bf12cb695934f91e886d1851658c8a610e322b37099,47c264dc23e0b9d3f3f887eb0459d7170984bb2ef830091a11773fed45b95a95,300,vector PDF; 300 dpi for rasterized content
training_sparse_testing_sparse,"Accuracy, robustness and loss",mnist,swin_tiny,training_sparse_testing_sparse/results/mnist/swin_tiny/support_stages_2_blocks_1_executed_attention_pairs_mean.pdf,training_sparse_testing_sparse/results/mnist/swin_tiny/support_stages_2_blocks_1_executed_attention_pairs_mean.csv,/ceph/sagnihot/projects/Lorena_Contrastive_Representation_Arch/sparse_contrast_benchmark_large_batch/outputs/figures/mnist/swin_tiny/support_stages_2_blocks_1_executed_attention_pairs_mean.pdf,/ceph/sagnihot/projects/Lorena_Contrastive_Representation_Arch/sparse_contrast_benchmark_large_batch/outputs/figures/mnist/swin_tiny/support_stages_2_blocks_1_executed_attention_pairs_mean.csv,a5d27e72dce3954de6f8fd92babb9ba6e7e061bf65fcdf4a0ee5565b1b049075,778e1364989f891059afb3be12da9c7399ef9ba26965ad9d1047b64e32faff81,300,vector PDF; 300 dpi for rasterized content
training_sparse_testing_sparse,"Accuracy, robustness and loss",mnist,swin_tiny,training_sparse_testing_sparse/results/mnist/swin_tiny/support_stages_2_blocks_1_executed_rows_mean.pdf,training_sparse_testing_sparse/results/mnist/swin_tiny/support_stages_2_blocks_1_executed_rows_mean.csv,/ceph/sagnihot/projects/Lorena_Contrastive_Representation_Arch/sparse_contrast_benchmark_large_batch/outputs/figures/mnist/swin_tiny/support_stages_2_blocks_1_executed_rows_mean.pdf,/ceph/sagnihot/projects/Lorena_Contrastive_Representation_Arch/sparse_contrast_benchmark_large_batch/outputs/figures/mnist/swin_tiny/support_stages_2_blocks_1_executed_rows_mean.csv,3db50b3aa7bbb9cee1d24ace736a2202acc4a558ce0844190061d81cabbbdf90,2c03cf82cde73e182ec8b7bfc3dc057d174afd198b024eeb055f1fc31b84b2d6,300,vector PDF; 300 dpi for rasterized content
training_sparse_testing_sparse,"Accuracy, robustness and loss",mnist,swin_tiny,training_sparse_testing_sparse/results/mnist/swin_tiny/support_stages_2_blocks_1_padding_rows_mean.pdf,training_sparse_testing_sparse/results/mnist/swin_tiny/support_stages_2_blocks_1_padding_rows_mean.csv,/ceph/sagnihot/projects/Lorena_Contrastive_Representation_Arch/sparse_contrast_benchmark_large_batch/outputs/figures/mnist/swin_tiny/support_stages_2_blocks_1_padding_rows_mean.pdf,/ceph/sagnihot/projects/Lorena_Contrastive_Representation_Arch/sparse_contrast_benchmark_large_batch/outputs/figures/mnist/swin_tiny/support_stages_2_blocks_1_padding_rows_mean.csv,a92506a91c9f46f38fea8f324d274ebf4c3494aecf7737fc7302bdbfc4b2da43,9ed90d5a8c33a79ad0c8d6ad11dd1a27aaf9f57f2cb31b849a866abc778e47ad,300,vector PDF; 300 dpi for rasterized content
training_sparse_testing_sparse,"Accuracy, robustness and loss",mnist,swin_tiny,training_sparse_testing_sparse/results/mnist/swin_tiny/support_stages_2_blocks_1_total_windows_mean.pdf,training_sparse_testing_sparse/results/mnist/swin_tiny/support_stages_2_blocks_1_total_windows_mean.csv,/ceph/sagnihot/projects/Lorena_Contrastive_Representation_Arch/sparse_contrast_benchmark_large_batch/outputs/figures/mnist/swin_tiny/support_stages_2_blocks_1_total_windows_mean.pdf,/ceph/sagnihot/projects/Lorena_Contrastive_Representation_Arch/sparse_contrast_benchmark_large_batch/outputs/figures/mnist/swin_tiny/support_stages_2_blocks_1_total_windows_mean.csv,414db180b86bf63e583c508f35b57356f04e14049009baecbebc4fdc2e1bcb6c,3e0b1a84bea3e9f82f2854ef215839f22da8857dd0d132edbc49cabdd0b580ab,300,vector PDF; 300 dpi for rasterized content
training_sparse_testing_sparse,"Accuracy, robustness and loss",mnist,swin_tiny,training_sparse_testing_sparse/results/mnist/swin_tiny/support_stages_2_blocks_1_window_length_groups_mean.pdf,training_sparse_testing_sparse/results/mnist/swin_tiny/support_stages_2_blocks_1_window_length_groups_mean.csv,/ceph/sagnihot/projects/Lorena_Contrastive_Representation_Arch/sparse_contrast_benchmark_large_batch/outputs/figures/mnist/swin_tiny/support_stages_2_blocks_1_window_length_groups_mean.pdf,/ceph/sagnihot/projects/Lorena_Contrastive_Representation_Arch/sparse_contrast_benchmark_large_batch/outputs/figures/mnist/swin_tiny/support_stages_2_blocks_1_window_length_groups_mean.csv,189906778ca895a16bbf6c244030679609db99a6f9b3977c45b41d9470fe8c00,b0b2f0eb388c5e1612bbd5b3f5fed79a275a181751ec32737728a10b64f311af,300,vector PDF; 300 dpi for rasterized content
training_sparse_testing_sparse,"Accuracy, robustness and loss",mnist,swin_tiny,training_sparse_testing_sparse/results/mnist/swin_tiny/support_stages_2_blocks_1_window_lengths_mean.pdf,training_sparse_testing_sparse/results/mnist/swin_tiny/support_stages_2_blocks_1_window_lengths_mean.csv,/ceph/sagnihot/projects/Lorena_Contrastive_Representation_Arch/sparse_contrast_benchmark_large_batch/outputs/figures/mnist/swin_tiny/support_stages_2_blocks_1_window_lengths_mean.pdf,/ceph/sagnihot/projects/Lorena_Contrastive_Representation_Arch/sparse_contrast_benchmark_large_batch/outputs/figures/mnist/swin_tiny/support_stages_2_blocks_1_window_lengths_mean.csv,d8ff5f16f3887642b6ff76f8bfb61c0ea796cc3264cd46210cf4c6824d514c7c,bd8fea315af9d8b0246515bf8ceb746400ae72a4513290b7a25565eb91ae2d21,300,vector PDF; 300 dpi for rasterized content
training_sparse_testing_sparse,"Accuracy, robustness and loss",mnist,swin_tiny,training_sparse_testing_sparse/results/mnist/swin_tiny/support_stages_2_blocks_2_active_per_image_mean.pdf,training_sparse_testing_sparse/results/mnist/swin_tiny/support_stages_2_blocks_2_active_per_image_mean.csv,/ceph/sagnihot/projects/Lorena_Contrastive_Representation_Arch/sparse_contrast_benchmark_large_batch/outputs/figures/mnist/swin_tiny/support_stages_2_blocks_2_active_per_image_mean.pdf,/ceph/sagnihot/projects/Lorena_Contrastive_Representation_Arch/sparse_contrast_benchmark_large_batch/outputs/figures/mnist/swin_tiny/support_stages_2_blocks_2_active_per_image_mean.csv,b5cb643c1a0269ec4efc60f583d688969071aaf692142319ce04ef604c803d19,6a6a50bd66fb82c9de25b91f1603b3f97a975531f327d659e2af0479e5bf8b29,300,vector PDF; 300 dpi for rasterized content
training_sparse_testing_sparse,"Accuracy, robustness and loss",mnist,swin_tiny,training_sparse_testing_sparse/results/mnist/swin_tiny/support_stages_2_blocks_2_active_windows_mean.pdf,training_sparse_testing_sparse/results/mnist/swin_tiny/support_stages_2_blocks_2_active_windows_mean.csv,/ceph/sagnihot/projects/Lorena_Contrastive_Representation_Arch/sparse_contrast_benchmark_large_batch/outputs/figures/mnist/swin_tiny/support_stages_2_blocks_2_active_windows_mean.pdf,/ceph/sagnihot/projects/Lorena_Contrastive_Representation_Arch/sparse_contrast_benchmark_large_batch/outputs/figures/mnist/swin_tiny/support_stages_2_blocks_2_active_windows_mean.csv,b7a3e0675fbff04669a6d5aa11c2a3c5fbc789b7102681bbf3c590c309cd5b55,81e6ca48b032726dedc6bbc71224bfb526c35f4238a2a6d24d7d47adceac400e,300,vector PDF; 300 dpi for rasterized content
training_sparse_testing_sparse,"Accuracy, robustness and loss",mnist,swin_tiny,training_sparse_testing_sparse/results/mnist/swin_tiny/support_stages_2_blocks_2_executed_attention_pairs_mean.pdf,training_sparse_testing_sparse/results/mnist/swin_tiny/support_stages_2_blocks_2_executed_attention_pairs_mean.csv,/ceph/sagnihot/projects/Lorena_Contrastive_Representation_Arch/sparse_contrast_benchmark_large_batch/outputs/figures/mnist/swin_tiny/support_stages_2_blocks_2_executed_attention_pairs_mean.pdf,/ceph/sagnihot/projects/Lorena_Contrastive_Representation_Arch/sparse_contrast_benchmark_large_batch/outputs/figures/mnist/swin_tiny/support_stages_2_blocks_2_executed_attention_pairs_mean.csv,bb854255e031a5127b8daa6da31d4ad6ac85964a656059dd97e9568497a80fc9,ac473158736034af57044faedf876b48566967b953c3bbbcb48460ed82ac9736,300,vector PDF; 300 dpi for rasterized content
training_sparse_testing_sparse,"Accuracy, robustness and loss",mnist,swin_tiny,training_sparse_testing_sparse/results/mnist/swin_tiny/support_stages_2_blocks_2_executed_rows_mean.pdf,training_sparse_testing_sparse/results/mnist/swin_tiny/support_stages_2_blocks_2_executed_rows_mean.csv,/ceph/sagnihot/projects/Lorena_Contrastive_Representation_Arch/sparse_contrast_benchmark_large_batch/outputs/figures/mnist/swin_tiny/support_stages_2_blocks_2_executed_rows_mean.pdf,/ceph/sagnihot/projects/Lorena_Contrastive_Representation_Arch/sparse_contrast_benchmark_large_batch/outputs/figures/mnist/swin_tiny/support_stages_2_blocks_2_executed_rows_mean.csv,a645080255f39c89a1962ee3f2919895da6158ba86db33409ee7ae7e969cf313,98e31c974950a5d3be755613e6078495ce6ea4c4e9d9def148268d67473fbaa8,300,vector PDF; 300 dpi for rasterized content
training_sparse_testing_sparse,"Accuracy, robustness and loss",mnist,swin_tiny,training_sparse_testing_sparse/results/mnist/swin_tiny/support_stages_2_blocks_2_padding_rows_mean.pdf,training_sparse_testing_sparse/results/mnist/swin_tiny/support_stages_2_blocks_2_padding_rows_mean.csv,/ceph/sagnihot/projects/Lorena_Contrastive_Representation_Arch/sparse_contrast_benchmark_large_batch/outputs/figures/mnist/swin_tiny/support_stages_2_blocks_2_padding_rows_mean.pdf,/ceph/sagnihot/projects/Lorena_Contrastive_Representation_Arch/sparse_contrast_benchmark_large_batch/outputs/figures/mnist/swin_tiny/support_stages_2_blocks_2_padding_rows_mean.csv,96c5c7c02f31d3ea9a91992c2b295d95edf5831a359ab0cbb22438699f39a572,0dd107dc4e3a1ef778cb17800159999c479fbd244a3a5b667936d18ddbb086b1,300,vector PDF; 300 dpi for rasterized content
training_sparse_testing_sparse,"Accuracy, robustness and loss",mnist,swin_tiny,training_sparse_testing_sparse/results/mnist/swin_tiny/support_stages_2_blocks_2_total_windows_mean.pdf,training_sparse_testing_sparse/results/mnist/swin_tiny/support_stages_2_blocks_2_total_windows_mean.csv,/ceph/sagnihot/projects/Lorena_Contrastive_Representation_Arch/sparse_contrast_benchmark_large_batch/outputs/figures/mnist/swin_tiny/support_stages_2_blocks_2_total_windows_mean.pdf,/ceph/sagnihot/projects/Lorena_Contrastive_Representation_Arch/sparse_contrast_benchmark_large_batch/outputs/figures/mnist/swin_tiny/support_stages_2_blocks_2_total_windows_mean.csv,3c0901aed0317a9f3ae45f0f258ca871840056b9c9dcb7cfe876d835e7f89634,ea25d9825db5d61edf9e533490149268fd2b887ba32b6350a7a956b15df240b0,300,vector PDF; 300 dpi for rasterized content
training_sparse_testing_sparse,"Accuracy, robustness and loss",mnist,swin_tiny,training_sparse_testing_sparse/results/mnist/swin_tiny/support_stages_2_blocks_2_window_length_groups_mean.pdf,training_sparse_testing_sparse/results/mnist/swin_tiny/support_stages_2_blocks_2_window_length_groups_mean.csv,/ceph/sagnihot/projects/Lorena_Contrastive_Representation_Arch/sparse_contrast_benchmark_large_batch/outputs/figures/mnist/swin_tiny/support_stages_2_blocks_2_window_length_groups_mean.pdf,/ceph/sagnihot/projects/Lorena_Contrastive_Representation_Arch/sparse_contrast_benchmark_large_batch/outputs/figures/mnist/swin_tiny/support_stages_2_blocks_2_window_length_groups_mean.csv,d1230e722c295567ca8bb3a0c4bd2214b84728198f9f4fe22c9f492a812332c4,db3278e3025db3dafef0960ab0ca7c27ff887192d5293463f04e4f34c98e3a51,300,vector PDF; 300 dpi for rasterized content
training_sparse_testing_sparse,"Accuracy, robustness and loss",mnist,swin_tiny,training_sparse_testing_sparse/results/mnist/swin_tiny/support_stages_2_blocks_2_window_lengths_mean.pdf,training_sparse_testing_sparse/results/mnist/swin_tiny/support_stages_2_blocks_2_window_lengths_mean.csv,/ceph/sagnihot/projects/Lorena_Contrastive_Representation_Arch/sparse_contrast_benchmark_large_batch/outputs/figures/mnist/swin_tiny/support_stages_2_blocks_2_window_lengths_mean.pdf,/ceph/sagnihot/projects/Lorena_Contrastive_Representation_Arch/sparse_contrast_benchmark_large_batch/outputs/figures/mnist/swin_tiny/support_stages_2_blocks_2_window_lengths_mean.csv,e7a0bfbd228f8db8da37d8a1450e02c915ff04ad5c09e97d93ed5bbcaa0b91d7,69b677c80c63abb98b9fbff89fb7aa70aaa4bd78a8194a76e95768ccdae94a52,300,vector PDF; 300 dpi for rasterized content
training_sparse_testing_sparse,"Accuracy, robustness and loss",mnist,swin_tiny,training_sparse_testing_sparse/results/mnist/swin_tiny/support_stages_2_blocks_3_active_per_image_mean.pdf,training_sparse_testing_sparse/results/mnist/swin_tiny/support_stages_2_blocks_3_active_per_image_mean.csv,/ceph/sagnihot/projects/Lorena_Contrastive_Representation_Arch/sparse_contrast_benchmark_large_batch/outputs/figures/mnist/swin_tiny/support_stages_2_blocks_3_active_per_image_mean.pdf,/ceph/sagnihot/projects/Lorena_Contrastive_Representation_Arch/sparse_contrast_benchmark_large_batch/outputs/figures/mnist/swin_tiny/support_stages_2_blocks_3_active_per_image_mean.csv,30995b3908d441631b0244d5ef953d8d8a2c8b1fbb0cc1a996c057d22531c450,3b516c1655e3d823d65412796dfab15d7b979094c59fce5a250abb7476f7a59b,300,vector PDF; 300 dpi for rasterized content
training_sparse_testing_sparse,"Accuracy, robustness and loss",mnist,swin_tiny,training_sparse_testing_sparse/results/mnist/swin_tiny/support_stages_2_blocks_3_active_windows_mean.pdf,training_sparse_testing_sparse/results/mnist/swin_tiny/support_stages_2_blocks_3_active_windows_mean.csv,/ceph/sagnihot/projects/Lorena_Contrastive_Representation_Arch/sparse_contrast_benchmark_large_batch/outputs/figures/mnist/swin_tiny/support_stages_2_blocks_3_active_windows_mean.pdf,/ceph/sagnihot/projects/Lorena_Contrastive_Representation_Arch/sparse_contrast_benchmark_large_batch/outputs/figures/mnist/swin_tiny/support_stages_2_blocks_3_active_windows_mean.csv,8a131d10fad077071d96ccc59f186329a0cacf2512aba34a89cf68e81606f0ed,1ac0238fb3d90492b80c3929affcbb2fe4f0c328e91abcc61557bce7a50e38eb,300,vector PDF; 300 dpi for rasterized content
training_sparse_testing_sparse,"Accuracy, robustness and loss",mnist,swin_tiny,training_sparse_testing_sparse/results/mnist/swin_tiny/support_stages_2_blocks_3_executed_attention_pairs_mean.pdf,training_sparse_testing_sparse/results/mnist/swin_tiny/support_stages_2_blocks_3_executed_attention_pairs_mean.csv,/ceph/sagnihot/projects/Lorena_Contrastive_Representation_Arch/sparse_contrast_benchmark_large_batch/outputs/figures/mnist/swin_tiny/support_stages_2_blocks_3_executed_attention_pairs_mean.pdf,/ceph/sagnihot/projects/Lorena_Contrastive_Representation_Arch/sparse_contrast_benchmark_large_batch/outputs/figures/mnist/swin_tiny/support_stages_2_blocks_3_executed_attention_pairs_mean.csv,45bbafb45edfa52e622b806e6dda59dffb87a9546f1027b799171b470dcddbac,6b2063845b0ceae305ac2a79b8ac975c0ffa39826afaccdf70ffd1290c134dc5,300,vector PDF; 300 dpi for rasterized content
training_sparse_testing_sparse,"Accuracy, robustness and loss",mnist,swin_tiny,training_sparse_testing_sparse/results/mnist/swin_tiny/support_stages_2_blocks_3_executed_rows_mean.pdf,training_sparse_testing_sparse/results/mnist/swin_tiny/support_stages_2_blocks_3_executed_rows_mean.csv,/ceph/sagnihot/projects/Lorena_Contrastive_Representation_Arch/sparse_contrast_benchmark_large_batch/outputs/figures/mnist/swin_tiny/support_stages_2_blocks_3_executed_rows_mean.pdf,/ceph/sagnihot/projects/Lorena_Contrastive_Representation_Arch/sparse_contrast_benchmark_large_batch/outputs/figures/mnist/swin_tiny/support_stages_2_blocks_3_executed_rows_mean.csv,250d103b97db0c797bee352454187b5f14108f2a7d4707288da20517fac8921d,5c8396281e5148c328654b0ac52cb63f2f3ff6932c0e2ae1ce4a1a897d8f4514,300,vector PDF; 300 dpi for rasterized content
training_sparse_testing_sparse,"Accuracy, robustness and loss",mnist,swin_tiny,training_sparse_testing_sparse/results/mnist/swin_tiny/support_stages_2_blocks_3_padding_rows_mean.pdf,training_sparse_testing_sparse/results/mnist/swin_tiny/support_stages_2_blocks_3_padding_rows_mean.csv,/ceph/sagnihot/projects/Lorena_Contrastive_Representation_Arch/sparse_contrast_benchmark_large_batch/outputs/figures/mnist/swin_tiny/support_stages_2_blocks_3_padding_rows_mean.pdf,/ceph/sagnihot/projects/Lorena_Contrastive_Representation_Arch/sparse_contrast_benchmark_large_batch/outputs/figures/mnist/swin_tiny/support_stages_2_blocks_3_padding_rows_mean.csv,e6158d5497936238be23951d24663c4571db838be8ded98b641cd87965deff44,671a54440bde5e7cfc8140f02f1066b099ac6fbb2c52ba1babf04e323d07ab5c,300,vector PDF; 300 dpi for rasterized content
training_sparse_testing_sparse,"Accuracy, robustness and loss",mnist,swin_tiny,training_sparse_testing_sparse/results/mnist/swin_tiny/support_stages_2_blocks_3_total_windows_mean.pdf,training_sparse_testing_sparse/results/mnist/swin_tiny/support_stages_2_blocks_3_total_windows_mean.csv,/ceph/sagnihot/projects/Lorena_Contrastive_Representation_Arch/sparse_contrast_benchmark_large_batch/outputs/figures/mnist/swin_tiny/support_stages_2_blocks_3_total_windows_mean.pdf,/ceph/sagnihot/projects/Lorena_Contrastive_Representation_Arch/sparse_contrast_benchmark_large_batch/outputs/figures/mnist/swin_tiny/support_stages_2_blocks_3_total_windows_mean.csv,92cb147a7e5d8b5f374ff06fc1f09c9cd0947ed63383530e597a0c2c0d161c44,3450e688c8eb0f3efef0707f76bbc0dd015f830186e2f3572c148120111692d3,300,vector PDF; 300 dpi for rasterized content
training_sparse_testing_sparse,"Accuracy, robustness and loss",mnist,swin_tiny,training_sparse_testing_sparse/results/mnist/swin_tiny/support_stages_2_blocks_3_window_length_groups_mean.pdf,training_sparse_testing_sparse/results/mnist/swin_tiny/support_stages_2_blocks_3_window_length_groups_mean.csv,/ceph/sagnihot/projects/Lorena_Contrastive_Representation_Arch/sparse_contrast_benchmark_large_batch/outputs/figures/mnist/swin_tiny/support_stages_2_blocks_3_window_length_groups_mean.pdf,/ceph/sagnihot/projects/Lorena_Contrastive_Representation_Arch/sparse_contrast_benchmark_large_batch/outputs/figures/mnist/swin_tiny/support_stages_2_blocks_3_window_length_groups_mean.csv,38893485394cd72fbda870b9604a94c6cbd0b4ac29037e0c529e0554bf67cadc,02fa771ed2a176e6ae3463dd6768389f94b392b27353079f3e9a5ba1893fac7f,300,vector PDF; 300 dpi for rasterized content
training_sparse_testing_sparse,"Accuracy, robustness and loss",mnist,swin_tiny,training_sparse_testing_sparse/results/mnist/swin_tiny/support_stages_2_blocks_3_window_lengths_mean.pdf,training_sparse_testing_sparse/results/mnist/swin_tiny/support_stages_2_blocks_3_window_lengths_mean.csv,/ceph/sagnihot/projects/Lorena_Contrastive_Representation_Arch/sparse_contrast_benchmark_large_batch/outputs/figures/mnist/swin_tiny/support_stages_2_blocks_3_window_lengths_mean.pdf,/ceph/sagnihot/projects/Lorena_Contrastive_Representation_Arch/sparse_contrast_benchmark_large_batch/outputs/figures/mnist/swin_tiny/support_stages_2_blocks_3_window_lengths_mean.csv,3de9e0425533fa145340c38c15831a458f56615e7efd48ad310e8dd6717f541a,a225ae34736ea0c56101e3b74e544c23e525501afb485c930386c212d6155338,300,vector PDF; 300 dpi for rasterized content
training_sparse_testing_sparse,"Accuracy, robustness and loss",mnist,swin_tiny,training_sparse_testing_sparse/results/mnist/swin_tiny/support_stages_2_blocks_4_active_per_image_mean.pdf,training_sparse_testing_sparse/results/mnist/swin_tiny/support_stages_2_blocks_4_active_per_image_mean.csv,/ceph/sagnihot/projects/Lorena_Contrastive_Representation_Arch/sparse_contrast_benchmark_large_batch/outputs/figures/mnist/swin_tiny/support_stages_2_blocks_4_active_per_image_mean.pdf,/ceph/sagnihot/projects/Lorena_Contrastive_Representation_Arch/sparse_contrast_benchmark_large_batch/outputs/figures/mnist/swin_tiny/support_stages_2_blocks_4_active_per_image_mean.csv,637d88ec8b263fd8446cd1c1478019a8d67080417dca6c4f6418cd38166623f1,1f317eacc0cb195db86dd6096f7e1592a9c06da05b65c27bd475a9b8e5b418ba,300,vector PDF; 300 dpi for rasterized content
training_sparse_testing_sparse,"Accuracy, robustness and loss",mnist,swin_tiny,training_sparse_testing_sparse/results/mnist/swin_tiny/support_stages_2_blocks_4_active_windows_mean.pdf,training_sparse_testing_sparse/results/mnist/swin_tiny/support_stages_2_blocks_4_active_windows_mean.csv,/ceph/sagnihot/projects/Lorena_Contrastive_Representation_Arch/sparse_contrast_benchmark_large_batch/outputs/figures/mnist/swin_tiny/support_stages_2_blocks_4_active_windows_mean.pdf,/ceph/sagnihot/projects/Lorena_Contrastive_Representation_Arch/sparse_contrast_benchmark_large_batch/outputs/figures/mnist/swin_tiny/support_stages_2_blocks_4_active_windows_mean.csv,58a1e31418036d027777b022d99e67209e4c06c7db2256068f0d28b6816a0fcb,3657f42eefcd3905ace149f65155ff62dca68a3b91bb92a4402218013e97c7fe,300,vector PDF; 300 dpi for rasterized content
training_sparse_testing_sparse,"Accuracy, robustness and loss",mnist,swin_tiny,training_sparse_testing_sparse/results/mnist/swin_tiny/support_stages_2_blocks_4_executed_attention_pairs_mean.pdf,training_sparse_testing_sparse/results/mnist/swin_tiny/support_stages_2_blocks_4_executed_attention_pairs_mean.csv,/ceph/sagnihot/projects/Lorena_Contrastive_Representation_Arch/sparse_contrast_benchmark_large_batch/outputs/figures/mnist/swin_tiny/support_stages_2_blocks_4_executed_attention_pairs_mean.pdf,/ceph/sagnihot/projects/Lorena_Contrastive_Representation_Arch/sparse_contrast_benchmark_large_batch/outputs/figures/mnist/swin_tiny/support_stages_2_blocks_4_executed_attention_pairs_mean.csv,1e9ba831d5a199819502d1bef366d5e91aab782abb7d216719aa5d6330825234,4c642333dddaabd0f0591d60967bdee84f36ae9183287b19577a42b42d3a4716,300,vector PDF; 300 dpi for rasterized content
training_sparse_testing_sparse,"Accuracy, robustness and loss",mnist,swin_tiny,training_sparse_testing_sparse/results/mnist/swin_tiny/support_stages_2_blocks_4_executed_rows_mean.pdf,training_sparse_testing_sparse/results/mnist/swin_tiny/support_stages_2_blocks_4_executed_rows_mean.csv,/ceph/sagnihot/projects/Lorena_Contrastive_Representation_Arch/sparse_contrast_benchmark_large_batch/outputs/figures/mnist/swin_tiny/support_stages_2_blocks_4_executed_rows_mean.pdf,/ceph/sagnihot/projects/Lorena_Contrastive_Representation_Arch/sparse_contrast_benchmark_large_batch/outputs/figures/mnist/swin_tiny/support_stages_2_blocks_4_executed_rows_mean.csv,4726bf8d8afc668e65d9b4c162c6e0a93b9297fb8bd90b9514344aeea5187b60,0839f8720c1a9cbc729e265c53ae16781691e0f3a7da49ee76a58d5160148787,300,vector PDF; 300 dpi for rasterized content
training_sparse_testing_sparse,"Accuracy, robustness and loss",mnist,swin_tiny,training_sparse_testing_sparse/results/mnist/swin_tiny/support_stages_2_blocks_4_padding_rows_mean.pdf,training_sparse_testing_sparse/results/mnist/swin_tiny/support_stages_2_blocks_4_padding_rows_mean.csv,/ceph/sagnihot/projects/Lorena_Contrastive_Representation_Arch/sparse_contrast_benchmark_large_batch/outputs/figures/mnist/swin_tiny/support_stages_2_blocks_4_padding_rows_mean.pdf,/ceph/sagnihot/projects/Lorena_Contrastive_Representation_Arch/sparse_contrast_benchmark_large_batch/outputs/figures/mnist/swin_tiny/support_stages_2_blocks_4_padding_rows_mean.csv,ddefb74335edbdf7e56b075da9f5749431f5a5ca922fed8dd60ee7ef2fabdf9a,3528c753e9283cf18383028c710d800a9c0af9a01b94d1a6c19644c1e9dfc87c,300,vector PDF; 300 dpi for rasterized content
training_sparse_testing_sparse,"Accuracy, robustness and loss",mnist,swin_tiny,training_sparse_testing_sparse/results/mnist/swin_tiny/support_stages_2_blocks_4_total_windows_mean.pdf,training_sparse_testing_sparse/results/mnist/swin_tiny/support_stages_2_blocks_4_total_windows_mean.csv,/ceph/sagnihot/projects/Lorena_Contrastive_Representation_Arch/sparse_contrast_benchmark_large_batch/outputs/figures/mnist/swin_tiny/support_stages_2_blocks_4_total_windows_mean.pdf,/ceph/sagnihot/projects/Lorena_Contrastive_Representation_Arch/sparse_contrast_benchmark_large_batch/outputs/figures/mnist/swin_tiny/support_stages_2_blocks_4_total_windows_mean.csv,2ad335d6bdda230153660bcc3faf770cb30945b88db7b283afb9ae0979f346f5,7b3ca176f611baefda0a2bb09b698885c148cdc88385212eef7c1c26f60e28ed,300,vector PDF; 300 dpi for rasterized content
training_sparse_testing_sparse,"Accuracy, robustness and loss",mnist,swin_tiny,training_sparse_testing_sparse/results/mnist/swin_tiny/support_stages_2_blocks_4_window_length_groups_mean.pdf,training_sparse_testing_sparse/results/mnist/swin_tiny/support_stages_2_blocks_4_window_length_groups_mean.csv,/ceph/sagnihot/projects/Lorena_Contrastive_Representation_Arch/sparse_contrast_benchmark_large_batch/outputs/figures/mnist/swin_tiny/support_stages_2_blocks_4_window_length_groups_mean.pdf,/ceph/sagnihot/projects/Lorena_Contrastive_Representation_Arch/sparse_contrast_benchmark_large_batch/outputs/figures/mnist/swin_tiny/support_stages_2_blocks_4_window_length_groups_mean.csv,501a071712de749ceae712c8f4ec4b5a3acc437b07aa003afb54423a42325f4d,dd7c990e85cb2583cc6c22b9def8eea082ba58953f658b2ca0539577dcb0ca2a,300,vector PDF; 300 dpi for rasterized content
training_sparse_testing_sparse,"Accuracy, robustness and loss",mnist,swin_tiny,training_sparse_testing_sparse/results/mnist/swin_tiny/support_stages_2_blocks_4_window_lengths_mean.pdf,training_sparse_testing_sparse/results/mnist/swin_tiny/support_stages_2_blocks_4_window_lengths_mean.csv,/ceph/sagnihot/projects/Lorena_Contrastive_Representation_Arch/sparse_contrast_benchmark_large_batch/outputs/figures/mnist/swin_tiny/support_stages_2_blocks_4_window_lengths_mean.pdf,/ceph/sagnihot/projects/Lorena_Contrastive_Representation_Arch/sparse_contrast_benchmark_large_batch/outputs/figures/mnist/swin_tiny/support_stages_2_blocks_4_window_lengths_mean.csv,0fc3e2a5e9518ee505d120025c961a87a76a404d2115d689345defe7c93f0773,9577815a05adba83d18ee6ac6cf3f0fa751c602568a5980e58c33399e1f827f4,300,vector PDF; 300 dpi for rasterized content
training_sparse_testing_sparse,"Accuracy, robustness and loss",mnist,swin_tiny,training_sparse_testing_sparse/results/mnist/swin_tiny/support_stages_2_blocks_5_active_per_image_mean.pdf,training_sparse_testing_sparse/results/mnist/swin_tiny/support_stages_2_blocks_5_active_per_image_mean.csv,/ceph/sagnihot/projects/Lorena_Contrastive_Representation_Arch/sparse_contrast_benchmark_large_batch/outputs/figures/mnist/swin_tiny/support_stages_2_blocks_5_active_per_image_mean.pdf,/ceph/sagnihot/projects/Lorena_Contrastive_Representation_Arch/sparse_contrast_benchmark_large_batch/outputs/figures/mnist/swin_tiny/support_stages_2_blocks_5_active_per_image_mean.csv,5617e27865ecf7dcd019dc417cfca9f69fe2c28c6c2dab135780f410bb2ab2f9,596f6644d450fc5e4c0131de0e7b8cee36cf3303b2e5f6fdf9b389fb543e2dc1,300,vector PDF; 300 dpi for rasterized content
training_sparse_testing_sparse,"Accuracy, robustness and loss",mnist,swin_tiny,training_sparse_testing_sparse/results/mnist/swin_tiny/support_stages_2_blocks_5_active_windows_mean.pdf,training_sparse_testing_sparse/results/mnist/swin_tiny/support_stages_2_blocks_5_active_windows_mean.csv,/ceph/sagnihot/projects/Lorena_Contrastive_Representation_Arch/sparse_contrast_benchmark_large_batch/outputs/figures/mnist/swin_tiny/support_stages_2_blocks_5_active_windows_mean.pdf,/ceph/sagnihot/projects/Lorena_Contrastive_Representation_Arch/sparse_contrast_benchmark_large_batch/outputs/figures/mnist/swin_tiny/support_stages_2_blocks_5_active_windows_mean.csv,c137575123cd6987de4958ea849ea503423dc317f41dba9ab938e71139dcfe76,a3d7846de20c2512061636e0ed2edd0b1b0e9a3f2ef8e1a2d03b117f232099cf,300,vector PDF; 300 dpi for rasterized content
training_sparse_testing_sparse,"Accuracy, robustness and loss",mnist,swin_tiny,training_sparse_testing_sparse/results/mnist/swin_tiny/support_stages_2_blocks_5_executed_attention_pairs_mean.pdf,training_sparse_testing_sparse/results/mnist/swin_tiny/support_stages_2_blocks_5_executed_attention_pairs_mean.csv,/ceph/sagnihot/projects/Lorena_Contrastive_Representation_Arch/sparse_contrast_benchmark_large_batch/outputs/figures/mnist/swin_tiny/support_stages_2_blocks_5_executed_attention_pairs_mean.pdf,/ceph/sagnihot/projects/Lorena_Contrastive_Representation_Arch/sparse_contrast_benchmark_large_batch/outputs/figures/mnist/swin_tiny/support_stages_2_blocks_5_executed_attention_pairs_mean.csv,cd7e88a33d794b86b30c070fab828bd6e8c868eb0c83477a7ba451bdcad30b1b,f89f67252b6175c91651c348479e4f8cb84b539a8c1b8bd96966a6f2a03d5917,300,vector PDF; 300 dpi for rasterized content
training_sparse_testing_sparse,"Accuracy, robustness and loss",mnist,swin_tiny,training_sparse_testing_sparse/results/mnist/swin_tiny/support_stages_2_blocks_5_executed_rows_mean.pdf,training_sparse_testing_sparse/results/mnist/swin_tiny/support_stages_2_blocks_5_executed_rows_mean.csv,/ceph/sagnihot/projects/Lorena_Contrastive_Representation_Arch/sparse_contrast_benchmark_large_batch/outputs/figures/mnist/swin_tiny/support_stages_2_blocks_5_executed_rows_mean.pdf,/ceph/sagnihot/projects/Lorena_Contrastive_Representation_Arch/sparse_contrast_benchmark_large_batch/outputs/figures/mnist/swin_tiny/support_stages_2_blocks_5_executed_rows_mean.csv,4af118a564bf00b3fa01f00cb21b221a13bbc0c5b03a7586cb785ff434ab6fe5,ad37433bcb4e175598fd1c4f30afbbdbabf9a2b168268363e97b77c909c514c3,300,vector PDF; 300 dpi for rasterized content
training_sparse_testing_sparse,"Accuracy, robustness and loss",mnist,swin_tiny,training_sparse_testing_sparse/results/mnist/swin_tiny/support_stages_2_blocks_5_padding_rows_mean.pdf,training_sparse_testing_sparse/results/mnist/swin_tiny/support_stages_2_blocks_5_padding_rows_mean.csv,/ceph/sagnihot/projects/Lorena_Contrastive_Representation_Arch/sparse_contrast_benchmark_large_batch/outputs/figures/mnist/swin_tiny/support_stages_2_blocks_5_padding_rows_mean.pdf,/ceph/sagnihot/projects/Lorena_Contrastive_Representation_Arch/sparse_contrast_benchmark_large_batch/outputs/figures/mnist/swin_tiny/support_stages_2_blocks_5_padding_rows_mean.csv,d9d5993b06bc4e6e04c76964e6033f30b77928e9d4e4f75f1e14d9db00aafdcc,e0e201f39e232f42a4f40a41810564732acc8214ae45a72a344ba06600c98ae5,300,vector PDF; 300 dpi for rasterized content
training_sparse_testing_sparse,"Accuracy, robustness and loss",mnist,swin_tiny,training_sparse_testing_sparse/results/mnist/swin_tiny/support_stages_2_blocks_5_total_windows_mean.pdf,training_sparse_testing_sparse/results/mnist/swin_tiny/support_stages_2_blocks_5_total_windows_mean.csv,/ceph/sagnihot/projects/Lorena_Contrastive_Representation_Arch/sparse_contrast_benchmark_large_batch/outputs/figures/mnist/swin_tiny/support_stages_2_blocks_5_total_windows_mean.pdf,/ceph/sagnihot/projects/Lorena_Contrastive_Representation_Arch/sparse_contrast_benchmark_large_batch/outputs/figures/mnist/swin_tiny/support_stages_2_blocks_5_total_windows_mean.csv,fe57b908e4ed96f9c6c37bb16cf3a2673bf1163b02dc4a4457a0201e573e2f3e,e0e6880c64f161174971d4a37fefa830623dcad4181efa800679bd23eeb92c3f,300,vector PDF; 300 dpi for rasterized content
training_sparse_testing_sparse,"Accuracy, robustness and loss",mnist,swin_tiny,training_sparse_testing_sparse/results/mnist/swin_tiny/support_stages_2_blocks_5_window_length_groups_mean.pdf,training_sparse_testing_sparse/results/mnist/swin_tiny/support_stages_2_blocks_5_window_length_groups_mean.csv,/ceph/sagnihot/projects/Lorena_Contrastive_Representation_Arch/sparse_contrast_benchmark_large_batch/outputs/figures/mnist/swin_tiny/support_stages_2_blocks_5_window_length_groups_mean.pdf,/ceph/sagnihot/projects/Lorena_Contrastive_Representation_Arch/sparse_contrast_benchmark_large_batch/outputs/figures/mnist/swin_tiny/support_stages_2_blocks_5_window_length_groups_mean.csv,3d497af283ac5553f328885be3fa14f8b77813a0b64e91c5985ea5bda696091b,334331e03a9742716176c3197de1c33b68c2257ff0fc2ccfba05ad72c6f3f580,300,vector PDF; 300 dpi for rasterized content
training_sparse_testing_sparse,"Accuracy, robustness and loss",mnist,swin_tiny,training_sparse_testing_sparse/results/mnist/swin_tiny/support_stages_2_blocks_5_window_lengths_mean.pdf,training_sparse_testing_sparse/results/mnist/swin_tiny/support_stages_2_blocks_5_window_lengths_mean.csv,/ceph/sagnihot/projects/Lorena_Contrastive_Representation_Arch/sparse_contrast_benchmark_large_batch/outputs/figures/mnist/swin_tiny/support_stages_2_blocks_5_window_lengths_mean.pdf,/ceph/sagnihot/projects/Lorena_Contrastive_Representation_Arch/sparse_contrast_benchmark_large_batch/outputs/figures/mnist/swin_tiny/support_stages_2_blocks_5_window_lengths_mean.csv,49c1eb6412a021552e32dc36ea0b72659523e89eb518168a4ed04a497c628b89,4837c7eb0c29a9ff5841d39cfa0d0c03476358b8406eabf49592d23b2eabc812,300,vector PDF; 300 dpi for rasterized content
training_sparse_testing_sparse,"Accuracy, robustness and loss",mnist,swin_tiny,training_sparse_testing_sparse/results/mnist/swin_tiny/support_stages_3_blocks_0_active_per_image_mean.pdf,training_sparse_testing_sparse/results/mnist/swin_tiny/support_stages_3_blocks_0_active_per_image_mean.csv,/ceph/sagnihot/projects/Lorena_Contrastive_Representation_Arch/sparse_contrast_benchmark_large_batch/outputs/figures/mnist/swin_tiny/support_stages_3_blocks_0_active_per_image_mean.pdf,/ceph/sagnihot/projects/Lorena_Contrastive_Representation_Arch/sparse_contrast_benchmark_large_batch/outputs/figures/mnist/swin_tiny/support_stages_3_blocks_0_active_per_image_mean.csv,821d4f9349115c432883b031cbec6af77bf47c6d445ebe29152131249921f807,f206cf7b961a388c5afcd16846d8aab6ddda914b8a6ce797bbac481edd119a5d,300,vector PDF; 300 dpi for rasterized content
training_sparse_testing_sparse,"Accuracy, robustness and loss",mnist,swin_tiny,training_sparse_testing_sparse/results/mnist/swin_tiny/support_stages_3_blocks_0_active_windows_mean.pdf,training_sparse_testing_sparse/results/mnist/swin_tiny/support_stages_3_blocks_0_active_windows_mean.csv,/ceph/sagnihot/projects/Lorena_Contrastive_Representation_Arch/sparse_contrast_benchmark_large_batch/outputs/figures/mnist/swin_tiny/support_stages_3_blocks_0_active_windows_mean.pdf,/ceph/sagnihot/projects/Lorena_Contrastive_Representation_Arch/sparse_contrast_benchmark_large_batch/outputs/figures/mnist/swin_tiny/support_stages_3_blocks_0_active_windows_mean.csv,300b2cafc2599f0fe687b2dcc474a4bbbab206a398095ae6217486bb34647754,906eccb441611d0ac4e95ce87e605ff5e4bb369e7a16b339f7b374c3d5329e7f,300,vector PDF; 300 dpi for rasterized content
training_sparse_testing_sparse,"Accuracy, robustness and loss",mnist,swin_tiny,training_sparse_testing_sparse/results/mnist/swin_tiny/support_stages_3_blocks_0_executed_attention_pairs_mean.pdf,training_sparse_testing_sparse/results/mnist/swin_tiny/support_stages_3_blocks_0_executed_attention_pairs_mean.csv,/ceph/sagnihot/projects/Lorena_Contrastive_Representation_Arch/sparse_contrast_benchmark_large_batch/outputs/figures/mnist/swin_tiny/support_stages_3_blocks_0_executed_attention_pairs_mean.pdf,/ceph/sagnihot/projects/Lorena_Contrastive_Representation_Arch/sparse_contrast_benchmark_large_batch/outputs/figures/mnist/swin_tiny/support_stages_3_blocks_0_executed_attention_pairs_mean.csv,d72d1ce16465c9ea046a7b30a2b535d86f286f8101b5a8675fc937939213aca0,42930cfe36e1b5e50360fe165bdaab9a76fa738b1e8bc0f58ea86f5d91a8ea3e,300,vector PDF; 300 dpi for rasterized content
training_sparse_testing_sparse,"Accuracy, robustness and loss",mnist,swin_tiny,training_sparse_testing_sparse/results/mnist/swin_tiny/support_stages_3_blocks_0_executed_rows_mean.pdf,training_sparse_testing_sparse/results/mnist/swin_tiny/support_stages_3_blocks_0_executed_rows_mean.csv,/ceph/sagnihot/projects/Lorena_Contrastive_Representation_Arch/sparse_contrast_benchmark_large_batch/outputs/figures/mnist/swin_tiny/support_stages_3_blocks_0_executed_rows_mean.pdf,/ceph/sagnihot/projects/Lorena_Contrastive_Representation_Arch/sparse_contrast_benchmark_large_batch/outputs/figures/mnist/swin_tiny/support_stages_3_blocks_0_executed_rows_mean.csv,d5b2bfed3e98c77ac8eb575b14b6fddebe634a531479bf11ceb11e5c79f0c21e,a9ee91551ca39871044264e6231055626fb4da0aa6cc134fab291536a60d062a,300,vector PDF; 300 dpi for rasterized content
training_sparse_testing_sparse,"Accuracy, robustness and loss",mnist,swin_tiny,training_sparse_testing_sparse/results/mnist/swin_tiny/support_stages_3_blocks_0_padding_rows_mean.pdf,training_sparse_testing_sparse/results/mnist/swin_tiny/support_stages_3_blocks_0_padding_rows_mean.csv,/ceph/sagnihot/projects/Lorena_Contrastive_Representation_Arch/sparse_contrast_benchmark_large_batch/outputs/figures/mnist/swin_tiny/support_stages_3_blocks_0_padding_rows_mean.pdf,/ceph/sagnihot/projects/Lorena_Contrastive_Representation_Arch/sparse_contrast_benchmark_large_batch/outputs/figures/mnist/swin_tiny/support_stages_3_blocks_0_padding_rows_mean.csv,4a6e92c71b476ee868255e974797739af94e7e074619193425a98025d7ea6373,cef3ce8d7ac49c4cbcb8a4aa6eb0ceb351695149b9fc66c1e0ec0039a6c9c279,300,vector PDF; 300 dpi for rasterized content
training_sparse_testing_sparse,"Accuracy, robustness and loss",mnist,swin_tiny,training_sparse_testing_sparse/results/mnist/swin_tiny/support_stages_3_blocks_0_total_windows_mean.pdf,training_sparse_testing_sparse/results/mnist/swin_tiny/support_stages_3_blocks_0_total_windows_mean.csv,/ceph/sagnihot/projects/Lorena_Contrastive_Representation_Arch/sparse_contrast_benchmark_large_batch/outputs/figures/mnist/swin_tiny/support_stages_3_blocks_0_total_windows_mean.pdf,/ceph/sagnihot/projects/Lorena_Contrastive_Representation_Arch/sparse_contrast_benchmark_large_batch/outputs/figures/mnist/swin_tiny/support_stages_3_blocks_0_total_windows_mean.csv,3316c657c30515c1b8c821cc8820af0a7002cf2a5fa697d4c81fb9d3f95346e9,99a7f69215b47fd2734637bddab598218a3780127d90c6a047d4fde119d994aa,300,vector PDF; 300 dpi for rasterized content
training_sparse_testing_sparse,"Accuracy, robustness and loss",mnist,swin_tiny,training_sparse_testing_sparse/results/mnist/swin_tiny/support_stages_3_blocks_0_window_length_groups_mean.pdf,training_sparse_testing_sparse/results/mnist/swin_tiny/support_stages_3_blocks_0_window_length_groups_mean.csv,/ceph/sagnihot/projects/Lorena_Contrastive_Representation_Arch/sparse_contrast_benchmark_large_batch/outputs/figures/mnist/swin_tiny/support_stages_3_blocks_0_window_length_groups_mean.pdf,/ceph/sagnihot/projects/Lorena_Contrastive_Representation_Arch/sparse_contrast_benchmark_large_batch/outputs/figures/mnist/swin_tiny/support_stages_3_blocks_0_window_length_groups_mean.csv,99ae3e7c8ddc837625414b5958a02c54d3e3bb83c2c041394d1858bd929f6fc0,b6bc77a31d69039f7c51db17f9467b201fe8f8e3a229268feaf734a1ded50785,300,vector PDF; 300 dpi for rasterized content
training_sparse_testing_sparse,"Accuracy, robustness and loss",mnist,swin_tiny,training_sparse_testing_sparse/results/mnist/swin_tiny/support_stages_3_blocks_0_window_lengths_mean.pdf,training_sparse_testing_sparse/results/mnist/swin_tiny/support_stages_3_blocks_0_window_lengths_mean.csv,/ceph/sagnihot/projects/Lorena_Contrastive_Representation_Arch/sparse_contrast_benchmark_large_batch/outputs/figures/mnist/swin_tiny/support_stages_3_blocks_0_window_lengths_mean.pdf,/ceph/sagnihot/projects/Lorena_Contrastive_Representation_Arch/sparse_contrast_benchmark_large_batch/outputs/figures/mnist/swin_tiny/support_stages_3_blocks_0_window_lengths_mean.csv,709b6927423e9c60c2363972df6f35f47938b89cce4d6435a9604c42af045b9e,fc3fcca0d4feb469c9c41ad0e9c44d4bb1f2e2ddd3034df05288854701d31ec8,300,vector PDF; 300 dpi for rasterized content
training_sparse_testing_sparse,"Accuracy, robustness and loss",mnist,swin_tiny,training_sparse_testing_sparse/results/mnist/swin_tiny/support_stages_3_blocks_1_active_per_image_mean.pdf,training_sparse_testing_sparse/results/mnist/swin_tiny/support_stages_3_blocks_1_active_per_image_mean.csv,/ceph/sagnihot/projects/Lorena_Contrastive_Representation_Arch/sparse_contrast_benchmark_large_batch/outputs/figures/mnist/swin_tiny/support_stages_3_blocks_1_active_per_image_mean.pdf,/ceph/sagnihot/projects/Lorena_Contrastive_Representation_Arch/sparse_contrast_benchmark_large_batch/outputs/figures/mnist/swin_tiny/support_stages_3_blocks_1_active_per_image_mean.csv,bf9ea170438672d1c780be449b21ac0897368e795b091508bd8cb2c18ed7b8ce,b5ddd0030fc64d0514bed70c4071f1ad8c64af0a8f6df546a4dd550dd4d93a52,300,vector PDF; 300 dpi for rasterized content
training_sparse_testing_sparse,"Accuracy, robustness and loss",mnist,swin_tiny,training_sparse_testing_sparse/results/mnist/swin_tiny/support_stages_3_blocks_1_active_windows_mean.pdf,training_sparse_testing_sparse/results/mnist/swin_tiny/support_stages_3_blocks_1_active_windows_mean.csv,/ceph/sagnihot/projects/Lorena_Contrastive_Representation_Arch/sparse_contrast_benchmark_large_batch/outputs/figures/mnist/swin_tiny/support_stages_3_blocks_1_active_windows_mean.pdf,/ceph/sagnihot/projects/Lorena_Contrastive_Representation_Arch/sparse_contrast_benchmark_large_batch/outputs/figures/mnist/swin_tiny/support_stages_3_blocks_1_active_windows_mean.csv,212fe1052742cbab759656c1201753b2f661a1b59ddc8319512c81072b852299,5895af5a0766a83409f4da7e83212e00beb7eecc9cc13925e0c54f73d1dcde0e,300,vector PDF; 300 dpi for rasterized content
training_sparse_testing_sparse,"Accuracy, robustness and loss",mnist,swin_tiny,training_sparse_testing_sparse/results/mnist/swin_tiny/support_stages_3_blocks_1_executed_attention_pairs_mean.pdf,training_sparse_testing_sparse/results/mnist/swin_tiny/support_stages_3_blocks_1_executed_attention_pairs_mean.csv,/ceph/sagnihot/projects/Lorena_Contrastive_Representation_Arch/sparse_contrast_benchmark_large_batch/outputs/figures/mnist/swin_tiny/support_stages_3_blocks_1_executed_attention_pairs_mean.pdf,/ceph/sagnihot/projects/Lorena_Contrastive_Representation_Arch/sparse_contrast_benchmark_large_batch/outputs/figures/mnist/swin_tiny/support_stages_3_blocks_1_executed_attention_pairs_mean.csv,a2cfc65e142a479fdd3009c126831279835ad0a75a640012e82a4b55d6c29b51,bc4e9691a90082f6f2a39311c84c23cf2e8fab3b8447c2bce1e92933c302bf89,300,vector PDF; 300 dpi for rasterized content
training_sparse_testing_sparse,"Accuracy, robustness and loss",mnist,swin_tiny,training_sparse_testing_sparse/results/mnist/swin_tiny/support_stages_3_blocks_1_executed_rows_mean.pdf,training_sparse_testing_sparse/results/mnist/swin_tiny/support_stages_3_blocks_1_executed_rows_mean.csv,/ceph/sagnihot/projects/Lorena_Contrastive_Representation_Arch/sparse_contrast_benchmark_large_batch/outputs/figures/mnist/swin_tiny/support_stages_3_blocks_1_executed_rows_mean.pdf,/ceph/sagnihot/projects/Lorena_Contrastive_Representation_Arch/sparse_contrast_benchmark_large_batch/outputs/figures/mnist/swin_tiny/support_stages_3_blocks_1_executed_rows_mean.csv,64cc66b0c4fcd88732bcab1978a8c3d6bb8e0007ffaee44095c926a49e30b304,bea919da56373dc0c4d5d917702af534791f99f83735390c402ba3b9840d1a02,300,vector PDF; 300 dpi for rasterized content
training_sparse_testing_sparse,"Accuracy, robustness and loss",mnist,swin_tiny,training_sparse_testing_sparse/results/mnist/swin_tiny/support_stages_3_blocks_1_padding_rows_mean.pdf,training_sparse_testing_sparse/results/mnist/swin_tiny/support_stages_3_blocks_1_padding_rows_mean.csv,/ceph/sagnihot/projects/Lorena_Contrastive_Representation_Arch/sparse_contrast_benchmark_large_batch/outputs/figures/mnist/swin_tiny/support_stages_3_blocks_1_padding_rows_mean.pdf,/ceph/sagnihot/projects/Lorena_Contrastive_Representation_Arch/sparse_contrast_benchmark_large_batch/outputs/figures/mnist/swin_tiny/support_stages_3_blocks_1_padding_rows_mean.csv,e9441135fe90d7b81dc49047024186607a529c3e3991831bc8a3fe0ddd0c88de,28d7057c54b45bd6a030dd785721f76b65b627aa26be02e314d0763e76071c79,300,vector PDF; 300 dpi for rasterized content
training_sparse_testing_sparse,"Accuracy, robustness and loss",mnist,swin_tiny,training_sparse_testing_sparse/results/mnist/swin_tiny/support_stages_3_blocks_1_total_windows_mean.pdf,training_sparse_testing_sparse/results/mnist/swin_tiny/support_stages_3_blocks_1_total_windows_mean.csv,/ceph/sagnihot/projects/Lorena_Contrastive_Representation_Arch/sparse_contrast_benchmark_large_batch/outputs/figures/mnist/swin_tiny/support_stages_3_blocks_1_total_windows_mean.pdf,/ceph/sagnihot/projects/Lorena_Contrastive_Representation_Arch/sparse_contrast_benchmark_large_batch/outputs/figures/mnist/swin_tiny/support_stages_3_blocks_1_total_windows_mean.csv,6be219c0b249aab5de1cb72a44ea476fad7063e6a73e8d668163535429930361,1c33fb7c9d6a05a80c6fb2d240fdec6de8396c444af84b405d31317a8b857243,300,vector PDF; 300 dpi for rasterized content
training_sparse_testing_sparse,"Accuracy, robustness and loss",mnist,swin_tiny,training_sparse_testing_sparse/results/mnist/swin_tiny/support_stages_3_blocks_1_window_length_groups_mean.pdf,training_sparse_testing_sparse/results/mnist/swin_tiny/support_stages_3_blocks_1_window_length_groups_mean.csv,/ceph/sagnihot/projects/Lorena_Contrastive_Representation_Arch/sparse_contrast_benchmark_large_batch/outputs/figures/mnist/swin_tiny/support_stages_3_blocks_1_window_length_groups_mean.pdf,/ceph/sagnihot/projects/Lorena_Contrastive_Representation_Arch/sparse_contrast_benchmark_large_batch/outputs/figures/mnist/swin_tiny/support_stages_3_blocks_1_window_length_groups_mean.csv,1f082fe45efbcf2286aff4762f819f985aa3daa83d89534ec17294264fcdfaf2,43f199e10664cbb05ba265c346a0e6091be787d41354df60ddf22853007f78dd,300,vector PDF; 300 dpi for rasterized content
training_sparse_testing_sparse,"Accuracy, robustness and loss",mnist,swin_tiny,training_sparse_testing_sparse/results/mnist/swin_tiny/support_stages_3_blocks_1_window_lengths_mean.pdf,training_sparse_testing_sparse/results/mnist/swin_tiny/support_stages_3_blocks_1_window_lengths_mean.csv,/ceph/sagnihot/projects/Lorena_Contrastive_Representation_Arch/sparse_contrast_benchmark_large_batch/outputs/figures/mnist/swin_tiny/support_stages_3_blocks_1_window_lengths_mean.pdf,/ceph/sagnihot/projects/Lorena_Contrastive_Representation_Arch/sparse_contrast_benchmark_large_batch/outputs/figures/mnist/swin_tiny/support_stages_3_blocks_1_window_lengths_mean.csv,f3348c1396ce5ff3e08483eb9d60f18389c563871c119f18ac3141d437cbf425,4a6dc535b36410e0bb59a9dae74e6423841fb119506b0963450101097ea9fab3,300,vector PDF; 300 dpi for rasterized content
training_sparse_testing_sparse,Accuracy and robustness versus latency,mnist,swin_tiny,training_sparse_testing_sparse/results/mnist/swin_tiny/tradeoff_clean_accuracy_gpu_raw_to_logits_b1_balanced_corruption_4ba79ef9f76f.pdf,training_sparse_testing_sparse/results/mnist/swin_tiny/tradeoff_clean_accuracy_gpu_raw_to_logits_b1_balanced_corruption_4ba79ef9f76f.csv,/ceph/sagnihot/projects/Lorena_Contrastive_Representation_Arch/sparse_contrast_benchmark_large_batch/outputs/figures/mnist/swin_tiny/tradeoff_clean_accuracy_gpu_raw_to_logits_b1_balanced_corruption_4ba79ef9f76f.pdf,/ceph/sagnihot/projects/Lorena_Contrastive_Representation_Arch/sparse_contrast_benchmark_large_batch/outputs/figures/mnist/swin_tiny/tradeoff_clean_accuracy_gpu_raw_to_logits_b1_balanced_corruption_4ba79ef9f76f.csv,444e4c185a0e743505c1ea7fca57a16adb14c067b866fe462c3159677d6a9853,de2ea51729560237bbc1b8a28752fc9b0c6f97b8cf6a18de0793c205852d7ee9,300,vector PDF; 300 dpi for rasterized content
training_sparse_testing_sparse,Accuracy and robustness versus latency,mnist,swin_tiny,training_sparse_testing_sparse/results/mnist/swin_tiny/tradeoff_clean_accuracy_gpu_raw_to_logits_b1_clean_4ba79ef9f76f.pdf,training_sparse_testing_sparse/results/mnist/swin_tiny/tradeoff_clean_accuracy_gpu_raw_to_logits_b1_clean_4ba79ef9f76f.csv,/ceph/sagnihot/projects/Lorena_Contrastive_Representation_Arch/sparse_contrast_benchmark_large_batch/outputs/figures/mnist/swin_tiny/tradeoff_clean_accuracy_gpu_raw_to_logits_b1_clean_4ba79ef9f76f.pdf,/ceph/sagnihot/projects/Lorena_Contrastive_Representation_Arch/sparse_contrast_benchmark_large_batch/outputs/figures/mnist/swin_tiny/tradeoff_clean_accuracy_gpu_raw_to_logits_b1_clean_4ba79ef9f76f.csv,ad3a824c72ccb6666cc189a4f9c69452bc00145f3daf60990d3b9c5c24b5ecb6,8fa516aa836f730309138e647b905876369a99cbb2fa0329242c8cf3f81c9d6e,300,vector PDF; 300 dpi for rasterized content
training_sparse_testing_sparse,Accuracy and robustness versus latency,mnist,swin_tiny,training_sparse_testing_sparse/results/mnist/swin_tiny/tradeoff_clean_accuracy_gpu_raw_to_logits_b8_balanced_corruption_4ba79ef9f76f.pdf,training_sparse_testing_sparse/results/mnist/swin_tiny/tradeoff_clean_accuracy_gpu_raw_to_logits_b8_balanced_corruption_4ba79ef9f76f.csv,/ceph/sagnihot/projects/Lorena_Contrastive_Representation_Arch/sparse_contrast_benchmark_large_batch/outputs/figures/mnist/swin_tiny/tradeoff_clean_accuracy_gpu_raw_to_logits_b8_balanced_corruption_4ba79ef9f76f.pdf,/ceph/sagnihot/projects/Lorena_Contrastive_Representation_Arch/sparse_contrast_benchmark_large_batch/outputs/figures/mnist/swin_tiny/tradeoff_clean_accuracy_gpu_raw_to_logits_b8_balanced_corruption_4ba79ef9f76f.csv,98ad4eb5399c916ac4a6d7438722f30f582e4f99211fd1efc3a11101a9003d94,95308deee1c565061ff6e08dbf2f104b6229e1f82a48ca3ca445adcf5d5d8f34,300,vector PDF; 300 dpi for rasterized content
training_sparse_testing_sparse,Accuracy and robustness versus latency,mnist,swin_tiny,training_sparse_testing_sparse/results/mnist/swin_tiny/tradeoff_clean_accuracy_gpu_raw_to_logits_b8_clean_4ba79ef9f76f.pdf,training_sparse_testing_sparse/results/mnist/swin_tiny/tradeoff_clean_accuracy_gpu_raw_to_logits_b8_clean_4ba79ef9f76f.csv,/ceph/sagnihot/projects/Lorena_Contrastive_Representation_Arch/sparse_contrast_benchmark_large_batch/outputs/figures/mnist/swin_tiny/tradeoff_clean_accuracy_gpu_raw_to_logits_b8_clean_4ba79ef9f76f.pdf,/ceph/sagnihot/projects/Lorena_Contrastive_Representation_Arch/sparse_contrast_benchmark_large_batch/outputs/figures/mnist/swin_tiny/tradeoff_clean_accuracy_gpu_raw_to_logits_b8_clean_4ba79ef9f76f.csv,4abc53556d47b9b8fdb3cd71dcf18ea88978a62284381ccaa0ffdaff42ad03b2,360d82bb71d4a7a364aee9313d5cfa0f9764ce910e579a160e4a8419f924a29d,300,vector PDF; 300 dpi for rasterized content
training_sparse_testing_sparse,Accuracy and robustness versus latency,mnist,swin_tiny,training_sparse_testing_sparse/results/mnist/swin_tiny/tradeoff_clean_accuracy_host_raw_to_logits_b1_balanced_corruption_4ba79ef9f76f.pdf,training_sparse_testing_sparse/results/mnist/swin_tiny/tradeoff_clean_accuracy_host_raw_to_logits_b1_balanced_corruption_4ba79ef9f76f.csv,/ceph/sagnihot/projects/Lorena_Contrastive_Representation_Arch/sparse_contrast_benchmark_large_batch/outputs/figures/mnist/swin_tiny/tradeoff_clean_accuracy_host_raw_to_logits_b1_balanced_corruption_4ba79ef9f76f.pdf,/ceph/sagnihot/projects/Lorena_Contrastive_Representation_Arch/sparse_contrast_benchmark_large_batch/outputs/figures/mnist/swin_tiny/tradeoff_clean_accuracy_host_raw_to_logits_b1_balanced_corruption_4ba79ef9f76f.csv,d5bb23cfb3680bf9b1d6469475382f430a64f649457507ab6f7cb0a07d84cb42,492f2d39ee2bb48e3a995d0bdfe73d6b2f5597bcefa6ad284d0646fe6a89c4d2,300,vector PDF; 300 dpi for rasterized content
training_sparse_testing_sparse,Accuracy and robustness versus latency,mnist,swin_tiny,training_sparse_testing_sparse/results/mnist/swin_tiny/tradeoff_clean_accuracy_host_raw_to_logits_b1_clean_4ba79ef9f76f.pdf,training_sparse_testing_sparse/results/mnist/swin_tiny/tradeoff_clean_accuracy_host_raw_to_logits_b1_clean_4ba79ef9f76f.csv,/ceph/sagnihot/projects/Lorena_Contrastive_Representation_Arch/sparse_contrast_benchmark_large_batch/outputs/figures/mnist/swin_tiny/tradeoff_clean_accuracy_host_raw_to_logits_b1_clean_4ba79ef9f76f.pdf,/ceph/sagnihot/projects/Lorena_Contrastive_Representation_Arch/sparse_contrast_benchmark_large_batch/outputs/figures/mnist/swin_tiny/tradeoff_clean_accuracy_host_raw_to_logits_b1_clean_4ba79ef9f76f.csv,7859cf2ecc0e756726cefb620853c7a1804a154adfdefd9e6aa503c24c11380d,9c138059f31b1450f42bbb414f7084fa92e03f63501b272b04909fccb741ef40,300,vector PDF; 300 dpi for rasterized content
training_sparse_testing_sparse,Accuracy and robustness versus latency,mnist,swin_tiny,training_sparse_testing_sparse/results/mnist/swin_tiny/tradeoff_clean_accuracy_host_raw_to_logits_b8_balanced_corruption_4ba79ef9f76f.pdf,training_sparse_testing_sparse/results/mnist/swin_tiny/tradeoff_clean_accuracy_host_raw_to_logits_b8_balanced_corruption_4ba79ef9f76f.csv,/ceph/sagnihot/projects/Lorena_Contrastive_Representation_Arch/sparse_contrast_benchmark_large_batch/outputs/figures/mnist/swin_tiny/tradeoff_clean_accuracy_host_raw_to_logits_b8_balanced_corruption_4ba79ef9f76f.pdf,/ceph/sagnihot/projects/Lorena_Contrastive_Representation_Arch/sparse_contrast_benchmark_large_batch/outputs/figures/mnist/swin_tiny/tradeoff_clean_accuracy_host_raw_to_logits_b8_balanced_corruption_4ba79ef9f76f.csv,560ec0cac00e9ee586b2eb1f045cefae8507b5e915f301765d22867feb47898c,691032fb9e963ea38f530b768637492e589db89741949f4a2d97c94b65b0de50,300,vector PDF; 300 dpi for rasterized content
training_sparse_testing_sparse,Accuracy and robustness versus latency,mnist,swin_tiny,training_sparse_testing_sparse/results/mnist/swin_tiny/tradeoff_clean_accuracy_host_raw_to_logits_b8_clean_4ba79ef9f76f.pdf,training_sparse_testing_sparse/results/mnist/swin_tiny/tradeoff_clean_accuracy_host_raw_to_logits_b8_clean_4ba79ef9f76f.csv,/ceph/sagnihot/projects/Lorena_Contrastive_Representation_Arch/sparse_contrast_benchmark_large_batch/outputs/figures/mnist/swin_tiny/tradeoff_clean_accuracy_host_raw_to_logits_b8_clean_4ba79ef9f76f.pdf,/ceph/sagnihot/projects/Lorena_Contrastive_Representation_Arch/sparse_contrast_benchmark_large_batch/outputs/figures/mnist/swin_tiny/tradeoff_clean_accuracy_host_raw_to_logits_b8_clean_4ba79ef9f76f.csv,916222dbcf1b9f7db85f4b47d47a97575ede5aaeb6649590451672dbb9b5589f,821dce3eb9cdbb68f83da9fc4aacc5088d415a4562d5deb0ce19242154b0ab3d,300,vector PDF; 300 dpi for rasterized content
training_sparse_testing_sparse,Accuracy and robustness versus latency,mnist,swin_tiny,training_sparse_testing_sparse/results/mnist/swin_tiny/tradeoff_mCE_raw_gpu_raw_to_logits_b1_balanced_corruption_4ba79ef9f76f.pdf,training_sparse_testing_sparse/results/mnist/swin_tiny/tradeoff_mCE_raw_gpu_raw_to_logits_b1_balanced_corruption_4ba79ef9f76f.csv,/ceph/sagnihot/projects/Lorena_Contrastive_Representation_Arch/sparse_contrast_benchmark_large_batch/outputs/figures/mnist/swin_tiny/tradeoff_mCE_raw_gpu_raw_to_logits_b1_balanced_corruption_4ba79ef9f76f.pdf,/ceph/sagnihot/projects/Lorena_Contrastive_Representation_Arch/sparse_contrast_benchmark_large_batch/outputs/figures/mnist/swin_tiny/tradeoff_mCE_raw_gpu_raw_to_logits_b1_balanced_corruption_4ba79ef9f76f.csv,e66bf814990ad06ed05bcaecd1d28f242cd308287a25e0bca4f4f554704d1ea1,452eeba8434140f9abd26d65066d190c387a8c2351daea15fe9d6517a7a466cf,300,vector PDF; 300 dpi for rasterized content
training_sparse_testing_sparse,Accuracy and robustness versus latency,mnist,swin_tiny,training_sparse_testing_sparse/results/mnist/swin_tiny/tradeoff_mCE_raw_gpu_raw_to_logits_b1_clean_4ba79ef9f76f.pdf,training_sparse_testing_sparse/results/mnist/swin_tiny/tradeoff_mCE_raw_gpu_raw_to_logits_b1_clean_4ba79ef9f76f.csv,/ceph/sagnihot/projects/Lorena_Contrastive_Representation_Arch/sparse_contrast_benchmark_large_batch/outputs/figures/mnist/swin_tiny/tradeoff_mCE_raw_gpu_raw_to_logits_b1_clean_4ba79ef9f76f.pdf,/ceph/sagnihot/projects/Lorena_Contrastive_Representation_Arch/sparse_contrast_benchmark_large_batch/outputs/figures/mnist/swin_tiny/tradeoff_mCE_raw_gpu_raw_to_logits_b1_clean_4ba79ef9f76f.csv,6ebf5d2be16663005079783ac55e13653cd82eaaf03ecce0cf113206ff5ba7c2,2434ac0b76f1f5c0058dc81a6de0e3aebfd9865d0714d789c87886475e422a52,300,vector PDF; 300 dpi for rasterized content
training_sparse_testing_sparse,Accuracy and robustness versus latency,mnist,swin_tiny,training_sparse_testing_sparse/results/mnist/swin_tiny/tradeoff_mCE_raw_gpu_raw_to_logits_b8_balanced_corruption_4ba79ef9f76f.pdf,training_sparse_testing_sparse/results/mnist/swin_tiny/tradeoff_mCE_raw_gpu_raw_to_logits_b8_balanced_corruption_4ba79ef9f76f.csv,/ceph/sagnihot/projects/Lorena_Contrastive_Representation_Arch/sparse_contrast_benchmark_large_batch/outputs/figures/mnist/swin_tiny/tradeoff_mCE_raw_gpu_raw_to_logits_b8_balanced_corruption_4ba79ef9f76f.pdf,/ceph/sagnihot/projects/Lorena_Contrastive_Representation_Arch/sparse_contrast_benchmark_large_batch/outputs/figures/mnist/swin_tiny/tradeoff_mCE_raw_gpu_raw_to_logits_b8_balanced_corruption_4ba79ef9f76f.csv,27c4846d35fdbb60bc3c1e5cd48a948669ebd20bf1676b9ae7868a461f1ea7dd,193299d4a527d80ee379a0282d0615241fbaaef7b04d23bda890a09cdff40fa4,300,vector PDF; 300 dpi for rasterized content
training_sparse_testing_sparse,Accuracy and robustness versus latency,mnist,swin_tiny,training_sparse_testing_sparse/results/mnist/swin_tiny/tradeoff_mCE_raw_gpu_raw_to_logits_b8_clean_4ba79ef9f76f.pdf,training_sparse_testing_sparse/results/mnist/swin_tiny/tradeoff_mCE_raw_gpu_raw_to_logits_b8_clean_4ba79ef9f76f.csv,/ceph/sagnihot/projects/Lorena_Contrastive_Representation_Arch/sparse_contrast_benchmark_large_batch/outputs/figures/mnist/swin_tiny/tradeoff_mCE_raw_gpu_raw_to_logits_b8_clean_4ba79ef9f76f.pdf,/ceph/sagnihot/projects/Lorena_Contrastive_Representation_Arch/sparse_contrast_benchmark_large_batch/outputs/figures/mnist/swin_tiny/tradeoff_mCE_raw_gpu_raw_to_logits_b8_clean_4ba79ef9f76f.csv,40818fbea3251b7b629bdf31c65a11f6438c2fb253a0312c22c9cbe9223d5810,d1442f87469aafa2e1f4b8557a8953976b966d4fc54b05f945ca265c014eb0e3,300,vector PDF; 300 dpi for rasterized content
training_sparse_testing_sparse,Accuracy and robustness versus latency,mnist,swin_tiny,training_sparse_testing_sparse/results/mnist/swin_tiny/tradeoff_mCE_raw_host_raw_to_logits_b1_balanced_corruption_4ba79ef9f76f.pdf,training_sparse_testing_sparse/results/mnist/swin_tiny/tradeoff_mCE_raw_host_raw_to_logits_b1_balanced_corruption_4ba79ef9f76f.csv,/ceph/sagnihot/projects/Lorena_Contrastive_Representation_Arch/sparse_contrast_benchmark_large_batch/outputs/figures/mnist/swin_tiny/tradeoff_mCE_raw_host_raw_to_logits_b1_balanced_corruption_4ba79ef9f76f.pdf,/ceph/sagnihot/projects/Lorena_Contrastive_Representation_Arch/sparse_contrast_benchmark_large_batch/outputs/figures/mnist/swin_tiny/tradeoff_mCE_raw_host_raw_to_logits_b1_balanced_corruption_4ba79ef9f76f.csv,38fd2fbf2ed316e9ac8f9a26be3ca4c6bb3ad000ead14fa4707e42e308f6c9b6,e21582c4cdf4ff5d5bd84ac97e0600660ff7a49cf651aa29898b943de53cddab,300,vector PDF; 300 dpi for rasterized content
training_sparse_testing_sparse,Accuracy and robustness versus latency,mnist,swin_tiny,training_sparse_testing_sparse/results/mnist/swin_tiny/tradeoff_mCE_raw_host_raw_to_logits_b1_clean_4ba79ef9f76f.pdf,training_sparse_testing_sparse/results/mnist/swin_tiny/tradeoff_mCE_raw_host_raw_to_logits_b1_clean_4ba79ef9f76f.csv,/ceph/sagnihot/projects/Lorena_Contrastive_Representation_Arch/sparse_contrast_benchmark_large_batch/outputs/figures/mnist/swin_tiny/tradeoff_mCE_raw_host_raw_to_logits_b1_clean_4ba79ef9f76f.pdf,/ceph/sagnihot/projects/Lorena_Contrastive_Representation_Arch/sparse_contrast_benchmark_large_batch/outputs/figures/mnist/swin_tiny/tradeoff_mCE_raw_host_raw_to_logits_b1_clean_4ba79ef9f76f.csv,65aac89a7a0d00a8bcfec4ba5c240f25cebd7a35372f34807d945499b29509d6,618be2c3342b2a5e5f663ec12c98cead70a325a241b39f7b94a4e575b0fad1ae,300,vector PDF; 300 dpi for rasterized content
training_sparse_testing_sparse,Accuracy and robustness versus latency,mnist,swin_tiny,training_sparse_testing_sparse/results/mnist/swin_tiny/tradeoff_mCE_raw_host_raw_to_logits_b8_balanced_corruption_4ba79ef9f76f.pdf,training_sparse_testing_sparse/results/mnist/swin_tiny/tradeoff_mCE_raw_host_raw_to_logits_b8_balanced_corruption_4ba79ef9f76f.csv,/ceph/sagnihot/projects/Lorena_Contrastive_Representation_Arch/sparse_contrast_benchmark_large_batch/outputs/figures/mnist/swin_tiny/tradeoff_mCE_raw_host_raw_to_logits_b8_balanced_corruption_4ba79ef9f76f.pdf,/ceph/sagnihot/projects/Lorena_Contrastive_Representation_Arch/sparse_contrast_benchmark_large_batch/outputs/figures/mnist/swin_tiny/tradeoff_mCE_raw_host_raw_to_logits_b8_balanced_corruption_4ba79ef9f76f.csv,d94709aea01a874899861564c3bc051dd35125ac40d3475af44082334e4acbeb,ff69dd087a4b53a125e9624c59d403f78f7509ca0fbea3b26483ef8cbc95d5ed,300,vector PDF; 300 dpi for rasterized content
training_sparse_testing_sparse,Accuracy and robustness versus latency,mnist,swin_tiny,training_sparse_testing_sparse/results/mnist/swin_tiny/tradeoff_mCE_raw_host_raw_to_logits_b8_clean_4ba79ef9f76f.pdf,training_sparse_testing_sparse/results/mnist/swin_tiny/tradeoff_mCE_raw_host_raw_to_logits_b8_clean_4ba79ef9f76f.csv,/ceph/sagnihot/projects/Lorena_Contrastive_Representation_Arch/sparse_contrast_benchmark_large_batch/outputs/figures/mnist/swin_tiny/tradeoff_mCE_raw_host_raw_to_logits_b8_clean_4ba79ef9f76f.pdf,/ceph/sagnihot/projects/Lorena_Contrastive_Representation_Arch/sparse_contrast_benchmark_large_batch/outputs/figures/mnist/swin_tiny/tradeoff_mCE_raw_host_raw_to_logits_b8_clean_4ba79ef9f76f.csv,820f72ef9dc3117e2b5b12462355d7976460979a11a96e6fa9593d2fd1dfcdcd,afc777d4e4c82aba742326a4c24e0e4256ca6f03032980ffee1027c0d3e86d35,300,vector PDF; 300 dpi for rasterized content
training_sparse_testing_sparse,"Accuracy, robustness and loss",mnist,vit_small,training_sparse_testing_sparse/results/mnist/vit_small/clean_accuracy.pdf,training_sparse_testing_sparse/results/mnist/vit_small/clean_accuracy.csv,/ceph/sagnihot/projects/Lorena_Contrastive_Representation_Arch/sparse_contrast_benchmark_large_batch/outputs/figures/mnist/vit_small/clean_accuracy.pdf,/ceph/sagnihot/projects/Lorena_Contrastive_Representation_Arch/sparse_contrast_benchmark_large_batch/outputs/figures/mnist/vit_small/clean_accuracy.csv,b8427c47af3c54e742b12291e74acbe5f1f2444d088b4a4e7352dc48ddb79e8a,ae99afd0b6c3a4220d56dc2b8cf5101be2d1dcdbc6ddf6e796a4e21aaab83a0d,300,vector PDF; 300 dpi for rasterized content
training_sparse_testing_sparse,"Accuracy, robustness and loss",mnist,vit_small,training_sparse_testing_sparse/results/mnist/vit_small/latency_7_gpu_raw_to_logits_b1_balanced_corruption_4ba79ef9f76ff06df88f37ba7586b1b5a3ac8b43008b3eed0ca6a744393e6687_median_ms.pdf,training_sparse_testing_sparse/results/mnist/vit_small/latency_7_gpu_raw_to_logits_b1_balanced_corruption_4ba79ef9f76ff06df88f37ba7586b1b5a3ac8b43008b3eed0ca6a744393e6687_median_ms.csv,/ceph/sagnihot/projects/Lorena_Contrastive_Representation_Arch/sparse_contrast_benchmark_large_batch/outputs/figures/mnist/vit_small/latency_7_gpu_raw_to_logits_b1_balanced_corruption_4ba79ef9f76ff06df88f37ba7586b1b5a3ac8b43008b3eed0ca6a744393e6687_median_ms.pdf,/ceph/sagnihot/projects/Lorena_Contrastive_Representation_Arch/sparse_contrast_benchmark_large_batch/outputs/figures/mnist/vit_small/latency_7_gpu_raw_to_logits_b1_balanced_corruption_4ba79ef9f76ff06df88f37ba7586b1b5a3ac8b43008b3eed0ca6a744393e6687_median_ms.csv,5ca57e8141ccf9cbf96babe29ded5f33e2eebcbca043fe975ad668a46a9a2e04,eb16d54120992c1535c94e1e2cc959864ae99004161089abd57c63026f7bb252,300,vector PDF; 300 dpi for rasterized content
training_sparse_testing_sparse,"Accuracy, robustness and loss",mnist,vit_small,training_sparse_testing_sparse/results/mnist/vit_small/latency_7_gpu_raw_to_logits_b1_balanced_corruption_4ba79ef9f76ff06df88f37ba7586b1b5a3ac8b43008b3eed0ca6a744393e6687_p95_ms.pdf,training_sparse_testing_sparse/results/mnist/vit_small/latency_7_gpu_raw_to_logits_b1_balanced_corruption_4ba79ef9f76ff06df88f37ba7586b1b5a3ac8b43008b3eed0ca6a744393e6687_p95_ms.csv,/ceph/sagnihot/projects/Lorena_Contrastive_Representation_Arch/sparse_contrast_benchmark_large_batch/outputs/figures/mnist/vit_small/latency_7_gpu_raw_to_logits_b1_balanced_corruption_4ba79ef9f76ff06df88f37ba7586b1b5a3ac8b43008b3eed0ca6a744393e6687_p95_ms.pdf,/ceph/sagnihot/projects/Lorena_Contrastive_Representation_Arch/sparse_contrast_benchmark_large_batch/outputs/figures/mnist/vit_small/latency_7_gpu_raw_to_logits_b1_balanced_corruption_4ba79ef9f76ff06df88f37ba7586b1b5a3ac8b43008b3eed0ca6a744393e6687_p95_ms.csv,283888b54c5712efb07d5afc877b1f83e52176bedcbbf63d8f014fd4b936429f,263a41d08ebf7ec85e9d1738bd7dc80d359223b43bed43afc9cdb188693e1734,300,vector PDF; 300 dpi for rasterized content
training_sparse_testing_sparse,"Accuracy, robustness and loss",mnist,vit_small,training_sparse_testing_sparse/results/mnist/vit_small/latency_7_gpu_raw_to_logits_b1_clean_4ba79ef9f76ff06df88f37ba7586b1b5a3ac8b43008b3eed0ca6a744393e6687_median_ms.pdf,training_sparse_testing_sparse/results/mnist/vit_small/latency_7_gpu_raw_to_logits_b1_clean_4ba79ef9f76ff06df88f37ba7586b1b5a3ac8b43008b3eed0ca6a744393e6687_median_ms.csv,/ceph/sagnihot/projects/Lorena_Contrastive_Representation_Arch/sparse_contrast_benchmark_large_batch/outputs/figures/mnist/vit_small/latency_7_gpu_raw_to_logits_b1_clean_4ba79ef9f76ff06df88f37ba7586b1b5a3ac8b43008b3eed0ca6a744393e6687_median_ms.pdf,/ceph/sagnihot/projects/Lorena_Contrastive_Representation_Arch/sparse_contrast_benchmark_large_batch/outputs/figures/mnist/vit_small/latency_7_gpu_raw_to_logits_b1_clean_4ba79ef9f76ff06df88f37ba7586b1b5a3ac8b43008b3eed0ca6a744393e6687_median_ms.csv,a2c707cc487a88823e9ec8bb3a4ff253940e5204d70b3f718ac4db7aba576c86,55104182a481b838d8b1c8ba2ba2db53cfc53b3f51c31d944836fdf39e60c5c8,300,vector PDF; 300 dpi for rasterized content
training_sparse_testing_sparse,"Accuracy, robustness and loss",mnist,vit_small,training_sparse_testing_sparse/results/mnist/vit_small/latency_7_gpu_raw_to_logits_b1_clean_4ba79ef9f76ff06df88f37ba7586b1b5a3ac8b43008b3eed0ca6a744393e6687_p95_ms.pdf,training_sparse_testing_sparse/results/mnist/vit_small/latency_7_gpu_raw_to_logits_b1_clean_4ba79ef9f76ff06df88f37ba7586b1b5a3ac8b43008b3eed0ca6a744393e6687_p95_ms.csv,/ceph/sagnihot/projects/Lorena_Contrastive_Representation_Arch/sparse_contrast_benchmark_large_batch/outputs/figures/mnist/vit_small/latency_7_gpu_raw_to_logits_b1_clean_4ba79ef9f76ff06df88f37ba7586b1b5a3ac8b43008b3eed0ca6a744393e6687_p95_ms.pdf,/ceph/sagnihot/projects/Lorena_Contrastive_Representation_Arch/sparse_contrast_benchmark_large_batch/outputs/figures/mnist/vit_small/latency_7_gpu_raw_to_logits_b1_clean_4ba79ef9f76ff06df88f37ba7586b1b5a3ac8b43008b3eed0ca6a744393e6687_p95_ms.csv,6f53ed3bbe0a09372f308bf000252a27d111d9e25bf1eb44e4891e9b509f9f04,33b47861655dc28d76c76e2143bbeda5f29f92c6e455e73c7c62c33a9dc0f32b,300,vector PDF; 300 dpi for rasterized content
training_sparse_testing_sparse,"Accuracy, robustness and loss",mnist,vit_small,training_sparse_testing_sparse/results/mnist/vit_small/latency_7_gpu_raw_to_logits_b8_balanced_corruption_4ba79ef9f76ff06df88f37ba7586b1b5a3ac8b43008b3eed0ca6a744393e6687_median_ms.pdf,training_sparse_testing_sparse/results/mnist/vit_small/latency_7_gpu_raw_to_logits_b8_balanced_corruption_4ba79ef9f76ff06df88f37ba7586b1b5a3ac8b43008b3eed0ca6a744393e6687_median_ms.csv,/ceph/sagnihot/projects/Lorena_Contrastive_Representation_Arch/sparse_contrast_benchmark_large_batch/outputs/figures/mnist/vit_small/latency_7_gpu_raw_to_logits_b8_balanced_corruption_4ba79ef9f76ff06df88f37ba7586b1b5a3ac8b43008b3eed0ca6a744393e6687_median_ms.pdf,/ceph/sagnihot/projects/Lorena_Contrastive_Representation_Arch/sparse_contrast_benchmark_large_batch/outputs/figures/mnist/vit_small/latency_7_gpu_raw_to_logits_b8_balanced_corruption_4ba79ef9f76ff06df88f37ba7586b1b5a3ac8b43008b3eed0ca6a744393e6687_median_ms.csv,c94260064ab9fb2469f061dc90d738cc0329bda328433dd4010f94414e3dcca9,76ca64264c71d30b8351caacb91083b1966d1bcb260b4fddb1f085366180d580,300,vector PDF; 300 dpi for rasterized content
training_sparse_testing_sparse,"Accuracy, robustness and loss",mnist,vit_small,training_sparse_testing_sparse/results/mnist/vit_small/latency_7_gpu_raw_to_logits_b8_balanced_corruption_4ba79ef9f76ff06df88f37ba7586b1b5a3ac8b43008b3eed0ca6a744393e6687_p95_ms.pdf,training_sparse_testing_sparse/results/mnist/vit_small/latency_7_gpu_raw_to_logits_b8_balanced_corruption_4ba79ef9f76ff06df88f37ba7586b1b5a3ac8b43008b3eed0ca6a744393e6687_p95_ms.csv,/ceph/sagnihot/projects/Lorena_Contrastive_Representation_Arch/sparse_contrast_benchmark_large_batch/outputs/figures/mnist/vit_small/latency_7_gpu_raw_to_logits_b8_balanced_corruption_4ba79ef9f76ff06df88f37ba7586b1b5a3ac8b43008b3eed0ca6a744393e6687_p95_ms.pdf,/ceph/sagnihot/projects/Lorena_Contrastive_Representation_Arch/sparse_contrast_benchmark_large_batch/outputs/figures/mnist/vit_small/latency_7_gpu_raw_to_logits_b8_balanced_corruption_4ba79ef9f76ff06df88f37ba7586b1b5a3ac8b43008b3eed0ca6a744393e6687_p95_ms.csv,3076df0f3d9eaa174cfd2fca8261499ac8d11d0665a9e4e012b2f356b620f1f9,8ba82e43f3a63c62a8b9bee948fc433b7b76e6993b7c04626b1b3bc1ef0dec04,300,vector PDF; 300 dpi for rasterized content
training_sparse_testing_sparse,"Accuracy, robustness and loss",mnist,vit_small,training_sparse_testing_sparse/results/mnist/vit_small/latency_7_gpu_raw_to_logits_b8_clean_4ba79ef9f76ff06df88f37ba7586b1b5a3ac8b43008b3eed0ca6a744393e6687_median_ms.pdf,training_sparse_testing_sparse/results/mnist/vit_small/latency_7_gpu_raw_to_logits_b8_clean_4ba79ef9f76ff06df88f37ba7586b1b5a3ac8b43008b3eed0ca6a744393e6687_median_ms.csv,/ceph/sagnihot/projects/Lorena_Contrastive_Representation_Arch/sparse_contrast_benchmark_large_batch/outputs/figures/mnist/vit_small/latency_7_gpu_raw_to_logits_b8_clean_4ba79ef9f76ff06df88f37ba7586b1b5a3ac8b43008b3eed0ca6a744393e6687_median_ms.pdf,/ceph/sagnihot/projects/Lorena_Contrastive_Representation_Arch/sparse_contrast_benchmark_large_batch/outputs/figures/mnist/vit_small/latency_7_gpu_raw_to_logits_b8_clean_4ba79ef9f76ff06df88f37ba7586b1b5a3ac8b43008b3eed0ca6a744393e6687_median_ms.csv,047d5625d4448983c18c0baededa4aab86e023605f2fb8a33efbf4112a682c79,35114325d7f192f4bc4d6ce9f93f68a9fb899f401d237c6759a3b3ec95c23fad,300,vector PDF; 300 dpi for rasterized content
training_sparse_testing_sparse,"Accuracy, robustness and loss",mnist,vit_small,training_sparse_testing_sparse/results/mnist/vit_small/latency_7_gpu_raw_to_logits_b8_clean_4ba79ef9f76ff06df88f37ba7586b1b5a3ac8b43008b3eed0ca6a744393e6687_p95_ms.pdf,training_sparse_testing_sparse/results/mnist/vit_small/latency_7_gpu_raw_to_logits_b8_clean_4ba79ef9f76ff06df88f37ba7586b1b5a3ac8b43008b3eed0ca6a744393e6687_p95_ms.csv,/ceph/sagnihot/projects/Lorena_Contrastive_Representation_Arch/sparse_contrast_benchmark_large_batch/outputs/figures/mnist/vit_small/latency_7_gpu_raw_to_logits_b8_clean_4ba79ef9f76ff06df88f37ba7586b1b5a3ac8b43008b3eed0ca6a744393e6687_p95_ms.pdf,/ceph/sagnihot/projects/Lorena_Contrastive_Representation_Arch/sparse_contrast_benchmark_large_batch/outputs/figures/mnist/vit_small/latency_7_gpu_raw_to_logits_b8_clean_4ba79ef9f76ff06df88f37ba7586b1b5a3ac8b43008b3eed0ca6a744393e6687_p95_ms.csv,1ceff0daabbbf52b9efc2f11b0bc48ca6051477e7066d781f2afbc80d6338e58,ab3ef243cccf5b87115458e8cbaf8045f89689f7b652ec9fc932efe4d45297cf,300,vector PDF; 300 dpi for rasterized content
training_sparse_testing_sparse,"Accuracy, robustness and loss",mnist,vit_small,training_sparse_testing_sparse/results/mnist/vit_small/latency_7_host_raw_to_logits_b1_balanced_corruption_4ba79ef9f76ff06df88f37ba7586b1b5a3ac8b43008b3eed0ca6a744393e6687_median_ms.pdf,training_sparse_testing_sparse/results/mnist/vit_small/latency_7_host_raw_to_logits_b1_balanced_corruption_4ba79ef9f76ff06df88f37ba7586b1b5a3ac8b43008b3eed0ca6a744393e6687_median_ms.csv,/ceph/sagnihot/projects/Lorena_Contrastive_Representation_Arch/sparse_contrast_benchmark_large_batch/outputs/figures/mnist/vit_small/latency_7_host_raw_to_logits_b1_balanced_corruption_4ba79ef9f76ff06df88f37ba7586b1b5a3ac8b43008b3eed0ca6a744393e6687_median_ms.pdf,/ceph/sagnihot/projects/Lorena_Contrastive_Representation_Arch/sparse_contrast_benchmark_large_batch/outputs/figures/mnist/vit_small/latency_7_host_raw_to_logits_b1_balanced_corruption_4ba79ef9f76ff06df88f37ba7586b1b5a3ac8b43008b3eed0ca6a744393e6687_median_ms.csv,8948107a841f7fe5ab0832c3605675ff3d677a1efe4508f85421e8df2829e763,5ffe4b8cd33946c813112311a6ddc1c53eec8e5fdb337658661606c60f6fee96,300,vector PDF; 300 dpi for rasterized content
training_sparse_testing_sparse,"Accuracy, robustness and loss",mnist,vit_small,training_sparse_testing_sparse/results/mnist/vit_small/latency_7_host_raw_to_logits_b1_balanced_corruption_4ba79ef9f76ff06df88f37ba7586b1b5a3ac8b43008b3eed0ca6a744393e6687_p95_ms.pdf,training_sparse_testing_sparse/results/mnist/vit_small/latency_7_host_raw_to_logits_b1_balanced_corruption_4ba79ef9f76ff06df88f37ba7586b1b5a3ac8b43008b3eed0ca6a744393e6687_p95_ms.csv,/ceph/sagnihot/projects/Lorena_Contrastive_Representation_Arch/sparse_contrast_benchmark_large_batch/outputs/figures/mnist/vit_small/latency_7_host_raw_to_logits_b1_balanced_corruption_4ba79ef9f76ff06df88f37ba7586b1b5a3ac8b43008b3eed0ca6a744393e6687_p95_ms.pdf,/ceph/sagnihot/projects/Lorena_Contrastive_Representation_Arch/sparse_contrast_benchmark_large_batch/outputs/figures/mnist/vit_small/latency_7_host_raw_to_logits_b1_balanced_corruption_4ba79ef9f76ff06df88f37ba7586b1b5a3ac8b43008b3eed0ca6a744393e6687_p95_ms.csv,9538c1ca3e5d895a85bcad0ca1f49bd49c8b72503eaa9741c10d837989f0a1d3,e433b5fdee4a5b3986c2befec952b2f626b77912b940bb971a18de224a488d59,300,vector PDF; 300 dpi for rasterized content
training_sparse_testing_sparse,"Accuracy, robustness and loss",mnist,vit_small,training_sparse_testing_sparse/results/mnist/vit_small/latency_7_host_raw_to_logits_b1_clean_4ba79ef9f76ff06df88f37ba7586b1b5a3ac8b43008b3eed0ca6a744393e6687_median_ms.pdf,training_sparse_testing_sparse/results/mnist/vit_small/latency_7_host_raw_to_logits_b1_clean_4ba79ef9f76ff06df88f37ba7586b1b5a3ac8b43008b3eed0ca6a744393e6687_median_ms.csv,/ceph/sagnihot/projects/Lorena_Contrastive_Representation_Arch/sparse_contrast_benchmark_large_batch/outputs/figures/mnist/vit_small/latency_7_host_raw_to_logits_b1_clean_4ba79ef9f76ff06df88f37ba7586b1b5a3ac8b43008b3eed0ca6a744393e6687_median_ms.pdf,/ceph/sagnihot/projects/Lorena_Contrastive_Representation_Arch/sparse_contrast_benchmark_large_batch/outputs/figures/mnist/vit_small/latency_7_host_raw_to_logits_b1_clean_4ba79ef9f76ff06df88f37ba7586b1b5a3ac8b43008b3eed0ca6a744393e6687_median_ms.csv,67471a9498994a8fd6b7db19bfdf74cd940d458940194ff05f747db8152ffa7b,76fa04366fcf845d55c8497f2dfb7d6ae19efdff6b90e18bccc4a305a3ab5002,300,vector PDF; 300 dpi for rasterized content
training_sparse_testing_sparse,"Accuracy, robustness and loss",mnist,vit_small,training_sparse_testing_sparse/results/mnist/vit_small/latency_7_host_raw_to_logits_b1_clean_4ba79ef9f76ff06df88f37ba7586b1b5a3ac8b43008b3eed0ca6a744393e6687_p95_ms.pdf,training_sparse_testing_sparse/results/mnist/vit_small/latency_7_host_raw_to_logits_b1_clean_4ba79ef9f76ff06df88f37ba7586b1b5a3ac8b43008b3eed0ca6a744393e6687_p95_ms.csv,/ceph/sagnihot/projects/Lorena_Contrastive_Representation_Arch/sparse_contrast_benchmark_large_batch/outputs/figures/mnist/vit_small/latency_7_host_raw_to_logits_b1_clean_4ba79ef9f76ff06df88f37ba7586b1b5a3ac8b43008b3eed0ca6a744393e6687_p95_ms.pdf,/ceph/sagnihot/projects/Lorena_Contrastive_Representation_Arch/sparse_contrast_benchmark_large_batch/outputs/figures/mnist/vit_small/latency_7_host_raw_to_logits_b1_clean_4ba79ef9f76ff06df88f37ba7586b1b5a3ac8b43008b3eed0ca6a744393e6687_p95_ms.csv,39891ed161c33680efac11c62ec87b0423a5deeb2fbc1ad02df1e97efab0c12e,8e87eae2fc63f15a6665dffc66fd72ae1d21c832ad5115a5f74afbe734b573ef,300,vector PDF; 300 dpi for rasterized content
training_sparse_testing_sparse,"Accuracy, robustness and loss",mnist,vit_small,training_sparse_testing_sparse/results/mnist/vit_small/latency_7_host_raw_to_logits_b8_balanced_corruption_4ba79ef9f76ff06df88f37ba7586b1b5a3ac8b43008b3eed0ca6a744393e6687_median_ms.pdf,training_sparse_testing_sparse/results/mnist/vit_small/latency_7_host_raw_to_logits_b8_balanced_corruption_4ba79ef9f76ff06df88f37ba7586b1b5a3ac8b43008b3eed0ca6a744393e6687_median_ms.csv,/ceph/sagnihot/projects/Lorena_Contrastive_Representation_Arch/sparse_contrast_benchmark_large_batch/outputs/figures/mnist/vit_small/latency_7_host_raw_to_logits_b8_balanced_corruption_4ba79ef9f76ff06df88f37ba7586b1b5a3ac8b43008b3eed0ca6a744393e6687_median_ms.pdf,/ceph/sagnihot/projects/Lorena_Contrastive_Representation_Arch/sparse_contrast_benchmark_large_batch/outputs/figures/mnist/vit_small/latency_7_host_raw_to_logits_b8_balanced_corruption_4ba79ef9f76ff06df88f37ba7586b1b5a3ac8b43008b3eed0ca6a744393e6687_median_ms.csv,ae08371acc706345845ee9f2a17dbb00c63d7c4b926212cad8c2459d7b262672,ba441294086aa900ce922d95f2313deb8140957f4237a746d21ed711db5b33e4,300,vector PDF; 300 dpi for rasterized content
training_sparse_testing_sparse,"Accuracy, robustness and loss",mnist,vit_small,training_sparse_testing_sparse/results/mnist/vit_small/latency_7_host_raw_to_logits_b8_balanced_corruption_4ba79ef9f76ff06df88f37ba7586b1b5a3ac8b43008b3eed0ca6a744393e6687_p95_ms.pdf,training_sparse_testing_sparse/results/mnist/vit_small/latency_7_host_raw_to_logits_b8_balanced_corruption_4ba79ef9f76ff06df88f37ba7586b1b5a3ac8b43008b3eed0ca6a744393e6687_p95_ms.csv,/ceph/sagnihot/projects/Lorena_Contrastive_Representation_Arch/sparse_contrast_benchmark_large_batch/outputs/figures/mnist/vit_small/latency_7_host_raw_to_logits_b8_balanced_corruption_4ba79ef9f76ff06df88f37ba7586b1b5a3ac8b43008b3eed0ca6a744393e6687_p95_ms.pdf,/ceph/sagnihot/projects/Lorena_Contrastive_Representation_Arch/sparse_contrast_benchmark_large_batch/outputs/figures/mnist/vit_small/latency_7_host_raw_to_logits_b8_balanced_corruption_4ba79ef9f76ff06df88f37ba7586b1b5a3ac8b43008b3eed0ca6a744393e6687_p95_ms.csv,fb6eeaa768bb6bd7a4a35ae5c25afeff446677edaeaee7bd83b9b0acc4a0f6b3,57a727697b88af507f239efd7f6d728ead75877723b8c57173ff9c9d69d75edb,300,vector PDF; 300 dpi for rasterized content
training_sparse_testing_sparse,"Accuracy, robustness and loss",mnist,vit_small,training_sparse_testing_sparse/results/mnist/vit_small/latency_7_host_raw_to_logits_b8_clean_4ba79ef9f76ff06df88f37ba7586b1b5a3ac8b43008b3eed0ca6a744393e6687_median_ms.pdf,training_sparse_testing_sparse/results/mnist/vit_small/latency_7_host_raw_to_logits_b8_clean_4ba79ef9f76ff06df88f37ba7586b1b5a3ac8b43008b3eed0ca6a744393e6687_median_ms.csv,/ceph/sagnihot/projects/Lorena_Contrastive_Representation_Arch/sparse_contrast_benchmark_large_batch/outputs/figures/mnist/vit_small/latency_7_host_raw_to_logits_b8_clean_4ba79ef9f76ff06df88f37ba7586b1b5a3ac8b43008b3eed0ca6a744393e6687_median_ms.pdf,/ceph/sagnihot/projects/Lorena_Contrastive_Representation_Arch/sparse_contrast_benchmark_large_batch/outputs/figures/mnist/vit_small/latency_7_host_raw_to_logits_b8_clean_4ba79ef9f76ff06df88f37ba7586b1b5a3ac8b43008b3eed0ca6a744393e6687_median_ms.csv,c550e641ceccf2072be77d20e63b157b32e03fe91e59afc4c335a1a7cb8dd876,4b4970ac2b70c4b00080305ef030e749f666c01a18ecb0333a3dcd9b3a8b60ee,300,vector PDF; 300 dpi for rasterized content
training_sparse_testing_sparse,"Accuracy, robustness and loss",mnist,vit_small,training_sparse_testing_sparse/results/mnist/vit_small/latency_7_host_raw_to_logits_b8_clean_4ba79ef9f76ff06df88f37ba7586b1b5a3ac8b43008b3eed0ca6a744393e6687_p95_ms.pdf,training_sparse_testing_sparse/results/mnist/vit_small/latency_7_host_raw_to_logits_b8_clean_4ba79ef9f76ff06df88f37ba7586b1b5a3ac8b43008b3eed0ca6a744393e6687_p95_ms.csv,/ceph/sagnihot/projects/Lorena_Contrastive_Representation_Arch/sparse_contrast_benchmark_large_batch/outputs/figures/mnist/vit_small/latency_7_host_raw_to_logits_b8_clean_4ba79ef9f76ff06df88f37ba7586b1b5a3ac8b43008b3eed0ca6a744393e6687_p95_ms.pdf,/ceph/sagnihot/projects/Lorena_Contrastive_Representation_Arch/sparse_contrast_benchmark_large_batch/outputs/figures/mnist/vit_small/latency_7_host_raw_to_logits_b8_clean_4ba79ef9f76ff06df88f37ba7586b1b5a3ac8b43008b3eed0ca6a744393e6687_p95_ms.csv,b144f67c1a741f32f74187625d856a9fcd3b59bb2e2fa9f895b6eb3884be640c,fdbcddfbe0a0d1e8cb7300eff1f34750421c96f41f97087bb8a1c143afb1bfb7,300,vector PDF; 300 dpi for rasterized content
training_sparse_testing_sparse,"Accuracy, robustness and loss",mnist,vit_small,training_sparse_testing_sparse/results/mnist/vit_small/latency_7_loader_to_cpu_prediction_b1_balanced_corruption_4ba79ef9f76ff06df88f37ba7586b1b5a3ac8b43008b3eed0ca6a744393e6687_median_ms.pdf,training_sparse_testing_sparse/results/mnist/vit_small/latency_7_loader_to_cpu_prediction_b1_balanced_corruption_4ba79ef9f76ff06df88f37ba7586b1b5a3ac8b43008b3eed0ca6a744393e6687_median_ms.csv,/ceph/sagnihot/projects/Lorena_Contrastive_Representation_Arch/sparse_contrast_benchmark_large_batch/outputs/figures/mnist/vit_small/latency_7_loader_to_cpu_prediction_b1_balanced_corruption_4ba79ef9f76ff06df88f37ba7586b1b5a3ac8b43008b3eed0ca6a744393e6687_median_ms.pdf,/ceph/sagnihot/projects/Lorena_Contrastive_Representation_Arch/sparse_contrast_benchmark_large_batch/outputs/figures/mnist/vit_small/latency_7_loader_to_cpu_prediction_b1_balanced_corruption_4ba79ef9f76ff06df88f37ba7586b1b5a3ac8b43008b3eed0ca6a744393e6687_median_ms.csv,8efe0321fcc199a431021ad746599406784a20b353d8bf85f272a4c25d2314fb,0ce23b511ebf6afe0e2c4bf852e366e659691908cf077abf9aa4e4561e4d8c34,300,vector PDF; 300 dpi for rasterized content
training_sparse_testing_sparse,"Accuracy, robustness and loss",mnist,vit_small,training_sparse_testing_sparse/results/mnist/vit_small/latency_7_loader_to_cpu_prediction_b1_balanced_corruption_4ba79ef9f76ff06df88f37ba7586b1b5a3ac8b43008b3eed0ca6a744393e6687_p95_ms.pdf,training_sparse_testing_sparse/results/mnist/vit_small/latency_7_loader_to_cpu_prediction_b1_balanced_corruption_4ba79ef9f76ff06df88f37ba7586b1b5a3ac8b43008b3eed0ca6a744393e6687_p95_ms.csv,/ceph/sagnihot/projects/Lorena_Contrastive_Representation_Arch/sparse_contrast_benchmark_large_batch/outputs/figures/mnist/vit_small/latency_7_loader_to_cpu_prediction_b1_balanced_corruption_4ba79ef9f76ff06df88f37ba7586b1b5a3ac8b43008b3eed0ca6a744393e6687_p95_ms.pdf,/ceph/sagnihot/projects/Lorena_Contrastive_Representation_Arch/sparse_contrast_benchmark_large_batch/outputs/figures/mnist/vit_small/latency_7_loader_to_cpu_prediction_b1_balanced_corruption_4ba79ef9f76ff06df88f37ba7586b1b5a3ac8b43008b3eed0ca6a744393e6687_p95_ms.csv,f839c05ddedefe9460c5bcf56ccd3b930fb7642c18257abdd04dc2a2c5868fe8,3c01c8fe8783a40d9c975a0e2dab1f507cb84634da9e10d4c05546696cf2bfb2,300,vector PDF; 300 dpi for rasterized content
training_sparse_testing_sparse,"Accuracy, robustness and loss",mnist,vit_small,training_sparse_testing_sparse/results/mnist/vit_small/latency_7_loader_to_cpu_prediction_b1_clean_4ba79ef9f76ff06df88f37ba7586b1b5a3ac8b43008b3eed0ca6a744393e6687_median_ms.pdf,training_sparse_testing_sparse/results/mnist/vit_small/latency_7_loader_to_cpu_prediction_b1_clean_4ba79ef9f76ff06df88f37ba7586b1b5a3ac8b43008b3eed0ca6a744393e6687_median_ms.csv,/ceph/sagnihot/projects/Lorena_Contrastive_Representation_Arch/sparse_contrast_benchmark_large_batch/outputs/figures/mnist/vit_small/latency_7_loader_to_cpu_prediction_b1_clean_4ba79ef9f76ff06df88f37ba7586b1b5a3ac8b43008b3eed0ca6a744393e6687_median_ms.pdf,/ceph/sagnihot/projects/Lorena_Contrastive_Representation_Arch/sparse_contrast_benchmark_large_batch/outputs/figures/mnist/vit_small/latency_7_loader_to_cpu_prediction_b1_clean_4ba79ef9f76ff06df88f37ba7586b1b5a3ac8b43008b3eed0ca6a744393e6687_median_ms.csv,d0fe2d81fe1d3a6cf0dec9e8cdc46d2d8b4e774c07169b75f47a764dda19f710,a0e7460eece9b9f9d4260dedc3ee5de2db55197d8da3e90c63c5f2654939d0d7,300,vector PDF; 300 dpi for rasterized content
training_sparse_testing_sparse,"Accuracy, robustness and loss",mnist,vit_small,training_sparse_testing_sparse/results/mnist/vit_small/latency_7_loader_to_cpu_prediction_b1_clean_4ba79ef9f76ff06df88f37ba7586b1b5a3ac8b43008b3eed0ca6a744393e6687_p95_ms.pdf,training_sparse_testing_sparse/results/mnist/vit_small/latency_7_loader_to_cpu_prediction_b1_clean_4ba79ef9f76ff06df88f37ba7586b1b5a3ac8b43008b3eed0ca6a744393e6687_p95_ms.csv,/ceph/sagnihot/projects/Lorena_Contrastive_Representation_Arch/sparse_contrast_benchmark_large_batch/outputs/figures/mnist/vit_small/latency_7_loader_to_cpu_prediction_b1_clean_4ba79ef9f76ff06df88f37ba7586b1b5a3ac8b43008b3eed0ca6a744393e6687_p95_ms.pdf,/ceph/sagnihot/projects/Lorena_Contrastive_Representation_Arch/sparse_contrast_benchmark_large_batch/outputs/figures/mnist/vit_small/latency_7_loader_to_cpu_prediction_b1_clean_4ba79ef9f76ff06df88f37ba7586b1b5a3ac8b43008b3eed0ca6a744393e6687_p95_ms.csv,879456b45c89f7d1294206c9f0676ad41fd2c0f950cb8e78c826658c821a4e24,793e58ffd1a1fcdda80cefcffc72ed91ba6d9f00e5e113840e1aef1bf6c6cf7b,300,vector PDF; 300 dpi for rasterized content
training_sparse_testing_sparse,"Accuracy, robustness and loss",mnist,vit_small,training_sparse_testing_sparse/results/mnist/vit_small/latency_7_loader_to_cpu_prediction_b8_balanced_corruption_4ba79ef9f76ff06df88f37ba7586b1b5a3ac8b43008b3eed0ca6a744393e6687_median_ms.pdf,training_sparse_testing_sparse/results/mnist/vit_small/latency_7_loader_to_cpu_prediction_b8_balanced_corruption_4ba79ef9f76ff06df88f37ba7586b1b5a3ac8b43008b3eed0ca6a744393e6687_median_ms.csv,/ceph/sagnihot/projects/Lorena_Contrastive_Representation_Arch/sparse_contrast_benchmark_large_batch/outputs/figures/mnist/vit_small/latency_7_loader_to_cpu_prediction_b8_balanced_corruption_4ba79ef9f76ff06df88f37ba7586b1b5a3ac8b43008b3eed0ca6a744393e6687_median_ms.pdf,/ceph/sagnihot/projects/Lorena_Contrastive_Representation_Arch/sparse_contrast_benchmark_large_batch/outputs/figures/mnist/vit_small/latency_7_loader_to_cpu_prediction_b8_balanced_corruption_4ba79ef9f76ff06df88f37ba7586b1b5a3ac8b43008b3eed0ca6a744393e6687_median_ms.csv,6c92f6ef72a9b605b03bd6373174d3349eef31f9920abf58c333a819911d4cee,a8ac6fddfff8c259542dca5eba15d47db51f45a9d98a5c1d6b610cf1144369a7,300,vector PDF; 300 dpi for rasterized content
training_sparse_testing_sparse,"Accuracy, robustness and loss",mnist,vit_small,training_sparse_testing_sparse/results/mnist/vit_small/latency_7_loader_to_cpu_prediction_b8_balanced_corruption_4ba79ef9f76ff06df88f37ba7586b1b5a3ac8b43008b3eed0ca6a744393e6687_p95_ms.pdf,training_sparse_testing_sparse/results/mnist/vit_small/latency_7_loader_to_cpu_prediction_b8_balanced_corruption_4ba79ef9f76ff06df88f37ba7586b1b5a3ac8b43008b3eed0ca6a744393e6687_p95_ms.csv,/ceph/sagnihot/projects/Lorena_Contrastive_Representation_Arch/sparse_contrast_benchmark_large_batch/outputs/figures/mnist/vit_small/latency_7_loader_to_cpu_prediction_b8_balanced_corruption_4ba79ef9f76ff06df88f37ba7586b1b5a3ac8b43008b3eed0ca6a744393e6687_p95_ms.pdf,/ceph/sagnihot/projects/Lorena_Contrastive_Representation_Arch/sparse_contrast_benchmark_large_batch/outputs/figures/mnist/vit_small/latency_7_loader_to_cpu_prediction_b8_balanced_corruption_4ba79ef9f76ff06df88f37ba7586b1b5a3ac8b43008b3eed0ca6a744393e6687_p95_ms.csv,3449764ec5e0dcdb22be9f084e54355125c9f685e25df11996bbb8e461908a5c,99734ae8cf2b05e270e458f16fdd2b22a1233b3b4c06d6378b5d911958c48e9a,300,vector PDF; 300 dpi for rasterized content
training_sparse_testing_sparse,"Accuracy, robustness and loss",mnist,vit_small,training_sparse_testing_sparse/results/mnist/vit_small/latency_7_loader_to_cpu_prediction_b8_clean_4ba79ef9f76ff06df88f37ba7586b1b5a3ac8b43008b3eed0ca6a744393e6687_median_ms.pdf,training_sparse_testing_sparse/results/mnist/vit_small/latency_7_loader_to_cpu_prediction_b8_clean_4ba79ef9f76ff06df88f37ba7586b1b5a3ac8b43008b3eed0ca6a744393e6687_median_ms.csv,/ceph/sagnihot/projects/Lorena_Contrastive_Representation_Arch/sparse_contrast_benchmark_large_batch/outputs/figures/mnist/vit_small/latency_7_loader_to_cpu_prediction_b8_clean_4ba79ef9f76ff06df88f37ba7586b1b5a3ac8b43008b3eed0ca6a744393e6687_median_ms.pdf,/ceph/sagnihot/projects/Lorena_Contrastive_Representation_Arch/sparse_contrast_benchmark_large_batch/outputs/figures/mnist/vit_small/latency_7_loader_to_cpu_prediction_b8_clean_4ba79ef9f76ff06df88f37ba7586b1b5a3ac8b43008b3eed0ca6a744393e6687_median_ms.csv,8451a285d2bee99a18d41aaf267172f81c61573236f2a58ab1638fc6d98ad893,cbe2d925b988a895de6d7d5600b81409b105ef2f70277419c4c5dbe5e5e0d8d4,300,vector PDF; 300 dpi for rasterized content
training_sparse_testing_sparse,"Accuracy, robustness and loss",mnist,vit_small,training_sparse_testing_sparse/results/mnist/vit_small/latency_7_loader_to_cpu_prediction_b8_clean_4ba79ef9f76ff06df88f37ba7586b1b5a3ac8b43008b3eed0ca6a744393e6687_p95_ms.pdf,training_sparse_testing_sparse/results/mnist/vit_small/latency_7_loader_to_cpu_prediction_b8_clean_4ba79ef9f76ff06df88f37ba7586b1b5a3ac8b43008b3eed0ca6a744393e6687_p95_ms.csv,/ceph/sagnihot/projects/Lorena_Contrastive_Representation_Arch/sparse_contrast_benchmark_large_batch/outputs/figures/mnist/vit_small/latency_7_loader_to_cpu_prediction_b8_clean_4ba79ef9f76ff06df88f37ba7586b1b5a3ac8b43008b3eed0ca6a744393e6687_p95_ms.pdf,/ceph/sagnihot/projects/Lorena_Contrastive_Representation_Arch/sparse_contrast_benchmark_large_batch/outputs/figures/mnist/vit_small/latency_7_loader_to_cpu_prediction_b8_clean_4ba79ef9f76ff06df88f37ba7586b1b5a3ac8b43008b3eed0ca6a744393e6687_p95_ms.csv,d27416d19a9bd1852fe463c6054be4bf2a6678d656f32bace5ff16a97a466814,503a273679e47941863198980616704d9fef0fd1c2b6aa7df5df4a61aa1f157f,300,vector PDF; 300 dpi for rasterized content
training_sparse_testing_sparse,"Accuracy, robustness and loss",mnist,vit_small,training_sparse_testing_sparse/results/mnist/vit_small/learning_grayscale_compact_p0_accuracy.pdf,training_sparse_testing_sparse/results/mnist/vit_small/learning_grayscale_compact_p0_accuracy.csv,/ceph/sagnihot/projects/Lorena_Contrastive_Representation_Arch/sparse_contrast_benchmark_large_batch/outputs/figures/mnist/vit_small/learning_grayscale_compact_p0_accuracy.pdf,/ceph/sagnihot/projects/Lorena_Contrastive_Representation_Arch/sparse_contrast_benchmark_large_batch/outputs/figures/mnist/vit_small/learning_grayscale_compact_p0_accuracy.csv,08780cfcdb4e5ea3102ae5cfd4e353b167b25e93163df5aa48deba5917de9c07,65b2b2d652ebe5e8b8ca29eb517eac5bf764723a2711bc35900b02e027c534c1,300,vector PDF; 300 dpi for rasterized content
training_sparse_testing_sparse,"Accuracy, robustness and loss",mnist,vit_small,training_sparse_testing_sparse/results/mnist/vit_small/learning_grayscale_compact_p0_loss.pdf,training_sparse_testing_sparse/results/mnist/vit_small/learning_grayscale_compact_p0_loss.csv,/ceph/sagnihot/projects/Lorena_Contrastive_Representation_Arch/sparse_contrast_benchmark_large_batch/outputs/figures/mnist/vit_small/learning_grayscale_compact_p0_loss.pdf,/ceph/sagnihot/projects/Lorena_Contrastive_Representation_Arch/sparse_contrast_benchmark_large_batch/outputs/figures/mnist/vit_small/learning_grayscale_compact_p0_loss.csv,657b9415ea5421f60bb20ee0ba3058c85bbe9dc1c35a674e185cf506a703ab1f,65b2b2d652ebe5e8b8ca29eb517eac5bf764723a2711bc35900b02e027c534c1,300,vector PDF; 300 dpi for rasterized content
training_sparse_testing_sparse,"Accuracy, robustness and loss",mnist,vit_small,training_sparse_testing_sparse/results/mnist/vit_small/learning_grayscale_compact_p20_accuracy.pdf,training_sparse_testing_sparse/results/mnist/vit_small/learning_grayscale_compact_p20_accuracy.csv,/ceph/sagnihot/projects/Lorena_Contrastive_Representation_Arch/sparse_contrast_benchmark_large_batch/outputs/figures/mnist/vit_small/learning_grayscale_compact_p20_accuracy.pdf,/ceph/sagnihot/projects/Lorena_Contrastive_Representation_Arch/sparse_contrast_benchmark_large_batch/outputs/figures/mnist/vit_small/learning_grayscale_compact_p20_accuracy.csv,f5ea090b05f7c231ca32b165fb8a60d1ac97e36de693f1f7a9b0a27f610aa546,28975117c5f03753ecab7c539324ed4320fe9027af62db1370aa2b7de37abeca,300,vector PDF; 300 dpi for rasterized content
training_sparse_testing_sparse,"Accuracy, robustness and loss",mnist,vit_small,training_sparse_testing_sparse/results/mnist/vit_small/learning_grayscale_compact_p20_loss.pdf,training_sparse_testing_sparse/results/mnist/vit_small/learning_grayscale_compact_p20_loss.csv,/ceph/sagnihot/projects/Lorena_Contrastive_Representation_Arch/sparse_contrast_benchmark_large_batch/outputs/figures/mnist/vit_small/learning_grayscale_compact_p20_loss.pdf,/ceph/sagnihot/projects/Lorena_Contrastive_Representation_Arch/sparse_contrast_benchmark_large_batch/outputs/figures/mnist/vit_small/learning_grayscale_compact_p20_loss.csv,6b588b0a8e4aa5ca4a81d61f35000481e8bd56d6b871c9f933c7a158aa783c6f,28975117c5f03753ecab7c539324ed4320fe9027af62db1370aa2b7de37abeca,300,vector PDF; 300 dpi for rasterized content
training_sparse_testing_sparse,"Accuracy, robustness and loss",mnist,vit_small,training_sparse_testing_sparse/results/mnist/vit_small/learning_grayscale_compact_p40_accuracy.pdf,training_sparse_testing_sparse/results/mnist/vit_small/learning_grayscale_compact_p40_accuracy.csv,/ceph/sagnihot/projects/Lorena_Contrastive_Representation_Arch/sparse_contrast_benchmark_large_batch/outputs/figures/mnist/vit_small/learning_grayscale_compact_p40_accuracy.pdf,/ceph/sagnihot/projects/Lorena_Contrastive_Representation_Arch/sparse_contrast_benchmark_large_batch/outputs/figures/mnist/vit_small/learning_grayscale_compact_p40_accuracy.csv,02043922eb28cb195bb0d1b04e97539da5c1c6fd3cc83471565f5065f64b28b5,5dc005722d1536c073bf45d0c49cb4172d8482d7844ac054a9a7374f5624ad6a,300,vector PDF; 300 dpi for rasterized content
training_sparse_testing_sparse,"Accuracy, robustness and loss",mnist,vit_small,training_sparse_testing_sparse/results/mnist/vit_small/learning_grayscale_compact_p40_loss.pdf,training_sparse_testing_sparse/results/mnist/vit_small/learning_grayscale_compact_p40_loss.csv,/ceph/sagnihot/projects/Lorena_Contrastive_Representation_Arch/sparse_contrast_benchmark_large_batch/outputs/figures/mnist/vit_small/learning_grayscale_compact_p40_loss.pdf,/ceph/sagnihot/projects/Lorena_Contrastive_Representation_Arch/sparse_contrast_benchmark_large_batch/outputs/figures/mnist/vit_small/learning_grayscale_compact_p40_loss.csv,1f894f6f44b8ce42956a74f92ec72f3887c41671d182c13064dc2eb6dd98cec4,5dc005722d1536c073bf45d0c49cb4172d8482d7844ac054a9a7374f5624ad6a,300,vector PDF; 300 dpi for rasterized content
training_sparse_testing_sparse,"Accuracy, robustness and loss",mnist,vit_small,training_sparse_testing_sparse/results/mnist/vit_small/learning_grayscale_compact_p60_accuracy.pdf,training_sparse_testing_sparse/results/mnist/vit_small/learning_grayscale_compact_p60_accuracy.csv,/ceph/sagnihot/projects/Lorena_Contrastive_Representation_Arch/sparse_contrast_benchmark_large_batch/outputs/figures/mnist/vit_small/learning_grayscale_compact_p60_accuracy.pdf,/ceph/sagnihot/projects/Lorena_Contrastive_Representation_Arch/sparse_contrast_benchmark_large_batch/outputs/figures/mnist/vit_small/learning_grayscale_compact_p60_accuracy.csv,d12efe3acd803970633c2a83054cba4ccd4aa912177ad1cae943fa068e339dda,d4e237608603eea53fa55896c66b7108748e8db0053b76a8e070d957c7dafa8b,300,vector PDF; 300 dpi for rasterized content
training_sparse_testing_sparse,"Accuracy, robustness and loss",mnist,vit_small,training_sparse_testing_sparse/results/mnist/vit_small/learning_grayscale_compact_p60_loss.pdf,training_sparse_testing_sparse/results/mnist/vit_small/learning_grayscale_compact_p60_loss.csv,/ceph/sagnihot/projects/Lorena_Contrastive_Representation_Arch/sparse_contrast_benchmark_large_batch/outputs/figures/mnist/vit_small/learning_grayscale_compact_p60_loss.pdf,/ceph/sagnihot/projects/Lorena_Contrastive_Representation_Arch/sparse_contrast_benchmark_large_batch/outputs/figures/mnist/vit_small/learning_grayscale_compact_p60_loss.csv,018e6aee807e9b2b86bb9c3f9e77c245ac03dd8001892f687ee5c2751db7b868,d4e237608603eea53fa55896c66b7108748e8db0053b76a8e070d957c7dafa8b,300,vector PDF; 300 dpi for rasterized content
training_sparse_testing_sparse,"Accuracy, robustness and loss",mnist,vit_small,training_sparse_testing_sparse/results/mnist/vit_small/learning_grayscale_compact_p80_accuracy.pdf,training_sparse_testing_sparse/results/mnist/vit_small/learning_grayscale_compact_p80_accuracy.csv,/ceph/sagnihot/projects/Lorena_Contrastive_Representation_Arch/sparse_contrast_benchmark_large_batch/outputs/figures/mnist/vit_small/learning_grayscale_compact_p80_accuracy.pdf,/ceph/sagnihot/projects/Lorena_Contrastive_Representation_Arch/sparse_contrast_benchmark_large_batch/outputs/figures/mnist/vit_small/learning_grayscale_compact_p80_accuracy.csv,eb8aa10b9a8e5a4c7cb35850c3e972584a3705f654582c0f5226d3bfb7a5cfcf,f93ca93329eb666f47d7f7f67104546b986439e5eea1be7fd3efe1c1389a0b52,300,vector PDF; 300 dpi for rasterized content
training_sparse_testing_sparse,"Accuracy, robustness and loss",mnist,vit_small,training_sparse_testing_sparse/results/mnist/vit_small/learning_grayscale_compact_p80_loss.pdf,training_sparse_testing_sparse/results/mnist/vit_small/learning_grayscale_compact_p80_loss.csv,/ceph/sagnihot/projects/Lorena_Contrastive_Representation_Arch/sparse_contrast_benchmark_large_batch/outputs/figures/mnist/vit_small/learning_grayscale_compact_p80_loss.pdf,/ceph/sagnihot/projects/Lorena_Contrastive_Representation_Arch/sparse_contrast_benchmark_large_batch/outputs/figures/mnist/vit_small/learning_grayscale_compact_p80_loss.csv,c4dba9e4c3b27f4b72466aa675f0c3fa4dc0b3107f173337c95f76162ec4c254,f93ca93329eb666f47d7f7f67104546b986439e5eea1be7fd3efe1c1389a0b52,300,vector PDF; 300 dpi for rasterized content
training_sparse_testing_sparse,"Accuracy, robustness and loss",mnist,vit_small,training_sparse_testing_sparse/results/mnist/vit_small/learning_grayscale_dense_p0_accuracy.pdf,training_sparse_testing_sparse/results/mnist/vit_small/learning_grayscale_dense_p0_accuracy.csv,/ceph/sagnihot/projects/Lorena_Contrastive_Representation_Arch/sparse_contrast_benchmark_large_batch/outputs/figures/mnist/vit_small/learning_grayscale_dense_p0_accuracy.pdf,/ceph/sagnihot/projects/Lorena_Contrastive_Representation_Arch/sparse_contrast_benchmark_large_batch/outputs/figures/mnist/vit_small/learning_grayscale_dense_p0_accuracy.csv,fb54b5c30293c4d936b6e231bc4433b97c27b22c3b854a2480a8101428ab3c4a,fc7b412a85409da3fbc8acb78ebc1552a7b082949b077b51c570d75dbac86a34,300,vector PDF; 300 dpi for rasterized content
training_sparse_testing_sparse,"Accuracy, robustness and loss",mnist,vit_small,training_sparse_testing_sparse/results/mnist/vit_small/learning_grayscale_dense_p0_loss.pdf,training_sparse_testing_sparse/results/mnist/vit_small/learning_grayscale_dense_p0_loss.csv,/ceph/sagnihot/projects/Lorena_Contrastive_Representation_Arch/sparse_contrast_benchmark_large_batch/outputs/figures/mnist/vit_small/learning_grayscale_dense_p0_loss.pdf,/ceph/sagnihot/projects/Lorena_Contrastive_Representation_Arch/sparse_contrast_benchmark_large_batch/outputs/figures/mnist/vit_small/learning_grayscale_dense_p0_loss.csv,7b0a898286372361fd22b42e925a1aadbb0e2dc46c07bde9800406037ad085a4,fc7b412a85409da3fbc8acb78ebc1552a7b082949b077b51c570d75dbac86a34,300,vector PDF; 300 dpi for rasterized content
training_sparse_testing_sparse,"Accuracy, robustness and loss",mnist,vit_small,training_sparse_testing_sparse/results/mnist/vit_small/learning_raw_dense_pNone_accuracy.pdf,training_sparse_testing_sparse/results/mnist/vit_small/learning_raw_dense_pNone_accuracy.csv,/ceph/sagnihot/projects/Lorena_Contrastive_Representation_Arch/sparse_contrast_benchmark_large_batch/outputs/figures/mnist/vit_small/learning_raw_dense_pNone_accuracy.pdf,/ceph/sagnihot/projects/Lorena_Contrastive_Representation_Arch/sparse_contrast_benchmark_large_batch/outputs/figures/mnist/vit_small/learning_raw_dense_pNone_accuracy.csv,ee71b5535abb29f22e3508ddecd58a102b688db2441ff0add06f5b2a7af54ec7,a01855e3dd703826efa9522decc3d477067279059d3a062c1821aebb307de583,300,vector PDF; 300 dpi for rasterized content
training_sparse_testing_sparse,"Accuracy, robustness and loss",mnist,vit_small,training_sparse_testing_sparse/results/mnist/vit_small/learning_raw_dense_pNone_loss.pdf,training_sparse_testing_sparse/results/mnist/vit_small/learning_raw_dense_pNone_loss.csv,/ceph/sagnihot/projects/Lorena_Contrastive_Representation_Arch/sparse_contrast_benchmark_large_batch/outputs/figures/mnist/vit_small/learning_raw_dense_pNone_loss.pdf,/ceph/sagnihot/projects/Lorena_Contrastive_Representation_Arch/sparse_contrast_benchmark_large_batch/outputs/figures/mnist/vit_small/learning_raw_dense_pNone_loss.csv,69f4b7a94e1c640a40d28b2dd17ef054d3e50ec155bddbb66ec1c03e080e8d94,a01855e3dd703826efa9522decc3d477067279059d3a062c1821aebb307de583,300,vector PDF; 300 dpi for rasterized content
training_sparse_testing_sparse,"Accuracy, robustness and loss",mnist,vit_small,training_sparse_testing_sparse/results/mnist/vit_small/mean_corruption_error.pdf,training_sparse_testing_sparse/results/mnist/vit_small/mean_corruption_error.csv,/ceph/sagnihot/projects/Lorena_Contrastive_Representation_Arch/sparse_contrast_benchmark_large_batch/outputs/figures/mnist/vit_small/mean_corruption_error.pdf,/ceph/sagnihot/projects/Lorena_Contrastive_Representation_Arch/sparse_contrast_benchmark_large_batch/outputs/figures/mnist/vit_small/mean_corruption_error.csv,885b31176716450978d2d570d6197ff06c54f04efaa3f66d32e482acaf200c1f,ae99afd0b6c3a4220d56dc2b8cf5101be2d1dcdbc6ddf6e796a4e21aaab83a0d,300,vector PDF; 300 dpi for rasterized content
training_sparse_testing_sparse,"Accuracy, robustness and loss",mnist,vit_small,training_sparse_testing_sparse/results/mnist/vit_small/median_ms_gpu_raw_to_logits_b1_balanced_corruption_4ba79ef9f76f.pdf,training_sparse_testing_sparse/results/mnist/vit_small/median_ms_gpu_raw_to_logits_b1_balanced_corruption_4ba79ef9f76f.csv,/ceph/sagnihot/projects/Lorena_Contrastive_Representation_Arch/sparse_contrast_benchmark_large_batch/outputs/figures/mnist/vit_small/median_ms_gpu_raw_to_logits_b1_balanced_corruption_4ba79ef9f76f.pdf,/ceph/sagnihot/projects/Lorena_Contrastive_Representation_Arch/sparse_contrast_benchmark_large_batch/outputs/figures/mnist/vit_small/median_ms_gpu_raw_to_logits_b1_balanced_corruption_4ba79ef9f76f.csv,dec99bb2958621d84c815f2a69659a3ff020fb6ed21d82dffca9e5e3420fa0a8,60c51d6d167c0f5556a2960bf257d7ec62611907360c2819623cbaec3e53d846,300,vector PDF; 300 dpi for rasterized content
training_sparse_testing_sparse,"Accuracy, robustness and loss",mnist,vit_small,training_sparse_testing_sparse/results/mnist/vit_small/median_ms_gpu_raw_to_logits_b1_clean_4ba79ef9f76f.pdf,training_sparse_testing_sparse/results/mnist/vit_small/median_ms_gpu_raw_to_logits_b1_clean_4ba79ef9f76f.csv,/ceph/sagnihot/projects/Lorena_Contrastive_Representation_Arch/sparse_contrast_benchmark_large_batch/outputs/figures/mnist/vit_small/median_ms_gpu_raw_to_logits_b1_clean_4ba79ef9f76f.pdf,/ceph/sagnihot/projects/Lorena_Contrastive_Representation_Arch/sparse_contrast_benchmark_large_batch/outputs/figures/mnist/vit_small/median_ms_gpu_raw_to_logits_b1_clean_4ba79ef9f76f.csv,30d3e3535380aeb6e20dcbfe8fa9bdd22d2c70ee2d878d85dbbb23314920f0b3,8cc9967c2ccf76942632ca65875e093a0ac71d7071f7dfddb6589d80c23917dc,300,vector PDF; 300 dpi for rasterized content
training_sparse_testing_sparse,"Accuracy, robustness and loss",mnist,vit_small,training_sparse_testing_sparse/results/mnist/vit_small/median_ms_gpu_raw_to_logits_b8_balanced_corruption_4ba79ef9f76f.pdf,training_sparse_testing_sparse/results/mnist/vit_small/median_ms_gpu_raw_to_logits_b8_balanced_corruption_4ba79ef9f76f.csv,/ceph/sagnihot/projects/Lorena_Contrastive_Representation_Arch/sparse_contrast_benchmark_large_batch/outputs/figures/mnist/vit_small/median_ms_gpu_raw_to_logits_b8_balanced_corruption_4ba79ef9f76f.pdf,/ceph/sagnihot/projects/Lorena_Contrastive_Representation_Arch/sparse_contrast_benchmark_large_batch/outputs/figures/mnist/vit_small/median_ms_gpu_raw_to_logits_b8_balanced_corruption_4ba79ef9f76f.csv,771d4a4dcc5a87ad6a9afb0e7a32fdd3846011c560b10c448d7564f3107ef197,77ac7b8b23c1c996f4838d29b36b3991686726251ba11d8769a43814d3f08332,300,vector PDF; 300 dpi for rasterized content
training_sparse_testing_sparse,"Accuracy, robustness and loss",mnist,vit_small,training_sparse_testing_sparse/results/mnist/vit_small/median_ms_gpu_raw_to_logits_b8_clean_4ba79ef9f76f.pdf,training_sparse_testing_sparse/results/mnist/vit_small/median_ms_gpu_raw_to_logits_b8_clean_4ba79ef9f76f.csv,/ceph/sagnihot/projects/Lorena_Contrastive_Representation_Arch/sparse_contrast_benchmark_large_batch/outputs/figures/mnist/vit_small/median_ms_gpu_raw_to_logits_b8_clean_4ba79ef9f76f.pdf,/ceph/sagnihot/projects/Lorena_Contrastive_Representation_Arch/sparse_contrast_benchmark_large_batch/outputs/figures/mnist/vit_small/median_ms_gpu_raw_to_logits_b8_clean_4ba79ef9f76f.csv,04c8740f65255b74274e5ea74924203540b8596464bab1a786f3de0148a143ed,a7aa19a4ad08ef8e87e30c0cd5b96424c236f6d29fc1c5be2da0823f1c34bcdc,300,vector PDF; 300 dpi for rasterized content
training_sparse_testing_sparse,"Accuracy, robustness and loss",mnist,vit_small,training_sparse_testing_sparse/results/mnist/vit_small/median_ms_host_raw_to_logits_b1_balanced_corruption_4ba79ef9f76f.pdf,training_sparse_testing_sparse/results/mnist/vit_small/median_ms_host_raw_to_logits_b1_balanced_corruption_4ba79ef9f76f.csv,/ceph/sagnihot/projects/Lorena_Contrastive_Representation_Arch/sparse_contrast_benchmark_large_batch/outputs/figures/mnist/vit_small/median_ms_host_raw_to_logits_b1_balanced_corruption_4ba79ef9f76f.pdf,/ceph/sagnihot/projects/Lorena_Contrastive_Representation_Arch/sparse_contrast_benchmark_large_batch/outputs/figures/mnist/vit_small/median_ms_host_raw_to_logits_b1_balanced_corruption_4ba79ef9f76f.csv,2470ba787b28a6298cca66cbc6b55632043bf370591a5a17244b0c5ae1c9cb9b,76f6dd7b58a9b8801937e2d0ea6946cb5146fcf63396e71791a7090de91a79f1,300,vector PDF; 300 dpi for rasterized content
training_sparse_testing_sparse,"Accuracy, robustness and loss",mnist,vit_small,training_sparse_testing_sparse/results/mnist/vit_small/median_ms_host_raw_to_logits_b1_clean_4ba79ef9f76f.pdf,training_sparse_testing_sparse/results/mnist/vit_small/median_ms_host_raw_to_logits_b1_clean_4ba79ef9f76f.csv,/ceph/sagnihot/projects/Lorena_Contrastive_Representation_Arch/sparse_contrast_benchmark_large_batch/outputs/figures/mnist/vit_small/median_ms_host_raw_to_logits_b1_clean_4ba79ef9f76f.pdf,/ceph/sagnihot/projects/Lorena_Contrastive_Representation_Arch/sparse_contrast_benchmark_large_batch/outputs/figures/mnist/vit_small/median_ms_host_raw_to_logits_b1_clean_4ba79ef9f76f.csv,00387f6ab06c3d97cc9730915d8f7eec66facb129f4c4a81772a2e3b35425ee7,8aa445009c84df45827641d5eaa627ace8c406bacb8c33b8cab32a3644892dfb,300,vector PDF; 300 dpi for rasterized content
training_sparse_testing_sparse,"Accuracy, robustness and loss",mnist,vit_small,training_sparse_testing_sparse/results/mnist/vit_small/median_ms_host_raw_to_logits_b8_balanced_corruption_4ba79ef9f76f.pdf,training_sparse_testing_sparse/results/mnist/vit_small/median_ms_host_raw_to_logits_b8_balanced_corruption_4ba79ef9f76f.csv,/ceph/sagnihot/projects/Lorena_Contrastive_Representation_Arch/sparse_contrast_benchmark_large_batch/outputs/figures/mnist/vit_small/median_ms_host_raw_to_logits_b8_balanced_corruption_4ba79ef9f76f.pdf,/ceph/sagnihot/projects/Lorena_Contrastive_Representation_Arch/sparse_contrast_benchmark_large_batch/outputs/figures/mnist/vit_small/median_ms_host_raw_to_logits_b8_balanced_corruption_4ba79ef9f76f.csv,2a0643ee8674a6a373867ab70ddf954f88f0d42a2d4fc4978b8124c2d720066c,7eb42154f2a3d47708fe7825e9cf465c5c3eaa5ef1552d4f29656ce6a0d4263c,300,vector PDF; 300 dpi for rasterized content
training_sparse_testing_sparse,"Accuracy, robustness and loss",mnist,vit_small,training_sparse_testing_sparse/results/mnist/vit_small/median_ms_host_raw_to_logits_b8_clean_4ba79ef9f76f.pdf,training_sparse_testing_sparse/results/mnist/vit_small/median_ms_host_raw_to_logits_b8_clean_4ba79ef9f76f.csv,/ceph/sagnihot/projects/Lorena_Contrastive_Representation_Arch/sparse_contrast_benchmark_large_batch/outputs/figures/mnist/vit_small/median_ms_host_raw_to_logits_b8_clean_4ba79ef9f76f.pdf,/ceph/sagnihot/projects/Lorena_Contrastive_Representation_Arch/sparse_contrast_benchmark_large_batch/outputs/figures/mnist/vit_small/median_ms_host_raw_to_logits_b8_clean_4ba79ef9f76f.csv,36b5ea48ae32403328feaf972fe277a2790df238c92e6538ea50690395ab040e,696b77a3dfa58210c5d76663a2bda6dfeb32cf035352b8b92fa3938e2f8408cf,300,vector PDF; 300 dpi for rasterized content
training_sparse_testing_sparse,"Accuracy, robustness and loss",mnist,vit_small,training_sparse_testing_sparse/results/mnist/vit_small/paired_seed_ratio_of_median_speedup_gpu_raw_to_logits_b1_balanced_corruption_4ba79ef9f76f.pdf,training_sparse_testing_sparse/results/mnist/vit_small/paired_seed_ratio_of_median_speedup_gpu_raw_to_logits_b1_balanced_corruption_4ba79ef9f76f.csv,/ceph/sagnihot/projects/Lorena_Contrastive_Representation_Arch/sparse_contrast_benchmark_large_batch/outputs/figures/mnist/vit_small/paired_seed_ratio_of_median_speedup_gpu_raw_to_logits_b1_balanced_corruption_4ba79ef9f76f.pdf,/ceph/sagnihot/projects/Lorena_Contrastive_Representation_Arch/sparse_contrast_benchmark_large_batch/outputs/figures/mnist/vit_small/paired_seed_ratio_of_median_speedup_gpu_raw_to_logits_b1_balanced_corruption_4ba79ef9f76f.csv,097b7ff81fa561d81b05970e3723e6ebf93f41ea946b22bf44fcc0ea7582457a,60c51d6d167c0f5556a2960bf257d7ec62611907360c2819623cbaec3e53d846,300,vector PDF; 300 dpi for rasterized content
training_sparse_testing_sparse,"Accuracy, robustness and loss",mnist,vit_small,training_sparse_testing_sparse/results/mnist/vit_small/paired_seed_ratio_of_median_speedup_gpu_raw_to_logits_b1_clean_4ba79ef9f76f.pdf,training_sparse_testing_sparse/results/mnist/vit_small/paired_seed_ratio_of_median_speedup_gpu_raw_to_logits_b1_clean_4ba79ef9f76f.csv,/ceph/sagnihot/projects/Lorena_Contrastive_Representation_Arch/sparse_contrast_benchmark_large_batch/outputs/figures/mnist/vit_small/paired_seed_ratio_of_median_speedup_gpu_raw_to_logits_b1_clean_4ba79ef9f76f.pdf,/ceph/sagnihot/projects/Lorena_Contrastive_Representation_Arch/sparse_contrast_benchmark_large_batch/outputs/figures/mnist/vit_small/paired_seed_ratio_of_median_speedup_gpu_raw_to_logits_b1_clean_4ba79ef9f76f.csv,a55be43760a57792ecee65de30416ef2726e5e85be7c53c64def4c8e03f25b82,8cc9967c2ccf76942632ca65875e093a0ac71d7071f7dfddb6589d80c23917dc,300,vector PDF; 300 dpi for rasterized content
training_sparse_testing_sparse,"Accuracy, robustness and loss",mnist,vit_small,training_sparse_testing_sparse/results/mnist/vit_small/paired_seed_ratio_of_median_speedup_gpu_raw_to_logits_b8_balanced_corruption_4ba79ef9f76f.pdf,training_sparse_testing_sparse/results/mnist/vit_small/paired_seed_ratio_of_median_speedup_gpu_raw_to_logits_b8_balanced_corruption_4ba79ef9f76f.csv,/ceph/sagnihot/projects/Lorena_Contrastive_Representation_Arch/sparse_contrast_benchmark_large_batch/outputs/figures/mnist/vit_small/paired_seed_ratio_of_median_speedup_gpu_raw_to_logits_b8_balanced_corruption_4ba79ef9f76f.pdf,/ceph/sagnihot/projects/Lorena_Contrastive_Representation_Arch/sparse_contrast_benchmark_large_batch/outputs/figures/mnist/vit_small/paired_seed_ratio_of_median_speedup_gpu_raw_to_logits_b8_balanced_corruption_4ba79ef9f76f.csv,70b075cf2e16ce2f558b82ddc3bb9e5681b6c741031c9761995c089aa3392632,77ac7b8b23c1c996f4838d29b36b3991686726251ba11d8769a43814d3f08332,300,vector PDF; 300 dpi for rasterized content
training_sparse_testing_sparse,"Accuracy, robustness and loss",mnist,vit_small,training_sparse_testing_sparse/results/mnist/vit_small/paired_seed_ratio_of_median_speedup_gpu_raw_to_logits_b8_clean_4ba79ef9f76f.pdf,training_sparse_testing_sparse/results/mnist/vit_small/paired_seed_ratio_of_median_speedup_gpu_raw_to_logits_b8_clean_4ba79ef9f76f.csv,/ceph/sagnihot/projects/Lorena_Contrastive_Representation_Arch/sparse_contrast_benchmark_large_batch/outputs/figures/mnist/vit_small/paired_seed_ratio_of_median_speedup_gpu_raw_to_logits_b8_clean_4ba79ef9f76f.pdf,/ceph/sagnihot/projects/Lorena_Contrastive_Representation_Arch/sparse_contrast_benchmark_large_batch/outputs/figures/mnist/vit_small/paired_seed_ratio_of_median_speedup_gpu_raw_to_logits_b8_clean_4ba79ef9f76f.csv,22bc7ac90927bae72cc2aa6fd7a098b2e64934e5eec4999af09ffb3a92a01578,a7aa19a4ad08ef8e87e30c0cd5b96424c236f6d29fc1c5be2da0823f1c34bcdc,300,vector PDF; 300 dpi for rasterized content
training_sparse_testing_sparse,"Accuracy, robustness and loss",mnist,vit_small,training_sparse_testing_sparse/results/mnist/vit_small/paired_seed_ratio_of_median_speedup_host_raw_to_logits_b1_balanced_corruption_4ba79ef9f76f.pdf,training_sparse_testing_sparse/results/mnist/vit_small/paired_seed_ratio_of_median_speedup_host_raw_to_logits_b1_balanced_corruption_4ba79ef9f76f.csv,/ceph/sagnihot/projects/Lorena_Contrastive_Representation_Arch/sparse_contrast_benchmark_large_batch/outputs/figures/mnist/vit_small/paired_seed_ratio_of_median_speedup_host_raw_to_logits_b1_balanced_corruption_4ba79ef9f76f.pdf,/ceph/sagnihot/projects/Lorena_Contrastive_Representation_Arch/sparse_contrast_benchmark_large_batch/outputs/figures/mnist/vit_small/paired_seed_ratio_of_median_speedup_host_raw_to_logits_b1_balanced_corruption_4ba79ef9f76f.csv,91d42733bfb90e7359e494bda155882085a063893ccf46baa97d49630d3302f7,76f6dd7b58a9b8801937e2d0ea6946cb5146fcf63396e71791a7090de91a79f1,300,vector PDF; 300 dpi for rasterized content
training_sparse_testing_sparse,"Accuracy, robustness and loss",mnist,vit_small,training_sparse_testing_sparse/results/mnist/vit_small/paired_seed_ratio_of_median_speedup_host_raw_to_logits_b1_clean_4ba79ef9f76f.pdf,training_sparse_testing_sparse/results/mnist/vit_small/paired_seed_ratio_of_median_speedup_host_raw_to_logits_b1_clean_4ba79ef9f76f.csv,/ceph/sagnihot/projects/Lorena_Contrastive_Representation_Arch/sparse_contrast_benchmark_large_batch/outputs/figures/mnist/vit_small/paired_seed_ratio_of_median_speedup_host_raw_to_logits_b1_clean_4ba79ef9f76f.pdf,/ceph/sagnihot/projects/Lorena_Contrastive_Representation_Arch/sparse_contrast_benchmark_large_batch/outputs/figures/mnist/vit_small/paired_seed_ratio_of_median_speedup_host_raw_to_logits_b1_clean_4ba79ef9f76f.csv,e593d33f131c61b65c7bffee082afaf3124d07263d965a10186b5b133f6b640e,8aa445009c84df45827641d5eaa627ace8c406bacb8c33b8cab32a3644892dfb,300,vector PDF; 300 dpi for rasterized content
training_sparse_testing_sparse,"Accuracy, robustness and loss",mnist,vit_small,training_sparse_testing_sparse/results/mnist/vit_small/paired_seed_ratio_of_median_speedup_host_raw_to_logits_b8_balanced_corruption_4ba79ef9f76f.pdf,training_sparse_testing_sparse/results/mnist/vit_small/paired_seed_ratio_of_median_speedup_host_raw_to_logits_b8_balanced_corruption_4ba79ef9f76f.csv,/ceph/sagnihot/projects/Lorena_Contrastive_Representation_Arch/sparse_contrast_benchmark_large_batch/outputs/figures/mnist/vit_small/paired_seed_ratio_of_median_speedup_host_raw_to_logits_b8_balanced_corruption_4ba79ef9f76f.pdf,/ceph/sagnihot/projects/Lorena_Contrastive_Representation_Arch/sparse_contrast_benchmark_large_batch/outputs/figures/mnist/vit_small/paired_seed_ratio_of_median_speedup_host_raw_to_logits_b8_balanced_corruption_4ba79ef9f76f.csv,5d0a136341bd066e11107803f4edcdf91138983ad427cf0eca2321874f9e7ffe,7eb42154f2a3d47708fe7825e9cf465c5c3eaa5ef1552d4f29656ce6a0d4263c,300,vector PDF; 300 dpi for rasterized content
training_sparse_testing_sparse,"Accuracy, robustness and loss",mnist,vit_small,training_sparse_testing_sparse/results/mnist/vit_small/paired_seed_ratio_of_median_speedup_host_raw_to_logits_b8_clean_4ba79ef9f76f.pdf,training_sparse_testing_sparse/results/mnist/vit_small/paired_seed_ratio_of_median_speedup_host_raw_to_logits_b8_clean_4ba79ef9f76f.csv,/ceph/sagnihot/projects/Lorena_Contrastive_Representation_Arch/sparse_contrast_benchmark_large_batch/outputs/figures/mnist/vit_small/paired_seed_ratio_of_median_speedup_host_raw_to_logits_b8_clean_4ba79ef9f76f.pdf,/ceph/sagnihot/projects/Lorena_Contrastive_Representation_Arch/sparse_contrast_benchmark_large_batch/outputs/figures/mnist/vit_small/paired_seed_ratio_of_median_speedup_host_raw_to_logits_b8_clean_4ba79ef9f76f.csv,38bc33e2494df2e59f40a1922ea48358dfff527b1588c3d178c5c3420a35b4e3,696b77a3dfa58210c5d76663a2bda6dfeb32cf035352b8b92fa3938e2f8408cf,300,vector PDF; 300 dpi for rasterized content
training_sparse_testing_sparse,"Accuracy, robustness and loss",mnist,vit_small,training_sparse_testing_sparse/results/mnist/vit_small/paired_seed_ratio_of_median_speedup_loader_to_cpu_prediction_b1_balanced_corruption_4ba79ef9f76f.pdf,training_sparse_testing_sparse/results/mnist/vit_small/paired_seed_ratio_of_median_speedup_loader_to_cpu_prediction_b1_balanced_corruption_4ba79ef9f76f.csv,/ceph/sagnihot/projects/Lorena_Contrastive_Representation_Arch/sparse_contrast_benchmark_large_batch/outputs/figures/mnist/vit_small/paired_seed_ratio_of_median_speedup_loader_to_cpu_prediction_b1_balanced_corruption_4ba79ef9f76f.pdf,/ceph/sagnihot/projects/Lorena_Contrastive_Representation_Arch/sparse_contrast_benchmark_large_batch/outputs/figures/mnist/vit_small/paired_seed_ratio_of_median_speedup_loader_to_cpu_prediction_b1_balanced_corruption_4ba79ef9f76f.csv,d1ef32670ef201fe7f39835c760f242c2134a64b26d6ed11e82b35a2ba49b94f,c7e7c72b6be1df1d0190ab780773bbc4a4c15d111214d44db84d49a0b360ac49,300,vector PDF; 300 dpi for rasterized content
training_sparse_testing_sparse,"Accuracy, robustness and loss",mnist,vit_small,training_sparse_testing_sparse/results/mnist/vit_small/paired_seed_ratio_of_median_speedup_loader_to_cpu_prediction_b1_clean_4ba79ef9f76f.pdf,training_sparse_testing_sparse/results/mnist/vit_small/paired_seed_ratio_of_median_speedup_loader_to_cpu_prediction_b1_clean_4ba79ef9f76f.csv,/ceph/sagnihot/projects/Lorena_Contrastive_Representation_Arch/sparse_contrast_benchmark_large_batch/outputs/figures/mnist/vit_small/paired_seed_ratio_of_median_speedup_loader_to_cpu_prediction_b1_clean_4ba79ef9f76f.pdf,/ceph/sagnihot/projects/Lorena_Contrastive_Representation_Arch/sparse_contrast_benchmark_large_batch/outputs/figures/mnist/vit_small/paired_seed_ratio_of_median_speedup_loader_to_cpu_prediction_b1_clean_4ba79ef9f76f.csv,a4d32788960f3a46c5ad4801d91e7d71581d088518c27dd2c30bf2c6ba16cfc6,f6be4de831cb5dda4c127485a1ba912de6dec2e195fb36d2b166dda7697d824f,300,vector PDF; 300 dpi for rasterized content
training_sparse_testing_sparse,"Accuracy, robustness and loss",mnist,vit_small,training_sparse_testing_sparse/results/mnist/vit_small/paired_seed_ratio_of_median_speedup_loader_to_cpu_prediction_b8_balanced_corruption_4ba79ef9f76f.pdf,training_sparse_testing_sparse/results/mnist/vit_small/paired_seed_ratio_of_median_speedup_loader_to_cpu_prediction_b8_balanced_corruption_4ba79ef9f76f.csv,/ceph/sagnihot/projects/Lorena_Contrastive_Representation_Arch/sparse_contrast_benchmark_large_batch/outputs/figures/mnist/vit_small/paired_seed_ratio_of_median_speedup_loader_to_cpu_prediction_b8_balanced_corruption_4ba79ef9f76f.pdf,/ceph/sagnihot/projects/Lorena_Contrastive_Representation_Arch/sparse_contrast_benchmark_large_batch/outputs/figures/mnist/vit_small/paired_seed_ratio_of_median_speedup_loader_to_cpu_prediction_b8_balanced_corruption_4ba79ef9f76f.csv,acc1edd1b86f3376dfe7a7f817d8f69c265d575985e194b755541acfb1373442,cdc09eefc7bc99b45610b53ddcbf247f4827238534b9e8c136d12ef5def27388,300,vector PDF; 300 dpi for rasterized content
training_sparse_testing_sparse,"Accuracy, robustness and loss",mnist,vit_small,training_sparse_testing_sparse/results/mnist/vit_small/paired_seed_ratio_of_median_speedup_loader_to_cpu_prediction_b8_clean_4ba79ef9f76f.pdf,training_sparse_testing_sparse/results/mnist/vit_small/paired_seed_ratio_of_median_speedup_loader_to_cpu_prediction_b8_clean_4ba79ef9f76f.csv,/ceph/sagnihot/projects/Lorena_Contrastive_Representation_Arch/sparse_contrast_benchmark_large_batch/outputs/figures/mnist/vit_small/paired_seed_ratio_of_median_speedup_loader_to_cpu_prediction_b8_clean_4ba79ef9f76f.pdf,/ceph/sagnihot/projects/Lorena_Contrastive_Representation_Arch/sparse_contrast_benchmark_large_batch/outputs/figures/mnist/vit_small/paired_seed_ratio_of_median_speedup_loader_to_cpu_prediction_b8_clean_4ba79ef9f76f.csv,cee289c770ee034e177bb15bd3c991820e8103a1e5466b5fd919285922ea23a9,7635fbf11f14ff0bb4dfc4f966548d70c8496290ca7c35c30a9b4ab092de5213,300,vector PDF; 300 dpi for rasterized content
training_sparse_testing_sparse,Corruption breakdowns,mnist,vit_small,training_sparse_testing_sparse/results/mnist/vit_small/per_corruption_error.pdf,training_sparse_testing_sparse/results/mnist/vit_small/per_corruption_error.csv,/ceph/sagnihot/projects/Lorena_Contrastive_Representation_Arch/sparse_contrast_benchmark_large_batch/outputs/figures/mnist/vit_small/per_corruption_error.pdf,/ceph/sagnihot/projects/Lorena_Contrastive_Representation_Arch/sparse_contrast_benchmark_large_batch/outputs/figures/mnist/vit_small/per_corruption_error.csv,29d9922d29cf5af7477b49f9e51a4c10a1450bfce164e4bf59ee8a789225ea31,5f4c1da8cb90d00f099ecf1c1d4748c856b2ccce18685ee6d3331660bad3d0ed,300,vector PDF; 300 dpi for rasterized content
training_sparse_testing_sparse,"Accuracy, robustness and loss",mnist,vit_small,training_sparse_testing_sparse/results/mnist/vit_small/stages_profiler_diagnostic_b1_balanced_corruption_4ba79ef9f76f.pdf,training_sparse_testing_sparse/results/mnist/vit_small/stages_profiler_diagnostic_b1_balanced_corruption_4ba79ef9f76f.csv,/ceph/sagnihot/projects/Lorena_Contrastive_Representation_Arch/sparse_contrast_benchmark_large_batch/outputs/figures/mnist/vit_small/stages_profiler_diagnostic_b1_balanced_corruption_4ba79ef9f76f.pdf,/ceph/sagnihot/projects/Lorena_Contrastive_Representation_Arch/sparse_contrast_benchmark_large_batch/outputs/figures/mnist/vit_small/stages_profiler_diagnostic_b1_balanced_corruption_4ba79ef9f76f.csv,fcc1af2004abfdd3b864ecad147a96e62060a7e5451d8b11e440ed2db1105ec9,e30e38ab39ca18b9e9cb07da3ed5404c66873e41249bbf3bac53f171a22b8f16,300,vector PDF; 300 dpi for rasterized content
training_sparse_testing_sparse,"Accuracy, robustness and loss",mnist,vit_small,training_sparse_testing_sparse/results/mnist/vit_small/stages_profiler_diagnostic_b1_clean_4ba79ef9f76f.pdf,training_sparse_testing_sparse/results/mnist/vit_small/stages_profiler_diagnostic_b1_clean_4ba79ef9f76f.csv,/ceph/sagnihot/projects/Lorena_Contrastive_Representation_Arch/sparse_contrast_benchmark_large_batch/outputs/figures/mnist/vit_small/stages_profiler_diagnostic_b1_clean_4ba79ef9f76f.pdf,/ceph/sagnihot/projects/Lorena_Contrastive_Representation_Arch/sparse_contrast_benchmark_large_batch/outputs/figures/mnist/vit_small/stages_profiler_diagnostic_b1_clean_4ba79ef9f76f.csv,a1c6206c95ad7c1d2ad1ced6699cd0ec5278e9c9d08f0b8f96695ee1efe3bb30,bb0e66986dcb3491a5d5066eb54e77ed54ef4750ae7a439aaea1444ff1f6a41d,300,vector PDF; 300 dpi for rasterized content
training_sparse_testing_sparse,"Accuracy, robustness and loss",mnist,vit_small,training_sparse_testing_sparse/results/mnist/vit_small/stages_profiler_diagnostic_b8_balanced_corruption_4ba79ef9f76f.pdf,training_sparse_testing_sparse/results/mnist/vit_small/stages_profiler_diagnostic_b8_balanced_corruption_4ba79ef9f76f.csv,/ceph/sagnihot/projects/Lorena_Contrastive_Representation_Arch/sparse_contrast_benchmark_large_batch/outputs/figures/mnist/vit_small/stages_profiler_diagnostic_b8_balanced_corruption_4ba79ef9f76f.pdf,/ceph/sagnihot/projects/Lorena_Contrastive_Representation_Arch/sparse_contrast_benchmark_large_batch/outputs/figures/mnist/vit_small/stages_profiler_diagnostic_b8_balanced_corruption_4ba79ef9f76f.csv,a6ee35585f0530618ceed8c210f082b358d1d7dc944488b58c82e20bdce001ee,025c36cfc96e1ba9b7d985bb2f1c887a9e4a0e61f89a0773acd5d2c9e39902bd,300,vector PDF; 300 dpi for rasterized content
training_sparse_testing_sparse,"Accuracy, robustness and loss",mnist,vit_small,training_sparse_testing_sparse/results/mnist/vit_small/stages_profiler_diagnostic_b8_clean_4ba79ef9f76f.pdf,training_sparse_testing_sparse/results/mnist/vit_small/stages_profiler_diagnostic_b8_clean_4ba79ef9f76f.csv,/ceph/sagnihot/projects/Lorena_Contrastive_Representation_Arch/sparse_contrast_benchmark_large_batch/outputs/figures/mnist/vit_small/stages_profiler_diagnostic_b8_clean_4ba79ef9f76f.pdf,/ceph/sagnihot/projects/Lorena_Contrastive_Representation_Arch/sparse_contrast_benchmark_large_batch/outputs/figures/mnist/vit_small/stages_profiler_diagnostic_b8_clean_4ba79ef9f76f.csv,fd9237420a76421c0ea8e7ca8edb3f78f770998e31cd9649248add1a39af4057,212d7fad585e110fe886ee1dd52db1144243623de3eafba1d219b7c699d8b7cf,300,vector PDF; 300 dpi for rasterized content
training_sparse_testing_sparse,"Accuracy, robustness and loss",mnist,vit_small,training_sparse_testing_sparse/results/mnist/vit_small/support_achieved_zero_fraction_mean.pdf,training_sparse_testing_sparse/results/mnist/vit_small/support_achieved_zero_fraction_mean.csv,/ceph/sagnihot/projects/Lorena_Contrastive_Representation_Arch/sparse_contrast_benchmark_large_batch/outputs/figures/mnist/vit_small/support_achieved_zero_fraction_mean.pdf,/ceph/sagnihot/projects/Lorena_Contrastive_Representation_Arch/sparse_contrast_benchmark_large_batch/outputs/figures/mnist/vit_small/support_achieved_zero_fraction_mean.csv,38cb3c421b6909dc2e96bbdd3d024369076e8c6a153f4e8b081b94220ee82a3d,5fb0e2cf97e3c50ca3ffbec353029a16f13cc974f6e73b94e3b908490cae035a,300,vector PDF; 300 dpi for rasterized content
training_sparse_testing_sparse,"Accuracy, robustness and loss",mnist,vit_small,training_sparse_testing_sparse/results/mnist/vit_small/support_executed_image_tokens_mean.pdf,training_sparse_testing_sparse/results/mnist/vit_small/support_executed_image_tokens_mean.csv,/ceph/sagnihot/projects/Lorena_Contrastive_Representation_Arch/sparse_contrast_benchmark_large_batch/outputs/figures/mnist/vit_small/support_executed_image_tokens_mean.pdf,/ceph/sagnihot/projects/Lorena_Contrastive_Representation_Arch/sparse_contrast_benchmark_large_batch/outputs/figures/mnist/vit_small/support_executed_image_tokens_mean.csv,9e7a003dfbf7c5279a9f8496d4d9603fae57b3846b4edae5e51071a22fc0ebd7,1d8bf50bc89edaf36c97d8eee6f0d0800ee08613f1748edc13b776c71ee0029c,300,vector PDF; 300 dpi for rasterized content
training_sparse_testing_sparse,"Accuracy, robustness and loss",mnist,vit_small,training_sparse_testing_sparse/results/mnist/vit_small/support_executed_sequence_length_mean.pdf,training_sparse_testing_sparse/results/mnist/vit_small/support_executed_sequence_length_mean.csv,/ceph/sagnihot/projects/Lorena_Contrastive_Representation_Arch/sparse_contrast_benchmark_large_batch/outputs/figures/mnist/vit_small/support_executed_sequence_length_mean.pdf,/ceph/sagnihot/projects/Lorena_Contrastive_Representation_Arch/sparse_contrast_benchmark_large_batch/outputs/figures/mnist/vit_small/support_executed_sequence_length_mean.csv,22c41800f93a180c87ec59a002d4294d344bfafa025c62bde4a328c1c813bc3c,dfdbd4c582b4ef3ebb7555c24cfe6b3a97d1fa9b2f60dde0626e7eccdac275ae,300,vector PDF; 300 dpi for rasterized content
training_sparse_testing_sparse,"Accuracy, robustness and loss",mnist,vit_small,training_sparse_testing_sparse/results/mnist/vit_small/support_natural_zero_fraction_mean.pdf,training_sparse_testing_sparse/results/mnist/vit_small/support_natural_zero_fraction_mean.csv,/ceph/sagnihot/projects/Lorena_Contrastive_Representation_Arch/sparse_contrast_benchmark_large_batch/outputs/figures/mnist/vit_small/support_natural_zero_fraction_mean.pdf,/ceph/sagnihot/projects/Lorena_Contrastive_Representation_Arch/sparse_contrast_benchmark_large_batch/outputs/figures/mnist/vit_small/support_natural_zero_fraction_mean.csv,2b5bf3cfb76b00ba2dd2afe1429828fcfd149fdb639aa73f714209ece779d477,0974beccb6569ca1be2e308d3d8b6557d276b63eee730638db49b3bc2b7489f9,300,vector PDF; 300 dpi for rasterized content
training_sparse_testing_sparse,"Accuracy, robustness and loss",mnist,vit_small,training_sparse_testing_sparse/results/mnist/vit_small/support_padding_tokens_mean.pdf,training_sparse_testing_sparse/results/mnist/vit_small/support_padding_tokens_mean.csv,/ceph/sagnihot/projects/Lorena_Contrastive_Representation_Arch/sparse_contrast_benchmark_large_batch/outputs/figures/mnist/vit_small/support_padding_tokens_mean.pdf,/ceph/sagnihot/projects/Lorena_Contrastive_Representation_Arch/sparse_contrast_benchmark_large_batch/outputs/figures/mnist/vit_small/support_padding_tokens_mean.csv,6dc659333cd2f77c22e2a3a1468b030f9aeac7faf24c6b30a16b6545bce11672,ab3f963ecc76b76160968127326cdbbfa2f4ecb1b5eeb4734e020fe4dd85661e,300,vector PDF; 300 dpi for rasterized content
training_sparse_testing_sparse,"Accuracy, robustness and loss",mnist,vit_small,training_sparse_testing_sparse/results/mnist/vit_small/support_retained_patches_mean.pdf,training_sparse_testing_sparse/results/mnist/vit_small/support_retained_patches_mean.csv,/ceph/sagnihot/projects/Lorena_Contrastive_Representation_Arch/sparse_contrast_benchmark_large_batch/outputs/figures/mnist/vit_small/support_retained_patches_mean.pdf,/ceph/sagnihot/projects/Lorena_Contrastive_Representation_Arch/sparse_contrast_benchmark_large_batch/outputs/figures/mnist/vit_small/support_retained_patches_mean.csv,5b620a21a88d9fe8a98e48889ca69d3d73fb20b4e747b1db1b7b2f48e7901064,a4db5e0cc40b7c5f07bb9786834efedf76f3d15f110e3e1098b1ce8ac89f733a,300,vector PDF; 300 dpi for rasterized content
training_sparse_testing_sparse,"Accuracy, robustness and loss",mnist,vit_small,training_sparse_testing_sparse/results/mnist/vit_small/support_retained_per_image_mean.pdf,training_sparse_testing_sparse/results/mnist/vit_small/support_retained_per_image_mean.csv,/ceph/sagnihot/projects/Lorena_Contrastive_Representation_Arch/sparse_contrast_benchmark_large_batch/outputs/figures/mnist/vit_small/support_retained_per_image_mean.pdf,/ceph/sagnihot/projects/Lorena_Contrastive_Representation_Arch/sparse_contrast_benchmark_large_batch/outputs/figures/mnist/vit_small/support_retained_per_image_mean.csv,68cbcc995bfcf5b51d697661eb300394b1b9457e2b459d04dc9824491e9b1b10,2beac1ecbfb851d83d89cb5b5701976c089319e91b66253afc75c6aae3ca93c8,300,vector PDF; 300 dpi for rasterized content
training_sparse_testing_sparse,"Accuracy, robustness and loss",mnist,vit_small,training_sparse_testing_sparse/results/mnist/vit_small/support_spatial_zero_fraction_mean.pdf,training_sparse_testing_sparse/results/mnist/vit_small/support_spatial_zero_fraction_mean.csv,/ceph/sagnihot/projects/Lorena_Contrastive_Representation_Arch/sparse_contrast_benchmark_large_batch/outputs/figures/mnist/vit_small/support_spatial_zero_fraction_mean.pdf,/ceph/sagnihot/projects/Lorena_Contrastive_Representation_Arch/sparse_contrast_benchmark_large_batch/outputs/figures/mnist/vit_small/support_spatial_zero_fraction_mean.csv,a6e3a8e44bec87c402f2124e5c48f50aeef125cf7d0fd38352ecf0eade606884,13c92806d6924159cef711b830755fadc55d50c7be794f648a08b19f77a01f3b,300,vector PDF; 300 dpi for rasterized content
training_sparse_testing_sparse,Accuracy and robustness versus latency,mnist,vit_small,training_sparse_testing_sparse/results/mnist/vit_small/tradeoff_clean_accuracy_gpu_raw_to_logits_b1_balanced_corruption_4ba79ef9f76f.pdf,training_sparse_testing_sparse/results/mnist/vit_small/tradeoff_clean_accuracy_gpu_raw_to_logits_b1_balanced_corruption_4ba79ef9f76f.csv,/ceph/sagnihot/projects/Lorena_Contrastive_Representation_Arch/sparse_contrast_benchmark_large_batch/outputs/figures/mnist/vit_small/tradeoff_clean_accuracy_gpu_raw_to_logits_b1_balanced_corruption_4ba79ef9f76f.pdf,/ceph/sagnihot/projects/Lorena_Contrastive_Representation_Arch/sparse_contrast_benchmark_large_batch/outputs/figures/mnist/vit_small/tradeoff_clean_accuracy_gpu_raw_to_logits_b1_balanced_corruption_4ba79ef9f76f.csv,c344be8ee3b3f143cc88403a556d29c1186f4193c06b19102e2c1be64cd9ca74,82698e56c7f47ae66bbb82b3b95713d548f1e2a0635e5e6b5275cdc703a9a3d9,300,vector PDF; 300 dpi for rasterized content
training_sparse_testing_sparse,Accuracy and robustness versus latency,mnist,vit_small,training_sparse_testing_sparse/results/mnist/vit_small/tradeoff_clean_accuracy_gpu_raw_to_logits_b1_clean_4ba79ef9f76f.pdf,training_sparse_testing_sparse/results/mnist/vit_small/tradeoff_clean_accuracy_gpu_raw_to_logits_b1_clean_4ba79ef9f76f.csv,/ceph/sagnihot/projects/Lorena_Contrastive_Representation_Arch/sparse_contrast_benchmark_large_batch/outputs/figures/mnist/vit_small/tradeoff_clean_accuracy_gpu_raw_to_logits_b1_clean_4ba79ef9f76f.pdf,/ceph/sagnihot/projects/Lorena_Contrastive_Representation_Arch/sparse_contrast_benchmark_large_batch/outputs/figures/mnist/vit_small/tradeoff_clean_accuracy_gpu_raw_to_logits_b1_clean_4ba79ef9f76f.csv,8abc4fec91520ff38d71998dcaccbf46a74154cee9f6d3204a8576651354a83c,961bbf066835a1aaa38f92d3ed81301b7aee39dd235486895c17560258cba8fb,300,vector PDF; 300 dpi for rasterized content
training_sparse_testing_sparse,Accuracy and robustness versus latency,mnist,vit_small,training_sparse_testing_sparse/results/mnist/vit_small/tradeoff_clean_accuracy_gpu_raw_to_logits_b8_balanced_corruption_4ba79ef9f76f.pdf,training_sparse_testing_sparse/results/mnist/vit_small/tradeoff_clean_accuracy_gpu_raw_to_logits_b8_balanced_corruption_4ba79ef9f76f.csv,/ceph/sagnihot/projects/Lorena_Contrastive_Representation_Arch/sparse_contrast_benchmark_large_batch/outputs/figures/mnist/vit_small/tradeoff_clean_accuracy_gpu_raw_to_logits_b8_balanced_corruption_4ba79ef9f76f.pdf,/ceph/sagnihot/projects/Lorena_Contrastive_Representation_Arch/sparse_contrast_benchmark_large_batch/outputs/figures/mnist/vit_small/tradeoff_clean_accuracy_gpu_raw_to_logits_b8_balanced_corruption_4ba79ef9f76f.csv,bce89b8bdcecd763efbb4b19f139e4f9139ad17286e513743fd7ed97d874aa13,fbffc2e8b43a9d14b9c8703a56af362dd74ed3d9faddc5a5f483f5702de63c28,300,vector PDF; 300 dpi for rasterized content
training_sparse_testing_sparse,Accuracy and robustness versus latency,mnist,vit_small,training_sparse_testing_sparse/results/mnist/vit_small/tradeoff_clean_accuracy_gpu_raw_to_logits_b8_clean_4ba79ef9f76f.pdf,training_sparse_testing_sparse/results/mnist/vit_small/tradeoff_clean_accuracy_gpu_raw_to_logits_b8_clean_4ba79ef9f76f.csv,/ceph/sagnihot/projects/Lorena_Contrastive_Representation_Arch/sparse_contrast_benchmark_large_batch/outputs/figures/mnist/vit_small/tradeoff_clean_accuracy_gpu_raw_to_logits_b8_clean_4ba79ef9f76f.pdf,/ceph/sagnihot/projects/Lorena_Contrastive_Representation_Arch/sparse_contrast_benchmark_large_batch/outputs/figures/mnist/vit_small/tradeoff_clean_accuracy_gpu_raw_to_logits_b8_clean_4ba79ef9f76f.csv,c64ca6d6f7a2f8dd7a7739079f55ef6cc9ae1f003cefa00dd94b8f023d399ae7,edb02f32eced04607515a9d717eec2b4b43b121ddb2f1c1a0ecd9a1b9bb9cedc,300,vector PDF; 300 dpi for rasterized content
training_sparse_testing_sparse,Accuracy and robustness versus latency,mnist,vit_small,training_sparse_testing_sparse/results/mnist/vit_small/tradeoff_clean_accuracy_host_raw_to_logits_b1_balanced_corruption_4ba79ef9f76f.pdf,training_sparse_testing_sparse/results/mnist/vit_small/tradeoff_clean_accuracy_host_raw_to_logits_b1_balanced_corruption_4ba79ef9f76f.csv,/ceph/sagnihot/projects/Lorena_Contrastive_Representation_Arch/sparse_contrast_benchmark_large_batch/outputs/figures/mnist/vit_small/tradeoff_clean_accuracy_host_raw_to_logits_b1_balanced_corruption_4ba79ef9f76f.pdf,/ceph/sagnihot/projects/Lorena_Contrastive_Representation_Arch/sparse_contrast_benchmark_large_batch/outputs/figures/mnist/vit_small/tradeoff_clean_accuracy_host_raw_to_logits_b1_balanced_corruption_4ba79ef9f76f.csv,6b01242111509fe444b2727237bc1147dbaf400b64eb1f639830ef47fae26c91,e1dcd03a0b6d7075ec19acb4edf8efd9292acf6252f91b001ca7d8a93cb67190,300,vector PDF; 300 dpi for rasterized content
training_sparse_testing_sparse,Accuracy and robustness versus latency,mnist,vit_small,training_sparse_testing_sparse/results/mnist/vit_small/tradeoff_clean_accuracy_host_raw_to_logits_b1_clean_4ba79ef9f76f.pdf,training_sparse_testing_sparse/results/mnist/vit_small/tradeoff_clean_accuracy_host_raw_to_logits_b1_clean_4ba79ef9f76f.csv,/ceph/sagnihot/projects/Lorena_Contrastive_Representation_Arch/sparse_contrast_benchmark_large_batch/outputs/figures/mnist/vit_small/tradeoff_clean_accuracy_host_raw_to_logits_b1_clean_4ba79ef9f76f.pdf,/ceph/sagnihot/projects/Lorena_Contrastive_Representation_Arch/sparse_contrast_benchmark_large_batch/outputs/figures/mnist/vit_small/tradeoff_clean_accuracy_host_raw_to_logits_b1_clean_4ba79ef9f76f.csv,b474fc3605a32bda7ca3040f9505b5f8d9e6979af943e7cc8fec57d8532c88f1,c2dba684bbc2809aec537628b8af344fb884d4c34666f1c73a1b89e4ffac83e5,300,vector PDF; 300 dpi for rasterized content
training_sparse_testing_sparse,Accuracy and robustness versus latency,mnist,vit_small,training_sparse_testing_sparse/results/mnist/vit_small/tradeoff_clean_accuracy_host_raw_to_logits_b8_balanced_corruption_4ba79ef9f76f.pdf,training_sparse_testing_sparse/results/mnist/vit_small/tradeoff_clean_accuracy_host_raw_to_logits_b8_balanced_corruption_4ba79ef9f76f.csv,/ceph/sagnihot/projects/Lorena_Contrastive_Representation_Arch/sparse_contrast_benchmark_large_batch/outputs/figures/mnist/vit_small/tradeoff_clean_accuracy_host_raw_to_logits_b8_balanced_corruption_4ba79ef9f76f.pdf,/ceph/sagnihot/projects/Lorena_Contrastive_Representation_Arch/sparse_contrast_benchmark_large_batch/outputs/figures/mnist/vit_small/tradeoff_clean_accuracy_host_raw_to_logits_b8_balanced_corruption_4ba79ef9f76f.csv,4bd837ff4aef76bdb39fe58bc7ec7045892a741afedc11c46ce84c6a2c6567dc,17f7ec43f6dba779000ec18a383e62998073ad166c9ee0b4751c835bfaec29d4,300,vector PDF; 300 dpi for rasterized content
training_sparse_testing_sparse,Accuracy and robustness versus latency,mnist,vit_small,training_sparse_testing_sparse/results/mnist/vit_small/tradeoff_clean_accuracy_host_raw_to_logits_b8_clean_4ba79ef9f76f.pdf,training_sparse_testing_sparse/results/mnist/vit_small/tradeoff_clean_accuracy_host_raw_to_logits_b8_clean_4ba79ef9f76f.csv,/ceph/sagnihot/projects/Lorena_Contrastive_Representation_Arch/sparse_contrast_benchmark_large_batch/outputs/figures/mnist/vit_small/tradeoff_clean_accuracy_host_raw_to_logits_b8_clean_4ba79ef9f76f.pdf,/ceph/sagnihot/projects/Lorena_Contrastive_Representation_Arch/sparse_contrast_benchmark_large_batch/outputs/figures/mnist/vit_small/tradeoff_clean_accuracy_host_raw_to_logits_b8_clean_4ba79ef9f76f.csv,3a133b474a7dbe6c1cf06b49da419fbac72ce2128c092235f5d939b6bdaaf79a,1cebd467c7c68ce15dd509cb97bae2954034f885e5e8ad53d753757f9f441a40,300,vector PDF; 300 dpi for rasterized content
training_sparse_testing_sparse,Accuracy and robustness versus latency,mnist,vit_small,training_sparse_testing_sparse/results/mnist/vit_small/tradeoff_mCE_raw_gpu_raw_to_logits_b1_balanced_corruption_4ba79ef9f76f.pdf,training_sparse_testing_sparse/results/mnist/vit_small/tradeoff_mCE_raw_gpu_raw_to_logits_b1_balanced_corruption_4ba79ef9f76f.csv,/ceph/sagnihot/projects/Lorena_Contrastive_Representation_Arch/sparse_contrast_benchmark_large_batch/outputs/figures/mnist/vit_small/tradeoff_mCE_raw_gpu_raw_to_logits_b1_balanced_corruption_4ba79ef9f76f.pdf,/ceph/sagnihot/projects/Lorena_Contrastive_Representation_Arch/sparse_contrast_benchmark_large_batch/outputs/figures/mnist/vit_small/tradeoff_mCE_raw_gpu_raw_to_logits_b1_balanced_corruption_4ba79ef9f76f.csv,e108cae0cdd65ca72a9998ef1595f566a2f23c559dc4b9b545e2d7672f31a54d,1a7f2ad4c64f8e4d1ca2cd1e6d0d1186d3125e6b21efef83f94120d52d9c161e,300,vector PDF; 300 dpi for rasterized content
training_sparse_testing_sparse,Accuracy and robustness versus latency,mnist,vit_small,training_sparse_testing_sparse/results/mnist/vit_small/tradeoff_mCE_raw_gpu_raw_to_logits_b1_clean_4ba79ef9f76f.pdf,training_sparse_testing_sparse/results/mnist/vit_small/tradeoff_mCE_raw_gpu_raw_to_logits_b1_clean_4ba79ef9f76f.csv,/ceph/sagnihot/projects/Lorena_Contrastive_Representation_Arch/sparse_contrast_benchmark_large_batch/outputs/figures/mnist/vit_small/tradeoff_mCE_raw_gpu_raw_to_logits_b1_clean_4ba79ef9f76f.pdf,/ceph/sagnihot/projects/Lorena_Contrastive_Representation_Arch/sparse_contrast_benchmark_large_batch/outputs/figures/mnist/vit_small/tradeoff_mCE_raw_gpu_raw_to_logits_b1_clean_4ba79ef9f76f.csv,579fcc12054f6f1d80cd9267be22dd5e79d2cc9ec89b9f395cc896d657ae6b65,19b71b4da5665debdd2e835e46301a5d58aa96f9acd92a4ecbd2241d26fa422e,300,vector PDF; 300 dpi for rasterized content
training_sparse_testing_sparse,Accuracy and robustness versus latency,mnist,vit_small,training_sparse_testing_sparse/results/mnist/vit_small/tradeoff_mCE_raw_gpu_raw_to_logits_b8_balanced_corruption_4ba79ef9f76f.pdf,training_sparse_testing_sparse/results/mnist/vit_small/tradeoff_mCE_raw_gpu_raw_to_logits_b8_balanced_corruption_4ba79ef9f76f.csv,/ceph/sagnihot/projects/Lorena_Contrastive_Representation_Arch/sparse_contrast_benchmark_large_batch/outputs/figures/mnist/vit_small/tradeoff_mCE_raw_gpu_raw_to_logits_b8_balanced_corruption_4ba79ef9f76f.pdf,/ceph/sagnihot/projects/Lorena_Contrastive_Representation_Arch/sparse_contrast_benchmark_large_batch/outputs/figures/mnist/vit_small/tradeoff_mCE_raw_gpu_raw_to_logits_b8_balanced_corruption_4ba79ef9f76f.csv,ce31a7d10c436f2514484d8d9d4d56c0fb7e40c2449d8517a51430f270b706d8,a6b92a2b19962444fc1ed63cc990506d420476c9987597006537a820a948cd3a,300,vector PDF; 300 dpi for rasterized content
training_sparse_testing_sparse,Accuracy and robustness versus latency,mnist,vit_small,training_sparse_testing_sparse/results/mnist/vit_small/tradeoff_mCE_raw_gpu_raw_to_logits_b8_clean_4ba79ef9f76f.pdf,training_sparse_testing_sparse/results/mnist/vit_small/tradeoff_mCE_raw_gpu_raw_to_logits_b8_clean_4ba79ef9f76f.csv,/ceph/sagnihot/projects/Lorena_Contrastive_Representation_Arch/sparse_contrast_benchmark_large_batch/outputs/figures/mnist/vit_small/tradeoff_mCE_raw_gpu_raw_to_logits_b8_clean_4ba79ef9f76f.pdf,/ceph/sagnihot/projects/Lorena_Contrastive_Representation_Arch/sparse_contrast_benchmark_large_batch/outputs/figures/mnist/vit_small/tradeoff_mCE_raw_gpu_raw_to_logits_b8_clean_4ba79ef9f76f.csv,7014337d4c247b139a1e37d0fb37bc876869ef45490067ceabdaa4831c737d55,294dedb908cb4106eb6cb9ef177947eb7595d423af0bc6ff2cfa9b90d259b140,300,vector PDF; 300 dpi for rasterized content
training_sparse_testing_sparse,Accuracy and robustness versus latency,mnist,vit_small,training_sparse_testing_sparse/results/mnist/vit_small/tradeoff_mCE_raw_host_raw_to_logits_b1_balanced_corruption_4ba79ef9f76f.pdf,training_sparse_testing_sparse/results/mnist/vit_small/tradeoff_mCE_raw_host_raw_to_logits_b1_balanced_corruption_4ba79ef9f76f.csv,/ceph/sagnihot/projects/Lorena_Contrastive_Representation_Arch/sparse_contrast_benchmark_large_batch/outputs/figures/mnist/vit_small/tradeoff_mCE_raw_host_raw_to_logits_b1_balanced_corruption_4ba79ef9f76f.pdf,/ceph/sagnihot/projects/Lorena_Contrastive_Representation_Arch/sparse_contrast_benchmark_large_batch/outputs/figures/mnist/vit_small/tradeoff_mCE_raw_host_raw_to_logits_b1_balanced_corruption_4ba79ef9f76f.csv,f0030003a015ab9aded6a4d4e1208eaddf3f8790c4dc8961f5fd90f68acfd7a3,c0cc0a3d654322019dcc2374919fd67b863cc5cc3fc1b253655e0383d51b958e,300,vector PDF; 300 dpi for rasterized content
training_sparse_testing_sparse,Accuracy and robustness versus latency,mnist,vit_small,training_sparse_testing_sparse/results/mnist/vit_small/tradeoff_mCE_raw_host_raw_to_logits_b1_clean_4ba79ef9f76f.pdf,training_sparse_testing_sparse/results/mnist/vit_small/tradeoff_mCE_raw_host_raw_to_logits_b1_clean_4ba79ef9f76f.csv,/ceph/sagnihot/projects/Lorena_Contrastive_Representation_Arch/sparse_contrast_benchmark_large_batch/outputs/figures/mnist/vit_small/tradeoff_mCE_raw_host_raw_to_logits_b1_clean_4ba79ef9f76f.pdf,/ceph/sagnihot/projects/Lorena_Contrastive_Representation_Arch/sparse_contrast_benchmark_large_batch/outputs/figures/mnist/vit_small/tradeoff_mCE_raw_host_raw_to_logits_b1_clean_4ba79ef9f76f.csv,52d97a5adbab8f466a8d2cb810ffc42b15bd7837a1bf19bf0e6ad45a472aafb1,304220b3281f237edca7288c4205d970daffa137ddf35af1838d857120cd8f31,300,vector PDF; 300 dpi for rasterized content
training_sparse_testing_sparse,Accuracy and robustness versus latency,mnist,vit_small,training_sparse_testing_sparse/results/mnist/vit_small/tradeoff_mCE_raw_host_raw_to_logits_b8_balanced_corruption_4ba79ef9f76f.pdf,training_sparse_testing_sparse/results/mnist/vit_small/tradeoff_mCE_raw_host_raw_to_logits_b8_balanced_corruption_4ba79ef9f76f.csv,/ceph/sagnihot/projects/Lorena_Contrastive_Representation_Arch/sparse_contrast_benchmark_large_batch/outputs/figures/mnist/vit_small/tradeoff_mCE_raw_host_raw_to_logits_b8_balanced_corruption_4ba79ef9f76f.pdf,/ceph/sagnihot/projects/Lorena_Contrastive_Representation_Arch/sparse_contrast_benchmark_large_batch/outputs/figures/mnist/vit_small/tradeoff_mCE_raw_host_raw_to_logits_b8_balanced_corruption_4ba79ef9f76f.csv,ea4d92c41d1dbd1055e6bb662136d7b4185bdfb427b92821790ae3959ac206d6,7037355cad539185de5542593505039a4ad3aa2ae073955a65fa4237045832f4,300,vector PDF; 300 dpi for rasterized content
training_sparse_testing_sparse,Accuracy and robustness versus latency,mnist,vit_small,training_sparse_testing_sparse/results/mnist/vit_small/tradeoff_mCE_raw_host_raw_to_logits_b8_clean_4ba79ef9f76f.pdf,training_sparse_testing_sparse/results/mnist/vit_small/tradeoff_mCE_raw_host_raw_to_logits_b8_clean_4ba79ef9f76f.csv,/ceph/sagnihot/projects/Lorena_Contrastive_Representation_Arch/sparse_contrast_benchmark_large_batch/outputs/figures/mnist/vit_small/tradeoff_mCE_raw_host_raw_to_logits_b8_clean_4ba79ef9f76f.pdf,/ceph/sagnihot/projects/Lorena_Contrastive_Representation_Arch/sparse_contrast_benchmark_large_batch/outputs/figures/mnist/vit_small/tradeoff_mCE_raw_host_raw_to_logits_b8_clean_4ba79ef9f76f.csv,0cf1fc78939d03d88a911f5982deed6e72c952ed5ea8982831112aff2fc98da7,fed5f1ee12e1ad212272d40423f9a045ef5e9e96d617cc8e93b9e22f981c0e01,300,vector PDF; 300 dpi for rasterized content
training_dense_testing_sparse,"Accuracy, robustness and loss",cifar10,swin_tiny,training_dense_testing_sparse/results/cifar10/swin_tiny/brightness_accuracy.pdf,training_dense_testing_sparse/results/cifar10/swin_tiny/brightness_accuracy.csv,/ceph/sagnihot/projects/Lorena_Contrastive_Representation_Arch/training_dense_testing_sparse/outputs/figures/cifar10/swin_tiny/brightness_accuracy.pdf,/ceph/sagnihot/projects/Lorena_Contrastive_Representation_Arch/training_dense_testing_sparse/outputs/figures/cifar10/swin_tiny/brightness_accuracy.csv,a019ab61e7867b88ea4b1b6b4e780688ee6e7da065c98864c9753cb057329a14,cb081266c9d6824abcb6cf6e0d5b6edca415bc2dbbe59cc498b90edade99ffce,300,vector PDF; 300 dpi for rasterized content
training_dense_testing_sparse,"Accuracy, robustness and loss",cifar10,swin_tiny,training_dense_testing_sparse/results/cifar10/swin_tiny/clean_accuracy.pdf,training_dense_testing_sparse/results/cifar10/swin_tiny/clean_accuracy.csv,/ceph/sagnihot/projects/Lorena_Contrastive_Representation_Arch/training_dense_testing_sparse/outputs/figures/cifar10/swin_tiny/clean_accuracy.pdf,/ceph/sagnihot/projects/Lorena_Contrastive_Representation_Arch/training_dense_testing_sparse/outputs/figures/cifar10/swin_tiny/clean_accuracy.csv,0c031c6b6769d84a6e30261dca94de238c0b563d9919391657c90292fa4be30d,cb081266c9d6824abcb6cf6e0d5b6edca415bc2dbbe59cc498b90edade99ffce,300,vector PDF; 300 dpi for rasterized content
training_dense_testing_sparse,"Accuracy, robustness and loss",cifar10,swin_tiny,training_dense_testing_sparse/results/cifar10/swin_tiny/clean_loss.pdf,training_dense_testing_sparse/results/cifar10/swin_tiny/clean_loss.csv,/ceph/sagnihot/projects/Lorena_Contrastive_Representation_Arch/training_dense_testing_sparse/outputs/figures/cifar10/swin_tiny/clean_loss.pdf,/ceph/sagnihot/projects/Lorena_Contrastive_Representation_Arch/training_dense_testing_sparse/outputs/figures/cifar10/swin_tiny/clean_loss.csv,b5f77addb2bbdeb11f2a6966f573c137fa5b9d5a7cc020f4d29ddf707a8e98dd,cb081266c9d6824abcb6cf6e0d5b6edca415bc2dbbe59cc498b90edade99ffce,300,vector PDF; 300 dpi for rasterized content
training_dense_testing_sparse,"Accuracy, robustness and loss",cifar10,swin_tiny,training_dense_testing_sparse/results/cifar10/swin_tiny/contrast_accuracy.pdf,training_dense_testing_sparse/results/cifar10/swin_tiny/contrast_accuracy.csv,/ceph/sagnihot/projects/Lorena_Contrastive_Representation_Arch/training_dense_testing_sparse/outputs/figures/cifar10/swin_tiny/contrast_accuracy.pdf,/ceph/sagnihot/projects/Lorena_Contrastive_Representation_Arch/training_dense_testing_sparse/outputs/figures/cifar10/swin_tiny/contrast_accuracy.csv,6f272116ed014e2a2de8256b428f3027323fcd08fe20f018c23b117b5bedae5d,cb081266c9d6824abcb6cf6e0d5b6edca415bc2dbbe59cc498b90edade99ffce,300,vector PDF; 300 dpi for rasterized content
training_dense_testing_sparse,Corruption breakdowns,cifar10,swin_tiny,training_dense_testing_sparse/results/cifar10/swin_tiny/corruption_severity.pdf,training_dense_testing_sparse/results/cifar10/swin_tiny/corruption_severity.csv,/ceph/sagnihot/projects/Lorena_Contrastive_Representation_Arch/training_dense_testing_sparse/outputs/figures/cifar10/swin_tiny/corruption_severity.pdf,/ceph/sagnihot/projects/Lorena_Contrastive_Representation_Arch/training_dense_testing_sparse/outputs/figures/cifar10/swin_tiny/corruption_severity.csv,44b4811c0144573c5e6ffe30bebc7ce96358bc3de30e44507a99bbae2e1050a7,c534b4d3507eebe892f50b44ed581e5d81fd69bfe62687fe5acff3a61167071f,300,vector PDF; 300 dpi for rasterized content
training_dense_testing_sparse,"Accuracy, robustness and loss",cifar10,swin_tiny,training_dense_testing_sparse/results/cifar10/swin_tiny/delta_clean_accuracy_from_original.pdf,training_dense_testing_sparse/results/cifar10/swin_tiny/delta_clean_accuracy_from_original.csv,/ceph/sagnihot/projects/Lorena_Contrastive_Representation_Arch/training_dense_testing_sparse/outputs/figures/cifar10/swin_tiny/delta_clean_accuracy_from_original.pdf,/ceph/sagnihot/projects/Lorena_Contrastive_Representation_Arch/training_dense_testing_sparse/outputs/figures/cifar10/swin_tiny/delta_clean_accuracy_from_original.csv,bddc17fecca984aabf87b9d51fe7d4848bfd271d12edec7ac7e9a9934705ae13,cb081266c9d6824abcb6cf6e0d5b6edca415bc2dbbe59cc498b90edade99ffce,300,vector PDF; 300 dpi for rasterized content
training_dense_testing_sparse,"Accuracy, robustness and loss",cifar10,swin_tiny,training_dense_testing_sparse/results/cifar10/swin_tiny/delta_mCE_raw_from_original.pdf,training_dense_testing_sparse/results/cifar10/swin_tiny/delta_mCE_raw_from_original.csv,/ceph/sagnihot/projects/Lorena_Contrastive_Representation_Arch/training_dense_testing_sparse/outputs/figures/cifar10/swin_tiny/delta_mCE_raw_from_original.pdf,/ceph/sagnihot/projects/Lorena_Contrastive_Representation_Arch/training_dense_testing_sparse/outputs/figures/cifar10/swin_tiny/delta_mCE_raw_from_original.csv,744e2d45d5422ab7d91bf55b32dc88de37db20ed422a116c2265eaf001bf7180,cb081266c9d6824abcb6cf6e0d5b6edca415bc2dbbe59cc498b90edade99ffce,300,vector PDF; 300 dpi for rasterized content
training_dense_testing_sparse,"Accuracy, robustness and loss",cifar10,swin_tiny,training_dense_testing_sparse/results/cifar10/swin_tiny/fog_accuracy.pdf,training_dense_testing_sparse/results/cifar10/swin_tiny/fog_accuracy.csv,/ceph/sagnihot/projects/Lorena_Contrastive_Representation_Arch/training_dense_testing_sparse/outputs/figures/cifar10/swin_tiny/fog_accuracy.pdf,/ceph/sagnihot/projects/Lorena_Contrastive_Representation_Arch/training_dense_testing_sparse/outputs/figures/cifar10/swin_tiny/fog_accuracy.csv,598fc068faa023a17401a44816f694dba7ae92a601952648a09bd3e68eb6c9ca,cb081266c9d6824abcb6cf6e0d5b6edca415bc2dbbe59cc498b90edade99ffce,300,vector PDF; 300 dpi for rasterized content
training_dense_testing_sparse,"Accuracy, robustness and loss",cifar10,swin_tiny,training_dense_testing_sparse/results/cifar10/swin_tiny/mCE_raw.pdf,training_dense_testing_sparse/results/cifar10/swin_tiny/mCE_raw.csv,/ceph/sagnihot/projects/Lorena_Contrastive_Representation_Arch/training_dense_testing_sparse/outputs/figures/cifar10/swin_tiny/mCE_raw.pdf,/ceph/sagnihot/projects/Lorena_Contrastive_Representation_Arch/training_dense_testing_sparse/outputs/figures/cifar10/swin_tiny/mCE_raw.csv,1ca7c8b837773b1aad8239d1fca5eedf61a85723412d5548120d4491ec7a8d4f,cb081266c9d6824abcb6cf6e0d5b6edca415bc2dbbe59cc498b90edade99ffce,300,vector PDF; 300 dpi for rasterized content
training_dense_testing_sparse,"Accuracy, robustness and loss",cifar10,swin_tiny,training_dense_testing_sparse/results/cifar10/swin_tiny/mean_corruption_loss.pdf,training_dense_testing_sparse/results/cifar10/swin_tiny/mean_corruption_loss.csv,/ceph/sagnihot/projects/Lorena_Contrastive_Representation_Arch/training_dense_testing_sparse/outputs/figures/cifar10/swin_tiny/mean_corruption_loss.pdf,/ceph/sagnihot/projects/Lorena_Contrastive_Representation_Arch/training_dense_testing_sparse/outputs/figures/cifar10/swin_tiny/mean_corruption_loss.csv,79302e8ee832d4eab057c1051a8a867156b8079dc60055fb4c504a0189583899,cb081266c9d6824abcb6cf6e0d5b6edca415bc2dbbe59cc498b90edade99ffce,300,vector PDF; 300 dpi for rasterized content
training_dense_testing_sparse,Corruption breakdowns,cifar10,swin_tiny,training_dense_testing_sparse/results/cifar10/swin_tiny/per_corruption_error.pdf,training_dense_testing_sparse/results/cifar10/swin_tiny/per_corruption_error.csv,/ceph/sagnihot/projects/Lorena_Contrastive_Representation_Arch/training_dense_testing_sparse/outputs/figures/cifar10/swin_tiny/per_corruption_error.pdf,/ceph/sagnihot/projects/Lorena_Contrastive_Representation_Arch/training_dense_testing_sparse/outputs/figures/cifar10/swin_tiny/per_corruption_error.csv,086a0d7faecde21386a6b184af887b01f542c3e4a44ab38cbc7d46b2f9237ef3,607d43087718fe8df1cd1a3f864e502ed6df53d28622d2409fc8da2d3fb85381,300,vector PDF; 300 dpi for rasterized content
training_dense_testing_sparse,Sparsity and token support,cifar10,swin_tiny,training_dense_testing_sparse/results/cifar10/swin_tiny/support/balanced_corruption/achieved_zero_fraction.pdf,training_dense_testing_sparse/results/cifar10/swin_tiny/support/balanced_corruption/achieved_zero_fraction.csv,/ceph/sagnihot/projects/Lorena_Contrastive_Representation_Arch/training_dense_testing_sparse/outputs/figures/cifar10/swin_tiny/support/balanced_corruption/achieved_zero_fraction.pdf,/ceph/sagnihot/projects/Lorena_Contrastive_Representation_Arch/training_dense_testing_sparse/outputs/figures/cifar10/swin_tiny/support/balanced_corruption/achieved_zero_fraction.csv,7a0f6380eebfe79842bdc12555d8e45c1b1b628a64cadb4e0432f6d3d82d9cf3,d915a6bce6da4e6f6a39677d9b113cb171fdb6a9a3c69bb3839932bc0c6e5e2b,300,vector PDF; 300 dpi for rasterized content
training_dense_testing_sparse,Sparsity and token support,cifar10,swin_tiny,training_dense_testing_sparse/results/cifar10/swin_tiny/support/balanced_corruption/natural_zero_fraction.pdf,training_dense_testing_sparse/results/cifar10/swin_tiny/support/balanced_corruption/natural_zero_fraction.csv,/ceph/sagnihot/projects/Lorena_Contrastive_Representation_Arch/training_dense_testing_sparse/outputs/figures/cifar10/swin_tiny/support/balanced_corruption/natural_zero_fraction.pdf,/ceph/sagnihot/projects/Lorena_Contrastive_Representation_Arch/training_dense_testing_sparse/outputs/figures/cifar10/swin_tiny/support/balanced_corruption/natural_zero_fraction.csv,1bd5704c84758dfa0a31ca6c8354b33b69793926553789d93d9285d4aa064b6a,c0a1242fb92142d348fa24e4385d4c1093e3e1160a7613c117ab32703b660cc6,300,vector PDF; 300 dpi for rasterized content
training_dense_testing_sparse,Sparsity and token support,cifar10,swin_tiny,training_dense_testing_sparse/results/cifar10/swin_tiny/support/balanced_corruption/retained_patches.pdf,training_dense_testing_sparse/results/cifar10/swin_tiny/support/balanced_corruption/retained_patches.csv,/ceph/sagnihot/projects/Lorena_Contrastive_Representation_Arch/training_dense_testing_sparse/outputs/figures/cifar10/swin_tiny/support/balanced_corruption/retained_patches.pdf,/ceph/sagnihot/projects/Lorena_Contrastive_Representation_Arch/training_dense_testing_sparse/outputs/figures/cifar10/swin_tiny/support/balanced_corruption/retained_patches.csv,eef27f72e67b0d49e1a5016e67a67b9216e4d91568d332142925000ba43b59fb,b84e6f1ebefa38788d46ef2b1900cf9701a4b200f348c8f88d10b0ccd49ef900,300,vector PDF; 300 dpi for rasterized content
training_dense_testing_sparse,Sparsity and token support,cifar10,swin_tiny,training_dense_testing_sparse/results/cifar10/swin_tiny/support/balanced_corruption/spatial_zero_fraction.pdf,training_dense_testing_sparse/results/cifar10/swin_tiny/support/balanced_corruption/spatial_zero_fraction.csv,/ceph/sagnihot/projects/Lorena_Contrastive_Representation_Arch/training_dense_testing_sparse/outputs/figures/cifar10/swin_tiny/support/balanced_corruption/spatial_zero_fraction.pdf,/ceph/sagnihot/projects/Lorena_Contrastive_Representation_Arch/training_dense_testing_sparse/outputs/figures/cifar10/swin_tiny/support/balanced_corruption/spatial_zero_fraction.csv,c5f68f76b312f09ac4cdf7df3cbdad47763ffff2179d05d04e7cd889d9a88754,d2a93c3e10944345b3d5a1945d9fd915bd2dbae0625c2ade96ce033635bd112a,300,vector PDF; 300 dpi for rasterized content
training_dense_testing_sparse,Sparsity and token support,cifar10,swin_tiny,training_dense_testing_sparse/results/cifar10/swin_tiny/support/balanced_corruption/stages_0_blocks_0_active_per_image.pdf,training_dense_testing_sparse/results/cifar10/swin_tiny/support/balanced_corruption/stages_0_blocks_0_active_per_image.csv,/ceph/sagnihot/projects/Lorena_Contrastive_Representation_Arch/training_dense_testing_sparse/outputs/figures/cifar10/swin_tiny/support/balanced_corruption/stages_0_blocks_0_active_per_image.pdf,/ceph/sagnihot/projects/Lorena_Contrastive_Representation_Arch/training_dense_testing_sparse/outputs/figures/cifar10/swin_tiny/support/balanced_corruption/stages_0_blocks_0_active_per_image.csv,35359c73de23a182f4ef37b6ca9fcd76c25fe273ab056df5c4ffd2e4939c1f51,a177a919117da76c8362a7be00834ba3ab073b7a62e0633fb01c4e0bc952a3ad,300,vector PDF; 300 dpi for rasterized content
training_dense_testing_sparse,Sparsity and token support,cifar10,swin_tiny,training_dense_testing_sparse/results/cifar10/swin_tiny/support/balanced_corruption/stages_0_blocks_0_padding_rows.pdf,training_dense_testing_sparse/results/cifar10/swin_tiny/support/balanced_corruption/stages_0_blocks_0_padding_rows.csv,/ceph/sagnihot/projects/Lorena_Contrastive_Representation_Arch/training_dense_testing_sparse/outputs/figures/cifar10/swin_tiny/support/balanced_corruption/stages_0_blocks_0_padding_rows.pdf,/ceph/sagnihot/projects/Lorena_Contrastive_Representation_Arch/training_dense_testing_sparse/outputs/figures/cifar10/swin_tiny/support/balanced_corruption/stages_0_blocks_0_padding_rows.csv,d7c858dc8997c2f366cc9f4bd071d3001d5ec8324b795c49b8da3f8030bb00c1,8d890fcbfda0c15d694e72e730702a77381439db051e1e306d523e441c44e5f8,300,vector PDF; 300 dpi for rasterized content
training_dense_testing_sparse,Sparsity and token support,cifar10,swin_tiny,training_dense_testing_sparse/results/cifar10/swin_tiny/support/balanced_corruption/stages_1_blocks_0_active_per_image.pdf,training_dense_testing_sparse/results/cifar10/swin_tiny/support/balanced_corruption/stages_1_blocks_0_active_per_image.csv,/ceph/sagnihot/projects/Lorena_Contrastive_Representation_Arch/training_dense_testing_sparse/outputs/figures/cifar10/swin_tiny/support/balanced_corruption/stages_1_blocks_0_active_per_image.pdf,/ceph/sagnihot/projects/Lorena_Contrastive_Representation_Arch/training_dense_testing_sparse/outputs/figures/cifar10/swin_tiny/support/balanced_corruption/stages_1_blocks_0_active_per_image.csv,7c3927e93660e1d4ad6df047fb8028286afef34a8af2bc6d8ba406c8d254480f,9de107c0c9fbca9b373cd25d1649c0001f82c2f195bdad7245607962a9a9dcba,300,vector PDF; 300 dpi for rasterized content
training_dense_testing_sparse,Sparsity and token support,cifar10,swin_tiny,training_dense_testing_sparse/results/cifar10/swin_tiny/support/balanced_corruption/stages_1_blocks_0_padding_rows.pdf,training_dense_testing_sparse/results/cifar10/swin_tiny/support/balanced_corruption/stages_1_blocks_0_padding_rows.csv,/ceph/sagnihot/projects/Lorena_Contrastive_Representation_Arch/training_dense_testing_sparse/outputs/figures/cifar10/swin_tiny/support/balanced_corruption/stages_1_blocks_0_padding_rows.pdf,/ceph/sagnihot/projects/Lorena_Contrastive_Representation_Arch/training_dense_testing_sparse/outputs/figures/cifar10/swin_tiny/support/balanced_corruption/stages_1_blocks_0_padding_rows.csv,40e3f14d0b1b2f512dd485ba0c57f5d064163f233d502f956d657472ba074133,52e346cb2a39f311e55617ebf3cdd19217dc287c9e5547f669f5f616ba64e76b,300,vector PDF; 300 dpi for rasterized content
training_dense_testing_sparse,Sparsity and token support,cifar10,swin_tiny,training_dense_testing_sparse/results/cifar10/swin_tiny/support/balanced_corruption/stages_2_blocks_0_active_per_image.pdf,training_dense_testing_sparse/results/cifar10/swin_tiny/support/balanced_corruption/stages_2_blocks_0_active_per_image.csv,/ceph/sagnihot/projects/Lorena_Contrastive_Representation_Arch/training_dense_testing_sparse/outputs/figures/cifar10/swin_tiny/support/balanced_corruption/stages_2_blocks_0_active_per_image.pdf,/ceph/sagnihot/projects/Lorena_Contrastive_Representation_Arch/training_dense_testing_sparse/outputs/figures/cifar10/swin_tiny/support/balanced_corruption/stages_2_blocks_0_active_per_image.csv,998959d0a1bebe77a5377153d122e22b4c80906680a6df65290742d77c998f6f,ba9e442a5bad5d6b4b904decf818670f41962149b49c0ee647543fac5cb23964,300,vector PDF; 300 dpi for rasterized content
training_dense_testing_sparse,Sparsity and token support,cifar10,swin_tiny,training_dense_testing_sparse/results/cifar10/swin_tiny/support/balanced_corruption/stages_2_blocks_0_padding_rows.pdf,training_dense_testing_sparse/results/cifar10/swin_tiny/support/balanced_corruption/stages_2_blocks_0_padding_rows.csv,/ceph/sagnihot/projects/Lorena_Contrastive_Representation_Arch/training_dense_testing_sparse/outputs/figures/cifar10/swin_tiny/support/balanced_corruption/stages_2_blocks_0_padding_rows.pdf,/ceph/sagnihot/projects/Lorena_Contrastive_Representation_Arch/training_dense_testing_sparse/outputs/figures/cifar10/swin_tiny/support/balanced_corruption/stages_2_blocks_0_padding_rows.csv,cd7d155246b6e69cf7d0657f800bac17faf956ee646c6a6c52d90f55aee1524a,c7f413809d3333a88a3d96a122ed6220d22b5ef489f2e1af897446d3ab6bd4db,300,vector PDF; 300 dpi for rasterized content
training_dense_testing_sparse,Sparsity and token support,cifar10,swin_tiny,training_dense_testing_sparse/results/cifar10/swin_tiny/support/balanced_corruption/stages_3_blocks_0_active_per_image.pdf,training_dense_testing_sparse/results/cifar10/swin_tiny/support/balanced_corruption/stages_3_blocks_0_active_per_image.csv,/ceph/sagnihot/projects/Lorena_Contrastive_Representation_Arch/training_dense_testing_sparse/outputs/figures/cifar10/swin_tiny/support/balanced_corruption/stages_3_blocks_0_active_per_image.pdf,/ceph/sagnihot/projects/Lorena_Contrastive_Representation_Arch/training_dense_testing_sparse/outputs/figures/cifar10/swin_tiny/support/balanced_corruption/stages_3_blocks_0_active_per_image.csv,25325843f0ea75fa480999f4b6081bb7c6103c6bb9af73c693b7edb3d464bd76,77ae45a604a7e4c2607df9f198705f8f58d1a4a4f0e1836e8c2dc46efb2e83c7,300,vector PDF; 300 dpi for rasterized content
training_dense_testing_sparse,Sparsity and token support,cifar10,swin_tiny,training_dense_testing_sparse/results/cifar10/swin_tiny/support/balanced_corruption/stages_3_blocks_0_padding_rows.pdf,training_dense_testing_sparse/results/cifar10/swin_tiny/support/balanced_corruption/stages_3_blocks_0_padding_rows.csv,/ceph/sagnihot/projects/Lorena_Contrastive_Representation_Arch/training_dense_testing_sparse/outputs/figures/cifar10/swin_tiny/support/balanced_corruption/stages_3_blocks_0_padding_rows.pdf,/ceph/sagnihot/projects/Lorena_Contrastive_Representation_Arch/training_dense_testing_sparse/outputs/figures/cifar10/swin_tiny/support/balanced_corruption/stages_3_blocks_0_padding_rows.csv,efef7472541712221ed083cf2759324635027b10b262318e30494c714a6c89cf,1921a4beee887a068fb1dd493d9b133fa7e607c03a003977c634b7bb76214542,300,vector PDF; 300 dpi for rasterized content
training_dense_testing_sparse,Sparsity and token support,cifar10,swin_tiny,training_dense_testing_sparse/results/cifar10/swin_tiny/support/clean/achieved_zero_fraction.pdf,training_dense_testing_sparse/results/cifar10/swin_tiny/support/clean/achieved_zero_fraction.csv,/ceph/sagnihot/projects/Lorena_Contrastive_Representation_Arch/training_dense_testing_sparse/outputs/figures/cifar10/swin_tiny/support/clean/achieved_zero_fraction.pdf,/ceph/sagnihot/projects/Lorena_Contrastive_Representation_Arch/training_dense_testing_sparse/outputs/figures/cifar10/swin_tiny/support/clean/achieved_zero_fraction.csv,bc8c556d1ae0815028b9f43b848fafa267014db7d58043efb77fe78991e33bb2,ae13b6942417dd6b70488075b2652cfd8d431d21bdb13df675a7b968d7e5a607,300,vector PDF; 300 dpi for rasterized content
training_dense_testing_sparse,Sparsity and token support,cifar10,swin_tiny,training_dense_testing_sparse/results/cifar10/swin_tiny/support/clean/natural_zero_fraction.pdf,training_dense_testing_sparse/results/cifar10/swin_tiny/support/clean/natural_zero_fraction.csv,/ceph/sagnihot/projects/Lorena_Contrastive_Representation_Arch/training_dense_testing_sparse/outputs/figures/cifar10/swin_tiny/support/clean/natural_zero_fraction.pdf,/ceph/sagnihot/projects/Lorena_Contrastive_Representation_Arch/training_dense_testing_sparse/outputs/figures/cifar10/swin_tiny/support/clean/natural_zero_fraction.csv,530ee006ced9b975cfdddb7c5aaafedd58a78b1225accbaf30f8d2c3fa270d01,13f5f6200634545fe30bf4f3401ef3accd6413fabc6e1492578dcdd49fe8bb83,300,vector PDF; 300 dpi for rasterized content
training_dense_testing_sparse,Sparsity and token support,cifar10,swin_tiny,training_dense_testing_sparse/results/cifar10/swin_tiny/support/clean/retained_patches.pdf,training_dense_testing_sparse/results/cifar10/swin_tiny/support/clean/retained_patches.csv,/ceph/sagnihot/projects/Lorena_Contrastive_Representation_Arch/training_dense_testing_sparse/outputs/figures/cifar10/swin_tiny/support/clean/retained_patches.pdf,/ceph/sagnihot/projects/Lorena_Contrastive_Representation_Arch/training_dense_testing_sparse/outputs/figures/cifar10/swin_tiny/support/clean/retained_patches.csv,47cbf43fbe72f0cfdf07d6832373a6714194cf301d9cb9880ef99269b504a6ad,87f94ac683deb18bad8381afc0257f02d680783a6f3e550a9fb0ec0f39e14f5b,300,vector PDF; 300 dpi for rasterized content
training_dense_testing_sparse,Sparsity and token support,cifar10,swin_tiny,training_dense_testing_sparse/results/cifar10/swin_tiny/support/clean/spatial_zero_fraction.pdf,training_dense_testing_sparse/results/cifar10/swin_tiny/support/clean/spatial_zero_fraction.csv,/ceph/sagnihot/projects/Lorena_Contrastive_Representation_Arch/training_dense_testing_sparse/outputs/figures/cifar10/swin_tiny/support/clean/spatial_zero_fraction.pdf,/ceph/sagnihot/projects/Lorena_Contrastive_Representation_Arch/training_dense_testing_sparse/outputs/figures/cifar10/swin_tiny/support/clean/spatial_zero_fraction.csv,f6ba06c8e26526f15996316a222b7a6c94e10d35a85025406645f0e88266fdc1,fb888f39cefd6ea9667f6bbf636f8a29dad98049760ec6ef4ba0fdba6ee64424,300,vector PDF; 300 dpi for rasterized content
training_dense_testing_sparse,Sparsity and token support,cifar10,swin_tiny,training_dense_testing_sparse/results/cifar10/swin_tiny/support/clean/stages_0_blocks_0_active_per_image.pdf,training_dense_testing_sparse/results/cifar10/swin_tiny/support/clean/stages_0_blocks_0_active_per_image.csv,/ceph/sagnihot/projects/Lorena_Contrastive_Representation_Arch/training_dense_testing_sparse/outputs/figures/cifar10/swin_tiny/support/clean/stages_0_blocks_0_active_per_image.pdf,/ceph/sagnihot/projects/Lorena_Contrastive_Representation_Arch/training_dense_testing_sparse/outputs/figures/cifar10/swin_tiny/support/clean/stages_0_blocks_0_active_per_image.csv,252f6255c18700404a4ed0cbeca3783da43e3cff63bc25f9e4b86cabf2f1443f,a2810894b85e10574426d3c59296ae0d73ea3f1f38457b7b7a87748447fab36d,300,vector PDF; 300 dpi for rasterized content
training_dense_testing_sparse,Sparsity and token support,cifar10,swin_tiny,training_dense_testing_sparse/results/cifar10/swin_tiny/support/clean/stages_0_blocks_0_padding_rows.pdf,training_dense_testing_sparse/results/cifar10/swin_tiny/support/clean/stages_0_blocks_0_padding_rows.csv,/ceph/sagnihot/projects/Lorena_Contrastive_Representation_Arch/training_dense_testing_sparse/outputs/figures/cifar10/swin_tiny/support/clean/stages_0_blocks_0_padding_rows.pdf,/ceph/sagnihot/projects/Lorena_Contrastive_Representation_Arch/training_dense_testing_sparse/outputs/figures/cifar10/swin_tiny/support/clean/stages_0_blocks_0_padding_rows.csv,6a9cda9b13331d2422d2ff4d1b69eef0eae9cbd796575501912a515de6e64680,a9ae84f9fb65594f568fb2282599e3bb88194bb9ba0a80dfc556c03e5518bb19,300,vector PDF; 300 dpi for rasterized content
training_dense_testing_sparse,Sparsity and token support,cifar10,swin_tiny,training_dense_testing_sparse/results/cifar10/swin_tiny/support/clean/stages_1_blocks_0_active_per_image.pdf,training_dense_testing_sparse/results/cifar10/swin_tiny/support/clean/stages_1_blocks_0_active_per_image.csv,/ceph/sagnihot/projects/Lorena_Contrastive_Representation_Arch/training_dense_testing_sparse/outputs/figures/cifar10/swin_tiny/support/clean/stages_1_blocks_0_active_per_image.pdf,/ceph/sagnihot/projects/Lorena_Contrastive_Representation_Arch/training_dense_testing_sparse/outputs/figures/cifar10/swin_tiny/support/clean/stages_1_blocks_0_active_per_image.csv,16c44603ad965a5928da5073df0cb12bb7137b718716c3363f7daa89c7cbe3d3,862a31a450735b0fd33ab3a404acca6fb1dcb2e350c35c0682141b227551c594,300,vector PDF; 300 dpi for rasterized content
training_dense_testing_sparse,Sparsity and token support,cifar10,swin_tiny,training_dense_testing_sparse/results/cifar10/swin_tiny/support/clean/stages_1_blocks_0_padding_rows.pdf,training_dense_testing_sparse/results/cifar10/swin_tiny/support/clean/stages_1_blocks_0_padding_rows.csv,/ceph/sagnihot/projects/Lorena_Contrastive_Representation_Arch/training_dense_testing_sparse/outputs/figures/cifar10/swin_tiny/support/clean/stages_1_blocks_0_padding_rows.pdf,/ceph/sagnihot/projects/Lorena_Contrastive_Representation_Arch/training_dense_testing_sparse/outputs/figures/cifar10/swin_tiny/support/clean/stages_1_blocks_0_padding_rows.csv,01d7aea9f288d2be223080d89cb1229a546f7fa731171a52514b521b25b60215,5063663098383e8d63e1813673ee226067adafc518bba09ce0b605129c113254,300,vector PDF; 300 dpi for rasterized content
training_dense_testing_sparse,Sparsity and token support,cifar10,swin_tiny,training_dense_testing_sparse/results/cifar10/swin_tiny/support/clean/stages_2_blocks_0_active_per_image.pdf,training_dense_testing_sparse/results/cifar10/swin_tiny/support/clean/stages_2_blocks_0_active_per_image.csv,/ceph/sagnihot/projects/Lorena_Contrastive_Representation_Arch/training_dense_testing_sparse/outputs/figures/cifar10/swin_tiny/support/clean/stages_2_blocks_0_active_per_image.pdf,/ceph/sagnihot/projects/Lorena_Contrastive_Representation_Arch/training_dense_testing_sparse/outputs/figures/cifar10/swin_tiny/support/clean/stages_2_blocks_0_active_per_image.csv,36b8a65c8beefa1336e5e9544dab98d564c2d6772aa642cb83c800d94dd8682c,88a8197faa858436edbc00714c83b6e25ef8ff35537656747dd98bc4203ce584,300,vector PDF; 300 dpi for rasterized content
training_dense_testing_sparse,Sparsity and token support,cifar10,swin_tiny,training_dense_testing_sparse/results/cifar10/swin_tiny/support/clean/stages_2_blocks_0_padding_rows.pdf,training_dense_testing_sparse/results/cifar10/swin_tiny/support/clean/stages_2_blocks_0_padding_rows.csv,/ceph/sagnihot/projects/Lorena_Contrastive_Representation_Arch/training_dense_testing_sparse/outputs/figures/cifar10/swin_tiny/support/clean/stages_2_blocks_0_padding_rows.pdf,/ceph/sagnihot/projects/Lorena_Contrastive_Representation_Arch/training_dense_testing_sparse/outputs/figures/cifar10/swin_tiny/support/clean/stages_2_blocks_0_padding_rows.csv,36806b34e3f0af815b42874d43b327d71df27a3be12bc4f3da1f7724f4031987,4cb4ccc2afb25771bc99552d7d3b2066dbbf8529827788bdbbd506aac988cb18,300,vector PDF; 300 dpi for rasterized content
training_dense_testing_sparse,Sparsity and token support,cifar10,swin_tiny,training_dense_testing_sparse/results/cifar10/swin_tiny/support/clean/stages_3_blocks_0_active_per_image.pdf,training_dense_testing_sparse/results/cifar10/swin_tiny/support/clean/stages_3_blocks_0_active_per_image.csv,/ceph/sagnihot/projects/Lorena_Contrastive_Representation_Arch/training_dense_testing_sparse/outputs/figures/cifar10/swin_tiny/support/clean/stages_3_blocks_0_active_per_image.pdf,/ceph/sagnihot/projects/Lorena_Contrastive_Representation_Arch/training_dense_testing_sparse/outputs/figures/cifar10/swin_tiny/support/clean/stages_3_blocks_0_active_per_image.csv,90a1f429be5bb338ca7469921b36a6f7e393404b50829c6dfbbc2e5b67c7f982,a60bf376d0a83b0871cd1c3e80d554c0d114576c49e729cbc6403abc626d7db1,300,vector PDF; 300 dpi for rasterized content
training_dense_testing_sparse,Sparsity and token support,cifar10,swin_tiny,training_dense_testing_sparse/results/cifar10/swin_tiny/support/clean/stages_3_blocks_0_padding_rows.pdf,training_dense_testing_sparse/results/cifar10/swin_tiny/support/clean/stages_3_blocks_0_padding_rows.csv,/ceph/sagnihot/projects/Lorena_Contrastive_Representation_Arch/training_dense_testing_sparse/outputs/figures/cifar10/swin_tiny/support/clean/stages_3_blocks_0_padding_rows.pdf,/ceph/sagnihot/projects/Lorena_Contrastive_Representation_Arch/training_dense_testing_sparse/outputs/figures/cifar10/swin_tiny/support/clean/stages_3_blocks_0_padding_rows.csv,c0cc3eeedc09c686faab4b9cbb013f4de60a20259a2aeaf1bff75e6bced30b0d,1d3d8806c59d9c8b3ea9c2f62b9ea5654f69f9de85a3b4711fe74110a1cec09c,300,vector PDF; 300 dpi for rasterized content
training_dense_testing_sparse,"Accuracy, robustness and loss",cifar10,vit_small,training_dense_testing_sparse/results/cifar10/vit_small/brightness_accuracy.pdf,training_dense_testing_sparse/results/cifar10/vit_small/brightness_accuracy.csv,/ceph/sagnihot/projects/Lorena_Contrastive_Representation_Arch/training_dense_testing_sparse/outputs/figures/cifar10/vit_small/brightness_accuracy.pdf,/ceph/sagnihot/projects/Lorena_Contrastive_Representation_Arch/training_dense_testing_sparse/outputs/figures/cifar10/vit_small/brightness_accuracy.csv,be43f5393d4a458954b23cb19ab6417ae604c3daa3172a9a546b4d7457726bc8,40e1bcbe1250189cba9c14c8f989b52b9e4827118bcddc57b552d65f7b909740,300,vector PDF; 300 dpi for rasterized content
training_dense_testing_sparse,"Accuracy, robustness and loss",cifar10,vit_small,training_dense_testing_sparse/results/cifar10/vit_small/clean_accuracy.pdf,training_dense_testing_sparse/results/cifar10/vit_small/clean_accuracy.csv,/ceph/sagnihot/projects/Lorena_Contrastive_Representation_Arch/training_dense_testing_sparse/outputs/figures/cifar10/vit_small/clean_accuracy.pdf,/ceph/sagnihot/projects/Lorena_Contrastive_Representation_Arch/training_dense_testing_sparse/outputs/figures/cifar10/vit_small/clean_accuracy.csv,fa38b4176288ef8d0b275f89eafbdc476b489a9508411af2912202ff6c07be25,40e1bcbe1250189cba9c14c8f989b52b9e4827118bcddc57b552d65f7b909740,300,vector PDF; 300 dpi for rasterized content
training_dense_testing_sparse,"Accuracy, robustness and loss",cifar10,vit_small,training_dense_testing_sparse/results/cifar10/vit_small/clean_loss.pdf,training_dense_testing_sparse/results/cifar10/vit_small/clean_loss.csv,/ceph/sagnihot/projects/Lorena_Contrastive_Representation_Arch/training_dense_testing_sparse/outputs/figures/cifar10/vit_small/clean_loss.pdf,/ceph/sagnihot/projects/Lorena_Contrastive_Representation_Arch/training_dense_testing_sparse/outputs/figures/cifar10/vit_small/clean_loss.csv,741e0cdcd5158778fcbb6bb78386b2092c944c635c3206bc075a8331bae706de,40e1bcbe1250189cba9c14c8f989b52b9e4827118bcddc57b552d65f7b909740,300,vector PDF; 300 dpi for rasterized content
training_dense_testing_sparse,"Accuracy, robustness and loss",cifar10,vit_small,training_dense_testing_sparse/results/cifar10/vit_small/contrast_accuracy.pdf,training_dense_testing_sparse/results/cifar10/vit_small/contrast_accuracy.csv,/ceph/sagnihot/projects/Lorena_Contrastive_Representation_Arch/training_dense_testing_sparse/outputs/figures/cifar10/vit_small/contrast_accuracy.pdf,/ceph/sagnihot/projects/Lorena_Contrastive_Representation_Arch/training_dense_testing_sparse/outputs/figures/cifar10/vit_small/contrast_accuracy.csv,0d37fbd2fd0755aae52759570ebcc936eedb5d712a6f16bfd8129a08552b98af,40e1bcbe1250189cba9c14c8f989b52b9e4827118bcddc57b552d65f7b909740,300,vector PDF; 300 dpi for rasterized content
training_dense_testing_sparse,Corruption breakdowns,cifar10,vit_small,training_dense_testing_sparse/results/cifar10/vit_small/corruption_severity.pdf,training_dense_testing_sparse/results/cifar10/vit_small/corruption_severity.csv,/ceph/sagnihot/projects/Lorena_Contrastive_Representation_Arch/training_dense_testing_sparse/outputs/figures/cifar10/vit_small/corruption_severity.pdf,/ceph/sagnihot/projects/Lorena_Contrastive_Representation_Arch/training_dense_testing_sparse/outputs/figures/cifar10/vit_small/corruption_severity.csv,4d05c5e0ac2f80f83ca30c3ffbd40a15c2c36a782e8061f3c15e33204e473a45,bf3928f76a51b48a8d727f70f5a889596f261721bfedc7f02d3c1be4b62122ae,300,vector PDF; 300 dpi for rasterized content
training_dense_testing_sparse,"Accuracy, robustness and loss",cifar10,vit_small,training_dense_testing_sparse/results/cifar10/vit_small/delta_clean_accuracy_from_original.pdf,training_dense_testing_sparse/results/cifar10/vit_small/delta_clean_accuracy_from_original.csv,/ceph/sagnihot/projects/Lorena_Contrastive_Representation_Arch/training_dense_testing_sparse/outputs/figures/cifar10/vit_small/delta_clean_accuracy_from_original.pdf,/ceph/sagnihot/projects/Lorena_Contrastive_Representation_Arch/training_dense_testing_sparse/outputs/figures/cifar10/vit_small/delta_clean_accuracy_from_original.csv,84db0fb05ad208be3f416f5bf1b0361828603ec06ba772fdddbee20fff24639a,40e1bcbe1250189cba9c14c8f989b52b9e4827118bcddc57b552d65f7b909740,300,vector PDF; 300 dpi for rasterized content
training_dense_testing_sparse,"Accuracy, robustness and loss",cifar10,vit_small,training_dense_testing_sparse/results/cifar10/vit_small/delta_mCE_raw_from_original.pdf,training_dense_testing_sparse/results/cifar10/vit_small/delta_mCE_raw_from_original.csv,/ceph/sagnihot/projects/Lorena_Contrastive_Representation_Arch/training_dense_testing_sparse/outputs/figures/cifar10/vit_small/delta_mCE_raw_from_original.pdf,/ceph/sagnihot/projects/Lorena_Contrastive_Representation_Arch/training_dense_testing_sparse/outputs/figures/cifar10/vit_small/delta_mCE_raw_from_original.csv,7f7895d0156de154bc4e2d27e0969245e3b0a2b4641f5d9e1bb93bf827fa09f5,40e1bcbe1250189cba9c14c8f989b52b9e4827118bcddc57b552d65f7b909740,300,vector PDF; 300 dpi for rasterized content
training_dense_testing_sparse,"Accuracy, robustness and loss",cifar10,vit_small,training_dense_testing_sparse/results/cifar10/vit_small/fog_accuracy.pdf,training_dense_testing_sparse/results/cifar10/vit_small/fog_accuracy.csv,/ceph/sagnihot/projects/Lorena_Contrastive_Representation_Arch/training_dense_testing_sparse/outputs/figures/cifar10/vit_small/fog_accuracy.pdf,/ceph/sagnihot/projects/Lorena_Contrastive_Representation_Arch/training_dense_testing_sparse/outputs/figures/cifar10/vit_small/fog_accuracy.csv,19557acdbfbf17c4899e94658adaef8cdb9fec75cf5b308784b4e92967214982,40e1bcbe1250189cba9c14c8f989b52b9e4827118bcddc57b552d65f7b909740,300,vector PDF; 300 dpi for rasterized content
training_dense_testing_sparse,"Accuracy, robustness and loss",cifar10,vit_small,training_dense_testing_sparse/results/cifar10/vit_small/mCE_raw.pdf,training_dense_testing_sparse/results/cifar10/vit_small/mCE_raw.csv,/ceph/sagnihot/projects/Lorena_Contrastive_Representation_Arch/training_dense_testing_sparse/outputs/figures/cifar10/vit_small/mCE_raw.pdf,/ceph/sagnihot/projects/Lorena_Contrastive_Representation_Arch/training_dense_testing_sparse/outputs/figures/cifar10/vit_small/mCE_raw.csv,688230c24d23745467857e2467309aabfb128410e55b41155084f2e5747fc5c3,40e1bcbe1250189cba9c14c8f989b52b9e4827118bcddc57b552d65f7b909740,300,vector PDF; 300 dpi for rasterized content
training_dense_testing_sparse,"Accuracy, robustness and loss",cifar10,vit_small,training_dense_testing_sparse/results/cifar10/vit_small/mean_corruption_loss.pdf,training_dense_testing_sparse/results/cifar10/vit_small/mean_corruption_loss.csv,/ceph/sagnihot/projects/Lorena_Contrastive_Representation_Arch/training_dense_testing_sparse/outputs/figures/cifar10/vit_small/mean_corruption_loss.pdf,/ceph/sagnihot/projects/Lorena_Contrastive_Representation_Arch/training_dense_testing_sparse/outputs/figures/cifar10/vit_small/mean_corruption_loss.csv,64cd401a64d7cfdf22485d226ae4a8d0cce425721b949e2597811db5c6d0370f,40e1bcbe1250189cba9c14c8f989b52b9e4827118bcddc57b552d65f7b909740,300,vector PDF; 300 dpi for rasterized content
training_dense_testing_sparse,Corruption breakdowns,cifar10,vit_small,training_dense_testing_sparse/results/cifar10/vit_small/per_corruption_error.pdf,training_dense_testing_sparse/results/cifar10/vit_small/per_corruption_error.csv,/ceph/sagnihot/projects/Lorena_Contrastive_Representation_Arch/training_dense_testing_sparse/outputs/figures/cifar10/vit_small/per_corruption_error.pdf,/ceph/sagnihot/projects/Lorena_Contrastive_Representation_Arch/training_dense_testing_sparse/outputs/figures/cifar10/vit_small/per_corruption_error.csv,570009e9323b4102190fe845e7731e2676bf0227c805b15bcd5c6f277c6ce580,8a70574bbd2f5cd680d0f0e50b238c79de3c48f5d72cf5d2f55aea5165fc77df,300,vector PDF; 300 dpi for rasterized content
training_dense_testing_sparse,Sparsity and token support,cifar10,vit_small,training_dense_testing_sparse/results/cifar10/vit_small/support/balanced_corruption/achieved_zero_fraction.pdf,training_dense_testing_sparse/results/cifar10/vit_small/support/balanced_corruption/achieved_zero_fraction.csv,/ceph/sagnihot/projects/Lorena_Contrastive_Representation_Arch/training_dense_testing_sparse/outputs/figures/cifar10/vit_small/support/balanced_corruption/achieved_zero_fraction.pdf,/ceph/sagnihot/projects/Lorena_Contrastive_Representation_Arch/training_dense_testing_sparse/outputs/figures/cifar10/vit_small/support/balanced_corruption/achieved_zero_fraction.csv,3e01535a8fbcbc7d8835fa23dd99246fadadc77eb658cf078708ccf163433068,25c7649b40fd6cf4125eb6371543e2e702bc3beedd9630780e91b5cbd9c3bbbe,300,vector PDF; 300 dpi for rasterized content
training_dense_testing_sparse,Sparsity and token support,cifar10,vit_small,training_dense_testing_sparse/results/cifar10/vit_small/support/balanced_corruption/natural_zero_fraction.pdf,training_dense_testing_sparse/results/cifar10/vit_small/support/balanced_corruption/natural_zero_fraction.csv,/ceph/sagnihot/projects/Lorena_Contrastive_Representation_Arch/training_dense_testing_sparse/outputs/figures/cifar10/vit_small/support/balanced_corruption/natural_zero_fraction.pdf,/ceph/sagnihot/projects/Lorena_Contrastive_Representation_Arch/training_dense_testing_sparse/outputs/figures/cifar10/vit_small/support/balanced_corruption/natural_zero_fraction.csv,3145da1d38e254de236d1f96c72e6d3a683bf62cdbc3a69d0829960184a644c2,38b1c8f42613a51c39d27246ee68e6a8889eaefd5195f4e9c5d670f5cdc1d99d,300,vector PDF; 300 dpi for rasterized content
training_dense_testing_sparse,Sparsity and token support,cifar10,vit_small,training_dense_testing_sparse/results/cifar10/vit_small/support/balanced_corruption/padding_tokens.pdf,training_dense_testing_sparse/results/cifar10/vit_small/support/balanced_corruption/padding_tokens.csv,/ceph/sagnihot/projects/Lorena_Contrastive_Representation_Arch/training_dense_testing_sparse/outputs/figures/cifar10/vit_small/support/balanced_corruption/padding_tokens.pdf,/ceph/sagnihot/projects/Lorena_Contrastive_Representation_Arch/training_dense_testing_sparse/outputs/figures/cifar10/vit_small/support/balanced_corruption/padding_tokens.csv,f9b3505fa96010a188a70c4b437e52b0fbf25b851f311fed665fad7f707bec08,5101938f70cd8559cde839b8cd88db6452a5dfccf9210691e7ef8b6f5b0dd2c2,300,vector PDF; 300 dpi for rasterized content
training_dense_testing_sparse,Sparsity and token support,cifar10,vit_small,training_dense_testing_sparse/results/cifar10/vit_small/support/balanced_corruption/retained_patches.pdf,training_dense_testing_sparse/results/cifar10/vit_small/support/balanced_corruption/retained_patches.csv,/ceph/sagnihot/projects/Lorena_Contrastive_Representation_Arch/training_dense_testing_sparse/outputs/figures/cifar10/vit_small/support/balanced_corruption/retained_patches.pdf,/ceph/sagnihot/projects/Lorena_Contrastive_Representation_Arch/training_dense_testing_sparse/outputs/figures/cifar10/vit_small/support/balanced_corruption/retained_patches.csv,c30510bc2b65f9cfe6f713b1c7ff35a134e719659abd392abcee5ab1f0185a18,2649f4c2ef5d3a422c4586d42bb7b8d7bf199d383222eeb8437e213300f1fc51,300,vector PDF; 300 dpi for rasterized content
training_dense_testing_sparse,Sparsity and token support,cifar10,vit_small,training_dense_testing_sparse/results/cifar10/vit_small/support/balanced_corruption/spatial_zero_fraction.pdf,training_dense_testing_sparse/results/cifar10/vit_small/support/balanced_corruption/spatial_zero_fraction.csv,/ceph/sagnihot/projects/Lorena_Contrastive_Representation_Arch/training_dense_testing_sparse/outputs/figures/cifar10/vit_small/support/balanced_corruption/spatial_zero_fraction.pdf,/ceph/sagnihot/projects/Lorena_Contrastive_Representation_Arch/training_dense_testing_sparse/outputs/figures/cifar10/vit_small/support/balanced_corruption/spatial_zero_fraction.csv,4269bacff3bf35272e8361ba45f8520a0c55b19b8407ccd104c09460e30d7a62,03b4c8fe07273293df96ef89fe2efb3ea1c215fb13165dd33d0f69dabb193398,300,vector PDF; 300 dpi for rasterized content
training_dense_testing_sparse,Sparsity and token support,cifar10,vit_small,training_dense_testing_sparse/results/cifar10/vit_small/support/clean/achieved_zero_fraction.pdf,training_dense_testing_sparse/results/cifar10/vit_small/support/clean/achieved_zero_fraction.csv,/ceph/sagnihot/projects/Lorena_Contrastive_Representation_Arch/training_dense_testing_sparse/outputs/figures/cifar10/vit_small/support/clean/achieved_zero_fraction.pdf,/ceph/sagnihot/projects/Lorena_Contrastive_Representation_Arch/training_dense_testing_sparse/outputs/figures/cifar10/vit_small/support/clean/achieved_zero_fraction.csv,b83c502aeba9775e85a43f46426748cded9b792dd3e236e8ff92486973367696,fee387583a156e3d0b0b0b786b4744e9f6d11478a7da36092f072489e6cf58b8,300,vector PDF; 300 dpi for rasterized content
training_dense_testing_sparse,Sparsity and token support,cifar10,vit_small,training_dense_testing_sparse/results/cifar10/vit_small/support/clean/natural_zero_fraction.pdf,training_dense_testing_sparse/results/cifar10/vit_small/support/clean/natural_zero_fraction.csv,/ceph/sagnihot/projects/Lorena_Contrastive_Representation_Arch/training_dense_testing_sparse/outputs/figures/cifar10/vit_small/support/clean/natural_zero_fraction.pdf,/ceph/sagnihot/projects/Lorena_Contrastive_Representation_Arch/training_dense_testing_sparse/outputs/figures/cifar10/vit_small/support/clean/natural_zero_fraction.csv,b84eadcc8bbbcfeb3c097194de888bf1d535293e9f0fec2a8d944a846bef3578,890fb99c46982815eb3e67774b15738ea82e28941dc07e018a53b26e2c81a8c5,300,vector PDF; 300 dpi for rasterized content
training_dense_testing_sparse,Sparsity and token support,cifar10,vit_small,training_dense_testing_sparse/results/cifar10/vit_small/support/clean/padding_tokens.pdf,training_dense_testing_sparse/results/cifar10/vit_small/support/clean/padding_tokens.csv,/ceph/sagnihot/projects/Lorena_Contrastive_Representation_Arch/training_dense_testing_sparse/outputs/figures/cifar10/vit_small/support/clean/padding_tokens.pdf,/ceph/sagnihot/projects/Lorena_Contrastive_Representation_Arch/training_dense_testing_sparse/outputs/figures/cifar10/vit_small/support/clean/padding_tokens.csv,5b850b769ad9dd1a8159595e9c2741f0f2371cb55ad213d20c50f71f84f8df12,5c2497a885a9ea1547bd27af403cb981bead25dc51fe95d7948aeb290f755d0f,300,vector PDF; 300 dpi for rasterized content
training_dense_testing_sparse,Sparsity and token support,cifar10,vit_small,training_dense_testing_sparse/results/cifar10/vit_small/support/clean/retained_patches.pdf,training_dense_testing_sparse/results/cifar10/vit_small/support/clean/retained_patches.csv,/ceph/sagnihot/projects/Lorena_Contrastive_Representation_Arch/training_dense_testing_sparse/outputs/figures/cifar10/vit_small/support/clean/retained_patches.pdf,/ceph/sagnihot/projects/Lorena_Contrastive_Representation_Arch/training_dense_testing_sparse/outputs/figures/cifar10/vit_small/support/clean/retained_patches.csv,943e699ba47661ad73dc45c42c16f6f22b5d3bcc2429d50c8efdb121c2c77851,d4848589ac5d48b4ecd19ac111cbf7101d0804a1c2a3a072ce7f356cbc26fb86,300,vector PDF; 300 dpi for rasterized content
training_dense_testing_sparse,Sparsity and token support,cifar10,vit_small,training_dense_testing_sparse/results/cifar10/vit_small/support/clean/spatial_zero_fraction.pdf,training_dense_testing_sparse/results/cifar10/vit_small/support/clean/spatial_zero_fraction.csv,/ceph/sagnihot/projects/Lorena_Contrastive_Representation_Arch/training_dense_testing_sparse/outputs/figures/cifar10/vit_small/support/clean/spatial_zero_fraction.pdf,/ceph/sagnihot/projects/Lorena_Contrastive_Representation_Arch/training_dense_testing_sparse/outputs/figures/cifar10/vit_small/support/clean/spatial_zero_fraction.csv,c120c12ffb30c91f91a9a754f77aa7ee7ded90821850358c6b7a979086cb13ae,37a9636024cfad810a19bc9725cc1700a1d5013c6f2abf68138ab6f7af084776,300,vector PDF; 300 dpi for rasterized content
training_dense_testing_sparse,"Accuracy, robustness and loss",mnist,swin_tiny,training_dense_testing_sparse/results/mnist/swin_tiny/brightness_accuracy.pdf,training_dense_testing_sparse/results/mnist/swin_tiny/brightness_accuracy.csv,/ceph/sagnihot/projects/Lorena_Contrastive_Representation_Arch/training_dense_testing_sparse/outputs/figures/mnist/swin_tiny/brightness_accuracy.pdf,/ceph/sagnihot/projects/Lorena_Contrastive_Representation_Arch/training_dense_testing_sparse/outputs/figures/mnist/swin_tiny/brightness_accuracy.csv,3d370178209e8d2dbbf24a225c0ebb18d198c8a50cbea3561fc5a5891902290a,9339711faeec69c5476b07c98dc5f80e89bfa033dde357c355f18eaacedccd80,300,vector PDF; 300 dpi for rasterized content
training_dense_testing_sparse,"Accuracy, robustness and loss",mnist,swin_tiny,training_dense_testing_sparse/results/mnist/swin_tiny/clean_accuracy.pdf,training_dense_testing_sparse/results/mnist/swin_tiny/clean_accuracy.csv,/ceph/sagnihot/projects/Lorena_Contrastive_Representation_Arch/training_dense_testing_sparse/outputs/figures/mnist/swin_tiny/clean_accuracy.pdf,/ceph/sagnihot/projects/Lorena_Contrastive_Representation_Arch/training_dense_testing_sparse/outputs/figures/mnist/swin_tiny/clean_accuracy.csv,c64323aa41226256ba51b4f3d33cb80fa765d8db58032bb744ef6cb988836484,9339711faeec69c5476b07c98dc5f80e89bfa033dde357c355f18eaacedccd80,300,vector PDF; 300 dpi for rasterized content
training_dense_testing_sparse,"Accuracy, robustness and loss",mnist,swin_tiny,training_dense_testing_sparse/results/mnist/swin_tiny/clean_loss.pdf,training_dense_testing_sparse/results/mnist/swin_tiny/clean_loss.csv,/ceph/sagnihot/projects/Lorena_Contrastive_Representation_Arch/training_dense_testing_sparse/outputs/figures/mnist/swin_tiny/clean_loss.pdf,/ceph/sagnihot/projects/Lorena_Contrastive_Representation_Arch/training_dense_testing_sparse/outputs/figures/mnist/swin_tiny/clean_loss.csv,173e7e310f0ee9e7c64dc4f5e65387090baeafb9cbd84ff5d98708a923b92a83,9339711faeec69c5476b07c98dc5f80e89bfa033dde357c355f18eaacedccd80,300,vector PDF; 300 dpi for rasterized content
training_dense_testing_sparse,"Accuracy, robustness and loss",mnist,swin_tiny,training_dense_testing_sparse/results/mnist/swin_tiny/delta_clean_accuracy_from_original.pdf,training_dense_testing_sparse/results/mnist/swin_tiny/delta_clean_accuracy_from_original.csv,/ceph/sagnihot/projects/Lorena_Contrastive_Representation_Arch/training_dense_testing_sparse/outputs/figures/mnist/swin_tiny/delta_clean_accuracy_from_original.pdf,/ceph/sagnihot/projects/Lorena_Contrastive_Representation_Arch/training_dense_testing_sparse/outputs/figures/mnist/swin_tiny/delta_clean_accuracy_from_original.csv,d24e35b469d82b7d065b10fc4e976d2f3755a4048f733778872653a693e2bc46,9339711faeec69c5476b07c98dc5f80e89bfa033dde357c355f18eaacedccd80,300,vector PDF; 300 dpi for rasterized content
training_dense_testing_sparse,"Accuracy, robustness and loss",mnist,swin_tiny,training_dense_testing_sparse/results/mnist/swin_tiny/delta_mCE_raw_from_original.pdf,training_dense_testing_sparse/results/mnist/swin_tiny/delta_mCE_raw_from_original.csv,/ceph/sagnihot/projects/Lorena_Contrastive_Representation_Arch/training_dense_testing_sparse/outputs/figures/mnist/swin_tiny/delta_mCE_raw_from_original.pdf,/ceph/sagnihot/projects/Lorena_Contrastive_Representation_Arch/training_dense_testing_sparse/outputs/figures/mnist/swin_tiny/delta_mCE_raw_from_original.csv,dd474a25f839ca4c4bcc1f2cd3d309cb60701700fddcc3052fe70bcf02b2ebc2,9339711faeec69c5476b07c98dc5f80e89bfa033dde357c355f18eaacedccd80,300,vector PDF; 300 dpi for rasterized content
training_dense_testing_sparse,"Accuracy, robustness and loss",mnist,swin_tiny,training_dense_testing_sparse/results/mnist/swin_tiny/fog_accuracy.pdf,training_dense_testing_sparse/results/mnist/swin_tiny/fog_accuracy.csv,/ceph/sagnihot/projects/Lorena_Contrastive_Representation_Arch/training_dense_testing_sparse/outputs/figures/mnist/swin_tiny/fog_accuracy.pdf,/ceph/sagnihot/projects/Lorena_Contrastive_Representation_Arch/training_dense_testing_sparse/outputs/figures/mnist/swin_tiny/fog_accuracy.csv,3ee6d01bee1cd9bd81dddc292ce323f087ab62f972b01e64f7cb3d27a914e754,9339711faeec69c5476b07c98dc5f80e89bfa033dde357c355f18eaacedccd80,300,vector PDF; 300 dpi for rasterized content
training_dense_testing_sparse,"Accuracy, robustness and loss",mnist,swin_tiny,training_dense_testing_sparse/results/mnist/swin_tiny/mCE_raw.pdf,training_dense_testing_sparse/results/mnist/swin_tiny/mCE_raw.csv,/ceph/sagnihot/projects/Lorena_Contrastive_Representation_Arch/training_dense_testing_sparse/outputs/figures/mnist/swin_tiny/mCE_raw.pdf,/ceph/sagnihot/projects/Lorena_Contrastive_Representation_Arch/training_dense_testing_sparse/outputs/figures/mnist/swin_tiny/mCE_raw.csv,2e9656726d426ec9c9f134d7780e0a2ca7ccc3470cb9bf27352042dcc2d0e490,9339711faeec69c5476b07c98dc5f80e89bfa033dde357c355f18eaacedccd80,300,vector PDF; 300 dpi for rasterized content
training_dense_testing_sparse,"Accuracy, robustness and loss",mnist,swin_tiny,training_dense_testing_sparse/results/mnist/swin_tiny/mean_corruption_loss.pdf,training_dense_testing_sparse/results/mnist/swin_tiny/mean_corruption_loss.csv,/ceph/sagnihot/projects/Lorena_Contrastive_Representation_Arch/training_dense_testing_sparse/outputs/figures/mnist/swin_tiny/mean_corruption_loss.pdf,/ceph/sagnihot/projects/Lorena_Contrastive_Representation_Arch/training_dense_testing_sparse/outputs/figures/mnist/swin_tiny/mean_corruption_loss.csv,4af626479b0c29eab1475d80a93596ed2e5b07b8c3e5c37348163a34453c354f,9339711faeec69c5476b07c98dc5f80e89bfa033dde357c355f18eaacedccd80,300,vector PDF; 300 dpi for rasterized content
training_dense_testing_sparse,Corruption breakdowns,mnist,swin_tiny,training_dense_testing_sparse/results/mnist/swin_tiny/per_corruption_error.pdf,training_dense_testing_sparse/results/mnist/swin_tiny/per_corruption_error.csv,/ceph/sagnihot/projects/Lorena_Contrastive_Representation_Arch/training_dense_testing_sparse/outputs/figures/mnist/swin_tiny/per_corruption_error.pdf,/ceph/sagnihot/projects/Lorena_Contrastive_Representation_Arch/training_dense_testing_sparse/outputs/figures/mnist/swin_tiny/per_corruption_error.csv,67c421f4ac5417d7969aa540a559ea6bf75d0db6bdb374e8c8376c9701e99c7b,22fb37913bd92fa09681816a601bded44eca2c07001d3a76294ef38fcaf02c21,300,vector PDF; 300 dpi for rasterized content
training_dense_testing_sparse,Sparsity and token support,mnist,swin_tiny,training_dense_testing_sparse/results/mnist/swin_tiny/support/balanced_corruption/achieved_zero_fraction.pdf,training_dense_testing_sparse/results/mnist/swin_tiny/support/balanced_corruption/achieved_zero_fraction.csv,/ceph/sagnihot/projects/Lorena_Contrastive_Representation_Arch/training_dense_testing_sparse/outputs/figures/mnist/swin_tiny/support/balanced_corruption/achieved_zero_fraction.pdf,/ceph/sagnihot/projects/Lorena_Contrastive_Representation_Arch/training_dense_testing_sparse/outputs/figures/mnist/swin_tiny/support/balanced_corruption/achieved_zero_fraction.csv,fafeb6d103ec570de513f5d90284df4075de8713eddc43efb53545bbaa6c11fc,983fc97951d97c76ac66fe42f423d8b494c2876be0151ac0cd65d6783aefa1f3,300,vector PDF; 300 dpi for rasterized content
training_dense_testing_sparse,Sparsity and token support,mnist,swin_tiny,training_dense_testing_sparse/results/mnist/swin_tiny/support/balanced_corruption/natural_zero_fraction.pdf,training_dense_testing_sparse/results/mnist/swin_tiny/support/balanced_corruption/natural_zero_fraction.csv,/ceph/sagnihot/projects/Lorena_Contrastive_Representation_Arch/training_dense_testing_sparse/outputs/figures/mnist/swin_tiny/support/balanced_corruption/natural_zero_fraction.pdf,/ceph/sagnihot/projects/Lorena_Contrastive_Representation_Arch/training_dense_testing_sparse/outputs/figures/mnist/swin_tiny/support/balanced_corruption/natural_zero_fraction.csv,fb11facd47e2e12598ea8df59f62f544fb3111fa7371a21da8ce9b6eb9b63091,dad5a3eb6ae8f79d3bbb1d21aabe12edb20d7b39ceeabb9ba4112178b8a373df,300,vector PDF; 300 dpi for rasterized content
training_dense_testing_sparse,Sparsity and token support,mnist,swin_tiny,training_dense_testing_sparse/results/mnist/swin_tiny/support/balanced_corruption/retained_patches.pdf,training_dense_testing_sparse/results/mnist/swin_tiny/support/balanced_corruption/retained_patches.csv,/ceph/sagnihot/projects/Lorena_Contrastive_Representation_Arch/training_dense_testing_sparse/outputs/figures/mnist/swin_tiny/support/balanced_corruption/retained_patches.pdf,/ceph/sagnihot/projects/Lorena_Contrastive_Representation_Arch/training_dense_testing_sparse/outputs/figures/mnist/swin_tiny/support/balanced_corruption/retained_patches.csv,9185ef74f7690c011ff2d0f3419df55be59b8b58bc2b0675544c2c6b10326815,e75e39b3b1ee40391c3907235184604e992af43a056aaae8aecc407b6e18134c,300,vector PDF; 300 dpi for rasterized content
training_dense_testing_sparse,Sparsity and token support,mnist,swin_tiny,training_dense_testing_sparse/results/mnist/swin_tiny/support/balanced_corruption/spatial_zero_fraction.pdf,training_dense_testing_sparse/results/mnist/swin_tiny/support/balanced_corruption/spatial_zero_fraction.csv,/ceph/sagnihot/projects/Lorena_Contrastive_Representation_Arch/training_dense_testing_sparse/outputs/figures/mnist/swin_tiny/support/balanced_corruption/spatial_zero_fraction.pdf,/ceph/sagnihot/projects/Lorena_Contrastive_Representation_Arch/training_dense_testing_sparse/outputs/figures/mnist/swin_tiny/support/balanced_corruption/spatial_zero_fraction.csv,20d89c5d28f9a12f92d4f602afeb4ae21ab92cef1f36f90a58061325f0aaed25,358d254046fb9fb78892899de24c65d2a7c1015a6fc23d091846aedc535ccf44,300,vector PDF; 300 dpi for rasterized content
training_dense_testing_sparse,Sparsity and token support,mnist,swin_tiny,training_dense_testing_sparse/results/mnist/swin_tiny/support/balanced_corruption/stages_0_blocks_0_active_per_image.pdf,training_dense_testing_sparse/results/mnist/swin_tiny/support/balanced_corruption/stages_0_blocks_0_active_per_image.csv,/ceph/sagnihot/projects/Lorena_Contrastive_Representation_Arch/training_dense_testing_sparse/outputs/figures/mnist/swin_tiny/support/balanced_corruption/stages_0_blocks_0_active_per_image.pdf,/ceph/sagnihot/projects/Lorena_Contrastive_Representation_Arch/training_dense_testing_sparse/outputs/figures/mnist/swin_tiny/support/balanced_corruption/stages_0_blocks_0_active_per_image.csv,03eb4228e36458ca5321053dc6b1be89cfe76722fb4a0fafcad7107a851b5300,c2d77a9739ae83047cc13d419cc1e4c61541e384efbbd12f6003932b7d4ab4e6,300,vector PDF; 300 dpi for rasterized content
training_dense_testing_sparse,Sparsity and token support,mnist,swin_tiny,training_dense_testing_sparse/results/mnist/swin_tiny/support/balanced_corruption/stages_0_blocks_0_padding_rows.pdf,training_dense_testing_sparse/results/mnist/swin_tiny/support/balanced_corruption/stages_0_blocks_0_padding_rows.csv,/ceph/sagnihot/projects/Lorena_Contrastive_Representation_Arch/training_dense_testing_sparse/outputs/figures/mnist/swin_tiny/support/balanced_corruption/stages_0_blocks_0_padding_rows.pdf,/ceph/sagnihot/projects/Lorena_Contrastive_Representation_Arch/training_dense_testing_sparse/outputs/figures/mnist/swin_tiny/support/balanced_corruption/stages_0_blocks_0_padding_rows.csv,652d10249bb22a4efb1c9b72830cdb6f35b1803d6100e4c0fa68f9531eace9ec,4808897e47293fbe91395b009dcc50ea4215b0a32e71f540d3bbb1d9e491ce88,300,vector PDF; 300 dpi for rasterized content
training_dense_testing_sparse,Sparsity and token support,mnist,swin_tiny,training_dense_testing_sparse/results/mnist/swin_tiny/support/balanced_corruption/stages_1_blocks_0_active_per_image.pdf,training_dense_testing_sparse/results/mnist/swin_tiny/support/balanced_corruption/stages_1_blocks_0_active_per_image.csv,/ceph/sagnihot/projects/Lorena_Contrastive_Representation_Arch/training_dense_testing_sparse/outputs/figures/mnist/swin_tiny/support/balanced_corruption/stages_1_blocks_0_active_per_image.pdf,/ceph/sagnihot/projects/Lorena_Contrastive_Representation_Arch/training_dense_testing_sparse/outputs/figures/mnist/swin_tiny/support/balanced_corruption/stages_1_blocks_0_active_per_image.csv,8776b9c4546ceb5ba05993db32ef1ef1de0b9cfc872460de1245a64f9d039412,3f73b3b69ecf1a31a68a7cd0bc9f029804efc24da6ac8ccda6da6f4070529c4e,300,vector PDF; 300 dpi for rasterized content
training_dense_testing_sparse,Sparsity and token support,mnist,swin_tiny,training_dense_testing_sparse/results/mnist/swin_tiny/support/balanced_corruption/stages_1_blocks_0_padding_rows.pdf,training_dense_testing_sparse/results/mnist/swin_tiny/support/balanced_corruption/stages_1_blocks_0_padding_rows.csv,/ceph/sagnihot/projects/Lorena_Contrastive_Representation_Arch/training_dense_testing_sparse/outputs/figures/mnist/swin_tiny/support/balanced_corruption/stages_1_blocks_0_padding_rows.pdf,/ceph/sagnihot/projects/Lorena_Contrastive_Representation_Arch/training_dense_testing_sparse/outputs/figures/mnist/swin_tiny/support/balanced_corruption/stages_1_blocks_0_padding_rows.csv,03613bb65267bea5e551ea106b18a0511eef28f51946fbd4f89b60fe71b9065f,4faa04be69cca589aed481337619d9e240e8f054043bb1d89b3f60eed1d28115,300,vector PDF; 300 dpi for rasterized content
training_dense_testing_sparse,Sparsity and token support,mnist,swin_tiny,training_dense_testing_sparse/results/mnist/swin_tiny/support/balanced_corruption/stages_2_blocks_0_active_per_image.pdf,training_dense_testing_sparse/results/mnist/swin_tiny/support/balanced_corruption/stages_2_blocks_0_active_per_image.csv,/ceph/sagnihot/projects/Lorena_Contrastive_Representation_Arch/training_dense_testing_sparse/outputs/figures/mnist/swin_tiny/support/balanced_corruption/stages_2_blocks_0_active_per_image.pdf,/ceph/sagnihot/projects/Lorena_Contrastive_Representation_Arch/training_dense_testing_sparse/outputs/figures/mnist/swin_tiny/support/balanced_corruption/stages_2_blocks_0_active_per_image.csv,128cd917fe235fdf0dcd77a9a4d8dc91c3e0809cf4fb5faf657a47a22da15dfc,5257b1bbeea73a69486307429623a597542da602f9d4acf42db93ff53e27402c,300,vector PDF; 300 dpi for rasterized content
training_dense_testing_sparse,Sparsity and token support,mnist,swin_tiny,training_dense_testing_sparse/results/mnist/swin_tiny/support/balanced_corruption/stages_2_blocks_0_padding_rows.pdf,training_dense_testing_sparse/results/mnist/swin_tiny/support/balanced_corruption/stages_2_blocks_0_padding_rows.csv,/ceph/sagnihot/projects/Lorena_Contrastive_Representation_Arch/training_dense_testing_sparse/outputs/figures/mnist/swin_tiny/support/balanced_corruption/stages_2_blocks_0_padding_rows.pdf,/ceph/sagnihot/projects/Lorena_Contrastive_Representation_Arch/training_dense_testing_sparse/outputs/figures/mnist/swin_tiny/support/balanced_corruption/stages_2_blocks_0_padding_rows.csv,9e953c3b525d6480b425a694fbb6a2476fc3ff4be7c0a47525297e9090914906,a60d21ea94ccc24cbec7bc2b77a3e9d351022d902aebd52763bc9d7f0d5040b5,300,vector PDF; 300 dpi for rasterized content
training_dense_testing_sparse,Sparsity and token support,mnist,swin_tiny,training_dense_testing_sparse/results/mnist/swin_tiny/support/balanced_corruption/stages_3_blocks_0_active_per_image.pdf,training_dense_testing_sparse/results/mnist/swin_tiny/support/balanced_corruption/stages_3_blocks_0_active_per_image.csv,/ceph/sagnihot/projects/Lorena_Contrastive_Representation_Arch/training_dense_testing_sparse/outputs/figures/mnist/swin_tiny/support/balanced_corruption/stages_3_blocks_0_active_per_image.pdf,/ceph/sagnihot/projects/Lorena_Contrastive_Representation_Arch/training_dense_testing_sparse/outputs/figures/mnist/swin_tiny/support/balanced_corruption/stages_3_blocks_0_active_per_image.csv,7db7cd0a2e3a9f8f6e3182197061261d8869ac82a5f2fbb8671173d8169d4caf,81bc00fa15578820c943c8f1f3dfc01976a04a107bcf651a6c7218c368c1acf1,300,vector PDF; 300 dpi for rasterized content
training_dense_testing_sparse,Sparsity and token support,mnist,swin_tiny,training_dense_testing_sparse/results/mnist/swin_tiny/support/balanced_corruption/stages_3_blocks_0_padding_rows.pdf,training_dense_testing_sparse/results/mnist/swin_tiny/support/balanced_corruption/stages_3_blocks_0_padding_rows.csv,/ceph/sagnihot/projects/Lorena_Contrastive_Representation_Arch/training_dense_testing_sparse/outputs/figures/mnist/swin_tiny/support/balanced_corruption/stages_3_blocks_0_padding_rows.pdf,/ceph/sagnihot/projects/Lorena_Contrastive_Representation_Arch/training_dense_testing_sparse/outputs/figures/mnist/swin_tiny/support/balanced_corruption/stages_3_blocks_0_padding_rows.csv,76c901ff104c9a75dd2d852b1b9912250ec992901da8680c7d06ae46b74acae1,039e914fe26288c6ca335182c476c8ec245c3fc651b03e36b84d7635ab6899d9,300,vector PDF; 300 dpi for rasterized content
training_dense_testing_sparse,Sparsity and token support,mnist,swin_tiny,training_dense_testing_sparse/results/mnist/swin_tiny/support/clean/achieved_zero_fraction.pdf,training_dense_testing_sparse/results/mnist/swin_tiny/support/clean/achieved_zero_fraction.csv,/ceph/sagnihot/projects/Lorena_Contrastive_Representation_Arch/training_dense_testing_sparse/outputs/figures/mnist/swin_tiny/support/clean/achieved_zero_fraction.pdf,/ceph/sagnihot/projects/Lorena_Contrastive_Representation_Arch/training_dense_testing_sparse/outputs/figures/mnist/swin_tiny/support/clean/achieved_zero_fraction.csv,ff5af982d8798f35fe5dcbc027a07b123224cec6183041079240db99d21ae0c7,58cd4342b4d6300869d00aa6145612019ce6f18c117e99067041829e06a99b6e,300,vector PDF; 300 dpi for rasterized content
training_dense_testing_sparse,Sparsity and token support,mnist,swin_tiny,training_dense_testing_sparse/results/mnist/swin_tiny/support/clean/natural_zero_fraction.pdf,training_dense_testing_sparse/results/mnist/swin_tiny/support/clean/natural_zero_fraction.csv,/ceph/sagnihot/projects/Lorena_Contrastive_Representation_Arch/training_dense_testing_sparse/outputs/figures/mnist/swin_tiny/support/clean/natural_zero_fraction.pdf,/ceph/sagnihot/projects/Lorena_Contrastive_Representation_Arch/training_dense_testing_sparse/outputs/figures/mnist/swin_tiny/support/clean/natural_zero_fraction.csv,98cacc5cc964ec6c34fc84afa5e42d48b1cf6028446cdf6c30ab06a3eb2ca601,4401b4dbb7b5d4efd0a4dbf22a16574559157e6d3bf80a6a711f109939d158f9,300,vector PDF; 300 dpi for rasterized content
training_dense_testing_sparse,Sparsity and token support,mnist,swin_tiny,training_dense_testing_sparse/results/mnist/swin_tiny/support/clean/retained_patches.pdf,training_dense_testing_sparse/results/mnist/swin_tiny/support/clean/retained_patches.csv,/ceph/sagnihot/projects/Lorena_Contrastive_Representation_Arch/training_dense_testing_sparse/outputs/figures/mnist/swin_tiny/support/clean/retained_patches.pdf,/ceph/sagnihot/projects/Lorena_Contrastive_Representation_Arch/training_dense_testing_sparse/outputs/figures/mnist/swin_tiny/support/clean/retained_patches.csv,70273ea5b1d419f05c1ae1b57542b20051a84156a2a78bc3e27f2bcf3a2018ae,9f01e7ef4818c5b8a6dd522f25b7824d41162f7d72c6d05f5db0b5df32b58909,300,vector PDF; 300 dpi for rasterized content
training_dense_testing_sparse,Sparsity and token support,mnist,swin_tiny,training_dense_testing_sparse/results/mnist/swin_tiny/support/clean/spatial_zero_fraction.pdf,training_dense_testing_sparse/results/mnist/swin_tiny/support/clean/spatial_zero_fraction.csv,/ceph/sagnihot/projects/Lorena_Contrastive_Representation_Arch/training_dense_testing_sparse/outputs/figures/mnist/swin_tiny/support/clean/spatial_zero_fraction.pdf,/ceph/sagnihot/projects/Lorena_Contrastive_Representation_Arch/training_dense_testing_sparse/outputs/figures/mnist/swin_tiny/support/clean/spatial_zero_fraction.csv,c0983fb45eb3bc601af8cdf0b90e1f6eac3c2cf2c9138c23b754198a6f84c86a,9a6114b06d0b49277efb5c25d6da35ca9ea13f14956519fbe2bedab7c433e604,300,vector PDF; 300 dpi for rasterized content
training_dense_testing_sparse,Sparsity and token support,mnist,swin_tiny,training_dense_testing_sparse/results/mnist/swin_tiny/support/clean/stages_0_blocks_0_active_per_image.pdf,training_dense_testing_sparse/results/mnist/swin_tiny/support/clean/stages_0_blocks_0_active_per_image.csv,/ceph/sagnihot/projects/Lorena_Contrastive_Representation_Arch/training_dense_testing_sparse/outputs/figures/mnist/swin_tiny/support/clean/stages_0_blocks_0_active_per_image.pdf,/ceph/sagnihot/projects/Lorena_Contrastive_Representation_Arch/training_dense_testing_sparse/outputs/figures/mnist/swin_tiny/support/clean/stages_0_blocks_0_active_per_image.csv,0710113d768793bfe7993182a93466d88afc245fa57189cca211af69105332cb,22c8145e5426a47ad91b542880fcba3dc64b86796628b976bbdfb7beebc7adfc,300,vector PDF; 300 dpi for rasterized content
training_dense_testing_sparse,Sparsity and token support,mnist,swin_tiny,training_dense_testing_sparse/results/mnist/swin_tiny/support/clean/stages_0_blocks_0_padding_rows.pdf,training_dense_testing_sparse/results/mnist/swin_tiny/support/clean/stages_0_blocks_0_padding_rows.csv,/ceph/sagnihot/projects/Lorena_Contrastive_Representation_Arch/training_dense_testing_sparse/outputs/figures/mnist/swin_tiny/support/clean/stages_0_blocks_0_padding_rows.pdf,/ceph/sagnihot/projects/Lorena_Contrastive_Representation_Arch/training_dense_testing_sparse/outputs/figures/mnist/swin_tiny/support/clean/stages_0_blocks_0_padding_rows.csv,57badbf80eba66c3a91abb80a6a85dc8f93c3bde9ada955c4ec4d4c9d79adbca,fd0f901e1fd0332987b190c8141b020fa1c17cc102f1d830b0941bf00900313e,300,vector PDF; 300 dpi for rasterized content
training_dense_testing_sparse,Sparsity and token support,mnist,swin_tiny,training_dense_testing_sparse/results/mnist/swin_tiny/support/clean/stages_1_blocks_0_active_per_image.pdf,training_dense_testing_sparse/results/mnist/swin_tiny/support/clean/stages_1_blocks_0_active_per_image.csv,/ceph/sagnihot/projects/Lorena_Contrastive_Representation_Arch/training_dense_testing_sparse/outputs/figures/mnist/swin_tiny/support/clean/stages_1_blocks_0_active_per_image.pdf,/ceph/sagnihot/projects/Lorena_Contrastive_Representation_Arch/training_dense_testing_sparse/outputs/figures/mnist/swin_tiny/support/clean/stages_1_blocks_0_active_per_image.csv,86aa890ab4a0dcef29feeba713ce8d5b380ecb2a89296ffd19823b3177ee9a2d,8b5678023ca49af4ba0cfb4d7263c41e3785179b8107c7a51f5116e3268aa834,300,vector PDF; 300 dpi for rasterized content
training_dense_testing_sparse,Sparsity and token support,mnist,swin_tiny,training_dense_testing_sparse/results/mnist/swin_tiny/support/clean/stages_1_blocks_0_padding_rows.pdf,training_dense_testing_sparse/results/mnist/swin_tiny/support/clean/stages_1_blocks_0_padding_rows.csv,/ceph/sagnihot/projects/Lorena_Contrastive_Representation_Arch/training_dense_testing_sparse/outputs/figures/mnist/swin_tiny/support/clean/stages_1_blocks_0_padding_rows.pdf,/ceph/sagnihot/projects/Lorena_Contrastive_Representation_Arch/training_dense_testing_sparse/outputs/figures/mnist/swin_tiny/support/clean/stages_1_blocks_0_padding_rows.csv,559a336405eb438e62ba0c28d2aa2e9835d51eb380c57f416954b75c322caeab,a60489875d4c0e6b027e5ec3456063815dac843e251cbec398bdbd6af077d8d1,300,vector PDF; 300 dpi for rasterized content
training_dense_testing_sparse,Sparsity and token support,mnist,swin_tiny,training_dense_testing_sparse/results/mnist/swin_tiny/support/clean/stages_2_blocks_0_active_per_image.pdf,training_dense_testing_sparse/results/mnist/swin_tiny/support/clean/stages_2_blocks_0_active_per_image.csv,/ceph/sagnihot/projects/Lorena_Contrastive_Representation_Arch/training_dense_testing_sparse/outputs/figures/mnist/swin_tiny/support/clean/stages_2_blocks_0_active_per_image.pdf,/ceph/sagnihot/projects/Lorena_Contrastive_Representation_Arch/training_dense_testing_sparse/outputs/figures/mnist/swin_tiny/support/clean/stages_2_blocks_0_active_per_image.csv,afcb23187e9248598009368add119e8bd92e4251cda89a1cc2d3447737aee6c8,b513d2d6d60767682b80f89cdf3f7faa92232062e0687c9abd304d1a3e469a49,300,vector PDF; 300 dpi for rasterized content
training_dense_testing_sparse,Sparsity and token support,mnist,swin_tiny,training_dense_testing_sparse/results/mnist/swin_tiny/support/clean/stages_2_blocks_0_padding_rows.pdf,training_dense_testing_sparse/results/mnist/swin_tiny/support/clean/stages_2_blocks_0_padding_rows.csv,/ceph/sagnihot/projects/Lorena_Contrastive_Representation_Arch/training_dense_testing_sparse/outputs/figures/mnist/swin_tiny/support/clean/stages_2_blocks_0_padding_rows.pdf,/ceph/sagnihot/projects/Lorena_Contrastive_Representation_Arch/training_dense_testing_sparse/outputs/figures/mnist/swin_tiny/support/clean/stages_2_blocks_0_padding_rows.csv,0f26026aacb0e1ed74fb03f29fe8a3065fa817c824155fa7b0ad3ed9b61d821b,c902700fe8c2efd5249596b81879e437605d5e4db388b2d25ade3cb54393e5ca,300,vector PDF; 300 dpi for rasterized content
training_dense_testing_sparse,Sparsity and token support,mnist,swin_tiny,training_dense_testing_sparse/results/mnist/swin_tiny/support/clean/stages_3_blocks_0_active_per_image.pdf,training_dense_testing_sparse/results/mnist/swin_tiny/support/clean/stages_3_blocks_0_active_per_image.csv,/ceph/sagnihot/projects/Lorena_Contrastive_Representation_Arch/training_dense_testing_sparse/outputs/figures/mnist/swin_tiny/support/clean/stages_3_blocks_0_active_per_image.pdf,/ceph/sagnihot/projects/Lorena_Contrastive_Representation_Arch/training_dense_testing_sparse/outputs/figures/mnist/swin_tiny/support/clean/stages_3_blocks_0_active_per_image.csv,d6e62a326dfb3e3ce7f1aad3dd8e23cce4c4417ccbdb27e7a0c9e3865a5ec0f1,80e378a9e6b634b237cbac0638528021c08e97ba7c880cc1cebbf87b758d9332,300,vector PDF; 300 dpi for rasterized content
training_dense_testing_sparse,Sparsity and token support,mnist,swin_tiny,training_dense_testing_sparse/results/mnist/swin_tiny/support/clean/stages_3_blocks_0_padding_rows.pdf,training_dense_testing_sparse/results/mnist/swin_tiny/support/clean/stages_3_blocks_0_padding_rows.csv,/ceph/sagnihot/projects/Lorena_Contrastive_Representation_Arch/training_dense_testing_sparse/outputs/figures/mnist/swin_tiny/support/clean/stages_3_blocks_0_padding_rows.pdf,/ceph/sagnihot/projects/Lorena_Contrastive_Representation_Arch/training_dense_testing_sparse/outputs/figures/mnist/swin_tiny/support/clean/stages_3_blocks_0_padding_rows.csv,b193a680749534cb3b77fed2ed099d1c6d2921a22e59f93a71e0438ed7a40d98,9a417769b5f42f7ffe8548eeac1bbf1260c53824967bfaecddcd80f9205895db,300,vector PDF; 300 dpi for rasterized content
training_dense_testing_sparse,"Accuracy, robustness and loss",mnist,vit_small,training_dense_testing_sparse/results/mnist/vit_small/brightness_accuracy.pdf,training_dense_testing_sparse/results/mnist/vit_small/brightness_accuracy.csv,/ceph/sagnihot/projects/Lorena_Contrastive_Representation_Arch/training_dense_testing_sparse/outputs/figures/mnist/vit_small/brightness_accuracy.pdf,/ceph/sagnihot/projects/Lorena_Contrastive_Representation_Arch/training_dense_testing_sparse/outputs/figures/mnist/vit_small/brightness_accuracy.csv,2fb350c9b47baed2d61a38b6c81a4c62a747204942b6eb43059f18f0258f6fb2,74ef2ee67bc28f6b8a3ca3ed09a0af8c610dc17a1b7e54d65ec37e60583571d9,300,vector PDF; 300 dpi for rasterized content
training_dense_testing_sparse,"Accuracy, robustness and loss",mnist,vit_small,training_dense_testing_sparse/results/mnist/vit_small/clean_accuracy.pdf,training_dense_testing_sparse/results/mnist/vit_small/clean_accuracy.csv,/ceph/sagnihot/projects/Lorena_Contrastive_Representation_Arch/training_dense_testing_sparse/outputs/figures/mnist/vit_small/clean_accuracy.pdf,/ceph/sagnihot/projects/Lorena_Contrastive_Representation_Arch/training_dense_testing_sparse/outputs/figures/mnist/vit_small/clean_accuracy.csv,c7135205d480330958ba2f5848460f8bea930d1d6b66b79ebeb747d6bffe63a3,74ef2ee67bc28f6b8a3ca3ed09a0af8c610dc17a1b7e54d65ec37e60583571d9,300,vector PDF; 300 dpi for rasterized content
training_dense_testing_sparse,"Accuracy, robustness and loss",mnist,vit_small,training_dense_testing_sparse/results/mnist/vit_small/clean_loss.pdf,training_dense_testing_sparse/results/mnist/vit_small/clean_loss.csv,/ceph/sagnihot/projects/Lorena_Contrastive_Representation_Arch/training_dense_testing_sparse/outputs/figures/mnist/vit_small/clean_loss.pdf,/ceph/sagnihot/projects/Lorena_Contrastive_Representation_Arch/training_dense_testing_sparse/outputs/figures/mnist/vit_small/clean_loss.csv,18a29ed0e5b3c11d666b031ddb69ca3f6548325aebbef5d4914be93f88e623bb,74ef2ee67bc28f6b8a3ca3ed09a0af8c610dc17a1b7e54d65ec37e60583571d9,300,vector PDF; 300 dpi for rasterized content
training_dense_testing_sparse,"Accuracy, robustness and loss",mnist,vit_small,training_dense_testing_sparse/results/mnist/vit_small/delta_clean_accuracy_from_original.pdf,training_dense_testing_sparse/results/mnist/vit_small/delta_clean_accuracy_from_original.csv,/ceph/sagnihot/projects/Lorena_Contrastive_Representation_Arch/training_dense_testing_sparse/outputs/figures/mnist/vit_small/delta_clean_accuracy_from_original.pdf,/ceph/sagnihot/projects/Lorena_Contrastive_Representation_Arch/training_dense_testing_sparse/outputs/figures/mnist/vit_small/delta_clean_accuracy_from_original.csv,fa87cf4703ec97439c1d38ea75d5c92b9d79f5b219f3bb9f0c4ca60f165939c9,74ef2ee67bc28f6b8a3ca3ed09a0af8c610dc17a1b7e54d65ec37e60583571d9,300,vector PDF; 300 dpi for rasterized content
training_dense_testing_sparse,"Accuracy, robustness and loss",mnist,vit_small,training_dense_testing_sparse/results/mnist/vit_small/delta_mCE_raw_from_original.pdf,training_dense_testing_sparse/results/mnist/vit_small/delta_mCE_raw_from_original.csv,/ceph/sagnihot/projects/Lorena_Contrastive_Representation_Arch/training_dense_testing_sparse/outputs/figures/mnist/vit_small/delta_mCE_raw_from_original.pdf,/ceph/sagnihot/projects/Lorena_Contrastive_Representation_Arch/training_dense_testing_sparse/outputs/figures/mnist/vit_small/delta_mCE_raw_from_original.csv,458798b5f72b1d1f5123ea3390734c0bddcfc76441d0c5426a508e370ebc15ea,74ef2ee67bc28f6b8a3ca3ed09a0af8c610dc17a1b7e54d65ec37e60583571d9,300,vector PDF; 300 dpi for rasterized content
training_dense_testing_sparse,"Accuracy, robustness and loss",mnist,vit_small,training_dense_testing_sparse/results/mnist/vit_small/fog_accuracy.pdf,training_dense_testing_sparse/results/mnist/vit_small/fog_accuracy.csv,/ceph/sagnihot/projects/Lorena_Contrastive_Representation_Arch/training_dense_testing_sparse/outputs/figures/mnist/vit_small/fog_accuracy.pdf,/ceph/sagnihot/projects/Lorena_Contrastive_Representation_Arch/training_dense_testing_sparse/outputs/figures/mnist/vit_small/fog_accuracy.csv,25da9ad3f37846abda3d6ef30b40e53d995d4e8661584fa1da2ab14981858bb7,74ef2ee67bc28f6b8a3ca3ed09a0af8c610dc17a1b7e54d65ec37e60583571d9,300,vector PDF; 300 dpi for rasterized content
training_dense_testing_sparse,"Accuracy, robustness and loss",mnist,vit_small,training_dense_testing_sparse/results/mnist/vit_small/mCE_raw.pdf,training_dense_testing_sparse/results/mnist/vit_small/mCE_raw.csv,/ceph/sagnihot/projects/Lorena_Contrastive_Representation_Arch/training_dense_testing_sparse/outputs/figures/mnist/vit_small/mCE_raw.pdf,/ceph/sagnihot/projects/Lorena_Contrastive_Representation_Arch/training_dense_testing_sparse/outputs/figures/mnist/vit_small/mCE_raw.csv,14fb5cb06e08893b8b0cc3f0893266e3c61827da90a6dbb30166730f7da2adcc,74ef2ee67bc28f6b8a3ca3ed09a0af8c610dc17a1b7e54d65ec37e60583571d9,300,vector PDF; 300 dpi for rasterized content
training_dense_testing_sparse,"Accuracy, robustness and loss",mnist,vit_small,training_dense_testing_sparse/results/mnist/vit_small/mean_corruption_loss.pdf,training_dense_testing_sparse/results/mnist/vit_small/mean_corruption_loss.csv,/ceph/sagnihot/projects/Lorena_Contrastive_Representation_Arch/training_dense_testing_sparse/outputs/figures/mnist/vit_small/mean_corruption_loss.pdf,/ceph/sagnihot/projects/Lorena_Contrastive_Representation_Arch/training_dense_testing_sparse/outputs/figures/mnist/vit_small/mean_corruption_loss.csv,359a377e52e3c606c6314dea90db89259dca69348678213e8c4f62709454bb7d,74ef2ee67bc28f6b8a3ca3ed09a0af8c610dc17a1b7e54d65ec37e60583571d9,300,vector PDF; 300 dpi for rasterized content
training_dense_testing_sparse,Corruption breakdowns,mnist,vit_small,training_dense_testing_sparse/results/mnist/vit_small/per_corruption_error.pdf,training_dense_testing_sparse/results/mnist/vit_small/per_corruption_error.csv,/ceph/sagnihot/projects/Lorena_Contrastive_Representation_Arch/training_dense_testing_sparse/outputs/figures/mnist/vit_small/per_corruption_error.pdf,/ceph/sagnihot/projects/Lorena_Contrastive_Representation_Arch/training_dense_testing_sparse/outputs/figures/mnist/vit_small/per_corruption_error.csv,174f721bbf0523a55fa0a5a0b887a614807068b1940abdb354e3ba55a2d48fac,c3303889d0d9fb8bc3096f311d0ef57ae42f780c84cd5430889dc7fc3762332a,300,vector PDF; 300 dpi for rasterized content
training_dense_testing_sparse,Sparsity and token support,mnist,vit_small,training_dense_testing_sparse/results/mnist/vit_small/support/balanced_corruption/achieved_zero_fraction.pdf,training_dense_testing_sparse/results/mnist/vit_small/support/balanced_corruption/achieved_zero_fraction.csv,/ceph/sagnihot/projects/Lorena_Contrastive_Representation_Arch/training_dense_testing_sparse/outputs/figures/mnist/vit_small/support/balanced_corruption/achieved_zero_fraction.pdf,/ceph/sagnihot/projects/Lorena_Contrastive_Representation_Arch/training_dense_testing_sparse/outputs/figures/mnist/vit_small/support/balanced_corruption/achieved_zero_fraction.csv,39a708ec33bbca37e22fe837272da19e9e7c85aa0631d9bbc379edc59dc8dc38,ed13e3bb0d53ebcdc98c463ac733b17f890fa4c13db158783141f98807f897d2,300,vector PDF; 300 dpi for rasterized content
training_dense_testing_sparse,Sparsity and token support,mnist,vit_small,training_dense_testing_sparse/results/mnist/vit_small/support/balanced_corruption/natural_zero_fraction.pdf,training_dense_testing_sparse/results/mnist/vit_small/support/balanced_corruption/natural_zero_fraction.csv,/ceph/sagnihot/projects/Lorena_Contrastive_Representation_Arch/training_dense_testing_sparse/outputs/figures/mnist/vit_small/support/balanced_corruption/natural_zero_fraction.pdf,/ceph/sagnihot/projects/Lorena_Contrastive_Representation_Arch/training_dense_testing_sparse/outputs/figures/mnist/vit_small/support/balanced_corruption/natural_zero_fraction.csv,2e07ca181a9efe92f178412e8668d2471989a1e9efda467577d43a4d2e3ba028,9075e6695920b5d5fd1d1fae279e94ec7d2e5e399a52ced9df447924e3fc5cf2,300,vector PDF; 300 dpi for rasterized content
training_dense_testing_sparse,Sparsity and token support,mnist,vit_small,training_dense_testing_sparse/results/mnist/vit_small/support/balanced_corruption/padding_tokens.pdf,training_dense_testing_sparse/results/mnist/vit_small/support/balanced_corruption/padding_tokens.csv,/ceph/sagnihot/projects/Lorena_Contrastive_Representation_Arch/training_dense_testing_sparse/outputs/figures/mnist/vit_small/support/balanced_corruption/padding_tokens.pdf,/ceph/sagnihot/projects/Lorena_Contrastive_Representation_Arch/training_dense_testing_sparse/outputs/figures/mnist/vit_small/support/balanced_corruption/padding_tokens.csv,4df566f1ad4ccdf4574e1b63a74e38ab39b0169b69d636b6518effcd52402be5,0ba5fa7f836428a7b2d22690543ec1b10686c6f796d500b3e91894634e0e1f33,300,vector PDF; 300 dpi for rasterized content
training_dense_testing_sparse,Sparsity and token support,mnist,vit_small,training_dense_testing_sparse/results/mnist/vit_small/support/balanced_corruption/retained_patches.pdf,training_dense_testing_sparse/results/mnist/vit_small/support/balanced_corruption/retained_patches.csv,/ceph/sagnihot/projects/Lorena_Contrastive_Representation_Arch/training_dense_testing_sparse/outputs/figures/mnist/vit_small/support/balanced_corruption/retained_patches.pdf,/ceph/sagnihot/projects/Lorena_Contrastive_Representation_Arch/training_dense_testing_sparse/outputs/figures/mnist/vit_small/support/balanced_corruption/retained_patches.csv,4f3c000a6d0b729ac6837eed3d2880bb40eb9dfe86c28168af971bb3c6eb4be3,91a47225807820bebbd1ef1b0943c683ce2c6cf258a7a97c90ab0761acfc832d,300,vector PDF; 300 dpi for rasterized content
training_dense_testing_sparse,Sparsity and token support,mnist,vit_small,training_dense_testing_sparse/results/mnist/vit_small/support/balanced_corruption/spatial_zero_fraction.pdf,training_dense_testing_sparse/results/mnist/vit_small/support/balanced_corruption/spatial_zero_fraction.csv,/ceph/sagnihot/projects/Lorena_Contrastive_Representation_Arch/training_dense_testing_sparse/outputs/figures/mnist/vit_small/support/balanced_corruption/spatial_zero_fraction.pdf,/ceph/sagnihot/projects/Lorena_Contrastive_Representation_Arch/training_dense_testing_sparse/outputs/figures/mnist/vit_small/support/balanced_corruption/spatial_zero_fraction.csv,b604baf631063fab5f6a79ee92792946b9c4048a194b21f8f34a7fa6d8bde058,6ef5ed522a3494b86c8bbe9ec7c858d4c7bbf54dc3a24467ef26007bed323c89,300,vector PDF; 300 dpi for rasterized content
training_dense_testing_sparse,Sparsity and token support,mnist,vit_small,training_dense_testing_sparse/results/mnist/vit_small/support/clean/achieved_zero_fraction.pdf,training_dense_testing_sparse/results/mnist/vit_small/support/clean/achieved_zero_fraction.csv,/ceph/sagnihot/projects/Lorena_Contrastive_Representation_Arch/training_dense_testing_sparse/outputs/figures/mnist/vit_small/support/clean/achieved_zero_fraction.pdf,/ceph/sagnihot/projects/Lorena_Contrastive_Representation_Arch/training_dense_testing_sparse/outputs/figures/mnist/vit_small/support/clean/achieved_zero_fraction.csv,c4a40044684e7865e5fe7af5cd8ccd98f8d812e48fba7b93ed9b4aa2784c2d37,747ec27005c93cbc2b6e359d05bc9de5a0a3b551c2b93bfd8c01f9d3d6ec11b0,300,vector PDF; 300 dpi for rasterized content
training_dense_testing_sparse,Sparsity and token support,mnist,vit_small,training_dense_testing_sparse/results/mnist/vit_small/support/clean/natural_zero_fraction.pdf,training_dense_testing_sparse/results/mnist/vit_small/support/clean/natural_zero_fraction.csv,/ceph/sagnihot/projects/Lorena_Contrastive_Representation_Arch/training_dense_testing_sparse/outputs/figures/mnist/vit_small/support/clean/natural_zero_fraction.pdf,/ceph/sagnihot/projects/Lorena_Contrastive_Representation_Arch/training_dense_testing_sparse/outputs/figures/mnist/vit_small/support/clean/natural_zero_fraction.csv,029692160c2c5ebd6dd1f2b7fefe6223866d49ddb38ff4733deda42b0d705d5a,53ccbf7d2b6aeb4ddab10823a451936d9ecd150ce5acabd25eae103c17b31283,300,vector PDF; 300 dpi for rasterized content
training_dense_testing_sparse,Sparsity and token support,mnist,vit_small,training_dense_testing_sparse/results/mnist/vit_small/support/clean/padding_tokens.pdf,training_dense_testing_sparse/results/mnist/vit_small/support/clean/padding_tokens.csv,/ceph/sagnihot/projects/Lorena_Contrastive_Representation_Arch/training_dense_testing_sparse/outputs/figures/mnist/vit_small/support/clean/padding_tokens.pdf,/ceph/sagnihot/projects/Lorena_Contrastive_Representation_Arch/training_dense_testing_sparse/outputs/figures/mnist/vit_small/support/clean/padding_tokens.csv,18470c6f037bd4e94f5d5854fa85f7d9c7d27c88f9620ac2eef0d7c63fe39fbd,68c0b7818aaf83d0ca6b1c366a77bc8ed8dacc81b6aa1590a7fe2ace8d1eba44,300,vector PDF; 300 dpi for rasterized content
training_dense_testing_sparse,Sparsity and token support,mnist,vit_small,training_dense_testing_sparse/results/mnist/vit_small/support/clean/retained_patches.pdf,training_dense_testing_sparse/results/mnist/vit_small/support/clean/retained_patches.csv,/ceph/sagnihot/projects/Lorena_Contrastive_Representation_Arch/training_dense_testing_sparse/outputs/figures/mnist/vit_small/support/clean/retained_patches.pdf,/ceph/sagnihot/projects/Lorena_Contrastive_Representation_Arch/training_dense_testing_sparse/outputs/figures/mnist/vit_small/support/clean/retained_patches.csv,6d50e91a7c6550efb494f6137bf5bb6685417e8ef0fe7b089c25210bb5045fb8,d62c2ae4a1aca7037630db839e4612b710871a197fe62703b55f80e93e53c36a,300,vector PDF; 300 dpi for rasterized content
training_dense_testing_sparse,Sparsity and token support,mnist,vit_small,training_dense_testing_sparse/results/mnist/vit_small/support/clean/spatial_zero_fraction.pdf,training_dense_testing_sparse/results/mnist/vit_small/support/clean/spatial_zero_fraction.csv,/ceph/sagnihot/projects/Lorena_Contrastive_Representation_Arch/training_dense_testing_sparse/outputs/figures/mnist/vit_small/support/clean/spatial_zero_fraction.pdf,/ceph/sagnihot/projects/Lorena_Contrastive_Representation_Arch/training_dense_testing_sparse/outputs/figures/mnist/vit_small/support/clean/spatial_zero_fraction.csv,2d7451be63f53b1c5ac552927d1e1bf4349a4295758f15d19540af6e8331ce56,73a552a39ee8f2165ab28fe2d89565d9c478cd2dcfc686717f1040cc9595d42a,300,vector PDF; 300 dpi for rasterized content
