registry_id,dataset,architecture,representation,execution,sparsity_percent,seed,protocol,training_count,epoch,split,loss,accuracy,count,checkpoint_policy
mnist/vit_small/raw/dense/pNA/seed0,mnist,vit_small,raw,dense,,0,heldout_val,55000,0,train_online,0.874808927991038,0.7034181818181818,55000,final_epoch_primary
mnist/vit_small/raw/dense/pNA/seed0,mnist,vit_small,raw,dense,,0,heldout_val,55000,0,heldout_val,0.4337826488181949,0.8828,5000,final_epoch_primary
mnist/vit_small/raw/dense/pNA/seed0,mnist,vit_small,raw,dense,,0,heldout_val,55000,1,train_online,0.39822920490704816,0.9019090909090909,55000,final_epoch_primary
mnist/vit_small/raw/dense/pNA/seed0,mnist,vit_small,raw,dense,,0,heldout_val,55000,1,heldout_val,0.332575869484432,0.923,5000,final_epoch_primary
mnist/vit_small/raw/dense/pNA/seed0,mnist,vit_small,raw,dense,,0,heldout_val,55000,2,train_online,0.33636086699847895,0.919309090909091,55000,final_epoch_primary
mnist/vit_small/raw/dense/pNA/seed0,mnist,vit_small,raw,dense,,0,heldout_val,55000,2,heldout_val,0.4123656499952078,0.8846,5000,final_epoch_primary
mnist/vit_small/raw/dense/pNA/seed0,mnist,vit_small,raw,dense,,0,heldout_val,55000,3,train_online,0.30215188756115224,0.9247454545454545,55000,final_epoch_primary
mnist/vit_small/raw/dense/pNA/seed0,mnist,vit_small,raw,dense,,0,heldout_val,55000,3,heldout_val,0.34368930512825024,0.9174,5000,final_epoch_primary
mnist/vit_small/raw/dense/pNA/seed0,mnist,vit_small,raw,dense,,0,heldout_val,55000,4,train_online,0.31529467862236565,0.9202363636363636,55000,final_epoch_primary
mnist/vit_small/raw/dense/pNA/seed0,mnist,vit_small,raw,dense,,0,heldout_val,55000,4,heldout_val,0.28459903619624677,0.926,5000,final_epoch_primary
mnist/vit_small/raw/dense/pNA/seed0,mnist,vit_small,raw,dense,,0,heldout_val,55000,5,train_online,0.3136141779414315,0.9227818181818181,55000,final_epoch_primary
mnist/vit_small/raw/dense/pNA/seed0,mnist,vit_small,raw,dense,,0,heldout_val,55000,5,heldout_val,0.2820832039681263,0.9274,5000,final_epoch_primary
mnist/vit_small/raw/dense/pNA/seed0,mnist,vit_small,raw,dense,,0,heldout_val,55000,6,train_online,0.29340783567027695,0.9280909090909091,55000,final_epoch_primary
mnist/vit_small/raw/dense/pNA/seed0,mnist,vit_small,raw,dense,,0,heldout_val,55000,6,heldout_val,0.30681925212084316,0.9306,5000,final_epoch_primary
mnist/vit_small/raw/dense/pNA/seed0,mnist,vit_small,raw,dense,,0,heldout_val,55000,7,train_online,0.26336766444837295,0.9362545454545455,55000,final_epoch_primary
mnist/vit_small/raw/dense/pNA/seed0,mnist,vit_small,raw,dense,,0,heldout_val,55000,7,heldout_val,0.24334972204174846,0.9398,5000,final_epoch_primary
mnist/vit_small/raw/dense/pNA/seed0,mnist,vit_small,raw,dense,,0,heldout_val,55000,8,train_online,0.23696351108352695,0.9431818181818182,55000,final_epoch_primary
mnist/vit_small/raw/dense/pNA/seed0,mnist,vit_small,raw,dense,,0,heldout_val,55000,8,heldout_val,0.19920380811030045,0.9454,5000,final_epoch_primary
mnist/vit_small/raw/dense/pNA/seed0,mnist,vit_small,raw,dense,,0,heldout_val,55000,9,train_online,0.21464040673212148,0.9472909090909091,55000,final_epoch_primary
mnist/vit_small/raw/dense/pNA/seed0,mnist,vit_small,raw,dense,,0,heldout_val,55000,9,heldout_val,0.2037799584579654,0.9462,5000,final_epoch_primary
mnist/vit_small/raw/dense/pNA/seed0,mnist,vit_small,raw,dense,,0,heldout_val,55000,10,train_online,0.19218586753111078,0.9525272727272728,55000,final_epoch_primary
mnist/vit_small/raw/dense/pNA/seed0,mnist,vit_small,raw,dense,,0,heldout_val,55000,10,heldout_val,0.25872979917938355,0.9386,5000,final_epoch_primary
mnist/vit_small/raw/dense/pNA/seed0,mnist,vit_small,raw,dense,,0,heldout_val,55000,11,train_online,0.17919829971504778,0.9566,55000,final_epoch_primary
mnist/vit_small/raw/dense/pNA/seed0,mnist,vit_small,raw,dense,,0,heldout_val,55000,11,heldout_val,0.22462432529232465,0.9394,5000,final_epoch_primary
mnist/vit_small/raw/dense/pNA/seed0,mnist,vit_small,raw,dense,,0,heldout_val,55000,12,train_online,0.17362409893163394,0.9576545454545454,55000,final_epoch_primary
mnist/vit_small/raw/dense/pNA/seed0,mnist,vit_small,raw,dense,,0,heldout_val,55000,12,heldout_val,0.16680311669069342,0.9616,5000,final_epoch_primary
mnist/vit_small/raw/dense/pNA/seed0,mnist,vit_small,raw,dense,,0,heldout_val,55000,13,train_online,0.16306859511872754,0.9607636363636364,55000,final_epoch_primary
mnist/vit_small/raw/dense/pNA/seed0,mnist,vit_small,raw,dense,,0,heldout_val,55000,13,heldout_val,0.18849360571070575,0.9562,5000,final_epoch_primary
mnist/vit_small/raw/dense/pNA/seed0,mnist,vit_small,raw,dense,,0,heldout_val,55000,14,train_online,0.14800277376162016,0.9634181818181818,55000,final_epoch_primary
mnist/vit_small/raw/dense/pNA/seed0,mnist,vit_small,raw,dense,,0,heldout_val,55000,14,heldout_val,0.13193760746456681,0.9646,5000,final_epoch_primary
mnist/vit_small/raw/dense/pNA/seed0,mnist,vit_small,raw,dense,,0,heldout_val,55000,15,train_online,0.1439979374967833,0.9650363636363636,55000,final_epoch_primary
mnist/vit_small/raw/dense/pNA/seed0,mnist,vit_small,raw,dense,,0,heldout_val,55000,15,heldout_val,0.18784667374130803,0.9578,5000,final_epoch_primary
mnist/vit_small/raw/dense/pNA/seed0,mnist,vit_small,raw,dense,,0,heldout_val,55000,16,train_online,0.1355743866825053,0.9660909090909091,55000,final_epoch_primary
mnist/vit_small/raw/dense/pNA/seed0,mnist,vit_small,raw,dense,,0,heldout_val,55000,16,heldout_val,0.17708394525549376,0.9558,5000,final_epoch_primary
mnist/vit_small/raw/dense/pNA/seed0,mnist,vit_small,raw,dense,,0,heldout_val,55000,17,train_online,0.1328965864663658,0.9681636363636363,55000,final_epoch_primary
mnist/vit_small/raw/dense/pNA/seed0,mnist,vit_small,raw,dense,,0,heldout_val,55000,17,heldout_val,0.20009676647288724,0.9538,5000,final_epoch_primary
mnist/vit_small/raw/dense/pNA/seed0,mnist,vit_small,raw,dense,,0,heldout_val,55000,18,train_online,0.12633920822134243,0.9698909090909091,55000,final_epoch_primary
mnist/vit_small/raw/dense/pNA/seed0,mnist,vit_small,raw,dense,,0,heldout_val,55000,18,heldout_val,0.14025737209829967,0.9678,5000,final_epoch_primary
mnist/vit_small/raw/dense/pNA/seed0,mnist,vit_small,raw,dense,,0,heldout_val,55000,19,train_online,0.12017117953788997,0.9705636363636364,55000,final_epoch_primary
mnist/vit_small/raw/dense/pNA/seed0,mnist,vit_small,raw,dense,,0,heldout_val,55000,19,heldout_val,0.1542908669444034,0.9644,5000,final_epoch_primary
mnist/vit_small/raw/dense/pNA/seed0,mnist,vit_small,raw,dense,,0,heldout_val,55000,20,train_online,0.11699225065046392,0.9714363636363637,55000,final_epoch_primary
mnist/vit_small/raw/dense/pNA/seed0,mnist,vit_small,raw,dense,,0,heldout_val,55000,20,heldout_val,0.13684362416621298,0.9674,5000,final_epoch_primary
mnist/vit_small/raw/dense/pNA/seed0,mnist,vit_small,raw,dense,,0,heldout_val,55000,21,train_online,0.11059049620931778,0.9730363636363636,55000,final_epoch_primary
mnist/vit_small/raw/dense/pNA/seed0,mnist,vit_small,raw,dense,,0,heldout_val,55000,21,heldout_val,0.15002556397115113,0.9644,5000,final_epoch_primary
mnist/vit_small/raw/dense/pNA/seed0,mnist,vit_small,raw,dense,,0,heldout_val,55000,22,train_online,0.10447390019987625,0.974690909090909,55000,final_epoch_primary
mnist/vit_small/raw/dense/pNA/seed0,mnist,vit_small,raw,dense,,0,heldout_val,55000,22,heldout_val,0.1408581080488162,0.9702,5000,final_epoch_primary
mnist/vit_small/raw/dense/pNA/seed0,mnist,vit_small,raw,dense,,0,heldout_val,55000,23,train_online,0.09749282040349208,0.9763272727272727,55000,final_epoch_primary
mnist/vit_small/raw/dense/pNA/seed0,mnist,vit_small,raw,dense,,0,heldout_val,55000,23,heldout_val,0.14596499131284654,0.969,5000,final_epoch_primary
mnist/vit_small/raw/dense/pNA/seed0,mnist,vit_small,raw,dense,,0,heldout_val,55000,24,train_online,0.09141325729488745,0.9785636363636364,55000,final_epoch_primary
mnist/vit_small/raw/dense/pNA/seed0,mnist,vit_small,raw,dense,,0,heldout_val,55000,24,heldout_val,0.1669764974242309,0.968,5000,final_epoch_primary
mnist/vit_small/raw/dense/pNA/seed0,mnist,vit_small,raw,dense,,0,heldout_val,55000,25,train_online,0.08915372281027428,0.9788363636363636,55000,final_epoch_primary
mnist/vit_small/raw/dense/pNA/seed0,mnist,vit_small,raw,dense,,0,heldout_val,55000,25,heldout_val,0.14633009910866385,0.9716,5000,final_epoch_primary
mnist/vit_small/raw/dense/pNA/seed0,mnist,vit_small,raw,dense,,0,heldout_val,55000,26,train_online,0.08238989685902912,0.980890909090909,55000,final_epoch_primary
mnist/vit_small/raw/dense/pNA/seed0,mnist,vit_small,raw,dense,,0,heldout_val,55000,26,heldout_val,0.1371951111107599,0.9734,5000,final_epoch_primary
mnist/vit_small/raw/dense/pNA/seed0,mnist,vit_small,raw,dense,,0,heldout_val,55000,27,train_online,0.07726937046773065,0.9817272727272728,55000,final_epoch_primary
mnist/vit_small/raw/dense/pNA/seed0,mnist,vit_small,raw,dense,,0,heldout_val,55000,27,heldout_val,0.1464222713135765,0.9712,5000,final_epoch_primary
mnist/vit_small/raw/dense/pNA/seed0,mnist,vit_small,raw,dense,,0,heldout_val,55000,28,train_online,0.07347684012403426,0.9830181818181818,55000,final_epoch_primary
mnist/vit_small/raw/dense/pNA/seed0,mnist,vit_small,raw,dense,,0,heldout_val,55000,28,heldout_val,0.1333267670719186,0.9748,5000,final_epoch_primary
mnist/vit_small/raw/dense/pNA/seed0,mnist,vit_small,raw,dense,,0,heldout_val,55000,29,train_online,0.06731001112181746,0.9841090909090909,55000,final_epoch_primary
mnist/vit_small/raw/dense/pNA/seed0,mnist,vit_small,raw,dense,,0,heldout_val,55000,29,heldout_val,0.12556378452122444,0.974,5000,final_epoch_primary
mnist/vit_small/raw/dense/pNA/seed0,mnist,vit_small,raw,dense,,0,heldout_val,55000,30,train_online,0.061968257042465585,0.986,55000,final_epoch_primary
mnist/vit_small/raw/dense/pNA/seed0,mnist,vit_small,raw,dense,,0,heldout_val,55000,30,heldout_val,0.14221584794597003,0.9746,5000,final_epoch_primary
mnist/vit_small/raw/dense/pNA/seed0,mnist,vit_small,raw,dense,,0,heldout_val,55000,31,train_online,0.05798040602174905,0.9868727272727272,55000,final_epoch_primary
mnist/vit_small/raw/dense/pNA/seed0,mnist,vit_small,raw,dense,,0,heldout_val,55000,31,heldout_val,0.11920069208869245,0.9744,5000,final_epoch_primary
mnist/vit_small/raw/dense/pNA/seed0,mnist,vit_small,raw,dense,,0,heldout_val,55000,32,train_online,0.052716369116312126,0.9882,55000,final_epoch_primary
mnist/vit_small/raw/dense/pNA/seed0,mnist,vit_small,raw,dense,,0,heldout_val,55000,32,heldout_val,0.14938070882029134,0.9714,5000,final_epoch_primary
mnist/vit_small/raw/dense/pNA/seed0,mnist,vit_small,raw,dense,,0,heldout_val,55000,33,train_online,0.045909108626202476,0.989909090909091,55000,final_epoch_primary
mnist/vit_small/raw/dense/pNA/seed0,mnist,vit_small,raw,dense,,0,heldout_val,55000,33,heldout_val,0.11820998702347278,0.9784,5000,final_epoch_primary
mnist/vit_small/raw/dense/pNA/seed0,mnist,vit_small,raw,dense,,0,heldout_val,55000,34,train_online,0.041477957141998395,0.9906,55000,final_epoch_primary
mnist/vit_small/raw/dense/pNA/seed0,mnist,vit_small,raw,dense,,0,heldout_val,55000,34,heldout_val,0.12362852215536405,0.9786,5000,final_epoch_primary
mnist/vit_small/raw/dense/pNA/seed0,mnist,vit_small,raw,dense,,0,heldout_val,55000,35,train_online,0.034468335196894954,0.9923272727272727,55000,final_epoch_primary
mnist/vit_small/raw/dense/pNA/seed0,mnist,vit_small,raw,dense,,0,heldout_val,55000,35,heldout_val,0.1475380825070024,0.9754,5000,final_epoch_primary
mnist/vit_small/raw/dense/pNA/seed0,mnist,vit_small,raw,dense,,0,heldout_val,55000,36,train_online,0.03131317161024503,0.993,55000,final_epoch_primary
mnist/vit_small/raw/dense/pNA/seed0,mnist,vit_small,raw,dense,,0,heldout_val,55000,36,heldout_val,0.12675692107505457,0.9798,5000,final_epoch_primary
mnist/vit_small/raw/dense/pNA/seed0,mnist,vit_small,raw,dense,,0,heldout_val,55000,37,train_online,0.025737874656074036,0.9942545454545455,55000,final_epoch_primary
mnist/vit_small/raw/dense/pNA/seed0,mnist,vit_small,raw,dense,,0,heldout_val,55000,37,heldout_val,0.1693410714285972,0.9744,5000,final_epoch_primary
mnist/vit_small/raw/dense/pNA/seed0,mnist,vit_small,raw,dense,,0,heldout_val,55000,38,train_online,0.020094427078305704,0.9957454545454546,55000,final_epoch_primary
mnist/vit_small/raw/dense/pNA/seed0,mnist,vit_small,raw,dense,,0,heldout_val,55000,38,heldout_val,0.14892733123566285,0.9786,5000,final_epoch_primary
mnist/vit_small/raw/dense/pNA/seed0,mnist,vit_small,raw,dense,,0,heldout_val,55000,39,train_online,0.017121549191888796,0.9963454545454545,55000,final_epoch_primary
mnist/vit_small/raw/dense/pNA/seed0,mnist,vit_small,raw,dense,,0,heldout_val,55000,39,heldout_val,0.1463949731909386,0.979,5000,final_epoch_primary
mnist/vit_small/raw/dense/pNA/seed0,mnist,vit_small,raw,dense,,0,heldout_val,55000,40,train_online,0.01247161590892174,0.9973818181818181,55000,final_epoch_primary
mnist/vit_small/raw/dense/pNA/seed0,mnist,vit_small,raw,dense,,0,heldout_val,55000,40,heldout_val,0.17206008336977102,0.9774,5000,final_epoch_primary
mnist/vit_small/raw/dense/pNA/seed0,mnist,vit_small,raw,dense,,0,heldout_val,55000,41,train_online,0.010186899576421903,0.9978363636363636,55000,final_epoch_primary
mnist/vit_small/raw/dense/pNA/seed0,mnist,vit_small,raw,dense,,0,heldout_val,55000,41,heldout_val,0.1656080596337517,0.9786,5000,final_epoch_primary
mnist/vit_small/raw/dense/pNA/seed0,mnist,vit_small,raw,dense,,0,heldout_val,55000,42,train_online,0.0062252411344096885,0.9985636363636363,55000,final_epoch_primary
mnist/vit_small/raw/dense/pNA/seed0,mnist,vit_small,raw,dense,,0,heldout_val,55000,42,heldout_val,0.1688013848458275,0.9798,5000,final_epoch_primary
mnist/vit_small/raw/dense/pNA/seed0,mnist,vit_small,raw,dense,,0,heldout_val,55000,43,train_online,0.003414438867775706,0.9992909090909091,55000,final_epoch_primary
mnist/vit_small/raw/dense/pNA/seed0,mnist,vit_small,raw,dense,,0,heldout_val,55000,43,heldout_val,0.1834548986412905,0.9788,5000,final_epoch_primary
mnist/vit_small/raw/dense/pNA/seed0,mnist,vit_small,raw,dense,,0,heldout_val,55000,44,train_online,0.0020278782858641864,0.9994909090909091,55000,final_epoch_primary
mnist/vit_small/raw/dense/pNA/seed0,mnist,vit_small,raw,dense,,0,heldout_val,55000,44,heldout_val,0.19254274894539922,0.9786,5000,final_epoch_primary
mnist/vit_small/raw/dense/pNA/seed0,mnist,vit_small,raw,dense,,0,heldout_val,55000,45,train_online,0.0013855181662499737,0.9997636363636364,55000,final_epoch_primary
mnist/vit_small/raw/dense/pNA/seed0,mnist,vit_small,raw,dense,,0,heldout_val,55000,45,heldout_val,0.19677466907267754,0.98,5000,final_epoch_primary
mnist/vit_small/raw/dense/pNA/seed0,mnist,vit_small,raw,dense,,0,heldout_val,55000,46,train_online,0.0009862258340368995,0.9998,55000,final_epoch_primary
mnist/vit_small/raw/dense/pNA/seed0,mnist,vit_small,raw,dense,,0,heldout_val,55000,46,heldout_val,0.1923202676690691,0.9802,5000,final_epoch_primary
mnist/vit_small/raw/dense/pNA/seed0,mnist,vit_small,raw,dense,,0,heldout_val,55000,47,train_online,0.0005235553587989753,0.999890909090909,55000,final_epoch_primary
mnist/vit_small/raw/dense/pNA/seed0,mnist,vit_small,raw,dense,,0,heldout_val,55000,47,heldout_val,0.19337640886234095,0.981,5000,final_epoch_primary
mnist/vit_small/raw/dense/pNA/seed0,mnist,vit_small,raw,dense,,0,heldout_val,55000,48,train_online,0.0005218785304481489,0.9998545454545454,55000,final_epoch_primary
mnist/vit_small/raw/dense/pNA/seed0,mnist,vit_small,raw,dense,,0,heldout_val,55000,48,heldout_val,0.19921258307506287,0.9804,5000,final_epoch_primary
mnist/vit_small/raw/dense/pNA/seed0,mnist,vit_small,raw,dense,,0,heldout_val,55000,49,train_online,0.00029351909733837104,0.9999272727272728,55000,final_epoch_primary
mnist/vit_small/raw/dense/pNA/seed0,mnist,vit_small,raw,dense,,0,heldout_val,55000,49,heldout_val,0.2016525973701885,0.9806,5000,final_epoch_primary
mnist/vit_small/grayscale/compact/p0/seed0,mnist,vit_small,grayscale,compact,0,0,heldout_val,55000,0,train_online,0.8057141253464601,0.7316727272727273,55000,final_epoch_primary
mnist/vit_small/grayscale/compact/p0/seed0,mnist,vit_small,grayscale,compact,0,0,heldout_val,55000,0,heldout_val,0.4543609169140458,0.8724,5000,final_epoch_primary
mnist/vit_small/grayscale/compact/p0/seed0,mnist,vit_small,grayscale,compact,0,0,heldout_val,55000,1,train_online,0.3762055596435866,0.9029454545454545,55000,final_epoch_primary
mnist/vit_small/grayscale/compact/p0/seed0,mnist,vit_small,grayscale,compact,0,0,heldout_val,55000,1,heldout_val,0.3433701760695316,0.919,5000,final_epoch_primary
mnist/vit_small/grayscale/compact/p0/seed0,mnist,vit_small,grayscale,compact,0,0,heldout_val,55000,2,train_online,0.3093727654329755,0.9238181818181819,55000,final_epoch_primary
mnist/vit_small/grayscale/compact/p0/seed0,mnist,vit_small,grayscale,compact,0,0,heldout_val,55000,2,heldout_val,0.30440330102685836,0.9282,5000,final_epoch_primary
mnist/vit_small/grayscale/compact/p0/seed0,mnist,vit_small,grayscale,compact,0,0,heldout_val,55000,3,train_online,0.2842066275117411,0.9282727272727272,55000,final_epoch_primary
mnist/vit_small/grayscale/compact/p0/seed0,mnist,vit_small,grayscale,compact,0,0,heldout_val,55000,3,heldout_val,0.2904797775347717,0.9234,5000,final_epoch_primary
mnist/vit_small/grayscale/compact/p0/seed0,mnist,vit_small,grayscale,compact,0,0,heldout_val,55000,4,train_online,0.2730349560751622,0.9291454545454545,55000,final_epoch_primary
mnist/vit_small/grayscale/compact/p0/seed0,mnist,vit_small,grayscale,compact,0,0,heldout_val,55000,4,heldout_val,0.2518984682102688,0.9278,5000,final_epoch_primary
mnist/vit_small/grayscale/compact/p0/seed0,mnist,vit_small,grayscale,compact,0,0,heldout_val,55000,5,train_online,0.2712303210779199,0.9274363636363636,55000,final_epoch_primary
mnist/vit_small/grayscale/compact/p0/seed0,mnist,vit_small,grayscale,compact,0,0,heldout_val,55000,5,heldout_val,0.25974153223522006,0.9352,5000,final_epoch_primary
mnist/vit_small/grayscale/compact/p0/seed0,mnist,vit_small,grayscale,compact,0,0,heldout_val,55000,6,train_online,0.25371579575633463,0.9328545454545455,55000,final_epoch_primary
mnist/vit_small/grayscale/compact/p0/seed0,mnist,vit_small,grayscale,compact,0,0,heldout_val,55000,6,heldout_val,0.32282288206575904,0.9214,5000,final_epoch_primary
mnist/vit_small/grayscale/compact/p0/seed0,mnist,vit_small,grayscale,compact,0,0,heldout_val,55000,7,train_online,0.24526396325485866,0.9360727272727273,55000,final_epoch_primary
mnist/vit_small/grayscale/compact/p0/seed0,mnist,vit_small,grayscale,compact,0,0,heldout_val,55000,7,heldout_val,0.26620118163507434,0.9282,5000,final_epoch_primary
mnist/vit_small/grayscale/compact/p0/seed0,mnist,vit_small,grayscale,compact,0,0,heldout_val,55000,8,train_online,0.23404883459069004,0.9386,55000,final_epoch_primary
mnist/vit_small/grayscale/compact/p0/seed0,mnist,vit_small,grayscale,compact,0,0,heldout_val,55000,8,heldout_val,0.23273603136325255,0.9438,5000,final_epoch_primary
mnist/vit_small/grayscale/compact/p0/seed0,mnist,vit_small,grayscale,compact,0,0,heldout_val,55000,9,train_online,0.22007399291724009,0.9432909090909091,55000,final_epoch_primary
mnist/vit_small/grayscale/compact/p0/seed0,mnist,vit_small,grayscale,compact,0,0,heldout_val,55000,9,heldout_val,0.2720738687963691,0.9346,5000,final_epoch_primary
mnist/vit_small/grayscale/compact/p0/seed0,mnist,vit_small,grayscale,compact,0,0,heldout_val,55000,10,train_online,0.21076574131466067,0.9455636363636364,55000,final_epoch_primary
mnist/vit_small/grayscale/compact/p0/seed0,mnist,vit_small,grayscale,compact,0,0,heldout_val,55000,10,heldout_val,0.23619493105628062,0.9424,5000,final_epoch_primary
mnist/vit_small/grayscale/compact/p0/seed0,mnist,vit_small,grayscale,compact,0,0,heldout_val,55000,11,train_online,0.19853874310682823,0.9477454545454546,55000,final_epoch_primary
mnist/vit_small/grayscale/compact/p0/seed0,mnist,vit_small,grayscale,compact,0,0,heldout_val,55000,11,heldout_val,0.1824002420913894,0.9504,5000,final_epoch_primary
mnist/vit_small/grayscale/compact/p0/seed0,mnist,vit_small,grayscale,compact,0,0,heldout_val,55000,12,train_online,0.19115526752980658,0.9515454545454546,55000,final_epoch_primary
mnist/vit_small/grayscale/compact/p0/seed0,mnist,vit_small,grayscale,compact,0,0,heldout_val,55000,12,heldout_val,0.18117042127749883,0.9542,5000,final_epoch_primary
mnist/vit_small/grayscale/compact/p0/seed0,mnist,vit_small,grayscale,compact,0,0,heldout_val,55000,13,train_online,0.17945294150609672,0.9527454545454546,55000,final_epoch_primary
mnist/vit_small/grayscale/compact/p0/seed0,mnist,vit_small,grayscale,compact,0,0,heldout_val,55000,13,heldout_val,0.22462958360281773,0.9448,5000,final_epoch_primary
mnist/vit_small/grayscale/compact/p0/seed0,mnist,vit_small,grayscale,compact,0,0,heldout_val,55000,14,train_online,0.17116614846929654,0.9561272727272727,55000,final_epoch_primary
mnist/vit_small/grayscale/compact/p0/seed0,mnist,vit_small,grayscale,compact,0,0,heldout_val,55000,14,heldout_val,0.19916631440264174,0.9486,5000,final_epoch_primary
mnist/vit_small/grayscale/compact/p0/seed0,mnist,vit_small,grayscale,compact,0,0,heldout_val,55000,15,train_online,0.16018371852933724,0.9595818181818182,55000,final_epoch_primary
mnist/vit_small/grayscale/compact/p0/seed0,mnist,vit_small,grayscale,compact,0,0,heldout_val,55000,15,heldout_val,0.23128813666459172,0.9434,5000,final_epoch_primary
mnist/vit_small/grayscale/compact/p0/seed0,mnist,vit_small,grayscale,compact,0,0,heldout_val,55000,16,train_online,0.156581271394139,0.9601454545454545,55000,final_epoch_primary
mnist/vit_small/grayscale/compact/p0/seed0,mnist,vit_small,grayscale,compact,0,0,heldout_val,55000,16,heldout_val,0.17685162708258723,0.958,5000,final_epoch_primary
mnist/vit_small/grayscale/compact/p0/seed0,mnist,vit_small,grayscale,compact,0,0,heldout_val,55000,17,train_online,0.1513446222905493,0.9624909090909091,55000,final_epoch_primary
mnist/vit_small/grayscale/compact/p0/seed0,mnist,vit_small,grayscale,compact,0,0,heldout_val,55000,17,heldout_val,0.16955530328829774,0.9552,5000,final_epoch_primary
mnist/vit_small/grayscale/compact/p0/seed0,mnist,vit_small,grayscale,compact,0,0,heldout_val,55000,18,train_online,0.14231801844934128,0.9634727272727273,55000,final_epoch_primary
mnist/vit_small/grayscale/compact/p0/seed0,mnist,vit_small,grayscale,compact,0,0,heldout_val,55000,18,heldout_val,0.18250862761342432,0.9574,5000,final_epoch_primary
mnist/vit_small/grayscale/compact/p0/seed0,mnist,vit_small,grayscale,compact,0,0,heldout_val,55000,19,train_online,0.1375588838041527,0.9654909090909091,55000,final_epoch_primary
mnist/vit_small/grayscale/compact/p0/seed0,mnist,vit_small,grayscale,compact,0,0,heldout_val,55000,19,heldout_val,0.2059070101085119,0.9514,5000,final_epoch_primary
mnist/vit_small/grayscale/compact/p0/seed0,mnist,vit_small,grayscale,compact,0,0,heldout_val,55000,20,train_online,0.13035368258297675,0.9671818181818181,55000,final_epoch_primary
mnist/vit_small/grayscale/compact/p0/seed0,mnist,vit_small,grayscale,compact,0,0,heldout_val,55000,20,heldout_val,0.2092388380833203,0.95,5000,final_epoch_primary
mnist/vit_small/grayscale/compact/p0/seed0,mnist,vit_small,grayscale,compact,0,0,heldout_val,55000,21,train_online,0.12308655064539265,0.9691818181818181,55000,final_epoch_primary
mnist/vit_small/grayscale/compact/p0/seed0,mnist,vit_small,grayscale,compact,0,0,heldout_val,55000,21,heldout_val,0.1583562798728235,0.9622,5000,final_epoch_primary
mnist/vit_small/grayscale/compact/p0/seed0,mnist,vit_small,grayscale,compact,0,0,heldout_val,55000,22,train_online,0.12016711316352964,0.9707272727272728,55000,final_epoch_primary
mnist/vit_small/grayscale/compact/p0/seed0,mnist,vit_small,grayscale,compact,0,0,heldout_val,55000,22,heldout_val,0.1959316617820412,0.9522,5000,final_epoch_primary
mnist/vit_small/grayscale/compact/p0/seed0,mnist,vit_small,grayscale,compact,0,0,heldout_val,55000,23,train_online,0.11447640505661785,0.9715090909090909,55000,final_epoch_primary
mnist/vit_small/grayscale/compact/p0/seed0,mnist,vit_small,grayscale,compact,0,0,heldout_val,55000,23,heldout_val,0.1600272911726963,0.9638,5000,final_epoch_primary
mnist/vit_small/grayscale/compact/p0/seed0,mnist,vit_small,grayscale,compact,0,0,heldout_val,55000,24,train_online,0.10862864305574807,0.9736363636363636,55000,final_epoch_primary
mnist/vit_small/grayscale/compact/p0/seed0,mnist,vit_small,grayscale,compact,0,0,heldout_val,55000,24,heldout_val,0.14290532080458943,0.9636,5000,final_epoch_primary
mnist/vit_small/grayscale/compact/p0/seed0,mnist,vit_small,grayscale,compact,0,0,heldout_val,55000,25,train_online,0.09982468735015507,0.9758,55000,final_epoch_primary
mnist/vit_small/grayscale/compact/p0/seed0,mnist,vit_small,grayscale,compact,0,0,heldout_val,55000,25,heldout_val,0.15605305009023288,0.963,5000,final_epoch_primary
mnist/vit_small/grayscale/compact/p0/seed0,mnist,vit_small,grayscale,compact,0,0,heldout_val,55000,26,train_online,0.09371426878912502,0.9774545454545455,55000,final_epoch_primary
mnist/vit_small/grayscale/compact/p0/seed0,mnist,vit_small,grayscale,compact,0,0,heldout_val,55000,26,heldout_val,0.1528140398211428,0.9654,5000,final_epoch_primary
mnist/vit_small/grayscale/compact/p0/seed0,mnist,vit_small,grayscale,compact,0,0,heldout_val,55000,27,train_online,0.08966627996905908,0.9780909090909091,55000,final_epoch_primary
mnist/vit_small/grayscale/compact/p0/seed0,mnist,vit_small,grayscale,compact,0,0,heldout_val,55000,27,heldout_val,0.15035462034317898,0.9642,5000,final_epoch_primary
mnist/vit_small/grayscale/compact/p0/seed0,mnist,vit_small,grayscale,compact,0,0,heldout_val,55000,28,train_online,0.08263511732482902,0.9787272727272728,55000,final_epoch_primary
mnist/vit_small/grayscale/compact/p0/seed0,mnist,vit_small,grayscale,compact,0,0,heldout_val,55000,28,heldout_val,0.1844380104268901,0.9612,5000,final_epoch_primary
mnist/vit_small/grayscale/compact/p0/seed0,mnist,vit_small,grayscale,compact,0,0,heldout_val,55000,29,train_online,0.07623397914703449,0.9812909090909091,55000,final_epoch_primary
mnist/vit_small/grayscale/compact/p0/seed0,mnist,vit_small,grayscale,compact,0,0,heldout_val,55000,29,heldout_val,0.1437561956443591,0.9698,5000,final_epoch_primary
mnist/vit_small/grayscale/compact/p0/seed0,mnist,vit_small,grayscale,compact,0,0,heldout_val,55000,30,train_online,0.06961826784804422,0.9825454545454545,55000,final_epoch_primary
mnist/vit_small/grayscale/compact/p0/seed0,mnist,vit_small,grayscale,compact,0,0,heldout_val,55000,30,heldout_val,0.18577779420244042,0.967,5000,final_epoch_primary
mnist/vit_small/grayscale/compact/p0/seed0,mnist,vit_small,grayscale,compact,0,0,heldout_val,55000,31,train_online,0.06541914133835923,0.9842909090909091,55000,final_epoch_primary
mnist/vit_small/grayscale/compact/p0/seed0,mnist,vit_small,grayscale,compact,0,0,heldout_val,55000,31,heldout_val,0.15637493677779565,0.9686,5000,final_epoch_primary
mnist/vit_small/grayscale/compact/p0/seed0,mnist,vit_small,grayscale,compact,0,0,heldout_val,55000,32,train_online,0.058715211775170806,0.9856181818181818,55000,final_epoch_primary
mnist/vit_small/grayscale/compact/p0/seed0,mnist,vit_small,grayscale,compact,0,0,heldout_val,55000,32,heldout_val,0.1362454786846589,0.9714,5000,final_epoch_primary
mnist/vit_small/grayscale/compact/p0/seed0,mnist,vit_small,grayscale,compact,0,0,heldout_val,55000,33,train_online,0.05423250143336614,0.986890909090909,55000,final_epoch_primary
mnist/vit_small/grayscale/compact/p0/seed0,mnist,vit_small,grayscale,compact,0,0,heldout_val,55000,33,heldout_val,0.1554495472900162,0.9704,5000,final_epoch_primary
mnist/vit_small/grayscale/compact/p0/seed0,mnist,vit_small,grayscale,compact,0,0,heldout_val,55000,34,train_online,0.04797686198684255,0.988890909090909,55000,final_epoch_primary
mnist/vit_small/grayscale/compact/p0/seed0,mnist,vit_small,grayscale,compact,0,0,heldout_val,55000,34,heldout_val,0.18146905652983697,0.9692,5000,final_epoch_primary
mnist/vit_small/grayscale/compact/p0/seed0,mnist,vit_small,grayscale,compact,0,0,heldout_val,55000,35,train_online,0.04337851209776259,0.9899636363636364,55000,final_epoch_primary
mnist/vit_small/grayscale/compact/p0/seed0,mnist,vit_small,grayscale,compact,0,0,heldout_val,55000,35,heldout_val,0.16263062069133158,0.9718,5000,final_epoch_primary
mnist/vit_small/grayscale/compact/p0/seed0,mnist,vit_small,grayscale,compact,0,0,heldout_val,55000,36,train_online,0.036396760644579564,0.9915454545454545,55000,final_epoch_primary
mnist/vit_small/grayscale/compact/p0/seed0,mnist,vit_small,grayscale,compact,0,0,heldout_val,55000,36,heldout_val,0.15941915527166856,0.9738,5000,final_epoch_primary
mnist/vit_small/grayscale/compact/p0/seed0,mnist,vit_small,grayscale,compact,0,0,heldout_val,55000,37,train_online,0.027032583351166976,0.9931454545454546,55000,final_epoch_primary
mnist/vit_small/grayscale/compact/p0/seed0,mnist,vit_small,grayscale,compact,0,0,heldout_val,55000,37,heldout_val,0.18554191731505998,0.9726,5000,final_epoch_primary
mnist/vit_small/grayscale/compact/p0/seed0,mnist,vit_small,grayscale,compact,0,0,heldout_val,55000,38,train_online,0.02243344926441218,0.995,55000,final_epoch_primary
mnist/vit_small/grayscale/compact/p0/seed0,mnist,vit_small,grayscale,compact,0,0,heldout_val,55000,38,heldout_val,0.1764258538210357,0.9734,5000,final_epoch_primary
mnist/vit_small/grayscale/compact/p0/seed0,mnist,vit_small,grayscale,compact,0,0,heldout_val,55000,39,train_online,0.017812257521112373,0.9959272727272728,55000,final_epoch_primary
mnist/vit_small/grayscale/compact/p0/seed0,mnist,vit_small,grayscale,compact,0,0,heldout_val,55000,39,heldout_val,0.18632071931331592,0.9734,5000,final_epoch_primary
mnist/vit_small/grayscale/compact/p0/seed0,mnist,vit_small,grayscale,compact,0,0,heldout_val,55000,40,train_online,0.014923971778582497,0.9967090909090909,55000,final_epoch_primary
mnist/vit_small/grayscale/compact/p0/seed0,mnist,vit_small,grayscale,compact,0,0,heldout_val,55000,40,heldout_val,0.19638919916653905,0.9732,5000,final_epoch_primary
mnist/vit_small/grayscale/compact/p0/seed0,mnist,vit_small,grayscale,compact,0,0,heldout_val,55000,41,train_online,0.008828358576070075,0.9981636363636364,55000,final_epoch_primary
mnist/vit_small/grayscale/compact/p0/seed0,mnist,vit_small,grayscale,compact,0,0,heldout_val,55000,41,heldout_val,0.20705642022589382,0.974,5000,final_epoch_primary
mnist/vit_small/grayscale/compact/p0/seed0,mnist,vit_small,grayscale,compact,0,0,heldout_val,55000,42,train_online,0.006477220598134657,0.9986727272727273,55000,final_epoch_primary
mnist/vit_small/grayscale/compact/p0/seed0,mnist,vit_small,grayscale,compact,0,0,heldout_val,55000,42,heldout_val,0.22088892524429538,0.9738,5000,final_epoch_primary
mnist/vit_small/grayscale/compact/p0/seed0,mnist,vit_small,grayscale,compact,0,0,heldout_val,55000,43,train_online,0.005346354651149059,0.9988363636363636,55000,final_epoch_primary
mnist/vit_small/grayscale/compact/p0/seed0,mnist,vit_small,grayscale,compact,0,0,heldout_val,55000,43,heldout_val,0.21913044094898415,0.9738,5000,final_epoch_primary
mnist/vit_small/grayscale/compact/p0/seed0,mnist,vit_small,grayscale,compact,0,0,heldout_val,55000,44,train_online,0.002992988418655254,0.9993636363636363,55000,final_epoch_primary
mnist/vit_small/grayscale/compact/p0/seed0,mnist,vit_small,grayscale,compact,0,0,heldout_val,55000,44,heldout_val,0.23568964391102817,0.9718,5000,final_epoch_primary
mnist/vit_small/grayscale/compact/p0/seed0,mnist,vit_small,grayscale,compact,0,0,heldout_val,55000,45,train_online,0.0024782618111475214,0.9995636363636363,55000,final_epoch_primary
mnist/vit_small/grayscale/compact/p0/seed0,mnist,vit_small,grayscale,compact,0,0,heldout_val,55000,45,heldout_val,0.23273117716049602,0.9732,5000,final_epoch_primary
mnist/vit_small/grayscale/compact/p0/seed0,mnist,vit_small,grayscale,compact,0,0,heldout_val,55000,46,train_online,0.001223037024600969,0.9997454545454545,55000,final_epoch_primary
mnist/vit_small/grayscale/compact/p0/seed0,mnist,vit_small,grayscale,compact,0,0,heldout_val,55000,46,heldout_val,0.2369792907927563,0.9734,5000,final_epoch_primary
mnist/vit_small/grayscale/compact/p0/seed0,mnist,vit_small,grayscale,compact,0,0,heldout_val,55000,47,train_online,0.0013115692928290048,0.9997818181818182,55000,final_epoch_primary
mnist/vit_small/grayscale/compact/p0/seed0,mnist,vit_small,grayscale,compact,0,0,heldout_val,55000,47,heldout_val,0.24336433930908688,0.9736,5000,final_epoch_primary
mnist/vit_small/grayscale/compact/p0/seed0,mnist,vit_small,grayscale,compact,0,0,heldout_val,55000,48,train_online,0.0010199783152861775,0.9998,55000,final_epoch_primary
mnist/vit_small/grayscale/compact/p0/seed0,mnist,vit_small,grayscale,compact,0,0,heldout_val,55000,48,heldout_val,0.24574431942747024,0.973,5000,final_epoch_primary
mnist/vit_small/grayscale/compact/p0/seed0,mnist,vit_small,grayscale,compact,0,0,heldout_val,55000,49,train_online,0.0010411504092413947,0.9998,55000,final_epoch_primary
mnist/vit_small/grayscale/compact/p0/seed0,mnist,vit_small,grayscale,compact,0,0,heldout_val,55000,49,heldout_val,0.2466890762548038,0.9726,5000,final_epoch_primary
mnist/vit_small/grayscale/compact/p20/seed0,mnist,vit_small,grayscale,compact,20,0,heldout_val,55000,0,train_online,0.804106689376384,0.7316727272727273,55000,final_epoch_primary
mnist/vit_small/grayscale/compact/p20/seed0,mnist,vit_small,grayscale,compact,20,0,heldout_val,55000,0,heldout_val,0.42258178868889806,0.8774,5000,final_epoch_primary
mnist/vit_small/grayscale/compact/p20/seed0,mnist,vit_small,grayscale,compact,20,0,heldout_val,55000,1,train_online,0.38186762044422157,0.9018363636363637,55000,final_epoch_primary
mnist/vit_small/grayscale/compact/p20/seed0,mnist,vit_small,grayscale,compact,20,0,heldout_val,55000,1,heldout_val,0.2948307838459499,0.927,5000,final_epoch_primary
mnist/vit_small/grayscale/compact/p20/seed0,mnist,vit_small,grayscale,compact,20,0,heldout_val,55000,2,train_online,0.30829767049610274,0.9244909090909091,55000,final_epoch_primary
mnist/vit_small/grayscale/compact/p20/seed0,mnist,vit_small,grayscale,compact,20,0,heldout_val,55000,2,heldout_val,0.30291334381978957,0.9352,5000,final_epoch_primary
mnist/vit_small/grayscale/compact/p20/seed0,mnist,vit_small,grayscale,compact,20,0,heldout_val,55000,3,train_online,0.28318478139640596,0.9288,55000,final_epoch_primary
mnist/vit_small/grayscale/compact/p20/seed0,mnist,vit_small,grayscale,compact,20,0,heldout_val,55000,3,heldout_val,0.31767797369919715,0.9172,5000,final_epoch_primary
mnist/vit_small/grayscale/compact/p20/seed0,mnist,vit_small,grayscale,compact,20,0,heldout_val,55000,4,train_online,0.2661924852890428,0.9307454545454545,55000,final_epoch_primary
mnist/vit_small/grayscale/compact/p20/seed0,mnist,vit_small,grayscale,compact,20,0,heldout_val,55000,4,heldout_val,0.4091553344266489,0.9006,5000,final_epoch_primary
mnist/vit_small/grayscale/compact/p20/seed0,mnist,vit_small,grayscale,compact,20,0,heldout_val,55000,5,train_online,0.25656297749968837,0.9331818181818182,55000,final_epoch_primary
mnist/vit_small/grayscale/compact/p20/seed0,mnist,vit_small,grayscale,compact,20,0,heldout_val,55000,5,heldout_val,0.30318880412988364,0.9166,5000,final_epoch_primary
mnist/vit_small/grayscale/compact/p20/seed0,mnist,vit_small,grayscale,compact,20,0,heldout_val,55000,6,train_online,0.23922515226630706,0.9371090909090909,55000,final_epoch_primary
mnist/vit_small/grayscale/compact/p20/seed0,mnist,vit_small,grayscale,compact,20,0,heldout_val,55000,6,heldout_val,0.2321983564873226,0.943,5000,final_epoch_primary
mnist/vit_small/grayscale/compact/p20/seed0,mnist,vit_small,grayscale,compact,20,0,heldout_val,55000,7,train_online,0.2245087981587424,0.9421636363636363,55000,final_epoch_primary
mnist/vit_small/grayscale/compact/p20/seed0,mnist,vit_small,grayscale,compact,20,0,heldout_val,55000,7,heldout_val,0.30947546370502094,0.9188,5000,final_epoch_primary
mnist/vit_small/grayscale/compact/p20/seed0,mnist,vit_small,grayscale,compact,20,0,heldout_val,55000,8,train_online,0.21430921199494887,0.9448545454545455,55000,final_epoch_primary
mnist/vit_small/grayscale/compact/p20/seed0,mnist,vit_small,grayscale,compact,20,0,heldout_val,55000,8,heldout_val,0.26611518202787265,0.937,5000,final_epoch_primary
mnist/vit_small/grayscale/compact/p20/seed0,mnist,vit_small,grayscale,compact,20,0,heldout_val,55000,9,train_online,0.20634978183521044,0.9474181818181818,55000,final_epoch_primary
mnist/vit_small/grayscale/compact/p20/seed0,mnist,vit_small,grayscale,compact,20,0,heldout_val,55000,9,heldout_val,0.21063496192176825,0.9458,5000,final_epoch_primary
mnist/vit_small/grayscale/compact/p20/seed0,mnist,vit_small,grayscale,compact,20,0,heldout_val,55000,10,train_online,0.19402699163541706,0.9496909090909091,55000,final_epoch_primary
mnist/vit_small/grayscale/compact/p20/seed0,mnist,vit_small,grayscale,compact,20,0,heldout_val,55000,10,heldout_val,0.2421117934643291,0.9336,5000,final_epoch_primary
mnist/vit_small/grayscale/compact/p20/seed0,mnist,vit_small,grayscale,compact,20,0,heldout_val,55000,11,train_online,0.18259126353352226,0.9523454545454545,55000,final_epoch_primary
mnist/vit_small/grayscale/compact/p20/seed0,mnist,vit_small,grayscale,compact,20,0,heldout_val,55000,11,heldout_val,0.20126737986346707,0.9476,5000,final_epoch_primary
mnist/vit_small/grayscale/compact/p20/seed0,mnist,vit_small,grayscale,compact,20,0,heldout_val,55000,12,train_online,0.17057453377775383,0.9551454545454545,55000,final_epoch_primary
mnist/vit_small/grayscale/compact/p20/seed0,mnist,vit_small,grayscale,compact,20,0,heldout_val,55000,12,heldout_val,0.2427408394091064,0.9416,5000,final_epoch_primary
mnist/vit_small/grayscale/compact/p20/seed0,mnist,vit_small,grayscale,compact,20,0,heldout_val,55000,13,train_online,0.16684924121478426,0.9575090909090909,55000,final_epoch_primary
mnist/vit_small/grayscale/compact/p20/seed0,mnist,vit_small,grayscale,compact,20,0,heldout_val,55000,13,heldout_val,0.19614634140834677,0.9548,5000,final_epoch_primary
mnist/vit_small/grayscale/compact/p20/seed0,mnist,vit_small,grayscale,compact,20,0,heldout_val,55000,14,train_online,0.1585429608011851,0.9597272727272728,55000,final_epoch_primary
mnist/vit_small/grayscale/compact/p20/seed0,mnist,vit_small,grayscale,compact,20,0,heldout_val,55000,14,heldout_val,0.16870811245674266,0.9562,5000,final_epoch_primary
mnist/vit_small/grayscale/compact/p20/seed0,mnist,vit_small,grayscale,compact,20,0,heldout_val,55000,15,train_online,0.14817588170277673,0.961709090909091,55000,final_epoch_primary
mnist/vit_small/grayscale/compact/p20/seed0,mnist,vit_small,grayscale,compact,20,0,heldout_val,55000,15,heldout_val,0.17996967958975582,0.9568,5000,final_epoch_primary
mnist/vit_small/grayscale/compact/p20/seed0,mnist,vit_small,grayscale,compact,20,0,heldout_val,55000,16,train_online,0.141573497916412,0.9628909090909091,55000,final_epoch_primary
mnist/vit_small/grayscale/compact/p20/seed0,mnist,vit_small,grayscale,compact,20,0,heldout_val,55000,16,heldout_val,0.1758948361549061,0.9546,5000,final_epoch_primary
mnist/vit_small/grayscale/compact/p20/seed0,mnist,vit_small,grayscale,compact,20,0,heldout_val,55000,17,train_online,0.13709460519946773,0.9649818181818182,55000,final_epoch_primary
mnist/vit_small/grayscale/compact/p20/seed0,mnist,vit_small,grayscale,compact,20,0,heldout_val,55000,17,heldout_val,0.1821402671285672,0.9606,5000,final_epoch_primary
mnist/vit_small/grayscale/compact/p20/seed0,mnist,vit_small,grayscale,compact,20,0,heldout_val,55000,18,train_online,0.13079056923473678,0.9675090909090909,55000,final_epoch_primary
mnist/vit_small/grayscale/compact/p20/seed0,mnist,vit_small,grayscale,compact,20,0,heldout_val,55000,18,heldout_val,0.16713421418971847,0.959,5000,final_epoch_primary
mnist/vit_small/grayscale/compact/p20/seed0,mnist,vit_small,grayscale,compact,20,0,heldout_val,55000,19,train_online,0.12108109656882536,0.9689272727272727,55000,final_epoch_primary
mnist/vit_small/grayscale/compact/p20/seed0,mnist,vit_small,grayscale,compact,20,0,heldout_val,55000,19,heldout_val,0.164196421779925,0.9604,5000,final_epoch_primary
mnist/vit_small/grayscale/compact/p20/seed0,mnist,vit_small,grayscale,compact,20,0,heldout_val,55000,20,train_online,0.11742540137332187,0.9709818181818182,55000,final_epoch_primary
mnist/vit_small/grayscale/compact/p20/seed0,mnist,vit_small,grayscale,compact,20,0,heldout_val,55000,20,heldout_val,0.1471402778462507,0.9616,5000,final_epoch_primary
mnist/vit_small/grayscale/compact/p20/seed0,mnist,vit_small,grayscale,compact,20,0,heldout_val,55000,21,train_online,0.11349364793513562,0.9714727272727273,55000,final_epoch_primary
mnist/vit_small/grayscale/compact/p20/seed0,mnist,vit_small,grayscale,compact,20,0,heldout_val,55000,21,heldout_val,0.1593286086914828,0.961,5000,final_epoch_primary
mnist/vit_small/grayscale/compact/p20/seed0,mnist,vit_small,grayscale,compact,20,0,heldout_val,55000,22,train_online,0.10750326787228061,0.9725818181818182,55000,final_epoch_primary
mnist/vit_small/grayscale/compact/p20/seed0,mnist,vit_small,grayscale,compact,20,0,heldout_val,55000,22,heldout_val,0.20414924539488274,0.9514,5000,final_epoch_primary
mnist/vit_small/grayscale/compact/p20/seed0,mnist,vit_small,grayscale,compact,20,0,heldout_val,55000,23,train_online,0.1041936817744768,0.9746181818181818,55000,final_epoch_primary
mnist/vit_small/grayscale/compact/p20/seed0,mnist,vit_small,grayscale,compact,20,0,heldout_val,55000,23,heldout_val,0.170016437175381,0.9608,5000,final_epoch_primary
mnist/vit_small/grayscale/compact/p20/seed0,mnist,vit_small,grayscale,compact,20,0,heldout_val,55000,24,train_online,0.09683497057713737,0.9758,55000,final_epoch_primary
mnist/vit_small/grayscale/compact/p20/seed0,mnist,vit_small,grayscale,compact,20,0,heldout_val,55000,24,heldout_val,0.15602621667368805,0.9634,5000,final_epoch_primary
mnist/vit_small/grayscale/compact/p20/seed0,mnist,vit_small,grayscale,compact,20,0,heldout_val,55000,25,train_online,0.09214187870923832,0.9778181818181818,55000,final_epoch_primary
mnist/vit_small/grayscale/compact/p20/seed0,mnist,vit_small,grayscale,compact,20,0,heldout_val,55000,25,heldout_val,0.17075830594035796,0.9614,5000,final_epoch_primary
mnist/vit_small/grayscale/compact/p20/seed0,mnist,vit_small,grayscale,compact,20,0,heldout_val,55000,26,train_online,0.08906103575687263,0.9781818181818182,55000,final_epoch_primary
mnist/vit_small/grayscale/compact/p20/seed0,mnist,vit_small,grayscale,compact,20,0,heldout_val,55000,26,heldout_val,0.1620046253026114,0.9656,5000,final_epoch_primary
mnist/vit_small/grayscale/compact/p20/seed0,mnist,vit_small,grayscale,compact,20,0,heldout_val,55000,27,train_online,0.08301964625650964,0.9799454545454546,55000,final_epoch_primary
mnist/vit_small/grayscale/compact/p20/seed0,mnist,vit_small,grayscale,compact,20,0,heldout_val,55000,27,heldout_val,0.17389192733381642,0.9614,5000,final_epoch_primary
mnist/vit_small/grayscale/compact/p20/seed0,mnist,vit_small,grayscale,compact,20,0,heldout_val,55000,28,train_online,0.07677834763907647,0.9815090909090909,55000,final_epoch_primary
mnist/vit_small/grayscale/compact/p20/seed0,mnist,vit_small,grayscale,compact,20,0,heldout_val,55000,28,heldout_val,0.17003874345998046,0.9664,5000,final_epoch_primary
mnist/vit_small/grayscale/compact/p20/seed0,mnist,vit_small,grayscale,compact,20,0,heldout_val,55000,29,train_online,0.07208833899993809,0.9828181818181818,55000,final_epoch_primary
mnist/vit_small/grayscale/compact/p20/seed0,mnist,vit_small,grayscale,compact,20,0,heldout_val,55000,29,heldout_val,0.1534000007009483,0.9662,5000,final_epoch_primary
mnist/vit_small/grayscale/compact/p20/seed0,mnist,vit_small,grayscale,compact,20,0,heldout_val,55000,30,train_online,0.06669666064494047,0.9844,55000,final_epoch_primary
mnist/vit_small/grayscale/compact/p20/seed0,mnist,vit_small,grayscale,compact,20,0,heldout_val,55000,30,heldout_val,0.14206496039568448,0.9714,5000,final_epoch_primary
mnist/vit_small/grayscale/compact/p20/seed0,mnist,vit_small,grayscale,compact,20,0,heldout_val,55000,31,train_online,0.061025561138195385,0.9854545454545455,55000,final_epoch_primary
mnist/vit_small/grayscale/compact/p20/seed0,mnist,vit_small,grayscale,compact,20,0,heldout_val,55000,31,heldout_val,0.1614724654102116,0.9704,5000,final_epoch_primary
mnist/vit_small/grayscale/compact/p20/seed0,mnist,vit_small,grayscale,compact,20,0,heldout_val,55000,32,train_online,0.05152343066624255,0.9876727272727273,55000,final_epoch_primary
mnist/vit_small/grayscale/compact/p20/seed0,mnist,vit_small,grayscale,compact,20,0,heldout_val,55000,32,heldout_val,0.1692356926804583,0.9696,5000,final_epoch_primary
mnist/vit_small/grayscale/compact/p20/seed0,mnist,vit_small,grayscale,compact,20,0,heldout_val,55000,33,train_online,0.05169293786200724,0.9880727272727273,55000,final_epoch_primary
mnist/vit_small/grayscale/compact/p20/seed0,mnist,vit_small,grayscale,compact,20,0,heldout_val,55000,33,heldout_val,0.14024811426329542,0.972,5000,final_epoch_primary
mnist/vit_small/grayscale/compact/p20/seed0,mnist,vit_small,grayscale,compact,20,0,heldout_val,55000,34,train_online,0.04317591852028193,0.9892909090909091,55000,final_epoch_primary
mnist/vit_small/grayscale/compact/p20/seed0,mnist,vit_small,grayscale,compact,20,0,heldout_val,55000,34,heldout_val,0.17186742932408816,0.9708,5000,final_epoch_primary
mnist/vit_small/grayscale/compact/p20/seed0,mnist,vit_small,grayscale,compact,20,0,heldout_val,55000,35,train_online,0.037728381770871185,0.9911636363636364,55000,final_epoch_primary
mnist/vit_small/grayscale/compact/p20/seed0,mnist,vit_small,grayscale,compact,20,0,heldout_val,55000,35,heldout_val,0.1634249869754829,0.971,5000,final_epoch_primary
mnist/vit_small/grayscale/compact/p20/seed0,mnist,vit_small,grayscale,compact,20,0,heldout_val,55000,36,train_online,0.03144603584790073,0.9928181818181818,55000,final_epoch_primary
mnist/vit_small/grayscale/compact/p20/seed0,mnist,vit_small,grayscale,compact,20,0,heldout_val,55000,36,heldout_val,0.1728947478220318,0.9706,5000,final_epoch_primary
mnist/vit_small/grayscale/compact/p20/seed0,mnist,vit_small,grayscale,compact,20,0,heldout_val,55000,37,train_online,0.025008026277026113,0.9944363636363637,55000,final_epoch_primary
mnist/vit_small/grayscale/compact/p20/seed0,mnist,vit_small,grayscale,compact,20,0,heldout_val,55000,37,heldout_val,0.19293281592627026,0.9696,5000,final_epoch_primary
mnist/vit_small/grayscale/compact/p20/seed0,mnist,vit_small,grayscale,compact,20,0,heldout_val,55000,38,train_online,0.021938111085942232,0.9952363636363636,55000,final_epoch_primary
mnist/vit_small/grayscale/compact/p20/seed0,mnist,vit_small,grayscale,compact,20,0,heldout_val,55000,38,heldout_val,0.19719378727418588,0.9716,5000,final_epoch_primary
mnist/vit_small/grayscale/compact/p20/seed0,mnist,vit_small,grayscale,compact,20,0,heldout_val,55000,39,train_online,0.014903472437910386,0.9968,55000,final_epoch_primary
mnist/vit_small/grayscale/compact/p20/seed0,mnist,vit_small,grayscale,compact,20,0,heldout_val,55000,39,heldout_val,0.20537651085602265,0.973,5000,final_epoch_primary
mnist/vit_small/grayscale/compact/p20/seed0,mnist,vit_small,grayscale,compact,20,0,heldout_val,55000,40,train_online,0.01273221538753678,0.9971272727272728,55000,final_epoch_primary
mnist/vit_small/grayscale/compact/p20/seed0,mnist,vit_small,grayscale,compact,20,0,heldout_val,55000,40,heldout_val,0.20717583368177,0.9724,5000,final_epoch_primary
mnist/vit_small/grayscale/compact/p20/seed0,mnist,vit_small,grayscale,compact,20,0,heldout_val,55000,41,train_online,0.008128091210627231,0.9981818181818182,55000,final_epoch_primary
mnist/vit_small/grayscale/compact/p20/seed0,mnist,vit_small,grayscale,compact,20,0,heldout_val,55000,41,heldout_val,0.21925143370698388,0.9726,5000,final_epoch_primary
mnist/vit_small/grayscale/compact/p20/seed0,mnist,vit_small,grayscale,compact,20,0,heldout_val,55000,42,train_online,0.0045107262273933225,0.9989272727272728,55000,final_epoch_primary
mnist/vit_small/grayscale/compact/p20/seed0,mnist,vit_small,grayscale,compact,20,0,heldout_val,55000,42,heldout_val,0.22494344038373928,0.9744,5000,final_epoch_primary
mnist/vit_small/grayscale/compact/p20/seed0,mnist,vit_small,grayscale,compact,20,0,heldout_val,55000,43,train_online,0.0034095468106743777,0.9992181818181818,55000,final_epoch_primary
mnist/vit_small/grayscale/compact/p20/seed0,mnist,vit_small,grayscale,compact,20,0,heldout_val,55000,43,heldout_val,0.23566077480546138,0.975,5000,final_epoch_primary
mnist/vit_small/grayscale/compact/p20/seed0,mnist,vit_small,grayscale,compact,20,0,heldout_val,55000,44,train_online,0.0035444037785737153,0.9992909090909091,55000,final_epoch_primary
mnist/vit_small/grayscale/compact/p20/seed0,mnist,vit_small,grayscale,compact,20,0,heldout_val,55000,44,heldout_val,0.24701895752596884,0.9722,5000,final_epoch_primary
mnist/vit_small/grayscale/compact/p20/seed0,mnist,vit_small,grayscale,compact,20,0,heldout_val,55000,45,train_online,0.002670197950553955,0.9994,55000,final_epoch_primary
mnist/vit_small/grayscale/compact/p20/seed0,mnist,vit_small,grayscale,compact,20,0,heldout_val,55000,45,heldout_val,0.23751001728891324,0.9736,5000,final_epoch_primary
mnist/vit_small/grayscale/compact/p20/seed0,mnist,vit_small,grayscale,compact,20,0,heldout_val,55000,46,train_online,0.0013819261901433409,0.9997454545454545,55000,final_epoch_primary
mnist/vit_small/grayscale/compact/p20/seed0,mnist,vit_small,grayscale,compact,20,0,heldout_val,55000,46,heldout_val,0.2535914465051458,0.9728,5000,final_epoch_primary
mnist/vit_small/grayscale/compact/p20/seed0,mnist,vit_small,grayscale,compact,20,0,heldout_val,55000,47,train_online,0.0014445566664038944,0.9997636363636364,55000,final_epoch_primary
mnist/vit_small/grayscale/compact/p20/seed0,mnist,vit_small,grayscale,compact,20,0,heldout_val,55000,47,heldout_val,0.2594175641941951,0.973,5000,final_epoch_primary
mnist/vit_small/grayscale/compact/p20/seed0,mnist,vit_small,grayscale,compact,20,0,heldout_val,55000,48,train_online,0.0015751952739828912,0.9997454545454545,55000,final_epoch_primary
mnist/vit_small/grayscale/compact/p20/seed0,mnist,vit_small,grayscale,compact,20,0,heldout_val,55000,48,heldout_val,0.25587994503581324,0.973,5000,final_epoch_primary
mnist/vit_small/grayscale/compact/p20/seed0,mnist,vit_small,grayscale,compact,20,0,heldout_val,55000,49,train_online,0.0011694341174132536,0.9997636363636364,55000,final_epoch_primary
mnist/vit_small/grayscale/compact/p20/seed0,mnist,vit_small,grayscale,compact,20,0,heldout_val,55000,49,heldout_val,0.25399716318439286,0.9736,5000,final_epoch_primary
mnist/vit_small/grayscale/compact/p40/seed0,mnist,vit_small,grayscale,compact,40,0,heldout_val,55000,0,train_online,0.8057141253464601,0.7316727272727273,55000,final_epoch_primary
mnist/vit_small/grayscale/compact/p40/seed0,mnist,vit_small,grayscale,compact,40,0,heldout_val,55000,0,heldout_val,0.4543609169140458,0.8724,5000,final_epoch_primary
mnist/vit_small/grayscale/compact/p40/seed0,mnist,vit_small,grayscale,compact,40,0,heldout_val,55000,1,train_online,0.3762055596435866,0.9029454545454545,55000,final_epoch_primary
mnist/vit_small/grayscale/compact/p40/seed0,mnist,vit_small,grayscale,compact,40,0,heldout_val,55000,1,heldout_val,0.3433701760695316,0.919,5000,final_epoch_primary
mnist/vit_small/grayscale/compact/p40/seed0,mnist,vit_small,grayscale,compact,40,0,heldout_val,55000,2,train_online,0.3093727654329755,0.9238181818181819,55000,final_epoch_primary
mnist/vit_small/grayscale/compact/p40/seed0,mnist,vit_small,grayscale,compact,40,0,heldout_val,55000,2,heldout_val,0.30440330102685836,0.9282,5000,final_epoch_primary
mnist/vit_small/grayscale/compact/p40/seed0,mnist,vit_small,grayscale,compact,40,0,heldout_val,55000,3,train_online,0.2842066275117411,0.9282727272727272,55000,final_epoch_primary
mnist/vit_small/grayscale/compact/p40/seed0,mnist,vit_small,grayscale,compact,40,0,heldout_val,55000,3,heldout_val,0.2904797775347717,0.9234,5000,final_epoch_primary
mnist/vit_small/grayscale/compact/p40/seed0,mnist,vit_small,grayscale,compact,40,0,heldout_val,55000,4,train_online,0.2730349560751622,0.9291454545454545,55000,final_epoch_primary
mnist/vit_small/grayscale/compact/p40/seed0,mnist,vit_small,grayscale,compact,40,0,heldout_val,55000,4,heldout_val,0.2518984682102688,0.9278,5000,final_epoch_primary
mnist/vit_small/grayscale/compact/p40/seed0,mnist,vit_small,grayscale,compact,40,0,heldout_val,55000,5,train_online,0.2712303210779199,0.9274363636363636,55000,final_epoch_primary
mnist/vit_small/grayscale/compact/p40/seed0,mnist,vit_small,grayscale,compact,40,0,heldout_val,55000,5,heldout_val,0.25974153223522006,0.9352,5000,final_epoch_primary
mnist/vit_small/grayscale/compact/p40/seed0,mnist,vit_small,grayscale,compact,40,0,heldout_val,55000,6,train_online,0.25371579575633463,0.9328545454545455,55000,final_epoch_primary
mnist/vit_small/grayscale/compact/p40/seed0,mnist,vit_small,grayscale,compact,40,0,heldout_val,55000,6,heldout_val,0.32282288206575904,0.9214,5000,final_epoch_primary
mnist/vit_small/grayscale/compact/p40/seed0,mnist,vit_small,grayscale,compact,40,0,heldout_val,55000,7,train_online,0.24526396325485866,0.9360727272727273,55000,final_epoch_primary
mnist/vit_small/grayscale/compact/p40/seed0,mnist,vit_small,grayscale,compact,40,0,heldout_val,55000,7,heldout_val,0.26620118163507434,0.9282,5000,final_epoch_primary
mnist/vit_small/grayscale/compact/p40/seed0,mnist,vit_small,grayscale,compact,40,0,heldout_val,55000,8,train_online,0.23404883459069004,0.9386,55000,final_epoch_primary
mnist/vit_small/grayscale/compact/p40/seed0,mnist,vit_small,grayscale,compact,40,0,heldout_val,55000,8,heldout_val,0.23273603136325255,0.9438,5000,final_epoch_primary
mnist/vit_small/grayscale/compact/p40/seed0,mnist,vit_small,grayscale,compact,40,0,heldout_val,55000,9,train_online,0.22007399291724009,0.9432909090909091,55000,final_epoch_primary
mnist/vit_small/grayscale/compact/p40/seed0,mnist,vit_small,grayscale,compact,40,0,heldout_val,55000,9,heldout_val,0.2720738687963691,0.9346,5000,final_epoch_primary
mnist/vit_small/grayscale/compact/p40/seed0,mnist,vit_small,grayscale,compact,40,0,heldout_val,55000,10,train_online,0.21076574131466067,0.9455636363636364,55000,final_epoch_primary
mnist/vit_small/grayscale/compact/p40/seed0,mnist,vit_small,grayscale,compact,40,0,heldout_val,55000,10,heldout_val,0.23619493105628062,0.9424,5000,final_epoch_primary
mnist/vit_small/grayscale/compact/p40/seed0,mnist,vit_small,grayscale,compact,40,0,heldout_val,55000,11,train_online,0.19853874310682823,0.9477454545454546,55000,final_epoch_primary
mnist/vit_small/grayscale/compact/p40/seed0,mnist,vit_small,grayscale,compact,40,0,heldout_val,55000,11,heldout_val,0.1824002420913894,0.9504,5000,final_epoch_primary
mnist/vit_small/grayscale/compact/p40/seed0,mnist,vit_small,grayscale,compact,40,0,heldout_val,55000,12,train_online,0.19115526752980658,0.9515454545454546,55000,final_epoch_primary
mnist/vit_small/grayscale/compact/p40/seed0,mnist,vit_small,grayscale,compact,40,0,heldout_val,55000,12,heldout_val,0.18117042127749883,0.9542,5000,final_epoch_primary
mnist/vit_small/grayscale/compact/p40/seed0,mnist,vit_small,grayscale,compact,40,0,heldout_val,55000,13,train_online,0.17945294150609672,0.9527454545454546,55000,final_epoch_primary
mnist/vit_small/grayscale/compact/p40/seed0,mnist,vit_small,grayscale,compact,40,0,heldout_val,55000,13,heldout_val,0.22462958360281773,0.9448,5000,final_epoch_primary
mnist/vit_small/grayscale/compact/p40/seed0,mnist,vit_small,grayscale,compact,40,0,heldout_val,55000,14,train_online,0.17116614846929654,0.9561272727272727,55000,final_epoch_primary
mnist/vit_small/grayscale/compact/p40/seed0,mnist,vit_small,grayscale,compact,40,0,heldout_val,55000,14,heldout_val,0.19916631440264174,0.9486,5000,final_epoch_primary
mnist/vit_small/grayscale/compact/p40/seed0,mnist,vit_small,grayscale,compact,40,0,heldout_val,55000,15,train_online,0.16018371852933724,0.9595818181818182,55000,final_epoch_primary
mnist/vit_small/grayscale/compact/p40/seed0,mnist,vit_small,grayscale,compact,40,0,heldout_val,55000,15,heldout_val,0.23128813666459172,0.9434,5000,final_epoch_primary
mnist/vit_small/grayscale/compact/p40/seed0,mnist,vit_small,grayscale,compact,40,0,heldout_val,55000,16,train_online,0.156581271394139,0.9601454545454545,55000,final_epoch_primary
mnist/vit_small/grayscale/compact/p40/seed0,mnist,vit_small,grayscale,compact,40,0,heldout_val,55000,16,heldout_val,0.17685162708258723,0.958,5000,final_epoch_primary
mnist/vit_small/grayscale/compact/p40/seed0,mnist,vit_small,grayscale,compact,40,0,heldout_val,55000,17,train_online,0.1513446222905493,0.9624909090909091,55000,final_epoch_primary
mnist/vit_small/grayscale/compact/p40/seed0,mnist,vit_small,grayscale,compact,40,0,heldout_val,55000,17,heldout_val,0.16955530328829774,0.9552,5000,final_epoch_primary
mnist/vit_small/grayscale/compact/p40/seed0,mnist,vit_small,grayscale,compact,40,0,heldout_val,55000,18,train_online,0.14231801844934128,0.9634727272727273,55000,final_epoch_primary
mnist/vit_small/grayscale/compact/p40/seed0,mnist,vit_small,grayscale,compact,40,0,heldout_val,55000,18,heldout_val,0.18250862761342432,0.9574,5000,final_epoch_primary
mnist/vit_small/grayscale/compact/p40/seed0,mnist,vit_small,grayscale,compact,40,0,heldout_val,55000,19,train_online,0.1375588838041527,0.9654909090909091,55000,final_epoch_primary
mnist/vit_small/grayscale/compact/p40/seed0,mnist,vit_small,grayscale,compact,40,0,heldout_val,55000,19,heldout_val,0.2059070101085119,0.9514,5000,final_epoch_primary
mnist/vit_small/grayscale/compact/p40/seed0,mnist,vit_small,grayscale,compact,40,0,heldout_val,55000,20,train_online,0.13035368258297675,0.9671818181818181,55000,final_epoch_primary
mnist/vit_small/grayscale/compact/p40/seed0,mnist,vit_small,grayscale,compact,40,0,heldout_val,55000,20,heldout_val,0.2092388380833203,0.95,5000,final_epoch_primary
mnist/vit_small/grayscale/compact/p40/seed0,mnist,vit_small,grayscale,compact,40,0,heldout_val,55000,21,train_online,0.12308655064539265,0.9691818181818181,55000,final_epoch_primary
mnist/vit_small/grayscale/compact/p40/seed0,mnist,vit_small,grayscale,compact,40,0,heldout_val,55000,21,heldout_val,0.1583562798728235,0.9622,5000,final_epoch_primary
mnist/vit_small/grayscale/compact/p40/seed0,mnist,vit_small,grayscale,compact,40,0,heldout_val,55000,22,train_online,0.12016711316352964,0.9707272727272728,55000,final_epoch_primary
mnist/vit_small/grayscale/compact/p40/seed0,mnist,vit_small,grayscale,compact,40,0,heldout_val,55000,22,heldout_val,0.1959316617820412,0.9522,5000,final_epoch_primary
mnist/vit_small/grayscale/compact/p40/seed0,mnist,vit_small,grayscale,compact,40,0,heldout_val,55000,23,train_online,0.11447640505661785,0.9715090909090909,55000,final_epoch_primary
mnist/vit_small/grayscale/compact/p40/seed0,mnist,vit_small,grayscale,compact,40,0,heldout_val,55000,23,heldout_val,0.1600272911726963,0.9638,5000,final_epoch_primary
mnist/vit_small/grayscale/compact/p40/seed0,mnist,vit_small,grayscale,compact,40,0,heldout_val,55000,24,train_online,0.10862864305574807,0.9736363636363636,55000,final_epoch_primary
mnist/vit_small/grayscale/compact/p40/seed0,mnist,vit_small,grayscale,compact,40,0,heldout_val,55000,24,heldout_val,0.14290532080458943,0.9636,5000,final_epoch_primary
mnist/vit_small/grayscale/compact/p40/seed0,mnist,vit_small,grayscale,compact,40,0,heldout_val,55000,25,train_online,0.09982468735015507,0.9758,55000,final_epoch_primary
mnist/vit_small/grayscale/compact/p40/seed0,mnist,vit_small,grayscale,compact,40,0,heldout_val,55000,25,heldout_val,0.15605305009023288,0.963,5000,final_epoch_primary
mnist/vit_small/grayscale/compact/p40/seed0,mnist,vit_small,grayscale,compact,40,0,heldout_val,55000,26,train_online,0.09371426878912502,0.9774545454545455,55000,final_epoch_primary
mnist/vit_small/grayscale/compact/p40/seed0,mnist,vit_small,grayscale,compact,40,0,heldout_val,55000,26,heldout_val,0.1528140398211428,0.9654,5000,final_epoch_primary
mnist/vit_small/grayscale/compact/p40/seed0,mnist,vit_small,grayscale,compact,40,0,heldout_val,55000,27,train_online,0.08966627996905908,0.9780909090909091,55000,final_epoch_primary
mnist/vit_small/grayscale/compact/p40/seed0,mnist,vit_small,grayscale,compact,40,0,heldout_val,55000,27,heldout_val,0.15035462034317898,0.9642,5000,final_epoch_primary
mnist/vit_small/grayscale/compact/p40/seed0,mnist,vit_small,grayscale,compact,40,0,heldout_val,55000,28,train_online,0.08263511732482902,0.9787272727272728,55000,final_epoch_primary
mnist/vit_small/grayscale/compact/p40/seed0,mnist,vit_small,grayscale,compact,40,0,heldout_val,55000,28,heldout_val,0.1844380104268901,0.9612,5000,final_epoch_primary
mnist/vit_small/grayscale/compact/p40/seed0,mnist,vit_small,grayscale,compact,40,0,heldout_val,55000,29,train_online,0.07623397914703449,0.9812909090909091,55000,final_epoch_primary
mnist/vit_small/grayscale/compact/p40/seed0,mnist,vit_small,grayscale,compact,40,0,heldout_val,55000,29,heldout_val,0.1437561956443591,0.9698,5000,final_epoch_primary
mnist/vit_small/grayscale/compact/p40/seed0,mnist,vit_small,grayscale,compact,40,0,heldout_val,55000,30,train_online,0.06961826784804422,0.9825454545454545,55000,final_epoch_primary
mnist/vit_small/grayscale/compact/p40/seed0,mnist,vit_small,grayscale,compact,40,0,heldout_val,55000,30,heldout_val,0.18577779420244042,0.967,5000,final_epoch_primary
mnist/vit_small/grayscale/compact/p40/seed0,mnist,vit_small,grayscale,compact,40,0,heldout_val,55000,31,train_online,0.06541914133835923,0.9842909090909091,55000,final_epoch_primary
mnist/vit_small/grayscale/compact/p40/seed0,mnist,vit_small,grayscale,compact,40,0,heldout_val,55000,31,heldout_val,0.15637493677779565,0.9686,5000,final_epoch_primary
mnist/vit_small/grayscale/compact/p40/seed0,mnist,vit_small,grayscale,compact,40,0,heldout_val,55000,32,train_online,0.058715211775170806,0.9856181818181818,55000,final_epoch_primary
mnist/vit_small/grayscale/compact/p40/seed0,mnist,vit_small,grayscale,compact,40,0,heldout_val,55000,32,heldout_val,0.1362454786846589,0.9714,5000,final_epoch_primary
mnist/vit_small/grayscale/compact/p40/seed0,mnist,vit_small,grayscale,compact,40,0,heldout_val,55000,33,train_online,0.05423250143336614,0.986890909090909,55000,final_epoch_primary
mnist/vit_small/grayscale/compact/p40/seed0,mnist,vit_small,grayscale,compact,40,0,heldout_val,55000,33,heldout_val,0.1554495472900162,0.9704,5000,final_epoch_primary
mnist/vit_small/grayscale/compact/p40/seed0,mnist,vit_small,grayscale,compact,40,0,heldout_val,55000,34,train_online,0.04797686198684255,0.988890909090909,55000,final_epoch_primary
mnist/vit_small/grayscale/compact/p40/seed0,mnist,vit_small,grayscale,compact,40,0,heldout_val,55000,34,heldout_val,0.18146905652983697,0.9692,5000,final_epoch_primary
mnist/vit_small/grayscale/compact/p40/seed0,mnist,vit_small,grayscale,compact,40,0,heldout_val,55000,35,train_online,0.04337851209776259,0.9899636363636364,55000,final_epoch_primary
mnist/vit_small/grayscale/compact/p40/seed0,mnist,vit_small,grayscale,compact,40,0,heldout_val,55000,35,heldout_val,0.16263062069133158,0.9718,5000,final_epoch_primary
mnist/vit_small/grayscale/compact/p40/seed0,mnist,vit_small,grayscale,compact,40,0,heldout_val,55000,36,train_online,0.036396760644579564,0.9915454545454545,55000,final_epoch_primary
mnist/vit_small/grayscale/compact/p40/seed0,mnist,vit_small,grayscale,compact,40,0,heldout_val,55000,36,heldout_val,0.15941915527166856,0.9738,5000,final_epoch_primary
mnist/vit_small/grayscale/compact/p40/seed0,mnist,vit_small,grayscale,compact,40,0,heldout_val,55000,37,train_online,0.027032583351166976,0.9931454545454546,55000,final_epoch_primary
mnist/vit_small/grayscale/compact/p40/seed0,mnist,vit_small,grayscale,compact,40,0,heldout_val,55000,37,heldout_val,0.18554191731505998,0.9726,5000,final_epoch_primary
mnist/vit_small/grayscale/compact/p40/seed0,mnist,vit_small,grayscale,compact,40,0,heldout_val,55000,38,train_online,0.02243344926441218,0.995,55000,final_epoch_primary
mnist/vit_small/grayscale/compact/p40/seed0,mnist,vit_small,grayscale,compact,40,0,heldout_val,55000,38,heldout_val,0.1764258538210357,0.9734,5000,final_epoch_primary
mnist/vit_small/grayscale/compact/p40/seed0,mnist,vit_small,grayscale,compact,40,0,heldout_val,55000,39,train_online,0.017812257521112373,0.9959272727272728,55000,final_epoch_primary
mnist/vit_small/grayscale/compact/p40/seed0,mnist,vit_small,grayscale,compact,40,0,heldout_val,55000,39,heldout_val,0.18632071931331592,0.9734,5000,final_epoch_primary
mnist/vit_small/grayscale/compact/p40/seed0,mnist,vit_small,grayscale,compact,40,0,heldout_val,55000,40,train_online,0.014923971778582497,0.9967090909090909,55000,final_epoch_primary
mnist/vit_small/grayscale/compact/p40/seed0,mnist,vit_small,grayscale,compact,40,0,heldout_val,55000,40,heldout_val,0.19638919916653905,0.9732,5000,final_epoch_primary
mnist/vit_small/grayscale/compact/p40/seed0,mnist,vit_small,grayscale,compact,40,0,heldout_val,55000,41,train_online,0.008828358576070075,0.9981636363636364,55000,final_epoch_primary
mnist/vit_small/grayscale/compact/p40/seed0,mnist,vit_small,grayscale,compact,40,0,heldout_val,55000,41,heldout_val,0.20705642022589382,0.974,5000,final_epoch_primary
mnist/vit_small/grayscale/compact/p40/seed0,mnist,vit_small,grayscale,compact,40,0,heldout_val,55000,42,train_online,0.006477220598134657,0.9986727272727273,55000,final_epoch_primary
mnist/vit_small/grayscale/compact/p40/seed0,mnist,vit_small,grayscale,compact,40,0,heldout_val,55000,42,heldout_val,0.22088892524429538,0.9738,5000,final_epoch_primary
mnist/vit_small/grayscale/compact/p40/seed0,mnist,vit_small,grayscale,compact,40,0,heldout_val,55000,43,train_online,0.005346354651149059,0.9988363636363636,55000,final_epoch_primary
mnist/vit_small/grayscale/compact/p40/seed0,mnist,vit_small,grayscale,compact,40,0,heldout_val,55000,43,heldout_val,0.21913044094898415,0.9738,5000,final_epoch_primary
mnist/vit_small/grayscale/compact/p40/seed0,mnist,vit_small,grayscale,compact,40,0,heldout_val,55000,44,train_online,0.002992988418655254,0.9993636363636363,55000,final_epoch_primary
mnist/vit_small/grayscale/compact/p40/seed0,mnist,vit_small,grayscale,compact,40,0,heldout_val,55000,44,heldout_val,0.23568964391102817,0.9718,5000,final_epoch_primary
mnist/vit_small/grayscale/compact/p40/seed0,mnist,vit_small,grayscale,compact,40,0,heldout_val,55000,45,train_online,0.0024782618111475214,0.9995636363636363,55000,final_epoch_primary
mnist/vit_small/grayscale/compact/p40/seed0,mnist,vit_small,grayscale,compact,40,0,heldout_val,55000,45,heldout_val,0.23273117716049602,0.9732,5000,final_epoch_primary
mnist/vit_small/grayscale/compact/p40/seed0,mnist,vit_small,grayscale,compact,40,0,heldout_val,55000,46,train_online,0.001223037024600969,0.9997454545454545,55000,final_epoch_primary
mnist/vit_small/grayscale/compact/p40/seed0,mnist,vit_small,grayscale,compact,40,0,heldout_val,55000,46,heldout_val,0.2369792907927563,0.9734,5000,final_epoch_primary
mnist/vit_small/grayscale/compact/p40/seed0,mnist,vit_small,grayscale,compact,40,0,heldout_val,55000,47,train_online,0.0013115692928290048,0.9997818181818182,55000,final_epoch_primary
mnist/vit_small/grayscale/compact/p40/seed0,mnist,vit_small,grayscale,compact,40,0,heldout_val,55000,47,heldout_val,0.24336433930908688,0.9736,5000,final_epoch_primary
mnist/vit_small/grayscale/compact/p40/seed0,mnist,vit_small,grayscale,compact,40,0,heldout_val,55000,48,train_online,0.0010199783152861775,0.9998,55000,final_epoch_primary
mnist/vit_small/grayscale/compact/p40/seed0,mnist,vit_small,grayscale,compact,40,0,heldout_val,55000,48,heldout_val,0.24574431942747024,0.973,5000,final_epoch_primary
mnist/vit_small/grayscale/compact/p40/seed0,mnist,vit_small,grayscale,compact,40,0,heldout_val,55000,49,train_online,0.0010411504092413947,0.9998,55000,final_epoch_primary
mnist/vit_small/grayscale/compact/p40/seed0,mnist,vit_small,grayscale,compact,40,0,heldout_val,55000,49,heldout_val,0.2466890762548038,0.9726,5000,final_epoch_primary
mnist/vit_small/grayscale/compact/p60/seed0,mnist,vit_small,grayscale,compact,60,0,heldout_val,55000,0,train_online,0.8022117218712514,0.7322363636363637,55000,final_epoch_primary
mnist/vit_small/grayscale/compact/p60/seed0,mnist,vit_small,grayscale,compact,60,0,heldout_val,55000,0,heldout_val,0.4410715809628367,0.8716,5000,final_epoch_primary
mnist/vit_small/grayscale/compact/p60/seed0,mnist,vit_small,grayscale,compact,60,0,heldout_val,55000,1,train_online,0.38224884999296205,0.9026363636363637,55000,final_epoch_primary
mnist/vit_small/grayscale/compact/p60/seed0,mnist,vit_small,grayscale,compact,60,0,heldout_val,55000,1,heldout_val,0.3461262468446977,0.9166,5000,final_epoch_primary
mnist/vit_small/grayscale/compact/p60/seed0,mnist,vit_small,grayscale,compact,60,0,heldout_val,55000,2,train_online,0.31326945018830116,0.9233272727272728,55000,final_epoch_primary
mnist/vit_small/grayscale/compact/p60/seed0,mnist,vit_small,grayscale,compact,60,0,heldout_val,55000,2,heldout_val,0.31911089830547573,0.92,5000,final_epoch_primary
mnist/vit_small/grayscale/compact/p60/seed0,mnist,vit_small,grayscale,compact,60,0,heldout_val,55000,3,train_online,0.2846967178695666,0.9275454545454546,55000,final_epoch_primary
mnist/vit_small/grayscale/compact/p60/seed0,mnist,vit_small,grayscale,compact,60,0,heldout_val,55000,3,heldout_val,0.2586574792521074,0.931,5000,final_epoch_primary
mnist/vit_small/grayscale/compact/p60/seed0,mnist,vit_small,grayscale,compact,60,0,heldout_val,55000,4,train_online,0.28288374623618595,0.9268181818181818,55000,final_epoch_primary
mnist/vit_small/grayscale/compact/p60/seed0,mnist,vit_small,grayscale,compact,60,0,heldout_val,55000,4,heldout_val,0.26223264791984113,0.9244,5000,final_epoch_primary
mnist/vit_small/grayscale/compact/p60/seed0,mnist,vit_small,grayscale,compact,60,0,heldout_val,55000,5,train_online,0.2664727797220207,0.9300545454545455,55000,final_epoch_primary
mnist/vit_small/grayscale/compact/p60/seed0,mnist,vit_small,grayscale,compact,60,0,heldout_val,55000,5,heldout_val,0.2718351211020723,0.9248,5000,final_epoch_primary
mnist/vit_small/grayscale/compact/p60/seed0,mnist,vit_small,grayscale,compact,60,0,heldout_val,55000,6,train_online,0.25090177831798155,0.9340727272727273,55000,final_epoch_primary
mnist/vit_small/grayscale/compact/p60/seed0,mnist,vit_small,grayscale,compact,60,0,heldout_val,55000,6,heldout_val,0.34829074297966434,0.9148,5000,final_epoch_primary
mnist/vit_small/grayscale/compact/p60/seed0,mnist,vit_small,grayscale,compact,60,0,heldout_val,55000,7,train_online,0.2368448308636265,0.9380363636363637,55000,final_epoch_primary
mnist/vit_small/grayscale/compact/p60/seed0,mnist,vit_small,grayscale,compact,60,0,heldout_val,55000,7,heldout_val,0.2534118265565485,0.9402,5000,final_epoch_primary
mnist/vit_small/grayscale/compact/p60/seed0,mnist,vit_small,grayscale,compact,60,0,heldout_val,55000,8,train_online,0.22162509377731898,0.9429636363636363,55000,final_epoch_primary
mnist/vit_small/grayscale/compact/p60/seed0,mnist,vit_small,grayscale,compact,60,0,heldout_val,55000,8,heldout_val,0.2834031133826822,0.93,5000,final_epoch_primary
mnist/vit_small/grayscale/compact/p60/seed0,mnist,vit_small,grayscale,compact,60,0,heldout_val,55000,9,train_online,0.21081270206445954,0.9460909090909091,55000,final_epoch_primary
mnist/vit_small/grayscale/compact/p60/seed0,mnist,vit_small,grayscale,compact,60,0,heldout_val,55000,9,heldout_val,0.24456665365649388,0.9438,5000,final_epoch_primary
mnist/vit_small/grayscale/compact/p60/seed0,mnist,vit_small,grayscale,compact,60,0,heldout_val,55000,10,train_online,0.2017572693822609,0.9475818181818182,55000,final_epoch_primary
mnist/vit_small/grayscale/compact/p60/seed0,mnist,vit_small,grayscale,compact,60,0,heldout_val,55000,10,heldout_val,0.21648856334113517,0.9468,5000,final_epoch_primary
mnist/vit_small/grayscale/compact/p60/seed0,mnist,vit_small,grayscale,compact,60,0,heldout_val,55000,11,train_online,0.19232158091287976,0.9503636363636364,55000,final_epoch_primary
mnist/vit_small/grayscale/compact/p60/seed0,mnist,vit_small,grayscale,compact,60,0,heldout_val,55000,11,heldout_val,0.2168893742829794,0.9442,5000,final_epoch_primary
mnist/vit_small/grayscale/compact/p60/seed0,mnist,vit_small,grayscale,compact,60,0,heldout_val,55000,12,train_online,0.1844386286271842,0.9520181818181818,55000,final_epoch_primary
mnist/vit_small/grayscale/compact/p60/seed0,mnist,vit_small,grayscale,compact,60,0,heldout_val,55000,12,heldout_val,0.22357493717945182,0.9464,5000,final_epoch_primary
mnist/vit_small/grayscale/compact/p60/seed0,mnist,vit_small,grayscale,compact,60,0,heldout_val,55000,13,train_online,0.17273354757816572,0.9558727272727273,55000,final_epoch_primary
mnist/vit_small/grayscale/compact/p60/seed0,mnist,vit_small,grayscale,compact,60,0,heldout_val,55000,13,heldout_val,0.19490487235723994,0.9522,5000,final_epoch_primary
mnist/vit_small/grayscale/compact/p60/seed0,mnist,vit_small,grayscale,compact,60,0,heldout_val,55000,14,train_online,0.16490013077503324,0.9576545454545454,55000,final_epoch_primary
mnist/vit_small/grayscale/compact/p60/seed0,mnist,vit_small,grayscale,compact,60,0,heldout_val,55000,14,heldout_val,0.1895599919970613,0.9524,5000,final_epoch_primary
mnist/vit_small/grayscale/compact/p60/seed0,mnist,vit_small,grayscale,compact,60,0,heldout_val,55000,15,train_online,0.15531070720496673,0.9601272727272727,55000,final_epoch_primary
mnist/vit_small/grayscale/compact/p60/seed0,mnist,vit_small,grayscale,compact,60,0,heldout_val,55000,15,heldout_val,0.30123016977619843,0.9304,5000,final_epoch_primary
mnist/vit_small/grayscale/compact/p60/seed0,mnist,vit_small,grayscale,compact,60,0,heldout_val,55000,16,train_online,0.14582927907730073,0.9619818181818182,55000,final_epoch_primary
mnist/vit_small/grayscale/compact/p60/seed0,mnist,vit_small,grayscale,compact,60,0,heldout_val,55000,16,heldout_val,0.18238716190911364,0.9564,5000,final_epoch_primary
mnist/vit_small/grayscale/compact/p60/seed0,mnist,vit_small,grayscale,compact,60,0,heldout_val,55000,17,train_online,0.1425182007650961,0.9635636363636364,55000,final_epoch_primary
mnist/vit_small/grayscale/compact/p60/seed0,mnist,vit_small,grayscale,compact,60,0,heldout_val,55000,17,heldout_val,0.17006114135719835,0.9594,5000,final_epoch_primary
mnist/vit_small/grayscale/compact/p60/seed0,mnist,vit_small,grayscale,compact,60,0,heldout_val,55000,18,train_online,0.1341457361197152,0.9656,55000,final_epoch_primary
mnist/vit_small/grayscale/compact/p60/seed0,mnist,vit_small,grayscale,compact,60,0,heldout_val,55000,18,heldout_val,0.15867494422409217,0.9614,5000,final_epoch_primary
mnist/vit_small/grayscale/compact/p60/seed0,mnist,vit_small,grayscale,compact,60,0,heldout_val,55000,19,train_online,0.12784827235050458,0.9675272727272727,55000,final_epoch_primary
mnist/vit_small/grayscale/compact/p60/seed0,mnist,vit_small,grayscale,compact,60,0,heldout_val,55000,19,heldout_val,0.18863768201563508,0.955,5000,final_epoch_primary
mnist/vit_small/grayscale/compact/p60/seed0,mnist,vit_small,grayscale,compact,60,0,heldout_val,55000,20,train_online,0.12054592516669337,0.9693272727272727,55000,final_epoch_primary
mnist/vit_small/grayscale/compact/p60/seed0,mnist,vit_small,grayscale,compact,60,0,heldout_val,55000,20,heldout_val,0.16111147058184724,0.9612,5000,final_epoch_primary
mnist/vit_small/grayscale/compact/p60/seed0,mnist,vit_small,grayscale,compact,60,0,heldout_val,55000,21,train_online,0.11815239521902986,0.9704545454545455,55000,final_epoch_primary
mnist/vit_small/grayscale/compact/p60/seed0,mnist,vit_small,grayscale,compact,60,0,heldout_val,55000,21,heldout_val,0.15305705940837505,0.9614,5000,final_epoch_primary
mnist/vit_small/grayscale/compact/p60/seed0,mnist,vit_small,grayscale,compact,60,0,heldout_val,55000,22,train_online,0.1112230160689299,0.9715272727272727,55000,final_epoch_primary
mnist/vit_small/grayscale/compact/p60/seed0,mnist,vit_small,grayscale,compact,60,0,heldout_val,55000,22,heldout_val,0.18778485259544103,0.958,5000,final_epoch_primary
mnist/vit_small/grayscale/compact/p60/seed0,mnist,vit_small,grayscale,compact,60,0,heldout_val,55000,23,train_online,0.10678310425695646,0.973,55000,final_epoch_primary
mnist/vit_small/grayscale/compact/p60/seed0,mnist,vit_small,grayscale,compact,60,0,heldout_val,55000,23,heldout_val,0.18840477511613862,0.9614,5000,final_epoch_primary
mnist/vit_small/grayscale/compact/p60/seed0,mnist,vit_small,grayscale,compact,60,0,heldout_val,55000,24,train_online,0.10086393943822689,0.9744181818181818,55000,final_epoch_primary
mnist/vit_small/grayscale/compact/p60/seed0,mnist,vit_small,grayscale,compact,60,0,heldout_val,55000,24,heldout_val,0.17876648287274874,0.9628,5000,final_epoch_primary
mnist/vit_small/grayscale/compact/p60/seed0,mnist,vit_small,grayscale,compact,60,0,heldout_val,55000,25,train_online,0.09566381297552937,0.9755454545454545,55000,final_epoch_primary
mnist/vit_small/grayscale/compact/p60/seed0,mnist,vit_small,grayscale,compact,60,0,heldout_val,55000,25,heldout_val,0.16503396304822526,0.9624,5000,final_epoch_primary
mnist/vit_small/grayscale/compact/p60/seed0,mnist,vit_small,grayscale,compact,60,0,heldout_val,55000,26,train_online,0.09204277984286892,0.9771818181818182,55000,final_epoch_primary
mnist/vit_small/grayscale/compact/p60/seed0,mnist,vit_small,grayscale,compact,60,0,heldout_val,55000,26,heldout_val,0.1625550243784557,0.9648,5000,final_epoch_primary
mnist/vit_small/grayscale/compact/p60/seed0,mnist,vit_small,grayscale,compact,60,0,heldout_val,55000,27,train_online,0.08535996303683654,0.9786181818181818,55000,final_epoch_primary
mnist/vit_small/grayscale/compact/p60/seed0,mnist,vit_small,grayscale,compact,60,0,heldout_val,55000,27,heldout_val,0.15703211591364816,0.9668,5000,final_epoch_primary
mnist/vit_small/grayscale/compact/p60/seed0,mnist,vit_small,grayscale,compact,60,0,heldout_val,55000,28,train_online,0.07853613409764948,0.9815090909090909,55000,final_epoch_primary
mnist/vit_small/grayscale/compact/p60/seed0,mnist,vit_small,grayscale,compact,60,0,heldout_val,55000,28,heldout_val,0.21254103697707177,0.9574,5000,final_epoch_primary
mnist/vit_small/grayscale/compact/p60/seed0,mnist,vit_small,grayscale,compact,60,0,heldout_val,55000,29,train_online,0.07591095175879997,0.9811090909090909,55000,final_epoch_primary
mnist/vit_small/grayscale/compact/p60/seed0,mnist,vit_small,grayscale,compact,60,0,heldout_val,55000,29,heldout_val,0.15665448270114138,0.9662,5000,final_epoch_primary
mnist/vit_small/grayscale/compact/p60/seed0,mnist,vit_small,grayscale,compact,60,0,heldout_val,55000,30,train_online,0.06630920944922943,0.983890909090909,55000,final_epoch_primary
mnist/vit_small/grayscale/compact/p60/seed0,mnist,vit_small,grayscale,compact,60,0,heldout_val,55000,30,heldout_val,0.18756225765475537,0.9616,5000,final_epoch_primary
mnist/vit_small/grayscale/compact/p60/seed0,mnist,vit_small,grayscale,compact,60,0,heldout_val,55000,31,train_online,0.06213174586368206,0.9850909090909091,55000,final_epoch_primary
mnist/vit_small/grayscale/compact/p60/seed0,mnist,vit_small,grayscale,compact,60,0,heldout_val,55000,31,heldout_val,0.1594098456316977,0.9658,5000,final_epoch_primary
mnist/vit_small/grayscale/compact/p60/seed0,mnist,vit_small,grayscale,compact,60,0,heldout_val,55000,32,train_online,0.05722647049889254,0.9866363636363636,55000,final_epoch_primary
mnist/vit_small/grayscale/compact/p60/seed0,mnist,vit_small,grayscale,compact,60,0,heldout_val,55000,32,heldout_val,0.1671215587836923,0.9684,5000,final_epoch_primary
mnist/vit_small/grayscale/compact/p60/seed0,mnist,vit_small,grayscale,compact,60,0,heldout_val,55000,33,train_online,0.05186880656478038,0.9879272727272728,55000,final_epoch_primary
mnist/vit_small/grayscale/compact/p60/seed0,mnist,vit_small,grayscale,compact,60,0,heldout_val,55000,33,heldout_val,0.16808956436417646,0.969,5000,final_epoch_primary
mnist/vit_small/grayscale/compact/p60/seed0,mnist,vit_small,grayscale,compact,60,0,heldout_val,55000,34,train_online,0.04426154508204358,0.9895454545454545,55000,final_epoch_primary
mnist/vit_small/grayscale/compact/p60/seed0,mnist,vit_small,grayscale,compact,60,0,heldout_val,55000,34,heldout_val,0.1771878822827304,0.9682,5000,final_epoch_primary
mnist/vit_small/grayscale/compact/p60/seed0,mnist,vit_small,grayscale,compact,60,0,heldout_val,55000,35,train_online,0.03950159069864577,0.9908727272727272,55000,final_epoch_primary
mnist/vit_small/grayscale/compact/p60/seed0,mnist,vit_small,grayscale,compact,60,0,heldout_val,55000,35,heldout_val,0.18753757767318457,0.9688,5000,final_epoch_primary
mnist/vit_small/grayscale/compact/p60/seed0,mnist,vit_small,grayscale,compact,60,0,heldout_val,55000,36,train_online,0.033337975072269384,0.9925090909090909,55000,final_epoch_primary
mnist/vit_small/grayscale/compact/p60/seed0,mnist,vit_small,grayscale,compact,60,0,heldout_val,55000,36,heldout_val,0.20048151331962435,0.9672,5000,final_epoch_primary
mnist/vit_small/grayscale/compact/p60/seed0,mnist,vit_small,grayscale,compact,60,0,heldout_val,55000,37,train_online,0.025564648704004437,0.9939454545454546,55000,final_epoch_primary
mnist/vit_small/grayscale/compact/p60/seed0,mnist,vit_small,grayscale,compact,60,0,heldout_val,55000,37,heldout_val,0.21438911754791334,0.9692,5000,final_epoch_primary
mnist/vit_small/grayscale/compact/p60/seed0,mnist,vit_small,grayscale,compact,60,0,heldout_val,55000,38,train_online,0.02075977936011001,0.9954909090909091,55000,final_epoch_primary
mnist/vit_small/grayscale/compact/p60/seed0,mnist,vit_small,grayscale,compact,60,0,heldout_val,55000,38,heldout_val,0.2096161615193567,0.9702,5000,final_epoch_primary
mnist/vit_small/grayscale/compact/p60/seed0,mnist,vit_small,grayscale,compact,60,0,heldout_val,55000,39,train_online,0.018109136248104056,0.9959272727272728,55000,final_epoch_primary
mnist/vit_small/grayscale/compact/p60/seed0,mnist,vit_small,grayscale,compact,60,0,heldout_val,55000,39,heldout_val,0.20534161343103768,0.9718,5000,final_epoch_primary
mnist/vit_small/grayscale/compact/p60/seed0,mnist,vit_small,grayscale,compact,60,0,heldout_val,55000,40,train_online,0.012805014093058906,0.9971818181818182,55000,final_epoch_primary
mnist/vit_small/grayscale/compact/p60/seed0,mnist,vit_small,grayscale,compact,60,0,heldout_val,55000,40,heldout_val,0.217797898639943,0.973,5000,final_epoch_primary
mnist/vit_small/grayscale/compact/p60/seed0,mnist,vit_small,grayscale,compact,60,0,heldout_val,55000,41,train_online,0.006939046423395749,0.9983454545454545,55000,final_epoch_primary
mnist/vit_small/grayscale/compact/p60/seed0,mnist,vit_small,grayscale,compact,60,0,heldout_val,55000,41,heldout_val,0.2578862930829135,0.9686,5000,final_epoch_primary
mnist/vit_small/grayscale/compact/p60/seed0,mnist,vit_small,grayscale,compact,60,0,heldout_val,55000,42,train_online,0.0066690682638165695,0.9986363636363637,55000,final_epoch_primary
mnist/vit_small/grayscale/compact/p60/seed0,mnist,vit_small,grayscale,compact,60,0,heldout_val,55000,42,heldout_val,0.2442412451767741,0.9712,5000,final_epoch_primary
mnist/vit_small/grayscale/compact/p60/seed0,mnist,vit_small,grayscale,compact,60,0,heldout_val,55000,43,train_online,0.004288337263398684,0.9990727272727272,55000,final_epoch_primary
mnist/vit_small/grayscale/compact/p60/seed0,mnist,vit_small,grayscale,compact,60,0,heldout_val,55000,43,heldout_val,0.26635402698182187,0.97,5000,final_epoch_primary
mnist/vit_small/grayscale/compact/p60/seed0,mnist,vit_small,grayscale,compact,60,0,heldout_val,55000,44,train_online,0.002606278274397135,0.9994909090909091,55000,final_epoch_primary
mnist/vit_small/grayscale/compact/p60/seed0,mnist,vit_small,grayscale,compact,60,0,heldout_val,55000,44,heldout_val,0.2614631343656805,0.971,5000,final_epoch_primary
mnist/vit_small/grayscale/compact/p60/seed0,mnist,vit_small,grayscale,compact,60,0,heldout_val,55000,45,train_online,0.0025477392324669795,0.9995818181818181,55000,final_epoch_primary
mnist/vit_small/grayscale/compact/p60/seed0,mnist,vit_small,grayscale,compact,60,0,heldout_val,55000,45,heldout_val,0.27810068245943037,0.9704,5000,final_epoch_primary
mnist/vit_small/grayscale/compact/p60/seed0,mnist,vit_small,grayscale,compact,60,0,heldout_val,55000,46,train_online,0.0008670731820863777,0.9998,55000,final_epoch_primary
mnist/vit_small/grayscale/compact/p60/seed0,mnist,vit_small,grayscale,compact,60,0,heldout_val,55000,46,heldout_val,0.28721480119368487,0.9708,5000,final_epoch_primary
mnist/vit_small/grayscale/compact/p60/seed0,mnist,vit_small,grayscale,compact,60,0,heldout_val,55000,47,train_online,0.0013439691942783115,0.9998363636363636,55000,final_epoch_primary
mnist/vit_small/grayscale/compact/p60/seed0,mnist,vit_small,grayscale,compact,60,0,heldout_val,55000,47,heldout_val,0.28746646713973834,0.97,5000,final_epoch_primary
mnist/vit_small/grayscale/compact/p60/seed0,mnist,vit_small,grayscale,compact,60,0,heldout_val,55000,48,train_online,0.0010043524691576915,0.9997818181818182,55000,final_epoch_primary
mnist/vit_small/grayscale/compact/p60/seed0,mnist,vit_small,grayscale,compact,60,0,heldout_val,55000,48,heldout_val,0.2889864125824657,0.9702,5000,final_epoch_primary
mnist/vit_small/grayscale/compact/p60/seed0,mnist,vit_small,grayscale,compact,60,0,heldout_val,55000,49,train_online,0.0012130931060727148,0.9997090909090909,55000,final_epoch_primary
mnist/vit_small/grayscale/compact/p60/seed0,mnist,vit_small,grayscale,compact,60,0,heldout_val,55000,49,heldout_val,0.28746805100006434,0.9708,5000,final_epoch_primary
mnist/vit_small/grayscale/compact/p80/seed0,mnist,vit_small,grayscale,compact,80,0,heldout_val,55000,0,train_online,0.747795339246907,0.7517818181818182,55000,final_epoch_primary
mnist/vit_small/grayscale/compact/p80/seed0,mnist,vit_small,grayscale,compact,80,0,heldout_val,55000,0,heldout_val,0.5765888308852911,0.8462,5000,final_epoch_primary
mnist/vit_small/grayscale/compact/p80/seed0,mnist,vit_small,grayscale,compact,80,0,heldout_val,55000,1,train_online,0.4003841826691038,0.8968727272727273,55000,final_epoch_primary
mnist/vit_small/grayscale/compact/p80/seed0,mnist,vit_small,grayscale,compact,80,0,heldout_val,55000,1,heldout_val,0.3935212225418538,0.9044,5000,final_epoch_primary
mnist/vit_small/grayscale/compact/p80/seed0,mnist,vit_small,grayscale,compact,80,0,heldout_val,55000,2,train_online,0.33671232752255587,0.9166727272727273,55000,final_epoch_primary
mnist/vit_small/grayscale/compact/p80/seed0,mnist,vit_small,grayscale,compact,80,0,heldout_val,55000,2,heldout_val,0.32031006456045436,0.9146,5000,final_epoch_primary
mnist/vit_small/grayscale/compact/p80/seed0,mnist,vit_small,grayscale,compact,80,0,heldout_val,55000,3,train_online,0.31654091905130666,0.9190181818181818,55000,final_epoch_primary
mnist/vit_small/grayscale/compact/p80/seed0,mnist,vit_small,grayscale,compact,80,0,heldout_val,55000,3,heldout_val,0.31163027999866755,0.9252,5000,final_epoch_primary
mnist/vit_small/grayscale/compact/p80/seed0,mnist,vit_small,grayscale,compact,80,0,heldout_val,55000,4,train_online,0.30588893696614117,0.9217090909090909,55000,final_epoch_primary
mnist/vit_small/grayscale/compact/p80/seed0,mnist,vit_small,grayscale,compact,80,0,heldout_val,55000,4,heldout_val,0.2962505253128707,0.9196,5000,final_epoch_primary
mnist/vit_small/grayscale/compact/p80/seed0,mnist,vit_small,grayscale,compact,80,0,heldout_val,55000,5,train_online,0.2964399040738078,0.9230181818181818,55000,final_epoch_primary
mnist/vit_small/grayscale/compact/p80/seed0,mnist,vit_small,grayscale,compact,80,0,heldout_val,55000,5,heldout_val,0.4247251452301629,0.8908,5000,final_epoch_primary
mnist/vit_small/grayscale/compact/p80/seed0,mnist,vit_small,grayscale,compact,80,0,heldout_val,55000,6,train_online,0.2799707791385283,0.9268727272727273,55000,final_epoch_primary
mnist/vit_small/grayscale/compact/p80/seed0,mnist,vit_small,grayscale,compact,80,0,heldout_val,55000,6,heldout_val,0.28163908243840563,0.9308,5000,final_epoch_primary
mnist/vit_small/grayscale/compact/p80/seed0,mnist,vit_small,grayscale,compact,80,0,heldout_val,55000,7,train_online,0.257531066503634,0.9333818181818182,55000,final_epoch_primary
mnist/vit_small/grayscale/compact/p80/seed0,mnist,vit_small,grayscale,compact,80,0,heldout_val,55000,7,heldout_val,0.2706321123553906,0.9308,5000,final_epoch_primary
mnist/vit_small/grayscale/compact/p80/seed0,mnist,vit_small,grayscale,compact,80,0,heldout_val,55000,8,train_online,0.23734256976290435,0.9379636363636363,55000,final_epoch_primary
mnist/vit_small/grayscale/compact/p80/seed0,mnist,vit_small,grayscale,compact,80,0,heldout_val,55000,8,heldout_val,0.24725124347466043,0.9366,5000,final_epoch_primary
mnist/vit_small/grayscale/compact/p80/seed0,mnist,vit_small,grayscale,compact,80,0,heldout_val,55000,9,train_online,0.223798651770333,0.9427636363636364,55000,final_epoch_primary
mnist/vit_small/grayscale/compact/p80/seed0,mnist,vit_small,grayscale,compact,80,0,heldout_val,55000,9,heldout_val,0.2905666088087484,0.9206,5000,final_epoch_primary
mnist/vit_small/grayscale/compact/p80/seed0,mnist,vit_small,grayscale,compact,80,0,heldout_val,55000,10,train_online,0.21054136245866645,0.9456545454545454,55000,final_epoch_primary
mnist/vit_small/grayscale/compact/p80/seed0,mnist,vit_small,grayscale,compact,80,0,heldout_val,55000,10,heldout_val,0.2785395347776357,0.9328,5000,final_epoch_primary
mnist/vit_small/grayscale/compact/p80/seed0,mnist,vit_small,grayscale,compact,80,0,heldout_val,55000,11,train_online,0.20244030608953273,0.9475636363636364,55000,final_epoch_primary
mnist/vit_small/grayscale/compact/p80/seed0,mnist,vit_small,grayscale,compact,80,0,heldout_val,55000,11,heldout_val,0.19236760416356846,0.9456,5000,final_epoch_primary
mnist/vit_small/grayscale/compact/p80/seed0,mnist,vit_small,grayscale,compact,80,0,heldout_val,55000,12,train_online,0.1937872969344216,0.9499090909090909,55000,final_epoch_primary
mnist/vit_small/grayscale/compact/p80/seed0,mnist,vit_small,grayscale,compact,80,0,heldout_val,55000,12,heldout_val,0.20064051857213488,0.9482,5000,final_epoch_primary
mnist/vit_small/grayscale/compact/p80/seed0,mnist,vit_small,grayscale,compact,80,0,heldout_val,55000,13,train_online,0.18104904621507845,0.9538,55000,final_epoch_primary
mnist/vit_small/grayscale/compact/p80/seed0,mnist,vit_small,grayscale,compact,80,0,heldout_val,55000,13,heldout_val,0.25540913324784487,0.9418,5000,final_epoch_primary
mnist/vit_small/grayscale/compact/p80/seed0,mnist,vit_small,grayscale,compact,80,0,heldout_val,55000,14,train_online,0.18166169308618937,0.9538363636363636,55000,final_epoch_primary
mnist/vit_small/grayscale/compact/p80/seed0,mnist,vit_small,grayscale,compact,80,0,heldout_val,55000,14,heldout_val,0.19068173000644892,0.952,5000,final_epoch_primary
mnist/vit_small/grayscale/compact/p80/seed0,mnist,vit_small,grayscale,compact,80,0,heldout_val,55000,15,train_online,0.17024514444469982,0.956690909090909,55000,final_epoch_primary
mnist/vit_small/grayscale/compact/p80/seed0,mnist,vit_small,grayscale,compact,80,0,heldout_val,55000,15,heldout_val,0.20978478116509505,0.9472,5000,final_epoch_primary
mnist/vit_small/grayscale/compact/p80/seed0,mnist,vit_small,grayscale,compact,80,0,heldout_val,55000,16,train_online,0.15975305741613477,0.9589454545454545,55000,final_epoch_primary
mnist/vit_small/grayscale/compact/p80/seed0,mnist,vit_small,grayscale,compact,80,0,heldout_val,55000,16,heldout_val,0.21609158808360807,0.9466,5000,final_epoch_primary
mnist/vit_small/grayscale/compact/p80/seed0,mnist,vit_small,grayscale,compact,80,0,heldout_val,55000,17,train_online,0.15670690730194223,0.9600363636363637,55000,final_epoch_primary
mnist/vit_small/grayscale/compact/p80/seed0,mnist,vit_small,grayscale,compact,80,0,heldout_val,55000,17,heldout_val,0.1888005048151128,0.951,5000,final_epoch_primary
mnist/vit_small/grayscale/compact/p80/seed0,mnist,vit_small,grayscale,compact,80,0,heldout_val,55000,18,train_online,0.15263622228280344,0.9619090909090909,55000,final_epoch_primary
mnist/vit_small/grayscale/compact/p80/seed0,mnist,vit_small,grayscale,compact,80,0,heldout_val,55000,18,heldout_val,0.22168671544604004,0.9448,5000,final_epoch_primary
mnist/vit_small/grayscale/compact/p80/seed0,mnist,vit_small,grayscale,compact,80,0,heldout_val,55000,19,train_online,0.14347106735074194,0.9629272727272727,55000,final_epoch_primary
mnist/vit_small/grayscale/compact/p80/seed0,mnist,vit_small,grayscale,compact,80,0,heldout_val,55000,19,heldout_val,0.1644500957358163,0.9598,5000,final_epoch_primary
mnist/vit_small/grayscale/compact/p80/seed0,mnist,vit_small,grayscale,compact,80,0,heldout_val,55000,20,train_online,0.13709035210446877,0.9658727272727273,55000,final_epoch_primary
mnist/vit_small/grayscale/compact/p80/seed0,mnist,vit_small,grayscale,compact,80,0,heldout_val,55000,20,heldout_val,0.20791173785997089,0.9534,5000,final_epoch_primary
mnist/vit_small/grayscale/compact/p80/seed0,mnist,vit_small,grayscale,compact,80,0,heldout_val,55000,21,train_online,0.13160816884587243,0.9673090909090909,55000,final_epoch_primary
mnist/vit_small/grayscale/compact/p80/seed0,mnist,vit_small,grayscale,compact,80,0,heldout_val,55000,21,heldout_val,0.19187821502303704,0.9496,5000,final_epoch_primary
mnist/vit_small/grayscale/compact/p80/seed0,mnist,vit_small,grayscale,compact,80,0,heldout_val,55000,22,train_online,0.12492551616611679,0.9688363636363636,55000,final_epoch_primary
mnist/vit_small/grayscale/compact/p80/seed0,mnist,vit_small,grayscale,compact,80,0,heldout_val,55000,22,heldout_val,0.16667479825773043,0.9602,5000,final_epoch_primary
mnist/vit_small/grayscale/compact/p80/seed0,mnist,vit_small,grayscale,compact,80,0,heldout_val,55000,23,train_online,0.11820513216107026,0.9704545454545455,55000,final_epoch_primary
mnist/vit_small/grayscale/compact/p80/seed0,mnist,vit_small,grayscale,compact,80,0,heldout_val,55000,23,heldout_val,0.20073147042666095,0.957,5000,final_epoch_primary
mnist/vit_small/grayscale/compact/p80/seed0,mnist,vit_small,grayscale,compact,80,0,heldout_val,55000,24,train_online,0.11345751061894697,0.9720727272727273,55000,final_epoch_primary
mnist/vit_small/grayscale/compact/p80/seed0,mnist,vit_small,grayscale,compact,80,0,heldout_val,55000,24,heldout_val,0.18473885920501779,0.9542,5000,final_epoch_primary
mnist/vit_small/grayscale/compact/p80/seed0,mnist,vit_small,grayscale,compact,80,0,heldout_val,55000,25,train_online,0.1082210985452233,0.9733090909090909,55000,final_epoch_primary
mnist/vit_small/grayscale/compact/p80/seed0,mnist,vit_small,grayscale,compact,80,0,heldout_val,55000,25,heldout_val,0.19950245113437995,0.9586,5000,final_epoch_primary
mnist/vit_small/grayscale/compact/p80/seed0,mnist,vit_small,grayscale,compact,80,0,heldout_val,55000,26,train_online,0.10271522447521618,0.9749818181818182,55000,final_epoch_primary
mnist/vit_small/grayscale/compact/p80/seed0,mnist,vit_small,grayscale,compact,80,0,heldout_val,55000,26,heldout_val,0.2012305605846108,0.9598,5000,final_epoch_primary
mnist/vit_small/grayscale/compact/p80/seed0,mnist,vit_small,grayscale,compact,80,0,heldout_val,55000,27,train_online,0.09573739566826474,0.9763272727272727,55000,final_epoch_primary
mnist/vit_small/grayscale/compact/p80/seed0,mnist,vit_small,grayscale,compact,80,0,heldout_val,55000,27,heldout_val,0.19014590435700957,0.9584,5000,final_epoch_primary
mnist/vit_small/grayscale/compact/p80/seed0,mnist,vit_small,grayscale,compact,80,0,heldout_val,55000,28,train_online,0.09132613344249073,0.9778545454545454,55000,final_epoch_primary
mnist/vit_small/grayscale/compact/p80/seed0,mnist,vit_small,grayscale,compact,80,0,heldout_val,55000,28,heldout_val,0.17250436564516275,0.9646,5000,final_epoch_primary
mnist/vit_small/grayscale/compact/p80/seed0,mnist,vit_small,grayscale,compact,80,0,heldout_val,55000,29,train_online,0.08419410653346303,0.9802545454545455,55000,final_epoch_primary
mnist/vit_small/grayscale/compact/p80/seed0,mnist,vit_small,grayscale,compact,80,0,heldout_val,55000,29,heldout_val,0.18702989133916562,0.9602,5000,final_epoch_primary
mnist/vit_small/grayscale/compact/p80/seed0,mnist,vit_small,grayscale,compact,80,0,heldout_val,55000,30,train_online,0.07633564091753162,0.9816545454545454,55000,final_epoch_primary
mnist/vit_small/grayscale/compact/p80/seed0,mnist,vit_small,grayscale,compact,80,0,heldout_val,55000,30,heldout_val,0.17475651372001738,0.964,5000,final_epoch_primary
mnist/vit_small/grayscale/compact/p80/seed0,mnist,vit_small,grayscale,compact,80,0,heldout_val,55000,31,train_online,0.0722697402438514,0.9834909090909091,55000,final_epoch_primary
mnist/vit_small/grayscale/compact/p80/seed0,mnist,vit_small,grayscale,compact,80,0,heldout_val,55000,31,heldout_val,0.18771449263531248,0.9596,5000,final_epoch_primary
mnist/vit_small/grayscale/compact/p80/seed0,mnist,vit_small,grayscale,compact,80,0,heldout_val,55000,32,train_online,0.06385698516323834,0.9844727272727273,55000,final_epoch_primary
mnist/vit_small/grayscale/compact/p80/seed0,mnist,vit_small,grayscale,compact,80,0,heldout_val,55000,32,heldout_val,0.18493400190300308,0.9618,5000,final_epoch_primary
mnist/vit_small/grayscale/compact/p80/seed0,mnist,vit_small,grayscale,compact,80,0,heldout_val,55000,33,train_online,0.05822194692961163,0.9864727272727273,55000,final_epoch_primary
mnist/vit_small/grayscale/compact/p80/seed0,mnist,vit_small,grayscale,compact,80,0,heldout_val,55000,33,heldout_val,0.20237778466683232,0.9594,5000,final_epoch_primary
mnist/vit_small/grayscale/compact/p80/seed0,mnist,vit_small,grayscale,compact,80,0,heldout_val,55000,34,train_online,0.05302967050967378,0.9878,55000,final_epoch_primary
mnist/vit_small/grayscale/compact/p80/seed0,mnist,vit_small,grayscale,compact,80,0,heldout_val,55000,34,heldout_val,0.20738170907773018,0.9656,5000,final_epoch_primary
mnist/vit_small/grayscale/compact/p80/seed0,mnist,vit_small,grayscale,compact,80,0,heldout_val,55000,35,train_online,0.04508406810026208,0.9895454545454545,55000,final_epoch_primary
mnist/vit_small/grayscale/compact/p80/seed0,mnist,vit_small,grayscale,compact,80,0,heldout_val,55000,35,heldout_val,0.1973212016895355,0.967,5000,final_epoch_primary
mnist/vit_small/grayscale/compact/p80/seed0,mnist,vit_small,grayscale,compact,80,0,heldout_val,55000,36,train_online,0.0421747128586388,0.9906363636363636,55000,final_epoch_primary
mnist/vit_small/grayscale/compact/p80/seed0,mnist,vit_small,grayscale,compact,80,0,heldout_val,55000,36,heldout_val,0.18514952867412066,0.9694,5000,final_epoch_primary
mnist/vit_small/grayscale/compact/p80/seed0,mnist,vit_small,grayscale,compact,80,0,heldout_val,55000,37,train_online,0.032417282959347885,0.9925636363636363,55000,final_epoch_primary
mnist/vit_small/grayscale/compact/p80/seed0,mnist,vit_small,grayscale,compact,80,0,heldout_val,55000,37,heldout_val,0.22120691566395106,0.9658,5000,final_epoch_primary
mnist/vit_small/grayscale/compact/p80/seed0,mnist,vit_small,grayscale,compact,80,0,heldout_val,55000,38,train_online,0.02561642714417262,0.9944545454545455,55000,final_epoch_primary
mnist/vit_small/grayscale/compact/p80/seed0,mnist,vit_small,grayscale,compact,80,0,heldout_val,55000,38,heldout_val,0.21654387557681476,0.9686,5000,final_epoch_primary
mnist/vit_small/grayscale/compact/p80/seed0,mnist,vit_small,grayscale,compact,80,0,heldout_val,55000,39,train_online,0.02117354698767383,0.9953454545454545,55000,final_epoch_primary
mnist/vit_small/grayscale/compact/p80/seed0,mnist,vit_small,grayscale,compact,80,0,heldout_val,55000,39,heldout_val,0.21517641549370456,0.9704,5000,final_epoch_primary
mnist/vit_small/grayscale/compact/p80/seed0,mnist,vit_small,grayscale,compact,80,0,heldout_val,55000,40,train_online,0.01577907035929463,0.9965272727272727,55000,final_epoch_primary
mnist/vit_small/grayscale/compact/p80/seed0,mnist,vit_small,grayscale,compact,80,0,heldout_val,55000,40,heldout_val,0.25214145019746864,0.9692,5000,final_epoch_primary
mnist/vit_small/grayscale/compact/p80/seed0,mnist,vit_small,grayscale,compact,80,0,heldout_val,55000,41,train_online,0.010245177565536273,0.9978727272727272,55000,final_epoch_primary
mnist/vit_small/grayscale/compact/p80/seed0,mnist,vit_small,grayscale,compact,80,0,heldout_val,55000,41,heldout_val,0.27539042369522065,0.966,5000,final_epoch_primary
mnist/vit_small/grayscale/compact/p80/seed0,mnist,vit_small,grayscale,compact,80,0,heldout_val,55000,42,train_online,0.006954253949957936,0.9985636363636363,55000,final_epoch_primary
mnist/vit_small/grayscale/compact/p80/seed0,mnist,vit_small,grayscale,compact,80,0,heldout_val,55000,42,heldout_val,0.297619596204154,0.9668,5000,final_epoch_primary
mnist/vit_small/grayscale/compact/p80/seed0,mnist,vit_small,grayscale,compact,80,0,heldout_val,55000,43,train_online,0.005733603162158877,0.9989454545454546,55000,final_epoch_primary
mnist/vit_small/grayscale/compact/p80/seed0,mnist,vit_small,grayscale,compact,80,0,heldout_val,55000,43,heldout_val,0.2871611288653447,0.9678,5000,final_epoch_primary
mnist/vit_small/grayscale/compact/p80/seed0,mnist,vit_small,grayscale,compact,80,0,heldout_val,55000,44,train_online,0.0035764327861786526,0.9992727272727273,55000,final_epoch_primary
mnist/vit_small/grayscale/compact/p80/seed0,mnist,vit_small,grayscale,compact,80,0,heldout_val,55000,44,heldout_val,0.27403305629060176,0.9702,5000,final_epoch_primary
mnist/vit_small/grayscale/compact/p80/seed0,mnist,vit_small,grayscale,compact,80,0,heldout_val,55000,45,train_online,0.0025721905208278425,0.9994545454545455,55000,final_epoch_primary
mnist/vit_small/grayscale/compact/p80/seed0,mnist,vit_small,grayscale,compact,80,0,heldout_val,55000,45,heldout_val,0.29687764761923807,0.9694,5000,final_epoch_primary
mnist/vit_small/grayscale/compact/p80/seed0,mnist,vit_small,grayscale,compact,80,0,heldout_val,55000,46,train_online,0.0013055944148857304,0.9997454545454545,55000,final_epoch_primary
mnist/vit_small/grayscale/compact/p80/seed0,mnist,vit_small,grayscale,compact,80,0,heldout_val,55000,46,heldout_val,0.2939544587404317,0.9706,5000,final_epoch_primary
mnist/vit_small/grayscale/compact/p80/seed0,mnist,vit_small,grayscale,compact,80,0,heldout_val,55000,47,train_online,0.0016190445850176648,0.9997454545454545,55000,final_epoch_primary
mnist/vit_small/grayscale/compact/p80/seed0,mnist,vit_small,grayscale,compact,80,0,heldout_val,55000,47,heldout_val,0.2966478718651924,0.9704,5000,final_epoch_primary
mnist/vit_small/grayscale/compact/p80/seed0,mnist,vit_small,grayscale,compact,80,0,heldout_val,55000,48,train_online,0.0011489242661307964,0.9998181818181818,55000,final_epoch_primary
mnist/vit_small/grayscale/compact/p80/seed0,mnist,vit_small,grayscale,compact,80,0,heldout_val,55000,48,heldout_val,0.3022904482371966,0.9696,5000,final_epoch_primary
mnist/vit_small/grayscale/compact/p80/seed0,mnist,vit_small,grayscale,compact,80,0,heldout_val,55000,49,train_online,0.002002711961316874,0.9996545454545455,55000,final_epoch_primary
mnist/vit_small/grayscale/compact/p80/seed0,mnist,vit_small,grayscale,compact,80,0,heldout_val,55000,49,heldout_val,0.3011002677189404,0.9698,5000,final_epoch_primary
mnist/vit_small/grayscale/dense/p0/seed0,mnist,vit_small,grayscale,dense,0,0,heldout_val,55000,0,train_online,0.688269317373498,0.7791636363636364,55000,final_epoch_primary
mnist/vit_small/grayscale/dense/p0/seed0,mnist,vit_small,grayscale,dense,0,0,heldout_val,55000,0,heldout_val,0.5719710769280791,0.8384,5000,final_epoch_primary
mnist/vit_small/grayscale/dense/p0/seed0,mnist,vit_small,grayscale,dense,0,0,heldout_val,55000,1,train_online,0.495166605340808,0.8635454545454545,55000,final_epoch_primary
mnist/vit_small/grayscale/dense/p0/seed0,mnist,vit_small,grayscale,dense,0,0,heldout_val,55000,1,heldout_val,0.4222740608006716,0.8934,5000,final_epoch_primary
mnist/vit_small/grayscale/dense/p0/seed0,mnist,vit_small,grayscale,dense,0,0,heldout_val,55000,2,train_online,0.4064827718234028,0.8917818181818182,55000,final_epoch_primary
mnist/vit_small/grayscale/dense/p0/seed0,mnist,vit_small,grayscale,dense,0,0,heldout_val,55000,2,heldout_val,0.36369494978860023,0.8974,5000,final_epoch_primary
mnist/vit_small/grayscale/dense/p0/seed0,mnist,vit_small,grayscale,dense,0,0,heldout_val,55000,3,train_online,0.3575736309744841,0.9033272727272728,55000,final_epoch_primary
mnist/vit_small/grayscale/dense/p0/seed0,mnist,vit_small,grayscale,dense,0,0,heldout_val,55000,3,heldout_val,0.3326244276273996,0.9092,5000,final_epoch_primary
mnist/vit_small/grayscale/dense/p0/seed0,mnist,vit_small,grayscale,dense,0,0,heldout_val,55000,4,train_online,0.3584474063283086,0.9012181818181818,55000,final_epoch_primary
mnist/vit_small/grayscale/dense/p0/seed0,mnist,vit_small,grayscale,dense,0,0,heldout_val,55000,4,heldout_val,0.3448266396461055,0.9128,5000,final_epoch_primary
mnist/vit_small/grayscale/dense/p0/seed0,mnist,vit_small,grayscale,dense,0,0,heldout_val,55000,5,train_online,0.34936864231723275,0.9054,55000,final_epoch_primary
mnist/vit_small/grayscale/dense/p0/seed0,mnist,vit_small,grayscale,dense,0,0,heldout_val,55000,5,heldout_val,0.49015723899044095,0.8704,5000,final_epoch_primary
mnist/vit_small/grayscale/dense/p0/seed0,mnist,vit_small,grayscale,dense,0,0,heldout_val,55000,6,train_online,0.34218164051514627,0.9096545454545455,55000,final_epoch_primary
mnist/vit_small/grayscale/dense/p0/seed0,mnist,vit_small,grayscale,dense,0,0,heldout_val,55000,6,heldout_val,0.33112673218706623,0.9038,5000,final_epoch_primary
mnist/vit_small/grayscale/dense/p0/seed0,mnist,vit_small,grayscale,dense,0,0,heldout_val,55000,7,train_online,0.31512302876667286,0.9177454545454545,55000,final_epoch_primary
mnist/vit_small/grayscale/dense/p0/seed0,mnist,vit_small,grayscale,dense,0,0,heldout_val,55000,7,heldout_val,0.3183276140623726,0.919,5000,final_epoch_primary
mnist/vit_small/grayscale/dense/p0/seed0,mnist,vit_small,grayscale,dense,0,0,heldout_val,55000,8,train_online,0.2961713218887845,0.9214,55000,final_epoch_primary
mnist/vit_small/grayscale/dense/p0/seed0,mnist,vit_small,grayscale,dense,0,0,heldout_val,55000,8,heldout_val,0.31054772167326883,0.918,5000,final_epoch_primary
mnist/vit_small/grayscale/dense/p0/seed0,mnist,vit_small,grayscale,dense,0,0,heldout_val,55000,9,train_online,0.2786313582410189,0.9284545454545454,55000,final_epoch_primary
mnist/vit_small/grayscale/dense/p0/seed0,mnist,vit_small,grayscale,dense,0,0,heldout_val,55000,9,heldout_val,0.37864643493290057,0.9046,5000,final_epoch_primary
mnist/vit_small/grayscale/dense/p0/seed0,mnist,vit_small,grayscale,dense,0,0,heldout_val,55000,10,train_online,0.27147476621582173,0.9293272727272728,55000,final_epoch_primary
mnist/vit_small/grayscale/dense/p0/seed0,mnist,vit_small,grayscale,dense,0,0,heldout_val,55000,10,heldout_val,0.3423530149205588,0.9152,5000,final_epoch_primary
mnist/vit_small/grayscale/dense/p0/seed0,mnist,vit_small,grayscale,dense,0,0,heldout_val,55000,11,train_online,0.2605818220804678,0.9320545454545455,55000,final_epoch_primary
mnist/vit_small/grayscale/dense/p0/seed0,mnist,vit_small,grayscale,dense,0,0,heldout_val,55000,11,heldout_val,0.29688717476436866,0.9232,5000,final_epoch_primary
mnist/vit_small/grayscale/dense/p0/seed0,mnist,vit_small,grayscale,dense,0,0,heldout_val,55000,12,train_online,0.241298014021377,0.9374,55000,final_epoch_primary
mnist/vit_small/grayscale/dense/p0/seed0,mnist,vit_small,grayscale,dense,0,0,heldout_val,55000,12,heldout_val,0.29098969848072154,0.9312,5000,final_epoch_primary
mnist/vit_small/grayscale/dense/p0/seed0,mnist,vit_small,grayscale,dense,0,0,heldout_val,55000,13,train_online,0.23337562400466466,0.9398,55000,final_epoch_primary
mnist/vit_small/grayscale/dense/p0/seed0,mnist,vit_small,grayscale,dense,0,0,heldout_val,55000,13,heldout_val,0.2677841736845672,0.9334,5000,final_epoch_primary
mnist/vit_small/grayscale/dense/p0/seed0,mnist,vit_small,grayscale,dense,0,0,heldout_val,55000,14,train_online,0.22051756328991404,0.9427272727272727,55000,final_epoch_primary
mnist/vit_small/grayscale/dense/p0/seed0,mnist,vit_small,grayscale,dense,0,0,heldout_val,55000,14,heldout_val,0.21959068094692194,0.9404,5000,final_epoch_primary
mnist/vit_small/grayscale/dense/p0/seed0,mnist,vit_small,grayscale,dense,0,0,heldout_val,55000,15,train_online,0.21083553236056204,0.9448727272727273,55000,final_epoch_primary
mnist/vit_small/grayscale/dense/p0/seed0,mnist,vit_small,grayscale,dense,0,0,heldout_val,55000,15,heldout_val,0.2753058161417488,0.9346,5000,final_epoch_primary
mnist/vit_small/grayscale/dense/p0/seed0,mnist,vit_small,grayscale,dense,0,0,heldout_val,55000,16,train_online,0.20104389005136802,0.9474727272727272,55000,final_epoch_primary
mnist/vit_small/grayscale/dense/p0/seed0,mnist,vit_small,grayscale,dense,0,0,heldout_val,55000,16,heldout_val,0.23191814647009595,0.941,5000,final_epoch_primary
mnist/vit_small/grayscale/dense/p0/seed0,mnist,vit_small,grayscale,dense,0,0,heldout_val,55000,17,train_online,0.19858927015276542,0.9491636363636363,55000,final_epoch_primary
mnist/vit_small/grayscale/dense/p0/seed0,mnist,vit_small,grayscale,dense,0,0,heldout_val,55000,17,heldout_val,0.22546880165243055,0.9482,5000,final_epoch_primary
mnist/vit_small/grayscale/dense/p0/seed0,mnist,vit_small,grayscale,dense,0,0,heldout_val,55000,18,train_online,0.19331823296456555,0.9503818181818182,55000,final_epoch_primary
mnist/vit_small/grayscale/dense/p0/seed0,mnist,vit_small,grayscale,dense,0,0,heldout_val,55000,18,heldout_val,0.19079431568752042,0.9488,5000,final_epoch_primary
mnist/vit_small/grayscale/dense/p0/seed0,mnist,vit_small,grayscale,dense,0,0,heldout_val,55000,19,train_online,0.18761523918055675,0.9512363636363637,55000,final_epoch_primary
mnist/vit_small/grayscale/dense/p0/seed0,mnist,vit_small,grayscale,dense,0,0,heldout_val,55000,19,heldout_val,0.22315701044523156,0.946,5000,final_epoch_primary
mnist/vit_small/grayscale/dense/p0/seed0,mnist,vit_small,grayscale,dense,0,0,heldout_val,55000,20,train_online,0.17962353010311385,0.9538727272727273,55000,final_epoch_primary
mnist/vit_small/grayscale/dense/p0/seed0,mnist,vit_small,grayscale,dense,0,0,heldout_val,55000,20,heldout_val,0.23038593132616952,0.9436,5000,final_epoch_primary
mnist/vit_small/grayscale/dense/p0/seed0,mnist,vit_small,grayscale,dense,0,0,heldout_val,55000,21,train_online,0.17220064544314095,0.9560363636363637,55000,final_epoch_primary
mnist/vit_small/grayscale/dense/p0/seed0,mnist,vit_small,grayscale,dense,0,0,heldout_val,55000,21,heldout_val,0.18687238156315872,0.955,5000,final_epoch_primary
mnist/vit_small/grayscale/dense/p0/seed0,mnist,vit_small,grayscale,dense,0,0,heldout_val,55000,22,train_online,0.1663736624612727,0.9571818181818181,55000,final_epoch_primary
mnist/vit_small/grayscale/dense/p0/seed0,mnist,vit_small,grayscale,dense,0,0,heldout_val,55000,22,heldout_val,0.1889241316593485,0.9552,5000,final_epoch_primary
mnist/vit_small/grayscale/dense/p0/seed0,mnist,vit_small,grayscale,dense,0,0,heldout_val,55000,23,train_online,0.15722675887984225,0.959709090909091,55000,final_epoch_primary
mnist/vit_small/grayscale/dense/p0/seed0,mnist,vit_small,grayscale,dense,0,0,heldout_val,55000,23,heldout_val,0.20705648508830926,0.951,5000,final_epoch_primary
mnist/vit_small/grayscale/dense/p0/seed0,mnist,vit_small,grayscale,dense,0,0,heldout_val,55000,24,train_online,0.14881417153012855,0.9626545454545454,55000,final_epoch_primary
mnist/vit_small/grayscale/dense/p0/seed0,mnist,vit_small,grayscale,dense,0,0,heldout_val,55000,24,heldout_val,0.22383169219482224,0.9496,5000,final_epoch_primary
mnist/vit_small/grayscale/dense/p0/seed0,mnist,vit_small,grayscale,dense,0,0,heldout_val,55000,25,train_online,0.14224912149686028,0.9633818181818182,55000,final_epoch_primary
mnist/vit_small/grayscale/dense/p0/seed0,mnist,vit_small,grayscale,dense,0,0,heldout_val,55000,25,heldout_val,0.1779649626852246,0.9588,5000,final_epoch_primary
mnist/vit_small/grayscale/dense/p0/seed0,mnist,vit_small,grayscale,dense,0,0,heldout_val,55000,26,train_online,0.1376343009802788,0.9655272727272727,55000,final_epoch_primary
mnist/vit_small/grayscale/dense/p0/seed0,mnist,vit_small,grayscale,dense,0,0,heldout_val,55000,26,heldout_val,0.20600289654117077,0.9516,5000,final_epoch_primary
mnist/vit_small/grayscale/dense/p0/seed0,mnist,vit_small,grayscale,dense,0,0,heldout_val,55000,27,train_online,0.12969685431394556,0.9680909090909091,55000,final_epoch_primary
mnist/vit_small/grayscale/dense/p0/seed0,mnist,vit_small,grayscale,dense,0,0,heldout_val,55000,27,heldout_val,0.20575859360706528,0.9504,5000,final_epoch_primary
mnist/vit_small/grayscale/dense/p0/seed0,mnist,vit_small,grayscale,dense,0,0,heldout_val,55000,28,train_online,0.12316280799691079,0.9698181818181818,55000,final_epoch_primary
mnist/vit_small/grayscale/dense/p0/seed0,mnist,vit_small,grayscale,dense,0,0,heldout_val,55000,28,heldout_val,0.17944361974122003,0.9588,5000,final_epoch_primary
mnist/vit_small/grayscale/dense/p0/seed0,mnist,vit_small,grayscale,dense,0,0,heldout_val,55000,29,train_online,0.11857262455441735,0.9707272727272728,55000,final_epoch_primary
mnist/vit_small/grayscale/dense/p0/seed0,mnist,vit_small,grayscale,dense,0,0,heldout_val,55000,29,heldout_val,0.18077179935451132,0.9602,5000,final_epoch_primary
mnist/vit_small/grayscale/dense/p0/seed0,mnist,vit_small,grayscale,dense,0,0,heldout_val,55000,30,train_online,0.11058695489532652,0.9730727272727273,55000,final_epoch_primary
mnist/vit_small/grayscale/dense/p0/seed0,mnist,vit_small,grayscale,dense,0,0,heldout_val,55000,30,heldout_val,0.16622649365239778,0.9642,5000,final_epoch_primary
mnist/vit_small/grayscale/dense/p0/seed0,mnist,vit_small,grayscale,dense,0,0,heldout_val,55000,31,train_online,0.10362081395165508,0.9746727272727272,55000,final_epoch_primary
mnist/vit_small/grayscale/dense/p0/seed0,mnist,vit_small,grayscale,dense,0,0,heldout_val,55000,31,heldout_val,0.17799403345207684,0.9608,5000,final_epoch_primary
mnist/vit_small/grayscale/dense/p0/seed0,mnist,vit_small,grayscale,dense,0,0,heldout_val,55000,32,train_online,0.09647692716556326,0.9761272727272727,55000,final_epoch_primary
mnist/vit_small/grayscale/dense/p0/seed0,mnist,vit_small,grayscale,dense,0,0,heldout_val,55000,32,heldout_val,0.18890468918300465,0.9614,5000,final_epoch_primary
mnist/vit_small/grayscale/dense/p0/seed0,mnist,vit_small,grayscale,dense,0,0,heldout_val,55000,33,train_online,0.09091876063619275,0.9784363636363637,55000,final_epoch_primary
mnist/vit_small/grayscale/dense/p0/seed0,mnist,vit_small,grayscale,dense,0,0,heldout_val,55000,33,heldout_val,0.16231499805732164,0.9646,5000,final_epoch_primary
mnist/vit_small/grayscale/dense/p0/seed0,mnist,vit_small,grayscale,dense,0,0,heldout_val,55000,34,train_online,0.08267548800421329,0.98,55000,final_epoch_primary
mnist/vit_small/grayscale/dense/p0/seed0,mnist,vit_small,grayscale,dense,0,0,heldout_val,55000,34,heldout_val,0.1612965839618235,0.967,5000,final_epoch_primary
mnist/vit_small/grayscale/dense/p0/seed0,mnist,vit_small,grayscale,dense,0,0,heldout_val,55000,35,train_online,0.07510533157884228,0.9824,55000,final_epoch_primary
mnist/vit_small/grayscale/dense/p0/seed0,mnist,vit_small,grayscale,dense,0,0,heldout_val,55000,35,heldout_val,0.15614287432740093,0.9692,5000,final_epoch_primary
mnist/vit_small/grayscale/dense/p0/seed0,mnist,vit_small,grayscale,dense,0,0,heldout_val,55000,36,train_online,0.06748343729012996,0.9844727272727273,55000,final_epoch_primary
mnist/vit_small/grayscale/dense/p0/seed0,mnist,vit_small,grayscale,dense,0,0,heldout_val,55000,36,heldout_val,0.17725656277471571,0.9678,5000,final_epoch_primary
mnist/vit_small/grayscale/dense/p0/seed0,mnist,vit_small,grayscale,dense,0,0,heldout_val,55000,37,train_online,0.059383590448346645,0.9862909090909091,55000,final_epoch_primary
mnist/vit_small/grayscale/dense/p0/seed0,mnist,vit_small,grayscale,dense,0,0,heldout_val,55000,37,heldout_val,0.1973177899269038,0.9638,5000,final_epoch_primary
mnist/vit_small/grayscale/dense/p0/seed0,mnist,vit_small,grayscale,dense,0,0,heldout_val,55000,38,train_online,0.05396644876451226,0.9880181818181818,55000,final_epoch_primary
mnist/vit_small/grayscale/dense/p0/seed0,mnist,vit_small,grayscale,dense,0,0,heldout_val,55000,38,heldout_val,0.19039491569570383,0.9692,5000,final_epoch_primary
mnist/vit_small/grayscale/dense/p0/seed0,mnist,vit_small,grayscale,dense,0,0,heldout_val,55000,39,train_online,0.0428105159368067,0.9901272727272727,55000,final_epoch_primary
mnist/vit_small/grayscale/dense/p0/seed0,mnist,vit_small,grayscale,dense,0,0,heldout_val,55000,39,heldout_val,0.19522793924374854,0.9678,5000,final_epoch_primary
mnist/vit_small/grayscale/dense/p0/seed0,mnist,vit_small,grayscale,dense,0,0,heldout_val,55000,40,train_online,0.03885699185482557,0.9915818181818182,55000,final_epoch_primary
mnist/vit_small/grayscale/dense/p0/seed0,mnist,vit_small,grayscale,dense,0,0,heldout_val,55000,40,heldout_val,0.20086804724006796,0.9672,5000,final_epoch_primary
mnist/vit_small/grayscale/dense/p0/seed0,mnist,vit_small,grayscale,dense,0,0,heldout_val,55000,41,train_online,0.029937500308019463,0.9932,55000,final_epoch_primary
mnist/vit_small/grayscale/dense/p0/seed0,mnist,vit_small,grayscale,dense,0,0,heldout_val,55000,41,heldout_val,0.20795939073550399,0.9678,5000,final_epoch_primary
mnist/vit_small/grayscale/dense/p0/seed0,mnist,vit_small,grayscale,dense,0,0,heldout_val,55000,42,train_online,0.02508601754624754,0.9946363636363637,55000,final_epoch_primary
mnist/vit_small/grayscale/dense/p0/seed0,mnist,vit_small,grayscale,dense,0,0,heldout_val,55000,42,heldout_val,0.22182583936008887,0.969,5000,final_epoch_primary
mnist/vit_small/grayscale/dense/p0/seed0,mnist,vit_small,grayscale,dense,0,0,heldout_val,55000,43,train_online,0.018492971828026002,0.9958727272727272,55000,final_epoch_primary
mnist/vit_small/grayscale/dense/p0/seed0,mnist,vit_small,grayscale,dense,0,0,heldout_val,55000,43,heldout_val,0.22098655233831233,0.9682,5000,final_epoch_primary
mnist/vit_small/grayscale/dense/p0/seed0,mnist,vit_small,grayscale,dense,0,0,heldout_val,55000,44,train_online,0.013569227012504945,0.9971818181818182,55000,final_epoch_primary
mnist/vit_small/grayscale/dense/p0/seed0,mnist,vit_small,grayscale,dense,0,0,heldout_val,55000,44,heldout_val,0.22716926103466903,0.9692,5000,final_epoch_primary
mnist/vit_small/grayscale/dense/p0/seed0,mnist,vit_small,grayscale,dense,0,0,heldout_val,55000,45,train_online,0.010121541691177249,0.9977454545454545,55000,final_epoch_primary
mnist/vit_small/grayscale/dense/p0/seed0,mnist,vit_small,grayscale,dense,0,0,heldout_val,55000,45,heldout_val,0.23973352774770756,0.9694,5000,final_epoch_primary
mnist/vit_small/grayscale/dense/p0/seed0,mnist,vit_small,grayscale,dense,0,0,heldout_val,55000,46,train_online,0.0075278748167851356,0.9983818181818181,55000,final_epoch_primary
mnist/vit_small/grayscale/dense/p0/seed0,mnist,vit_small,grayscale,dense,0,0,heldout_val,55000,46,heldout_val,0.24048228044796052,0.9694,5000,final_epoch_primary
mnist/vit_small/grayscale/dense/p0/seed0,mnist,vit_small,grayscale,dense,0,0,heldout_val,55000,47,train_online,0.005085583895062022,0.9988727272727272,55000,final_epoch_primary
mnist/vit_small/grayscale/dense/p0/seed0,mnist,vit_small,grayscale,dense,0,0,heldout_val,55000,47,heldout_val,0.24393640151083745,0.9694,5000,final_epoch_primary
mnist/vit_small/grayscale/dense/p0/seed0,mnist,vit_small,grayscale,dense,0,0,heldout_val,55000,48,train_online,0.004273110073597127,0.9989818181818182,55000,final_epoch_primary
mnist/vit_small/grayscale/dense/p0/seed0,mnist,vit_small,grayscale,dense,0,0,heldout_val,55000,48,heldout_val,0.2487729977664123,0.9696,5000,final_epoch_primary
mnist/vit_small/grayscale/dense/p0/seed0,mnist,vit_small,grayscale,dense,0,0,heldout_val,55000,49,train_online,0.003518202552932185,0.999109090909091,55000,final_epoch_primary
mnist/vit_small/grayscale/dense/p0/seed0,mnist,vit_small,grayscale,dense,0,0,heldout_val,55000,49,heldout_val,0.24784898995676122,0.9698,5000,final_epoch_primary
mnist/vit_small/raw/dense/pNA/seed1,mnist,vit_small,raw,dense,,1,heldout_val,55000,0,train_online,0.8935263605798002,0.6956727272727272,55000,final_epoch_primary
mnist/vit_small/raw/dense/pNA/seed1,mnist,vit_small,raw,dense,,1,heldout_val,55000,0,heldout_val,0.615732223804295,0.8408,5000,final_epoch_primary
mnist/vit_small/raw/dense/pNA/seed1,mnist,vit_small,raw,dense,,1,heldout_val,55000,1,train_online,0.38078136158363723,0.9077090909090909,55000,final_epoch_primary
mnist/vit_small/raw/dense/pNA/seed1,mnist,vit_small,raw,dense,,1,heldout_val,55000,1,heldout_val,0.33002039559008556,0.923,5000,final_epoch_primary
mnist/vit_small/raw/dense/pNA/seed1,mnist,vit_small,raw,dense,,1,heldout_val,55000,2,train_online,0.3246030597605065,0.9228545454545455,55000,final_epoch_primary
mnist/vit_small/raw/dense/pNA/seed1,mnist,vit_small,raw,dense,,1,heldout_val,55000,2,heldout_val,0.3206327893929556,0.9218,5000,final_epoch_primary
mnist/vit_small/raw/dense/pNA/seed1,mnist,vit_small,raw,dense,,1,heldout_val,55000,3,train_online,0.3198106918797024,0.919,55000,final_epoch_primary
mnist/vit_small/raw/dense/pNA/seed1,mnist,vit_small,raw,dense,,1,heldout_val,55000,3,heldout_val,0.24052163753537462,0.9424,5000,final_epoch_primary
mnist/vit_small/raw/dense/pNA/seed1,mnist,vit_small,raw,dense,,1,heldout_val,55000,4,train_online,0.3284344339999455,0.9159818181818182,55000,final_epoch_primary
mnist/vit_small/raw/dense/pNA/seed1,mnist,vit_small,raw,dense,,1,heldout_val,55000,4,heldout_val,0.361793304666318,0.9042,5000,final_epoch_primary
mnist/vit_small/raw/dense/pNA/seed1,mnist,vit_small,raw,dense,,1,heldout_val,55000,5,train_online,0.3086352118335241,0.9216909090909091,55000,final_epoch_primary
mnist/vit_small/raw/dense/pNA/seed1,mnist,vit_small,raw,dense,,1,heldout_val,55000,5,heldout_val,0.32971527408608237,0.916,5000,final_epoch_primary
mnist/vit_small/raw/dense/pNA/seed1,mnist,vit_small,raw,dense,,1,heldout_val,55000,6,train_online,0.27618421594300097,0.9315818181818182,55000,final_epoch_primary
mnist/vit_small/raw/dense/pNA/seed1,mnist,vit_small,raw,dense,,1,heldout_val,55000,6,heldout_val,0.30831039552353323,0.9306,5000,final_epoch_primary
mnist/vit_small/raw/dense/pNA/seed1,mnist,vit_small,raw,dense,,1,heldout_val,55000,7,train_online,0.2555873994281092,0.9374727272727272,55000,final_epoch_primary
mnist/vit_small/raw/dense/pNA/seed1,mnist,vit_small,raw,dense,,1,heldout_val,55000,7,heldout_val,0.23002395739899947,0.9412,5000,final_epoch_primary
mnist/vit_small/raw/dense/pNA/seed1,mnist,vit_small,raw,dense,,1,heldout_val,55000,8,train_online,0.22432146684549834,0.9443454545454546,55000,final_epoch_primary
mnist/vit_small/raw/dense/pNA/seed1,mnist,vit_small,raw,dense,,1,heldout_val,55000,8,heldout_val,0.21456739468788727,0.9456,5000,final_epoch_primary
mnist/vit_small/raw/dense/pNA/seed1,mnist,vit_small,raw,dense,,1,heldout_val,55000,9,train_online,0.20367821861101124,0.9512727272727273,55000,final_epoch_primary
mnist/vit_small/raw/dense/pNA/seed1,mnist,vit_small,raw,dense,,1,heldout_val,55000,9,heldout_val,0.23751132793873547,0.9444,5000,final_epoch_primary
mnist/vit_small/raw/dense/pNA/seed1,mnist,vit_small,raw,dense,,1,heldout_val,55000,10,train_online,0.18524364144789182,0.9538545454545454,55000,final_epoch_primary
mnist/vit_small/raw/dense/pNA/seed1,mnist,vit_small,raw,dense,,1,heldout_val,55000,10,heldout_val,0.1752687929823529,0.9584,5000,final_epoch_primary
mnist/vit_small/raw/dense/pNA/seed1,mnist,vit_small,raw,dense,,1,heldout_val,55000,11,train_online,0.17055427847781474,0.9589454545454545,55000,final_epoch_primary
mnist/vit_small/raw/dense/pNA/seed1,mnist,vit_small,raw,dense,,1,heldout_val,55000,11,heldout_val,0.18669442211133427,0.9556,5000,final_epoch_primary
mnist/vit_small/raw/dense/pNA/seed1,mnist,vit_small,raw,dense,,1,heldout_val,55000,12,train_online,0.1598420011808609,0.9599272727272727,55000,final_epoch_primary
mnist/vit_small/raw/dense/pNA/seed1,mnist,vit_small,raw,dense,,1,heldout_val,55000,12,heldout_val,0.21440593017763457,0.9522,5000,final_epoch_primary
mnist/vit_small/raw/dense/pNA/seed1,mnist,vit_small,raw,dense,,1,heldout_val,55000,13,train_online,0.15456681240731637,0.9628,55000,final_epoch_primary
mnist/vit_small/raw/dense/pNA/seed1,mnist,vit_small,raw,dense,,1,heldout_val,55000,13,heldout_val,0.15079021074175836,0.959,5000,final_epoch_primary
mnist/vit_small/raw/dense/pNA/seed1,mnist,vit_small,raw,dense,,1,heldout_val,55000,14,train_online,0.1394904233281035,0.9655454545454546,55000,final_epoch_primary
mnist/vit_small/raw/dense/pNA/seed1,mnist,vit_small,raw,dense,,1,heldout_val,55000,14,heldout_val,0.21863481256701053,0.9542,5000,final_epoch_primary
mnist/vit_small/raw/dense/pNA/seed1,mnist,vit_small,raw,dense,,1,heldout_val,55000,15,train_online,0.13370696493519724,0.9671818181818181,55000,final_epoch_primary
mnist/vit_small/raw/dense/pNA/seed1,mnist,vit_small,raw,dense,,1,heldout_val,55000,15,heldout_val,0.1508246098815929,0.965,5000,final_epoch_primary
mnist/vit_small/raw/dense/pNA/seed1,mnist,vit_small,raw,dense,,1,heldout_val,55000,16,train_online,0.12817948305159066,0.9680363636363636,55000,final_epoch_primary
mnist/vit_small/raw/dense/pNA/seed1,mnist,vit_small,raw,dense,,1,heldout_val,55000,16,heldout_val,0.11579903395976872,0.9694,5000,final_epoch_primary
mnist/vit_small/raw/dense/pNA/seed1,mnist,vit_small,raw,dense,,1,heldout_val,55000,17,train_online,0.11945113061588279,0.9708181818181818,55000,final_epoch_primary
mnist/vit_small/raw/dense/pNA/seed1,mnist,vit_small,raw,dense,,1,heldout_val,55000,17,heldout_val,0.15462585632372647,0.9642,5000,final_epoch_primary
mnist/vit_small/raw/dense/pNA/seed1,mnist,vit_small,raw,dense,,1,heldout_val,55000,18,train_online,0.1198021016262334,0.9709454545454546,55000,final_epoch_primary
mnist/vit_small/raw/dense/pNA/seed1,mnist,vit_small,raw,dense,,1,heldout_val,55000,18,heldout_val,0.13173643246348948,0.9666,5000,final_epoch_primary
mnist/vit_small/raw/dense/pNA/seed1,mnist,vit_small,raw,dense,,1,heldout_val,55000,19,train_online,0.1088437705156552,0.9735090909090909,55000,final_epoch_primary
mnist/vit_small/raw/dense/pNA/seed1,mnist,vit_small,raw,dense,,1,heldout_val,55000,19,heldout_val,0.1382598277100129,0.9694,5000,final_epoch_primary
mnist/vit_small/raw/dense/pNA/seed1,mnist,vit_small,raw,dense,,1,heldout_val,55000,20,train_online,0.10797700027033941,0.9732727272727273,55000,final_epoch_primary
mnist/vit_small/raw/dense/pNA/seed1,mnist,vit_small,raw,dense,,1,heldout_val,55000,20,heldout_val,0.16330862292878445,0.9664,5000,final_epoch_primary
mnist/vit_small/raw/dense/pNA/seed1,mnist,vit_small,raw,dense,,1,heldout_val,55000,21,train_online,0.09921341372744223,0.9760363636363636,55000,final_epoch_primary
mnist/vit_small/raw/dense/pNA/seed1,mnist,vit_small,raw,dense,,1,heldout_val,55000,21,heldout_val,0.1486868706981535,0.966,5000,final_epoch_primary
mnist/vit_small/raw/dense/pNA/seed1,mnist,vit_small,raw,dense,,1,heldout_val,55000,22,train_online,0.09797312086839759,0.9774363636363637,55000,final_epoch_primary
mnist/vit_small/raw/dense/pNA/seed1,mnist,vit_small,raw,dense,,1,heldout_val,55000,22,heldout_val,0.16760752771010157,0.9664,5000,final_epoch_primary
mnist/vit_small/raw/dense/pNA/seed1,mnist,vit_small,raw,dense,,1,heldout_val,55000,23,train_online,0.09347834557721985,0.9778,55000,final_epoch_primary
mnist/vit_small/raw/dense/pNA/seed1,mnist,vit_small,raw,dense,,1,heldout_val,55000,23,heldout_val,0.11298973204498179,0.9748,5000,final_epoch_primary
mnist/vit_small/raw/dense/pNA/seed1,mnist,vit_small,raw,dense,,1,heldout_val,55000,24,train_online,0.0892005470550836,0.9787454545454546,55000,final_epoch_primary
mnist/vit_small/raw/dense/pNA/seed1,mnist,vit_small,raw,dense,,1,heldout_val,55000,24,heldout_val,0.13105704174343263,0.9722,5000,final_epoch_primary
mnist/vit_small/raw/dense/pNA/seed1,mnist,vit_small,raw,dense,,1,heldout_val,55000,25,train_online,0.08516118101104671,0.9797818181818182,55000,final_epoch_primary
mnist/vit_small/raw/dense/pNA/seed1,mnist,vit_small,raw,dense,,1,heldout_val,55000,25,heldout_val,0.12065119952724782,0.9722,5000,final_epoch_primary
mnist/vit_small/raw/dense/pNA/seed1,mnist,vit_small,raw,dense,,1,heldout_val,55000,26,train_online,0.07991916619824478,0.9817090909090909,55000,final_epoch_primary
mnist/vit_small/raw/dense/pNA/seed1,mnist,vit_small,raw,dense,,1,heldout_val,55000,26,heldout_val,0.14949357296712695,0.9698,5000,final_epoch_primary
mnist/vit_small/raw/dense/pNA/seed1,mnist,vit_small,raw,dense,,1,heldout_val,55000,27,train_online,0.07349891786439429,0.9829636363636364,55000,final_epoch_primary
mnist/vit_small/raw/dense/pNA/seed1,mnist,vit_small,raw,dense,,1,heldout_val,55000,27,heldout_val,0.13367922675396549,0.9726,5000,final_epoch_primary
mnist/vit_small/raw/dense/pNA/seed1,mnist,vit_small,raw,dense,,1,heldout_val,55000,28,train_online,0.0695339273666619,0.9836727272727273,55000,final_epoch_primary
mnist/vit_small/raw/dense/pNA/seed1,mnist,vit_small,raw,dense,,1,heldout_val,55000,28,heldout_val,0.12474506655150326,0.975,5000,final_epoch_primary
mnist/vit_small/raw/dense/pNA/seed1,mnist,vit_small,raw,dense,,1,heldout_val,55000,29,train_online,0.06310669221565689,0.9854909090909091,55000,final_epoch_primary
mnist/vit_small/raw/dense/pNA/seed1,mnist,vit_small,raw,dense,,1,heldout_val,55000,29,heldout_val,0.1286136054020957,0.9754,5000,final_epoch_primary
mnist/vit_small/raw/dense/pNA/seed1,mnist,vit_small,raw,dense,,1,heldout_val,55000,30,train_online,0.05954148961058183,0.9865090909090909,55000,final_epoch_primary
mnist/vit_small/raw/dense/pNA/seed1,mnist,vit_small,raw,dense,,1,heldout_val,55000,30,heldout_val,0.13936720954477788,0.9732,5000,final_epoch_primary
mnist/vit_small/raw/dense/pNA/seed1,mnist,vit_small,raw,dense,,1,heldout_val,55000,31,train_online,0.054415897502895674,0.9874545454545455,55000,final_epoch_primary
mnist/vit_small/raw/dense/pNA/seed1,mnist,vit_small,raw,dense,,1,heldout_val,55000,31,heldout_val,0.1323610467632243,0.9774,5000,final_epoch_primary
mnist/vit_small/raw/dense/pNA/seed1,mnist,vit_small,raw,dense,,1,heldout_val,55000,32,train_online,0.050986622578395126,0.9886727272727273,55000,final_epoch_primary
mnist/vit_small/raw/dense/pNA/seed1,mnist,vit_small,raw,dense,,1,heldout_val,55000,32,heldout_val,0.10655947451585089,0.9792,5000,final_epoch_primary
mnist/vit_small/raw/dense/pNA/seed1,mnist,vit_small,raw,dense,,1,heldout_val,55000,33,train_online,0.04632513158918697,0.9897090909090909,55000,final_epoch_primary
mnist/vit_small/raw/dense/pNA/seed1,mnist,vit_small,raw,dense,,1,heldout_val,55000,33,heldout_val,0.12566708027215792,0.9784,5000,final_epoch_primary
mnist/vit_small/raw/dense/pNA/seed1,mnist,vit_small,raw,dense,,1,heldout_val,55000,34,train_online,0.042100344011173005,0.9905636363636363,55000,final_epoch_primary
mnist/vit_small/raw/dense/pNA/seed1,mnist,vit_small,raw,dense,,1,heldout_val,55000,34,heldout_val,0.10732248293858138,0.9804,5000,final_epoch_primary
mnist/vit_small/raw/dense/pNA/seed1,mnist,vit_small,raw,dense,,1,heldout_val,55000,35,train_online,0.03617629768010282,0.991890909090909,55000,final_epoch_primary
mnist/vit_small/raw/dense/pNA/seed1,mnist,vit_small,raw,dense,,1,heldout_val,55000,35,heldout_val,0.1491020187928196,0.9736,5000,final_epoch_primary
mnist/vit_small/raw/dense/pNA/seed1,mnist,vit_small,raw,dense,,1,heldout_val,55000,36,train_online,0.03104680206908326,0.9931090909090909,55000,final_epoch_primary
mnist/vit_small/raw/dense/pNA/seed1,mnist,vit_small,raw,dense,,1,heldout_val,55000,36,heldout_val,0.1458425672219746,0.9782,5000,final_epoch_primary
mnist/vit_small/raw/dense/pNA/seed1,mnist,vit_small,raw,dense,,1,heldout_val,55000,37,train_online,0.026431006771797678,0.9943272727272727,55000,final_epoch_primary
mnist/vit_small/raw/dense/pNA/seed1,mnist,vit_small,raw,dense,,1,heldout_val,55000,37,heldout_val,0.15290812261032696,0.9764,5000,final_epoch_primary
mnist/vit_small/raw/dense/pNA/seed1,mnist,vit_small,raw,dense,,1,heldout_val,55000,38,train_online,0.02156905649263486,0.9953636363636363,55000,final_epoch_primary
mnist/vit_small/raw/dense/pNA/seed1,mnist,vit_small,raw,dense,,1,heldout_val,55000,38,heldout_val,0.16029441998534022,0.9788,5000,final_epoch_primary
mnist/vit_small/raw/dense/pNA/seed1,mnist,vit_small,raw,dense,,1,heldout_val,55000,39,train_online,0.01856357678214699,0.9961272727272728,55000,final_epoch_primary
mnist/vit_small/raw/dense/pNA/seed1,mnist,vit_small,raw,dense,,1,heldout_val,55000,39,heldout_val,0.14291516485312167,0.9808,5000,final_epoch_primary
mnist/vit_small/raw/dense/pNA/seed1,mnist,vit_small,raw,dense,,1,heldout_val,55000,40,train_online,0.013633115991261796,0.9972727272727273,55000,final_epoch_primary
mnist/vit_small/raw/dense/pNA/seed1,mnist,vit_small,raw,dense,,1,heldout_val,55000,40,heldout_val,0.15622553520004148,0.9794,5000,final_epoch_primary
mnist/vit_small/raw/dense/pNA/seed1,mnist,vit_small,raw,dense,,1,heldout_val,55000,41,train_online,0.009781324754089887,0.9978727272727272,55000,final_epoch_primary
mnist/vit_small/raw/dense/pNA/seed1,mnist,vit_small,raw,dense,,1,heldout_val,55000,41,heldout_val,0.1503209541827753,0.9802,5000,final_epoch_primary
mnist/vit_small/raw/dense/pNA/seed1,mnist,vit_small,raw,dense,,1,heldout_val,55000,42,train_online,0.0072157118970887085,0.9984727272727273,55000,final_epoch_primary
mnist/vit_small/raw/dense/pNA/seed1,mnist,vit_small,raw,dense,,1,heldout_val,55000,42,heldout_val,0.15661627566918468,0.9824,5000,final_epoch_primary
mnist/vit_small/raw/dense/pNA/seed1,mnist,vit_small,raw,dense,,1,heldout_val,55000,43,train_online,0.005449247069093491,0.9989454545454546,55000,final_epoch_primary
mnist/vit_small/raw/dense/pNA/seed1,mnist,vit_small,raw,dense,,1,heldout_val,55000,43,heldout_val,0.16665338500486288,0.9808,5000,final_epoch_primary
mnist/vit_small/raw/dense/pNA/seed1,mnist,vit_small,raw,dense,,1,heldout_val,55000,44,train_online,0.0024983037850307235,0.9993818181818181,55000,final_epoch_primary
mnist/vit_small/raw/dense/pNA/seed1,mnist,vit_small,raw,dense,,1,heldout_val,55000,44,heldout_val,0.18824149037972093,0.9794,5000,final_epoch_primary
mnist/vit_small/raw/dense/pNA/seed1,mnist,vit_small,raw,dense,,1,heldout_val,55000,45,train_online,0.0018785573664847437,0.9996363636363637,55000,final_epoch_primary
mnist/vit_small/raw/dense/pNA/seed1,mnist,vit_small,raw,dense,,1,heldout_val,55000,45,heldout_val,0.18934085865795805,0.9806,5000,final_epoch_primary
mnist/vit_small/raw/dense/pNA/seed1,mnist,vit_small,raw,dense,,1,heldout_val,55000,46,train_online,0.0011591998926836658,0.9997818181818182,55000,final_epoch_primary
mnist/vit_small/raw/dense/pNA/seed1,mnist,vit_small,raw,dense,,1,heldout_val,55000,46,heldout_val,0.18508955316537032,0.9814,5000,final_epoch_primary
mnist/vit_small/raw/dense/pNA/seed1,mnist,vit_small,raw,dense,,1,heldout_val,55000,47,train_online,0.0009461119589226324,0.9998363636363636,55000,final_epoch_primary
mnist/vit_small/raw/dense/pNA/seed1,mnist,vit_small,raw,dense,,1,heldout_val,55000,47,heldout_val,0.19375755369005382,0.981,5000,final_epoch_primary
mnist/vit_small/raw/dense/pNA/seed1,mnist,vit_small,raw,dense,,1,heldout_val,55000,48,train_online,0.0005253105702571123,0.9999090909090909,55000,final_epoch_primary
mnist/vit_small/raw/dense/pNA/seed1,mnist,vit_small,raw,dense,,1,heldout_val,55000,48,heldout_val,0.19678050593712487,0.98,5000,final_epoch_primary
mnist/vit_small/raw/dense/pNA/seed1,mnist,vit_small,raw,dense,,1,heldout_val,55000,49,train_online,0.0006473285361819679,0.999890909090909,55000,final_epoch_primary
mnist/vit_small/raw/dense/pNA/seed1,mnist,vit_small,raw,dense,,1,heldout_val,55000,49,heldout_val,0.19967360372539242,0.9796,5000,final_epoch_primary
mnist/vit_small/grayscale/compact/p0/seed1,mnist,vit_small,grayscale,compact,0,1,heldout_val,55000,0,train_online,0.8187036932324822,0.7268,55000,final_epoch_primary
mnist/vit_small/grayscale/compact/p0/seed1,mnist,vit_small,grayscale,compact,0,1,heldout_val,55000,0,heldout_val,0.5679788936078548,0.8286,5000,final_epoch_primary
mnist/vit_small/grayscale/compact/p0/seed1,mnist,vit_small,grayscale,compact,0,1,heldout_val,55000,1,train_online,0.37974524357484823,0.9001454545454546,55000,final_epoch_primary
mnist/vit_small/grayscale/compact/p0/seed1,mnist,vit_small,grayscale,compact,0,1,heldout_val,55000,1,heldout_val,0.35885422360608354,0.9244,5000,final_epoch_primary
mnist/vit_small/grayscale/compact/p0/seed1,mnist,vit_small,grayscale,compact,0,1,heldout_val,55000,2,train_online,0.3085241824016737,0.9246,55000,final_epoch_primary
mnist/vit_small/grayscale/compact/p0/seed1,mnist,vit_small,grayscale,compact,0,1,heldout_val,55000,2,heldout_val,0.32336835152762944,0.9262,5000,final_epoch_primary
mnist/vit_small/grayscale/compact/p0/seed1,mnist,vit_small,grayscale,compact,0,1,heldout_val,55000,3,train_online,0.27072838043363934,0.9320727272727273,55000,final_epoch_primary
mnist/vit_small/grayscale/compact/p0/seed1,mnist,vit_small,grayscale,compact,0,1,heldout_val,55000,3,heldout_val,0.33059025838943196,0.9178,5000,final_epoch_primary
mnist/vit_small/grayscale/compact/p0/seed1,mnist,vit_small,grayscale,compact,0,1,heldout_val,55000,4,train_online,0.26775895346351475,0.9313636363636364,55000,final_epoch_primary
mnist/vit_small/grayscale/compact/p0/seed1,mnist,vit_small,grayscale,compact,0,1,heldout_val,55000,4,heldout_val,0.3870737777044997,0.8964,5000,final_epoch_primary
mnist/vit_small/grayscale/compact/p0/seed1,mnist,vit_small,grayscale,compact,0,1,heldout_val,55000,5,train_online,0.2524470302388622,0.9358909090909091,55000,final_epoch_primary
mnist/vit_small/grayscale/compact/p0/seed1,mnist,vit_small,grayscale,compact,0,1,heldout_val,55000,5,heldout_val,0.23484664956135676,0.9396,5000,final_epoch_primary
mnist/vit_small/grayscale/compact/p0/seed1,mnist,vit_small,grayscale,compact,0,1,heldout_val,55000,6,train_online,0.2460974051689327,0.9367090909090909,55000,final_epoch_primary
mnist/vit_small/grayscale/compact/p0/seed1,mnist,vit_small,grayscale,compact,0,1,heldout_val,55000,6,heldout_val,0.2755551432575099,0.9334,5000,final_epoch_primary
mnist/vit_small/grayscale/compact/p0/seed1,mnist,vit_small,grayscale,compact,0,1,heldout_val,55000,7,train_online,0.2255877200852233,0.9416,55000,final_epoch_primary
mnist/vit_small/grayscale/compact/p0/seed1,mnist,vit_small,grayscale,compact,0,1,heldout_val,55000,7,heldout_val,0.2149398282450158,0.9462,5000,final_epoch_primary
mnist/vit_small/grayscale/compact/p0/seed1,mnist,vit_small,grayscale,compact,0,1,heldout_val,55000,8,train_online,0.2110974524036706,0.9458909090909091,55000,final_epoch_primary
mnist/vit_small/grayscale/compact/p0/seed1,mnist,vit_small,grayscale,compact,0,1,heldout_val,55000,8,heldout_val,0.302087242411403,0.9256,5000,final_epoch_primary
mnist/vit_small/grayscale/compact/p0/seed1,mnist,vit_small,grayscale,compact,0,1,heldout_val,55000,9,train_online,0.19631668604626532,0.9494,55000,final_epoch_primary
mnist/vit_small/grayscale/compact/p0/seed1,mnist,vit_small,grayscale,compact,0,1,heldout_val,55000,9,heldout_val,0.29575301773690155,0.9338,5000,final_epoch_primary
mnist/vit_small/grayscale/compact/p0/seed1,mnist,vit_small,grayscale,compact,0,1,heldout_val,55000,10,train_online,0.1932540070403325,0.9512545454545455,55000,final_epoch_primary
mnist/vit_small/grayscale/compact/p0/seed1,mnist,vit_small,grayscale,compact,0,1,heldout_val,55000,10,heldout_val,0.19262677565081976,0.9492,5000,final_epoch_primary
mnist/vit_small/grayscale/compact/p0/seed1,mnist,vit_small,grayscale,compact,0,1,heldout_val,55000,11,train_online,0.17939429797517156,0.9534909090909091,55000,final_epoch_primary
mnist/vit_small/grayscale/compact/p0/seed1,mnist,vit_small,grayscale,compact,0,1,heldout_val,55000,11,heldout_val,0.20210474781561644,0.9478,5000,final_epoch_primary
mnist/vit_small/grayscale/compact/p0/seed1,mnist,vit_small,grayscale,compact,0,1,heldout_val,55000,12,train_online,0.17115828118897466,0.9562909090909091,55000,final_epoch_primary
mnist/vit_small/grayscale/compact/p0/seed1,mnist,vit_small,grayscale,compact,0,1,heldout_val,55000,12,heldout_val,0.21734695720926392,0.9478,5000,final_epoch_primary
mnist/vit_small/grayscale/compact/p0/seed1,mnist,vit_small,grayscale,compact,0,1,heldout_val,55000,13,train_online,0.16199319615567484,0.9582,55000,final_epoch_primary
mnist/vit_small/grayscale/compact/p0/seed1,mnist,vit_small,grayscale,compact,0,1,heldout_val,55000,13,heldout_val,0.18161191617427394,0.9512,5000,final_epoch_primary
mnist/vit_small/grayscale/compact/p0/seed1,mnist,vit_small,grayscale,compact,0,1,heldout_val,55000,14,train_online,0.1568856755904705,0.9600363636363637,55000,final_epoch_primary
mnist/vit_small/grayscale/compact/p0/seed1,mnist,vit_small,grayscale,compact,0,1,heldout_val,55000,14,heldout_val,0.21663321463502944,0.9486,5000,final_epoch_primary
mnist/vit_small/grayscale/compact/p0/seed1,mnist,vit_small,grayscale,compact,0,1,heldout_val,55000,15,train_online,0.14820464704828337,0.9624181818181818,55000,final_epoch_primary
mnist/vit_small/grayscale/compact/p0/seed1,mnist,vit_small,grayscale,compact,0,1,heldout_val,55000,15,heldout_val,0.1897315897092456,0.9506,5000,final_epoch_primary
mnist/vit_small/grayscale/compact/p0/seed1,mnist,vit_small,grayscale,compact,0,1,heldout_val,55000,16,train_online,0.14210066537871238,0.9636545454545454,55000,final_epoch_primary
mnist/vit_small/grayscale/compact/p0/seed1,mnist,vit_small,grayscale,compact,0,1,heldout_val,55000,16,heldout_val,0.18158808886643965,0.9556,5000,final_epoch_primary
mnist/vit_small/grayscale/compact/p0/seed1,mnist,vit_small,grayscale,compact,0,1,heldout_val,55000,17,train_online,0.1355845725302394,0.9660181818181818,55000,final_epoch_primary
mnist/vit_small/grayscale/compact/p0/seed1,mnist,vit_small,grayscale,compact,0,1,heldout_val,55000,17,heldout_val,0.15989956426608842,0.9612,5000,final_epoch_primary
mnist/vit_small/grayscale/compact/p0/seed1,mnist,vit_small,grayscale,compact,0,1,heldout_val,55000,18,train_online,0.12730583037043477,0.9676545454545454,55000,final_epoch_primary
mnist/vit_small/grayscale/compact/p0/seed1,mnist,vit_small,grayscale,compact,0,1,heldout_val,55000,18,heldout_val,0.1876303216806613,0.9518,5000,final_epoch_primary
mnist/vit_small/grayscale/compact/p0/seed1,mnist,vit_small,grayscale,compact,0,1,heldout_val,55000,19,train_online,0.12536164510659345,0.9680363636363636,55000,final_epoch_primary
mnist/vit_small/grayscale/compact/p0/seed1,mnist,vit_small,grayscale,compact,0,1,heldout_val,55000,19,heldout_val,0.15168700055282097,0.9598,5000,final_epoch_primary
mnist/vit_small/grayscale/compact/p0/seed1,mnist,vit_small,grayscale,compact,0,1,heldout_val,55000,20,train_online,0.11859500061701136,0.9703818181818182,55000,final_epoch_primary
mnist/vit_small/grayscale/compact/p0/seed1,mnist,vit_small,grayscale,compact,0,1,heldout_val,55000,20,heldout_val,0.1631881923441775,0.9608,5000,final_epoch_primary
mnist/vit_small/grayscale/compact/p0/seed1,mnist,vit_small,grayscale,compact,0,1,heldout_val,55000,21,train_online,0.11208050416626396,0.9724,55000,final_epoch_primary
mnist/vit_small/grayscale/compact/p0/seed1,mnist,vit_small,grayscale,compact,0,1,heldout_val,55000,21,heldout_val,0.15400940090774093,0.9654,5000,final_epoch_primary
mnist/vit_small/grayscale/compact/p0/seed1,mnist,vit_small,grayscale,compact,0,1,heldout_val,55000,22,train_online,0.10611689687021056,0.9734727272727273,55000,final_epoch_primary
mnist/vit_small/grayscale/compact/p0/seed1,mnist,vit_small,grayscale,compact,0,1,heldout_val,55000,22,heldout_val,0.15815740078929813,0.9634,5000,final_epoch_primary
mnist/vit_small/grayscale/compact/p0/seed1,mnist,vit_small,grayscale,compact,0,1,heldout_val,55000,23,train_online,0.10178043610613412,0.975,55000,final_epoch_primary
mnist/vit_small/grayscale/compact/p0/seed1,mnist,vit_small,grayscale,compact,0,1,heldout_val,55000,23,heldout_val,0.14912809372628108,0.966,5000,final_epoch_primary
mnist/vit_small/grayscale/compact/p0/seed1,mnist,vit_small,grayscale,compact,0,1,heldout_val,55000,24,train_online,0.0948491221890859,0.9769818181818182,55000,final_epoch_primary
mnist/vit_small/grayscale/compact/p0/seed1,mnist,vit_small,grayscale,compact,0,1,heldout_val,55000,24,heldout_val,0.18457638336694798,0.9612,5000,final_epoch_primary
mnist/vit_small/grayscale/compact/p0/seed1,mnist,vit_small,grayscale,compact,0,1,heldout_val,55000,25,train_online,0.08844036603666504,0.9783818181818181,55000,final_epoch_primary
mnist/vit_small/grayscale/compact/p0/seed1,mnist,vit_small,grayscale,compact,0,1,heldout_val,55000,25,heldout_val,0.13441389995585196,0.9702,5000,final_epoch_primary
mnist/vit_small/grayscale/compact/p0/seed1,mnist,vit_small,grayscale,compact,0,1,heldout_val,55000,26,train_online,0.08601143543917782,0.9791454545454545,55000,final_epoch_primary
mnist/vit_small/grayscale/compact/p0/seed1,mnist,vit_small,grayscale,compact,0,1,heldout_val,55000,26,heldout_val,0.16003351243567887,0.9636,5000,final_epoch_primary
mnist/vit_small/grayscale/compact/p0/seed1,mnist,vit_small,grayscale,compact,0,1,heldout_val,55000,27,train_online,0.07645571085339391,0.9813818181818181,55000,final_epoch_primary
mnist/vit_small/grayscale/compact/p0/seed1,mnist,vit_small,grayscale,compact,0,1,heldout_val,55000,27,heldout_val,0.16554203543249751,0.9648,5000,final_epoch_primary
mnist/vit_small/grayscale/compact/p0/seed1,mnist,vit_small,grayscale,compact,0,1,heldout_val,55000,28,train_online,0.07570292464411944,0.9826363636363636,55000,final_epoch_primary
mnist/vit_small/grayscale/compact/p0/seed1,mnist,vit_small,grayscale,compact,0,1,heldout_val,55000,28,heldout_val,0.14332690730559408,0.9694,5000,final_epoch_primary
mnist/vit_small/grayscale/compact/p0/seed1,mnist,vit_small,grayscale,compact,0,1,heldout_val,55000,29,train_online,0.06797407211905176,0.9834181818181819,55000,final_epoch_primary
mnist/vit_small/grayscale/compact/p0/seed1,mnist,vit_small,grayscale,compact,0,1,heldout_val,55000,29,heldout_val,0.15297475949603248,0.9684,5000,final_epoch_primary
mnist/vit_small/grayscale/compact/p0/seed1,mnist,vit_small,grayscale,compact,0,1,heldout_val,55000,30,train_online,0.06244478439090308,0.9846727272727273,55000,final_epoch_primary
mnist/vit_small/grayscale/compact/p0/seed1,mnist,vit_small,grayscale,compact,0,1,heldout_val,55000,30,heldout_val,0.16939942895367277,0.9658,5000,final_epoch_primary
mnist/vit_small/grayscale/compact/p0/seed1,mnist,vit_small,grayscale,compact,0,1,heldout_val,55000,31,train_online,0.05821256596445561,0.9862545454545455,55000,final_epoch_primary
mnist/vit_small/grayscale/compact/p0/seed1,mnist,vit_small,grayscale,compact,0,1,heldout_val,55000,31,heldout_val,0.1535007418424415,0.9714,5000,final_epoch_primary
mnist/vit_small/grayscale/compact/p0/seed1,mnist,vit_small,grayscale,compact,0,1,heldout_val,55000,32,train_online,0.05310944346530913,0.9878,55000,final_epoch_primary
mnist/vit_small/grayscale/compact/p0/seed1,mnist,vit_small,grayscale,compact,0,1,heldout_val,55000,32,heldout_val,0.1286451345194422,0.9726,5000,final_epoch_primary
mnist/vit_small/grayscale/compact/p0/seed1,mnist,vit_small,grayscale,compact,0,1,heldout_val,55000,33,train_online,0.0460682459748993,0.9890545454545454,55000,final_epoch_primary
mnist/vit_small/grayscale/compact/p0/seed1,mnist,vit_small,grayscale,compact,0,1,heldout_val,55000,33,heldout_val,0.15829829946327373,0.9696,5000,final_epoch_primary
mnist/vit_small/grayscale/compact/p0/seed1,mnist,vit_small,grayscale,compact,0,1,heldout_val,55000,34,train_online,0.04021213171770479,0.9903636363636363,55000,final_epoch_primary
mnist/vit_small/grayscale/compact/p0/seed1,mnist,vit_small,grayscale,compact,0,1,heldout_val,55000,34,heldout_val,0.14657196417992235,0.9728,5000,final_epoch_primary
mnist/vit_small/grayscale/compact/p0/seed1,mnist,vit_small,grayscale,compact,0,1,heldout_val,55000,35,train_online,0.03430122424106693,0.9921636363636364,55000,final_epoch_primary
mnist/vit_small/grayscale/compact/p0/seed1,mnist,vit_small,grayscale,compact,0,1,heldout_val,55000,35,heldout_val,0.1683237811986037,0.9722,5000,final_epoch_primary
mnist/vit_small/grayscale/compact/p0/seed1,mnist,vit_small,grayscale,compact,0,1,heldout_val,55000,36,train_online,0.02993179488349084,0.9934909090909091,55000,final_epoch_primary
mnist/vit_small/grayscale/compact/p0/seed1,mnist,vit_small,grayscale,compact,0,1,heldout_val,55000,36,heldout_val,0.1688720248933154,0.9714,5000,final_epoch_primary
mnist/vit_small/grayscale/compact/p0/seed1,mnist,vit_small,grayscale,compact,0,1,heldout_val,55000,37,train_online,0.024703364620079413,0.9943636363636363,55000,final_epoch_primary
mnist/vit_small/grayscale/compact/p0/seed1,mnist,vit_small,grayscale,compact,0,1,heldout_val,55000,37,heldout_val,0.17029153869155925,0.9746,5000,final_epoch_primary
mnist/vit_small/grayscale/compact/p0/seed1,mnist,vit_small,grayscale,compact,0,1,heldout_val,55000,38,train_online,0.019083995108991406,0.9957636363636364,55000,final_epoch_primary
mnist/vit_small/grayscale/compact/p0/seed1,mnist,vit_small,grayscale,compact,0,1,heldout_val,55000,38,heldout_val,0.18414278429856276,0.9736,5000,final_epoch_primary
mnist/vit_small/grayscale/compact/p0/seed1,mnist,vit_small,grayscale,compact,0,1,heldout_val,55000,39,train_online,0.015298730116838058,0.9968,55000,final_epoch_primary
mnist/vit_small/grayscale/compact/p0/seed1,mnist,vit_small,grayscale,compact,0,1,heldout_val,55000,39,heldout_val,0.19438668663258432,0.9738,5000,final_epoch_primary
mnist/vit_small/grayscale/compact/p0/seed1,mnist,vit_small,grayscale,compact,0,1,heldout_val,55000,40,train_online,0.01212225862103587,0.9973636363636363,55000,final_epoch_primary
mnist/vit_small/grayscale/compact/p0/seed1,mnist,vit_small,grayscale,compact,0,1,heldout_val,55000,40,heldout_val,0.202425336397755,0.9726,5000,final_epoch_primary
mnist/vit_small/grayscale/compact/p0/seed1,mnist,vit_small,grayscale,compact,0,1,heldout_val,55000,41,train_online,0.007211666376639335,0.9984545454545455,55000,final_epoch_primary
mnist/vit_small/grayscale/compact/p0/seed1,mnist,vit_small,grayscale,compact,0,1,heldout_val,55000,41,heldout_val,0.19918257427416647,0.9758,5000,final_epoch_primary
mnist/vit_small/grayscale/compact/p0/seed1,mnist,vit_small,grayscale,compact,0,1,heldout_val,55000,42,train_online,0.0049149546614727525,0.9990181818181818,55000,final_epoch_primary
mnist/vit_small/grayscale/compact/p0/seed1,mnist,vit_small,grayscale,compact,0,1,heldout_val,55000,42,heldout_val,0.23063133507818856,0.9744,5000,final_epoch_primary
mnist/vit_small/grayscale/compact/p0/seed1,mnist,vit_small,grayscale,compact,0,1,heldout_val,55000,43,train_online,0.0031569459144276564,0.9993454545454545,55000,final_epoch_primary
mnist/vit_small/grayscale/compact/p0/seed1,mnist,vit_small,grayscale,compact,0,1,heldout_val,55000,43,heldout_val,0.2228538900464897,0.9754,5000,final_epoch_primary
mnist/vit_small/grayscale/compact/p0/seed1,mnist,vit_small,grayscale,compact,0,1,heldout_val,55000,44,train_online,0.002901724600360194,0.9995636363636363,55000,final_epoch_primary
mnist/vit_small/grayscale/compact/p0/seed1,mnist,vit_small,grayscale,compact,0,1,heldout_val,55000,44,heldout_val,0.230304090470548,0.9752,5000,final_epoch_primary
mnist/vit_small/grayscale/compact/p0/seed1,mnist,vit_small,grayscale,compact,0,1,heldout_val,55000,45,train_online,0.002692837794196451,0.9995818181818181,55000,final_epoch_primary
mnist/vit_small/grayscale/compact/p0/seed1,mnist,vit_small,grayscale,compact,0,1,heldout_val,55000,45,heldout_val,0.21334094574510673,0.9776,5000,final_epoch_primary
mnist/vit_small/grayscale/compact/p0/seed1,mnist,vit_small,grayscale,compact,0,1,heldout_val,55000,46,train_online,0.0019283941464919984,0.9996909090909091,55000,final_epoch_primary
mnist/vit_small/grayscale/compact/p0/seed1,mnist,vit_small,grayscale,compact,0,1,heldout_val,55000,46,heldout_val,0.22053011020760324,0.9768,5000,final_epoch_primary
mnist/vit_small/grayscale/compact/p0/seed1,mnist,vit_small,grayscale,compact,0,1,heldout_val,55000,47,train_online,0.0022015387359552363,0.9996545454545455,55000,final_epoch_primary
mnist/vit_small/grayscale/compact/p0/seed1,mnist,vit_small,grayscale,compact,0,1,heldout_val,55000,47,heldout_val,0.22217940728285185,0.9766,5000,final_epoch_primary
mnist/vit_small/grayscale/compact/p0/seed1,mnist,vit_small,grayscale,compact,0,1,heldout_val,55000,48,train_online,0.001480463706026194,0.9997818181818182,55000,final_epoch_primary
mnist/vit_small/grayscale/compact/p0/seed1,mnist,vit_small,grayscale,compact,0,1,heldout_val,55000,48,heldout_val,0.22266096348839748,0.9774,5000,final_epoch_primary
mnist/vit_small/grayscale/compact/p0/seed1,mnist,vit_small,grayscale,compact,0,1,heldout_val,55000,49,train_online,0.0012968180076752766,0.9997818181818182,55000,final_epoch_primary
mnist/vit_small/grayscale/compact/p0/seed1,mnist,vit_small,grayscale,compact,0,1,heldout_val,55000,49,heldout_val,0.22160882147485972,0.9774,5000,final_epoch_primary
mnist/vit_small/grayscale/compact/p20/seed1,mnist,vit_small,grayscale,compact,20,1,heldout_val,55000,0,train_online,0.8187036932324822,0.7268,55000,final_epoch_primary
mnist/vit_small/grayscale/compact/p20/seed1,mnist,vit_small,grayscale,compact,20,1,heldout_val,55000,0,heldout_val,0.5679788936078548,0.8286,5000,final_epoch_primary
mnist/vit_small/grayscale/compact/p20/seed1,mnist,vit_small,grayscale,compact,20,1,heldout_val,55000,1,train_online,0.37974524357484823,0.9001454545454546,55000,final_epoch_primary
mnist/vit_small/grayscale/compact/p20/seed1,mnist,vit_small,grayscale,compact,20,1,heldout_val,55000,1,heldout_val,0.35885422360608354,0.9244,5000,final_epoch_primary
mnist/vit_small/grayscale/compact/p20/seed1,mnist,vit_small,grayscale,compact,20,1,heldout_val,55000,2,train_online,0.3085241824016737,0.9246,55000,final_epoch_primary
mnist/vit_small/grayscale/compact/p20/seed1,mnist,vit_small,grayscale,compact,20,1,heldout_val,55000,2,heldout_val,0.32336835152762944,0.9262,5000,final_epoch_primary
mnist/vit_small/grayscale/compact/p20/seed1,mnist,vit_small,grayscale,compact,20,1,heldout_val,55000,3,train_online,0.27072838043363934,0.9320727272727273,55000,final_epoch_primary
mnist/vit_small/grayscale/compact/p20/seed1,mnist,vit_small,grayscale,compact,20,1,heldout_val,55000,3,heldout_val,0.33059025838943196,0.9178,5000,final_epoch_primary
mnist/vit_small/grayscale/compact/p20/seed1,mnist,vit_small,grayscale,compact,20,1,heldout_val,55000,4,train_online,0.26775895346351475,0.9313636363636364,55000,final_epoch_primary
mnist/vit_small/grayscale/compact/p20/seed1,mnist,vit_small,grayscale,compact,20,1,heldout_val,55000,4,heldout_val,0.3870737777044997,0.8964,5000,final_epoch_primary
mnist/vit_small/grayscale/compact/p20/seed1,mnist,vit_small,grayscale,compact,20,1,heldout_val,55000,5,train_online,0.2524470302388622,0.9358909090909091,55000,final_epoch_primary
mnist/vit_small/grayscale/compact/p20/seed1,mnist,vit_small,grayscale,compact,20,1,heldout_val,55000,5,heldout_val,0.23484664956135676,0.9396,5000,final_epoch_primary
mnist/vit_small/grayscale/compact/p20/seed1,mnist,vit_small,grayscale,compact,20,1,heldout_val,55000,6,train_online,0.2460974051689327,0.9367090909090909,55000,final_epoch_primary
mnist/vit_small/grayscale/compact/p20/seed1,mnist,vit_small,grayscale,compact,20,1,heldout_val,55000,6,heldout_val,0.2755551432575099,0.9334,5000,final_epoch_primary
mnist/vit_small/grayscale/compact/p20/seed1,mnist,vit_small,grayscale,compact,20,1,heldout_val,55000,7,train_online,0.2255877200852233,0.9416,55000,final_epoch_primary
mnist/vit_small/grayscale/compact/p20/seed1,mnist,vit_small,grayscale,compact,20,1,heldout_val,55000,7,heldout_val,0.2149398282450158,0.9462,5000,final_epoch_primary
mnist/vit_small/grayscale/compact/p20/seed1,mnist,vit_small,grayscale,compact,20,1,heldout_val,55000,8,train_online,0.2110974524036706,0.9458909090909091,55000,final_epoch_primary
mnist/vit_small/grayscale/compact/p20/seed1,mnist,vit_small,grayscale,compact,20,1,heldout_val,55000,8,heldout_val,0.302087242411403,0.9256,5000,final_epoch_primary
mnist/vit_small/grayscale/compact/p20/seed1,mnist,vit_small,grayscale,compact,20,1,heldout_val,55000,9,train_online,0.19631668604626532,0.9494,55000,final_epoch_primary
mnist/vit_small/grayscale/compact/p20/seed1,mnist,vit_small,grayscale,compact,20,1,heldout_val,55000,9,heldout_val,0.29575301773690155,0.9338,5000,final_epoch_primary
mnist/vit_small/grayscale/compact/p20/seed1,mnist,vit_small,grayscale,compact,20,1,heldout_val,55000,10,train_online,0.1932540070403325,0.9512545454545455,55000,final_epoch_primary
mnist/vit_small/grayscale/compact/p20/seed1,mnist,vit_small,grayscale,compact,20,1,heldout_val,55000,10,heldout_val,0.19262677565081976,0.9492,5000,final_epoch_primary
mnist/vit_small/grayscale/compact/p20/seed1,mnist,vit_small,grayscale,compact,20,1,heldout_val,55000,11,train_online,0.17939429797517156,0.9534909090909091,55000,final_epoch_primary
mnist/vit_small/grayscale/compact/p20/seed1,mnist,vit_small,grayscale,compact,20,1,heldout_val,55000,11,heldout_val,0.20210474781561644,0.9478,5000,final_epoch_primary
mnist/vit_small/grayscale/compact/p20/seed1,mnist,vit_small,grayscale,compact,20,1,heldout_val,55000,12,train_online,0.17115828118897466,0.9562909090909091,55000,final_epoch_primary
mnist/vit_small/grayscale/compact/p20/seed1,mnist,vit_small,grayscale,compact,20,1,heldout_val,55000,12,heldout_val,0.21734695720926392,0.9478,5000,final_epoch_primary
mnist/vit_small/grayscale/compact/p20/seed1,mnist,vit_small,grayscale,compact,20,1,heldout_val,55000,13,train_online,0.16199319615567484,0.9582,55000,final_epoch_primary
mnist/vit_small/grayscale/compact/p20/seed1,mnist,vit_small,grayscale,compact,20,1,heldout_val,55000,13,heldout_val,0.18161191617427394,0.9512,5000,final_epoch_primary
mnist/vit_small/grayscale/compact/p20/seed1,mnist,vit_small,grayscale,compact,20,1,heldout_val,55000,14,train_online,0.1568856755904705,0.9600363636363637,55000,final_epoch_primary
mnist/vit_small/grayscale/compact/p20/seed1,mnist,vit_small,grayscale,compact,20,1,heldout_val,55000,14,heldout_val,0.21663321463502944,0.9486,5000,final_epoch_primary
mnist/vit_small/grayscale/compact/p20/seed1,mnist,vit_small,grayscale,compact,20,1,heldout_val,55000,15,train_online,0.14820464704828337,0.9624181818181818,55000,final_epoch_primary
mnist/vit_small/grayscale/compact/p20/seed1,mnist,vit_small,grayscale,compact,20,1,heldout_val,55000,15,heldout_val,0.1897315897092456,0.9506,5000,final_epoch_primary
mnist/vit_small/grayscale/compact/p20/seed1,mnist,vit_small,grayscale,compact,20,1,heldout_val,55000,16,train_online,0.14210066537871238,0.9636545454545454,55000,final_epoch_primary
mnist/vit_small/grayscale/compact/p20/seed1,mnist,vit_small,grayscale,compact,20,1,heldout_val,55000,16,heldout_val,0.18158808886643965,0.9556,5000,final_epoch_primary
mnist/vit_small/grayscale/compact/p20/seed1,mnist,vit_small,grayscale,compact,20,1,heldout_val,55000,17,train_online,0.1355845725302394,0.9660181818181818,55000,final_epoch_primary
mnist/vit_small/grayscale/compact/p20/seed1,mnist,vit_small,grayscale,compact,20,1,heldout_val,55000,17,heldout_val,0.15989956426608842,0.9612,5000,final_epoch_primary
mnist/vit_small/grayscale/compact/p20/seed1,mnist,vit_small,grayscale,compact,20,1,heldout_val,55000,18,train_online,0.12730583037043477,0.9676545454545454,55000,final_epoch_primary
mnist/vit_small/grayscale/compact/p20/seed1,mnist,vit_small,grayscale,compact,20,1,heldout_val,55000,18,heldout_val,0.1876303216806613,0.9518,5000,final_epoch_primary
mnist/vit_small/grayscale/compact/p20/seed1,mnist,vit_small,grayscale,compact,20,1,heldout_val,55000,19,train_online,0.12536164510659345,0.9680363636363636,55000,final_epoch_primary
mnist/vit_small/grayscale/compact/p20/seed1,mnist,vit_small,grayscale,compact,20,1,heldout_val,55000,19,heldout_val,0.15168700055282097,0.9598,5000,final_epoch_primary
mnist/vit_small/grayscale/compact/p20/seed1,mnist,vit_small,grayscale,compact,20,1,heldout_val,55000,20,train_online,0.11859500061701136,0.9703818181818182,55000,final_epoch_primary
mnist/vit_small/grayscale/compact/p20/seed1,mnist,vit_small,grayscale,compact,20,1,heldout_val,55000,20,heldout_val,0.1631881923441775,0.9608,5000,final_epoch_primary
mnist/vit_small/grayscale/compact/p20/seed1,mnist,vit_small,grayscale,compact,20,1,heldout_val,55000,21,train_online,0.11208050416626396,0.9724,55000,final_epoch_primary
mnist/vit_small/grayscale/compact/p20/seed1,mnist,vit_small,grayscale,compact,20,1,heldout_val,55000,21,heldout_val,0.15400940090774093,0.9654,5000,final_epoch_primary
mnist/vit_small/grayscale/compact/p20/seed1,mnist,vit_small,grayscale,compact,20,1,heldout_val,55000,22,train_online,0.10611689687021056,0.9734727272727273,55000,final_epoch_primary
mnist/vit_small/grayscale/compact/p20/seed1,mnist,vit_small,grayscale,compact,20,1,heldout_val,55000,22,heldout_val,0.15815740078929813,0.9634,5000,final_epoch_primary
mnist/vit_small/grayscale/compact/p20/seed1,mnist,vit_small,grayscale,compact,20,1,heldout_val,55000,23,train_online,0.10178043610613412,0.975,55000,final_epoch_primary
mnist/vit_small/grayscale/compact/p20/seed1,mnist,vit_small,grayscale,compact,20,1,heldout_val,55000,23,heldout_val,0.14912809372628108,0.966,5000,final_epoch_primary
mnist/vit_small/grayscale/compact/p20/seed1,mnist,vit_small,grayscale,compact,20,1,heldout_val,55000,24,train_online,0.0948491221890859,0.9769818181818182,55000,final_epoch_primary
mnist/vit_small/grayscale/compact/p20/seed1,mnist,vit_small,grayscale,compact,20,1,heldout_val,55000,24,heldout_val,0.18457638336694798,0.9612,5000,final_epoch_primary
mnist/vit_small/grayscale/compact/p20/seed1,mnist,vit_small,grayscale,compact,20,1,heldout_val,55000,25,train_online,0.08844036603666504,0.9783818181818181,55000,final_epoch_primary
mnist/vit_small/grayscale/compact/p20/seed1,mnist,vit_small,grayscale,compact,20,1,heldout_val,55000,25,heldout_val,0.13441389995585196,0.9702,5000,final_epoch_primary
mnist/vit_small/grayscale/compact/p20/seed1,mnist,vit_small,grayscale,compact,20,1,heldout_val,55000,26,train_online,0.08601143543917782,0.9791454545454545,55000,final_epoch_primary
mnist/vit_small/grayscale/compact/p20/seed1,mnist,vit_small,grayscale,compact,20,1,heldout_val,55000,26,heldout_val,0.16003351243567887,0.9636,5000,final_epoch_primary
mnist/vit_small/grayscale/compact/p20/seed1,mnist,vit_small,grayscale,compact,20,1,heldout_val,55000,27,train_online,0.07645571085339391,0.9813818181818181,55000,final_epoch_primary
mnist/vit_small/grayscale/compact/p20/seed1,mnist,vit_small,grayscale,compact,20,1,heldout_val,55000,27,heldout_val,0.16554203543249751,0.9648,5000,final_epoch_primary
mnist/vit_small/grayscale/compact/p20/seed1,mnist,vit_small,grayscale,compact,20,1,heldout_val,55000,28,train_online,0.07570292464411944,0.9826363636363636,55000,final_epoch_primary
mnist/vit_small/grayscale/compact/p20/seed1,mnist,vit_small,grayscale,compact,20,1,heldout_val,55000,28,heldout_val,0.14332690730559408,0.9694,5000,final_epoch_primary
mnist/vit_small/grayscale/compact/p20/seed1,mnist,vit_small,grayscale,compact,20,1,heldout_val,55000,29,train_online,0.06797407211905176,0.9834181818181819,55000,final_epoch_primary
mnist/vit_small/grayscale/compact/p20/seed1,mnist,vit_small,grayscale,compact,20,1,heldout_val,55000,29,heldout_val,0.15297475949603248,0.9684,5000,final_epoch_primary
mnist/vit_small/grayscale/compact/p20/seed1,mnist,vit_small,grayscale,compact,20,1,heldout_val,55000,30,train_online,0.06244478439090308,0.9846727272727273,55000,final_epoch_primary
mnist/vit_small/grayscale/compact/p20/seed1,mnist,vit_small,grayscale,compact,20,1,heldout_val,55000,30,heldout_val,0.16939942895367277,0.9658,5000,final_epoch_primary
mnist/vit_small/grayscale/compact/p20/seed1,mnist,vit_small,grayscale,compact,20,1,heldout_val,55000,31,train_online,0.05821256596445561,0.9862545454545455,55000,final_epoch_primary
mnist/vit_small/grayscale/compact/p20/seed1,mnist,vit_small,grayscale,compact,20,1,heldout_val,55000,31,heldout_val,0.1535007418424415,0.9714,5000,final_epoch_primary
mnist/vit_small/grayscale/compact/p20/seed1,mnist,vit_small,grayscale,compact,20,1,heldout_val,55000,32,train_online,0.05310944346530913,0.9878,55000,final_epoch_primary
mnist/vit_small/grayscale/compact/p20/seed1,mnist,vit_small,grayscale,compact,20,1,heldout_val,55000,32,heldout_val,0.1286451345194422,0.9726,5000,final_epoch_primary
mnist/vit_small/grayscale/compact/p20/seed1,mnist,vit_small,grayscale,compact,20,1,heldout_val,55000,33,train_online,0.0460682459748993,0.9890545454545454,55000,final_epoch_primary
mnist/vit_small/grayscale/compact/p20/seed1,mnist,vit_small,grayscale,compact,20,1,heldout_val,55000,33,heldout_val,0.15829829946327373,0.9696,5000,final_epoch_primary
mnist/vit_small/grayscale/compact/p20/seed1,mnist,vit_small,grayscale,compact,20,1,heldout_val,55000,34,train_online,0.04021213171770479,0.9903636363636363,55000,final_epoch_primary
mnist/vit_small/grayscale/compact/p20/seed1,mnist,vit_small,grayscale,compact,20,1,heldout_val,55000,34,heldout_val,0.14657196417992235,0.9728,5000,final_epoch_primary
mnist/vit_small/grayscale/compact/p20/seed1,mnist,vit_small,grayscale,compact,20,1,heldout_val,55000,35,train_online,0.03430122424106693,0.9921636363636364,55000,final_epoch_primary
mnist/vit_small/grayscale/compact/p20/seed1,mnist,vit_small,grayscale,compact,20,1,heldout_val,55000,35,heldout_val,0.1683237811986037,0.9722,5000,final_epoch_primary
mnist/vit_small/grayscale/compact/p20/seed1,mnist,vit_small,grayscale,compact,20,1,heldout_val,55000,36,train_online,0.02993179488349084,0.9934909090909091,55000,final_epoch_primary
mnist/vit_small/grayscale/compact/p20/seed1,mnist,vit_small,grayscale,compact,20,1,heldout_val,55000,36,heldout_val,0.1688720248933154,0.9714,5000,final_epoch_primary
mnist/vit_small/grayscale/compact/p20/seed1,mnist,vit_small,grayscale,compact,20,1,heldout_val,55000,37,train_online,0.024703364620079413,0.9943636363636363,55000,final_epoch_primary
mnist/vit_small/grayscale/compact/p20/seed1,mnist,vit_small,grayscale,compact,20,1,heldout_val,55000,37,heldout_val,0.17029153869155925,0.9746,5000,final_epoch_primary
mnist/vit_small/grayscale/compact/p20/seed1,mnist,vit_small,grayscale,compact,20,1,heldout_val,55000,38,train_online,0.019083995108991406,0.9957636363636364,55000,final_epoch_primary
mnist/vit_small/grayscale/compact/p20/seed1,mnist,vit_small,grayscale,compact,20,1,heldout_val,55000,38,heldout_val,0.18414278429856276,0.9736,5000,final_epoch_primary
mnist/vit_small/grayscale/compact/p20/seed1,mnist,vit_small,grayscale,compact,20,1,heldout_val,55000,39,train_online,0.015298730116838058,0.9968,55000,final_epoch_primary
mnist/vit_small/grayscale/compact/p20/seed1,mnist,vit_small,grayscale,compact,20,1,heldout_val,55000,39,heldout_val,0.19438668663258432,0.9738,5000,final_epoch_primary
mnist/vit_small/grayscale/compact/p20/seed1,mnist,vit_small,grayscale,compact,20,1,heldout_val,55000,40,train_online,0.01212225862103587,0.9973636363636363,55000,final_epoch_primary
mnist/vit_small/grayscale/compact/p20/seed1,mnist,vit_small,grayscale,compact,20,1,heldout_val,55000,40,heldout_val,0.202425336397755,0.9726,5000,final_epoch_primary
mnist/vit_small/grayscale/compact/p20/seed1,mnist,vit_small,grayscale,compact,20,1,heldout_val,55000,41,train_online,0.007211666376639335,0.9984545454545455,55000,final_epoch_primary
mnist/vit_small/grayscale/compact/p20/seed1,mnist,vit_small,grayscale,compact,20,1,heldout_val,55000,41,heldout_val,0.19918257427416647,0.9758,5000,final_epoch_primary
mnist/vit_small/grayscale/compact/p20/seed1,mnist,vit_small,grayscale,compact,20,1,heldout_val,55000,42,train_online,0.0049149546614727525,0.9990181818181818,55000,final_epoch_primary
mnist/vit_small/grayscale/compact/p20/seed1,mnist,vit_small,grayscale,compact,20,1,heldout_val,55000,42,heldout_val,0.23063133507818856,0.9744,5000,final_epoch_primary
mnist/vit_small/grayscale/compact/p20/seed1,mnist,vit_small,grayscale,compact,20,1,heldout_val,55000,43,train_online,0.0031569459144276564,0.9993454545454545,55000,final_epoch_primary
mnist/vit_small/grayscale/compact/p20/seed1,mnist,vit_small,grayscale,compact,20,1,heldout_val,55000,43,heldout_val,0.2228538900464897,0.9754,5000,final_epoch_primary
mnist/vit_small/grayscale/compact/p20/seed1,mnist,vit_small,grayscale,compact,20,1,heldout_val,55000,44,train_online,0.002901724600360194,0.9995636363636363,55000,final_epoch_primary
mnist/vit_small/grayscale/compact/p20/seed1,mnist,vit_small,grayscale,compact,20,1,heldout_val,55000,44,heldout_val,0.230304090470548,0.9752,5000,final_epoch_primary
mnist/vit_small/grayscale/compact/p20/seed1,mnist,vit_small,grayscale,compact,20,1,heldout_val,55000,45,train_online,0.002692837794196451,0.9995818181818181,55000,final_epoch_primary
mnist/vit_small/grayscale/compact/p20/seed1,mnist,vit_small,grayscale,compact,20,1,heldout_val,55000,45,heldout_val,0.21334094574510673,0.9776,5000,final_epoch_primary
mnist/vit_small/grayscale/compact/p20/seed1,mnist,vit_small,grayscale,compact,20,1,heldout_val,55000,46,train_online,0.0019283941464919984,0.9996909090909091,55000,final_epoch_primary
mnist/vit_small/grayscale/compact/p20/seed1,mnist,vit_small,grayscale,compact,20,1,heldout_val,55000,46,heldout_val,0.22053011020760324,0.9768,5000,final_epoch_primary
mnist/vit_small/grayscale/compact/p20/seed1,mnist,vit_small,grayscale,compact,20,1,heldout_val,55000,47,train_online,0.0022015387359552363,0.9996545454545455,55000,final_epoch_primary
mnist/vit_small/grayscale/compact/p20/seed1,mnist,vit_small,grayscale,compact,20,1,heldout_val,55000,47,heldout_val,0.22217940728285185,0.9766,5000,final_epoch_primary
mnist/vit_small/grayscale/compact/p20/seed1,mnist,vit_small,grayscale,compact,20,1,heldout_val,55000,48,train_online,0.001480463706026194,0.9997818181818182,55000,final_epoch_primary
mnist/vit_small/grayscale/compact/p20/seed1,mnist,vit_small,grayscale,compact,20,1,heldout_val,55000,48,heldout_val,0.22266096348839748,0.9774,5000,final_epoch_primary
mnist/vit_small/grayscale/compact/p20/seed1,mnist,vit_small,grayscale,compact,20,1,heldout_val,55000,49,train_online,0.0012968180076752766,0.9997818181818182,55000,final_epoch_primary
mnist/vit_small/grayscale/compact/p20/seed1,mnist,vit_small,grayscale,compact,20,1,heldout_val,55000,49,heldout_val,0.22160882147485972,0.9774,5000,final_epoch_primary
mnist/vit_small/grayscale/compact/p40/seed1,mnist,vit_small,grayscale,compact,40,1,heldout_val,55000,0,train_online,0.8187036932324822,0.7268,55000,final_epoch_primary
mnist/vit_small/grayscale/compact/p40/seed1,mnist,vit_small,grayscale,compact,40,1,heldout_val,55000,0,heldout_val,0.5679788936078548,0.8286,5000,final_epoch_primary
mnist/vit_small/grayscale/compact/p40/seed1,mnist,vit_small,grayscale,compact,40,1,heldout_val,55000,1,train_online,0.37974524357484823,0.9001454545454546,55000,final_epoch_primary
mnist/vit_small/grayscale/compact/p40/seed1,mnist,vit_small,grayscale,compact,40,1,heldout_val,55000,1,heldout_val,0.35885422360608354,0.9244,5000,final_epoch_primary
mnist/vit_small/grayscale/compact/p40/seed1,mnist,vit_small,grayscale,compact,40,1,heldout_val,55000,2,train_online,0.3085241824016737,0.9246,55000,final_epoch_primary
mnist/vit_small/grayscale/compact/p40/seed1,mnist,vit_small,grayscale,compact,40,1,heldout_val,55000,2,heldout_val,0.32336835152762944,0.9262,5000,final_epoch_primary
mnist/vit_small/grayscale/compact/p40/seed1,mnist,vit_small,grayscale,compact,40,1,heldout_val,55000,3,train_online,0.27072838043363934,0.9320727272727273,55000,final_epoch_primary
mnist/vit_small/grayscale/compact/p40/seed1,mnist,vit_small,grayscale,compact,40,1,heldout_val,55000,3,heldout_val,0.33059025838943196,0.9178,5000,final_epoch_primary
mnist/vit_small/grayscale/compact/p40/seed1,mnist,vit_small,grayscale,compact,40,1,heldout_val,55000,4,train_online,0.26775895346351475,0.9313636363636364,55000,final_epoch_primary
mnist/vit_small/grayscale/compact/p40/seed1,mnist,vit_small,grayscale,compact,40,1,heldout_val,55000,4,heldout_val,0.3870737777044997,0.8964,5000,final_epoch_primary
mnist/vit_small/grayscale/compact/p40/seed1,mnist,vit_small,grayscale,compact,40,1,heldout_val,55000,5,train_online,0.2524470302388622,0.9358909090909091,55000,final_epoch_primary
mnist/vit_small/grayscale/compact/p40/seed1,mnist,vit_small,grayscale,compact,40,1,heldout_val,55000,5,heldout_val,0.23484664956135676,0.9396,5000,final_epoch_primary
mnist/vit_small/grayscale/compact/p40/seed1,mnist,vit_small,grayscale,compact,40,1,heldout_val,55000,6,train_online,0.2460974051689327,0.9367090909090909,55000,final_epoch_primary
mnist/vit_small/grayscale/compact/p40/seed1,mnist,vit_small,grayscale,compact,40,1,heldout_val,55000,6,heldout_val,0.2755551432575099,0.9334,5000,final_epoch_primary
mnist/vit_small/grayscale/compact/p40/seed1,mnist,vit_small,grayscale,compact,40,1,heldout_val,55000,7,train_online,0.2255877200852233,0.9416,55000,final_epoch_primary
mnist/vit_small/grayscale/compact/p40/seed1,mnist,vit_small,grayscale,compact,40,1,heldout_val,55000,7,heldout_val,0.2149398282450158,0.9462,5000,final_epoch_primary
mnist/vit_small/grayscale/compact/p40/seed1,mnist,vit_small,grayscale,compact,40,1,heldout_val,55000,8,train_online,0.2110974524036706,0.9458909090909091,55000,final_epoch_primary
mnist/vit_small/grayscale/compact/p40/seed1,mnist,vit_small,grayscale,compact,40,1,heldout_val,55000,8,heldout_val,0.302087242411403,0.9256,5000,final_epoch_primary
mnist/vit_small/grayscale/compact/p40/seed1,mnist,vit_small,grayscale,compact,40,1,heldout_val,55000,9,train_online,0.19631668604626532,0.9494,55000,final_epoch_primary
mnist/vit_small/grayscale/compact/p40/seed1,mnist,vit_small,grayscale,compact,40,1,heldout_val,55000,9,heldout_val,0.29575301773690155,0.9338,5000,final_epoch_primary
mnist/vit_small/grayscale/compact/p40/seed1,mnist,vit_small,grayscale,compact,40,1,heldout_val,55000,10,train_online,0.1932540070403325,0.9512545454545455,55000,final_epoch_primary
mnist/vit_small/grayscale/compact/p40/seed1,mnist,vit_small,grayscale,compact,40,1,heldout_val,55000,10,heldout_val,0.19262677565081976,0.9492,5000,final_epoch_primary
mnist/vit_small/grayscale/compact/p40/seed1,mnist,vit_small,grayscale,compact,40,1,heldout_val,55000,11,train_online,0.17939429797517156,0.9534909090909091,55000,final_epoch_primary
mnist/vit_small/grayscale/compact/p40/seed1,mnist,vit_small,grayscale,compact,40,1,heldout_val,55000,11,heldout_val,0.20210474781561644,0.9478,5000,final_epoch_primary
mnist/vit_small/grayscale/compact/p40/seed1,mnist,vit_small,grayscale,compact,40,1,heldout_val,55000,12,train_online,0.17115828118897466,0.9562909090909091,55000,final_epoch_primary
mnist/vit_small/grayscale/compact/p40/seed1,mnist,vit_small,grayscale,compact,40,1,heldout_val,55000,12,heldout_val,0.21734695720926392,0.9478,5000,final_epoch_primary
mnist/vit_small/grayscale/compact/p40/seed1,mnist,vit_small,grayscale,compact,40,1,heldout_val,55000,13,train_online,0.16199319615567484,0.9582,55000,final_epoch_primary
mnist/vit_small/grayscale/compact/p40/seed1,mnist,vit_small,grayscale,compact,40,1,heldout_val,55000,13,heldout_val,0.18161191617427394,0.9512,5000,final_epoch_primary
mnist/vit_small/grayscale/compact/p40/seed1,mnist,vit_small,grayscale,compact,40,1,heldout_val,55000,14,train_online,0.1568856755904705,0.9600363636363637,55000,final_epoch_primary
mnist/vit_small/grayscale/compact/p40/seed1,mnist,vit_small,grayscale,compact,40,1,heldout_val,55000,14,heldout_val,0.21663321463502944,0.9486,5000,final_epoch_primary
mnist/vit_small/grayscale/compact/p40/seed1,mnist,vit_small,grayscale,compact,40,1,heldout_val,55000,15,train_online,0.14820464704828337,0.9624181818181818,55000,final_epoch_primary
mnist/vit_small/grayscale/compact/p40/seed1,mnist,vit_small,grayscale,compact,40,1,heldout_val,55000,15,heldout_val,0.1897315897092456,0.9506,5000,final_epoch_primary
mnist/vit_small/grayscale/compact/p40/seed1,mnist,vit_small,grayscale,compact,40,1,heldout_val,55000,16,train_online,0.14210066537871238,0.9636545454545454,55000,final_epoch_primary
mnist/vit_small/grayscale/compact/p40/seed1,mnist,vit_small,grayscale,compact,40,1,heldout_val,55000,16,heldout_val,0.18158808886643965,0.9556,5000,final_epoch_primary
mnist/vit_small/grayscale/compact/p40/seed1,mnist,vit_small,grayscale,compact,40,1,heldout_val,55000,17,train_online,0.1355845725302394,0.9660181818181818,55000,final_epoch_primary
mnist/vit_small/grayscale/compact/p40/seed1,mnist,vit_small,grayscale,compact,40,1,heldout_val,55000,17,heldout_val,0.15989956426608842,0.9612,5000,final_epoch_primary
mnist/vit_small/grayscale/compact/p40/seed1,mnist,vit_small,grayscale,compact,40,1,heldout_val,55000,18,train_online,0.12730583037043477,0.9676545454545454,55000,final_epoch_primary
mnist/vit_small/grayscale/compact/p40/seed1,mnist,vit_small,grayscale,compact,40,1,heldout_val,55000,18,heldout_val,0.1876303216806613,0.9518,5000,final_epoch_primary
mnist/vit_small/grayscale/compact/p40/seed1,mnist,vit_small,grayscale,compact,40,1,heldout_val,55000,19,train_online,0.12536164510659345,0.9680363636363636,55000,final_epoch_primary
mnist/vit_small/grayscale/compact/p40/seed1,mnist,vit_small,grayscale,compact,40,1,heldout_val,55000,19,heldout_val,0.15168700055282097,0.9598,5000,final_epoch_primary
mnist/vit_small/grayscale/compact/p40/seed1,mnist,vit_small,grayscale,compact,40,1,heldout_val,55000,20,train_online,0.11859500061701136,0.9703818181818182,55000,final_epoch_primary
mnist/vit_small/grayscale/compact/p40/seed1,mnist,vit_small,grayscale,compact,40,1,heldout_val,55000,20,heldout_val,0.1631881923441775,0.9608,5000,final_epoch_primary
mnist/vit_small/grayscale/compact/p40/seed1,mnist,vit_small,grayscale,compact,40,1,heldout_val,55000,21,train_online,0.11208050416626396,0.9724,55000,final_epoch_primary
mnist/vit_small/grayscale/compact/p40/seed1,mnist,vit_small,grayscale,compact,40,1,heldout_val,55000,21,heldout_val,0.15400940090774093,0.9654,5000,final_epoch_primary
mnist/vit_small/grayscale/compact/p40/seed1,mnist,vit_small,grayscale,compact,40,1,heldout_val,55000,22,train_online,0.10611689687021056,0.9734727272727273,55000,final_epoch_primary
mnist/vit_small/grayscale/compact/p40/seed1,mnist,vit_small,grayscale,compact,40,1,heldout_val,55000,22,heldout_val,0.15815740078929813,0.9634,5000,final_epoch_primary
mnist/vit_small/grayscale/compact/p40/seed1,mnist,vit_small,grayscale,compact,40,1,heldout_val,55000,23,train_online,0.10178043610613412,0.975,55000,final_epoch_primary
mnist/vit_small/grayscale/compact/p40/seed1,mnist,vit_small,grayscale,compact,40,1,heldout_val,55000,23,heldout_val,0.14912809372628108,0.966,5000,final_epoch_primary
mnist/vit_small/grayscale/compact/p40/seed1,mnist,vit_small,grayscale,compact,40,1,heldout_val,55000,24,train_online,0.0948491221890859,0.9769818181818182,55000,final_epoch_primary
mnist/vit_small/grayscale/compact/p40/seed1,mnist,vit_small,grayscale,compact,40,1,heldout_val,55000,24,heldout_val,0.18457638336694798,0.9612,5000,final_epoch_primary
mnist/vit_small/grayscale/compact/p40/seed1,mnist,vit_small,grayscale,compact,40,1,heldout_val,55000,25,train_online,0.08844036603666504,0.9783818181818181,55000,final_epoch_primary
mnist/vit_small/grayscale/compact/p40/seed1,mnist,vit_small,grayscale,compact,40,1,heldout_val,55000,25,heldout_val,0.13441389995585196,0.9702,5000,final_epoch_primary
mnist/vit_small/grayscale/compact/p40/seed1,mnist,vit_small,grayscale,compact,40,1,heldout_val,55000,26,train_online,0.08601143543917782,0.9791454545454545,55000,final_epoch_primary
mnist/vit_small/grayscale/compact/p40/seed1,mnist,vit_small,grayscale,compact,40,1,heldout_val,55000,26,heldout_val,0.16003351243567887,0.9636,5000,final_epoch_primary
mnist/vit_small/grayscale/compact/p40/seed1,mnist,vit_small,grayscale,compact,40,1,heldout_val,55000,27,train_online,0.07645571085339391,0.9813818181818181,55000,final_epoch_primary
mnist/vit_small/grayscale/compact/p40/seed1,mnist,vit_small,grayscale,compact,40,1,heldout_val,55000,27,heldout_val,0.16554203543249751,0.9648,5000,final_epoch_primary
mnist/vit_small/grayscale/compact/p40/seed1,mnist,vit_small,grayscale,compact,40,1,heldout_val,55000,28,train_online,0.07570292464411944,0.9826363636363636,55000,final_epoch_primary
mnist/vit_small/grayscale/compact/p40/seed1,mnist,vit_small,grayscale,compact,40,1,heldout_val,55000,28,heldout_val,0.14332690730559408,0.9694,5000,final_epoch_primary
mnist/vit_small/grayscale/compact/p40/seed1,mnist,vit_small,grayscale,compact,40,1,heldout_val,55000,29,train_online,0.06797407211905176,0.9834181818181819,55000,final_epoch_primary
mnist/vit_small/grayscale/compact/p40/seed1,mnist,vit_small,grayscale,compact,40,1,heldout_val,55000,29,heldout_val,0.15297475949603248,0.9684,5000,final_epoch_primary
mnist/vit_small/grayscale/compact/p40/seed1,mnist,vit_small,grayscale,compact,40,1,heldout_val,55000,30,train_online,0.06244478439090308,0.9846727272727273,55000,final_epoch_primary
mnist/vit_small/grayscale/compact/p40/seed1,mnist,vit_small,grayscale,compact,40,1,heldout_val,55000,30,heldout_val,0.16939942895367277,0.9658,5000,final_epoch_primary
mnist/vit_small/grayscale/compact/p40/seed1,mnist,vit_small,grayscale,compact,40,1,heldout_val,55000,31,train_online,0.05821256596445561,0.9862545454545455,55000,final_epoch_primary
mnist/vit_small/grayscale/compact/p40/seed1,mnist,vit_small,grayscale,compact,40,1,heldout_val,55000,31,heldout_val,0.1535007418424415,0.9714,5000,final_epoch_primary
mnist/vit_small/grayscale/compact/p40/seed1,mnist,vit_small,grayscale,compact,40,1,heldout_val,55000,32,train_online,0.05310944346530913,0.9878,55000,final_epoch_primary
mnist/vit_small/grayscale/compact/p40/seed1,mnist,vit_small,grayscale,compact,40,1,heldout_val,55000,32,heldout_val,0.1286451345194422,0.9726,5000,final_epoch_primary
mnist/vit_small/grayscale/compact/p40/seed1,mnist,vit_small,grayscale,compact,40,1,heldout_val,55000,33,train_online,0.0460682459748993,0.9890545454545454,55000,final_epoch_primary
mnist/vit_small/grayscale/compact/p40/seed1,mnist,vit_small,grayscale,compact,40,1,heldout_val,55000,33,heldout_val,0.15829829946327373,0.9696,5000,final_epoch_primary
mnist/vit_small/grayscale/compact/p40/seed1,mnist,vit_small,grayscale,compact,40,1,heldout_val,55000,34,train_online,0.04021213171770479,0.9903636363636363,55000,final_epoch_primary
mnist/vit_small/grayscale/compact/p40/seed1,mnist,vit_small,grayscale,compact,40,1,heldout_val,55000,34,heldout_val,0.14657196417992235,0.9728,5000,final_epoch_primary
mnist/vit_small/grayscale/compact/p40/seed1,mnist,vit_small,grayscale,compact,40,1,heldout_val,55000,35,train_online,0.03430122424106693,0.9921636363636364,55000,final_epoch_primary
mnist/vit_small/grayscale/compact/p40/seed1,mnist,vit_small,grayscale,compact,40,1,heldout_val,55000,35,heldout_val,0.1683237811986037,0.9722,5000,final_epoch_primary
mnist/vit_small/grayscale/compact/p40/seed1,mnist,vit_small,grayscale,compact,40,1,heldout_val,55000,36,train_online,0.02993179488349084,0.9934909090909091,55000,final_epoch_primary
mnist/vit_small/grayscale/compact/p40/seed1,mnist,vit_small,grayscale,compact,40,1,heldout_val,55000,36,heldout_val,0.1688720248933154,0.9714,5000,final_epoch_primary
mnist/vit_small/grayscale/compact/p40/seed1,mnist,vit_small,grayscale,compact,40,1,heldout_val,55000,37,train_online,0.024703364620079413,0.9943636363636363,55000,final_epoch_primary
mnist/vit_small/grayscale/compact/p40/seed1,mnist,vit_small,grayscale,compact,40,1,heldout_val,55000,37,heldout_val,0.17029153869155925,0.9746,5000,final_epoch_primary
mnist/vit_small/grayscale/compact/p40/seed1,mnist,vit_small,grayscale,compact,40,1,heldout_val,55000,38,train_online,0.019083995108991406,0.9957636363636364,55000,final_epoch_primary
mnist/vit_small/grayscale/compact/p40/seed1,mnist,vit_small,grayscale,compact,40,1,heldout_val,55000,38,heldout_val,0.18414278429856276,0.9736,5000,final_epoch_primary
mnist/vit_small/grayscale/compact/p40/seed1,mnist,vit_small,grayscale,compact,40,1,heldout_val,55000,39,train_online,0.015298730116838058,0.9968,55000,final_epoch_primary
mnist/vit_small/grayscale/compact/p40/seed1,mnist,vit_small,grayscale,compact,40,1,heldout_val,55000,39,heldout_val,0.19438668663258432,0.9738,5000,final_epoch_primary
mnist/vit_small/grayscale/compact/p40/seed1,mnist,vit_small,grayscale,compact,40,1,heldout_val,55000,40,train_online,0.01212225862103587,0.9973636363636363,55000,final_epoch_primary
mnist/vit_small/grayscale/compact/p40/seed1,mnist,vit_small,grayscale,compact,40,1,heldout_val,55000,40,heldout_val,0.202425336397755,0.9726,5000,final_epoch_primary
mnist/vit_small/grayscale/compact/p40/seed1,mnist,vit_small,grayscale,compact,40,1,heldout_val,55000,41,train_online,0.007211666376639335,0.9984545454545455,55000,final_epoch_primary
mnist/vit_small/grayscale/compact/p40/seed1,mnist,vit_small,grayscale,compact,40,1,heldout_val,55000,41,heldout_val,0.19918257427416647,0.9758,5000,final_epoch_primary
mnist/vit_small/grayscale/compact/p40/seed1,mnist,vit_small,grayscale,compact,40,1,heldout_val,55000,42,train_online,0.0049149546614727525,0.9990181818181818,55000,final_epoch_primary
mnist/vit_small/grayscale/compact/p40/seed1,mnist,vit_small,grayscale,compact,40,1,heldout_val,55000,42,heldout_val,0.23063133507818856,0.9744,5000,final_epoch_primary
mnist/vit_small/grayscale/compact/p40/seed1,mnist,vit_small,grayscale,compact,40,1,heldout_val,55000,43,train_online,0.0031569459144276564,0.9993454545454545,55000,final_epoch_primary
mnist/vit_small/grayscale/compact/p40/seed1,mnist,vit_small,grayscale,compact,40,1,heldout_val,55000,43,heldout_val,0.2228538900464897,0.9754,5000,final_epoch_primary
mnist/vit_small/grayscale/compact/p40/seed1,mnist,vit_small,grayscale,compact,40,1,heldout_val,55000,44,train_online,0.002901724600360194,0.9995636363636363,55000,final_epoch_primary
mnist/vit_small/grayscale/compact/p40/seed1,mnist,vit_small,grayscale,compact,40,1,heldout_val,55000,44,heldout_val,0.230304090470548,0.9752,5000,final_epoch_primary
mnist/vit_small/grayscale/compact/p40/seed1,mnist,vit_small,grayscale,compact,40,1,heldout_val,55000,45,train_online,0.002692837794196451,0.9995818181818181,55000,final_epoch_primary
mnist/vit_small/grayscale/compact/p40/seed1,mnist,vit_small,grayscale,compact,40,1,heldout_val,55000,45,heldout_val,0.21334094574510673,0.9776,5000,final_epoch_primary
mnist/vit_small/grayscale/compact/p40/seed1,mnist,vit_small,grayscale,compact,40,1,heldout_val,55000,46,train_online,0.0019283941464919984,0.9996909090909091,55000,final_epoch_primary
mnist/vit_small/grayscale/compact/p40/seed1,mnist,vit_small,grayscale,compact,40,1,heldout_val,55000,46,heldout_val,0.22053011020760324,0.9768,5000,final_epoch_primary
mnist/vit_small/grayscale/compact/p40/seed1,mnist,vit_small,grayscale,compact,40,1,heldout_val,55000,47,train_online,0.0022015387359552363,0.9996545454545455,55000,final_epoch_primary
mnist/vit_small/grayscale/compact/p40/seed1,mnist,vit_small,grayscale,compact,40,1,heldout_val,55000,47,heldout_val,0.22217940728285185,0.9766,5000,final_epoch_primary
mnist/vit_small/grayscale/compact/p40/seed1,mnist,vit_small,grayscale,compact,40,1,heldout_val,55000,48,train_online,0.001480463706026194,0.9997818181818182,55000,final_epoch_primary
mnist/vit_small/grayscale/compact/p40/seed1,mnist,vit_small,grayscale,compact,40,1,heldout_val,55000,48,heldout_val,0.22266096348839748,0.9774,5000,final_epoch_primary
mnist/vit_small/grayscale/compact/p40/seed1,mnist,vit_small,grayscale,compact,40,1,heldout_val,55000,49,train_online,0.0012968180076752766,0.9997818181818182,55000,final_epoch_primary
mnist/vit_small/grayscale/compact/p40/seed1,mnist,vit_small,grayscale,compact,40,1,heldout_val,55000,49,heldout_val,0.22160882147485972,0.9774,5000,final_epoch_primary
mnist/vit_small/grayscale/compact/p60/seed1,mnist,vit_small,grayscale,compact,60,1,heldout_val,55000,0,train_online,0.814588253151964,0.7290909090909091,55000,final_epoch_primary
mnist/vit_small/grayscale/compact/p60/seed1,mnist,vit_small,grayscale,compact,60,1,heldout_val,55000,0,heldout_val,0.46021021639332177,0.8558,5000,final_epoch_primary
mnist/vit_small/grayscale/compact/p60/seed1,mnist,vit_small,grayscale,compact,60,1,heldout_val,55000,1,train_online,0.3807484929954548,0.9022545454545454,55000,final_epoch_primary
mnist/vit_small/grayscale/compact/p60/seed1,mnist,vit_small,grayscale,compact,60,1,heldout_val,55000,1,heldout_val,0.39493769142720847,0.908,5000,final_epoch_primary
mnist/vit_small/grayscale/compact/p60/seed1,mnist,vit_small,grayscale,compact,60,1,heldout_val,55000,2,train_online,0.3115348072347274,0.9228363636363637,55000,final_epoch_primary
mnist/vit_small/grayscale/compact/p60/seed1,mnist,vit_small,grayscale,compact,60,1,heldout_val,55000,2,heldout_val,0.2453770619784482,0.9364,5000,final_epoch_primary
mnist/vit_small/grayscale/compact/p60/seed1,mnist,vit_small,grayscale,compact,60,1,heldout_val,55000,3,train_online,0.2743321503701874,0.9323818181818182,55000,final_epoch_primary
mnist/vit_small/grayscale/compact/p60/seed1,mnist,vit_small,grayscale,compact,60,1,heldout_val,55000,3,heldout_val,0.2651636923965998,0.9354,5000,final_epoch_primary
mnist/vit_small/grayscale/compact/p60/seed1,mnist,vit_small,grayscale,compact,60,1,heldout_val,55000,4,train_online,0.2585166733063038,0.9337818181818182,55000,final_epoch_primary
mnist/vit_small/grayscale/compact/p60/seed1,mnist,vit_small,grayscale,compact,60,1,heldout_val,55000,4,heldout_val,0.22314341681459918,0.9394,5000,final_epoch_primary
mnist/vit_small/grayscale/compact/p60/seed1,mnist,vit_small,grayscale,compact,60,1,heldout_val,55000,5,train_online,0.2436796147476437,0.9368363636363637,55000,final_epoch_primary
mnist/vit_small/grayscale/compact/p60/seed1,mnist,vit_small,grayscale,compact,60,1,heldout_val,55000,5,heldout_val,0.26266211361903696,0.9354,5000,final_epoch_primary
mnist/vit_small/grayscale/compact/p60/seed1,mnist,vit_small,grayscale,compact,60,1,heldout_val,55000,6,train_online,0.22031464531156023,0.9441636363636363,55000,final_epoch_primary
mnist/vit_small/grayscale/compact/p60/seed1,mnist,vit_small,grayscale,compact,60,1,heldout_val,55000,6,heldout_val,0.26459358547576706,0.9412,5000,final_epoch_primary
mnist/vit_small/grayscale/compact/p60/seed1,mnist,vit_small,grayscale,compact,60,1,heldout_val,55000,7,train_online,0.21034202149178705,0.947490909090909,55000,final_epoch_primary
mnist/vit_small/grayscale/compact/p60/seed1,mnist,vit_small,grayscale,compact,60,1,heldout_val,55000,7,heldout_val,0.29705362907303495,0.9276,5000,final_epoch_primary
mnist/vit_small/grayscale/compact/p60/seed1,mnist,vit_small,grayscale,compact,60,1,heldout_val,55000,8,train_online,0.20489095608180768,0.9478363636363636,55000,final_epoch_primary
mnist/vit_small/grayscale/compact/p60/seed1,mnist,vit_small,grayscale,compact,60,1,heldout_val,55000,8,heldout_val,0.2824882082351949,0.933,5000,final_epoch_primary
mnist/vit_small/grayscale/compact/p60/seed1,mnist,vit_small,grayscale,compact,60,1,heldout_val,55000,9,train_online,0.19023936005226674,0.9519272727272727,55000,final_epoch_primary
mnist/vit_small/grayscale/compact/p60/seed1,mnist,vit_small,grayscale,compact,60,1,heldout_val,55000,9,heldout_val,0.23429069310901687,0.9362,5000,final_epoch_primary
mnist/vit_small/grayscale/compact/p60/seed1,mnist,vit_small,grayscale,compact,60,1,heldout_val,55000,10,train_online,0.1807419415951029,0.9535636363636364,55000,final_epoch_primary
mnist/vit_small/grayscale/compact/p60/seed1,mnist,vit_small,grayscale,compact,60,1,heldout_val,55000,10,heldout_val,0.20179431314978283,0.95,5000,final_epoch_primary
mnist/vit_small/grayscale/compact/p60/seed1,mnist,vit_small,grayscale,compact,60,1,heldout_val,55000,11,train_online,0.1749901046307059,0.9561454545454545,55000,final_epoch_primary
mnist/vit_small/grayscale/compact/p60/seed1,mnist,vit_small,grayscale,compact,60,1,heldout_val,55000,11,heldout_val,0.16329754836289212,0.9582,5000,final_epoch_primary
mnist/vit_small/grayscale/compact/p60/seed1,mnist,vit_small,grayscale,compact,60,1,heldout_val,55000,12,train_online,0.16323214473676528,0.9591454545454545,55000,final_epoch_primary
mnist/vit_small/grayscale/compact/p60/seed1,mnist,vit_small,grayscale,compact,60,1,heldout_val,55000,12,heldout_val,0.19084663352575154,0.9532,5000,final_epoch_primary
mnist/vit_small/grayscale/compact/p60/seed1,mnist,vit_small,grayscale,compact,60,1,heldout_val,55000,13,train_online,0.15448614698716398,0.9603090909090909,55000,final_epoch_primary
mnist/vit_small/grayscale/compact/p60/seed1,mnist,vit_small,grayscale,compact,60,1,heldout_val,55000,13,heldout_val,0.156703941769246,0.96,5000,final_epoch_primary
mnist/vit_small/grayscale/compact/p60/seed1,mnist,vit_small,grayscale,compact,60,1,heldout_val,55000,14,train_online,0.14709702386137796,0.9628727272727273,55000,final_epoch_primary
mnist/vit_small/grayscale/compact/p60/seed1,mnist,vit_small,grayscale,compact,60,1,heldout_val,55000,14,heldout_val,0.21705926977803466,0.9504,5000,final_epoch_primary
mnist/vit_small/grayscale/compact/p60/seed1,mnist,vit_small,grayscale,compact,60,1,heldout_val,55000,15,train_online,0.13962097597082399,0.9640545454545455,55000,final_epoch_primary
mnist/vit_small/grayscale/compact/p60/seed1,mnist,vit_small,grayscale,compact,60,1,heldout_val,55000,15,heldout_val,0.16416386829181576,0.9572,5000,final_epoch_primary
mnist/vit_small/grayscale/compact/p60/seed1,mnist,vit_small,grayscale,compact,60,1,heldout_val,55000,16,train_online,0.13323209343684034,0.9667454545454546,55000,final_epoch_primary
mnist/vit_small/grayscale/compact/p60/seed1,mnist,vit_small,grayscale,compact,60,1,heldout_val,55000,16,heldout_val,0.16962994952420704,0.962,5000,final_epoch_primary
mnist/vit_small/grayscale/compact/p60/seed1,mnist,vit_small,grayscale,compact,60,1,heldout_val,55000,17,train_online,0.12410053222864358,0.9690181818181818,55000,final_epoch_primary
mnist/vit_small/grayscale/compact/p60/seed1,mnist,vit_small,grayscale,compact,60,1,heldout_val,55000,17,heldout_val,0.1381275708079571,0.9656,5000,final_epoch_primary
mnist/vit_small/grayscale/compact/p60/seed1,mnist,vit_small,grayscale,compact,60,1,heldout_val,55000,18,train_online,0.12002173469423591,0.9699454545454546,55000,final_epoch_primary
mnist/vit_small/grayscale/compact/p60/seed1,mnist,vit_small,grayscale,compact,60,1,heldout_val,55000,18,heldout_val,0.17603404141350185,0.9562,5000,final_epoch_primary
mnist/vit_small/grayscale/compact/p60/seed1,mnist,vit_small,grayscale,compact,60,1,heldout_val,55000,19,train_online,0.1168357160552934,0.9710909090909091,55000,final_epoch_primary
mnist/vit_small/grayscale/compact/p60/seed1,mnist,vit_small,grayscale,compact,60,1,heldout_val,55000,19,heldout_val,0.1485246845200192,0.9644,5000,final_epoch_primary
mnist/vit_small/grayscale/compact/p60/seed1,mnist,vit_small,grayscale,compact,60,1,heldout_val,55000,20,train_online,0.11338159684117947,0.9714727272727273,55000,final_epoch_primary
mnist/vit_small/grayscale/compact/p60/seed1,mnist,vit_small,grayscale,compact,60,1,heldout_val,55000,20,heldout_val,0.19316933777607045,0.9542,5000,final_epoch_primary
mnist/vit_small/grayscale/compact/p60/seed1,mnist,vit_small,grayscale,compact,60,1,heldout_val,55000,21,train_online,0.10682843460596103,0.9734727272727273,55000,final_epoch_primary
mnist/vit_small/grayscale/compact/p60/seed1,mnist,vit_small,grayscale,compact,60,1,heldout_val,55000,21,heldout_val,0.15431627149644772,0.9646,5000,final_epoch_primary
mnist/vit_small/grayscale/compact/p60/seed1,mnist,vit_small,grayscale,compact,60,1,heldout_val,55000,22,train_online,0.10185226089367855,0.9750909090909091,55000,final_epoch_primary
mnist/vit_small/grayscale/compact/p60/seed1,mnist,vit_small,grayscale,compact,60,1,heldout_val,55000,22,heldout_val,0.1722098466669675,0.9572,5000,final_epoch_primary
mnist/vit_small/grayscale/compact/p60/seed1,mnist,vit_small,grayscale,compact,60,1,heldout_val,55000,23,train_online,0.096369195861399,0.9763454545454545,55000,final_epoch_primary
mnist/vit_small/grayscale/compact/p60/seed1,mnist,vit_small,grayscale,compact,60,1,heldout_val,55000,23,heldout_val,0.1395150868676137,0.9672,5000,final_epoch_primary
mnist/vit_small/grayscale/compact/p60/seed1,mnist,vit_small,grayscale,compact,60,1,heldout_val,55000,24,train_online,0.09239664871952369,0.9777454545454546,55000,final_epoch_primary
mnist/vit_small/grayscale/compact/p60/seed1,mnist,vit_small,grayscale,compact,60,1,heldout_val,55000,24,heldout_val,0.17788936428830493,0.96,5000,final_epoch_primary
mnist/vit_small/grayscale/compact/p60/seed1,mnist,vit_small,grayscale,compact,60,1,heldout_val,55000,25,train_online,0.08618751639193982,0.979,55000,final_epoch_primary
mnist/vit_small/grayscale/compact/p60/seed1,mnist,vit_small,grayscale,compact,60,1,heldout_val,55000,25,heldout_val,0.1560307532616891,0.966,5000,final_epoch_primary
mnist/vit_small/grayscale/compact/p60/seed1,mnist,vit_small,grayscale,compact,60,1,heldout_val,55000,26,train_online,0.08286358922754562,0.9798909090909091,55000,final_epoch_primary
mnist/vit_small/grayscale/compact/p60/seed1,mnist,vit_small,grayscale,compact,60,1,heldout_val,55000,26,heldout_val,0.14041119752085068,0.968,5000,final_epoch_primary
mnist/vit_small/grayscale/compact/p60/seed1,mnist,vit_small,grayscale,compact,60,1,heldout_val,55000,27,train_online,0.07583802060304548,0.9816545454545454,55000,final_epoch_primary
mnist/vit_small/grayscale/compact/p60/seed1,mnist,vit_small,grayscale,compact,60,1,heldout_val,55000,27,heldout_val,0.15033655677500646,0.9686,5000,final_epoch_primary
mnist/vit_small/grayscale/compact/p60/seed1,mnist,vit_small,grayscale,compact,60,1,heldout_val,55000,28,train_online,0.07351393638140871,0.9824,55000,final_epoch_primary
mnist/vit_small/grayscale/compact/p60/seed1,mnist,vit_small,grayscale,compact,60,1,heldout_val,55000,28,heldout_val,0.1431554498508107,0.9688,5000,final_epoch_primary
mnist/vit_small/grayscale/compact/p60/seed1,mnist,vit_small,grayscale,compact,60,1,heldout_val,55000,29,train_online,0.06618216728585963,0.9840727272727273,55000,final_epoch_primary
mnist/vit_small/grayscale/compact/p60/seed1,mnist,vit_small,grayscale,compact,60,1,heldout_val,55000,29,heldout_val,0.16685986679823253,0.9666,5000,final_epoch_primary
mnist/vit_small/grayscale/compact/p60/seed1,mnist,vit_small,grayscale,compact,60,1,heldout_val,55000,30,train_online,0.059887963965420864,0.9857818181818182,55000,final_epoch_primary
mnist/vit_small/grayscale/compact/p60/seed1,mnist,vit_small,grayscale,compact,60,1,heldout_val,55000,30,heldout_val,0.15776911510149366,0.9684,5000,final_epoch_primary
mnist/vit_small/grayscale/compact/p60/seed1,mnist,vit_small,grayscale,compact,60,1,heldout_val,55000,31,train_online,0.05658941600403262,0.9866727272727273,55000,final_epoch_primary
mnist/vit_small/grayscale/compact/p60/seed1,mnist,vit_small,grayscale,compact,60,1,heldout_val,55000,31,heldout_val,0.14153578715872137,0.9714,5000,final_epoch_primary
mnist/vit_small/grayscale/compact/p60/seed1,mnist,vit_small,grayscale,compact,60,1,heldout_val,55000,32,train_online,0.04920029067122404,0.9881818181818182,55000,final_epoch_primary
mnist/vit_small/grayscale/compact/p60/seed1,mnist,vit_small,grayscale,compact,60,1,heldout_val,55000,32,heldout_val,0.1557621455579414,0.9724,5000,final_epoch_primary
mnist/vit_small/grayscale/compact/p60/seed1,mnist,vit_small,grayscale,compact,60,1,heldout_val,55000,33,train_online,0.04550133129355672,0.9895636363636363,55000,final_epoch_primary
mnist/vit_small/grayscale/compact/p60/seed1,mnist,vit_small,grayscale,compact,60,1,heldout_val,55000,33,heldout_val,0.14983961105420604,0.9726,5000,final_epoch_primary
mnist/vit_small/grayscale/compact/p60/seed1,mnist,vit_small,grayscale,compact,60,1,heldout_val,55000,34,train_online,0.039409511139243576,0.9910181818181818,55000,final_epoch_primary
mnist/vit_small/grayscale/compact/p60/seed1,mnist,vit_small,grayscale,compact,60,1,heldout_val,55000,34,heldout_val,0.17077142789047212,0.9682,5000,final_epoch_primary
mnist/vit_small/grayscale/compact/p60/seed1,mnist,vit_small,grayscale,compact,60,1,heldout_val,55000,35,train_online,0.03431371278816461,0.9922727272727273,55000,final_epoch_primary
mnist/vit_small/grayscale/compact/p60/seed1,mnist,vit_small,grayscale,compact,60,1,heldout_val,55000,35,heldout_val,0.15702735062378342,0.9726,5000,final_epoch_primary
mnist/vit_small/grayscale/compact/p60/seed1,mnist,vit_small,grayscale,compact,60,1,heldout_val,55000,36,train_online,0.029946863908512752,0.9932181818181818,55000,final_epoch_primary
mnist/vit_small/grayscale/compact/p60/seed1,mnist,vit_small,grayscale,compact,60,1,heldout_val,55000,36,heldout_val,0.17598206600238192,0.9702,5000,final_epoch_primary
mnist/vit_small/grayscale/compact/p60/seed1,mnist,vit_small,grayscale,compact,60,1,heldout_val,55000,37,train_online,0.024078944210335084,0.9947272727272727,55000,final_epoch_primary
mnist/vit_small/grayscale/compact/p60/seed1,mnist,vit_small,grayscale,compact,60,1,heldout_val,55000,37,heldout_val,0.19298301539438253,0.9704,5000,final_epoch_primary
mnist/vit_small/grayscale/compact/p60/seed1,mnist,vit_small,grayscale,compact,60,1,heldout_val,55000,38,train_online,0.01785423558375319,0.9960363636363636,55000,final_epoch_primary
mnist/vit_small/grayscale/compact/p60/seed1,mnist,vit_small,grayscale,compact,60,1,heldout_val,55000,38,heldout_val,0.1937697484975419,0.9724,5000,final_epoch_primary
mnist/vit_small/grayscale/compact/p60/seed1,mnist,vit_small,grayscale,compact,60,1,heldout_val,55000,39,train_online,0.014348378253393721,0.9967272727272727,55000,final_epoch_primary
mnist/vit_small/grayscale/compact/p60/seed1,mnist,vit_small,grayscale,compact,60,1,heldout_val,55000,39,heldout_val,0.19025453340188106,0.9746,5000,final_epoch_primary
mnist/vit_small/grayscale/compact/p60/seed1,mnist,vit_small,grayscale,compact,60,1,heldout_val,55000,40,train_online,0.011310740211256946,0.9975272727272727,55000,final_epoch_primary
mnist/vit_small/grayscale/compact/p60/seed1,mnist,vit_small,grayscale,compact,60,1,heldout_val,55000,40,heldout_val,0.1962781688382387,0.9744,5000,final_epoch_primary
mnist/vit_small/grayscale/compact/p60/seed1,mnist,vit_small,grayscale,compact,60,1,heldout_val,55000,41,train_online,0.006602647346180592,0.9986545454545455,55000,final_epoch_primary
mnist/vit_small/grayscale/compact/p60/seed1,mnist,vit_small,grayscale,compact,60,1,heldout_val,55000,41,heldout_val,0.20772423959057196,0.9742,5000,final_epoch_primary
mnist/vit_small/grayscale/compact/p60/seed1,mnist,vit_small,grayscale,compact,60,1,heldout_val,55000,42,train_online,0.0055522447590209845,0.9988181818181818,55000,final_epoch_primary
mnist/vit_small/grayscale/compact/p60/seed1,mnist,vit_small,grayscale,compact,60,1,heldout_val,55000,42,heldout_val,0.21375497042637598,0.9742,5000,final_epoch_primary
mnist/vit_small/grayscale/compact/p60/seed1,mnist,vit_small,grayscale,compact,60,1,heldout_val,55000,43,train_online,0.004134797774234638,0.9992727272727273,55000,final_epoch_primary
mnist/vit_small/grayscale/compact/p60/seed1,mnist,vit_small,grayscale,compact,60,1,heldout_val,55000,43,heldout_val,0.2202439002379886,0.9734,5000,final_epoch_primary
mnist/vit_small/grayscale/compact/p60/seed1,mnist,vit_small,grayscale,compact,60,1,heldout_val,55000,44,train_online,0.002255181931715304,0.9994727272727273,55000,final_epoch_primary
mnist/vit_small/grayscale/compact/p60/seed1,mnist,vit_small,grayscale,compact,60,1,heldout_val,55000,44,heldout_val,0.22751658211669282,0.9744,5000,final_epoch_primary
mnist/vit_small/grayscale/compact/p60/seed1,mnist,vit_small,grayscale,compact,60,1,heldout_val,55000,45,train_online,0.002027757131898447,0.9996363636363637,55000,final_epoch_primary
mnist/vit_small/grayscale/compact/p60/seed1,mnist,vit_small,grayscale,compact,60,1,heldout_val,55000,45,heldout_val,0.22809897987341266,0.9758,5000,final_epoch_primary
mnist/vit_small/grayscale/compact/p60/seed1,mnist,vit_small,grayscale,compact,60,1,heldout_val,55000,46,train_online,0.0017132366977183169,0.9997090909090909,55000,final_epoch_primary
mnist/vit_small/grayscale/compact/p60/seed1,mnist,vit_small,grayscale,compact,60,1,heldout_val,55000,46,heldout_val,0.24636192794331838,0.9748,5000,final_epoch_primary
mnist/vit_small/grayscale/compact/p60/seed1,mnist,vit_small,grayscale,compact,60,1,heldout_val,55000,47,train_online,0.0031233000087749216,0.9995636363636363,55000,final_epoch_primary
mnist/vit_small/grayscale/compact/p60/seed1,mnist,vit_small,grayscale,compact,60,1,heldout_val,55000,47,heldout_val,0.23483165645736118,0.9754,5000,final_epoch_primary
mnist/vit_small/grayscale/compact/p60/seed1,mnist,vit_small,grayscale,compact,60,1,heldout_val,55000,48,train_online,0.0016486039851509552,0.9997636363636364,55000,final_epoch_primary
mnist/vit_small/grayscale/compact/p60/seed1,mnist,vit_small,grayscale,compact,60,1,heldout_val,55000,48,heldout_val,0.23278076752350235,0.9756,5000,final_epoch_primary
mnist/vit_small/grayscale/compact/p60/seed1,mnist,vit_small,grayscale,compact,60,1,heldout_val,55000,49,train_online,0.0011885595522575345,0.9998,55000,final_epoch_primary
mnist/vit_small/grayscale/compact/p60/seed1,mnist,vit_small,grayscale,compact,60,1,heldout_val,55000,49,heldout_val,0.23354799317442868,0.9758,5000,final_epoch_primary
mnist/vit_small/grayscale/compact/p80/seed1,mnist,vit_small,grayscale,compact,80,1,heldout_val,55000,0,train_online,0.7667249908546155,0.7420727272727272,55000,final_epoch_primary
mnist/vit_small/grayscale/compact/p80/seed1,mnist,vit_small,grayscale,compact,80,1,heldout_val,55000,0,heldout_val,0.4114041564077139,0.8774,5000,final_epoch_primary
mnist/vit_small/grayscale/compact/p80/seed1,mnist,vit_small,grayscale,compact,80,1,heldout_val,55000,1,train_online,0.3913115029570816,0.8983636363636364,55000,final_epoch_primary
mnist/vit_small/grayscale/compact/p80/seed1,mnist,vit_small,grayscale,compact,80,1,heldout_val,55000,1,heldout_val,0.336135120644141,0.917,5000,final_epoch_primary
mnist/vit_small/grayscale/compact/p80/seed1,mnist,vit_small,grayscale,compact,80,1,heldout_val,55000,2,train_online,0.33523965629394253,0.9172,55000,final_epoch_primary
mnist/vit_small/grayscale/compact/p80/seed1,mnist,vit_small,grayscale,compact,80,1,heldout_val,55000,2,heldout_val,0.4815632777584717,0.8868,5000,final_epoch_primary
mnist/vit_small/grayscale/compact/p80/seed1,mnist,vit_small,grayscale,compact,80,1,heldout_val,55000,3,train_online,0.3092945150664669,0.9203636363636364,55000,final_epoch_primary
mnist/vit_small/grayscale/compact/p80/seed1,mnist,vit_small,grayscale,compact,80,1,heldout_val,55000,3,heldout_val,0.35405055939103475,0.9188,5000,final_epoch_primary
mnist/vit_small/grayscale/compact/p80/seed1,mnist,vit_small,grayscale,compact,80,1,heldout_val,55000,4,train_online,0.3030003988795025,0.9216909090909091,55000,final_epoch_primary
mnist/vit_small/grayscale/compact/p80/seed1,mnist,vit_small,grayscale,compact,80,1,heldout_val,55000,4,heldout_val,0.3013217949770391,0.9184,5000,final_epoch_primary
mnist/vit_small/grayscale/compact/p80/seed1,mnist,vit_small,grayscale,compact,80,1,heldout_val,55000,5,train_online,0.28906494655584153,0.924509090909091,55000,final_epoch_primary
mnist/vit_small/grayscale/compact/p80/seed1,mnist,vit_small,grayscale,compact,80,1,heldout_val,55000,5,heldout_val,0.3028225266808644,0.924,5000,final_epoch_primary
mnist/vit_small/grayscale/compact/p80/seed1,mnist,vit_small,grayscale,compact,80,1,heldout_val,55000,6,train_online,0.2675948748025662,0.9303818181818182,55000,final_epoch_primary
mnist/vit_small/grayscale/compact/p80/seed1,mnist,vit_small,grayscale,compact,80,1,heldout_val,55000,6,heldout_val,0.25246425314964727,0.9328,5000,final_epoch_primary
mnist/vit_small/grayscale/compact/p80/seed1,mnist,vit_small,grayscale,compact,80,1,heldout_val,55000,7,train_online,0.24212977213705467,0.9361454545454545,55000,final_epoch_primary
mnist/vit_small/grayscale/compact/p80/seed1,mnist,vit_small,grayscale,compact,80,1,heldout_val,55000,7,heldout_val,0.29601014142660426,0.93,5000,final_epoch_primary
mnist/vit_small/grayscale/compact/p80/seed1,mnist,vit_small,grayscale,compact,80,1,heldout_val,55000,8,train_online,0.22619951935670424,0.9400545454545455,55000,final_epoch_primary
mnist/vit_small/grayscale/compact/p80/seed1,mnist,vit_small,grayscale,compact,80,1,heldout_val,55000,8,heldout_val,0.2520830562478863,0.932,5000,final_epoch_primary
mnist/vit_small/grayscale/compact/p80/seed1,mnist,vit_small,grayscale,compact,80,1,heldout_val,55000,9,train_online,0.20901402511192402,0.9460181818181819,55000,final_epoch_primary
mnist/vit_small/grayscale/compact/p80/seed1,mnist,vit_small,grayscale,compact,80,1,heldout_val,55000,9,heldout_val,0.24690837661447004,0.942,5000,final_epoch_primary
mnist/vit_small/grayscale/compact/p80/seed1,mnist,vit_small,grayscale,compact,80,1,heldout_val,55000,10,train_online,0.20307306978242598,0.9466727272727272,55000,final_epoch_primary
mnist/vit_small/grayscale/compact/p80/seed1,mnist,vit_small,grayscale,compact,80,1,heldout_val,55000,10,heldout_val,0.1910002558242064,0.948,5000,final_epoch_primary
mnist/vit_small/grayscale/compact/p80/seed1,mnist,vit_small,grayscale,compact,80,1,heldout_val,55000,11,train_online,0.18934867547611622,0.9513818181818182,55000,final_epoch_primary
mnist/vit_small/grayscale/compact/p80/seed1,mnist,vit_small,grayscale,compact,80,1,heldout_val,55000,11,heldout_val,0.1903470806578174,0.9492,5000,final_epoch_primary
mnist/vit_small/grayscale/compact/p80/seed1,mnist,vit_small,grayscale,compact,80,1,heldout_val,55000,12,train_online,0.18211996072011957,0.9531636363636363,55000,final_epoch_primary
mnist/vit_small/grayscale/compact/p80/seed1,mnist,vit_small,grayscale,compact,80,1,heldout_val,55000,12,heldout_val,0.21898593183271586,0.944,5000,final_epoch_primary
mnist/vit_small/grayscale/compact/p80/seed1,mnist,vit_small,grayscale,compact,80,1,heldout_val,55000,13,train_online,0.17110363513632698,0.9553636363636364,55000,final_epoch_primary
mnist/vit_small/grayscale/compact/p80/seed1,mnist,vit_small,grayscale,compact,80,1,heldout_val,55000,13,heldout_val,0.2060225115097128,0.949,5000,final_epoch_primary
mnist/vit_small/grayscale/compact/p80/seed1,mnist,vit_small,grayscale,compact,80,1,heldout_val,55000,14,train_online,0.16564352643372998,0.9573272727272727,55000,final_epoch_primary
mnist/vit_small/grayscale/compact/p80/seed1,mnist,vit_small,grayscale,compact,80,1,heldout_val,55000,14,heldout_val,0.18967374340672977,0.9472,5000,final_epoch_primary
mnist/vit_small/grayscale/compact/p80/seed1,mnist,vit_small,grayscale,compact,80,1,heldout_val,55000,15,train_online,0.15775114536086435,0.9596181818181818,55000,final_epoch_primary
mnist/vit_small/grayscale/compact/p80/seed1,mnist,vit_small,grayscale,compact,80,1,heldout_val,55000,15,heldout_val,0.21416355910899584,0.9462,5000,final_epoch_primary
mnist/vit_small/grayscale/compact/p80/seed1,mnist,vit_small,grayscale,compact,80,1,heldout_val,55000,16,train_online,0.14815245878524572,0.9615090909090909,55000,final_epoch_primary
mnist/vit_small/grayscale/compact/p80/seed1,mnist,vit_small,grayscale,compact,80,1,heldout_val,55000,16,heldout_val,0.257115770461387,0.9372,5000,final_epoch_primary
mnist/vit_small/grayscale/compact/p80/seed1,mnist,vit_small,grayscale,compact,80,1,heldout_val,55000,17,train_online,0.14176916059632574,0.9638181818181818,55000,final_epoch_primary
mnist/vit_small/grayscale/compact/p80/seed1,mnist,vit_small,grayscale,compact,80,1,heldout_val,55000,17,heldout_val,0.17713116950173863,0.9494,5000,final_epoch_primary
mnist/vit_small/grayscale/compact/p80/seed1,mnist,vit_small,grayscale,compact,80,1,heldout_val,55000,18,train_online,0.13768034768953116,0.9651454545454545,55000,final_epoch_primary
mnist/vit_small/grayscale/compact/p80/seed1,mnist,vit_small,grayscale,compact,80,1,heldout_val,55000,18,heldout_val,0.1952526058913907,0.9528,5000,final_epoch_primary
mnist/vit_small/grayscale/compact/p80/seed1,mnist,vit_small,grayscale,compact,80,1,heldout_val,55000,19,train_online,0.13093737261455124,0.9664909090909091,55000,final_epoch_primary
mnist/vit_small/grayscale/compact/p80/seed1,mnist,vit_small,grayscale,compact,80,1,heldout_val,55000,19,heldout_val,0.19141768414350227,0.9516,5000,final_epoch_primary
mnist/vit_small/grayscale/compact/p80/seed1,mnist,vit_small,grayscale,compact,80,1,heldout_val,55000,20,train_online,0.12743067567827054,0.9678,55000,final_epoch_primary
mnist/vit_small/grayscale/compact/p80/seed1,mnist,vit_small,grayscale,compact,80,1,heldout_val,55000,20,heldout_val,0.16726166672902182,0.9592,5000,final_epoch_primary
mnist/vit_small/grayscale/compact/p80/seed1,mnist,vit_small,grayscale,compact,80,1,heldout_val,55000,21,train_online,0.12195155417214529,0.9692,55000,final_epoch_primary
mnist/vit_small/grayscale/compact/p80/seed1,mnist,vit_small,grayscale,compact,80,1,heldout_val,55000,21,heldout_val,0.2349367836655816,0.9462,5000,final_epoch_primary
mnist/vit_small/grayscale/compact/p80/seed1,mnist,vit_small,grayscale,compact,80,1,heldout_val,55000,22,train_online,0.11798295931606342,0.9707454545454546,55000,final_epoch_primary
mnist/vit_small/grayscale/compact/p80/seed1,mnist,vit_small,grayscale,compact,80,1,heldout_val,55000,22,heldout_val,0.20353353524098639,0.9512,5000,final_epoch_primary
mnist/vit_small/grayscale/compact/p80/seed1,mnist,vit_small,grayscale,compact,80,1,heldout_val,55000,23,train_online,0.10939230663994941,0.9726545454545454,55000,final_epoch_primary
mnist/vit_small/grayscale/compact/p80/seed1,mnist,vit_small,grayscale,compact,80,1,heldout_val,55000,23,heldout_val,0.20008265311557333,0.9532,5000,final_epoch_primary
mnist/vit_small/grayscale/compact/p80/seed1,mnist,vit_small,grayscale,compact,80,1,heldout_val,55000,24,train_online,0.10623616706367624,0.9738909090909091,55000,final_epoch_primary
mnist/vit_small/grayscale/compact/p80/seed1,mnist,vit_small,grayscale,compact,80,1,heldout_val,55000,24,heldout_val,0.21029605914171554,0.959,5000,final_epoch_primary
mnist/vit_small/grayscale/compact/p80/seed1,mnist,vit_small,grayscale,compact,80,1,heldout_val,55000,25,train_online,0.10102384299781195,0.9754727272727273,55000,final_epoch_primary
mnist/vit_small/grayscale/compact/p80/seed1,mnist,vit_small,grayscale,compact,80,1,heldout_val,55000,25,heldout_val,0.1732200210004812,0.963,5000,final_epoch_primary
mnist/vit_small/grayscale/compact/p80/seed1,mnist,vit_small,grayscale,compact,80,1,heldout_val,55000,26,train_online,0.0947179543658583,0.9773818181818181,55000,final_epoch_primary
mnist/vit_small/grayscale/compact/p80/seed1,mnist,vit_small,grayscale,compact,80,1,heldout_val,55000,26,heldout_val,0.1960441763739567,0.9574,5000,final_epoch_primary
mnist/vit_small/grayscale/compact/p80/seed1,mnist,vit_small,grayscale,compact,80,1,heldout_val,55000,27,train_online,0.08767920539380972,0.9786727272727272,55000,final_epoch_primary
mnist/vit_small/grayscale/compact/p80/seed1,mnist,vit_small,grayscale,compact,80,1,heldout_val,55000,27,heldout_val,0.21380459461915308,0.9576,5000,final_epoch_primary
mnist/vit_small/grayscale/compact/p80/seed1,mnist,vit_small,grayscale,compact,80,1,heldout_val,55000,28,train_online,0.08346466470706615,0.9798363636363636,55000,final_epoch_primary
mnist/vit_small/grayscale/compact/p80/seed1,mnist,vit_small,grayscale,compact,80,1,heldout_val,55000,28,heldout_val,0.19379061064342387,0.9608,5000,final_epoch_primary
mnist/vit_small/grayscale/compact/p80/seed1,mnist,vit_small,grayscale,compact,80,1,heldout_val,55000,29,train_online,0.07547441768646135,0.9817090909090909,55000,final_epoch_primary
mnist/vit_small/grayscale/compact/p80/seed1,mnist,vit_small,grayscale,compact,80,1,heldout_val,55000,29,heldout_val,0.18445491847588563,0.9634,5000,final_epoch_primary
mnist/vit_small/grayscale/compact/p80/seed1,mnist,vit_small,grayscale,compact,80,1,heldout_val,55000,30,train_online,0.06950287800698002,0.9831454545454545,55000,final_epoch_primary
mnist/vit_small/grayscale/compact/p80/seed1,mnist,vit_small,grayscale,compact,80,1,heldout_val,55000,30,heldout_val,0.1775102548653609,0.9656,5000,final_epoch_primary
mnist/vit_small/grayscale/compact/p80/seed1,mnist,vit_small,grayscale,compact,80,1,heldout_val,55000,31,train_online,0.06589758297888886,0.9842181818181818,55000,final_epoch_primary
mnist/vit_small/grayscale/compact/p80/seed1,mnist,vit_small,grayscale,compact,80,1,heldout_val,55000,31,heldout_val,0.19281010712627322,0.9628,5000,final_epoch_primary
mnist/vit_small/grayscale/compact/p80/seed1,mnist,vit_small,grayscale,compact,80,1,heldout_val,55000,32,train_online,0.05747795693479632,0.9863090909090909,55000,final_epoch_primary
mnist/vit_small/grayscale/compact/p80/seed1,mnist,vit_small,grayscale,compact,80,1,heldout_val,55000,32,heldout_val,0.20901340277268318,0.9602,5000,final_epoch_primary
mnist/vit_small/grayscale/compact/p80/seed1,mnist,vit_small,grayscale,compact,80,1,heldout_val,55000,33,train_online,0.0512587294329098,0.9878545454545454,55000,final_epoch_primary
mnist/vit_small/grayscale/compact/p80/seed1,mnist,vit_small,grayscale,compact,80,1,heldout_val,55000,33,heldout_val,0.20487670008882997,0.964,5000,final_epoch_primary
mnist/vit_small/grayscale/compact/p80/seed1,mnist,vit_small,grayscale,compact,80,1,heldout_val,55000,34,train_online,0.0471206196939705,0.9891272727272727,55000,final_epoch_primary
mnist/vit_small/grayscale/compact/p80/seed1,mnist,vit_small,grayscale,compact,80,1,heldout_val,55000,34,heldout_val,0.21513263043848857,0.9648,5000,final_epoch_primary
mnist/vit_small/grayscale/compact/p80/seed1,mnist,vit_small,grayscale,compact,80,1,heldout_val,55000,35,train_online,0.04150672532974171,0.9908181818181818,55000,final_epoch_primary
mnist/vit_small/grayscale/compact/p80/seed1,mnist,vit_small,grayscale,compact,80,1,heldout_val,55000,35,heldout_val,0.19134449758391128,0.9694,5000,final_epoch_primary
mnist/vit_small/grayscale/compact/p80/seed1,mnist,vit_small,grayscale,compact,80,1,heldout_val,55000,36,train_online,0.03288743794456439,0.9924,55000,final_epoch_primary
mnist/vit_small/grayscale/compact/p80/seed1,mnist,vit_small,grayscale,compact,80,1,heldout_val,55000,36,heldout_val,0.19535380431391242,0.969,5000,final_epoch_primary
mnist/vit_small/grayscale/compact/p80/seed1,mnist,vit_small,grayscale,compact,80,1,heldout_val,55000,37,train_online,0.02633715092117623,0.9941636363636364,55000,final_epoch_primary
mnist/vit_small/grayscale/compact/p80/seed1,mnist,vit_small,grayscale,compact,80,1,heldout_val,55000,37,heldout_val,0.22257913646875094,0.9676,5000,final_epoch_primary
mnist/vit_small/grayscale/compact/p80/seed1,mnist,vit_small,grayscale,compact,80,1,heldout_val,55000,38,train_online,0.0217748005416022,0.9952181818181818,55000,final_epoch_primary
mnist/vit_small/grayscale/compact/p80/seed1,mnist,vit_small,grayscale,compact,80,1,heldout_val,55000,38,heldout_val,0.24800774831959863,0.9676,5000,final_epoch_primary
mnist/vit_small/grayscale/compact/p80/seed1,mnist,vit_small,grayscale,compact,80,1,heldout_val,55000,39,train_online,0.016713226968021362,0.9964545454545455,55000,final_epoch_primary
mnist/vit_small/grayscale/compact/p80/seed1,mnist,vit_small,grayscale,compact,80,1,heldout_val,55000,39,heldout_val,0.2593629477376162,0.9656,5000,final_epoch_primary
mnist/vit_small/grayscale/compact/p80/seed1,mnist,vit_small,grayscale,compact,80,1,heldout_val,55000,40,train_online,0.011317116503878457,0.9973272727272727,55000,final_epoch_primary
mnist/vit_small/grayscale/compact/p80/seed1,mnist,vit_small,grayscale,compact,80,1,heldout_val,55000,40,heldout_val,0.2512703649197694,0.9682,5000,final_epoch_primary
mnist/vit_small/grayscale/compact/p80/seed1,mnist,vit_small,grayscale,compact,80,1,heldout_val,55000,41,train_online,0.010302732397602283,0.9980181818181818,55000,final_epoch_primary
mnist/vit_small/grayscale/compact/p80/seed1,mnist,vit_small,grayscale,compact,80,1,heldout_val,55000,41,heldout_val,0.26956584990043414,0.9672,5000,final_epoch_primary
mnist/vit_small/grayscale/compact/p80/seed1,mnist,vit_small,grayscale,compact,80,1,heldout_val,55000,42,train_online,0.005475126629290274,0.9987454545454545,55000,final_epoch_primary
mnist/vit_small/grayscale/compact/p80/seed1,mnist,vit_small,grayscale,compact,80,1,heldout_val,55000,42,heldout_val,0.2938175302623533,0.9676,5000,final_epoch_primary
mnist/vit_small/grayscale/compact/p80/seed1,mnist,vit_small,grayscale,compact,80,1,heldout_val,55000,43,train_online,0.004065263060682066,0.9991454545454546,55000,final_epoch_primary
mnist/vit_small/grayscale/compact/p80/seed1,mnist,vit_small,grayscale,compact,80,1,heldout_val,55000,43,heldout_val,0.3268649771473007,0.966,5000,final_epoch_primary
mnist/vit_small/grayscale/compact/p80/seed1,mnist,vit_small,grayscale,compact,80,1,heldout_val,55000,44,train_online,0.0021373657786157556,0.9995090909090909,55000,final_epoch_primary
mnist/vit_small/grayscale/compact/p80/seed1,mnist,vit_small,grayscale,compact,80,1,heldout_val,55000,44,heldout_val,0.3048103300959585,0.9674,5000,final_epoch_primary
mnist/vit_small/grayscale/compact/p80/seed1,mnist,vit_small,grayscale,compact,80,1,heldout_val,55000,45,train_online,0.0013306456760302518,0.9997272727272727,55000,final_epoch_primary
mnist/vit_small/grayscale/compact/p80/seed1,mnist,vit_small,grayscale,compact,80,1,heldout_val,55000,45,heldout_val,0.32722730369602987,0.9674,5000,final_epoch_primary
mnist/vit_small/grayscale/compact/p80/seed1,mnist,vit_small,grayscale,compact,80,1,heldout_val,55000,46,train_online,0.001352940174149998,0.9996909090909091,55000,final_epoch_primary
mnist/vit_small/grayscale/compact/p80/seed1,mnist,vit_small,grayscale,compact,80,1,heldout_val,55000,46,heldout_val,0.3249777799921277,0.968,5000,final_epoch_primary
mnist/vit_small/grayscale/compact/p80/seed1,mnist,vit_small,grayscale,compact,80,1,heldout_val,55000,47,train_online,0.0016717689342511468,0.9996909090909091,55000,final_epoch_primary
mnist/vit_small/grayscale/compact/p80/seed1,mnist,vit_small,grayscale,compact,80,1,heldout_val,55000,47,heldout_val,0.32023166987318546,0.9672,5000,final_epoch_primary
mnist/vit_small/grayscale/compact/p80/seed1,mnist,vit_small,grayscale,compact,80,1,heldout_val,55000,48,train_online,0.0009678257487780146,0.9998363636363636,55000,final_epoch_primary
mnist/vit_small/grayscale/compact/p80/seed1,mnist,vit_small,grayscale,compact,80,1,heldout_val,55000,48,heldout_val,0.3165587224919212,0.9684,5000,final_epoch_primary
mnist/vit_small/grayscale/compact/p80/seed1,mnist,vit_small,grayscale,compact,80,1,heldout_val,55000,49,train_online,0.0006393953003374339,0.9998727272727272,55000,final_epoch_primary
mnist/vit_small/grayscale/compact/p80/seed1,mnist,vit_small,grayscale,compact,80,1,heldout_val,55000,49,heldout_val,0.315552063428316,0.9684,5000,final_epoch_primary
mnist/vit_small/grayscale/dense/p0/seed1,mnist,vit_small,grayscale,dense,0,1,heldout_val,55000,0,train_online,0.7149915069199421,0.7694363636363636,55000,final_epoch_primary
mnist/vit_small/grayscale/dense/p0/seed1,mnist,vit_small,grayscale,dense,0,1,heldout_val,55000,0,heldout_val,0.4583007089778781,0.8628,5000,final_epoch_primary
mnist/vit_small/grayscale/dense/p0/seed1,mnist,vit_small,grayscale,dense,0,1,heldout_val,55000,1,train_online,0.49797792294211685,0.8628181818181818,55000,final_epoch_primary
mnist/vit_small/grayscale/dense/p0/seed1,mnist,vit_small,grayscale,dense,0,1,heldout_val,55000,1,heldout_val,0.5553178338810801,0.8604,5000,final_epoch_primary
mnist/vit_small/grayscale/dense/p0/seed1,mnist,vit_small,grayscale,dense,0,1,heldout_val,55000,2,train_online,0.4146369505080479,0.8893636363636364,55000,final_epoch_primary
mnist/vit_small/grayscale/dense/p0/seed1,mnist,vit_small,grayscale,dense,0,1,heldout_val,55000,2,heldout_val,0.5299304938655347,0.8564,5000,final_epoch_primary
mnist/vit_small/grayscale/dense/p0/seed1,mnist,vit_small,grayscale,dense,0,1,heldout_val,55000,3,train_online,0.37491113213792615,0.8972363636363636,55000,final_epoch_primary
mnist/vit_small/grayscale/dense/p0/seed1,mnist,vit_small,grayscale,dense,0,1,heldout_val,55000,3,heldout_val,0.5297455226100981,0.873,5000,final_epoch_primary
mnist/vit_small/grayscale/dense/p0/seed1,mnist,vit_small,grayscale,dense,0,1,heldout_val,55000,4,train_online,0.3834905865596523,0.8930545454545454,55000,final_epoch_primary
mnist/vit_small/grayscale/dense/p0/seed1,mnist,vit_small,grayscale,dense,0,1,heldout_val,55000,4,heldout_val,0.3284562491023913,0.9082,5000,final_epoch_primary
mnist/vit_small/grayscale/dense/p0/seed1,mnist,vit_small,grayscale,dense,0,1,heldout_val,55000,5,train_online,0.3700694945948452,0.8990545454545454,55000,final_epoch_primary
mnist/vit_small/grayscale/dense/p0/seed1,mnist,vit_small,grayscale,dense,0,1,heldout_val,55000,5,heldout_val,0.41456998962219804,0.8858,5000,final_epoch_primary
mnist/vit_small/grayscale/dense/p0/seed1,mnist,vit_small,grayscale,dense,0,1,heldout_val,55000,6,train_online,0.3391595230310351,0.9092181818181818,55000,final_epoch_primary
mnist/vit_small/grayscale/dense/p0/seed1,mnist,vit_small,grayscale,dense,0,1,heldout_val,55000,6,heldout_val,0.30602652432573957,0.9204,5000,final_epoch_primary
mnist/vit_small/grayscale/dense/p0/seed1,mnist,vit_small,grayscale,dense,0,1,heldout_val,55000,7,train_online,0.3105537659001833,0.9180181818181818,55000,final_epoch_primary
mnist/vit_small/grayscale/dense/p0/seed1,mnist,vit_small,grayscale,dense,0,1,heldout_val,55000,7,heldout_val,0.37337230375520886,0.899,5000,final_epoch_primary
mnist/vit_small/grayscale/dense/p0/seed1,mnist,vit_small,grayscale,dense,0,1,heldout_val,55000,8,train_online,0.289034340984061,0.9238909090909091,55000,final_epoch_primary
mnist/vit_small/grayscale/dense/p0/seed1,mnist,vit_small,grayscale,dense,0,1,heldout_val,55000,8,heldout_val,0.3837242250684649,0.91,5000,final_epoch_primary
mnist/vit_small/grayscale/dense/p0/seed1,mnist,vit_small,grayscale,dense,0,1,heldout_val,55000,9,train_online,0.2718987086784603,0.9283818181818182,55000,final_epoch_primary
mnist/vit_small/grayscale/dense/p0/seed1,mnist,vit_small,grayscale,dense,0,1,heldout_val,55000,9,heldout_val,0.32206432873189916,0.9248,5000,final_epoch_primary
mnist/vit_small/grayscale/dense/p0/seed1,mnist,vit_small,grayscale,dense,0,1,heldout_val,55000,10,train_online,0.25471291255395523,0.9340363636363637,55000,final_epoch_primary
mnist/vit_small/grayscale/dense/p0/seed1,mnist,vit_small,grayscale,dense,0,1,heldout_val,55000,10,heldout_val,0.28540279221720993,0.9302,5000,final_epoch_primary
mnist/vit_small/grayscale/dense/p0/seed1,mnist,vit_small,grayscale,dense,0,1,heldout_val,55000,11,train_online,0.2387539203183302,0.9378909090909091,55000,final_epoch_primary
mnist/vit_small/grayscale/dense/p0/seed1,mnist,vit_small,grayscale,dense,0,1,heldout_val,55000,11,heldout_val,0.28681803315496074,0.9258,5000,final_epoch_primary
mnist/vit_small/grayscale/dense/p0/seed1,mnist,vit_small,grayscale,dense,0,1,heldout_val,55000,12,train_online,0.22590103434326592,0.9411090909090909,55000,final_epoch_primary
mnist/vit_small/grayscale/dense/p0/seed1,mnist,vit_small,grayscale,dense,0,1,heldout_val,55000,12,heldout_val,0.23763797998027877,0.9386,5000,final_epoch_primary
mnist/vit_small/grayscale/dense/p0/seed1,mnist,vit_small,grayscale,dense,0,1,heldout_val,55000,13,train_online,0.21866325365519573,0.9437636363636364,55000,final_epoch_primary
mnist/vit_small/grayscale/dense/p0/seed1,mnist,vit_small,grayscale,dense,0,1,heldout_val,55000,13,heldout_val,0.23724339812467807,0.9378,5000,final_epoch_primary
mnist/vit_small/grayscale/dense/p0/seed1,mnist,vit_small,grayscale,dense,0,1,heldout_val,55000,14,train_online,0.2064580117166,0.9464,55000,final_epoch_primary
mnist/vit_small/grayscale/dense/p0/seed1,mnist,vit_small,grayscale,dense,0,1,heldout_val,55000,14,heldout_val,0.2294108962004073,0.9402,5000,final_epoch_primary
mnist/vit_small/grayscale/dense/p0/seed1,mnist,vit_small,grayscale,dense,0,1,heldout_val,55000,15,train_online,0.1943774901331466,0.949709090909091,55000,final_epoch_primary
mnist/vit_small/grayscale/dense/p0/seed1,mnist,vit_small,grayscale,dense,0,1,heldout_val,55000,15,heldout_val,0.2904967501142994,0.9312,5000,final_epoch_primary
mnist/vit_small/grayscale/dense/p0/seed1,mnist,vit_small,grayscale,dense,0,1,heldout_val,55000,16,train_online,0.193106513107731,0.9501090909090909,55000,final_epoch_primary
mnist/vit_small/grayscale/dense/p0/seed1,mnist,vit_small,grayscale,dense,0,1,heldout_val,55000,16,heldout_val,0.2750045868024696,0.9308,5000,final_epoch_primary
mnist/vit_small/grayscale/dense/p0/seed1,mnist,vit_small,grayscale,dense,0,1,heldout_val,55000,17,train_online,0.18188569904159416,0.9536,55000,final_epoch_primary
mnist/vit_small/grayscale/dense/p0/seed1,mnist,vit_small,grayscale,dense,0,1,heldout_val,55000,17,heldout_val,0.1934130199374631,0.9536,5000,final_epoch_primary
mnist/vit_small/grayscale/dense/p0/seed1,mnist,vit_small,grayscale,dense,0,1,heldout_val,55000,18,train_online,0.17564477883673443,0.9550727272727273,55000,final_epoch_primary
mnist/vit_small/grayscale/dense/p0/seed1,mnist,vit_small,grayscale,dense,0,1,heldout_val,55000,18,heldout_val,0.18976348188701087,0.9506,5000,final_epoch_primary
mnist/vit_small/grayscale/dense/p0/seed1,mnist,vit_small,grayscale,dense,0,1,heldout_val,55000,19,train_online,0.16927476426692764,0.9561272727272727,55000,final_epoch_primary
mnist/vit_small/grayscale/dense/p0/seed1,mnist,vit_small,grayscale,dense,0,1,heldout_val,55000,19,heldout_val,0.19208957795004827,0.9566,5000,final_epoch_primary
mnist/vit_small/grayscale/dense/p0/seed1,mnist,vit_small,grayscale,dense,0,1,heldout_val,55000,20,train_online,0.15898725635151126,0.9597818181818182,55000,final_epoch_primary
mnist/vit_small/grayscale/dense/p0/seed1,mnist,vit_small,grayscale,dense,0,1,heldout_val,55000,20,heldout_val,0.20062081806277857,0.952,5000,final_epoch_primary
mnist/vit_small/grayscale/dense/p0/seed1,mnist,vit_small,grayscale,dense,0,1,heldout_val,55000,21,train_online,0.1562839586668976,0.9601454545454545,55000,final_epoch_primary
mnist/vit_small/grayscale/dense/p0/seed1,mnist,vit_small,grayscale,dense,0,1,heldout_val,55000,21,heldout_val,0.19763336430322379,0.9504,5000,final_epoch_primary
mnist/vit_small/grayscale/dense/p0/seed1,mnist,vit_small,grayscale,dense,0,1,heldout_val,55000,22,train_online,0.14758920277162052,0.9628545454545454,55000,final_epoch_primary
mnist/vit_small/grayscale/dense/p0/seed1,mnist,vit_small,grayscale,dense,0,1,heldout_val,55000,22,heldout_val,0.18918793599915226,0.9566,5000,final_epoch_primary
mnist/vit_small/grayscale/dense/p0/seed1,mnist,vit_small,grayscale,dense,0,1,heldout_val,55000,23,train_online,0.14558880215932468,0.9632545454545455,55000,final_epoch_primary
mnist/vit_small/grayscale/dense/p0/seed1,mnist,vit_small,grayscale,dense,0,1,heldout_val,55000,23,heldout_val,0.1913332942938898,0.9564,5000,final_epoch_primary
mnist/vit_small/grayscale/dense/p0/seed1,mnist,vit_small,grayscale,dense,0,1,heldout_val,55000,24,train_online,0.1374785786552524,0.9656727272727272,55000,final_epoch_primary
mnist/vit_small/grayscale/dense/p0/seed1,mnist,vit_small,grayscale,dense,0,1,heldout_val,55000,24,heldout_val,0.2729104807588039,0.941,5000,final_epoch_primary
mnist/vit_small/grayscale/dense/p0/seed1,mnist,vit_small,grayscale,dense,0,1,heldout_val,55000,25,train_online,0.13004634682144017,0.9675636363636364,55000,final_epoch_primary
mnist/vit_small/grayscale/dense/p0/seed1,mnist,vit_small,grayscale,dense,0,1,heldout_val,55000,25,heldout_val,0.2129012600439135,0.9514,5000,final_epoch_primary
mnist/vit_small/grayscale/dense/p0/seed1,mnist,vit_small,grayscale,dense,0,1,heldout_val,55000,26,train_online,0.12566975607693048,0.9692,55000,final_epoch_primary
mnist/vit_small/grayscale/dense/p0/seed1,mnist,vit_small,grayscale,dense,0,1,heldout_val,55000,26,heldout_val,0.18216013510539197,0.9602,5000,final_epoch_primary
mnist/vit_small/grayscale/dense/p0/seed1,mnist,vit_small,grayscale,dense,0,1,heldout_val,55000,27,train_online,0.12017480786035091,0.9702,55000,final_epoch_primary
mnist/vit_small/grayscale/dense/p0/seed1,mnist,vit_small,grayscale,dense,0,1,heldout_val,55000,27,heldout_val,0.18057273560930043,0.964,5000,final_epoch_primary
mnist/vit_small/grayscale/dense/p0/seed1,mnist,vit_small,grayscale,dense,0,1,heldout_val,55000,28,train_online,0.11513911872117738,0.9724545454545455,55000,final_epoch_primary
mnist/vit_small/grayscale/dense/p0/seed1,mnist,vit_small,grayscale,dense,0,1,heldout_val,55000,28,heldout_val,0.18439420583148022,0.9614,5000,final_epoch_primary
mnist/vit_small/grayscale/dense/p0/seed1,mnist,vit_small,grayscale,dense,0,1,heldout_val,55000,29,train_online,0.1069541809294394,0.9741272727272727,55000,final_epoch_primary
mnist/vit_small/grayscale/dense/p0/seed1,mnist,vit_small,grayscale,dense,0,1,heldout_val,55000,29,heldout_val,0.21019932291485602,0.9616,5000,final_epoch_primary
mnist/vit_small/grayscale/dense/p0/seed1,mnist,vit_small,grayscale,dense,0,1,heldout_val,55000,30,train_online,0.10011750703277278,0.9761818181818182,55000,final_epoch_primary
mnist/vit_small/grayscale/dense/p0/seed1,mnist,vit_small,grayscale,dense,0,1,heldout_val,55000,30,heldout_val,0.18367163936886938,0.9622,5000,final_epoch_primary
mnist/vit_small/grayscale/dense/p0/seed1,mnist,vit_small,grayscale,dense,0,1,heldout_val,55000,31,train_online,0.09375855639686448,0.977909090909091,55000,final_epoch_primary
mnist/vit_small/grayscale/dense/p0/seed1,mnist,vit_small,grayscale,dense,0,1,heldout_val,55000,31,heldout_val,0.20462329007579247,0.9588,5000,final_epoch_primary
mnist/vit_small/grayscale/dense/p0/seed1,mnist,vit_small,grayscale,dense,0,1,heldout_val,55000,32,train_online,0.08829497924555325,0.9792545454545455,55000,final_epoch_primary
mnist/vit_small/grayscale/dense/p0/seed1,mnist,vit_small,grayscale,dense,0,1,heldout_val,55000,32,heldout_val,0.15712370199705475,0.965,5000,final_epoch_primary
mnist/vit_small/grayscale/dense/p0/seed1,mnist,vit_small,grayscale,dense,0,1,heldout_val,55000,33,train_online,0.07900202648014476,0.9814545454545455,55000,final_epoch_primary
mnist/vit_small/grayscale/dense/p0/seed1,mnist,vit_small,grayscale,dense,0,1,heldout_val,55000,33,heldout_val,0.17714275842310162,0.9666,5000,final_epoch_primary
mnist/vit_small/grayscale/dense/p0/seed1,mnist,vit_small,grayscale,dense,0,1,heldout_val,55000,34,train_online,0.07276327919151147,0.9834727272727273,55000,final_epoch_primary
mnist/vit_small/grayscale/dense/p0/seed1,mnist,vit_small,grayscale,dense,0,1,heldout_val,55000,34,heldout_val,0.19107895328261656,0.9618,5000,final_epoch_primary
mnist/vit_small/grayscale/dense/p0/seed1,mnist,vit_small,grayscale,dense,0,1,heldout_val,55000,35,train_online,0.06585346468063125,0.9843636363636363,55000,final_epoch_primary
mnist/vit_small/grayscale/dense/p0/seed1,mnist,vit_small,grayscale,dense,0,1,heldout_val,55000,35,heldout_val,0.1987210885810142,0.9652,5000,final_epoch_primary
mnist/vit_small/grayscale/dense/p0/seed1,mnist,vit_small,grayscale,dense,0,1,heldout_val,55000,36,train_online,0.05892349157156423,0.9862909090909091,55000,final_epoch_primary
mnist/vit_small/grayscale/dense/p0/seed1,mnist,vit_small,grayscale,dense,0,1,heldout_val,55000,36,heldout_val,0.21013307708579523,0.9648,5000,final_epoch_primary
mnist/vit_small/grayscale/dense/p0/seed1,mnist,vit_small,grayscale,dense,0,1,heldout_val,55000,37,train_online,0.05127481741894841,0.9881818181818182,55000,final_epoch_primary
mnist/vit_small/grayscale/dense/p0/seed1,mnist,vit_small,grayscale,dense,0,1,heldout_val,55000,37,heldout_val,0.2076022372571024,0.9666,5000,final_epoch_primary
mnist/vit_small/grayscale/dense/p0/seed1,mnist,vit_small,grayscale,dense,0,1,heldout_val,55000,38,train_online,0.0443064646983248,0.99,55000,final_epoch_primary
mnist/vit_small/grayscale/dense/p0/seed1,mnist,vit_small,grayscale,dense,0,1,heldout_val,55000,38,heldout_val,0.19442574357160192,0.9686,5000,final_epoch_primary
mnist/vit_small/grayscale/dense/p0/seed1,mnist,vit_small,grayscale,dense,0,1,heldout_val,55000,39,train_online,0.03606274852354625,0.9920363636363636,55000,final_epoch_primary
mnist/vit_small/grayscale/dense/p0/seed1,mnist,vit_small,grayscale,dense,0,1,heldout_val,55000,39,heldout_val,0.24467018057740206,0.9648,5000,final_epoch_primary
mnist/vit_small/grayscale/dense/p0/seed1,mnist,vit_small,grayscale,dense,0,1,heldout_val,55000,40,train_online,0.029988552069077693,0.9932727272727273,55000,final_epoch_primary
mnist/vit_small/grayscale/dense/p0/seed1,mnist,vit_small,grayscale,dense,0,1,heldout_val,55000,40,heldout_val,0.26108514272389877,0.9646,5000,final_epoch_primary
mnist/vit_small/grayscale/dense/p0/seed1,mnist,vit_small,grayscale,dense,0,1,heldout_val,55000,41,train_online,0.022674682637607146,0.9951090909090909,55000,final_epoch_primary
mnist/vit_small/grayscale/dense/p0/seed1,mnist,vit_small,grayscale,dense,0,1,heldout_val,55000,41,heldout_val,0.2694779606185562,0.9652,5000,final_epoch_primary
mnist/vit_small/grayscale/dense/p0/seed1,mnist,vit_small,grayscale,dense,0,1,heldout_val,55000,42,train_online,0.018009313022618417,0.9963272727272727,55000,final_epoch_primary
mnist/vit_small/grayscale/dense/p0/seed1,mnist,vit_small,grayscale,dense,0,1,heldout_val,55000,42,heldout_val,0.23590763983200158,0.9678,5000,final_epoch_primary
mnist/vit_small/grayscale/dense/p0/seed1,mnist,vit_small,grayscale,dense,0,1,heldout_val,55000,43,train_online,0.012533176489618034,0.9972545454545455,55000,final_epoch_primary
mnist/vit_small/grayscale/dense/p0/seed1,mnist,vit_small,grayscale,dense,0,1,heldout_val,55000,43,heldout_val,0.2532271222891526,0.9692,5000,final_epoch_primary
mnist/vit_small/grayscale/dense/p0/seed1,mnist,vit_small,grayscale,dense,0,1,heldout_val,55000,44,train_online,0.008866773404743402,0.9980727272727272,55000,final_epoch_primary
mnist/vit_small/grayscale/dense/p0/seed1,mnist,vit_small,grayscale,dense,0,1,heldout_val,55000,44,heldout_val,0.2750068711919215,0.967,5000,final_epoch_primary
mnist/vit_small/grayscale/dense/p0/seed1,mnist,vit_small,grayscale,dense,0,1,heldout_val,55000,45,train_online,0.006196159785950493,0.9987454545454545,55000,final_epoch_primary
mnist/vit_small/grayscale/dense/p0/seed1,mnist,vit_small,grayscale,dense,0,1,heldout_val,55000,45,heldout_val,0.2689833510685261,0.9696,5000,final_epoch_primary
mnist/vit_small/grayscale/dense/p0/seed1,mnist,vit_small,grayscale,dense,0,1,heldout_val,55000,46,train_online,0.004578820155493767,0.9989090909090909,55000,final_epoch_primary
mnist/vit_small/grayscale/dense/p0/seed1,mnist,vit_small,grayscale,dense,0,1,heldout_val,55000,46,heldout_val,0.27351942943534957,0.9678,5000,final_epoch_primary
mnist/vit_small/grayscale/dense/p0/seed1,mnist,vit_small,grayscale,dense,0,1,heldout_val,55000,47,train_online,0.0028728116679742842,0.9993818181818181,55000,final_epoch_primary
mnist/vit_small/grayscale/dense/p0/seed1,mnist,vit_small,grayscale,dense,0,1,heldout_val,55000,47,heldout_val,0.29029074918452097,0.9674,5000,final_epoch_primary
mnist/vit_small/grayscale/dense/p0/seed1,mnist,vit_small,grayscale,dense,0,1,heldout_val,55000,48,train_online,0.0019059088503418685,0.9995272727272727,55000,final_epoch_primary
mnist/vit_small/grayscale/dense/p0/seed1,mnist,vit_small,grayscale,dense,0,1,heldout_val,55000,48,heldout_val,0.29170489700453545,0.9682,5000,final_epoch_primary
mnist/vit_small/grayscale/dense/p0/seed1,mnist,vit_small,grayscale,dense,0,1,heldout_val,55000,49,train_online,0.001833969817231396,0.9995818181818181,55000,final_epoch_primary
mnist/vit_small/grayscale/dense/p0/seed1,mnist,vit_small,grayscale,dense,0,1,heldout_val,55000,49,heldout_val,0.2955044090677864,0.967,5000,final_epoch_primary
mnist/vit_small/raw/dense/pNA/seed2,mnist,vit_small,raw,dense,,2,heldout_val,55000,0,train_online,0.8739783704824746,0.7072363636363637,55000,final_epoch_primary
mnist/vit_small/raw/dense/pNA/seed2,mnist,vit_small,raw,dense,,2,heldout_val,55000,0,heldout_val,0.5310359030038119,0.8678,5000,final_epoch_primary
mnist/vit_small/raw/dense/pNA/seed2,mnist,vit_small,raw,dense,,2,heldout_val,55000,1,train_online,0.40101079960084435,0.9022181818181818,55000,final_epoch_primary
mnist/vit_small/raw/dense/pNA/seed2,mnist,vit_small,raw,dense,,2,heldout_val,55000,1,heldout_val,0.2771922306311317,0.9352,5000,final_epoch_primary
mnist/vit_small/raw/dense/pNA/seed2,mnist,vit_small,raw,dense,,2,heldout_val,55000,2,train_online,0.3230969500282695,0.9234181818181818,55000,final_epoch_primary
mnist/vit_small/raw/dense/pNA/seed2,mnist,vit_small,raw,dense,,2,heldout_val,55000,2,heldout_val,0.3005961094757542,0.9216,5000,final_epoch_primary
mnist/vit_small/raw/dense/pNA/seed2,mnist,vit_small,raw,dense,,2,heldout_val,55000,3,train_online,0.30544931534069847,0.9235272727272728,55000,final_epoch_primary
mnist/vit_small/raw/dense/pNA/seed2,mnist,vit_small,raw,dense,,2,heldout_val,55000,3,heldout_val,0.35816195207946,0.9088,5000,final_epoch_primary
mnist/vit_small/raw/dense/pNA/seed2,mnist,vit_small,raw,dense,,2,heldout_val,55000,4,train_online,0.316123700650466,0.9214545454545454,55000,final_epoch_primary
mnist/vit_small/raw/dense/pNA/seed2,mnist,vit_small,raw,dense,,2,heldout_val,55000,4,heldout_val,0.35324753651414065,0.9102,5000,final_epoch_primary
mnist/vit_small/raw/dense/pNA/seed2,mnist,vit_small,raw,dense,,2,heldout_val,55000,5,train_online,0.32665537068376277,0.9192363636363636,55000,final_epoch_primary
mnist/vit_small/raw/dense/pNA/seed2,mnist,vit_small,raw,dense,,2,heldout_val,55000,5,heldout_val,0.28172481904495505,0.9308,5000,final_epoch_primary
mnist/vit_small/raw/dense/pNA/seed2,mnist,vit_small,raw,dense,,2,heldout_val,55000,6,train_online,0.29320835223874203,0.9291090909090909,55000,final_epoch_primary
mnist/vit_small/raw/dense/pNA/seed2,mnist,vit_small,raw,dense,,2,heldout_val,55000,6,heldout_val,0.2767755163184367,0.928,5000,final_epoch_primary
mnist/vit_small/raw/dense/pNA/seed2,mnist,vit_small,raw,dense,,2,heldout_val,55000,7,train_online,0.2606333498480539,0.9358363636363637,55000,final_epoch_primary
mnist/vit_small/raw/dense/pNA/seed2,mnist,vit_small,raw,dense,,2,heldout_val,55000,7,heldout_val,0.2459454295554664,0.9428,5000,final_epoch_primary
mnist/vit_small/raw/dense/pNA/seed2,mnist,vit_small,raw,dense,,2,heldout_val,55000,8,train_online,0.23255798678986558,0.9434363636363636,55000,final_epoch_primary
mnist/vit_small/raw/dense/pNA/seed2,mnist,vit_small,raw,dense,,2,heldout_val,55000,8,heldout_val,0.22629977299687454,0.9464,5000,final_epoch_primary
mnist/vit_small/raw/dense/pNA/seed2,mnist,vit_small,raw,dense,,2,heldout_val,55000,9,train_online,0.21411460241464347,0.9475818181818182,55000,final_epoch_primary
mnist/vit_small/raw/dense/pNA/seed2,mnist,vit_small,raw,dense,,2,heldout_val,55000,9,heldout_val,0.20266919044470413,0.9486,5000,final_epoch_primary
mnist/vit_small/raw/dense/pNA/seed2,mnist,vit_small,raw,dense,,2,heldout_val,55000,10,train_online,0.194080986866156,0.9531818181818181,55000,final_epoch_primary
mnist/vit_small/raw/dense/pNA/seed2,mnist,vit_small,raw,dense,,2,heldout_val,55000,10,heldout_val,0.2065538869294338,0.9504,5000,final_epoch_primary
mnist/vit_small/raw/dense/pNA/seed2,mnist,vit_small,raw,dense,,2,heldout_val,55000,11,train_online,0.17965308911055114,0.9562909090909091,55000,final_epoch_primary
mnist/vit_small/raw/dense/pNA/seed2,mnist,vit_small,raw,dense,,2,heldout_val,55000,11,heldout_val,0.19503009593971074,0.9538,5000,final_epoch_primary
mnist/vit_small/raw/dense/pNA/seed2,mnist,vit_small,raw,dense,,2,heldout_val,55000,12,train_online,0.16478781916394575,0.9587818181818182,55000,final_epoch_primary
mnist/vit_small/raw/dense/pNA/seed2,mnist,vit_small,raw,dense,,2,heldout_val,55000,12,heldout_val,0.18024329421422444,0.9576,5000,final_epoch_primary
mnist/vit_small/raw/dense/pNA/seed2,mnist,vit_small,raw,dense,,2,heldout_val,55000,13,train_online,0.15562258435108023,0.9618545454545454,55000,final_epoch_primary
mnist/vit_small/raw/dense/pNA/seed2,mnist,vit_small,raw,dense,,2,heldout_val,55000,13,heldout_val,0.17770594782042318,0.9556,5000,final_epoch_primary
mnist/vit_small/raw/dense/pNA/seed2,mnist,vit_small,raw,dense,,2,heldout_val,55000,14,train_online,0.14885048239459708,0.9642363636363637,55000,final_epoch_primary
mnist/vit_small/raw/dense/pNA/seed2,mnist,vit_small,raw,dense,,2,heldout_val,55000,14,heldout_val,0.147106242432585,0.9636,5000,final_epoch_primary
mnist/vit_small/raw/dense/pNA/seed2,mnist,vit_small,raw,dense,,2,heldout_val,55000,15,train_online,0.13813221078031612,0.9658363636363636,55000,final_epoch_primary
mnist/vit_small/raw/dense/pNA/seed2,mnist,vit_small,raw,dense,,2,heldout_val,55000,15,heldout_val,0.16581520885007922,0.96,5000,final_epoch_primary
mnist/vit_small/raw/dense/pNA/seed2,mnist,vit_small,raw,dense,,2,heldout_val,55000,16,train_online,0.1315463543992532,0.9683272727272727,55000,final_epoch_primary
mnist/vit_small/raw/dense/pNA/seed2,mnist,vit_small,raw,dense,,2,heldout_val,55000,16,heldout_val,0.15066997707209084,0.966,5000,final_epoch_primary
mnist/vit_small/raw/dense/pNA/seed2,mnist,vit_small,raw,dense,,2,heldout_val,55000,17,train_online,0.12641118818942607,0.9689636363636364,55000,final_epoch_primary
mnist/vit_small/raw/dense/pNA/seed2,mnist,vit_small,raw,dense,,2,heldout_val,55000,17,heldout_val,0.17405043412516824,0.9622,5000,final_epoch_primary
mnist/vit_small/raw/dense/pNA/seed2,mnist,vit_small,raw,dense,,2,heldout_val,55000,18,train_online,0.12067924884878395,0.9701272727272727,55000,final_epoch_primary
mnist/vit_small/raw/dense/pNA/seed2,mnist,vit_small,raw,dense,,2,heldout_val,55000,18,heldout_val,0.11633742552534677,0.9724,5000,final_epoch_primary
mnist/vit_small/raw/dense/pNA/seed2,mnist,vit_small,raw,dense,,2,heldout_val,55000,19,train_online,0.1125389941772647,0.9728181818181818,55000,final_epoch_primary
mnist/vit_small/raw/dense/pNA/seed2,mnist,vit_small,raw,dense,,2,heldout_val,55000,19,heldout_val,0.1346102218434913,0.9678,5000,final_epoch_primary
mnist/vit_small/raw/dense/pNA/seed2,mnist,vit_small,raw,dense,,2,heldout_val,55000,20,train_online,0.10847516238011251,0.9739272727272728,55000,final_epoch_primary
mnist/vit_small/raw/dense/pNA/seed2,mnist,vit_small,raw,dense,,2,heldout_val,55000,20,heldout_val,0.12350093071714509,0.9708,5000,final_epoch_primary
mnist/vit_small/raw/dense/pNA/seed2,mnist,vit_small,raw,dense,,2,heldout_val,55000,21,train_online,0.0990324844443398,0.9757454545454546,55000,final_epoch_primary
mnist/vit_small/raw/dense/pNA/seed2,mnist,vit_small,raw,dense,,2,heldout_val,55000,21,heldout_val,0.12918438602937385,0.9724,5000,final_epoch_primary
mnist/vit_small/raw/dense/pNA/seed2,mnist,vit_small,raw,dense,,2,heldout_val,55000,22,train_online,0.09755810109542429,0.9768181818181818,55000,final_epoch_primary
mnist/vit_small/raw/dense/pNA/seed2,mnist,vit_small,raw,dense,,2,heldout_val,55000,22,heldout_val,0.11809331596926786,0.9728,5000,final_epoch_primary
mnist/vit_small/raw/dense/pNA/seed2,mnist,vit_small,raw,dense,,2,heldout_val,55000,23,train_online,0.08987954059479843,0.9780909090909091,55000,final_epoch_primary
mnist/vit_small/raw/dense/pNA/seed2,mnist,vit_small,raw,dense,,2,heldout_val,55000,23,heldout_val,0.13850045634806157,0.967,5000,final_epoch_primary
mnist/vit_small/raw/dense/pNA/seed2,mnist,vit_small,raw,dense,,2,heldout_val,55000,24,train_online,0.08451186478382178,0.9804727272727273,55000,final_epoch_primary
mnist/vit_small/raw/dense/pNA/seed2,mnist,vit_small,raw,dense,,2,heldout_val,55000,24,heldout_val,0.12172010680849198,0.975,5000,final_epoch_primary
mnist/vit_small/raw/dense/pNA/seed2,mnist,vit_small,raw,dense,,2,heldout_val,55000,25,train_online,0.08263177950518544,0.9808727272727272,55000,final_epoch_primary
mnist/vit_small/raw/dense/pNA/seed2,mnist,vit_small,raw,dense,,2,heldout_val,55000,25,heldout_val,0.12478536843745969,0.973,5000,final_epoch_primary
mnist/vit_small/raw/dense/pNA/seed2,mnist,vit_small,raw,dense,,2,heldout_val,55000,26,train_online,0.07595227605620483,0.9821636363636363,55000,final_epoch_primary
mnist/vit_small/raw/dense/pNA/seed2,mnist,vit_small,raw,dense,,2,heldout_val,55000,26,heldout_val,0.1222514771836577,0.974,5000,final_epoch_primary
mnist/vit_small/raw/dense/pNA/seed2,mnist,vit_small,raw,dense,,2,heldout_val,55000,27,train_online,0.07199843726953153,0.9836181818181818,55000,final_epoch_primary
mnist/vit_small/raw/dense/pNA/seed2,mnist,vit_small,raw,dense,,2,heldout_val,55000,27,heldout_val,0.14352284033349716,0.9704,5000,final_epoch_primary
mnist/vit_small/raw/dense/pNA/seed2,mnist,vit_small,raw,dense,,2,heldout_val,55000,28,train_online,0.06638211849980871,0.9848545454545454,55000,final_epoch_primary
mnist/vit_small/raw/dense/pNA/seed2,mnist,vit_small,raw,dense,,2,heldout_val,55000,28,heldout_val,0.1172127783456468,0.979,5000,final_epoch_primary
mnist/vit_small/raw/dense/pNA/seed2,mnist,vit_small,raw,dense,,2,heldout_val,55000,29,train_online,0.061726717540441844,0.9858727272727272,55000,final_epoch_primary
mnist/vit_small/raw/dense/pNA/seed2,mnist,vit_small,raw,dense,,2,heldout_val,55000,29,heldout_val,0.11535161582165165,0.979,5000,final_epoch_primary
mnist/vit_small/raw/dense/pNA/seed2,mnist,vit_small,raw,dense,,2,heldout_val,55000,30,train_online,0.05610984372388868,0.9874,55000,final_epoch_primary
mnist/vit_small/raw/dense/pNA/seed2,mnist,vit_small,raw,dense,,2,heldout_val,55000,30,heldout_val,0.11472149936995701,0.9788,5000,final_epoch_primary
mnist/vit_small/raw/dense/pNA/seed2,mnist,vit_small,raw,dense,,2,heldout_val,55000,31,train_online,0.052714285206994234,0.9882545454545455,55000,final_epoch_primary
mnist/vit_small/raw/dense/pNA/seed2,mnist,vit_small,raw,dense,,2,heldout_val,55000,31,heldout_val,0.12272015219968743,0.974,5000,final_epoch_primary
mnist/vit_small/raw/dense/pNA/seed2,mnist,vit_small,raw,dense,,2,heldout_val,55000,32,train_online,0.04659495536029942,0.9896727272727273,55000,final_epoch_primary
mnist/vit_small/raw/dense/pNA/seed2,mnist,vit_small,raw,dense,,2,heldout_val,55000,32,heldout_val,0.13117521516525885,0.9756,5000,final_epoch_primary
mnist/vit_small/raw/dense/pNA/seed2,mnist,vit_small,raw,dense,,2,heldout_val,55000,33,train_online,0.043340787758357,0.9904909090909091,55000,final_epoch_primary
mnist/vit_small/raw/dense/pNA/seed2,mnist,vit_small,raw,dense,,2,heldout_val,55000,33,heldout_val,0.13957735695122975,0.9766,5000,final_epoch_primary
mnist/vit_small/raw/dense/pNA/seed2,mnist,vit_small,raw,dense,,2,heldout_val,55000,34,train_online,0.03852588877161907,0.9916727272727273,55000,final_epoch_primary
mnist/vit_small/raw/dense/pNA/seed2,mnist,vit_small,raw,dense,,2,heldout_val,55000,34,heldout_val,0.12085355736470083,0.98,5000,final_epoch_primary
mnist/vit_small/raw/dense/pNA/seed2,mnist,vit_small,raw,dense,,2,heldout_val,55000,35,train_online,0.031065211796905814,0.9933272727272727,55000,final_epoch_primary
mnist/vit_small/raw/dense/pNA/seed2,mnist,vit_small,raw,dense,,2,heldout_val,55000,35,heldout_val,0.12178282947473344,0.9814,5000,final_epoch_primary
mnist/vit_small/raw/dense/pNA/seed2,mnist,vit_small,raw,dense,,2,heldout_val,55000,36,train_online,0.028730320985822684,0.9938363636363636,55000,final_epoch_primary
mnist/vit_small/raw/dense/pNA/seed2,mnist,vit_small,raw,dense,,2,heldout_val,55000,36,heldout_val,0.16184448997791623,0.976,5000,final_epoch_primary
mnist/vit_small/raw/dense/pNA/seed2,mnist,vit_small,raw,dense,,2,heldout_val,55000,37,train_online,0.024242822573903092,0.9946727272727273,55000,final_epoch_primary
mnist/vit_small/raw/dense/pNA/seed2,mnist,vit_small,raw,dense,,2,heldout_val,55000,37,heldout_val,0.12860082485166205,0.9798,5000,final_epoch_primary
mnist/vit_small/raw/dense/pNA/seed2,mnist,vit_small,raw,dense,,2,heldout_val,55000,38,train_online,0.01884585062665296,0.9959272727272728,55000,final_epoch_primary
mnist/vit_small/raw/dense/pNA/seed2,mnist,vit_small,raw,dense,,2,heldout_val,55000,38,heldout_val,0.14904529602668046,0.9794,5000,final_epoch_primary
mnist/vit_small/raw/dense/pNA/seed2,mnist,vit_small,raw,dense,,2,heldout_val,55000,39,train_online,0.014892238878316526,0.9967090909090909,55000,final_epoch_primary
mnist/vit_small/raw/dense/pNA/seed2,mnist,vit_small,raw,dense,,2,heldout_val,55000,39,heldout_val,0.1397075895376969,0.9808,5000,final_epoch_primary
mnist/vit_small/raw/dense/pNA/seed2,mnist,vit_small,raw,dense,,2,heldout_val,55000,40,train_online,0.011700772735597737,0.9973818181818181,55000,final_epoch_primary
mnist/vit_small/raw/dense/pNA/seed2,mnist,vit_small,raw,dense,,2,heldout_val,55000,40,heldout_val,0.14715840230236646,0.9818,5000,final_epoch_primary
mnist/vit_small/raw/dense/pNA/seed2,mnist,vit_small,raw,dense,,2,heldout_val,55000,41,train_online,0.00886421205026216,0.9979454545454546,55000,final_epoch_primary
mnist/vit_small/raw/dense/pNA/seed2,mnist,vit_small,raw,dense,,2,heldout_val,55000,41,heldout_val,0.15505332664984708,0.9808,5000,final_epoch_primary
mnist/vit_small/raw/dense/pNA/seed2,mnist,vit_small,raw,dense,,2,heldout_val,55000,42,train_online,0.006233634736074568,0.9988,55000,final_epoch_primary
mnist/vit_small/raw/dense/pNA/seed2,mnist,vit_small,raw,dense,,2,heldout_val,55000,42,heldout_val,0.16465538490100115,0.9814,5000,final_epoch_primary
mnist/vit_small/raw/dense/pNA/seed2,mnist,vit_small,raw,dense,,2,heldout_val,55000,43,train_online,0.003445016808027173,0.9992727272727273,55000,final_epoch_primary
mnist/vit_small/raw/dense/pNA/seed2,mnist,vit_small,raw,dense,,2,heldout_val,55000,43,heldout_val,0.1764673742246967,0.9808,5000,final_epoch_primary
mnist/vit_small/raw/dense/pNA/seed2,mnist,vit_small,raw,dense,,2,heldout_val,55000,44,train_online,0.0025416925642906957,0.9994,55000,final_epoch_primary
mnist/vit_small/raw/dense/pNA/seed2,mnist,vit_small,raw,dense,,2,heldout_val,55000,44,heldout_val,0.1749953189565149,0.9808,5000,final_epoch_primary
mnist/vit_small/raw/dense/pNA/seed2,mnist,vit_small,raw,dense,,2,heldout_val,55000,45,train_online,0.0008376392408130248,0.9997818181818182,55000,final_epoch_primary
mnist/vit_small/raw/dense/pNA/seed2,mnist,vit_small,raw,dense,,2,heldout_val,55000,45,heldout_val,0.17580705639727512,0.9812,5000,final_epoch_primary
mnist/vit_small/raw/dense/pNA/seed2,mnist,vit_small,raw,dense,,2,heldout_val,55000,46,train_online,0.0006521561699342617,0.9998363636363636,55000,final_epoch_primary
mnist/vit_small/raw/dense/pNA/seed2,mnist,vit_small,raw,dense,,2,heldout_val,55000,46,heldout_val,0.1807153796568138,0.982,5000,final_epoch_primary
mnist/vit_small/raw/dense/pNA/seed2,mnist,vit_small,raw,dense,,2,heldout_val,55000,47,train_online,0.0005495507171270632,0.9999090909090909,55000,final_epoch_primary
mnist/vit_small/raw/dense/pNA/seed2,mnist,vit_small,raw,dense,,2,heldout_val,55000,47,heldout_val,0.18485715084088342,0.9816,5000,final_epoch_primary
mnist/vit_small/raw/dense/pNA/seed2,mnist,vit_small,raw,dense,,2,heldout_val,55000,48,train_online,0.0001847071277853667,0.9999454545454546,55000,final_epoch_primary
mnist/vit_small/raw/dense/pNA/seed2,mnist,vit_small,raw,dense,,2,heldout_val,55000,48,heldout_val,0.19033633952702395,0.981,5000,final_epoch_primary
mnist/vit_small/raw/dense/pNA/seed2,mnist,vit_small,raw,dense,,2,heldout_val,55000,49,train_online,0.0001805678191576259,0.9999272727272728,55000,final_epoch_primary
mnist/vit_small/raw/dense/pNA/seed2,mnist,vit_small,raw,dense,,2,heldout_val,55000,49,heldout_val,0.19292226263132106,0.9806,5000,final_epoch_primary
mnist/vit_small/grayscale/compact/p0/seed2,mnist,vit_small,grayscale,compact,0,2,heldout_val,55000,0,train_online,0.807954549105059,0.7339272727272728,55000,final_epoch_primary
mnist/vit_small/grayscale/compact/p0/seed2,mnist,vit_small,grayscale,compact,0,2,heldout_val,55000,0,heldout_val,0.5361210049420595,0.845,5000,final_epoch_primary
mnist/vit_small/grayscale/compact/p0/seed2,mnist,vit_small,grayscale,compact,0,2,heldout_val,55000,1,train_online,0.3819045260846996,0.9022181818181818,55000,final_epoch_primary
mnist/vit_small/grayscale/compact/p0/seed2,mnist,vit_small,grayscale,compact,0,2,heldout_val,55000,1,heldout_val,0.40358412401266397,0.9022,5000,final_epoch_primary
mnist/vit_small/grayscale/compact/p0/seed2,mnist,vit_small,grayscale,compact,0,2,heldout_val,55000,2,train_online,0.31258934817485173,0.9246181818181818,55000,final_epoch_primary
mnist/vit_small/grayscale/compact/p0/seed2,mnist,vit_small,grayscale,compact,0,2,heldout_val,55000,2,heldout_val,0.30878048383723944,0.924,5000,final_epoch_primary
mnist/vit_small/grayscale/compact/p0/seed2,mnist,vit_small,grayscale,compact,0,2,heldout_val,55000,3,train_online,0.2764242016627707,0.9310727272727273,55000,final_epoch_primary
mnist/vit_small/grayscale/compact/p0/seed2,mnist,vit_small,grayscale,compact,0,2,heldout_val,55000,3,heldout_val,0.21882904454851523,0.9432,5000,final_epoch_primary
mnist/vit_small/grayscale/compact/p0/seed2,mnist,vit_small,grayscale,compact,0,2,heldout_val,55000,4,train_online,0.26031782522533425,0.9343818181818182,55000,final_epoch_primary
mnist/vit_small/grayscale/compact/p0/seed2,mnist,vit_small,grayscale,compact,0,2,heldout_val,55000,4,heldout_val,0.2936667790201027,0.9292,5000,final_epoch_primary
mnist/vit_small/grayscale/compact/p0/seed2,mnist,vit_small,grayscale,compact,0,2,heldout_val,55000,5,train_online,0.23348667528026695,0.9398909090909091,55000,final_epoch_primary
mnist/vit_small/grayscale/compact/p0/seed2,mnist,vit_small,grayscale,compact,0,2,heldout_val,55000,5,heldout_val,0.2415850495668594,0.9392,5000,final_epoch_primary
mnist/vit_small/grayscale/compact/p0/seed2,mnist,vit_small,grayscale,compact,0,2,heldout_val,55000,6,train_online,0.2099514349696184,0.9462909090909091,55000,final_epoch_primary
mnist/vit_small/grayscale/compact/p0/seed2,mnist,vit_small,grayscale,compact,0,2,heldout_val,55000,6,heldout_val,0.2906888693080284,0.9306,5000,final_epoch_primary
mnist/vit_small/grayscale/compact/p0/seed2,mnist,vit_small,grayscale,compact,0,2,heldout_val,55000,7,train_online,0.20168354310043665,0.9494181818181818,55000,final_epoch_primary
mnist/vit_small/grayscale/compact/p0/seed2,mnist,vit_small,grayscale,compact,0,2,heldout_val,55000,7,heldout_val,0.1946532737473026,0.952,5000,final_epoch_primary
mnist/vit_small/grayscale/compact/p0/seed2,mnist,vit_small,grayscale,compact,0,2,heldout_val,55000,8,train_online,0.18561958068121986,0.9532181818181819,55000,final_epoch_primary
mnist/vit_small/grayscale/compact/p0/seed2,mnist,vit_small,grayscale,compact,0,2,heldout_val,55000,8,heldout_val,0.21851193507367278,0.9464,5000,final_epoch_primary
mnist/vit_small/grayscale/compact/p0/seed2,mnist,vit_small,grayscale,compact,0,2,heldout_val,55000,9,train_online,0.17199294084081723,0.9552545454545455,55000,final_epoch_primary
mnist/vit_small/grayscale/compact/p0/seed2,mnist,vit_small,grayscale,compact,0,2,heldout_val,55000,9,heldout_val,0.17763241060199217,0.9542,5000,final_epoch_primary
mnist/vit_small/grayscale/compact/p0/seed2,mnist,vit_small,grayscale,compact,0,2,heldout_val,55000,10,train_online,0.16306754469719123,0.9590545454545455,55000,final_epoch_primary
mnist/vit_small/grayscale/compact/p0/seed2,mnist,vit_small,grayscale,compact,0,2,heldout_val,55000,10,heldout_val,0.17819628440770321,0.9576,5000,final_epoch_primary
mnist/vit_small/grayscale/compact/p0/seed2,mnist,vit_small,grayscale,compact,0,2,heldout_val,55000,11,train_online,0.1567464677174692,0.9607454545454546,55000,final_epoch_primary
mnist/vit_small/grayscale/compact/p0/seed2,mnist,vit_small,grayscale,compact,0,2,heldout_val,55000,11,heldout_val,0.15870661154440605,0.9582,5000,final_epoch_primary
mnist/vit_small/grayscale/compact/p0/seed2,mnist,vit_small,grayscale,compact,0,2,heldout_val,55000,12,train_online,0.14584380850672765,0.9630181818181818,55000,final_epoch_primary
mnist/vit_small/grayscale/compact/p0/seed2,mnist,vit_small,grayscale,compact,0,2,heldout_val,55000,12,heldout_val,0.16313075724234805,0.9572,5000,final_epoch_primary
mnist/vit_small/grayscale/compact/p0/seed2,mnist,vit_small,grayscale,compact,0,2,heldout_val,55000,13,train_online,0.13865478260695555,0.9649636363636364,55000,final_epoch_primary
mnist/vit_small/grayscale/compact/p0/seed2,mnist,vit_small,grayscale,compact,0,2,heldout_val,55000,13,heldout_val,0.15742721575072502,0.961,5000,final_epoch_primary
mnist/vit_small/grayscale/compact/p0/seed2,mnist,vit_small,grayscale,compact,0,2,heldout_val,55000,14,train_online,0.1312248484693732,0.9665818181818182,55000,final_epoch_primary
mnist/vit_small/grayscale/compact/p0/seed2,mnist,vit_small,grayscale,compact,0,2,heldout_val,55000,14,heldout_val,0.18612110944972374,0.9518,5000,final_epoch_primary
mnist/vit_small/grayscale/compact/p0/seed2,mnist,vit_small,grayscale,compact,0,2,heldout_val,55000,15,train_online,0.12696505548824155,0.9682,55000,final_epoch_primary
mnist/vit_small/grayscale/compact/p0/seed2,mnist,vit_small,grayscale,compact,0,2,heldout_val,55000,15,heldout_val,0.15664889004349242,0.9608,5000,final_epoch_primary
mnist/vit_small/grayscale/compact/p0/seed2,mnist,vit_small,grayscale,compact,0,2,heldout_val,55000,16,train_online,0.1224267772236712,0.9694727272727273,55000,final_epoch_primary
mnist/vit_small/grayscale/compact/p0/seed2,mnist,vit_small,grayscale,compact,0,2,heldout_val,55000,16,heldout_val,0.19677424483448266,0.9568,5000,final_epoch_primary
mnist/vit_small/grayscale/compact/p0/seed2,mnist,vit_small,grayscale,compact,0,2,heldout_val,55000,17,train_online,0.11429061893531312,0.971,55000,final_epoch_primary
mnist/vit_small/grayscale/compact/p0/seed2,mnist,vit_small,grayscale,compact,0,2,heldout_val,55000,17,heldout_val,0.16399098202188034,0.962,5000,final_epoch_primary
mnist/vit_small/grayscale/compact/p0/seed2,mnist,vit_small,grayscale,compact,0,2,heldout_val,55000,18,train_online,0.11050379274274667,0.9725272727272727,55000,final_epoch_primary
mnist/vit_small/grayscale/compact/p0/seed2,mnist,vit_small,grayscale,compact,0,2,heldout_val,55000,18,heldout_val,0.16635705829517683,0.964,5000,final_epoch_primary
mnist/vit_small/grayscale/compact/p0/seed2,mnist,vit_small,grayscale,compact,0,2,heldout_val,55000,19,train_online,0.1077491516142565,0.9734181818181818,55000,final_epoch_primary
mnist/vit_small/grayscale/compact/p0/seed2,mnist,vit_small,grayscale,compact,0,2,heldout_val,55000,19,heldout_val,0.18231874303764198,0.9578,5000,final_epoch_primary
mnist/vit_small/grayscale/compact/p0/seed2,mnist,vit_small,grayscale,compact,0,2,heldout_val,55000,20,train_online,0.10182757941618646,0.9749818181818182,55000,final_epoch_primary
mnist/vit_small/grayscale/compact/p0/seed2,mnist,vit_small,grayscale,compact,0,2,heldout_val,55000,20,heldout_val,0.184089519837033,0.9588,5000,final_epoch_primary
mnist/vit_small/grayscale/compact/p0/seed2,mnist,vit_small,grayscale,compact,0,2,heldout_val,55000,21,train_online,0.09597811249705687,0.9763272727272727,55000,final_epoch_primary
mnist/vit_small/grayscale/compact/p0/seed2,mnist,vit_small,grayscale,compact,0,2,heldout_val,55000,21,heldout_val,0.1392289107908029,0.9676,5000,final_epoch_primary
mnist/vit_small/grayscale/compact/p0/seed2,mnist,vit_small,grayscale,compact,0,2,heldout_val,55000,22,train_online,0.09235136956828223,0.9774545454545455,55000,final_epoch_primary
mnist/vit_small/grayscale/compact/p0/seed2,mnist,vit_small,grayscale,compact,0,2,heldout_val,55000,22,heldout_val,0.17410522453858285,0.9624,5000,final_epoch_primary
mnist/vit_small/grayscale/compact/p0/seed2,mnist,vit_small,grayscale,compact,0,2,heldout_val,55000,23,train_online,0.08602521959517723,0.9792181818181818,55000,final_epoch_primary
mnist/vit_small/grayscale/compact/p0/seed2,mnist,vit_small,grayscale,compact,0,2,heldout_val,55000,23,heldout_val,0.1377929425407201,0.9708,5000,final_epoch_primary
mnist/vit_small/grayscale/compact/p0/seed2,mnist,vit_small,grayscale,compact,0,2,heldout_val,55000,24,train_online,0.08123770201664672,0.9802909090909091,55000,final_epoch_primary
mnist/vit_small/grayscale/compact/p0/seed2,mnist,vit_small,grayscale,compact,0,2,heldout_val,55000,24,heldout_val,0.1574427899389877,0.9658,5000,final_epoch_primary
mnist/vit_small/grayscale/compact/p0/seed2,mnist,vit_small,grayscale,compact,0,2,heldout_val,55000,25,train_online,0.07487819880156524,0.9819454545454546,55000,final_epoch_primary
mnist/vit_small/grayscale/compact/p0/seed2,mnist,vit_small,grayscale,compact,0,2,heldout_val,55000,25,heldout_val,0.11880349507352803,0.9718,5000,final_epoch_primary
mnist/vit_small/grayscale/compact/p0/seed2,mnist,vit_small,grayscale,compact,0,2,heldout_val,55000,26,train_online,0.07297807594207274,0.982890909090909,55000,final_epoch_primary
mnist/vit_small/grayscale/compact/p0/seed2,mnist,vit_small,grayscale,compact,0,2,heldout_val,55000,26,heldout_val,0.14371789417640538,0.9692,5000,final_epoch_primary
mnist/vit_small/grayscale/compact/p0/seed2,mnist,vit_small,grayscale,compact,0,2,heldout_val,55000,27,train_online,0.06642683015592682,0.983909090909091,55000,final_epoch_primary
mnist/vit_small/grayscale/compact/p0/seed2,mnist,vit_small,grayscale,compact,0,2,heldout_val,55000,27,heldout_val,0.14546232765491005,0.9712,5000,final_epoch_primary
mnist/vit_small/grayscale/compact/p0/seed2,mnist,vit_small,grayscale,compact,0,2,heldout_val,55000,28,train_online,0.06321320540971144,0.9844,55000,final_epoch_primary
mnist/vit_small/grayscale/compact/p0/seed2,mnist,vit_small,grayscale,compact,0,2,heldout_val,55000,28,heldout_val,0.14194823642112314,0.9734,5000,final_epoch_primary
mnist/vit_small/grayscale/compact/p0/seed2,mnist,vit_small,grayscale,compact,0,2,heldout_val,55000,29,train_online,0.05676260298603844,0.9866181818181818,55000,final_epoch_primary
mnist/vit_small/grayscale/compact/p0/seed2,mnist,vit_small,grayscale,compact,0,2,heldout_val,55000,29,heldout_val,0.1729689882536768,0.9682,5000,final_epoch_primary
mnist/vit_small/grayscale/compact/p0/seed2,mnist,vit_small,grayscale,compact,0,2,heldout_val,55000,30,train_online,0.05169067766841035,0.9878545454545454,55000,final_epoch_primary
mnist/vit_small/grayscale/compact/p0/seed2,mnist,vit_small,grayscale,compact,0,2,heldout_val,55000,30,heldout_val,0.15951978575497633,0.9698,5000,final_epoch_primary
mnist/vit_small/grayscale/compact/p0/seed2,mnist,vit_small,grayscale,compact,0,2,heldout_val,55000,31,train_online,0.04738348777313288,0.9889818181818182,55000,final_epoch_primary
mnist/vit_small/grayscale/compact/p0/seed2,mnist,vit_small,grayscale,compact,0,2,heldout_val,55000,31,heldout_val,0.17187056780204876,0.9696,5000,final_epoch_primary
mnist/vit_small/grayscale/compact/p0/seed2,mnist,vit_small,grayscale,compact,0,2,heldout_val,55000,32,train_online,0.04181209333889155,0.9903636363636363,55000,final_epoch_primary
mnist/vit_small/grayscale/compact/p0/seed2,mnist,vit_small,grayscale,compact,0,2,heldout_val,55000,32,heldout_val,0.16218579051899143,0.9724,5000,final_epoch_primary
mnist/vit_small/grayscale/compact/p0/seed2,mnist,vit_small,grayscale,compact,0,2,heldout_val,55000,33,train_online,0.03744137857256111,0.9915272727272727,55000,final_epoch_primary
mnist/vit_small/grayscale/compact/p0/seed2,mnist,vit_small,grayscale,compact,0,2,heldout_val,55000,33,heldout_val,0.166929787928515,0.9718,5000,final_epoch_primary
mnist/vit_small/grayscale/compact/p0/seed2,mnist,vit_small,grayscale,compact,0,2,heldout_val,55000,34,train_online,0.03107769185481474,0.9925454545454545,55000,final_epoch_primary
mnist/vit_small/grayscale/compact/p0/seed2,mnist,vit_small,grayscale,compact,0,2,heldout_val,55000,34,heldout_val,0.17662221710825687,0.9738,5000,final_epoch_primary
mnist/vit_small/grayscale/compact/p0/seed2,mnist,vit_small,grayscale,compact,0,2,heldout_val,55000,35,train_online,0.025723334253823386,0.9943818181818181,55000,final_epoch_primary
mnist/vit_small/grayscale/compact/p0/seed2,mnist,vit_small,grayscale,compact,0,2,heldout_val,55000,35,heldout_val,0.16865917773004477,0.9726,5000,final_epoch_primary
mnist/vit_small/grayscale/compact/p0/seed2,mnist,vit_small,grayscale,compact,0,2,heldout_val,55000,36,train_online,0.02102679593164331,0.9951272727272727,55000,final_epoch_primary
mnist/vit_small/grayscale/compact/p0/seed2,mnist,vit_small,grayscale,compact,0,2,heldout_val,55000,36,heldout_val,0.1770563235947062,0.9734,5000,final_epoch_primary
mnist/vit_small/grayscale/compact/p0/seed2,mnist,vit_small,grayscale,compact,0,2,heldout_val,55000,37,train_online,0.017495951266464478,0.9962909090909091,55000,final_epoch_primary
mnist/vit_small/grayscale/compact/p0/seed2,mnist,vit_small,grayscale,compact,0,2,heldout_val,55000,37,heldout_val,0.17343481099795607,0.9758,5000,final_epoch_primary
mnist/vit_small/grayscale/compact/p0/seed2,mnist,vit_small,grayscale,compact,0,2,heldout_val,55000,38,train_online,0.014187364669453879,0.9968363636363636,55000,final_epoch_primary
mnist/vit_small/grayscale/compact/p0/seed2,mnist,vit_small,grayscale,compact,0,2,heldout_val,55000,38,heldout_val,0.20740456205740665,0.9722,5000,final_epoch_primary
mnist/vit_small/grayscale/compact/p0/seed2,mnist,vit_small,grayscale,compact,0,2,heldout_val,55000,39,train_online,0.011458407488262028,0.9975272727272727,55000,final_epoch_primary
mnist/vit_small/grayscale/compact/p0/seed2,mnist,vit_small,grayscale,compact,0,2,heldout_val,55000,39,heldout_val,0.19404501272520994,0.9768,5000,final_epoch_primary
mnist/vit_small/grayscale/compact/p0/seed2,mnist,vit_small,grayscale,compact,0,2,heldout_val,55000,40,train_online,0.007887690995979805,0.9982181818181818,55000,final_epoch_primary
mnist/vit_small/grayscale/compact/p0/seed2,mnist,vit_small,grayscale,compact,0,2,heldout_val,55000,40,heldout_val,0.21185368276783556,0.9752,5000,final_epoch_primary
mnist/vit_small/grayscale/compact/p0/seed2,mnist,vit_small,grayscale,compact,0,2,heldout_val,55000,41,train_online,0.005992232380009773,0.9986363636363637,55000,final_epoch_primary
mnist/vit_small/grayscale/compact/p0/seed2,mnist,vit_small,grayscale,compact,0,2,heldout_val,55000,41,heldout_val,0.22150140349354297,0.9756,5000,final_epoch_primary
mnist/vit_small/grayscale/compact/p0/seed2,mnist,vit_small,grayscale,compact,0,2,heldout_val,55000,42,train_online,0.0043756255928885535,0.9990363636363636,55000,final_epoch_primary
mnist/vit_small/grayscale/compact/p0/seed2,mnist,vit_small,grayscale,compact,0,2,heldout_val,55000,42,heldout_val,0.2265099325379135,0.9744,5000,final_epoch_primary
mnist/vit_small/grayscale/compact/p0/seed2,mnist,vit_small,grayscale,compact,0,2,heldout_val,55000,43,train_online,0.0020917253157008418,0.9994909090909091,55000,final_epoch_primary
mnist/vit_small/grayscale/compact/p0/seed2,mnist,vit_small,grayscale,compact,0,2,heldout_val,55000,43,heldout_val,0.22959971375428778,0.9762,5000,final_epoch_primary
mnist/vit_small/grayscale/compact/p0/seed2,mnist,vit_small,grayscale,compact,0,2,heldout_val,55000,44,train_online,0.0018105941786142052,0.9996,55000,final_epoch_primary
mnist/vit_small/grayscale/compact/p0/seed2,mnist,vit_small,grayscale,compact,0,2,heldout_val,55000,44,heldout_val,0.22927345678207658,0.976,5000,final_epoch_primary
mnist/vit_small/grayscale/compact/p0/seed2,mnist,vit_small,grayscale,compact,0,2,heldout_val,55000,45,train_online,0.0015831382027441702,0.9997272727272727,55000,final_epoch_primary
mnist/vit_small/grayscale/compact/p0/seed2,mnist,vit_small,grayscale,compact,0,2,heldout_val,55000,45,heldout_val,0.24212487813457628,0.9764,5000,final_epoch_primary
mnist/vit_small/grayscale/compact/p0/seed2,mnist,vit_small,grayscale,compact,0,2,heldout_val,55000,46,train_online,0.00093391285089808,0.9998727272727272,55000,final_epoch_primary
mnist/vit_small/grayscale/compact/p0/seed2,mnist,vit_small,grayscale,compact,0,2,heldout_val,55000,46,heldout_val,0.2465959687086489,0.9762,5000,final_epoch_primary
mnist/vit_small/grayscale/compact/p0/seed2,mnist,vit_small,grayscale,compact,0,2,heldout_val,55000,47,train_online,0.0004517395673433756,0.9998545454545454,55000,final_epoch_primary
mnist/vit_small/grayscale/compact/p0/seed2,mnist,vit_small,grayscale,compact,0,2,heldout_val,55000,47,heldout_val,0.24864137240041187,0.9764,5000,final_epoch_primary
mnist/vit_small/grayscale/compact/p0/seed2,mnist,vit_small,grayscale,compact,0,2,heldout_val,55000,48,train_online,0.0022604797801171117,0.9996727272727273,55000,final_epoch_primary
mnist/vit_small/grayscale/compact/p0/seed2,mnist,vit_small,grayscale,compact,0,2,heldout_val,55000,48,heldout_val,0.24660877673519144,0.9768,5000,final_epoch_primary
mnist/vit_small/grayscale/compact/p0/seed2,mnist,vit_small,grayscale,compact,0,2,heldout_val,55000,49,train_online,0.0015897220333426544,0.9997636363636364,55000,final_epoch_primary
mnist/vit_small/grayscale/compact/p0/seed2,mnist,vit_small,grayscale,compact,0,2,heldout_val,55000,49,heldout_val,0.24725497508974595,0.9766,5000,final_epoch_primary
mnist/vit_small/grayscale/compact/p20/seed2,mnist,vit_small,grayscale,compact,20,2,heldout_val,55000,0,train_online,0.807954549105059,0.7339272727272728,55000,final_epoch_primary
mnist/vit_small/grayscale/compact/p20/seed2,mnist,vit_small,grayscale,compact,20,2,heldout_val,55000,0,heldout_val,0.5361210049420595,0.845,5000,final_epoch_primary
mnist/vit_small/grayscale/compact/p20/seed2,mnist,vit_small,grayscale,compact,20,2,heldout_val,55000,1,train_online,0.3819045260846996,0.9022181818181818,55000,final_epoch_primary
mnist/vit_small/grayscale/compact/p20/seed2,mnist,vit_small,grayscale,compact,20,2,heldout_val,55000,1,heldout_val,0.40358412401266397,0.9022,5000,final_epoch_primary
mnist/vit_small/grayscale/compact/p20/seed2,mnist,vit_small,grayscale,compact,20,2,heldout_val,55000,2,train_online,0.31258934817485173,0.9246181818181818,55000,final_epoch_primary
mnist/vit_small/grayscale/compact/p20/seed2,mnist,vit_small,grayscale,compact,20,2,heldout_val,55000,2,heldout_val,0.30878048383723944,0.924,5000,final_epoch_primary
mnist/vit_small/grayscale/compact/p20/seed2,mnist,vit_small,grayscale,compact,20,2,heldout_val,55000,3,train_online,0.2764242016627707,0.9310727272727273,55000,final_epoch_primary
mnist/vit_small/grayscale/compact/p20/seed2,mnist,vit_small,grayscale,compact,20,2,heldout_val,55000,3,heldout_val,0.21882904454851523,0.9432,5000,final_epoch_primary
mnist/vit_small/grayscale/compact/p20/seed2,mnist,vit_small,grayscale,compact,20,2,heldout_val,55000,4,train_online,0.26031782522533425,0.9343818181818182,55000,final_epoch_primary
mnist/vit_small/grayscale/compact/p20/seed2,mnist,vit_small,grayscale,compact,20,2,heldout_val,55000,4,heldout_val,0.2936667790201027,0.9292,5000,final_epoch_primary
mnist/vit_small/grayscale/compact/p20/seed2,mnist,vit_small,grayscale,compact,20,2,heldout_val,55000,5,train_online,0.23348667528026695,0.9398909090909091,55000,final_epoch_primary
mnist/vit_small/grayscale/compact/p20/seed2,mnist,vit_small,grayscale,compact,20,2,heldout_val,55000,5,heldout_val,0.2415850495668594,0.9392,5000,final_epoch_primary
mnist/vit_small/grayscale/compact/p20/seed2,mnist,vit_small,grayscale,compact,20,2,heldout_val,55000,6,train_online,0.2099514349696184,0.9462909090909091,55000,final_epoch_primary
mnist/vit_small/grayscale/compact/p20/seed2,mnist,vit_small,grayscale,compact,20,2,heldout_val,55000,6,heldout_val,0.2906888693080284,0.9306,5000,final_epoch_primary
mnist/vit_small/grayscale/compact/p20/seed2,mnist,vit_small,grayscale,compact,20,2,heldout_val,55000,7,train_online,0.20168354310043665,0.9494181818181818,55000,final_epoch_primary
mnist/vit_small/grayscale/compact/p20/seed2,mnist,vit_small,grayscale,compact,20,2,heldout_val,55000,7,heldout_val,0.1946532737473026,0.952,5000,final_epoch_primary
mnist/vit_small/grayscale/compact/p20/seed2,mnist,vit_small,grayscale,compact,20,2,heldout_val,55000,8,train_online,0.18561958068121986,0.9532181818181819,55000,final_epoch_primary
mnist/vit_small/grayscale/compact/p20/seed2,mnist,vit_small,grayscale,compact,20,2,heldout_val,55000,8,heldout_val,0.21851193507367278,0.9464,5000,final_epoch_primary
mnist/vit_small/grayscale/compact/p20/seed2,mnist,vit_small,grayscale,compact,20,2,heldout_val,55000,9,train_online,0.17199294084081723,0.9552545454545455,55000,final_epoch_primary
mnist/vit_small/grayscale/compact/p20/seed2,mnist,vit_small,grayscale,compact,20,2,heldout_val,55000,9,heldout_val,0.17763241060199217,0.9542,5000,final_epoch_primary
mnist/vit_small/grayscale/compact/p20/seed2,mnist,vit_small,grayscale,compact,20,2,heldout_val,55000,10,train_online,0.16306754469719123,0.9590545454545455,55000,final_epoch_primary
mnist/vit_small/grayscale/compact/p20/seed2,mnist,vit_small,grayscale,compact,20,2,heldout_val,55000,10,heldout_val,0.17819628440770321,0.9576,5000,final_epoch_primary
mnist/vit_small/grayscale/compact/p20/seed2,mnist,vit_small,grayscale,compact,20,2,heldout_val,55000,11,train_online,0.1567464677174692,0.9607454545454546,55000,final_epoch_primary
mnist/vit_small/grayscale/compact/p20/seed2,mnist,vit_small,grayscale,compact,20,2,heldout_val,55000,11,heldout_val,0.15870661154440605,0.9582,5000,final_epoch_primary
mnist/vit_small/grayscale/compact/p20/seed2,mnist,vit_small,grayscale,compact,20,2,heldout_val,55000,12,train_online,0.14584380850672765,0.9630181818181818,55000,final_epoch_primary
mnist/vit_small/grayscale/compact/p20/seed2,mnist,vit_small,grayscale,compact,20,2,heldout_val,55000,12,heldout_val,0.16313075724234805,0.9572,5000,final_epoch_primary
mnist/vit_small/grayscale/compact/p20/seed2,mnist,vit_small,grayscale,compact,20,2,heldout_val,55000,13,train_online,0.13865478260695555,0.9649636363636364,55000,final_epoch_primary
mnist/vit_small/grayscale/compact/p20/seed2,mnist,vit_small,grayscale,compact,20,2,heldout_val,55000,13,heldout_val,0.15742721575072502,0.961,5000,final_epoch_primary
mnist/vit_small/grayscale/compact/p20/seed2,mnist,vit_small,grayscale,compact,20,2,heldout_val,55000,14,train_online,0.1312248484693732,0.9665818181818182,55000,final_epoch_primary
mnist/vit_small/grayscale/compact/p20/seed2,mnist,vit_small,grayscale,compact,20,2,heldout_val,55000,14,heldout_val,0.18612110944972374,0.9518,5000,final_epoch_primary
mnist/vit_small/grayscale/compact/p20/seed2,mnist,vit_small,grayscale,compact,20,2,heldout_val,55000,15,train_online,0.12696505548824155,0.9682,55000,final_epoch_primary
mnist/vit_small/grayscale/compact/p20/seed2,mnist,vit_small,grayscale,compact,20,2,heldout_val,55000,15,heldout_val,0.15664889004349242,0.9608,5000,final_epoch_primary
mnist/vit_small/grayscale/compact/p20/seed2,mnist,vit_small,grayscale,compact,20,2,heldout_val,55000,16,train_online,0.1224267772236712,0.9694727272727273,55000,final_epoch_primary
mnist/vit_small/grayscale/compact/p20/seed2,mnist,vit_small,grayscale,compact,20,2,heldout_val,55000,16,heldout_val,0.19677424483448266,0.9568,5000,final_epoch_primary
mnist/vit_small/grayscale/compact/p20/seed2,mnist,vit_small,grayscale,compact,20,2,heldout_val,55000,17,train_online,0.11429061893531312,0.971,55000,final_epoch_primary
mnist/vit_small/grayscale/compact/p20/seed2,mnist,vit_small,grayscale,compact,20,2,heldout_val,55000,17,heldout_val,0.16399098202188034,0.962,5000,final_epoch_primary
mnist/vit_small/grayscale/compact/p20/seed2,mnist,vit_small,grayscale,compact,20,2,heldout_val,55000,18,train_online,0.11050379274274667,0.9725272727272727,55000,final_epoch_primary
mnist/vit_small/grayscale/compact/p20/seed2,mnist,vit_small,grayscale,compact,20,2,heldout_val,55000,18,heldout_val,0.16635705829517683,0.964,5000,final_epoch_primary
mnist/vit_small/grayscale/compact/p20/seed2,mnist,vit_small,grayscale,compact,20,2,heldout_val,55000,19,train_online,0.1077491516142565,0.9734181818181818,55000,final_epoch_primary
mnist/vit_small/grayscale/compact/p20/seed2,mnist,vit_small,grayscale,compact,20,2,heldout_val,55000,19,heldout_val,0.18231874303764198,0.9578,5000,final_epoch_primary
mnist/vit_small/grayscale/compact/p20/seed2,mnist,vit_small,grayscale,compact,20,2,heldout_val,55000,20,train_online,0.10182757941618646,0.9749818181818182,55000,final_epoch_primary
mnist/vit_small/grayscale/compact/p20/seed2,mnist,vit_small,grayscale,compact,20,2,heldout_val,55000,20,heldout_val,0.184089519837033,0.9588,5000,final_epoch_primary
mnist/vit_small/grayscale/compact/p20/seed2,mnist,vit_small,grayscale,compact,20,2,heldout_val,55000,21,train_online,0.09597811249705687,0.9763272727272727,55000,final_epoch_primary
mnist/vit_small/grayscale/compact/p20/seed2,mnist,vit_small,grayscale,compact,20,2,heldout_val,55000,21,heldout_val,0.1392289107908029,0.9676,5000,final_epoch_primary
mnist/vit_small/grayscale/compact/p20/seed2,mnist,vit_small,grayscale,compact,20,2,heldout_val,55000,22,train_online,0.09235136956828223,0.9774545454545455,55000,final_epoch_primary
mnist/vit_small/grayscale/compact/p20/seed2,mnist,vit_small,grayscale,compact,20,2,heldout_val,55000,22,heldout_val,0.17410522453858285,0.9624,5000,final_epoch_primary
mnist/vit_small/grayscale/compact/p20/seed2,mnist,vit_small,grayscale,compact,20,2,heldout_val,55000,23,train_online,0.08602521959517723,0.9792181818181818,55000,final_epoch_primary
mnist/vit_small/grayscale/compact/p20/seed2,mnist,vit_small,grayscale,compact,20,2,heldout_val,55000,23,heldout_val,0.1377929425407201,0.9708,5000,final_epoch_primary
mnist/vit_small/grayscale/compact/p20/seed2,mnist,vit_small,grayscale,compact,20,2,heldout_val,55000,24,train_online,0.08123770201664672,0.9802909090909091,55000,final_epoch_primary
mnist/vit_small/grayscale/compact/p20/seed2,mnist,vit_small,grayscale,compact,20,2,heldout_val,55000,24,heldout_val,0.1574427899389877,0.9658,5000,final_epoch_primary
mnist/vit_small/grayscale/compact/p20/seed2,mnist,vit_small,grayscale,compact,20,2,heldout_val,55000,25,train_online,0.07487819880156524,0.9819454545454546,55000,final_epoch_primary
mnist/vit_small/grayscale/compact/p20/seed2,mnist,vit_small,grayscale,compact,20,2,heldout_val,55000,25,heldout_val,0.11880349507352803,0.9718,5000,final_epoch_primary
mnist/vit_small/grayscale/compact/p20/seed2,mnist,vit_small,grayscale,compact,20,2,heldout_val,55000,26,train_online,0.07297807594207274,0.982890909090909,55000,final_epoch_primary
mnist/vit_small/grayscale/compact/p20/seed2,mnist,vit_small,grayscale,compact,20,2,heldout_val,55000,26,heldout_val,0.14371789417640538,0.9692,5000,final_epoch_primary
mnist/vit_small/grayscale/compact/p20/seed2,mnist,vit_small,grayscale,compact,20,2,heldout_val,55000,27,train_online,0.06642683015592682,0.983909090909091,55000,final_epoch_primary
mnist/vit_small/grayscale/compact/p20/seed2,mnist,vit_small,grayscale,compact,20,2,heldout_val,55000,27,heldout_val,0.14546232765491005,0.9712,5000,final_epoch_primary
mnist/vit_small/grayscale/compact/p20/seed2,mnist,vit_small,grayscale,compact,20,2,heldout_val,55000,28,train_online,0.06321320540971144,0.9844,55000,final_epoch_primary
mnist/vit_small/grayscale/compact/p20/seed2,mnist,vit_small,grayscale,compact,20,2,heldout_val,55000,28,heldout_val,0.14194823642112314,0.9734,5000,final_epoch_primary
mnist/vit_small/grayscale/compact/p20/seed2,mnist,vit_small,grayscale,compact,20,2,heldout_val,55000,29,train_online,0.05676260298603844,0.9866181818181818,55000,final_epoch_primary
mnist/vit_small/grayscale/compact/p20/seed2,mnist,vit_small,grayscale,compact,20,2,heldout_val,55000,29,heldout_val,0.1729689882536768,0.9682,5000,final_epoch_primary
mnist/vit_small/grayscale/compact/p20/seed2,mnist,vit_small,grayscale,compact,20,2,heldout_val,55000,30,train_online,0.05169067766841035,0.9878545454545454,55000,final_epoch_primary
mnist/vit_small/grayscale/compact/p20/seed2,mnist,vit_small,grayscale,compact,20,2,heldout_val,55000,30,heldout_val,0.15951978575497633,0.9698,5000,final_epoch_primary
mnist/vit_small/grayscale/compact/p20/seed2,mnist,vit_small,grayscale,compact,20,2,heldout_val,55000,31,train_online,0.04738348777313288,0.9889818181818182,55000,final_epoch_primary
mnist/vit_small/grayscale/compact/p20/seed2,mnist,vit_small,grayscale,compact,20,2,heldout_val,55000,31,heldout_val,0.17187056780204876,0.9696,5000,final_epoch_primary
mnist/vit_small/grayscale/compact/p20/seed2,mnist,vit_small,grayscale,compact,20,2,heldout_val,55000,32,train_online,0.04181209333889155,0.9903636363636363,55000,final_epoch_primary
mnist/vit_small/grayscale/compact/p20/seed2,mnist,vit_small,grayscale,compact,20,2,heldout_val,55000,32,heldout_val,0.16218579051899143,0.9724,5000,final_epoch_primary
mnist/vit_small/grayscale/compact/p20/seed2,mnist,vit_small,grayscale,compact,20,2,heldout_val,55000,33,train_online,0.03744137857256111,0.9915272727272727,55000,final_epoch_primary
mnist/vit_small/grayscale/compact/p20/seed2,mnist,vit_small,grayscale,compact,20,2,heldout_val,55000,33,heldout_val,0.166929787928515,0.9718,5000,final_epoch_primary
mnist/vit_small/grayscale/compact/p20/seed2,mnist,vit_small,grayscale,compact,20,2,heldout_val,55000,34,train_online,0.03107769185481474,0.9925454545454545,55000,final_epoch_primary
mnist/vit_small/grayscale/compact/p20/seed2,mnist,vit_small,grayscale,compact,20,2,heldout_val,55000,34,heldout_val,0.17662221710825687,0.9738,5000,final_epoch_primary
mnist/vit_small/grayscale/compact/p20/seed2,mnist,vit_small,grayscale,compact,20,2,heldout_val,55000,35,train_online,0.025723334253823386,0.9943818181818181,55000,final_epoch_primary
mnist/vit_small/grayscale/compact/p20/seed2,mnist,vit_small,grayscale,compact,20,2,heldout_val,55000,35,heldout_val,0.16865917773004477,0.9726,5000,final_epoch_primary
mnist/vit_small/grayscale/compact/p20/seed2,mnist,vit_small,grayscale,compact,20,2,heldout_val,55000,36,train_online,0.02102679593164331,0.9951272727272727,55000,final_epoch_primary
mnist/vit_small/grayscale/compact/p20/seed2,mnist,vit_small,grayscale,compact,20,2,heldout_val,55000,36,heldout_val,0.1770563235947062,0.9734,5000,final_epoch_primary
mnist/vit_small/grayscale/compact/p20/seed2,mnist,vit_small,grayscale,compact,20,2,heldout_val,55000,37,train_online,0.017495951266464478,0.9962909090909091,55000,final_epoch_primary
mnist/vit_small/grayscale/compact/p20/seed2,mnist,vit_small,grayscale,compact,20,2,heldout_val,55000,37,heldout_val,0.17343481099795607,0.9758,5000,final_epoch_primary
mnist/vit_small/grayscale/compact/p20/seed2,mnist,vit_small,grayscale,compact,20,2,heldout_val,55000,38,train_online,0.014187364669453879,0.9968363636363636,55000,final_epoch_primary
mnist/vit_small/grayscale/compact/p20/seed2,mnist,vit_small,grayscale,compact,20,2,heldout_val,55000,38,heldout_val,0.20740456205740665,0.9722,5000,final_epoch_primary
mnist/vit_small/grayscale/compact/p20/seed2,mnist,vit_small,grayscale,compact,20,2,heldout_val,55000,39,train_online,0.011458407488262028,0.9975272727272727,55000,final_epoch_primary
mnist/vit_small/grayscale/compact/p20/seed2,mnist,vit_small,grayscale,compact,20,2,heldout_val,55000,39,heldout_val,0.19404501272520994,0.9768,5000,final_epoch_primary
mnist/vit_small/grayscale/compact/p20/seed2,mnist,vit_small,grayscale,compact,20,2,heldout_val,55000,40,train_online,0.007887690995979805,0.9982181818181818,55000,final_epoch_primary
mnist/vit_small/grayscale/compact/p20/seed2,mnist,vit_small,grayscale,compact,20,2,heldout_val,55000,40,heldout_val,0.21185368276783556,0.9752,5000,final_epoch_primary
mnist/vit_small/grayscale/compact/p20/seed2,mnist,vit_small,grayscale,compact,20,2,heldout_val,55000,41,train_online,0.005992232380009773,0.9986363636363637,55000,final_epoch_primary
mnist/vit_small/grayscale/compact/p20/seed2,mnist,vit_small,grayscale,compact,20,2,heldout_val,55000,41,heldout_val,0.22150140349354297,0.9756,5000,final_epoch_primary
mnist/vit_small/grayscale/compact/p20/seed2,mnist,vit_small,grayscale,compact,20,2,heldout_val,55000,42,train_online,0.0043756255928885535,0.9990363636363636,55000,final_epoch_primary
mnist/vit_small/grayscale/compact/p20/seed2,mnist,vit_small,grayscale,compact,20,2,heldout_val,55000,42,heldout_val,0.2265099325379135,0.9744,5000,final_epoch_primary
mnist/vit_small/grayscale/compact/p20/seed2,mnist,vit_small,grayscale,compact,20,2,heldout_val,55000,43,train_online,0.0020917253157008418,0.9994909090909091,55000,final_epoch_primary
mnist/vit_small/grayscale/compact/p20/seed2,mnist,vit_small,grayscale,compact,20,2,heldout_val,55000,43,heldout_val,0.22959971375428778,0.9762,5000,final_epoch_primary
mnist/vit_small/grayscale/compact/p20/seed2,mnist,vit_small,grayscale,compact,20,2,heldout_val,55000,44,train_online,0.0018105941786142052,0.9996,55000,final_epoch_primary
mnist/vit_small/grayscale/compact/p20/seed2,mnist,vit_small,grayscale,compact,20,2,heldout_val,55000,44,heldout_val,0.22927345678207658,0.976,5000,final_epoch_primary
mnist/vit_small/grayscale/compact/p20/seed2,mnist,vit_small,grayscale,compact,20,2,heldout_val,55000,45,train_online,0.0015831382027441702,0.9997272727272727,55000,final_epoch_primary
mnist/vit_small/grayscale/compact/p20/seed2,mnist,vit_small,grayscale,compact,20,2,heldout_val,55000,45,heldout_val,0.24212487813457628,0.9764,5000,final_epoch_primary
mnist/vit_small/grayscale/compact/p20/seed2,mnist,vit_small,grayscale,compact,20,2,heldout_val,55000,46,train_online,0.00093391285089808,0.9998727272727272,55000,final_epoch_primary
mnist/vit_small/grayscale/compact/p20/seed2,mnist,vit_small,grayscale,compact,20,2,heldout_val,55000,46,heldout_val,0.2465959687086489,0.9762,5000,final_epoch_primary
mnist/vit_small/grayscale/compact/p20/seed2,mnist,vit_small,grayscale,compact,20,2,heldout_val,55000,47,train_online,0.0004517395673433756,0.9998545454545454,55000,final_epoch_primary
mnist/vit_small/grayscale/compact/p20/seed2,mnist,vit_small,grayscale,compact,20,2,heldout_val,55000,47,heldout_val,0.24864137240041187,0.9764,5000,final_epoch_primary
mnist/vit_small/grayscale/compact/p20/seed2,mnist,vit_small,grayscale,compact,20,2,heldout_val,55000,48,train_online,0.0022604797801171117,0.9996727272727273,55000,final_epoch_primary
mnist/vit_small/grayscale/compact/p20/seed2,mnist,vit_small,grayscale,compact,20,2,heldout_val,55000,48,heldout_val,0.24660877673519144,0.9768,5000,final_epoch_primary
mnist/vit_small/grayscale/compact/p20/seed2,mnist,vit_small,grayscale,compact,20,2,heldout_val,55000,49,train_online,0.0015897220333426544,0.9997636363636364,55000,final_epoch_primary
mnist/vit_small/grayscale/compact/p20/seed2,mnist,vit_small,grayscale,compact,20,2,heldout_val,55000,49,heldout_val,0.24725497508974595,0.9766,5000,final_epoch_primary
mnist/vit_small/grayscale/compact/p40/seed2,mnist,vit_small,grayscale,compact,40,2,heldout_val,55000,0,train_online,0.807954549105059,0.7339272727272728,55000,final_epoch_primary
mnist/vit_small/grayscale/compact/p40/seed2,mnist,vit_small,grayscale,compact,40,2,heldout_val,55000,0,heldout_val,0.5361210049420595,0.845,5000,final_epoch_primary
mnist/vit_small/grayscale/compact/p40/seed2,mnist,vit_small,grayscale,compact,40,2,heldout_val,55000,1,train_online,0.3819045260846996,0.9022181818181818,55000,final_epoch_primary
mnist/vit_small/grayscale/compact/p40/seed2,mnist,vit_small,grayscale,compact,40,2,heldout_val,55000,1,heldout_val,0.40358412401266397,0.9022,5000,final_epoch_primary
mnist/vit_small/grayscale/compact/p40/seed2,mnist,vit_small,grayscale,compact,40,2,heldout_val,55000,2,train_online,0.31258934817485173,0.9246181818181818,55000,final_epoch_primary
mnist/vit_small/grayscale/compact/p40/seed2,mnist,vit_small,grayscale,compact,40,2,heldout_val,55000,2,heldout_val,0.30878048383723944,0.924,5000,final_epoch_primary
mnist/vit_small/grayscale/compact/p40/seed2,mnist,vit_small,grayscale,compact,40,2,heldout_val,55000,3,train_online,0.2764242016627707,0.9310727272727273,55000,final_epoch_primary
mnist/vit_small/grayscale/compact/p40/seed2,mnist,vit_small,grayscale,compact,40,2,heldout_val,55000,3,heldout_val,0.21882904454851523,0.9432,5000,final_epoch_primary
mnist/vit_small/grayscale/compact/p40/seed2,mnist,vit_small,grayscale,compact,40,2,heldout_val,55000,4,train_online,0.26031782522533425,0.9343818181818182,55000,final_epoch_primary
mnist/vit_small/grayscale/compact/p40/seed2,mnist,vit_small,grayscale,compact,40,2,heldout_val,55000,4,heldout_val,0.2936667790201027,0.9292,5000,final_epoch_primary
mnist/vit_small/grayscale/compact/p40/seed2,mnist,vit_small,grayscale,compact,40,2,heldout_val,55000,5,train_online,0.23348667528026695,0.9398909090909091,55000,final_epoch_primary
mnist/vit_small/grayscale/compact/p40/seed2,mnist,vit_small,grayscale,compact,40,2,heldout_val,55000,5,heldout_val,0.2415850495668594,0.9392,5000,final_epoch_primary
mnist/vit_small/grayscale/compact/p40/seed2,mnist,vit_small,grayscale,compact,40,2,heldout_val,55000,6,train_online,0.2099514349696184,0.9462909090909091,55000,final_epoch_primary
mnist/vit_small/grayscale/compact/p40/seed2,mnist,vit_small,grayscale,compact,40,2,heldout_val,55000,6,heldout_val,0.2906888693080284,0.9306,5000,final_epoch_primary
mnist/vit_small/grayscale/compact/p40/seed2,mnist,vit_small,grayscale,compact,40,2,heldout_val,55000,7,train_online,0.20168354310043665,0.9494181818181818,55000,final_epoch_primary
mnist/vit_small/grayscale/compact/p40/seed2,mnist,vit_small,grayscale,compact,40,2,heldout_val,55000,7,heldout_val,0.1946532737473026,0.952,5000,final_epoch_primary
mnist/vit_small/grayscale/compact/p40/seed2,mnist,vit_small,grayscale,compact,40,2,heldout_val,55000,8,train_online,0.18561958068121986,0.9532181818181819,55000,final_epoch_primary
mnist/vit_small/grayscale/compact/p40/seed2,mnist,vit_small,grayscale,compact,40,2,heldout_val,55000,8,heldout_val,0.21851193507367278,0.9464,5000,final_epoch_primary
mnist/vit_small/grayscale/compact/p40/seed2,mnist,vit_small,grayscale,compact,40,2,heldout_val,55000,9,train_online,0.17199294084081723,0.9552545454545455,55000,final_epoch_primary
mnist/vit_small/grayscale/compact/p40/seed2,mnist,vit_small,grayscale,compact,40,2,heldout_val,55000,9,heldout_val,0.17763241060199217,0.9542,5000,final_epoch_primary
mnist/vit_small/grayscale/compact/p40/seed2,mnist,vit_small,grayscale,compact,40,2,heldout_val,55000,10,train_online,0.16306754469719123,0.9590545454545455,55000,final_epoch_primary
mnist/vit_small/grayscale/compact/p40/seed2,mnist,vit_small,grayscale,compact,40,2,heldout_val,55000,10,heldout_val,0.17819628440770321,0.9576,5000,final_epoch_primary
mnist/vit_small/grayscale/compact/p40/seed2,mnist,vit_small,grayscale,compact,40,2,heldout_val,55000,11,train_online,0.1567464677174692,0.9607454545454546,55000,final_epoch_primary
mnist/vit_small/grayscale/compact/p40/seed2,mnist,vit_small,grayscale,compact,40,2,heldout_val,55000,11,heldout_val,0.15870661154440605,0.9582,5000,final_epoch_primary
mnist/vit_small/grayscale/compact/p40/seed2,mnist,vit_small,grayscale,compact,40,2,heldout_val,55000,12,train_online,0.14584380850672765,0.9630181818181818,55000,final_epoch_primary
mnist/vit_small/grayscale/compact/p40/seed2,mnist,vit_small,grayscale,compact,40,2,heldout_val,55000,12,heldout_val,0.16313075724234805,0.9572,5000,final_epoch_primary
mnist/vit_small/grayscale/compact/p40/seed2,mnist,vit_small,grayscale,compact,40,2,heldout_val,55000,13,train_online,0.13865478260695555,0.9649636363636364,55000,final_epoch_primary
mnist/vit_small/grayscale/compact/p40/seed2,mnist,vit_small,grayscale,compact,40,2,heldout_val,55000,13,heldout_val,0.15742721575072502,0.961,5000,final_epoch_primary
mnist/vit_small/grayscale/compact/p40/seed2,mnist,vit_small,grayscale,compact,40,2,heldout_val,55000,14,train_online,0.1312248484693732,0.9665818181818182,55000,final_epoch_primary
mnist/vit_small/grayscale/compact/p40/seed2,mnist,vit_small,grayscale,compact,40,2,heldout_val,55000,14,heldout_val,0.18612110944972374,0.9518,5000,final_epoch_primary
mnist/vit_small/grayscale/compact/p40/seed2,mnist,vit_small,grayscale,compact,40,2,heldout_val,55000,15,train_online,0.12696505548824155,0.9682,55000,final_epoch_primary
mnist/vit_small/grayscale/compact/p40/seed2,mnist,vit_small,grayscale,compact,40,2,heldout_val,55000,15,heldout_val,0.15664889004349242,0.9608,5000,final_epoch_primary
mnist/vit_small/grayscale/compact/p40/seed2,mnist,vit_small,grayscale,compact,40,2,heldout_val,55000,16,train_online,0.1224267772236712,0.9694727272727273,55000,final_epoch_primary
mnist/vit_small/grayscale/compact/p40/seed2,mnist,vit_small,grayscale,compact,40,2,heldout_val,55000,16,heldout_val,0.19677424483448266,0.9568,5000,final_epoch_primary
mnist/vit_small/grayscale/compact/p40/seed2,mnist,vit_small,grayscale,compact,40,2,heldout_val,55000,17,train_online,0.11429061893531312,0.971,55000,final_epoch_primary
mnist/vit_small/grayscale/compact/p40/seed2,mnist,vit_small,grayscale,compact,40,2,heldout_val,55000,17,heldout_val,0.16399098202188034,0.962,5000,final_epoch_primary
mnist/vit_small/grayscale/compact/p40/seed2,mnist,vit_small,grayscale,compact,40,2,heldout_val,55000,18,train_online,0.11050379274274667,0.9725272727272727,55000,final_epoch_primary
mnist/vit_small/grayscale/compact/p40/seed2,mnist,vit_small,grayscale,compact,40,2,heldout_val,55000,18,heldout_val,0.16635705829517683,0.964,5000,final_epoch_primary
mnist/vit_small/grayscale/compact/p40/seed2,mnist,vit_small,grayscale,compact,40,2,heldout_val,55000,19,train_online,0.1077491516142565,0.9734181818181818,55000,final_epoch_primary
mnist/vit_small/grayscale/compact/p40/seed2,mnist,vit_small,grayscale,compact,40,2,heldout_val,55000,19,heldout_val,0.18231874303764198,0.9578,5000,final_epoch_primary
mnist/vit_small/grayscale/compact/p40/seed2,mnist,vit_small,grayscale,compact,40,2,heldout_val,55000,20,train_online,0.10182757941618646,0.9749818181818182,55000,final_epoch_primary
mnist/vit_small/grayscale/compact/p40/seed2,mnist,vit_small,grayscale,compact,40,2,heldout_val,55000,20,heldout_val,0.184089519837033,0.9588,5000,final_epoch_primary
mnist/vit_small/grayscale/compact/p40/seed2,mnist,vit_small,grayscale,compact,40,2,heldout_val,55000,21,train_online,0.09597811249705687,0.9763272727272727,55000,final_epoch_primary
mnist/vit_small/grayscale/compact/p40/seed2,mnist,vit_small,grayscale,compact,40,2,heldout_val,55000,21,heldout_val,0.1392289107908029,0.9676,5000,final_epoch_primary
mnist/vit_small/grayscale/compact/p40/seed2,mnist,vit_small,grayscale,compact,40,2,heldout_val,55000,22,train_online,0.09235136956828223,0.9774545454545455,55000,final_epoch_primary
mnist/vit_small/grayscale/compact/p40/seed2,mnist,vit_small,grayscale,compact,40,2,heldout_val,55000,22,heldout_val,0.17410522453858285,0.9624,5000,final_epoch_primary
mnist/vit_small/grayscale/compact/p40/seed2,mnist,vit_small,grayscale,compact,40,2,heldout_val,55000,23,train_online,0.08602521959517723,0.9792181818181818,55000,final_epoch_primary
mnist/vit_small/grayscale/compact/p40/seed2,mnist,vit_small,grayscale,compact,40,2,heldout_val,55000,23,heldout_val,0.1377929425407201,0.9708,5000,final_epoch_primary
mnist/vit_small/grayscale/compact/p40/seed2,mnist,vit_small,grayscale,compact,40,2,heldout_val,55000,24,train_online,0.08123770201664672,0.9802909090909091,55000,final_epoch_primary
mnist/vit_small/grayscale/compact/p40/seed2,mnist,vit_small,grayscale,compact,40,2,heldout_val,55000,24,heldout_val,0.1574427899389877,0.9658,5000,final_epoch_primary
mnist/vit_small/grayscale/compact/p40/seed2,mnist,vit_small,grayscale,compact,40,2,heldout_val,55000,25,train_online,0.07487819880156524,0.9819454545454546,55000,final_epoch_primary
mnist/vit_small/grayscale/compact/p40/seed2,mnist,vit_small,grayscale,compact,40,2,heldout_val,55000,25,heldout_val,0.11880349507352803,0.9718,5000,final_epoch_primary
mnist/vit_small/grayscale/compact/p40/seed2,mnist,vit_small,grayscale,compact,40,2,heldout_val,55000,26,train_online,0.07297807594207274,0.982890909090909,55000,final_epoch_primary
mnist/vit_small/grayscale/compact/p40/seed2,mnist,vit_small,grayscale,compact,40,2,heldout_val,55000,26,heldout_val,0.14371789417640538,0.9692,5000,final_epoch_primary
mnist/vit_small/grayscale/compact/p40/seed2,mnist,vit_small,grayscale,compact,40,2,heldout_val,55000,27,train_online,0.06642683015592682,0.983909090909091,55000,final_epoch_primary
mnist/vit_small/grayscale/compact/p40/seed2,mnist,vit_small,grayscale,compact,40,2,heldout_val,55000,27,heldout_val,0.14546232765491005,0.9712,5000,final_epoch_primary
mnist/vit_small/grayscale/compact/p40/seed2,mnist,vit_small,grayscale,compact,40,2,heldout_val,55000,28,train_online,0.06321320540971144,0.9844,55000,final_epoch_primary
mnist/vit_small/grayscale/compact/p40/seed2,mnist,vit_small,grayscale,compact,40,2,heldout_val,55000,28,heldout_val,0.14194823642112314,0.9734,5000,final_epoch_primary
mnist/vit_small/grayscale/compact/p40/seed2,mnist,vit_small,grayscale,compact,40,2,heldout_val,55000,29,train_online,0.05676260298603844,0.9866181818181818,55000,final_epoch_primary
mnist/vit_small/grayscale/compact/p40/seed2,mnist,vit_small,grayscale,compact,40,2,heldout_val,55000,29,heldout_val,0.1729689882536768,0.9682,5000,final_epoch_primary
mnist/vit_small/grayscale/compact/p40/seed2,mnist,vit_small,grayscale,compact,40,2,heldout_val,55000,30,train_online,0.05169067766841035,0.9878545454545454,55000,final_epoch_primary
mnist/vit_small/grayscale/compact/p40/seed2,mnist,vit_small,grayscale,compact,40,2,heldout_val,55000,30,heldout_val,0.15951978575497633,0.9698,5000,final_epoch_primary
mnist/vit_small/grayscale/compact/p40/seed2,mnist,vit_small,grayscale,compact,40,2,heldout_val,55000,31,train_online,0.04738348777313288,0.9889818181818182,55000,final_epoch_primary
mnist/vit_small/grayscale/compact/p40/seed2,mnist,vit_small,grayscale,compact,40,2,heldout_val,55000,31,heldout_val,0.17187056780204876,0.9696,5000,final_epoch_primary
mnist/vit_small/grayscale/compact/p40/seed2,mnist,vit_small,grayscale,compact,40,2,heldout_val,55000,32,train_online,0.04181209333889155,0.9903636363636363,55000,final_epoch_primary
mnist/vit_small/grayscale/compact/p40/seed2,mnist,vit_small,grayscale,compact,40,2,heldout_val,55000,32,heldout_val,0.16218579051899143,0.9724,5000,final_epoch_primary
mnist/vit_small/grayscale/compact/p40/seed2,mnist,vit_small,grayscale,compact,40,2,heldout_val,55000,33,train_online,0.03744137857256111,0.9915272727272727,55000,final_epoch_primary
mnist/vit_small/grayscale/compact/p40/seed2,mnist,vit_small,grayscale,compact,40,2,heldout_val,55000,33,heldout_val,0.166929787928515,0.9718,5000,final_epoch_primary
mnist/vit_small/grayscale/compact/p40/seed2,mnist,vit_small,grayscale,compact,40,2,heldout_val,55000,34,train_online,0.03107769185481474,0.9925454545454545,55000,final_epoch_primary
mnist/vit_small/grayscale/compact/p40/seed2,mnist,vit_small,grayscale,compact,40,2,heldout_val,55000,34,heldout_val,0.17662221710825687,0.9738,5000,final_epoch_primary
mnist/vit_small/grayscale/compact/p40/seed2,mnist,vit_small,grayscale,compact,40,2,heldout_val,55000,35,train_online,0.025723334253823386,0.9943818181818181,55000,final_epoch_primary
mnist/vit_small/grayscale/compact/p40/seed2,mnist,vit_small,grayscale,compact,40,2,heldout_val,55000,35,heldout_val,0.16865917773004477,0.9726,5000,final_epoch_primary
mnist/vit_small/grayscale/compact/p40/seed2,mnist,vit_small,grayscale,compact,40,2,heldout_val,55000,36,train_online,0.02102679593164331,0.9951272727272727,55000,final_epoch_primary
mnist/vit_small/grayscale/compact/p40/seed2,mnist,vit_small,grayscale,compact,40,2,heldout_val,55000,36,heldout_val,0.1770563235947062,0.9734,5000,final_epoch_primary
mnist/vit_small/grayscale/compact/p40/seed2,mnist,vit_small,grayscale,compact,40,2,heldout_val,55000,37,train_online,0.017495951266464478,0.9962909090909091,55000,final_epoch_primary
mnist/vit_small/grayscale/compact/p40/seed2,mnist,vit_small,grayscale,compact,40,2,heldout_val,55000,37,heldout_val,0.17343481099795607,0.9758,5000,final_epoch_primary
mnist/vit_small/grayscale/compact/p40/seed2,mnist,vit_small,grayscale,compact,40,2,heldout_val,55000,38,train_online,0.014187364669453879,0.9968363636363636,55000,final_epoch_primary
mnist/vit_small/grayscale/compact/p40/seed2,mnist,vit_small,grayscale,compact,40,2,heldout_val,55000,38,heldout_val,0.20740456205740665,0.9722,5000,final_epoch_primary
mnist/vit_small/grayscale/compact/p40/seed2,mnist,vit_small,grayscale,compact,40,2,heldout_val,55000,39,train_online,0.011458407488262028,0.9975272727272727,55000,final_epoch_primary
mnist/vit_small/grayscale/compact/p40/seed2,mnist,vit_small,grayscale,compact,40,2,heldout_val,55000,39,heldout_val,0.19404501272520994,0.9768,5000,final_epoch_primary
mnist/vit_small/grayscale/compact/p40/seed2,mnist,vit_small,grayscale,compact,40,2,heldout_val,55000,40,train_online,0.007887690995979805,0.9982181818181818,55000,final_epoch_primary
mnist/vit_small/grayscale/compact/p40/seed2,mnist,vit_small,grayscale,compact,40,2,heldout_val,55000,40,heldout_val,0.21185368276783556,0.9752,5000,final_epoch_primary
mnist/vit_small/grayscale/compact/p40/seed2,mnist,vit_small,grayscale,compact,40,2,heldout_val,55000,41,train_online,0.005992232380009773,0.9986363636363637,55000,final_epoch_primary
mnist/vit_small/grayscale/compact/p40/seed2,mnist,vit_small,grayscale,compact,40,2,heldout_val,55000,41,heldout_val,0.22150140349354297,0.9756,5000,final_epoch_primary
mnist/vit_small/grayscale/compact/p40/seed2,mnist,vit_small,grayscale,compact,40,2,heldout_val,55000,42,train_online,0.0043756255928885535,0.9990363636363636,55000,final_epoch_primary
mnist/vit_small/grayscale/compact/p40/seed2,mnist,vit_small,grayscale,compact,40,2,heldout_val,55000,42,heldout_val,0.2265099325379135,0.9744,5000,final_epoch_primary
mnist/vit_small/grayscale/compact/p40/seed2,mnist,vit_small,grayscale,compact,40,2,heldout_val,55000,43,train_online,0.0020917253157008418,0.9994909090909091,55000,final_epoch_primary
mnist/vit_small/grayscale/compact/p40/seed2,mnist,vit_small,grayscale,compact,40,2,heldout_val,55000,43,heldout_val,0.22959971375428778,0.9762,5000,final_epoch_primary
mnist/vit_small/grayscale/compact/p40/seed2,mnist,vit_small,grayscale,compact,40,2,heldout_val,55000,44,train_online,0.0018105941786142052,0.9996,55000,final_epoch_primary
mnist/vit_small/grayscale/compact/p40/seed2,mnist,vit_small,grayscale,compact,40,2,heldout_val,55000,44,heldout_val,0.22927345678207658,0.976,5000,final_epoch_primary
mnist/vit_small/grayscale/compact/p40/seed2,mnist,vit_small,grayscale,compact,40,2,heldout_val,55000,45,train_online,0.0015831382027441702,0.9997272727272727,55000,final_epoch_primary
mnist/vit_small/grayscale/compact/p40/seed2,mnist,vit_small,grayscale,compact,40,2,heldout_val,55000,45,heldout_val,0.24212487813457628,0.9764,5000,final_epoch_primary
mnist/vit_small/grayscale/compact/p40/seed2,mnist,vit_small,grayscale,compact,40,2,heldout_val,55000,46,train_online,0.00093391285089808,0.9998727272727272,55000,final_epoch_primary
mnist/vit_small/grayscale/compact/p40/seed2,mnist,vit_small,grayscale,compact,40,2,heldout_val,55000,46,heldout_val,0.2465959687086489,0.9762,5000,final_epoch_primary
mnist/vit_small/grayscale/compact/p40/seed2,mnist,vit_small,grayscale,compact,40,2,heldout_val,55000,47,train_online,0.0004517395673433756,0.9998545454545454,55000,final_epoch_primary
mnist/vit_small/grayscale/compact/p40/seed2,mnist,vit_small,grayscale,compact,40,2,heldout_val,55000,47,heldout_val,0.24864137240041187,0.9764,5000,final_epoch_primary
mnist/vit_small/grayscale/compact/p40/seed2,mnist,vit_small,grayscale,compact,40,2,heldout_val,55000,48,train_online,0.0022604797801171117,0.9996727272727273,55000,final_epoch_primary
mnist/vit_small/grayscale/compact/p40/seed2,mnist,vit_small,grayscale,compact,40,2,heldout_val,55000,48,heldout_val,0.24660877673519144,0.9768,5000,final_epoch_primary
mnist/vit_small/grayscale/compact/p40/seed2,mnist,vit_small,grayscale,compact,40,2,heldout_val,55000,49,train_online,0.0015897220333426544,0.9997636363636364,55000,final_epoch_primary
mnist/vit_small/grayscale/compact/p40/seed2,mnist,vit_small,grayscale,compact,40,2,heldout_val,55000,49,heldout_val,0.24725497508974595,0.9766,5000,final_epoch_primary
mnist/vit_small/grayscale/compact/p60/seed2,mnist,vit_small,grayscale,compact,60,2,heldout_val,55000,0,train_online,0.8032183150998571,0.7353636363636363,55000,final_epoch_primary
mnist/vit_small/grayscale/compact/p60/seed2,mnist,vit_small,grayscale,compact,60,2,heldout_val,55000,0,heldout_val,0.559679577600956,0.8466,5000,final_epoch_primary
mnist/vit_small/grayscale/compact/p60/seed2,mnist,vit_small,grayscale,compact,60,2,heldout_val,55000,1,train_online,0.3783677142412148,0.9036363636363637,55000,final_epoch_primary
mnist/vit_small/grayscale/compact/p60/seed2,mnist,vit_small,grayscale,compact,60,2,heldout_val,55000,1,heldout_val,0.3302469367721118,0.928,5000,final_epoch_primary
mnist/vit_small/grayscale/compact/p60/seed2,mnist,vit_small,grayscale,compact,60,2,heldout_val,55000,2,train_online,0.3121803426377433,0.9243636363636364,55000,final_epoch_primary
mnist/vit_small/grayscale/compact/p60/seed2,mnist,vit_small,grayscale,compact,60,2,heldout_val,55000,2,heldout_val,0.33689670450650155,0.9196,5000,final_epoch_primary
mnist/vit_small/grayscale/compact/p60/seed2,mnist,vit_small,grayscale,compact,60,2,heldout_val,55000,3,train_online,0.28324819695855574,0.9298181818181818,55000,final_epoch_primary
mnist/vit_small/grayscale/compact/p60/seed2,mnist,vit_small,grayscale,compact,60,2,heldout_val,55000,3,heldout_val,0.28654170171394944,0.929,5000,final_epoch_primary
mnist/vit_small/grayscale/compact/p60/seed2,mnist,vit_small,grayscale,compact,60,2,heldout_val,55000,4,train_online,0.27031227472678926,0.9306909090909091,55000,final_epoch_primary
mnist/vit_small/grayscale/compact/p60/seed2,mnist,vit_small,grayscale,compact,60,2,heldout_val,55000,4,heldout_val,0.26141774576026944,0.9312,5000,final_epoch_primary
mnist/vit_small/grayscale/compact/p60/seed2,mnist,vit_small,grayscale,compact,60,2,heldout_val,55000,5,train_online,0.2562243948164438,0.9348909090909091,55000,final_epoch_primary
mnist/vit_small/grayscale/compact/p60/seed2,mnist,vit_small,grayscale,compact,60,2,heldout_val,55000,5,heldout_val,0.3854337944278028,0.9064,5000,final_epoch_primary
mnist/vit_small/grayscale/compact/p60/seed2,mnist,vit_small,grayscale,compact,60,2,heldout_val,55000,6,train_online,0.23743555379246614,0.9392363636363636,55000,final_epoch_primary
mnist/vit_small/grayscale/compact/p60/seed2,mnist,vit_small,grayscale,compact,60,2,heldout_val,55000,6,heldout_val,0.2643422028142959,0.93,5000,final_epoch_primary
mnist/vit_small/grayscale/compact/p60/seed2,mnist,vit_small,grayscale,compact,60,2,heldout_val,55000,7,train_online,0.2194171527135355,0.9432181818181818,55000,final_epoch_primary
mnist/vit_small/grayscale/compact/p60/seed2,mnist,vit_small,grayscale,compact,60,2,heldout_val,55000,7,heldout_val,0.2607942355358973,0.9402,5000,final_epoch_primary
mnist/vit_small/grayscale/compact/p60/seed2,mnist,vit_small,grayscale,compact,60,2,heldout_val,55000,8,train_online,0.20117385566926096,0.9484,55000,final_epoch_primary
mnist/vit_small/grayscale/compact/p60/seed2,mnist,vit_small,grayscale,compact,60,2,heldout_val,55000,8,heldout_val,0.26138609763672577,0.9358,5000,final_epoch_primary
mnist/vit_small/grayscale/compact/p60/seed2,mnist,vit_small,grayscale,compact,60,2,heldout_val,55000,9,train_online,0.18777763545780274,0.9528545454545455,55000,final_epoch_primary
mnist/vit_small/grayscale/compact/p60/seed2,mnist,vit_small,grayscale,compact,60,2,heldout_val,55000,9,heldout_val,0.20015204209946097,0.9474,5000,final_epoch_primary
mnist/vit_small/grayscale/compact/p60/seed2,mnist,vit_small,grayscale,compact,60,2,heldout_val,55000,10,train_online,0.17906109040918844,0.9546545454545454,55000,final_epoch_primary
mnist/vit_small/grayscale/compact/p60/seed2,mnist,vit_small,grayscale,compact,60,2,heldout_val,55000,10,heldout_val,0.16439226617242675,0.9576,5000,final_epoch_primary
mnist/vit_small/grayscale/compact/p60/seed2,mnist,vit_small,grayscale,compact,60,2,heldout_val,55000,11,train_online,0.16649366289307047,0.9572545454545455,55000,final_epoch_primary
mnist/vit_small/grayscale/compact/p60/seed2,mnist,vit_small,grayscale,compact,60,2,heldout_val,55000,11,heldout_val,0.18706539225229063,0.9544,5000,final_epoch_primary
mnist/vit_small/grayscale/compact/p60/seed2,mnist,vit_small,grayscale,compact,60,2,heldout_val,55000,12,train_online,0.1609484298014188,0.9598,55000,final_epoch_primary
mnist/vit_small/grayscale/compact/p60/seed2,mnist,vit_small,grayscale,compact,60,2,heldout_val,55000,12,heldout_val,0.19724365215103606,0.9524,5000,final_epoch_primary
mnist/vit_small/grayscale/compact/p60/seed2,mnist,vit_small,grayscale,compact,60,2,heldout_val,55000,13,train_online,0.15497845429259732,0.9612909090909091,55000,final_epoch_primary
mnist/vit_small/grayscale/compact/p60/seed2,mnist,vit_small,grayscale,compact,60,2,heldout_val,55000,13,heldout_val,0.22049882196385878,0.947,5000,final_epoch_primary
mnist/vit_small/grayscale/compact/p60/seed2,mnist,vit_small,grayscale,compact,60,2,heldout_val,55000,14,train_online,0.14541391432414846,0.9626181818181818,55000,final_epoch_primary
mnist/vit_small/grayscale/compact/p60/seed2,mnist,vit_small,grayscale,compact,60,2,heldout_val,55000,14,heldout_val,0.1513529705860652,0.9586,5000,final_epoch_primary
mnist/vit_small/grayscale/compact/p60/seed2,mnist,vit_small,grayscale,compact,60,2,heldout_val,55000,15,train_online,0.1381017303364055,0.9649818181818182,55000,final_epoch_primary
mnist/vit_small/grayscale/compact/p60/seed2,mnist,vit_small,grayscale,compact,60,2,heldout_val,55000,15,heldout_val,0.14913574534738436,0.9654,5000,final_epoch_primary
mnist/vit_small/grayscale/compact/p60/seed2,mnist,vit_small,grayscale,compact,60,2,heldout_val,55000,16,train_online,0.12921352120049678,0.9672727272727273,55000,final_epoch_primary
mnist/vit_small/grayscale/compact/p60/seed2,mnist,vit_small,grayscale,compact,60,2,heldout_val,55000,16,heldout_val,0.159329442659521,0.9622,5000,final_epoch_primary
mnist/vit_small/grayscale/compact/p60/seed2,mnist,vit_small,grayscale,compact,60,2,heldout_val,55000,17,train_online,0.12473544619691304,0.9684909090909091,55000,final_epoch_primary
mnist/vit_small/grayscale/compact/p60/seed2,mnist,vit_small,grayscale,compact,60,2,heldout_val,55000,17,heldout_val,0.1586360753335757,0.9622,5000,final_epoch_primary
mnist/vit_small/grayscale/compact/p60/seed2,mnist,vit_small,grayscale,compact,60,2,heldout_val,55000,18,train_online,0.11787217071439055,0.9712909090909091,55000,final_epoch_primary
mnist/vit_small/grayscale/compact/p60/seed2,mnist,vit_small,grayscale,compact,60,2,heldout_val,55000,18,heldout_val,0.17833392139838541,0.9578,5000,final_epoch_primary
mnist/vit_small/grayscale/compact/p60/seed2,mnist,vit_small,grayscale,compact,60,2,heldout_val,55000,19,train_online,0.11156876735584176,0.9722181818181819,55000,final_epoch_primary
mnist/vit_small/grayscale/compact/p60/seed2,mnist,vit_small,grayscale,compact,60,2,heldout_val,55000,19,heldout_val,0.14494598202053458,0.9662,5000,final_epoch_primary
mnist/vit_small/grayscale/compact/p60/seed2,mnist,vit_small,grayscale,compact,60,2,heldout_val,55000,20,train_online,0.10858813970437252,0.9732727272727273,55000,final_epoch_primary
mnist/vit_small/grayscale/compact/p60/seed2,mnist,vit_small,grayscale,compact,60,2,heldout_val,55000,20,heldout_val,0.20637209782749413,0.9534,5000,final_epoch_primary
mnist/vit_small/grayscale/compact/p60/seed2,mnist,vit_small,grayscale,compact,60,2,heldout_val,55000,21,train_online,0.10262824851628605,0.9748909090909091,55000,final_epoch_primary
mnist/vit_small/grayscale/compact/p60/seed2,mnist,vit_small,grayscale,compact,60,2,heldout_val,55000,21,heldout_val,0.15261317893255036,0.966,5000,final_epoch_primary
mnist/vit_small/grayscale/compact/p60/seed2,mnist,vit_small,grayscale,compact,60,2,heldout_val,55000,22,train_online,0.09963065448868279,0.9754727272727273,55000,final_epoch_primary
mnist/vit_small/grayscale/compact/p60/seed2,mnist,vit_small,grayscale,compact,60,2,heldout_val,55000,22,heldout_val,0.17739316801889798,0.9608,5000,final_epoch_primary
mnist/vit_small/grayscale/compact/p60/seed2,mnist,vit_small,grayscale,compact,60,2,heldout_val,55000,23,train_online,0.09289157196286303,0.9767636363636364,55000,final_epoch_primary
mnist/vit_small/grayscale/compact/p60/seed2,mnist,vit_small,grayscale,compact,60,2,heldout_val,55000,23,heldout_val,0.1327632379301358,0.9684,5000,final_epoch_primary
mnist/vit_small/grayscale/compact/p60/seed2,mnist,vit_small,grayscale,compact,60,2,heldout_val,55000,24,train_online,0.08884482516833603,0.9784909090909091,55000,final_epoch_primary
mnist/vit_small/grayscale/compact/p60/seed2,mnist,vit_small,grayscale,compact,60,2,heldout_val,55000,24,heldout_val,0.1629690328177414,0.9654,5000,final_epoch_primary
mnist/vit_small/grayscale/compact/p60/seed2,mnist,vit_small,grayscale,compact,60,2,heldout_val,55000,25,train_online,0.08391510633179727,0.9792909090909091,55000,final_epoch_primary
mnist/vit_small/grayscale/compact/p60/seed2,mnist,vit_small,grayscale,compact,60,2,heldout_val,55000,25,heldout_val,0.12828251956870082,0.9702,5000,final_epoch_primary
mnist/vit_small/grayscale/compact/p60/seed2,mnist,vit_small,grayscale,compact,60,2,heldout_val,55000,26,train_online,0.0797793687644785,0.9804363636363637,55000,final_epoch_primary
mnist/vit_small/grayscale/compact/p60/seed2,mnist,vit_small,grayscale,compact,60,2,heldout_val,55000,26,heldout_val,0.15155608919790248,0.9676,5000,final_epoch_primary
mnist/vit_small/grayscale/compact/p60/seed2,mnist,vit_small,grayscale,compact,60,2,heldout_val,55000,27,train_online,0.07394592168198962,0.9823454545454545,55000,final_epoch_primary
mnist/vit_small/grayscale/compact/p60/seed2,mnist,vit_small,grayscale,compact,60,2,heldout_val,55000,27,heldout_val,0.12928515516180777,0.9748,5000,final_epoch_primary
mnist/vit_small/grayscale/compact/p60/seed2,mnist,vit_small,grayscale,compact,60,2,heldout_val,55000,28,train_online,0.06993161355959389,0.9836727272727273,55000,final_epoch_primary
mnist/vit_small/grayscale/compact/p60/seed2,mnist,vit_small,grayscale,compact,60,2,heldout_val,55000,28,heldout_val,0.16284905889068033,0.9686,5000,final_epoch_primary
mnist/vit_small/grayscale/compact/p60/seed2,mnist,vit_small,grayscale,compact,60,2,heldout_val,55000,29,train_online,0.06442728513550298,0.9849454545454546,55000,final_epoch_primary
mnist/vit_small/grayscale/compact/p60/seed2,mnist,vit_small,grayscale,compact,60,2,heldout_val,55000,29,heldout_val,0.1613694577693299,0.9676,5000,final_epoch_primary
mnist/vit_small/grayscale/compact/p60/seed2,mnist,vit_small,grayscale,compact,60,2,heldout_val,55000,30,train_online,0.06049798877953382,0.9860363636363636,55000,final_epoch_primary
mnist/vit_small/grayscale/compact/p60/seed2,mnist,vit_small,grayscale,compact,60,2,heldout_val,55000,30,heldout_val,0.14838257837354904,0.9694,5000,final_epoch_primary
mnist/vit_small/grayscale/compact/p60/seed2,mnist,vit_small,grayscale,compact,60,2,heldout_val,55000,31,train_online,0.05125340525787509,0.9876545454545455,55000,final_epoch_primary
mnist/vit_small/grayscale/compact/p60/seed2,mnist,vit_small,grayscale,compact,60,2,heldout_val,55000,31,heldout_val,0.1755488328204694,0.9696,5000,final_epoch_primary
mnist/vit_small/grayscale/compact/p60/seed2,mnist,vit_small,grayscale,compact,60,2,heldout_val,55000,32,train_online,0.05030848387443006,0.9886545454545455,55000,final_epoch_primary
mnist/vit_small/grayscale/compact/p60/seed2,mnist,vit_small,grayscale,compact,60,2,heldout_val,55000,32,heldout_val,0.15173032435788772,0.9722,5000,final_epoch_primary
mnist/vit_small/grayscale/compact/p60/seed2,mnist,vit_small,grayscale,compact,60,2,heldout_val,55000,33,train_online,0.04116781340794299,0.9902909090909091,55000,final_epoch_primary
mnist/vit_small/grayscale/compact/p60/seed2,mnist,vit_small,grayscale,compact,60,2,heldout_val,55000,33,heldout_val,0.16481582545108978,0.969,5000,final_epoch_primary
mnist/vit_small/grayscale/compact/p60/seed2,mnist,vit_small,grayscale,compact,60,2,heldout_val,55000,34,train_online,0.03729240752973472,0.9913636363636363,55000,final_epoch_primary
mnist/vit_small/grayscale/compact/p60/seed2,mnist,vit_small,grayscale,compact,60,2,heldout_val,55000,34,heldout_val,0.17425417847146163,0.9718,5000,final_epoch_primary
mnist/vit_small/grayscale/compact/p60/seed2,mnist,vit_small,grayscale,compact,60,2,heldout_val,55000,35,train_online,0.02943155190391421,0.9932181818181818,55000,final_epoch_primary
mnist/vit_small/grayscale/compact/p60/seed2,mnist,vit_small,grayscale,compact,60,2,heldout_val,55000,35,heldout_val,0.17989357091669517,0.9716,5000,final_epoch_primary
mnist/vit_small/grayscale/compact/p60/seed2,mnist,vit_small,grayscale,compact,60,2,heldout_val,55000,36,train_online,0.027389879550983924,0.9941454545454546,55000,final_epoch_primary
mnist/vit_small/grayscale/compact/p60/seed2,mnist,vit_small,grayscale,compact,60,2,heldout_val,55000,36,heldout_val,0.18488502633222814,0.9748,5000,final_epoch_primary
mnist/vit_small/grayscale/compact/p60/seed2,mnist,vit_small,grayscale,compact,60,2,heldout_val,55000,37,train_online,0.02258584703705644,0.9950181818181818,55000,final_epoch_primary
mnist/vit_small/grayscale/compact/p60/seed2,mnist,vit_small,grayscale,compact,60,2,heldout_val,55000,37,heldout_val,0.17679826570180013,0.9732,5000,final_epoch_primary
mnist/vit_small/grayscale/compact/p60/seed2,mnist,vit_small,grayscale,compact,60,2,heldout_val,55000,38,train_online,0.016955569606821784,0.9962363636363636,55000,final_epoch_primary
mnist/vit_small/grayscale/compact/p60/seed2,mnist,vit_small,grayscale,compact,60,2,heldout_val,55000,38,heldout_val,0.20777121608517263,0.9724,5000,final_epoch_primary
mnist/vit_small/grayscale/compact/p60/seed2,mnist,vit_small,grayscale,compact,60,2,heldout_val,55000,39,train_online,0.012658145555596969,0.9972,55000,final_epoch_primary
mnist/vit_small/grayscale/compact/p60/seed2,mnist,vit_small,grayscale,compact,60,2,heldout_val,55000,39,heldout_val,0.20511704304165615,0.9722,5000,final_epoch_primary
mnist/vit_small/grayscale/compact/p60/seed2,mnist,vit_small,grayscale,compact,60,2,heldout_val,55000,40,train_online,0.010729676395085914,0.9976909090909091,55000,final_epoch_primary
mnist/vit_small/grayscale/compact/p60/seed2,mnist,vit_small,grayscale,compact,60,2,heldout_val,55000,40,heldout_val,0.23503437051473994,0.972,5000,final_epoch_primary
mnist/vit_small/grayscale/compact/p60/seed2,mnist,vit_small,grayscale,compact,60,2,heldout_val,55000,41,train_online,0.005837077935989542,0.9987090909090909,55000,final_epoch_primary
mnist/vit_small/grayscale/compact/p60/seed2,mnist,vit_small,grayscale,compact,60,2,heldout_val,55000,41,heldout_val,0.25114941869540747,0.972,5000,final_epoch_primary
mnist/vit_small/grayscale/compact/p60/seed2,mnist,vit_small,grayscale,compact,60,2,heldout_val,55000,42,train_online,0.004937359470585993,0.9990181818181818,55000,final_epoch_primary
mnist/vit_small/grayscale/compact/p60/seed2,mnist,vit_small,grayscale,compact,60,2,heldout_val,55000,42,heldout_val,0.2337470064707739,0.9748,5000,final_epoch_primary
mnist/vit_small/grayscale/compact/p60/seed2,mnist,vit_small,grayscale,compact,60,2,heldout_val,55000,43,train_online,0.0042086197928830355,0.9991818181818182,55000,final_epoch_primary
mnist/vit_small/grayscale/compact/p60/seed2,mnist,vit_small,grayscale,compact,60,2,heldout_val,55000,43,heldout_val,0.24706083551688818,0.9732,5000,final_epoch_primary
mnist/vit_small/grayscale/compact/p60/seed2,mnist,vit_small,grayscale,compact,60,2,heldout_val,55000,44,train_online,0.0023443839721524785,0.9995818181818181,55000,final_epoch_primary
mnist/vit_small/grayscale/compact/p60/seed2,mnist,vit_small,grayscale,compact,60,2,heldout_val,55000,44,heldout_val,0.2412494747609764,0.9734,5000,final_epoch_primary
mnist/vit_small/grayscale/compact/p60/seed2,mnist,vit_small,grayscale,compact,60,2,heldout_val,55000,45,train_online,0.002151424968769507,0.9996363636363637,55000,final_epoch_primary
mnist/vit_small/grayscale/compact/p60/seed2,mnist,vit_small,grayscale,compact,60,2,heldout_val,55000,45,heldout_val,0.240967048329115,0.9754,5000,final_epoch_primary
mnist/vit_small/grayscale/compact/p60/seed2,mnist,vit_small,grayscale,compact,60,2,heldout_val,55000,46,train_online,0.0014004119486008635,0.9997272727272727,55000,final_epoch_primary
mnist/vit_small/grayscale/compact/p60/seed2,mnist,vit_small,grayscale,compact,60,2,heldout_val,55000,46,heldout_val,0.24683564656353202,0.975,5000,final_epoch_primary
mnist/vit_small/grayscale/compact/p60/seed2,mnist,vit_small,grayscale,compact,60,2,heldout_val,55000,47,train_online,0.0012246929456946833,0.9998181818181818,55000,final_epoch_primary
mnist/vit_small/grayscale/compact/p60/seed2,mnist,vit_small,grayscale,compact,60,2,heldout_val,55000,47,heldout_val,0.2428730813877724,0.975,5000,final_epoch_primary
mnist/vit_small/grayscale/compact/p60/seed2,mnist,vit_small,grayscale,compact,60,2,heldout_val,55000,48,train_online,0.0013928923801208549,0.9997636363636364,55000,final_epoch_primary
mnist/vit_small/grayscale/compact/p60/seed2,mnist,vit_small,grayscale,compact,60,2,heldout_val,55000,48,heldout_val,0.23894031558248166,0.9746,5000,final_epoch_primary
mnist/vit_small/grayscale/compact/p60/seed2,mnist,vit_small,grayscale,compact,60,2,heldout_val,55000,49,train_online,0.0013265976221278875,0.9997818181818182,55000,final_epoch_primary
mnist/vit_small/grayscale/compact/p60/seed2,mnist,vit_small,grayscale,compact,60,2,heldout_val,55000,49,heldout_val,0.23957789679348065,0.9746,5000,final_epoch_primary
mnist/vit_small/grayscale/compact/p80/seed2,mnist,vit_small,grayscale,compact,80,2,heldout_val,55000,0,train_online,0.7649756445723501,0.7456727272727273,55000,final_epoch_primary
mnist/vit_small/grayscale/compact/p80/seed2,mnist,vit_small,grayscale,compact,80,2,heldout_val,55000,0,heldout_val,0.6109959487557411,0.8148,5000,final_epoch_primary
mnist/vit_small/grayscale/compact/p80/seed2,mnist,vit_small,grayscale,compact,80,2,heldout_val,55000,1,train_online,0.3951897410510362,0.8957454545454545,55000,final_epoch_primary
mnist/vit_small/grayscale/compact/p80/seed2,mnist,vit_small,grayscale,compact,80,2,heldout_val,55000,1,heldout_val,0.3531920176416635,0.9186,5000,final_epoch_primary
mnist/vit_small/grayscale/compact/p80/seed2,mnist,vit_small,grayscale,compact,80,2,heldout_val,55000,2,train_online,0.3461870529565325,0.9134,55000,final_epoch_primary
mnist/vit_small/grayscale/compact/p80/seed2,mnist,vit_small,grayscale,compact,80,2,heldout_val,55000,2,heldout_val,0.3554198403438553,0.907,5000,final_epoch_primary
mnist/vit_small/grayscale/compact/p80/seed2,mnist,vit_small,grayscale,compact,80,2,heldout_val,55000,3,train_online,0.3173769513073843,0.9191272727272727,55000,final_epoch_primary
mnist/vit_small/grayscale/compact/p80/seed2,mnist,vit_small,grayscale,compact,80,2,heldout_val,55000,3,heldout_val,0.31583881863933055,0.918,5000,final_epoch_primary
mnist/vit_small/grayscale/compact/p80/seed2,mnist,vit_small,grayscale,compact,80,2,heldout_val,55000,4,train_online,0.3069614049113271,0.9205454545454546,55000,final_epoch_primary
mnist/vit_small/grayscale/compact/p80/seed2,mnist,vit_small,grayscale,compact,80,2,heldout_val,55000,4,heldout_val,0.3446511003917083,0.9178,5000,final_epoch_primary
mnist/vit_small/grayscale/compact/p80/seed2,mnist,vit_small,grayscale,compact,80,2,heldout_val,55000,5,train_online,0.2962673338871111,0.9224909090909091,55000,final_epoch_primary
mnist/vit_small/grayscale/compact/p80/seed2,mnist,vit_small,grayscale,compact,80,2,heldout_val,55000,5,heldout_val,0.2512637888997793,0.9286,5000,final_epoch_primary
mnist/vit_small/grayscale/compact/p80/seed2,mnist,vit_small,grayscale,compact,80,2,heldout_val,55000,6,train_online,0.2768815363608597,0.927509090909091,55000,final_epoch_primary
mnist/vit_small/grayscale/compact/p80/seed2,mnist,vit_small,grayscale,compact,80,2,heldout_val,55000,6,heldout_val,0.3683197076952085,0.9002,5000,final_epoch_primary
mnist/vit_small/grayscale/compact/p80/seed2,mnist,vit_small,grayscale,compact,80,2,heldout_val,55000,7,train_online,0.25321131768664346,0.9353454545454546,55000,final_epoch_primary
mnist/vit_small/grayscale/compact/p80/seed2,mnist,vit_small,grayscale,compact,80,2,heldout_val,55000,7,heldout_val,0.2865922645240556,0.9312,5000,final_epoch_primary
mnist/vit_small/grayscale/compact/p80/seed2,mnist,vit_small,grayscale,compact,80,2,heldout_val,55000,8,train_online,0.23727902290705083,0.9393818181818182,55000,final_epoch_primary
mnist/vit_small/grayscale/compact/p80/seed2,mnist,vit_small,grayscale,compact,80,2,heldout_val,55000,8,heldout_val,0.27563554985313676,0.932,5000,final_epoch_primary
mnist/vit_small/grayscale/compact/p80/seed2,mnist,vit_small,grayscale,compact,80,2,heldout_val,55000,9,train_online,0.2258114703601967,0.9425272727272728,55000,final_epoch_primary
mnist/vit_small/grayscale/compact/p80/seed2,mnist,vit_small,grayscale,compact,80,2,heldout_val,55000,9,heldout_val,0.22477182693099604,0.9408,5000,final_epoch_primary
mnist/vit_small/grayscale/compact/p80/seed2,mnist,vit_small,grayscale,compact,80,2,heldout_val,55000,10,train_online,0.21341168868447527,0.9460545454545455,55000,final_epoch_primary
mnist/vit_small/grayscale/compact/p80/seed2,mnist,vit_small,grayscale,compact,80,2,heldout_val,55000,10,heldout_val,0.23560161184798925,0.9382,5000,final_epoch_primary
mnist/vit_small/grayscale/compact/p80/seed2,mnist,vit_small,grayscale,compact,80,2,heldout_val,55000,11,train_online,0.2081386027903148,0.9476363636363636,55000,final_epoch_primary
mnist/vit_small/grayscale/compact/p80/seed2,mnist,vit_small,grayscale,compact,80,2,heldout_val,55000,11,heldout_val,0.2600311642511748,0.9372,5000,final_epoch_primary
mnist/vit_small/grayscale/compact/p80/seed2,mnist,vit_small,grayscale,compact,80,2,heldout_val,55000,12,train_online,0.19867153935581658,0.9493272727272727,55000,final_epoch_primary
mnist/vit_small/grayscale/compact/p80/seed2,mnist,vit_small,grayscale,compact,80,2,heldout_val,55000,12,heldout_val,0.21458832908049225,0.9434,5000,final_epoch_primary
mnist/vit_small/grayscale/compact/p80/seed2,mnist,vit_small,grayscale,compact,80,2,heldout_val,55000,13,train_online,0.18846521088319237,0.9517454545454546,55000,final_epoch_primary
mnist/vit_small/grayscale/compact/p80/seed2,mnist,vit_small,grayscale,compact,80,2,heldout_val,55000,13,heldout_val,0.2166713416029699,0.9456,5000,final_epoch_primary
mnist/vit_small/grayscale/compact/p80/seed2,mnist,vit_small,grayscale,compact,80,2,heldout_val,55000,14,train_online,0.18042986331898295,0.9536727272727272,55000,final_epoch_primary
mnist/vit_small/grayscale/compact/p80/seed2,mnist,vit_small,grayscale,compact,80,2,heldout_val,55000,14,heldout_val,0.20766253106594085,0.9462,5000,final_epoch_primary
mnist/vit_small/grayscale/compact/p80/seed2,mnist,vit_small,grayscale,compact,80,2,heldout_val,55000,15,train_online,0.17101636910589665,0.9565272727272728,55000,final_epoch_primary
mnist/vit_small/grayscale/compact/p80/seed2,mnist,vit_small,grayscale,compact,80,2,heldout_val,55000,15,heldout_val,0.22496951362057588,0.9454,5000,final_epoch_primary
mnist/vit_small/grayscale/compact/p80/seed2,mnist,vit_small,grayscale,compact,80,2,heldout_val,55000,16,train_online,0.1667752662806539,0.9580181818181818,55000,final_epoch_primary
mnist/vit_small/grayscale/compact/p80/seed2,mnist,vit_small,grayscale,compact,80,2,heldout_val,55000,16,heldout_val,0.22303084685811772,0.95,5000,final_epoch_primary
mnist/vit_small/grayscale/compact/p80/seed2,mnist,vit_small,grayscale,compact,80,2,heldout_val,55000,17,train_online,0.1621203939322234,0.9586727272727272,55000,final_epoch_primary
mnist/vit_small/grayscale/compact/p80/seed2,mnist,vit_small,grayscale,compact,80,2,heldout_val,55000,17,heldout_val,0.22766084928330965,0.9448,5000,final_epoch_primary
mnist/vit_small/grayscale/compact/p80/seed2,mnist,vit_small,grayscale,compact,80,2,heldout_val,55000,18,train_online,0.15390257994535972,0.9610545454545455,55000,final_epoch_primary
mnist/vit_small/grayscale/compact/p80/seed2,mnist,vit_small,grayscale,compact,80,2,heldout_val,55000,18,heldout_val,0.1919897691748105,0.9528,5000,final_epoch_primary
mnist/vit_small/grayscale/compact/p80/seed2,mnist,vit_small,grayscale,compact,80,2,heldout_val,55000,19,train_online,0.14905933472748253,0.9629090909090909,55000,final_epoch_primary
mnist/vit_small/grayscale/compact/p80/seed2,mnist,vit_small,grayscale,compact,80,2,heldout_val,55000,19,heldout_val,0.18719187438688242,0.954,5000,final_epoch_primary
mnist/vit_small/grayscale/compact/p80/seed2,mnist,vit_small,grayscale,compact,80,2,heldout_val,55000,20,train_online,0.14285926250894343,0.9644545454545455,55000,final_epoch_primary
mnist/vit_small/grayscale/compact/p80/seed2,mnist,vit_small,grayscale,compact,80,2,heldout_val,55000,20,heldout_val,0.2132083945293445,0.9474,5000,final_epoch_primary
mnist/vit_small/grayscale/compact/p80/seed2,mnist,vit_small,grayscale,compact,80,2,heldout_val,55000,21,train_online,0.13315119905253364,0.9667818181818182,55000,final_epoch_primary
mnist/vit_small/grayscale/compact/p80/seed2,mnist,vit_small,grayscale,compact,80,2,heldout_val,55000,21,heldout_val,0.1586077650758438,0.9588,5000,final_epoch_primary
mnist/vit_small/grayscale/compact/p80/seed2,mnist,vit_small,grayscale,compact,80,2,heldout_val,55000,22,train_online,0.13016781300384,0.9666727272727272,55000,final_epoch_primary
mnist/vit_small/grayscale/compact/p80/seed2,mnist,vit_small,grayscale,compact,80,2,heldout_val,55000,22,heldout_val,0.1913738892424386,0.9536,5000,final_epoch_primary
mnist/vit_small/grayscale/compact/p80/seed2,mnist,vit_small,grayscale,compact,80,2,heldout_val,55000,23,train_online,0.12375314075039404,0.9691818181818181,55000,final_epoch_primary
mnist/vit_small/grayscale/compact/p80/seed2,mnist,vit_small,grayscale,compact,80,2,heldout_val,55000,23,heldout_val,0.18043891999737824,0.958,5000,final_epoch_primary
mnist/vit_small/grayscale/compact/p80/seed2,mnist,vit_small,grayscale,compact,80,2,heldout_val,55000,24,train_online,0.11676108669575663,0.9717272727272728,55000,final_epoch_primary
mnist/vit_small/grayscale/compact/p80/seed2,mnist,vit_small,grayscale,compact,80,2,heldout_val,55000,24,heldout_val,0.19300733715347015,0.9552,5000,final_epoch_primary
mnist/vit_small/grayscale/compact/p80/seed2,mnist,vit_small,grayscale,compact,80,2,heldout_val,55000,25,train_online,0.11006259197916687,0.9733090909090909,55000,final_epoch_primary
mnist/vit_small/grayscale/compact/p80/seed2,mnist,vit_small,grayscale,compact,80,2,heldout_val,55000,25,heldout_val,0.19248201780529925,0.958,5000,final_epoch_primary
mnist/vit_small/grayscale/compact/p80/seed2,mnist,vit_small,grayscale,compact,80,2,heldout_val,55000,26,train_online,0.1043167355522016,0.9743090909090909,55000,final_epoch_primary
mnist/vit_small/grayscale/compact/p80/seed2,mnist,vit_small,grayscale,compact,80,2,heldout_val,55000,26,heldout_val,0.2082058876936906,0.955,5000,final_epoch_primary
mnist/vit_small/grayscale/compact/p80/seed2,mnist,vit_small,grayscale,compact,80,2,heldout_val,55000,27,train_online,0.09769528398636877,0.9763090909090909,55000,final_epoch_primary
mnist/vit_small/grayscale/compact/p80/seed2,mnist,vit_small,grayscale,compact,80,2,heldout_val,55000,27,heldout_val,0.17702704827145208,0.9602,5000,final_epoch_primary
mnist/vit_small/grayscale/compact/p80/seed2,mnist,vit_small,grayscale,compact,80,2,heldout_val,55000,28,train_online,0.09258281577790621,0.9772,55000,final_epoch_primary
mnist/vit_small/grayscale/compact/p80/seed2,mnist,vit_small,grayscale,compact,80,2,heldout_val,55000,28,heldout_val,0.17218967367108562,0.9622,5000,final_epoch_primary
mnist/vit_small/grayscale/compact/p80/seed2,mnist,vit_small,grayscale,compact,80,2,heldout_val,55000,29,train_online,0.08811498186089713,0.9787818181818182,55000,final_epoch_primary
mnist/vit_small/grayscale/compact/p80/seed2,mnist,vit_small,grayscale,compact,80,2,heldout_val,55000,29,heldout_val,0.1811769876904902,0.9608,5000,final_epoch_primary
mnist/vit_small/grayscale/compact/p80/seed2,mnist,vit_small,grayscale,compact,80,2,heldout_val,55000,30,train_online,0.07974922309433406,0.9808727272727272,55000,final_epoch_primary
mnist/vit_small/grayscale/compact/p80/seed2,mnist,vit_small,grayscale,compact,80,2,heldout_val,55000,30,heldout_val,0.17457293397350587,0.9638,5000,final_epoch_primary
mnist/vit_small/grayscale/compact/p80/seed2,mnist,vit_small,grayscale,compact,80,2,heldout_val,55000,31,train_online,0.07534642379719457,0.9819272727272728,55000,final_epoch_primary
mnist/vit_small/grayscale/compact/p80/seed2,mnist,vit_small,grayscale,compact,80,2,heldout_val,55000,31,heldout_val,0.1707676471375162,0.9656,5000,final_epoch_primary
mnist/vit_small/grayscale/compact/p80/seed2,mnist,vit_small,grayscale,compact,80,2,heldout_val,55000,32,train_online,0.0687488631422732,0.9840545454545454,55000,final_epoch_primary
mnist/vit_small/grayscale/compact/p80/seed2,mnist,vit_small,grayscale,compact,80,2,heldout_val,55000,32,heldout_val,0.16838695776066742,0.9676,5000,final_epoch_primary
mnist/vit_small/grayscale/compact/p80/seed2,mnist,vit_small,grayscale,compact,80,2,heldout_val,55000,33,train_online,0.059558011172281114,0.9859818181818182,55000,final_epoch_primary
mnist/vit_small/grayscale/compact/p80/seed2,mnist,vit_small,grayscale,compact,80,2,heldout_val,55000,33,heldout_val,0.22075130662752782,0.9614,5000,final_epoch_primary
mnist/vit_small/grayscale/compact/p80/seed2,mnist,vit_small,grayscale,compact,80,2,heldout_val,55000,34,train_online,0.05786355070521981,0.9866181818181818,55000,final_epoch_primary
mnist/vit_small/grayscale/compact/p80/seed2,mnist,vit_small,grayscale,compact,80,2,heldout_val,55000,34,heldout_val,0.20396403621639475,0.9644,5000,final_epoch_primary
mnist/vit_small/grayscale/compact/p80/seed2,mnist,vit_small,grayscale,compact,80,2,heldout_val,55000,35,train_online,0.0473795094138604,0.9890363636363636,55000,final_epoch_primary
mnist/vit_small/grayscale/compact/p80/seed2,mnist,vit_small,grayscale,compact,80,2,heldout_val,55000,35,heldout_val,0.18622313057648135,0.9706,5000,final_epoch_primary
mnist/vit_small/grayscale/compact/p80/seed2,mnist,vit_small,grayscale,compact,80,2,heldout_val,55000,36,train_online,0.04006745981143891,0.9906909090909091,55000,final_epoch_primary
mnist/vit_small/grayscale/compact/p80/seed2,mnist,vit_small,grayscale,compact,80,2,heldout_val,55000,36,heldout_val,0.19934291106511082,0.9676,5000,final_epoch_primary
mnist/vit_small/grayscale/compact/p80/seed2,mnist,vit_small,grayscale,compact,80,2,heldout_val,55000,37,train_online,0.0352198894964957,0.9922181818181818,55000,final_epoch_primary
mnist/vit_small/grayscale/compact/p80/seed2,mnist,vit_small,grayscale,compact,80,2,heldout_val,55000,37,heldout_val,0.21680439360093734,0.9642,5000,final_epoch_primary
mnist/vit_small/grayscale/compact/p80/seed2,mnist,vit_small,grayscale,compact,80,2,heldout_val,55000,38,train_online,0.02885879274932456,0.9935818181818182,55000,final_epoch_primary
mnist/vit_small/grayscale/compact/p80/seed2,mnist,vit_small,grayscale,compact,80,2,heldout_val,55000,38,heldout_val,0.23080840659820095,0.9652,5000,final_epoch_primary
mnist/vit_small/grayscale/compact/p80/seed2,mnist,vit_small,grayscale,compact,80,2,heldout_val,55000,39,train_online,0.02187724160603717,0.9949818181818182,55000,final_epoch_primary
mnist/vit_small/grayscale/compact/p80/seed2,mnist,vit_small,grayscale,compact,80,2,heldout_val,55000,39,heldout_val,0.22468623477079672,0.9692,5000,final_epoch_primary
mnist/vit_small/grayscale/compact/p80/seed2,mnist,vit_small,grayscale,compact,80,2,heldout_val,55000,40,train_online,0.01662987224084156,0.9962363636363636,55000,final_epoch_primary
mnist/vit_small/grayscale/compact/p80/seed2,mnist,vit_small,grayscale,compact,80,2,heldout_val,55000,40,heldout_val,0.23585489510625193,0.97,5000,final_epoch_primary
mnist/vit_small/grayscale/compact/p80/seed2,mnist,vit_small,grayscale,compact,80,2,heldout_val,55000,41,train_online,0.011805592105409166,0.9973272727272727,55000,final_epoch_primary
mnist/vit_small/grayscale/compact/p80/seed2,mnist,vit_small,grayscale,compact,80,2,heldout_val,55000,41,heldout_val,0.2395768201198007,0.9706,5000,final_epoch_primary
mnist/vit_small/grayscale/compact/p80/seed2,mnist,vit_small,grayscale,compact,80,2,heldout_val,55000,42,train_online,0.007512375712951193,0.9983090909090909,55000,final_epoch_primary
mnist/vit_small/grayscale/compact/p80/seed2,mnist,vit_small,grayscale,compact,80,2,heldout_val,55000,42,heldout_val,0.24850459059777205,0.9696,5000,final_epoch_primary
mnist/vit_small/grayscale/compact/p80/seed2,mnist,vit_small,grayscale,compact,80,2,heldout_val,55000,43,train_online,0.005163469517147843,0.9988727272727272,55000,final_epoch_primary
mnist/vit_small/grayscale/compact/p80/seed2,mnist,vit_small,grayscale,compact,80,2,heldout_val,55000,43,heldout_val,0.2729567073911476,0.9688,5000,final_epoch_primary
mnist/vit_small/grayscale/compact/p80/seed2,mnist,vit_small,grayscale,compact,80,2,heldout_val,55000,44,train_online,0.002399224105180623,0.9994181818181819,55000,final_epoch_primary
mnist/vit_small/grayscale/compact/p80/seed2,mnist,vit_small,grayscale,compact,80,2,heldout_val,55000,44,heldout_val,0.28170236379513663,0.9696,5000,final_epoch_primary
mnist/vit_small/grayscale/compact/p80/seed2,mnist,vit_small,grayscale,compact,80,2,heldout_val,55000,45,train_online,0.002055559210645416,0.9995636363636363,55000,final_epoch_primary
mnist/vit_small/grayscale/compact/p80/seed2,mnist,vit_small,grayscale,compact,80,2,heldout_val,55000,45,heldout_val,0.3021447661287591,0.9688,5000,final_epoch_primary
mnist/vit_small/grayscale/compact/p80/seed2,mnist,vit_small,grayscale,compact,80,2,heldout_val,55000,46,train_online,0.0018698933812097245,0.9996181818181819,55000,final_epoch_primary
mnist/vit_small/grayscale/compact/p80/seed2,mnist,vit_small,grayscale,compact,80,2,heldout_val,55000,46,heldout_val,0.2994614874177174,0.9686,5000,final_epoch_primary
mnist/vit_small/grayscale/compact/p80/seed2,mnist,vit_small,grayscale,compact,80,2,heldout_val,55000,47,train_online,0.001272138253086839,0.9997818181818182,55000,final_epoch_primary
mnist/vit_small/grayscale/compact/p80/seed2,mnist,vit_small,grayscale,compact,80,2,heldout_val,55000,47,heldout_val,0.30275933894603907,0.9702,5000,final_epoch_primary
mnist/vit_small/grayscale/compact/p80/seed2,mnist,vit_small,grayscale,compact,80,2,heldout_val,55000,48,train_online,0.0009756031263616437,0.9998,55000,final_epoch_primary
mnist/vit_small/grayscale/compact/p80/seed2,mnist,vit_small,grayscale,compact,80,2,heldout_val,55000,48,heldout_val,0.3028633709364268,0.97,5000,final_epoch_primary
mnist/vit_small/grayscale/compact/p80/seed2,mnist,vit_small,grayscale,compact,80,2,heldout_val,55000,49,train_online,0.001174030829414402,0.9998181818181818,55000,final_epoch_primary
mnist/vit_small/grayscale/compact/p80/seed2,mnist,vit_small,grayscale,compact,80,2,heldout_val,55000,49,heldout_val,0.3045555215554212,0.9694,5000,final_epoch_primary
mnist/vit_small/grayscale/dense/p0/seed2,mnist,vit_small,grayscale,dense,0,2,heldout_val,55000,0,train_online,0.6906390113929456,0.7795636363636363,55000,final_epoch_primary
mnist/vit_small/grayscale/dense/p0/seed2,mnist,vit_small,grayscale,dense,0,2,heldout_val,55000,0,heldout_val,0.6638318196445704,0.8038,5000,final_epoch_primary
mnist/vit_small/grayscale/dense/p0/seed2,mnist,vit_small,grayscale,dense,0,2,heldout_val,55000,1,train_online,0.48209862566915423,0.8634,55000,final_epoch_primary
mnist/vit_small/grayscale/dense/p0/seed2,mnist,vit_small,grayscale,dense,0,2,heldout_val,55000,1,heldout_val,0.4109092843342572,0.896,5000,final_epoch_primary
mnist/vit_small/grayscale/dense/p0/seed2,mnist,vit_small,grayscale,dense,0,2,heldout_val,55000,2,train_online,0.4115219084575942,0.8894909090909091,55000,final_epoch_primary
mnist/vit_small/grayscale/dense/p0/seed2,mnist,vit_small,grayscale,dense,0,2,heldout_val,55000,2,heldout_val,0.39465599262248724,0.8976,5000,final_epoch_primary
mnist/vit_small/grayscale/dense/p0/seed2,mnist,vit_small,grayscale,dense,0,2,heldout_val,55000,3,train_online,0.3718238878709095,0.8971636363636364,55000,final_epoch_primary
mnist/vit_small/grayscale/dense/p0/seed2,mnist,vit_small,grayscale,dense,0,2,heldout_val,55000,3,heldout_val,0.4590402518341318,0.876,5000,final_epoch_primary
mnist/vit_small/grayscale/dense/p0/seed2,mnist,vit_small,grayscale,dense,0,2,heldout_val,55000,4,train_online,0.369188608316857,0.8981454545454546,55000,final_epoch_primary
mnist/vit_small/grayscale/dense/p0/seed2,mnist,vit_small,grayscale,dense,0,2,heldout_val,55000,4,heldout_val,0.48712200565515085,0.876,5000,final_epoch_primary
mnist/vit_small/grayscale/dense/p0/seed2,mnist,vit_small,grayscale,dense,0,2,heldout_val,55000,5,train_online,0.3800798773444681,0.8947454545454545,55000,final_epoch_primary
mnist/vit_small/grayscale/dense/p0/seed2,mnist,vit_small,grayscale,dense,0,2,heldout_val,55000,5,heldout_val,0.3968548407848924,0.8898,5000,final_epoch_primary
mnist/vit_small/grayscale/dense/p0/seed2,mnist,vit_small,grayscale,dense,0,2,heldout_val,55000,6,train_online,0.359949176677545,0.9032,55000,final_epoch_primary
mnist/vit_small/grayscale/dense/p0/seed2,mnist,vit_small,grayscale,dense,0,2,heldout_val,55000,6,heldout_val,0.48385789066832513,0.88,5000,final_epoch_primary
mnist/vit_small/grayscale/dense/p0/seed2,mnist,vit_small,grayscale,dense,0,2,heldout_val,55000,7,train_online,0.3421840929331258,0.9084545454545454,55000,final_epoch_primary
mnist/vit_small/grayscale/dense/p0/seed2,mnist,vit_small,grayscale,dense,0,2,heldout_val,55000,7,heldout_val,0.3305050974316895,0.91,5000,final_epoch_primary
mnist/vit_small/grayscale/dense/p0/seed2,mnist,vit_small,grayscale,dense,0,2,heldout_val,55000,8,train_online,0.3201538872583219,0.9138727272727273,55000,final_epoch_primary
mnist/vit_small/grayscale/dense/p0/seed2,mnist,vit_small,grayscale,dense,0,2,heldout_val,55000,8,heldout_val,0.29862822786141185,0.9186,5000,final_epoch_primary
mnist/vit_small/grayscale/dense/p0/seed2,mnist,vit_small,grayscale,dense,0,2,heldout_val,55000,9,train_online,0.3090814387192696,0.9182545454545454,55000,final_epoch_primary
mnist/vit_small/grayscale/dense/p0/seed2,mnist,vit_small,grayscale,dense,0,2,heldout_val,55000,9,heldout_val,0.354909081369685,0.9054,5000,final_epoch_primary
mnist/vit_small/grayscale/dense/p0/seed2,mnist,vit_small,grayscale,dense,0,2,heldout_val,55000,10,train_online,0.2926510695292064,0.9216,55000,final_epoch_primary
mnist/vit_small/grayscale/dense/p0/seed2,mnist,vit_small,grayscale,dense,0,2,heldout_val,55000,10,heldout_val,0.3130476887012832,0.9166,5000,final_epoch_primary
mnist/vit_small/grayscale/dense/p0/seed2,mnist,vit_small,grayscale,dense,0,2,heldout_val,55000,11,train_online,0.2722094262930395,0.9284545454545454,55000,final_epoch_primary
mnist/vit_small/grayscale/dense/p0/seed2,mnist,vit_small,grayscale,dense,0,2,heldout_val,55000,11,heldout_val,0.30802013707868753,0.9176,5000,final_epoch_primary
mnist/vit_small/grayscale/dense/p0/seed2,mnist,vit_small,grayscale,dense,0,2,heldout_val,55000,12,train_online,0.2556248442646624,0.9327454545454545,55000,final_epoch_primary
mnist/vit_small/grayscale/dense/p0/seed2,mnist,vit_small,grayscale,dense,0,2,heldout_val,55000,12,heldout_val,0.30261279988391326,0.9234,5000,final_epoch_primary
mnist/vit_small/grayscale/dense/p0/seed2,mnist,vit_small,grayscale,dense,0,2,heldout_val,55000,13,train_online,0.24899956332892814,0.9347636363636364,55000,final_epoch_primary
mnist/vit_small/grayscale/dense/p0/seed2,mnist,vit_small,grayscale,dense,0,2,heldout_val,55000,13,heldout_val,0.24686177514106966,0.9316,5000,final_epoch_primary
mnist/vit_small/grayscale/dense/p0/seed2,mnist,vit_small,grayscale,dense,0,2,heldout_val,55000,14,train_online,0.23062966379642233,0.9386909090909091,55000,final_epoch_primary
mnist/vit_small/grayscale/dense/p0/seed2,mnist,vit_small,grayscale,dense,0,2,heldout_val,55000,14,heldout_val,0.23536735632885247,0.936,5000,final_epoch_primary
mnist/vit_small/grayscale/dense/p0/seed2,mnist,vit_small,grayscale,dense,0,2,heldout_val,55000,15,train_online,0.2190278478756293,0.9425272727272728,55000,final_epoch_primary
mnist/vit_small/grayscale/dense/p0/seed2,mnist,vit_small,grayscale,dense,0,2,heldout_val,55000,15,heldout_val,0.21702860744325445,0.943,5000,final_epoch_primary
mnist/vit_small/grayscale/dense/p0/seed2,mnist,vit_small,grayscale,dense,0,2,heldout_val,55000,16,train_online,0.2115526311785152,0.9436363636363636,55000,final_epoch_primary
mnist/vit_small/grayscale/dense/p0/seed2,mnist,vit_small,grayscale,dense,0,2,heldout_val,55000,16,heldout_val,0.25910378757233266,0.939,5000,final_epoch_primary
mnist/vit_small/grayscale/dense/p0/seed2,mnist,vit_small,grayscale,dense,0,2,heldout_val,55000,17,train_online,0.20056504257681398,0.9477272727272728,55000,final_epoch_primary
mnist/vit_small/grayscale/dense/p0/seed2,mnist,vit_small,grayscale,dense,0,2,heldout_val,55000,17,heldout_val,0.25595523698814215,0.9356,5000,final_epoch_primary
mnist/vit_small/grayscale/dense/p0/seed2,mnist,vit_small,grayscale,dense,0,2,heldout_val,55000,18,train_online,0.19528630616872952,0.948709090909091,55000,final_epoch_primary
mnist/vit_small/grayscale/dense/p0/seed2,mnist,vit_small,grayscale,dense,0,2,heldout_val,55000,18,heldout_val,0.21603452532356604,0.9426,5000,final_epoch_primary
mnist/vit_small/grayscale/dense/p0/seed2,mnist,vit_small,grayscale,dense,0,2,heldout_val,55000,19,train_online,0.18407407011978794,0.9516727272727272,55000,final_epoch_primary
mnist/vit_small/grayscale/dense/p0/seed2,mnist,vit_small,grayscale,dense,0,2,heldout_val,55000,19,heldout_val,0.21140597347980364,0.9442,5000,final_epoch_primary
mnist/vit_small/grayscale/dense/p0/seed2,mnist,vit_small,grayscale,dense,0,2,heldout_val,55000,20,train_online,0.18087357766504442,0.9538181818181818,55000,final_epoch_primary
mnist/vit_small/grayscale/dense/p0/seed2,mnist,vit_small,grayscale,dense,0,2,heldout_val,55000,20,heldout_val,0.2554810192908626,0.9352,5000,final_epoch_primary
mnist/vit_small/grayscale/dense/p0/seed2,mnist,vit_small,grayscale,dense,0,2,heldout_val,55000,21,train_online,0.17320128495137588,0.9557818181818182,55000,final_epoch_primary
mnist/vit_small/grayscale/dense/p0/seed2,mnist,vit_small,grayscale,dense,0,2,heldout_val,55000,21,heldout_val,0.18657018417115323,0.949,5000,final_epoch_primary
mnist/vit_small/grayscale/dense/p0/seed2,mnist,vit_small,grayscale,dense,0,2,heldout_val,55000,22,train_online,0.16496278033047618,0.9577454545454546,55000,final_epoch_primary
mnist/vit_small/grayscale/dense/p0/seed2,mnist,vit_small,grayscale,dense,0,2,heldout_val,55000,22,heldout_val,0.20225454725264572,0.9506,5000,final_epoch_primary
mnist/vit_small/grayscale/dense/p0/seed2,mnist,vit_small,grayscale,dense,0,2,heldout_val,55000,23,train_online,0.16146584105071485,0.958709090909091,55000,final_epoch_primary
mnist/vit_small/grayscale/dense/p0/seed2,mnist,vit_small,grayscale,dense,0,2,heldout_val,55000,23,heldout_val,0.20579535281737335,0.9508,5000,final_epoch_primary
mnist/vit_small/grayscale/dense/p0/seed2,mnist,vit_small,grayscale,dense,0,2,heldout_val,55000,24,train_online,0.15250233622793827,0.9611272727272727,55000,final_epoch_primary
mnist/vit_small/grayscale/dense/p0/seed2,mnist,vit_small,grayscale,dense,0,2,heldout_val,55000,24,heldout_val,0.21572162133138628,0.9504,5000,final_epoch_primary
mnist/vit_small/grayscale/dense/p0/seed2,mnist,vit_small,grayscale,dense,0,2,heldout_val,55000,25,train_online,0.1473328362536151,0.9632545454545455,55000,final_epoch_primary
mnist/vit_small/grayscale/dense/p0/seed2,mnist,vit_small,grayscale,dense,0,2,heldout_val,55000,25,heldout_val,0.18310321258904877,0.9554,5000,final_epoch_primary
mnist/vit_small/grayscale/dense/p0/seed2,mnist,vit_small,grayscale,dense,0,2,heldout_val,55000,26,train_online,0.13774767270614183,0.9645818181818182,55000,final_epoch_primary
mnist/vit_small/grayscale/dense/p0/seed2,mnist,vit_small,grayscale,dense,0,2,heldout_val,55000,26,heldout_val,0.23802859223939013,0.9444,5000,final_epoch_primary
mnist/vit_small/grayscale/dense/p0/seed2,mnist,vit_small,grayscale,dense,0,2,heldout_val,55000,27,train_online,0.13369903428447857,0.9673818181818182,55000,final_epoch_primary
mnist/vit_small/grayscale/dense/p0/seed2,mnist,vit_small,grayscale,dense,0,2,heldout_val,55000,27,heldout_val,0.1860322920203209,0.9564,5000,final_epoch_primary
mnist/vit_small/grayscale/dense/p0/seed2,mnist,vit_small,grayscale,dense,0,2,heldout_val,55000,28,train_online,0.12892775424118894,0.9682545454545455,55000,final_epoch_primary
mnist/vit_small/grayscale/dense/p0/seed2,mnist,vit_small,grayscale,dense,0,2,heldout_val,55000,28,heldout_val,0.240669632482226,0.9498,5000,final_epoch_primary
mnist/vit_small/grayscale/dense/p0/seed2,mnist,vit_small,grayscale,dense,0,2,heldout_val,55000,29,train_online,0.12128805697675456,0.9704,55000,final_epoch_primary
mnist/vit_small/grayscale/dense/p0/seed2,mnist,vit_small,grayscale,dense,0,2,heldout_val,55000,29,heldout_val,0.18694421271851752,0.9576,5000,final_epoch_primary
mnist/vit_small/grayscale/dense/p0/seed2,mnist,vit_small,grayscale,dense,0,2,heldout_val,55000,30,train_online,0.1142496989094938,0.9721818181818181,55000,final_epoch_primary
mnist/vit_small/grayscale/dense/p0/seed2,mnist,vit_small,grayscale,dense,0,2,heldout_val,55000,30,heldout_val,0.16918199686850421,0.961,5000,final_epoch_primary
mnist/vit_small/grayscale/dense/p0/seed2,mnist,vit_small,grayscale,dense,0,2,heldout_val,55000,31,train_online,0.10682906910861441,0.9740909090909091,55000,final_epoch_primary
mnist/vit_small/grayscale/dense/p0/seed2,mnist,vit_small,grayscale,dense,0,2,heldout_val,55000,31,heldout_val,0.19399554573179922,0.9604,5000,final_epoch_primary
mnist/vit_small/grayscale/dense/p0/seed2,mnist,vit_small,grayscale,dense,0,2,heldout_val,55000,32,train_online,0.09927247566443191,0.976,55000,final_epoch_primary
mnist/vit_small/grayscale/dense/p0/seed2,mnist,vit_small,grayscale,dense,0,2,heldout_val,55000,32,heldout_val,0.21611297938824864,0.9542,5000,final_epoch_primary
mnist/vit_small/grayscale/dense/p0/seed2,mnist,vit_small,grayscale,dense,0,2,heldout_val,55000,33,train_online,0.09419671688157674,0.9770545454545455,55000,final_epoch_primary
mnist/vit_small/grayscale/dense/p0/seed2,mnist,vit_small,grayscale,dense,0,2,heldout_val,55000,33,heldout_val,0.17672618878930807,0.9622,5000,final_epoch_primary
mnist/vit_small/grayscale/dense/p0/seed2,mnist,vit_small,grayscale,dense,0,2,heldout_val,55000,34,train_online,0.08659448976047782,0.9790181818181818,55000,final_epoch_primary
mnist/vit_small/grayscale/dense/p0/seed2,mnist,vit_small,grayscale,dense,0,2,heldout_val,55000,34,heldout_val,0.1637554739739513,0.9646,5000,final_epoch_primary
mnist/vit_small/grayscale/dense/p0/seed2,mnist,vit_small,grayscale,dense,0,2,heldout_val,55000,35,train_online,0.07999585201169328,0.9813090909090909,55000,final_epoch_primary
mnist/vit_small/grayscale/dense/p0/seed2,mnist,vit_small,grayscale,dense,0,2,heldout_val,55000,35,heldout_val,0.17445247673840494,0.9648,5000,final_epoch_primary
mnist/vit_small/grayscale/dense/p0/seed2,mnist,vit_small,grayscale,dense,0,2,heldout_val,55000,36,train_online,0.07424323509737045,0.9826,55000,final_epoch_primary
mnist/vit_small/grayscale/dense/p0/seed2,mnist,vit_small,grayscale,dense,0,2,heldout_val,55000,36,heldout_val,0.18004940599765396,0.9654,5000,final_epoch_primary
mnist/vit_small/grayscale/dense/p0/seed2,mnist,vit_small,grayscale,dense,0,2,heldout_val,55000,37,train_online,0.0649614721215428,0.9853090909090909,55000,final_epoch_primary
mnist/vit_small/grayscale/dense/p0/seed2,mnist,vit_small,grayscale,dense,0,2,heldout_val,55000,37,heldout_val,0.22763256305403193,0.9578,5000,final_epoch_primary
mnist/vit_small/grayscale/dense/p0/seed2,mnist,vit_small,grayscale,dense,0,2,heldout_val,55000,38,train_online,0.05721936762071643,0.9867636363636364,55000,final_epoch_primary
mnist/vit_small/grayscale/dense/p0/seed2,mnist,vit_small,grayscale,dense,0,2,heldout_val,55000,38,heldout_val,0.18723204878692049,0.9666,5000,final_epoch_primary
mnist/vit_small/grayscale/dense/p0/seed2,mnist,vit_small,grayscale,dense,0,2,heldout_val,55000,39,train_online,0.04982312974749736,0.988909090909091,55000,final_epoch_primary
mnist/vit_small/grayscale/dense/p0/seed2,mnist,vit_small,grayscale,dense,0,2,heldout_val,55000,39,heldout_val,0.1956918645538797,0.967,5000,final_epoch_primary
mnist/vit_small/grayscale/dense/p0/seed2,mnist,vit_small,grayscale,dense,0,2,heldout_val,55000,40,train_online,0.041501272248339424,0.9904,55000,final_epoch_primary
mnist/vit_small/grayscale/dense/p0/seed2,mnist,vit_small,grayscale,dense,0,2,heldout_val,55000,40,heldout_val,0.19252451369873888,0.9682,5000,final_epoch_primary
mnist/vit_small/grayscale/dense/p0/seed2,mnist,vit_small,grayscale,dense,0,2,heldout_val,55000,41,train_online,0.036853613622641765,0.9917818181818182,55000,final_epoch_primary
mnist/vit_small/grayscale/dense/p0/seed2,mnist,vit_small,grayscale,dense,0,2,heldout_val,55000,41,heldout_val,0.19613122259979718,0.9692,5000,final_epoch_primary
mnist/vit_small/grayscale/dense/p0/seed2,mnist,vit_small,grayscale,dense,0,2,heldout_val,55000,42,train_online,0.027641213230917824,0.9936909090909091,55000,final_epoch_primary
mnist/vit_small/grayscale/dense/p0/seed2,mnist,vit_small,grayscale,dense,0,2,heldout_val,55000,42,heldout_val,0.21194106831863319,0.9692,5000,final_epoch_primary
mnist/vit_small/grayscale/dense/p0/seed2,mnist,vit_small,grayscale,dense,0,2,heldout_val,55000,43,train_online,0.022041300602854277,0.995,55000,final_epoch_primary
mnist/vit_small/grayscale/dense/p0/seed2,mnist,vit_small,grayscale,dense,0,2,heldout_val,55000,43,heldout_val,0.21826274842831045,0.9694,5000,final_epoch_primary
mnist/vit_small/grayscale/dense/p0/seed2,mnist,vit_small,grayscale,dense,0,2,heldout_val,55000,44,train_online,0.016754326809021915,0.9964,55000,final_epoch_primary
mnist/vit_small/grayscale/dense/p0/seed2,mnist,vit_small,grayscale,dense,0,2,heldout_val,55000,44,heldout_val,0.21647003741767767,0.9716,5000,final_epoch_primary
mnist/vit_small/grayscale/dense/p0/seed2,mnist,vit_small,grayscale,dense,0,2,heldout_val,55000,45,train_online,0.01212845933837029,0.9973454545454545,55000,final_epoch_primary
mnist/vit_small/grayscale/dense/p0/seed2,mnist,vit_small,grayscale,dense,0,2,heldout_val,55000,45,heldout_val,0.2377160457481754,0.9684,5000,final_epoch_primary
mnist/vit_small/grayscale/dense/p0/seed2,mnist,vit_small,grayscale,dense,0,2,heldout_val,55000,46,train_online,0.0094416189671418,0.9978727272727272,55000,final_epoch_primary
mnist/vit_small/grayscale/dense/p0/seed2,mnist,vit_small,grayscale,dense,0,2,heldout_val,55000,46,heldout_val,0.2330779659864209,0.9698,5000,final_epoch_primary
mnist/vit_small/grayscale/dense/p0/seed2,mnist,vit_small,grayscale,dense,0,2,heldout_val,55000,47,train_online,0.007247399641504969,0.9985636363636363,55000,final_epoch_primary
mnist/vit_small/grayscale/dense/p0/seed2,mnist,vit_small,grayscale,dense,0,2,heldout_val,55000,47,heldout_val,0.2347081997001478,0.97,5000,final_epoch_primary
mnist/vit_small/grayscale/dense/p0/seed2,mnist,vit_small,grayscale,dense,0,2,heldout_val,55000,48,train_online,0.006364025945797403,0.9986909090909091,55000,final_epoch_primary
mnist/vit_small/grayscale/dense/p0/seed2,mnist,vit_small,grayscale,dense,0,2,heldout_val,55000,48,heldout_val,0.2377423827315186,0.9708,5000,final_epoch_primary
mnist/vit_small/grayscale/dense/p0/seed2,mnist,vit_small,grayscale,dense,0,2,heldout_val,55000,49,train_online,0.005688112578858305,0.9988545454545454,55000,final_epoch_primary
mnist/vit_small/grayscale/dense/p0/seed2,mnist,vit_small,grayscale,dense,0,2,heldout_val,55000,49,heldout_val,0.2384633602609938,0.9696,5000,final_epoch_primary
mnist/swin_tiny/raw/dense/pNA/seed0,mnist,swin_tiny,raw,dense,,0,heldout_val,55000,0,train_online,0.40097615990625185,0.8862727272727273,55000,final_epoch_primary
mnist/swin_tiny/raw/dense/pNA/seed0,mnist,swin_tiny,raw,dense,,0,heldout_val,55000,0,heldout_val,0.17832253167809103,0.9554,5000,final_epoch_primary
mnist/swin_tiny/raw/dense/pNA/seed0,mnist,swin_tiny,raw,dense,,0,heldout_val,55000,1,train_online,0.18339430796369507,0.9538727272727273,55000,final_epoch_primary
mnist/swin_tiny/raw/dense/pNA/seed0,mnist,swin_tiny,raw,dense,,0,heldout_val,55000,1,heldout_val,0.17024173334835796,0.9572,5000,final_epoch_primary
mnist/swin_tiny/raw/dense/pNA/seed0,mnist,swin_tiny,raw,dense,,0,heldout_val,55000,2,train_online,0.1678150445905887,0.957709090909091,55000,final_epoch_primary
mnist/swin_tiny/raw/dense/pNA/seed0,mnist,swin_tiny,raw,dense,,0,heldout_val,55000,2,heldout_val,0.18439381987586384,0.955,5000,final_epoch_primary
mnist/swin_tiny/raw/dense/pNA/seed0,mnist,swin_tiny,raw,dense,,0,heldout_val,55000,3,train_online,0.18830017299019117,0.9530181818181818,55000,final_epoch_primary
mnist/swin_tiny/raw/dense/pNA/seed0,mnist,swin_tiny,raw,dense,,0,heldout_val,55000,3,heldout_val,0.22438877861374784,0.944,5000,final_epoch_primary
mnist/swin_tiny/raw/dense/pNA/seed0,mnist,swin_tiny,raw,dense,,0,heldout_val,55000,4,train_online,0.21275123941258062,0.9463272727272727,55000,final_epoch_primary
mnist/swin_tiny/raw/dense/pNA/seed0,mnist,swin_tiny,raw,dense,,0,heldout_val,55000,4,heldout_val,0.17540801032923628,0.9572,5000,final_epoch_primary
mnist/swin_tiny/raw/dense/pNA/seed0,mnist,swin_tiny,raw,dense,,0,heldout_val,55000,5,train_online,0.20699790881337168,0.9459090909090909,55000,final_epoch_primary
mnist/swin_tiny/raw/dense/pNA/seed0,mnist,swin_tiny,raw,dense,,0,heldout_val,55000,5,heldout_val,0.16397761706660677,0.956,5000,final_epoch_primary
mnist/swin_tiny/raw/dense/pNA/seed0,mnist,swin_tiny,raw,dense,,0,heldout_val,55000,6,train_online,0.18951029509842945,0.9528,55000,final_epoch_primary
mnist/swin_tiny/raw/dense/pNA/seed0,mnist,swin_tiny,raw,dense,,0,heldout_val,55000,6,heldout_val,0.19424611295130598,0.9536,5000,final_epoch_primary
mnist/swin_tiny/raw/dense/pNA/seed0,mnist,swin_tiny,raw,dense,,0,heldout_val,55000,7,train_online,0.17532904093979337,0.9545636363636364,55000,final_epoch_primary
mnist/swin_tiny/raw/dense/pNA/seed0,mnist,swin_tiny,raw,dense,,0,heldout_val,55000,7,heldout_val,0.1507224024169467,0.9626,5000,final_epoch_primary
mnist/swin_tiny/raw/dense/pNA/seed0,mnist,swin_tiny,raw,dense,,0,heldout_val,55000,8,train_online,0.1582421719175598,0.9587636363636364,55000,final_epoch_primary
mnist/swin_tiny/raw/dense/pNA/seed0,mnist,swin_tiny,raw,dense,,0,heldout_val,55000,8,heldout_val,0.12065793818439415,0.9678,5000,final_epoch_primary
mnist/swin_tiny/raw/dense/pNA/seed0,mnist,swin_tiny,raw,dense,,0,heldout_val,55000,9,train_online,0.1636812312221263,0.9575454545454546,55000,final_epoch_primary
mnist/swin_tiny/raw/dense/pNA/seed0,mnist,swin_tiny,raw,dense,,0,heldout_val,55000,9,heldout_val,0.15321795573889976,0.9618,5000,final_epoch_primary
mnist/swin_tiny/raw/dense/pNA/seed0,mnist,swin_tiny,raw,dense,,0,heldout_val,55000,10,train_online,0.1536774861559367,0.9593818181818182,55000,final_epoch_primary
mnist/swin_tiny/raw/dense/pNA/seed0,mnist,swin_tiny,raw,dense,,0,heldout_val,55000,10,heldout_val,0.16316051429554354,0.9634,5000,final_epoch_primary
mnist/swin_tiny/raw/dense/pNA/seed0,mnist,swin_tiny,raw,dense,,0,heldout_val,55000,11,train_online,0.16852461016168918,0.9578909090909091,55000,final_epoch_primary
mnist/swin_tiny/raw/dense/pNA/seed0,mnist,swin_tiny,raw,dense,,0,heldout_val,55000,11,heldout_val,0.12262629847365024,0.9694,5000,final_epoch_primary
mnist/swin_tiny/raw/dense/pNA/seed0,mnist,swin_tiny,raw,dense,,0,heldout_val,55000,12,train_online,0.15721843551867343,0.9591818181818181,55000,final_epoch_primary
mnist/swin_tiny/raw/dense/pNA/seed0,mnist,swin_tiny,raw,dense,,0,heldout_val,55000,12,heldout_val,0.12450652076367114,0.964,5000,final_epoch_primary
mnist/swin_tiny/raw/dense/pNA/seed0,mnist,swin_tiny,raw,dense,,0,heldout_val,55000,13,train_online,0.14560907229648432,0.9624181818181818,55000,final_epoch_primary
mnist/swin_tiny/raw/dense/pNA/seed0,mnist,swin_tiny,raw,dense,,0,heldout_val,55000,13,heldout_val,0.1284703794101144,0.9668,5000,final_epoch_primary
mnist/swin_tiny/raw/dense/pNA/seed0,mnist,swin_tiny,raw,dense,,0,heldout_val,55000,14,train_online,0.13257775699432392,0.9656363636363636,55000,final_epoch_primary
mnist/swin_tiny/raw/dense/pNA/seed0,mnist,swin_tiny,raw,dense,,0,heldout_val,55000,14,heldout_val,0.1195633718126126,0.9702,5000,final_epoch_primary
mnist/swin_tiny/raw/dense/pNA/seed0,mnist,swin_tiny,raw,dense,,0,heldout_val,55000,15,train_online,0.12582831558987548,0.967,55000,final_epoch_primary
mnist/swin_tiny/raw/dense/pNA/seed0,mnist,swin_tiny,raw,dense,,0,heldout_val,55000,15,heldout_val,0.10782946768526526,0.9718,5000,final_epoch_primary
mnist/swin_tiny/raw/dense/pNA/seed0,mnist,swin_tiny,raw,dense,,0,heldout_val,55000,16,train_online,0.11562588184615742,0.9694727272727273,55000,final_epoch_primary
mnist/swin_tiny/raw/dense/pNA/seed0,mnist,swin_tiny,raw,dense,,0,heldout_val,55000,16,heldout_val,0.13617888905017317,0.966,5000,final_epoch_primary
mnist/swin_tiny/raw/dense/pNA/seed0,mnist,swin_tiny,raw,dense,,0,heldout_val,55000,17,train_online,0.10799703375080953,0.9722545454545455,55000,final_epoch_primary
mnist/swin_tiny/raw/dense/pNA/seed0,mnist,swin_tiny,raw,dense,,0,heldout_val,55000,17,heldout_val,0.1178138863795597,0.9726,5000,final_epoch_primary
mnist/swin_tiny/raw/dense/pNA/seed0,mnist,swin_tiny,raw,dense,,0,heldout_val,55000,18,train_online,0.10856483166749657,0.9718181818181818,55000,final_epoch_primary
mnist/swin_tiny/raw/dense/pNA/seed0,mnist,swin_tiny,raw,dense,,0,heldout_val,55000,18,heldout_val,0.10284300762869389,0.9766,5000,final_epoch_primary
mnist/swin_tiny/raw/dense/pNA/seed0,mnist,swin_tiny,raw,dense,,0,heldout_val,55000,19,train_online,0.09947468378519916,0.9737454545454546,55000,final_epoch_primary
mnist/swin_tiny/raw/dense/pNA/seed0,mnist,swin_tiny,raw,dense,,0,heldout_val,55000,19,heldout_val,0.09966574565865667,0.9742,5000,final_epoch_primary
mnist/swin_tiny/raw/dense/pNA/seed0,mnist,swin_tiny,raw,dense,,0,heldout_val,55000,20,train_online,0.0967793227673347,0.9752545454545455,55000,final_epoch_primary
mnist/swin_tiny/raw/dense/pNA/seed0,mnist,swin_tiny,raw,dense,,0,heldout_val,55000,20,heldout_val,0.08005350336069242,0.9756,5000,final_epoch_primary
mnist/swin_tiny/raw/dense/pNA/seed0,mnist,swin_tiny,raw,dense,,0,heldout_val,55000,21,train_online,0.09389794381286963,0.9752909090909091,55000,final_epoch_primary
mnist/swin_tiny/raw/dense/pNA/seed0,mnist,swin_tiny,raw,dense,,0,heldout_val,55000,21,heldout_val,0.09766130513590397,0.9742,5000,final_epoch_primary
mnist/swin_tiny/raw/dense/pNA/seed0,mnist,swin_tiny,raw,dense,,0,heldout_val,55000,22,train_online,0.08838335879323467,0.9771454545454545,55000,final_epoch_primary
mnist/swin_tiny/raw/dense/pNA/seed0,mnist,swin_tiny,raw,dense,,0,heldout_val,55000,22,heldout_val,0.0934754005971401,0.9782,5000,final_epoch_primary
mnist/swin_tiny/raw/dense/pNA/seed0,mnist,swin_tiny,raw,dense,,0,heldout_val,55000,23,train_online,0.08062605590020894,0.9794,55000,final_epoch_primary
mnist/swin_tiny/raw/dense/pNA/seed0,mnist,swin_tiny,raw,dense,,0,heldout_val,55000,23,heldout_val,0.09996987663331311,0.9782,5000,final_epoch_primary
mnist/swin_tiny/raw/dense/pNA/seed0,mnist,swin_tiny,raw,dense,,0,heldout_val,55000,24,train_online,0.07210553546207568,0.9807454545454546,55000,final_epoch_primary
mnist/swin_tiny/raw/dense/pNA/seed0,mnist,swin_tiny,raw,dense,,0,heldout_val,55000,24,heldout_val,0.09206408975975464,0.9798,5000,final_epoch_primary
mnist/swin_tiny/raw/dense/pNA/seed0,mnist,swin_tiny,raw,dense,,0,heldout_val,55000,25,train_online,0.06756753930952233,0.9821272727272727,55000,final_epoch_primary
mnist/swin_tiny/raw/dense/pNA/seed0,mnist,swin_tiny,raw,dense,,0,heldout_val,55000,25,heldout_val,0.09046206670893316,0.981,5000,final_epoch_primary
mnist/swin_tiny/raw/dense/pNA/seed0,mnist,swin_tiny,raw,dense,,0,heldout_val,55000,26,train_online,0.06572943470360358,0.9831090909090909,55000,final_epoch_primary
mnist/swin_tiny/raw/dense/pNA/seed0,mnist,swin_tiny,raw,dense,,0,heldout_val,55000,26,heldout_val,0.0678516766704095,0.9844,5000,final_epoch_primary
mnist/swin_tiny/raw/dense/pNA/seed0,mnist,swin_tiny,raw,dense,,0,heldout_val,55000,27,train_online,0.0584095856059358,0.9845454545454545,55000,final_epoch_primary
mnist/swin_tiny/raw/dense/pNA/seed0,mnist,swin_tiny,raw,dense,,0,heldout_val,55000,27,heldout_val,0.07729588434557226,0.981,5000,final_epoch_primary
mnist/swin_tiny/raw/dense/pNA/seed0,mnist,swin_tiny,raw,dense,,0,heldout_val,55000,28,train_online,0.054384388846523295,0.9854909090909091,55000,final_epoch_primary
mnist/swin_tiny/raw/dense/pNA/seed0,mnist,swin_tiny,raw,dense,,0,heldout_val,55000,28,heldout_val,0.06738211308070677,0.9848,5000,final_epoch_primary
mnist/swin_tiny/raw/dense/pNA/seed0,mnist,swin_tiny,raw,dense,,0,heldout_val,55000,29,train_online,0.04662781068244884,0.9884181818181819,55000,final_epoch_primary
mnist/swin_tiny/raw/dense/pNA/seed0,mnist,swin_tiny,raw,dense,,0,heldout_val,55000,29,heldout_val,0.06241784556234003,0.986,5000,final_epoch_primary
mnist/swin_tiny/raw/dense/pNA/seed0,mnist,swin_tiny,raw,dense,,0,heldout_val,55000,30,train_online,0.0424597146421125,0.9888181818181818,55000,final_epoch_primary
mnist/swin_tiny/raw/dense/pNA/seed0,mnist,swin_tiny,raw,dense,,0,heldout_val,55000,30,heldout_val,0.07152899693462673,0.9838,5000,final_epoch_primary
mnist/swin_tiny/raw/dense/pNA/seed0,mnist,swin_tiny,raw,dense,,0,heldout_val,55000,31,train_online,0.03944165366491042,0.9895272727272727,55000,final_epoch_primary
mnist/swin_tiny/raw/dense/pNA/seed0,mnist,swin_tiny,raw,dense,,0,heldout_val,55000,31,heldout_val,0.07021305995168836,0.9844,5000,final_epoch_primary
mnist/swin_tiny/raw/dense/pNA/seed0,mnist,swin_tiny,raw,dense,,0,heldout_val,55000,32,train_online,0.03442264553816358,0.9910181818181818,55000,final_epoch_primary
mnist/swin_tiny/raw/dense/pNA/seed0,mnist,swin_tiny,raw,dense,,0,heldout_val,55000,32,heldout_val,0.06462009854321764,0.9822,5000,final_epoch_primary
mnist/swin_tiny/raw/dense/pNA/seed0,mnist,swin_tiny,raw,dense,,0,heldout_val,55000,33,train_online,0.03103539238596302,0.9920909090909091,55000,final_epoch_primary
mnist/swin_tiny/raw/dense/pNA/seed0,mnist,swin_tiny,raw,dense,,0,heldout_val,55000,33,heldout_val,0.06170217152932494,0.9852,5000,final_epoch_primary
mnist/swin_tiny/raw/dense/pNA/seed0,mnist,swin_tiny,raw,dense,,0,heldout_val,55000,34,train_online,0.024324934171986085,0.9934545454545455,55000,final_epoch_primary
mnist/swin_tiny/raw/dense/pNA/seed0,mnist,swin_tiny,raw,dense,,0,heldout_val,55000,34,heldout_val,0.07662008869868646,0.9858,5000,final_epoch_primary
mnist/swin_tiny/raw/dense/pNA/seed0,mnist,swin_tiny,raw,dense,,0,heldout_val,55000,35,train_online,0.02119248906023356,0.9942181818181818,55000,final_epoch_primary
mnist/swin_tiny/raw/dense/pNA/seed0,mnist,swin_tiny,raw,dense,,0,heldout_val,55000,35,heldout_val,0.05986989219027303,0.9876,5000,final_epoch_primary
mnist/swin_tiny/raw/dense/pNA/seed0,mnist,swin_tiny,raw,dense,,0,heldout_val,55000,36,train_online,0.017442951618256538,0.9951090909090909,55000,final_epoch_primary
mnist/swin_tiny/raw/dense/pNA/seed0,mnist,swin_tiny,raw,dense,,0,heldout_val,55000,36,heldout_val,0.05763915594933669,0.9886,5000,final_epoch_primary
mnist/swin_tiny/raw/dense/pNA/seed0,mnist,swin_tiny,raw,dense,,0,heldout_val,55000,37,train_online,0.01332830750840731,0.9964363636363637,55000,final_epoch_primary
mnist/swin_tiny/raw/dense/pNA/seed0,mnist,swin_tiny,raw,dense,,0,heldout_val,55000,37,heldout_val,0.06654241333203728,0.9896,5000,final_epoch_primary
mnist/swin_tiny/raw/dense/pNA/seed0,mnist,swin_tiny,raw,dense,,0,heldout_val,55000,38,train_online,0.010929969993572255,0.9972,55000,final_epoch_primary
mnist/swin_tiny/raw/dense/pNA/seed0,mnist,swin_tiny,raw,dense,,0,heldout_val,55000,38,heldout_val,0.06316210706823316,0.9876,5000,final_epoch_primary
mnist/swin_tiny/raw/dense/pNA/seed0,mnist,swin_tiny,raw,dense,,0,heldout_val,55000,39,train_online,0.008107901314502064,0.9976181818181818,55000,final_epoch_primary
mnist/swin_tiny/raw/dense/pNA/seed0,mnist,swin_tiny,raw,dense,,0,heldout_val,55000,39,heldout_val,0.06167556474112958,0.9894,5000,final_epoch_primary
mnist/swin_tiny/raw/dense/pNA/seed0,mnist,swin_tiny,raw,dense,,0,heldout_val,55000,40,train_online,0.006358644191333422,0.9981636363636364,55000,final_epoch_primary
mnist/swin_tiny/raw/dense/pNA/seed0,mnist,swin_tiny,raw,dense,,0,heldout_val,55000,40,heldout_val,0.06499554254704354,0.9912,5000,final_epoch_primary
mnist/swin_tiny/raw/dense/pNA/seed0,mnist,swin_tiny,raw,dense,,0,heldout_val,55000,41,train_online,0.004785250146977987,0.9986727272727273,55000,final_epoch_primary
mnist/swin_tiny/raw/dense/pNA/seed0,mnist,swin_tiny,raw,dense,,0,heldout_val,55000,41,heldout_val,0.0657433931846286,0.9904,5000,final_epoch_primary
mnist/swin_tiny/raw/dense/pNA/seed0,mnist,swin_tiny,raw,dense,,0,heldout_val,55000,42,train_online,0.0035383005580102945,0.9988727272727272,55000,final_epoch_primary
mnist/swin_tiny/raw/dense/pNA/seed0,mnist,swin_tiny,raw,dense,,0,heldout_val,55000,42,heldout_val,0.06050677162211423,0.9912,5000,final_epoch_primary
mnist/swin_tiny/raw/dense/pNA/seed0,mnist,swin_tiny,raw,dense,,0,heldout_val,55000,43,train_online,0.002874447718785404,0.9993454545454545,55000,final_epoch_primary
mnist/swin_tiny/raw/dense/pNA/seed0,mnist,swin_tiny,raw,dense,,0,heldout_val,55000,43,heldout_val,0.06601291074718488,0.9906,5000,final_epoch_primary
mnist/swin_tiny/raw/dense/pNA/seed0,mnist,swin_tiny,raw,dense,,0,heldout_val,55000,44,train_online,0.001703209991371045,0.9995636363636363,55000,final_epoch_primary
mnist/swin_tiny/raw/dense/pNA/seed0,mnist,swin_tiny,raw,dense,,0,heldout_val,55000,44,heldout_val,0.06646641186841072,0.9916,5000,final_epoch_primary
mnist/swin_tiny/raw/dense/pNA/seed0,mnist,swin_tiny,raw,dense,,0,heldout_val,55000,45,train_online,0.0015203921502744743,0.9995454545454545,55000,final_epoch_primary
mnist/swin_tiny/raw/dense/pNA/seed0,mnist,swin_tiny,raw,dense,,0,heldout_val,55000,45,heldout_val,0.061409770681908456,0.991,5000,final_epoch_primary
mnist/swin_tiny/raw/dense/pNA/seed0,mnist,swin_tiny,raw,dense,,0,heldout_val,55000,46,train_online,0.0014099831149390727,0.9996,55000,final_epoch_primary
mnist/swin_tiny/raw/dense/pNA/seed0,mnist,swin_tiny,raw,dense,,0,heldout_val,55000,46,heldout_val,0.06340475505630798,0.991,5000,final_epoch_primary
mnist/swin_tiny/raw/dense/pNA/seed0,mnist,swin_tiny,raw,dense,,0,heldout_val,55000,47,train_online,0.001208066499334487,0.9996,55000,final_epoch_primary
mnist/swin_tiny/raw/dense/pNA/seed0,mnist,swin_tiny,raw,dense,,0,heldout_val,55000,47,heldout_val,0.06212254743740655,0.991,5000,final_epoch_primary
mnist/swin_tiny/raw/dense/pNA/seed0,mnist,swin_tiny,raw,dense,,0,heldout_val,55000,48,train_online,0.0013600661987213257,0.9996181818181819,55000,final_epoch_primary
mnist/swin_tiny/raw/dense/pNA/seed0,mnist,swin_tiny,raw,dense,,0,heldout_val,55000,48,heldout_val,0.06370217684670934,0.9912,5000,final_epoch_primary
mnist/swin_tiny/raw/dense/pNA/seed0,mnist,swin_tiny,raw,dense,,0,heldout_val,55000,49,train_online,0.0010493196594688486,0.9996363636363637,55000,final_epoch_primary
mnist/swin_tiny/raw/dense/pNA/seed0,mnist,swin_tiny,raw,dense,,0,heldout_val,55000,49,heldout_val,0.06345411668771941,0.9914,5000,final_epoch_primary
mnist/swin_tiny/grayscale/compact/p0/seed0,mnist,swin_tiny,grayscale,compact,0,0,heldout_val,55000,0,train_online,0.4946654078868641,0.8525818181818182,55000,final_epoch_primary
mnist/swin_tiny/grayscale/compact/p0/seed0,mnist,swin_tiny,grayscale,compact,0,0,heldout_val,55000,0,heldout_val,0.2680273451415589,0.9244,5000,final_epoch_primary
mnist/swin_tiny/grayscale/compact/p0/seed0,mnist,swin_tiny,grayscale,compact,0,0,heldout_val,55000,1,train_online,0.21680134398379808,0.9459090909090909,55000,final_epoch_primary
mnist/swin_tiny/grayscale/compact/p0/seed0,mnist,swin_tiny,grayscale,compact,0,0,heldout_val,55000,1,heldout_val,0.18902456422951072,0.9566,5000,final_epoch_primary
mnist/swin_tiny/grayscale/compact/p0/seed0,mnist,swin_tiny,grayscale,compact,0,0,heldout_val,55000,2,train_online,0.19923286687995093,0.9500909090909091,55000,final_epoch_primary
mnist/swin_tiny/grayscale/compact/p0/seed0,mnist,swin_tiny,grayscale,compact,0,0,heldout_val,55000,2,heldout_val,0.1902687998428577,0.955,5000,final_epoch_primary
mnist/swin_tiny/grayscale/compact/p0/seed0,mnist,swin_tiny,grayscale,compact,0,0,heldout_val,55000,3,train_online,0.2174596950059371,0.9454727272727272,55000,final_epoch_primary
mnist/swin_tiny/grayscale/compact/p0/seed0,mnist,swin_tiny,grayscale,compact,0,0,heldout_val,55000,3,heldout_val,0.21131556769128657,0.9452,5000,final_epoch_primary
mnist/swin_tiny/grayscale/compact/p0/seed0,mnist,swin_tiny,grayscale,compact,0,0,heldout_val,55000,4,train_online,0.2507242096762263,0.9347818181818182,55000,final_epoch_primary
mnist/swin_tiny/grayscale/compact/p0/seed0,mnist,swin_tiny,grayscale,compact,0,0,heldout_val,55000,4,heldout_val,0.2138996231315774,0.9438,5000,final_epoch_primary
mnist/swin_tiny/grayscale/compact/p0/seed0,mnist,swin_tiny,grayscale,compact,0,0,heldout_val,55000,5,train_online,0.24342817011804338,0.9388909090909091,55000,final_epoch_primary
mnist/swin_tiny/grayscale/compact/p0/seed0,mnist,swin_tiny,grayscale,compact,0,0,heldout_val,55000,5,heldout_val,0.34229307659247427,0.9206,5000,final_epoch_primary
mnist/swin_tiny/grayscale/compact/p0/seed0,mnist,swin_tiny,grayscale,compact,0,0,heldout_val,55000,6,train_online,0.2431017441558096,0.9386181818181818,55000,final_epoch_primary
mnist/swin_tiny/grayscale/compact/p0/seed0,mnist,swin_tiny,grayscale,compact,0,0,heldout_val,55000,6,heldout_val,0.21943064816024854,0.9426,5000,final_epoch_primary
mnist/swin_tiny/grayscale/compact/p20/seed0,mnist,swin_tiny,grayscale,compact,20,0,heldout_val,55000,0,train_online,0.49653767683632694,0.8526727272727272,55000,final_epoch_primary
mnist/swin_tiny/grayscale/compact/p20/seed0,mnist,swin_tiny,grayscale,compact,20,0,heldout_val,55000,0,heldout_val,0.19855720892712705,0.9468,5000,final_epoch_primary
mnist/swin_tiny/grayscale/compact/p20/seed0,mnist,swin_tiny,grayscale,compact,20,0,heldout_val,55000,1,train_online,0.2137115689937635,0.9483454545454545,55000,final_epoch_primary
mnist/swin_tiny/grayscale/compact/p20/seed0,mnist,swin_tiny,grayscale,compact,20,0,heldout_val,55000,1,heldout_val,0.1600870498324861,0.9604,5000,final_epoch_primary
mnist/swin_tiny/grayscale/compact/p20/seed0,mnist,swin_tiny,grayscale,compact,20,0,heldout_val,55000,2,train_online,0.20277513649963844,0.9502909090909091,55000,final_epoch_primary
mnist/swin_tiny/grayscale/compact/p20/seed0,mnist,swin_tiny,grayscale,compact,20,0,heldout_val,55000,2,heldout_val,0.1713091855223407,0.9576,5000,final_epoch_primary
mnist/swin_tiny/grayscale/compact/p20/seed0,mnist,swin_tiny,grayscale,compact,20,0,heldout_val,55000,3,train_online,0.21847369697532015,0.9456909090909091,55000,final_epoch_primary
mnist/swin_tiny/grayscale/compact/p20/seed0,mnist,swin_tiny,grayscale,compact,20,0,heldout_val,55000,3,heldout_val,0.2123503685071715,0.9462,5000,final_epoch_primary
mnist/swin_tiny/grayscale/compact/p20/seed0,mnist,swin_tiny,grayscale,compact,20,0,heldout_val,55000,4,train_online,0.23856068054585908,0.9393818181818182,55000,final_epoch_primary
mnist/swin_tiny/grayscale/compact/p20/seed0,mnist,swin_tiny,grayscale,compact,20,0,heldout_val,55000,4,heldout_val,0.23460308303404018,0.9384,5000,final_epoch_primary
mnist/swin_tiny/grayscale/compact/p20/seed0,mnist,swin_tiny,grayscale,compact,20,0,heldout_val,55000,5,train_online,0.25684240392482766,0.9340909090909091,55000,final_epoch_primary
mnist/swin_tiny/grayscale/compact/p20/seed0,mnist,swin_tiny,grayscale,compact,20,0,heldout_val,55000,5,heldout_val,0.2245050010792329,0.9398,5000,final_epoch_primary
mnist/swin_tiny/grayscale/compact/p20/seed0,mnist,swin_tiny,grayscale,compact,20,0,heldout_val,55000,6,train_online,0.24039098758060928,0.9394181818181818,55000,final_epoch_primary
mnist/swin_tiny/grayscale/compact/p20/seed0,mnist,swin_tiny,grayscale,compact,20,0,heldout_val,55000,6,heldout_val,0.19281689493209123,0.9522,5000,final_epoch_primary
mnist/swin_tiny/grayscale/compact/p20/seed0,mnist,swin_tiny,grayscale,compact,20,0,heldout_val,55000,7,train_online,0.23339869329727478,0.9408,55000,final_epoch_primary
mnist/swin_tiny/grayscale/compact/p20/seed0,mnist,swin_tiny,grayscale,compact,20,0,heldout_val,55000,7,heldout_val,0.24802066883735824,0.9416,5000,final_epoch_primary
mnist/swin_tiny/grayscale/compact/p40/seed0,mnist,swin_tiny,grayscale,compact,40,0,heldout_val,55000,0,train_online,0.49761078602533937,0.8525454545454545,55000,final_epoch_primary
mnist/swin_tiny/grayscale/compact/p40/seed0,mnist,swin_tiny,grayscale,compact,40,0,heldout_val,55000,0,heldout_val,0.2411537496354431,0.939,5000,final_epoch_primary
mnist/swin_tiny/grayscale/compact/p40/seed0,mnist,swin_tiny,grayscale,compact,40,0,heldout_val,55000,1,train_online,0.21668887066957052,0.9470363636363637,55000,final_epoch_primary
mnist/swin_tiny/grayscale/compact/p40/seed0,mnist,swin_tiny,grayscale,compact,40,0,heldout_val,55000,1,heldout_val,0.17836864713104733,0.956,5000,final_epoch_primary
mnist/swin_tiny/grayscale/compact/p40/seed0,mnist,swin_tiny,grayscale,compact,40,0,heldout_val,55000,2,train_online,0.198087121989883,0.9524181818181818,55000,final_epoch_primary
mnist/swin_tiny/grayscale/compact/p40/seed0,mnist,swin_tiny,grayscale,compact,40,0,heldout_val,55000,2,heldout_val,0.19429847305194708,0.952,5000,final_epoch_primary
mnist/swin_tiny/grayscale/compact/p40/seed0,mnist,swin_tiny,grayscale,compact,40,0,heldout_val,55000,3,train_online,0.22056771214263637,0.9462545454545455,55000,final_epoch_primary
mnist/swin_tiny/grayscale/compact/p40/seed0,mnist,swin_tiny,grayscale,compact,40,0,heldout_val,55000,3,heldout_val,0.26040474874276553,0.9376,5000,final_epoch_primary
mnist/swin_tiny/grayscale/compact/p40/seed0,mnist,swin_tiny,grayscale,compact,40,0,heldout_val,55000,4,train_online,0.24599504866405966,0.9374363636363636,55000,final_epoch_primary
mnist/swin_tiny/grayscale/compact/p40/seed0,mnist,swin_tiny,grayscale,compact,40,0,heldout_val,55000,4,heldout_val,0.2474813338591368,0.9378,5000,final_epoch_primary
mnist/swin_tiny/grayscale/compact/p40/seed0,mnist,swin_tiny,grayscale,compact,40,0,heldout_val,55000,5,train_online,0.25246649322393816,0.9352909090909091,55000,final_epoch_primary
mnist/swin_tiny/grayscale/compact/p40/seed0,mnist,swin_tiny,grayscale,compact,40,0,heldout_val,55000,5,heldout_val,0.2303389596417488,0.9434,5000,final_epoch_primary
mnist/swin_tiny/grayscale/compact/p40/seed0,mnist,swin_tiny,grayscale,compact,40,0,heldout_val,55000,6,train_online,0.24224472389885474,0.9370727272727273,55000,final_epoch_primary
mnist/swin_tiny/grayscale/compact/p40/seed0,mnist,swin_tiny,grayscale,compact,40,0,heldout_val,55000,6,heldout_val,0.1879929415157967,0.9496,5000,final_epoch_primary
mnist/swin_tiny/grayscale/compact/p40/seed0,mnist,swin_tiny,grayscale,compact,40,0,heldout_val,55000,7,train_online,0.23065226020743787,0.9408181818181818,55000,final_epoch_primary
mnist/swin_tiny/grayscale/compact/p40/seed0,mnist,swin_tiny,grayscale,compact,40,0,heldout_val,55000,7,heldout_val,0.20172991199508034,0.9502,5000,final_epoch_primary
mnist/swin_tiny/grayscale/compact/p40/seed0,mnist,swin_tiny,grayscale,compact,40,0,heldout_val,55000,8,train_online,0.2094460518161241,0.9468181818181818,55000,final_epoch_primary
mnist/swin_tiny/grayscale/compact/p40/seed0,mnist,swin_tiny,grayscale,compact,40,0,heldout_val,55000,8,heldout_val,0.1627209890395221,0.9586,5000,final_epoch_primary
mnist/swin_tiny/grayscale/compact/p40/seed0,mnist,swin_tiny,grayscale,compact,40,0,heldout_val,55000,9,train_online,0.1842655045127184,0.9522363636363637,55000,final_epoch_primary
mnist/swin_tiny/grayscale/compact/p40/seed0,mnist,swin_tiny,grayscale,compact,40,0,heldout_val,55000,9,heldout_val,0.1654532405257858,0.9608,5000,final_epoch_primary
mnist/swin_tiny/grayscale/compact/p40/seed0,mnist,swin_tiny,grayscale,compact,40,0,heldout_val,55000,10,train_online,0.17400271452125374,0.9549090909090909,55000,final_epoch_primary
mnist/swin_tiny/grayscale/compact/p40/seed0,mnist,swin_tiny,grayscale,compact,40,0,heldout_val,55000,10,heldout_val,0.15210955528536288,0.9608,5000,final_epoch_primary
mnist/swin_tiny/grayscale/compact/p40/seed0,mnist,swin_tiny,grayscale,compact,40,0,heldout_val,55000,11,train_online,0.17519038719277286,0.9554727272727273,55000,final_epoch_primary
mnist/swin_tiny/grayscale/compact/p40/seed0,mnist,swin_tiny,grayscale,compact,40,0,heldout_val,55000,11,heldout_val,0.1561613085150617,0.9574,5000,final_epoch_primary
mnist/swin_tiny/grayscale/compact/p40/seed0,mnist,swin_tiny,grayscale,compact,40,0,heldout_val,55000,12,train_online,0.16058151437622584,0.9579090909090909,55000,final_epoch_primary
mnist/swin_tiny/grayscale/compact/p40/seed0,mnist,swin_tiny,grayscale,compact,40,0,heldout_val,55000,12,heldout_val,0.1301450602402947,0.9622,5000,final_epoch_primary
mnist/swin_tiny/grayscale/compact/p40/seed0,mnist,swin_tiny,grayscale,compact,40,0,heldout_val,55000,13,train_online,0.1504922265956985,0.9606,55000,final_epoch_primary
mnist/swin_tiny/grayscale/compact/p40/seed0,mnist,swin_tiny,grayscale,compact,40,0,heldout_val,55000,13,heldout_val,0.12596783902742173,0.9662,5000,final_epoch_primary
mnist/swin_tiny/grayscale/compact/p40/seed0,mnist,swin_tiny,grayscale,compact,40,0,heldout_val,55000,14,train_online,0.14262321548622964,0.9639636363636364,55000,final_epoch_primary
mnist/swin_tiny/grayscale/compact/p40/seed0,mnist,swin_tiny,grayscale,compact,40,0,heldout_val,55000,14,heldout_val,0.12550392812843855,0.967,5000,final_epoch_primary
mnist/swin_tiny/grayscale/compact/p40/seed0,mnist,swin_tiny,grayscale,compact,40,0,heldout_val,55000,15,train_online,0.1359430949680411,0.9652181818181819,55000,final_epoch_primary
mnist/swin_tiny/grayscale/compact/p40/seed0,mnist,swin_tiny,grayscale,compact,40,0,heldout_val,55000,15,heldout_val,0.16047736310468172,0.9626,5000,final_epoch_primary
mnist/swin_tiny/grayscale/compact/p60/seed0,mnist,swin_tiny,grayscale,compact,60,0,heldout_val,55000,0,train_online,0.4940497373521249,0.8531818181818182,55000,final_epoch_primary
mnist/swin_tiny/grayscale/compact/p60/seed0,mnist,swin_tiny,grayscale,compact,60,0,heldout_val,55000,0,heldout_val,0.18984836816557799,0.9508,5000,final_epoch_primary
mnist/swin_tiny/grayscale/compact/p60/seed0,mnist,swin_tiny,grayscale,compact,60,0,heldout_val,55000,1,train_online,0.2159396159704531,0.9459636363636363,55000,final_epoch_primary
mnist/swin_tiny/grayscale/compact/p60/seed0,mnist,swin_tiny,grayscale,compact,60,0,heldout_val,55000,1,heldout_val,0.1906558027508232,0.954,5000,final_epoch_primary
mnist/swin_tiny/grayscale/compact/p60/seed0,mnist,swin_tiny,grayscale,compact,60,0,heldout_val,55000,2,train_online,0.1953311510061846,0.9522,55000,final_epoch_primary
mnist/swin_tiny/grayscale/compact/p60/seed0,mnist,swin_tiny,grayscale,compact,60,0,heldout_val,55000,2,heldout_val,0.2743881511969754,0.94,5000,final_epoch_primary
mnist/swin_tiny/grayscale/compact/p60/seed0,mnist,swin_tiny,grayscale,compact,60,0,heldout_val,55000,3,train_online,0.21611638604757888,0.9463454545454546,55000,final_epoch_primary
mnist/swin_tiny/grayscale/compact/p60/seed0,mnist,swin_tiny,grayscale,compact,60,0,heldout_val,55000,3,heldout_val,0.24654355667854544,0.9324,5000,final_epoch_primary
mnist/swin_tiny/grayscale/compact/p60/seed0,mnist,swin_tiny,grayscale,compact,60,0,heldout_val,55000,4,train_online,0.23530921497118001,0.9399636363636363,55000,final_epoch_primary
mnist/swin_tiny/grayscale/compact/p60/seed0,mnist,swin_tiny,grayscale,compact,60,0,heldout_val,55000,4,heldout_val,0.21412262426532397,0.9464,5000,final_epoch_primary
mnist/swin_tiny/grayscale/compact/p60/seed0,mnist,swin_tiny,grayscale,compact,60,0,heldout_val,55000,5,train_online,0.2568961674665486,0.9346909090909091,55000,final_epoch_primary
mnist/swin_tiny/grayscale/compact/p60/seed0,mnist,swin_tiny,grayscale,compact,60,0,heldout_val,55000,5,heldout_val,0.23199381328084273,0.9374,5000,final_epoch_primary
mnist/swin_tiny/grayscale/compact/p60/seed0,mnist,swin_tiny,grayscale,compact,60,0,heldout_val,55000,6,train_online,0.23797489502765873,0.9387272727272727,55000,final_epoch_primary
mnist/swin_tiny/grayscale/compact/p60/seed0,mnist,swin_tiny,grayscale,compact,60,0,heldout_val,55000,6,heldout_val,0.2802706674250483,0.9308,5000,final_epoch_primary
mnist/swin_tiny/grayscale/compact/p60/seed0,mnist,swin_tiny,grayscale,compact,60,0,heldout_val,55000,7,train_online,0.22250557251325598,0.9428545454545455,55000,final_epoch_primary
mnist/swin_tiny/grayscale/compact/p60/seed0,mnist,swin_tiny,grayscale,compact,60,0,heldout_val,55000,7,heldout_val,0.18397499828036235,0.9538,5000,final_epoch_primary
mnist/swin_tiny/grayscale/compact/p60/seed0,mnist,swin_tiny,grayscale,compact,60,0,heldout_val,55000,8,train_online,0.2084383771758819,0.9463636363636364,55000,final_epoch_primary
mnist/swin_tiny/grayscale/compact/p60/seed0,mnist,swin_tiny,grayscale,compact,60,0,heldout_val,55000,8,heldout_val,0.21382879881202244,0.9448,5000,final_epoch_primary
mnist/swin_tiny/grayscale/compact/p60/seed0,mnist,swin_tiny,grayscale,compact,60,0,heldout_val,55000,9,train_online,0.1912801148402793,0.9502181818181819,55000,final_epoch_primary
mnist/swin_tiny/grayscale/compact/p60/seed0,mnist,swin_tiny,grayscale,compact,60,0,heldout_val,55000,9,heldout_val,0.19188831373733264,0.9512,5000,final_epoch_primary
mnist/swin_tiny/grayscale/compact/p60/seed0,mnist,swin_tiny,grayscale,compact,60,0,heldout_val,55000,10,train_online,0.1977045333506278,0.9487636363636364,55000,final_epoch_primary
mnist/swin_tiny/grayscale/compact/p60/seed0,mnist,swin_tiny,grayscale,compact,60,0,heldout_val,55000,10,heldout_val,0.18606630469834054,0.9544,5000,final_epoch_primary
mnist/swin_tiny/grayscale/compact/p60/seed0,mnist,swin_tiny,grayscale,compact,60,0,heldout_val,55000,11,train_online,0.17953962230105713,0.9540545454545455,55000,final_epoch_primary
mnist/swin_tiny/grayscale/compact/p60/seed0,mnist,swin_tiny,grayscale,compact,60,0,heldout_val,55000,11,heldout_val,0.14165776243430156,0.9632,5000,final_epoch_primary
mnist/swin_tiny/grayscale/compact/p60/seed0,mnist,swin_tiny,grayscale,compact,60,0,heldout_val,55000,12,train_online,0.16504206148170328,0.9572909090909091,55000,final_epoch_primary
mnist/swin_tiny/grayscale/compact/p60/seed0,mnist,swin_tiny,grayscale,compact,60,0,heldout_val,55000,12,heldout_val,0.13802910184665235,0.9648,5000,final_epoch_primary
mnist/swin_tiny/grayscale/compact/p60/seed0,mnist,swin_tiny,grayscale,compact,60,0,heldout_val,55000,13,train_online,0.1753436139886466,0.9552,55000,final_epoch_primary
mnist/swin_tiny/grayscale/compact/p60/seed0,mnist,swin_tiny,grayscale,compact,60,0,heldout_val,55000,13,heldout_val,0.12226166695081701,0.9676,5000,final_epoch_primary
mnist/swin_tiny/grayscale/compact/p60/seed0,mnist,swin_tiny,grayscale,compact,60,0,heldout_val,55000,14,train_online,0.15075728215959733,0.9612909090909091,55000,final_epoch_primary
mnist/swin_tiny/grayscale/compact/p60/seed0,mnist,swin_tiny,grayscale,compact,60,0,heldout_val,55000,14,heldout_val,0.11219858875587524,0.9696,5000,final_epoch_primary
mnist/swin_tiny/grayscale/compact/p80/seed0,mnist,swin_tiny,grayscale,compact,80,0,heldout_val,55000,0,train_online,0.547522604632565,0.8336545454545454,55000,final_epoch_primary
mnist/swin_tiny/grayscale/compact/p80/seed0,mnist,swin_tiny,grayscale,compact,80,0,heldout_val,55000,0,heldout_val,0.2296875586893526,0.9388,5000,final_epoch_primary
mnist/swin_tiny/grayscale/compact/p80/seed0,mnist,swin_tiny,grayscale,compact,80,0,heldout_val,55000,1,train_online,0.22919201392175217,0.9423818181818182,55000,final_epoch_primary
mnist/swin_tiny/grayscale/compact/p80/seed0,mnist,swin_tiny,grayscale,compact,80,0,heldout_val,55000,1,heldout_val,0.18180856104317353,0.9528,5000,final_epoch_primary
mnist/swin_tiny/grayscale/compact/p80/seed0,mnist,swin_tiny,grayscale,compact,80,0,heldout_val,55000,2,train_online,0.2062053676261183,0.9480545454545455,55000,final_epoch_primary
mnist/swin_tiny/grayscale/compact/p80/seed0,mnist,swin_tiny,grayscale,compact,80,0,heldout_val,55000,2,heldout_val,0.1923760891897633,0.9466,5000,final_epoch_primary
mnist/swin_tiny/grayscale/compact/p80/seed0,mnist,swin_tiny,grayscale,compact,80,0,heldout_val,55000,3,train_online,0.2213429772818821,0.9420181818181819,55000,final_epoch_primary
mnist/swin_tiny/grayscale/compact/p80/seed0,mnist,swin_tiny,grayscale,compact,80,0,heldout_val,55000,3,heldout_val,0.21667511853612959,0.942,5000,final_epoch_primary
mnist/swin_tiny/grayscale/compact/p80/seed0,mnist,swin_tiny,grayscale,compact,80,0,heldout_val,55000,4,train_online,0.24617865348082904,0.9346545454545454,55000,final_epoch_primary
mnist/swin_tiny/grayscale/compact/p80/seed0,mnist,swin_tiny,grayscale,compact,80,0,heldout_val,55000,4,heldout_val,0.23439974237619898,0.9376,5000,final_epoch_primary
mnist/swin_tiny/grayscale/compact/p80/seed0,mnist,swin_tiny,grayscale,compact,80,0,heldout_val,55000,5,train_online,0.2346541307148857,0.9377818181818182,55000,final_epoch_primary
mnist/swin_tiny/grayscale/compact/p80/seed0,mnist,swin_tiny,grayscale,compact,80,0,heldout_val,55000,5,heldout_val,0.1957904062863614,0.9472,5000,final_epoch_primary
mnist/swin_tiny/grayscale/compact/p80/seed0,mnist,swin_tiny,grayscale,compact,80,0,heldout_val,55000,6,train_online,0.2296528046481335,0.9393636363636364,55000,final_epoch_primary
mnist/swin_tiny/grayscale/compact/p80/seed0,mnist,swin_tiny,grayscale,compact,80,0,heldout_val,55000,6,heldout_val,0.2371974945183203,0.9376,5000,final_epoch_primary
mnist/swin_tiny/grayscale/compact/p80/seed0,mnist,swin_tiny,grayscale,compact,80,0,heldout_val,55000,7,train_online,0.21443189234350865,0.9433454545454546,55000,final_epoch_primary
mnist/swin_tiny/grayscale/compact/p80/seed0,mnist,swin_tiny,grayscale,compact,80,0,heldout_val,55000,7,heldout_val,0.1997590632902051,0.9484,5000,final_epoch_primary
mnist/swin_tiny/grayscale/compact/p80/seed0,mnist,swin_tiny,grayscale,compact,80,0,heldout_val,55000,8,train_online,0.2170334360487132,0.9437090909090909,55000,final_epoch_primary
mnist/swin_tiny/grayscale/compact/p80/seed0,mnist,swin_tiny,grayscale,compact,80,0,heldout_val,55000,8,heldout_val,0.18874935336037016,0.946,5000,final_epoch_primary
mnist/swin_tiny/grayscale/compact/p80/seed0,mnist,swin_tiny,grayscale,compact,80,0,heldout_val,55000,9,train_online,0.19468982198674376,0.9491454545454545,55000,final_epoch_primary
mnist/swin_tiny/grayscale/compact/p80/seed0,mnist,swin_tiny,grayscale,compact,80,0,heldout_val,55000,9,heldout_val,0.2720653253040626,0.9268,5000,final_epoch_primary
mnist/swin_tiny/grayscale/compact/p80/seed0,mnist,swin_tiny,grayscale,compact,80,0,heldout_val,55000,10,train_online,0.1778644036524465,0.9532545454545455,55000,final_epoch_primary
mnist/swin_tiny/grayscale/compact/p80/seed0,mnist,swin_tiny,grayscale,compact,80,0,heldout_val,55000,10,heldout_val,0.15148564359801822,0.9592,5000,final_epoch_primary
mnist/swin_tiny/grayscale/compact/p80/seed0,mnist,swin_tiny,grayscale,compact,80,0,heldout_val,55000,11,train_online,0.16823111934363122,0.9555454545454546,55000,final_epoch_primary
mnist/swin_tiny/grayscale/compact/p80/seed0,mnist,swin_tiny,grayscale,compact,80,0,heldout_val,55000,11,heldout_val,0.14734149570085284,0.9604,5000,final_epoch_primary
mnist/swin_tiny/grayscale/compact/p80/seed0,mnist,swin_tiny,grayscale,compact,80,0,heldout_val,55000,12,train_online,0.155233213383268,0.9576545454545454,55000,final_epoch_primary
mnist/swin_tiny/grayscale/compact/p80/seed0,mnist,swin_tiny,grayscale,compact,80,0,heldout_val,55000,12,heldout_val,0.1750315163145293,0.956,5000,final_epoch_primary
mnist/swin_tiny/grayscale/compact/p80/seed0,mnist,swin_tiny,grayscale,compact,80,0,heldout_val,55000,13,train_online,0.14530409756899462,0.9613272727272727,55000,final_epoch_primary
mnist/swin_tiny/grayscale/compact/p80/seed0,mnist,swin_tiny,grayscale,compact,80,0,heldout_val,55000,13,heldout_val,0.16015996433701948,0.958,5000,final_epoch_primary
mnist/swin_tiny/grayscale/compact/p80/seed0,mnist,swin_tiny,grayscale,compact,80,0,heldout_val,55000,14,train_online,0.14201177096423437,0.9616181818181818,55000,final_epoch_primary
mnist/swin_tiny/grayscale/compact/p80/seed0,mnist,swin_tiny,grayscale,compact,80,0,heldout_val,55000,14,heldout_val,0.17007673313662236,0.9576,5000,final_epoch_primary
mnist/swin_tiny/grayscale/compact/p80/seed0,mnist,swin_tiny,grayscale,compact,80,0,heldout_val,55000,15,train_online,0.12949156485910393,0.9658909090909091,55000,final_epoch_primary
mnist/swin_tiny/grayscale/compact/p80/seed0,mnist,swin_tiny,grayscale,compact,80,0,heldout_val,55000,15,heldout_val,0.15074486172673351,0.9606,5000,final_epoch_primary
mnist/swin_tiny/grayscale/compact/p80/seed0,mnist,swin_tiny,grayscale,compact,80,0,heldout_val,55000,16,train_online,0.12721492784310645,0.9664181818181818,55000,final_epoch_primary
mnist/swin_tiny/grayscale/compact/p80/seed0,mnist,swin_tiny,grayscale,compact,80,0,heldout_val,55000,16,heldout_val,0.11748071189371076,0.9702,5000,final_epoch_primary
mnist/swin_tiny/grayscale/compact/p80/seed0,mnist,swin_tiny,grayscale,compact,80,0,heldout_val,55000,17,train_online,0.11925130033874788,0.9679818181818182,55000,final_epoch_primary
mnist/swin_tiny/grayscale/compact/p80/seed0,mnist,swin_tiny,grayscale,compact,80,0,heldout_val,55000,17,heldout_val,0.12369930963653242,0.9678,5000,final_epoch_primary
mnist/swin_tiny/grayscale/compact/p80/seed0,mnist,swin_tiny,grayscale,compact,80,0,heldout_val,55000,18,train_online,0.12036204392352262,0.9688909090909091,55000,final_epoch_primary
mnist/swin_tiny/grayscale/compact/p80/seed0,mnist,swin_tiny,grayscale,compact,80,0,heldout_val,55000,18,heldout_val,0.11101852770112727,0.9722,5000,final_epoch_primary
mnist/swin_tiny/grayscale/compact/p80/seed0,mnist,swin_tiny,grayscale,compact,80,0,heldout_val,55000,19,train_online,0.10743556738741374,0.9719818181818182,55000,final_epoch_primary
mnist/swin_tiny/grayscale/compact/p80/seed0,mnist,swin_tiny,grayscale,compact,80,0,heldout_val,55000,19,heldout_val,0.11534390458087146,0.97,5000,final_epoch_primary
mnist/swin_tiny/grayscale/compact/p80/seed0,mnist,swin_tiny,grayscale,compact,80,0,heldout_val,55000,20,train_online,0.09875493006661944,0.974,55000,final_epoch_primary
mnist/swin_tiny/grayscale/compact/p80/seed0,mnist,swin_tiny,grayscale,compact,80,0,heldout_val,55000,20,heldout_val,0.09293001647306227,0.9742,5000,final_epoch_primary
mnist/swin_tiny/grayscale/compact/p80/seed0,mnist,swin_tiny,grayscale,compact,80,0,heldout_val,55000,21,train_online,0.0923369160625112,0.9754545454545455,55000,final_epoch_primary
mnist/swin_tiny/grayscale/compact/p80/seed0,mnist,swin_tiny,grayscale,compact,80,0,heldout_val,55000,21,heldout_val,0.10393921563375115,0.9718,5000,final_epoch_primary
mnist/swin_tiny/grayscale/compact/p80/seed0,mnist,swin_tiny,grayscale,compact,80,0,heldout_val,55000,22,train_online,0.08759477356556637,0.9765272727272727,55000,final_epoch_primary
mnist/swin_tiny/grayscale/compact/p80/seed0,mnist,swin_tiny,grayscale,compact,80,0,heldout_val,55000,22,heldout_val,0.09058799444432807,0.9768,5000,final_epoch_primary
mnist/swin_tiny/grayscale/compact/p80/seed0,mnist,swin_tiny,grayscale,compact,80,0,heldout_val,55000,23,train_online,0.08123944800073953,0.9784181818181819,55000,final_epoch_primary
mnist/swin_tiny/grayscale/compact/p80/seed0,mnist,swin_tiny,grayscale,compact,80,0,heldout_val,55000,23,heldout_val,0.08494905754293704,0.9788,5000,final_epoch_primary
mnist/swin_tiny/grayscale/compact/p80/seed0,mnist,swin_tiny,grayscale,compact,80,0,heldout_val,55000,24,train_online,0.0775052452064273,0.9796727272727273,55000,final_epoch_primary
mnist/swin_tiny/grayscale/compact/p80/seed0,mnist,swin_tiny,grayscale,compact,80,0,heldout_val,55000,24,heldout_val,0.10037725626064421,0.9752,5000,final_epoch_primary
mnist/swin_tiny/grayscale/dense/p0/seed0,mnist,swin_tiny,grayscale,dense,0,0,heldout_val,55000,0,train_online,0.47231758399077567,0.8624,55000,final_epoch_primary
mnist/swin_tiny/grayscale/dense/p0/seed0,mnist,swin_tiny,grayscale,dense,0,0,heldout_val,55000,0,heldout_val,0.2197701178195741,0.9492,5000,final_epoch_primary
mnist/swin_tiny/grayscale/dense/p0/seed0,mnist,swin_tiny,grayscale,dense,0,0,heldout_val,55000,1,train_online,0.21814491682713402,0.9469818181818181,55000,final_epoch_primary
mnist/swin_tiny/grayscale/dense/p0/seed0,mnist,swin_tiny,grayscale,dense,0,0,heldout_val,55000,1,heldout_val,0.1868991246268386,0.9576,5000,final_epoch_primary
mnist/swin_tiny/grayscale/dense/p0/seed0,mnist,swin_tiny,grayscale,dense,0,0,heldout_val,55000,2,train_online,0.19472126815138074,0.952490909090909,55000,final_epoch_primary
mnist/swin_tiny/grayscale/dense/p0/seed0,mnist,swin_tiny,grayscale,dense,0,0,heldout_val,55000,2,heldout_val,0.18672735417223885,0.9508,5000,final_epoch_primary
mnist/swin_tiny/grayscale/dense/p0/seed0,mnist,swin_tiny,grayscale,dense,0,0,heldout_val,55000,3,train_online,0.20994444547060603,0.9476727272727272,55000,final_epoch_primary
mnist/swin_tiny/grayscale/dense/p0/seed0,mnist,swin_tiny,grayscale,dense,0,0,heldout_val,55000,3,heldout_val,0.28610185762702606,0.93,5000,final_epoch_primary
mnist/swin_tiny/grayscale/dense/p0/seed0,mnist,swin_tiny,grayscale,dense,0,0,heldout_val,55000,4,train_online,0.23330514498657748,0.9391454545454545,55000,final_epoch_primary
mnist/swin_tiny/grayscale/dense/p0/seed0,mnist,swin_tiny,grayscale,dense,0,0,heldout_val,55000,4,heldout_val,0.3001772169706703,0.9262,5000,final_epoch_primary
mnist/swin_tiny/grayscale/dense/p0/seed0,mnist,swin_tiny,grayscale,dense,0,0,heldout_val,55000,5,train_online,0.24199079464068662,0.9377090909090909,55000,final_epoch_primary
mnist/swin_tiny/grayscale/dense/p0/seed0,mnist,swin_tiny,grayscale,dense,0,0,heldout_val,55000,5,heldout_val,0.20131046411442804,0.9474,5000,final_epoch_primary
mnist/swin_tiny/grayscale/dense/p0/seed0,mnist,swin_tiny,grayscale,dense,0,0,heldout_val,55000,6,train_online,0.2203403339430756,0.9430545454545455,55000,final_epoch_primary
mnist/swin_tiny/grayscale/dense/p0/seed0,mnist,swin_tiny,grayscale,dense,0,0,heldout_val,55000,6,heldout_val,0.2419174702002434,0.94,5000,final_epoch_primary
mnist/swin_tiny/grayscale/dense/p0/seed0,mnist,swin_tiny,grayscale,dense,0,0,heldout_val,55000,7,train_online,0.20655913421316363,0.9462181818181818,55000,final_epoch_primary
mnist/swin_tiny/grayscale/dense/p0/seed0,mnist,swin_tiny,grayscale,dense,0,0,heldout_val,55000,7,heldout_val,0.20572387777374243,0.9474,5000,final_epoch_primary
mnist/swin_tiny/grayscale/dense/p0/seed0,mnist,swin_tiny,grayscale,dense,0,0,heldout_val,55000,8,train_online,0.19709947485114726,0.9495090909090909,55000,final_epoch_primary
mnist/swin_tiny/grayscale/dense/p0/seed0,mnist,swin_tiny,grayscale,dense,0,0,heldout_val,55000,8,heldout_val,0.172619517191028,0.9558,5000,final_epoch_primary
mnist/swin_tiny/grayscale/dense/p0/seed0,mnist,swin_tiny,grayscale,dense,0,0,heldout_val,55000,9,train_online,0.17649967651338402,0.9526,55000,final_epoch_primary
mnist/swin_tiny/grayscale/dense/p0/seed0,mnist,swin_tiny,grayscale,dense,0,0,heldout_val,55000,9,heldout_val,0.14677569436175109,0.958,5000,final_epoch_primary
mnist/swin_tiny/grayscale/dense/p0/seed0,mnist,swin_tiny,grayscale,dense,0,0,heldout_val,55000,10,train_online,0.18495683900024595,0.9519454545454545,55000,final_epoch_primary
mnist/swin_tiny/grayscale/dense/p0/seed0,mnist,swin_tiny,grayscale,dense,0,0,heldout_val,55000,10,heldout_val,0.18656798062771923,0.9578,5000,final_epoch_primary
mnist/swin_tiny/grayscale/dense/p0/seed0,mnist,swin_tiny,grayscale,dense,0,0,heldout_val,55000,11,train_online,0.17491728905656584,0.9545454545454546,55000,final_epoch_primary
mnist/swin_tiny/grayscale/dense/p0/seed0,mnist,swin_tiny,grayscale,dense,0,0,heldout_val,55000,11,heldout_val,0.1709622216497606,0.9564,5000,final_epoch_primary
mnist/swin_tiny/grayscale/dense/p0/seed0,mnist,swin_tiny,grayscale,dense,0,0,heldout_val,55000,12,train_online,0.15045298919565261,0.9602363636363637,55000,final_epoch_primary
mnist/swin_tiny/grayscale/dense/p0/seed0,mnist,swin_tiny,grayscale,dense,0,0,heldout_val,55000,12,heldout_val,0.1254764894613283,0.9654,5000,final_epoch_primary
mnist/swin_tiny/grayscale/dense/p0/seed0,mnist,swin_tiny,grayscale,dense,0,0,heldout_val,55000,13,train_online,0.15378373366895606,0.9609454545454545,55000,final_epoch_primary
mnist/swin_tiny/grayscale/dense/p0/seed0,mnist,swin_tiny,grayscale,dense,0,0,heldout_val,55000,13,heldout_val,0.13003364790825145,0.965,5000,final_epoch_primary
mnist/swin_tiny/grayscale/dense/p0/seed0,mnist,swin_tiny,grayscale,dense,0,0,heldout_val,55000,14,train_online,0.14666144845828716,0.9616727272727272,55000,final_epoch_primary
mnist/swin_tiny/grayscale/dense/p0/seed0,mnist,swin_tiny,grayscale,dense,0,0,heldout_val,55000,14,heldout_val,0.10971598205719202,0.9694,5000,final_epoch_primary
mnist/swin_tiny/grayscale/dense/p0/seed0,mnist,swin_tiny,grayscale,dense,0,0,heldout_val,55000,15,train_online,0.1308726805246269,0.9653272727272727,55000,final_epoch_primary
mnist/swin_tiny/grayscale/dense/p0/seed0,mnist,swin_tiny,grayscale,dense,0,0,heldout_val,55000,15,heldout_val,0.12892065267635772,0.9674,5000,final_epoch_primary
mnist/swin_tiny/grayscale/dense/p0/seed0,mnist,swin_tiny,grayscale,dense,0,0,heldout_val,55000,16,train_online,0.1311607898342228,0.9668363636363636,55000,final_epoch_primary
mnist/swin_tiny/grayscale/dense/p0/seed0,mnist,swin_tiny,grayscale,dense,0,0,heldout_val,55000,16,heldout_val,0.147107764772715,0.9634,5000,final_epoch_primary
mnist/swin_tiny/grayscale/dense/p0/seed0,mnist,swin_tiny,grayscale,dense,0,0,heldout_val,55000,17,train_online,0.1162663984135873,0.9704,55000,final_epoch_primary
mnist/swin_tiny/grayscale/dense/p0/seed0,mnist,swin_tiny,grayscale,dense,0,0,heldout_val,55000,17,heldout_val,0.10052473498598848,0.9736,5000,final_epoch_primary
mnist/swin_tiny/grayscale/dense/p0/seed0,mnist,swin_tiny,grayscale,dense,0,0,heldout_val,55000,18,train_online,0.10876302017547675,0.9712909090909091,55000,final_epoch_primary
mnist/swin_tiny/grayscale/dense/p0/seed0,mnist,swin_tiny,grayscale,dense,0,0,heldout_val,55000,18,heldout_val,0.12289065565679994,0.9708,5000,final_epoch_primary
mnist/swin_tiny/grayscale/dense/p0/seed0,mnist,swin_tiny,grayscale,dense,0,0,heldout_val,55000,19,train_online,0.10061187637795244,0.9731818181818181,55000,final_epoch_primary
mnist/swin_tiny/grayscale/dense/p0/seed0,mnist,swin_tiny,grayscale,dense,0,0,heldout_val,55000,19,heldout_val,0.08494477127121572,0.9782,5000,final_epoch_primary
mnist/swin_tiny/grayscale/dense/p0/seed0,mnist,swin_tiny,grayscale,dense,0,0,heldout_val,55000,20,train_online,0.09693715902554496,0.9754181818181819,55000,final_epoch_primary
mnist/swin_tiny/grayscale/dense/p0/seed0,mnist,swin_tiny,grayscale,dense,0,0,heldout_val,55000,20,heldout_val,0.10608000787739875,0.9752,5000,final_epoch_primary
mnist/swin_tiny/grayscale/dense/p0/seed0,mnist,swin_tiny,grayscale,dense,0,0,heldout_val,55000,21,train_online,0.09062945953450316,0.9762363636363637,55000,final_epoch_primary
mnist/swin_tiny/grayscale/dense/p0/seed0,mnist,swin_tiny,grayscale,dense,0,0,heldout_val,55000,21,heldout_val,0.08488173273286193,0.9772,5000,final_epoch_primary
mnist/swin_tiny/grayscale/dense/p0/seed0,mnist,swin_tiny,grayscale,dense,0,0,heldout_val,55000,22,train_online,0.08383663584312556,0.9778181818181818,55000,final_epoch_primary
mnist/swin_tiny/grayscale/dense/p0/seed0,mnist,swin_tiny,grayscale,dense,0,0,heldout_val,55000,22,heldout_val,0.0791799772001228,0.9784,5000,final_epoch_primary
mnist/swin_tiny/grayscale/dense/p0/seed0,mnist,swin_tiny,grayscale,dense,0,0,heldout_val,55000,23,train_online,0.08151224571190697,0.9784181818181819,55000,final_epoch_primary
mnist/swin_tiny/grayscale/dense/p0/seed0,mnist,swin_tiny,grayscale,dense,0,0,heldout_val,55000,23,heldout_val,0.10071861141387399,0.9748,5000,final_epoch_primary
mnist/swin_tiny/grayscale/dense/p0/seed0,mnist,swin_tiny,grayscale,dense,0,0,heldout_val,55000,24,train_online,0.0807968237712472,0.9786181818181818,55000,final_epoch_primary
mnist/swin_tiny/grayscale/dense/p0/seed0,mnist,swin_tiny,grayscale,dense,0,0,heldout_val,55000,24,heldout_val,0.09822650422552069,0.9752,5000,final_epoch_primary
mnist/swin_tiny/grayscale/dense/p0/seed0,mnist,swin_tiny,grayscale,dense,0,0,heldout_val,55000,25,train_online,0.07266707243454727,0.9810727272727273,55000,final_epoch_primary
mnist/swin_tiny/grayscale/dense/p0/seed0,mnist,swin_tiny,grayscale,dense,0,0,heldout_val,55000,25,heldout_val,0.09590600684848928,0.9764,5000,final_epoch_primary
mnist/swin_tiny/grayscale/dense/p0/seed0,mnist,swin_tiny,grayscale,dense,0,0,heldout_val,55000,26,train_online,0.06752925781387405,0.9826181818181818,55000,final_epoch_primary
mnist/swin_tiny/grayscale/dense/p0/seed0,mnist,swin_tiny,grayscale,dense,0,0,heldout_val,55000,26,heldout_val,0.08588196456122241,0.9784,5000,final_epoch_primary
mnist/swin_tiny/grayscale/dense/p0/seed0,mnist,swin_tiny,grayscale,dense,0,0,heldout_val,55000,27,train_online,0.06480415211774729,0.9828363636363636,55000,final_epoch_primary
mnist/swin_tiny/grayscale/dense/p0/seed0,mnist,swin_tiny,grayscale,dense,0,0,heldout_val,55000,27,heldout_val,0.07445896045329536,0.9812,5000,final_epoch_primary
mnist/swin_tiny/grayscale/dense/p0/seed0,mnist,swin_tiny,grayscale,dense,0,0,heldout_val,55000,28,train_online,0.056708463932861254,0.9852181818181818,55000,final_epoch_primary
mnist/swin_tiny/grayscale/dense/p0/seed0,mnist,swin_tiny,grayscale,dense,0,0,heldout_val,55000,28,heldout_val,0.06837827634753685,0.9842,5000,final_epoch_primary
mnist/swin_tiny/grayscale/dense/p0/seed0,mnist,swin_tiny,grayscale,dense,0,0,heldout_val,55000,29,train_online,0.04992309279782052,0.9866727272727273,55000,final_epoch_primary
mnist/swin_tiny/grayscale/dense/p0/seed0,mnist,swin_tiny,grayscale,dense,0,0,heldout_val,55000,29,heldout_val,0.07930090218610303,0.983,5000,final_epoch_primary
mnist/swin_tiny/grayscale/dense/p0/seed0,mnist,swin_tiny,grayscale,dense,0,0,heldout_val,55000,30,train_online,0.04882036377797717,0.9876545454545455,55000,final_epoch_primary
mnist/swin_tiny/grayscale/dense/p0/seed0,mnist,swin_tiny,grayscale,dense,0,0,heldout_val,55000,30,heldout_val,0.06716118301632922,0.9838,5000,final_epoch_primary
mnist/swin_tiny/grayscale/dense/p0/seed0,mnist,swin_tiny,grayscale,dense,0,0,heldout_val,55000,31,train_online,0.03961639425496783,0.9890909090909091,55000,final_epoch_primary
mnist/swin_tiny/grayscale/dense/p0/seed0,mnist,swin_tiny,grayscale,dense,0,0,heldout_val,55000,31,heldout_val,0.07264422146164211,0.9838,5000,final_epoch_primary
mnist/swin_tiny/grayscale/dense/p0/seed0,mnist,swin_tiny,grayscale,dense,0,0,heldout_val,55000,32,train_online,0.03559502215523166,0.9905090909090909,55000,final_epoch_primary
mnist/swin_tiny/grayscale/dense/p0/seed0,mnist,swin_tiny,grayscale,dense,0,0,heldout_val,55000,32,heldout_val,0.06277585973324433,0.9862,5000,final_epoch_primary
mnist/swin_tiny/grayscale/dense/p0/seed0,mnist,swin_tiny,grayscale,dense,0,0,heldout_val,55000,33,train_online,0.03152268081976605,0.9915090909090909,55000,final_epoch_primary
mnist/swin_tiny/grayscale/dense/p0/seed0,mnist,swin_tiny,grayscale,dense,0,0,heldout_val,55000,33,heldout_val,0.06359836456192734,0.986,5000,final_epoch_primary
mnist/swin_tiny/grayscale/dense/p0/seed0,mnist,swin_tiny,grayscale,dense,0,0,heldout_val,55000,34,train_online,0.027356818228516048,0.9926181818181818,55000,final_epoch_primary
mnist/swin_tiny/grayscale/dense/p0/seed0,mnist,swin_tiny,grayscale,dense,0,0,heldout_val,55000,34,heldout_val,0.07190849265243254,0.9844,5000,final_epoch_primary
mnist/swin_tiny/grayscale/dense/p0/seed0,mnist,swin_tiny,grayscale,dense,0,0,heldout_val,55000,35,train_online,0.023407450801382228,0.9937272727272727,55000,final_epoch_primary
mnist/swin_tiny/grayscale/dense/p0/seed0,mnist,swin_tiny,grayscale,dense,0,0,heldout_val,55000,35,heldout_val,0.06794604511587327,0.9868,5000,final_epoch_primary
mnist/swin_tiny/grayscale/dense/p0/seed0,mnist,swin_tiny,grayscale,dense,0,0,heldout_val,55000,36,train_online,0.017987843252381414,0.9949454545454546,55000,final_epoch_primary
mnist/swin_tiny/grayscale/dense/p0/seed0,mnist,swin_tiny,grayscale,dense,0,0,heldout_val,55000,36,heldout_val,0.06392069648294864,0.9878,5000,final_epoch_primary
mnist/swin_tiny/grayscale/dense/p0/seed0,mnist,swin_tiny,grayscale,dense,0,0,heldout_val,55000,37,train_online,0.014606467230486678,0.9962363636363636,55000,final_epoch_primary
mnist/swin_tiny/grayscale/dense/p0/seed0,mnist,swin_tiny,grayscale,dense,0,0,heldout_val,55000,37,heldout_val,0.06835055279135958,0.9866,5000,final_epoch_primary
mnist/swin_tiny/grayscale/dense/p0/seed0,mnist,swin_tiny,grayscale,dense,0,0,heldout_val,55000,38,train_online,0.010798488236395525,0.9968181818181818,55000,final_epoch_primary
mnist/swin_tiny/grayscale/dense/p0/seed0,mnist,swin_tiny,grayscale,dense,0,0,heldout_val,55000,38,heldout_val,0.06986437546145643,0.9882,5000,final_epoch_primary
mnist/swin_tiny/grayscale/dense/p0/seed0,mnist,swin_tiny,grayscale,dense,0,0,heldout_val,55000,39,train_online,0.008509447771692385,0.9975272727272727,55000,final_epoch_primary
mnist/swin_tiny/grayscale/dense/p0/seed0,mnist,swin_tiny,grayscale,dense,0,0,heldout_val,55000,39,heldout_val,0.06447415895683754,0.9888,5000,final_epoch_primary
mnist/swin_tiny/grayscale/dense/p0/seed0,mnist,swin_tiny,grayscale,dense,0,0,heldout_val,55000,40,train_online,0.006896672017539304,0.998109090909091,55000,final_epoch_primary
mnist/swin_tiny/grayscale/dense/p0/seed0,mnist,swin_tiny,grayscale,dense,0,0,heldout_val,55000,40,heldout_val,0.06359604261147556,0.9888,5000,final_epoch_primary
mnist/swin_tiny/grayscale/dense/p0/seed0,mnist,swin_tiny,grayscale,dense,0,0,heldout_val,55000,41,train_online,0.005206534941125197,0.9984545454545455,55000,final_epoch_primary
mnist/swin_tiny/grayscale/dense/p0/seed0,mnist,swin_tiny,grayscale,dense,0,0,heldout_val,55000,41,heldout_val,0.06312556644338935,0.9898,5000,final_epoch_primary
mnist/swin_tiny/grayscale/dense/p0/seed0,mnist,swin_tiny,grayscale,dense,0,0,heldout_val,55000,42,train_online,0.005359369237868687,0.9987818181818182,55000,final_epoch_primary
mnist/swin_tiny/grayscale/dense/p0/seed0,mnist,swin_tiny,grayscale,dense,0,0,heldout_val,55000,42,heldout_val,0.06533669796429252,0.9884,5000,final_epoch_primary
mnist/swin_tiny/grayscale/dense/p0/seed0,mnist,swin_tiny,grayscale,dense,0,0,heldout_val,55000,43,train_online,0.003255828959062213,0.9991272727272728,55000,final_epoch_primary
mnist/swin_tiny/grayscale/dense/p0/seed0,mnist,swin_tiny,grayscale,dense,0,0,heldout_val,55000,43,heldout_val,0.06818080387036503,0.9886,5000,final_epoch_primary
mnist/swin_tiny/grayscale/dense/p0/seed0,mnist,swin_tiny,grayscale,dense,0,0,heldout_val,55000,44,train_online,0.002020372312391406,0.9994363636363637,55000,final_epoch_primary
mnist/swin_tiny/grayscale/dense/p0/seed0,mnist,swin_tiny,grayscale,dense,0,0,heldout_val,55000,44,heldout_val,0.062212797967272374,0.9894,5000,final_epoch_primary
mnist/swin_tiny/grayscale/dense/p0/seed0,mnist,swin_tiny,grayscale,dense,0,0,heldout_val,55000,45,train_online,0.0016626621058075882,0.9997090909090909,55000,final_epoch_primary
mnist/swin_tiny/grayscale/dense/p0/seed0,mnist,swin_tiny,grayscale,dense,0,0,heldout_val,55000,45,heldout_val,0.06615270289522975,0.9902,5000,final_epoch_primary
mnist/swin_tiny/grayscale/dense/p0/seed0,mnist,swin_tiny,grayscale,dense,0,0,heldout_val,55000,46,train_online,0.0022509060779042286,0.9995090909090909,55000,final_epoch_primary
mnist/swin_tiny/grayscale/dense/p0/seed0,mnist,swin_tiny,grayscale,dense,0,0,heldout_val,55000,46,heldout_val,0.06436620347960406,0.9906,5000,final_epoch_primary
mnist/swin_tiny/grayscale/dense/p0/seed0,mnist,swin_tiny,grayscale,dense,0,0,heldout_val,55000,47,train_online,0.0012318847166453801,0.9996181818181819,55000,final_epoch_primary
mnist/swin_tiny/grayscale/dense/p0/seed0,mnist,swin_tiny,grayscale,dense,0,0,heldout_val,55000,47,heldout_val,0.0635375561270533,0.9902,5000,final_epoch_primary
mnist/swin_tiny/grayscale/dense/p0/seed0,mnist,swin_tiny,grayscale,dense,0,0,heldout_val,55000,48,train_online,0.0017477582445948761,0.9995818181818181,55000,final_epoch_primary
mnist/swin_tiny/grayscale/dense/p0/seed0,mnist,swin_tiny,grayscale,dense,0,0,heldout_val,55000,48,heldout_val,0.06301107543544847,0.9904,5000,final_epoch_primary
mnist/swin_tiny/grayscale/dense/p0/seed0,mnist,swin_tiny,grayscale,dense,0,0,heldout_val,55000,49,train_online,0.0014348121534816644,0.9996363636363637,55000,final_epoch_primary
mnist/swin_tiny/grayscale/dense/p0/seed0,mnist,swin_tiny,grayscale,dense,0,0,heldout_val,55000,49,heldout_val,0.06135328649416056,0.991,5000,final_epoch_primary
mnist/swin_tiny/raw/dense/pNA/seed1,mnist,swin_tiny,raw,dense,,1,heldout_val,55000,0,train_online,0.40693550454541744,0.8810363636363636,55000,final_epoch_primary
mnist/swin_tiny/raw/dense/pNA/seed1,mnist,swin_tiny,raw,dense,,1,heldout_val,55000,0,heldout_val,0.1718819006956881,0.9536,5000,final_epoch_primary
mnist/swin_tiny/raw/dense/pNA/seed1,mnist,swin_tiny,raw,dense,,1,heldout_val,55000,1,train_online,0.18645689811417118,0.9534363636363636,55000,final_epoch_primary
mnist/swin_tiny/raw/dense/pNA/seed1,mnist,swin_tiny,raw,dense,,1,heldout_val,55000,1,heldout_val,0.14958791870426358,0.965,5000,final_epoch_primary
mnist/swin_tiny/raw/dense/pNA/seed1,mnist,swin_tiny,raw,dense,,1,heldout_val,55000,2,train_online,0.16716662082137176,0.9571272727272727,55000,final_epoch_primary
mnist/swin_tiny/raw/dense/pNA/seed1,mnist,swin_tiny,raw,dense,,1,heldout_val,55000,2,heldout_val,0.20404666942539043,0.9514,5000,final_epoch_primary
mnist/swin_tiny/raw/dense/pNA/seed1,mnist,swin_tiny,raw,dense,,1,heldout_val,55000,3,train_online,0.1800654443049273,0.9544545454545454,55000,final_epoch_primary
mnist/swin_tiny/raw/dense/pNA/seed1,mnist,swin_tiny,raw,dense,,1,heldout_val,55000,3,heldout_val,0.21561170998477028,0.9462,5000,final_epoch_primary
mnist/swin_tiny/raw/dense/pNA/seed1,mnist,swin_tiny,raw,dense,,1,heldout_val,55000,4,train_online,0.21804274458940331,0.9443272727272727,55000,final_epoch_primary
mnist/swin_tiny/raw/dense/pNA/seed1,mnist,swin_tiny,raw,dense,,1,heldout_val,55000,4,heldout_val,0.2275839611369767,0.9454,5000,final_epoch_primary
mnist/swin_tiny/raw/dense/pNA/seed1,mnist,swin_tiny,raw,dense,,1,heldout_val,55000,5,train_online,0.2289729946889613,0.9426181818181818,55000,final_epoch_primary
mnist/swin_tiny/raw/dense/pNA/seed1,mnist,swin_tiny,raw,dense,,1,heldout_val,55000,5,heldout_val,0.17217602109387517,0.9554,5000,final_epoch_primary
mnist/swin_tiny/raw/dense/pNA/seed1,mnist,swin_tiny,raw,dense,,1,heldout_val,55000,6,train_online,0.19524200058905036,0.9498363636363636,55000,final_epoch_primary
mnist/swin_tiny/raw/dense/pNA/seed1,mnist,swin_tiny,raw,dense,,1,heldout_val,55000,6,heldout_val,0.24149003612097586,0.9428,5000,final_epoch_primary
mnist/swin_tiny/raw/dense/pNA/seed1,mnist,swin_tiny,raw,dense,,1,heldout_val,55000,7,train_online,0.18032066138223904,0.9525272727272728,55000,final_epoch_primary
mnist/swin_tiny/raw/dense/pNA/seed1,mnist,swin_tiny,raw,dense,,1,heldout_val,55000,7,heldout_val,0.17115169571133157,0.9546,5000,final_epoch_primary
mnist/swin_tiny/raw/dense/pNA/seed1,mnist,swin_tiny,raw,dense,,1,heldout_val,55000,8,train_online,0.17032051225653663,0.9553454545454545,55000,final_epoch_primary
mnist/swin_tiny/raw/dense/pNA/seed1,mnist,swin_tiny,raw,dense,,1,heldout_val,55000,8,heldout_val,0.13005458127082092,0.9642,5000,final_epoch_primary
mnist/swin_tiny/raw/dense/pNA/seed1,mnist,swin_tiny,raw,dense,,1,heldout_val,55000,9,train_online,0.16667141479311792,0.9578727272727273,55000,final_epoch_primary
mnist/swin_tiny/raw/dense/pNA/seed1,mnist,swin_tiny,raw,dense,,1,heldout_val,55000,9,heldout_val,0.14565158679946763,0.9628,5000,final_epoch_primary
mnist/swin_tiny/raw/dense/pNA/seed1,mnist,swin_tiny,raw,dense,,1,heldout_val,55000,10,train_online,0.166897689664999,0.9575636363636364,55000,final_epoch_primary
mnist/swin_tiny/raw/dense/pNA/seed1,mnist,swin_tiny,raw,dense,,1,heldout_val,55000,10,heldout_val,0.11932945444542492,0.9686,5000,final_epoch_primary
mnist/swin_tiny/raw/dense/pNA/seed1,mnist,swin_tiny,raw,dense,,1,heldout_val,55000,11,train_online,0.14914854825385687,0.9614545454545455,55000,final_epoch_primary
mnist/swin_tiny/raw/dense/pNA/seed1,mnist,swin_tiny,raw,dense,,1,heldout_val,55000,11,heldout_val,0.16808891274829513,0.9578,5000,final_epoch_primary
mnist/swin_tiny/raw/dense/pNA/seed1,mnist,swin_tiny,raw,dense,,1,heldout_val,55000,12,train_online,0.14586321728074506,0.9614181818181818,55000,final_epoch_primary
mnist/swin_tiny/raw/dense/pNA/seed1,mnist,swin_tiny,raw,dense,,1,heldout_val,55000,12,heldout_val,0.12673273258635892,0.9672,5000,final_epoch_primary
mnist/swin_tiny/raw/dense/pNA/seed1,mnist,swin_tiny,raw,dense,,1,heldout_val,55000,13,train_online,0.14117193603291672,0.9629272727272727,55000,final_epoch_primary
mnist/swin_tiny/raw/dense/pNA/seed1,mnist,swin_tiny,raw,dense,,1,heldout_val,55000,13,heldout_val,0.11166397552130948,0.9716,5000,final_epoch_primary
mnist/swin_tiny/raw/dense/pNA/seed1,mnist,swin_tiny,raw,dense,,1,heldout_val,55000,14,train_online,0.1251138191976798,0.9670909090909091,55000,final_epoch_primary
mnist/swin_tiny/raw/dense/pNA/seed1,mnist,swin_tiny,raw,dense,,1,heldout_val,55000,14,heldout_val,0.1354801358844954,0.9636,5000,final_epoch_primary
mnist/swin_tiny/raw/dense/pNA/seed1,mnist,swin_tiny,raw,dense,,1,heldout_val,55000,15,train_online,0.11392767526947441,0.9706181818181818,55000,final_epoch_primary
mnist/swin_tiny/raw/dense/pNA/seed1,mnist,swin_tiny,raw,dense,,1,heldout_val,55000,15,heldout_val,0.12302407405867562,0.9692,5000,final_epoch_primary
mnist/swin_tiny/raw/dense/pNA/seed1,mnist,swin_tiny,raw,dense,,1,heldout_val,55000,16,train_online,0.11026027560675854,0.9710727272727273,55000,final_epoch_primary
mnist/swin_tiny/raw/dense/pNA/seed1,mnist,swin_tiny,raw,dense,,1,heldout_val,55000,16,heldout_val,0.09635193786887684,0.9738,5000,final_epoch_primary
mnist/swin_tiny/raw/dense/pNA/seed1,mnist,swin_tiny,raw,dense,,1,heldout_val,55000,17,train_online,0.10758366504050478,0.9719454545454546,55000,final_epoch_primary
mnist/swin_tiny/raw/dense/pNA/seed1,mnist,swin_tiny,raw,dense,,1,heldout_val,55000,17,heldout_val,0.11697652269284954,0.967,5000,final_epoch_primary
mnist/swin_tiny/raw/dense/pNA/seed1,mnist,swin_tiny,raw,dense,,1,heldout_val,55000,18,train_online,0.10141218697544656,0.9737636363636364,55000,final_epoch_primary
mnist/swin_tiny/raw/dense/pNA/seed1,mnist,swin_tiny,raw,dense,,1,heldout_val,55000,18,heldout_val,0.09081292573785467,0.9758,5000,final_epoch_primary
mnist/swin_tiny/raw/dense/pNA/seed1,mnist,swin_tiny,raw,dense,,1,heldout_val,55000,19,train_online,0.09527733197106758,0.9753090909090909,55000,final_epoch_primary
mnist/swin_tiny/raw/dense/pNA/seed1,mnist,swin_tiny,raw,dense,,1,heldout_val,55000,19,heldout_val,0.0983017309890287,0.9782,5000,final_epoch_primary
mnist/swin_tiny/raw/dense/pNA/seed1,mnist,swin_tiny,raw,dense,,1,heldout_val,55000,20,train_online,0.09289356991181524,0.9765818181818182,55000,final_epoch_primary
mnist/swin_tiny/raw/dense/pNA/seed1,mnist,swin_tiny,raw,dense,,1,heldout_val,55000,20,heldout_val,0.07784763783050666,0.978,5000,final_epoch_primary
mnist/swin_tiny/raw/dense/pNA/seed1,mnist,swin_tiny,raw,dense,,1,heldout_val,55000,21,train_online,0.08620309783931442,0.9774545454545455,55000,final_epoch_primary
mnist/swin_tiny/raw/dense/pNA/seed1,mnist,swin_tiny,raw,dense,,1,heldout_val,55000,21,heldout_val,0.08164262029038145,0.9786,5000,final_epoch_primary
mnist/swin_tiny/raw/dense/pNA/seed1,mnist,swin_tiny,raw,dense,,1,heldout_val,55000,22,train_online,0.07725920804461453,0.9792181818181818,55000,final_epoch_primary
mnist/swin_tiny/raw/dense/pNA/seed1,mnist,swin_tiny,raw,dense,,1,heldout_val,55000,22,heldout_val,0.09761721904647566,0.977,5000,final_epoch_primary
mnist/swin_tiny/raw/dense/pNA/seed1,mnist,swin_tiny,raw,dense,,1,heldout_val,55000,23,train_online,0.07662238597712755,0.9802363636363637,55000,final_epoch_primary
mnist/swin_tiny/raw/dense/pNA/seed1,mnist,swin_tiny,raw,dense,,1,heldout_val,55000,23,heldout_val,0.08777038125017443,0.978,5000,final_epoch_primary
mnist/swin_tiny/raw/dense/pNA/seed1,mnist,swin_tiny,raw,dense,,1,heldout_val,55000,24,train_online,0.07167849261146567,0.9809818181818182,55000,final_epoch_primary
mnist/swin_tiny/raw/dense/pNA/seed1,mnist,swin_tiny,raw,dense,,1,heldout_val,55000,24,heldout_val,0.0789556355714427,0.9816,5000,final_epoch_primary
mnist/swin_tiny/raw/dense/pNA/seed1,mnist,swin_tiny,raw,dense,,1,heldout_val,55000,25,train_online,0.06555330415669407,0.9827636363636364,55000,final_epoch_primary
mnist/swin_tiny/raw/dense/pNA/seed1,mnist,swin_tiny,raw,dense,,1,heldout_val,55000,25,heldout_val,0.077572718078889,0.9812,5000,final_epoch_primary
mnist/swin_tiny/raw/dense/pNA/seed1,mnist,swin_tiny,raw,dense,,1,heldout_val,55000,26,train_online,0.060616529957014435,0.9841636363636364,55000,final_epoch_primary
mnist/swin_tiny/raw/dense/pNA/seed1,mnist,swin_tiny,raw,dense,,1,heldout_val,55000,26,heldout_val,0.08372513527170777,0.9802,5000,final_epoch_primary
mnist/swin_tiny/raw/dense/pNA/seed1,mnist,swin_tiny,raw,dense,,1,heldout_val,55000,27,train_online,0.057592929488608745,0.9845454545454545,55000,final_epoch_primary
mnist/swin_tiny/raw/dense/pNA/seed1,mnist,swin_tiny,raw,dense,,1,heldout_val,55000,27,heldout_val,0.0633031656103898,0.9836,5000,final_epoch_primary
mnist/swin_tiny/raw/dense/pNA/seed1,mnist,swin_tiny,raw,dense,,1,heldout_val,55000,28,train_online,0.05240207353961093,0.9861090909090909,55000,final_epoch_primary
mnist/swin_tiny/raw/dense/pNA/seed1,mnist,swin_tiny,raw,dense,,1,heldout_val,55000,28,heldout_val,0.06090774726671175,0.985,5000,final_epoch_primary
mnist/swin_tiny/raw/dense/pNA/seed1,mnist,swin_tiny,raw,dense,,1,heldout_val,55000,29,train_online,0.04726588509105407,0.9872909090909091,55000,final_epoch_primary
mnist/swin_tiny/raw/dense/pNA/seed1,mnist,swin_tiny,raw,dense,,1,heldout_val,55000,29,heldout_val,0.06496512216723704,0.9842,5000,final_epoch_primary
mnist/swin_tiny/raw/dense/pNA/seed1,mnist,swin_tiny,raw,dense,,1,heldout_val,55000,30,train_online,0.042058159884881256,0.9890727272727273,55000,final_epoch_primary
mnist/swin_tiny/raw/dense/pNA/seed1,mnist,swin_tiny,raw,dense,,1,heldout_val,55000,30,heldout_val,0.07218998349417541,0.9842,5000,final_epoch_primary
mnist/swin_tiny/raw/dense/pNA/seed1,mnist,swin_tiny,raw,dense,,1,heldout_val,55000,31,train_online,0.039933652217901495,0.9893454545454545,55000,final_epoch_primary
mnist/swin_tiny/raw/dense/pNA/seed1,mnist,swin_tiny,raw,dense,,1,heldout_val,55000,31,heldout_val,0.0714322042757364,0.9848,5000,final_epoch_primary
mnist/swin_tiny/raw/dense/pNA/seed1,mnist,swin_tiny,raw,dense,,1,heldout_val,55000,32,train_online,0.03409599089115648,0.9912363636363636,55000,final_epoch_primary
mnist/swin_tiny/raw/dense/pNA/seed1,mnist,swin_tiny,raw,dense,,1,heldout_val,55000,32,heldout_val,0.0656538317280981,0.9864,5000,final_epoch_primary
mnist/swin_tiny/raw/dense/pNA/seed1,mnist,swin_tiny,raw,dense,,1,heldout_val,55000,33,train_online,0.02867942837381988,0.9922,55000,final_epoch_primary
mnist/swin_tiny/raw/dense/pNA/seed1,mnist,swin_tiny,raw,dense,,1,heldout_val,55000,33,heldout_val,0.0644561354534691,0.9868,5000,final_epoch_primary
mnist/swin_tiny/grayscale/compact/p0/seed1,mnist,swin_tiny,grayscale,compact,0,1,heldout_val,55000,0,train_online,0.5060881762499952,0.8493272727272727,55000,final_epoch_primary
mnist/swin_tiny/grayscale/compact/p0/seed1,mnist,swin_tiny,grayscale,compact,0,1,heldout_val,55000,0,heldout_val,0.2507106327887101,0.9398,5000,final_epoch_primary
mnist/swin_tiny/grayscale/compact/p0/seed1,mnist,swin_tiny,grayscale,compact,0,1,heldout_val,55000,1,train_online,0.21873478420673517,0.9464363636363636,55000,final_epoch_primary
mnist/swin_tiny/grayscale/compact/p0/seed1,mnist,swin_tiny,grayscale,compact,0,1,heldout_val,55000,1,heldout_val,0.1892416675548142,0.9566,5000,final_epoch_primary
mnist/swin_tiny/grayscale/compact/p0/seed1,mnist,swin_tiny,grayscale,compact,0,1,heldout_val,55000,2,train_online,0.1971174021698881,0.9512,55000,final_epoch_primary
mnist/swin_tiny/grayscale/compact/p0/seed1,mnist,swin_tiny,grayscale,compact,0,1,heldout_val,55000,2,heldout_val,0.2352714847965588,0.946,5000,final_epoch_primary
mnist/swin_tiny/grayscale/compact/p0/seed1,mnist,swin_tiny,grayscale,compact,0,1,heldout_val,55000,3,train_online,0.21227633990015946,0.9475818181818182,55000,final_epoch_primary
mnist/swin_tiny/grayscale/compact/p0/seed1,mnist,swin_tiny,grayscale,compact,0,1,heldout_val,55000,3,heldout_val,0.18818829960264266,0.9538,5000,final_epoch_primary
mnist/swin_tiny/grayscale/compact/p0/seed1,mnist,swin_tiny,grayscale,compact,0,1,heldout_val,55000,4,train_online,0.25276871670381845,0.9368727272727273,55000,final_epoch_primary
mnist/swin_tiny/grayscale/compact/p0/seed1,mnist,swin_tiny,grayscale,compact,0,1,heldout_val,55000,4,heldout_val,0.2229763837604085,0.9386,5000,final_epoch_primary
mnist/swin_tiny/grayscale/compact/p0/seed1,mnist,swin_tiny,grayscale,compact,0,1,heldout_val,55000,5,train_online,0.24846010890381692,0.9352909090909091,55000,final_epoch_primary
mnist/swin_tiny/grayscale/compact/p0/seed1,mnist,swin_tiny,grayscale,compact,0,1,heldout_val,55000,5,heldout_val,0.21670250563221052,0.945,5000,final_epoch_primary
mnist/swin_tiny/grayscale/compact/p0/seed1,mnist,swin_tiny,grayscale,compact,0,1,heldout_val,55000,6,train_online,0.21467402317678855,0.9444363636363636,55000,final_epoch_primary
mnist/swin_tiny/grayscale/compact/p0/seed1,mnist,swin_tiny,grayscale,compact,0,1,heldout_val,55000,6,heldout_val,0.1883318537268089,0.955,5000,final_epoch_primary
mnist/swin_tiny/grayscale/compact/p0/seed1,mnist,swin_tiny,grayscale,compact,0,1,heldout_val,55000,7,train_online,0.21921923214041342,0.9436909090909091,55000,final_epoch_primary
mnist/swin_tiny/grayscale/compact/p0/seed1,mnist,swin_tiny,grayscale,compact,0,1,heldout_val,55000,7,heldout_val,0.25971178619469865,0.9354,5000,final_epoch_primary
mnist/swin_tiny/grayscale/compact/p0/seed1,mnist,swin_tiny,grayscale,compact,0,1,heldout_val,55000,8,train_online,0.20461439131611525,0.9468181818181818,55000,final_epoch_primary
mnist/swin_tiny/grayscale/compact/p0/seed1,mnist,swin_tiny,grayscale,compact,0,1,heldout_val,55000,8,heldout_val,0.22513022461364454,0.943,5000,final_epoch_primary
mnist/swin_tiny/grayscale/compact/p0/seed1,mnist,swin_tiny,grayscale,compact,0,1,heldout_val,55000,9,train_online,0.19471485355232634,0.9509636363636363,55000,final_epoch_primary
mnist/swin_tiny/grayscale/compact/p0/seed1,mnist,swin_tiny,grayscale,compact,0,1,heldout_val,55000,9,heldout_val,0.26817884095217376,0.9374,5000,final_epoch_primary
mnist/swin_tiny/grayscale/compact/p0/seed1,mnist,swin_tiny,grayscale,compact,0,1,heldout_val,55000,10,train_online,0.1722277976741341,0.9559090909090909,55000,final_epoch_primary
mnist/swin_tiny/grayscale/compact/p0/seed1,mnist,swin_tiny,grayscale,compact,0,1,heldout_val,55000,10,heldout_val,0.15130143259469186,0.9646,5000,final_epoch_primary
mnist/swin_tiny/grayscale/compact/p20/seed1,mnist,swin_tiny,grayscale,compact,20,1,heldout_val,55000,0,train_online,0.5060881762499952,0.8493272727272727,55000,final_epoch_primary
mnist/swin_tiny/grayscale/compact/p20/seed1,mnist,swin_tiny,grayscale,compact,20,1,heldout_val,55000,0,heldout_val,0.2507106327887101,0.9398,5000,final_epoch_primary
mnist/swin_tiny/grayscale/compact/p20/seed1,mnist,swin_tiny,grayscale,compact,20,1,heldout_val,55000,1,train_online,0.21873478420673517,0.9464363636363636,55000,final_epoch_primary
mnist/swin_tiny/grayscale/compact/p20/seed1,mnist,swin_tiny,grayscale,compact,20,1,heldout_val,55000,1,heldout_val,0.1892416675548142,0.9566,5000,final_epoch_primary
mnist/swin_tiny/grayscale/compact/p20/seed1,mnist,swin_tiny,grayscale,compact,20,1,heldout_val,55000,2,train_online,0.1971174021698881,0.9512,55000,final_epoch_primary
mnist/swin_tiny/grayscale/compact/p20/seed1,mnist,swin_tiny,grayscale,compact,20,1,heldout_val,55000,2,heldout_val,0.2352714847965588,0.946,5000,final_epoch_primary
mnist/swin_tiny/grayscale/compact/p20/seed1,mnist,swin_tiny,grayscale,compact,20,1,heldout_val,55000,3,train_online,0.21227633990015946,0.9475818181818182,55000,final_epoch_primary
mnist/swin_tiny/grayscale/compact/p20/seed1,mnist,swin_tiny,grayscale,compact,20,1,heldout_val,55000,3,heldout_val,0.18818829960264266,0.9538,5000,final_epoch_primary
mnist/swin_tiny/grayscale/compact/p20/seed1,mnist,swin_tiny,grayscale,compact,20,1,heldout_val,55000,4,train_online,0.25276871670381845,0.9368727272727273,55000,final_epoch_primary
mnist/swin_tiny/grayscale/compact/p20/seed1,mnist,swin_tiny,grayscale,compact,20,1,heldout_val,55000,4,heldout_val,0.2229763837604085,0.9386,5000,final_epoch_primary
mnist/swin_tiny/grayscale/compact/p20/seed1,mnist,swin_tiny,grayscale,compact,20,1,heldout_val,55000,5,train_online,0.24846010890381692,0.9352909090909091,55000,final_epoch_primary
mnist/swin_tiny/grayscale/compact/p20/seed1,mnist,swin_tiny,grayscale,compact,20,1,heldout_val,55000,5,heldout_val,0.21670250563221052,0.945,5000,final_epoch_primary
mnist/swin_tiny/grayscale/compact/p20/seed1,mnist,swin_tiny,grayscale,compact,20,1,heldout_val,55000,6,train_online,0.21467402317678855,0.9444363636363636,55000,final_epoch_primary
mnist/swin_tiny/grayscale/compact/p20/seed1,mnist,swin_tiny,grayscale,compact,20,1,heldout_val,55000,6,heldout_val,0.1883318537268089,0.955,5000,final_epoch_primary
mnist/swin_tiny/grayscale/compact/p20/seed1,mnist,swin_tiny,grayscale,compact,20,1,heldout_val,55000,7,train_online,0.21921923214041342,0.9436909090909091,55000,final_epoch_primary
mnist/swin_tiny/grayscale/compact/p20/seed1,mnist,swin_tiny,grayscale,compact,20,1,heldout_val,55000,7,heldout_val,0.25971178619469865,0.9354,5000,final_epoch_primary
mnist/swin_tiny/grayscale/compact/p20/seed1,mnist,swin_tiny,grayscale,compact,20,1,heldout_val,55000,8,train_online,0.20461439131611525,0.9468181818181818,55000,final_epoch_primary
mnist/swin_tiny/grayscale/compact/p20/seed1,mnist,swin_tiny,grayscale,compact,20,1,heldout_val,55000,8,heldout_val,0.22513022461364454,0.943,5000,final_epoch_primary
mnist/swin_tiny/grayscale/compact/p20/seed1,mnist,swin_tiny,grayscale,compact,20,1,heldout_val,55000,9,train_online,0.19471485355232634,0.9509636363636363,55000,final_epoch_primary
mnist/swin_tiny/grayscale/compact/p20/seed1,mnist,swin_tiny,grayscale,compact,20,1,heldout_val,55000,9,heldout_val,0.26817884095217376,0.9374,5000,final_epoch_primary
mnist/swin_tiny/grayscale/compact/p20/seed1,mnist,swin_tiny,grayscale,compact,20,1,heldout_val,55000,10,train_online,0.1722277976741341,0.9559090909090909,55000,final_epoch_primary
mnist/swin_tiny/grayscale/compact/p20/seed1,mnist,swin_tiny,grayscale,compact,20,1,heldout_val,55000,10,heldout_val,0.15130143259469186,0.9646,5000,final_epoch_primary
mnist/swin_tiny/grayscale/compact/p20/seed1,mnist,swin_tiny,grayscale,compact,20,1,heldout_val,55000,11,train_online,0.1703098950500096,0.9559272727272727,55000,final_epoch_primary
mnist/swin_tiny/grayscale/compact/p20/seed1,mnist,swin_tiny,grayscale,compact,20,1,heldout_val,55000,11,heldout_val,0.17535017838414205,0.9598,5000,final_epoch_primary
mnist/swin_tiny/grayscale/compact/p20/seed1,mnist,swin_tiny,grayscale,compact,20,1,heldout_val,55000,12,train_online,0.1604702696491781,0.9580909090909091,55000,final_epoch_primary
mnist/swin_tiny/grayscale/compact/p20/seed1,mnist,swin_tiny,grayscale,compact,20,1,heldout_val,55000,12,heldout_val,0.24018655433028763,0.9404,5000,final_epoch_primary
mnist/swin_tiny/grayscale/compact/p20/seed1,mnist,swin_tiny,grayscale,compact,20,1,heldout_val,55000,13,train_online,0.1454593480432041,0.9620727272727273,55000,final_epoch_primary
mnist/swin_tiny/grayscale/compact/p20/seed1,mnist,swin_tiny,grayscale,compact,20,1,heldout_val,55000,13,heldout_val,0.17716726271561348,0.962,5000,final_epoch_primary
mnist/swin_tiny/grayscale/compact/p20/seed1,mnist,swin_tiny,grayscale,compact,20,1,heldout_val,55000,14,train_online,0.13928422727987258,0.9645636363636364,55000,final_epoch_primary
mnist/swin_tiny/grayscale/compact/p20/seed1,mnist,swin_tiny,grayscale,compact,20,1,heldout_val,55000,14,heldout_val,0.14526630091157602,0.9652,5000,final_epoch_primary
mnist/swin_tiny/grayscale/compact/p20/seed1,mnist,swin_tiny,grayscale,compact,20,1,heldout_val,55000,15,train_online,0.12962048894014733,0.9663454545454545,55000,final_epoch_primary
mnist/swin_tiny/grayscale/compact/p20/seed1,mnist,swin_tiny,grayscale,compact,20,1,heldout_val,55000,15,heldout_val,0.12618111192610013,0.9696,5000,final_epoch_primary
mnist/swin_tiny/grayscale/compact/p20/seed1,mnist,swin_tiny,grayscale,compact,20,1,heldout_val,55000,16,train_online,0.1258748934828016,0.9682909090909091,55000,final_epoch_primary
mnist/swin_tiny/grayscale/compact/p20/seed1,mnist,swin_tiny,grayscale,compact,20,1,heldout_val,55000,16,heldout_val,0.12298429142951355,0.971,5000,final_epoch_primary
mnist/swin_tiny/grayscale/compact/p20/seed1,mnist,swin_tiny,grayscale,compact,20,1,heldout_val,55000,17,train_online,0.12031822359505481,0.9688363636363636,55000,final_epoch_primary
mnist/swin_tiny/grayscale/compact/p20/seed1,mnist,swin_tiny,grayscale,compact,20,1,heldout_val,55000,17,heldout_val,0.09226920804926449,0.9762,5000,final_epoch_primary
mnist/swin_tiny/grayscale/compact/p20/seed1,mnist,swin_tiny,grayscale,compact,20,1,heldout_val,55000,18,train_online,0.11067568610743218,0.9711636363636363,55000,final_epoch_primary
mnist/swin_tiny/grayscale/compact/p20/seed1,mnist,swin_tiny,grayscale,compact,20,1,heldout_val,55000,18,heldout_val,0.11489186078273833,0.97,5000,final_epoch_primary
mnist/swin_tiny/grayscale/compact/p40/seed1,mnist,swin_tiny,grayscale,compact,40,1,heldout_val,55000,0,train_online,0.5060881762499952,0.8493272727272727,55000,final_epoch_primary
mnist/swin_tiny/grayscale/compact/p40/seed1,mnist,swin_tiny,grayscale,compact,40,1,heldout_val,55000,0,heldout_val,0.2507106327887101,0.9398,5000,final_epoch_primary
mnist/swin_tiny/grayscale/compact/p40/seed1,mnist,swin_tiny,grayscale,compact,40,1,heldout_val,55000,1,train_online,0.21873478420673517,0.9464363636363636,55000,final_epoch_primary
mnist/swin_tiny/grayscale/compact/p40/seed1,mnist,swin_tiny,grayscale,compact,40,1,heldout_val,55000,1,heldout_val,0.1892416675548142,0.9566,5000,final_epoch_primary
mnist/swin_tiny/grayscale/compact/p40/seed1,mnist,swin_tiny,grayscale,compact,40,1,heldout_val,55000,2,train_online,0.1971174021698881,0.9512,55000,final_epoch_primary
mnist/swin_tiny/grayscale/compact/p40/seed1,mnist,swin_tiny,grayscale,compact,40,1,heldout_val,55000,2,heldout_val,0.2352714847965588,0.946,5000,final_epoch_primary
mnist/swin_tiny/grayscale/compact/p40/seed1,mnist,swin_tiny,grayscale,compact,40,1,heldout_val,55000,3,train_online,0.21227633990015946,0.9475818181818182,55000,final_epoch_primary
mnist/swin_tiny/grayscale/compact/p40/seed1,mnist,swin_tiny,grayscale,compact,40,1,heldout_val,55000,3,heldout_val,0.18818829960264266,0.9538,5000,final_epoch_primary
mnist/swin_tiny/grayscale/compact/p40/seed1,mnist,swin_tiny,grayscale,compact,40,1,heldout_val,55000,4,train_online,0.25276871670381845,0.9368727272727273,55000,final_epoch_primary
mnist/swin_tiny/grayscale/compact/p40/seed1,mnist,swin_tiny,grayscale,compact,40,1,heldout_val,55000,4,heldout_val,0.2229763837604085,0.9386,5000,final_epoch_primary
mnist/swin_tiny/grayscale/compact/p40/seed1,mnist,swin_tiny,grayscale,compact,40,1,heldout_val,55000,5,train_online,0.24846010890381692,0.9352909090909091,55000,final_epoch_primary
mnist/swin_tiny/grayscale/compact/p40/seed1,mnist,swin_tiny,grayscale,compact,40,1,heldout_val,55000,5,heldout_val,0.21670250563221052,0.945,5000,final_epoch_primary
mnist/swin_tiny/grayscale/compact/p40/seed1,mnist,swin_tiny,grayscale,compact,40,1,heldout_val,55000,6,train_online,0.21467402317678855,0.9444363636363636,55000,final_epoch_primary
mnist/swin_tiny/grayscale/compact/p40/seed1,mnist,swin_tiny,grayscale,compact,40,1,heldout_val,55000,6,heldout_val,0.1883318537268089,0.955,5000,final_epoch_primary
mnist/swin_tiny/grayscale/compact/p40/seed1,mnist,swin_tiny,grayscale,compact,40,1,heldout_val,55000,7,train_online,0.21921923214041342,0.9436909090909091,55000,final_epoch_primary
mnist/swin_tiny/grayscale/compact/p40/seed1,mnist,swin_tiny,grayscale,compact,40,1,heldout_val,55000,7,heldout_val,0.25971178619469865,0.9354,5000,final_epoch_primary
mnist/swin_tiny/grayscale/compact/p40/seed1,mnist,swin_tiny,grayscale,compact,40,1,heldout_val,55000,8,train_online,0.20461439131611525,0.9468181818181818,55000,final_epoch_primary
mnist/swin_tiny/grayscale/compact/p40/seed1,mnist,swin_tiny,grayscale,compact,40,1,heldout_val,55000,8,heldout_val,0.22513022461364454,0.943,5000,final_epoch_primary
mnist/swin_tiny/grayscale/compact/p40/seed1,mnist,swin_tiny,grayscale,compact,40,1,heldout_val,55000,9,train_online,0.19471485355232634,0.9509636363636363,55000,final_epoch_primary
mnist/swin_tiny/grayscale/compact/p40/seed1,mnist,swin_tiny,grayscale,compact,40,1,heldout_val,55000,9,heldout_val,0.26817884095217376,0.9374,5000,final_epoch_primary
mnist/swin_tiny/grayscale/compact/p40/seed1,mnist,swin_tiny,grayscale,compact,40,1,heldout_val,55000,10,train_online,0.1722277976741341,0.9559090909090909,55000,final_epoch_primary
mnist/swin_tiny/grayscale/compact/p40/seed1,mnist,swin_tiny,grayscale,compact,40,1,heldout_val,55000,10,heldout_val,0.15130143259469186,0.9646,5000,final_epoch_primary
mnist/swin_tiny/grayscale/compact/p40/seed1,mnist,swin_tiny,grayscale,compact,40,1,heldout_val,55000,11,train_online,0.1703098950500096,0.9559272727272727,55000,final_epoch_primary
mnist/swin_tiny/grayscale/compact/p40/seed1,mnist,swin_tiny,grayscale,compact,40,1,heldout_val,55000,11,heldout_val,0.17535017838414205,0.9598,5000,final_epoch_primary
mnist/swin_tiny/grayscale/compact/p40/seed1,mnist,swin_tiny,grayscale,compact,40,1,heldout_val,55000,12,train_online,0.1604702696491781,0.9580909090909091,55000,final_epoch_primary
mnist/swin_tiny/grayscale/compact/p40/seed1,mnist,swin_tiny,grayscale,compact,40,1,heldout_val,55000,12,heldout_val,0.24018655433028763,0.9404,5000,final_epoch_primary
mnist/swin_tiny/grayscale/compact/p40/seed1,mnist,swin_tiny,grayscale,compact,40,1,heldout_val,55000,13,train_online,0.1454593480432041,0.9620727272727273,55000,final_epoch_primary
mnist/swin_tiny/grayscale/compact/p40/seed1,mnist,swin_tiny,grayscale,compact,40,1,heldout_val,55000,13,heldout_val,0.17716726271561348,0.962,5000,final_epoch_primary
mnist/swin_tiny/grayscale/compact/p40/seed1,mnist,swin_tiny,grayscale,compact,40,1,heldout_val,55000,14,train_online,0.13928422727987258,0.9645636363636364,55000,final_epoch_primary
mnist/swin_tiny/grayscale/compact/p40/seed1,mnist,swin_tiny,grayscale,compact,40,1,heldout_val,55000,14,heldout_val,0.14526630091157602,0.9652,5000,final_epoch_primary
mnist/swin_tiny/grayscale/compact/p40/seed1,mnist,swin_tiny,grayscale,compact,40,1,heldout_val,55000,15,train_online,0.12962048894014733,0.9663454545454545,55000,final_epoch_primary
mnist/swin_tiny/grayscale/compact/p40/seed1,mnist,swin_tiny,grayscale,compact,40,1,heldout_val,55000,15,heldout_val,0.12618111192610013,0.9696,5000,final_epoch_primary
mnist/swin_tiny/grayscale/compact/p40/seed1,mnist,swin_tiny,grayscale,compact,40,1,heldout_val,55000,16,train_online,0.1258748934828016,0.9682909090909091,55000,final_epoch_primary
mnist/swin_tiny/grayscale/compact/p40/seed1,mnist,swin_tiny,grayscale,compact,40,1,heldout_val,55000,16,heldout_val,0.12298429142951355,0.971,5000,final_epoch_primary
mnist/swin_tiny/grayscale/compact/p40/seed1,mnist,swin_tiny,grayscale,compact,40,1,heldout_val,55000,17,train_online,0.12031822359505481,0.9688363636363636,55000,final_epoch_primary
mnist/swin_tiny/grayscale/compact/p40/seed1,mnist,swin_tiny,grayscale,compact,40,1,heldout_val,55000,17,heldout_val,0.09226920804926449,0.9762,5000,final_epoch_primary
mnist/swin_tiny/grayscale/compact/p40/seed1,mnist,swin_tiny,grayscale,compact,40,1,heldout_val,55000,18,train_online,0.11067568610743218,0.9711636363636363,55000,final_epoch_primary
mnist/swin_tiny/grayscale/compact/p40/seed1,mnist,swin_tiny,grayscale,compact,40,1,heldout_val,55000,18,heldout_val,0.11489186078273833,0.97,5000,final_epoch_primary
mnist/swin_tiny/grayscale/compact/p60/seed1,mnist,swin_tiny,grayscale,compact,60,1,heldout_val,55000,0,train_online,0.5088922193799073,0.8495454545454545,55000,final_epoch_primary
mnist/swin_tiny/grayscale/compact/p60/seed1,mnist,swin_tiny,grayscale,compact,60,1,heldout_val,55000,0,heldout_val,0.24662832603878923,0.9364,5000,final_epoch_primary
mnist/swin_tiny/grayscale/compact/p60/seed1,mnist,swin_tiny,grayscale,compact,60,1,heldout_val,55000,1,train_online,0.22050400404650955,0.9463454545454546,55000,final_epoch_primary
mnist/swin_tiny/grayscale/compact/p60/seed1,mnist,swin_tiny,grayscale,compact,60,1,heldout_val,55000,1,heldout_val,0.27558842547522217,0.9412,5000,final_epoch_primary
mnist/swin_tiny/grayscale/compact/p60/seed1,mnist,swin_tiny,grayscale,compact,60,1,heldout_val,55000,2,train_online,0.20003237871243498,0.9506909090909091,55000,final_epoch_primary
mnist/swin_tiny/grayscale/compact/p60/seed1,mnist,swin_tiny,grayscale,compact,60,1,heldout_val,55000,2,heldout_val,0.19986595132694346,0.9474,5000,final_epoch_primary
mnist/swin_tiny/grayscale/compact/p60/seed1,mnist,swin_tiny,grayscale,compact,60,1,heldout_val,55000,3,train_online,0.21452921134276615,0.9451818181818182,55000,final_epoch_primary
mnist/swin_tiny/grayscale/compact/p60/seed1,mnist,swin_tiny,grayscale,compact,60,1,heldout_val,55000,3,heldout_val,0.2299097414086864,0.9434,5000,final_epoch_primary
mnist/swin_tiny/grayscale/compact/p60/seed1,mnist,swin_tiny,grayscale,compact,60,1,heldout_val,55000,4,train_online,0.23758047099293247,0.9388363636363637,55000,final_epoch_primary
mnist/swin_tiny/grayscale/compact/p60/seed1,mnist,swin_tiny,grayscale,compact,60,1,heldout_val,55000,4,heldout_val,0.33919015325851504,0.9116,5000,final_epoch_primary
mnist/swin_tiny/grayscale/compact/p60/seed1,mnist,swin_tiny,grayscale,compact,60,1,heldout_val,55000,5,train_online,0.24115744049021026,0.9386181818181818,55000,final_epoch_primary
mnist/swin_tiny/grayscale/compact/p60/seed1,mnist,swin_tiny,grayscale,compact,60,1,heldout_val,55000,5,heldout_val,0.2170265314188291,0.9434,5000,final_epoch_primary
mnist/swin_tiny/grayscale/compact/p60/seed1,mnist,swin_tiny,grayscale,compact,60,1,heldout_val,55000,6,train_online,0.22501555903550802,0.9409818181818181,55000,final_epoch_primary
mnist/swin_tiny/grayscale/compact/p60/seed1,mnist,swin_tiny,grayscale,compact,60,1,heldout_val,55000,6,heldout_val,0.2699873499358655,0.9294,5000,final_epoch_primary
mnist/swin_tiny/grayscale/compact/p60/seed1,mnist,swin_tiny,grayscale,compact,60,1,heldout_val,55000,7,train_online,0.20492618540981547,0.9474,55000,final_epoch_primary
mnist/swin_tiny/grayscale/compact/p60/seed1,mnist,swin_tiny,grayscale,compact,60,1,heldout_val,55000,7,heldout_val,0.2267171369799602,0.949,5000,final_epoch_primary
mnist/swin_tiny/grayscale/compact/p60/seed1,mnist,swin_tiny,grayscale,compact,60,1,heldout_val,55000,8,train_online,0.19378797962942879,0.9500363636363637,55000,final_epoch_primary
mnist/swin_tiny/grayscale/compact/p60/seed1,mnist,swin_tiny,grayscale,compact,60,1,heldout_val,55000,8,heldout_val,0.20342724223343103,0.9486,5000,final_epoch_primary
mnist/swin_tiny/grayscale/compact/p60/seed1,mnist,swin_tiny,grayscale,compact,60,1,heldout_val,55000,9,train_online,0.18520232854305413,0.9521636363636363,55000,final_epoch_primary
mnist/swin_tiny/grayscale/compact/p60/seed1,mnist,swin_tiny,grayscale,compact,60,1,heldout_val,55000,9,heldout_val,0.14633068603373103,0.963,5000,final_epoch_primary
mnist/swin_tiny/grayscale/compact/p60/seed1,mnist,swin_tiny,grayscale,compact,60,1,heldout_val,55000,10,train_online,0.16870285792664208,0.9560545454545455,55000,final_epoch_primary
mnist/swin_tiny/grayscale/compact/p60/seed1,mnist,swin_tiny,grayscale,compact,60,1,heldout_val,55000,10,heldout_val,0.15000980984740453,0.9598,5000,final_epoch_primary
mnist/swin_tiny/grayscale/compact/p60/seed1,mnist,swin_tiny,grayscale,compact,60,1,heldout_val,55000,11,train_online,0.165948471258459,0.9573636363636364,55000,final_epoch_primary
mnist/swin_tiny/grayscale/compact/p60/seed1,mnist,swin_tiny,grayscale,compact,60,1,heldout_val,55000,11,heldout_val,0.1348209201409525,0.9668,5000,final_epoch_primary
mnist/swin_tiny/grayscale/compact/p60/seed1,mnist,swin_tiny,grayscale,compact,60,1,heldout_val,55000,12,train_online,0.16039569706979112,0.9580909090909091,55000,final_epoch_primary
mnist/swin_tiny/grayscale/compact/p60/seed1,mnist,swin_tiny,grayscale,compact,60,1,heldout_val,55000,12,heldout_val,0.19478576771316583,0.9504,5000,final_epoch_primary
mnist/swin_tiny/grayscale/compact/p80/seed1,mnist,swin_tiny,grayscale,compact,80,1,heldout_val,55000,0,train_online,0.5575484931915099,0.8286909090909091,55000,final_epoch_primary
mnist/swin_tiny/grayscale/compact/p80/seed1,mnist,swin_tiny,grayscale,compact,80,1,heldout_val,55000,0,heldout_val,0.20029594835015013,0.9464,5000,final_epoch_primary
mnist/swin_tiny/grayscale/compact/p80/seed1,mnist,swin_tiny,grayscale,compact,80,1,heldout_val,55000,1,train_online,0.23342592248810795,0.9414363636363636,55000,final_epoch_primary
mnist/swin_tiny/grayscale/compact/p80/seed1,mnist,swin_tiny,grayscale,compact,80,1,heldout_val,55000,1,heldout_val,0.23558145577566028,0.9434,5000,final_epoch_primary
mnist/swin_tiny/grayscale/compact/p80/seed1,mnist,swin_tiny,grayscale,compact,80,1,heldout_val,55000,2,train_online,0.20229185460234822,0.9475636363636364,55000,final_epoch_primary
mnist/swin_tiny/grayscale/compact/p80/seed1,mnist,swin_tiny,grayscale,compact,80,1,heldout_val,55000,2,heldout_val,0.29278393044685946,0.9242,5000,final_epoch_primary
mnist/swin_tiny/grayscale/compact/p80/seed1,mnist,swin_tiny,grayscale,compact,80,1,heldout_val,55000,3,train_online,0.2247773949020349,0.9419454545454545,55000,final_epoch_primary
mnist/swin_tiny/grayscale/compact/p80/seed1,mnist,swin_tiny,grayscale,compact,80,1,heldout_val,55000,3,heldout_val,0.20781796005131908,0.9476,5000,final_epoch_primary
mnist/swin_tiny/grayscale/compact/p80/seed1,mnist,swin_tiny,grayscale,compact,80,1,heldout_val,55000,4,train_online,0.24029638113862628,0.9365636363636364,55000,final_epoch_primary
mnist/swin_tiny/grayscale/compact/p80/seed1,mnist,swin_tiny,grayscale,compact,80,1,heldout_val,55000,4,heldout_val,0.30599666653884344,0.9254,5000,final_epoch_primary
mnist/swin_tiny/grayscale/compact/p80/seed1,mnist,swin_tiny,grayscale,compact,80,1,heldout_val,55000,5,train_online,0.2457974587834361,0.9356,55000,final_epoch_primary
mnist/swin_tiny/grayscale/compact/p80/seed1,mnist,swin_tiny,grayscale,compact,80,1,heldout_val,55000,5,heldout_val,0.18753214813409141,0.9462,5000,final_epoch_primary
mnist/swin_tiny/grayscale/compact/p80/seed1,mnist,swin_tiny,grayscale,compact,80,1,heldout_val,55000,6,train_online,0.22586202819963458,0.9416363636363636,55000,final_epoch_primary
mnist/swin_tiny/grayscale/compact/p80/seed1,mnist,swin_tiny,grayscale,compact,80,1,heldout_val,55000,6,heldout_val,0.2135444718588609,0.941,5000,final_epoch_primary
mnist/swin_tiny/grayscale/compact/p80/seed1,mnist,swin_tiny,grayscale,compact,80,1,heldout_val,55000,7,train_online,0.21135583201255703,0.9444727272727272,55000,final_epoch_primary
mnist/swin_tiny/grayscale/compact/p80/seed1,mnist,swin_tiny,grayscale,compact,80,1,heldout_val,55000,7,heldout_val,0.18409397327698535,0.952,5000,final_epoch_primary
mnist/swin_tiny/grayscale/compact/p80/seed1,mnist,swin_tiny,grayscale,compact,80,1,heldout_val,55000,8,train_online,0.19377152304505368,0.9474727272727272,55000,final_epoch_primary
mnist/swin_tiny/grayscale/compact/p80/seed1,mnist,swin_tiny,grayscale,compact,80,1,heldout_val,55000,8,heldout_val,0.1519024558899924,0.9548,5000,final_epoch_primary
mnist/swin_tiny/grayscale/compact/p80/seed1,mnist,swin_tiny,grayscale,compact,80,1,heldout_val,55000,9,train_online,0.18328618264305563,0.9524363636363636,55000,final_epoch_primary
mnist/swin_tiny/grayscale/compact/p80/seed1,mnist,swin_tiny,grayscale,compact,80,1,heldout_val,55000,9,heldout_val,0.15676788665491914,0.958,5000,final_epoch_primary
mnist/swin_tiny/grayscale/compact/p80/seed1,mnist,swin_tiny,grayscale,compact,80,1,heldout_val,55000,10,train_online,0.17493954268246042,0.9534363636363636,55000,final_epoch_primary
mnist/swin_tiny/grayscale/compact/p80/seed1,mnist,swin_tiny,grayscale,compact,80,1,heldout_val,55000,10,heldout_val,0.15691005152227008,0.9566,5000,final_epoch_primary
mnist/swin_tiny/grayscale/compact/p80/seed1,mnist,swin_tiny,grayscale,compact,80,1,heldout_val,55000,11,train_online,0.16832932226343003,0.9544,55000,final_epoch_primary
mnist/swin_tiny/grayscale/compact/p80/seed1,mnist,swin_tiny,grayscale,compact,80,1,heldout_val,55000,11,heldout_val,0.16336526160489884,0.9526,5000,final_epoch_primary
mnist/swin_tiny/grayscale/compact/p80/seed1,mnist,swin_tiny,grayscale,compact,80,1,heldout_val,55000,12,train_online,0.1560973442481537,0.9578727272727273,55000,final_epoch_primary
mnist/swin_tiny/grayscale/compact/p80/seed1,mnist,swin_tiny,grayscale,compact,80,1,heldout_val,55000,12,heldout_val,0.1583566524981783,0.959,5000,final_epoch_primary
mnist/swin_tiny/grayscale/compact/p80/seed1,mnist,swin_tiny,grayscale,compact,80,1,heldout_val,55000,13,train_online,0.15413073787062176,0.9589454545454545,55000,final_epoch_primary
mnist/swin_tiny/grayscale/compact/p80/seed1,mnist,swin_tiny,grayscale,compact,80,1,heldout_val,55000,13,heldout_val,0.1444455092785851,0.9616,5000,final_epoch_primary
mnist/swin_tiny/grayscale/compact/p80/seed1,mnist,swin_tiny,grayscale,compact,80,1,heldout_val,55000,14,train_online,0.14378522472265745,0.9620545454545455,55000,final_epoch_primary
mnist/swin_tiny/grayscale/compact/p80/seed1,mnist,swin_tiny,grayscale,compact,80,1,heldout_val,55000,14,heldout_val,0.15630451508125698,0.9614,5000,final_epoch_primary
mnist/swin_tiny/grayscale/compact/p80/seed1,mnist,swin_tiny,grayscale,compact,80,1,heldout_val,55000,15,train_online,0.12794268903080547,0.9662363636363637,55000,final_epoch_primary
mnist/swin_tiny/grayscale/compact/p80/seed1,mnist,swin_tiny,grayscale,compact,80,1,heldout_val,55000,15,heldout_val,0.12496589566617622,0.966,5000,final_epoch_primary
mnist/swin_tiny/grayscale/compact/p80/seed1,mnist,swin_tiny,grayscale,compact,80,1,heldout_val,55000,16,train_online,0.12536994326479536,0.966709090909091,55000,final_epoch_primary
mnist/swin_tiny/grayscale/compact/p80/seed1,mnist,swin_tiny,grayscale,compact,80,1,heldout_val,55000,16,heldout_val,0.11848043271380593,0.9666,5000,final_epoch_primary
mnist/swin_tiny/grayscale/compact/p80/seed1,mnist,swin_tiny,grayscale,compact,80,1,heldout_val,55000,17,train_online,0.11463462482387146,0.9695818181818182,55000,final_epoch_primary
mnist/swin_tiny/grayscale/compact/p80/seed1,mnist,swin_tiny,grayscale,compact,80,1,heldout_val,55000,17,heldout_val,0.12591040606956375,0.966,5000,final_epoch_primary
mnist/swin_tiny/grayscale/compact/p80/seed1,mnist,swin_tiny,grayscale,compact,80,1,heldout_val,55000,18,train_online,0.1105557856605552,0.9702727272727273,55000,final_epoch_primary
mnist/swin_tiny/grayscale/compact/p80/seed1,mnist,swin_tiny,grayscale,compact,80,1,heldout_val,55000,18,heldout_val,0.10849668615513655,0.9696,5000,final_epoch_primary
mnist/swin_tiny/grayscale/compact/p80/seed1,mnist,swin_tiny,grayscale,compact,80,1,heldout_val,55000,19,train_online,0.10973370576688421,0.9714181818181818,55000,final_epoch_primary
mnist/swin_tiny/grayscale/compact/p80/seed1,mnist,swin_tiny,grayscale,compact,80,1,heldout_val,55000,19,heldout_val,0.11806445472232335,0.9688,5000,final_epoch_primary
mnist/swin_tiny/grayscale/compact/p80/seed1,mnist,swin_tiny,grayscale,compact,80,1,heldout_val,55000,20,train_online,0.10152583301911218,0.9733272727272727,55000,final_epoch_primary
mnist/swin_tiny/grayscale/compact/p80/seed1,mnist,swin_tiny,grayscale,compact,80,1,heldout_val,55000,20,heldout_val,0.10994732030066989,0.969,5000,final_epoch_primary
mnist/swin_tiny/grayscale/compact/p80/seed1,mnist,swin_tiny,grayscale,compact,80,1,heldout_val,55000,21,train_online,0.0930698722330292,0.9752727272727273,55000,final_epoch_primary
mnist/swin_tiny/grayscale/compact/p80/seed1,mnist,swin_tiny,grayscale,compact,80,1,heldout_val,55000,21,heldout_val,0.09814250418680913,0.972,5000,final_epoch_primary
mnist/swin_tiny/grayscale/compact/p80/seed1,mnist,swin_tiny,grayscale,compact,80,1,heldout_val,55000,22,train_online,0.08854091512556528,0.9763818181818181,55000,final_epoch_primary
mnist/swin_tiny/grayscale/compact/p80/seed1,mnist,swin_tiny,grayscale,compact,80,1,heldout_val,55000,22,heldout_val,0.10433832541981555,0.9748,5000,final_epoch_primary
mnist/swin_tiny/grayscale/compact/p80/seed1,mnist,swin_tiny,grayscale,compact,80,1,heldout_val,55000,23,train_online,0.07982373197330188,0.9781454545454545,55000,final_epoch_primary
mnist/swin_tiny/grayscale/compact/p80/seed1,mnist,swin_tiny,grayscale,compact,80,1,heldout_val,55000,23,heldout_val,0.10641955018759999,0.9744,5000,final_epoch_primary
mnist/swin_tiny/grayscale/compact/p80/seed1,mnist,swin_tiny,grayscale,compact,80,1,heldout_val,55000,24,train_online,0.07269489503147465,0.9803636363636363,55000,final_epoch_primary
mnist/swin_tiny/grayscale/compact/p80/seed1,mnist,swin_tiny,grayscale,compact,80,1,heldout_val,55000,24,heldout_val,0.09587026017547459,0.9734,5000,final_epoch_primary
mnist/swin_tiny/grayscale/compact/p80/seed1,mnist,swin_tiny,grayscale,compact,80,1,heldout_val,55000,25,train_online,0.07146352682181467,0.9805272727272727,55000,final_epoch_primary
mnist/swin_tiny/grayscale/compact/p80/seed1,mnist,swin_tiny,grayscale,compact,80,1,heldout_val,55000,25,heldout_val,0.0843391559653045,0.9774,5000,final_epoch_primary
mnist/swin_tiny/grayscale/dense/p0/seed1,mnist,swin_tiny,grayscale,dense,0,1,heldout_val,55000,0,train_online,0.46792224975329433,0.860909090909091,55000,final_epoch_primary
mnist/swin_tiny/grayscale/dense/p0/seed1,mnist,swin_tiny,grayscale,dense,0,1,heldout_val,55000,0,heldout_val,0.18813707300868118,0.951,5000,final_epoch_primary
mnist/swin_tiny/grayscale/dense/p0/seed1,mnist,swin_tiny,grayscale,dense,0,1,heldout_val,55000,1,train_online,0.2258558643855562,0.9465818181818182,55000,final_epoch_primary
mnist/swin_tiny/grayscale/dense/p0/seed1,mnist,swin_tiny,grayscale,dense,0,1,heldout_val,55000,1,heldout_val,0.2063168782358669,0.9538,5000,final_epoch_primary
mnist/swin_tiny/grayscale/dense/p0/seed1,mnist,swin_tiny,grayscale,dense,0,1,heldout_val,55000,2,train_online,0.1949233732591137,0.9506181818181818,55000,final_epoch_primary
mnist/swin_tiny/grayscale/dense/p0/seed1,mnist,swin_tiny,grayscale,dense,0,1,heldout_val,55000,2,heldout_val,0.25571266583909746,0.942,5000,final_epoch_primary
mnist/swin_tiny/grayscale/dense/p0/seed1,mnist,swin_tiny,grayscale,dense,0,1,heldout_val,55000,3,train_online,0.20760368861938994,0.9488363636363636,55000,final_epoch_primary
mnist/swin_tiny/grayscale/dense/p0/seed1,mnist,swin_tiny,grayscale,dense,0,1,heldout_val,55000,3,heldout_val,0.2129649512104108,0.9474,5000,final_epoch_primary
mnist/swin_tiny/grayscale/dense/p0/seed1,mnist,swin_tiny,grayscale,dense,0,1,heldout_val,55000,4,train_online,0.2413384058562975,0.9395454545454546,55000,final_epoch_primary
mnist/swin_tiny/grayscale/dense/p0/seed1,mnist,swin_tiny,grayscale,dense,0,1,heldout_val,55000,4,heldout_val,0.2163492374900088,0.9456,5000,final_epoch_primary
mnist/swin_tiny/grayscale/dense/p0/seed1,mnist,swin_tiny,grayscale,dense,0,1,heldout_val,55000,5,train_online,0.2484080331503435,0.9365818181818182,55000,final_epoch_primary
mnist/swin_tiny/grayscale/dense/p0/seed1,mnist,swin_tiny,grayscale,dense,0,1,heldout_val,55000,5,heldout_val,0.1856328510540945,0.9502,5000,final_epoch_primary
mnist/swin_tiny/grayscale/dense/p0/seed1,mnist,swin_tiny,grayscale,dense,0,1,heldout_val,55000,6,train_online,0.23893402635098054,0.9381818181818182,55000,final_epoch_primary
mnist/swin_tiny/grayscale/dense/p0/seed1,mnist,swin_tiny,grayscale,dense,0,1,heldout_val,55000,6,heldout_val,0.2613671163771825,0.9312,5000,final_epoch_primary
mnist/swin_tiny/grayscale/dense/p0/seed1,mnist,swin_tiny,grayscale,dense,0,1,heldout_val,55000,7,train_online,0.21270283195936804,0.9450909090909091,55000,final_epoch_primary
mnist/swin_tiny/grayscale/dense/p0/seed1,mnist,swin_tiny,grayscale,dense,0,1,heldout_val,55000,7,heldout_val,0.17777902994178876,0.9586,5000,final_epoch_primary
mnist/swin_tiny/grayscale/dense/p0/seed1,mnist,swin_tiny,grayscale,dense,0,1,heldout_val,55000,8,train_online,0.20137693366579293,0.9475454545454546,55000,final_epoch_primary
mnist/swin_tiny/grayscale/dense/p0/seed1,mnist,swin_tiny,grayscale,dense,0,1,heldout_val,55000,8,heldout_val,0.1584493972955621,0.959,5000,final_epoch_primary
mnist/swin_tiny/grayscale/dense/p0/seed1,mnist,swin_tiny,grayscale,dense,0,1,heldout_val,55000,9,train_online,0.1968123509198312,0.9487454545454546,55000,final_epoch_primary
mnist/swin_tiny/grayscale/dense/p0/seed1,mnist,swin_tiny,grayscale,dense,0,1,heldout_val,55000,9,heldout_val,0.15708950094931642,0.9616,5000,final_epoch_primary
mnist/swin_tiny/grayscale/dense/p0/seed1,mnist,swin_tiny,grayscale,dense,0,1,heldout_val,55000,10,train_online,0.17139213493148311,0.9548363636363636,55000,final_epoch_primary
mnist/swin_tiny/grayscale/dense/p0/seed1,mnist,swin_tiny,grayscale,dense,0,1,heldout_val,55000,10,heldout_val,0.21366679030643865,0.9496,5000,final_epoch_primary
mnist/swin_tiny/grayscale/dense/p0/seed1,mnist,swin_tiny,grayscale,dense,0,1,heldout_val,55000,11,train_online,0.15976761360468397,0.9589090909090909,55000,final_epoch_primary
mnist/swin_tiny/grayscale/dense/p0/seed1,mnist,swin_tiny,grayscale,dense,0,1,heldout_val,55000,11,heldout_val,0.14936233861222137,0.961,5000,final_epoch_primary
mnist/swin_tiny/grayscale/dense/p0/seed1,mnist,swin_tiny,grayscale,dense,0,1,heldout_val,55000,12,train_online,0.1665119907398562,0.9579090909090909,55000,final_epoch_primary
mnist/swin_tiny/grayscale/dense/p0/seed1,mnist,swin_tiny,grayscale,dense,0,1,heldout_val,55000,12,heldout_val,0.13372933178373786,0.9614,5000,final_epoch_primary
mnist/swin_tiny/grayscale/dense/p0/seed1,mnist,swin_tiny,grayscale,dense,0,1,heldout_val,55000,13,train_online,0.1651039990494997,0.9579818181818182,55000,final_epoch_primary
mnist/swin_tiny/grayscale/dense/p0/seed1,mnist,swin_tiny,grayscale,dense,0,1,heldout_val,55000,13,heldout_val,0.16003068567718146,0.9608,5000,final_epoch_primary
mnist/swin_tiny/grayscale/dense/p0/seed1,mnist,swin_tiny,grayscale,dense,0,1,heldout_val,55000,14,train_online,0.16024452184770815,0.9585818181818182,55000,final_epoch_primary
mnist/swin_tiny/grayscale/dense/p0/seed1,mnist,swin_tiny,grayscale,dense,0,1,heldout_val,55000,14,heldout_val,0.15317285852746554,0.963,5000,final_epoch_primary
mnist/swin_tiny/grayscale/dense/p0/seed1,mnist,swin_tiny,grayscale,dense,0,1,heldout_val,55000,15,train_online,0.14380236102804397,0.9626545454545454,55000,final_epoch_primary
mnist/swin_tiny/grayscale/dense/p0/seed1,mnist,swin_tiny,grayscale,dense,0,1,heldout_val,55000,15,heldout_val,0.12983812325206964,0.9672,5000,final_epoch_primary
mnist/swin_tiny/grayscale/dense/p0/seed1,mnist,swin_tiny,grayscale,dense,0,1,heldout_val,55000,16,train_online,0.13085823113896847,0.9661818181818181,55000,final_epoch_primary
mnist/swin_tiny/grayscale/dense/p0/seed1,mnist,swin_tiny,grayscale,dense,0,1,heldout_val,55000,16,heldout_val,0.12335489601635054,0.9686,5000,final_epoch_primary
mnist/swin_tiny/grayscale/dense/p0/seed1,mnist,swin_tiny,grayscale,dense,0,1,heldout_val,55000,17,train_online,0.12713654565271645,0.9670181818181818,55000,final_epoch_primary
mnist/swin_tiny/grayscale/dense/p0/seed1,mnist,swin_tiny,grayscale,dense,0,1,heldout_val,55000,17,heldout_val,0.10892200231775641,0.969,5000,final_epoch_primary
mnist/swin_tiny/grayscale/dense/p0/seed1,mnist,swin_tiny,grayscale,dense,0,1,heldout_val,55000,18,train_online,0.11739497628594492,0.9697090909090909,55000,final_epoch_primary
mnist/swin_tiny/grayscale/dense/p0/seed1,mnist,swin_tiny,grayscale,dense,0,1,heldout_val,55000,18,heldout_val,0.11929484629498184,0.967,5000,final_epoch_primary
mnist/swin_tiny/grayscale/dense/p0/seed1,mnist,swin_tiny,grayscale,dense,0,1,heldout_val,55000,19,train_online,0.11401502551427067,0.9704181818181818,55000,final_epoch_primary
mnist/swin_tiny/grayscale/dense/p0/seed1,mnist,swin_tiny,grayscale,dense,0,1,heldout_val,55000,19,heldout_val,0.12050654358279389,0.9692,5000,final_epoch_primary
mnist/swin_tiny/grayscale/dense/p0/seed1,mnist,swin_tiny,grayscale,dense,0,1,heldout_val,55000,20,train_online,0.1056725419276898,0.9723090909090909,55000,final_epoch_primary
mnist/swin_tiny/grayscale/dense/p0/seed1,mnist,swin_tiny,grayscale,dense,0,1,heldout_val,55000,20,heldout_val,0.09406866532276471,0.9744,5000,final_epoch_primary
mnist/swin_tiny/grayscale/dense/p0/seed1,mnist,swin_tiny,grayscale,dense,0,1,heldout_val,55000,21,train_online,0.10238102041747618,0.9735090909090909,55000,final_epoch_primary
mnist/swin_tiny/grayscale/dense/p0/seed1,mnist,swin_tiny,grayscale,dense,0,1,heldout_val,55000,21,heldout_val,0.09544426301242492,0.9754,5000,final_epoch_primary
mnist/swin_tiny/grayscale/dense/p0/seed1,mnist,swin_tiny,grayscale,dense,0,1,heldout_val,55000,22,train_online,0.0908028711351277,0.9768545454545454,55000,final_epoch_primary
mnist/swin_tiny/grayscale/dense/p0/seed1,mnist,swin_tiny,grayscale,dense,0,1,heldout_val,55000,22,heldout_val,0.13305753668961223,0.9686,5000,final_epoch_primary
mnist/swin_tiny/grayscale/dense/p0/seed1,mnist,swin_tiny,grayscale,dense,0,1,heldout_val,55000,23,train_online,0.0853426982788596,0.9780363636363636,55000,final_epoch_primary
mnist/swin_tiny/grayscale/dense/p0/seed1,mnist,swin_tiny,grayscale,dense,0,1,heldout_val,55000,23,heldout_val,0.11435780334927731,0.9736,5000,final_epoch_primary
mnist/swin_tiny/grayscale/dense/p0/seed1,mnist,swin_tiny,grayscale,dense,0,1,heldout_val,55000,24,train_online,0.08087588971431937,0.9796727272727273,55000,final_epoch_primary
mnist/swin_tiny/grayscale/dense/p0/seed1,mnist,swin_tiny,grayscale,dense,0,1,heldout_val,55000,24,heldout_val,0.10645832746897013,0.9764,5000,final_epoch_primary
mnist/swin_tiny/grayscale/dense/p0/seed1,mnist,swin_tiny,grayscale,dense,0,1,heldout_val,55000,25,train_online,0.0769518016986283,0.9801636363636363,55000,final_epoch_primary
mnist/swin_tiny/grayscale/dense/p0/seed1,mnist,swin_tiny,grayscale,dense,0,1,heldout_val,55000,25,heldout_val,0.10220915274945873,0.9742,5000,final_epoch_primary
mnist/swin_tiny/grayscale/dense/p0/seed1,mnist,swin_tiny,grayscale,dense,0,1,heldout_val,55000,26,train_online,0.06788796369729118,0.9819818181818182,55000,final_epoch_primary
mnist/swin_tiny/grayscale/dense/p0/seed1,mnist,swin_tiny,grayscale,dense,0,1,heldout_val,55000,26,heldout_val,0.10211080923887493,0.9724,5000,final_epoch_primary
mnist/swin_tiny/grayscale/dense/p0/seed1,mnist,swin_tiny,grayscale,dense,0,1,heldout_val,55000,27,train_online,0.06760352833696551,0.9828,55000,final_epoch_primary
mnist/swin_tiny/grayscale/dense/p0/seed1,mnist,swin_tiny,grayscale,dense,0,1,heldout_val,55000,27,heldout_val,0.0768515417309296,0.9812,5000,final_epoch_primary
mnist/swin_tiny/grayscale/dense/p0/seed1,mnist,swin_tiny,grayscale,dense,0,1,heldout_val,55000,28,train_online,0.06142069700673412,0.9842909090909091,55000,final_epoch_primary
mnist/swin_tiny/grayscale/dense/p0/seed1,mnist,swin_tiny,grayscale,dense,0,1,heldout_val,55000,28,heldout_val,0.09350886899677771,0.9764,5000,final_epoch_primary
mnist/swin_tiny/grayscale/dense/p0/seed1,mnist,swin_tiny,grayscale,dense,0,1,heldout_val,55000,29,train_online,0.055156072983411325,0.9859818181818182,55000,final_epoch_primary
mnist/swin_tiny/grayscale/dense/p0/seed1,mnist,swin_tiny,grayscale,dense,0,1,heldout_val,55000,29,heldout_val,0.06215973401252047,0.9848,5000,final_epoch_primary
mnist/swin_tiny/grayscale/dense/p0/seed1,mnist,swin_tiny,grayscale,dense,0,1,heldout_val,55000,30,train_online,0.04893452920324605,0.9876727272727273,55000,final_epoch_primary
mnist/swin_tiny/grayscale/dense/p0/seed1,mnist,swin_tiny,grayscale,dense,0,1,heldout_val,55000,30,heldout_val,0.07232322561412573,0.9834,5000,final_epoch_primary
mnist/swin_tiny/grayscale/dense/p0/seed1,mnist,swin_tiny,grayscale,dense,0,1,heldout_val,55000,31,train_online,0.04400249998338899,0.9885636363636363,55000,final_epoch_primary
mnist/swin_tiny/grayscale/dense/p0/seed1,mnist,swin_tiny,grayscale,dense,0,1,heldout_val,55000,31,heldout_val,0.07511182338846609,0.9828,5000,final_epoch_primary
mnist/swin_tiny/grayscale/dense/p0/seed1,mnist,swin_tiny,grayscale,dense,0,1,heldout_val,55000,32,train_online,0.03806214969190609,0.9904181818181819,55000,final_epoch_primary
mnist/swin_tiny/grayscale/dense/p0/seed1,mnist,swin_tiny,grayscale,dense,0,1,heldout_val,55000,32,heldout_val,0.07026250799499344,0.9842,5000,final_epoch_primary
mnist/swin_tiny/grayscale/dense/p0/seed1,mnist,swin_tiny,grayscale,dense,0,1,heldout_val,55000,33,train_online,0.03088641985482723,0.9915818181818182,55000,final_epoch_primary
mnist/swin_tiny/grayscale/dense/p0/seed1,mnist,swin_tiny,grayscale,dense,0,1,heldout_val,55000,33,heldout_val,0.0606850903444478,0.986,5000,final_epoch_primary
mnist/swin_tiny/grayscale/dense/p0/seed1,mnist,swin_tiny,grayscale,dense,0,1,heldout_val,55000,34,train_online,0.02712590599292837,0.993,55000,final_epoch_primary
mnist/swin_tiny/grayscale/dense/p0/seed1,mnist,swin_tiny,grayscale,dense,0,1,heldout_val,55000,34,heldout_val,0.06652058633964159,0.9856,5000,final_epoch_primary
mnist/swin_tiny/grayscale/dense/p0/seed1,mnist,swin_tiny,grayscale,dense,0,1,heldout_val,55000,35,train_online,0.02303090218905235,0.9939272727272728,55000,final_epoch_primary
mnist/swin_tiny/grayscale/dense/p0/seed1,mnist,swin_tiny,grayscale,dense,0,1,heldout_val,55000,35,heldout_val,0.06778629199757871,0.9862,5000,final_epoch_primary
mnist/swin_tiny/grayscale/dense/p0/seed1,mnist,swin_tiny,grayscale,dense,0,1,heldout_val,55000,36,train_online,0.02058352686440496,0.9946909090909091,55000,final_epoch_primary
mnist/swin_tiny/grayscale/dense/p0/seed1,mnist,swin_tiny,grayscale,dense,0,1,heldout_val,55000,36,heldout_val,0.07360706828614605,0.9848,5000,final_epoch_primary
mnist/swin_tiny/grayscale/dense/p0/seed1,mnist,swin_tiny,grayscale,dense,0,1,heldout_val,55000,37,train_online,0.01458074389807295,0.996,55000,final_epoch_primary
mnist/swin_tiny/grayscale/dense/p0/seed1,mnist,swin_tiny,grayscale,dense,0,1,heldout_val,55000,37,heldout_val,0.07337166525237196,0.9868,5000,final_epoch_primary
mnist/swin_tiny/grayscale/dense/p0/seed1,mnist,swin_tiny,grayscale,dense,0,1,heldout_val,55000,38,train_online,0.011469976100471332,0.9967454545454545,55000,final_epoch_primary
mnist/swin_tiny/grayscale/dense/p0/seed1,mnist,swin_tiny,grayscale,dense,0,1,heldout_val,55000,38,heldout_val,0.06484754942027311,0.9854,5000,final_epoch_primary
mnist/swin_tiny/grayscale/dense/p0/seed1,mnist,swin_tiny,grayscale,dense,0,1,heldout_val,55000,39,train_online,0.009430555098657624,0.9973636363636363,55000,final_epoch_primary
mnist/swin_tiny/grayscale/dense/p0/seed1,mnist,swin_tiny,grayscale,dense,0,1,heldout_val,55000,39,heldout_val,0.06859292290206613,0.9874,5000,final_epoch_primary
mnist/swin_tiny/grayscale/dense/p0/seed1,mnist,swin_tiny,grayscale,dense,0,1,heldout_val,55000,40,train_online,0.007203406189529226,0.9978545454545454,55000,final_epoch_primary
mnist/swin_tiny/grayscale/dense/p0/seed1,mnist,swin_tiny,grayscale,dense,0,1,heldout_val,55000,40,heldout_val,0.06413870260330186,0.9878,5000,final_epoch_primary
mnist/swin_tiny/grayscale/dense/p0/seed1,mnist,swin_tiny,grayscale,dense,0,1,heldout_val,55000,41,train_online,0.0046229432546554435,0.9987454545454545,55000,final_epoch_primary
mnist/swin_tiny/grayscale/dense/p0/seed1,mnist,swin_tiny,grayscale,dense,0,1,heldout_val,55000,41,heldout_val,0.0664476033511339,0.9886,5000,final_epoch_primary
mnist/swin_tiny/grayscale/dense/p0/seed1,mnist,swin_tiny,grayscale,dense,0,1,heldout_val,55000,42,train_online,0.0039728464486325065,0.9989818181818182,55000,final_epoch_primary
mnist/swin_tiny/grayscale/dense/p0/seed1,mnist,swin_tiny,grayscale,dense,0,1,heldout_val,55000,42,heldout_val,0.07187820165240627,0.9874,5000,final_epoch_primary
mnist/swin_tiny/grayscale/dense/p0/seed1,mnist,swin_tiny,grayscale,dense,0,1,heldout_val,55000,43,train_online,0.0025587533558517023,0.9993090909090909,55000,final_epoch_primary
mnist/swin_tiny/grayscale/dense/p0/seed1,mnist,swin_tiny,grayscale,dense,0,1,heldout_val,55000,43,heldout_val,0.06743136940888109,0.988,5000,final_epoch_primary
mnist/swin_tiny/grayscale/dense/p0/seed1,mnist,swin_tiny,grayscale,dense,0,1,heldout_val,55000,44,train_online,0.0031806277677171894,0.9993272727272727,55000,final_epoch_primary
mnist/swin_tiny/grayscale/dense/p0/seed1,mnist,swin_tiny,grayscale,dense,0,1,heldout_val,55000,44,heldout_val,0.07153445178196433,0.989,5000,final_epoch_primary
mnist/swin_tiny/grayscale/dense/p0/seed1,mnist,swin_tiny,grayscale,dense,0,1,heldout_val,55000,45,train_online,0.0017249509112993028,0.9995272727272727,55000,final_epoch_primary
mnist/swin_tiny/grayscale/dense/p0/seed1,mnist,swin_tiny,grayscale,dense,0,1,heldout_val,55000,45,heldout_val,0.0719937360833291,0.9884,5000,final_epoch_primary
mnist/swin_tiny/grayscale/dense/p0/seed1,mnist,swin_tiny,grayscale,dense,0,1,heldout_val,55000,46,train_online,0.0017623615498497584,0.9995272727272727,55000,final_epoch_primary
mnist/swin_tiny/grayscale/dense/p0/seed1,mnist,swin_tiny,grayscale,dense,0,1,heldout_val,55000,46,heldout_val,0.07121780657498797,0.989,5000,final_epoch_primary
mnist/swin_tiny/grayscale/dense/p0/seed1,mnist,swin_tiny,grayscale,dense,0,1,heldout_val,55000,47,train_online,0.001719112359994396,0.9995272727272727,55000,final_epoch_primary
mnist/swin_tiny/grayscale/dense/p0/seed1,mnist,swin_tiny,grayscale,dense,0,1,heldout_val,55000,47,heldout_val,0.07165370915352617,0.989,5000,final_epoch_primary
mnist/swin_tiny/grayscale/dense/p0/seed1,mnist,swin_tiny,grayscale,dense,0,1,heldout_val,55000,48,train_online,0.0015762902201648843,0.9995272727272727,55000,final_epoch_primary
mnist/swin_tiny/grayscale/dense/p0/seed1,mnist,swin_tiny,grayscale,dense,0,1,heldout_val,55000,48,heldout_val,0.07117558186706167,0.9888,5000,final_epoch_primary
mnist/swin_tiny/grayscale/dense/p0/seed1,mnist,swin_tiny,grayscale,dense,0,1,heldout_val,55000,49,train_online,0.0012720938710837747,0.9996181818181819,55000,final_epoch_primary
mnist/swin_tiny/grayscale/dense/p0/seed1,mnist,swin_tiny,grayscale,dense,0,1,heldout_val,55000,49,heldout_val,0.07087025066689079,0.9886,5000,final_epoch_primary
mnist/swin_tiny/raw/dense/pNA/seed2,mnist,swin_tiny,raw,dense,,2,heldout_val,55000,0,train_online,0.40154716667007995,0.8837636363636364,55000,final_epoch_primary
mnist/swin_tiny/raw/dense/pNA/seed2,mnist,swin_tiny,raw,dense,,2,heldout_val,55000,0,heldout_val,0.21356458274620818,0.9388,5000,final_epoch_primary
mnist/swin_tiny/raw/dense/pNA/seed2,mnist,swin_tiny,raw,dense,,2,heldout_val,55000,1,train_online,0.17904567916325165,0.9549090909090909,55000,final_epoch_primary
mnist/swin_tiny/raw/dense/pNA/seed2,mnist,swin_tiny,raw,dense,,2,heldout_val,55000,1,heldout_val,0.15920834795258124,0.9598,5000,final_epoch_primary
mnist/swin_tiny/raw/dense/pNA/seed2,mnist,swin_tiny,raw,dense,,2,heldout_val,55000,2,train_online,0.17037329768316478,0.9558,55000,final_epoch_primary
mnist/swin_tiny/raw/dense/pNA/seed2,mnist,swin_tiny,raw,dense,,2,heldout_val,55000,2,heldout_val,0.1824019256770378,0.9512,5000,final_epoch_primary
mnist/swin_tiny/raw/dense/pNA/seed2,mnist,swin_tiny,raw,dense,,2,heldout_val,55000,3,train_online,0.18611379730343336,0.9536545454545454,55000,final_epoch_primary
mnist/swin_tiny/raw/dense/pNA/seed2,mnist,swin_tiny,raw,dense,,2,heldout_val,55000,3,heldout_val,0.16106630667159771,0.9616,5000,final_epoch_primary
mnist/swin_tiny/raw/dense/pNA/seed2,mnist,swin_tiny,raw,dense,,2,heldout_val,55000,4,train_online,0.2136093713760618,0.9461818181818182,55000,final_epoch_primary
mnist/swin_tiny/raw/dense/pNA/seed2,mnist,swin_tiny,raw,dense,,2,heldout_val,55000,4,heldout_val,0.24427329072734574,0.941,5000,final_epoch_primary
mnist/swin_tiny/raw/dense/pNA/seed2,mnist,swin_tiny,raw,dense,,2,heldout_val,55000,5,train_online,0.20843181660785604,0.9476,55000,final_epoch_primary
mnist/swin_tiny/raw/dense/pNA/seed2,mnist,swin_tiny,raw,dense,,2,heldout_val,55000,5,heldout_val,0.1705302991947872,0.9542,5000,final_epoch_primary
mnist/swin_tiny/raw/dense/pNA/seed2,mnist,swin_tiny,raw,dense,,2,heldout_val,55000,6,train_online,0.1952402074585743,0.9489636363636363,55000,final_epoch_primary
mnist/swin_tiny/raw/dense/pNA/seed2,mnist,swin_tiny,raw,dense,,2,heldout_val,55000,6,heldout_val,0.16304341456941912,0.9584,5000,final_epoch_primary
mnist/swin_tiny/raw/dense/pNA/seed2,mnist,swin_tiny,raw,dense,,2,heldout_val,55000,7,train_online,0.1950085461020918,0.9500363636363637,55000,final_epoch_primary
mnist/swin_tiny/raw/dense/pNA/seed2,mnist,swin_tiny,raw,dense,,2,heldout_val,55000,7,heldout_val,0.16036379972153228,0.957,5000,final_epoch_primary
mnist/swin_tiny/raw/dense/pNA/seed2,mnist,swin_tiny,raw,dense,,2,heldout_val,55000,8,train_online,0.18427787578781785,0.9523636363636364,55000,final_epoch_primary
mnist/swin_tiny/raw/dense/pNA/seed2,mnist,swin_tiny,raw,dense,,2,heldout_val,55000,8,heldout_val,0.14847226011672465,0.959,5000,final_epoch_primary
mnist/swin_tiny/raw/dense/pNA/seed2,mnist,swin_tiny,raw,dense,,2,heldout_val,55000,9,train_online,0.16433597231775693,0.9572909090909091,55000,final_epoch_primary
mnist/swin_tiny/raw/dense/pNA/seed2,mnist,swin_tiny,raw,dense,,2,heldout_val,55000,9,heldout_val,0.12921420856521582,0.9632,5000,final_epoch_primary
mnist/swin_tiny/raw/dense/pNA/seed2,mnist,swin_tiny,raw,dense,,2,heldout_val,55000,10,train_online,0.15767134321791898,0.9586363636363636,55000,final_epoch_primary
mnist/swin_tiny/raw/dense/pNA/seed2,mnist,swin_tiny,raw,dense,,2,heldout_val,55000,10,heldout_val,0.14836993984998553,0.9608,5000,final_epoch_primary
mnist/swin_tiny/raw/dense/pNA/seed2,mnist,swin_tiny,raw,dense,,2,heldout_val,55000,11,train_online,0.1464006935307977,0.9615454545454546,55000,final_epoch_primary
mnist/swin_tiny/raw/dense/pNA/seed2,mnist,swin_tiny,raw,dense,,2,heldout_val,55000,11,heldout_val,0.14138604883366498,0.9628,5000,final_epoch_primary
mnist/swin_tiny/raw/dense/pNA/seed2,mnist,swin_tiny,raw,dense,,2,heldout_val,55000,12,train_online,0.13277443298260325,0.9654909090909091,55000,final_epoch_primary
mnist/swin_tiny/raw/dense/pNA/seed2,mnist,swin_tiny,raw,dense,,2,heldout_val,55000,12,heldout_val,0.11343400233404537,0.9722,5000,final_epoch_primary
mnist/swin_tiny/raw/dense/pNA/seed2,mnist,swin_tiny,raw,dense,,2,heldout_val,55000,13,train_online,0.13334653239587654,0.9653818181818182,55000,final_epoch_primary
mnist/swin_tiny/raw/dense/pNA/seed2,mnist,swin_tiny,raw,dense,,2,heldout_val,55000,13,heldout_val,0.12577593218038782,0.9694,5000,final_epoch_primary
mnist/swin_tiny/raw/dense/pNA/seed2,mnist,swin_tiny,raw,dense,,2,heldout_val,55000,14,train_online,0.1381906652056491,0.9649090909090909,55000,final_epoch_primary
mnist/swin_tiny/raw/dense/pNA/seed2,mnist,swin_tiny,raw,dense,,2,heldout_val,55000,14,heldout_val,0.13162381526733952,0.966,5000,final_epoch_primary
mnist/swin_tiny/raw/dense/pNA/seed2,mnist,swin_tiny,raw,dense,,2,heldout_val,55000,15,train_online,0.12703441874927676,0.966,55000,final_epoch_primary
mnist/swin_tiny/raw/dense/pNA/seed2,mnist,swin_tiny,raw,dense,,2,heldout_val,55000,15,heldout_val,0.11551361308922788,0.9666,5000,final_epoch_primary
mnist/swin_tiny/raw/dense/pNA/seed2,mnist,swin_tiny,raw,dense,,2,heldout_val,55000,16,train_online,0.11350600393848304,0.9698909090909091,55000,final_epoch_primary
mnist/swin_tiny/raw/dense/pNA/seed2,mnist,swin_tiny,raw,dense,,2,heldout_val,55000,16,heldout_val,0.11532780834412187,0.9726,5000,final_epoch_primary
mnist/swin_tiny/raw/dense/pNA/seed2,mnist,swin_tiny,raw,dense,,2,heldout_val,55000,17,train_online,0.11189088198207374,0.9713090909090909,55000,final_epoch_primary
mnist/swin_tiny/raw/dense/pNA/seed2,mnist,swin_tiny,raw,dense,,2,heldout_val,55000,17,heldout_val,0.1161604497446493,0.9718,5000,final_epoch_primary
mnist/swin_tiny/raw/dense/pNA/seed2,mnist,swin_tiny,raw,dense,,2,heldout_val,55000,18,train_online,0.10878964133677281,0.9722727272727273,55000,final_epoch_primary
mnist/swin_tiny/raw/dense/pNA/seed2,mnist,swin_tiny,raw,dense,,2,heldout_val,55000,18,heldout_val,0.09546758297368578,0.9724,5000,final_epoch_primary
mnist/swin_tiny/raw/dense/pNA/seed2,mnist,swin_tiny,raw,dense,,2,heldout_val,55000,19,train_online,0.09987913894268191,0.9736181818181818,55000,final_epoch_primary
mnist/swin_tiny/raw/dense/pNA/seed2,mnist,swin_tiny,raw,dense,,2,heldout_val,55000,19,heldout_val,0.1017875253962351,0.9744,5000,final_epoch_primary
mnist/swin_tiny/raw/dense/pNA/seed2,mnist,swin_tiny,raw,dense,,2,heldout_val,55000,20,train_online,0.09273180359456713,0.9751636363636363,55000,final_epoch_primary
mnist/swin_tiny/raw/dense/pNA/seed2,mnist,swin_tiny,raw,dense,,2,heldout_val,55000,20,heldout_val,0.09338898104658329,0.9758,5000,final_epoch_primary
mnist/swin_tiny/raw/dense/pNA/seed2,mnist,swin_tiny,raw,dense,,2,heldout_val,55000,21,train_online,0.09033096087273192,0.976,55000,final_epoch_primary
mnist/swin_tiny/raw/dense/pNA/seed2,mnist,swin_tiny,raw,dense,,2,heldout_val,55000,21,heldout_val,0.08536423198372395,0.9788,5000,final_epoch_primary
mnist/swin_tiny/raw/dense/pNA/seed2,mnist,swin_tiny,raw,dense,,2,heldout_val,55000,22,train_online,0.08689328066177215,0.977,55000,final_epoch_primary
mnist/swin_tiny/raw/dense/pNA/seed2,mnist,swin_tiny,raw,dense,,2,heldout_val,55000,22,heldout_val,0.08176783208997039,0.9802,5000,final_epoch_primary
mnist/swin_tiny/raw/dense/pNA/seed2,mnist,swin_tiny,raw,dense,,2,heldout_val,55000,23,train_online,0.07935228598826474,0.9790909090909091,55000,final_epoch_primary
mnist/swin_tiny/raw/dense/pNA/seed2,mnist,swin_tiny,raw,dense,,2,heldout_val,55000,23,heldout_val,0.08363242424121672,0.9796,5000,final_epoch_primary
mnist/swin_tiny/raw/dense/pNA/seed2,mnist,swin_tiny,raw,dense,,2,heldout_val,55000,24,train_online,0.07284807717228614,0.980909090909091,55000,final_epoch_primary
mnist/swin_tiny/raw/dense/pNA/seed2,mnist,swin_tiny,raw,dense,,2,heldout_val,55000,24,heldout_val,0.08950710506962341,0.9782,5000,final_epoch_primary
mnist/swin_tiny/raw/dense/pNA/seed2,mnist,swin_tiny,raw,dense,,2,heldout_val,55000,25,train_online,0.06900807851495645,0.981890909090909,55000,final_epoch_primary
mnist/swin_tiny/raw/dense/pNA/seed2,mnist,swin_tiny,raw,dense,,2,heldout_val,55000,25,heldout_val,0.08796834970844111,0.9772,5000,final_epoch_primary
mnist/swin_tiny/raw/dense/pNA/seed2,mnist,swin_tiny,raw,dense,,2,heldout_val,55000,26,train_online,0.06425512725198643,0.9832727272727273,55000,final_epoch_primary
mnist/swin_tiny/raw/dense/pNA/seed2,mnist,swin_tiny,raw,dense,,2,heldout_val,55000,26,heldout_val,0.07761083300127636,0.9788,5000,final_epoch_primary
mnist/swin_tiny/raw/dense/pNA/seed2,mnist,swin_tiny,raw,dense,,2,heldout_val,55000,27,train_online,0.06007129969521912,0.9843090909090909,55000,final_epoch_primary
mnist/swin_tiny/raw/dense/pNA/seed2,mnist,swin_tiny,raw,dense,,2,heldout_val,55000,27,heldout_val,0.08039216614789747,0.9816,5000,final_epoch_primary
mnist/swin_tiny/raw/dense/pNA/seed2,mnist,swin_tiny,raw,dense,,2,heldout_val,55000,28,train_online,0.05426835296780728,0.9856181818181818,55000,final_epoch_primary
mnist/swin_tiny/raw/dense/pNA/seed2,mnist,swin_tiny,raw,dense,,2,heldout_val,55000,28,heldout_val,0.06975244990673059,0.9844,5000,final_epoch_primary
mnist/swin_tiny/raw/dense/pNA/seed2,mnist,swin_tiny,raw,dense,,2,heldout_val,55000,29,train_online,0.050245672893831174,0.9872727272727273,55000,final_epoch_primary
mnist/swin_tiny/raw/dense/pNA/seed2,mnist,swin_tiny,raw,dense,,2,heldout_val,55000,29,heldout_val,0.06915862999394876,0.9836,5000,final_epoch_primary
mnist/swin_tiny/raw/dense/pNA/seed2,mnist,swin_tiny,raw,dense,,2,heldout_val,55000,30,train_online,0.047494208252592804,0.9872,55000,final_epoch_primary
mnist/swin_tiny/raw/dense/pNA/seed2,mnist,swin_tiny,raw,dense,,2,heldout_val,55000,30,heldout_val,0.06272293447176394,0.9852,5000,final_epoch_primary
mnist/swin_tiny/raw/dense/pNA/seed2,mnist,swin_tiny,raw,dense,,2,heldout_val,55000,31,train_online,0.03973656675542651,0.9895818181818182,55000,final_epoch_primary
mnist/swin_tiny/raw/dense/pNA/seed2,mnist,swin_tiny,raw,dense,,2,heldout_val,55000,31,heldout_val,0.060331118815971786,0.9864,5000,final_epoch_primary
mnist/swin_tiny/raw/dense/pNA/seed2,mnist,swin_tiny,raw,dense,,2,heldout_val,55000,32,train_online,0.03411463447574269,0.9910363636363636,55000,final_epoch_primary
mnist/swin_tiny/raw/dense/pNA/seed2,mnist,swin_tiny,raw,dense,,2,heldout_val,55000,32,heldout_val,0.07041821289677545,0.985,5000,final_epoch_primary
mnist/swin_tiny/raw/dense/pNA/seed2,mnist,swin_tiny,raw,dense,,2,heldout_val,55000,33,train_online,0.03313436735806695,0.9917272727272727,55000,final_epoch_primary
mnist/swin_tiny/raw/dense/pNA/seed2,mnist,swin_tiny,raw,dense,,2,heldout_val,55000,33,heldout_val,0.06086535892271646,0.9844,5000,final_epoch_primary
mnist/swin_tiny/raw/dense/pNA/seed2,mnist,swin_tiny,raw,dense,,2,heldout_val,55000,34,train_online,0.026927131608407907,0.9931636363636364,55000,final_epoch_primary
mnist/swin_tiny/raw/dense/pNA/seed2,mnist,swin_tiny,raw,dense,,2,heldout_val,55000,34,heldout_val,0.06900343368752863,0.9854,5000,final_epoch_primary
mnist/swin_tiny/raw/dense/pNA/seed2,mnist,swin_tiny,raw,dense,,2,heldout_val,55000,35,train_online,0.02225354271292449,0.993909090909091,55000,final_epoch_primary
mnist/swin_tiny/raw/dense/pNA/seed2,mnist,swin_tiny,raw,dense,,2,heldout_val,55000,35,heldout_val,0.05475119654529938,0.9878,5000,final_epoch_primary
mnist/swin_tiny/raw/dense/pNA/seed2,mnist,swin_tiny,raw,dense,,2,heldout_val,55000,36,train_online,0.018969904261623424,0.9948727272727272,55000,final_epoch_primary
mnist/swin_tiny/raw/dense/pNA/seed2,mnist,swin_tiny,raw,dense,,2,heldout_val,55000,36,heldout_val,0.06784132839262819,0.9868,5000,final_epoch_primary
mnist/swin_tiny/raw/dense/pNA/seed2,mnist,swin_tiny,raw,dense,,2,heldout_val,55000,37,train_online,0.015754339077024115,0.9955818181818182,55000,final_epoch_primary
mnist/swin_tiny/raw/dense/pNA/seed2,mnist,swin_tiny,raw,dense,,2,heldout_val,55000,37,heldout_val,0.06283493418613413,0.9874,5000,final_epoch_primary
mnist/swin_tiny/raw/dense/pNA/seed2,mnist,swin_tiny,raw,dense,,2,heldout_val,55000,38,train_online,0.01302893020946221,0.9966363636363637,55000,final_epoch_primary
mnist/swin_tiny/raw/dense/pNA/seed2,mnist,swin_tiny,raw,dense,,2,heldout_val,55000,38,heldout_val,0.06629678526432774,0.9872,5000,final_epoch_primary
mnist/swin_tiny/raw/dense/pNA/seed2,mnist,swin_tiny,raw,dense,,2,heldout_val,55000,39,train_online,0.010733577976678087,0.996890909090909,55000,final_epoch_primary
mnist/swin_tiny/raw/dense/pNA/seed2,mnist,swin_tiny,raw,dense,,2,heldout_val,55000,39,heldout_val,0.06291803821644118,0.9876,5000,final_epoch_primary
mnist/swin_tiny/raw/dense/pNA/seed2,mnist,swin_tiny,raw,dense,,2,heldout_val,55000,40,train_online,0.00849839344783505,0.9975090909090909,55000,final_epoch_primary
mnist/swin_tiny/raw/dense/pNA/seed2,mnist,swin_tiny,raw,dense,,2,heldout_val,55000,40,heldout_val,0.0610797793764651,0.9884,5000,final_epoch_primary
mnist/swin_tiny/raw/dense/pNA/seed2,mnist,swin_tiny,raw,dense,,2,heldout_val,55000,41,train_online,0.006174750454811366,0.9985272727272727,55000,final_epoch_primary
mnist/swin_tiny/raw/dense/pNA/seed2,mnist,swin_tiny,raw,dense,,2,heldout_val,55000,41,heldout_val,0.06365274169219011,0.9888,5000,final_epoch_primary
mnist/swin_tiny/raw/dense/pNA/seed2,mnist,swin_tiny,raw,dense,,2,heldout_val,55000,42,train_online,0.004284676193943896,0.9987272727272727,55000,final_epoch_primary
mnist/swin_tiny/raw/dense/pNA/seed2,mnist,swin_tiny,raw,dense,,2,heldout_val,55000,42,heldout_val,0.071698145997548,0.9874,5000,final_epoch_primary
mnist/swin_tiny/raw/dense/pNA/seed2,mnist,swin_tiny,raw,dense,,2,heldout_val,55000,43,train_online,0.003440595256124553,0.9991272727272728,55000,final_epoch_primary
mnist/swin_tiny/raw/dense/pNA/seed2,mnist,swin_tiny,raw,dense,,2,heldout_val,55000,43,heldout_val,0.06438653861157335,0.9884,5000,final_epoch_primary
mnist/swin_tiny/raw/dense/pNA/seed2,mnist,swin_tiny,raw,dense,,2,heldout_val,55000,44,train_online,0.0024292426500788855,0.9991818181818182,55000,final_epoch_primary
mnist/swin_tiny/raw/dense/pNA/seed2,mnist,swin_tiny,raw,dense,,2,heldout_val,55000,44,heldout_val,0.06555342264336834,0.9894,5000,final_epoch_primary
mnist/swin_tiny/raw/dense/pNA/seed2,mnist,swin_tiny,raw,dense,,2,heldout_val,55000,45,train_online,0.0018125193341416083,0.9994363636363637,55000,final_epoch_primary
mnist/swin_tiny/raw/dense/pNA/seed2,mnist,swin_tiny,raw,dense,,2,heldout_val,55000,45,heldout_val,0.06191699850950959,0.989,5000,final_epoch_primary
mnist/swin_tiny/raw/dense/pNA/seed2,mnist,swin_tiny,raw,dense,,2,heldout_val,55000,46,train_online,0.0026111850314926733,0.9994545454545455,55000,final_epoch_primary
mnist/swin_tiny/raw/dense/pNA/seed2,mnist,swin_tiny,raw,dense,,2,heldout_val,55000,46,heldout_val,0.06386541441266072,0.9888,5000,final_epoch_primary
mnist/swin_tiny/raw/dense/pNA/seed2,mnist,swin_tiny,raw,dense,,2,heldout_val,55000,47,train_online,0.0013569931744175608,0.9996727272727273,55000,final_epoch_primary
mnist/swin_tiny/raw/dense/pNA/seed2,mnist,swin_tiny,raw,dense,,2,heldout_val,55000,47,heldout_val,0.06564483693193665,0.9886,5000,final_epoch_primary
mnist/swin_tiny/raw/dense/pNA/seed2,mnist,swin_tiny,raw,dense,,2,heldout_val,55000,48,train_online,0.001665922395101896,0.9995454545454545,55000,final_epoch_primary
mnist/swin_tiny/raw/dense/pNA/seed2,mnist,swin_tiny,raw,dense,,2,heldout_val,55000,48,heldout_val,0.06463193068529444,0.989,5000,final_epoch_primary
mnist/swin_tiny/raw/dense/pNA/seed2,mnist,swin_tiny,raw,dense,,2,heldout_val,55000,49,train_online,0.001385150248385088,0.9996,55000,final_epoch_primary
mnist/swin_tiny/raw/dense/pNA/seed2,mnist,swin_tiny,raw,dense,,2,heldout_val,55000,49,heldout_val,0.06442606815678582,0.9886,5000,final_epoch_primary
mnist/swin_tiny/grayscale/compact/p0/seed2,mnist,swin_tiny,grayscale,compact,0,2,heldout_val,55000,0,train_online,0.5008149698468793,0.8512363636363637,55000,final_epoch_primary
mnist/swin_tiny/grayscale/compact/p0/seed2,mnist,swin_tiny,grayscale,compact,0,2,heldout_val,55000,0,heldout_val,0.23737560989496997,0.9388,5000,final_epoch_primary
mnist/swin_tiny/grayscale/compact/p0/seed2,mnist,swin_tiny,grayscale,compact,0,2,heldout_val,55000,1,train_online,0.21727891301728297,0.9463272727272727,55000,final_epoch_primary
mnist/swin_tiny/grayscale/compact/p0/seed2,mnist,swin_tiny,grayscale,compact,0,2,heldout_val,55000,1,heldout_val,0.2057437650093925,0.9474,5000,final_epoch_primary
mnist/swin_tiny/grayscale/compact/p0/seed2,mnist,swin_tiny,grayscale,compact,0,2,heldout_val,55000,2,train_online,0.19878491559231626,0.950709090909091,55000,final_epoch_primary
mnist/swin_tiny/grayscale/compact/p0/seed2,mnist,swin_tiny,grayscale,compact,0,2,heldout_val,55000,2,heldout_val,0.22170506044673094,0.9462,5000,final_epoch_primary
mnist/swin_tiny/grayscale/compact/p0/seed2,mnist,swin_tiny,grayscale,compact,0,2,heldout_val,55000,3,train_online,0.2186020215875501,0.9443818181818182,55000,final_epoch_primary
mnist/swin_tiny/grayscale/compact/p0/seed2,mnist,swin_tiny,grayscale,compact,0,2,heldout_val,55000,3,heldout_val,0.24463934228170547,0.9384,5000,final_epoch_primary
mnist/swin_tiny/grayscale/compact/p0/seed2,mnist,swin_tiny,grayscale,compact,0,2,heldout_val,55000,4,train_online,0.2487218073007844,0.9369636363636363,55000,final_epoch_primary
mnist/swin_tiny/grayscale/compact/p0/seed2,mnist,swin_tiny,grayscale,compact,0,2,heldout_val,55000,4,heldout_val,0.2658644364597683,0.9356,5000,final_epoch_primary
mnist/swin_tiny/grayscale/compact/p0/seed2,mnist,swin_tiny,grayscale,compact,0,2,heldout_val,55000,5,train_online,0.24804917499807594,0.9380363636363637,55000,final_epoch_primary
mnist/swin_tiny/grayscale/compact/p0/seed2,mnist,swin_tiny,grayscale,compact,0,2,heldout_val,55000,5,heldout_val,0.19441370060360058,0.949,5000,final_epoch_primary
mnist/swin_tiny/grayscale/compact/p0/seed2,mnist,swin_tiny,grayscale,compact,0,2,heldout_val,55000,6,train_online,0.2203556256364896,0.9431272727272727,55000,final_epoch_primary
mnist/swin_tiny/grayscale/compact/p0/seed2,mnist,swin_tiny,grayscale,compact,0,2,heldout_val,55000,6,heldout_val,0.17443590667696263,0.9522,5000,final_epoch_primary
mnist/swin_tiny/grayscale/compact/p0/seed2,mnist,swin_tiny,grayscale,compact,0,2,heldout_val,55000,7,train_online,0.21045012953348957,0.9466545454545454,55000,final_epoch_primary
mnist/swin_tiny/grayscale/compact/p0/seed2,mnist,swin_tiny,grayscale,compact,0,2,heldout_val,55000,7,heldout_val,0.23129015898498473,0.9362,5000,final_epoch_primary
mnist/swin_tiny/grayscale/compact/p0/seed2,mnist,swin_tiny,grayscale,compact,0,2,heldout_val,55000,8,train_online,0.19519869804579304,0.9489090909090909,55000,final_epoch_primary
mnist/swin_tiny/grayscale/compact/p0/seed2,mnist,swin_tiny,grayscale,compact,0,2,heldout_val,55000,8,heldout_val,0.1915257452681093,0.9508,5000,final_epoch_primary
mnist/swin_tiny/grayscale/compact/p0/seed2,mnist,swin_tiny,grayscale,compact,0,2,heldout_val,55000,9,train_online,0.1837864117290134,0.9529454545454545,55000,final_epoch_primary
mnist/swin_tiny/grayscale/compact/p0/seed2,mnist,swin_tiny,grayscale,compact,0,2,heldout_val,55000,9,heldout_val,0.1645514332353603,0.96,5000,final_epoch_primary
mnist/swin_tiny/grayscale/compact/p0/seed2,mnist,swin_tiny,grayscale,compact,0,2,heldout_val,55000,10,train_online,0.17388384694090755,0.9552,55000,final_epoch_primary
mnist/swin_tiny/grayscale/compact/p0/seed2,mnist,swin_tiny,grayscale,compact,0,2,heldout_val,55000,10,heldout_val,0.19276837904240238,0.9492,5000,final_epoch_primary
mnist/swin_tiny/grayscale/compact/p0/seed2,mnist,swin_tiny,grayscale,compact,0,2,heldout_val,55000,11,train_online,0.16479855162760895,0.9579090909090909,55000,final_epoch_primary
mnist/swin_tiny/grayscale/compact/p0/seed2,mnist,swin_tiny,grayscale,compact,0,2,heldout_val,55000,11,heldout_val,0.1326048563481876,0.9654,5000,final_epoch_primary
mnist/swin_tiny/grayscale/compact/p0/seed2,mnist,swin_tiny,grayscale,compact,0,2,heldout_val,55000,12,train_online,0.1598044234945388,0.9594363636363636,55000,final_epoch_primary
mnist/swin_tiny/grayscale/compact/p0/seed2,mnist,swin_tiny,grayscale,compact,0,2,heldout_val,55000,12,heldout_val,0.13728630663286823,0.9636,5000,final_epoch_primary
mnist/swin_tiny/grayscale/compact/p0/seed2,mnist,swin_tiny,grayscale,compact,0,2,heldout_val,55000,13,train_online,0.14577491429898357,0.9606727272727272,55000,final_epoch_primary
mnist/swin_tiny/grayscale/compact/p0/seed2,mnist,swin_tiny,grayscale,compact,0,2,heldout_val,55000,13,heldout_val,0.12933382245025676,0.9662,5000,final_epoch_primary
mnist/swin_tiny/grayscale/compact/p0/seed2,mnist,swin_tiny,grayscale,compact,0,2,heldout_val,55000,14,train_online,0.13977996839622825,0.964,55000,final_epoch_primary
mnist/swin_tiny/grayscale/compact/p0/seed2,mnist,swin_tiny,grayscale,compact,0,2,heldout_val,55000,14,heldout_val,0.14576227780692497,0.9592,5000,final_epoch_primary
mnist/swin_tiny/grayscale/compact/p0/seed2,mnist,swin_tiny,grayscale,compact,0,2,heldout_val,55000,15,train_online,0.1460914861316209,0.9618545454545454,55000,final_epoch_primary
mnist/swin_tiny/grayscale/compact/p0/seed2,mnist,swin_tiny,grayscale,compact,0,2,heldout_val,55000,15,heldout_val,0.14766399044848222,0.9642,5000,final_epoch_primary
mnist/swin_tiny/grayscale/compact/p0/seed2,mnist,swin_tiny,grayscale,compact,0,2,heldout_val,55000,16,train_online,0.1238839536878706,0.9679454545454546,55000,final_epoch_primary
mnist/swin_tiny/grayscale/compact/p0/seed2,mnist,swin_tiny,grayscale,compact,0,2,heldout_val,55000,16,heldout_val,0.12151295900893092,0.9694,5000,final_epoch_primary
mnist/swin_tiny/grayscale/compact/p0/seed2,mnist,swin_tiny,grayscale,compact,0,2,heldout_val,55000,17,train_online,0.11913815485965662,0.9694727272727273,55000,final_epoch_primary
mnist/swin_tiny/grayscale/compact/p0/seed2,mnist,swin_tiny,grayscale,compact,0,2,heldout_val,55000,17,heldout_val,0.12982921042143789,0.9664,5000,final_epoch_primary
mnist/swin_tiny/grayscale/compact/p20/seed2,mnist,swin_tiny,grayscale,compact,20,2,heldout_val,55000,0,train_online,0.5018540610240952,0.8507090909090909,55000,final_epoch_primary
mnist/swin_tiny/grayscale/compact/p20/seed2,mnist,swin_tiny,grayscale,compact,20,2,heldout_val,55000,0,heldout_val,0.2567966578702675,0.9332,5000,final_epoch_primary
mnist/swin_tiny/grayscale/compact/p20/seed2,mnist,swin_tiny,grayscale,compact,20,2,heldout_val,55000,1,train_online,0.21884686363989975,0.9464363636363636,55000,final_epoch_primary
mnist/swin_tiny/grayscale/compact/p20/seed2,mnist,swin_tiny,grayscale,compact,20,2,heldout_val,55000,1,heldout_val,0.1890132464047565,0.955,5000,final_epoch_primary
mnist/swin_tiny/grayscale/compact/p20/seed2,mnist,swin_tiny,grayscale,compact,20,2,heldout_val,55000,2,train_online,0.2012029834802629,0.9515272727272728,55000,final_epoch_primary
mnist/swin_tiny/grayscale/compact/p20/seed2,mnist,swin_tiny,grayscale,compact,20,2,heldout_val,55000,2,heldout_val,0.17655735371732736,0.9548,5000,final_epoch_primary
mnist/swin_tiny/grayscale/compact/p20/seed2,mnist,swin_tiny,grayscale,compact,20,2,heldout_val,55000,3,train_online,0.2134232975018646,0.9462727272727273,55000,final_epoch_primary
mnist/swin_tiny/grayscale/compact/p20/seed2,mnist,swin_tiny,grayscale,compact,20,2,heldout_val,55000,3,heldout_val,0.23637790863330885,0.9404,5000,final_epoch_primary
mnist/swin_tiny/grayscale/compact/p20/seed2,mnist,swin_tiny,grayscale,compact,20,2,heldout_val,55000,4,train_online,0.24336510354409244,0.9378909090909091,55000,final_epoch_primary
mnist/swin_tiny/grayscale/compact/p20/seed2,mnist,swin_tiny,grayscale,compact,20,2,heldout_val,55000,4,heldout_val,0.2546518280986289,0.9348,5000,final_epoch_primary
mnist/swin_tiny/grayscale/compact/p20/seed2,mnist,swin_tiny,grayscale,compact,20,2,heldout_val,55000,5,train_online,0.24444355179844132,0.9372909090909091,55000,final_epoch_primary
mnist/swin_tiny/grayscale/compact/p20/seed2,mnist,swin_tiny,grayscale,compact,20,2,heldout_val,55000,5,heldout_val,0.22292844931932923,0.945,5000,final_epoch_primary
mnist/swin_tiny/grayscale/compact/p20/seed2,mnist,swin_tiny,grayscale,compact,20,2,heldout_val,55000,6,train_online,0.22216760072142655,0.9424181818181818,55000,final_epoch_primary
mnist/swin_tiny/grayscale/compact/p20/seed2,mnist,swin_tiny,grayscale,compact,20,2,heldout_val,55000,6,heldout_val,0.30577055538981224,0.9218,5000,final_epoch_primary
mnist/swin_tiny/grayscale/compact/p20/seed2,mnist,swin_tiny,grayscale,compact,20,2,heldout_val,55000,7,train_online,0.20809037828373178,0.9460545454545455,55000,final_epoch_primary
mnist/swin_tiny/grayscale/compact/p20/seed2,mnist,swin_tiny,grayscale,compact,20,2,heldout_val,55000,7,heldout_val,0.14771477748890174,0.9578,5000,final_epoch_primary
mnist/swin_tiny/grayscale/compact/p20/seed2,mnist,swin_tiny,grayscale,compact,20,2,heldout_val,55000,8,train_online,0.1869658696133588,0.951709090909091,55000,final_epoch_primary
mnist/swin_tiny/grayscale/compact/p20/seed2,mnist,swin_tiny,grayscale,compact,20,2,heldout_val,55000,8,heldout_val,0.15213449392301262,0.9588,5000,final_epoch_primary
mnist/swin_tiny/grayscale/compact/p20/seed2,mnist,swin_tiny,grayscale,compact,20,2,heldout_val,55000,9,train_online,0.1801376840119581,0.9538545454545454,55000,final_epoch_primary
mnist/swin_tiny/grayscale/compact/p20/seed2,mnist,swin_tiny,grayscale,compact,20,2,heldout_val,55000,9,heldout_val,0.15704820701978753,0.957,5000,final_epoch_primary
mnist/swin_tiny/grayscale/compact/p20/seed2,mnist,swin_tiny,grayscale,compact,20,2,heldout_val,55000,10,train_online,0.1817706078565419,0.9530181818181818,55000,final_epoch_primary
mnist/swin_tiny/grayscale/compact/p20/seed2,mnist,swin_tiny,grayscale,compact,20,2,heldout_val,55000,10,heldout_val,0.15649111942482122,0.958,5000,final_epoch_primary
mnist/swin_tiny/grayscale/compact/p20/seed2,mnist,swin_tiny,grayscale,compact,20,2,heldout_val,55000,11,train_online,0.1708643146603912,0.9562,55000,final_epoch_primary
mnist/swin_tiny/grayscale/compact/p20/seed2,mnist,swin_tiny,grayscale,compact,20,2,heldout_val,55000,11,heldout_val,0.14655593787557156,0.9612,5000,final_epoch_primary
mnist/swin_tiny/grayscale/compact/p20/seed2,mnist,swin_tiny,grayscale,compact,20,2,heldout_val,55000,12,train_online,0.15366000529519536,0.9595272727272727,55000,final_epoch_primary
mnist/swin_tiny/grayscale/compact/p20/seed2,mnist,swin_tiny,grayscale,compact,20,2,heldout_val,55000,12,heldout_val,0.1733361459289823,0.9564,5000,final_epoch_primary
mnist/swin_tiny/grayscale/compact/p20/seed2,mnist,swin_tiny,grayscale,compact,20,2,heldout_val,55000,13,train_online,0.1474082342843197,0.9614545454545455,55000,final_epoch_primary
mnist/swin_tiny/grayscale/compact/p20/seed2,mnist,swin_tiny,grayscale,compact,20,2,heldout_val,55000,13,heldout_val,0.1378477119061754,0.9622,5000,final_epoch_primary
mnist/swin_tiny/grayscale/compact/p20/seed2,mnist,swin_tiny,grayscale,compact,20,2,heldout_val,55000,14,train_online,0.12935754721454631,0.9664181818181818,55000,final_epoch_primary
mnist/swin_tiny/grayscale/compact/p20/seed2,mnist,swin_tiny,grayscale,compact,20,2,heldout_val,55000,14,heldout_val,0.13050539470746153,0.966,5000,final_epoch_primary
mnist/swin_tiny/grayscale/compact/p20/seed2,mnist,swin_tiny,grayscale,compact,20,2,heldout_val,55000,15,train_online,0.12782222354384418,0.9664727272727273,55000,final_epoch_primary
mnist/swin_tiny/grayscale/compact/p20/seed2,mnist,swin_tiny,grayscale,compact,20,2,heldout_val,55000,15,heldout_val,0.13203593004270878,0.9684,5000,final_epoch_primary
mnist/swin_tiny/grayscale/compact/p20/seed2,mnist,swin_tiny,grayscale,compact,20,2,heldout_val,55000,16,train_online,0.11505732564470023,0.9700727272727273,55000,final_epoch_primary
mnist/swin_tiny/grayscale/compact/p20/seed2,mnist,swin_tiny,grayscale,compact,20,2,heldout_val,55000,16,heldout_val,0.13356649250010233,0.967,5000,final_epoch_primary
mnist/swin_tiny/grayscale/compact/p20/seed2,mnist,swin_tiny,grayscale,compact,20,2,heldout_val,55000,17,train_online,0.11371144301154615,0.9710545454545455,55000,final_epoch_primary
mnist/swin_tiny/grayscale/compact/p20/seed2,mnist,swin_tiny,grayscale,compact,20,2,heldout_val,55000,17,heldout_val,0.12346391801719947,0.97,5000,final_epoch_primary
mnist/swin_tiny/grayscale/compact/p20/seed2,mnist,swin_tiny,grayscale,compact,20,2,heldout_val,55000,18,train_online,0.1114817481022755,0.9716181818181818,55000,final_epoch_primary
mnist/swin_tiny/grayscale/compact/p20/seed2,mnist,swin_tiny,grayscale,compact,20,2,heldout_val,55000,18,heldout_val,0.11365047256967009,0.971,5000,final_epoch_primary
mnist/swin_tiny/grayscale/compact/p20/seed2,mnist,swin_tiny,grayscale,compact,20,2,heldout_val,55000,19,train_online,0.10277587409453846,0.9731272727272727,55000,final_epoch_primary
mnist/swin_tiny/grayscale/compact/p20/seed2,mnist,swin_tiny,grayscale,compact,20,2,heldout_val,55000,19,heldout_val,0.10286633202437898,0.9744,5000,final_epoch_primary
mnist/swin_tiny/grayscale/compact/p20/seed2,mnist,swin_tiny,grayscale,compact,20,2,heldout_val,55000,20,train_online,0.09663104413710678,0.9752909090909091,55000,final_epoch_primary
mnist/swin_tiny/grayscale/compact/p20/seed2,mnist,swin_tiny,grayscale,compact,20,2,heldout_val,55000,20,heldout_val,0.11433912333655881,0.974,5000,final_epoch_primary
mnist/swin_tiny/grayscale/compact/p20/seed2,mnist,swin_tiny,grayscale,compact,20,2,heldout_val,55000,21,train_online,0.09460941705353548,0.9750363636363636,55000,final_epoch_primary
mnist/swin_tiny/grayscale/compact/p20/seed2,mnist,swin_tiny,grayscale,compact,20,2,heldout_val,55000,21,heldout_val,0.10113926865245448,0.975,5000,final_epoch_primary
mnist/swin_tiny/grayscale/compact/p40/seed2,mnist,swin_tiny,grayscale,compact,40,2,heldout_val,55000,0,train_online,0.5008149698468793,0.8512363636363637,55000,final_epoch_primary
mnist/swin_tiny/grayscale/compact/p40/seed2,mnist,swin_tiny,grayscale,compact,40,2,heldout_val,55000,0,heldout_val,0.23737560989496997,0.9388,5000,final_epoch_primary
mnist/swin_tiny/grayscale/compact/p40/seed2,mnist,swin_tiny,grayscale,compact,40,2,heldout_val,55000,1,train_online,0.21727891301728297,0.9463272727272727,55000,final_epoch_primary
mnist/swin_tiny/grayscale/compact/p40/seed2,mnist,swin_tiny,grayscale,compact,40,2,heldout_val,55000,1,heldout_val,0.2057437650093925,0.9474,5000,final_epoch_primary
mnist/swin_tiny/grayscale/compact/p40/seed2,mnist,swin_tiny,grayscale,compact,40,2,heldout_val,55000,2,train_online,0.19878491559231626,0.950709090909091,55000,final_epoch_primary
mnist/swin_tiny/grayscale/compact/p40/seed2,mnist,swin_tiny,grayscale,compact,40,2,heldout_val,55000,2,heldout_val,0.22170506044673094,0.9462,5000,final_epoch_primary
mnist/swin_tiny/grayscale/compact/p40/seed2,mnist,swin_tiny,grayscale,compact,40,2,heldout_val,55000,3,train_online,0.2186020215875501,0.9443818181818182,55000,final_epoch_primary
mnist/swin_tiny/grayscale/compact/p40/seed2,mnist,swin_tiny,grayscale,compact,40,2,heldout_val,55000,3,heldout_val,0.24463934228170547,0.9384,5000,final_epoch_primary
mnist/swin_tiny/grayscale/compact/p40/seed2,mnist,swin_tiny,grayscale,compact,40,2,heldout_val,55000,4,train_online,0.2487218073007844,0.9369636363636363,55000,final_epoch_primary
mnist/swin_tiny/grayscale/compact/p40/seed2,mnist,swin_tiny,grayscale,compact,40,2,heldout_val,55000,4,heldout_val,0.2658644364597683,0.9356,5000,final_epoch_primary
mnist/swin_tiny/grayscale/compact/p40/seed2,mnist,swin_tiny,grayscale,compact,40,2,heldout_val,55000,5,train_online,0.24804917499807594,0.9380363636363637,55000,final_epoch_primary
mnist/swin_tiny/grayscale/compact/p40/seed2,mnist,swin_tiny,grayscale,compact,40,2,heldout_val,55000,5,heldout_val,0.19441370060360058,0.949,5000,final_epoch_primary
mnist/swin_tiny/grayscale/compact/p40/seed2,mnist,swin_tiny,grayscale,compact,40,2,heldout_val,55000,6,train_online,0.2203556256364896,0.9431272727272727,55000,final_epoch_primary
mnist/swin_tiny/grayscale/compact/p40/seed2,mnist,swin_tiny,grayscale,compact,40,2,heldout_val,55000,6,heldout_val,0.17443590667696263,0.9522,5000,final_epoch_primary
mnist/swin_tiny/grayscale/compact/p40/seed2,mnist,swin_tiny,grayscale,compact,40,2,heldout_val,55000,7,train_online,0.21045012953348957,0.9466545454545454,55000,final_epoch_primary
mnist/swin_tiny/grayscale/compact/p40/seed2,mnist,swin_tiny,grayscale,compact,40,2,heldout_val,55000,7,heldout_val,0.23129015898498473,0.9362,5000,final_epoch_primary
mnist/swin_tiny/grayscale/compact/p40/seed2,mnist,swin_tiny,grayscale,compact,40,2,heldout_val,55000,8,train_online,0.19519869804579304,0.9489090909090909,55000,final_epoch_primary
mnist/swin_tiny/grayscale/compact/p40/seed2,mnist,swin_tiny,grayscale,compact,40,2,heldout_val,55000,8,heldout_val,0.1915257452681093,0.9508,5000,final_epoch_primary
mnist/swin_tiny/grayscale/compact/p40/seed2,mnist,swin_tiny,grayscale,compact,40,2,heldout_val,55000,9,train_online,0.1837864117290134,0.9529454545454545,55000,final_epoch_primary
mnist/swin_tiny/grayscale/compact/p40/seed2,mnist,swin_tiny,grayscale,compact,40,2,heldout_val,55000,9,heldout_val,0.1645514332353603,0.96,5000,final_epoch_primary
mnist/swin_tiny/grayscale/compact/p40/seed2,mnist,swin_tiny,grayscale,compact,40,2,heldout_val,55000,10,train_online,0.17388384694090755,0.9552,55000,final_epoch_primary
mnist/swin_tiny/grayscale/compact/p40/seed2,mnist,swin_tiny,grayscale,compact,40,2,heldout_val,55000,10,heldout_val,0.19276837904240238,0.9492,5000,final_epoch_primary
mnist/swin_tiny/grayscale/compact/p40/seed2,mnist,swin_tiny,grayscale,compact,40,2,heldout_val,55000,11,train_online,0.16479855162760895,0.9579090909090909,55000,final_epoch_primary
mnist/swin_tiny/grayscale/compact/p40/seed2,mnist,swin_tiny,grayscale,compact,40,2,heldout_val,55000,11,heldout_val,0.1326048563481876,0.9654,5000,final_epoch_primary
mnist/swin_tiny/grayscale/compact/p40/seed2,mnist,swin_tiny,grayscale,compact,40,2,heldout_val,55000,12,train_online,0.1598044234945388,0.9594363636363636,55000,final_epoch_primary
mnist/swin_tiny/grayscale/compact/p40/seed2,mnist,swin_tiny,grayscale,compact,40,2,heldout_val,55000,12,heldout_val,0.13728630663286823,0.9636,5000,final_epoch_primary
mnist/swin_tiny/grayscale/compact/p40/seed2,mnist,swin_tiny,grayscale,compact,40,2,heldout_val,55000,13,train_online,0.14577491429898357,0.9606727272727272,55000,final_epoch_primary
mnist/swin_tiny/grayscale/compact/p40/seed2,mnist,swin_tiny,grayscale,compact,40,2,heldout_val,55000,13,heldout_val,0.12933382245025676,0.9662,5000,final_epoch_primary
mnist/swin_tiny/grayscale/compact/p40/seed2,mnist,swin_tiny,grayscale,compact,40,2,heldout_val,55000,14,train_online,0.13977996839622825,0.964,55000,final_epoch_primary
mnist/swin_tiny/grayscale/compact/p40/seed2,mnist,swin_tiny,grayscale,compact,40,2,heldout_val,55000,14,heldout_val,0.14576227780692497,0.9592,5000,final_epoch_primary
mnist/swin_tiny/grayscale/compact/p40/seed2,mnist,swin_tiny,grayscale,compact,40,2,heldout_val,55000,15,train_online,0.1460914861316209,0.9618545454545454,55000,final_epoch_primary
mnist/swin_tiny/grayscale/compact/p40/seed2,mnist,swin_tiny,grayscale,compact,40,2,heldout_val,55000,15,heldout_val,0.14766399044848222,0.9642,5000,final_epoch_primary
mnist/swin_tiny/grayscale/compact/p40/seed2,mnist,swin_tiny,grayscale,compact,40,2,heldout_val,55000,16,train_online,0.1238839536878706,0.9679454545454546,55000,final_epoch_primary
mnist/swin_tiny/grayscale/compact/p40/seed2,mnist,swin_tiny,grayscale,compact,40,2,heldout_val,55000,16,heldout_val,0.12151295900893092,0.9694,5000,final_epoch_primary
mnist/swin_tiny/grayscale/compact/p40/seed2,mnist,swin_tiny,grayscale,compact,40,2,heldout_val,55000,17,train_online,0.11913815485965662,0.9694727272727273,55000,final_epoch_primary
mnist/swin_tiny/grayscale/compact/p40/seed2,mnist,swin_tiny,grayscale,compact,40,2,heldout_val,55000,17,heldout_val,0.12982921042143789,0.9664,5000,final_epoch_primary
mnist/swin_tiny/grayscale/compact/p60/seed2,mnist,swin_tiny,grayscale,compact,60,2,heldout_val,55000,0,train_online,0.5023543990417616,0.8517272727272728,55000,final_epoch_primary
mnist/swin_tiny/grayscale/compact/p60/seed2,mnist,swin_tiny,grayscale,compact,60,2,heldout_val,55000,0,heldout_val,0.24737978023781906,0.9356,5000,final_epoch_primary
mnist/swin_tiny/grayscale/compact/p60/seed2,mnist,swin_tiny,grayscale,compact,60,2,heldout_val,55000,1,train_online,0.2193531393800616,0.9462909090909091,55000,final_epoch_primary
mnist/swin_tiny/grayscale/compact/p60/seed2,mnist,swin_tiny,grayscale,compact,60,2,heldout_val,55000,1,heldout_val,0.2588732424737856,0.9414,5000,final_epoch_primary
mnist/swin_tiny/grayscale/compact/p60/seed2,mnist,swin_tiny,grayscale,compact,60,2,heldout_val,55000,2,train_online,0.2015143019867643,0.9514545454545454,55000,final_epoch_primary
mnist/swin_tiny/grayscale/compact/p60/seed2,mnist,swin_tiny,grayscale,compact,60,2,heldout_val,55000,2,heldout_val,0.20280001739759465,0.9502,5000,final_epoch_primary
mnist/swin_tiny/grayscale/compact/p60/seed2,mnist,swin_tiny,grayscale,compact,60,2,heldout_val,55000,3,train_online,0.2171748783384654,0.9450545454545455,55000,final_epoch_primary
mnist/swin_tiny/grayscale/compact/p60/seed2,mnist,swin_tiny,grayscale,compact,60,2,heldout_val,55000,3,heldout_val,0.20330921986125178,0.9512,5000,final_epoch_primary
mnist/swin_tiny/grayscale/compact/p60/seed2,mnist,swin_tiny,grayscale,compact,60,2,heldout_val,55000,4,train_online,0.23624496819329877,0.9398363636363636,55000,final_epoch_primary
mnist/swin_tiny/grayscale/compact/p60/seed2,mnist,swin_tiny,grayscale,compact,60,2,heldout_val,55000,4,heldout_val,0.2174949601753964,0.946,5000,final_epoch_primary
mnist/swin_tiny/grayscale/compact/p60/seed2,mnist,swin_tiny,grayscale,compact,60,2,heldout_val,55000,5,train_online,0.2592327393512501,0.9333636363636364,55000,final_epoch_primary
mnist/swin_tiny/grayscale/compact/p60/seed2,mnist,swin_tiny,grayscale,compact,60,2,heldout_val,55000,5,heldout_val,0.26328515193987406,0.9298,5000,final_epoch_primary
mnist/swin_tiny/grayscale/compact/p60/seed2,mnist,swin_tiny,grayscale,compact,60,2,heldout_val,55000,6,train_online,0.239828596115346,0.938509090909091,55000,final_epoch_primary
mnist/swin_tiny/grayscale/compact/p60/seed2,mnist,swin_tiny,grayscale,compact,60,2,heldout_val,55000,6,heldout_val,0.22235492183174937,0.9398,5000,final_epoch_primary
mnist/swin_tiny/grayscale/compact/p60/seed2,mnist,swin_tiny,grayscale,compact,60,2,heldout_val,55000,7,train_online,0.22618162760343774,0.9408181818181818,55000,final_epoch_primary
mnist/swin_tiny/grayscale/compact/p60/seed2,mnist,swin_tiny,grayscale,compact,60,2,heldout_val,55000,7,heldout_val,0.18488977127221587,0.952,5000,final_epoch_primary
mnist/swin_tiny/grayscale/compact/p60/seed2,mnist,swin_tiny,grayscale,compact,60,2,heldout_val,55000,8,train_online,0.20700338828540776,0.9461818181818182,55000,final_epoch_primary
mnist/swin_tiny/grayscale/compact/p60/seed2,mnist,swin_tiny,grayscale,compact,60,2,heldout_val,55000,8,heldout_val,0.15651644405911502,0.9604,5000,final_epoch_primary
mnist/swin_tiny/grayscale/compact/p60/seed2,mnist,swin_tiny,grayscale,compact,60,2,heldout_val,55000,9,train_online,0.2018290913971739,0.9479636363636363,55000,final_epoch_primary
mnist/swin_tiny/grayscale/compact/p60/seed2,mnist,swin_tiny,grayscale,compact,60,2,heldout_val,55000,9,heldout_val,0.1518215921823925,0.9598,5000,final_epoch_primary
mnist/swin_tiny/grayscale/compact/p60/seed2,mnist,swin_tiny,grayscale,compact,60,2,heldout_val,55000,10,train_online,0.18494850564681997,0.9515272727272728,55000,final_epoch_primary
mnist/swin_tiny/grayscale/compact/p60/seed2,mnist,swin_tiny,grayscale,compact,60,2,heldout_val,55000,10,heldout_val,0.18480574465451938,0.9538,5000,final_epoch_primary
mnist/swin_tiny/grayscale/compact/p60/seed2,mnist,swin_tiny,grayscale,compact,60,2,heldout_val,55000,11,train_online,0.17226204456198718,0.9551454545454545,55000,final_epoch_primary
mnist/swin_tiny/grayscale/compact/p60/seed2,mnist,swin_tiny,grayscale,compact,60,2,heldout_val,55000,11,heldout_val,0.18369161458787275,0.9534,5000,final_epoch_primary
mnist/swin_tiny/grayscale/compact/p60/seed2,mnist,swin_tiny,grayscale,compact,60,2,heldout_val,55000,12,train_online,0.15569417023823295,0.9591818181818181,55000,final_epoch_primary
mnist/swin_tiny/grayscale/compact/p60/seed2,mnist,swin_tiny,grayscale,compact,60,2,heldout_val,55000,12,heldout_val,0.13537899239492399,0.966,5000,final_epoch_primary
mnist/swin_tiny/grayscale/compact/p80/seed2,mnist,swin_tiny,grayscale,compact,80,2,heldout_val,55000,0,train_online,0.5527802904391343,0.8325818181818182,55000,final_epoch_primary
mnist/swin_tiny/grayscale/compact/p80/seed2,mnist,swin_tiny,grayscale,compact,80,2,heldout_val,55000,0,heldout_val,0.266928237370227,0.9274,5000,final_epoch_primary
mnist/swin_tiny/grayscale/compact/p80/seed2,mnist,swin_tiny,grayscale,compact,80,2,heldout_val,55000,1,train_online,0.23043664767027208,0.9402363636363636,55000,final_epoch_primary
mnist/swin_tiny/grayscale/compact/p80/seed2,mnist,swin_tiny,grayscale,compact,80,2,heldout_val,55000,1,heldout_val,0.2177715564905666,0.9448,5000,final_epoch_primary
mnist/swin_tiny/grayscale/compact/p80/seed2,mnist,swin_tiny,grayscale,compact,80,2,heldout_val,55000,2,train_online,0.2093381825061388,0.9462727272727273,55000,final_epoch_primary
mnist/swin_tiny/grayscale/compact/p80/seed2,mnist,swin_tiny,grayscale,compact,80,2,heldout_val,55000,2,heldout_val,0.21291326023712462,0.9494,5000,final_epoch_primary
mnist/swin_tiny/grayscale/compact/p80/seed2,mnist,swin_tiny,grayscale,compact,80,2,heldout_val,55000,3,train_online,0.22769486252562332,0.9409454545454545,55000,final_epoch_primary
mnist/swin_tiny/grayscale/compact/p80/seed2,mnist,swin_tiny,grayscale,compact,80,2,heldout_val,55000,3,heldout_val,0.21216687567392947,0.945,5000,final_epoch_primary
mnist/swin_tiny/grayscale/compact/p80/seed2,mnist,swin_tiny,grayscale,compact,80,2,heldout_val,55000,4,train_online,0.23858380329929693,0.9384181818181818,55000,final_epoch_primary
mnist/swin_tiny/grayscale/compact/p80/seed2,mnist,swin_tiny,grayscale,compact,80,2,heldout_val,55000,4,heldout_val,0.22929393197669415,0.9426,5000,final_epoch_primary
mnist/swin_tiny/grayscale/dense/p0/seed2,mnist,swin_tiny,grayscale,dense,0,2,heldout_val,55000,0,train_online,0.4722430667406144,0.8615636363636363,55000,final_epoch_primary
mnist/swin_tiny/grayscale/dense/p0/seed2,mnist,swin_tiny,grayscale,dense,0,2,heldout_val,55000,0,heldout_val,0.23102421464416548,0.9424,5000,final_epoch_primary
mnist/swin_tiny/grayscale/dense/p0/seed2,mnist,swin_tiny,grayscale,dense,0,2,heldout_val,55000,1,train_online,0.2207165688786764,0.9466545454545454,55000,final_epoch_primary
mnist/swin_tiny/grayscale/dense/p0/seed2,mnist,swin_tiny,grayscale,dense,0,2,heldout_val,55000,1,heldout_val,0.18475602088259765,0.9536,5000,final_epoch_primary
mnist/swin_tiny/grayscale/dense/p0/seed2,mnist,swin_tiny,grayscale,dense,0,2,heldout_val,55000,2,train_online,0.18982185092352716,0.9529818181818182,55000,final_epoch_primary
mnist/swin_tiny/grayscale/dense/p0/seed2,mnist,swin_tiny,grayscale,dense,0,2,heldout_val,55000,2,heldout_val,0.20929258025182354,0.948,5000,final_epoch_primary
mnist/swin_tiny/grayscale/dense/p0/seed2,mnist,swin_tiny,grayscale,dense,0,2,heldout_val,55000,3,train_online,0.20936680031080587,0.9472727272727273,55000,final_epoch_primary
mnist/swin_tiny/grayscale/dense/p0/seed2,mnist,swin_tiny,grayscale,dense,0,2,heldout_val,55000,3,heldout_val,0.2028171106893511,0.9468,5000,final_epoch_primary
mnist/swin_tiny/grayscale/dense/p0/seed2,mnist,swin_tiny,grayscale,dense,0,2,heldout_val,55000,4,train_online,0.23350916952492592,0.940509090909091,55000,final_epoch_primary
mnist/swin_tiny/grayscale/dense/p0/seed2,mnist,swin_tiny,grayscale,dense,0,2,heldout_val,55000,4,heldout_val,0.2463400432774506,0.9392,5000,final_epoch_primary
mnist/swin_tiny/grayscale/dense/p0/seed2,mnist,swin_tiny,grayscale,dense,0,2,heldout_val,55000,5,train_online,0.2360695205325843,0.9394363636363636,55000,final_epoch_primary
mnist/swin_tiny/grayscale/dense/p0/seed2,mnist,swin_tiny,grayscale,dense,0,2,heldout_val,55000,5,heldout_val,0.22163013793851716,0.939,5000,final_epoch_primary
mnist/swin_tiny/grayscale/dense/p0/seed2,mnist,swin_tiny,grayscale,dense,0,2,heldout_val,55000,6,train_online,0.21827544699572146,0.943490909090909,55000,final_epoch_primary
mnist/swin_tiny/grayscale/dense/p0/seed2,mnist,swin_tiny,grayscale,dense,0,2,heldout_val,55000,6,heldout_val,0.20627955535168002,0.9452,5000,final_epoch_primary
mnist/swin_tiny/grayscale/dense/p0/seed2,mnist,swin_tiny,grayscale,dense,0,2,heldout_val,55000,7,train_online,0.20809906331335454,0.9473636363636364,55000,final_epoch_primary
mnist/swin_tiny/grayscale/dense/p0/seed2,mnist,swin_tiny,grayscale,dense,0,2,heldout_val,55000,7,heldout_val,0.21311777354855077,0.9502,5000,final_epoch_primary
mnist/swin_tiny/grayscale/dense/p0/seed2,mnist,swin_tiny,grayscale,dense,0,2,heldout_val,55000,8,train_online,0.19025697886692333,0.9514181818181818,55000,final_epoch_primary
mnist/swin_tiny/grayscale/dense/p0/seed2,mnist,swin_tiny,grayscale,dense,0,2,heldout_val,55000,8,heldout_val,0.16799242454884225,0.9524,5000,final_epoch_primary
mnist/swin_tiny/grayscale/dense/p0/seed2,mnist,swin_tiny,grayscale,dense,0,2,heldout_val,55000,9,train_online,0.20130170891240942,0.9480545454545455,55000,final_epoch_primary
mnist/swin_tiny/grayscale/dense/p0/seed2,mnist,swin_tiny,grayscale,dense,0,2,heldout_val,55000,9,heldout_val,0.19586386011427967,0.9486,5000,final_epoch_primary
mnist/swin_tiny/grayscale/dense/p0/seed2,mnist,swin_tiny,grayscale,dense,0,2,heldout_val,55000,10,train_online,0.18782173677497405,0.9524,55000,final_epoch_primary
mnist/swin_tiny/grayscale/dense/p0/seed2,mnist,swin_tiny,grayscale,dense,0,2,heldout_val,55000,10,heldout_val,0.22889753835495358,0.9472,5000,final_epoch_primary
mnist/swin_tiny/grayscale/dense/p0/seed2,mnist,swin_tiny,grayscale,dense,0,2,heldout_val,55000,11,train_online,0.1737939330060613,0.9555636363636364,55000,final_epoch_primary
mnist/swin_tiny/grayscale/dense/p0/seed2,mnist,swin_tiny,grayscale,dense,0,2,heldout_val,55000,11,heldout_val,0.13648095238378447,0.962,5000,final_epoch_primary
mnist/swin_tiny/grayscale/dense/p0/seed2,mnist,swin_tiny,grayscale,dense,0,2,heldout_val,55000,12,train_online,0.16565791705447747,0.9571454545454545,55000,final_epoch_primary
mnist/swin_tiny/grayscale/dense/p0/seed2,mnist,swin_tiny,grayscale,dense,0,2,heldout_val,55000,12,heldout_val,0.13944863232077623,0.9608,5000,final_epoch_primary
mnist/swin_tiny/grayscale/dense/p0/seed2,mnist,swin_tiny,grayscale,dense,0,2,heldout_val,55000,13,train_online,0.15318272943146413,0.959690909090909,55000,final_epoch_primary
mnist/swin_tiny/grayscale/dense/p0/seed2,mnist,swin_tiny,grayscale,dense,0,2,heldout_val,55000,13,heldout_val,0.1549876852501038,0.9604,5000,final_epoch_primary
mnist/swin_tiny/grayscale/dense/p0/seed2,mnist,swin_tiny,grayscale,dense,0,2,heldout_val,55000,14,train_online,0.14014910920556084,0.9633454545454545,55000,final_epoch_primary
mnist/swin_tiny/grayscale/dense/p0/seed2,mnist,swin_tiny,grayscale,dense,0,2,heldout_val,55000,14,heldout_val,0.11920169334478996,0.9684,5000,final_epoch_primary
mnist/swin_tiny/grayscale/dense/p0/seed2,mnist,swin_tiny,grayscale,dense,0,2,heldout_val,55000,15,train_online,0.12549437573139977,0.9668363636363636,55000,final_epoch_primary
mnist/swin_tiny/grayscale/dense/p0/seed2,mnist,swin_tiny,grayscale,dense,0,2,heldout_val,55000,15,heldout_val,0.1511274369162813,0.9626,5000,final_epoch_primary
cifar10/vit_small/single_color/compact/p20/seed0,cifar10,vit_small,single_color,compact,20,0,heldout_val,45000,0,train_online,1.8946645949257745,0.29775555555555555,45000,final_epoch_primary
cifar10/vit_small/single_color/compact/p20/seed0,cifar10,vit_small,single_color,compact,20,0,heldout_val,45000,0,heldout_val,1.7685181609153748,0.3374,5000,final_epoch_primary
cifar10/vit_small/single_color/compact/p20/seed0,cifar10,vit_small,single_color,compact,20,0,heldout_val,45000,1,train_online,1.6794918233235676,0.3903333333333333,45000,final_epoch_primary
cifar10/vit_small/single_color/compact/p20/seed0,cifar10,vit_small,single_color,compact,20,0,heldout_val,45000,1,heldout_val,1.5094807912826538,0.4434,5000,final_epoch_primary
cifar10/vit_small/single_color/compact/p20/seed0,cifar10,vit_small,single_color,compact,20,0,heldout_val,45000,2,train_online,1.5925133814493815,0.42033333333333334,45000,final_epoch_primary
cifar10/vit_small/single_color/compact/p20/seed0,cifar10,vit_small,single_color,compact,20,0,heldout_val,45000,2,heldout_val,1.4757930542469024,0.4738,5000,final_epoch_primary
cifar10/vit_small/single_color/compact/p20/seed0,cifar10,vit_small,single_color,compact,20,0,heldout_val,45000,3,train_online,1.5419772913297018,0.445,45000,final_epoch_primary
cifar10/vit_small/single_color/compact/p20/seed0,cifar10,vit_small,single_color,compact,20,0,heldout_val,45000,3,heldout_val,1.4373790597438811,0.49,5000,final_epoch_primary
cifar10/vit_small/single_color/compact/p20/seed0,cifar10,vit_small,single_color,compact,20,0,heldout_val,45000,4,train_online,1.5119468006663852,0.4534666666666667,45000,final_epoch_primary
cifar10/vit_small/single_color/compact/p20/seed0,cifar10,vit_small,single_color,compact,20,0,heldout_val,45000,4,heldout_val,1.4558125118255616,0.4738,5000,final_epoch_primary
cifar10/vit_small/single_color/compact/p20/seed0,cifar10,vit_small,single_color,compact,20,0,heldout_val,45000,5,train_online,1.4990111548370786,0.46026666666666666,45000,final_epoch_primary
cifar10/vit_small/single_color/compact/p20/seed0,cifar10,vit_small,single_color,compact,20,0,heldout_val,45000,5,heldout_val,1.4575404022693634,0.4738,5000,final_epoch_primary
cifar10/vit_small/single_color/compact/p20/seed0,cifar10,vit_small,single_color,compact,20,0,heldout_val,45000,6,train_online,1.4801173989984724,0.46844444444444444,45000,final_epoch_primary
cifar10/vit_small/single_color/compact/p20/seed0,cifar10,vit_small,single_color,compact,20,0,heldout_val,45000,6,heldout_val,1.3903427907466888,0.5002,5000,final_epoch_primary
cifar10/vit_small/color_opponency/compact/p60/seed0,cifar10,vit_small,color_opponency,compact,60,0,heldout_val,45000,0,train_online,1.885687117322286,0.30424444444444443,45000,final_epoch_primary
cifar10/vit_small/color_opponency/compact/p60/seed0,cifar10,vit_small,color_opponency,compact,60,0,heldout_val,45000,0,heldout_val,1.7840005229949951,0.3516,5000,final_epoch_primary
cifar10/vit_small/color_opponency/compact/p60/seed0,cifar10,vit_small,color_opponency,compact,60,0,heldout_val,45000,1,train_online,1.6719992307345073,0.3900666666666667,45000,final_epoch_primary
cifar10/vit_small/color_opponency/compact/p60/seed0,cifar10,vit_small,color_opponency,compact,60,0,heldout_val,45000,1,heldout_val,1.5481780939102172,0.4308,5000,final_epoch_primary
cifar10/vit_small/color_opponency/compact/p60/seed0,cifar10,vit_small,color_opponency,compact,60,0,heldout_val,45000,2,train_online,1.5928031974898444,0.41744444444444445,45000,final_epoch_primary
cifar10/vit_small/color_opponency/compact/p60/seed0,cifar10,vit_small,color_opponency,compact,60,0,heldout_val,45000,2,heldout_val,1.537027096939087,0.4536,5000,final_epoch_primary
cifar10/vit_small/color_opponency/compact/p60/seed0,cifar10,vit_small,color_opponency,compact,60,0,heldout_val,45000,3,train_online,1.5620150171385871,0.43544444444444447,45000,final_epoch_primary
cifar10/vit_small/color_opponency/compact/p60/seed0,cifar10,vit_small,color_opponency,compact,60,0,heldout_val,45000,3,heldout_val,1.4660256950378419,0.4762,5000,final_epoch_primary
cifar10/vit_small/color_opponency/compact/p60/seed0,cifar10,vit_small,color_opponency,compact,60,0,heldout_val,45000,4,train_online,1.5330564484278362,0.4457111111111111,45000,final_epoch_primary
cifar10/vit_small/color_opponency/compact/p60/seed0,cifar10,vit_small,color_opponency,compact,60,0,heldout_val,45000,4,heldout_val,1.4932707109451293,0.4612,5000,final_epoch_primary
cifar10/vit_small/color_opponency/compact/p60/seed0,cifar10,vit_small,color_opponency,compact,60,0,heldout_val,45000,5,train_online,1.514774207634396,0.4520888888888889,45000,final_epoch_primary
cifar10/vit_small/color_opponency/compact/p60/seed0,cifar10,vit_small,color_opponency,compact,60,0,heldout_val,45000,5,heldout_val,1.469665595626831,0.4728,5000,final_epoch_primary
cifar10/vit_small/color_opponency/compact/p60/seed0,cifar10,vit_small,color_opponency,compact,60,0,heldout_val,45000,6,train_online,1.4972473144425287,0.46,45000,final_epoch_primary
cifar10/vit_small/color_opponency/compact/p60/seed0,cifar10,vit_small,color_opponency,compact,60,0,heldout_val,45000,6,heldout_val,1.416245248746872,0.4768,5000,final_epoch_primary
cifar10/vit_small/grayscale/dense/p0/seed0,cifar10,vit_small,grayscale,dense,0,0,heldout_val,45000,0,train_online,2.03597304526435,0.23893333333333333,45000,final_epoch_primary
cifar10/vit_small/grayscale/dense/p0/seed0,cifar10,vit_small,grayscale,dense,0,0,heldout_val,45000,0,heldout_val,1.932827877998352,0.2858,5000,final_epoch_primary
cifar10/vit_small/grayscale/dense/p0/seed0,cifar10,vit_small,grayscale,dense,0,0,heldout_val,45000,1,train_online,1.8280405995368958,0.3236888888888889,45000,final_epoch_primary
cifar10/vit_small/grayscale/dense/p0/seed0,cifar10,vit_small,grayscale,dense,0,0,heldout_val,45000,1,heldout_val,1.7116212206840515,0.3784,5000,final_epoch_primary
cifar10/vit_small/grayscale/dense/p0/seed0,cifar10,vit_small,grayscale,dense,0,0,heldout_val,45000,2,train_online,1.7460223018222385,0.35802222222222224,45000,final_epoch_primary
cifar10/vit_small/grayscale/dense/p0/seed0,cifar10,vit_small,grayscale,dense,0,0,heldout_val,45000,2,heldout_val,1.6905328032493592,0.3982,5000,final_epoch_primary
cifar10/vit_small/grayscale/dense/p0/seed0,cifar10,vit_small,grayscale,dense,0,0,heldout_val,45000,3,train_online,1.7156463575257195,0.3728888888888889,45000,final_epoch_primary
cifar10/vit_small/grayscale/dense/p0/seed0,cifar10,vit_small,grayscale,dense,0,0,heldout_val,45000,3,heldout_val,1.6060335290908814,0.4176,5000,final_epoch_primary
cifar10/vit_small/grayscale/dense/p0/seed0,cifar10,vit_small,grayscale,dense,0,0,heldout_val,45000,4,train_online,1.685258260515001,0.38582222222222223,45000,final_epoch_primary
cifar10/vit_small/grayscale/dense/p0/seed0,cifar10,vit_small,grayscale,dense,0,0,heldout_val,45000,4,heldout_val,1.564371325302124,0.4354,5000,final_epoch_primary
cifar10/vit_small/grayscale/dense/p0/seed0,cifar10,vit_small,grayscale,dense,0,0,heldout_val,45000,5,train_online,1.6657702152570089,0.3954888888888889,45000,final_epoch_primary
cifar10/vit_small/grayscale/dense/p0/seed0,cifar10,vit_small,grayscale,dense,0,0,heldout_val,45000,5,heldout_val,1.6103072932243347,0.4124,5000,final_epoch_primary
cifar10/vit_small/grayscale/dense/p0/seed0,cifar10,vit_small,grayscale,dense,0,0,heldout_val,45000,6,train_online,1.6430607515970865,0.4072,45000,final_epoch_primary
cifar10/vit_small/grayscale/dense/p0/seed0,cifar10,vit_small,grayscale,dense,0,0,heldout_val,45000,6,heldout_val,1.521865375328064,0.4562,5000,final_epoch_primary
cifar10/vit_small/grayscale/dense/p0/seed0,cifar10,vit_small,grayscale,dense,0,0,heldout_val,45000,7,train_online,1.637272224691179,0.4058,45000,final_epoch_primary
cifar10/vit_small/grayscale/dense/p0/seed0,cifar10,vit_small,grayscale,dense,0,0,heldout_val,45000,7,heldout_val,1.598787121105194,0.4226,5000,final_epoch_primary
cifar10/vit_small/grayscale/dense/p0/seed0,cifar10,vit_small,grayscale,dense,0,0,heldout_val,45000,8,train_online,1.6334089719030591,0.41175555555555554,45000,final_epoch_primary
cifar10/vit_small/grayscale/dense/p0/seed0,cifar10,vit_small,grayscale,dense,0,0,heldout_val,45000,8,heldout_val,1.5123000695228577,0.4522,5000,final_epoch_primary
cifar10/vit_small/grayscale/compact/p0/seed1,cifar10,vit_small,grayscale,compact,0,1,heldout_val,45000,0,train_online,2.0251639769130283,0.24366666666666667,45000,final_epoch_primary
cifar10/vit_small/grayscale/compact/p0/seed1,cifar10,vit_small,grayscale,compact,0,1,heldout_val,45000,0,heldout_val,1.8423245051383972,0.3014,5000,final_epoch_primary
cifar10/vit_small/grayscale/compact/p0/seed1,cifar10,vit_small,grayscale,compact,0,1,heldout_val,45000,1,train_online,1.8181900284131367,0.3262888888888889,45000,final_epoch_primary
cifar10/vit_small/grayscale/compact/p0/seed1,cifar10,vit_small,grayscale,compact,0,1,heldout_val,45000,1,heldout_val,1.7416846634864807,0.3532,5000,final_epoch_primary
cifar10/vit_small/grayscale/compact/p0/seed1,cifar10,vit_small,grayscale,compact,0,1,heldout_val,45000,2,train_online,1.7519908983124628,0.35931111111111114,45000,final_epoch_primary
cifar10/vit_small/grayscale/compact/p0/seed1,cifar10,vit_small,grayscale,compact,0,1,heldout_val,45000,2,heldout_val,1.6068174202919006,0.4198,5000,final_epoch_primary
cifar10/vit_small/grayscale/compact/p0/seed1,cifar10,vit_small,grayscale,compact,0,1,heldout_val,45000,3,train_online,1.7087537125269572,0.3769111111111111,45000,final_epoch_primary
cifar10/vit_small/grayscale/compact/p0/seed1,cifar10,vit_small,grayscale,compact,0,1,heldout_val,45000,3,heldout_val,1.7274875846862794,0.343,5000,final_epoch_primary
cifar10/vit_small/grayscale/compact/p0/seed1,cifar10,vit_small,grayscale,compact,0,1,heldout_val,45000,4,train_online,1.6769249640994601,0.3882,45000,final_epoch_primary
cifar10/vit_small/grayscale/compact/p0/seed1,cifar10,vit_small,grayscale,compact,0,1,heldout_val,45000,4,heldout_val,1.6043075244903564,0.4196,5000,final_epoch_primary
cifar10/vit_small/grayscale/compact/p0/seed1,cifar10,vit_small,grayscale,compact,0,1,heldout_val,45000,5,train_online,1.6556295594427322,0.39686666666666665,45000,final_epoch_primary
cifar10/vit_small/grayscale/compact/p0/seed1,cifar10,vit_small,grayscale,compact,0,1,heldout_val,45000,5,heldout_val,1.612013574028015,0.4266,5000,final_epoch_primary
cifar10/vit_small/grayscale/compact/p0/seed1,cifar10,vit_small,grayscale,compact,0,1,heldout_val,45000,6,train_online,1.6299370387713115,0.4096888888888889,45000,final_epoch_primary
cifar10/vit_small/grayscale/compact/p0/seed1,cifar10,vit_small,grayscale,compact,0,1,heldout_val,45000,6,heldout_val,1.5079584928512573,0.4624,5000,final_epoch_primary
cifar10/vit_small/grayscale/compact/p0/seed1,cifar10,vit_small,grayscale,compact,0,1,heldout_val,45000,7,train_online,1.619664232275221,0.41686666666666666,45000,final_epoch_primary
cifar10/vit_small/grayscale/compact/p0/seed1,cifar10,vit_small,grayscale,compact,0,1,heldout_val,45000,7,heldout_val,1.4959910921096802,0.4648,5000,final_epoch_primary
cifar10/vit_small/grayscale/compact/p0/seed1,cifar10,vit_small,grayscale,compact,0,1,heldout_val,45000,8,train_online,1.615539451069302,0.41857777777777777,45000,final_epoch_primary
cifar10/vit_small/grayscale/compact/p0/seed1,cifar10,vit_small,grayscale,compact,0,1,heldout_val,45000,8,heldout_val,1.5331775864601136,0.4536,5000,final_epoch_primary
cifar10/vit_small/grayscale/compact/p0/seed1,cifar10,vit_small,grayscale,compact,0,1,heldout_val,45000,9,train_online,1.6076974306106568,0.42106666666666664,45000,final_epoch_primary
cifar10/vit_small/grayscale/compact/p0/seed1,cifar10,vit_small,grayscale,compact,0,1,heldout_val,45000,9,heldout_val,1.5213280785560608,0.4608,5000,final_epoch_primary
cifar10/vit_small/grayscale/compact/p0/seed1,cifar10,vit_small,grayscale,compact,0,1,heldout_val,45000,10,train_online,1.5861044793658787,0.4303777777777778,45000,final_epoch_primary
cifar10/vit_small/grayscale/compact/p0/seed1,cifar10,vit_small,grayscale,compact,0,1,heldout_val,45000,10,heldout_val,1.5016841974258424,0.462,5000,final_epoch_primary
cifar10/vit_small/grayscale/compact/p0/seed1,cifar10,vit_small,grayscale,compact,0,1,heldout_val,45000,11,train_online,1.5656869336340162,0.43744444444444447,45000,final_epoch_primary
cifar10/vit_small/grayscale/compact/p0/seed1,cifar10,vit_small,grayscale,compact,0,1,heldout_val,45000,11,heldout_val,1.4754142148017884,0.4716,5000,final_epoch_primary
cifar10/vit_small/grayscale/compact/p0/seed1,cifar10,vit_small,grayscale,compact,0,1,heldout_val,45000,12,train_online,1.544826608710819,0.4428888888888889,45000,final_epoch_primary
cifar10/vit_small/grayscale/compact/p0/seed1,cifar10,vit_small,grayscale,compact,0,1,heldout_val,45000,12,heldout_val,1.4541639420509338,0.4818,5000,final_epoch_primary
cifar10/vit_small/grayscale/compact/p0/seed1,cifar10,vit_small,grayscale,compact,0,1,heldout_val,45000,13,train_online,1.520822261126836,0.45384444444444444,45000,final_epoch_primary
cifar10/vit_small/grayscale/compact/p0/seed1,cifar10,vit_small,grayscale,compact,0,1,heldout_val,45000,13,heldout_val,1.390657869577408,0.508,5000,final_epoch_primary
cifar10/vit_small/grayscale/compact/p0/seed1,cifar10,vit_small,grayscale,compact,0,1,heldout_val,45000,14,train_online,1.506137320497301,0.4597111111111111,45000,final_epoch_primary
cifar10/vit_small/grayscale/compact/p0/seed1,cifar10,vit_small,grayscale,compact,0,1,heldout_val,45000,14,heldout_val,1.4165242082595826,0.504,5000,final_epoch_primary
cifar10/vit_small/grayscale/compact/p0/seed1,cifar10,vit_small,grayscale,compact,0,1,heldout_val,45000,15,train_online,1.492584651798672,0.4643333333333333,45000,final_epoch_primary
cifar10/vit_small/grayscale/compact/p0/seed1,cifar10,vit_small,grayscale,compact,0,1,heldout_val,45000,15,heldout_val,1.3859144663333893,0.507,5000,final_epoch_primary
cifar10/vit_small/grayscale/compact/p0/seed1,cifar10,vit_small,grayscale,compact,0,1,heldout_val,45000,16,train_online,1.4789027006308237,0.4715111111111111,45000,final_epoch_primary
cifar10/vit_small/grayscale/compact/p0/seed1,cifar10,vit_small,grayscale,compact,0,1,heldout_val,45000,16,heldout_val,1.4139343726634979,0.4986,5000,final_epoch_primary
cifar10/vit_small/grayscale/compact/p0/seed1,cifar10,vit_small,grayscale,compact,0,1,heldout_val,45000,17,train_online,1.4619260308053759,0.4753777777777778,45000,final_epoch_primary
cifar10/vit_small/grayscale/compact/p0/seed1,cifar10,vit_small,grayscale,compact,0,1,heldout_val,45000,17,heldout_val,1.3803896107196807,0.502,5000,final_epoch_primary
cifar10/vit_small/grayscale/compact/p0/seed1,cifar10,vit_small,grayscale,compact,0,1,heldout_val,45000,18,train_online,1.446636507707172,0.4846888888888889,45000,final_epoch_primary
cifar10/vit_small/grayscale/compact/p0/seed1,cifar10,vit_small,grayscale,compact,0,1,heldout_val,45000,18,heldout_val,1.320878293657303,0.5298,5000,final_epoch_primary
cifar10/vit_small/grayscale/compact/p0/seed1,cifar10,vit_small,grayscale,compact,0,1,heldout_val,45000,19,train_online,1.4337530927499136,0.48586666666666667,45000,final_epoch_primary
cifar10/vit_small/grayscale/compact/p0/seed1,cifar10,vit_small,grayscale,compact,0,1,heldout_val,45000,19,heldout_val,1.3368853392124176,0.5216,5000,final_epoch_primary
cifar10/vit_small/grayscale/compact/p0/seed1,cifar10,vit_small,grayscale,compact,0,1,heldout_val,45000,20,train_online,1.4195820339520773,0.49102222222222225,45000,final_epoch_primary
cifar10/vit_small/grayscale/compact/p0/seed1,cifar10,vit_small,grayscale,compact,0,1,heldout_val,45000,20,heldout_val,1.3295514452457429,0.5324,5000,final_epoch_primary
cifar10/vit_small/grayscale/compact/p0/seed1,cifar10,vit_small,grayscale,compact,0,1,heldout_val,45000,21,train_online,1.4143345494747162,0.49522222222222223,45000,final_epoch_primary
cifar10/vit_small/grayscale/compact/p0/seed1,cifar10,vit_small,grayscale,compact,0,1,heldout_val,45000,21,heldout_val,1.2862379986524581,0.545,5000,final_epoch_primary
cifar10/vit_small/grayscale/compact/p0/seed1,cifar10,vit_small,grayscale,compact,0,1,heldout_val,45000,22,train_online,1.4007469190014734,0.4982888888888889,45000,final_epoch_primary
cifar10/vit_small/grayscale/compact/p0/seed1,cifar10,vit_small,grayscale,compact,0,1,heldout_val,45000,22,heldout_val,1.3520471440792083,0.5218,5000,final_epoch_primary
cifar10/vit_small/grayscale/compact/p0/seed1,cifar10,vit_small,grayscale,compact,0,1,heldout_val,45000,23,train_online,1.388908153131273,0.5035777777777778,45000,final_epoch_primary
cifar10/vit_small/grayscale/compact/p0/seed1,cifar10,vit_small,grayscale,compact,0,1,heldout_val,45000,23,heldout_val,1.2627386378765106,0.5572,5000,final_epoch_primary
cifar10/vit_small/grayscale/compact/p80/seed1,cifar10,vit_small,grayscale,compact,80,1,heldout_val,45000,0,train_online,2.149034034707811,0.19962222222222223,45000,final_epoch_primary
cifar10/vit_small/grayscale/compact/p80/seed1,cifar10,vit_small,grayscale,compact,80,1,heldout_val,45000,0,heldout_val,2.0842169748306274,0.2074,5000,final_epoch_primary
cifar10/vit_small/grayscale/compact/p80/seed1,cifar10,vit_small,grayscale,compact,80,1,heldout_val,45000,1,train_online,2.038695119751824,0.24373333333333333,45000,final_epoch_primary
cifar10/vit_small/grayscale/compact/p80/seed1,cifar10,vit_small,grayscale,compact,80,1,heldout_val,45000,1,heldout_val,1.967945588684082,0.2622,5000,final_epoch_primary
cifar10/vit_small/grayscale/compact/p80/seed1,cifar10,vit_small,grayscale,compact,80,1,heldout_val,45000,2,train_online,1.9943727056715224,0.2646,45000,final_epoch_primary
cifar10/vit_small/grayscale/compact/p80/seed1,cifar10,vit_small,grayscale,compact,80,1,heldout_val,45000,2,heldout_val,1.8744022954940796,0.3114,5000,final_epoch_primary
cifar10/vit_small/grayscale/compact/p80/seed1,cifar10,vit_small,grayscale,compact,80,1,heldout_val,45000,3,train_online,1.9694808587816026,0.27675555555555553,45000,final_epoch_primary
cifar10/vit_small/grayscale/compact/p80/seed1,cifar10,vit_small,grayscale,compact,80,1,heldout_val,45000,3,heldout_val,1.9131219038009644,0.284,5000,final_epoch_primary
cifar10/vit_small/grayscale/compact/p80/seed1,cifar10,vit_small,grayscale,compact,80,1,heldout_val,45000,4,train_online,1.9469818226072524,0.2868888888888889,45000,final_epoch_primary
cifar10/vit_small/grayscale/compact/p80/seed1,cifar10,vit_small,grayscale,compact,80,1,heldout_val,45000,4,heldout_val,1.8971961828231811,0.3014,5000,final_epoch_primary
cifar10/vit_small/grayscale/compact/p80/seed1,cifar10,vit_small,grayscale,compact,80,1,heldout_val,45000,5,train_online,1.9338482239405315,0.2896444444444444,45000,final_epoch_primary
cifar10/vit_small/grayscale/compact/p80/seed1,cifar10,vit_small,grayscale,compact,80,1,heldout_val,45000,5,heldout_val,1.8504333145141603,0.316,5000,final_epoch_primary
cifar10/vit_small/grayscale/compact/p80/seed1,cifar10,vit_small,grayscale,compact,80,1,heldout_val,45000,6,train_online,1.9228450019094678,0.2966666666666667,45000,final_epoch_primary
cifar10/vit_small/grayscale/compact/p80/seed1,cifar10,vit_small,grayscale,compact,80,1,heldout_val,45000,6,heldout_val,1.8281831718444823,0.327,5000,final_epoch_primary
cifar10/vit_small/grayscale/compact/p80/seed1,cifar10,vit_small,grayscale,compact,80,1,heldout_val,45000,7,train_online,1.9091421361923218,0.3042222222222222,45000,final_epoch_primary
cifar10/vit_small/grayscale/compact/p80/seed1,cifar10,vit_small,grayscale,compact,80,1,heldout_val,45000,7,heldout_val,1.8856082908630372,0.313,5000,final_epoch_primary
cifar10/vit_small/grayscale/compact/p80/seed1,cifar10,vit_small,grayscale,compact,80,1,heldout_val,45000,8,train_online,1.9080012149280972,0.30566666666666664,45000,final_epoch_primary
cifar10/vit_small/grayscale/compact/p80/seed1,cifar10,vit_small,grayscale,compact,80,1,heldout_val,45000,8,heldout_val,1.8187909603118897,0.3364,5000,final_epoch_primary
cifar10/vit_small/grayscale/compact/p80/seed1,cifar10,vit_small,grayscale,compact,80,1,heldout_val,45000,9,train_online,1.9102556932873196,0.30406666666666665,45000,final_epoch_primary
cifar10/vit_small/grayscale/compact/p80/seed1,cifar10,vit_small,grayscale,compact,80,1,heldout_val,45000,9,heldout_val,1.8547428203582763,0.3312,5000,final_epoch_primary
cifar10/vit_small/grayscale/compact/p80/seed1,cifar10,vit_small,grayscale,compact,80,1,heldout_val,45000,10,train_online,1.9046725917604235,0.30777777777777776,45000,final_epoch_primary
cifar10/vit_small/grayscale/compact/p80/seed1,cifar10,vit_small,grayscale,compact,80,1,heldout_val,45000,10,heldout_val,1.9583197393417358,0.3018,5000,final_epoch_primary
cifar10/vit_small/grayscale/compact/p80/seed1,cifar10,vit_small,grayscale,compact,80,1,heldout_val,45000,11,train_online,1.8855215756204393,0.3154222222222222,45000,final_epoch_primary
cifar10/vit_small/grayscale/compact/p80/seed1,cifar10,vit_small,grayscale,compact,80,1,heldout_val,45000,11,heldout_val,1.8125138637542724,0.341,5000,final_epoch_primary
cifar10/vit_small/grayscale/compact/p80/seed1,cifar10,vit_small,grayscale,compact,80,1,heldout_val,45000,12,train_online,1.8812531635072496,0.3166,45000,final_epoch_primary
cifar10/vit_small/grayscale/compact/p80/seed1,cifar10,vit_small,grayscale,compact,80,1,heldout_val,45000,12,heldout_val,1.8073284286499023,0.3532,5000,final_epoch_primary
cifar10/vit_small/grayscale/compact/p80/seed1,cifar10,vit_small,grayscale,compact,80,1,heldout_val,45000,13,train_online,1.8661959803475274,0.32224444444444444,45000,final_epoch_primary
cifar10/vit_small/grayscale/compact/p80/seed1,cifar10,vit_small,grayscale,compact,80,1,heldout_val,45000,13,heldout_val,1.7861085109710693,0.3604,5000,final_epoch_primary
cifar10/vit_small/grayscale/compact/p80/seed1,cifar10,vit_small,grayscale,compact,80,1,heldout_val,45000,14,train_online,1.859049841509925,0.3257111111111111,45000,final_epoch_primary
cifar10/vit_small/grayscale/compact/p80/seed1,cifar10,vit_small,grayscale,compact,80,1,heldout_val,45000,14,heldout_val,1.7999879592895507,0.3592,5000,final_epoch_primary
cifar10/vit_small/grayscale/compact/p80/seed1,cifar10,vit_small,grayscale,compact,80,1,heldout_val,45000,15,train_online,1.851630571577284,0.3287333333333333,45000,final_epoch_primary
cifar10/vit_small/grayscale/compact/p80/seed1,cifar10,vit_small,grayscale,compact,80,1,heldout_val,45000,15,heldout_val,1.7733548652648925,0.3598,5000,final_epoch_primary
cifar10/vit_small/grayscale/compact/p80/seed1,cifar10,vit_small,grayscale,compact,80,1,heldout_val,45000,16,train_online,1.8433425212012398,0.33311111111111114,45000,final_epoch_primary
cifar10/vit_small/grayscale/compact/p80/seed1,cifar10,vit_small,grayscale,compact,80,1,heldout_val,45000,16,heldout_val,1.7847207745552063,0.352,5000,final_epoch_primary
cifar10/vit_small/grayscale/compact/p80/seed1,cifar10,vit_small,grayscale,compact,80,1,heldout_val,45000,17,train_online,1.8369983431286283,0.33695555555555556,45000,final_epoch_primary
cifar10/vit_small/grayscale/compact/p80/seed1,cifar10,vit_small,grayscale,compact,80,1,heldout_val,45000,17,heldout_val,1.7780904329299927,0.3528,5000,final_epoch_primary
cifar10/vit_small/grayscale/compact/p80/seed1,cifar10,vit_small,grayscale,compact,80,1,heldout_val,45000,18,train_online,1.8359937701119318,0.3364,45000,final_epoch_primary
cifar10/vit_small/grayscale/compact/p80/seed1,cifar10,vit_small,grayscale,compact,80,1,heldout_val,45000,18,heldout_val,1.7827080455780029,0.3406,5000,final_epoch_primary
cifar10/vit_small/grayscale/compact/p80/seed1,cifar10,vit_small,grayscale,compact,80,1,heldout_val,45000,19,train_online,1.8328817204369439,0.3346222222222222,45000,final_epoch_primary
cifar10/vit_small/grayscale/compact/p80/seed1,cifar10,vit_small,grayscale,compact,80,1,heldout_val,45000,19,heldout_val,1.7953289834976196,0.3586,5000,final_epoch_primary
cifar10/vit_small/grayscale/compact/p80/seed1,cifar10,vit_small,grayscale,compact,80,1,heldout_val,45000,20,train_online,1.8261144684579638,0.3400222222222222,45000,final_epoch_primary
cifar10/vit_small/grayscale/compact/p80/seed1,cifar10,vit_small,grayscale,compact,80,1,heldout_val,45000,20,heldout_val,1.7795437043190003,0.3566,5000,final_epoch_primary
cifar10/vit_small/grayscale/compact/p80/seed1,cifar10,vit_small,grayscale,compact,80,1,heldout_val,45000,21,train_online,1.8186482574886746,0.3440666666666667,45000,final_epoch_primary
cifar10/vit_small/grayscale/compact/p80/seed1,cifar10,vit_small,grayscale,compact,80,1,heldout_val,45000,21,heldout_val,1.7503749875068664,0.378,5000,final_epoch_primary
cifar10/vit_small/grayscale/compact/p80/seed1,cifar10,vit_small,grayscale,compact,80,1,heldout_val,45000,22,train_online,1.8148975092569988,0.34371111111111113,45000,final_epoch_primary
cifar10/vit_small/grayscale/compact/p80/seed1,cifar10,vit_small,grayscale,compact,80,1,heldout_val,45000,22,heldout_val,1.7853714593887329,0.3564,5000,final_epoch_primary
cifar10/vit_small/grayscale/compact/p80/seed1,cifar10,vit_small,grayscale,compact,80,1,heldout_val,45000,23,train_online,1.8022620833396912,0.35031111111111113,45000,final_epoch_primary
cifar10/vit_small/grayscale/compact/p80/seed1,cifar10,vit_small,grayscale,compact,80,1,heldout_val,45000,23,heldout_val,1.7586706435203552,0.3714,5000,final_epoch_primary
cifar10/vit_small/grayscale/compact/p80/seed1,cifar10,vit_small,grayscale,compact,80,1,heldout_val,45000,24,train_online,1.797862885263231,0.3500888888888889,45000,final_epoch_primary
cifar10/vit_small/grayscale/compact/p80/seed1,cifar10,vit_small,grayscale,compact,80,1,heldout_val,45000,24,heldout_val,1.7201109651565551,0.3836,5000,final_epoch_primary
cifar10/vit_small/grayscale/compact/p80/seed1,cifar10,vit_small,grayscale,compact,80,1,heldout_val,45000,25,train_online,1.7890643503295052,0.35535555555555554,45000,final_epoch_primary
cifar10/vit_small/grayscale/compact/p80/seed1,cifar10,vit_small,grayscale,compact,80,1,heldout_val,45000,25,heldout_val,1.7862070162773132,0.354,5000,final_epoch_primary
cifar10/vit_small/grayscale/compact/p80/seed1,cifar10,vit_small,grayscale,compact,80,1,heldout_val,45000,26,train_online,1.7889291627036201,0.35124444444444447,45000,final_epoch_primary
cifar10/vit_small/grayscale/compact/p80/seed1,cifar10,vit_small,grayscale,compact,80,1,heldout_val,45000,26,heldout_val,1.7203098002433777,0.3864,5000,final_epoch_primary
cifar10/vit_small/grayscale/compact/p80/seed1,cifar10,vit_small,grayscale,compact,80,1,heldout_val,45000,27,train_online,1.7817813175837198,0.3585333333333333,45000,final_epoch_primary
cifar10/vit_small/grayscale/compact/p80/seed1,cifar10,vit_small,grayscale,compact,80,1,heldout_val,45000,27,heldout_val,1.7688189968109131,0.3704,5000,final_epoch_primary
cifar10/vit_small/grayscale/compact/p80/seed1,cifar10,vit_small,grayscale,compact,80,1,heldout_val,45000,28,train_online,1.778410150580936,0.35784444444444446,45000,final_epoch_primary
cifar10/vit_small/grayscale/compact/p80/seed1,cifar10,vit_small,grayscale,compact,80,1,heldout_val,45000,28,heldout_val,1.7133167241096496,0.3846,5000,final_epoch_primary
cifar10/vit_small/grayscale/compact/p80/seed1,cifar10,vit_small,grayscale,compact,80,1,heldout_val,45000,29,train_online,1.772652705224355,0.3594,45000,final_epoch_primary
cifar10/vit_small/grayscale/compact/p80/seed1,cifar10,vit_small,grayscale,compact,80,1,heldout_val,45000,29,heldout_val,1.6940372119903564,0.3924,5000,final_epoch_primary
cifar10/vit_small/grayscale/compact/p80/seed1,cifar10,vit_small,grayscale,compact,80,1,heldout_val,45000,30,train_online,1.7617667456203037,0.3659777777777778,45000,final_epoch_primary
cifar10/vit_small/grayscale/compact/p80/seed1,cifar10,vit_small,grayscale,compact,80,1,heldout_val,45000,30,heldout_val,1.7437627241134643,0.3758,5000,final_epoch_primary
cifar10/vit_small/grayscale/compact/p80/seed1,cifar10,vit_small,grayscale,compact,80,1,heldout_val,45000,31,train_online,1.7625788657506307,0.3648,45000,final_epoch_primary
cifar10/vit_small/grayscale/compact/p80/seed1,cifar10,vit_small,grayscale,compact,80,1,heldout_val,45000,31,heldout_val,1.7121019547462464,0.3874,5000,final_epoch_primary
cifar10/vit_small/grayscale/compact/p80/seed1,cifar10,vit_small,grayscale,compact,80,1,heldout_val,45000,32,train_online,1.7590684054480659,0.36675555555555556,45000,final_epoch_primary
cifar10/vit_small/grayscale/compact/p80/seed1,cifar10,vit_small,grayscale,compact,80,1,heldout_val,45000,32,heldout_val,1.706770639705658,0.3928,5000,final_epoch_primary
cifar10/vit_small/color_opponency/compact/p80/seed1,cifar10,vit_small,color_opponency,compact,80,1,heldout_val,45000,0,train_online,1.9292334353764853,0.2846,45000,final_epoch_primary
cifar10/vit_small/color_opponency/compact/p80/seed1,cifar10,vit_small,color_opponency,compact,80,1,heldout_val,45000,0,heldout_val,1.8255012594223023,0.3316,5000,final_epoch_primary
cifar10/vit_small/color_opponency/compact/p80/seed1,cifar10,vit_small,color_opponency,compact,80,1,heldout_val,45000,1,train_online,1.7637887180222405,0.3568,45000,final_epoch_primary
cifar10/vit_small/color_opponency/compact/p80/seed1,cifar10,vit_small,color_opponency,compact,80,1,heldout_val,45000,1,heldout_val,1.693307764339447,0.3796,5000,final_epoch_primary
cifar10/vit_small/color_opponency/compact/p80/seed1,cifar10,vit_small,color_opponency,compact,80,1,heldout_val,45000,2,train_online,1.6904669808705648,0.3834,45000,final_epoch_primary
cifar10/vit_small/color_opponency/compact/p80/seed1,cifar10,vit_small,color_opponency,compact,80,1,heldout_val,45000,2,heldout_val,1.6384540990829468,0.4256,5000,final_epoch_primary
cifar10/vit_small/color_opponency/compact/p80/seed1,cifar10,vit_small,color_opponency,compact,80,1,heldout_val,45000,3,train_online,1.6507238457891675,0.4018,45000,final_epoch_primary
cifar10/vit_small/color_opponency/compact/p80/seed1,cifar10,vit_small,color_opponency,compact,80,1,heldout_val,45000,3,heldout_val,1.6657000438690186,0.4004,5000,final_epoch_primary
cifar10/vit_small/color_opponency/compact/p80/seed1,cifar10,vit_small,color_opponency,compact,80,1,heldout_val,45000,4,train_online,1.6169453619533114,0.41215555555555555,45000,final_epoch_primary
cifar10/vit_small/color_opponency/compact/p80/seed1,cifar10,vit_small,color_opponency,compact,80,1,heldout_val,45000,4,heldout_val,1.6199589361190796,0.4192,5000,final_epoch_primary
cifar10/vit_small/color_opponency/compact/p80/seed1,cifar10,vit_small,color_opponency,compact,80,1,heldout_val,45000,5,train_online,1.601692115105523,0.42044444444444445,45000,final_epoch_primary
cifar10/vit_small/color_opponency/compact/p80/seed1,cifar10,vit_small,color_opponency,compact,80,1,heldout_val,45000,5,heldout_val,1.4871334910869598,0.4688,5000,final_epoch_primary
cifar10/vit_small/color_opponency/compact/p80/seed1,cifar10,vit_small,color_opponency,compact,80,1,heldout_val,45000,6,train_online,1.591550793700748,0.4243777777777778,45000,final_epoch_primary
cifar10/vit_small/color_opponency/compact/p80/seed1,cifar10,vit_small,color_opponency,compact,80,1,heldout_val,45000,6,heldout_val,1.5810529407501221,0.4386,5000,final_epoch_primary
cifar10/vit_small/color_opponency/compact/p80/seed1,cifar10,vit_small,color_opponency,compact,80,1,heldout_val,45000,7,train_online,1.574876916334364,0.4312,45000,final_epoch_primary
cifar10/vit_small/color_opponency/compact/p80/seed1,cifar10,vit_small,color_opponency,compact,80,1,heldout_val,45000,7,heldout_val,1.4479986186027527,0.4824,5000,final_epoch_primary
cifar10/vit_small/color_opponency/compact/p80/seed1,cifar10,vit_small,color_opponency,compact,80,1,heldout_val,45000,8,train_online,1.5727762732187907,0.43273333333333336,45000,final_epoch_primary
cifar10/vit_small/color_opponency/compact/p80/seed1,cifar10,vit_small,color_opponency,compact,80,1,heldout_val,45000,8,heldout_val,1.4651326879501343,0.4742,5000,final_epoch_primary
cifar10/vit_small/color_opponency/compact/p80/seed1,cifar10,vit_small,color_opponency,compact,80,1,heldout_val,45000,9,train_online,1.5712753278732299,0.43046666666666666,45000,final_epoch_primary
cifar10/vit_small/color_opponency/compact/p80/seed1,cifar10,vit_small,color_opponency,compact,80,1,heldout_val,45000,9,heldout_val,1.51851581325531,0.4616,5000,final_epoch_primary
cifar10/vit_small/color_opponency/compact/p80/seed1,cifar10,vit_small,color_opponency,compact,80,1,heldout_val,45000,10,train_online,1.5610950432565478,0.4371777777777778,45000,final_epoch_primary
cifar10/vit_small/color_opponency/compact/p80/seed1,cifar10,vit_small,color_opponency,compact,80,1,heldout_val,45000,10,heldout_val,1.569672874355316,0.4386,5000,final_epoch_primary
cifar10/vit_small/color_opponency/compact/p80/seed1,cifar10,vit_small,color_opponency,compact,80,1,heldout_val,45000,11,train_online,1.5394285410245259,0.4429777777777778,45000,final_epoch_primary
cifar10/vit_small/color_opponency/compact/p80/seed1,cifar10,vit_small,color_opponency,compact,80,1,heldout_val,45000,11,heldout_val,1.4527767727851868,0.4804,5000,final_epoch_primary
cifar10/vit_small/color_opponency/compact/p80/seed1,cifar10,vit_small,color_opponency,compact,80,1,heldout_val,45000,12,train_online,1.5356143350071376,0.44451111111111113,45000,final_epoch_primary
cifar10/vit_small/color_opponency/compact/p80/seed1,cifar10,vit_small,color_opponency,compact,80,1,heldout_val,45000,12,heldout_val,1.4189067275047302,0.4872,5000,final_epoch_primary
cifar10/vit_small/color_opponency/compact/p80/seed1,cifar10,vit_small,color_opponency,compact,80,1,heldout_val,45000,13,train_online,1.5194263703293271,0.4510888888888889,45000,final_epoch_primary
cifar10/vit_small/color_opponency/compact/p80/seed1,cifar10,vit_small,color_opponency,compact,80,1,heldout_val,45000,13,heldout_val,1.4498223692893981,0.479,5000,final_epoch_primary
cifar10/vit_small/color_opponency/compact/p80/seed1,cifar10,vit_small,color_opponency,compact,80,1,heldout_val,45000,14,train_online,1.5095964955276913,0.4565111111111111,45000,final_epoch_primary
cifar10/vit_small/color_opponency/compact/p80/seed1,cifar10,vit_small,color_opponency,compact,80,1,heldout_val,45000,14,heldout_val,1.4741483506202697,0.4782,5000,final_epoch_primary
cifar10/vit_small/color_opponency/compact/p80/seed1,cifar10,vit_small,color_opponency,compact,80,1,heldout_val,45000,15,train_online,1.5100500547038185,0.4552888888888889,45000,final_epoch_primary
cifar10/vit_small/color_opponency/compact/p80/seed1,cifar10,vit_small,color_opponency,compact,80,1,heldout_val,45000,15,heldout_val,1.3988252168655395,0.5058,5000,final_epoch_primary
cifar10/vit_small/color_opponency/compact/p80/seed1,cifar10,vit_small,color_opponency,compact,80,1,heldout_val,45000,16,train_online,1.4936901657475365,0.4633777777777778,45000,final_epoch_primary
cifar10/vit_small/color_opponency/compact/p80/seed1,cifar10,vit_small,color_opponency,compact,80,1,heldout_val,45000,16,heldout_val,1.3913909910202027,0.5058,5000,final_epoch_primary
cifar10/vit_small/color_opponency/compact/p80/seed1,cifar10,vit_small,color_opponency,compact,80,1,heldout_val,45000,17,train_online,1.490579439746009,0.4642222222222222,45000,final_epoch_primary
cifar10/vit_small/color_opponency/compact/p80/seed1,cifar10,vit_small,color_opponency,compact,80,1,heldout_val,45000,17,heldout_val,1.44105967297554,0.493,5000,final_epoch_primary
cifar10/vit_small/color_opponency/compact/p80/seed1,cifar10,vit_small,color_opponency,compact,80,1,heldout_val,45000,18,train_online,1.4848252564960056,0.4661111111111111,45000,final_epoch_primary
cifar10/vit_small/color_opponency/compact/p80/seed1,cifar10,vit_small,color_opponency,compact,80,1,heldout_val,45000,18,heldout_val,1.3790178738594054,0.5052,5000,final_epoch_primary
cifar10/vit_small/color_opponency/compact/p80/seed1,cifar10,vit_small,color_opponency,compact,80,1,heldout_val,45000,19,train_online,1.4765022083706325,0.4683555555555556,45000,final_epoch_primary
cifar10/vit_small/color_opponency/compact/p80/seed1,cifar10,vit_small,color_opponency,compact,80,1,heldout_val,45000,19,heldout_val,1.370803478384018,0.5026,5000,final_epoch_primary
cifar10/vit_small/color_opponency/compact/p80/seed1,cifar10,vit_small,color_opponency,compact,80,1,heldout_val,45000,20,train_online,1.4738087171713512,0.46755555555555556,45000,final_epoch_primary
cifar10/vit_small/color_opponency/compact/p80/seed1,cifar10,vit_small,color_opponency,compact,80,1,heldout_val,45000,20,heldout_val,1.3409080960273743,0.5188,5000,final_epoch_primary
