study,dataset,architecture,representation,family,trained_execution,inference_execution,sparsification_domain,sparsity_percent,seed,protocol,training_count,test_count_per_cell,config_hash,training_config_hash,checkpoint_sha256,clean_accuracy,mCE_raw,brightness_accuracy,contrast_accuracy,fog_accuracy,clean_loss
training_dense_testing_sparse,cifar10,swin_tiny,raw,raw_dense_reference,dense,dense,none,0,0,heldout_val,45000,10000,b48518510528d7b9201c2822712b6edd2782600aa20c31083de8b6eb4c0f714a,363a20a908c002877df662a4056014539f035a093e44af785d735cab741acd66,3292edaad6d1f81f87a8b508f23007e265f1506e12d81c7b47715ededb9a6546,0.8775,0.30850266666666665,0.8431,0.59274,0.7317400000000001,0.6308084823608399
training_dense_testing_sparse,cifar10,swin_tiny,raw,raw_dense_reference,dense,dense,none,0,1,heldout_val,45000,10000,195e9d9967f28a168b9cf7a744c0c7a037d9239747703bb1d907be7b017ad5fa,25dce42cd09b6f9f3b01cd41b55dcacac527a281d2640b15b6c3f9e95ea47743,fe659f7e7cc2bcded57c75ed5272930ea1d37c77549aaf2b6da6e7cb4dbf548b,0.8766,0.3134613333333333,0.8403600000000001,0.6009,0.73898,0.6394004089355468
training_dense_testing_sparse,cifar10,swin_tiny,raw,raw_dense_reference,dense,dense,none,0,2,heldout_val,45000,10000,8c7f991c5ff5ea01c87568ee86dae1a86d92ae141d14ec150bb754f637aa2721,47313a6e6a1f3eeb5173ac2dbf32754b3d9bba697221c794d03281c0c1c5268e,c0d05e70330b2102f46e929b2604e920636f02760a2b7ccac6c5cbb3b9b9012e,0.8795,0.30863066666666666,0.8436600000000001,0.59558,0.7349600000000001,0.6294189804077148
training_dense_testing_sparse,cifar10,vit_small,raw,raw_dense_reference,dense,dense,none,0,0,heldout_val,45000,10000,a418b261cb4ba6d5b081927988a16b8c9871bd3b1d0ebf4717e4d417223f5495,7c4187c643b7e210dc769d4c2b2adebfd5bcb5c678051889a482ac9b2ab223ad,a8369ed680009e45868b72c0316b8d39c74371d912ed437ff6bf9dc89488db33,0.7777,0.3540626666666667,0.71264,0.43132000000000004,0.56322,1.8601636541366577
training_dense_testing_sparse,cifar10,vit_small,raw,raw_dense_reference,dense,dense,none,0,1,heldout_val,45000,10000,ec48cb145e7023e630ddfcc932b2837367153c458d9339aaa45059175268b5da,4c7d3bdfe12fc4767b82d8a04998444f253fd482219117e5a74037bab11291e0,51013aa13debf7716aa0c9fa9d431e2a16cb1727a003497460469b5e728eaeb4,0.7763,0.3575266666666667,0.71128,0.42586,0.557,1.8431512479782104
training_dense_testing_sparse,cifar10,vit_small,raw,raw_dense_reference,dense,dense,none,0,2,heldout_val,45000,10000,24d218638e21520eefe9cc4359d9d0bea08dc760cfc53619c50d78c572204b63,f7fb9a510b03eacfb343f58adc54100633e5769550039ff5fdc3b510e3c521d4,92f9655eb068a90ffb82799f9d4939a1b20fefa95c7967c571e933859172321e,0.7891,0.3551986666666667,0.71948,0.43152,0.5753,1.7380864791870116
training_dense_testing_sparse,mnist,swin_tiny,raw,raw_dense_reference,dense,dense,none,0,0,heldout_val,55000,10000,24e4f68a5f1591a5f18ef34ad2de0bededc18d51c782fc13e908c14588ecbc69,2862442744248fb27f135fca8176a4329e4389cf2b7a4b85035896938cfee3d1,4f4de1c96ce3171d528465ea583fe366ccbf1eeed9fc126ed5b29d61cc878836,0.9922,0.23373333333333335,0.1748,,0.4447,0.03829645688533783
training_dense_testing_sparse,mnist,swin_tiny,raw,raw_dense_reference,dense,dense,none,0,1,heldout_val,55000,10000,bdcf51809d8f93402f43ca80ff1803dae31b49691b3c4db041e635f75ecd395c,dd2cf2d226b36e5fad41f47fc00c9371fc35dbe4fac6f7d4f7fb27fb2ad731be,485f892a847b6dbcfdab4e13b46349e10ca7e3c0d81810dc50d69b0ada0c05f0,0.9925,0.24450000000000002,0.108,,0.4122,0.035250375986099244
training_dense_testing_sparse,mnist,swin_tiny,raw,raw_dense_reference,dense,dense,none,0,2,heldout_val,55000,10000,899d02d7b861c7e3ab06741c6df590750287f6b544786414a2537a7aaa1e870a,427b62eb15ab92cd151c4ecfeaec6ca4bd2a25585462fc549ffe8023437c74e7,dc141a26cd438bb05b5097a229bc10b348f6a1d7cb9696567fc85afbb8440cbe,0.9923,0.24280666666666662,0.1631,,0.3784,0.033869017642736435
training_dense_testing_sparse,mnist,vit_small,raw,raw_dense_reference,dense,dense,none,0,0,heldout_val,55000,10000,098f439da318359205e185170f19f42ecd5e5f17f8094df03ecec60a33338a14,9523e74ba13da3f1257b0c8cdd3db4e72b6b2105c0f474976efa781683d41b85,3db92cbcafbbc2751e66333d710ad6f6ab62881147312fbf9142265b64fd326b,0.9832,0.27018666666666674,0.3965,,0.4707,0.09323805581996275
training_dense_testing_sparse,mnist,vit_small,raw,raw_dense_reference,dense,dense,none,0,1,heldout_val,55000,10000,81c0c31a6ee4eb92bc8507ec35544003cf392a39eef4d0001f7dc763746c7cd7,30a8f281c2f4a12b308161a4e74780f51269070d10c8b2291ac201ba93d64059,acbec74b30d2bb2dbba09b75e00a22ce88387ed47cb09fa6403be759a89ac248,0.9824,0.26997333333333334,0.4493,,0.3959,0.08775354750771075
training_dense_testing_sparse,mnist,vit_small,raw,raw_dense_reference,dense,dense,none,0,2,heldout_val,55000,10000,7d76a363b60cdc3c35246288191ea4607e49e610559a271dcfd2b69238fd66e3,62004fa6b787a704ff5ee13663dbbc1aeaa90c7b0b292b27c4d9b1a1f63a9d13,63bb2214a8ab262e48865109fcf46769e97d9659bc9e8d3557e8cd23394adc56,0.9834,0.27296000000000004,0.4749,,0.3968,0.08742724932544953
training_dense_testing_sparse,cifar10,swin_tiny,color_opponency,compact0_compact_test,compact,compact,native_contrast,0,0,heldout_val,45000,10000,38a12b092beb50dc28760e212a5f1bf423a13cb3ad471be9e90e5b51ccd8b99f,9d7e36c17a1b11431ddd5983e97333bbd9ef686bcc465342daf9c8ec1bd83b95,a1588df6cc4aa446ef6729c07ec425d9f89c93cfbeb71b723f0b336b231ea48d,0.8654,0.4039026666666666,0.83696,0.6245,0.7854800000000001,0.6432435119628906
training_dense_testing_sparse,cifar10,swin_tiny,color_opponency,compact0_compact_test,compact,compact,native_contrast,0,1,heldout_val,45000,10000,a2d98f473a2ff8d0e5d999cce2f48ee89ece31fad615f956f676d7b3a7260c9c,c403b99bf33af770f40ecb7d3c76bcc4102ff526634f91617ca65592a08e1165,238361a79e91c52e2fd36d712b98e970b6286e5316b2293833aade616d11c014,0.8672,0.4014026666666666,0.8393799999999999,0.6286,0.79248,0.6519818649291992
training_dense_testing_sparse,cifar10,swin_tiny,color_opponency,compact0_compact_test,compact,compact,native_contrast,0,2,heldout_val,45000,10000,e01c05ce4f38f94464d440ab7f4ce2a0beab7e1ef3c847edd1be5b32f38f08cb,ea629ccde3be32deeb2c1656cec1eb4897373704ceb225ed7f589eed94971777,7858973d124027dfd76efc8522165b34da42f801109350bfe9edf5588b99ca59,0.8703,0.4022653333333334,0.8370000000000001,0.6159399999999999,0.7828,0.6389058212280273
training_dense_testing_sparse,cifar10,swin_tiny,color_opponency,dense0_compact_test,dense,compact,native_contrast,0,0,heldout_val,45000,10000,fd23a49d1d5868dc6e3306c0500cbbcf1359d9f49927b5e7adb645d0132dd771,4cab161dfa8f57ac6a963584e4f73127a9326055018cbb451c16e411d6862a04,fab9441233ae76a1b48e0b353942c30293499e8a2d4c2e9c062d73159e012032,0.8699,0.39864133333333324,0.8384,0.61988,0.78756,0.6196564315795898
training_dense_testing_sparse,cifar10,swin_tiny,color_opponency,dense0_compact_test,dense,compact,native_contrast,0,1,heldout_val,45000,10000,cea77fe70b110d87ca59acd2db0c51522228172baef94e0dde37aa608e325ce5,ce71b3e7c37122c31ceda252ac1b4682e62a536d29e7efaf233ad88167d499be,3a8d2f76403887b48ba87e6c04a928670d9aaf4079d21ba7ad87d5b9f491eeee,0.8676,0.3988426666666665,0.8383200000000001,0.6211399999999999,0.7888399999999999,0.6354876480102539
training_dense_testing_sparse,cifar10,swin_tiny,color_opponency,dense0_compact_test,dense,compact,native_contrast,0,2,heldout_val,45000,10000,566e667eec2ef24e5929a444ada72dc09fdb5f9e6dfbf942ccf82bf4df807c95,4ff0673415733a5e2f08932f0272050f1e93613c1c64fc702befaa6b3cd5f276,70c047f178a68005810241c0e1315e68c21862bbc6485b102471e834d04345eb,0.8675,0.405432,0.8392800000000001,0.6117200000000002,0.78006,0.6403461380004882
training_dense_testing_sparse,cifar10,swin_tiny,grayscale,compact0_compact_test,compact,compact,native_contrast,0,0,heldout_val,45000,10000,c2c4731b419741cfc80d0234dbd989d6412950a07e990b7bee1e59c0159f02f7,50ce11aa508fbda1645304f82cff6ba2768820828da7229937b68d2253a54a2d,71871ed8857981958b2a6b9df5f131d33fe3c006b362f05353a506a36ed60600,0.8344,0.43335866666666667,0.8162200000000001,0.6046400000000001,0.7344000000000002,0.6547929107666015
training_dense_testing_sparse,cifar10,swin_tiny,grayscale,compact0_compact_test,compact,compact,native_contrast,0,1,heldout_val,45000,10000,a4db0df18878bf97a15ef220e7bdcea8d4b9e73937e4eedceedad197010b7d3c,8eaa020f8ebfc4944bec1cc2713e5c43e822c5257e932a6cc991f4ec70d78e8d,13220bfdc33c9cf4650dd73e3a4527dfa123dcc569d5483e392ee4d87a3a871e,0.8314,0.4377426666666667,0.8139799999999999,0.59516,0.7306999999999999,0.7022101776123046
training_dense_testing_sparse,cifar10,swin_tiny,grayscale,compact0_compact_test,compact,compact,native_contrast,0,2,heldout_val,45000,10000,8ea3bc79963a751e08d025fbd1ef93b06c1aa80cb69fd3666ad143cbe26238b0,c20ed5b62f941ad425a31c6cb2f8da4b789515d3fa014ce5719733364365e444,4138089fb907e02402ec0525f2bfcd503a06886e3b15de2814ef80480df2552b,0.8317,0.43454266666666663,0.8138599999999998,0.5985400000000001,0.7296799999999999,0.6927870330810547
training_dense_testing_sparse,cifar10,swin_tiny,grayscale,dense0_compact_test,dense,compact,native_contrast,0,0,heldout_val,45000,10000,a64be3683e0a44bff054950efd71ba1e801c5fabe5648a34f075f68e76b694bc,a4571968ae213501963e9bd8fc12069eaca2c92a4b292e37c54d8d4855368650,6044ca36b20c6e4930631bf254bbc49c2a6d007c28c6dad2e64d93d48d9ee944,0.8338,0.4356920000000001,0.81716,0.59494,0.7286599999999999,0.6787766204833985
training_dense_testing_sparse,cifar10,swin_tiny,grayscale,dense0_compact_test,dense,compact,native_contrast,0,1,heldout_val,45000,10000,e4384af4722d311b52950162fc86b57d89b5ebca4cd70626df80be9d3c5fa3df,2fd9aa427ca55b1e165a52b221835019633dd833fc7b3901dd3f791194035179,66b93a8751c67cb83a6b47d4ebe6c227e04004542fa77f67b1aa4696492cbb12,0.8325,0.43432133333333334,0.81226,0.60238,0.73112,0.6964451477050781
training_dense_testing_sparse,cifar10,swin_tiny,grayscale,dense0_compact_test,dense,compact,native_contrast,0,2,heldout_val,45000,10000,6e1002c26913442e01c7240caebb466a4a05a04594a156ba2072ca4ed59ab759,2f5c82e6e912b00ee9b8f86408c483727b3d015b1d6d6462badf6c6f6f570b0f,2a3b7de47f7c3116c9ed4e26109dc713938f3a63e2267a4668905554b979f39b,0.8316,0.4336773333333334,0.8122,0.60138,0.7341599999999999,0.6933123641967773
training_dense_testing_sparse,cifar10,swin_tiny,raw,raw_compact_test,dense,compact,raw_pixels,0,0,heldout_val,45000,10000,1f8ed41fde13b6e96012728a2c8d576dbd4d19e5ef8518e02188e538ef8acb3c,363a20a908c002877df662a4056014539f035a093e44af785d735cab741acd66,3292edaad6d1f81f87a8b508f23007e265f1506e12d81c7b47715ededb9a6546,0.8774,0.3086466666666667,0.8431,0.59274,0.7317400000000001,0.6313766021728515
training_dense_testing_sparse,cifar10,swin_tiny,raw,raw_compact_test,dense,compact,raw_pixels,0,1,heldout_val,45000,10000,780258ab966ff29d1b6c477a4a6ea458ead57ec999e8d01d3ec9dcf6b2d52756,25dce42cd09b6f9f3b01cd41b55dcacac527a281d2640b15b6c3f9e95ea47743,fe659f7e7cc2bcded57c75ed5272930ea1d37c77549aaf2b6da6e7cb4dbf548b,0.8762,0.3136546666666667,0.8403600000000001,0.6009,0.73898,0.6415053314208984
training_dense_testing_sparse,cifar10,swin_tiny,raw,raw_compact_test,dense,compact,raw_pixels,0,2,heldout_val,45000,10000,e03f47c9430966cc6eeb51929887ee12e97e830d51668abfe9cc4240f3f575b1,47313a6e6a1f3eeb5173ac2dbf32754b3d9bba697221c794d03281c0c1c5268e,c0d05e70330b2102f46e929b2604e920636f02760a2b7ccac6c5cbb3b9b9012e,0.8792,0.30881866666666663,0.8436600000000001,0.59558,0.7349600000000001,0.6308262649536133
training_dense_testing_sparse,cifar10,swin_tiny,single_color,compact0_compact_test,compact,compact,native_contrast,0,0,heldout_val,45000,10000,5772615a2273e8137f2e311ebf33127cd5dcb18f29be2498bafbce3c731e9be4,47afb6c98df5d1d410db077fb22fb3af086b2ec839ded2a38c17732e59aacffb,bb46a33dc8b69af65d8ca279b87ff17d18ff06059ac0030c0397ad03669c839c,0.8744,0.3926146666666668,0.8442999999999999,0.62144,0.7889,0.6095252380371093
training_dense_testing_sparse,cifar10,swin_tiny,single_color,compact0_compact_test,compact,compact,native_contrast,0,1,heldout_val,45000,10000,c6d95f23c52926eca75c681a2d086ab73f7d9528e37b1fb71b929c91d14d61df,103825ae79d02e38f82108503bfd3c652b1cc9eae70f48b67a1fa4858712b161,b09d4231758cdc5f742a95c959b174a73f72e7eb7b5430e9f522d4a83a67b028,0.8705,0.39317199999999997,0.8423400000000001,0.6196200000000001,0.7842800000000001,0.613202033996582
training_dense_testing_sparse,cifar10,swin_tiny,single_color,compact0_compact_test,compact,compact,native_contrast,0,2,heldout_val,45000,10000,87fe08fa5be98bda015549f8f421e6709e2423f930a35619674ea3f339344f80,6631a3355245362b7cb46c2507f8478cf150fc3190217c73b13660b51e2e0f91,54da0e293091a1938bc82ea8a6cabeabbb55debd9fdfcc96b5b795b3667b91f4,0.87,0.3883506666666667,0.8426400000000001,0.62378,0.7842399999999999,0.5984289077758789
training_dense_testing_sparse,cifar10,swin_tiny,single_color,dense0_compact_test,dense,compact,native_contrast,0,0,heldout_val,45000,10000,45a305bf56c9a49d1c01099d489932d27f50fb61f91cb01ed06d22281e42aa92,d7dbc9322ece1a8ca3588f385689a3b8bf48811a6d424ea58af3b9fcd16c1017,74fce3b1d058b6cf57055516ceb85d442b7674eddb8950f5244b3a22cc35862f,0.8703,0.3911493333333333,0.8432000000000001,0.61458,0.7856400000000001,0.6201828170776367
training_dense_testing_sparse,cifar10,swin_tiny,single_color,dense0_compact_test,dense,compact,native_contrast,0,1,heldout_val,45000,10000,42b5d86a77357aff0b15e2459e67a8e55036b18d7c1b68f84caee632e81d4fcf,35dca41d0ac9bfe4d35ab0bade9003a04244ef0610eff1941336fc1fab6965c8,b7af9c2326beb1db7fc4aba06b867583770ebfc6e2869cb6193ee752cc81fb63,0.87,0.3931173333333334,0.83958,0.62248,0.78304,0.6206549438476563
training_dense_testing_sparse,cifar10,swin_tiny,single_color,dense0_compact_test,dense,compact,native_contrast,0,2,heldout_val,45000,10000,3f180ededf077b59bf03a0109f3db7ca8e64ebe9ca19fd8f64bea44eeca055c4,7e4c333921bcdf1ae7125a12b39edf38fc1431b4f3c57140fa8117eba2926e25,9af4c0f5bd726b176994f562d5b5b3f4e326392003f27ce9b795221daa4a186e,0.8707,0.3912213333333333,0.8399599999999999,0.6250600000000002,0.7862600000000001,0.6053111785888672
training_dense_testing_sparse,cifar10,vit_small,color_opponency,compact0_compact_test,compact,compact,native_contrast,0,0,heldout_val,45000,10000,c451db62dd424019e867ee564c952c5c78e0a68b037dcf6121513dd3fdf28882,99f7c909026449286cc12765848d13762a5794607419dad2886453b87d1d5c2b,37de2ec99f0e84cc52750431e5e654b4c4548ea78d057a8d1e9f8503629dde4d,0.7801,0.4794999999999999,0.7247399999999999,0.4637200000000001,0.6297999999999998,1.7395925067901612
training_dense_testing_sparse,cifar10,vit_small,color_opponency,compact0_compact_test,compact,compact,native_contrast,0,1,heldout_val,45000,10000,98e7eed5c917dcf7c12ee25d4c3a41b506c092b08f80858bcd1c8352dff4d126,99deaa756701bf9031d92eaf19f5f483f1def9a730a2598be89f43bb48f7060f,cc6c4ff852a89054d605a64dc0da897019275dfbee1773e7b12502eea47dc741,0.7847,0.4764066666666667,0.7238399999999999,0.46807999999999994,0.6362399999999999,1.7065219232559203
training_dense_testing_sparse,cifar10,vit_small,color_opponency,compact0_compact_test,compact,compact,native_contrast,0,2,heldout_val,45000,10000,c4d0a0e4d4d4b16dcd7ba7a9da05e4b4add87733c60dfe2e29e8e7172da16154,edbd0b42c97be7489069dbd819c8f23a700a9314a9e14ff2910f5d28a9b9fff0,256c9aba780e83006c9b4051eb71e7675e73ec3353ddf4c9b36cc6d6a8f81b13,0.7721,0.48888933333333334,0.71994,0.45048000000000005,0.62018,1.8472220394134522
training_dense_testing_sparse,cifar10,vit_small,color_opponency,dense0_compact_test,dense,compact,native_contrast,0,0,heldout_val,45000,10000,475805385f1888e96d16e1426b10adbca32c1c2069b20c01673aa40cf117bc30,5f4f12483d6bffcea9d7cf594bb3ec45773bd95c9d9e0c3a6157b8fe9f1eada4,6ac6ab6efa8fe9667b6cfec2b439c1a483d484602b0dfdb7f1697805bfb32d49,0.7766,0.4845186666666667,0.71694,0.46035999999999994,0.6272599999999999,1.77118108253479
training_dense_testing_sparse,cifar10,vit_small,color_opponency,dense0_compact_test,dense,compact,native_contrast,0,1,heldout_val,45000,10000,4021812a1f1f728f65226cbd7379748ffe8f1de7ca9959bb28e19d3f5af3ef8d,932c27b89cd0950a4d8e0cf80edeb8218002979d0cc0de920e0747d6bc48477f,68d86b6eaac4b9181759fdf74d2ba1e58dec9a64c6c46a337f12d54d2ef69294,0.7814,0.4919226666666667,0.72584,0.44245999999999996,0.61646,1.7711230766296386
training_dense_testing_sparse,cifar10,vit_small,color_opponency,dense0_compact_test,dense,compact,native_contrast,0,2,heldout_val,45000,10000,b867c9ac03d66a6842b4c610e834ec99b8062dfaf9e6545cb321c22a119cde97,95098ae3219490a88cb3ac9569058867924a2e4a1c10b8361d682fdf4b8cf085,5996a511e29f768e94b52050b63e86d5c734908cfb89f071a0215dee0cf9ac41,0.7809,0.48399733333333317,0.7277,0.461,0.6287,1.780996605682373
training_dense_testing_sparse,cifar10,vit_small,grayscale,compact0_compact_test,compact,compact,native_contrast,0,0,heldout_val,45000,10000,201fdc33f1115abe2b4ecee6f029f70887e3d1e42c74b9310a991c4ddc74d918,d8153aabf4cb65d88719021088c63b073a6dbe7fc277fb8d0168b05fa2e6c297,5525bb3230ca1bd20fbb778be4c121a9cfef3bd270f0e4dae5015b2878d97c09,0.7636,0.49040933333333336,0.7370599999999998,0.4643400000000001,0.6078,1.876163974761963
training_dense_testing_sparse,cifar10,vit_small,grayscale,compact0_compact_test,compact,compact,native_contrast,0,1,heldout_val,45000,10000,a3250c2bd300530e0173e3714fe1ac35ca529244a00f24ce0832d6f78d0cf48f,1cb558cf21abe66590c5eaae71c1dc43bc95345ed0a2f4ef3ff30b8c687cc5d2,732d4a2c3a1c116592563e0a1d8079371f809743798db06af2996f6171bb5f8e,0.7745,0.4797919999999999,0.74734,0.47146,0.61846,1.8310493225097657
training_dense_testing_sparse,cifar10,vit_small,grayscale,compact0_compact_test,compact,compact,native_contrast,0,2,heldout_val,45000,10000,c408349117c861c63a82bf583c3aa0ee38ff8c477370f9701f482848e2198ff8,1e6a019be8f0ef3e57160a24647434471ef680b66664510ffb32b03c5490a20a,419b5bb3a9a427d926a6310430e09d188260807d9d1dad2bd5df3489496b119c,0.769,0.48405066666666663,0.7362400000000001,0.45956,0.60926,1.824232922744751
training_dense_testing_sparse,cifar10,vit_small,grayscale,dense0_compact_test,dense,compact,native_contrast,0,0,heldout_val,45000,10000,cd76a584669bb7e127244fd563bcc210a2e40c1b807260e3c7e996fef7ee8cc0,a85ea2d45003df5c622a0f517f11cef39eccc5391d7ae871c3debb3ebbde512b,b63dea18ba04ebec90aa387b94608ae909f9951b5f93072d2366e170a7e899a5,0.7518,0.501752,0.7183999999999999,0.46216000000000007,0.5923200000000001,1.8723829452514649
training_dense_testing_sparse,cifar10,vit_small,grayscale,dense0_compact_test,dense,compact,native_contrast,0,1,heldout_val,45000,10000,1efe20266afa8be05cb6c2ac602ecf3af2e205c9960164d30d244284d0c81dde,d7e8fdda42566a324d96a826a9de4a76f4bdb3fc5fbad219abd2eae4c9fd66e0,b0ee16f423c590c7b2825b45a2197bc867f6dc9afd6aafdf9bd17b05322b1253,0.7647,0.4828706666666667,0.73642,0.4719399999999999,0.6108,1.8052941179275512
training_dense_testing_sparse,cifar10,vit_small,grayscale,dense0_compact_test,dense,compact,native_contrast,0,2,heldout_val,45000,10000,6a3e86a5ee6defbebea4d6fe7c6675efbb9a8757a54f5a7e37f54831cdfb3ce0,57aecea7ce2e2ba0f3404e42f970fcec3c6f73efde39eb408ed4d1b37f5ff27e,7babc96121d5f89850cbcc509af4ec2f9ce5f8ca5fa941133ff06758c159091f,0.7737,0.48579333333333335,0.7423,0.45890000000000003,0.6084,1.7842877040863037
training_dense_testing_sparse,cifar10,vit_small,raw,raw_compact_test,dense,compact,raw_pixels,0,0,heldout_val,45000,10000,0d708e2736c7996bdb1bec55590db7e5af7065cdddf0a524ce094eac88574155,7c4187c643b7e210dc769d4c2b2adebfd5bcb5c678051889a482ac9b2ab223ad,a8369ed680009e45868b72c0316b8d39c74371d912ed437ff6bf9dc89488db33,0.7778,0.354088,0.71264,0.43132000000000004,0.56322,1.8600243185043335
training_dense_testing_sparse,cifar10,vit_small,raw,raw_compact_test,dense,compact,raw_pixels,0,1,heldout_val,45000,10000,2302abad3261351acdeed28b76e3730b4267df652da6f6bf60c6968f2efe92b9,4c7d3bdfe12fc4767b82d8a04998444f253fd482219117e5a74037bab11291e0,51013aa13debf7716aa0c9fa9d431e2a16cb1727a003497460469b5e728eaeb4,0.7762,0.35756000000000004,0.71128,0.42586,0.557,1.8424846021652221
training_dense_testing_sparse,cifar10,vit_small,raw,raw_compact_test,dense,compact,raw_pixels,0,2,heldout_val,45000,10000,b480926cf01e7b29307e83174ac122a625bf23e2a043c9fb6553922346982946,f7fb9a510b03eacfb343f58adc54100633e5769550039ff5fdc3b510e3c521d4,92f9655eb068a90ffb82799f9d4939a1b20fefa95c7967c571e933859172321e,0.7892,0.3552266666666667,0.71948,0.43152,0.5753,1.738687956237793
training_dense_testing_sparse,cifar10,vit_small,single_color,compact0_compact_test,compact,compact,native_contrast,0,0,heldout_val,45000,10000,5b9d0272f34ccd87a12c0509187837941ba7fb803ddd2fa9acac42a7d751997b,6c7693736966d05473089485333caa39f5ea9412a85f3bf823332cf637710930,33444dbf27ccf9d09e9bc6815558429934b9b612bf912ef7c263e2fad03e2c1e,0.7644,0.48377733333333334,0.71646,0.4349,0.5962999999999999,1.933088579940796
training_dense_testing_sparse,cifar10,vit_small,single_color,compact0_compact_test,compact,compact,native_contrast,0,1,heldout_val,45000,10000,bb51e466731e64eca1a55420cd00c8ce5bf684450a3b74df8f345fd9a02a45e5,5b8311a8aa46bd6cecaf4f2417880a3188f162add0a4e0f721118609026ffbaa,9c8bd1d942d5eebc735cbfd5c953e9e80365d176a194c9231b43ef9fc509a79c,0.7522,0.49665866666666664,0.70514,0.42874,0.5901400000000001,2.071710607147217
training_dense_testing_sparse,cifar10,vit_small,single_color,compact0_compact_test,compact,compact,native_contrast,0,2,heldout_val,45000,10000,3c9cd9566b4553f749078d2cf14ae5b5c6a19533f55493e9d362713850970a72,efcf0e6ea6fbacf210b9d43c1351af75ddaf98f8c1dac80575d3593f5ddcb72e,3fd91e2eda56a286994526f35b5dec72d05b5c1513e50fd3381168829ede49c7,0.7683,0.48482,0.7225999999999999,0.43942000000000003,0.59644,1.912614644241333
training_dense_testing_sparse,cifar10,vit_small,single_color,dense0_compact_test,dense,compact,native_contrast,0,0,heldout_val,45000,10000,7b738ce8e4fd35ec161811fcee8de9b4d2aceee767b9c62c18858a79c527817b,21106edd3e3e4f2bacc6e63f2d5b402c72aa4fea9caeb649aa226c4834d15dd4,9fa97932cb6c84ca661c56235128961714203d1ebfd34d4c9142695a6361bacf,0.7375,0.5044613333333333,0.69198,0.4098,0.56466,2.141883576011658
training_dense_testing_sparse,cifar10,vit_small,single_color,dense0_compact_test,dense,compact,native_contrast,0,1,heldout_val,45000,10000,725c39979615197c50add36033b3f39681d04fd3377a6bec24ed60494650ae54,9d853016cf8c900c62cb6c6fdbb4066bf90a2b4e590901146e2ce65b1ff53407,a14ddc5c19aa65cee18f9e67214fec43fad92bbdd3ee9a459ac0341fe3f3731c,0.7276,0.5144093333333334,0.6873600000000001,0.40966,0.5604,2.172755591583252
training_dense_testing_sparse,cifar10,vit_small,single_color,dense0_compact_test,dense,compact,native_contrast,0,2,heldout_val,45000,10000,3151ebb540af31b8278f7ef7a1660e63ad23b1c07df4f0a683d030b32d041bbe,0048945a41186e84bd9e2fddc350b109f7fc7d0ab9786cc2614ad863dcd3932d,2eeae4368927974e6744ec6a28e73efe04d841b8697a1cbf46ddb4dd42514b7a,0.756,0.5001186666666667,0.7108399999999999,0.42866,0.5868399999999999,1.9686109828948974
training_dense_testing_sparse,mnist,swin_tiny,grayscale,compact0_compact_test,compact,compact,native_contrast,0,0,heldout_val,55000,10000,bd970a3a0fe319724a7ca55f0bf8a2bfd8596f2cf636b9c507c76cdd7373446e,c4bb321da0a653a4d83650aa2b61fe4d98eec845b0e48d22e37a6897a1b5e94b,7b0a41b35e709e34296548f99714540de2cfe6fab7cd6d2b8d8850be56665407,0.9916,0.27326,0.3472,,0.2828,0.03963644843101501
training_dense_testing_sparse,mnist,swin_tiny,grayscale,compact0_compact_test,compact,compact,native_contrast,0,1,heldout_val,55000,10000,2db413ac63289eed2a011bbede462feb8eba20df9ca910178e9fdc607eb1ecd5,55ab18490b0225ea74dbcf9d59b84b29698eab03259fc268c2e33d812dfbccbd,27834ca7879cdcbc657227d83ee6209161fc84b956f9fc30765d0b5f59e7f707,0.9887,0.28353333333333336,0.2769,,0.2295,0.0525268424987793
training_dense_testing_sparse,mnist,swin_tiny,grayscale,compact0_compact_test,compact,compact,native_contrast,0,2,heldout_val,55000,10000,03172923546a2aebd7a7ce196088e60895ca2bc429478739d9fcf4cd36f2fa1d,7abb62874875d54f0145cf73f791ba245eb0df35d9978ec5c32893e053207307,984f081ec99d3e4bbdd3bdec162111e3b71fd5987938caf8959881f15ccd05d4,0.9892,0.25504666666666664,0.4907,,0.4162,0.047271361696720124
training_dense_testing_sparse,mnist,swin_tiny,grayscale,dense0_compact_test,dense,compact,native_contrast,0,0,heldout_val,55000,10000,f68781dcf865d2910a2335d6fdd43b51a3879a890e9cf9a30f89a30ba63293d2,b5ba882ee04e81c45232c4005e9a820b60c8b46fc9026b6949f38be5e12dae2b,473ed25a586e0ea8fb93e4fadfcfd4e7e18bde623e0f22701c184b2da680520b,0.9346,0.3566733333333333,0.5585,,0.4793,0.2694324760437012
training_dense_testing_sparse,mnist,swin_tiny,grayscale,dense0_compact_test,dense,compact,native_contrast,0,1,heldout_val,55000,10000,3ce0428ad4622fff2ff22d18a8d7bd615b9485c294517b5860383fd6e5a11671,e6e682f99e0eee247ebb254b29f3eb44b9362a5a7ef446abce3bc043a51997fe,3c122f0fd1faf70a5670d3c6526b0c7197dc73ded514139a3796e6045a6fb776,0.877,0.35947999999999997,0.6941,,0.6343,0.5441901336669922
training_dense_testing_sparse,mnist,swin_tiny,grayscale,dense0_compact_test,dense,compact,native_contrast,0,2,heldout_val,55000,10000,ba76899472cd74c3b22d4029d841beceea33acddebf48d30525110a53766e915,d702f30cdbb4eec392ad0ecc9abc4f74a4b031dc4dd9bd08fa1670b553a83e7d,b0393e9d1c0e15b51559e628483e2ed496574409f6794199f61ad346d461af16,0.898,0.36468,0.6538,,0.6037,0.43785708923339844
training_dense_testing_sparse,mnist,swin_tiny,raw,raw_compact_test,dense,compact,raw_pixels,0,0,heldout_val,55000,10000,1d5fc38aeefac15628170300ebb4c4614516f9eb1e6bd19eb72f83ac63d9c04e,2862442744248fb27f135fca8176a4329e4389cf2b7a4b85035896938cfee3d1,4f4de1c96ce3171d528465ea583fe366ccbf1eeed9fc126ed5b29d61cc878836,0.8703,0.45954,0.1748,,0.4447,0.5335225738525391
training_dense_testing_sparse,mnist,swin_tiny,raw,raw_compact_test,dense,compact,raw_pixels,0,1,heldout_val,55000,10000,b36a2233b4dce299070fbe118c5e8c735f25b53abf457ed513e6a397c6a0ccd8,dd2cf2d226b36e5fad41f47fc00c9371fc35dbe4fac6f7d4f7fb27fb2ad731be,485f892a847b6dbcfdab4e13b46349e10ca7e3c0d81810dc50d69b0ada0c05f0,0.8608,0.4560733333333333,0.108,,0.4122,0.5683327331542969
training_dense_testing_sparse,mnist,swin_tiny,raw,raw_compact_test,dense,compact,raw_pixels,0,2,heldout_val,55000,10000,160e0fbc1ca7cbf396c461f25843f706c1be2c1f93aaf79e076f115a39784427,427b62eb15ab92cd151c4ecfeaec6ca4bd2a25585462fc549ffe8023437c74e7,dc141a26cd438bb05b5097a229bc10b348f6a1d7cb9696567fc85afbb8440cbe,0.8803,0.43740666666666667,0.1631,,0.3784,0.5174095031738282
training_dense_testing_sparse,mnist,vit_small,grayscale,compact0_compact_test,compact,compact,native_contrast,0,0,heldout_val,55000,10000,7f8b49f49d155841ebc264420dd9cfc1523e5502574d5e3fd57764b3266595e1,d606e0b6e7e1b8ca4140175f43e475d056088da48eedeac3bc3521ac5c8bd570,168dfdf4b1e77bdf998c5fcf65999cf6fb4a4b0c58b19ed9d0679fbe3a50e918,0.9789,0.39416666666666667,0.6292,,0.2954,0.11483368522993696
training_dense_testing_sparse,mnist,vit_small,grayscale,compact0_compact_test,compact,compact,native_contrast,0,1,heldout_val,55000,10000,6b0a68e26d97b1df3e91b58dc3eea545916eeaa225ab0dca4d48ec606e6979c6,46894ed8e58b9a3d3a51017f67d68a2884c576e01bc3656e967ce685c146046a,bf2631dda7d9d271b18b8e9867cd79e4cb599f961d1d13de860454d586357601,0.9806,0.3793733333333334,0.761,,0.3464,0.11431729362946935
training_dense_testing_sparse,mnist,vit_small,grayscale,compact0_compact_test,compact,compact,native_contrast,0,2,heldout_val,55000,10000,cdf2e28e3ace454e211a1e96a2c42e152fe1c1422d12207a3a6e0a51f4b81cd7,3b7406c877e78f0bd976d436a0cb1901bf16f4b32fdcef07d9d01e73bda87ba9,d40eaf4227e611b4235f679e1f5b2f9f68901fb6a89907585a7aca9162a6769c,0.9816,0.39604666666666666,0.6427,,0.1853,0.12081501234754397
training_dense_testing_sparse,mnist,vit_small,grayscale,dense0_compact_test,dense,compact,native_contrast,0,0,heldout_val,55000,10000,30686a396ab6f7f9f854aba86ce6fd7283e1423fe9c264c6acbf329d6cbbc968,179475b8b5f1f60331c2ef36bed036328ffb8901f10573d5da34e3c145a3b99c,1febb833c97989dec964ce4247d5bb9f7f212d0d0ffea0016b5b7d6ef9e061db,0.5011,0.6036333333333334,0.9133,,0.4869,3.991655659866333
training_dense_testing_sparse,mnist,vit_small,grayscale,dense0_compact_test,dense,compact,native_contrast,0,1,heldout_val,55000,10000,50f8a35a1fcdbfef4310ac092124e9ee553e603f51ab47185e549f3f5150eaa7,0c043582d4fd9fa02edf865269d1ba752080dec581307de85e519181414c7951,10a1c020e268e60f92a50cb1a938f7e478078107b9a7dd5bcd30e3f36dd50ae6,0.5311,0.5835466666666667,0.9311,,0.5618,3.9386391513824464
training_dense_testing_sparse,mnist,vit_small,grayscale,dense0_compact_test,dense,compact,native_contrast,0,2,heldout_val,55000,10000,0ba6f5ea1e365da7ffcd24e7ec769410cd0ca7abb798d46e32197844ab5a720c,e6a832390c850cd02985baa89af74e5b5051e71fc8f593de29cbe32747013aef,04b23e1d894d5cd0ffacd122ef55cc5578fe60d76fbf71286f07dceb0d27c789,0.5104,0.6176933333333333,0.9285,,0.4056,3.821539167404175
training_dense_testing_sparse,mnist,vit_small,raw,raw_compact_test,dense,compact,raw_pixels,0,0,heldout_val,55000,10000,8a90f9400de0a30055cbae4e87dae57815bc42cfe9cc08a6c0549e5eb586dcf4,9523e74ba13da3f1257b0c8cdd3db4e72b6b2105c0f474976efa781683d41b85,3db92cbcafbbc2751e66333d710ad6f6ab62881147312fbf9142265b64fd326b,0.5934,0.5678333333333333,0.3965,,0.4707,3.3527140422821047
training_dense_testing_sparse,mnist,vit_small,raw,raw_compact_test,dense,compact,raw_pixels,0,1,heldout_val,55000,10000,035e38ca1dd712f0ec01c4e7bbafb00bd0b0fdeac1e77875e9c8a0259b6a1d13,30a8f281c2f4a12b308161a4e74780f51269070d10c8b2291ac201ba93d64059,acbec74b30d2bb2dbba09b75e00a22ce88387ed47cb09fa6403be759a89ac248,0.6893,0.5354933333333333,0.4493,,0.3959,2.3729216993331907
training_dense_testing_sparse,mnist,vit_small,raw,raw_compact_test,dense,compact,raw_pixels,0,2,heldout_val,55000,10000,bcd72f18c873d61fca2d79ea98efa2e59abdfd6bad1c6008e53a778cfedec07e,62004fa6b787a704ff5ee13663dbbc1aeaa90c7b0b292b27c4d9b1a1f63a9d13,63bb2214a8ab262e48865109fcf46769e97d9659bc9e8d3557e8cd23394adc56,0.7678,0.5091,0.4749,,0.3968,1.6944616315841674
training_dense_testing_sparse,cifar10,swin_tiny,color_opponency,compact0_compact_test,compact,compact,native_contrast,10,0,heldout_val,45000,10000,0767c62a44a832398f53cd95e59762b10804b19ccdc3d3d5786597c5c2950c0e,9d7e36c17a1b11431ddd5983e97333bbd9ef686bcc465342daf9c8ec1bd83b95,a1588df6cc4aa446ef6729c07ec425d9f89c93cfbeb71b723f0b336b231ea48d,0.8662,0.4038893333333334,0.8372200000000001,0.6245800000000001,0.78584,0.6429570220947266
training_dense_testing_sparse,cifar10,swin_tiny,color_opponency,compact0_compact_test,compact,compact,native_contrast,10,1,heldout_val,45000,10000,a0a2c8c66a75078a9e8c3afdd0a2b40d041be6c45f3abff016cf97b069164260,c403b99bf33af770f40ecb7d3c76bcc4102ff526634f91617ca65592a08e1165,238361a79e91c52e2fd36d712b98e970b6286e5316b2293833aade616d11c014,0.8674,0.4014653333333334,0.8393,0.6285800000000001,0.79228,0.6516827560424805
training_dense_testing_sparse,cifar10,swin_tiny,color_opponency,compact0_compact_test,compact,compact,native_contrast,10,2,heldout_val,45000,10000,1389342378c46900b0b55091288f4859c0bc01f8c2bdffefdc56ea4d837a6d1d,ea629ccde3be32deeb2c1656cec1eb4897373704ceb225ed7f589eed94971777,7858973d124027dfd76efc8522165b34da42f801109350bfe9edf5588b99ca59,0.87,0.4022906666666667,0.8374600000000001,0.61588,0.78258,0.6398934783935547
training_dense_testing_sparse,cifar10,swin_tiny,color_opponency,dense0_compact_test,dense,compact,native_contrast,10,0,heldout_val,45000,10000,edcad89cfa7711bfd837255d96c54e1383d9d438c662625792715f28d6c4928a,4cab161dfa8f57ac6a963584e4f73127a9326055018cbb451c16e411d6862a04,fab9441233ae76a1b48e0b353942c30293499e8a2d4c2e9c062d73159e012032,0.8698,0.3987093333333333,0.83812,0.61998,0.78786,0.6201788650512695
training_dense_testing_sparse,cifar10,swin_tiny,color_opponency,dense0_compact_test,dense,compact,native_contrast,10,1,heldout_val,45000,10000,3942ef3bd0922a447586239b97b16ed32a68e762c7a47018b47c1fd00c602a32,ce71b3e7c37122c31ceda252ac1b4682e62a536d29e7efaf233ad88167d499be,3a8d2f76403887b48ba87e6c04a928670d9aaf4079d21ba7ad87d5b9f491eeee,0.8668,0.3988066666666666,0.83886,0.6212799999999999,0.78868,0.635480744934082
training_dense_testing_sparse,cifar10,swin_tiny,color_opponency,dense0_compact_test,dense,compact,native_contrast,10,2,heldout_val,45000,10000,a6e3fb29b275800b21c63746d7b58ef83c8a15b8066260b02371d1a39552cfa3,4ff0673415733a5e2f08932f0272050f1e93613c1c64fc702befaa6b3cd5f276,70c047f178a68005810241c0e1315e68c21862bbc6485b102471e834d04345eb,0.8671,0.40552666666666676,0.83904,0.61162,0.78004,0.6413879409790039
training_dense_testing_sparse,cifar10,swin_tiny,grayscale,compact0_compact_test,compact,compact,native_contrast,10,0,heldout_val,45000,10000,61be2dea53d1d4520646904ff1ace80eafd04a9b8a1ad3499e6e40fdfb4f619e,50ce11aa508fbda1645304f82cff6ba2768820828da7229937b68d2253a54a2d,71871ed8857981958b2a6b9df5f131d33fe3c006b362f05353a506a36ed60600,0.8343,0.43400266666666665,0.8165400000000002,0.60426,0.7339400000000001,0.65767568359375
training_dense_testing_sparse,cifar10,swin_tiny,grayscale,compact0_compact_test,compact,compact,native_contrast,10,1,heldout_val,45000,10000,ee954f1db2a4d764d4f0ae99d19a3839df326ab279396260c0365b84c1fd0acc,8eaa020f8ebfc4944bec1cc2713e5c43e822c5257e932a6cc991f4ec70d78e8d,13220bfdc33c9cf4650dd73e3a4527dfa123dcc569d5483e392ee4d87a3a871e,0.8315,0.438168,0.81456,0.59514,0.73064,0.7017533172607422
training_dense_testing_sparse,cifar10,swin_tiny,grayscale,compact0_compact_test,compact,compact,native_contrast,10,2,heldout_val,45000,10000,bc9bc4ebd8c62604c86370240da69ee7cbdae6c76dc394ecf18ed0c008c480b6,c20ed5b62f941ad425a31c6cb2f8da4b789515d3fa014ce5719733364365e444,4138089fb907e02402ec0525f2bfcd503a06886e3b15de2814ef80480df2552b,0.8311,0.4352973333333333,0.8147399999999999,0.5977,0.72942,0.6912696548461914
training_dense_testing_sparse,cifar10,swin_tiny,grayscale,dense0_compact_test,dense,compact,native_contrast,10,0,heldout_val,45000,10000,73f52b5fbe6a3b6cc1ad72f430cb65a9ccfdba3f694eedd6a0a3a1c508cea269,a4571968ae213501963e9bd8fc12069eaca2c92a4b292e37c54d8d4855368650,6044ca36b20c6e4930631bf254bbc49c2a6d007c28c6dad2e64d93d48d9ee944,0.8331,0.43651333333333325,0.81606,0.5943799999999999,0.72854,0.6808113204956054
training_dense_testing_sparse,cifar10,swin_tiny,grayscale,dense0_compact_test,dense,compact,native_contrast,10,1,heldout_val,45000,10000,a641dcfeac0aae6f2e43ff0f374135608d19a9b17e5dd6b7299aa6300a5c4e54,2fd9aa427ca55b1e165a52b221835019633dd833fc7b3901dd3f791194035179,66b93a8751c67cb83a6b47d4ebe6c227e04004542fa77f67b1aa4696492cbb12,0.8324,0.43511733333333336,0.81258,0.6015799999999999,0.73098,0.698336962890625
training_dense_testing_sparse,cifar10,swin_tiny,grayscale,dense0_compact_test,dense,compact,native_contrast,10,2,heldout_val,45000,10000,dfb3a8172beae8d5a6e65e39d19c75598df15d9658598b5ec9d6b4a3be0ce581,2f5c82e6e912b00ee9b8f86408c483727b3d015b1d6d6462badf6c6f6f570b0f,2a3b7de47f7c3116c9ed4e26109dc713938f3a63e2267a4668905554b979f39b,0.8299,0.4345,0.8120799999999999,0.6000800000000001,0.73268,0.6942444976806641
training_dense_testing_sparse,cifar10,swin_tiny,raw,raw_compact_test,dense,compact,raw_pixels,10,0,heldout_val,45000,10000,3b124e8157f3c494a0bb6f97aab66397a085f82781401252e97a6c4976fa805b,363a20a908c002877df662a4056014539f035a093e44af785d735cab741acd66,3292edaad6d1f81f87a8b508f23007e265f1506e12d81c7b47715ededb9a6546,0.8135,0.3864039999999999,0.74052,0.47006,0.6014000000000002,1.049098587036133
training_dense_testing_sparse,cifar10,swin_tiny,raw,raw_compact_test,dense,compact,raw_pixels,10,1,heldout_val,45000,10000,d8f5862ebe5fe7d0282caed48b3ce4132f8e382d677571b1ae4ab2e9468f3917,25dce42cd09b6f9f3b01cd41b55dcacac527a281d2640b15b6c3f9e95ea47743,fe659f7e7cc2bcded57c75ed5272930ea1d37c77549aaf2b6da6e7cb4dbf548b,0.8074,0.3952786666666666,0.7384999999999999,0.46168,0.58952,1.0847764617919922
training_dense_testing_sparse,cifar10,swin_tiny,raw,raw_compact_test,dense,compact,raw_pixels,10,2,heldout_val,45000,10000,3f401a8d82396b379438939d7d5f31dd603f28cbc31c1846d841205ff7c140bc,47313a6e6a1f3eeb5173ac2dbf32754b3d9bba697221c794d03281c0c1c5268e,c0d05e70330b2102f46e929b2604e920636f02760a2b7ccac6c5cbb3b9b9012e,0.809,0.38898666666666665,0.7435599999999999,0.46475999999999995,0.59302,1.0928449462890626
training_dense_testing_sparse,cifar10,swin_tiny,single_color,compact0_compact_test,compact,compact,native_contrast,10,0,heldout_val,45000,10000,20efd71ae1297b6e85931da455655bcd2470db573910c99c1ddb998b432ae229,47afb6c98df5d1d410db077fb22fb3af086b2ec839ded2a38c17732e59aacffb,bb46a33dc8b69af65d8ca279b87ff17d18ff06059ac0030c0397ad03669c839c,0.8732,0.39314800000000005,0.84344,0.62062,0.7878999999999999,0.6112173049926758
training_dense_testing_sparse,cifar10,swin_tiny,single_color,compact0_compact_test,compact,compact,native_contrast,10,1,heldout_val,45000,10000,5ba1c6e21d2267b4265fae7774c134a7980edd6764fe054202f72a3478e65085,103825ae79d02e38f82108503bfd3c652b1cc9eae70f48b67a1fa4858712b161,b09d4231758cdc5f742a95c959b174a73f72e7eb7b5430e9f522d4a83a67b028,0.8688,0.3936533333333333,0.8415999999999999,0.61976,0.7841,0.6143954345703125
training_dense_testing_sparse,cifar10,swin_tiny,single_color,compact0_compact_test,compact,compact,native_contrast,10,2,heldout_val,45000,10000,9cb403be2a8c89398a089eb8531a6f76cc09fb51a66758e77d5b3ebd702b2b49,6631a3355245362b7cb46c2507f8478cf150fc3190217c73b13660b51e2e0f91,54da0e293091a1938bc82ea8a6cabeabbb55debd9fdfcc96b5b795b3667b91f4,0.87,0.388632,0.8430599999999998,0.62354,0.7837400000000001,0.5992249862670899
training_dense_testing_sparse,cifar10,swin_tiny,single_color,dense0_compact_test,dense,compact,native_contrast,10,0,heldout_val,45000,10000,356a45507d83923eba6fda1eeea71515df81ef28ca81a52124a6a882ee26b476,d7dbc9322ece1a8ca3588f385689a3b8bf48811a6d424ea58af3b9fcd16c1017,74fce3b1d058b6cf57055516ceb85d442b7674eddb8950f5244b3a22cc35862f,0.8705,0.39175066666666675,0.8429399999999999,0.61462,0.7858,0.6208258514404297
training_dense_testing_sparse,cifar10,swin_tiny,single_color,dense0_compact_test,dense,compact,native_contrast,10,1,heldout_val,45000,10000,9339eb7f6df9ee70243fcecedc288c6a98ca60534a0dff4ad2c6ebe7db6f7dcc,35dca41d0ac9bfe4d35ab0bade9003a04244ef0610eff1941336fc1fab6965c8,b7af9c2326beb1db7fc4aba06b867583770ebfc6e2869cb6193ee752cc81fb63,0.8683,0.39357600000000004,0.83966,0.62218,0.78322,0.6235217651367188
training_dense_testing_sparse,cifar10,swin_tiny,single_color,dense0_compact_test,dense,compact,native_contrast,10,2,heldout_val,45000,10000,7a9f85f0650ad8373ee6a59c8d6b8bc565e47a7817431497e9917aaf92298954,7e4c333921bcdf1ae7125a12b39edf38fc1431b4f3c57140fa8117eba2926e25,9af4c0f5bd726b176994f562d5b5b3f4e326392003f27ce9b795221daa4a186e,0.8703,0.3916893333333333,0.83992,0.6248400000000001,0.78578,0.607293684387207
training_dense_testing_sparse,cifar10,vit_small,color_opponency,compact0_compact_test,compact,compact,native_contrast,10,0,heldout_val,45000,10000,c3a0f2c2ca9c32e45029f292373150d5cde6966c761c8c36ba96dc51b4c1a4e2,99f7c909026449286cc12765848d13762a5794607419dad2886453b87d1d5c2b,37de2ec99f0e84cc52750431e5e654b4c4548ea78d057a8d1e9f8503629dde4d,0.7802,0.47959599999999997,0.72492,0.46396000000000004,0.6295999999999999,1.7397369634628297
training_dense_testing_sparse,cifar10,vit_small,color_opponency,compact0_compact_test,compact,compact,native_contrast,10,1,heldout_val,45000,10000,785594ca2c04ae3a5571b02557571146341f01e4f2461d14509d76189344b71d,99deaa756701bf9031d92eaf19f5f483f1def9a730a2598be89f43bb48f7060f,cc6c4ff852a89054d605a64dc0da897019275dfbee1773e7b12502eea47dc741,0.7847,0.47650400000000004,0.72354,0.46767999999999993,0.63602,1.7072224224090575
training_dense_testing_sparse,cifar10,vit_small,color_opponency,compact0_compact_test,compact,compact,native_contrast,10,2,heldout_val,45000,10000,90cce3d88e10f552361f1f19b507686b156f55ab304f2e0d4b07dc4bb958b8b7,edbd0b42c97be7489069dbd819c8f23a700a9314a9e14ff2910f5d28a9b9fff0,256c9aba780e83006c9b4051eb71e7675e73ec3353ddf4c9b36cc6d6a8f81b13,0.7722,0.48889733333333335,0.7195199999999999,0.45100000000000007,0.6204799999999999,1.8478847679138184
training_dense_testing_sparse,cifar10,vit_small,color_opponency,dense0_compact_test,dense,compact,native_contrast,10,0,heldout_val,45000,10000,852dc3d2c0c0028300e2ef6a43001f381ec3a094283ba34ffb57537a585acd3d,5f4f12483d6bffcea9d7cf594bb3ec45773bd95c9d9e0c3a6157b8fe9f1eada4,6ac6ab6efa8fe9667b6cfec2b439c1a483d484602b0dfdb7f1697805bfb32d49,0.7762,0.48458000000000007,0.71688,0.46041999999999994,0.6272800000000001,1.772204035949707
training_dense_testing_sparse,cifar10,vit_small,color_opponency,dense0_compact_test,dense,compact,native_contrast,10,1,heldout_val,45000,10000,af96b77193208cecedc8dd8fdddc5f1d1b22d600be4f4b6f293883ee5576c92b,932c27b89cd0950a4d8e0cf80edeb8218002979d0cc0de920e0747d6bc48477f,68d86b6eaac4b9181759fdf74d2ba1e58dec9a64c6c46a337f12d54d2ef69294,0.7813,0.4920879999999999,0.72614,0.44216,0.6161,1.7708868278503418
training_dense_testing_sparse,cifar10,vit_small,color_opponency,dense0_compact_test,dense,compact,native_contrast,10,2,heldout_val,45000,10000,d7785d80f9f784093ee2246cd24a9370dc15f75a0871ce58c2ba7b92914e108e,95098ae3219490a88cb3ac9569058867924a2e4a1c10b8361d682fdf4b8cf085,5996a511e29f768e94b52050b63e86d5c734908cfb89f071a0215dee0cf9ac41,0.7809,0.4840733333333333,0.7281199999999999,0.46082,0.62858,1.7793340911865234
training_dense_testing_sparse,cifar10,vit_small,grayscale,compact0_compact_test,compact,compact,native_contrast,10,0,heldout_val,45000,10000,20a08815bc54d7b4087cb4c53157f0ebff74f4ee7f63fd08d42e2fe93b521175,d8153aabf4cb65d88719021088c63b073a6dbe7fc277fb8d0168b05fa2e6c297,5525bb3230ca1bd20fbb778be4c121a9cfef3bd270f0e4dae5015b2878d97c09,0.7642,0.4921146666666667,0.73722,0.46292,0.6067799999999999,1.876384352874756
training_dense_testing_sparse,cifar10,vit_small,grayscale,compact0_compact_test,compact,compact,native_contrast,10,1,heldout_val,45000,10000,490aef265e90db508c2c4eb2621618e7646cae8bb15f6427790e137a850a5a17,1cb558cf21abe66590c5eaae71c1dc43bc95345ed0a2f4ef3ff30b8c687cc5d2,732d4a2c3a1c116592563e0a1d8079371f809743798db06af2996f6171bb5f8e,0.7744,0.4812599999999999,0.74874,0.46978,0.61694,1.8346941024780274
training_dense_testing_sparse,cifar10,vit_small,grayscale,compact0_compact_test,compact,compact,native_contrast,10,2,heldout_val,45000,10000,fb6344a5eb542f2b18178a1482e40182ada5619385bd5acb85619242be8dee23,1e6a019be8f0ef3e57160a24647434471ef680b66664510ffb32b03c5490a20a,419b5bb3a9a427d926a6310430e09d188260807d9d1dad2bd5df3489496b119c,0.7672,0.48519999999999996,0.7362599999999999,0.45908,0.60812,1.8270680339813232
training_dense_testing_sparse,cifar10,vit_small,grayscale,dense0_compact_test,dense,compact,native_contrast,10,0,heldout_val,45000,10000,a40cb434893059df82539bc521cafdf6f454d0d5211ed00988bf8cd193588144,a85ea2d45003df5c622a0f517f11cef39eccc5391d7ae871c3debb3ebbde512b,b63dea18ba04ebec90aa387b94608ae909f9951b5f93072d2366e170a7e899a5,0.7511,0.5036826666666666,0.7173399999999999,0.46083999999999997,0.59196,1.8792151710510254
training_dense_testing_sparse,cifar10,vit_small,grayscale,dense0_compact_test,dense,compact,native_contrast,10,1,heldout_val,45000,10000,42b237136c604d59f7361388ea19401508550507c6919d14ea896252bb6f169f,d7e8fdda42566a324d96a826a9de4a76f4bdb3fc5fbad219abd2eae4c9fd66e0,b0ee16f423c590c7b2825b45a2197bc867f6dc9afd6aafdf9bd17b05322b1253,0.7658,0.48445333333333346,0.73776,0.47122,0.61034,1.803088059425354
training_dense_testing_sparse,cifar10,vit_small,grayscale,dense0_compact_test,dense,compact,native_contrast,10,2,heldout_val,45000,10000,7a468df5417d7d3950f1f9e49c91042979e4c5fbb42b913ac3ba45c6f2033f36,57aecea7ce2e2ba0f3404e42f970fcec3c6f73efde39eb408ed4d1b37f5ff27e,7babc96121d5f89850cbcc509af4ec2f9ce5f8ca5fa941133ff06758c159091f,0.7741,0.4874279999999999,0.74254,0.45709999999999995,0.6068800000000001,1.7844253227233886
training_dense_testing_sparse,cifar10,vit_small,raw,raw_compact_test,dense,compact,raw_pixels,10,0,heldout_val,45000,10000,f83a6cc8d4407063342656fae9ecd585c8987a34b3eb7349abb6c6835d3ac585,7c4187c643b7e210dc769d4c2b2adebfd5bcb5c678051889a482ac9b2ab223ad,a8369ed680009e45868b72c0316b8d39c74371d912ed437ff6bf9dc89488db33,0.6913,0.4470693333333334,0.56734,0.34293999999999997,0.45608000000000004,2.739044616127014
training_dense_testing_sparse,cifar10,vit_small,raw,raw_compact_test,dense,compact,raw_pixels,10,1,heldout_val,45000,10000,4bdabee0c1be12b643ca5d2abf293c11c8d6acf3d047ddd2865d056245214b55,4c7d3bdfe12fc4767b82d8a04998444f253fd482219117e5a74037bab11291e0,51013aa13debf7716aa0c9fa9d431e2a16cb1727a003497460469b5e728eaeb4,0.6984,0.4351173333333334,0.58388,0.36369999999999997,0.4704,2.767553116607666
training_dense_testing_sparse,cifar10,vit_small,raw,raw_compact_test,dense,compact,raw_pixels,10,2,heldout_val,45000,10000,35116e854c9dedde0efd9d812218d29681f562f88c4e63371fd7eceebc784457,f7fb9a510b03eacfb343f58adc54100633e5769550039ff5fdc3b510e3c521d4,92f9655eb068a90ffb82799f9d4939a1b20fefa95c7967c571e933859172321e,0.6963,0.4467346666666666,0.56974,0.34388,0.47186000000000006,2.8621453720092775
training_dense_testing_sparse,cifar10,vit_small,single_color,compact0_compact_test,compact,compact,native_contrast,10,0,heldout_val,45000,10000,bb02b7d38061061e5606363e9164b97a28629c20b7073b7358e8e7efba4ef160,6c7693736966d05473089485333caa39f5ea9412a85f3bf823332cf637710930,33444dbf27ccf9d09e9bc6815558429934b9b612bf912ef7c263e2fad03e2c1e,0.7644,0.4843266666666667,0.7159800000000001,0.43476,0.59558,1.9372911176681518
training_dense_testing_sparse,cifar10,vit_small,single_color,compact0_compact_test,compact,compact,native_contrast,10,1,heldout_val,45000,10000,bbac9cf43fd7c2dbeac3d60b90e70bc0a2ef1b5d24b06cb6497aee1240047965,5b8311a8aa46bd6cecaf4f2417880a3188f162add0a4e0f721118609026ffbaa,9c8bd1d942d5eebc735cbfd5c953e9e80365d176a194c9231b43ef9fc509a79c,0.7518,0.49715066666666663,0.7044,0.42868000000000006,0.59036,2.0726028743743896
training_dense_testing_sparse,cifar10,vit_small,single_color,compact0_compact_test,compact,compact,native_contrast,10,2,heldout_val,45000,10000,0deda99907f6864c7ae7287ed1476e4ba69b558046c3dd6186a4d85c9cffe22e,efcf0e6ea6fbacf210b9d43c1351af75ddaf98f8c1dac80575d3593f5ddcb72e,3fd91e2eda56a286994526f35b5dec72d05b5c1513e50fd3381168829ede49c7,0.7692,0.48532400000000003,0.72224,0.43953999999999993,0.59598,1.9117499256134034
training_dense_testing_sparse,cifar10,vit_small,single_color,dense0_compact_test,dense,compact,native_contrast,10,0,heldout_val,45000,10000,ab42e5d65f48f0807af06bc6224e5408424da2113a1aa4c402d7d11f2f3c8397,21106edd3e3e4f2bacc6e63f2d5b402c72aa4fea9caeb649aa226c4834d15dd4,9fa97932cb6c84ca661c56235128961714203d1ebfd34d4c9142695a6361bacf,0.7363,0.504964,0.69112,0.40935999999999995,0.56348,2.1471733775138855
training_dense_testing_sparse,cifar10,vit_small,single_color,dense0_compact_test,dense,compact,native_contrast,10,1,heldout_val,45000,10000,59d959725bac349f22301f3feabec2a50303355d14eace4ecedd9f819a46351b,9d853016cf8c900c62cb6c6fdbb4066bf90a2b4e590901146e2ce65b1ff53407,a14ddc5c19aa65cee18f9e67214fec43fad92bbdd3ee9a459ac0341fe3f3731c,0.727,0.51512,0.6872399999999999,0.40951999999999994,0.5601799999999999,2.1734712888717653
training_dense_testing_sparse,cifar10,vit_small,single_color,dense0_compact_test,dense,compact,native_contrast,10,2,heldout_val,45000,10000,f0fe5fcab4d546dca6663ca5061e27a0fa53ab272ef90c11cfa35eb9f0f2e5e9,0048945a41186e84bd9e2fddc350b109f7fc7d0ab9786cc2614ad863dcd3932d,2eeae4368927974e6744ec6a28e73efe04d841b8697a1cbf46ddb4dd42514b7a,0.7559,0.5007666666666667,0.7106199999999999,0.42784000000000005,0.58704,1.968886192893982
training_dense_testing_sparse,mnist,swin_tiny,grayscale,compact0_compact_test,compact,compact,native_contrast,10,0,heldout_val,55000,10000,36bf88c0e6699b4a2fb6441012ff5f4d998d3f5c908e256a83a9a140cb66e9d8,c4bb321da0a653a4d83650aa2b61fe4d98eec845b0e48d22e37a6897a1b5e94b,7b0a41b35e709e34296548f99714540de2cfe6fab7cd6d2b8d8850be56665407,0.9916,0.27443333333333336,0.3282,,0.2842,0.039636443662643434
training_dense_testing_sparse,mnist,swin_tiny,grayscale,compact0_compact_test,compact,compact,native_contrast,10,1,heldout_val,55000,10000,c44532f0e18669d4ddcdbd5211dc753e8bdf5f881565e408af720b4f1f8bc504,55ab18490b0225ea74dbcf9d59b84b29698eab03259fc268c2e33d812dfbccbd,27834ca7879cdcbc657227d83ee6209161fc84b956f9fc30765d0b5f59e7f707,0.9887,0.2788133333333333,0.3467,,0.2305,0.0525268440246582
training_dense_testing_sparse,mnist,swin_tiny,grayscale,compact0_compact_test,compact,compact,native_contrast,10,2,heldout_val,55000,10000,69018a9b674fa8ba8106122f6848456a154ad7fe8231f1c28d0d7916bb3c935e,7abb62874875d54f0145cf73f791ba245eb0df35d9978ec5c32893e053207307,984f081ec99d3e4bbdd3bdec162111e3b71fd5987938caf8959881f15ccd05d4,0.9892,0.25742666666666664,0.4536,,0.4176,0.04727136309146881
training_dense_testing_sparse,mnist,swin_tiny,grayscale,dense0_compact_test,dense,compact,native_contrast,10,0,heldout_val,55000,10000,84d6fb97aa9227ae87765f5c4ae72881df3aaef773f50f21f7a4176c404f4751,b5ba882ee04e81c45232c4005e9a820b60c8b46fc9026b6949f38be5e12dae2b,473ed25a586e0ea8fb93e4fadfcfd4e7e18bde623e0f22701c184b2da680520b,0.9346,0.35836,0.533,,0.4795,0.26943246536254883
training_dense_testing_sparse,mnist,swin_tiny,grayscale,dense0_compact_test,dense,compact,native_contrast,10,1,heldout_val,55000,10000,fd7ecd13c010b59c10d6cafd8cd2017f4f21b7907ac6cff0903b42393076954c,e6e682f99e0eee247ebb254b29f3eb44b9362a5a7ef446abce3bc043a51997fe,3c122f0fd1faf70a5670d3c6526b0c7197dc73ded514139a3796e6045a6fb776,0.877,0.36279333333333336,0.6441,,0.6346,0.5441901458740235
training_dense_testing_sparse,mnist,swin_tiny,grayscale,dense0_compact_test,dense,compact,native_contrast,10,2,heldout_val,55000,10000,3568a8610d6583d7fdd5d1685d50b28db22082ba33a435d899b9f2a3b94346ad,d702f30cdbb4eec392ad0ecc9abc4f74a4b031dc4dd9bd08fa1670b553a83e7d,b0393e9d1c0e15b51559e628483e2ed496574409f6794199f61ad346d461af16,0.898,0.3677,0.6084,,0.6038,0.43785708923339844
training_dense_testing_sparse,mnist,swin_tiny,raw,raw_compact_test,dense,compact,raw_pixels,10,0,heldout_val,55000,10000,ef42a07a39cd620d1e82d7890d0186c1b29010db873df5288c0b7a8ec647eae6,2862442744248fb27f135fca8176a4329e4389cf2b7a4b85035896938cfee3d1,4f4de1c96ce3171d528465ea583fe366ccbf1eeed9fc126ed5b29d61cc878836,0.8703,0.4611066666666667,0.1789,,0.4171,0.5335225738525391
training_dense_testing_sparse,mnist,swin_tiny,raw,raw_compact_test,dense,compact,raw_pixels,10,1,heldout_val,55000,10000,55138c54ca6d2ae09325dda706faff707b0a9c0c51d1a0e4d099d685ab30cc04,dd2cf2d226b36e5fad41f47fc00c9371fc35dbe4fac6f7d4f7fb27fb2ad731be,485f892a847b6dbcfdab4e13b46349e10ca7e3c0d81810dc50d69b0ada0c05f0,0.8608,0.4536066666666666,0.1365,,0.4207,0.5683327484130859
training_dense_testing_sparse,mnist,swin_tiny,raw,raw_compact_test,dense,compact,raw_pixels,10,2,heldout_val,55000,10000,9a17301fdeb45a0dbbc9d3ec55741ca4fc5e06bc3fa2cbf805ef53457cb8fcae,427b62eb15ab92cd151c4ecfeaec6ca4bd2a25585462fc549ffe8023437c74e7,dc141a26cd438bb05b5097a229bc10b348f6a1d7cb9696567fc85afbb8440cbe,0.8803,0.4393533333333333,0.1497,,0.3626,0.5174095031738282
training_dense_testing_sparse,mnist,vit_small,grayscale,compact0_compact_test,compact,compact,native_contrast,10,0,heldout_val,55000,10000,c69333db735684e51adf09c20ed48a8b5f962cb1a08d4896d1f98b3395bbe138,d606e0b6e7e1b8ca4140175f43e475d056088da48eedeac3bc3521ac5c8bd570,168dfdf4b1e77bdf998c5fcf65999cf6fb4a4b0c58b19ed9d0679fbe3a50e918,0.9789,0.3870133333333333,0.736,,0.2959,0.11483368522993696
training_dense_testing_sparse,mnist,vit_small,grayscale,compact0_compact_test,compact,compact,native_contrast,10,1,heldout_val,55000,10000,9c16155c4918dcfbe8c2c7be419f7402e7c5ce08f641aaaa7732b29897c9ed93,46894ed8e58b9a3d3a51017f67d68a2884c576e01bc3656e967ce685c146046a,bf2631dda7d9d271b18b8e9867cd79e4cb599f961d1d13de860454d586357601,0.9806,0.37645999999999996,0.8045,,0.3466,0.11431729362946935
training_dense_testing_sparse,mnist,vit_small,grayscale,compact0_compact_test,compact,compact,native_contrast,10,2,heldout_val,55000,10000,ee16309dd2888991a0dc5d41d51ff64e5309d87aa01b48a4cbbfbec684a4ae7d,3b7406c877e78f0bd976d436a0cb1901bf16f4b32fdcef07d9d01e73bda87ba9,d40eaf4227e611b4235f679e1f5b2f9f68901fb6a89907585a7aca9162a6769c,0.9816,0.38943333333333324,0.7417,,0.1855,0.12081501234754397
training_dense_testing_sparse,mnist,vit_small,grayscale,dense0_compact_test,dense,compact,native_contrast,10,0,heldout_val,55000,10000,07245ddcf69089afd7b59718e3aa9e05907cb98b1f51ff564234527758feb300,179475b8b5f1f60331c2ef36bed036328ffb8901f10573d5da34e3c145a3b99c,1febb833c97989dec964ce4247d5bb9f7f212d0d0ffea0016b5b7d6ef9e061db,0.5011,0.6036066666666666,0.9134,,0.4872,3.991655676269531
training_dense_testing_sparse,mnist,vit_small,grayscale,dense0_compact_test,dense,compact,native_contrast,10,1,heldout_val,55000,10000,3dfc2ef53bac179abe0477105d9614bfdc4e617d0ee4bd3bde887285064540fe,0c043582d4fd9fa02edf865269d1ba752080dec581307de85e519181414c7951,10a1c020e268e60f92a50cb1a938f7e478078107b9a7dd5bcd30e3f36dd50ae6,0.5311,0.5836666666666666,0.9283,,0.5628,3.9386391513824464
training_dense_testing_sparse,mnist,vit_small,grayscale,dense0_compact_test,dense,compact,native_contrast,10,2,heldout_val,55000,10000,98a5ac8cd0238a6e51d6a8a2dd0b0940603d482ac6c0e84ef118e11aaec8ec49,e6a832390c850cd02985baa89af74e5b5051e71fc8f593de29cbe32747013aef,04b23e1d894d5cd0ffacd122ef55cc5578fe60d76fbf71286f07dceb0d27c789,0.5104,0.6179066666666665,0.9252,,0.4057,3.821539167404175
training_dense_testing_sparse,mnist,vit_small,raw,raw_compact_test,dense,compact,raw_pixels,10,0,heldout_val,55000,10000,92359a2573a74f5bd351a72b167450dd93d346986c9826c989f7508a33d450bc,9523e74ba13da3f1257b0c8cdd3db4e72b6b2105c0f474976efa781683d41b85,3db92cbcafbbc2751e66333d710ad6f6ab62881147312fbf9142265b64fd326b,0.5934,0.5712133333333332,0.356,,0.4605,3.352714066696167
training_dense_testing_sparse,mnist,vit_small,raw,raw_compact_test,dense,compact,raw_pixels,10,1,heldout_val,55000,10000,3cfb09f1b9f8bc9110876e1f0dd77ffde7de9bf27a3c988bd5d595837c3679b7,30a8f281c2f4a12b308161a4e74780f51269070d10c8b2291ac201ba93d64059,acbec74b30d2bb2dbba09b75e00a22ce88387ed47cb09fa6403be759a89ac248,0.6893,0.53918,0.3984,,0.3915,2.3729216993331907
training_dense_testing_sparse,mnist,vit_small,raw,raw_compact_test,dense,compact,raw_pixels,10,2,heldout_val,55000,10000,d35d3c4aefad7f5c67d2f81640848ee906c66d4726b400fe970257eca7fcc4b8,62004fa6b787a704ff5ee13663dbbc1aeaa90c7b0b292b27c4d9b1a1f63a9d13,63bb2214a8ab262e48865109fcf46769e97d9659bc9e8d3557e8cd23394adc56,0.7678,0.5044266666666667,0.5382,,0.4036,1.6944616315841674
training_dense_testing_sparse,cifar10,swin_tiny,color_opponency,compact0_compact_test,compact,compact,native_contrast,20,0,heldout_val,45000,10000,cecdb9ef8628a0bbd873502aaa5d4537492dc579e3e045d2c75b9bcb840a6945,9d7e36c17a1b11431ddd5983e97333bbd9ef686bcc465342daf9c8ec1bd83b95,a1588df6cc4aa446ef6729c07ec425d9f89c93cfbeb71b723f0b336b231ea48d,0.8649,0.40421466666666667,0.83744,0.62438,0.7858799999999999,0.6442834915161133
training_dense_testing_sparse,cifar10,swin_tiny,color_opponency,compact0_compact_test,compact,compact,native_contrast,20,1,heldout_val,45000,10000,bffad2fb274174b4cf1c9128e3f4d1b0ebda1e23e8cf7f7bfe5f52a8ba5718d5,c403b99bf33af770f40ecb7d3c76bcc4102ff526634f91617ca65592a08e1165,238361a79e91c52e2fd36d712b98e970b6286e5316b2293833aade616d11c014,0.8686,0.40155199999999996,0.83972,0.6279600000000001,0.7914399999999999,0.653436636352539
training_dense_testing_sparse,cifar10,swin_tiny,color_opponency,compact0_compact_test,compact,compact,native_contrast,20,2,heldout_val,45000,10000,173156b3bd3379cf3d25aacc8ae3eb8e9970a275c645d9f36bb02e0318c182ca,ea629ccde3be32deeb2c1656cec1eb4897373704ceb225ed7f589eed94971777,7858973d124027dfd76efc8522165b34da42f801109350bfe9edf5588b99ca59,0.8688,0.40277199999999996,0.8378,0.61568,0.78264,0.6404109146118164
training_dense_testing_sparse,cifar10,swin_tiny,color_opponency,dense0_compact_test,dense,compact,native_contrast,20,0,heldout_val,45000,10000,a60a0e9fe4746b2f1de5acfe016ab57ead37e515cb614b10f16a303d6125ec17,4cab161dfa8f57ac6a963584e4f73127a9326055018cbb451c16e411d6862a04,fab9441233ae76a1b48e0b353942c30293499e8a2d4c2e9c062d73159e012032,0.8695,0.39908666666666665,0.8382999999999999,0.6187600000000001,0.78752,0.6237984619140625
training_dense_testing_sparse,cifar10,swin_tiny,color_opponency,dense0_compact_test,dense,compact,native_contrast,20,1,heldout_val,45000,10000,180a9b6921652c1f170056737d8d4b299848075fe38384550f6140b666442571,ce71b3e7c37122c31ceda252ac1b4682e62a536d29e7efaf233ad88167d499be,3a8d2f76403887b48ba87e6c04a928670d9aaf4079d21ba7ad87d5b9f491eeee,0.8673,0.398968,0.8393200000000001,0.6208,0.78834,0.6342897918701171
training_dense_testing_sparse,cifar10,swin_tiny,color_opponency,dense0_compact_test,dense,compact,native_contrast,20,2,heldout_val,45000,10000,cd0532d23feaf117ff7e029b56088e171bfee2fe39a043068b200cfc2573df56,4ff0673415733a5e2f08932f0272050f1e93613c1c64fc702befaa6b3cd5f276,70c047f178a68005810241c0e1315e68c21862bbc6485b102471e834d04345eb,0.8667,0.4059386666666667,0.83794,0.61154,0.7791599999999999,0.6439793518066407
training_dense_testing_sparse,cifar10,swin_tiny,grayscale,compact0_compact_test,compact,compact,native_contrast,20,0,heldout_val,45000,10000,ac76857153346544d59c9beeaa97f029ad811b4f2699b61ad5f9a23ada78303c,50ce11aa508fbda1645304f82cff6ba2768820828da7229937b68d2253a54a2d,71871ed8857981958b2a6b9df5f131d33fe3c006b362f05353a506a36ed60600,0.8334,0.4385266666666666,0.81426,0.59936,0.73066,0.6693285949707031
training_dense_testing_sparse,cifar10,swin_tiny,grayscale,compact0_compact_test,compact,compact,native_contrast,20,1,heldout_val,45000,10000,deab59fe2607482d4780e39d1a61981cea853b9a8242646916e81ecf42ba31ca,8eaa020f8ebfc4944bec1cc2713e5c43e822c5257e932a6cc991f4ec70d78e8d,13220bfdc33c9cf4650dd73e3a4527dfa123dcc569d5483e392ee4d87a3a871e,0.8299,0.4428026666666666,0.8103,0.5900799999999999,0.72606,0.7110271301269532
training_dense_testing_sparse,cifar10,swin_tiny,grayscale,compact0_compact_test,compact,compact,native_contrast,20,2,heldout_val,45000,10000,62f645cff7146f30117a5191094cd12b24172a60ba51e440ba433a47835b177f,c20ed5b62f941ad425a31c6cb2f8da4b789515d3fa014ce5719733364365e444,4138089fb907e02402ec0525f2bfcd503a06886e3b15de2814ef80480df2552b,0.8315,0.43999066666666664,0.81132,0.59364,0.7259800000000001,0.708643815612793
training_dense_testing_sparse,cifar10,swin_tiny,grayscale,dense0_compact_test,dense,compact,native_contrast,20,0,heldout_val,45000,10000,7ba783d08ff6e1128c4b29ee0ec7cfb2ecf158a23f09cad8b1a48d2dccb5d445,a4571968ae213501963e9bd8fc12069eaca2c92a4b292e37c54d8d4855368650,6044ca36b20c6e4930631bf254bbc49c2a6d007c28c6dad2e64d93d48d9ee944,0.833,0.4405933333333333,0.81448,0.59044,0.72398,0.6946546905517578
training_dense_testing_sparse,cifar10,swin_tiny,grayscale,dense0_compact_test,dense,compact,native_contrast,20,1,heldout_val,45000,10000,90a9dac7261edb1492ebcf55f679c72385e51f267b0a495e76f3dfb75941b115,2fd9aa427ca55b1e165a52b221835019633dd833fc7b3901dd3f791194035179,66b93a8751c67cb83a6b47d4ebe6c227e04004542fa77f67b1aa4696492cbb12,0.8297,0.43971466666666675,0.8088200000000001,0.5969599999999999,0.7260199999999999,0.7092803695678711
training_dense_testing_sparse,cifar10,swin_tiny,grayscale,dense0_compact_test,dense,compact,native_contrast,20,2,heldout_val,45000,10000,f33b1fa301039747050ab24562047f549c940eb63554e776f67ed1841ba74c09,2f5c82e6e912b00ee9b8f86408c483727b3d015b1d6d6462badf6c6f6f570b0f,2a3b7de47f7c3116c9ed4e26109dc713938f3a63e2267a4668905554b979f39b,0.8262,0.43926133333333334,0.8080400000000001,0.59644,0.7296000000000001,0.7079412277221679
training_dense_testing_sparse,cifar10,swin_tiny,raw,raw_compact_test,dense,compact,raw_pixels,20,0,heldout_val,45000,10000,fe1844cf975cece5a67d97d7ed0ccff934143c8c7a5c053e40b8f3a45056ac55,363a20a908c002877df662a4056014539f035a093e44af785d735cab741acd66,3292edaad6d1f81f87a8b508f23007e265f1506e12d81c7b47715ededb9a6546,0.719,0.4665666666666668,0.6437999999999999,0.42948000000000003,0.51038,1.7324544006347655
training_dense_testing_sparse,cifar10,swin_tiny,raw,raw_compact_test,dense,compact,raw_pixels,20,1,heldout_val,45000,10000,63f8205a5b65e79023515163807cb9967539cd5b089417db32858464009b4f5d,25dce42cd09b6f9f3b01cd41b55dcacac527a281d2640b15b6c3f9e95ea47743,fe659f7e7cc2bcded57c75ed5272930ea1d37c77549aaf2b6da6e7cb4dbf548b,0.7116,0.4778013333333334,0.63906,0.42018000000000005,0.49151999999999996,1.7829247833251953
training_dense_testing_sparse,cifar10,swin_tiny,raw,raw_compact_test,dense,compact,raw_pixels,20,2,heldout_val,45000,10000,9f2d5ae765d0cab12c7c98c8088012bb2c1f3acb7aaca79c87d44759d25a8fb5,47313a6e6a1f3eeb5173ac2dbf32754b3d9bba697221c794d03281c0c1c5268e,c0d05e70330b2102f46e929b2604e920636f02760a2b7ccac6c5cbb3b9b9012e,0.7088,0.4745306666666666,0.64204,0.41963999999999996,0.49666,1.8328341186523438
training_dense_testing_sparse,cifar10,swin_tiny,single_color,compact0_compact_test,compact,compact,native_contrast,20,0,heldout_val,45000,10000,14c8ee5b08d9df1a0672cbacd8784f62e4734b8c06620ccbe7114a5f1b758611,47afb6c98df5d1d410db077fb22fb3af086b2ec839ded2a38c17732e59aacffb,bb46a33dc8b69af65d8ca279b87ff17d18ff06059ac0030c0397ad03669c839c,0.8699,0.3961493333333333,0.84034,0.6185,0.7848999999999999,0.6236651351928711
training_dense_testing_sparse,cifar10,swin_tiny,single_color,compact0_compact_test,compact,compact,native_contrast,20,1,heldout_val,45000,10000,2ca85a8345d227e413d9ff43d9fa29e099efc04159e98d9d3ae9d7b98ec0e2dd,103825ae79d02e38f82108503bfd3c652b1cc9eae70f48b67a1fa4858712b161,b09d4231758cdc5f742a95c959b174a73f72e7eb7b5430e9f522d4a83a67b028,0.8687,0.39632000000000006,0.83998,0.61822,0.7814399999999999,0.6247600845336914
training_dense_testing_sparse,cifar10,swin_tiny,single_color,compact0_compact_test,compact,compact,native_contrast,20,2,heldout_val,45000,10000,1f7c317957deac95abea0f0cf5bd879f7699d6f05cf0493042c8a55824c012c0,6631a3355245362b7cb46c2507f8478cf150fc3190217c73b13660b51e2e0f91,54da0e293091a1938bc82ea8a6cabeabbb55debd9fdfcc96b5b795b3667b91f4,0.8679,0.39159466666666665,0.8401200000000001,0.62114,0.78178,0.6107450317382812
training_dense_testing_sparse,cifar10,swin_tiny,single_color,dense0_compact_test,dense,compact,native_contrast,20,0,heldout_val,45000,10000,8c2318d678c322e4a347ab8fd48f51b893c08fd64b605fcab22ea071309c67c2,d7dbc9322ece1a8ca3588f385689a3b8bf48811a6d424ea58af3b9fcd16c1017,74fce3b1d058b6cf57055516ceb85d442b7674eddb8950f5244b3a22cc35862f,0.8666,0.3949613333333334,0.83962,0.6113799999999999,0.78332,0.629700245666504
training_dense_testing_sparse,cifar10,swin_tiny,single_color,dense0_compact_test,dense,compact,native_contrast,20,1,heldout_val,45000,10000,e4f61b44158b81c8247d12eddc0d8f6ec28216df5a95251e8f9e6c6b489adcd7,35dca41d0ac9bfe4d35ab0bade9003a04244ef0610eff1941336fc1fab6965c8,b7af9c2326beb1db7fc4aba06b867583770ebfc6e2869cb6193ee752cc81fb63,0.8651,0.3968280000000001,0.8381000000000001,0.61764,0.77996,0.632607583618164
training_dense_testing_sparse,cifar10,swin_tiny,single_color,dense0_compact_test,dense,compact,native_contrast,20,2,heldout_val,45000,10000,690714a9fd7a8c2e7644c30d74a0129b9d2d65f4138d7d116454cfef22e373c7,7e4c333921bcdf1ae7125a12b39edf38fc1431b4f3c57140fa8117eba2926e25,9af4c0f5bd726b176994f562d5b5b3f4e326392003f27ce9b795221daa4a186e,0.8679,0.39510799999999996,0.8378599999999998,0.62166,0.78324,0.6181604110717773
training_dense_testing_sparse,cifar10,vit_small,color_opponency,compact0_compact_test,compact,compact,native_contrast,20,0,heldout_val,45000,10000,6b96f247dd08bb9de0fe702309a8257256c5fe9d0710d5819d09fe54bd8a78a4,99f7c909026449286cc12765848d13762a5794607419dad2886453b87d1d5c2b,37de2ec99f0e84cc52750431e5e654b4c4548ea78d057a8d1e9f8503629dde4d,0.7793,0.4803906666666667,0.72364,0.46298000000000006,0.6290199999999999,1.742706091117859
training_dense_testing_sparse,cifar10,vit_small,color_opponency,compact0_compact_test,compact,compact,native_contrast,20,1,heldout_val,45000,10000,5942c8147b457c1cfd2f0018aecb6c29bfe706f498857547bfc1868b3b4293fb,99deaa756701bf9031d92eaf19f5f483f1def9a730a2598be89f43bb48f7060f,cc6c4ff852a89054d605a64dc0da897019275dfbee1773e7b12502eea47dc741,0.7835,0.4772946666666666,0.7230000000000001,0.46674000000000004,0.6354799999999999,1.7098145505905151
training_dense_testing_sparse,cifar10,vit_small,color_opponency,compact0_compact_test,compact,compact,native_contrast,20,2,heldout_val,45000,10000,05ce96d906ccf72c19fb8f84e274d39fa898b37fe5ba2ce56a07105d0f29da28,edbd0b42c97be7489069dbd819c8f23a700a9314a9e14ff2910f5d28a9b9fff0,256c9aba780e83006c9b4051eb71e7675e73ec3353ddf4c9b36cc6d6a8f81b13,0.7708,0.4895093333333333,0.7190599999999999,0.4502999999999999,0.6198600000000001,1.8500982192993165
training_dense_testing_sparse,cifar10,vit_small,color_opponency,dense0_compact_test,dense,compact,native_contrast,20,0,heldout_val,45000,10000,5ca799d64e27f15c40a3ec25bb3a3b29d4e2c77b93047754721768dd26195eae,5f4f12483d6bffcea9d7cf594bb3ec45773bd95c9d9e0c3a6157b8fe9f1eada4,6ac6ab6efa8fe9667b6cfec2b439c1a483d484602b0dfdb7f1697805bfb32d49,0.7758,0.4851986666666666,0.7168,0.45982,0.62664,1.7758084941864014
training_dense_testing_sparse,cifar10,vit_small,color_opponency,dense0_compact_test,dense,compact,native_contrast,20,1,heldout_val,45000,10000,c2cb1b7282abcb0a837691fe9ea439ff47db1ecf35c367c25fb8f6f4dbd66fcd,932c27b89cd0950a4d8e0cf80edeb8218002979d0cc0de920e0747d6bc48477f,68d86b6eaac4b9181759fdf74d2ba1e58dec9a64c6c46a337f12d54d2ef69294,0.7809,0.4928626666666666,0.7256400000000001,0.44121999999999995,0.6161,1.7722805458068847
training_dense_testing_sparse,cifar10,vit_small,color_opponency,dense0_compact_test,dense,compact,native_contrast,20,2,heldout_val,45000,10000,50af0904db5d1c096a4c7aae6167150df72f3f888f9490535148114e0e7c5529,95098ae3219490a88cb3ac9569058867924a2e4a1c10b8361d682fdf4b8cf085,5996a511e29f768e94b52050b63e86d5c734908cfb89f071a0215dee0cf9ac41,0.7812,0.4847066666666666,0.72708,0.45987999999999996,0.62866,1.777420485687256
training_dense_testing_sparse,cifar10,vit_small,grayscale,compact0_compact_test,compact,compact,native_contrast,20,0,heldout_val,45000,10000,d5db17311e503692987d38568bfcdd1e1939797cdca6c95e3905a7f5ab64e7e9,d8153aabf4cb65d88719021088c63b073a6dbe7fc277fb8d0168b05fa2e6c297,5525bb3230ca1bd20fbb778be4c121a9cfef3bd270f0e4dae5015b2878d97c09,0.7573,0.4988,0.73434,0.45628,0.60074,1.9158913093566894
training_dense_testing_sparse,cifar10,vit_small,grayscale,compact0_compact_test,compact,compact,native_contrast,20,1,heldout_val,45000,10000,64edb169eb7d1a823dfcb342ac641cad83e6bdf6ba2551e251d7ee3eac28161c,1cb558cf21abe66590c5eaae71c1dc43bc95345ed0a2f4ef3ff30b8c687cc5d2,732d4a2c3a1c116592563e0a1d8079371f809743798db06af2996f6171bb5f8e,0.7721,0.4890426666666667,0.7456799999999999,0.45865999999999996,0.61112,1.8631281524658203
training_dense_testing_sparse,cifar10,vit_small,grayscale,compact0_compact_test,compact,compact,native_contrast,20,2,heldout_val,45000,10000,7beb22fef2cfa759bd877d1ffead5e452e3e022a702a34ca7d88339bfe0a8992,1e6a019be8f0ef3e57160a24647434471ef680b66664510ffb32b03c5490a20a,419b5bb3a9a427d926a6310430e09d188260807d9d1dad2bd5df3489496b119c,0.7618,0.4919533333333333,0.7333000000000001,0.45194,0.6026999999999999,1.8569668502807617
training_dense_testing_sparse,cifar10,vit_small,grayscale,dense0_compact_test,dense,compact,native_contrast,20,0,heldout_val,45000,10000,46cf001d7ea5dfaffece1a476dfabfa59fc1de2bfdb6cec91244ebe6ea072fd2,a85ea2d45003df5c622a0f517f11cef39eccc5391d7ae871c3debb3ebbde512b,b63dea18ba04ebec90aa387b94608ae909f9951b5f93072d2366e170a7e899a5,0.7446,0.5113613333333333,0.7139200000000001,0.45316,0.58682,1.9308143226623535
training_dense_testing_sparse,cifar10,vit_small,grayscale,dense0_compact_test,dense,compact,native_contrast,20,1,heldout_val,45000,10000,0e1e5fea00260d54000b83d232f3854db14848c3313c384f702eeaa9257b8c0a,d7e8fdda42566a324d96a826a9de4a76f4bdb3fc5fbad219abd2eae4c9fd66e0,b0ee16f423c590c7b2825b45a2197bc867f6dc9afd6aafdf9bd17b05322b1253,0.7604,0.4917946666666666,0.7336199999999999,0.4627199999999999,0.60404,1.8388986944198609
training_dense_testing_sparse,cifar10,vit_small,grayscale,dense0_compact_test,dense,compact,native_contrast,20,2,heldout_val,45000,10000,c105e5d5e2979ae1acf180426204db5fc2191f68438ff4c0d85c018c11768c36,57aecea7ce2e2ba0f3404e42f970fcec3c6f73efde39eb408ed4d1b37f5ff27e,7babc96121d5f89850cbcc509af4ec2f9ce5f8ca5fa941133ff06758c159091f,0.7702,0.4952213333333334,0.7395799999999999,0.45082000000000005,0.60042,1.7983113815307616
training_dense_testing_sparse,cifar10,vit_small,raw,raw_compact_test,dense,compact,raw_pixels,20,0,heldout_val,45000,10000,22e90071f51bf072da45a3df6d132d947d4d2705819fe26df4a92f2308f3b1c7,7c4187c643b7e210dc769d4c2b2adebfd5bcb5c678051889a482ac9b2ab223ad,a8369ed680009e45868b72c0316b8d39c74371d912ed437ff6bf9dc89488db33,0.6115,0.519652,0.48904,0.30741999999999997,0.38724,3.6948084995269777
training_dense_testing_sparse,cifar10,vit_small,raw,raw_compact_test,dense,compact,raw_pixels,20,1,heldout_val,45000,10000,437de4e667f191bee411354d27616a0e027cf7190d1b82a9a2d6d17b3347449c,4c7d3bdfe12fc4767b82d8a04998444f253fd482219117e5a74037bab11291e0,51013aa13debf7716aa0c9fa9d431e2a16cb1727a003497460469b5e728eaeb4,0.6151,0.5042266666666667,0.49712000000000006,0.3324,0.41869999999999996,3.7653143104553224
training_dense_testing_sparse,cifar10,vit_small,raw,raw_compact_test,dense,compact,raw_pixels,20,2,heldout_val,45000,10000,900e86c908eaf6a26b83ac6be2870421adad1cac9c0b26d09ac10d82be0c2c25,f7fb9a510b03eacfb343f58adc54100633e5769550039ff5fdc3b510e3c521d4,92f9655eb068a90ffb82799f9d4939a1b20fefa95c7967c571e933859172321e,0.5982,0.5231853333333334,0.4799199999999999,0.30707999999999996,0.40152,4.0073595642089845
training_dense_testing_sparse,cifar10,vit_small,single_color,compact0_compact_test,compact,compact,native_contrast,20,0,heldout_val,45000,10000,495c592935dff865573bdc418dac1a14a4529c255cf305dc97bd0b6575c55c48,6c7693736966d05473089485333caa39f5ea9412a85f3bf823332cf637710930,33444dbf27ccf9d09e9bc6815558429934b9b612bf912ef7c263e2fad03e2c1e,0.7609,0.48822666666666675,0.71286,0.43296,0.59286,1.9732935312271118
training_dense_testing_sparse,cifar10,vit_small,single_color,compact0_compact_test,compact,compact,native_contrast,20,1,heldout_val,45000,10000,d95a997570531f1c618c6a3cdf49dafbd9638a99bb1585ef31495acdbbd623a9,5b8311a8aa46bd6cecaf4f2417880a3188f162add0a4e0f721118609026ffbaa,9c8bd1d942d5eebc735cbfd5c953e9e80365d176a194c9231b43ef9fc509a79c,0.7454,0.5010533333333334,0.7010799999999999,0.42686,0.58812,2.1035228252410887
training_dense_testing_sparse,cifar10,vit_small,single_color,compact0_compact_test,compact,compact,native_contrast,20,2,heldout_val,45000,10000,9193856ccb0306544f9494266a748e76c03473d5c5b58fb3476281db6b326847,efcf0e6ea6fbacf210b9d43c1351af75ddaf98f8c1dac80575d3593f5ddcb72e,3fd91e2eda56a286994526f35b5dec72d05b5c1513e50fd3381168829ede49c7,0.7632,0.4894586666666667,0.72046,0.43696,0.5946,1.9342417222976684
training_dense_testing_sparse,cifar10,vit_small,single_color,dense0_compact_test,dense,compact,native_contrast,20,0,heldout_val,45000,10000,edd0445ae57cb8b612ba052620b8c6eec5e99b3bd587b2ccdf9a35a640c4e92a,21106edd3e3e4f2bacc6e63f2d5b402c72aa4fea9caeb649aa226c4834d15dd4,9fa97932cb6c84ca661c56235128961714203d1ebfd34d4c9142695a6361bacf,0.732,0.5087453333333334,0.68752,0.40721999999999997,0.56194,2.177678942680359
training_dense_testing_sparse,cifar10,vit_small,single_color,dense0_compact_test,dense,compact,native_contrast,20,1,heldout_val,45000,10000,1891cece0b6c1c1976d8285514c46f85fc0ff8ff68d38dcda71732a93128da2c,9d853016cf8c900c62cb6c6fdbb4066bf90a2b4e590901146e2ce65b1ff53407,a14ddc5c19aa65cee18f9e67214fec43fad92bbdd3ee9a459ac0341fe3f3731c,0.7246,0.5187933333333333,0.6839000000000001,0.40808,0.55798,2.201196167945862
training_dense_testing_sparse,cifar10,vit_small,single_color,dense0_compact_test,dense,compact,native_contrast,20,2,heldout_val,45000,10000,0a2e5446505e5b89a38bf88668697c898e6961d954a180ced2892536fff766bb,0048945a41186e84bd9e2fddc350b109f7fc7d0ab9786cc2614ad863dcd3932d,2eeae4368927974e6744ec6a28e73efe04d841b8697a1cbf46ddb4dd42514b7a,0.754,0.5047933333333333,0.70782,0.42622,0.5836600000000001,1.986579238319397
training_dense_testing_sparse,mnist,swin_tiny,grayscale,compact0_compact_test,compact,compact,native_contrast,20,0,heldout_val,55000,10000,5d20ef023aef5a0916a31b1c457934da17d1a95b4de1efc7c19e46db4fd181ee,c4bb321da0a653a4d83650aa2b61fe4d98eec845b0e48d22e37a6897a1b5e94b,7b0a41b35e709e34296548f99714540de2cfe6fab7cd6d2b8d8850be56665407,0.9916,0.27580000000000005,0.3068,,0.2823,0.03963644843101501
training_dense_testing_sparse,mnist,swin_tiny,grayscale,compact0_compact_test,compact,compact,native_contrast,20,1,heldout_val,55000,10000,26777eb30f20ea8abd82d3399d9462258db6727a42c120ffabb600ac23b42fd1,55ab18490b0225ea74dbcf9d59b84b29698eab03259fc268c2e33d812dfbccbd,27834ca7879cdcbc657227d83ee6209161fc84b956f9fc30765d0b5f59e7f707,0.9887,0.28004,0.32,,0.2306,0.0525268424987793
training_dense_testing_sparse,mnist,swin_tiny,grayscale,compact0_compact_test,compact,compact,native_contrast,20,2,heldout_val,55000,10000,d6d2e2676889d94671d37c81ce38a17a48f245f8cdf978d110c7f8fb185a009a,7abb62874875d54f0145cf73f791ba245eb0df35d9978ec5c32893e053207307,984f081ec99d3e4bbdd3bdec162111e3b71fd5987938caf8959881f15ccd05d4,0.9892,0.2596266666666666,0.4122,,0.4188,0.047271361696720124
training_dense_testing_sparse,mnist,swin_tiny,grayscale,dense0_compact_test,dense,compact,native_contrast,20,0,heldout_val,55000,10000,772b36ce81e6200cc4c0d2b16f7e81c0e7973efb2106679983539e8bbce1e14f,b5ba882ee04e81c45232c4005e9a820b60c8b46fc9026b6949f38be5e12dae2b,473ed25a586e0ea8fb93e4fadfcfd4e7e18bde623e0f22701c184b2da680520b,0.9346,0.3587133333333333,0.529,,0.4784,0.26943246536254883
training_dense_testing_sparse,mnist,swin_tiny,grayscale,dense0_compact_test,dense,compact,native_contrast,20,1,heldout_val,55000,10000,17a3eab1bed8584e13fd9659320a7523684198a6beddf0641f6b6fefb22cb6ea,e6e682f99e0eee247ebb254b29f3eb44b9362a5a7ef446abce3bc043a51997fe,3c122f0fd1faf70a5670d3c6526b0c7197dc73ded514139a3796e6045a6fb776,0.877,0.36535333333333336,0.6264,,0.6304,0.5441901336669922
training_dense_testing_sparse,mnist,swin_tiny,grayscale,dense0_compact_test,dense,compact,native_contrast,20,2,heldout_val,55000,10000,a55d75ddac5890abc57cf2d00ed00e8e9ddc64f8f418264d3380b61e5d339866,d702f30cdbb4eec392ad0ecc9abc4f74a4b031dc4dd9bd08fa1670b553a83e7d,b0393e9d1c0e15b51559e628483e2ed496574409f6794199f61ad346d461af16,0.898,0.36957999999999996,0.5857,,0.6033,0.43785712890625
training_dense_testing_sparse,mnist,swin_tiny,raw,raw_compact_test,dense,compact,raw_pixels,20,0,heldout_val,55000,10000,d33bcc44724dfa86a17f12a97295bc4f682e72b4a6ca8e870bab893caa7e5b39,2862442744248fb27f135fca8176a4329e4389cf2b7a4b85035896938cfee3d1,4f4de1c96ce3171d528465ea583fe366ccbf1eeed9fc126ed5b29d61cc878836,0.8703,0.46637333333333336,0.107,,0.41,0.5335225830078125
training_dense_testing_sparse,mnist,swin_tiny,raw,raw_compact_test,dense,compact,raw_pixels,20,1,heldout_val,55000,10000,4e0bf3a4e9d187c62bd60014603410e230da8e632545209c4e1a1466665e617a,dd2cf2d226b36e5fad41f47fc00c9371fc35dbe4fac6f7d4f7fb27fb2ad731be,485f892a847b6dbcfdab4e13b46349e10ca7e3c0d81810dc50d69b0ada0c05f0,0.8608,0.4527333333333334,0.1482,,0.4221,0.5683327331542969
training_dense_testing_sparse,mnist,swin_tiny,raw,raw_compact_test,dense,compact,raw_pixels,20,2,heldout_val,55000,10000,0e4e38831f3cb51d6a073e4d82f80f81616bf5e871c5605486c7d4bb4ced563f,427b62eb15ab92cd151c4ecfeaec6ca4bd2a25585462fc549ffe8023437c74e7,dc141a26cd438bb05b5097a229bc10b348f6a1d7cb9696567fc85afbb8440cbe,0.8803,0.43799333333333335,0.1649,,0.3678,0.517409536743164
training_dense_testing_sparse,mnist,vit_small,grayscale,compact0_compact_test,compact,compact,native_contrast,20,0,heldout_val,55000,10000,a7e47838857253bf8d996f82dea9be71c830e087a032da25cacc6efacf2ca37f,d606e0b6e7e1b8ca4140175f43e475d056088da48eedeac3bc3521ac5c8bd570,168dfdf4b1e77bdf998c5fcf65999cf6fb4a4b0c58b19ed9d0679fbe3a50e918,0.9789,0.38549333333333335,0.7545,,0.2976,0.11483368508986605
training_dense_testing_sparse,mnist,vit_small,grayscale,compact0_compact_test,compact,compact,native_contrast,20,1,heldout_val,55000,10000,658002ab42f7b3782795b7be4457cdf915290e43af6d8e29ae8a8e4d673eb5c5,46894ed8e58b9a3d3a51017f67d68a2884c576e01bc3656e967ce685c146046a,bf2631dda7d9d271b18b8e9867cd79e4cb599f961d1d13de860454d586357601,0.9806,0.3743666666666667,0.8374,,0.3487,0.11431729377252049
training_dense_testing_sparse,mnist,vit_small,grayscale,compact0_compact_test,compact,compact,native_contrast,20,2,heldout_val,55000,10000,7f611053bbb41a97bde31a9cabe9d36fa09f05c5ed967b0242f1efbc00287175,3b7406c877e78f0bd976d436a0cb1901bf16f4b32fdcef07d9d01e73bda87ba9,d40eaf4227e611b4235f679e1f5b2f9f68901fb6a89907585a7aca9162a6769c,0.9816,0.3877266666666666,0.7702,,0.1873,0.12081501405819726
training_dense_testing_sparse,mnist,vit_small,grayscale,dense0_compact_test,dense,compact,native_contrast,20,0,heldout_val,55000,10000,5490c6125d271ed47da569cb15200db4dbdc901fef45d47dccb39b2790adbfcc,179475b8b5f1f60331c2ef36bed036328ffb8901f10573d5da34e3c145a3b99c,1febb833c97989dec964ce4247d5bb9f7f212d0d0ffea0016b5b7d6ef9e061db,0.5011,0.60544,0.8891,,0.4831,3.991655676269531
training_dense_testing_sparse,mnist,vit_small,grayscale,dense0_compact_test,dense,compact,native_contrast,20,1,heldout_val,55000,10000,3d089110d177edf55c5343c850e20b29b769ac886a0c5bb448eb767685910c56,0c043582d4fd9fa02edf865269d1ba752080dec581307de85e519181414c7951,10a1c020e268e60f92a50cb1a938f7e478078107b9a7dd5bcd30e3f36dd50ae6,0.5311,0.58976,0.8414,,0.5558,3.93863920211792
training_dense_testing_sparse,mnist,vit_small,grayscale,dense0_compact_test,dense,compact,native_contrast,20,2,heldout_val,55000,10000,f5f3e75749294f30eb11bb7840c2ac981ec90d801eb79282bf0a22e55b562e9c,e6a832390c850cd02985baa89af74e5b5051e71fc8f593de29cbe32747013aef,04b23e1d894d5cd0ffacd122ef55cc5578fe60d76fbf71286f07dceb0d27c789,0.5104,0.6210199999999999,0.8812,,0.4045,3.8215391563415526
training_dense_testing_sparse,mnist,vit_small,raw,raw_compact_test,dense,compact,raw_pixels,20,0,heldout_val,55000,10000,91acfbe4e5a9897fd680dc9cee8b188dfd315205d0e50d9f6e8926cb2861a30e,9523e74ba13da3f1257b0c8cdd3db4e72b6b2105c0f474976efa781683d41b85,3db92cbcafbbc2751e66333d710ad6f6ab62881147312fbf9142265b64fd326b,0.5934,0.5713866666666667,0.3692,,0.4447,3.352714066696167
training_dense_testing_sparse,mnist,vit_small,raw,raw_compact_test,dense,compact,raw_pixels,20,1,heldout_val,55000,10000,8178001c618142414143e2bd93246e33cb04b4b814570307ce1b63b4de96451e,30a8f281c2f4a12b308161a4e74780f51269070d10c8b2291ac201ba93d64059,acbec74b30d2bb2dbba09b75e00a22ce88387ed47cb09fa6403be759a89ac248,0.6893,0.5315333333333333,0.495,,0.4096,2.3729217021942137
training_dense_testing_sparse,mnist,vit_small,raw,raw_compact_test,dense,compact,raw_pixels,20,2,heldout_val,55000,10000,71b5a3b696b5cb2f9b9de350673ae52e734cf06789d691547d05a20094f1d141,62004fa6b787a704ff5ee13663dbbc1aeaa90c7b0b292b27c4d9b1a1f63a9d13,63bb2214a8ab262e48865109fcf46769e97d9659bc9e8d3557e8cd23394adc56,0.7678,0.5030733333333335,0.5187,,0.4434,1.694461622619629
training_dense_testing_sparse,cifar10,swin_tiny,color_opponency,compact0_compact_test,compact,compact,native_contrast,30,0,heldout_val,45000,10000,6319daeadfbc25ea9b34d862f954600c0ce5a27e1df1b006a398a7c8715524ce,9d7e36c17a1b11431ddd5983e97333bbd9ef686bcc465342daf9c8ec1bd83b95,a1588df6cc4aa446ef6729c07ec425d9f89c93cfbeb71b723f0b336b231ea48d,0.8644,0.4055480000000001,0.83582,0.6223599999999999,0.7850400000000001,0.6453866302490234
training_dense_testing_sparse,cifar10,swin_tiny,color_opponency,compact0_compact_test,compact,compact,native_contrast,30,1,heldout_val,45000,10000,5b8e1998008fac93db4c49771ed2388877c3de54840ceb38ce882ef500e935c3,c403b99bf33af770f40ecb7d3c76bcc4102ff526634f91617ca65592a08e1165,238361a79e91c52e2fd36d712b98e970b6286e5316b2293833aade616d11c014,0.8664,0.4028386666666666,0.8397399999999999,0.6265000000000001,0.7906000000000001,0.6559319839477539
training_dense_testing_sparse,cifar10,swin_tiny,color_opponency,compact0_compact_test,compact,compact,native_contrast,30,2,heldout_val,45000,10000,0182dcdd196b80057051098f086291f01742d049314f9cfc2ce88516fc9f5207,ea629ccde3be32deeb2c1656cec1eb4897373704ceb225ed7f589eed94971777,7858973d124027dfd76efc8522165b34da42f801109350bfe9edf5588b99ca59,0.8685,0.4042693333333333,0.8369,0.61368,0.7809200000000001,0.6471486846923828
training_dense_testing_sparse,cifar10,swin_tiny,color_opponency,dense0_compact_test,dense,compact,native_contrast,30,0,heldout_val,45000,10000,a43fe3c790290c1e7ebaa6f6347f11bafa20b24e9acb830098698d795d81ccea,4cab161dfa8f57ac6a963584e4f73127a9326055018cbb451c16e411d6862a04,fab9441233ae76a1b48e0b353942c30293499e8a2d4c2e9c062d73159e012032,0.8684,0.4004493333333333,0.83798,0.6175200000000001,0.7862199999999999,0.6285070922851562
training_dense_testing_sparse,cifar10,swin_tiny,color_opponency,dense0_compact_test,dense,compact,native_contrast,30,1,heldout_val,45000,10000,dd65a3810c095a99f92e4631373a1443b650eb781baf879bd5b151c8907c8966,ce71b3e7c37122c31ceda252ac1b4682e62a536d29e7efaf233ad88167d499be,3a8d2f76403887b48ba87e6c04a928670d9aaf4079d21ba7ad87d5b9f491eeee,0.8669,0.40040133333333333,0.83934,0.6196400000000001,0.7876199999999999,0.6375213058471679
training_dense_testing_sparse,cifar10,swin_tiny,color_opponency,dense0_compact_test,dense,compact,native_contrast,30,2,heldout_val,45000,10000,b3e90385fc67caadf1b26d1b89fdb035584f289966124499240c39e2efca66f1,4ff0673415733a5e2f08932f0272050f1e93613c1c64fc702befaa6b3cd5f276,70c047f178a68005810241c0e1315e68c21862bbc6485b102471e834d04345eb,0.8648,0.407392,0.83712,0.61046,0.7786799999999999,0.6483139022827148
training_dense_testing_sparse,cifar10,swin_tiny,grayscale,compact0_compact_test,compact,compact,native_contrast,30,0,heldout_val,45000,10000,836ac26908e2a6be2da6138288c0cbb4f4325f539cd1d3d5a8e860eb73401186,50ce11aa508fbda1645304f82cff6ba2768820828da7229937b68d2253a54a2d,71871ed8857981958b2a6b9df5f131d33fe3c006b362f05353a506a36ed60600,0.8192,0.4522853333333334,0.8010800000000001,0.5818199999999999,0.716,0.724616928100586
training_dense_testing_sparse,cifar10,swin_tiny,grayscale,compact0_compact_test,compact,compact,native_contrast,30,1,heldout_val,45000,10000,b14120303736df48782bf1d4795bef0c76e2d48a834eae8c9d4e9058c8c92efa,8eaa020f8ebfc4944bec1cc2713e5c43e822c5257e932a6cc991f4ec70d78e8d,13220bfdc33c9cf4650dd73e3a4527dfa123dcc569d5483e392ee4d87a3a871e,0.8199,0.45585200000000003,0.79966,0.57168,0.7112200000000001,0.7623400817871093
training_dense_testing_sparse,cifar10,swin_tiny,grayscale,compact0_compact_test,compact,compact,native_contrast,30,2,heldout_val,45000,10000,316d358fb6257f6be0fd481d22b8c25993926afbc3e8da3e99f46081358237b2,c20ed5b62f941ad425a31c6cb2f8da4b789515d3fa014ce5719733364365e444,4138089fb907e02402ec0525f2bfcd503a06886e3b15de2814ef80480df2552b,0.819,0.4537093333333333,0.79994,0.57828,0.7112,0.7590535888671875
training_dense_testing_sparse,cifar10,swin_tiny,grayscale,dense0_compact_test,dense,compact,native_contrast,30,0,heldout_val,45000,10000,22311c1019d6ee667a4d8c51252fc03d8a62c7cf2f599744b28f9a2d0d8b33e7,a4571968ae213501963e9bd8fc12069eaca2c92a4b292e37c54d8d4855368650,6044ca36b20c6e4930631bf254bbc49c2a6d007c28c6dad2e64d93d48d9ee944,0.8213,0.4530266666666666,0.8018600000000001,0.5748200000000001,0.7108200000000001,0.7382875213623047
training_dense_testing_sparse,cifar10,swin_tiny,grayscale,dense0_compact_test,dense,compact,native_contrast,30,1,heldout_val,45000,10000,6faa91176592e6bf4716a9c9382e36191fe11e8ea67c538ea6cf3657fb132ea7,2fd9aa427ca55b1e165a52b221835019633dd833fc7b3901dd3f791194035179,66b93a8751c67cb83a6b47d4ebe6c227e04004542fa77f67b1aa4696492cbb12,0.8184,0.45189066666666666,0.7959,0.58108,0.71158,0.7555638488769532
training_dense_testing_sparse,cifar10,swin_tiny,grayscale,dense0_compact_test,dense,compact,native_contrast,30,2,heldout_val,45000,10000,c19820c7b9aa823eedec2debf76c2306ca13d22c0c1cb9e2d88eee5307a8c645,2f5c82e6e912b00ee9b8f86408c483727b3d015b1d6d6462badf6c6f6f570b0f,2a3b7de47f7c3116c9ed4e26109dc713938f3a63e2267a4668905554b979f39b,0.8173,0.453636,0.7947599999999999,0.57972,0.71306,0.763033708190918
training_dense_testing_sparse,cifar10,swin_tiny,raw,raw_compact_test,dense,compact,raw_pixels,30,0,heldout_val,45000,10000,1b143fc1ad6256551f70ccca0a0e04e8a96ed346f9c5283b6567e406fd08ceee,363a20a908c002877df662a4056014539f035a093e44af785d735cab741acd66,3292edaad6d1f81f87a8b508f23007e265f1506e12d81c7b47715ededb9a6546,0.6181,0.5406986666666668,0.5499799999999999,0.3941,0.44200000000000006,2.5752454528808593
training_dense_testing_sparse,cifar10,swin_tiny,raw,raw_compact_test,dense,compact,raw_pixels,30,1,heldout_val,45000,10000,c4e703e0aeb68ddd04df34981357c0c020840c006fe99abe9fc8469c243eae38,25dce42cd09b6f9f3b01cd41b55dcacac527a281d2640b15b6c3f9e95ea47743,fe659f7e7cc2bcded57c75ed5272930ea1d37c77549aaf2b6da6e7cb4dbf548b,0.6108,0.554492,0.5372600000000001,0.38194,0.42219999999999996,2.60068291015625
training_dense_testing_sparse,cifar10,swin_tiny,raw,raw_compact_test,dense,compact,raw_pixels,30,2,heldout_val,45000,10000,a8017cca5df8c8d0461d88be870ba314765e21ce9358c4b81990bc58e9bb4463,47313a6e6a1f3eeb5173ac2dbf32754b3d9bba697221c794d03281c0c1c5268e,c0d05e70330b2102f46e929b2604e920636f02760a2b7ccac6c5cbb3b9b9012e,0.6021,0.5539693333333333,0.54566,0.37662000000000007,0.4257999999999999,2.735825427246094
training_dense_testing_sparse,cifar10,swin_tiny,single_color,compact0_compact_test,compact,compact,native_contrast,30,0,heldout_val,45000,10000,8d8b857e3ee77e599dc10821c2171358d4c8e21d2c0c5a7b2bc16a062da280ab,47afb6c98df5d1d410db077fb22fb3af086b2ec839ded2a38c17732e59aacffb,bb46a33dc8b69af65d8ca279b87ff17d18ff06059ac0030c0397ad03669c839c,0.8607,0.40488799999999997,0.83302,0.6111599999999999,0.77584,0.6657194915771485
training_dense_testing_sparse,cifar10,swin_tiny,single_color,compact0_compact_test,compact,compact,native_contrast,30,1,heldout_val,45000,10000,38c25f77c6e7f909fa6f7a32f5a554fadfe67eccbf93cf45093a7a54e34b8a4c,103825ae79d02e38f82108503bfd3c652b1cc9eae70f48b67a1fa4858712b161,b09d4231758cdc5f742a95c959b174a73f72e7eb7b5430e9f522d4a83a67b028,0.8645,0.4042146666666666,0.8334999999999999,0.60972,0.77338,0.6565728515625
training_dense_testing_sparse,cifar10,swin_tiny,single_color,compact0_compact_test,compact,compact,native_contrast,30,2,heldout_val,45000,10000,882bd90bfee0ecde4aecc85eba99b58fc865fb8ddeb78408021a76f1fc16e65b,6631a3355245362b7cb46c2507f8478cf150fc3190217c73b13660b51e2e0f91,54da0e293091a1938bc82ea8a6cabeabbb55debd9fdfcc96b5b795b3667b91f4,0.8615,0.39965733333333325,0.8325999999999999,0.6131,0.77258,0.6433542022705078
training_dense_testing_sparse,cifar10,swin_tiny,single_color,dense0_compact_test,dense,compact,native_contrast,30,0,heldout_val,45000,10000,dee9f2184587f5291d794e148affeac7e91b7f1cccaa7997c537be7b2db39d13,d7dbc9322ece1a8ca3588f385689a3b8bf48811a6d424ea58af3b9fcd16c1017,74fce3b1d058b6cf57055516ceb85d442b7674eddb8950f5244b3a22cc35862f,0.8605,0.40467733333333344,0.8313,0.6005799999999999,0.77246,0.6692978576660156
training_dense_testing_sparse,cifar10,swin_tiny,single_color,dense0_compact_test,dense,compact,native_contrast,30,1,heldout_val,45000,10000,a1b6ab428e543491d915f9f34680371bc4283974b660bc2df8eaea2297de5d69,35dca41d0ac9bfe4d35ab0bade9003a04244ef0610eff1941336fc1fab6965c8,b7af9c2326beb1db7fc4aba06b867583770ebfc6e2869cb6193ee752cc81fb63,0.8635,0.406484,0.8326,0.6063,0.7696000000000001,0.6686546447753906
training_dense_testing_sparse,cifar10,swin_tiny,single_color,dense0_compact_test,dense,compact,native_contrast,30,2,heldout_val,45000,10000,810e151419cab2872f09a5eeec937174680e7d59803928c944e7b393d395ea6d,7e4c333921bcdf1ae7125a12b39edf38fc1431b4f3c57140fa8117eba2926e25,9af4c0f5bd726b176994f562d5b5b3f4e326392003f27ce9b795221daa4a186e,0.8589,0.4040893333333333,0.82904,0.6111399999999999,0.7736400000000001,0.6590159484863282
training_dense_testing_sparse,cifar10,vit_small,color_opponency,compact0_compact_test,compact,compact,native_contrast,30,0,heldout_val,45000,10000,d82aa980a813b34dd517a880642d42fc5313370ca62c5e661397d2b6f7f29327,99f7c909026449286cc12765848d13762a5794607419dad2886453b87d1d5c2b,37de2ec99f0e84cc52750431e5e654b4c4548ea78d057a8d1e9f8503629dde4d,0.7779,0.4821773333333333,0.72266,0.4617,0.6279200000000001,1.7592295352935792
training_dense_testing_sparse,cifar10,vit_small,color_opponency,compact0_compact_test,compact,compact,native_contrast,30,1,heldout_val,45000,10000,ca832feab190fb10b3ea9792158f61fd84abe5c3d67c0868d6b7fc621425408f,99deaa756701bf9031d92eaf19f5f483f1def9a730a2598be89f43bb48f7060f,cc6c4ff852a89054d605a64dc0da897019275dfbee1773e7b12502eea47dc741,0.7815,0.479436,0.72366,0.46557999999999994,0.6346200000000001,1.7243429321289063
training_dense_testing_sparse,cifar10,vit_small,color_opponency,compact0_compact_test,compact,compact,native_contrast,30,2,heldout_val,45000,10000,f3a43bdd88b2fee4e2aae47ff1583a209d99cf37e905d038fd362d51cdb1ab54,edbd0b42c97be7489069dbd819c8f23a700a9314a9e14ff2910f5d28a9b9fff0,256c9aba780e83006c9b4051eb71e7675e73ec3353ddf4c9b36cc6d6a8f81b13,0.7708,0.49124799999999996,0.7188,0.44883999999999996,0.6180999999999999,1.8591933769226074
training_dense_testing_sparse,cifar10,vit_small,color_opponency,dense0_compact_test,dense,compact,native_contrast,30,0,heldout_val,45000,10000,a6ecd1f424f7a07c91b5bf3bdafdd5b863cb1b56deb08317ae13314b07f28d17,5f4f12483d6bffcea9d7cf594bb3ec45773bd95c9d9e0c3a6157b8fe9f1eada4,6ac6ab6efa8fe9667b6cfec2b439c1a483d484602b0dfdb7f1697805bfb32d49,0.7741,0.4868399999999999,0.7164200000000001,0.45918000000000003,0.62588,1.7844453872680663
training_dense_testing_sparse,cifar10,vit_small,color_opponency,dense0_compact_test,dense,compact,native_contrast,30,1,heldout_val,45000,10000,be5fbb0e9f43e1aaddbaed6e550796474eba2f70ef6f39e76afbae7b322b4c0b,932c27b89cd0950a4d8e0cf80edeb8218002979d0cc0de920e0747d6bc48477f,68d86b6eaac4b9181759fdf74d2ba1e58dec9a64c6c46a337f12d54d2ef69294,0.7786,0.4948719999999999,0.72458,0.44038000000000005,0.61488,1.7786509143829345
training_dense_testing_sparse,cifar10,vit_small,color_opponency,dense0_compact_test,dense,compact,native_contrast,30,2,heldout_val,45000,10000,deb7024a014b24560733987748e2226480588858e53f3b23cd09bcaec884c4ff,95098ae3219490a88cb3ac9569058867924a2e4a1c10b8361d682fdf4b8cf085,5996a511e29f768e94b52050b63e86d5c734908cfb89f071a0215dee0cf9ac41,0.7799,0.48626533333333327,0.72652,0.45852000000000004,0.6272800000000001,1.7824819728851318
training_dense_testing_sparse,cifar10,vit_small,grayscale,compact0_compact_test,compact,compact,native_contrast,30,0,heldout_val,45000,10000,9e58723734902620dc673ccbbc86a54a2d1da0ebc3fe18e5c0c2b1f416af7b38,d8153aabf4cb65d88719021088c63b073a6dbe7fc277fb8d0168b05fa2e6c297,5525bb3230ca1bd20fbb778be4c121a9cfef3bd270f0e4dae5015b2878d97c09,0.7475,0.514764,0.72502,0.43768,0.58518,2.0449487102508543
training_dense_testing_sparse,cifar10,vit_small,grayscale,compact0_compact_test,compact,compact,native_contrast,30,1,heldout_val,45000,10000,b908b5502bf8d7a13b68a9f4aa90a671295427d540fdf4cc99db6d8cbb6457ab,1cb558cf21abe66590c5eaae71c1dc43bc95345ed0a2f4ef3ff30b8c687cc5d2,732d4a2c3a1c116592563e0a1d8079371f809743798db06af2996f6171bb5f8e,0.7588,0.506568,0.73358,0.43814000000000003,0.5902,1.981296057510376
training_dense_testing_sparse,cifar10,vit_small,grayscale,compact0_compact_test,compact,compact,native_contrast,30,2,heldout_val,45000,10000,c21afd8fc6d4cae961ee516eb0ecca24f660e6590c5f5edf1f032e28d3a7fd13,1e6a019be8f0ef3e57160a24647434471ef680b66664510ffb32b03c5490a20a,419b5bb3a9a427d926a6310430e09d188260807d9d1dad2bd5df3489496b119c,0.7484,0.5089533333333333,0.7248199999999999,0.43416,0.5833999999999999,1.971256491279602
training_dense_testing_sparse,cifar10,vit_small,grayscale,dense0_compact_test,dense,compact,native_contrast,30,0,heldout_val,45000,10000,6021f690072ac464c51e99d557a32c345f4c13cce36cee44226767e178d5bb35,a85ea2d45003df5c622a0f517f11cef39eccc5391d7ae871c3debb3ebbde512b,b63dea18ba04ebec90aa387b94608ae909f9951b5f93072d2366e170a7e899a5,0.7268,0.5292946666666666,0.69748,0.43424000000000007,0.5663199999999999,2.0538230365753174
training_dense_testing_sparse,cifar10,vit_small,grayscale,dense0_compact_test,dense,compact,native_contrast,30,1,heldout_val,45000,10000,fa544b7bdf7776cc81c1e9af259c652596aec3cb0ab9679017a84a670d6dd03a,d7e8fdda42566a324d96a826a9de4a76f4bdb3fc5fbad219abd2eae4c9fd66e0,b0ee16f423c590c7b2825b45a2197bc867f6dc9afd6aafdf9bd17b05322b1253,0.7439,0.5098333333333332,0.72136,0.44521999999999995,0.58388,1.9807120433807373
training_dense_testing_sparse,cifar10,vit_small,grayscale,dense0_compact_test,dense,compact,native_contrast,30,2,heldout_val,45000,10000,ce113290c94ebfd8ac7d1863fa7b31a01aa2acccd037c82877311267eb4c47b2,57aecea7ce2e2ba0f3404e42f970fcec3c6f73efde39eb408ed4d1b37f5ff27e,7babc96121d5f89850cbcc509af4ec2f9ce5f8ca5fa941133ff06758c159091f,0.7504,0.513132,0.7271799999999999,0.43392,0.5837800000000001,1.9335250595092774
training_dense_testing_sparse,cifar10,vit_small,raw,raw_compact_test,dense,compact,raw_pixels,30,0,heldout_val,45000,10000,6277eba60706b1b13b144fb611bb2b9c9c5f1a1a71c07ed25e1a3ca8a1a92b5a,7c4187c643b7e210dc769d4c2b2adebfd5bcb5c678051889a482ac9b2ab223ad,a8369ed680009e45868b72c0316b8d39c74371d912ed437ff6bf9dc89488db33,0.5165,0.586952,0.4143800000000001,0.27626,0.33454,4.618100425720215
training_dense_testing_sparse,cifar10,vit_small,raw,raw_compact_test,dense,compact,raw_pixels,30,1,heldout_val,45000,10000,74acd15cbf72ef1ca1143ae9333ac7af2a939085fe67799fc98e5ff7f2938470,4c7d3bdfe12fc4767b82d8a04998444f253fd482219117e5a74037bab11291e0,51013aa13debf7716aa0c9fa9d431e2a16cb1727a003497460469b5e728eaeb4,0.5343,0.5704386666666665,0.4288600000000001,0.29924,0.37014,4.668149098205566
training_dense_testing_sparse,cifar10,vit_small,raw,raw_compact_test,dense,compact,raw_pixels,30,2,heldout_val,45000,10000,a233595cc59f84133c3cafcbe06b857d7367b6816ae3f8a8abeef79328fce10a,f7fb9a510b03eacfb343f58adc54100633e5769550039ff5fdc3b510e3c521d4,92f9655eb068a90ffb82799f9d4939a1b20fefa95c7967c571e933859172321e,0.5155,0.5909879999999998,0.40808,0.27312,0.34314000000000006,5.046355187988281
training_dense_testing_sparse,cifar10,vit_small,single_color,compact0_compact_test,compact,compact,native_contrast,30,0,heldout_val,45000,10000,95fd92052f53cd270a0a840e41d74ece6f8f5b84c0122be3ecba14c612652776,6c7693736966d05473089485333caa39f5ea9412a85f3bf823332cf637710930,33444dbf27ccf9d09e9bc6815558429934b9b612bf912ef7c263e2fad03e2c1e,0.7498,0.4986693333333333,0.70424,0.42758,0.585,2.0497282707214355
training_dense_testing_sparse,cifar10,vit_small,single_color,compact0_compact_test,compact,compact,native_contrast,30,1,heldout_val,45000,10000,fc5f6b81611737ec4c5e8d34574ad80db4cab7336714256e6a533ba96fdcf5fb,5b8311a8aa46bd6cecaf4f2417880a3188f162add0a4e0f721118609026ffbaa,9c8bd1d942d5eebc735cbfd5c953e9e80365d176a194c9231b43ef9fc509a79c,0.736,0.5108453333333334,0.6923199999999999,0.422,0.5804600000000001,2.1660976516723633
training_dense_testing_sparse,cifar10,vit_small,single_color,compact0_compact_test,compact,compact,native_contrast,30,2,heldout_val,45000,10000,cde66b27c41305ae408d7f17d5e026780bb7c3b3a829904512ecb192629acd80,efcf0e6ea6fbacf210b9d43c1351af75ddaf98f8c1dac80575d3593f5ddcb72e,3fd91e2eda56a286994526f35b5dec72d05b5c1513e50fd3381168829ede49c7,0.7536,0.5002933333333333,0.7108800000000001,0.42976000000000003,0.5868399999999999,2.0146008165359497
training_dense_testing_sparse,cifar10,vit_small,single_color,dense0_compact_test,dense,compact,native_contrast,30,0,heldout_val,45000,10000,80bb00354a9b8f51aa45cdbb17caaed4637b5134d6b1c1b453c5008d90d14398,21106edd3e3e4f2bacc6e63f2d5b402c72aa4fea9caeb649aa226c4834d15dd4,9fa97932cb6c84ca661c56235128961714203d1ebfd34d4c9142695a6361bacf,0.7212,0.5189813333333334,0.67656,0.4027,0.55408,2.250432764816284
training_dense_testing_sparse,cifar10,vit_small,single_color,dense0_compact_test,dense,compact,native_contrast,30,1,heldout_val,45000,10000,8ab27d3e831033782045944bcc4727ef292caff8e5cf7e57eaa3fe69e37cd036,9d853016cf8c900c62cb6c6fdbb4066bf90a2b4e590901146e2ce65b1ff53407,a14ddc5c19aa65cee18f9e67214fec43fad92bbdd3ee9a459ac0341fe3f3731c,0.7161,0.5291946666666667,0.6753799999999999,0.40282,0.55192,2.2592425708770754
training_dense_testing_sparse,cifar10,vit_small,single_color,dense0_compact_test,dense,compact,native_contrast,30,2,heldout_val,45000,10000,617eb0b37d21d3722cff3c85f1742b8112c65c2c3033e7de8bfd702302cf23f7,0048945a41186e84bd9e2fddc350b109f7fc7d0ab9786cc2614ad863dcd3932d,2eeae4368927974e6744ec6a28e73efe04d841b8697a1cbf46ddb4dd42514b7a,0.7416,0.5158226666666667,0.69524,0.41929999999999995,0.5738800000000001,2.068183291053772
training_dense_testing_sparse,mnist,swin_tiny,grayscale,compact0_compact_test,compact,compact,native_contrast,30,0,heldout_val,55000,10000,eaa97b9933509ee55a72256fac33437bc0d492baa91603e8d2e39a4b1f09a811,c4bb321da0a653a4d83650aa2b61fe4d98eec845b0e48d22e37a6897a1b5e94b,7b0a41b35e709e34296548f99714540de2cfe6fab7cd6d2b8d8850be56665407,0.9916,0.27967333333333333,0.3022,,0.2775,0.03963644843101501
training_dense_testing_sparse,mnist,swin_tiny,grayscale,compact0_compact_test,compact,compact,native_contrast,30,1,heldout_val,55000,10000,b752565cf4b2f529931cb6c3c733548cf7f47fdf78f47fe8ef6cad269267e99f,55ab18490b0225ea74dbcf9d59b84b29698eab03259fc268c2e33d812dfbccbd,27834ca7879cdcbc657227d83ee6209161fc84b956f9fc30765d0b5f59e7f707,0.9887,0.2823533333333333,0.3236,,0.2343,0.0525268424987793
training_dense_testing_sparse,mnist,swin_tiny,grayscale,compact0_compact_test,compact,compact,native_contrast,30,2,heldout_val,55000,10000,cee679929d225e184a4b7871fc23de15ab59ff8adeba07352e41c776e7b28082,7abb62874875d54f0145cf73f791ba245eb0df35d9978ec5c32893e053207307,984f081ec99d3e4bbdd3bdec162111e3b71fd5987938caf8959881f15ccd05d4,0.9892,0.26354,0.3965,,0.4159,0.047271361696720124
training_dense_testing_sparse,mnist,swin_tiny,grayscale,dense0_compact_test,dense,compact,native_contrast,30,0,heldout_val,55000,10000,e315579fc65c74a6a2ac4be836b0808030fc8847c8571d2dea8ce9e2e151a652,b5ba882ee04e81c45232c4005e9a820b60c8b46fc9026b6949f38be5e12dae2b,473ed25a586e0ea8fb93e4fadfcfd4e7e18bde623e0f22701c184b2da680520b,0.9346,0.3678533333333333,0.4383,,0.4666,0.2694324760437012
training_dense_testing_sparse,mnist,swin_tiny,grayscale,dense0_compact_test,dense,compact,native_contrast,30,1,heldout_val,55000,10000,50ae6ef6de18e47c3391be16729649ecb074913fa3f992261b95b6eb76fa9d25,e6e682f99e0eee247ebb254b29f3eb44b9362a5a7ef446abce3bc043a51997fe,3c122f0fd1faf70a5670d3c6526b0c7197dc73ded514139a3796e6045a6fb776,0.877,0.3763666666666667,0.5444,,0.6114,0.5441901336669922
training_dense_testing_sparse,mnist,swin_tiny,grayscale,dense0_compact_test,dense,compact,native_contrast,30,2,heldout_val,55000,10000,2bab1eeec20c4c87616e216b866152426c77c79d62059c54f29677697c66ebeb,d702f30cdbb4eec392ad0ecc9abc4f74a4b031dc4dd9bd08fa1670b553a83e7d,b0393e9d1c0e15b51559e628483e2ed496574409f6794199f61ad346d461af16,0.898,0.3754066666666667,0.5442,,0.5939,0.43785712890625
training_dense_testing_sparse,mnist,swin_tiny,raw,raw_compact_test,dense,compact,raw_pixels,30,0,heldout_val,55000,10000,4ec219edcc45a0f5982a28077c2cedc4493927c48bb3162a695d3284ca4a51eb,2862442744248fb27f135fca8176a4329e4389cf2b7a4b85035896938cfee3d1,4f4de1c96ce3171d528465ea583fe366ccbf1eeed9fc126ed5b29d61cc878836,0.8703,0.45986,0.1926,,0.4223,0.5335225738525391
training_dense_testing_sparse,mnist,swin_tiny,raw,raw_compact_test,dense,compact,raw_pixels,30,1,heldout_val,55000,10000,6093ee5d334c8dc1f38794e3522454c570a32bee2155fe2432f2443718271347,dd2cf2d226b36e5fad41f47fc00c9371fc35dbe4fac6f7d4f7fb27fb2ad731be,485f892a847b6dbcfdab4e13b46349e10ca7e3c0d81810dc50d69b0ada0c05f0,0.8608,0.44976,0.1799,,0.4365,0.5683327331542969
training_dense_testing_sparse,mnist,swin_tiny,raw,raw_compact_test,dense,compact,raw_pixels,30,2,heldout_val,55000,10000,e13245319765ceed3e3998c3f7fe4bec6df071300a2b8f8a576fb71c65a53ff8,427b62eb15ab92cd151c4ecfeaec6ca4bd2a25585462fc549ffe8023437c74e7,dc141a26cd438bb05b5097a229bc10b348f6a1d7cb9696567fc85afbb8440cbe,0.8803,0.4366666666666667,0.1687,,0.3841,0.5174095031738282
training_dense_testing_sparse,mnist,vit_small,grayscale,compact0_compact_test,compact,compact,native_contrast,30,0,heldout_val,55000,10000,4bf97887b116448b209c5b02f2dc6a610ee6244206c2c3060d7e290875e6d470,d606e0b6e7e1b8ca4140175f43e475d056088da48eedeac3bc3521ac5c8bd570,168dfdf4b1e77bdf998c5fcf65999cf6fb4a4b0c58b19ed9d0679fbe3a50e918,0.9789,0.3851866666666667,0.7148,,0.3038,0.11483368508986605
training_dense_testing_sparse,mnist,vit_small,grayscale,compact0_compact_test,compact,compact,native_contrast,30,1,heldout_val,55000,10000,36aef69f4e2f575763622fdfb3e6038b64454bbf1e6999f3d558b1403b39160f,46894ed8e58b9a3d3a51017f67d68a2884c576e01bc3656e967ce685c146046a,bf2631dda7d9d271b18b8e9867cd79e4cb599f961d1d13de860454d586357601,0.9806,0.37192000000000003,0.8293,,0.3605,0.11431729377252049
training_dense_testing_sparse,mnist,vit_small,grayscale,compact0_compact_test,compact,compact,native_contrast,30,2,heldout_val,55000,10000,6a57ef53eb6742f5a2a4d8f278c2a3699a75ce85da3b22277cf7822c9549bf4c,3b7406c877e78f0bd976d436a0cb1901bf16f4b32fdcef07d9d01e73bda87ba9,d40eaf4227e611b4235f679e1f5b2f9f68901fb6a89907585a7aca9162a6769c,0.9816,0.38489333333333325,0.7547,,0.1912,0.12081501405819726
training_dense_testing_sparse,mnist,vit_small,grayscale,dense0_compact_test,dense,compact,native_contrast,30,0,heldout_val,55000,10000,99aaaa80112afbfb822fbdcc651caa3877ca3772d3fb99eeb0e68a251781a42b,179475b8b5f1f60331c2ef36bed036328ffb8901f10573d5da34e3c145a3b99c,1febb833c97989dec964ce4247d5bb9f7f212d0d0ffea0016b5b7d6ef9e061db,0.5011,0.6198,0.7708,,0.4683,3.991655676269531
training_dense_testing_sparse,mnist,vit_small,grayscale,dense0_compact_test,dense,compact,native_contrast,30,1,heldout_val,55000,10000,9c6618bb17ce19608d1df0b9f4f45f4e698bf5d7982458b01ba1e3a688ee20b4,0c043582d4fd9fa02edf865269d1ba752080dec581307de85e519181414c7951,10a1c020e268e60f92a50cb1a938f7e478078107b9a7dd5bcd30e3f36dd50ae6,0.5311,0.6051066666666666,0.7262,,0.5407,3.93863920211792
training_dense_testing_sparse,mnist,vit_small,grayscale,dense0_compact_test,dense,compact,native_contrast,30,2,heldout_val,55000,10000,e0df18071ebb22a621f2c5f07f1a816aa4604a02f498269e0ee11ce2af8b8182,e6a832390c850cd02985baa89af74e5b5051e71fc8f593de29cbe32747013aef,04b23e1d894d5cd0ffacd122ef55cc5578fe60d76fbf71286f07dceb0d27c789,0.5104,0.6331266666666667,0.7804,,0.3956,3.8215391563415526
training_dense_testing_sparse,mnist,vit_small,raw,raw_compact_test,dense,compact,raw_pixels,30,0,heldout_val,55000,10000,f7804d2742a7eaf76a9ea31c9040163f506ebff14537e223959e5f719e681a27,9523e74ba13da3f1257b0c8cdd3db4e72b6b2105c0f474976efa781683d41b85,3db92cbcafbbc2751e66333d710ad6f6ab62881147312fbf9142265b64fd326b,0.5934,0.5737000000000001,0.3556,,0.4327,3.352714066696167
training_dense_testing_sparse,mnist,vit_small,raw,raw_compact_test,dense,compact,raw_pixels,30,1,heldout_val,55000,10000,a36a1cb32ed34b4dffd96a5fd384af5ed80180d1e20fec676918b5d1b60d2de3,30a8f281c2f4a12b308161a4e74780f51269070d10c8b2291ac201ba93d64059,acbec74b30d2bb2dbba09b75e00a22ce88387ed47cb09fa6403be759a89ac248,0.6893,0.5315733333333333,0.4967,,0.4173,2.3729217021942137
training_dense_testing_sparse,mnist,vit_small,raw,raw_compact_test,dense,compact,raw_pixels,30,2,heldout_val,55000,10000,57bfcbaa473b3ca3743e2ce91c56ac4dd7ce0a915eff926e66c6eaf11ef1bfbf,62004fa6b787a704ff5ee13663dbbc1aeaa90c7b0b292b27c4d9b1a1f63a9d13,63bb2214a8ab262e48865109fcf46769e97d9659bc9e8d3557e8cd23394adc56,0.7678,0.50146,0.5306,,0.4699,1.694461622619629
training_dense_testing_sparse,cifar10,swin_tiny,color_opponency,compact0_compact_test,compact,compact,native_contrast,40,0,heldout_val,45000,10000,302ebc30724bad7cd3456e509ab9e8752ea51390484a7271f0fecb73ad01e8b5,9d7e36c17a1b11431ddd5983e97333bbd9ef686bcc465342daf9c8ec1bd83b95,a1588df6cc4aa446ef6729c07ec425d9f89c93cfbeb71b723f0b336b231ea48d,0.8605,0.4087546666666666,0.8353999999999999,0.61976,0.78234,0.6569462844848633
training_dense_testing_sparse,cifar10,swin_tiny,color_opponency,compact0_compact_test,compact,compact,native_contrast,40,1,heldout_val,45000,10000,ce00b39dbbd8b538e58c57ef11c655d980ee769bc5a12c7914fdfcc96d6541d9,c403b99bf33af770f40ecb7d3c76bcc4102ff526634f91617ca65592a08e1165,238361a79e91c52e2fd36d712b98e970b6286e5316b2293833aade616d11c014,0.8647,0.4066306666666667,0.83776,0.62254,0.78804,0.6624152465820312
training_dense_testing_sparse,cifar10,swin_tiny,color_opponency,compact0_compact_test,compact,compact,native_contrast,40,2,heldout_val,45000,10000,0d2122273ed1c2b0cedf635841540873d102904975af8388d73772c94669f793,ea629ccde3be32deeb2c1656cec1eb4897373704ceb225ed7f589eed94971777,7858973d124027dfd76efc8522165b34da42f801109350bfe9edf5588b99ca59,0.8654,0.40853866666666666,0.8341199999999999,0.6098,0.7771,0.6600851287841797
training_dense_testing_sparse,cifar10,swin_tiny,color_opponency,dense0_compact_test,dense,compact,native_contrast,40,0,heldout_val,45000,10000,8a959b2f1ad713b5dfbb82a17149b40018811a7f759d92730a98b21b30e0af12,4cab161dfa8f57ac6a963584e4f73127a9326055018cbb451c16e411d6862a04,fab9441233ae76a1b48e0b353942c30293499e8a2d4c2e9c062d73159e012032,0.8648,0.404228,0.8363799999999999,0.6131800000000001,0.78162,0.6394903457641602
training_dense_testing_sparse,cifar10,swin_tiny,color_opponency,dense0_compact_test,dense,compact,native_contrast,40,1,heldout_val,45000,10000,483577f31c01873e7c9d2009d6f5890e1fc1e430fa23f433729d1dc6096a825a,ce71b3e7c37122c31ceda252ac1b4682e62a536d29e7efaf233ad88167d499be,3a8d2f76403887b48ba87e6c04a928670d9aaf4079d21ba7ad87d5b9f491eeee,0.8666,0.4044973333333333,0.83718,0.61588,0.7842600000000001,0.6434132522583008
training_dense_testing_sparse,cifar10,swin_tiny,color_opponency,dense0_compact_test,dense,compact,native_contrast,40,2,heldout_val,45000,10000,15abc6ebf169ae14545c06ad103f95f7338bf64e7371fb991ed603fe10ce1524,4ff0673415733a5e2f08932f0272050f1e93613c1c64fc702befaa6b3cd5f276,70c047f178a68005810241c0e1315e68c21862bbc6485b102471e834d04345eb,0.863,0.41162266666666664,0.8361000000000001,0.60494,0.7745,0.6580889053344726
training_dense_testing_sparse,cifar10,swin_tiny,grayscale,compact0_compact_test,compact,compact,native_contrast,40,0,heldout_val,45000,10000,299142938794b0f6df28105978fe8073e141a2b09cceeccdc5d65cd95ffde594,50ce11aa508fbda1645304f82cff6ba2768820828da7229937b68d2253a54a2d,71871ed8857981958b2a6b9df5f131d33fe3c006b362f05353a506a36ed60600,0.7955,0.47620799999999996,0.7759400000000001,0.55048,0.68552,0.8351493835449219
training_dense_testing_sparse,cifar10,swin_tiny,grayscale,compact0_compact_test,compact,compact,native_contrast,40,1,heldout_val,45000,10000,330906bc53c94b90cce2712dddd7274fe469c96ebfa395afc2c0d922207d5bf1,8eaa020f8ebfc4944bec1cc2713e5c43e822c5257e932a6cc991f4ec70d78e8d,13220bfdc33c9cf4650dd73e3a4527dfa123dcc569d5483e392ee4d87a3a871e,0.7923,0.48054133333333326,0.77324,0.54052,0.6756399999999999,0.8868679656982422
training_dense_testing_sparse,cifar10,swin_tiny,grayscale,compact0_compact_test,compact,compact,native_contrast,40,2,heldout_val,45000,10000,b8411e8e860403fcfd8d6e64ba09a3f587fd2cf9ca19edea5e0a8c5e0997a645,c20ed5b62f941ad425a31c6cb2f8da4b789515d3fa014ce5719733364365e444,4138089fb907e02402ec0525f2bfcd503a06886e3b15de2814ef80480df2552b,0.7929,0.4781893333333333,0.7734800000000001,0.54734,0.6783199999999999,0.8878792236328125
training_dense_testing_sparse,cifar10,swin_tiny,grayscale,dense0_compact_test,dense,compact,native_contrast,40,0,heldout_val,45000,10000,f9eda84a06426ba61c70a9f5046c0bdf4718b257b4910fee4abfac6191a51f0c,a4571968ae213501963e9bd8fc12069eaca2c92a4b292e37c54d8d4855368650,6044ca36b20c6e4930631bf254bbc49c2a6d007c28c6dad2e64d93d48d9ee944,0.7977,0.47619866666666666,0.7764599999999999,0.54348,0.6791400000000001,0.8632651596069336
training_dense_testing_sparse,cifar10,swin_tiny,grayscale,dense0_compact_test,dense,compact,native_contrast,40,1,heldout_val,45000,10000,b66d935ecf9538d752838d2ce14d0ba3fc1f9ed87dc6fbc1ccc54cef6c26feba,2fd9aa427ca55b1e165a52b221835019633dd833fc7b3901dd3f791194035179,66b93a8751c67cb83a6b47d4ebe6c227e04004542fa77f67b1aa4696492cbb12,0.7922,0.4751266666666666,0.7707799999999999,0.5511,0.68074,0.8692203475952148
training_dense_testing_sparse,cifar10,swin_tiny,grayscale,dense0_compact_test,dense,compact,native_contrast,40,2,heldout_val,45000,10000,0961e9467c9b8b29713182243dbd12455dd105ed8fb82bd7f9bfc5e38d60267a,2f5c82e6e912b00ee9b8f86408c483727b3d015b1d6d6462badf6c6f6f570b0f,2a3b7de47f7c3116c9ed4e26109dc713938f3a63e2267a4668905554b979f39b,0.7915,0.4798799999999999,0.77038,0.5474,0.67902,0.8791092864990234
training_dense_testing_sparse,cifar10,swin_tiny,raw,raw_compact_test,dense,compact,raw_pixels,40,0,heldout_val,45000,10000,c0a39276f08700bf8b46cb4e43dd56d565ae8913503a4e8e1b6bf612d24f2332,363a20a908c002877df662a4056014539f035a093e44af785d735cab741acd66,3292edaad6d1f81f87a8b508f23007e265f1506e12d81c7b47715ededb9a6546,0.5204,0.6081253333333334,0.46202,0.36245999999999995,0.38494,3.559750451660156
training_dense_testing_sparse,cifar10,swin_tiny,raw,raw_compact_test,dense,compact,raw_pixels,40,1,heldout_val,45000,10000,dfeca15cb50f66b0038e12fe71adcdc442e3fcfa51ab3f909ad7078319efd5fb,25dce42cd09b6f9f3b01cd41b55dcacac527a281d2640b15b6c3f9e95ea47743,fe659f7e7cc2bcded57c75ed5272930ea1d37c77549aaf2b6da6e7cb4dbf548b,0.5083,0.6262626666666667,0.4413,0.3403,0.36060000000000003,3.5835673583984375
training_dense_testing_sparse,cifar10,swin_tiny,raw,raw_compact_test,dense,compact,raw_pixels,40,2,heldout_val,45000,10000,038a28f67df6aea6b3d73bc60352474fe9aa2087439fcb3c5b43730e7921fa4d,47313a6e6a1f3eeb5173ac2dbf32754b3d9bba697221c794d03281c0c1c5268e,c0d05e70330b2102f46e929b2604e920636f02760a2b7ccac6c5cbb3b9b9012e,0.4983,0.6249386666666668,0.44828,0.33624,0.36526000000000003,3.713042639160156
training_dense_testing_sparse,cifar10,swin_tiny,single_color,compact0_compact_test,compact,compact,native_contrast,40,0,heldout_val,45000,10000,c141d3adb8cdb928edf67dd9bcef14308c99b2f6e0b366fbfd8225558f2715a2,47afb6c98df5d1d410db077fb22fb3af086b2ec839ded2a38c17732e59aacffb,bb46a33dc8b69af65d8ca279b87ff17d18ff06059ac0030c0397ad03669c839c,0.8426,0.42354133333333344,0.81314,0.59392,0.75434,0.7597992645263671
training_dense_testing_sparse,cifar10,swin_tiny,single_color,compact0_compact_test,compact,compact,native_contrast,40,1,heldout_val,45000,10000,060d1febf40d2828362b9f51c741af5cb9020355ad670ea931f4c270bb173d9e,103825ae79d02e38f82108503bfd3c652b1cc9eae70f48b67a1fa4858712b161,b09d4231758cdc5f742a95c959b174a73f72e7eb7b5430e9f522d4a83a67b028,0.8461,0.4218173333333333,0.8147,0.58958,0.74936,0.7299432174682617
training_dense_testing_sparse,cifar10,swin_tiny,single_color,compact0_compact_test,compact,compact,native_contrast,40,2,heldout_val,45000,10000,2614972b8ad7161d8d0b2cb76afd8fd9bfc45d46ba7b95a16b189e0270fdead2,6631a3355245362b7cb46c2507f8478cf150fc3190217c73b13660b51e2e0f91,54da0e293091a1938bc82ea8a6cabeabbb55debd9fdfcc96b5b795b3667b91f4,0.846,0.4165813333333333,0.81372,0.59346,0.75096,0.7180192474365235
training_dense_testing_sparse,cifar10,swin_tiny,single_color,dense0_compact_test,dense,compact,native_contrast,40,0,heldout_val,45000,10000,08b0cf029925fb44025a9c549a3c6e2443cf394d2b8a374e5726da52144d1b74,d7dbc9322ece1a8ca3588f385689a3b8bf48811a6d424ea58af3b9fcd16c1017,74fce3b1d058b6cf57055516ceb85d442b7674eddb8950f5244b3a22cc35862f,0.844,0.42389733333333324,0.8128200000000001,0.5781,0.74856,0.7420025177001953
training_dense_testing_sparse,cifar10,swin_tiny,single_color,dense0_compact_test,dense,compact,native_contrast,40,1,heldout_val,45000,10000,bb8105ca419b86a526da15c75bcf2a9b76b58fba52029ec2472f8872dadff651,35dca41d0ac9bfe4d35ab0bade9003a04244ef0610eff1941336fc1fab6965c8,b7af9c2326beb1db7fc4aba06b867583770ebfc6e2869cb6193ee752cc81fb63,0.8427,0.4259666666666667,0.81204,0.5832599999999999,0.7457600000000001,0.7591848999023437
training_dense_testing_sparse,cifar10,swin_tiny,single_color,dense0_compact_test,dense,compact,native_contrast,40,2,heldout_val,45000,10000,4020d6ad6fcfb2b6550dc5a1dd6b7852eabd69488e2ee26e257913f03b698949,7e4c333921bcdf1ae7125a12b39edf38fc1431b4f3c57140fa8117eba2926e25,9af4c0f5bd726b176994f562d5b5b3f4e326392003f27ce9b795221daa4a186e,0.8443,0.4226080000000001,0.8122400000000001,0.58666,0.74878,0.7419704315185547
training_dense_testing_sparse,cifar10,vit_small,color_opponency,compact0_compact_test,compact,compact,native_contrast,40,0,heldout_val,45000,10000,9acd1bae8e9b657fbd1ae7a12e708bfe8eb486defdfef8c775485212aa28d7ee,99f7c909026449286cc12765848d13762a5794607419dad2886453b87d1d5c2b,37de2ec99f0e84cc52750431e5e654b4c4548ea78d057a8d1e9f8503629dde4d,0.7732,0.48641466666666666,0.71994,0.45847999999999994,0.6243399999999999,1.8002097534179688
training_dense_testing_sparse,cifar10,vit_small,color_opponency,compact0_compact_test,compact,compact,native_contrast,40,1,heldout_val,45000,10000,7309551201a1142ab54b4d7513e7a5414b8277a2130fa9856e16f05c1c37afe4,99deaa756701bf9031d92eaf19f5f483f1def9a730a2598be89f43bb48f7060f,cc6c4ff852a89054d605a64dc0da897019275dfbee1773e7b12502eea47dc741,0.7759,0.484428,0.72014,0.4614999999999999,0.62988,1.7580142925262452
training_dense_testing_sparse,cifar10,vit_small,color_opponency,compact0_compact_test,compact,compact,native_contrast,40,2,heldout_val,45000,10000,6380f11bd41dfe85945a01241584c7756818022aee8d5604957871f79543a9bf,edbd0b42c97be7489069dbd819c8f23a700a9314a9e14ff2910f5d28a9b9fff0,256c9aba780e83006c9b4051eb71e7675e73ec3353ddf4c9b36cc6d6a8f81b13,0.7664,0.4960853333333333,0.71396,0.44554,0.6142200000000001,1.8967317192077637
training_dense_testing_sparse,cifar10,vit_small,color_opponency,dense0_compact_test,dense,compact,native_contrast,40,0,heldout_val,45000,10000,af18f06bec1b37dbc491f0bb4f34dd97356f317ae8a3715e2340cc0c8d65437e,5f4f12483d6bffcea9d7cf594bb3ec45773bd95c9d9e0c3a6157b8fe9f1eada4,6ac6ab6efa8fe9667b6cfec2b439c1a483d484602b0dfdb7f1697805bfb32d49,0.7712,0.4915693333333333,0.71224,0.45586000000000004,0.62044,1.8179904808044434
training_dense_testing_sparse,cifar10,vit_small,color_opponency,dense0_compact_test,dense,compact,native_contrast,40,1,heldout_val,45000,10000,53a1f965be38dc1bc2d939402dbe5d1b920ea1faf0f996b4799f40d193e3a4d4,932c27b89cd0950a4d8e0cf80edeb8218002979d0cc0de920e0747d6bc48477f,68d86b6eaac4b9181759fdf74d2ba1e58dec9a64c6c46a337f12d54d2ef69294,0.769,0.499436,0.7211000000000001,0.43762000000000006,0.61078,1.8197458045959474
training_dense_testing_sparse,cifar10,vit_small,color_opponency,dense0_compact_test,dense,compact,native_contrast,40,2,heldout_val,45000,10000,d7ea3c301e4a4fb995f920dc0e770f481634fae0aacdd67abc438f4abf7a2106,95098ae3219490a88cb3ac9569058867924a2e4a1c10b8361d682fdf4b8cf085,5996a511e29f768e94b52050b63e86d5c734908cfb89f071a0215dee0cf9ac41,0.7746,0.49020933333333333,0.7246,0.45506,0.623,1.8074318225860595
training_dense_testing_sparse,cifar10,vit_small,grayscale,compact0_compact_test,compact,compact,native_contrast,40,0,heldout_val,45000,10000,ecca62af9f01787d0134435aa6f68f3120f7718616a923447de30b6c2d3187a8,d8153aabf4cb65d88719021088c63b073a6dbe7fc277fb8d0168b05fa2e6c297,5525bb3230ca1bd20fbb778be4c121a9cfef3bd270f0e4dae5015b2878d97c09,0.7177,0.5441453333333334,0.69608,0.40312000000000003,0.5454,2.2473799102783203
training_dense_testing_sparse,cifar10,vit_small,grayscale,compact0_compact_test,compact,compact,native_contrast,40,1,heldout_val,45000,10000,6f631a632d253d5125c42084943c6577f4c0472800e8c5ba9452e4c796799ae0,1cb558cf21abe66590c5eaae71c1dc43bc95345ed0a2f4ef3ff30b8c687cc5d2,732d4a2c3a1c116592563e0a1d8079371f809743798db06af2996f6171bb5f8e,0.7283,0.539196,0.70202,0.39888,0.5457799999999999,2.282011164474487
training_dense_testing_sparse,cifar10,vit_small,grayscale,compact0_compact_test,compact,compact,native_contrast,40,2,heldout_val,45000,10000,0b9de53404b6336a32e3dad323e700b3038257c3e6997eb2ec00aec5c4ee5849,1e6a019be8f0ef3e57160a24647434471ef680b66664510ffb32b03c5490a20a,419b5bb3a9a427d926a6310430e09d188260807d9d1dad2bd5df3489496b119c,0.7181,0.5406653333333333,0.69512,0.39714,0.5405800000000001,2.2285713542938232
training_dense_testing_sparse,cifar10,vit_small,grayscale,dense0_compact_test,dense,compact,native_contrast,40,0,heldout_val,45000,10000,f087986ab8b04a01ecbd067c4ad991d7de30d45265bb9ac93dfb0f87a66c6ab1,a85ea2d45003df5c622a0f517f11cef39eccc5391d7ae871c3debb3ebbde512b,b63dea18ba04ebec90aa387b94608ae909f9951b5f93072d2366e170a7e899a5,0.6947,0.5602506666666667,0.66406,0.40228,0.53098,2.3256865547180174
training_dense_testing_sparse,cifar10,vit_small,grayscale,dense0_compact_test,dense,compact,native_contrast,40,1,heldout_val,45000,10000,1a3fc887acdc314d0ae62967657f39f01c895b1db88b14a7791593452bf933b1,d7e8fdda42566a324d96a826a9de4a76f4bdb3fc5fbad219abd2eae4c9fd66e0,b0ee16f423c590c7b2825b45a2197bc867f6dc9afd6aafdf9bd17b05322b1253,0.7125,0.543244,0.68588,0.40968,0.54222,2.2503300064086913
training_dense_testing_sparse,cifar10,vit_small,grayscale,dense0_compact_test,dense,compact,native_contrast,40,2,heldout_val,45000,10000,79ce307819b2e08e33d36e3f025fccb5d72acfc09217f643d512a48e4f21400a,57aecea7ce2e2ba0f3404e42f970fcec3c6f73efde39eb408ed4d1b37f5ff27e,7babc96121d5f89850cbcc509af4ec2f9ce5f8ca5fa941133ff06758c159091f,0.7175,0.5458413333333334,0.68994,0.40044,0.5398999999999999,2.214342922592163
training_dense_testing_sparse,cifar10,vit_small,raw,raw_compact_test,dense,compact,raw_pixels,40,0,heldout_val,45000,10000,1e61c3c68c7ccb03a10fdda8d75a9bcd4bc17efcb9e095f594c0a689711d7dd1,7c4187c643b7e210dc769d4c2b2adebfd5bcb5c678051889a482ac9b2ab223ad,a8369ed680009e45868b72c0316b8d39c74371d912ed437ff6bf9dc89488db33,0.4374,0.6445106666666666,0.35919999999999996,0.2524,0.29134,5.431020265197754
training_dense_testing_sparse,cifar10,vit_small,raw,raw_compact_test,dense,compact,raw_pixels,40,1,heldout_val,45000,10000,dc2462fb63d2b4f15753f749404f6d48a1c0c3b744fed8bde6f015a3d658e32d,4c7d3bdfe12fc4767b82d8a04998444f253fd482219117e5a74037bab11291e0,51013aa13debf7716aa0c9fa9d431e2a16cb1727a003497460469b5e728eaeb4,0.4508,0.6327759999999999,0.36256,0.27124000000000004,0.32944,5.567151118469238
training_dense_testing_sparse,cifar10,vit_small,raw,raw_compact_test,dense,compact,raw_pixels,40,2,heldout_val,45000,10000,015c2c4882071e936b5118ccbe2345d87e4e39edaad903864b526b89ed3381a1,f7fb9a510b03eacfb343f58adc54100633e5769550039ff5fdc3b510e3c521d4,92f9655eb068a90ffb82799f9d4939a1b20fefa95c7967c571e933859172321e,0.4325,0.65168,0.34587999999999997,0.24682000000000004,0.2939,6.068043472290039
training_dense_testing_sparse,cifar10,vit_small,single_color,compact0_compact_test,compact,compact,native_contrast,40,0,heldout_val,45000,10000,f5f1354012016e596c6a73d85f9461efe11f48041e9eaf339421712739347b34,6c7693736966d05473089485333caa39f5ea9412a85f3bf823332cf637710930,33444dbf27ccf9d09e9bc6815558429934b9b612bf912ef7c263e2fad03e2c1e,0.7256,0.5197186666666666,0.67764,0.4120799999999999,0.5621,2.2295828766822816
training_dense_testing_sparse,cifar10,vit_small,single_color,compact0_compact_test,compact,compact,native_contrast,40,1,heldout_val,45000,10000,0e0ef963bbd22e1ea335f1d1eb270d63ac78753b0f567a990e1b3af639b84531,5b8311a8aa46bd6cecaf4f2417880a3188f162add0a4e0f721118609026ffbaa,9c8bd1d942d5eebc735cbfd5c953e9e80365d176a194c9231b43ef9fc509a79c,0.7107,0.5303093333333333,0.66988,0.40814000000000006,0.56112,2.332186871337891
training_dense_testing_sparse,cifar10,vit_small,single_color,compact0_compact_test,compact,compact,native_contrast,40,2,heldout_val,45000,10000,ca8e33a79af6fa1ef80ce3dc180da01f794a760f0eeef885133d177c5591c60c,efcf0e6ea6fbacf210b9d43c1351af75ddaf98f8c1dac80575d3593f5ddcb72e,3fd91e2eda56a286994526f35b5dec72d05b5c1513e50fd3381168829ede49c7,0.7276,0.521104,0.6857,0.4170400000000001,0.5661799999999999,2.2189402894973753
training_dense_testing_sparse,cifar10,vit_small,single_color,dense0_compact_test,dense,compact,native_contrast,40,0,heldout_val,45000,10000,eb47069152318ee63fbd0f6c4a8eded835f1f19e559fae110d8e439411c710a1,21106edd3e3e4f2bacc6e63f2d5b402c72aa4fea9caeb649aa226c4834d15dd4,9fa97932cb6c84ca661c56235128961714203d1ebfd34d4c9142695a6361bacf,0.694,0.5399186666666667,0.6495,0.38970000000000005,0.5349799999999999,2.4424701988220217
training_dense_testing_sparse,cifar10,vit_small,single_color,dense0_compact_test,dense,compact,native_contrast,40,1,heldout_val,45000,10000,5ff12c772b319054d72c3962e593f6da013360fe839acfd9f72dfbc7398251c3,9d853016cf8c900c62cb6c6fdbb4066bf90a2b4e590901146e2ce65b1ff53407,a14ddc5c19aa65cee18f9e67214fec43fad92bbdd3ee9a459ac0341fe3f3731c,0.693,0.5502546666666668,0.64598,0.39076000000000005,0.5325,2.483186820220947
training_dense_testing_sparse,cifar10,vit_small,single_color,dense0_compact_test,dense,compact,native_contrast,40,2,heldout_val,45000,10000,d24c422a8cb0c0088be48b0a8f8615d3b0cc3a9a4bd83d0a862fb89c58f5d019,0048945a41186e84bd9e2fddc350b109f7fc7d0ab9786cc2614ad863dcd3932d,2eeae4368927974e6744ec6a28e73efe04d841b8697a1cbf46ddb4dd42514b7a,0.7176,0.5381693333333334,0.6688799999999999,0.40252,0.54906,2.260771461868286
training_dense_testing_sparse,mnist,swin_tiny,grayscale,compact0_compact_test,compact,compact,native_contrast,40,0,heldout_val,55000,10000,18b87375ce84b0506d8063bcacf7e7ec3e1319dc696f3cc02c1a6a643e3464d8,c4bb321da0a653a4d83650aa2b61fe4d98eec845b0e48d22e37a6897a1b5e94b,7b0a41b35e709e34296548f99714540de2cfe6fab7cd6d2b8d8850be56665407,0.9916,0.28348666666666666,0.3166,,0.2679,0.039636443662643434
training_dense_testing_sparse,mnist,swin_tiny,grayscale,compact0_compact_test,compact,compact,native_contrast,40,1,heldout_val,55000,10000,32df056af6471b8266135205bd7d8a014f30dbbeead136b74d336780f0de9aad,55ab18490b0225ea74dbcf9d59b84b29698eab03259fc268c2e33d812dfbccbd,27834ca7879cdcbc657227d83ee6209161fc84b956f9fc30765d0b5f59e7f707,0.9887,0.28392,0.3548,,0.2432,0.0525268440246582
training_dense_testing_sparse,mnist,swin_tiny,grayscale,compact0_compact_test,compact,compact,native_contrast,40,2,heldout_val,55000,10000,2e4c6be8edbcef62c594e1bab282f6b7468a8e1c44ce6615dd0994d06fadcd16,7abb62874875d54f0145cf73f791ba245eb0df35d9978ec5c32893e053207307,984f081ec99d3e4bbdd3bdec162111e3b71fd5987938caf8959881f15ccd05d4,0.9892,0.26163333333333333,0.4766,,0.4173,0.04727136309146881
training_dense_testing_sparse,mnist,swin_tiny,grayscale,dense0_compact_test,dense,compact,native_contrast,40,0,heldout_val,55000,10000,d2f3b1ca0240fc032e59ad59eb1fd6ab24b7a64f3d5d9b536a1dad91a3500a92,b5ba882ee04e81c45232c4005e9a820b60c8b46fc9026b6949f38be5e12dae2b,473ed25a586e0ea8fb93e4fadfcfd4e7e18bde623e0f22701c184b2da680520b,0.9346,0.3769733333333333,0.4065,,0.4327,0.26943246536254883
training_dense_testing_sparse,mnist,swin_tiny,grayscale,dense0_compact_test,dense,compact,native_contrast,40,1,heldout_val,55000,10000,984e7218d66b30ce39b7406567e6a044904bfd77803eb546cf291581fd6d2fd1,e6e682f99e0eee247ebb254b29f3eb44b9362a5a7ef446abce3bc043a51997fe,3c122f0fd1faf70a5670d3c6526b0c7197dc73ded514139a3796e6045a6fb776,0.877,0.3915666666666667,0.4937,,0.5515,0.5441901458740235
training_dense_testing_sparse,mnist,swin_tiny,grayscale,dense0_compact_test,dense,compact,native_contrast,40,2,heldout_val,55000,10000,0a33678d26149bee7fba3810cd7b3f5a2fa741af95a3dc9bbca3f83e94193616,d702f30cdbb4eec392ad0ecc9abc4f74a4b031dc4dd9bd08fa1670b553a83e7d,b0393e9d1c0e15b51559e628483e2ed496574409f6794199f61ad346d461af16,0.898,0.38688666666666666,0.5066,,0.5633,0.43785712890625
training_dense_testing_sparse,mnist,swin_tiny,raw,raw_compact_test,dense,compact,raw_pixels,40,0,heldout_val,55000,10000,5d5eed8f4aac596669a42d64982e59e977c3888536103901c7dedff13d4c87aa,2862442744248fb27f135fca8176a4329e4389cf2b7a4b85035896938cfee3d1,4f4de1c96ce3171d528465ea583fe366ccbf1eeed9fc126ed5b29d61cc878836,0.8703,0.4524,0.2975,,0.4483,0.5335225830078125
training_dense_testing_sparse,mnist,swin_tiny,raw,raw_compact_test,dense,compact,raw_pixels,40,1,heldout_val,55000,10000,448509a7d0adc743d2857d5ae7d7d8c805b62f15ad8e2f01752b76c067499e1e,dd2cf2d226b36e5fad41f47fc00c9371fc35dbe4fac6f7d4f7fb27fb2ad731be,485f892a847b6dbcfdab4e13b46349e10ca7e3c0d81810dc50d69b0ada0c05f0,0.8608,0.4436933333333333,0.2818,,0.4589,0.5683327484130859
training_dense_testing_sparse,mnist,swin_tiny,raw,raw_compact_test,dense,compact,raw_pixels,40,2,heldout_val,55000,10000,8fac63e8626a19cb5dcf1564f30cc4a0b13f1713ee5150dcf9d7dd0e658e3b79,427b62eb15ab92cd151c4ecfeaec6ca4bd2a25585462fc549ffe8023437c74e7,dc141a26cd438bb05b5097a229bc10b348f6a1d7cb9696567fc85afbb8440cbe,0.8803,0.42886,0.2619,,0.4382,0.517409536743164
training_dense_testing_sparse,mnist,vit_small,grayscale,compact0_compact_test,compact,compact,native_contrast,40,0,heldout_val,55000,10000,360ac8c591269c0a6dcbc4c5fef4894091359d5da971859b2398e719db2cf343,d606e0b6e7e1b8ca4140175f43e475d056088da48eedeac3bc3521ac5c8bd570,168dfdf4b1e77bdf998c5fcf65999cf6fb4a4b0c58b19ed9d0679fbe3a50e918,0.9789,0.38315333333333335,0.7241,,0.3247,0.11483368508986605
training_dense_testing_sparse,mnist,vit_small,grayscale,compact0_compact_test,compact,compact,native_contrast,40,1,heldout_val,55000,10000,2f74d66d88656f964d8d9c8841f21afa4955ce5deef828ab4ca9dd416585b6a0,46894ed8e58b9a3d3a51017f67d68a2884c576e01bc3656e967ce685c146046a,bf2631dda7d9d271b18b8e9867cd79e4cb599f961d1d13de860454d586357601,0.9806,0.36909333333333333,0.8123,,0.3973,0.11431729377252049
training_dense_testing_sparse,mnist,vit_small,grayscale,compact0_compact_test,compact,compact,native_contrast,40,2,heldout_val,55000,10000,ecae2c7495ae092143f70ebd39c6d0425dda796c98e0b95480ea83d83eb2bdca,3b7406c877e78f0bd976d436a0cb1901bf16f4b32fdcef07d9d01e73bda87ba9,d40eaf4227e611b4235f679e1f5b2f9f68901fb6a89907585a7aca9162a6769c,0.9816,0.38256666666666667,0.7484,,0.2136,0.12081501405819726
training_dense_testing_sparse,mnist,vit_small,grayscale,dense0_compact_test,dense,compact,native_contrast,40,0,heldout_val,55000,10000,ab1958b89c1ce445984c4dfb61a8f93995760d8a9e51e792379ea5c5b18796d2,179475b8b5f1f60331c2ef36bed036328ffb8901f10573d5da34e3c145a3b99c,1febb833c97989dec964ce4247d5bb9f7f212d0d0ffea0016b5b7d6ef9e061db,0.5011,0.6445866666666668,0.5372,,0.4209,3.991655676269531
training_dense_testing_sparse,mnist,vit_small,grayscale,dense0_compact_test,dense,compact,native_contrast,40,1,heldout_val,55000,10000,4dadd72b9b6b1d66f1ed39a7bda8e6be72d0bfb1e579872d3521bad0a86fefb9,0c043582d4fd9fa02edf865269d1ba752080dec581307de85e519181414c7951,10a1c020e268e60f92a50cb1a938f7e478078107b9a7dd5bcd30e3f36dd50ae6,0.5311,0.6289666666666666,0.5138,,0.4807,3.93863920211792
training_dense_testing_sparse,mnist,vit_small,grayscale,dense0_compact_test,dense,compact,native_contrast,40,2,heldout_val,55000,10000,cf2a961eb2b321e9d687acf4fe29ffe3b8b688cf02a715d1d8c8c45cc13fb244,e6a832390c850cd02985baa89af74e5b5051e71fc8f593de29cbe32747013aef,04b23e1d894d5cd0ffacd122ef55cc5578fe60d76fbf71286f07dceb0d27c789,0.5104,0.6535666666666666,0.6236,,0.3715,3.8215391563415526
training_dense_testing_sparse,mnist,vit_small,raw,raw_compact_test,dense,compact,raw_pixels,40,0,heldout_val,55000,10000,7cbca5052f4a3630ddaf7b8dff7841dfbe9b2be33ac7253458ec250854bfd359,9523e74ba13da3f1257b0c8cdd3db4e72b6b2105c0f474976efa781683d41b85,3db92cbcafbbc2751e66333d710ad6f6ab62881147312fbf9142265b64fd326b,0.5934,0.5794733333333333,0.3562,,0.4262,3.352714066696167
training_dense_testing_sparse,mnist,vit_small,raw,raw_compact_test,dense,compact,raw_pixels,40,1,heldout_val,55000,10000,f0620c358f058d773a63a094fcfd73e6ef30a8fb7bb55a079cdedd966b183642,30a8f281c2f4a12b308161a4e74780f51269070d10c8b2291ac201ba93d64059,acbec74b30d2bb2dbba09b75e00a22ce88387ed47cb09fa6403be759a89ac248,0.6893,0.5358533333333334,0.5393,,0.4283,2.3729217021942137
training_dense_testing_sparse,mnist,vit_small,raw,raw_compact_test,dense,compact,raw_pixels,40,2,heldout_val,55000,10000,d53fa0a1a4979993f6016526e9a12a426b63e3ff6a3ffdac9be348faf666f99c,62004fa6b787a704ff5ee13663dbbc1aeaa90c7b0b292b27c4d9b1a1f63a9d13,63bb2214a8ab262e48865109fcf46769e97d9659bc9e8d3557e8cd23394adc56,0.7678,0.5073266666666667,0.5348,,0.4806,1.694461622619629
training_dense_testing_sparse,cifar10,swin_tiny,color_opponency,compact0_compact_test,compact,compact,native_contrast,50,0,heldout_val,45000,10000,3143b32fcc2a455bfda2e7d9242625ae6b5b03a1e63bc351245b3312916f894b,9d7e36c17a1b11431ddd5983e97333bbd9ef686bcc465342daf9c8ec1bd83b95,a1588df6cc4aa446ef6729c07ec425d9f89c93cfbeb71b723f0b336b231ea48d,0.8547,0.4180093333333333,0.82926,0.61122,0.77258,0.6913914672851562
training_dense_testing_sparse,cifar10,swin_tiny,color_opponency,compact0_compact_test,compact,compact,native_contrast,50,1,heldout_val,45000,10000,e3f011333e50085a393c7cab5611683f06cbd8afbafab5ff6819f9d9d02f0cb8,c403b99bf33af770f40ecb7d3c76bcc4102ff526634f91617ca65592a08e1165,238361a79e91c52e2fd36d712b98e970b6286e5316b2293833aade616d11c014,0.8576,0.41621466666666673,0.82822,0.6145400000000001,0.77924,0.703177783203125
training_dense_testing_sparse,cifar10,swin_tiny,color_opponency,compact0_compact_test,compact,compact,native_contrast,50,2,heldout_val,45000,10000,153499a96baf55cb15ee6dd1de82e55d72b6e5b70227d397f6b04d0ea3bb072a,ea629ccde3be32deeb2c1656cec1eb4897373704ceb225ed7f589eed94971777,7858973d124027dfd76efc8522165b34da42f801109350bfe9edf5588b99ca59,0.8579,0.4181426666666666,0.82858,0.60122,0.76848,0.7039266418457031
training_dense_testing_sparse,cifar10,swin_tiny,color_opponency,dense0_compact_test,dense,compact,native_contrast,50,0,heldout_val,45000,10000,030ded632f5f7fc94a3303c17752aca6308ffbd3692990f8d3b326b51abad38e,4cab161dfa8f57ac6a963584e4f73127a9326055018cbb451c16e411d6862a04,fab9441233ae76a1b48e0b353942c30293499e8a2d4c2e9c062d73159e012032,0.859,0.41312933333333335,0.8293799999999999,0.60396,0.7736999999999999,0.6697646621704102
training_dense_testing_sparse,cifar10,swin_tiny,color_opponency,dense0_compact_test,dense,compact,native_contrast,50,1,heldout_val,45000,10000,8c26c89f37f5896f83383d56fa8d47f370d8548769f4b333793dbb7f6f7f390e,ce71b3e7c37122c31ceda252ac1b4682e62a536d29e7efaf233ad88167d499be,3a8d2f76403887b48ba87e6c04a928670d9aaf4079d21ba7ad87d5b9f491eeee,0.8566,0.41476533333333343,0.8290200000000001,0.6055999999999999,0.77604,0.683726887512207
training_dense_testing_sparse,cifar10,swin_tiny,color_opponency,dense0_compact_test,dense,compact,native_contrast,50,2,heldout_val,45000,10000,fe90422079b3853bd463cba76375d842b6d84ebacb652a12694ef9e2e25fb0a2,4ff0673415733a5e2f08932f0272050f1e93613c1c64fc702befaa6b3cd5f276,70c047f178a68005810241c0e1315e68c21862bbc6485b102471e834d04345eb,0.8541,0.42265866666666674,0.8265799999999999,0.59632,0.76488,0.6999663314819335
training_dense_testing_sparse,cifar10,swin_tiny,grayscale,compact0_compact_test,compact,compact,native_contrast,50,0,heldout_val,45000,10000,40eec969e32de239f57001364501736cc5aaeb632cf7129a1bbe57d5e43d67be,50ce11aa508fbda1645304f82cff6ba2768820828da7229937b68d2253a54a2d,71871ed8857981958b2a6b9df5f131d33fe3c006b362f05353a506a36ed60600,0.7555,0.5144199999999999,0.73004,0.50316,0.62654,1.031927572631836
training_dense_testing_sparse,cifar10,swin_tiny,grayscale,compact0_compact_test,compact,compact,native_contrast,50,1,heldout_val,45000,10000,c99be6bc95c7dd38577de3bc43577f5d04e5f0cb7065b266e12311c0b236c5cf,8eaa020f8ebfc4944bec1cc2713e5c43e822c5257e932a6cc991f4ec70d78e8d,13220bfdc33c9cf4650dd73e3a4527dfa123dcc569d5483e392ee4d87a3a871e,0.7557,0.5179440000000001,0.7268,0.4923,0.6193600000000001,1.090432778930664
training_dense_testing_sparse,cifar10,swin_tiny,grayscale,compact0_compact_test,compact,compact,native_contrast,50,2,heldout_val,45000,10000,b372db2870c4bd7a579d68d3b999e10d57e8fda876acc5b46ebabda9b7fc3e58,c20ed5b62f941ad425a31c6cb2f8da4b789515d3fa014ce5719733364365e444,4138089fb907e02402ec0525f2bfcd503a06886e3b15de2814ef80480df2552b,0.7502,0.5166453333333333,0.72118,0.4984,0.6211,1.109046096801758
training_dense_testing_sparse,cifar10,swin_tiny,grayscale,dense0_compact_test,dense,compact,native_contrast,50,0,heldout_val,45000,10000,87f3763e1e70351074573b5ff42ce8aab6b4ab61551cf8b3b916e780123545a7,a4571968ae213501963e9bd8fc12069eaca2c92a4b292e37c54d8d4855368650,6044ca36b20c6e4930631bf254bbc49c2a6d007c28c6dad2e64d93d48d9ee944,0.7552,0.5152546666666667,0.7294600000000001,0.49539999999999995,0.62268,1.0740224670410157
training_dense_testing_sparse,cifar10,swin_tiny,grayscale,dense0_compact_test,dense,compact,native_contrast,50,1,heldout_val,45000,10000,5474fb6b0b24e145181eb3db885e06dceb4fc7e77e779a7f31543302ca8805b0,2fd9aa427ca55b1e165a52b221835019633dd833fc7b3901dd3f791194035179,66b93a8751c67cb83a6b47d4ebe6c227e04004542fa77f67b1aa4696492cbb12,0.7499,0.5137493333333334,0.7245,0.5013,0.62608,1.0867457580566406
training_dense_testing_sparse,cifar10,swin_tiny,grayscale,dense0_compact_test,dense,compact,native_contrast,50,2,heldout_val,45000,10000,4c80e5583d188ad2de9ee1b993aa11eb6b3615a7b00b8daf0db4b3034fa3f3cb,2f5c82e6e912b00ee9b8f86408c483727b3d015b1d6d6462badf6c6f6f570b0f,2a3b7de47f7c3116c9ed4e26109dc713938f3a63e2267a4668905554b979f39b,0.7486,0.5212306666666667,0.72102,0.497,0.62462,1.1137337249755859
training_dense_testing_sparse,cifar10,swin_tiny,raw,raw_compact_test,dense,compact,raw_pixels,50,0,heldout_val,45000,10000,309c5067792d8298d1ed1584698b2855e07af62595908b4371edb1a5ff43879c,363a20a908c002877df662a4056014539f035a093e44af785d735cab741acd66,3292edaad6d1f81f87a8b508f23007e265f1506e12d81c7b47715ededb9a6546,0.4289,0.6704720000000001,0.38732,0.31723999999999997,0.32683999999999996,4.677955139160156
training_dense_testing_sparse,cifar10,swin_tiny,raw,raw_compact_test,dense,compact,raw_pixels,50,1,heldout_val,45000,10000,a899edaf8ec8d9d99f4a0df189b9dd6f3912848ecc666a283dc91c3556e03e2d,25dce42cd09b6f9f3b01cd41b55dcacac527a281d2640b15b6c3f9e95ea47743,fe659f7e7cc2bcded57c75ed5272930ea1d37c77549aaf2b6da6e7cb4dbf548b,0.4109,0.6896773333333335,0.36272000000000004,0.29932000000000003,0.30379999999999996,4.694506005859375
training_dense_testing_sparse,cifar10,swin_tiny,raw,raw_compact_test,dense,compact,raw_pixels,50,2,heldout_val,45000,10000,e5babfd2378e75c07929049fd88ce50af6b59082bacd0f763d2aeb9b7261f0c0,47313a6e6a1f3eeb5173ac2dbf32754b3d9bba697221c794d03281c0c1c5268e,c0d05e70330b2102f46e929b2604e920636f02760a2b7ccac6c5cbb3b9b9012e,0.4101,0.6846026666666666,0.37152,0.29688000000000003,0.31067999999999996,4.773325341796875
training_dense_testing_sparse,cifar10,swin_tiny,single_color,compact0_compact_test,compact,compact,native_contrast,50,0,heldout_val,45000,10000,aa3e82d3efe3c81efee6575667dfcd01a6efb5e9cc7e19fb68c72f033dd728a3,47afb6c98df5d1d410db077fb22fb3af086b2ec839ded2a38c17732e59aacffb,bb46a33dc8b69af65d8ca279b87ff17d18ff06059ac0030c0397ad03669c839c,0.8062,0.4546426666666667,0.7735399999999999,0.5591799999999999,0.7091800000000001,0.9663744873046874
training_dense_testing_sparse,cifar10,swin_tiny,single_color,compact0_compact_test,compact,compact,native_contrast,50,1,heldout_val,45000,10000,d7d4f362a8d356409442a1e8e0b1102693ddc413dd82bd8d53723dd0fa290c4c,103825ae79d02e38f82108503bfd3c652b1cc9eae70f48b67a1fa4858712b161,b09d4231758cdc5f742a95c959b174a73f72e7eb7b5430e9f522d4a83a67b028,0.8126,0.45370933333333324,0.77562,0.54938,0.70122,0.934705615234375
training_dense_testing_sparse,cifar10,swin_tiny,single_color,compact0_compact_test,compact,compact,native_contrast,50,2,heldout_val,45000,10000,2f1ccc630da3103e1f53e15eab817311d5ec9afab291d6db2d17217db2ba4082,6631a3355245362b7cb46c2507f8478cf150fc3190217c73b13660b51e2e0f91,54da0e293091a1938bc82ea8a6cabeabbb55debd9fdfcc96b5b795b3667b91f4,0.8107,0.44783733333333337,0.77612,0.55464,0.70306,0.9309428649902344
training_dense_testing_sparse,cifar10,swin_tiny,single_color,dense0_compact_test,dense,compact,native_contrast,50,0,heldout_val,45000,10000,8fb9e08264915feae430947f6745f4b4a85bbb2ef63b66f2a737dae9e75ca924,d7dbc9322ece1a8ca3588f385689a3b8bf48811a6d424ea58af3b9fcd16c1017,74fce3b1d058b6cf57055516ceb85d442b7674eddb8950f5244b3a22cc35862f,0.8068,0.4570106666666666,0.7743800000000001,0.53838,0.69916,0.9360552368164062
training_dense_testing_sparse,cifar10,swin_tiny,single_color,dense0_compact_test,dense,compact,native_contrast,50,1,heldout_val,45000,10000,d93f6759e2ff375a243c0dec55529aaa693b7bc9bf9134f427aae5ca098614f6,35dca41d0ac9bfe4d35ab0bade9003a04244ef0610eff1941336fc1fab6965c8,b7af9c2326beb1db7fc4aba06b867583770ebfc6e2869cb6193ee752cc81fb63,0.8068,0.459324,0.7734399999999999,0.54238,0.69556,0.9616986450195313
training_dense_testing_sparse,cifar10,swin_tiny,single_color,dense0_compact_test,dense,compact,native_contrast,50,2,heldout_val,45000,10000,2de88d325e6e427de7ba1b837cad8d6201ce804044d3bf69d5cafa1038d86627,7e4c333921bcdf1ae7125a12b39edf38fc1431b4f3c57140fa8117eba2926e25,9af4c0f5bd726b176994f562d5b5b3f4e326392003f27ce9b795221daa4a186e,0.8062,0.4544746666666667,0.7721799999999999,0.54898,0.70104,0.9494880279541016
training_dense_testing_sparse,cifar10,vit_small,color_opponency,compact0_compact_test,compact,compact,native_contrast,50,0,heldout_val,45000,10000,5b98d29f9e7362cbce6a1dda636a19e987d7311d91582b1e3a8e8a91bff26b60,99f7c909026449286cc12765848d13762a5794607419dad2886453b87d1d5c2b,37de2ec99f0e84cc52750431e5e654b4c4548ea78d057a8d1e9f8503629dde4d,0.7632,0.49654666666666675,0.7071200000000001,0.45266,0.61534,1.8935957145690918
training_dense_testing_sparse,cifar10,vit_small,color_opponency,compact0_compact_test,compact,compact,native_contrast,50,1,heldout_val,45000,10000,d7e6347243c786b97f24d161baf0e843a7e6d1a0668b367714dab2332251167e,99deaa756701bf9031d92eaf19f5f483f1def9a730a2598be89f43bb48f7060f,cc6c4ff852a89054d605a64dc0da897019275dfbee1773e7b12502eea47dc741,0.7635,0.49571733333333334,0.7104,0.45354,0.61886,1.8585472654342652
training_dense_testing_sparse,cifar10,vit_small,color_opponency,compact0_compact_test,compact,compact,native_contrast,50,2,heldout_val,45000,10000,98f0273cd38322feaa474dd98b39093016c819f770a42720faf373493281efc4,edbd0b42c97be7489069dbd819c8f23a700a9314a9e14ff2910f5d28a9b9fff0,256c9aba780e83006c9b4051eb71e7675e73ec3353ddf4c9b36cc6d6a8f81b13,0.7511,0.5064866666666666,0.7008599999999999,0.43622000000000005,0.6031,2.006475495147705
training_dense_testing_sparse,cifar10,vit_small,color_opponency,dense0_compact_test,dense,compact,native_contrast,50,0,heldout_val,45000,10000,1242cc890569761dc1d05c64e2d5a3cd7f43e0c0cf44e519e3a30335663b4f7b,5f4f12483d6bffcea9d7cf594bb3ec45773bd95c9d9e0c3a6157b8fe9f1eada4,6ac6ab6efa8fe9667b6cfec2b439c1a483d484602b0dfdb7f1697805bfb32d49,0.7564,0.5022066666666666,0.69906,0.44866,0.6100999999999999,1.9162147151947022
training_dense_testing_sparse,cifar10,vit_small,color_opponency,dense0_compact_test,dense,compact,native_contrast,50,1,heldout_val,45000,10000,3175bc2a8739a851876b875f9a784a6d322b1bffd2fe6a0e1a961332eca8b82d,932c27b89cd0950a4d8e0cf80edeb8218002979d0cc0de920e0747d6bc48477f,68d86b6eaac4b9181759fdf74d2ba1e58dec9a64c6c46a337f12d54d2ef69294,0.7532,0.5097933333333333,0.71086,0.42898,0.6008600000000001,1.9447063400268554
training_dense_testing_sparse,cifar10,vit_small,color_opponency,dense0_compact_test,dense,compact,native_contrast,50,2,heldout_val,45000,10000,14d4149b7830ff7709411214feec951279a01d19e3630ffb4ed9fdb66c7a7e15,95098ae3219490a88cb3ac9569058867924a2e4a1c10b8361d682fdf4b8cf085,5996a511e29f768e94b52050b63e86d5c734908cfb89f071a0215dee0cf9ac41,0.7608,0.5001026666666667,0.71104,0.44446,0.61172,1.915007746887207
training_dense_testing_sparse,cifar10,vit_small,grayscale,compact0_compact_test,compact,compact,native_contrast,50,0,heldout_val,45000,10000,7bfe24677f08bcd819ae8b7330a0015a6909ab7f5f5220d20d31d71a4c343b2f,d8153aabf4cb65d88719021088c63b073a6dbe7fc277fb8d0168b05fa2e6c297,5525bb3230ca1bd20fbb778be4c121a9cfef3bd270f0e4dae5015b2878d97c09,0.6567,0.5883746666666667,0.6368799999999999,0.35618000000000005,0.48612,2.730076953125
training_dense_testing_sparse,cifar10,vit_small,grayscale,compact0_compact_test,compact,compact,native_contrast,50,1,heldout_val,45000,10000,6e478953bb17ace7a904f815be2f08eddd0f0629a3f52d0812c711e306d62e6e,1cb558cf21abe66590c5eaae71c1dc43bc95345ed0a2f4ef3ff30b8c687cc5d2,732d4a2c3a1c116592563e0a1d8079371f809743798db06af2996f6171bb5f8e,0.6668,0.5873679999999999,0.64056,0.3459,0.47967999999999994,2.8079158638000488
training_dense_testing_sparse,cifar10,vit_small,grayscale,compact0_compact_test,compact,compact,native_contrast,50,2,heldout_val,45000,10000,24b44304875ecd1108716e339e4e05bc7914e52a83093815f5be4f8db67b7d4e,1e6a019be8f0ef3e57160a24647434471ef680b66664510ffb32b03c5490a20a,419b5bb3a9a427d926a6310430e09d188260807d9d1dad2bd5df3489496b119c,0.6555,0.5898533333333333,0.63544,0.34402,0.4702,2.75538641204834
training_dense_testing_sparse,cifar10,vit_small,grayscale,dense0_compact_test,dense,compact,native_contrast,50,0,heldout_val,45000,10000,99485d09f1f9e81a6e8dcc99cb682d21a7457cc64f76c2394c384d1deca76aca,a85ea2d45003df5c622a0f517f11cef39eccc5391d7ae871c3debb3ebbde512b,b63dea18ba04ebec90aa387b94608ae909f9951b5f93072d2366e170a7e899a5,0.6354,0.6066159999999999,0.603,0.35396,0.46865999999999997,2.903622110748291
training_dense_testing_sparse,cifar10,vit_small,grayscale,dense0_compact_test,dense,compact,native_contrast,50,1,heldout_val,45000,10000,4fb579f7e701ab3e65b888e3b83794705f010040a333621688d43c34789db463,d7e8fdda42566a324d96a826a9de4a76f4bdb3fc5fbad219abd2eae4c9fd66e0,b0ee16f423c590c7b2825b45a2197bc867f6dc9afd6aafdf9bd17b05322b1253,0.648,0.593344,0.61898,0.36084,0.47573999999999994,2.7943739364624025
training_dense_testing_sparse,cifar10,vit_small,grayscale,dense0_compact_test,dense,compact,native_contrast,50,2,heldout_val,45000,10000,1294f4acbfdab7588f1aaef5259fb5ac877f5faa4b87d7e4cb6b7ed75a972635,57aecea7ce2e2ba0f3404e42f970fcec3c6f73efde39eb408ed4d1b37f5ff27e,7babc96121d5f89850cbcc509af4ec2f9ce5f8ca5fa941133ff06758c159091f,0.6547,0.594712,0.6269600000000001,0.34786,0.47536000000000006,2.766676148223877
training_dense_testing_sparse,cifar10,vit_small,raw,raw_compact_test,dense,compact,raw_pixels,50,0,heldout_val,45000,10000,6656183bd6f5162c75ff81d557b7e528b652e219bd3182872e0022bef7a158f4,7c4187c643b7e210dc769d4c2b2adebfd5bcb5c678051889a482ac9b2ab223ad,a8369ed680009e45868b72c0316b8d39c74371d912ed437ff6bf9dc89488db33,0.3696,0.695072,0.31056,0.24276,0.25768,6.22087283782959
training_dense_testing_sparse,cifar10,vit_small,raw,raw_compact_test,dense,compact,raw_pixels,50,1,heldout_val,45000,10000,2d6f5f2d6602ea0f5dc8eb5766a00781c066acbc02be0341f9963a7ea9174644,4c7d3bdfe12fc4767b82d8a04998444f253fd482219117e5a74037bab11291e0,51013aa13debf7716aa0c9fa9d431e2a16cb1727a003497460469b5e728eaeb4,0.3763,0.6860280000000001,0.30964,0.25534,0.29116,6.365159865570068
training_dense_testing_sparse,cifar10,vit_small,raw,raw_compact_test,dense,compact,raw_pixels,50,2,heldout_val,45000,10000,0353a63d0b06d6c207c1ec88abed76fa0fe194f5092f202e86fe760e3dbf5c58,f7fb9a510b03eacfb343f58adc54100633e5769550039ff5fdc3b510e3c521d4,92f9655eb068a90ffb82799f9d4939a1b20fefa95c7967c571e933859172321e,0.3576,0.7032746666666667,0.29354,0.23637999999999998,0.25776000000000004,7.055093377685547
training_dense_testing_sparse,cifar10,vit_small,single_color,compact0_compact_test,compact,compact,native_contrast,50,0,heldout_val,45000,10000,ad8c21b115cbe8f5be595d0a1d844c563fc9ff9ce2b3cf78841a98c840643dd5,6c7693736966d05473089485333caa39f5ea9412a85f3bf823332cf637710930,33444dbf27ccf9d09e9bc6815558429934b9b612bf912ef7c263e2fad03e2c1e,0.6733,0.5558093333333335,0.62778,0.3856,0.5177,2.684931425666809
training_dense_testing_sparse,cifar10,vit_small,single_color,compact0_compact_test,compact,compact,native_contrast,50,1,heldout_val,45000,10000,1bb71fef96a5bb5ef636e68c47ed64df890ce17987bf55d5818729fb46c227ae,5b8311a8aa46bd6cecaf4f2417880a3188f162add0a4e0f721118609026ffbaa,9c8bd1d942d5eebc735cbfd5c953e9e80365d176a194c9231b43ef9fc509a79c,0.6653,0.5641226666666667,0.62156,0.38311999999999996,0.51962,2.7765957916259767
training_dense_testing_sparse,cifar10,vit_small,single_color,compact0_compact_test,compact,compact,native_contrast,50,2,heldout_val,45000,10000,a0e28da989c8385abc4a95fdd3eee6c854d9a21c27acb57b4ddeaf5d52ad9767,efcf0e6ea6fbacf210b9d43c1351af75ddaf98f8c1dac80575d3593f5ddcb72e,3fd91e2eda56a286994526f35b5dec72d05b5c1513e50fd3381168829ede49c7,0.6807,0.5557773333333333,0.63796,0.39352,0.5245,2.6537703201293947
training_dense_testing_sparse,cifar10,vit_small,single_color,dense0_compact_test,dense,compact,native_contrast,50,0,heldout_val,45000,10000,6d479a4de6d1356f2a1ae10eca5a3f780ada8b2eec829842c1ed2fa056e63eb8,21106edd3e3e4f2bacc6e63f2d5b402c72aa4fea9caeb649aa226c4834d15dd4,9fa97932cb6c84ca661c56235128961714203d1ebfd34d4c9142695a6361bacf,0.6421,0.5739453333333332,0.5956,0.37032,0.50084,2.902954040145874
training_dense_testing_sparse,cifar10,vit_small,single_color,dense0_compact_test,dense,compact,native_contrast,50,1,heldout_val,45000,10000,03b0a290cd79107d3257d4bdb4601061fdd3bce2717b2b108b86ec1ee6d25d61,9d853016cf8c900c62cb6c6fdbb4066bf90a2b4e590901146e2ce65b1ff53407,a14ddc5c19aa65cee18f9e67214fec43fad92bbdd3ee9a459ac0341fe3f3731c,0.6442,0.584056,0.5950799999999999,0.36922,0.49684,2.933922974395752
training_dense_testing_sparse,cifar10,vit_small,single_color,dense0_compact_test,dense,compact,native_contrast,50,2,heldout_val,45000,10000,c0905721bf08b36b484042098348cab89e9c31957e7d04af144067e215a04439,0048945a41186e84bd9e2fddc350b109f7fc7d0ab9786cc2614ad863dcd3932d,2eeae4368927974e6744ec6a28e73efe04d841b8697a1cbf46ddb4dd42514b7a,0.6643,0.5732826666666665,0.6181599999999999,0.37504,0.50488,2.703231977844238
training_dense_testing_sparse,mnist,swin_tiny,grayscale,compact0_compact_test,compact,compact,native_contrast,50,0,heldout_val,55000,10000,181597e32d68133e5e2cc7abb52875f63ea9b2cb0895b8981740ff478c7665a0,c4bb321da0a653a4d83650aa2b61fe4d98eec845b0e48d22e37a6897a1b5e94b,7b0a41b35e709e34296548f99714540de2cfe6fab7cd6d2b8d8850be56665407,0.9916,0.29246666666666665,0.3058,,0.2479,0.039633170223236085
training_dense_testing_sparse,mnist,swin_tiny,grayscale,compact0_compact_test,compact,compact,native_contrast,50,1,heldout_val,55000,10000,c423a5378756d74ed8bf2c7f68538e197d57e52040df74a714c4398d7af21639,55ab18490b0225ea74dbcf9d59b84b29698eab03259fc268c2e33d812dfbccbd,27834ca7879cdcbc657227d83ee6209161fc84b956f9fc30765d0b5f59e7f707,0.9887,0.2886266666666667,0.3801,,0.2581,0.052530836868286135
training_dense_testing_sparse,mnist,swin_tiny,grayscale,compact0_compact_test,compact,compact,native_contrast,50,2,heldout_val,55000,10000,095cae8bd8df5b47333feb2d844cadff6564d16af683c1ed0cf97bc031cdec82,7abb62874875d54f0145cf73f791ba245eb0df35d9978ec5c32893e053207307,984f081ec99d3e4bbdd3bdec162111e3b71fd5987938caf8959881f15ccd05d4,0.9892,0.2663866666666667,0.4787,,0.4106,0.04727114254236221
training_dense_testing_sparse,mnist,swin_tiny,grayscale,dense0_compact_test,dense,compact,native_contrast,50,0,heldout_val,55000,10000,2fbb3b245c7ec37ed7472f6d7ea69ceeb7e633ff492f3b8887aecfc082fdd14b,b5ba882ee04e81c45232c4005e9a820b60c8b46fc9026b6949f38be5e12dae2b,473ed25a586e0ea8fb93e4fadfcfd4e7e18bde623e0f22701c184b2da680520b,0.9346,0.39325333333333323,0.392,,0.3787,0.26952593765258787
training_dense_testing_sparse,mnist,swin_tiny,grayscale,dense0_compact_test,dense,compact,native_contrast,50,1,heldout_val,55000,10000,d3d9ac60bbce1aadaaf411d1e22b7339d55ce0922dcfaf6376007b30ad5fd73f,e6e682f99e0eee247ebb254b29f3eb44b9362a5a7ef446abce3bc043a51997fe,3c122f0fd1faf70a5670d3c6526b0c7197dc73ded514139a3796e6045a6fb776,0.877,0.41584000000000004,0.4381,,0.4412,0.5441799377441406
training_dense_testing_sparse,mnist,swin_tiny,grayscale,dense0_compact_test,dense,compact,native_contrast,50,2,heldout_val,55000,10000,7a9065483534efaf931da3486feb42bd789d665c04bd82f4fd4b774bcf1694dc,d702f30cdbb4eec392ad0ecc9abc4f74a4b031dc4dd9bd08fa1670b553a83e7d,b0393e9d1c0e15b51559e628483e2ed496574409f6794199f61ad346d461af16,0.898,0.4069799999999999,0.4855,,0.5118,0.43785821228027344
training_dense_testing_sparse,mnist,swin_tiny,raw,raw_compact_test,dense,compact,raw_pixels,50,0,heldout_val,55000,10000,f33206b4b42780cc6cd0f2da5f173a5fb7ded9511e13926ed0dd15c72e25df39,2862442744248fb27f135fca8176a4329e4389cf2b7a4b85035896938cfee3d1,4f4de1c96ce3171d528465ea583fe366ccbf1eeed9fc126ed5b29d61cc878836,0.8703,0.44245999999999996,0.4956,,0.4905,0.5335225738525391
training_dense_testing_sparse,mnist,swin_tiny,raw,raw_compact_test,dense,compact,raw_pixels,50,1,heldout_val,55000,10000,88f2fd38661d5b74ce835e3e2377b25f03dfa8120d1332d6f767b1f4597de78c,dd2cf2d226b36e5fad41f47fc00c9371fc35dbe4fac6f7d4f7fb27fb2ad731be,485f892a847b6dbcfdab4e13b46349e10ca7e3c0d81810dc50d69b0ada0c05f0,0.8608,0.43651999999999996,0.4246,,0.4985,0.5683327331542969
training_dense_testing_sparse,mnist,swin_tiny,raw,raw_compact_test,dense,compact,raw_pixels,50,2,heldout_val,55000,10000,e723312f0c03fa4a21093369c26dfaabfdcca7e6860c9c91a5551a414920cd5d,427b62eb15ab92cd151c4ecfeaec6ca4bd2a25585462fc549ffe8023437c74e7,dc141a26cd438bb05b5097a229bc10b348f6a1d7cb9696567fc85afbb8440cbe,0.8803,0.4221933333333333,0.4128,,0.4884,0.517409536743164
training_dense_testing_sparse,mnist,vit_small,grayscale,compact0_compact_test,compact,compact,native_contrast,50,0,heldout_val,55000,10000,fe1f864a5f536db5b10ab81c662482a8e70104d5dd773c7d082e3bf408b3d902,d606e0b6e7e1b8ca4140175f43e475d056088da48eedeac3bc3521ac5c8bd570,168dfdf4b1e77bdf998c5fcf65999cf6fb4a4b0c58b19ed9d0679fbe3a50e918,0.9789,0.37099999999999994,0.8151,,0.3537,0.11479721067122592
training_dense_testing_sparse,mnist,vit_small,grayscale,compact0_compact_test,compact,compact,native_contrast,50,1,heldout_val,55000,10000,6bd7c71c62880ed795fe71d6320a21e347228e4e5b830c0f50fae6cac8ebdef3,46894ed8e58b9a3d3a51017f67d68a2884c576e01bc3656e967ce685c146046a,bf2631dda7d9d271b18b8e9867cd79e4cb599f961d1d13de860454d586357601,0.9806,0.3558666666666667,0.8456,,0.4661,0.11423308585626073
training_dense_testing_sparse,mnist,vit_small,grayscale,compact0_compact_test,compact,compact,native_contrast,50,2,heldout_val,55000,10000,65e10f9a871d1ca76fbe954e88137a99b6728030e3a3f5debb6b17c0cc8ccbef,3b7406c877e78f0bd976d436a0cb1901bf16f4b32fdcef07d9d01e73bda87ba9,d40eaf4227e611b4235f679e1f5b2f9f68901fb6a89907585a7aca9162a6769c,0.9816,0.3744533333333333,0.7891,,0.2637,0.12077095642670466
training_dense_testing_sparse,mnist,vit_small,grayscale,dense0_compact_test,dense,compact,native_contrast,50,0,heldout_val,55000,10000,c1ff008ab06859349e5a5cf13c4906321278d0b80e39fa70ecde6b22a9b6e654,179475b8b5f1f60331c2ef36bed036328ffb8901f10573d5da34e3c145a3b99c,1febb833c97989dec964ce4247d5bb9f7f212d0d0ffea0016b5b7d6ef9e061db,0.5011,0.6692133333333334,0.4075,,0.3147,3.9917097351074218
training_dense_testing_sparse,mnist,vit_small,grayscale,dense0_compact_test,dense,compact,native_contrast,50,1,heldout_val,55000,10000,e32b8adb965311f0adbddb2230cd6097f75c42ce51918978bc79c3d410fb3dc1,0c043582d4fd9fa02edf865269d1ba752080dec581307de85e519181414c7951,10a1c020e268e60f92a50cb1a938f7e478078107b9a7dd5bcd30e3f36dd50ae6,0.5311,0.6577799999999999,0.3776,,0.3289,3.9389268363952636
training_dense_testing_sparse,mnist,vit_small,grayscale,dense0_compact_test,dense,compact,native_contrast,50,2,heldout_val,55000,10000,c0e2b46b45dd6a7fce5418530474f8dd32609b8c62bfea6bccbcb0c90c67681f,e6a832390c850cd02985baa89af74e5b5051e71fc8f593de29cbe32747013aef,04b23e1d894d5cd0ffacd122ef55cc5578fe60d76fbf71286f07dceb0d27c789,0.5104,0.6780333333333334,0.4124,,0.3177,3.8217797569274903
training_dense_testing_sparse,mnist,vit_small,raw,raw_compact_test,dense,compact,raw_pixels,50,0,heldout_val,55000,10000,6f3e623e0ca4efef31f13e1e4dcfb7943e3c065584cd46583cd741d6d1ce2828,9523e74ba13da3f1257b0c8cdd3db4e72b6b2105c0f474976efa781683d41b85,3db92cbcafbbc2751e66333d710ad6f6ab62881147312fbf9142265b64fd326b,0.5934,0.5836266666666667,0.3817,,0.4181,3.352714066696167
training_dense_testing_sparse,mnist,vit_small,raw,raw_compact_test,dense,compact,raw_pixels,50,1,heldout_val,55000,10000,40525f008c71600d6ad6db33cc6f1d7396ea2ac9090245b203afc98c8a530177,30a8f281c2f4a12b308161a4e74780f51269070d10c8b2291ac201ba93d64059,acbec74b30d2bb2dbba09b75e00a22ce88387ed47cb09fa6403be759a89ac248,0.6893,0.5423733333333334,0.5464,,0.434,2.3729217021942137
training_dense_testing_sparse,mnist,vit_small,raw,raw_compact_test,dense,compact,raw_pixels,50,2,heldout_val,55000,10000,a976983e8f8b36998b3dc84d3ee72fd726d4d6628f571f2d6c434c43f06695be,62004fa6b787a704ff5ee13663dbbc1aeaa90c7b0b292b27c4d9b1a1f63a9d13,63bb2214a8ab262e48865109fcf46769e97d9659bc9e8d3557e8cd23394adc56,0.7678,0.50832,0.5644,,0.4937,1.694461622619629
training_dense_testing_sparse,cifar10,swin_tiny,color_opponency,compact0_compact_test,compact,compact,native_contrast,60,0,heldout_val,45000,10000,d4bd877151b88ff798f3b36d71554edc9f112ddb000dd33786ef5575ecdd0309,9d7e36c17a1b11431ddd5983e97333bbd9ef686bcc465342daf9c8ec1bd83b95,a1588df6cc4aa446ef6729c07ec425d9f89c93cfbeb71b723f0b336b231ea48d,0.8342,0.43846933333333343,0.80596,0.5922599999999999,0.7534799999999999,0.7950932891845703
training_dense_testing_sparse,cifar10,swin_tiny,color_opponency,compact0_compact_test,compact,compact,native_contrast,60,1,heldout_val,45000,10000,9c38427334406ee3f635d0fa078db243201ed1524f1d93f9f34071342d6d02a6,c403b99bf33af770f40ecb7d3c76bcc4102ff526634f91617ca65592a08e1165,238361a79e91c52e2fd36d712b98e970b6286e5316b2293833aade616d11c014,0.8347,0.43783599999999995,0.80486,0.5957600000000001,0.7575200000000001,0.8125657073974609
training_dense_testing_sparse,cifar10,swin_tiny,color_opponency,compact0_compact_test,compact,compact,native_contrast,60,2,heldout_val,45000,10000,b8c765189fab6d272c3f31503568ee695c8aafeaf5cc9bd03e1438d9ed7beada,ea629ccde3be32deeb2c1656cec1eb4897373704ceb225ed7f589eed94971777,7858973d124027dfd76efc8522165b34da42f801109350bfe9edf5588b99ca59,0.8369,0.43989999999999996,0.8071400000000001,0.57946,0.74668,0.8100867355346679
training_dense_testing_sparse,cifar10,swin_tiny,color_opponency,dense0_compact_test,dense,compact,native_contrast,60,0,heldout_val,45000,10000,a8bbaf260b12a4ee306522d79ecf7bcd5ff611af94524774315a91204de0a313,4cab161dfa8f57ac6a963584e4f73127a9326055018cbb451c16e411d6862a04,fab9441233ae76a1b48e0b353942c30293499e8a2d4c2e9c062d73159e012032,0.8367,0.43538,0.80976,0.58126,0.7495200000000001,0.7840359985351563
training_dense_testing_sparse,cifar10,swin_tiny,color_opponency,dense0_compact_test,dense,compact,native_contrast,60,1,heldout_val,45000,10000,d70492ea2e1d14becfc99dd681f71b5f5db0743f9caf6bf694abfafc17b3aa04,ce71b3e7c37122c31ceda252ac1b4682e62a536d29e7efaf233ad88167d499be,3a8d2f76403887b48ba87e6c04a928670d9aaf4079d21ba7ad87d5b9f491eeee,0.8346,0.436948,0.80672,0.5827000000000001,0.75428,0.7967789520263672
training_dense_testing_sparse,cifar10,swin_tiny,color_opponency,dense0_compact_test,dense,compact,native_contrast,60,2,heldout_val,45000,10000,36c5f12e6eb2d27bd9e31a878dc6e160dad94b1b02d5ff56a310092f1a52abdd,4ff0673415733a5e2f08932f0272050f1e93613c1c64fc702befaa6b3cd5f276,70c047f178a68005810241c0e1315e68c21862bbc6485b102471e834d04345eb,0.8299,0.4459533333333334,0.80296,0.5738400000000001,0.74022,0.8208565246582031
training_dense_testing_sparse,cifar10,swin_tiny,grayscale,compact0_compact_test,compact,compact,native_contrast,60,0,heldout_val,45000,10000,30a7a0e111a4d29277369bb8d547114adfdca6df8b5342d19aa7a08ebea980c9,50ce11aa508fbda1645304f82cff6ba2768820828da7229937b68d2253a54a2d,71871ed8857981958b2a6b9df5f131d33fe3c006b362f05353a506a36ed60600,0.6854,0.570096,0.6478999999999999,0.43796,0.54524,1.4410882873535156
training_dense_testing_sparse,cifar10,swin_tiny,grayscale,compact0_compact_test,compact,compact,native_contrast,60,1,heldout_val,45000,10000,a0cb9c87fbebc0086c838fb9857fafe7114e390167bebd0230dee55e4ff636dc,8eaa020f8ebfc4944bec1cc2713e5c43e822c5257e932a6cc991f4ec70d78e8d,13220bfdc33c9cf4650dd73e3a4527dfa123dcc569d5483e392ee4d87a3a871e,0.6831,0.57082,0.6453000000000001,0.42905999999999994,0.53576,1.4906964965820313
training_dense_testing_sparse,cifar10,swin_tiny,grayscale,compact0_compact_test,compact,compact,native_contrast,60,2,heldout_val,45000,10000,c37149f49f3ef640a9d4a8ea860afc6ed856d4b23a45c611a691752d1b13c455,c20ed5b62f941ad425a31c6cb2f8da4b789515d3fa014ce5719733364365e444,4138089fb907e02402ec0525f2bfcd503a06886e3b15de2814ef80480df2552b,0.6741,0.570308,0.63744,0.43522,0.5366,1.507624496459961
training_dense_testing_sparse,cifar10,swin_tiny,grayscale,dense0_compact_test,dense,compact,native_contrast,60,0,heldout_val,45000,10000,f7b247a026386696111de83cf86086cfced7ea1c19a3503ad19c0de107d564ff,a4571968ae213501963e9bd8fc12069eaca2c92a4b292e37c54d8d4855368650,6044ca36b20c6e4930631bf254bbc49c2a6d007c28c6dad2e64d93d48d9ee944,0.6778,0.574712,0.63908,0.42766000000000004,0.5359,1.5041487274169922
training_dense_testing_sparse,cifar10,swin_tiny,grayscale,dense0_compact_test,dense,compact,native_contrast,60,1,heldout_val,45000,10000,fb90dc260c62d7bd4bbb6a6b46b4ce5e8c4d1b26ef6f9d6474a21b563251da97,2fd9aa427ca55b1e165a52b221835019633dd833fc7b3901dd3f791194035179,66b93a8751c67cb83a6b47d4ebe6c227e04004542fa77f67b1aa4696492cbb12,0.677,0.5711506666666667,0.64426,0.4311999999999999,0.54416,1.488521142578125
training_dense_testing_sparse,cifar10,swin_tiny,grayscale,dense0_compact_test,dense,compact,native_contrast,60,2,heldout_val,45000,10000,31b3dd07f3785304bc3873a72637611a3cceb6c71cbf56d82af308f83afedf23,2f5c82e6e912b00ee9b8f86408c483727b3d015b1d6d6462badf6c6f6f570b0f,2a3b7de47f7c3116c9ed4e26109dc713938f3a63e2267a4668905554b979f39b,0.6719,0.5814493333333335,0.63162,0.42540000000000006,0.5355599999999999,1.5510428283691406
training_dense_testing_sparse,cifar10,swin_tiny,raw,raw_compact_test,dense,compact,raw_pixels,60,0,heldout_val,45000,10000,50d6ba44a454c6746880e9001ade7f7250a9fd516065bedb19af973bd6c212cd,363a20a908c002877df662a4056014539f035a093e44af785d735cab741acd66,3292edaad6d1f81f87a8b508f23007e265f1506e12d81c7b47715ededb9a6546,0.3563,0.7219093333333334,0.32192,0.27762000000000003,0.2814,5.749560412597656
training_dense_testing_sparse,cifar10,swin_tiny,raw,raw_compact_test,dense,compact,raw_pixels,60,1,heldout_val,45000,10000,ae81b7cefa9a42840c7a1743149e1747df699c3cbd0dfbf78042bd98f6f3bf6d,25dce42cd09b6f9f3b01cd41b55dcacac527a281d2640b15b6c3f9e95ea47743,fe659f7e7cc2bcded57c75ed5272930ea1d37c77549aaf2b6da6e7cb4dbf548b,0.3292,0.7415506666666666,0.29400000000000004,0.2637,0.2571,5.82771318359375
training_dense_testing_sparse,cifar10,swin_tiny,raw,raw_compact_test,dense,compact,raw_pixels,60,2,heldout_val,45000,10000,ecb74a1398035b6ace986ad09a618fba03edfb5e77af10caa5b8a84d1f48314c,47313a6e6a1f3eeb5173ac2dbf32754b3d9bba697221c794d03281c0c1c5268e,c0d05e70330b2102f46e929b2604e920636f02760a2b7ccac6c5cbb3b9b9012e,0.3423,0.731004,0.3132,0.26020000000000004,0.26716,5.751012841796875
training_dense_testing_sparse,cifar10,swin_tiny,single_color,compact0_compact_test,compact,compact,native_contrast,60,0,heldout_val,45000,10000,cb90af98a7974b155f2353146b5da60f89d0f617d2090112f909f91b12be829c,47afb6c98df5d1d410db077fb22fb3af086b2ec839ded2a38c17732e59aacffb,bb46a33dc8b69af65d8ca279b87ff17d18ff06059ac0030c0397ad03669c839c,0.7407,0.506148,0.6982600000000001,0.50048,0.6321999999999999,1.3477505432128907
training_dense_testing_sparse,cifar10,swin_tiny,single_color,compact0_compact_test,compact,compact,native_contrast,60,1,heldout_val,45000,10000,12595a75c3ca7c5a41800a57c91aa1754a214013e6bc14b635cd14c8e598ff69,103825ae79d02e38f82108503bfd3c652b1cc9eae70f48b67a1fa4858712b161,b09d4231758cdc5f742a95c959b174a73f72e7eb7b5430e9f522d4a83a67b028,0.7392,0.5073306666666667,0.69252,0.4892,0.6177,1.3270658966064452
training_dense_testing_sparse,cifar10,swin_tiny,single_color,compact0_compact_test,compact,compact,native_contrast,60,2,heldout_val,45000,10000,21266bc9403ee35bf61e52a071b0a57d9aa43a0df5b249109ca2a2ada390ff34,6631a3355245362b7cb46c2507f8478cf150fc3190217c73b13660b51e2e0f91,54da0e293091a1938bc82ea8a6cabeabbb55debd9fdfcc96b5b795b3667b91f4,0.7411,0.4983933333333333,0.70072,0.49522000000000005,0.62392,1.3114542755126952
training_dense_testing_sparse,cifar10,swin_tiny,single_color,dense0_compact_test,dense,compact,native_contrast,60,0,heldout_val,45000,10000,a590364acab2218dc37cce985f58be394d8e21941be522e65a79b1140d85bde4,d7dbc9322ece1a8ca3588f385689a3b8bf48811a6d424ea58af3b9fcd16c1017,74fce3b1d058b6cf57055516ceb85d442b7674eddb8950f5244b3a22cc35862f,0.7418,0.5098933333333332,0.6950000000000001,0.47946,0.6169800000000001,1.2963192504882812
training_dense_testing_sparse,cifar10,swin_tiny,single_color,dense0_compact_test,dense,compact,native_contrast,60,1,heldout_val,45000,10000,4296e9c78132ad8a6e08edb83e5a402925077cd3f748835f6a70bea95c072077,35dca41d0ac9bfe4d35ab0bade9003a04244ef0610eff1941336fc1fab6965c8,b7af9c2326beb1db7fc4aba06b867583770ebfc6e2869cb6193ee752cc81fb63,0.7374,0.513424,0.69478,0.47973999999999994,0.61362,1.3647539672851563
training_dense_testing_sparse,cifar10,swin_tiny,single_color,dense0_compact_test,dense,compact,native_contrast,60,2,heldout_val,45000,10000,7dd82d2900cc50932e5cd6c829967fce4c6ed7cb77be682c727ef65577ab0c7f,7e4c333921bcdf1ae7125a12b39edf38fc1431b4f3c57140fa8117eba2926e25,9af4c0f5bd726b176994f562d5b5b3f4e326392003f27ce9b795221daa4a186e,0.7392,0.5077666666666667,0.69614,0.48508000000000007,0.6175200000000001,1.329121109008789
training_dense_testing_sparse,cifar10,vit_small,color_opponency,compact0_compact_test,compact,compact,native_contrast,60,0,heldout_val,45000,10000,954a2d3ef237ee8aa6416a2e71ce7abfe3f2f078e7b74aba85128bf7952fa923,99f7c909026449286cc12765848d13762a5794607419dad2886453b87d1d5c2b,37de2ec99f0e84cc52750431e5e654b4c4548ea78d057a8d1e9f8503629dde4d,0.7237,0.522456,0.6667,0.4377400000000001,0.5894,2.1915149703979493
training_dense_testing_sparse,cifar10,vit_small,color_opponency,compact0_compact_test,compact,compact,native_contrast,60,1,heldout_val,45000,10000,d9396196cf7f1ecddd5873e33e39f63cbb92cd2b2eec0693e87eda24f361c418,99deaa756701bf9031d92eaf19f5f483f1def9a730a2598be89f43bb48f7060f,cc6c4ff852a89054d605a64dc0da897019275dfbee1773e7b12502eea47dc741,0.7292,0.5208546666666667,0.67648,0.43396,0.5907,2.131922277832031
training_dense_testing_sparse,cifar10,vit_small,color_opponency,compact0_compact_test,compact,compact,native_contrast,60,2,heldout_val,45000,10000,8b4e7f141aa9ded2706f2e40ee67cb9414a274d0566659eb1cd3666adb7e1dcb,edbd0b42c97be7489069dbd819c8f23a700a9314a9e14ff2910f5d28a9b9fff0,256c9aba780e83006c9b4051eb71e7675e73ec3353ddf4c9b36cc6d6a8f81b13,0.7129,0.5307146666666668,0.6609,0.4175000000000001,0.5763999999999999,2.2821127723693846
training_dense_testing_sparse,cifar10,vit_small,color_opponency,dense0_compact_test,dense,compact,native_contrast,60,0,heldout_val,45000,10000,e154fe4af8aaba11be8d088417602c0b3b0b1a2d853078ccd9170fb58c97a29d,5f4f12483d6bffcea9d7cf594bb3ec45773bd95c9d9e0c3a6157b8fe9f1eada4,6ac6ab6efa8fe9667b6cfec2b439c1a483d484602b0dfdb7f1697805bfb32d49,0.7212,0.5268466666666667,0.65632,0.4324800000000001,0.5858800000000001,2.235084992980957
training_dense_testing_sparse,cifar10,vit_small,color_opponency,dense0_compact_test,dense,compact,native_contrast,60,1,heldout_val,45000,10000,abd61ad2ae0ce78bc4841b0feb7ef4ec392e223b396bfad625e283bc70cc3406,932c27b89cd0950a4d8e0cf80edeb8218002979d0cc0de920e0747d6bc48477f,68d86b6eaac4b9181759fdf74d2ba1e58dec9a64c6c46a337f12d54d2ef69294,0.7213,0.5348719999999999,0.6715599999999999,0.41114000000000006,0.5755399999999999,2.263189591217041
training_dense_testing_sparse,cifar10,vit_small,color_opponency,dense0_compact_test,dense,compact,native_contrast,60,2,heldout_val,45000,10000,c97d579defc1f737eed29941736c63290d9317cca4c4f35025b63d481f8e29ed,95098ae3219490a88cb3ac9569058867924a2e4a1c10b8361d682fdf4b8cf085,5996a511e29f768e94b52050b63e86d5c734908cfb89f071a0215dee0cf9ac41,0.7257,0.5234893333333333,0.67002,0.42467999999999995,0.5838,2.2002080432891846
training_dense_testing_sparse,cifar10,vit_small,grayscale,compact0_compact_test,compact,compact,native_contrast,60,0,heldout_val,45000,10000,1f0602c9ec2ee58e3e77d9031f6bf02425bc622321e730685e71819f72182a78,d8153aabf4cb65d88719021088c63b073a6dbe7fc277fb8d0168b05fa2e6c297,5525bb3230ca1bd20fbb778be4c121a9cfef3bd270f0e4dae5015b2878d97c09,0.5666,0.6466333333333334,0.5461,0.30046,0.40618,3.6193575447082518
training_dense_testing_sparse,cifar10,vit_small,grayscale,compact0_compact_test,compact,compact,native_contrast,60,1,heldout_val,45000,10000,73bf77b01fb0e72555c331b263a50d44d3ef768105cb4de76b32808ba22682fc,1cb558cf21abe66590c5eaae71c1dc43bc95345ed0a2f4ef3ff30b8c687cc5d2,732d4a2c3a1c116592563e0a1d8079371f809743798db06af2996f6171bb5f8e,0.5777,0.6489653333333333,0.5469200000000001,0.28935999999999995,0.39454,3.7880982803344727
training_dense_testing_sparse,cifar10,vit_small,grayscale,compact0_compact_test,compact,compact,native_contrast,60,2,heldout_val,45000,10000,9efcedc2841a6c0845193a6e909622543b6c098193fbef5f9904b59ec7b25330,1e6a019be8f0ef3e57160a24647434471ef680b66664510ffb32b03c5490a20a,419b5bb3a9a427d926a6310430e09d188260807d9d1dad2bd5df3489496b119c,0.5637,0.653472,0.54072,0.2814,0.37936000000000003,3.6794675064086912
training_dense_testing_sparse,cifar10,vit_small,grayscale,dense0_compact_test,dense,compact,native_contrast,60,0,heldout_val,45000,10000,62dc25c6491fb5ee3fa90192ee2d7e59a17d829bc397cb1c9d4bdebaf6402207,a85ea2d45003df5c622a0f517f11cef39eccc5391d7ae871c3debb3ebbde512b,b63dea18ba04ebec90aa387b94608ae909f9951b5f93072d2366e170a7e899a5,0.5314,0.6687306666666667,0.50336,0.29598,0.38762,3.8770648475646974
training_dense_testing_sparse,cifar10,vit_small,grayscale,dense0_compact_test,dense,compact,native_contrast,60,1,heldout_val,45000,10000,1fcbf62a6eabc9b6dceac41674ec336a2129e16214fc6c2062a26216f233b2a0,d7e8fdda42566a324d96a826a9de4a76f4bdb3fc5fbad219abd2eae4c9fd66e0,b0ee16f423c590c7b2825b45a2197bc867f6dc9afd6aafdf9bd17b05322b1253,0.5389,0.6606773333333333,0.51408,0.29968,0.38645999999999997,3.8304985107421876
training_dense_testing_sparse,cifar10,vit_small,grayscale,dense0_compact_test,dense,compact,native_contrast,60,2,heldout_val,45000,10000,3db7e73f0a31069c3abb8d762eeefef30c25798a8961450e23e2ff16e4c14b18,57aecea7ce2e2ba0f3404e42f970fcec3c6f73efde39eb408ed4d1b37f5ff27e,7babc96121d5f89850cbcc509af4ec2f9ce5f8ca5fa941133ff06758c159091f,0.5577,0.6588173333333334,0.5258,0.28545999999999994,0.38766,3.706249169921875
training_dense_testing_sparse,cifar10,vit_small,raw,raw_compact_test,dense,compact,raw_pixels,60,0,heldout_val,45000,10000,6d9edcc0adbf2aa8a04367eb89a5664d1ba2b5f7f17a207e30dd905fbc973c93,7c4187c643b7e210dc769d4c2b2adebfd5bcb5c678051889a482ac9b2ab223ad,a8369ed680009e45868b72c0316b8d39c74371d912ed437ff6bf9dc89488db33,0.3127,0.7348613333333334,0.26955999999999997,0.229,0.23678,6.92891180267334
training_dense_testing_sparse,cifar10,vit_small,raw,raw_compact_test,dense,compact,raw_pixels,60,1,heldout_val,45000,10000,308b8f2a3e2a979217310ce4ec63ce902028997636c69ded0ba9f6e056b3856f,4c7d3bdfe12fc4767b82d8a04998444f253fd482219117e5a74037bab11291e0,51013aa13debf7716aa0c9fa9d431e2a16cb1727a003497460469b5e728eaeb4,0.3179,0.7307293333333331,0.26694,0.2405,0.25768,7.158358874511719
training_dense_testing_sparse,cifar10,vit_small,raw,raw_compact_test,dense,compact,raw_pixels,60,2,heldout_val,45000,10000,ced19d5980c30141cde08b959b8281d16f14797564bd2768b1a0fb5e4d9a8adc,f7fb9a510b03eacfb343f58adc54100633e5769550039ff5fdc3b510e3c521d4,92f9655eb068a90ffb82799f9d4939a1b20fefa95c7967c571e933859172321e,0.305,0.7437159999999999,0.26024,0.22644000000000003,0.23027999999999996,7.893416046142578
training_dense_testing_sparse,cifar10,vit_small,single_color,compact0_compact_test,compact,compact,native_contrast,60,0,heldout_val,45000,10000,d2a148742fc64252e6148750560cf08dc193b7c9dd126e12468415b82fb7622f,6c7693736966d05473089485333caa39f5ea9412a85f3bf823332cf637710930,33444dbf27ccf9d09e9bc6815558429934b9b612bf912ef7c263e2fad03e2c1e,0.5902,0.6091693333333333,0.5412999999999999,0.34085999999999994,0.4465800000000001,3.6061403617858887
training_dense_testing_sparse,cifar10,vit_small,single_color,compact0_compact_test,compact,compact,native_contrast,60,1,heldout_val,45000,10000,11be9c8be3152164238c5d0bf3e8945691774ef13a3fe768fa6bcaee61c3c4e8,5b8311a8aa46bd6cecaf4f2417880a3188f162add0a4e0f721118609026ffbaa,9c8bd1d942d5eebc735cbfd5c953e9e80365d176a194c9231b43ef9fc509a79c,0.5794,0.6144119999999998,0.5375599999999999,0.34384000000000003,0.4545,3.6669381275177
training_dense_testing_sparse,cifar10,vit_small,single_color,compact0_compact_test,compact,compact,native_contrast,60,2,heldout_val,45000,10000,a4e49b1b7f6ff8d84d25c888f4dd55fdf0630653e2bbda2b2fe22bcde111a34a,efcf0e6ea6fbacf210b9d43c1351af75ddaf98f8c1dac80575d3593f5ddcb72e,3fd91e2eda56a286994526f35b5dec72d05b5c1513e50fd3381168829ede49c7,0.5966,0.6042333333333333,0.55494,0.35266000000000003,0.46224,3.4600116760253905
training_dense_testing_sparse,cifar10,vit_small,single_color,dense0_compact_test,dense,compact,native_contrast,60,0,heldout_val,45000,10000,a10df93cda65855c8e43faee539c04e2ea931165b242dce7c737e49b6b269df9,21106edd3e3e4f2bacc6e63f2d5b402c72aa4fea9caeb649aa226c4834d15dd4,9fa97932cb6c84ca661c56235128961714203d1ebfd34d4c9142695a6361bacf,0.5536,0.6262306666666667,0.5056800000000001,0.3355,0.44094,3.8212203842163084
training_dense_testing_sparse,cifar10,vit_small,single_color,dense0_compact_test,dense,compact,native_contrast,60,1,heldout_val,45000,10000,88b9f364064b51f846748d8fe3eab4b8208d449fa6f1681814c992f74acabbc3,9d853016cf8c900c62cb6c6fdbb4066bf90a2b4e590901146e2ce65b1ff53407,a14ddc5c19aa65cee18f9e67214fec43fad92bbdd3ee9a459ac0341fe3f3731c,0.5569,0.6331533333333332,0.50968,0.33604,0.43616,3.7436851921081544
training_dense_testing_sparse,cifar10,vit_small,single_color,dense0_compact_test,dense,compact,native_contrast,60,2,heldout_val,45000,10000,2074cae84d8d2c5d1f58628269b66c2e7915ce438087e6cae67a4afe8c22ea71,0048945a41186e84bd9e2fddc350b109f7fc7d0ab9786cc2614ad863dcd3932d,2eeae4368927974e6744ec6a28e73efe04d841b8697a1cbf46ddb4dd42514b7a,0.5841,0.6240133333333334,0.5358600000000001,0.33544,0.43582,3.4275299030303956
training_dense_testing_sparse,mnist,swin_tiny,grayscale,compact0_compact_test,compact,compact,native_contrast,60,0,heldout_val,55000,10000,2c095689d7640fd70171088671a562a4566e5f59a93bd61df52b979e07644c40,c4bb321da0a653a4d83650aa2b61fe4d98eec845b0e48d22e37a6897a1b5e94b,7b0a41b35e709e34296548f99714540de2cfe6fab7cd6d2b8d8850be56665407,0.9915,0.30408666666666667,0.2935,,0.2318,0.03970735869407654
training_dense_testing_sparse,mnist,swin_tiny,grayscale,compact0_compact_test,compact,compact,native_contrast,60,1,heldout_val,55000,10000,cdca4e9188c0a4ee54094f669303115ee7410775aba1e1f328c11449e7276a0c,55ab18490b0225ea74dbcf9d59b84b29698eab03259fc268c2e33d812dfbccbd,27834ca7879cdcbc657227d83ee6209161fc84b956f9fc30765d0b5f59e7f707,0.9887,0.3004266666666667,0.3382,,0.2793,0.05213373422622681
training_dense_testing_sparse,mnist,swin_tiny,grayscale,compact0_compact_test,compact,compact,native_contrast,60,2,heldout_val,55000,10000,85109317f4a82d1a3e7fff1f538d987ebd1ef6020571e06a13580387b4f389f6,7abb62874875d54f0145cf73f791ba245eb0df35d9978ec5c32893e053207307,984f081ec99d3e4bbdd3bdec162111e3b71fd5987938caf8959881f15ccd05d4,0.9893,0.2802466666666667,0.4503,,0.3991,0.04707002198696136
training_dense_testing_sparse,mnist,swin_tiny,grayscale,dense0_compact_test,dense,compact,native_contrast,60,0,heldout_val,55000,10000,2d2d2fe91edbc933c3d6197a54cba848b6fe11ecb67ed2ab55ff0fa46700024c,b5ba882ee04e81c45232c4005e9a820b60c8b46fc9026b6949f38be5e12dae2b,473ed25a586e0ea8fb93e4fadfcfd4e7e18bde623e0f22701c184b2da680520b,0.9347,0.41799333333333333,0.3666,,0.3421,0.2700939208984375
training_dense_testing_sparse,mnist,swin_tiny,grayscale,dense0_compact_test,dense,compact,native_contrast,60,1,heldout_val,55000,10000,3b4765b37189baeb40fbae87d7ecd899b1460638d8b6cd66cf55c24730b68546,e6e682f99e0eee247ebb254b29f3eb44b9362a5a7ef446abce3bc043a51997fe,3c122f0fd1faf70a5670d3c6526b0c7197dc73ded514139a3796e6045a6fb776,0.8764,0.44472666666666666,0.4011,,0.3291,0.545368911743164
training_dense_testing_sparse,mnist,swin_tiny,grayscale,dense0_compact_test,dense,compact,native_contrast,60,2,heldout_val,55000,10000,713aacedd6c568956a9e25ea63db2831565553eaaf67990ed7cdbb1f0a0daec5,d702f30cdbb4eec392ad0ecc9abc4f74a4b031dc4dd9bd08fa1670b553a83e7d,b0393e9d1c0e15b51559e628483e2ed496574409f6794199f61ad346d461af16,0.8978,0.4336733333333334,0.4676,,0.4467,0.4380982879638672
training_dense_testing_sparse,mnist,swin_tiny,raw,raw_compact_test,dense,compact,raw_pixels,60,0,heldout_val,55000,10000,a53550eb07ac1521f311de400c08ca7afdb7709195f060ac866804650931fef7,2862442744248fb27f135fca8176a4329e4389cf2b7a4b85035896938cfee3d1,4f4de1c96ce3171d528465ea583fe366ccbf1eeed9fc126ed5b29d61cc878836,0.8703,0.43660666666666664,0.5499,,0.5409,0.5335225738525391
training_dense_testing_sparse,mnist,swin_tiny,raw,raw_compact_test,dense,compact,raw_pixels,60,1,heldout_val,55000,10000,68f982b968075960f29cedfc5919c161d2dac7ae72716ca512acaafe207aedbb,dd2cf2d226b36e5fad41f47fc00c9371fc35dbe4fac6f7d4f7fb27fb2ad731be,485f892a847b6dbcfdab4e13b46349e10ca7e3c0d81810dc50d69b0ada0c05f0,0.8608,0.4323666666666666,0.4701,,0.5495,0.5683327331542969
training_dense_testing_sparse,mnist,swin_tiny,raw,raw_compact_test,dense,compact,raw_pixels,60,2,heldout_val,55000,10000,ffd9862e44015d41b7f45238a79f436065928178ab907363f7a52f771ecfec83,427b62eb15ab92cd151c4ecfeaec6ca4bd2a25585462fc549ffe8023437c74e7,dc141a26cd438bb05b5097a229bc10b348f6a1d7cb9696567fc85afbb8440cbe,0.8803,0.41638,0.5071,,0.5508,0.5174095031738282
training_dense_testing_sparse,mnist,vit_small,grayscale,compact0_compact_test,compact,compact,native_contrast,60,0,heldout_val,55000,10000,596232e9f477b235826df4788b6b9e18d6ebe6e14a244998cc5f2b6da3dd9f10,d606e0b6e7e1b8ca4140175f43e475d056088da48eedeac3bc3521ac5c8bd570,168dfdf4b1e77bdf998c5fcf65999cf6fb4a4b0c58b19ed9d0679fbe3a50e918,0.979,0.37166,0.8359,,0.4049,0.11504700621239099
training_dense_testing_sparse,mnist,vit_small,grayscale,compact0_compact_test,compact,compact,native_contrast,60,1,heldout_val,55000,10000,a020c47a25c6f86884945b79c2900ec8c8eaef75bd11b1247332586e9d727d9f,46894ed8e58b9a3d3a51017f67d68a2884c576e01bc3656e967ce685c146046a,bf2631dda7d9d271b18b8e9867cd79e4cb599f961d1d13de860454d586357601,0.9806,0.3544333333333333,0.8369,,0.5195,0.11407761647962034
training_dense_testing_sparse,mnist,vit_small,grayscale,compact0_compact_test,compact,compact,native_contrast,60,2,heldout_val,55000,10000,153e6b7c7f3b950e2262e6e4b5d7272a733c46daef1a66e22bec91531749d094,3b7406c877e78f0bd976d436a0cb1901bf16f4b32fdcef07d9d01e73bda87ba9,d40eaf4227e611b4235f679e1f5b2f9f68901fb6a89907585a7aca9162a6769c,0.9815,0.37593333333333334,0.7807,,0.3319,0.12132351819857431
training_dense_testing_sparse,mnist,vit_small,grayscale,dense0_compact_test,dense,compact,native_contrast,60,0,heldout_val,55000,10000,7f82f744a307a0f9c3e543e1b6a3f0aa9f26918c57f6efed2a70afcf7b336275,179475b8b5f1f60331c2ef36bed036328ffb8901f10573d5da34e3c145a3b99c,1febb833c97989dec964ce4247d5bb9f7f212d0d0ffea0016b5b7d6ef9e061db,0.4983,0.71392,0.3287,,0.1918,4.019088319015503
training_dense_testing_sparse,mnist,vit_small,grayscale,dense0_compact_test,dense,compact,native_contrast,60,1,heldout_val,55000,10000,e61e6d1e64df536d4c9b6f2b3314e35a58fc70c0e0386fccc573a694aa23b41e,0c043582d4fd9fa02edf865269d1ba752080dec581307de85e519181414c7951,10a1c020e268e60f92a50cb1a938f7e478078107b9a7dd5bcd30e3f36dd50ae6,0.5293,0.70442,0.312,,0.1594,3.9522348205566407
training_dense_testing_sparse,mnist,vit_small,grayscale,dense0_compact_test,dense,compact,native_contrast,60,2,heldout_val,55000,10000,878388e91134c25deb3782575e9cd4c717d8d0e9be8f1bf24aa7c6b0f3bdd0a6,e6a832390c850cd02985baa89af74e5b5051e71fc8f593de29cbe32747013aef,04b23e1d894d5cd0ffacd122ef55cc5578fe60d76fbf71286f07dceb0d27c789,0.5092,0.7206199999999999,0.3203,,0.2202,3.8333717445373536
training_dense_testing_sparse,mnist,vit_small,raw,raw_compact_test,dense,compact,raw_pixels,60,0,heldout_val,55000,10000,3a67a6f877bbd93d4d0c84b1559983ec3655c509090a7806bac4c43b4bd085bf,9523e74ba13da3f1257b0c8cdd3db4e72b6b2105c0f474976efa781683d41b85,3db92cbcafbbc2751e66333d710ad6f6ab62881147312fbf9142265b64fd326b,0.5934,0.5843,0.3938,,0.4029,3.352714066696167
training_dense_testing_sparse,mnist,vit_small,raw,raw_compact_test,dense,compact,raw_pixels,60,1,heldout_val,55000,10000,a5724be093bff52fd0d6fe2566493d8b467eeaf99d2302afcd3cbe17f053d7fa,30a8f281c2f4a12b308161a4e74780f51269070d10c8b2291ac201ba93d64059,acbec74b30d2bb2dbba09b75e00a22ce88387ed47cb09fa6403be759a89ac248,0.6893,0.5434133333333333,0.5244,,0.4327,2.3729216779708864
training_dense_testing_sparse,mnist,vit_small,raw,raw_compact_test,dense,compact,raw_pixels,60,2,heldout_val,55000,10000,5d213ad5ef939d2fc6ddd45f1049fc27258e1cde219c579ba2e6246bbab30cf4,62004fa6b787a704ff5ee13663dbbc1aeaa90c7b0b292b27c4d9b1a1f63a9d13,63bb2214a8ab262e48865109fcf46769e97d9659bc9e8d3557e8cd23394adc56,0.7678,0.5070066666666667,0.5727,,0.5043,1.694461622619629
training_dense_testing_sparse,cifar10,swin_tiny,color_opponency,compact0_compact_test,compact,compact,native_contrast,70,0,heldout_val,45000,10000,7dd9c7d4b4a117c8f513148783fa5afed3e3ded6fa611d1851b05cef3e75d0de,9d7e36c17a1b11431ddd5983e97333bbd9ef686bcc465342daf9c8ec1bd83b95,a1588df6cc4aa446ef6729c07ec425d9f89c93cfbeb71b723f0b336b231ea48d,0.7891,0.47814400000000007,0.7599400000000001,0.55776,0.7064199999999999,1.0695014404296874
training_dense_testing_sparse,cifar10,swin_tiny,color_opponency,compact0_compact_test,compact,compact,native_contrast,70,1,heldout_val,45000,10000,9cac1279c51ceca4a4342ec4985d1575dd430548ef60788e4f6d470c50c08348,c403b99bf33af770f40ecb7d3c76bcc4102ff526634f91617ca65592a08e1165,238361a79e91c52e2fd36d712b98e970b6286e5316b2293833aade616d11c014,0.7858,0.47914266666666677,0.75426,0.55962,0.7117,1.1170492736816406
training_dense_testing_sparse,cifar10,swin_tiny,color_opponency,compact0_compact_test,compact,compact,native_contrast,70,2,heldout_val,45000,10000,b77284c08958bf7482bb1a5f6e0b72092effd49f92ee971e0818115b36d3d7d3,ea629ccde3be32deeb2c1656cec1eb4897373704ceb225ed7f589eed94971777,7858973d124027dfd76efc8522165b34da42f801109350bfe9edf5588b99ca59,0.7806,0.48246799999999995,0.75646,0.53868,0.69322,1.1307991790771483
training_dense_testing_sparse,cifar10,swin_tiny,color_opponency,dense0_compact_test,dense,compact,native_contrast,70,0,heldout_val,45000,10000,889186b6ec026f69d45818cc9de8c1adab18ee6039a2ae3112c329d3c0e84705,4cab161dfa8f57ac6a963584e4f73127a9326055018cbb451c16e411d6862a04,fab9441233ae76a1b48e0b353942c30293499e8a2d4c2e9c062d73159e012032,0.7839,0.4799746666666667,0.75844,0.5370999999999999,0.6945,1.085050601196289
training_dense_testing_sparse,cifar10,swin_tiny,color_opponency,dense0_compact_test,dense,compact,native_contrast,70,1,heldout_val,45000,10000,2330a1ed854509f56ad52f4ae39f294fc4ccba66c3853f1d6c5fe6a3aa0f3e78,ce71b3e7c37122c31ceda252ac1b4682e62a536d29e7efaf233ad88167d499be,3a8d2f76403887b48ba87e6c04a928670d9aaf4079d21ba7ad87d5b9f491eeee,0.7785,0.48063199999999995,0.75584,0.5394,0.7026,1.1060229248046876
training_dense_testing_sparse,cifar10,swin_tiny,color_opponency,dense0_compact_test,dense,compact,native_contrast,70,2,heldout_val,45000,10000,e27ec94571ecee986f7482d7db1c4740a03b9b176a45ec20b023a6c2de3e2d35,4ff0673415733a5e2f08932f0272050f1e93613c1c64fc702befaa6b3cd5f276,70c047f178a68005810241c0e1315e68c21862bbc6485b102471e834d04345eb,0.775,0.49109866666666663,0.7506999999999999,0.5314800000000001,0.6860200000000001,1.1394426330566407
training_dense_testing_sparse,cifar10,swin_tiny,grayscale,compact0_compact_test,compact,compact,native_contrast,70,0,heldout_val,45000,10000,b41ebf2be349cf023e0b59678fe930a3f46b45c9f6dded35014acffdf161df86,50ce11aa508fbda1645304f82cff6ba2768820828da7229937b68d2253a54a2d,71871ed8857981958b2a6b9df5f131d33fe3c006b362f05353a506a36ed60600,0.5496,0.649364,0.5069600000000001,0.34436,0.4239,2.228585998535156
training_dense_testing_sparse,cifar10,swin_tiny,grayscale,compact0_compact_test,compact,compact,native_contrast,70,1,heldout_val,45000,10000,a61c14f8e4369afd64ed13802221d3d5bd804fe2e43ef110ba1f1ad940bde598,8eaa020f8ebfc4944bec1cc2713e5c43e822c5257e932a6cc991f4ec70d78e8d,13220bfdc33c9cf4650dd73e3a4527dfa123dcc569d5483e392ee4d87a3a871e,0.5606,0.6444479999999999,0.51224,0.34218000000000004,0.42652,2.253084558105469
training_dense_testing_sparse,cifar10,swin_tiny,grayscale,compact0_compact_test,compact,compact,native_contrast,70,2,heldout_val,45000,10000,bee45e40b73e0d571ddcf8388c05ae51821782ae15d1b347333b1df34931b35d,c20ed5b62f941ad425a31c6cb2f8da4b789515d3fa014ce5719733364365e444,4138089fb907e02402ec0525f2bfcd503a06886e3b15de2814ef80480df2552b,0.5454,0.6438786666666668,0.50832,0.3476,0.42394,2.2699824462890623
training_dense_testing_sparse,cifar10,swin_tiny,grayscale,dense0_compact_test,dense,compact,native_contrast,70,0,heldout_val,45000,10000,b3511e8838a92c211e89d28b6c9ccc92ce961c9cd8b733b710151cc34c67348e,a4571968ae213501963e9bd8fc12069eaca2c92a4b292e37c54d8d4855368650,6044ca36b20c6e4930631bf254bbc49c2a6d007c28c6dad2e64d93d48d9ee944,0.5421,0.6588413333333334,0.49494000000000005,0.33175999999999994,0.41382,2.379640954589844
training_dense_testing_sparse,cifar10,swin_tiny,grayscale,dense0_compact_test,dense,compact,native_contrast,70,1,heldout_val,45000,10000,62f36fef7c6cd5f59d5b3aaf3b7ba940c9bbdb46d1e671a92ee968240aaf7768,2fd9aa427ca55b1e165a52b221835019633dd833fc7b3901dd3f791194035179,66b93a8751c67cb83a6b47d4ebe6c227e04004542fa77f67b1aa4696492cbb12,0.5358,0.656096,0.49384000000000006,0.33118000000000003,0.41045999999999994,2.3641635864257813
training_dense_testing_sparse,cifar10,swin_tiny,grayscale,dense0_compact_test,dense,compact,native_contrast,70,2,heldout_val,45000,10000,6f8d51ff06be359e98b9cbced2ff79cba0ae814629c07640d0010844b194c561,2f5c82e6e912b00ee9b8f86408c483727b3d015b1d6d6462badf6c6f6f570b0f,2a3b7de47f7c3116c9ed4e26109dc713938f3a63e2267a4668905554b979f39b,0.5331,0.6625200000000001,0.4861,0.32964000000000004,0.41296,2.4368121032714845
training_dense_testing_sparse,cifar10,swin_tiny,raw,raw_compact_test,dense,compact,raw_pixels,70,0,heldout_val,45000,10000,40973cb6499558a8c2279247a137016ae7d9dd0783c93fb6b05ba6da935af4e8,363a20a908c002877df662a4056014539f035a093e44af785d735cab741acd66,3292edaad6d1f81f87a8b508f23007e265f1506e12d81c7b47715ededb9a6546,0.2875,0.7630293333333333,0.27156,0.24356,0.24104,6.7864241088867185
training_dense_testing_sparse,cifar10,swin_tiny,raw,raw_compact_test,dense,compact,raw_pixels,70,1,heldout_val,45000,10000,49418a4414cf85f58bdb60a44479b2a8b193a33c6183ae2d58265415dd6c3303,25dce42cd09b6f9f3b01cd41b55dcacac527a281d2640b15b6c3f9e95ea47743,fe659f7e7cc2bcded57c75ed5272930ea1d37c77549aaf2b6da6e7cb4dbf548b,0.2664,0.7810866666666668,0.24674000000000001,0.23184,0.22093999999999997,6.9493119140625
training_dense_testing_sparse,cifar10,swin_tiny,raw,raw_compact_test,dense,compact,raw_pixels,70,2,heldout_val,45000,10000,645a153dd9901dc85e8b7e71ff1760eb8fdf6668f617f496b16cb4caa91e2208,47313a6e6a1f3eeb5173ac2dbf32754b3d9bba697221c794d03281c0c1c5268e,c0d05e70330b2102f46e929b2604e920636f02760a2b7ccac6c5cbb3b9b9012e,0.279,0.7674133333333334,0.26902,0.23620000000000002,0.23002000000000003,6.767058642578125
training_dense_testing_sparse,cifar10,swin_tiny,single_color,compact0_compact_test,compact,compact,native_contrast,70,0,heldout_val,45000,10000,d02170d09bf170673379d573be7dca6e6b20a8c630803a4ede3ea8a094459ebe,47afb6c98df5d1d410db077fb22fb3af086b2ec839ded2a38c17732e59aacffb,bb46a33dc8b69af65d8ca279b87ff17d18ff06059ac0030c0397ad03669c839c,0.6108,0.5896720000000001,0.5603199999999999,0.40926,0.49929999999999997,2.2187001953125
training_dense_testing_sparse,cifar10,swin_tiny,single_color,compact0_compact_test,compact,compact,native_contrast,70,1,heldout_val,45000,10000,e12e1c4048aa8c54309603cd88785ea095c4abe488878df8bf603789e1b45ec8,103825ae79d02e38f82108503bfd3c652b1cc9eae70f48b67a1fa4858712b161,b09d4231758cdc5f742a95c959b174a73f72e7eb7b5430e9f522d4a83a67b028,0.6109,0.5895306666666668,0.56232,0.40168,0.4908,2.1762672424316407
training_dense_testing_sparse,cifar10,swin_tiny,single_color,compact0_compact_test,compact,compact,native_contrast,70,2,heldout_val,45000,10000,c1bb8bc80e8084497b3d0ec116571d5ea61863f62dc1ac7bacaf4f05ee50e664,6631a3355245362b7cb46c2507f8478cf150fc3190217c73b13660b51e2e0f91,54da0e293091a1938bc82ea8a6cabeabbb55debd9fdfcc96b5b795b3667b91f4,0.6187,0.5777680000000002,0.57182,0.40832000000000007,0.5021800000000001,2.085255810546875
training_dense_testing_sparse,cifar10,swin_tiny,single_color,dense0_compact_test,dense,compact,native_contrast,70,0,heldout_val,45000,10000,aca28ba26694d689064e7f07c4f8cd11b66cceacd95026e84d7574a406e46d1c,d7dbc9322ece1a8ca3588f385689a3b8bf48811a6d424ea58af3b9fcd16c1017,74fce3b1d058b6cf57055516ceb85d442b7674eddb8950f5244b3a22cc35862f,0.6155,0.5896173333333333,0.5681,0.39156,0.49496,2.076337664794922
training_dense_testing_sparse,cifar10,swin_tiny,single_color,dense0_compact_test,dense,compact,native_contrast,70,1,heldout_val,45000,10000,8a178ec929ada7c155b17b35ffce9d66c7271befd609b94180c4169a9a921ffa,35dca41d0ac9bfe4d35ab0bade9003a04244ef0610eff1941336fc1fab6965c8,b7af9c2326beb1db7fc4aba06b867583770ebfc6e2869cb6193ee752cc81fb63,0.6141,0.5947479999999999,0.56762,0.39106,0.48626,2.168716394042969
training_dense_testing_sparse,cifar10,swin_tiny,single_color,dense0_compact_test,dense,compact,native_contrast,70,2,heldout_val,45000,10000,82ae1b07108508ce3df13e1e82f75398cf805c7cf49502df2e39d0f8f7f31797,7e4c333921bcdf1ae7125a12b39edf38fc1431b4f3c57140fa8117eba2926e25,9af4c0f5bd726b176994f562d5b5b3f4e326392003f27ce9b795221daa4a186e,0.6172,0.5870253333333334,0.5713600000000001,0.39028,0.48719999999999997,2.1056166076660157
training_dense_testing_sparse,cifar10,vit_small,color_opponency,compact0_compact_test,compact,compact,native_contrast,70,0,heldout_val,45000,10000,4c9191f39b1983718e824548c5ca0fdd4d50dd5a2a330402250f8691ba4c8775,99f7c909026449286cc12765848d13762a5794607419dad2886453b87d1d5c2b,37de2ec99f0e84cc52750431e5e654b4c4548ea78d057a8d1e9f8503629dde4d,0.6279,0.5840759999999999,0.57026,0.40259999999999996,0.52262,3.214741242980957
training_dense_testing_sparse,cifar10,vit_small,color_opponency,compact0_compact_test,compact,compact,native_contrast,70,1,heldout_val,45000,10000,852293fb13dd0a5582c7002900afba0ed7ee1da3eac57c390c17ced5020479e5,99deaa756701bf9031d92eaf19f5f483f1def9a730a2598be89f43bb48f7060f,cc6c4ff852a89054d605a64dc0da897019275dfbee1773e7b12502eea47dc741,0.6447,0.5774,0.5904400000000001,0.39428,0.52542,2.985323895645142
training_dense_testing_sparse,cifar10,vit_small,color_opponency,compact0_compact_test,compact,compact,native_contrast,70,2,heldout_val,45000,10000,82f057a9aabf3ec5f2dcda835588921471ed8f3386af594bded691b0cae54d77,edbd0b42c97be7489069dbd819c8f23a700a9314a9e14ff2910f5d28a9b9fff0,256c9aba780e83006c9b4051eb71e7675e73ec3353ddf4c9b36cc6d6a8f81b13,0.6333,0.5843293333333333,0.5743600000000001,0.38298000000000004,0.5159999999999999,3.071261935043335
training_dense_testing_sparse,cifar10,vit_small,color_opponency,dense0_compact_test,dense,compact,native_contrast,70,0,heldout_val,45000,10000,df560ef223b7c4666cf94d95707de63f77bf5509475cd1153d8276324ac563c7,5f4f12483d6bffcea9d7cf594bb3ec45773bd95c9d9e0c3a6157b8fe9f1eada4,6ac6ab6efa8fe9667b6cfec2b439c1a483d484602b0dfdb7f1697805bfb32d49,0.6132,0.5879053333333334,0.55422,0.39194,0.51486,3.288409774017334
training_dense_testing_sparse,cifar10,vit_small,color_opponency,dense0_compact_test,dense,compact,native_contrast,70,1,heldout_val,45000,10000,5e3e0d6e03ad4d7add110bef9f5ee4b8426aa4455640c3e37498c25790b55e4a,932c27b89cd0950a4d8e0cf80edeb8218002979d0cc0de920e0747d6bc48477f,68d86b6eaac4b9181759fdf74d2ba1e58dec9a64c6c46a337f12d54d2ef69294,0.6244,0.5926786666666667,0.5793200000000001,0.37306000000000006,0.5082199999999999,3.2331191970825195
training_dense_testing_sparse,cifar10,vit_small,color_opponency,dense0_compact_test,dense,compact,native_contrast,70,2,heldout_val,45000,10000,280674b7a8b9cf370c3c7ab1cf3e891020d9508af67faac55ae8b089786429c1,95098ae3219490a88cb3ac9569058867924a2e4a1c10b8361d682fdf4b8cf085,5996a511e29f768e94b52050b63e86d5c734908cfb89f071a0215dee0cf9ac41,0.6321,0.5781013333333334,0.5797000000000001,0.38672000000000006,0.51742,3.0304266834259033
training_dense_testing_sparse,cifar10,vit_small,grayscale,compact0_compact_test,compact,compact,native_contrast,70,0,heldout_val,45000,10000,df1187b1f54df47aac5be0c01388708556e6df260c0c0ed8ea6360fef03a4e27,d8153aabf4cb65d88719021088c63b073a6dbe7fc277fb8d0168b05fa2e6c297,5525bb3230ca1bd20fbb778be4c121a9cfef3bd270f0e4dae5015b2878d97c09,0.4262,0.7182466666666667,0.40446,0.24909999999999996,0.3206,5.136525773620606
training_dense_testing_sparse,cifar10,vit_small,grayscale,compact0_compact_test,compact,compact,native_contrast,70,1,heldout_val,45000,10000,cc3f2a9e80476cbca3b7a7aa7da38f13f51964a8ee7e999a04ad2afe96f52950,1cb558cf21abe66590c5eaae71c1dc43bc95345ed0a2f4ef3ff30b8c687cc5d2,732d4a2c3a1c116592563e0a1d8079371f809743798db06af2996f6171bb5f8e,0.4438,0.7196359999999998,0.41777999999999993,0.23712,0.30944,5.396472709655762
training_dense_testing_sparse,cifar10,vit_small,grayscale,compact0_compact_test,compact,compact,native_contrast,70,2,heldout_val,45000,10000,b1649a960f431ef2c0c3511ee009560451e10a08ddc694f21337970fe3ffabea,1e6a019be8f0ef3e57160a24647434471ef680b66664510ffb32b03c5490a20a,419b5bb3a9a427d926a6310430e09d188260807d9d1dad2bd5df3489496b119c,0.4211,0.7263733333333331,0.4082,0.23045999999999997,0.29166000000000003,5.206885614776612
training_dense_testing_sparse,cifar10,vit_small,grayscale,dense0_compact_test,dense,compact,native_contrast,70,0,heldout_val,45000,10000,5eccf7d47ebfabdbad3904482b91bfe2a31af271fbda28ec9aae13a3127cd3b3,a85ea2d45003df5c622a0f517f11cef39eccc5391d7ae871c3debb3ebbde512b,b63dea18ba04ebec90aa387b94608ae909f9951b5f93072d2366e170a7e899a5,0.3855,0.7428826666666667,0.35728,0.24294000000000002,0.29988000000000004,5.731592552185059
training_dense_testing_sparse,cifar10,vit_small,grayscale,dense0_compact_test,dense,compact,native_contrast,70,1,heldout_val,45000,10000,a6995b8b39bbc8adbe73d946907a2c675ddf56e3b12e29cc831bf6394011fc26,d7e8fdda42566a324d96a826a9de4a76f4bdb3fc5fbad219abd2eae4c9fd66e0,b0ee16f423c590c7b2825b45a2197bc867f6dc9afd6aafdf9bd17b05322b1253,0.3983,0.7392426666666666,0.37376,0.24090000000000003,0.29252,5.566697512817383
training_dense_testing_sparse,cifar10,vit_small,grayscale,dense0_compact_test,dense,compact,native_contrast,70,2,heldout_val,45000,10000,c699c132b34436f3c8f6a4fa6ae30f4454628304b2281ae6d4b5009c544ae38c,57aecea7ce2e2ba0f3404e42f970fcec3c6f73efde39eb408ed4d1b37f5ff27e,7babc96121d5f89850cbcc509af4ec2f9ce5f8ca5fa941133ff06758c159091f,0.4144,0.7345413333333333,0.38756,0.22852,0.29844,5.265193766784668
training_dense_testing_sparse,cifar10,vit_small,raw,raw_compact_test,dense,compact,raw_pixels,70,0,heldout_val,45000,10000,2276482ec65a51a8fe9f18364b3dc3940b3ebc57a13816dc8dc7c0c4d392ac23,7c4187c643b7e210dc769d4c2b2adebfd5bcb5c678051889a482ac9b2ab223ad,a8369ed680009e45868b72c0316b8d39c74371d912ed437ff6bf9dc89488db33,0.2716,0.7637466666666666,0.24232,0.22298,0.21781999999999999,7.648053558349609
training_dense_testing_sparse,cifar10,vit_small,raw,raw_compact_test,dense,compact,raw_pixels,70,1,heldout_val,45000,10000,4605f2f54250d68d8639a49d67eb6728ba3f6d03d3c719a7811bd50fb1bceb0b,4c7d3bdfe12fc4767b82d8a04998444f253fd482219117e5a74037bab11291e0,51013aa13debf7716aa0c9fa9d431e2a16cb1727a003497460469b5e728eaeb4,0.2668,0.76808,0.23254000000000002,0.22197999999999998,0.22871999999999998,7.901098962402344
training_dense_testing_sparse,cifar10,vit_small,raw,raw_compact_test,dense,compact,raw_pixels,70,2,heldout_val,45000,10000,31dc6940666644e01073bfbb3ca8dd154be0f535516ec31775f26c4c8aa2d4fc,f7fb9a510b03eacfb343f58adc54100633e5769550039ff5fdc3b510e3c521d4,92f9655eb068a90ffb82799f9d4939a1b20fefa95c7967c571e933859172321e,0.2575,0.7761239999999999,0.22609999999999997,0.2145,0.21139999999999998,8.734392623901368
training_dense_testing_sparse,cifar10,vit_small,single_color,compact0_compact_test,compact,compact,native_contrast,70,0,heldout_val,45000,10000,7e3db45bfff728b8ab84618013526a13a53b08cc05d5086a94def3fd9fe6226e,6c7693736966d05473089485333caa39f5ea9412a85f3bf823332cf637710930,33444dbf27ccf9d09e9bc6815558429934b9b612bf912ef7c263e2fad03e2c1e,0.46,0.67916,0.42234000000000005,0.28644,0.34794,4.990742610168457
training_dense_testing_sparse,cifar10,vit_small,single_color,compact0_compact_test,compact,compact,native_contrast,70,1,heldout_val,45000,10000,56bc4c059081e0e70947ba0eb8600cf3841bc99e602454cea9cedcef40793aa7,5b8311a8aa46bd6cecaf4f2417880a3188f162add0a4e0f721118609026ffbaa,9c8bd1d942d5eebc735cbfd5c953e9e80365d176a194c9231b43ef9fc509a79c,0.463,0.6798933333333335,0.42172,0.29176,0.36356,5.0202151412963865
training_dense_testing_sparse,cifar10,vit_small,single_color,compact0_compact_test,compact,compact,native_contrast,70,2,heldout_val,45000,10000,d0380a17b414e2e3099a4f11cfdf4acd138cabf7a2ba6a2c0881bb6ae920776e,efcf0e6ea6fbacf210b9d43c1351af75ddaf98f8c1dac80575d3593f5ddcb72e,3fd91e2eda56a286994526f35b5dec72d05b5c1513e50fd3381168829ede49c7,0.4819,0.6669440000000001,0.43962,0.30562,0.37422,4.691989572143554
training_dense_testing_sparse,cifar10,vit_small,single_color,dense0_compact_test,dense,compact,native_contrast,70,0,heldout_val,45000,10000,966d12a324954b67c234acc561cf8f25291a059b94276f59bc36c0550284c14b,21106edd3e3e4f2bacc6e63f2d5b402c72aa4fea9caeb649aa226c4834d15dd4,9fa97932cb6c84ca661c56235128961714203d1ebfd34d4c9142695a6361bacf,0.4303,0.6961133333333334,0.38664,0.28756,0.35248,5.33266173248291
training_dense_testing_sparse,cifar10,vit_small,single_color,dense0_compact_test,dense,compact,native_contrast,70,1,heldout_val,45000,10000,35d31fe6f00b9dd2e69514901a4d13cb6777adca9d3ec23442f613e2003cd87c,9d853016cf8c900c62cb6c6fdbb4066bf90a2b4e590901146e2ce65b1ff53407,a14ddc5c19aa65cee18f9e67214fec43fad92bbdd3ee9a459ac0341fe3f3731c,0.442,0.6954786666666665,0.39611999999999997,0.29222000000000004,0.35646,5.201806945800781
training_dense_testing_sparse,cifar10,vit_small,single_color,dense0_compact_test,dense,compact,native_contrast,70,2,heldout_val,45000,10000,292eba58c76a3361a719a9875eb3494fb6a68dceb33f52a0a3671c49b0590029,0048945a41186e84bd9e2fddc350b109f7fc7d0ab9786cc2614ad863dcd3932d,2eeae4368927974e6744ec6a28e73efe04d841b8697a1cbf46ddb4dd42514b7a,0.4631,0.6866946666666667,0.4272,0.28636,0.3525,4.668457155609131
training_dense_testing_sparse,mnist,swin_tiny,grayscale,compact0_compact_test,compact,compact,native_contrast,70,0,heldout_val,55000,10000,2ff5b1d8a40704a2c9fd4a056956c05b65ab8e824f099b392aeb535dabe46ccc,c4bb321da0a653a4d83650aa2b61fe4d98eec845b0e48d22e37a6897a1b5e94b,7b0a41b35e709e34296548f99714540de2cfe6fab7cd6d2b8d8850be56665407,0.9911,0.3376866666666667,0.2385,,0.2325,0.039727390241622924
training_dense_testing_sparse,mnist,swin_tiny,grayscale,compact0_compact_test,compact,compact,native_contrast,70,1,heldout_val,55000,10000,6aee4c604b9455abc06a79e183809215ebfa819ffe62b1462739991353da2f80,55ab18490b0225ea74dbcf9d59b84b29698eab03259fc268c2e33d812dfbccbd,27834ca7879cdcbc657227d83ee6209161fc84b956f9fc30765d0b5f59e7f707,0.9879,0.3387533333333333,0.2495,,0.2374,0.05287226486206055
training_dense_testing_sparse,mnist,swin_tiny,grayscale,compact0_compact_test,compact,compact,native_contrast,70,2,heldout_val,55000,10000,0581ebad601f2201e841d1f03a6d5731e5541bb1b8e56d51cf152afa688f4413,7abb62874875d54f0145cf73f791ba245eb0df35d9978ec5c32893e053207307,984f081ec99d3e4bbdd3bdec162111e3b71fd5987938caf8959881f15ccd05d4,0.9883,0.32582,0.333,,0.3474,0.051184069800376895
training_dense_testing_sparse,mnist,swin_tiny,grayscale,dense0_compact_test,dense,compact,native_contrast,70,0,heldout_val,55000,10000,a73e9f676eeee0e4f8bc397e104803ddb781d4e644a89bc530f5339fbdabe4d6,b5ba882ee04e81c45232c4005e9a820b60c8b46fc9026b6949f38be5e12dae2b,473ed25a586e0ea8fb93e4fadfcfd4e7e18bde623e0f22701c184b2da680520b,0.9306,0.46486666666666665,0.3103,,0.3032,0.28197018737792967
training_dense_testing_sparse,mnist,swin_tiny,grayscale,dense0_compact_test,dense,compact,native_contrast,70,1,heldout_val,55000,10000,1c7b3f8d4f75ca244f901065080e47b683b552b4b255bf8d401e4cc1cd9e9e8c,e6e682f99e0eee247ebb254b29f3eb44b9362a5a7ef446abce3bc043a51997fe,3c122f0fd1faf70a5670d3c6526b0c7197dc73ded514139a3796e6045a6fb776,0.872,0.4898733333333334,0.3375,,0.2897,0.5650388244628907
training_dense_testing_sparse,mnist,swin_tiny,grayscale,dense0_compact_test,dense,compact,native_contrast,70,2,heldout_val,55000,10000,f9101b3cbe7a134eff7069a83a39e99255f672215ceaa0a96a426b2705b96022,d702f30cdbb4eec392ad0ecc9abc4f74a4b031dc4dd9bd08fa1670b553a83e7d,b0393e9d1c0e15b51559e628483e2ed496574409f6794199f61ad346d461af16,0.8932,0.48928,0.3671,,0.378,0.4556263397216797
training_dense_testing_sparse,mnist,swin_tiny,raw,raw_compact_test,dense,compact,raw_pixels,70,0,heldout_val,55000,10000,b6269379e6bbb47e7f14d01631aa63e90fc4a7919441b5c0376fdd57bad1ad81,2862442744248fb27f135fca8176a4329e4389cf2b7a4b85035896938cfee3d1,4f4de1c96ce3171d528465ea583fe366ccbf1eeed9fc126ed5b29d61cc878836,0.8706,0.43471333333333323,0.6298,,0.5922,0.5336249237060546
training_dense_testing_sparse,mnist,swin_tiny,raw,raw_compact_test,dense,compact,raw_pixels,70,1,heldout_val,55000,10000,9d1e9aa877b25c4ce9280693a8e80be7c29b8f564d42df2744c58a996c0fce4a,dd2cf2d226b36e5fad41f47fc00c9371fc35dbe4fac6f7d4f7fb27fb2ad731be,485f892a847b6dbcfdab4e13b46349e10ca7e3c0d81810dc50d69b0ada0c05f0,0.861,0.42232000000000003,0.6324,,0.6117,0.568024853515625
training_dense_testing_sparse,mnist,swin_tiny,raw,raw_compact_test,dense,compact,raw_pixels,70,2,heldout_val,55000,10000,ec8bd8c79f299b4b4cf850455b79aae95e49dca7bb5760c116c3300118ee2fc8,427b62eb15ab92cd151c4ecfeaec6ca4bd2a25585462fc549ffe8023437c74e7,dc141a26cd438bb05b5097a229bc10b348f6a1d7cb9696567fc85afbb8440cbe,0.8802,0.40447333333333335,0.6554,,0.6281,0.5169953628540039
training_dense_testing_sparse,mnist,vit_small,grayscale,compact0_compact_test,compact,compact,native_contrast,70,0,heldout_val,55000,10000,b00ebeb1afa3fdbc15ed47ab37d61f2044f5558c0c2518673fd94ef4f52275f4,d606e0b6e7e1b8ca4140175f43e475d056088da48eedeac3bc3521ac5c8bd570,168dfdf4b1e77bdf998c5fcf65999cf6fb4a4b0c58b19ed9d0679fbe3a50e918,0.9773,0.41052666666666665,0.7324,,0.3813,0.12359524104758166
training_dense_testing_sparse,mnist,vit_small,grayscale,compact0_compact_test,compact,compact,native_contrast,70,1,heldout_val,55000,10000,c5a04ae7ca44c4270e98eafbca8d5673589771dceddab4b9aac25b0cbb8cfcee,46894ed8e58b9a3d3a51017f67d68a2884c576e01bc3656e967ce685c146046a,bf2631dda7d9d271b18b8e9867cd79e4cb599f961d1d13de860454d586357601,0.9802,0.39590000000000003,0.7187,,0.4736,0.11500369794175494
training_dense_testing_sparse,mnist,vit_small,grayscale,compact0_compact_test,compact,compact,native_contrast,70,2,heldout_val,55000,10000,7b82995edda9ba3246a8013915bd1ea54fba39666d7e1f20c9af065c64420d11,3b7406c877e78f0bd976d436a0cb1901bf16f4b32fdcef07d9d01e73bda87ba9,d40eaf4227e611b4235f679e1f5b2f9f68901fb6a89907585a7aca9162a6769c,0.9801,0.41684,0.6791,,0.3097,0.1192240759333421
training_dense_testing_sparse,mnist,vit_small,grayscale,dense0_compact_test,dense,compact,native_contrast,70,0,heldout_val,55000,10000,e8bb7b2dff5e7481ffbe64a4d0c017841dce5c8b7715c4da25a88bcdc09414d8,179475b8b5f1f60331c2ef36bed036328ffb8901f10573d5da34e3c145a3b99c,1febb833c97989dec964ce4247d5bb9f7f212d0d0ffea0016b5b7d6ef9e061db,0.4304,0.7859466666666667,0.1963,,0.1068,4.783873551940918
training_dense_testing_sparse,mnist,vit_small,grayscale,dense0_compact_test,dense,compact,native_contrast,70,1,heldout_val,55000,10000,b61bbd2a37917cfefa0b51adb17bcd8439992ab62c5dc6f383495fd0eeef8962,0c043582d4fd9fa02edf865269d1ba752080dec581307de85e519181414c7951,10a1c020e268e60f92a50cb1a938f7e478078107b9a7dd5bcd30e3f36dd50ae6,0.4677,0.7793266666666665,0.1644,,0.0807,4.477412309646606
training_dense_testing_sparse,mnist,vit_small,grayscale,dense0_compact_test,dense,compact,native_contrast,70,2,heldout_val,55000,10000,d119f40c6fe20ebaf09e8abd12b9fd95ebb4a5e48e65c9c311f4aa388de6f31d,e6a832390c850cd02985baa89af74e5b5051e71fc8f593de29cbe32747013aef,04b23e1d894d5cd0ffacd122ef55cc5578fe60d76fbf71286f07dceb0d27c789,0.4282,0.7968533333333335,0.1661,,0.0966,4.661445656204224
training_dense_testing_sparse,mnist,vit_small,raw,raw_compact_test,dense,compact,raw_pixels,70,0,heldout_val,55000,10000,1a3fadaf1913a21b54ed68c2742a8a7b4e9866ff795c1a10e7831724f4ca2c4b,9523e74ba13da3f1257b0c8cdd3db4e72b6b2105c0f474976efa781683d41b85,3db92cbcafbbc2751e66333d710ad6f6ab62881147312fbf9142265b64fd326b,0.5927,0.6020866666666667,0.4166,,0.3916,3.3581461393356324
training_dense_testing_sparse,mnist,vit_small,raw,raw_compact_test,dense,compact,raw_pixels,70,1,heldout_val,55000,10000,88cfd64cab90b662f2b2e7324e0229356ec8e85805a1b9f7aba6f78588f954ad,30a8f281c2f4a12b308161a4e74780f51269070d10c8b2291ac201ba93d64059,acbec74b30d2bb2dbba09b75e00a22ce88387ed47cb09fa6403be759a89ac248,0.6884,0.5618199999999999,0.5003,,0.417,2.3757166912078858
training_dense_testing_sparse,mnist,vit_small,raw,raw_compact_test,dense,compact,raw_pixels,70,2,heldout_val,55000,10000,661b622d0575f3d3d5cb6b4ba4a18036a41b52b43f397405eccb69efb830cafd,62004fa6b787a704ff5ee13663dbbc1aeaa90c7b0b292b27c4d9b1a1f63a9d13,63bb2214a8ab262e48865109fcf46769e97d9659bc9e8d3557e8cd23394adc56,0.7676,0.5175599999999999,0.5826,,0.5166,1.6964421602249145
training_dense_testing_sparse,cifar10,swin_tiny,color_opponency,compact0_compact_test,compact,compact,native_contrast,80,0,heldout_val,45000,10000,f2441db49f3136b5149bbb9d1d8ed99e8eb7cc3d65d8813dec9baa3f691361cc,9d7e36c17a1b11431ddd5983e97333bbd9ef686bcc465342daf9c8ec1bd83b95,a1588df6cc4aa446ef6729c07ec425d9f89c93cfbeb71b723f0b336b231ea48d,0.6948,0.545436,0.66742,0.49129999999999996,0.6147400000000001,1.639486380004883
training_dense_testing_sparse,cifar10,swin_tiny,color_opponency,compact0_compact_test,compact,compact,native_contrast,80,1,heldout_val,45000,10000,062fa7600c39e3a3e4717ada111795bb2a9ed52aa70f7dc7fb9de49a23594959,c403b99bf33af770f40ecb7d3c76bcc4102ff526634f91617ca65592a08e1165,238361a79e91c52e2fd36d712b98e970b6286e5316b2293833aade616d11c014,0.6885,0.5511053333333333,0.65704,0.48398,0.60874,1.7595864379882813
training_dense_testing_sparse,cifar10,swin_tiny,color_opponency,compact0_compact_test,compact,compact,native_contrast,80,2,heldout_val,45000,10000,cc8230328acd40134be1989f770fdc235fc8497c1b1e14c8e282943066f84208,ea629ccde3be32deeb2c1656cec1eb4897373704ceb225ed7f589eed94971777,7858973d124027dfd76efc8522165b34da42f801109350bfe9edf5588b99ca59,0.6846,0.5508746666666666,0.66064,0.47101999999999994,0.5915600000000001,1.7385250091552735
training_dense_testing_sparse,cifar10,swin_tiny,color_opponency,dense0_compact_test,dense,compact,native_contrast,80,0,heldout_val,45000,10000,50751e659f77590b1c63c2a9a53a2f43f55782c871b9fd2db2e5c2f3bb8b30cb,4cab161dfa8f57ac6a963584e4f73127a9326055018cbb451c16e411d6862a04,fab9441233ae76a1b48e0b353942c30293499e8a2d4c2e9c062d73159e012032,0.6835,0.5548786666666666,0.66094,0.4609,0.58658,1.7256282836914063
training_dense_testing_sparse,cifar10,swin_tiny,color_opponency,dense0_compact_test,dense,compact,native_contrast,80,1,heldout_val,45000,10000,351e87142eed2a287e4e514ac80270874c48768b55ba454dea2e347e95f1a7c3,ce71b3e7c37122c31ceda252ac1b4682e62a536d29e7efaf233ad88167d499be,3a8d2f76403887b48ba87e6c04a928670d9aaf4079d21ba7ad87d5b9f491eeee,0.6803,0.5546813333333332,0.65574,0.46364,0.5993999999999999,1.7443786743164063
training_dense_testing_sparse,cifar10,swin_tiny,color_opponency,dense0_compact_test,dense,compact,native_contrast,80,2,heldout_val,45000,10000,1476d97c7f236f41ee5e12cbb62aec15e9e52e86efa8bc9da938bf9a7c2bf765,4ff0673415733a5e2f08932f0272050f1e93613c1c64fc702befaa6b3cd5f276,70c047f178a68005810241c0e1315e68c21862bbc6485b102471e834d04345eb,0.674,0.5681680000000001,0.6486,0.45332000000000006,0.5722,1.8476880737304688
training_dense_testing_sparse,cifar10,swin_tiny,grayscale,compact0_compact_test,compact,compact,native_contrast,80,0,heldout_val,45000,10000,44e33e279c57ca609dbc94e7545fa818b8b9ddaff655fa43db0679b6092a2e49,50ce11aa508fbda1645304f82cff6ba2768820828da7229937b68d2253a54a2d,71871ed8857981958b2a6b9df5f131d33fe3c006b362f05353a506a36ed60600,0.3564,0.750692,0.31464000000000003,0.21086,0.25406,3.937494812011719
training_dense_testing_sparse,cifar10,swin_tiny,grayscale,compact0_compact_test,compact,compact,native_contrast,80,1,heldout_val,45000,10000,f7b04224c6fc073e7a27b51d4b06b8554163f099d7cd67933c33e0959b3116b5,8eaa020f8ebfc4944bec1cc2713e5c43e822c5257e932a6cc991f4ec70d78e8d,13220bfdc33c9cf4650dd73e3a4527dfa123dcc569d5483e392ee4d87a3a871e,0.3593,0.747556,0.31282,0.21843999999999997,0.26805999999999996,3.9682618774414062
training_dense_testing_sparse,cifar10,swin_tiny,grayscale,compact0_compact_test,compact,compact,native_contrast,80,2,heldout_val,45000,10000,a4b9fd492897d908caf8e95d1227f5b9bee9a8208396fadad45ef099d2edd805,c20ed5b62f941ad425a31c6cb2f8da4b789515d3fa014ce5719733364365e444,4138089fb907e02402ec0525f2bfcd503a06886e3b15de2814ef80480df2552b,0.3511,0.7468000000000001,0.31433999999999995,0.2144,0.26132,3.86570048828125
training_dense_testing_sparse,cifar10,swin_tiny,grayscale,dense0_compact_test,dense,compact,native_contrast,80,0,heldout_val,45000,10000,e33e9b701fd4982b108da55c86465f7088f60964de99797a1b1231d161b002ed,a4571968ae213501963e9bd8fc12069eaca2c92a4b292e37c54d8d4855368650,6044ca36b20c6e4930631bf254bbc49c2a6d007c28c6dad2e64d93d48d9ee944,0.3412,0.7643706666666665,0.29754,0.20278000000000002,0.25062,4.164724975585938
training_dense_testing_sparse,cifar10,swin_tiny,grayscale,dense0_compact_test,dense,compact,native_contrast,80,1,heldout_val,45000,10000,47c579e2abb60ebfbcfabecfafb688ec513da92b1955ec7744cfb26ae693af4e,2fd9aa427ca55b1e165a52b221835019633dd833fc7b3901dd3f791194035179,66b93a8751c67cb83a6b47d4ebe6c227e04004542fa77f67b1aa4696492cbb12,0.3293,0.7681986666666667,0.27969999999999995,0.19526000000000002,0.2351,4.371206005859375
training_dense_testing_sparse,cifar10,swin_tiny,grayscale,dense0_compact_test,dense,compact,native_contrast,80,2,heldout_val,45000,10000,b32d3a01feb4e4d5798dd3d2c2d9172911f9aec8c85f963dd376ae28b31dc6ad,2f5c82e6e912b00ee9b8f86408c483727b3d015b1d6d6462badf6c6f6f570b0f,2a3b7de47f7c3116c9ed4e26109dc713938f3a63e2267a4668905554b979f39b,0.3279,0.7669706666666667,0.287,0.19397999999999999,0.24063999999999997,4.2514780883789065
training_dense_testing_sparse,cifar10,swin_tiny,raw,raw_compact_test,dense,compact,raw_pixels,80,0,heldout_val,45000,10000,5211e6ed121b8734b76d7e1f99cc53c77a9cef6857c1c77b9cf4ac11edb38f17,363a20a908c002877df662a4056014539f035a093e44af785d735cab741acd66,3292edaad6d1f81f87a8b508f23007e265f1506e12d81c7b47715ededb9a6546,0.2365,0.7968546666666667,0.23102,0.21861999999999998,0.20656000000000002,7.746057788085937
training_dense_testing_sparse,cifar10,swin_tiny,raw,raw_compact_test,dense,compact,raw_pixels,80,1,heldout_val,45000,10000,d71f714fec71d5f149ffb06fb23e95e96cb558f17e95fa6a0df75983919ecdda,25dce42cd09b6f9f3b01cd41b55dcacac527a281d2640b15b6c3f9e95ea47743,fe659f7e7cc2bcded57c75ed5272930ea1d37c77549aaf2b6da6e7cb4dbf548b,0.2167,0.8106906666666667,0.21378,0.20632,0.19025999999999998,7.917553466796875
training_dense_testing_sparse,cifar10,swin_tiny,raw,raw_compact_test,dense,compact,raw_pixels,80,2,heldout_val,45000,10000,47bb74f295b41d077a19e7d62b13dcbce1aba94ff852ae647cda90e15be62e18,47313a6e6a1f3eeb5173ac2dbf32754b3d9bba697221c794d03281c0c1c5268e,c0d05e70330b2102f46e929b2604e920636f02760a2b7ccac6c5cbb3b9b9012e,0.2396,0.7966066666666667,0.23364,0.20890000000000003,0.2016,7.646703857421875
training_dense_testing_sparse,cifar10,swin_tiny,single_color,compact0_compact_test,compact,compact,native_contrast,80,0,heldout_val,45000,10000,82a7aa767402b06e5b91080e03eb6441c824514fb08a10b670c9abbc9c2c8df3,47afb6c98df5d1d410db077fb22fb3af086b2ec839ded2a38c17732e59aacffb,bb46a33dc8b69af65d8ca279b87ff17d18ff06059ac0030c0397ad03669c839c,0.4227,0.70588,0.37468,0.26598,0.31168,4.008737268066406
training_dense_testing_sparse,cifar10,swin_tiny,single_color,compact0_compact_test,compact,compact,native_contrast,80,1,heldout_val,45000,10000,51d73ef88027627f0ddd28004e3fc6e91c987be8427d3ad9c4c1f1ee300b8aef,103825ae79d02e38f82108503bfd3c652b1cc9eae70f48b67a1fa4858712b161,b09d4231758cdc5f742a95c959b174a73f72e7eb7b5430e9f522d4a83a67b028,0.4275,0.6992266666666667,0.38299999999999995,0.28502,0.32864000000000004,3.8373846435546874
training_dense_testing_sparse,cifar10,swin_tiny,single_color,compact0_compact_test,compact,compact,native_contrast,80,2,heldout_val,45000,10000,63c90971bdabbca9a8230889d522a147f65dac1e6124e2a7eb83d8301185fcba,6631a3355245362b7cb46c2507f8478cf150fc3190217c73b13660b51e2e0f91,54da0e293091a1938bc82ea8a6cabeabbb55debd9fdfcc96b5b795b3667b91f4,0.4451,0.6874693333333332,0.39858000000000005,0.28556,0.33732,3.547060009765625
training_dense_testing_sparse,cifar10,swin_tiny,single_color,dense0_compact_test,dense,compact,native_contrast,80,0,heldout_val,45000,10000,a53a935b68706a0c8679f365f346ae84b9fb1b8b236c129ff26cc941955ed82e,d7dbc9322ece1a8ca3588f385689a3b8bf48811a6d424ea58af3b9fcd16c1017,74fce3b1d058b6cf57055516ceb85d442b7674eddb8950f5244b3a22cc35862f,0.4276,0.7005106666666667,0.38104000000000005,0.26286,0.32304,3.6480824340820313
training_dense_testing_sparse,cifar10,swin_tiny,single_color,dense0_compact_test,dense,compact,native_contrast,80,1,heldout_val,45000,10000,621a97e585369b6d840673b0c30c547a0c7ce794d8d36f727799aebb139f22f8,35dca41d0ac9bfe4d35ab0bade9003a04244ef0610eff1941336fc1fab6965c8,b7af9c2326beb1db7fc4aba06b867583770ebfc6e2869cb6193ee752cc81fb63,0.428,0.7023133333333332,0.38904000000000005,0.26824,0.32367999999999997,3.734559313964844
training_dense_testing_sparse,cifar10,swin_tiny,single_color,dense0_compact_test,dense,compact,native_contrast,80,2,heldout_val,45000,10000,231b280152950095a966035bb6259f8a4ebe1c3577d9e396ae2e707991509bf8,7e4c333921bcdf1ae7125a12b39edf38fc1431b4f3c57140fa8117eba2926e25,9af4c0f5bd726b176994f562d5b5b3f4e326392003f27ce9b795221daa4a186e,0.4407,0.6905066666666666,0.40114,0.27632,0.32849999999999996,3.5456454711914063
training_dense_testing_sparse,cifar10,vit_small,color_opponency,compact0_compact_test,compact,compact,native_contrast,80,0,heldout_val,45000,10000,93ebc90dfa0c85f3f758a09627e2e817f23deb0e284f9b235d633f01c5f04004,99f7c909026449286cc12765848d13762a5794607419dad2886453b87d1d5c2b,37de2ec99f0e84cc52750431e5e654b4c4548ea78d057a8d1e9f8503629dde4d,0.4786,0.679804,0.43149999999999994,0.33327999999999997,0.39552,4.869942578125
training_dense_testing_sparse,cifar10,vit_small,color_opponency,compact0_compact_test,compact,compact,native_contrast,80,1,heldout_val,45000,10000,9c2938089edfd99ba8a7a9798f090e323f07214b1443e7c453aaf5a3cf8efbae,99deaa756701bf9031d92eaf19f5f483f1def9a730a2598be89f43bb48f7060f,cc6c4ff852a89054d605a64dc0da897019275dfbee1773e7b12502eea47dc741,0.4965,0.6747759999999999,0.45274000000000003,0.32306,0.38933999999999996,4.587845707702637
training_dense_testing_sparse,cifar10,vit_small,color_opponency,compact0_compact_test,compact,compact,native_contrast,80,2,heldout_val,45000,10000,3c7fd6045768665dfd3e02aed1a0568e1e9e7f752df8d2f1c3f6789555a9e7a2,edbd0b42c97be7489069dbd819c8f23a700a9314a9e14ff2910f5d28a9b9fff0,256c9aba780e83006c9b4051eb71e7675e73ec3353ddf4c9b36cc6d6a8f81b13,0.4904,0.6776320000000001,0.44523999999999997,0.30995999999999996,0.38698,4.574650521087647
training_dense_testing_sparse,cifar10,vit_small,color_opponency,dense0_compact_test,dense,compact,native_contrast,80,0,heldout_val,45000,10000,208467359bb6b0ddd40c53737b4ee5c62bc166afeeff78702950bdbd6f4f5fc1,5f4f12483d6bffcea9d7cf594bb3ec45773bd95c9d9e0c3a6157b8fe9f1eada4,6ac6ab6efa8fe9667b6cfec2b439c1a483d484602b0dfdb7f1697805bfb32d49,0.4801,0.6791853333333333,0.43610000000000004,0.32072,0.38470000000000004,4.871132935333252
training_dense_testing_sparse,cifar10,vit_small,color_opponency,dense0_compact_test,dense,compact,native_contrast,80,1,heldout_val,45000,10000,b4fe169b57db4a93e9874ede3f39688070ee4aed2496eea4fb4dd67afda25988,932c27b89cd0950a4d8e0cf80edeb8218002979d0cc0de920e0747d6bc48477f,68d86b6eaac4b9181759fdf74d2ba1e58dec9a64c6c46a337f12d54d2ef69294,0.4747,0.6928773333333333,0.4358000000000001,0.29667999999999994,0.36873999999999996,4.952218394470215
training_dense_testing_sparse,cifar10,vit_small,color_opponency,dense0_compact_test,dense,compact,native_contrast,80,2,heldout_val,45000,10000,1957bfcf058a0e7bb6440d26936383665d20551fe1b1be017821893cb8dabb20,95098ae3219490a88cb3ac9569058867924a2e4a1c10b8361d682fdf4b8cf085,5996a511e29f768e94b52050b63e86d5c734908cfb89f071a0215dee0cf9ac41,0.4915,0.6664333333333334,0.45082000000000005,0.3201,0.3952,4.407090041351318
training_dense_testing_sparse,cifar10,vit_small,grayscale,compact0_compact_test,compact,compact,native_contrast,80,0,heldout_val,45000,10000,0764b67a380fada77d526e5e0ade9a6c1051a22141826314fdef8e76a892abb7,d8153aabf4cb65d88719021088c63b073a6dbe7fc277fb8d0168b05fa2e6c297,5525bb3230ca1bd20fbb778be4c121a9cfef3bd270f0e4dae5015b2878d97c09,0.2724,0.7985626666666669,0.25118,0.19498000000000001,0.22318,7.338411354064942
training_dense_testing_sparse,cifar10,vit_small,grayscale,compact0_compact_test,compact,compact,native_contrast,80,1,heldout_val,45000,10000,de5d4512ff082848bb7e02c480ba75e3c338711f6e3da6b0c30de17028c78bc9,1cb558cf21abe66590c5eaae71c1dc43bc95345ed0a2f4ef3ff30b8c687cc5d2,732d4a2c3a1c116592563e0a1d8079371f809743798db06af2996f6171bb5f8e,0.2775,0.7947906666666665,0.25942,0.19025999999999998,0.22648000000000001,7.692364360046387
training_dense_testing_sparse,cifar10,vit_small,grayscale,compact0_compact_test,compact,compact,native_contrast,80,2,heldout_val,45000,10000,e9ed1cc247bddb4ba23b9773ed785a151b1d5ddade0c5b1f775403fb687e468d,1e6a019be8f0ef3e57160a24647434471ef680b66664510ffb32b03c5490a20a,419b5bb3a9a427d926a6310430e09d188260807d9d1dad2bd5df3489496b119c,0.2613,0.802788,0.24689999999999998,0.18894000000000002,0.21466,7.647109385681152
training_dense_testing_sparse,cifar10,vit_small,grayscale,dense0_compact_test,dense,compact,native_contrast,80,0,heldout_val,45000,10000,4f11de8da90b740660ed6a54a18fb7f06ddae40331e07d98dabe5b557731a8f8,a85ea2d45003df5c622a0f517f11cef39eccc5391d7ae871c3debb3ebbde512b,b63dea18ba04ebec90aa387b94608ae909f9951b5f93072d2366e170a7e899a5,0.2324,0.8206573333333333,0.21574,0.17978,0.1993,8.136009783935547
training_dense_testing_sparse,cifar10,vit_small,grayscale,dense0_compact_test,dense,compact,native_contrast,80,1,heldout_val,45000,10000,356761106c2b3e2085be0ef0bcd092ad14722c61ee9532f8eaea5bf91c942312,d7e8fdda42566a324d96a826a9de4a76f4bdb3fc5fbad219abd2eae4c9fd66e0,b0ee16f423c590c7b2825b45a2197bc867f6dc9afd6aafdf9bd17b05322b1253,0.247,0.813816,0.2333,0.18152000000000001,0.20498,7.808781413269043
training_dense_testing_sparse,cifar10,vit_small,grayscale,dense0_compact_test,dense,compact,native_contrast,80,2,heldout_val,45000,10000,abf2250c5461a1ca18169ff48bf5ff40c8a2a520c56f668de7a146bd76400f84,57aecea7ce2e2ba0f3404e42f970fcec3c6f73efde39eb408ed4d1b37f5ff27e,7babc96121d5f89850cbcc509af4ec2f9ce5f8ca5fa941133ff06758c159091f,0.2512,0.811508,0.23504,0.17652,0.21108000000000002,7.559214242553711
training_dense_testing_sparse,cifar10,vit_small,raw,raw_compact_test,dense,compact,raw_pixels,80,0,heldout_val,45000,10000,54eb0f4c680178c6f725fc946b106864237f9f5b6351a2cd37b1fca88e8569f5,7c4187c643b7e210dc769d4c2b2adebfd5bcb5c678051889a482ac9b2ab223ad,a8369ed680009e45868b72c0316b8d39c74371d912ed437ff6bf9dc89488db33,0.2347,0.7894786666666669,0.21739999999999998,0.20412,0.2012,8.43418988571167
training_dense_testing_sparse,cifar10,vit_small,raw,raw_compact_test,dense,compact,raw_pixels,80,1,heldout_val,45000,10000,e62759dc25bc2ed2fa9d6da454543e20eff3299e4ee0dd074bee1b2ef7e5b059,4c7d3bdfe12fc4767b82d8a04998444f253fd482219117e5a74037bab11291e0,51013aa13debf7716aa0c9fa9d431e2a16cb1727a003497460469b5e728eaeb4,0.2276,0.7970079999999998,0.20817999999999998,0.20142000000000002,0.20712000000000003,8.572287623596191
training_dense_testing_sparse,cifar10,vit_small,raw,raw_compact_test,dense,compact,raw_pixels,80,2,heldout_val,45000,10000,b39395356efea90e9f8c7230a5697a951e21fe97b322d59594e7288020c553db,f7fb9a510b03eacfb343f58adc54100633e5769550039ff5fdc3b510e3c521d4,92f9655eb068a90ffb82799f9d4939a1b20fefa95c7967c571e933859172321e,0.2186,0.8027693333333334,0.20034000000000002,0.20072,0.19294000000000003,9.343389999389649
training_dense_testing_sparse,cifar10,vit_small,single_color,compact0_compact_test,compact,compact,native_contrast,80,0,heldout_val,45000,10000,83725933608e113fb060b49adacdf260eac74b10a009b8e0dec14fac9e023691,6c7693736966d05473089485333caa39f5ea9412a85f3bf823332cf637710930,33444dbf27ccf9d09e9bc6815558429934b9b612bf912ef7c263e2fad03e2c1e,0.3171,0.7568239999999999,0.28728,0.22649999999999998,0.24924,6.85877938079834
training_dense_testing_sparse,cifar10,vit_small,single_color,compact0_compact_test,compact,compact,native_contrast,80,1,heldout_val,45000,10000,b7a5298df84fba0b29e9f415265a7648997fb13f326c0b8c0ed1bf7d5c3c0bde,5b8311a8aa46bd6cecaf4f2417880a3188f162add0a4e0f721118609026ffbaa,9c8bd1d942d5eebc735cbfd5c953e9e80365d176a194c9231b43ef9fc509a79c,0.3244,0.7495653333333333,0.2973,0.23746,0.26842,6.864521324157715
training_dense_testing_sparse,cifar10,vit_small,single_color,compact0_compact_test,compact,compact,native_contrast,80,2,heldout_val,45000,10000,ac5e10d55be724249d80a14df622b3b3d75f03234cafdee0e9f83d3881e0a1ba,efcf0e6ea6fbacf210b9d43c1351af75ddaf98f8c1dac80575d3593f5ddcb72e,3fd91e2eda56a286994526f35b5dec72d05b5c1513e50fd3381168829ede49c7,0.3434,0.7383826666666666,0.30974,0.24594,0.27803999999999995,6.432721203613281
training_dense_testing_sparse,cifar10,vit_small,single_color,dense0_compact_test,dense,compact,native_contrast,80,0,heldout_val,45000,10000,7e4d764b40dd8fd2aa270c08d27cb72cf4ac20d2957fdce0b0e8019f13fd305c,21106edd3e3e4f2bacc6e63f2d5b402c72aa4fea9caeb649aa226c4834d15dd4,9fa97932cb6c84ca661c56235128961714203d1ebfd34d4c9142695a6361bacf,0.2783,0.7752453333333332,0.25101999999999997,0.23126000000000002,0.25646,7.618579586791992
training_dense_testing_sparse,cifar10,vit_small,single_color,dense0_compact_test,dense,compact,native_contrast,80,1,heldout_val,45000,10000,a4b78b13c70960c61936b94546bef9a9ce40617e0c4ba029d5744edff2048232,9d853016cf8c900c62cb6c6fdbb4066bf90a2b4e590901146e2ce65b1ff53407,a14ddc5c19aa65cee18f9e67214fec43fad92bbdd3ee9a459ac0341fe3f3731c,0.2988,0.7644186666666666,0.26822,0.23722000000000004,0.26744,7.2472238357543945
training_dense_testing_sparse,cifar10,vit_small,single_color,dense0_compact_test,dense,compact,native_contrast,80,2,heldout_val,45000,10000,2aba49179c07bde72b76fbc56dc65c79d5729a70ecbaf3448c1ff4f9bcb2cc56,0048945a41186e84bd9e2fddc350b109f7fc7d0ab9786cc2614ad863dcd3932d,2eeae4368927974e6744ec6a28e73efe04d841b8697a1cbf46ddb4dd42514b7a,0.3186,0.7587546666666667,0.29116,0.23846000000000003,0.26816000000000006,6.232229205322265
training_dense_testing_sparse,mnist,swin_tiny,grayscale,compact0_compact_test,compact,compact,native_contrast,80,0,heldout_val,55000,10000,ee602d3bb5ed86623f5cda1ab11f944e65645a4f4614d40155e552ba806704d0,c4bb321da0a653a4d83650aa2b61fe4d98eec845b0e48d22e37a6897a1b5e94b,7b0a41b35e709e34296548f99714540de2cfe6fab7cd6d2b8d8850be56665407,0.9857,0.39616,0.1443,,0.1897,0.06325777702331543
training_dense_testing_sparse,mnist,swin_tiny,grayscale,compact0_compact_test,compact,compact,native_contrast,80,1,heldout_val,55000,10000,195968f692701073b417f7627bfd4cb4ba5fe0b6a212b155e1a8ae4b376fa38e,55ab18490b0225ea74dbcf9d59b84b29698eab03259fc268c2e33d812dfbccbd,27834ca7879cdcbc657227d83ee6209161fc84b956f9fc30765d0b5f59e7f707,0.9826,0.3935133333333333,0.1242,,0.1756,0.08047145462036133
training_dense_testing_sparse,mnist,swin_tiny,grayscale,compact0_compact_test,compact,compact,native_contrast,80,2,heldout_val,55000,10000,1bd7935c818b24256cf5ce19dc0ec14d9e0bbcabeeb09e45735d16de7b69e22f,7abb62874875d54f0145cf73f791ba245eb0df35d9978ec5c32893e053207307,984f081ec99d3e4bbdd3bdec162111e3b71fd5987938caf8959881f15ccd05d4,0.9814,0.38659999999999994,0.2196,,0.2685,0.08399662322998047
training_dense_testing_sparse,mnist,swin_tiny,grayscale,dense0_compact_test,dense,compact,native_contrast,80,0,heldout_val,55000,10000,8367ecdfb1847f199882f5d9df2281dc5924555d3050ae1271e09d27e1f32a19,b5ba882ee04e81c45232c4005e9a820b60c8b46fc9026b6949f38be5e12dae2b,473ed25a586e0ea8fb93e4fadfcfd4e7e18bde623e0f22701c184b2da680520b,0.9061,0.5388866666666667,0.1643,,0.2159,0.38509002990722657
training_dense_testing_sparse,mnist,swin_tiny,grayscale,dense0_compact_test,dense,compact,native_contrast,80,1,heldout_val,55000,10000,26bdc03d74331f18f288875b382cfeb4a8a5306ccb7293fda77c694f2415898c,e6e682f99e0eee247ebb254b29f3eb44b9362a5a7ef446abce3bc043a51997fe,3c122f0fd1faf70a5670d3c6526b0c7197dc73ded514139a3796e6045a6fb776,0.8465,0.55678,0.1528,,0.2094,0.7059536315917969
training_dense_testing_sparse,mnist,swin_tiny,grayscale,dense0_compact_test,dense,compact,native_contrast,80,2,heldout_val,55000,10000,ec347d674802c1446bc769428d4bf4f7e1a2cba084f7352faf5990974bf36b8b,d702f30cdbb4eec392ad0ecc9abc4f74a4b031dc4dd9bd08fa1670b553a83e7d,b0393e9d1c0e15b51559e628483e2ed496574409f6794199f61ad346d461af16,0.8558,0.5738866666666667,0.151,,0.215,0.6327890197753906
training_dense_testing_sparse,mnist,swin_tiny,raw,raw_compact_test,dense,compact,raw_pixels,80,0,heldout_val,55000,10000,5959e844d444e3ba82771ba3ca84ce336935175fdfa53c04b984860665f2320a,2862442744248fb27f135fca8176a4329e4389cf2b7a4b85035896938cfee3d1,4f4de1c96ce3171d528465ea583fe366ccbf1eeed9fc126ed5b29d61cc878836,0.8634,0.45412666666666673,0.7778,,0.6404,0.5616258178710938
training_dense_testing_sparse,mnist,swin_tiny,raw,raw_compact_test,dense,compact,raw_pixels,80,1,heldout_val,55000,10000,d1b8b1614d53b77f12b5923f3d8dda05215da10fa36a40da1c8d7ca746c5436d,dd2cf2d226b36e5fad41f47fc00c9371fc35dbe4fac6f7d4f7fb27fb2ad731be,485f892a847b6dbcfdab4e13b46349e10ca7e3c0d81810dc50d69b0ada0c05f0,0.8533,0.4363666666666666,0.8013,,0.6666,0.6015298217773437
training_dense_testing_sparse,mnist,swin_tiny,raw,raw_compact_test,dense,compact,raw_pixels,80,2,heldout_val,55000,10000,663d2cf084c7192c7989fc94de7f0f2fd7fa2e87dd20867a26a0487c333221ae,427b62eb15ab92cd151c4ecfeaec6ca4bd2a25585462fc549ffe8023437c74e7,dc141a26cd438bb05b5097a229bc10b348f6a1d7cb9696567fc85afbb8440cbe,0.8752,0.41214000000000006,0.8347,,0.7018,0.5368961364746093
training_dense_testing_sparse,mnist,vit_small,grayscale,compact0_compact_test,compact,compact,native_contrast,80,0,heldout_val,55000,10000,3c9a1b4abb7834a30816549201c06d2895aea967789b0b0a0e74c3113d08aa71,d606e0b6e7e1b8ca4140175f43e475d056088da48eedeac3bc3521ac5c8bd570,168dfdf4b1e77bdf998c5fcf65999cf6fb4a4b0c58b19ed9d0679fbe3a50e918,0.9649,0.47787333333333326,0.3776,,0.2766,0.20570629043579103
training_dense_testing_sparse,mnist,vit_small,grayscale,compact0_compact_test,compact,compact,native_contrast,80,1,heldout_val,55000,10000,f53877c6742263d8f04ddb0a577383712b37a9594d54fea200ef3473f619f88b,46894ed8e58b9a3d3a51017f67d68a2884c576e01bc3656e967ce685c146046a,bf2631dda7d9d271b18b8e9867cd79e4cb599f961d1d13de860454d586357601,0.9657,0.47149999999999986,0.3544,,0.316,0.1989972962975502
training_dense_testing_sparse,mnist,vit_small,grayscale,compact0_compact_test,compact,compact,native_contrast,80,2,heldout_val,55000,10000,47ade5eb322f78db4e5f4c09698b5fb1ad8216280c5285596962d65497f78aca,3b7406c877e78f0bd976d436a0cb1901bf16f4b32fdcef07d9d01e73bda87ba9,d40eaf4227e611b4235f679e1f5b2f9f68901fb6a89907585a7aca9162a6769c,0.9658,0.48863999999999996,0.3503,,0.2169,0.2045415074071847
training_dense_testing_sparse,mnist,vit_small,grayscale,dense0_compact_test,dense,compact,native_contrast,80,0,heldout_val,55000,10000,14edcb7bea3bd417a230e3ddec68c2b7df3ee414829facde12e943b72009cd25,179475b8b5f1f60331c2ef36bed036328ffb8901f10573d5da34e3c145a3b99c,1febb833c97989dec964ce4247d5bb9f7f212d0d0ffea0016b5b7d6ef9e061db,0.2339,0.8495400000000001,0.0863,,0.0757,8.13310225830078
training_dense_testing_sparse,mnist,vit_small,grayscale,dense0_compact_test,dense,compact,native_contrast,80,1,heldout_val,55000,10000,aa41d3f4e81699ae71b587281a3442f295d82154ea9a5b095cad00bce95199fa,0c043582d4fd9fa02edf865269d1ba752080dec581307de85e519181414c7951,10a1c020e268e60f92a50cb1a938f7e478078107b9a7dd5bcd30e3f36dd50ae6,0.2594,0.8561733333333332,0.0775,,0.0524,6.997202938842773
training_dense_testing_sparse,mnist,vit_small,grayscale,dense0_compact_test,dense,compact,native_contrast,80,2,heldout_val,55000,10000,05856369e0542b7b8f76b8bfd6314a897aaa6dc3d80131cc33b0ac3fb9a0f346,e6a832390c850cd02985baa89af74e5b5051e71fc8f593de29cbe32747013aef,04b23e1d894d5cd0ffacd122ef55cc5578fe60d76fbf71286f07dceb0d27c789,0.2205,0.8655999999999999,0.0807,,0.0652,7.7853653015136715
training_dense_testing_sparse,mnist,vit_small,raw,raw_compact_test,dense,compact,raw_pixels,80,0,heldout_val,55000,10000,91bab2f1e17bdb376f3e3de0862752e74ee347050ce5db7af7587616c85d2c01,9523e74ba13da3f1257b0c8cdd3db4e72b6b2105c0f474976efa781683d41b85,3db92cbcafbbc2751e66333d710ad6f6ab62881147312fbf9142265b64fd326b,0.5316,0.6821066666666666,0.3813,,0.3677,3.831407809448242
training_dense_testing_sparse,mnist,vit_small,raw,raw_compact_test,dense,compact,raw_pixels,80,1,heldout_val,55000,10000,990a84fe463a6daf21793eed021ce8fb56978502c4ca206062cf7b7588b75114,30a8f281c2f4a12b308161a4e74780f51269070d10c8b2291ac201ba93d64059,acbec74b30d2bb2dbba09b75e00a22ce88387ed47cb09fa6403be759a89ac248,0.6261,0.6429133333333332,0.434,,0.3972,2.7881550994873048
training_dense_testing_sparse,mnist,vit_small,raw,raw_compact_test,dense,compact,raw_pixels,80,2,heldout_val,55000,10000,7627589c62e346fbb6150a1edb33b9bf8ed17bf735e2629ca4a8980937628d10,62004fa6b787a704ff5ee13663dbbc1aeaa90c7b0b292b27c4d9b1a1f63a9d13,63bb2214a8ab262e48865109fcf46769e97d9659bc9e8d3557e8cd23394adc56,0.7224,0.58698,0.535,,0.5322,1.965662033843994
training_dense_testing_sparse,cifar10,swin_tiny,color_opponency,compact0_compact_test,compact,compact,native_contrast,90,0,heldout_val,45000,10000,58eab8868b3b7ce34956b4e71b835f49ead773674e8ed464e74780774f6262a7,9d7e36c17a1b11431ddd5983e97333bbd9ef686bcc465342daf9c8ec1bd83b95,a1588df6cc4aa446ef6729c07ec425d9f89c93cfbeb71b723f0b336b231ea48d,0.4665,0.6866893333333333,0.44333999999999996,0.32868,0.38654,3.353314660644531
training_dense_testing_sparse,cifar10,swin_tiny,color_opponency,compact0_compact_test,compact,compact,native_contrast,90,1,heldout_val,45000,10000,ee27f982df9239ec483e9ae1a33e2e55a7b0c47a7114d8018b0e51b8e2573735,c403b99bf33af770f40ecb7d3c76bcc4102ff526634f91617ca65592a08e1165,238361a79e91c52e2fd36d712b98e970b6286e5316b2293833aade616d11c014,0.4442,0.7047213333333333,0.41568000000000005,0.30738,0.36502,3.7742091552734376
training_dense_testing_sparse,cifar10,swin_tiny,color_opponency,compact0_compact_test,compact,compact,native_contrast,90,2,heldout_val,45000,10000,a2f42b58505c125718b6c264df3934d16b28ce1b9169a5c7619d48309a6bc808,ea629ccde3be32deeb2c1656cec1eb4897373704ceb225ed7f589eed94971777,7858973d124027dfd76efc8522165b34da42f801109350bfe9edf5588b99ca59,0.4628,0.6923226666666665,0.43366,0.29614,0.36446,3.5389163452148438
training_dense_testing_sparse,cifar10,swin_tiny,color_opponency,dense0_compact_test,dense,compact,native_contrast,90,0,heldout_val,45000,10000,ab016b29673b3d78050272e85b65d4e3786b0e5b00cb2014b390de843d20f816,4cab161dfa8f57ac6a963584e4f73127a9326055018cbb451c16e411d6862a04,fab9441233ae76a1b48e0b353942c30293499e8a2d4c2e9c062d73159e012032,0.4553,0.6992026666666668,0.43649999999999994,0.3061,0.35868,3.488747509765625
training_dense_testing_sparse,cifar10,swin_tiny,color_opponency,dense0_compact_test,dense,compact,native_contrast,90,1,heldout_val,45000,10000,7b3b888dd52583a38659d7e24f03b34533495321eba9fff001df38b1613aef32,ce71b3e7c37122c31ceda252ac1b4682e62a536d29e7efaf233ad88167d499be,3a8d2f76403887b48ba87e6c04a928670d9aaf4079d21ba7ad87d5b9f491eeee,0.4628,0.700776,0.42878,0.2945,0.35652000000000006,3.417780236816406
training_dense_testing_sparse,cifar10,swin_tiny,color_opponency,dense0_compact_test,dense,compact,native_contrast,90,2,heldout_val,45000,10000,ba5ad18a295fb752716ca100f3bca82553c96aec85e581aa74fe6bfa75f99a8e,4ff0673415733a5e2f08932f0272050f1e93613c1c64fc702befaa6b3cd5f276,70c047f178a68005810241c0e1315e68c21862bbc6485b102471e834d04345eb,0.4392,0.7139280000000002,0.42121999999999993,0.27538,0.32776,3.7224368835449217
training_dense_testing_sparse,cifar10,swin_tiny,grayscale,compact0_compact_test,compact,compact,native_contrast,90,0,heldout_val,45000,10000,46ec8de3a33ee0c909971339c1d8e7f5d7d6d5de7dc4a8861cddc2c6bafd5f8d,50ce11aa508fbda1645304f82cff6ba2768820828da7229937b68d2253a54a2d,71871ed8857981958b2a6b9df5f131d33fe3c006b362f05353a506a36ed60600,0.194,0.8354266666666665,0.17734,0.14992,0.14588,6.27570849609375
training_dense_testing_sparse,cifar10,swin_tiny,grayscale,compact0_compact_test,compact,compact,native_contrast,90,1,heldout_val,45000,10000,8da95c3ff3b234d082fea8eacd02a28734eb8cb31e04672cd4b695d6af3290e5,8eaa020f8ebfc4944bec1cc2713e5c43e822c5257e932a6cc991f4ec70d78e8d,13220bfdc33c9cf4650dd73e3a4527dfa123dcc569d5483e392ee4d87a3a871e,0.1846,0.8465786666666669,0.16518,0.13098,0.13844,6.736216613769531
training_dense_testing_sparse,cifar10,swin_tiny,grayscale,compact0_compact_test,compact,compact,native_contrast,90,2,heldout_val,45000,10000,96e3bf73d5b84461d820cc9427ed67a9061c5f181c09e9c4dec1f24d20611972,c20ed5b62f941ad425a31c6cb2f8da4b789515d3fa014ce5719733364365e444,4138089fb907e02402ec0525f2bfcd503a06886e3b15de2814ef80480df2552b,0.1924,0.8386186666666667,0.17134,0.14588,0.14479999999999998,6.66306474609375
training_dense_testing_sparse,cifar10,swin_tiny,grayscale,dense0_compact_test,dense,compact,native_contrast,90,0,heldout_val,45000,10000,effcc64630608ab69e98573c8574ccfe08502c25b439df5000fc2e30642c3a5a,a4571968ae213501963e9bd8fc12069eaca2c92a4b292e37c54d8d4855368650,6044ca36b20c6e4930631bf254bbc49c2a6d007c28c6dad2e64d93d48d9ee944,0.1832,0.8520946666666666,0.15892,0.12138000000000002,0.13322,6.805085546875
training_dense_testing_sparse,cifar10,swin_tiny,grayscale,dense0_compact_test,dense,compact,native_contrast,90,1,heldout_val,45000,10000,43390b848866ddee3b6175e258bd1094eeb9ae16195eb04b128b3b215aad6cd0,2fd9aa427ca55b1e165a52b221835019633dd833fc7b3901dd3f791194035179,66b93a8751c67cb83a6b47d4ebe6c227e04004542fa77f67b1aa4696492cbb12,0.1657,0.8592533333333333,0.14656,0.11865999999999999,0.13018,6.8068647338867185
training_dense_testing_sparse,cifar10,swin_tiny,grayscale,dense0_compact_test,dense,compact,native_contrast,90,2,heldout_val,45000,10000,ad1e6cfbf095c366a8d5723d8b666681acc7ac1c49f37a9b6d21e6a3d7c671a3,2f5c82e6e912b00ee9b8f86408c483727b3d015b1d6d6462badf6c6f6f570b0f,2a3b7de47f7c3116c9ed4e26109dc713938f3a63e2267a4668905554b979f39b,0.1746,0.854768,0.14948,0.12625999999999998,0.13534,6.767890356445313
training_dense_testing_sparse,cifar10,swin_tiny,raw,raw_compact_test,dense,compact,raw_pixels,90,0,heldout_val,45000,10000,92229b056e4ffe4935f7198b3bd3d2342e7499dccf8963445fcaab528c73ddcb,363a20a908c002877df662a4056014539f035a093e44af785d735cab741acd66,3292edaad6d1f81f87a8b508f23007e265f1506e12d81c7b47715ededb9a6546,0.1888,0.8311826666666666,0.1937,0.1799,0.17029999999999998,8.760978662109375
training_dense_testing_sparse,cifar10,swin_tiny,raw,raw_compact_test,dense,compact,raw_pixels,90,1,heldout_val,45000,10000,1eeda59e5f223c6f2d8ac6b8b877d4587cbf3570d8c0b9b14921cd15616c9267,25dce42cd09b6f9f3b01cd41b55dcacac527a281d2640b15b6c3f9e95ea47743,fe659f7e7cc2bcded57c75ed5272930ea1d37c77549aaf2b6da6e7cb4dbf548b,0.1778,0.8390706666666666,0.18182,0.17270000000000002,0.16074000000000002,8.770907836914063
training_dense_testing_sparse,cifar10,swin_tiny,raw,raw_compact_test,dense,compact,raw_pixels,90,2,heldout_val,45000,10000,74d8f8fc1ac8bcab881a83fb595b4172a0789450b7e1fd0470cae2b06a900781,47313a6e6a1f3eeb5173ac2dbf32754b3d9bba697221c794d03281c0c1c5268e,c0d05e70330b2102f46e929b2604e920636f02760a2b7ccac6c5cbb3b9b9012e,0.1952,0.8257506666666667,0.19634,0.18282,0.17186,8.479405004882812
training_dense_testing_sparse,cifar10,swin_tiny,single_color,compact0_compact_test,compact,compact,native_contrast,90,0,heldout_val,45000,10000,c67762288ac42261be371998859f3a3bde625be4c06e2c4bdbb047dd46e8d1bd,47afb6c98df5d1d410db077fb22fb3af086b2ec839ded2a38c17732e59aacffb,bb46a33dc8b69af65d8ca279b87ff17d18ff06059ac0030c0397ad03669c839c,0.2646,0.7915679999999999,0.23762,0.19319999999999998,0.18914,5.7316713134765624
training_dense_testing_sparse,cifar10,swin_tiny,single_color,compact0_compact_test,compact,compact,native_contrast,90,1,heldout_val,45000,10000,ca3ccd41ff0431cbeee30e87b70b9a5812f3434832f7e3d84baf9a3a19f028f6,103825ae79d02e38f82108503bfd3c652b1cc9eae70f48b67a1fa4858712b161,b09d4231758cdc5f742a95c959b174a73f72e7eb7b5430e9f522d4a83a67b028,0.2578,0.8018613333333334,0.22361999999999999,0.17896,0.18354,5.9940568359375
training_dense_testing_sparse,cifar10,swin_tiny,single_color,compact0_compact_test,compact,compact,native_contrast,90,2,heldout_val,45000,10000,5192cf400888ec2616aef4f5f3b81a28bf992e9314d62fd1360b439176736c1a,6631a3355245362b7cb46c2507f8478cf150fc3190217c73b13660b51e2e0f91,54da0e293091a1938bc82ea8a6cabeabbb55debd9fdfcc96b5b795b3667b91f4,0.264,0.7886600000000001,0.23938,0.19211999999999999,0.20082,5.618133471679688
training_dense_testing_sparse,cifar10,swin_tiny,single_color,dense0_compact_test,dense,compact,native_contrast,90,0,heldout_val,45000,10000,6cd482cf3aff7942f9dddc8c804c798ab3669fd7bb4d5ee8d7001248deb98f03,d7dbc9322ece1a8ca3588f385689a3b8bf48811a6d424ea58af3b9fcd16c1017,74fce3b1d058b6cf57055516ceb85d442b7674eddb8950f5244b3a22cc35862f,0.2449,0.8055986666666665,0.21703999999999998,0.16388000000000003,0.18102000000000001,5.596447631835938
training_dense_testing_sparse,cifar10,swin_tiny,single_color,dense0_compact_test,dense,compact,native_contrast,90,1,heldout_val,45000,10000,9d1a2669df908084597f21761cf12b88f1ba29fb465100c9484d71e35786b951,35dca41d0ac9bfe4d35ab0bade9003a04244ef0610eff1941336fc1fab6965c8,b7af9c2326beb1db7fc4aba06b867583770ebfc6e2869cb6193ee752cc81fb63,0.2539,0.8039986666666666,0.22144,0.16233999999999998,0.18363999999999997,5.751740087890625
training_dense_testing_sparse,cifar10,swin_tiny,single_color,dense0_compact_test,dense,compact,native_contrast,90,2,heldout_val,45000,10000,ff99c03e98c255dd30c77fd45d1cef61ed9516fc6e1c6e8172e9df33df7c3b20,7e4c333921bcdf1ae7125a12b39edf38fc1431b4f3c57140fa8117eba2926e25,9af4c0f5bd726b176994f562d5b5b3f4e326392003f27ce9b795221daa4a186e,0.2638,0.7883200000000001,0.24096,0.1937,0.2061,5.48441064453125
training_dense_testing_sparse,cifar10,vit_small,color_opponency,compact0_compact_test,compact,compact,native_contrast,90,0,heldout_val,45000,10000,fb84011e98b5205aaf90904d0cf8bb4d4f481bc5893fa438c10c60ace7c3b3d9,99f7c909026449286cc12765848d13762a5794607419dad2886453b87d1d5c2b,37de2ec99f0e84cc52750431e5e654b4c4548ea78d057a8d1e9f8503629dde4d,0.3163,0.7780786666666667,0.28694,0.23840000000000003,0.26414,6.853491973114013
training_dense_testing_sparse,cifar10,vit_small,color_opponency,compact0_compact_test,compact,compact,native_contrast,90,1,heldout_val,45000,10000,db2aed1ae7804280995b05714bebaf039fa482c2cef70a5b916f1631d6fffaa9,99deaa756701bf9031d92eaf19f5f483f1def9a730a2598be89f43bb48f7060f,cc6c4ff852a89054d605a64dc0da897019275dfbee1773e7b12502eea47dc741,0.2918,0.7906426666666666,0.27542,0.2197,0.22935999999999995,7.46721888961792
training_dense_testing_sparse,cifar10,vit_small,color_opponency,compact0_compact_test,compact,compact,native_contrast,90,2,heldout_val,45000,10000,2e0914ae5b7735e265fde3113f6339288442d767378ee0b78a53cb22adc9d3c0,edbd0b42c97be7489069dbd819c8f23a700a9314a9e14ff2910f5d28a9b9fff0,256c9aba780e83006c9b4051eb71e7675e73ec3353ddf4c9b36cc6d6a8f81b13,0.3128,0.7786933333333333,0.29218,0.21227999999999997,0.2351,6.742640376281738
training_dense_testing_sparse,cifar10,vit_small,color_opponency,dense0_compact_test,dense,compact,native_contrast,90,0,heldout_val,45000,10000,f9acc5dd72f8c11af8757160267207fe950576f3b7b2b06e5b74471121a70661,5f4f12483d6bffcea9d7cf594bb3ec45773bd95c9d9e0c3a6157b8fe9f1eada4,6ac6ab6efa8fe9667b6cfec2b439c1a483d484602b0dfdb7f1697805bfb32d49,0.3021,0.7861480000000002,0.29274,0.22279999999999997,0.23762000000000003,7.126271857452393
training_dense_testing_sparse,cifar10,vit_small,color_opponency,dense0_compact_test,dense,compact,native_contrast,90,1,heldout_val,45000,10000,978ee0db2f3957538c29f6fba78d49cb26293ef8cb0db926cfc5e1a4ddf87e9a,932c27b89cd0950a4d8e0cf80edeb8218002979d0cc0de920e0747d6bc48477f,68d86b6eaac4b9181759fdf74d2ba1e58dec9a64c6c46a337f12d54d2ef69294,0.2766,0.8052986666666667,0.2562,0.1911,0.2157,7.807171781921387
training_dense_testing_sparse,cifar10,vit_small,color_opponency,dense0_compact_test,dense,compact,native_contrast,90,2,heldout_val,45000,10000,ae80bed510f172b859fc18b8ecb62149c73740c63354fe76043abbae0d14a58e,95098ae3219490a88cb3ac9569058867924a2e4a1c10b8361d682fdf4b8cf085,5996a511e29f768e94b52050b63e86d5c734908cfb89f071a0215dee0cf9ac41,0.304,0.7831453333333332,0.28506,0.21018000000000003,0.23564000000000002,6.787732248687744
training_dense_testing_sparse,cifar10,vit_small,grayscale,compact0_compact_test,compact,compact,native_contrast,90,0,heldout_val,45000,10000,fd6ab3d0d78ea3468e420af107c96e47012bbd5ce75fdceea4afee0d5e0ff83d,d8153aabf4cb65d88719021088c63b073a6dbe7fc277fb8d0168b05fa2e6c297,5525bb3230ca1bd20fbb778be4c121a9cfef3bd270f0e4dae5015b2878d97c09,0.1473,0.8748613333333335,0.13136,0.11638,0.11680000000000001,8.378038206481934
training_dense_testing_sparse,cifar10,vit_small,grayscale,compact0_compact_test,compact,compact,native_contrast,90,1,heldout_val,45000,10000,aa76739f58b57e3a7304f39a980674bff3bfd4546ef626c2cd5cf261d2821bad,1cb558cf21abe66590c5eaae71c1dc43bc95345ed0a2f4ef3ff30b8c687cc5d2,732d4a2c3a1c116592563e0a1d8079371f809743798db06af2996f6171bb5f8e,0.1375,0.8800653333333333,0.12205999999999999,0.12391999999999999,0.12836,9.388817337036134
training_dense_testing_sparse,cifar10,vit_small,grayscale,compact0_compact_test,compact,compact,native_contrast,90,2,heldout_val,45000,10000,3526954d14f041a566bc5041bb9faeeb012905cc8b9bacd5c47271db7234e077,1e6a019be8f0ef3e57160a24647434471ef680b66664510ffb32b03c5490a20a,419b5bb3a9a427d926a6310430e09d188260807d9d1dad2bd5df3489496b119c,0.1579,0.8649866666666666,0.14574000000000004,0.13047999999999998,0.12179999999999999,7.885527725219727
training_dense_testing_sparse,cifar10,vit_small,grayscale,dense0_compact_test,dense,compact,native_contrast,90,0,heldout_val,45000,10000,7b2f39269cffc1901070300ca497ef4f88535b2eafbb15636c50c91c19282c69,a85ea2d45003df5c622a0f517f11cef39eccc5391d7ae871c3debb3ebbde512b,b63dea18ba04ebec90aa387b94608ae909f9951b5f93072d2366e170a7e899a5,0.1292,0.8850333333333334,0.11934,0.10566,0.10594,9.960660083007813
training_dense_testing_sparse,cifar10,vit_small,grayscale,dense0_compact_test,dense,compact,native_contrast,90,1,heldout_val,45000,10000,f4b8b7ef9403e6728acafbcdb60d6038cc9428a038d905defaf62b91b3f7f378,d7e8fdda42566a324d96a826a9de4a76f4bdb3fc5fbad219abd2eae4c9fd66e0,b0ee16f423c590c7b2825b45a2197bc867f6dc9afd6aafdf9bd17b05322b1253,0.1394,0.8798173333333335,0.12913999999999998,0.11374,0.1131,8.14470461730957
training_dense_testing_sparse,cifar10,vit_small,grayscale,dense0_compact_test,dense,compact,native_contrast,90,2,heldout_val,45000,10000,469155e9c34e090a25f13089b3f2407a32f4d7389fc5c2539987258a9a4aed32,57aecea7ce2e2ba0f3404e42f970fcec3c6f73efde39eb408ed4d1b37f5ff27e,7babc96121d5f89850cbcc509af4ec2f9ce5f8ca5fa941133ff06758c159091f,0.144,0.8786146666666667,0.1311,0.11601999999999998,0.11668000000000003,7.863434826660156
training_dense_testing_sparse,cifar10,vit_small,raw,raw_compact_test,dense,compact,raw_pixels,90,0,heldout_val,45000,10000,954f10802f1693a2a3ee20be5c9ce46c869db8e2dcd61a25bb98f2f88a8218e9,7c4187c643b7e210dc769d4c2b2adebfd5bcb5c678051889a482ac9b2ab223ad,a8369ed680009e45868b72c0316b8d39c74371d912ed437ff6bf9dc89488db33,0.2008,0.8149,0.18863999999999997,0.18096,0.18702000000000002,9.3373501953125
training_dense_testing_sparse,cifar10,vit_small,raw,raw_compact_test,dense,compact,raw_pixels,90,1,heldout_val,45000,10000,c623993cd08a563b38a461026749f179d17fcf21094c19b4dfb7b04b2455bc6b,4c7d3bdfe12fc4767b82d8a04998444f253fd482219117e5a74037bab11291e0,51013aa13debf7716aa0c9fa9d431e2a16cb1727a003497460469b5e728eaeb4,0.1915,0.8207386666666667,0.18916,0.182,0.18242000000000003,9.010356896972656
training_dense_testing_sparse,cifar10,vit_small,raw,raw_compact_test,dense,compact,raw_pixels,90,2,heldout_val,45000,10000,ac68f48a7d84d325819e9a37c02f9a56611b5ab3c388a4ab3d0301e2edb4a87a,f7fb9a510b03eacfb343f58adc54100633e5769550039ff5fdc3b510e3c521d4,92f9655eb068a90ffb82799f9d4939a1b20fefa95c7967c571e933859172321e,0.1814,0.8289293333333334,0.17338,0.17336,0.17512,9.969172790527344
training_dense_testing_sparse,cifar10,vit_small,single_color,compact0_compact_test,compact,compact,native_contrast,90,0,heldout_val,45000,10000,717696d8d6eb3d50f6daf82d21aef9b94f99640a665451c73f39641b4bd1d9a7,6c7693736966d05473089485333caa39f5ea9412a85f3bf823332cf637710930,33444dbf27ccf9d09e9bc6815558429934b9b612bf912ef7c263e2fad03e2c1e,0.2074,0.8268146666666666,0.18202,0.14948,0.17036,7.019296539306641
training_dense_testing_sparse,cifar10,vit_small,single_color,compact0_compact_test,compact,compact,native_contrast,90,1,heldout_val,45000,10000,e6deaafb3ccb23f8ccf7b64ed3f7c473931f3d49f6683658b266b65edfd2a3be,5b8311a8aa46bd6cecaf4f2417880a3188f162add0a4e0f721118609026ffbaa,9c8bd1d942d5eebc735cbfd5c953e9e80365d176a194c9231b43ef9fc509a79c,0.2088,0.8229053333333335,0.18481999999999998,0.16147999999999998,0.16914,7.41743775024414
training_dense_testing_sparse,cifar10,vit_small,single_color,compact0_compact_test,compact,compact,native_contrast,90,2,heldout_val,45000,10000,cfd05ee7c57565cd7263bc6cf59e23a10b6573680cb97f50384cac029882965a,efcf0e6ea6fbacf210b9d43c1351af75ddaf98f8c1dac80575d3593f5ddcb72e,3fd91e2eda56a286994526f35b5dec72d05b5c1513e50fd3381168829ede49c7,0.22,0.8112879999999998,0.19408,0.18444000000000002,0.18073999999999998,6.841887042236328
training_dense_testing_sparse,cifar10,vit_small,single_color,dense0_compact_test,dense,compact,native_contrast,90,0,heldout_val,45000,10000,805706ca4c86803bd639771f9c1a9ab2263173d3dccf0509a91feadf952afd42,21106edd3e3e4f2bacc6e63f2d5b402c72aa4fea9caeb649aa226c4834d15dd4,9fa97932cb6c84ca661c56235128961714203d1ebfd34d4c9142695a6361bacf,0.1663,0.8471066666666667,0.15524,0.15488000000000002,0.15188,8.660765393066406
training_dense_testing_sparse,cifar10,vit_small,single_color,dense0_compact_test,dense,compact,native_contrast,90,1,heldout_val,45000,10000,eca0df0dabfe0e39b21adbacf52fdd5b16f547b16f5af2af288102ddc46f392d,9d853016cf8c900c62cb6c6fdbb4066bf90a2b4e590901146e2ce65b1ff53407,a14ddc5c19aa65cee18f9e67214fec43fad92bbdd3ee9a459ac0341fe3f3731c,0.1855,0.838144,0.15662,0.16336,0.16030000000000003,8.311365655517578
training_dense_testing_sparse,cifar10,vit_small,single_color,dense0_compact_test,dense,compact,native_contrast,90,2,heldout_val,45000,10000,838676827c75a64181b11c42b6c4ff0883690fed9e3294c2a8727fba6a1468f9,0048945a41186e84bd9e2fddc350b109f7fc7d0ab9786cc2614ad863dcd3932d,2eeae4368927974e6744ec6a28e73efe04d841b8697a1cbf46ddb4dd42514b7a,0.1983,0.8343706666666667,0.17602,0.15940000000000004,0.15138000000000001,6.816423371887207
training_dense_testing_sparse,mnist,swin_tiny,grayscale,compact0_compact_test,compact,compact,native_contrast,90,0,heldout_val,55000,10000,eae2102a5c7485c78d20f42c66fb1c9d2fde693622f93b99bbbc578d89365da5,c4bb321da0a653a4d83650aa2b61fe4d98eec845b0e48d22e37a6897a1b5e94b,7b0a41b35e709e34296548f99714540de2cfe6fab7cd6d2b8d8850be56665407,0.8489,0.5238,0.1926,,0.1426,0.8530249145507812
training_dense_testing_sparse,mnist,swin_tiny,grayscale,compact0_compact_test,compact,compact,native_contrast,90,1,heldout_val,55000,10000,bd042900730a53b03806b405aa4cae2a6cede1852b41cfabffb71df278ec5405,55ab18490b0225ea74dbcf9d59b84b29698eab03259fc268c2e33d812dfbccbd,27834ca7879cdcbc657227d83ee6209161fc84b956f9fc30765d0b5f59e7f707,0.8553,0.5108466666666667,0.1957,,0.1452,0.8123904602050781
training_dense_testing_sparse,mnist,swin_tiny,grayscale,compact0_compact_test,compact,compact,native_contrast,90,2,heldout_val,55000,10000,16b1c69b1de869d6d9ba83b414eb0ec2a2c4f4a189440581c587e1ec91a46040,7abb62874875d54f0145cf73f791ba245eb0df35d9978ec5c32893e053207307,984f081ec99d3e4bbdd3bdec162111e3b71fd5987938caf8959881f15ccd05d4,0.8418,0.5192733333333333,0.2301,,0.1518,0.9316754699707032
training_dense_testing_sparse,mnist,swin_tiny,grayscale,dense0_compact_test,dense,compact,native_contrast,90,0,heldout_val,55000,10000,67e6b1ee84a0f6e9bd8042761d31cdc0649d304eaceb483b0de547d1e537d82d,b5ba882ee04e81c45232c4005e9a820b60c8b46fc9026b6949f38be5e12dae2b,473ed25a586e0ea8fb93e4fadfcfd4e7e18bde623e0f22701c184b2da680520b,0.6617,0.6410733333333333,0.1773,,0.1316,1.8096900146484376
training_dense_testing_sparse,mnist,swin_tiny,grayscale,dense0_compact_test,dense,compact,native_contrast,90,1,heldout_val,55000,10000,66da96ba6a29a21f7b2624b6df3be6276f30e5dbd63c1e19ea19e185d1a42e3c,e6e682f99e0eee247ebb254b29f3eb44b9362a5a7ef446abce3bc043a51997fe,3c122f0fd1faf70a5670d3c6526b0c7197dc73ded514139a3796e6045a6fb776,0.642,0.6488266666666667,0.1773,,0.1341,2.0058859252929686
training_dense_testing_sparse,mnist,swin_tiny,grayscale,dense0_compact_test,dense,compact,native_contrast,90,2,heldout_val,55000,10000,dc502ae76aa29d2b13680073c7c4a316f9d88de2d0486cea36de39874a778136,d702f30cdbb4eec392ad0ecc9abc4f74a4b031dc4dd9bd08fa1670b553a83e7d,b0393e9d1c0e15b51559e628483e2ed496574409f6794199f61ad346d461af16,0.601,0.6668933333333334,0.1583,,0.1244,2.165375256347656
training_dense_testing_sparse,mnist,swin_tiny,raw,raw_compact_test,dense,compact,raw_pixels,90,0,heldout_val,55000,10000,0f76649ee72109386c5d8aed996da09a959decdb15136773f9fc16cec427d2a8,2862442744248fb27f135fca8176a4329e4389cf2b7a4b85035896938cfee3d1,4f4de1c96ce3171d528465ea583fe366ccbf1eeed9fc126ed5b29d61cc878836,0.6516,0.6075599999999999,0.5625,,0.5042,1.8334687622070311
training_dense_testing_sparse,mnist,swin_tiny,raw,raw_compact_test,dense,compact,raw_pixels,90,1,heldout_val,55000,10000,dae7363a4d8ed09b3a4edc8d056681ca70448fd327410c198a406b991547ae87,dd2cf2d226b36e5fad41f47fc00c9371fc35dbe4fac6f7d4f7fb27fb2ad731be,485f892a847b6dbcfdab4e13b46349e10ca7e3c0d81810dc50d69b0ada0c05f0,0.6725,0.5811466666666666,0.5865,,0.5402,1.6242456420898437
training_dense_testing_sparse,mnist,swin_tiny,raw,raw_compact_test,dense,compact,raw_pixels,90,2,heldout_val,55000,10000,3c9743e4c1843d29bfb30527c8b06a68a9e71f066af61ac6766841b33ad5ea88,427b62eb15ab92cd151c4ecfeaec6ca4bd2a25585462fc549ffe8023437c74e7,dc141a26cd438bb05b5097a229bc10b348f6a1d7cb9696567fc85afbb8440cbe,0.7171,0.5566666666666666,0.6304,,0.5712,1.3806666870117188
training_dense_testing_sparse,mnist,vit_small,grayscale,compact0_compact_test,compact,compact,native_contrast,90,0,heldout_val,55000,10000,ed4366e4aff0b1cfcdbf120235dd6abe9c0922d6b5fb264ed6d86d7ce0489da2,d606e0b6e7e1b8ca4140175f43e475d056088da48eedeac3bc3521ac5c8bd570,168dfdf4b1e77bdf998c5fcf65999cf6fb4a4b0c58b19ed9d0679fbe3a50e918,0.8033,0.58028,0.3535,,0.1491,1.436711822128296
training_dense_testing_sparse,mnist,vit_small,grayscale,compact0_compact_test,compact,compact,native_contrast,90,1,heldout_val,55000,10000,23b87355ac58f28b3f66ecbc6e52ca08584bb77880b03a241e69cef898ef434c,46894ed8e58b9a3d3a51017f67d68a2884c576e01bc3656e967ce685c146046a,bf2631dda7d9d271b18b8e9867cd79e4cb599f961d1d13de860454d586357601,0.8028,0.5771733333333332,0.3724,,0.1605,1.4085261665344238
training_dense_testing_sparse,mnist,vit_small,grayscale,compact0_compact_test,compact,compact,native_contrast,90,2,heldout_val,55000,10000,8489cb4fe99a1250a4d2b8cbfda693c153fdceef5f69b50a1339ff369d925f55,3b7406c877e78f0bd976d436a0cb1901bf16f4b32fdcef07d9d01e73bda87ba9,d40eaf4227e611b4235f679e1f5b2f9f68901fb6a89907585a7aca9162a6769c,0.7937,0.5898266666666666,0.3225,,0.1417,1.387278646850586
training_dense_testing_sparse,mnist,vit_small,grayscale,dense0_compact_test,dense,compact,native_contrast,90,0,heldout_val,55000,10000,12c1c64beff8f68b972f3ee6e1db9cea9ea0b19ab125c87bc56bbb9b62b46e5f,179475b8b5f1f60331c2ef36bed036328ffb8901f10573d5da34e3c145a3b99c,1febb833c97989dec964ce4247d5bb9f7f212d0d0ffea0016b5b7d6ef9e061db,0.1194,0.8935666666666666,0.0814,,0.0806,11.15518963623047
training_dense_testing_sparse,mnist,vit_small,grayscale,dense0_compact_test,dense,compact,native_contrast,90,1,heldout_val,55000,10000,9729adec9ce6ce6993045a1272821938585b9c42511d61e768f34523b81a637b,0c043582d4fd9fa02edf865269d1ba752080dec581307de85e519181414c7951,10a1c020e268e60f92a50cb1a938f7e478078107b9a7dd5bcd30e3f36dd50ae6,0.1006,0.9054066666666668,0.0746,,0.0742,10.971587854003907
training_dense_testing_sparse,mnist,vit_small,grayscale,dense0_compact_test,dense,compact,native_contrast,90,2,heldout_val,55000,10000,2485480a0905ee16b65e967730c87b99977c88266c6ffdc184c129bbc607923c,e6a832390c850cd02985baa89af74e5b5051e71fc8f593de29cbe32747013aef,04b23e1d894d5cd0ffacd122ef55cc5578fe60d76fbf71286f07dceb0d27c789,0.0947,0.9076333333333333,0.0806,,0.0843,11.307354071044921
training_dense_testing_sparse,mnist,vit_small,raw,raw_compact_test,dense,compact,raw_pixels,90,0,heldout_val,55000,10000,398e396910779493fab8ca8f3ba508083f75396de40386f48e0571f6884b7e87,9523e74ba13da3f1257b0c8cdd3db4e72b6b2105c0f474976efa781683d41b85,3db92cbcafbbc2751e66333d710ad6f6ab62881147312fbf9142265b64fd326b,0.2687,0.7988799999999999,0.2399,,0.2832,7.025615328979492
training_dense_testing_sparse,mnist,vit_small,raw,raw_compact_test,dense,compact,raw_pixels,90,1,heldout_val,55000,10000,439be77b86d04f840144faf4e75cf6a00742f02b3db76cff833f97400c26a240,30a8f281c2f4a12b308161a4e74780f51269070d10c8b2291ac201ba93d64059,acbec74b30d2bb2dbba09b75e00a22ce88387ed47cb09fa6403be759a89ac248,0.2808,0.7971133333333333,0.2349,,0.2713,6.7308871406555175
training_dense_testing_sparse,mnist,vit_small,raw,raw_compact_test,dense,compact,raw_pixels,90,2,heldout_val,55000,10000,963883377a27d9a361fbc7d62a6b63f32b856b1990682365a7587bf293fbb938,62004fa6b787a704ff5ee13663dbbc1aeaa90c7b0b292b27c4d9b1a1f63a9d13,63bb2214a8ab262e48865109fcf46769e97d9659bc9e8d3557e8cd23394adc56,0.3409,0.7589333333333333,0.2618,,0.4222,5.0092175018310545
training_sparse_testing_sparse,mnist,vit_small,raw,raw_dense_reference,dense,dense,none,0,0,heldout_val,55000,10000,9523e74ba13da3f1257b0c8cdd3db4e72b6b2105c0f474976efa781683d41b85,9523e74ba13da3f1257b0c8cdd3db4e72b6b2105c0f474976efa781683d41b85,3db92cbcafbbc2751e66333d710ad6f6ab62881147312fbf9142265b64fd326b,0.9832,0.2701866666666667,0.3965,,0.4707,0.09323805797746464
training_sparse_testing_sparse,mnist,vit_small,grayscale,matched_sparse_training,compact,compact,native_contrast,0,0,heldout_val,55000,10000,d606e0b6e7e1b8ca4140175f43e475d056088da48eedeac3bc3521ac5c8bd570,d606e0b6e7e1b8ca4140175f43e475d056088da48eedeac3bc3521ac5c8bd570,168dfdf4b1e77bdf998c5fcf65999cf6fb4a4b0c58b19ed9d0679fbe3a50e918,0.9789,0.39416666666666667,0.6292,,0.2954,0.11483368508986605
training_sparse_testing_sparse,mnist,vit_small,grayscale,matched_sparse_training,compact,compact,native_contrast,20,0,heldout_val,55000,10000,7fd9e42e1c44318eafd0f529cc76900d5c0e83f2ec3cac806afb3adf3547609d,7fd9e42e1c44318eafd0f529cc76900d5c0e83f2ec3cac806afb3adf3547609d,d933fd56c7b4f64998da2a11b272e100366b36a2cd5b0b227911eef99e1fc896,0.9789,0.38549333333333335,0.7545,,0.2976,0.11483368508986605
training_sparse_testing_sparse,mnist,vit_small,grayscale,matched_sparse_training,compact,compact,native_contrast,40,0,heldout_val,55000,10000,961b26de6aa67d18a918aabcb51d571a28965e7dd9f393739e5eda6d44919fa2,961b26de6aa67d18a918aabcb51d571a28965e7dd9f393739e5eda6d44919fa2,c91b0d6c1382533ce257bd9e1faa416d3db3b01094c6398406bf4418b9f73f0f,0.9789,0.38315333333333335,0.7241,,0.3247,0.11483368508986605
training_sparse_testing_sparse,mnist,vit_small,grayscale,matched_sparse_training,compact,compact,native_contrast,60,0,heldout_val,55000,10000,2e48a2fba89993213549aa9398e9b9ac2e15a902edc8c64a54971fdefa98b12e,2e48a2fba89993213549aa9398e9b9ac2e15a902edc8c64a54971fdefa98b12e,c210fdea45f6f05480d7ee4d7f6df6d25b365f9b56aa2011ca680f64e41c7c18,0.9793,0.3758,0.736,,0.3324,0.115917575760014
training_sparse_testing_sparse,mnist,vit_small,grayscale,matched_sparse_training,compact,compact,native_contrast,80,0,heldout_val,55000,10000,8655df49c15160cc0eb5b20ce5d618de76f95314abe293be6f4cc882d35015b2,8655df49c15160cc0eb5b20ce5d618de76f95314abe293be6f4cc882d35015b2,694dc27d9a4f236ecc5d221449e961b6c7ad432227e4fa6ef7c107c6c6cf3e8a,0.9763,0.45210666666666666,0.2923,,0.193,0.14461905016564414
training_sparse_testing_sparse,mnist,vit_small,grayscale,original_dense_same_checkpoint,dense,dense,none,0,0,heldout_val,55000,10000,179475b8b5f1f60331c2ef36bed036328ffb8901f10573d5da34e3c145a3b99c,179475b8b5f1f60331c2ef36bed036328ffb8901f10573d5da34e3c145a3b99c,1febb833c97989dec964ce4247d5bb9f7f212d0d0ffea0016b5b7d6ef9e061db,0.9755,0.29799333333333333,0.9133,,0.4869,0.14925300040114672
training_sparse_testing_sparse,mnist,vit_small,raw,raw_dense_reference,dense,dense,none,0,1,heldout_val,55000,10000,30a8f281c2f4a12b308161a4e74780f51269070d10c8b2291ac201ba93d64059,30a8f281c2f4a12b308161a4e74780f51269070d10c8b2291ac201ba93d64059,acbec74b30d2bb2dbba09b75e00a22ce88387ed47cb09fa6403be759a89ac248,0.9824,0.26997333333333334,0.4493,,0.3959,0.08775354593340308
training_sparse_testing_sparse,mnist,vit_small,grayscale,matched_sparse_training,compact,compact,native_contrast,0,1,heldout_val,55000,10000,46894ed8e58b9a3d3a51017f67d68a2884c576e01bc3656e967ce685c146046a,46894ed8e58b9a3d3a51017f67d68a2884c576e01bc3656e967ce685c146046a,bf2631dda7d9d271b18b8e9867cd79e4cb599f961d1d13de860454d586357601,0.9806,0.3793733333333333,0.761,,0.3464,0.11431729377252049
training_sparse_testing_sparse,mnist,vit_small,grayscale,matched_sparse_training,compact,compact,native_contrast,20,1,heldout_val,55000,10000,72de1d822131f8a4818b2798a94f8bfea2c4ab3de7d59ec12a088c5e29a534e3,72de1d822131f8a4818b2798a94f8bfea2c4ab3de7d59ec12a088c5e29a534e3,85d397db568a4ec3fe96a8ca00716b61df9bbe8f4a257994bcc0c7cabde03e93,0.9806,0.3743666666666666,0.8374,,0.3487,0.11431729377252049
training_sparse_testing_sparse,mnist,vit_small,grayscale,matched_sparse_training,compact,compact,native_contrast,40,1,heldout_val,55000,10000,ce841bb328c5def0977f9e482bb484d0bd4eada832ce12a8ba790da33d9ab65a,ce841bb328c5def0977f9e482bb484d0bd4eada832ce12a8ba790da33d9ab65a,233243fa2d015e360abb837b747a6357d5bb6294462a923ffe44380b2aa0988e,0.9806,0.36909333333333333,0.8123,,0.3973,0.11431729377252049
training_sparse_testing_sparse,mnist,vit_small,grayscale,matched_sparse_training,compact,compact,native_contrast,60,1,heldout_val,55000,10000,0c5945c6cb8170f42ef79cc9d31c8d84ae19b0166ae107df3ff00a879f080070,0c5945c6cb8170f42ef79cc9d31c8d84ae19b0166ae107df3ff00a879f080070,66e6885335ee192ef804d57a4fd73933274d87c1bd9652e940e8e6c807a2b88e,0.9775,0.3709533333333333,0.8103,,0.3899,0.1402654942005549
training_sparse_testing_sparse,mnist,vit_small,grayscale,matched_sparse_training,compact,compact,native_contrast,80,1,heldout_val,55000,10000,6a8b9505e2d0d092d0236aea6d90dee8ff4e8c9647d9da2e5b2891fe7691e3d6,6a8b9505e2d0d092d0236aea6d90dee8ff4e8c9647d9da2e5b2891fe7691e3d6,9cb149f2bc6655e3c1934f6b83342a40c5948fa02e4d0ad570b6e8dcc9d91f4d,0.9762,0.4627266666666667,0.1847,,0.1173,0.15175499832034112
training_sparse_testing_sparse,mnist,vit_small,grayscale,original_dense_same_checkpoint,dense,dense,none,0,1,heldout_val,55000,10000,0c043582d4fd9fa02edf865269d1ba752080dec581307de85e519181414c7951,0c043582d4fd9fa02edf865269d1ba752080dec581307de85e519181414c7951,10a1c020e268e60f92a50cb1a938f7e478078107b9a7dd5bcd30e3f36dd50ae6,0.9763,0.29958,0.9311,,0.5618,0.150492707720818
training_sparse_testing_sparse,mnist,vit_small,raw,raw_dense_reference,dense,dense,none,0,2,heldout_val,55000,10000,62004fa6b787a704ff5ee13663dbbc1aeaa90c7b0b292b27c4d9b1a1f63a9d13,62004fa6b787a704ff5ee13663dbbc1aeaa90c7b0b292b27c4d9b1a1f63a9d13,63bb2214a8ab262e48865109fcf46769e97d9659bc9e8d3557e8cd23394adc56,0.9834,0.27296,0.4749,,0.3968,0.08742725051158196
training_sparse_testing_sparse,mnist,vit_small,grayscale,matched_sparse_training,compact,compact,native_contrast,0,2,heldout_val,55000,10000,3b7406c877e78f0bd976d436a0cb1901bf16f4b32fdcef07d9d01e73bda87ba9,3b7406c877e78f0bd976d436a0cb1901bf16f4b32fdcef07d9d01e73bda87ba9,d40eaf4227e611b4235f679e1f5b2f9f68901fb6a89907585a7aca9162a6769c,0.9816,0.39604666666666666,0.6427,,0.1853,0.12081501405819726
training_sparse_testing_sparse,mnist,vit_small,grayscale,matched_sparse_training,compact,compact,native_contrast,20,2,heldout_val,55000,10000,141a03bd715434450ead1549c2e474723bde11c7c1ca90d3bce9d8c032f27766,141a03bd715434450ead1549c2e474723bde11c7c1ca90d3bce9d8c032f27766,672f68b944883bd1e1017b6e840bfaa889f1f1b3d4e974d6972d2b800dec3ca2,0.9816,0.38772666666666666,0.7702,,0.1873,0.12081501405819726
training_sparse_testing_sparse,mnist,vit_small,grayscale,matched_sparse_training,compact,compact,native_contrast,40,2,heldout_val,55000,10000,4db7393222d9cd0405c75c848eaec0a76f11ad74981a333346681311f8786e6a,4db7393222d9cd0405c75c848eaec0a76f11ad74981a333346681311f8786e6a,cea18f80c11818cfe38e294f6de99285bfb3aa42793ad8956cf8fc95f86185fc,0.9816,0.38256666666666667,0.7484,,0.2136,0.12081501405819726
training_sparse_testing_sparse,mnist,vit_small,grayscale,matched_sparse_training,compact,compact,native_contrast,60,2,heldout_val,55000,10000,7eec7c969bb3bedfe940dd90e7f69448a9d316a4a791cd17299a5affe340d4bf,7eec7c969bb3bedfe940dd90e7f69448a9d316a4a791cd17299a5affe340d4bf,01e210a481910d13eb9880d61da1bc404c6be931c1c8abda21607fe5b2adf586,0.9797,0.36678666666666665,0.8733,,0.3961,0.12081874971007346
training_sparse_testing_sparse,mnist,vit_small,grayscale,matched_sparse_training,compact,compact,native_contrast,80,2,heldout_val,55000,10000,a1c17c17deece1d1666c0785bafe581713b0a6509b10667837cfb804c118e931,a1c17c17deece1d1666c0785bafe581713b0a6509b10667837cfb804c118e931,23286e548eb4a6f6f00ebcb7a6f281b19084df21d64eed88265cc8b7ad93e631,0.9762,0.4526733333333333,0.3297,,0.2329,0.1424199440779892
training_sparse_testing_sparse,mnist,vit_small,grayscale,original_dense_same_checkpoint,dense,dense,none,0,2,heldout_val,55000,10000,e6a832390c850cd02985baa89af74e5b5051e71fc8f593de29cbe32747013aef,e6a832390c850cd02985baa89af74e5b5051e71fc8f593de29cbe32747013aef,04b23e1d894d5cd0ffacd122ef55cc5578fe60d76fbf71286f07dceb0d27c789,0.978,0.31581333333333333,0.9285,,0.4056,0.14117301685102285
training_sparse_testing_sparse,mnist,swin_tiny,raw,raw_dense_reference,dense,dense,none,0,0,heldout_val,55000,10000,2862442744248fb27f135fca8176a4329e4389cf2b7a4b85035896938cfee3d1,2862442744248fb27f135fca8176a4329e4389cf2b7a4b85035896938cfee3d1,4f4de1c96ce3171d528465ea583fe366ccbf1eeed9fc126ed5b29d61cc878836,0.9922,0.23373333333333332,0.1748,,0.4447,0.03829645943641662
training_sparse_testing_sparse,mnist,swin_tiny,grayscale,matched_sparse_training,compact,compact,native_contrast,0,0,heldout_val,55000,10000,c4bb321da0a653a4d83650aa2b61fe4d98eec845b0e48d22e37a6897a1b5e94b,c4bb321da0a653a4d83650aa2b61fe4d98eec845b0e48d22e37a6897a1b5e94b,7b0a41b35e709e34296548f99714540de2cfe6fab7cd6d2b8d8850be56665407,0.9916,0.27326,0.3472,,0.2828,0.03963644843101501
training_sparse_testing_sparse,mnist,swin_tiny,grayscale,matched_sparse_training,compact,compact,native_contrast,20,0,heldout_val,55000,10000,2a7d82838bcf2cff3971255ef37fb9829dceaef8dd74a1a3bac8809c597b76fb,2a7d82838bcf2cff3971255ef37fb9829dceaef8dd74a1a3bac8809c597b76fb,ccb1d57e1a64f06e4c386c1c18c3a77e9a8d77dcc7e876ba1c90d9d141c777a3,0.9907,0.26808000000000004,0.3031,,0.2387,0.04391238389015198
training_sparse_testing_sparse,mnist,swin_tiny,grayscale,matched_sparse_training,compact,compact,native_contrast,40,0,heldout_val,55000,10000,8116b7e11ffddef7290b14331155ed9abaefdde7cb4940c7d2092452e0331d6d,8116b7e11ffddef7290b14331155ed9abaefdde7cb4940c7d2092452e0331d6d,971b1dac8554c7dc5bc423ec19bd8b08bbea1d86b0acec7a0f22cdfccf46f8a3,0.9899,0.28851333333333334,0.3195,,0.2575,0.04929358062744141
training_sparse_testing_sparse,mnist,swin_tiny,grayscale,matched_sparse_training,compact,compact,native_contrast,60,0,heldout_val,55000,10000,e0967f92f2a7c78034065ff47733d004e84e5b2384ccdbd048543d2c7e19706b,e0967f92f2a7c78034065ff47733d004e84e5b2384ccdbd048543d2c7e19706b,893ff700621f49c8298aea6a39a05e7d13cd1a87d3220ce0b5c95ffae74b83ea,0.9901,0.27814666666666665,0.4326,,0.4014,0.0448913830280304
training_sparse_testing_sparse,mnist,swin_tiny,grayscale,matched_sparse_training,compact,compact,native_contrast,80,0,heldout_val,55000,10000,176ffd389658639de936b009989e1d2c04351ddb93144617154ec81cc81c9267,176ffd389658639de936b009989e1d2c04351ddb93144617154ec81cc81c9267,c2f884151ddb6eec3668ea039fc3ba7fb30b9315c1e8ee2f1664d2e6f27e898f,0.989,0.3960066666666667,0.1499,,0.1596,0.05016952648162842
training_sparse_testing_sparse,mnist,swin_tiny,grayscale,original_dense_same_checkpoint,dense,dense,none,0,0,heldout_val,55000,10000,b5ba882ee04e81c45232c4005e9a820b60c8b46fc9026b6949f38be5e12dae2b,b5ba882ee04e81c45232c4005e9a820b60c8b46fc9026b6949f38be5e12dae2b,473ed25a586e0ea8fb93e4fadfcfd4e7e18bde623e0f22701c184b2da680520b,0.9894,0.24167999999999998,0.5585,,0.4793,0.04027227287292481
training_sparse_testing_sparse,mnist,swin_tiny,raw,raw_dense_reference,dense,dense,none,0,1,heldout_val,55000,10000,dd2cf2d226b36e5fad41f47fc00c9371fc35dbe4fac6f7d4f7fb27fb2ad731be,dd2cf2d226b36e5fad41f47fc00c9371fc35dbe4fac6f7d4f7fb27fb2ad731be,485f892a847b6dbcfdab4e13b46349e10ca7e3c0d81810dc50d69b0ada0c05f0,0.9925,0.2445,0.108,,0.4122,0.03525037894248963
training_sparse_testing_sparse,mnist,swin_tiny,grayscale,matched_sparse_training,compact,compact,native_contrast,0,1,heldout_val,55000,10000,55ab18490b0225ea74dbcf9d59b84b29698eab03259fc268c2e33d812dfbccbd,55ab18490b0225ea74dbcf9d59b84b29698eab03259fc268c2e33d812dfbccbd,27834ca7879cdcbc657227d83ee6209161fc84b956f9fc30765d0b5f59e7f707,0.9887,0.28353333333333336,0.2769,,0.2295,0.0525268424987793
training_sparse_testing_sparse,mnist,swin_tiny,grayscale,matched_sparse_training,compact,compact,native_contrast,20,1,heldout_val,55000,10000,b05f8116a2eb9064b02478e60de3377144422d6b8961baa4ca7bfb15e9303674,b05f8116a2eb9064b02478e60de3377144422d6b8961baa4ca7bfb15e9303674,9aa413ee69e997703c5692a455146755058ad98054849128380d366db4e5d1d1,0.9887,0.28004,0.32,,0.2306,0.0525268440246582
training_sparse_testing_sparse,mnist,swin_tiny,grayscale,matched_sparse_training,compact,compact,native_contrast,40,1,heldout_val,55000,10000,f5b01a9ab148f8f703e3d1153283e43bbd300de0b91444b605e063a3656c6e58,f5b01a9ab148f8f703e3d1153283e43bbd300de0b91444b605e063a3656c6e58,f84921d6bb53e31c3bc29801dabb400603429f6778da2940cf09721062ffb3aa,0.9887,0.28392,0.3548,,0.2432,0.0525268424987793
training_sparse_testing_sparse,mnist,swin_tiny,grayscale,matched_sparse_training,compact,compact,native_contrast,60,1,heldout_val,55000,10000,9ccc76b1a0346a836c8fe47bd3a31d878322708429547246dc215e5a9ac9df91,9ccc76b1a0346a836c8fe47bd3a31d878322708429547246dc215e5a9ac9df91,e067d589edb47a17a9cc8bf6eed2c1d48035677eedcf3733a30af34ab1ade4f9,0.9899,0.27133999999999997,0.4439,,0.3504,0.05247492446899414
training_sparse_testing_sparse,mnist,swin_tiny,grayscale,matched_sparse_training,compact,compact,native_contrast,80,1,heldout_val,55000,10000,70a8068790b6efec05addf3356878ec0f921689e7f66afc4c642f3384dc2c890,70a8068790b6efec05addf3356878ec0f921689e7f66afc4c642f3384dc2c890,86f41a05b88279a39f39102158f84e7709142de4042308407b66997fd999f253,0.988,0.3952333333333333,0.2392,,0.1415,0.04588177070617676
training_sparse_testing_sparse,mnist,swin_tiny,grayscale,original_dense_same_checkpoint,dense,dense,none,0,1,heldout_val,55000,10000,e6e682f99e0eee247ebb254b29f3eb44b9362a5a7ef446abce3bc043a51997fe,e6e682f99e0eee247ebb254b29f3eb44b9362a5a7ef446abce3bc043a51997fe,3c122f0fd1faf70a5670d3c6526b0c7197dc73ded514139a3796e6045a6fb776,0.9902,0.22199333333333332,0.6941,,0.6343,0.039971461486816406
training_sparse_testing_sparse,mnist,swin_tiny,raw,raw_dense_reference,dense,dense,none,0,2,heldout_val,55000,10000,427b62eb15ab92cd151c4ecfeaec6ca4bd2a25585462fc549ffe8023437c74e7,427b62eb15ab92cd151c4ecfeaec6ca4bd2a25585462fc549ffe8023437c74e7,dc141a26cd438bb05b5097a229bc10b348f6a1d7cb9696567fc85afbb8440cbe,0.9923,0.24280666666666667,0.1631,,0.3784,0.033869017642736435
training_sparse_testing_sparse,mnist,swin_tiny,grayscale,matched_sparse_training,compact,compact,native_contrast,0,2,heldout_val,55000,10000,7abb62874875d54f0145cf73f791ba245eb0df35d9978ec5c32893e053207307,7abb62874875d54f0145cf73f791ba245eb0df35d9978ec5c32893e053207307,984f081ec99d3e4bbdd3bdec162111e3b71fd5987938caf8959881f15ccd05d4,0.9892,0.25504666666666664,0.4907,,0.4162,0.047271363282203674
training_sparse_testing_sparse,mnist,swin_tiny,grayscale,matched_sparse_training,compact,compact,native_contrast,20,2,heldout_val,55000,10000,3643c8628fbeca71728f40ea2f97ca0879bbda4c1d4ece30be2ce68d79af4305,3643c8628fbeca71728f40ea2f97ca0879bbda4c1d4ece30be2ce68d79af4305,7bbdafd31c100820528d67a419e55e613b997e52a4c84cc3d4b05a569c4803f2,0.9892,0.2596266666666667,0.4122,,0.4188,0.047271361696720124
training_sparse_testing_sparse,mnist,swin_tiny,grayscale,matched_sparse_training,compact,compact,native_contrast,40,2,heldout_val,55000,10000,6c98fd8eabf7ead0d1f1e02dcdf88bff64f75c7a96412892ce7362ec6c2ac012,6c98fd8eabf7ead0d1f1e02dcdf88bff64f75c7a96412892ce7362ec6c2ac012,10b5d88b41cf99949b9cd4d519da31e2c01cfa2e44661171fe44c652aa32a69b,0.9892,0.26163333333333333,0.4766,,0.4173,0.047271363282203674
training_sparse_testing_sparse,mnist,swin_tiny,grayscale,matched_sparse_training,compact,compact,native_contrast,60,2,heldout_val,55000,10000,66bebac0c35f6a24ab82ec9aac3cabe1b8462f211a4d36a55e13712bd5bc6108,66bebac0c35f6a24ab82ec9aac3cabe1b8462f211a4d36a55e13712bd5bc6108,5caeef415ab08d2909f0db01f9fe77852e207416e86536e90f9581122caec24d,0.9911,0.31265333333333334,0.2574,,0.1965,0.03991000967025757
training_sparse_testing_sparse,mnist,swin_tiny,grayscale,matched_sparse_training,compact,compact,native_contrast,80,2,heldout_val,55000,10000,b2906c549c96b3b780d9f884b380a2679fe638c78cbbc288808b6d308cf225a4,b2906c549c96b3b780d9f884b380a2679fe638c78cbbc288808b6d308cf225a4,7f478c59f367dee52c10dc3fd8868f32b58d0950b4ca388e4cc2d4c503f85d7e,0.9886,0.40771999999999997,0.1858,,0.1401,0.05277876567840576
training_sparse_testing_sparse,mnist,swin_tiny,grayscale,original_dense_same_checkpoint,dense,dense,none,0,2,heldout_val,55000,10000,d702f30cdbb4eec392ad0ecc9abc4f74a4b031dc4dd9bd08fa1670b553a83e7d,d702f30cdbb4eec392ad0ecc9abc4f74a4b031dc4dd9bd08fa1670b553a83e7d,b0393e9d1c0e15b51559e628483e2ed496574409f6794199f61ad346d461af16,0.9904,0.2199266666666667,0.6538,,0.6037,0.03557662010192871
training_sparse_testing_sparse,cifar10,vit_small,raw,raw_dense_reference,dense,dense,none,0,0,heldout_val,45000,10000,7c4187c643b7e210dc769d4c2b2adebfd5bcb5c678051889a482ac9b2ab223ad,7c4187c643b7e210dc769d4c2b2adebfd5bcb5c678051889a482ac9b2ab223ad,a8369ed680009e45868b72c0316b8d39c74371d912ed437ff6bf9dc89488db33,0.7777,0.3540626666666667,0.71264,0.43132,0.56322,1.860163660621643
training_sparse_testing_sparse,cifar10,vit_small,single_color,matched_sparse_training,compact,compact,native_contrast,0,0,heldout_val,45000,10000,6c7693736966d05473089485333caa39f5ea9412a85f3bf823332cf637710930,6c7693736966d05473089485333caa39f5ea9412a85f3bf823332cf637710930,33444dbf27ccf9d09e9bc6815558429934b9b612bf912ef7c263e2fad03e2c1e,0.7644,0.48377733333333334,0.71646,0.4349,0.5963,1.9330886085510255
training_sparse_testing_sparse,cifar10,vit_small,single_color,matched_sparse_training,compact,compact,native_contrast,20,0,heldout_val,45000,10000,c4670a413934f75039f20da716b8e8bca90cb2078f1f7f4574fcc4da9f847a78,c4670a413934f75039f20da716b8e8bca90cb2078f1f7f4574fcc4da9f847a78,3b04706f206542321f54047343470e50139ab67df34328f540835fb5c746cc9f,0.7649,0.490536,0.71642,0.43320000000000003,0.59648,1.911236526489258
training_sparse_testing_sparse,cifar10,vit_small,single_color,matched_sparse_training,compact,compact,native_contrast,40,0,heldout_val,45000,10000,fbed7e14cdb939b4dd445cec0989a5835fa9d7e5265ab5cf46881fbf81257496,fbed7e14cdb939b4dd445cec0989a5835fa9d7e5265ab5cf46881fbf81257496,f2f7af8fdddd4fa86808fd2b98c3123334188e49581d06701c9b0f79ec0f93db,0.7428,0.5033306666666667,0.70414,0.40042,0.55558,2.085846964645386
training_sparse_testing_sparse,cifar10,vit_small,single_color,matched_sparse_training,compact,compact,native_contrast,60,0,heldout_val,45000,10000,b99121a8a510599415a0256f4675134454447e4151c70c8880244bf79aeedf62,b99121a8a510599415a0256f4675134454447e4151c70c8880244bf79aeedf62,b5d8387615f089fc3974b7b162af4ceda28d8b4eac0f741ee1c301cbb96a0510,0.7371,0.498464,0.702,0.39538,0.53608,2.056579434967041
training_sparse_testing_sparse,cifar10,vit_small,single_color,matched_sparse_training,compact,compact,native_contrast,80,0,heldout_val,45000,10000,166fbd858263a90642604376bb61d1bbf3d2075667477364b43dca12f48dcf52,166fbd858263a90642604376bb61d1bbf3d2075667477364b43dca12f48dcf52,86da869f2f8dd321421e619c4af599bdec90700777a911acfeaad0c806f0de1d,0.6603,0.547548,0.6128399999999999,0.36598,0.45864,2.7645984064102174
training_sparse_testing_sparse,cifar10,vit_small,grayscale,matched_sparse_training,compact,compact,native_contrast,0,0,heldout_val,45000,10000,d8153aabf4cb65d88719021088c63b073a6dbe7fc277fb8d0168b05fa2e6c297,d8153aabf4cb65d88719021088c63b073a6dbe7fc277fb8d0168b05fa2e6c297,5525bb3230ca1bd20fbb778be4c121a9cfef3bd270f0e4dae5015b2878d97c09,0.7636,0.49040933333333336,0.7370599999999999,0.46434000000000003,0.6078,1.876163963317871
training_sparse_testing_sparse,cifar10,vit_small,grayscale,matched_sparse_training,compact,compact,native_contrast,20,0,heldout_val,45000,10000,7d5e1eed468056e8098b8b82677543767152d4e15156a19909a1d97fcbc0de3f,7d5e1eed468056e8098b8b82677543767152d4e15156a19909a1d97fcbc0de3f,ae103d55885fec3c4e0e60c4e5fdb540ac0e98eed78f9ac7aab00a62f3706594,0.7831,0.4671186666666667,0.75844,0.48956,0.64298,1.6901516494750977
training_sparse_testing_sparse,cifar10,vit_small,grayscale,matched_sparse_training,compact,compact,native_contrast,40,0,heldout_val,45000,10000,987ff7d14714462180ba9834f8f80ff4a70d80b4e3072a21d4ff6a0e6d498d72,987ff7d14714462180ba9834f8f80ff4a70d80b4e3072a21d4ff6a0e6d498d72,d5761fda7714dc285278894c0e821f4ee4bde2b1bbf378966bb1f11aeba3f06e,0.7339,0.5131106666666667,0.70696,0.41058,0.5455,2.022603364086151
training_sparse_testing_sparse,cifar10,vit_small,grayscale,matched_sparse_training,compact,compact,native_contrast,60,0,heldout_val,45000,10000,4e457a136eb7808470549824ef62e9838b536697d530acd0f0ead5e6feb9bd8a,4e457a136eb7808470549824ef62e9838b536697d530acd0f0ead5e6feb9bd8a,8cf7cb4ed21e87a32ce66316a24626cbfc6d0f22ae0d89603806dac5f2f05b5a,0.6837,0.5481253333333334,0.65552,0.35846,0.4774,2.3375177444458006
training_sparse_testing_sparse,cifar10,vit_small,grayscale,matched_sparse_training,compact,compact,native_contrast,80,0,heldout_val,45000,10000,8ae702a77de0d3230234daca5722a31725e4692bbba1f0343127b1ecdf2c3e44,8ae702a77de0d3230234daca5722a31725e4692bbba1f0343127b1ecdf2c3e44,e6b286933b929b967362c366f23cf1ebb27d1adf79573d148aae2507c963cbce,0.5728,0.613032,0.5379,0.29548,0.34692,3.23060778503418
training_sparse_testing_sparse,cifar10,vit_small,color_opponency,matched_sparse_training,compact,compact,native_contrast,0,0,heldout_val,45000,10000,99f7c909026449286cc12765848d13762a5794607419dad2886453b87d1d5c2b,99f7c909026449286cc12765848d13762a5794607419dad2886453b87d1d5c2b,37de2ec99f0e84cc52750431e5e654b4c4548ea78d057a8d1e9f8503629dde4d,0.7801,0.4795,0.7247399999999999,0.46372,0.6297999999999999,1.7395924829483032
training_sparse_testing_sparse,cifar10,vit_small,color_opponency,matched_sparse_training,compact,compact,native_contrast,20,0,heldout_val,45000,10000,bb98205b7f111626b7cd37ca4c91c4bb0739f4db74566e95d172bcf13c6fddc5,bb98205b7f111626b7cd37ca4c91c4bb0739f4db74566e95d172bcf13c6fddc5,7cb424cf3494ce8e2a41fb472c100f70dce22b3dbb3124cbeff0180f7fad7a7d,0.7765,0.48058133333333336,0.71972,0.46118,0.6277,1.7518548553466797
training_sparse_testing_sparse,cifar10,vit_small,color_opponency,matched_sparse_training,compact,compact,native_contrast,40,0,heldout_val,45000,10000,21471ccdba042c02b3d5d3503d746943809bf08ccf044ad559fc531ec14f01ad,21471ccdba042c02b3d5d3503d746943809bf08ccf044ad559fc531ec14f01ad,f0c749118819553ece9b59ae249b0e85b2888d49f71005b684df53552071dc9e,0.7745,0.480292,0.72328,0.46484,0.63048,1.799601056289673
training_sparse_testing_sparse,cifar10,vit_small,color_opponency,matched_sparse_training,compact,compact,native_contrast,60,0,heldout_val,45000,10000,16fba2dacc1e4d674dea5708705b4c0944f6861dcc4fddb69ad32a5c5daba211,16fba2dacc1e4d674dea5708705b4c0944f6861dcc4fddb69ad32a5c5daba211,21cf8158de5ccfa839a73ebedbf0e62e3020353edc4642d130dfdf11936baff6,0.7624,0.49238933333333335,0.71252,0.4502,0.60204,1.9039573230743407
training_sparse_testing_sparse,cifar10,vit_small,color_opponency,matched_sparse_training,compact,compact,native_contrast,80,0,heldout_val,45000,10000,b529de2c92454468ed21f5cefa91725fff0bd0f2adcb75ae4183ce188d5a9e85,b529de2c92454468ed21f5cefa91725fff0bd0f2adcb75ae4183ce188d5a9e85,220599d1843b117814f72c95c2ed78c8bf8d90bcba236888fcf6805c6996accc,0.72,0.5140946666666667,0.68286,0.40306000000000003,0.5312,2.160854858112335
training_sparse_testing_sparse,cifar10,vit_small,single_color,original_dense_same_checkpoint,dense,dense,none,0,0,heldout_val,45000,10000,21106edd3e3e4f2bacc6e63f2d5b402c72aa4fea9caeb649aa226c4834d15dd4,21106edd3e3e4f2bacc6e63f2d5b402c72aa4fea9caeb649aa226c4834d15dd4,9fa97932cb6c84ca661c56235128961714203d1ebfd34d4c9142695a6361bacf,0.7383,0.50304,0.69316,0.4099,0.56466,2.136266752052307
training_sparse_testing_sparse,cifar10,vit_small,grayscale,original_dense_same_checkpoint,dense,dense,none,0,0,heldout_val,45000,10000,a85ea2d45003df5c622a0f517f11cef39eccc5391d7ae871c3debb3ebbde512b,a85ea2d45003df5c622a0f517f11cef39eccc5391d7ae871c3debb3ebbde512b,b63dea18ba04ebec90aa387b94608ae909f9951b5f93072d2366e170a7e899a5,0.7519,0.5017453333333334,0.71844,0.46216,0.59232,1.8723064483642577
training_sparse_testing_sparse,cifar10,vit_small,color_opponency,original_dense_same_checkpoint,dense,dense,none,0,0,heldout_val,45000,10000,5f4f12483d6bffcea9d7cf594bb3ec45773bd95c9d9e0c3a6157b8fe9f1eada4,5f4f12483d6bffcea9d7cf594bb3ec45773bd95c9d9e0c3a6157b8fe9f1eada4,6ac6ab6efa8fe9667b6cfec2b439c1a483d484602b0dfdb7f1697805bfb32d49,0.7768,0.48454933333333333,0.71694,0.46036,0.62726,1.7730438438415528
training_sparse_testing_sparse,cifar10,vit_small,raw,raw_dense_reference,dense,dense,none,0,1,heldout_val,45000,10000,4c7d3bdfe12fc4767b82d8a04998444f253fd482219117e5a74037bab11291e0,4c7d3bdfe12fc4767b82d8a04998444f253fd482219117e5a74037bab11291e0,51013aa13debf7716aa0c9fa9d431e2a16cb1727a003497460469b5e728eaeb4,0.7763,0.35752666666666666,0.71128,0.42586,0.557,1.8431512475967406
training_sparse_testing_sparse,cifar10,vit_small,single_color,matched_sparse_training,compact,compact,native_contrast,0,1,heldout_val,45000,10000,5b8311a8aa46bd6cecaf4f2417880a3188f162add0a4e0f721118609026ffbaa,5b8311a8aa46bd6cecaf4f2417880a3188f162add0a4e0f721118609026ffbaa,9c8bd1d942d5eebc735cbfd5c953e9e80365d176a194c9231b43ef9fc509a79c,0.7522,0.4966586666666667,0.70514,0.42874,0.59014,2.0717105995178224
training_sparse_testing_sparse,cifar10,vit_small,single_color,matched_sparse_training,compact,compact,native_contrast,20,1,heldout_val,45000,10000,6aae836090829851a98e24d1baef15a54ff539d12ae737a33d84114480ead5e6,6aae836090829851a98e24d1baef15a54ff539d12ae737a33d84114480ead5e6,7b6c179043f8c4f1c9a97646a9ecd1e5050428dc4527d3260e2be4fdf415b106,0.7462,0.4972893333333333,0.70262,0.42624,0.5845400000000001,2.08238131980896
training_sparse_testing_sparse,cifar10,vit_small,single_color,matched_sparse_training,compact,compact,native_contrast,40,1,heldout_val,45000,10000,9671dc059db8de4adbb63720c3ccca9178c82d8e451481b78c9a36c8f2692fea,9671dc059db8de4adbb63720c3ccca9178c82d8e451481b78c9a36c8f2692fea,6ec7ad93116942578598d1e0e765a579c287dc92c21534a38ffaf43eff79fd8c,0.7373,0.5005453333333333,0.69744,0.41422,0.56086,2.060804566001892
training_sparse_testing_sparse,cifar10,vit_small,single_color,matched_sparse_training,compact,compact,native_contrast,60,1,heldout_val,45000,10000,ccbe80cc2e6ba8455dd84a1d5b529d7decb47b12227008edd2d41abf9d439ef4,ccbe80cc2e6ba8455dd84a1d5b529d7decb47b12227008edd2d41abf9d439ef4,210652f2154acc60d8d075ea55047bdcca7da64e6a26b776e1a5787f02ab3cf3,0.7214,0.520628,0.67654,0.39492,0.51594,2.2284283630371093
training_sparse_testing_sparse,cifar10,vit_small,single_color,matched_sparse_training,compact,compact,native_contrast,80,1,heldout_val,45000,10000,52eb511c52bfdaab89dbdb70eeeb7905c06f4e09e42914b9770ee2b32c0c1cc0,52eb511c52bfdaab89dbdb70eeeb7905c06f4e09e42914b9770ee2b32c0c1cc0,abac2088e12f8676ed89a1838951f3461ec55c3b12a9d8d3b830fd3f6293f255,0.6592,0.5459733333333333,0.6126,0.3565,0.45478,2.740061745452881
training_sparse_testing_sparse,cifar10,vit_small,grayscale,matched_sparse_training,compact,compact,native_contrast,0,1,heldout_val,45000,10000,1cb558cf21abe66590c5eaae71c1dc43bc95345ed0a2f4ef3ff30b8c687cc5d2,1cb558cf21abe66590c5eaae71c1dc43bc95345ed0a2f4ef3ff30b8c687cc5d2,732d4a2c3a1c116592563e0a1d8079371f809743798db06af2996f6171bb5f8e,0.7745,0.479792,0.74734,0.47146,0.61846,1.8310493286132812
training_sparse_testing_sparse,cifar10,vit_small,grayscale,matched_sparse_training,compact,compact,native_contrast,20,1,heldout_val,45000,10000,8f8151d150f3bbb6d217d8e2f0ee414878de2499dfee592ac9a66eb662a26dac,8f8151d150f3bbb6d217d8e2f0ee414878de2499dfee592ac9a66eb662a26dac,86c40aed9ba39062446bcc45640cdf7aef4c35591738091fff47e55737cf9de0,0.7617,0.490732,0.73882,0.4565,0.60408,1.8490067733764648
training_sparse_testing_sparse,cifar10,vit_small,grayscale,matched_sparse_training,compact,compact,native_contrast,40,1,heldout_val,45000,10000,cdeed96d05f89e5d7d6a4eefd68c371eedff23132323dd59a7e748a3c513d41d,cdeed96d05f89e5d7d6a4eefd68c371eedff23132323dd59a7e748a3c513d41d,c9670b224a816c5f347a6e51c74bf23d036f5c385ede83170f2cc8efdbf02da7,0.7767,0.4599026666666667,0.75822,0.48358,0.6309400000000001,1.687863980293274
training_sparse_testing_sparse,cifar10,vit_small,grayscale,matched_sparse_training,compact,compact,native_contrast,60,1,heldout_val,45000,10000,75604d371dab166641531b37ece19c7bd98e91f5f446a61eb342a47e10961ded,75604d371dab166641531b37ece19c7bd98e91f5f446a61eb342a47e10961ded,a6798e554d7448692b9657c08ba301619231d9891f8c8853b1cc0421cd5e9481,0.6891,0.5345853333333334,0.66406,0.37226,0.48986,2.274599696350098
training_sparse_testing_sparse,cifar10,vit_small,grayscale,matched_sparse_training,compact,compact,native_contrast,80,1,heldout_val,45000,10000,81264c22ccb1f42d35db9137b6008f4b6eb932d87976312454ee580c899d9fc2,81264c22ccb1f42d35db9137b6008f4b6eb932d87976312454ee580c899d9fc2,8dce78df8a070d33fe1262d091a43d1c6283601b9a2dc627b31e7388fb18bb68,0.562,0.6168573333333334,0.52776,0.28674,0.34128000000000003,3.2388349020004275
training_sparse_testing_sparse,cifar10,vit_small,color_opponency,matched_sparse_training,compact,compact,native_contrast,0,1,heldout_val,45000,10000,99deaa756701bf9031d92eaf19f5f483f1def9a730a2598be89f43bb48f7060f,99deaa756701bf9031d92eaf19f5f483f1def9a730a2598be89f43bb48f7060f,cc6c4ff852a89054d605a64dc0da897019275dfbee1773e7b12502eea47dc741,0.7847,0.47640666666666664,0.72384,0.46808,0.63624,1.7065219253540038
training_sparse_testing_sparse,cifar10,vit_small,color_opponency,matched_sparse_training,compact,compact,native_contrast,20,1,heldout_val,45000,10000,56b3a212fa5fc51d722979e11c3ae5b46a1bae8f3012660be5dc41cc5b7b6ae9,56b3a212fa5fc51d722979e11c3ae5b46a1bae8f3012660be5dc41cc5b7b6ae9,6c5aa9341172057424f378e54dff4948460578f97098b013dcae3634d31b412f,0.7851,0.476512,0.7303000000000001,0.47192,0.63728,1.709194827079773
training_sparse_testing_sparse,cifar10,vit_small,color_opponency,matched_sparse_training,compact,compact,native_contrast,40,1,heldout_val,45000,10000,eb25560a4323d75ca11aeff02b33bc9bdf78d059c30362da46575cd538eee785,eb25560a4323d75ca11aeff02b33bc9bdf78d059c30362da46575cd538eee785,61882c0311d3b670f110f22e6b9ec0aa6207381c1237f306c6ebdeeb1b920dcd,0.7776,0.4866453333333333,0.71944,0.45552,0.62604,1.7638769231796265
training_sparse_testing_sparse,cifar10,vit_small,color_opponency,matched_sparse_training,compact,compact,native_contrast,60,1,heldout_val,45000,10000,52de4017ce7cac17154c3b7d63defea9063a9566e581864daafcc99ad1034c72,52de4017ce7cac17154c3b7d63defea9063a9566e581864daafcc99ad1034c72,32609c58f7786bcace52151e448046d5342bff0773c0ef3c5f6386bcc3e256f3,0.7578,0.49604133333333333,0.70964,0.44086000000000003,0.59516,1.9360200916290282
training_sparse_testing_sparse,cifar10,vit_small,color_opponency,matched_sparse_training,compact,compact,native_contrast,80,1,heldout_val,45000,10000,25a5f4fb5a1af2896e1afcc71e99fc62003294710285fa7d8f38146005d258c3,25a5f4fb5a1af2896e1afcc71e99fc62003294710285fa7d8f38146005d258c3,50e0e3e714ba23292af4a4b81e89c474dfbe2f926c0600d64110067fe9c807ea,0.7271,0.510712,0.68704,0.41712,0.54308,2.121104732322693
training_sparse_testing_sparse,cifar10,vit_small,single_color,original_dense_same_checkpoint,dense,dense,none,0,1,heldout_val,45000,10000,9d853016cf8c900c62cb6c6fdbb4066bf90a2b4e590901146e2ce65b1ff53407,9d853016cf8c900c62cb6c6fdbb4066bf90a2b4e590901146e2ce65b1ff53407,a14ddc5c19aa65cee18f9e67214fec43fad92bbdd3ee9a459ac0341fe3f3731c,0.7279,0.5134266666666667,0.6885,0.40981999999999996,0.5604,2.171704574775696
training_sparse_testing_sparse,cifar10,vit_small,grayscale,original_dense_same_checkpoint,dense,dense,none,0,1,heldout_val,45000,10000,d7e8fdda42566a324d96a826a9de4a76f4bdb3fc5fbad219abd2eae4c9fd66e0,d7e8fdda42566a324d96a826a9de4a76f4bdb3fc5fbad219abd2eae4c9fd66e0,b0ee16f423c590c7b2825b45a2197bc867f6dc9afd6aafdf9bd17b05322b1253,0.7645,0.48284933333333335,0.73646,0.47193999999999997,0.6108,1.8061179431915284
training_sparse_testing_sparse,cifar10,vit_small,color_opponency,original_dense_same_checkpoint,dense,dense,none,0,1,heldout_val,45000,10000,932c27b89cd0950a4d8e0cf80edeb8218002979d0cc0de920e0747d6bc48477f,932c27b89cd0950a4d8e0cf80edeb8218002979d0cc0de920e0747d6bc48477f,68d86b6eaac4b9181759fdf74d2ba1e58dec9a64c6c46a337f12d54d2ef69294,0.7814,0.49194533333333335,0.72584,0.44248,0.61646,1.7713976165771483
training_sparse_testing_sparse,cifar10,vit_small,raw,raw_dense_reference,dense,dense,none,0,2,heldout_val,45000,10000,f7fb9a510b03eacfb343f58adc54100633e5769550039ff5fdc3b510e3c521d4,f7fb9a510b03eacfb343f58adc54100633e5769550039ff5fdc3b510e3c521d4,92f9655eb068a90ffb82799f9d4939a1b20fefa95c7967c571e933859172321e,0.7891,0.35519866666666666,0.71948,0.43151999999999996,0.5752999999999999,1.7380864791870116
training_sparse_testing_sparse,cifar10,vit_small,single_color,matched_sparse_training,compact,compact,native_contrast,0,2,heldout_val,45000,10000,efcf0e6ea6fbacf210b9d43c1351af75ddaf98f8c1dac80575d3593f5ddcb72e,efcf0e6ea6fbacf210b9d43c1351af75ddaf98f8c1dac80575d3593f5ddcb72e,3fd91e2eda56a286994526f35b5dec72d05b5c1513e50fd3381168829ede49c7,0.7683,0.48482000000000003,0.7226,0.43942,0.59644,1.9126146556854249
training_sparse_testing_sparse,cifar10,vit_small,single_color,matched_sparse_training,compact,compact,native_contrast,20,2,heldout_val,45000,10000,d06e370935029ca4f5586f18fb2341c2bed56ea86742e1213f5816b4c8f0b978,d06e370935029ca4f5586f18fb2341c2bed56ea86742e1213f5816b4c8f0b978,2bc4ba3cf61fde25b8c4adbe8ebdcaa17817a2c76a0743f887c1ccea0412b209,0.7699,0.48614,0.72914,0.44394,0.6066,1.8454222198486327
training_sparse_testing_sparse,cifar10,vit_small,single_color,matched_sparse_training,compact,compact,native_contrast,40,2,heldout_val,45000,10000,b3cd7011025e9877bae6b20ffd81c5065a278eef963143be40ade4203044980a,b3cd7011025e9877bae6b20ffd81c5065a278eef963143be40ade4203044980a,74198e90d6da9d5f35344bcea443832037320c8e92ad16517980843f41ed811c,0.7722,0.4843786666666667,0.72606,0.44378,0.60422,1.8264828077316284
training_sparse_testing_sparse,cifar10,vit_small,single_color,matched_sparse_training,compact,compact,native_contrast,60,2,heldout_val,45000,10000,20280fb9e42afc8a1f1bbb7efe771272b225482987c80798888ab5c0d372b2a6,20280fb9e42afc8a1f1bbb7efe771272b225482987c80798888ab5c0d372b2a6,e0fbc3f7f501ed286064c262bd64de4ed71ad8ac02e7a949433b46952dfc6c63,0.7275,0.5099306666666666,0.68604,0.40428,0.533,2.1831229036331177
training_sparse_testing_sparse,cifar10,vit_small,single_color,matched_sparse_training,compact,compact,native_contrast,80,2,heldout_val,45000,10000,fa071b64f4f57ed0d4f2929c4b6650df78b39743f563e0e7838a5303eb8c18ad,fa071b64f4f57ed0d4f2929c4b6650df78b39743f563e0e7838a5303eb8c18ad,cd5ca4e3dc809ce86557a861fdeac9d9b182e84a50feb22898aff8b16516b7e4,0.6597,0.5444,0.6107,0.3517,0.45038,2.802019518280029
training_sparse_testing_sparse,cifar10,vit_small,grayscale,matched_sparse_training,compact,compact,native_contrast,0,2,heldout_val,45000,10000,1e6a019be8f0ef3e57160a24647434471ef680b66664510ffb32b03c5490a20a,1e6a019be8f0ef3e57160a24647434471ef680b66664510ffb32b03c5490a20a,419b5bb3a9a427d926a6310430e09d188260807d9d1dad2bd5df3489496b119c,0.769,0.4840506666666667,0.73624,0.45955999999999997,0.6092599999999999,1.8242329040527343
training_sparse_testing_sparse,cifar10,vit_small,grayscale,matched_sparse_training,compact,compact,native_contrast,20,2,heldout_val,45000,10000,0d67a0b124ac7fb434ddbe65ce9638216e0677f88b68fcee61dc05072e136d85,0d67a0b124ac7fb434ddbe65ce9638216e0677f88b68fcee61dc05072e136d85,b41864cc7c5266e20bf21e84e2569ea25327595a0dfe3557d2382671be55c26a,0.7675,0.49221333333333334,0.74326,0.44868,0.60372,1.8043347352027892
training_sparse_testing_sparse,cifar10,vit_small,grayscale,matched_sparse_training,compact,compact,native_contrast,40,2,heldout_val,45000,10000,799cecdbd75d6da4eda9fba1c73a5364a2abbc342e7424752016584a489daf10,799cecdbd75d6da4eda9fba1c73a5364a2abbc342e7424752016584a489daf10,c280549878280e8e59a41d2c93380769b52ae2165288b28f950105cb33d91e3f,0.7389,0.5059773333333333,0.7165,0.42238,0.56576,1.9908770963668823
training_sparse_testing_sparse,cifar10,vit_small,grayscale,matched_sparse_training,compact,compact,native_contrast,60,2,heldout_val,45000,10000,4591a63d77caf41996360a297a310d98ea037e628e2d0242d341e0e47b435406,4591a63d77caf41996360a297a310d98ea037e628e2d0242d341e0e47b435406,7d214cb5c5b8fe555f42890ec18f2dd05e46a382c93cbef686c19b52c08a5bb4,0.6793,0.5466946666666667,0.6491,0.35542,0.46576,2.321782391738892
training_sparse_testing_sparse,cifar10,vit_small,grayscale,matched_sparse_training,compact,compact,native_contrast,80,2,heldout_val,45000,10000,6c3f272e99294ee5ba5e40fe71dfd2acfefe2c9f0bccf5517a30db0760662d1e,6c3f272e99294ee5ba5e40fe71dfd2acfefe2c9f0bccf5517a30db0760662d1e,941f2efec201e3e269e0aa94474bd8ca89027c01189f10cbde2561032ccc8a21,0.5694,0.6156933333333333,0.53548,0.29246,0.34049999999999997,3.162631021308899
training_sparse_testing_sparse,cifar10,vit_small,color_opponency,matched_sparse_training,compact,compact,native_contrast,0,2,heldout_val,45000,10000,edbd0b42c97be7489069dbd819c8f23a700a9314a9e14ff2910f5d28a9b9fff0,edbd0b42c97be7489069dbd819c8f23a700a9314a9e14ff2910f5d28a9b9fff0,256c9aba780e83006c9b4051eb71e7675e73ec3353ddf4c9b36cc6d6a8f81b13,0.7721,0.48888933333333334,0.71994,0.45048,0.62018,1.847222004699707
training_sparse_testing_sparse,cifar10,vit_small,color_opponency,matched_sparse_training,compact,compact,native_contrast,20,2,heldout_val,45000,10000,f16a6d687567051d5312ae8697b358d8ad72d02a6d7ae5b8b677357761432e76,f16a6d687567051d5312ae8697b358d8ad72d02a6d7ae5b8b677357761432e76,2bb12bc8e7522b328ef5ef7edccb4fb611563e69b5a41e37566118bb4c188ea2,0.7768,0.485176,0.71926,0.45698,0.62716,1.7937189682006836
training_sparse_testing_sparse,cifar10,vit_small,color_opponency,matched_sparse_training,compact,compact,native_contrast,40,2,heldout_val,45000,10000,ab3c4dc9d63bb4fe92db1d0e5e54cefa65b9a9ba35273d1313295e12ed78a1ca,ab3c4dc9d63bb4fe92db1d0e5e54cefa65b9a9ba35273d1313295e12ed78a1ca,7b3cce0677b72992f01f68286ce6c6170684d4d5dfd5c2f173488b719f3d4ab8,0.7738,0.48507866666666666,0.72104,0.45736,0.62366,1.800809084701538
training_sparse_testing_sparse,cifar10,vit_small,color_opponency,matched_sparse_training,compact,compact,native_contrast,60,2,heldout_val,45000,10000,3c954bc8471580bdbb74fa8634be52293e6e79aa339871ffedee27080ffd63a9,3c954bc8471580bdbb74fa8634be52293e6e79aa339871ffedee27080ffd63a9,6ddc4001fa2ba3e4dd2acfa9efa225af29f375159dedb99b64cca8759fb53fcb,0.7631,0.499688,0.71388,0.43896,0.59672,1.9036557723999024
training_sparse_testing_sparse,cifar10,vit_small,color_opponency,matched_sparse_training,compact,compact,native_contrast,80,2,heldout_val,45000,10000,8a26defdf430eb4576e14b8d07f6534a975c281d26fbb6884d6ca1e8962acb0b,8a26defdf430eb4576e14b8d07f6534a975c281d26fbb6884d6ca1e8962acb0b,96db31b165a70455b9ed2548373fcfeae852ac225a25a63e43150a905262842b,0.7139,0.524156,0.67776,0.4089,0.53054,2.158534414100647
training_sparse_testing_sparse,cifar10,vit_small,single_color,original_dense_same_checkpoint,dense,dense,none,0,2,heldout_val,45000,10000,0048945a41186e84bd9e2fddc350b109f7fc7d0ab9786cc2614ad863dcd3932d,0048945a41186e84bd9e2fddc350b109f7fc7d0ab9786cc2614ad863dcd3932d,2eeae4368927974e6744ec6a28e73efe04d841b8697a1cbf46ddb4dd42514b7a,0.7563,0.499012,0.71182,0.4287,0.58684,1.967046268081665
training_sparse_testing_sparse,cifar10,vit_small,grayscale,original_dense_same_checkpoint,dense,dense,none,0,2,heldout_val,45000,10000,57aecea7ce2e2ba0f3404e42f970fcec3c6f73efde39eb408ed4d1b37f5ff27e,57aecea7ce2e2ba0f3404e42f970fcec3c6f73efde39eb408ed4d1b37f5ff27e,7babc96121d5f89850cbcc509af4ec2f9ce5f8ca5fa941133ff06758c159091f,0.7738,0.485788,0.74232,0.4589,0.6084,1.7836207852363586
training_sparse_testing_sparse,cifar10,vit_small,color_opponency,original_dense_same_checkpoint,dense,dense,none,0,2,heldout_val,45000,10000,95098ae3219490a88cb3ac9569058867924a2e4a1c10b8361d682fdf4b8cf085,95098ae3219490a88cb3ac9569058867924a2e4a1c10b8361d682fdf4b8cf085,5996a511e29f768e94b52050b63e86d5c734908cfb89f071a0215dee0cf9ac41,0.7809,0.48401333333333335,0.7277,0.461,0.6287,1.7810570041656495
training_sparse_testing_sparse,cifar10,swin_tiny,raw,raw_dense_reference,dense,dense,none,0,0,heldout_val,45000,10000,363a20a908c002877df662a4056014539f035a093e44af785d735cab741acd66,363a20a908c002877df662a4056014539f035a093e44af785d735cab741acd66,3292edaad6d1f81f87a8b508f23007e265f1506e12d81c7b47715ededb9a6546,0.8775,0.30850266666666665,0.8431,0.59274,0.73174,0.6308084823608399
training_sparse_testing_sparse,cifar10,swin_tiny,single_color,matched_sparse_training,compact,compact,native_contrast,0,0,heldout_val,45000,10000,47afb6c98df5d1d410db077fb22fb3af086b2ec839ded2a38c17732e59aacffb,47afb6c98df5d1d410db077fb22fb3af086b2ec839ded2a38c17732e59aacffb,bb46a33dc8b69af65d8ca279b87ff17d18ff06059ac0030c0397ad03669c839c,0.8744,0.39261466666666667,0.8442999999999999,0.62144,0.7889,0.609525244140625
training_sparse_testing_sparse,cifar10,swin_tiny,single_color,matched_sparse_training,compact,compact,native_contrast,20,0,heldout_val,45000,10000,3ff918e51e1c59b620c2d7ba0358dede44e63a13189d0837d85f3f866d598fa4,3ff918e51e1c59b620c2d7ba0358dede44e63a13189d0837d85f3f866d598fa4,4c5a0f55013468ca9d9c62f3c8b17f759467f9fb96f898903712daf2eb628a01,0.8663,0.399456,0.8417,0.61652,0.78196,0.6500401016235352
training_sparse_testing_sparse,cifar10,swin_tiny,single_color,matched_sparse_training,compact,compact,native_contrast,40,0,heldout_val,45000,10000,28bc57f1ba68118cbff976772aca6f2bb3b8d5ae3c77fc85c6e115831b1b3704,28bc57f1ba68118cbff976772aca6f2bb3b8d5ae3c77fc85c6e115831b1b3704,d747f199665abc1c982ce2e2fd19e230223c4549d8fa25358a0901dae71d3b6b,0.8609,0.40394,0.83692,0.6011799999999999,0.7669,0.6345134460449219
training_sparse_testing_sparse,cifar10,swin_tiny,single_color,matched_sparse_training,compact,compact,native_contrast,60,0,heldout_val,45000,10000,7e94b9d78550103ab44ffa2ce7dbdd3013b10efd76234d86dfea1145200ffbb6,7e94b9d78550103ab44ffa2ce7dbdd3013b10efd76234d86dfea1145200ffbb6,d296cf29a3803c30f9458cf5339abd55cfc64a6460e954819bc4e409ea813377,0.8339,0.41456133333333334,0.81062,0.57146,0.7281,0.7724449768066406
training_sparse_testing_sparse,cifar10,swin_tiny,single_color,matched_sparse_training,compact,compact,native_contrast,80,0,heldout_val,45000,10000,c30d23991cea23d3cdb2e99eb680527762eedc7cedb527748a8bcd470a294f98,c30d23991cea23d3cdb2e99eb680527762eedc7cedb527748a8bcd470a294f98,2ab53821bb4d4f4f3a28cf136187ef4eb3f195a3da62013118b5a4e2f8be4e96,0.7358,0.4918346666666667,0.69856,0.43028,0.5515599999999999,1.2340639831542968
training_sparse_testing_sparse,cifar10,swin_tiny,grayscale,matched_sparse_training,compact,compact,native_contrast,0,0,heldout_val,45000,10000,50ce11aa508fbda1645304f82cff6ba2768820828da7229937b68d2253a54a2d,50ce11aa508fbda1645304f82cff6ba2768820828da7229937b68d2253a54a2d,71871ed8857981958b2a6b9df5f131d33fe3c006b362f05353a506a36ed60600,0.8344,0.43335866666666667,0.81622,0.60464,0.7344,0.6547929107666015
training_sparse_testing_sparse,cifar10,swin_tiny,grayscale,matched_sparse_training,compact,compact,native_contrast,20,0,heldout_val,45000,10000,63b1bc3a0c42a3b3aaff78774692a76dd95a9c1b9bf04f5530d0d8956675f4cb,63b1bc3a0c42a3b3aaff78774692a76dd95a9c1b9bf04f5530d0d8956675f4cb,53054d7f9bb5caa4fba32a585539b0e69c1699d96888504bb29c3313d884aff1,0.8304,0.43528,0.8130000000000001,0.60844,0.73308,0.6977647689819336
training_sparse_testing_sparse,cifar10,swin_tiny,grayscale,matched_sparse_training,compact,compact,native_contrast,40,0,heldout_val,45000,10000,3d9d1198c1d21adf8718e204103cd50b518ec2c62fb438336d6ac5a7b7aaef15,3d9d1198c1d21adf8718e204103cd50b518ec2c62fb438336d6ac5a7b7aaef15,32e913a2c0b28f24d974fae1f176001df9407c474082a25237637a4c25441288,0.8232,0.44027733333333335,0.80592,0.5736,0.71852,0.6831059432983398
training_sparse_testing_sparse,cifar10,swin_tiny,grayscale,matched_sparse_training,compact,compact,native_contrast,60,0,heldout_val,45000,10000,6ad30a87eb1d2dbd01e987b0b120372945194a615df65f8e173c834faaef258d,6ad30a87eb1d2dbd01e987b0b120372945194a615df65f8e173c834faaef258d,ec2573c8d5c4300a10667bfbd9aff490c3f6ff9ea8dd4fdbacb2fb0a5679efcc,0.801,0.443228,0.78184,0.53894,0.6812199999999999,0.8412659423828125
training_sparse_testing_sparse,cifar10,swin_tiny,grayscale,matched_sparse_training,compact,compact,native_contrast,80,0,heldout_val,45000,10000,c24e4e774fb12af72fdec1a6adfc331728a7509d2133a6f0ff6b3cac967f725e,c24e4e774fb12af72fdec1a6adfc331728a7509d2133a6f0ff6b3cac967f725e,e922df3d8de244f520cad1bc7c8fbe5bedba3ed197fb7ea5989a1f28703fa9fd,0.6655,0.54184,0.63684,0.37748,0.4536,1.2476158966064452
training_sparse_testing_sparse,cifar10,swin_tiny,color_opponency,matched_sparse_training,compact,compact,native_contrast,0,0,heldout_val,45000,10000,9d7e36c17a1b11431ddd5983e97333bbd9ef686bcc465342daf9c8ec1bd83b95,9d7e36c17a1b11431ddd5983e97333bbd9ef686bcc465342daf9c8ec1bd83b95,a1588df6cc4aa446ef6729c07ec425d9f89c93cfbeb71b723f0b336b231ea48d,0.8654,0.4039026666666667,0.83696,0.6244999999999999,0.78548,0.6432435119628906
training_sparse_testing_sparse,cifar10,swin_tiny,color_opponency,matched_sparse_training,compact,compact,native_contrast,20,0,heldout_val,45000,10000,c2943bf2438160a8d47afedf72f1b1ad5e54fcc803a844b9d960651eafe98968,c2943bf2438160a8d47afedf72f1b1ad5e54fcc803a844b9d960651eafe98968,e8176b551888f32ff5fd7b65d6876fdb749b1eb0045700a60809af97ca139d5d,0.869,0.40013866666666664,0.84066,0.62152,0.78748,0.6344968460083008
training_sparse_testing_sparse,cifar10,swin_tiny,color_opponency,matched_sparse_training,compact,compact,native_contrast,40,0,heldout_val,45000,10000,bc64c4593c754e59d18388f527031e17ba3c0a37055689a20d10bfd90f515a90,bc64c4593c754e59d18388f527031e17ba3c0a37055689a20d10bfd90f515a90,55143ef7a6db8a527d33fa2ea534bde042402e1b6124282f949da7206de5d1ba,0.8624,0.4046653333333333,0.83496,0.61588,0.77938,0.6596018920898438
training_sparse_testing_sparse,cifar10,swin_tiny,color_opponency,matched_sparse_training,compact,compact,native_contrast,60,0,heldout_val,45000,10000,a2c19c542efb2a485cb309def93e63cd8eeff107496181764e7965707ad43939,a2c19c542efb2a485cb309def93e63cd8eeff107496181764e7965707ad43939,66d0f5b92cebac275f8729b0d65e6af29e6eca0d5767773b05dba1dcd4010999,0.8522,0.41629866666666665,0.82354,0.5915199999999999,0.75334,0.6914937072753906
training_sparse_testing_sparse,cifar10,swin_tiny,color_opponency,matched_sparse_training,compact,compact,native_contrast,80,0,heldout_val,45000,10000,0965969005eefafacf236fcb3e9abe5ecce2e410edd34cb1f5c28ca46f2a6362,0965969005eefafacf236fcb3e9abe5ecce2e410edd34cb1f5c28ca46f2a6362,3d1a91f0ef8899a28f79c7a3bb14d54061080762398ca2eaf6d10bbeb618b619,0.8301,0.43560933333333335,0.80406,0.5587799999999999,0.7198,0.7282361312866211
training_sparse_testing_sparse,cifar10,swin_tiny,single_color,original_dense_same_checkpoint,dense,dense,none,0,0,heldout_val,45000,10000,d7dbc9322ece1a8ca3588f385689a3b8bf48811a6d424ea58af3b9fcd16c1017,d7dbc9322ece1a8ca3588f385689a3b8bf48811a6d424ea58af3b9fcd16c1017,74fce3b1d058b6cf57055516ceb85d442b7674eddb8950f5244b3a22cc35862f,0.8704,0.3906173333333333,0.84406,0.61468,0.78562,0.6191269973754883
training_sparse_testing_sparse,cifar10,swin_tiny,grayscale,original_dense_same_checkpoint,dense,dense,none,0,0,heldout_val,45000,10000,a4571968ae213501963e9bd8fc12069eaca2c92a4b292e37c54d8d4855368650,a4571968ae213501963e9bd8fc12069eaca2c92a4b292e37c54d8d4855368650,6044ca36b20c6e4930631bf254bbc49c2a6d007c28c6dad2e64d93d48d9ee944,0.8341,0.4356293333333333,0.81718,0.59494,0.72866,0.6791179290771484
training_sparse_testing_sparse,cifar10,swin_tiny,color_opponency,original_dense_same_checkpoint,dense,dense,none,0,0,heldout_val,45000,10000,4cab161dfa8f57ac6a963584e4f73127a9326055018cbb451c16e411d6862a04,4cab161dfa8f57ac6a963584e4f73127a9326055018cbb451c16e411d6862a04,fab9441233ae76a1b48e0b353942c30293499e8a2d4c2e9c062d73159e012032,0.8699,0.398308,0.8389800000000001,0.61988,0.78756,0.6180493225097656
training_sparse_testing_sparse,cifar10,swin_tiny,raw,raw_dense_reference,dense,dense,none,0,1,heldout_val,45000,10000,25dce42cd09b6f9f3b01cd41b55dcacac527a281d2640b15b6c3f9e95ea47743,25dce42cd09b6f9f3b01cd41b55dcacac527a281d2640b15b6c3f9e95ea47743,fe659f7e7cc2bcded57c75ed5272930ea1d37c77549aaf2b6da6e7cb4dbf548b,0.8766,0.3134613333333333,0.84036,0.6009,0.73898,0.6394003890991211
training_sparse_testing_sparse,cifar10,swin_tiny,single_color,matched_sparse_training,compact,compact,native_contrast,0,1,heldout_val,45000,10000,103825ae79d02e38f82108503bfd3c652b1cc9eae70f48b67a1fa4858712b161,103825ae79d02e38f82108503bfd3c652b1cc9eae70f48b67a1fa4858712b161,b09d4231758cdc5f742a95c959b174a73f72e7eb7b5430e9f522d4a83a67b028,0.8705,0.393172,0.84234,0.61962,0.78428,0.613202033996582
training_sparse_testing_sparse,cifar10,swin_tiny,single_color,matched_sparse_training,compact,compact,native_contrast,20,1,heldout_val,45000,10000,17f6ebdad2c7b316c01fc62283e584f073f74ba1f61f9cd19feab50c2906b128,17f6ebdad2c7b316c01fc62283e584f073f74ba1f61f9cd19feab50c2906b128,e304de9ace3c0b62a973d4ebad9039c69aedc225fd7b1f7386161d079b29c71a,0.8695,0.397028,0.84074,0.62412,0.7857,0.6195670211791993
training_sparse_testing_sparse,cifar10,swin_tiny,single_color,matched_sparse_training,compact,compact,native_contrast,40,1,heldout_val,45000,10000,213fb30df9f0869982227e05ccee21f8f4b56c24e7912850623f1f3db66e5985,213fb30df9f0869982227e05ccee21f8f4b56c24e7912850623f1f3db66e5985,5693bd13c010f0f0099c8fc83b70e5fb75a0c6e907509f6fd2b4f67391023da9,0.8581,0.3999626666666667,0.83194,0.60544,0.76542,0.6693118682861328
training_sparse_testing_sparse,cifar10,swin_tiny,single_color,matched_sparse_training,compact,compact,native_contrast,60,1,heldout_val,45000,10000,ee90558a3c277a70c080e7db1966bc109bda31675eeb4f06809cb8f1179731e5,ee90558a3c277a70c080e7db1966bc109bda31675eeb4f06809cb8f1179731e5,b2751fac7d6d007dd60094fdf63a92e76c874916bc813ecd7ae977af1367c661,0.8331,0.42403599999999997,0.80986,0.56208,0.72082,0.7748935363769531
training_sparse_testing_sparse,cifar10,swin_tiny,single_color,matched_sparse_training,compact,compact,native_contrast,80,1,heldout_val,45000,10000,2c7123d34c4aa0b6f1e2392b8a5ac02f347ee77bff16cdf337f53fe941b42a50,2c7123d34c4aa0b6f1e2392b8a5ac02f347ee77bff16cdf337f53fe941b42a50,79c8ada884f35a640a477e748084b63e79b80ba4cda6d54d8aaf2e823e6ff82f,0.7388,0.49042933333333333,0.70356,0.43398000000000003,0.55762,1.1959574157714843
training_sparse_testing_sparse,cifar10,swin_tiny,grayscale,matched_sparse_training,compact,compact,native_contrast,0,1,heldout_val,45000,10000,8eaa020f8ebfc4944bec1cc2713e5c43e822c5257e932a6cc991f4ec70d78e8d,8eaa020f8ebfc4944bec1cc2713e5c43e822c5257e932a6cc991f4ec70d78e8d,13220bfdc33c9cf4650dd73e3a4527dfa123dcc569d5483e392ee4d87a3a871e,0.8314,0.43774266666666667,0.81398,0.59516,0.7307,0.7022101776123046
training_sparse_testing_sparse,cifar10,swin_tiny,grayscale,matched_sparse_training,compact,compact,native_contrast,20,1,heldout_val,45000,10000,b437f1e51a0a2e467f1ef95aa484db19c9d158bc4ace1da5a5512c9bfe4199a0,b437f1e51a0a2e467f1ef95aa484db19c9d158bc4ace1da5a5512c9bfe4199a0,2c7aeffe4cd36d416afaf6d777443c19328416e490e8f34352182036beb4c573,0.8329,0.43716933333333335,0.81378,0.59412,0.7297399999999999,0.6993688903808594
training_sparse_testing_sparse,cifar10,swin_tiny,grayscale,matched_sparse_training,compact,compact,native_contrast,40,1,heldout_val,45000,10000,904bbbd46f6083873215e51290adabdd04c88a0278372011c63f9239a92d87ba,904bbbd46f6083873215e51290adabdd04c88a0278372011c63f9239a92d87ba,77d3283c6cce352b647cba6c322842a642f81efc6b92d41a94be47865691ee13,0.8278,0.43268266666666666,0.80836,0.57652,0.725,0.7342203964233398
training_sparse_testing_sparse,cifar10,swin_tiny,grayscale,matched_sparse_training,compact,compact,native_contrast,60,1,heldout_val,45000,10000,eaf9cbda19b693bf797585b3034eaa99051eed942fcba224fc390a5d90513e1c,eaf9cbda19b693bf797585b3034eaa99051eed942fcba224fc390a5d90513e1c,b02e196ba07af5d25c2ed8e349cb83341cdc8d4ba6b78749d0d74d305f15e8fc,0.7941,0.44339866666666666,0.7823599999999999,0.54958,0.6819,0.8547934616088867
training_sparse_testing_sparse,cifar10,swin_tiny,grayscale,matched_sparse_training,compact,compact,native_contrast,80,1,heldout_val,45000,10000,51a6295ed8f0e2aad411cffc600df88c3d90531ce2481bb4fd402ce0c3452862,51a6295ed8f0e2aad411cffc600df88c3d90531ce2481bb4fd402ce0c3452862,6072ebf91e28b09b3a444352d43f9d7aca9882149194e075bef9f29e28668f52,0.6717,0.5389933333333333,0.6419,0.37036,0.45342,1.3121894805908203
training_sparse_testing_sparse,cifar10,swin_tiny,color_opponency,matched_sparse_training,compact,compact,native_contrast,0,1,heldout_val,45000,10000,c403b99bf33af770f40ecb7d3c76bcc4102ff526634f91617ca65592a08e1165,c403b99bf33af770f40ecb7d3c76bcc4102ff526634f91617ca65592a08e1165,238361a79e91c52e2fd36d712b98e970b6286e5316b2293833aade616d11c014,0.8672,0.4014026666666667,0.83938,0.6286,0.79248,0.6519818649291992
training_sparse_testing_sparse,cifar10,swin_tiny,color_opponency,matched_sparse_training,compact,compact,native_contrast,20,1,heldout_val,45000,10000,6ed6fb0d32c5942ea970f4537233afe933e152820945a8acdac74927060d5e7e,6ed6fb0d32c5942ea970f4537233afe933e152820945a8acdac74927060d5e7e,1cc1f458bbf24b533c0974b8d1bd72f00f5f1c587241a9bfe9682ddf2d4ee750,0.8671,0.3974973333333333,0.83754,0.62268,0.78474,0.6312443420410156
training_sparse_testing_sparse,cifar10,swin_tiny,color_opponency,matched_sparse_training,compact,compact,native_contrast,40,1,heldout_val,45000,10000,2c0520a1652caff463b78ce648fdad951d2ae2de86487d904bea1eca66a8adbe,2c0520a1652caff463b78ce648fdad951d2ae2de86487d904bea1eca66a8adbe,629b4a129b130c5b5dc002d316efbb8034062dfc13830708432dd1e52f1dfffb,0.8647,0.401052,0.83552,0.6199,0.78282,0.645519677734375
training_sparse_testing_sparse,cifar10,swin_tiny,color_opponency,matched_sparse_training,compact,compact,native_contrast,60,1,heldout_val,45000,10000,de02f53947b1f4f8b40e4fcf682dd957e3f4737c7183a041171c244514a2d1cb,de02f53947b1f4f8b40e4fcf682dd957e3f4737c7183a041171c244514a2d1cb,6b318a95f36426e6142de62eea97a62645815625c3fe36f822e16156194409ec,0.8511,0.4198266666666667,0.8231,0.5947,0.7583799999999999,0.6665676895141601
training_sparse_testing_sparse,cifar10,swin_tiny,color_opponency,matched_sparse_training,compact,compact,native_contrast,80,1,heldout_val,45000,10000,1bf28c1134a6a1ddcf23621e358c36b29d3cb864f72255aa95c560d885c16f3c,1bf28c1134a6a1ddcf23621e358c36b29d3cb864f72255aa95c560d885c16f3c,1c3c072e886f8942f4995a77a072ca9f37f8a6f0bcf9909faaea65e3b1b514b5,0.8273,0.434908,0.80242,0.55928,0.7202999999999999,0.7296402709960937
training_sparse_testing_sparse,cifar10,swin_tiny,single_color,original_dense_same_checkpoint,dense,dense,none,0,1,heldout_val,45000,10000,35dca41d0ac9bfe4d35ab0bade9003a04244ef0610eff1941336fc1fab6965c8,35dca41d0ac9bfe4d35ab0bade9003a04244ef0610eff1941336fc1fab6965c8,b7af9c2326beb1db7fc4aba06b867583770ebfc6e2869cb6193ee752cc81fb63,0.8701,0.39286,0.8398599999999999,0.62246,0.7830400000000001,0.6194647872924804
training_sparse_testing_sparse,cifar10,swin_tiny,grayscale,original_dense_same_checkpoint,dense,dense,none,0,1,heldout_val,45000,10000,2fd9aa427ca55b1e165a52b221835019633dd833fc7b3901dd3f791194035179,2fd9aa427ca55b1e165a52b221835019633dd833fc7b3901dd3f791194035179,66b93a8751c67cb83a6b47d4ebe6c227e04004542fa77f67b1aa4696492cbb12,0.8324,0.43424,0.81226,0.60238,0.73112,0.6953748474121094
training_sparse_testing_sparse,cifar10,swin_tiny,color_opponency,original_dense_same_checkpoint,dense,dense,none,0,1,heldout_val,45000,10000,ce71b3e7c37122c31ceda252ac1b4682e62a536d29e7efaf233ad88167d499be,ce71b3e7c37122c31ceda252ac1b4682e62a536d29e7efaf233ad88167d499be,3a8d2f76403887b48ba87e6c04a928670d9aaf4079d21ba7ad87d5b9f491eeee,0.8679,0.39848266666666665,0.83834,0.62106,0.78884,0.6339378311157227
training_sparse_testing_sparse,cifar10,swin_tiny,raw,raw_dense_reference,dense,dense,none,0,2,heldout_val,45000,10000,47313a6e6a1f3eeb5173ac2dbf32754b3d9bba697221c794d03281c0c1c5268e,47313a6e6a1f3eeb5173ac2dbf32754b3d9bba697221c794d03281c0c1c5268e,c0d05e70330b2102f46e929b2604e920636f02760a2b7ccac6c5cbb3b9b9012e,0.8795,0.30863066666666666,0.84366,0.59558,0.73496,0.6294189804077148
training_sparse_testing_sparse,cifar10,swin_tiny,single_color,matched_sparse_training,compact,compact,native_contrast,0,2,heldout_val,45000,10000,6631a3355245362b7cb46c2507f8478cf150fc3190217c73b13660b51e2e0f91,6631a3355245362b7cb46c2507f8478cf150fc3190217c73b13660b51e2e0f91,54da0e293091a1938bc82ea8a6cabeabbb55debd9fdfcc96b5b795b3667b91f4,0.87,0.3883506666666667,0.8426400000000001,0.62378,0.7842399999999999,0.5984289077758789
training_sparse_testing_sparse,cifar10,swin_tiny,single_color,matched_sparse_training,compact,compact,native_contrast,20,2,heldout_val,45000,10000,3fdeebfa1a84994cbeddc724158386075f3b9ca8ccd96ed04487d01c098770a5,3fdeebfa1a84994cbeddc724158386075f3b9ca8ccd96ed04487d01c098770a5,fcec1ff1093d9bc8b4a06fc5981cf9345f334ac2f858762558077da34717e8c4,0.8683,0.38788,0.84404,0.62008,0.78628,0.6105585845947266
training_sparse_testing_sparse,cifar10,swin_tiny,single_color,matched_sparse_training,compact,compact,native_contrast,40,2,heldout_val,45000,10000,20f16f6dda5e3b22e6a23d93b2abb01e8bd2a96795ea9de784e5af5417040500,20f16f6dda5e3b22e6a23d93b2abb01e8bd2a96795ea9de784e5af5417040500,9b9406b935ba6f02e9f917fa658063af619cff031e8095e840337b5cad908ac6,0.8586,0.3967426666666667,0.8359,0.60292,0.7638,0.6284753433227539
training_sparse_testing_sparse,cifar10,swin_tiny,single_color,matched_sparse_training,compact,compact,native_contrast,60,2,heldout_val,45000,10000,580465ad5809e00ba546421aa4e8697769b1b3930d329c1fa28a63beca35d746,580465ad5809e00ba546421aa4e8697769b1b3930d329c1fa28a63beca35d746,93836c310564e292734cc9b6c44b9d57474cef67a32bbf3c6cc92624b6e96809,0.8343,0.4201106666666667,0.81242,0.56074,0.72468,0.7640609680175782
training_sparse_testing_sparse,cifar10,swin_tiny,single_color,matched_sparse_training,compact,compact,native_contrast,80,2,heldout_val,45000,10000,d06684572836ef9dd9b390c70c473c87fccde3ce87f17412c3ac7a6292f42112,d06684572836ef9dd9b390c70c473c87fccde3ce87f17412c3ac7a6292f42112,dac1d7a5e1e4205f366b4ca9dd46b047af7fe20f17508eefc30a9e62d47e9912,0.7358,0.4896493333333333,0.69878,0.43116,0.54952,1.210151498413086
training_sparse_testing_sparse,cifar10,swin_tiny,grayscale,matched_sparse_training,compact,compact,native_contrast,0,2,heldout_val,45000,10000,c20ed5b62f941ad425a31c6cb2f8da4b789515d3fa014ce5719733364365e444,c20ed5b62f941ad425a31c6cb2f8da4b789515d3fa014ce5719733364365e444,4138089fb907e02402ec0525f2bfcd503a06886e3b15de2814ef80480df2552b,0.8317,0.4345426666666667,0.81386,0.5985400000000001,0.72968,0.6927870330810547
training_sparse_testing_sparse,cifar10,swin_tiny,grayscale,matched_sparse_training,compact,compact,native_contrast,20,2,heldout_val,45000,10000,9d0acb0d0e2afee891ab1bf1f4877789e1e193a051105b6c91580d1866bc215c,9d0acb0d0e2afee891ab1bf1f4877789e1e193a051105b6c91580d1866bc215c,057840088bca1aa9748d39d5f9328336d713336da5900500dd4d83277bd5ecd3,0.8319,0.437208,0.81346,0.58868,0.72382,0.6844767669677735
training_sparse_testing_sparse,cifar10,swin_tiny,grayscale,matched_sparse_training,compact,compact,native_contrast,40,2,heldout_val,45000,10000,c9ef9ed92455a5b3b48d4ef262955d1c312895cf000b0ec46798ca26b1aa3e0c,c9ef9ed92455a5b3b48d4ef262955d1c312895cf000b0ec46798ca26b1aa3e0c,d46e78018e10b79cd6da84f2e1d4dc4a8d9093c96badf584f969bb9ca24795de,0.8169,0.440896,0.80142,0.5794,0.71842,0.7168785461425782
training_sparse_testing_sparse,cifar10,swin_tiny,grayscale,matched_sparse_training,compact,compact,native_contrast,60,2,heldout_val,45000,10000,8ef8479d8600645ba34ffbf69212a57b6f8efbfd9eef81f1aebd96d5c47a8922,8ef8479d8600645ba34ffbf69212a57b6f8efbfd9eef81f1aebd96d5c47a8922,217b5cbf8fd523f1152322910ab10d6265175f803549b485b26a33d6152ede03,0.8005,0.4440346666666667,0.78102,0.5296000000000001,0.67362,0.8268074859619141
training_sparse_testing_sparse,cifar10,swin_tiny,grayscale,matched_sparse_training,compact,compact,native_contrast,80,2,heldout_val,45000,10000,60de243997d5ce080a2334e3a7c14d1bf2ee33ac5dca209368b2dc49503c7cbe,60de243997d5ce080a2334e3a7c14d1bf2ee33ac5dca209368b2dc49503c7cbe,53919b02231ecaf27402920abbe140736fc9257987810b418eacbfdbb7e335b1,0.675,0.5372306666666666,0.6417,0.3838,0.46332,1.2226705780029297
training_sparse_testing_sparse,cifar10,swin_tiny,color_opponency,matched_sparse_training,compact,compact,native_contrast,0,2,heldout_val,45000,10000,ea629ccde3be32deeb2c1656cec1eb4897373704ceb225ed7f589eed94971777,ea629ccde3be32deeb2c1656cec1eb4897373704ceb225ed7f589eed94971777,7858973d124027dfd76efc8522165b34da42f801109350bfe9edf5588b99ca59,0.8703,0.4022653333333333,0.837,0.6159399999999999,0.7827999999999999,0.6389058212280273
training_sparse_testing_sparse,cifar10,swin_tiny,color_opponency,matched_sparse_training,compact,compact,native_contrast,20,2,heldout_val,45000,10000,2f76548a7c1f5d03e8a05ac427681d8d8d7d601a1721d20bf4e611403771d006,2f76548a7c1f5d03e8a05ac427681d8d8d7d601a1721d20bf4e611403771d006,46631a058a9d338ccd2a91b6de3dd46a8a544cf617bf948be5f45ca2a971197f,0.8686,0.39972799999999997,0.84152,0.61686,0.7840199999999999,0.6275675415039063
training_sparse_testing_sparse,cifar10,swin_tiny,color_opponency,matched_sparse_training,compact,compact,native_contrast,40,2,heldout_val,45000,10000,ef507d5eb01d39a8db1a802c47e18016e4eed246a2bb0644b9b1743c1dc9933d,ef507d5eb01d39a8db1a802c47e18016e4eed246a2bb0644b9b1743c1dc9933d,c261a30528c8a0a3b8a40ba86d73ca00610438022bea87d1f26f9959213c4f87,0.8659,0.40507866666666664,0.8364199999999999,0.60638,0.77224,0.6615688262939453
training_sparse_testing_sparse,cifar10,swin_tiny,color_opponency,matched_sparse_training,compact,compact,native_contrast,60,2,heldout_val,45000,10000,2f111c84d23454a0f7b04e05fcdde7df93e54f74b39f959362ad87d7f3ac32fc,2f111c84d23454a0f7b04e05fcdde7df93e54f74b39f959362ad87d7f3ac32fc,6d2b7d6902b30680ce2bf09ba6558367098da7c44c3ab78bfb3677ef0dc4e87a,0.8512,0.41311333333333333,0.82434,0.59692,0.7567,0.6998908340454102
training_sparse_testing_sparse,cifar10,swin_tiny,color_opponency,matched_sparse_training,compact,compact,native_contrast,80,2,heldout_val,45000,10000,ac346990a2ea80542bcb1ca866c7627f96e283a04a03a075883c226aa5eda0db,ac346990a2ea80542bcb1ca866c7627f96e283a04a03a075883c226aa5eda0db,80429d3a065e6901c07d4b12a2e0c57aa9e452172ae14234d8a5d0bad7751932,0.8282,0.439092,0.8036800000000001,0.55612,0.716,0.7257851287841797
training_sparse_testing_sparse,cifar10,swin_tiny,single_color,original_dense_same_checkpoint,dense,dense,none,0,2,heldout_val,45000,10000,7e4c333921bcdf1ae7125a12b39edf38fc1431b4f3c57140fa8117eba2926e25,7e4c333921bcdf1ae7125a12b39edf38fc1431b4f3c57140fa8117eba2926e25,9af4c0f5bd726b176994f562d5b5b3f4e326392003f27ce9b795221daa4a186e,0.8712,0.390924,0.8402000000000001,0.62508,0.78626,0.6049085479736328
training_sparse_testing_sparse,cifar10,swin_tiny,grayscale,original_dense_same_checkpoint,dense,dense,none,0,2,heldout_val,45000,10000,2f5c82e6e912b00ee9b8f86408c483727b3d015b1d6d6462badf6c6f6f570b0f,2f5c82e6e912b00ee9b8f86408c483727b3d015b1d6d6462badf6c6f6f570b0f,2a3b7de47f7c3116c9ed4e26109dc713938f3a63e2267a4668905554b979f39b,0.8318,0.433596,0.81228,0.60138,0.73416,0.6935704956054688
training_sparse_testing_sparse,cifar10,swin_tiny,color_opponency,original_dense_same_checkpoint,dense,dense,none,0,2,heldout_val,45000,10000,4ff0673415733a5e2f08932f0272050f1e93613c1c64fc702befaa6b3cd5f276,4ff0673415733a5e2f08932f0272050f1e93613c1c64fc702befaa6b3cd5f276,70c047f178a68005810241c0e1315e68c21862bbc6485b102471e834d04345eb,0.8685,0.4050786666666667,0.83934,0.61172,0.78006,0.638066845703125
