dataset,architecture,representation,family,trained_execution,inference_execution,execution,sparsity_percent,batch_size,scope,protocol,training_count,hardware_identity,completed_seeds,expected_seeds,mean_seed_median_ms,sample_sd_ms,paired_speedup_mean,paired_speedup_sample_sd,faster_seeds
cifar10,swin_tiny,color_opponency,compact0_compact_test,compact,compact,compact,0,1,cached_input_model_only_diagnostic,heldout_val,45000,4ba79ef9f76ff06df88f37ba7586b1b5a3ac8b43008b3eed0ca6a744393e6687,3,3,22.385452166666667,0.08703150829776043,0.8162256303224514,0.01059814072891483,0
cifar10,swin_tiny,color_opponency,compact0_compact_test,compact,compact,compact,0,1,gpu_raw_to_logits,heldout_val,45000,4ba79ef9f76ff06df88f37ba7586b1b5a3ac8b43008b3eed0ca6a744393e6687,3,3,22.773784666666668,0.1311188075356967,0.8057180120772008,0.012567306854773145,0
cifar10,swin_tiny,color_opponency,compact0_compact_test,compact,compact,compact,0,1,host_raw_to_logits,heldout_val,45000,4ba79ef9f76ff06df88f37ba7586b1b5a3ac8b43008b3eed0ca6a744393e6687,3,3,22.7497655,0.11909479197995888,0.8097300734732581,0.009760878031863006,0
cifar10,swin_tiny,color_opponency,compact0_compact_test,compact,compact,compact,0,1,loader_to_cpu_prediction,heldout_val,45000,4ba79ef9f76ff06df88f37ba7586b1b5a3ac8b43008b3eed0ca6a744393e6687,3,3,22.927113666666667,0.10355096224846586,0.811397232474295,0.009467573167336804,0
cifar10,swin_tiny,color_opponency,compact0_compact_test,compact,compact,compact,0,8,cached_input_model_only_diagnostic,heldout_val,45000,4ba79ef9f76ff06df88f37ba7586b1b5a3ac8b43008b3eed0ca6a744393e6687,3,3,23.112242333333334,0.23781040877468723,0.8036173370694394,0.005256363468642226,0
cifar10,swin_tiny,color_opponency,compact0_compact_test,compact,compact,compact,0,8,gpu_raw_to_logits,heldout_val,45000,4ba79ef9f76ff06df88f37ba7586b1b5a3ac8b43008b3eed0ca6a744393e6687,3,3,23.343298333333333,0.07709516480514972,0.7975828334977665,0.004768629879461472,0
cifar10,swin_tiny,color_opponency,compact0_compact_test,compact,compact,compact,0,8,host_raw_to_logits,heldout_val,45000,4ba79ef9f76ff06df88f37ba7586b1b5a3ac8b43008b3eed0ca6a744393e6687,3,3,23.467275333333333,0.2394724246178104,0.7956098795099042,0.00732610874742922,0
cifar10,swin_tiny,color_opponency,compact0_compact_test,compact,compact,compact,0,8,loader_to_cpu_prediction,heldout_val,45000,4ba79ef9f76ff06df88f37ba7586b1b5a3ac8b43008b3eed0ca6a744393e6687,3,3,23.54588616666667,0.23989573558649058,0.8015177900183578,0.0073430205372770245,0
cifar10,swin_tiny,color_opponency,compact0_compact_test,compact,compact,compact,10,1,cached_input_model_only_diagnostic,heldout_val,45000,4ba79ef9f76ff06df88f37ba7586b1b5a3ac8b43008b3eed0ca6a744393e6687,3,3,22.648684,0.08707600464967448,0.8067436432937459,0.0110003579638185,0
cifar10,swin_tiny,color_opponency,compact0_compact_test,compact,compact,compact,10,1,gpu_raw_to_logits,heldout_val,45000,4ba79ef9f76ff06df88f37ba7586b1b5a3ac8b43008b3eed0ca6a744393e6687,3,3,23.108417666666664,0.09242620237428975,0.7940319313245812,0.010954147434082462,0
cifar10,swin_tiny,color_opponency,compact0_compact_test,compact,compact,compact,10,1,host_raw_to_logits,heldout_val,45000,4ba79ef9f76ff06df88f37ba7586b1b5a3ac8b43008b3eed0ca6a744393e6687,3,3,23.105089500000002,0.08105037645039255,0.7972692705458791,0.009060969860487352,0
cifar10,swin_tiny,color_opponency,compact0_compact_test,compact,compact,compact,10,1,loader_to_cpu_prediction,heldout_val,45000,4ba79ef9f76ff06df88f37ba7586b1b5a3ac8b43008b3eed0ca6a744393e6687,3,3,23.314077666666666,0.08215980955633548,0.7979267110466383,0.009195820221634574,0
cifar10,swin_tiny,color_opponency,compact0_compact_test,compact,compact,compact,10,8,cached_input_model_only_diagnostic,heldout_val,45000,4ba79ef9f76ff06df88f37ba7586b1b5a3ac8b43008b3eed0ca6a744393e6687,3,3,23.110486333333334,0.05117212502997469,0.8036463990849563,0.003924688167176867,0
cifar10,swin_tiny,color_opponency,compact0_compact_test,compact,compact,compact,10,8,gpu_raw_to_logits,heldout_val,45000,4ba79ef9f76ff06df88f37ba7586b1b5a3ac8b43008b3eed0ca6a744393e6687,3,3,23.580965,0.038010053397095456,0.7895364795939314,0.0030327162905374894,0
cifar10,swin_tiny,color_opponency,compact0_compact_test,compact,compact,compact,10,8,host_raw_to_logits,heldout_val,45000,4ba79ef9f76ff06df88f37ba7586b1b5a3ac8b43008b3eed0ca6a744393e6687,3,3,23.625930999999998,0.11335366518996877,0.790230087409236,0.003945493679430605,0
cifar10,swin_tiny,color_opponency,compact0_compact_test,compact,compact,compact,10,8,loader_to_cpu_prediction,heldout_val,45000,4ba79ef9f76ff06df88f37ba7586b1b5a3ac8b43008b3eed0ca6a744393e6687,3,3,23.807237333333333,0.00864329823234945,0.7926757340899465,0.0038650739288274907,0
cifar10,swin_tiny,color_opponency,compact0_compact_test,compact,compact,compact,20,1,cached_input_model_only_diagnostic,heldout_val,45000,4ba79ef9f76ff06df88f37ba7586b1b5a3ac8b43008b3eed0ca6a744393e6687,3,3,22.698296833333334,0.029021525159496794,0.8049598833595815,0.008911841560415917,0
cifar10,swin_tiny,color_opponency,compact0_compact_test,compact,compact,compact,20,1,gpu_raw_to_logits,heldout_val,45000,4ba79ef9f76ff06df88f37ba7586b1b5a3ac8b43008b3eed0ca6a744393e6687,3,3,23.0223045,0.32938552948748373,0.7970752009033636,0.013195793565495249,0
cifar10,swin_tiny,color_opponency,compact0_compact_test,compact,compact,compact,20,1,host_raw_to_logits,heldout_val,45000,4ba79ef9f76ff06df88f37ba7586b1b5a3ac8b43008b3eed0ca6a744393e6687,3,3,23.148060166666667,0.05019176054476821,0.7957697801320944,0.006316931111909731,0
cifar10,swin_tiny,color_opponency,compact0_compact_test,compact,compact,compact,20,1,loader_to_cpu_prediction,heldout_val,45000,4ba79ef9f76ff06df88f37ba7586b1b5a3ac8b43008b3eed0ca6a744393e6687,3,3,23.369595833333335,0.0745751895779247,0.7960210681190273,0.007833892622099894,0
cifar10,swin_tiny,color_opponency,compact0_compact_test,compact,compact,compact,20,8,cached_input_model_only_diagnostic,heldout_val,45000,4ba79ef9f76ff06df88f37ba7586b1b5a3ac8b43008b3eed0ca6a744393e6687,3,3,24.262586166666665,0.20271704824356393,0.765531415792034,0.00903572685733079,0
cifar10,swin_tiny,color_opponency,compact0_compact_test,compact,compact,compact,20,8,gpu_raw_to_logits,heldout_val,45000,4ba79ef9f76ff06df88f37ba7586b1b5a3ac8b43008b3eed0ca6a744393e6687,3,3,24.626866166666666,0.04235252916985418,0.7560115681798597,0.0048219233775828735,0
cifar10,swin_tiny,color_opponency,compact0_compact_test,compact,compact,compact,20,8,host_raw_to_logits,heldout_val,45000,4ba79ef9f76ff06df88f37ba7586b1b5a3ac8b43008b3eed0ca6a744393e6687,3,3,24.780718,0.19094815097756257,0.7534210249165242,0.005421970723571215,0
cifar10,swin_tiny,color_opponency,compact0_compact_test,compact,compact,compact,20,8,loader_to_cpu_prediction,heldout_val,45000,4ba79ef9f76ff06df88f37ba7586b1b5a3ac8b43008b3eed0ca6a744393e6687,3,3,24.97888683333333,0.22402707709913938,0.755533877752779,0.0075212786446862126,0
cifar10,swin_tiny,color_opponency,compact0_compact_test,compact,compact,compact,30,1,cached_input_model_only_diagnostic,heldout_val,45000,4ba79ef9f76ff06df88f37ba7586b1b5a3ac8b43008b3eed0ca6a744393e6687,3,3,22.5683835,0.14355313777134907,0.809643150574712,0.013266210448308675,0
cifar10,swin_tiny,color_opponency,compact0_compact_test,compact,compact,compact,30,1,gpu_raw_to_logits,heldout_val,45000,4ba79ef9f76ff06df88f37ba7586b1b5a3ac8b43008b3eed0ca6a744393e6687,3,3,23.03518383333333,0.1321462190211415,0.7965738401206889,0.012333729043800618,0
cifar10,swin_tiny,color_opponency,compact0_compact_test,compact,compact,compact,30,1,host_raw_to_logits,heldout_val,45000,4ba79ef9f76ff06df88f37ba7586b1b5a3ac8b43008b3eed0ca6a744393e6687,3,3,23.058030166666665,0.1318502795885673,0.7989180647620078,0.011026508352241261,0
cifar10,swin_tiny,color_opponency,compact0_compact_test,compact,compact,compact,30,1,loader_to_cpu_prediction,heldout_val,45000,4ba79ef9f76ff06df88f37ba7586b1b5a3ac8b43008b3eed0ca6a744393e6687,3,3,23.253842000000002,0.13790142638221684,0.8000163876545382,0.011194814892582661,0
cifar10,swin_tiny,color_opponency,compact0_compact_test,compact,compact,compact,30,8,cached_input_model_only_diagnostic,heldout_val,45000,4ba79ef9f76ff06df88f37ba7586b1b5a3ac8b43008b3eed0ca6a744393e6687,3,3,25.678697,0.21545674726786887,0.7232822436748714,0.0015805781442765287,0
cifar10,swin_tiny,color_opponency,compact0_compact_test,compact,compact,compact,30,8,gpu_raw_to_logits,heldout_val,45000,4ba79ef9f76ff06df88f37ba7586b1b5a3ac8b43008b3eed0ca6a744393e6687,3,3,26.087739833333334,0.13286849630586967,0.7136725504121177,0.001233073119186556,0
cifar10,swin_tiny,color_opponency,compact0_compact_test,compact,compact,compact,30,8,host_raw_to_logits,heldout_val,45000,4ba79ef9f76ff06df88f37ba7586b1b5a3ac8b43008b3eed0ca6a744393e6687,3,3,26.099061166666665,0.13522013595645854,0.7153467703844206,0.0027029944843784577,0
cifar10,swin_tiny,color_opponency,compact0_compact_test,compact,compact,compact,30,8,loader_to_cpu_prediction,heldout_val,45000,4ba79ef9f76ff06df88f37ba7586b1b5a3ac8b43008b3eed0ca6a744393e6687,3,3,26.333291499999998,0.15440685018239897,0.7166404694672043,0.0011912751453534405,0
cifar10,swin_tiny,color_opponency,compact0_compact_test,compact,compact,dense_masked,0,1,cached_input_model_only_diagnostic,heldout_val,45000,4ba79ef9f76ff06df88f37ba7586b1b5a3ac8b43008b3eed0ca6a744393e6687,3,3,18.217262333333334,0.07081451033745444,1.0029767558291136,0.012439748272145614,1
cifar10,swin_tiny,color_opponency,compact0_compact_test,compact,compact,dense_masked,0,1,gpu_raw_to_logits,heldout_val,45000,4ba79ef9f76ff06df88f37ba7586b1b5a3ac8b43008b3eed0ca6a744393e6687,3,3,18.570076833333335,0.08508066255961513,0.9880787288002786,0.012692971797698295,1
cifar10,swin_tiny,color_opponency,compact0_compact_test,compact,compact,dense_masked,0,1,host_raw_to_logits,heldout_val,45000,4ba79ef9f76ff06df88f37ba7586b1b5a3ac8b43008b3eed0ca6a744393e6687,3,3,18.574328833333333,0.138636492092027,0.9917587102935926,0.011290369527247008,1
cifar10,swin_tiny,color_opponency,compact0_compact_test,compact,compact,dense_masked,0,1,loader_to_cpu_prediction,heldout_val,45000,4ba79ef9f76ff06df88f37ba7586b1b5a3ac8b43008b3eed0ca6a744393e6687,3,3,18.7793735,0.119929845072025,0.9906202096206008,0.012245588043839318,1
cifar10,swin_tiny,color_opponency,compact0_compact_test,compact,compact,dense_masked,0,8,cached_input_model_only_diagnostic,heldout_val,45000,4ba79ef9f76ff06df88f37ba7586b1b5a3ac8b43008b3eed0ca6a744393e6687,3,3,18.5788025,0.07801166552349706,0.9996989349841134,0.009978278049593396,2
cifar10,swin_tiny,color_opponency,compact0_compact_test,compact,compact,dense_masked,0,8,gpu_raw_to_logits,heldout_val,45000,4ba79ef9f76ff06df88f37ba7586b1b5a3ac8b43008b3eed0ca6a744393e6687,3,3,18.9011575,0.03381932660846308,0.9850300053855944,0.0064064144336652045,0
cifar10,swin_tiny,color_opponency,compact0_compact_test,compact,compact,dense_masked,0,8,host_raw_to_logits,heldout_val,45000,4ba79ef9f76ff06df88f37ba7586b1b5a3ac8b43008b3eed0ca6a744393e6687,3,3,18.926728,0.03517034837402034,0.9864336133426456,0.007014951443119732,0
cifar10,swin_tiny,color_opponency,compact0_compact_test,compact,compact,dense_masked,0,8,loader_to_cpu_prediction,heldout_val,45000,4ba79ef9f76ff06df88f37ba7586b1b5a3ac8b43008b3eed0ca6a744393e6687,3,3,19.163806,0.08239420874521558,0.9847696633880091,0.009192006445216158,0
cifar10,swin_tiny,color_opponency,compact0_compact_test,compact,compact,dense_masked,10,1,cached_input_model_only_diagnostic,heldout_val,45000,4ba79ef9f76ff06df88f37ba7586b1b5a3ac8b43008b3eed0ca6a744393e6687,3,3,18.134750333333333,0.2018837783009902,1.0076726554124404,0.02117408785421212,1
cifar10,swin_tiny,color_opponency,compact0_compact_test,compact,compact,dense_masked,10,1,gpu_raw_to_logits,heldout_val,45000,4ba79ef9f76ff06df88f37ba7586b1b5a3ac8b43008b3eed0ca6a744393e6687,3,3,18.541009499999998,0.1163595531574434,0.9896649371279541,0.015952180100406596,1
cifar10,swin_tiny,color_opponency,compact0_compact_test,compact,compact,dense_masked,10,1,host_raw_to_logits,heldout_val,45000,4ba79ef9f76ff06df88f37ba7586b1b5a3ac8b43008b3eed0ca6a744393e6687,3,3,18.57691283333333,0.13343950286584436,0.9916532294514261,0.015154872486083135,1
cifar10,swin_tiny,color_opponency,compact0_compact_test,compact,compact,dense_masked,10,1,loader_to_cpu_prediction,heldout_val,45000,4ba79ef9f76ff06df88f37ba7586b1b5a3ac8b43008b3eed0ca6a744393e6687,3,3,18.797429166666667,0.17317402720264796,0.9897310406196071,0.0171172034736749,1
cifar10,swin_tiny,color_opponency,compact0_compact_test,compact,compact,dense_masked,10,8,cached_input_model_only_diagnostic,heldout_val,45000,4ba79ef9f76ff06df88f37ba7586b1b5a3ac8b43008b3eed0ca6a744393e6687,3,3,18.5623505,0.08090522708546119,1.0005899920780643,0.010650806510198776,2
cifar10,swin_tiny,color_opponency,compact0_compact_test,compact,compact,dense_masked,10,8,gpu_raw_to_logits,heldout_val,45000,4ba79ef9f76ff06df88f37ba7586b1b5a3ac8b43008b3eed0ca6a744393e6687,3,3,18.998991166666666,0.08765187282986749,0.9799764584401232,0.008849636270496074,0
cifar10,swin_tiny,color_opponency,compact0_compact_test,compact,compact,dense_masked,10,8,host_raw_to_logits,heldout_val,45000,4ba79ef9f76ff06df88f37ba7586b1b5a3ac8b43008b3eed0ca6a744393e6687,3,3,19.040924666666665,0.09123519003149726,0.9805332610988414,0.008721711755691225,0
cifar10,swin_tiny,color_opponency,compact0_compact_test,compact,compact,dense_masked,10,8,loader_to_cpu_prediction,heldout_val,45000,4ba79ef9f76ff06df88f37ba7586b1b5a3ac8b43008b3eed0ca6a744393e6687,3,3,19.293161166666668,0.09628081828735748,0.9781578457772359,0.00709947927250102,0
cifar10,swin_tiny,color_opponency,compact0_compact_test,compact,compact,dense_masked,20,1,cached_input_model_only_diagnostic,heldout_val,45000,4ba79ef9f76ff06df88f37ba7586b1b5a3ac8b43008b3eed0ca6a744393e6687,3,3,18.24063333333333,0.007894768114600376,1.0016675715207808,0.00983342282345508,1
cifar10,swin_tiny,color_opponency,compact0_compact_test,compact,compact,dense_masked,20,1,gpu_raw_to_logits,heldout_val,45000,4ba79ef9f76ff06df88f37ba7586b1b5a3ac8b43008b3eed0ca6a744393e6687,3,3,18.666167833333333,0.06208578125733109,0.9829584564447279,0.008287510814770391,0
cifar10,swin_tiny,color_opponency,compact0_compact_test,compact,compact,dense_masked,20,1,host_raw_to_logits,heldout_val,45000,4ba79ef9f76ff06df88f37ba7586b1b5a3ac8b43008b3eed0ca6a744393e6687,3,3,18.689946,0.05096966640071217,0.985575764553636,0.005633380065870833,0
cifar10,swin_tiny,color_opponency,compact0_compact_test,compact,compact,dense_masked,20,1,loader_to_cpu_prediction,heldout_val,45000,4ba79ef9f76ff06df88f37ba7586b1b5a3ac8b43008b3eed0ca6a744393e6687,3,3,18.884857666666665,0.049221667833722976,0.9850365870659221,0.005674253680769894,0
cifar10,swin_tiny,color_opponency,compact0_compact_test,compact,compact,dense_masked,20,8,cached_input_model_only_diagnostic,heldout_val,45000,4ba79ef9f76ff06df88f37ba7586b1b5a3ac8b43008b3eed0ca6a744393e6687,3,3,18.505941166666666,0.05431797892119544,1.0036319822077178,0.01004699100915383,2
cifar10,swin_tiny,color_opponency,compact0_compact_test,compact,compact,dense_masked,20,8,gpu_raw_to_logits,heldout_val,45000,4ba79ef9f76ff06df88f37ba7586b1b5a3ac8b43008b3eed0ca6a744393e6687,3,3,18.9239145,0.08112142785818229,0.9838597708852909,0.008271219265344344,0
cifar10,swin_tiny,color_opponency,compact0_compact_test,compact,compact,dense_masked,20,8,host_raw_to_logits,heldout_val,45000,4ba79ef9f76ff06df88f37ba7586b1b5a3ac8b43008b3eed0ca6a744393e6687,3,3,18.965540666666666,0.057367675358892395,0.9844205168335484,0.0077497766076204825,0
cifar10,swin_tiny,color_opponency,compact0_compact_test,compact,compact,dense_masked,20,8,loader_to_cpu_prediction,heldout_val,45000,4ba79ef9f76ff06df88f37ba7586b1b5a3ac8b43008b3eed0ca6a744393e6687,3,3,19.225225166666668,0.03409260493982889,0.9816056287288014,0.006779715776263136,0
cifar10,swin_tiny,color_opponency,compact0_compact_test,compact,compact,dense_masked,30,1,cached_input_model_only_diagnostic,heldout_val,45000,4ba79ef9f76ff06df88f37ba7586b1b5a3ac8b43008b3eed0ca6a744393e6687,3,3,18.194733,0.15842807232305647,1.0041882581349217,0.001409318113929193,3
cifar10,swin_tiny,color_opponency,compact0_compact_test,compact,compact,dense_masked,30,1,gpu_raw_to_logits,heldout_val,45000,4ba79ef9f76ff06df88f37ba7586b1b5a3ac8b43008b3eed0ca6a744393e6687,3,3,18.604163833333335,0.13884862715411836,0.9862289068281814,0.00307293026528832,0
cifar10,swin_tiny,color_opponency,compact0_compact_test,compact,compact,dense_masked,30,1,host_raw_to_logits,heldout_val,45000,4ba79ef9f76ff06df88f37ba7586b1b5a3ac8b43008b3eed0ca6a744393e6687,3,3,18.624465333333333,0.12491360879056876,0.9890431801483606,0.001437460529670853,0
cifar10,swin_tiny,color_opponency,compact0_compact_test,compact,compact,dense_masked,30,1,loader_to_cpu_prediction,heldout_val,45000,4ba79ef9f76ff06df88f37ba7586b1b5a3ac8b43008b3eed0ca6a744393e6687,3,3,18.852101,0.18152285979457244,0.9867662488367762,0.001582862749948641,0
cifar10,swin_tiny,color_opponency,compact0_compact_test,compact,compact,dense_masked,30,8,cached_input_model_only_diagnostic,heldout_val,45000,4ba79ef9f76ff06df88f37ba7586b1b5a3ac8b43008b3eed0ca6a744393e6687,3,3,18.5505155,0.3076285403294863,1.0014411251255295,0.02234838979351027,1
cifar10,swin_tiny,color_opponency,compact0_compact_test,compact,compact,dense_masked,30,8,gpu_raw_to_logits,heldout_val,45000,4ba79ef9f76ff06df88f37ba7586b1b5a3ac8b43008b3eed0ca6a744393e6687,3,3,19.043272833333333,0.20866959125393464,0.9777290219611865,0.008702181417133853,0
cifar10,swin_tiny,color_opponency,compact0_compact_test,compact,compact,dense_masked,30,8,host_raw_to_logits,heldout_val,45000,4ba79ef9f76ff06df88f37ba7586b1b5a3ac8b43008b3eed0ca6a744393e6687,3,3,19.143654833333333,0.14909581430185587,0.9752872407997504,0.009281338479927825,0
cifar10,swin_tiny,color_opponency,compact0_compact_test,compact,compact,dense_masked,30,8,loader_to_cpu_prediction,heldout_val,45000,4ba79ef9f76ff06df88f37ba7586b1b5a3ac8b43008b3eed0ca6a744393e6687,3,3,19.302145,0.2629618554790774,0.9778229816081264,0.015846937465377738,0
cifar10,swin_tiny,color_opponency,dense0_compact_test,dense,compact,compact,0,1,cached_input_model_only_diagnostic,heldout_val,45000,4ba79ef9f76ff06df88f37ba7586b1b5a3ac8b43008b3eed0ca6a744393e6687,3,3,22.657039333333334,0.1497909585299895,0.8064143217570622,0.004948126573400613,0
cifar10,swin_tiny,color_opponency,dense0_compact_test,dense,compact,compact,0,1,gpu_raw_to_logits,heldout_val,45000,4ba79ef9f76ff06df88f37ba7586b1b5a3ac8b43008b3eed0ca6a744393e6687,3,3,22.943225833333333,0.11485785703896385,0.7997082049669619,0.004190878967204249,0
cifar10,swin_tiny,color_opponency,dense0_compact_test,dense,compact,compact,0,1,host_raw_to_logits,heldout_val,45000,4ba79ef9f76ff06df88f37ba7586b1b5a3ac8b43008b3eed0ca6a744393e6687,3,3,22.96039066666667,0.11725215492298387,0.8022662736219239,0.0028066802416867142,0
cifar10,swin_tiny,color_opponency,dense0_compact_test,dense,compact,compact,0,1,loader_to_cpu_prediction,heldout_val,45000,4ba79ef9f76ff06df88f37ba7586b1b5a3ac8b43008b3eed0ca6a744393e6687,3,3,23.152994833333334,0.12637260556221633,0.8034512201293561,0.0030453677077094763,0
cifar10,swin_tiny,color_opponency,dense0_compact_test,dense,compact,compact,0,8,cached_input_model_only_diagnostic,heldout_val,45000,4ba79ef9f76ff06df88f37ba7586b1b5a3ac8b43008b3eed0ca6a744393e6687,3,3,23.007685333333335,0.06343253953873751,0.8072365627499036,0.0035039597777143426,0
cifar10,swin_tiny,color_opponency,dense0_compact_test,dense,compact,compact,0,8,gpu_raw_to_logits,heldout_val,45000,4ba79ef9f76ff06df88f37ba7586b1b5a3ac8b43008b3eed0ca6a744393e6687,3,3,23.311826,0.0625151968964342,0.7986518026829031,0.0025436200665057336,0
cifar10,swin_tiny,color_opponency,dense0_compact_test,dense,compact,compact,0,8,host_raw_to_logits,heldout_val,45000,4ba79ef9f76ff06df88f37ba7586b1b5a3ac8b43008b3eed0ca6a744393e6687,3,3,23.313342833333333,0.07141958984818755,0.8008182961733274,0.002675740812108569,0
cifar10,swin_tiny,color_opponency,dense0_compact_test,dense,compact,compact,0,8,loader_to_cpu_prediction,heldout_val,45000,4ba79ef9f76ff06df88f37ba7586b1b5a3ac8b43008b3eed0ca6a744393e6687,3,3,23.51523,0.06551764112817354,0.8025163010543841,0.001967300272663564,0
cifar10,swin_tiny,color_opponency,dense0_compact_test,dense,compact,compact,10,1,cached_input_model_only_diagnostic,heldout_val,45000,4ba79ef9f76ff06df88f37ba7586b1b5a3ac8b43008b3eed0ca6a744393e6687,3,3,22.580929666666666,0.04862250604486931,0.8091507050524002,0.009758915336441163,0
cifar10,swin_tiny,color_opponency,dense0_compact_test,dense,compact,compact,10,1,gpu_raw_to_logits,heldout_val,45000,4ba79ef9f76ff06df88f37ba7586b1b5a3ac8b43008b3eed0ca6a744393e6687,3,3,23.009152166666667,0.20738414081260742,0.7974398639137793,0.006048661885587036,0
cifar10,swin_tiny,color_opponency,dense0_compact_test,dense,compact,compact,10,1,host_raw_to_logits,heldout_val,45000,4ba79ef9f76ff06df88f37ba7586b1b5a3ac8b43008b3eed0ca6a744393e6687,3,3,23.066259166666665,0.07752182036745146,0.798582715087078,0.003742900438208585,0
cifar10,swin_tiny,color_opponency,dense0_compact_test,dense,compact,compact,10,1,loader_to_cpu_prediction,heldout_val,45000,4ba79ef9f76ff06df88f37ba7586b1b5a3ac8b43008b3eed0ca6a744393e6687,3,3,23.124139333333336,0.2178534137352097,0.8044850743863159,0.00680151339947737,0
cifar10,swin_tiny,color_opponency,dense0_compact_test,dense,compact,compact,10,8,cached_input_model_only_diagnostic,heldout_val,45000,4ba79ef9f76ff06df88f37ba7586b1b5a3ac8b43008b3eed0ca6a744393e6687,3,3,23.246583,0.16828171046418125,0.7989548188203967,0.004121851306636779,0
cifar10,swin_tiny,color_opponency,dense0_compact_test,dense,compact,compact,10,8,gpu_raw_to_logits,heldout_val,45000,4ba79ef9f76ff06df88f37ba7586b1b5a3ac8b43008b3eed0ca6a744393e6687,3,3,23.620523333333335,0.2936829664456781,0.7883056340708695,0.01144894675740131,0
cifar10,swin_tiny,color_opponency,dense0_compact_test,dense,compact,compact,10,8,host_raw_to_logits,heldout_val,45000,4ba79ef9f76ff06df88f37ba7586b1b5a3ac8b43008b3eed0ca6a744393e6687,3,3,23.7024045,0.20162951989664016,0.7877170938457204,0.008450353702995309,0
cifar10,swin_tiny,color_opponency,dense0_compact_test,dense,compact,compact,10,8,loader_to_cpu_prediction,heldout_val,45000,4ba79ef9f76ff06df88f37ba7586b1b5a3ac8b43008b3eed0ca6a744393e6687,3,3,23.830883,0.4136490710412038,0.7920514996533528,0.014567063079487875,0
cifar10,swin_tiny,color_opponency,dense0_compact_test,dense,compact,compact,20,1,cached_input_model_only_diagnostic,heldout_val,45000,4ba79ef9f76ff06df88f37ba7586b1b5a3ac8b43008b3eed0ca6a744393e6687,3,3,22.660039333333334,0.16681091115491475,0.8063062443208786,0.0038129100484866904,0
cifar10,swin_tiny,color_opponency,dense0_compact_test,dense,compact,compact,20,1,gpu_raw_to_logits,heldout_val,45000,4ba79ef9f76ff06df88f37ba7586b1b5a3ac8b43008b3eed0ca6a744393e6687,3,3,23.130076333333335,0.1702666385866083,0.7932591006462777,0.005036252485427275,0
cifar10,swin_tiny,color_opponency,dense0_compact_test,dense,compact,compact,20,1,host_raw_to_logits,heldout_val,45000,4ba79ef9f76ff06df88f37ba7586b1b5a3ac8b43008b3eed0ca6a744393e6687,3,3,23.148746,0.15891702520183293,0.7957444538940701,0.002955311806945995,0
cifar10,swin_tiny,color_opponency,dense0_compact_test,dense,compact,compact,20,1,loader_to_cpu_prediction,heldout_val,45000,4ba79ef9f76ff06df88f37ba7586b1b5a3ac8b43008b3eed0ca6a744393e6687,3,3,23.299335666666668,0.15395023479141914,0.798410260415479,0.0036470866559941547,0
cifar10,swin_tiny,color_opponency,dense0_compact_test,dense,compact,compact,20,8,cached_input_model_only_diagnostic,heldout_val,45000,4ba79ef9f76ff06df88f37ba7586b1b5a3ac8b43008b3eed0ca6a744393e6687,3,3,24.407336333333333,0.11474607938872287,0.7609777072390931,0.008755175855614025,0
cifar10,swin_tiny,color_opponency,dense0_compact_test,dense,compact,compact,20,8,gpu_raw_to_logits,heldout_val,45000,4ba79ef9f76ff06df88f37ba7586b1b5a3ac8b43008b3eed0ca6a744393e6687,3,3,24.937741166666665,0.20258237162715498,0.7466335058487725,0.009553401809141238,0
cifar10,swin_tiny,color_opponency,dense0_compact_test,dense,compact,compact,20,8,host_raw_to_logits,heldout_val,45000,4ba79ef9f76ff06df88f37ba7586b1b5a3ac8b43008b3eed0ca6a744393e6687,3,3,24.966537833333334,0.24524824526402425,0.7478671885873378,0.011315076270881193,0
cifar10,swin_tiny,color_opponency,dense0_compact_test,dense,compact,compact,20,8,loader_to_cpu_prediction,heldout_val,45000,4ba79ef9f76ff06df88f37ba7586b1b5a3ac8b43008b3eed0ca6a744393e6687,3,3,25.166705833333335,0.19660085966517038,0.7499074981613909,0.009665998108332787,0
cifar10,swin_tiny,color_opponency,dense0_compact_test,dense,compact,compact,30,1,cached_input_model_only_diagnostic,heldout_val,45000,4ba79ef9f76ff06df88f37ba7586b1b5a3ac8b43008b3eed0ca6a744393e6687,3,3,22.659919000000002,0.13774380595239094,0.8063603304219916,0.012117830433956412,0
cifar10,swin_tiny,color_opponency,dense0_compact_test,dense,compact,compact,30,1,gpu_raw_to_logits,heldout_val,45000,4ba79ef9f76ff06df88f37ba7586b1b5a3ac8b43008b3eed0ca6a744393e6687,3,3,23.1443045,0.16381029258031923,0.7928239650924359,0.01239994575546052,0
cifar10,swin_tiny,color_opponency,dense0_compact_test,dense,compact,compact,30,1,host_raw_to_logits,heldout_val,45000,4ba79ef9f76ff06df88f37ba7586b1b5a3ac8b43008b3eed0ca6a744393e6687,3,3,23.166557833333336,0.15396601052044967,0.7951809636686396,0.0112373620162241,0
cifar10,swin_tiny,color_opponency,dense0_compact_test,dense,compact,compact,30,1,loader_to_cpu_prediction,heldout_val,45000,4ba79ef9f76ff06df88f37ba7586b1b5a3ac8b43008b3eed0ca6a744393e6687,3,3,23.349061833333334,0.16032322970824955,0.796757096275595,0.011151182926238807,0
cifar10,swin_tiny,color_opponency,dense0_compact_test,dense,compact,compact,30,8,cached_input_model_only_diagnostic,heldout_val,45000,4ba79ef9f76ff06df88f37ba7586b1b5a3ac8b43008b3eed0ca6a744393e6687,3,3,25.5239825,0.20396259597350344,0.7276973754717189,0.00858981418110862,0
cifar10,swin_tiny,color_opponency,dense0_compact_test,dense,compact,compact,30,8,gpu_raw_to_logits,heldout_val,45000,4ba79ef9f76ff06df88f37ba7586b1b5a3ac8b43008b3eed0ca6a744393e6687,3,3,25.915927500000002,0.07020297157706311,0.7184108816405834,0.005110826845915109,0
cifar10,swin_tiny,color_opponency,dense0_compact_test,dense,compact,compact,30,8,host_raw_to_logits,heldout_val,45000,4ba79ef9f76ff06df88f37ba7586b1b5a3ac8b43008b3eed0ca6a744393e6687,3,3,25.939746833333334,0.09724270376785833,0.71975070651417,0.0060494589071715035,0
cifar10,swin_tiny,color_opponency,dense0_compact_test,dense,compact,compact,30,8,loader_to_cpu_prediction,heldout_val,45000,4ba79ef9f76ff06df88f37ba7586b1b5a3ac8b43008b3eed0ca6a744393e6687,3,3,26.14384516666667,0.11075617228887712,0.721846240549974,0.006139513758089818,0
cifar10,swin_tiny,color_opponency,dense0_compact_test,dense,compact,dense_masked,0,1,cached_input_model_only_diagnostic,heldout_val,45000,4ba79ef9f76ff06df88f37ba7586b1b5a3ac8b43008b3eed0ca6a744393e6687,3,3,18.1666325,0.03681459225972784,1.0057651491609723,0.012088635107656101,1
cifar10,swin_tiny,color_opponency,dense0_compact_test,dense,compact,dense_masked,0,1,gpu_raw_to_logits,heldout_val,45000,4ba79ef9f76ff06df88f37ba7586b1b5a3ac8b43008b3eed0ca6a744393e6687,3,3,18.620763166666666,0.056161928666875346,0.9853506569929449,0.007576030279713094,0
cifar10,swin_tiny,color_opponency,dense0_compact_test,dense,compact,dense_masked,0,1,host_raw_to_logits,heldout_val,45000,4ba79ef9f76ff06df88f37ba7586b1b5a3ac8b43008b3eed0ca6a744393e6687,3,3,18.641264833333334,0.06224761287457591,0.9881539502334259,0.006418199036747316,0
cifar10,swin_tiny,color_opponency,dense0_compact_test,dense,compact,dense_masked,0,1,loader_to_cpu_prediction,heldout_val,45000,4ba79ef9f76ff06df88f37ba7586b1b5a3ac8b43008b3eed0ca6a744393e6687,3,3,18.84315666666667,0.055716738277948485,0.9872168675130955,0.005606421779972365,0
cifar10,swin_tiny,color_opponency,dense0_compact_test,dense,compact,dense_masked,0,8,cached_input_model_only_diagnostic,heldout_val,45000,4ba79ef9f76ff06df88f37ba7586b1b5a3ac8b43008b3eed0ca6a744393e6687,3,3,18.719778833333333,0.15953257512208652,0.9922262267329043,0.014546503933435493,1
cifar10,swin_tiny,color_opponency,dense0_compact_test,dense,compact,dense_masked,0,8,gpu_raw_to_logits,heldout_val,45000,4ba79ef9f76ff06df88f37ba7586b1b5a3ac8b43008b3eed0ca6a744393e6687,3,3,19.022068166666667,0.10936574171596547,0.9787867686343125,0.008054922317332978,0
cifar10,swin_tiny,color_opponency,dense0_compact_test,dense,compact,dense_masked,0,8,host_raw_to_logits,heldout_val,45000,4ba79ef9f76ff06df88f37ba7586b1b5a3ac8b43008b3eed0ca6a744393e6687,3,3,19.0629095,0.1294963996709929,0.9794191296504602,0.01015115646901274,0
cifar10,swin_tiny,color_opponency,dense0_compact_test,dense,compact,dense_masked,0,8,loader_to_cpu_prediction,heldout_val,45000,4ba79ef9f76ff06df88f37ba7586b1b5a3ac8b43008b3eed0ca6a744393e6687,3,3,19.294960166666666,0.12608985064660774,0.9780896697083893,0.010058647313064651,0
cifar10,swin_tiny,color_opponency,dense0_compact_test,dense,compact,dense_masked,10,1,cached_input_model_only_diagnostic,heldout_val,45000,4ba79ef9f76ff06df88f37ba7586b1b5a3ac8b43008b3eed0ca6a744393e6687,3,3,18.240302000000003,0.1619541658896122,1.0016820594898679,0.002544404588753264,2
cifar10,swin_tiny,color_opponency,dense0_compact_test,dense,compact,dense_masked,10,1,gpu_raw_to_logits,heldout_val,45000,4ba79ef9f76ff06df88f37ba7586b1b5a3ac8b43008b3eed0ca6a744393e6687,3,3,18.6569105,0.11674545185252501,0.9834368460918603,0.003757894094670096,0
cifar10,swin_tiny,color_opponency,dense0_compact_test,dense,compact,dense_masked,10,1,host_raw_to_logits,heldout_val,45000,4ba79ef9f76ff06df88f37ba7586b1b5a3ac8b43008b3eed0ca6a744393e6687,3,3,18.709689166666667,0.1732161759625349,0.9845518653398417,0.0019026710055662869,0
cifar10,swin_tiny,color_opponency,dense0_compact_test,dense,compact,dense_masked,10,1,loader_to_cpu_prediction,heldout_val,45000,4ba79ef9f76ff06df88f37ba7586b1b5a3ac8b43008b3eed0ca6a744393e6687,3,3,18.90852883333333,0.19231443991178537,0.9838260144954836,0.0023414905586874426,0
cifar10,swin_tiny,color_opponency,dense0_compact_test,dense,compact,dense_masked,10,8,cached_input_model_only_diagnostic,heldout_val,45000,4ba79ef9f76ff06df88f37ba7586b1b5a3ac8b43008b3eed0ca6a744393e6687,3,3,18.558245166666666,0.17278364340724892,1.0008057725535084,0.005379162232388275,2
cifar10,swin_tiny,color_opponency,dense0_compact_test,dense,compact,dense_masked,10,8,gpu_raw_to_logits,heldout_val,45000,4ba79ef9f76ff06df88f37ba7586b1b5a3ac8b43008b3eed0ca6a744393e6687,3,3,19.046191833333335,0.18695930820390752,0.9775561454500856,0.005517947119949534,0
cifar10,swin_tiny,color_opponency,dense0_compact_test,dense,compact,dense_masked,10,8,host_raw_to_logits,heldout_val,45000,4ba79ef9f76ff06df88f37ba7586b1b5a3ac8b43008b3eed0ca6a744393e6687,3,3,19.055291666666665,0.166895597461657,0.9797907543195176,0.0038508749877921647,0
cifar10,swin_tiny,color_opponency,dense0_compact_test,dense,compact,dense_masked,10,8,loader_to_cpu_prediction,heldout_val,45000,4ba79ef9f76ff06df88f37ba7586b1b5a3ac8b43008b3eed0ca6a744393e6687,3,3,19.2840875,0.18126457280933392,0.9786305148152433,0.005090053686720853,0
cifar10,swin_tiny,color_opponency,dense0_compact_test,dense,compact,dense_masked,20,1,cached_input_model_only_diagnostic,heldout_val,45000,4ba79ef9f76ff06df88f37ba7586b1b5a3ac8b43008b3eed0ca6a744393e6687,3,3,18.14741383333333,0.09974821677896359,1.006814422991837,0.008443311057294066,2
cifar10,swin_tiny,color_opponency,dense0_compact_test,dense,compact,dense_masked,20,1,gpu_raw_to_logits,heldout_val,45000,4ba79ef9f76ff06df88f37ba7586b1b5a3ac8b43008b3eed0ca6a744393e6687,3,3,18.593248,0.06922146628214518,0.9868243185401406,0.009928397474529617,0
cifar10,swin_tiny,color_opponency,dense0_compact_test,dense,compact,dense_masked,20,1,host_raw_to_logits,heldout_val,45000,4ba79ef9f76ff06df88f37ba7586b1b5a3ac8b43008b3eed0ca6a744393e6687,3,3,18.610987833333333,0.04914207127384269,0.9897626131456735,0.006984480928519769,0
cifar10,swin_tiny,color_opponency,dense0_compact_test,dense,compact,dense_masked,20,1,loader_to_cpu_prediction,heldout_val,45000,4ba79ef9f76ff06df88f37ba7586b1b5a3ac8b43008b3eed0ca6a744393e6687,3,3,18.829794833333334,0.06487331753181155,0.9879190774301588,0.005773791627948533,0
cifar10,swin_tiny,color_opponency,dense0_compact_test,dense,compact,dense_masked,20,8,cached_input_model_only_diagnostic,heldout_val,45000,4ba79ef9f76ff06df88f37ba7586b1b5a3ac8b43008b3eed0ca6a744393e6687,3,3,18.492499666666667,0.15467610726315514,1.0043695245393145,0.007961700535115107,2
cifar10,swin_tiny,color_opponency,dense0_compact_test,dense,compact,dense_masked,20,8,gpu_raw_to_logits,heldout_val,45000,4ba79ef9f76ff06df88f37ba7586b1b5a3ac8b43008b3eed0ca6a744393e6687,3,3,18.9767735,0.21418503739465664,0.9811680509344654,0.010365715913832637,0
cifar10,swin_tiny,color_opponency,dense0_compact_test,dense,compact,dense_masked,20,8,host_raw_to_logits,heldout_val,45000,4ba79ef9f76ff06df88f37ba7586b1b5a3ac8b43008b3eed0ca6a744393e6687,3,3,18.967604,0.23069053987268176,0.984373174930088,0.010141818364309435,0
cifar10,swin_tiny,color_opponency,dense0_compact_test,dense,compact,dense_masked,20,8,loader_to_cpu_prediction,heldout_val,45000,4ba79ef9f76ff06df88f37ba7586b1b5a3ac8b43008b3eed0ca6a744393e6687,3,3,19.221833833333335,0.20686451766574893,0.9818175877612063,0.007210717087562867,0
cifar10,swin_tiny,color_opponency,dense0_compact_test,dense,compact,dense_masked,30,1,cached_input_model_only_diagnostic,heldout_val,45000,4ba79ef9f76ff06df88f37ba7586b1b5a3ac8b43008b3eed0ca6a744393e6687,3,3,18.2558395,0.05920868928417427,1.000819706962198,0.0067334400734502375,1
cifar10,swin_tiny,color_opponency,dense0_compact_test,dense,compact,dense_masked,30,1,gpu_raw_to_logits,heldout_val,45000,4ba79ef9f76ff06df88f37ba7586b1b5a3ac8b43008b3eed0ca6a744393e6687,3,3,18.672829666666665,0.06525493317813635,0.9825982264599062,0.00628514704374394,0
cifar10,swin_tiny,color_opponency,dense0_compact_test,dense,compact,dense_masked,30,1,host_raw_to_logits,heldout_val,45000,4ba79ef9f76ff06df88f37ba7586b1b5a3ac8b43008b3eed0ca6a744393e6687,3,3,18.700031499999998,0.05132352764814497,0.985050423545456,0.007065767834481312,0
cifar10,swin_tiny,color_opponency,dense0_compact_test,dense,compact,dense_masked,30,1,loader_to_cpu_prediction,heldout_val,45000,4ba79ef9f76ff06df88f37ba7586b1b5a3ac8b43008b3eed0ca6a744393e6687,3,3,18.928984,0.021446170398232524,0.9827436594324583,0.00687684955356059,0
cifar10,swin_tiny,color_opponency,dense0_compact_test,dense,compact,dense_masked,30,8,cached_input_model_only_diagnostic,heldout_val,45000,4ba79ef9f76ff06df88f37ba7586b1b5a3ac8b43008b3eed0ca6a744393e6687,3,3,18.507702833333333,0.16745893390793853,1.0035994388673788,0.014758568115516221,1
cifar10,swin_tiny,color_opponency,dense0_compact_test,dense,compact,dense_masked,30,8,gpu_raw_to_logits,heldout_val,45000,4ba79ef9f76ff06df88f37ba7586b1b5a3ac8b43008b3eed0ca6a744393e6687,3,3,19.043627166666667,0.08553338776807116,0.9776668350891747,0.006495186741032376,0
cifar10,swin_tiny,color_opponency,dense0_compact_test,dense,compact,dense_masked,30,8,host_raw_to_logits,heldout_val,45000,4ba79ef9f76ff06df88f37ba7586b1b5a3ac8b43008b3eed0ca6a744393e6687,3,3,19.0558235,0.06587389501729757,0.9797517692211754,0.006561295299030893,0
cifar10,swin_tiny,color_opponency,dense0_compact_test,dense,compact,dense_masked,30,8,loader_to_cpu_prediction,heldout_val,45000,4ba79ef9f76ff06df88f37ba7586b1b5a3ac8b43008b3eed0ca6a744393e6687,3,3,19.229880166666668,0.17314564559377021,0.9814266807609517,0.012009364322589818,0
cifar10,swin_tiny,grayscale,compact0_compact_test,compact,compact,compact,0,1,cached_input_model_only_diagnostic,heldout_val,45000,4ba79ef9f76ff06df88f37ba7586b1b5a3ac8b43008b3eed0ca6a744393e6687,3,3,22.630153333333332,0.0986796887223178,0.8073896538066566,0.00909060608521701,0
cifar10,swin_tiny,grayscale,compact0_compact_test,compact,compact,compact,0,1,gpu_raw_to_logits,heldout_val,45000,4ba79ef9f76ff06df88f37ba7586b1b5a3ac8b43008b3eed0ca6a744393e6687,3,3,22.990234333333333,0.12304541617765934,0.798099585523902,0.00886439270568197,0
cifar10,swin_tiny,grayscale,compact0_compact_test,compact,compact,compact,0,1,host_raw_to_logits,heldout_val,45000,4ba79ef9f76ff06df88f37ba7586b1b5a3ac8b43008b3eed0ca6a744393e6687,3,3,23.011786,0.12633879208402513,0.8004919078372189,0.0068604868495445856,0
cifar10,swin_tiny,grayscale,compact0_compact_test,compact,compact,compact,0,1,loader_to_cpu_prediction,heldout_val,45000,4ba79ef9f76ff06df88f37ba7586b1b5a3ac8b43008b3eed0ca6a744393e6687,3,3,23.1882345,0.12002810564926063,0.8022437870537724,0.006616577036898683,0
cifar10,swin_tiny,grayscale,compact0_compact_test,compact,compact,compact,0,8,cached_input_model_only_diagnostic,heldout_val,45000,4ba79ef9f76ff06df88f37ba7586b1b5a3ac8b43008b3eed0ca6a744393e6687,3,3,23.131501500000002,0.22592790868493823,0.8030098002361188,0.013498730876948183,0
cifar10,swin_tiny,grayscale,compact0_compact_test,compact,compact,compact,0,8,gpu_raw_to_logits,heldout_val,45000,4ba79ef9f76ff06df88f37ba7586b1b5a3ac8b43008b3eed0ca6a744393e6687,3,3,23.4623925,0.21313938131595916,0.7935935181092406,0.010864076169216261,0
cifar10,swin_tiny,grayscale,compact0_compact_test,compact,compact,compact,0,8,host_raw_to_logits,heldout_val,45000,4ba79ef9f76ff06df88f37ba7586b1b5a3ac8b43008b3eed0ca6a744393e6687,3,3,23.493767,0.20644165993326094,0.7947359908427257,0.011189782470807805,0
cifar10,swin_tiny,grayscale,compact0_compact_test,compact,compact,compact,0,8,loader_to_cpu_prediction,heldout_val,45000,4ba79ef9f76ff06df88f37ba7586b1b5a3ac8b43008b3eed0ca6a744393e6687,3,3,23.702189166666667,0.19373606590496636,0.7962467691629486,0.010531537082594078,0
cifar10,swin_tiny,grayscale,compact0_compact_test,compact,compact,compact,10,1,cached_input_model_only_diagnostic,heldout_val,45000,4ba79ef9f76ff06df88f37ba7586b1b5a3ac8b43008b3eed0ca6a744393e6687,3,3,23.084645,0.5878413461887476,0.7918624870941315,0.02362458360928531,0
cifar10,swin_tiny,grayscale,compact0_compact_test,compact,compact,compact,10,1,gpu_raw_to_logits,heldout_val,45000,4ba79ef9f76ff06df88f37ba7586b1b5a3ac8b43008b3eed0ca6a744393e6687,3,3,23.6743445,0.45080937154439094,0.7752536145828886,0.019450192489071583,0
cifar10,swin_tiny,grayscale,compact0_compact_test,compact,compact,compact,10,1,host_raw_to_logits,heldout_val,45000,4ba79ef9f76ff06df88f37ba7586b1b5a3ac8b43008b3eed0ca6a744393e6687,3,3,23.507206,0.3104139316948418,0.7837200367116671,0.013706310309344725,0
cifar10,swin_tiny,grayscale,compact0_compact_test,compact,compact,compact,10,1,loader_to_cpu_prediction,heldout_val,45000,4ba79ef9f76ff06df88f37ba7586b1b5a3ac8b43008b3eed0ca6a744393e6687,3,3,23.790346833333334,0.5383718337564953,0.7822387020488797,0.021113203975746234,0
cifar10,swin_tiny,grayscale,compact0_compact_test,compact,compact,compact,10,8,cached_input_model_only_diagnostic,heldout_val,45000,4ba79ef9f76ff06df88f37ba7586b1b5a3ac8b43008b3eed0ca6a744393e6687,3,3,26.3964965,0.09756337989737872,0.7036107302892343,0.004842916144986837,0
cifar10,swin_tiny,grayscale,compact0_compact_test,compact,compact,compact,10,8,gpu_raw_to_logits,heldout_val,45000,4ba79ef9f76ff06df88f37ba7586b1b5a3ac8b43008b3eed0ca6a744393e6687,3,3,27.015520833333333,0.1416823111421579,0.6891750963652585,0.005026738910738504,0
cifar10,swin_tiny,grayscale,compact0_compact_test,compact,compact,compact,10,8,host_raw_to_logits,heldout_val,45000,4ba79ef9f76ff06df88f37ba7586b1b5a3ac8b43008b3eed0ca6a744393e6687,3,3,27.0244295,0.1420584872834077,0.6908618905444747,0.005209933729414737,0
cifar10,swin_tiny,grayscale,compact0_compact_test,compact,compact,compact,10,8,loader_to_cpu_prediction,heldout_val,45000,4ba79ef9f76ff06df88f37ba7586b1b5a3ac8b43008b3eed0ca6a744393e6687,3,3,27.265003166666666,0.14935457250309697,0.6921648496062773,0.005660381904007092,0
cifar10,swin_tiny,grayscale,compact0_compact_test,compact,compact,compact,20,1,cached_input_model_only_diagnostic,heldout_val,45000,4ba79ef9f76ff06df88f37ba7586b1b5a3ac8b43008b3eed0ca6a744393e6687,3,3,25.144274,0.09358584611467531,0.7266593148051544,0.008189236327884796,0
cifar10,swin_tiny,grayscale,compact0_compact_test,compact,compact,compact,20,1,gpu_raw_to_logits,heldout_val,45000,4ba79ef9f76ff06df88f37ba7586b1b5a3ac8b43008b3eed0ca6a744393e6687,3,3,25.565947,0.039679801527351385,0.7176870574673903,0.008066123360591608,0
cifar10,swin_tiny,grayscale,compact0_compact_test,compact,compact,compact,20,1,host_raw_to_logits,heldout_val,45000,4ba79ef9f76ff06df88f37ba7586b1b5a3ac8b43008b3eed0ca6a744393e6687,3,3,25.51853433333333,0.14476409191623962,0.7218856788361059,0.009922792331364625,0
cifar10,swin_tiny,grayscale,compact0_compact_test,compact,compact,compact,20,1,loader_to_cpu_prediction,heldout_val,45000,4ba79ef9f76ff06df88f37ba7586b1b5a3ac8b43008b3eed0ca6a744393e6687,3,3,25.732935166666667,0.03136966838099054,0.7229087235111236,0.0066688143731481655,0
cifar10,swin_tiny,grayscale,compact0_compact_test,compact,compact,compact,20,8,cached_input_model_only_diagnostic,heldout_val,45000,4ba79ef9f76ff06df88f37ba7586b1b5a3ac8b43008b3eed0ca6a744393e6687,3,3,31.3339495,0.3721530049337902,0.592771476512784,0.0053959360130299856,0
cifar10,swin_tiny,grayscale,compact0_compact_test,compact,compact,compact,20,8,gpu_raw_to_logits,heldout_val,45000,4ba79ef9f76ff06df88f37ba7586b1b5a3ac8b43008b3eed0ca6a744393e6687,3,3,31.772504333333334,0.21913630179030985,0.5859866062031917,0.0015192164103343426,0
cifar10,swin_tiny,grayscale,compact0_compact_test,compact,compact,compact,20,8,host_raw_to_logits,heldout_val,45000,4ba79ef9f76ff06df88f37ba7586b1b5a3ac8b43008b3eed0ca6a744393e6687,3,3,31.789284666666667,0.3852385813522992,0.58733397389335,0.004631018997579291,0
cifar10,swin_tiny,grayscale,compact0_compact_test,compact,compact,compact,20,8,loader_to_cpu_prediction,heldout_val,45000,4ba79ef9f76ff06df88f37ba7586b1b5a3ac8b43008b3eed0ca6a744393e6687,3,3,32.02596166666667,0.19253533404438825,0.5892568631630618,0.0010795276624071771,0
cifar10,swin_tiny,grayscale,compact0_compact_test,compact,compact,compact,30,1,cached_input_model_only_diagnostic,heldout_val,45000,4ba79ef9f76ff06df88f37ba7586b1b5a3ac8b43008b3eed0ca6a744393e6687,3,3,27.0938855,0.11345220412469002,0.6743582657697604,0.00556068911931792,0
cifar10,swin_tiny,grayscale,compact0_compact_test,compact,compact,compact,30,1,gpu_raw_to_logits,heldout_val,45000,4ba79ef9f76ff06df88f37ba7586b1b5a3ac8b43008b3eed0ca6a744393e6687,3,3,27.537000833333334,0.0323245562782122,0.6663106608811356,0.006741758098068468,0
cifar10,swin_tiny,grayscale,compact0_compact_test,compact,compact,compact,30,1,host_raw_to_logits,heldout_val,45000,4ba79ef9f76ff06df88f37ba7586b1b5a3ac8b43008b3eed0ca6a744393e6687,3,3,27.554014000000002,0.035841555951156574,0.6685274266279627,0.005991143942442055,0
cifar10,swin_tiny,grayscale,compact0_compact_test,compact,compact,compact,30,1,loader_to_cpu_prediction,heldout_val,45000,4ba79ef9f76ff06df88f37ba7586b1b5a3ac8b43008b3eed0ca6a744393e6687,3,3,27.787305833333335,0.0575080730687729,0.6694644386752667,0.006362045021935502,0
cifar10,swin_tiny,grayscale,compact0_compact_test,compact,compact,compact,30,8,cached_input_model_only_diagnostic,heldout_val,45000,4ba79ef9f76ff06df88f37ba7586b1b5a3ac8b43008b3eed0ca6a744393e6687,3,3,35.62647966666667,0.038716174172864874,0.5213217665990356,0.004037413397960669,0
cifar10,swin_tiny,grayscale,compact0_compact_test,compact,compact,compact,30,8,gpu_raw_to_logits,heldout_val,45000,4ba79ef9f76ff06df88f37ba7586b1b5a3ac8b43008b3eed0ca6a744393e6687,3,3,36.21330616666666,0.04020528149799916,0.5141227519778313,0.002547691009685171,0
cifar10,swin_tiny,grayscale,compact0_compact_test,compact,compact,compact,30,8,host_raw_to_logits,heldout_val,45000,4ba79ef9f76ff06df88f37ba7586b1b5a3ac8b43008b3eed0ca6a744393e6687,3,3,36.16549933333334,0.06782765422070358,0.5162328812813505,0.002732672047897478,0
cifar10,swin_tiny,grayscale,compact0_compact_test,compact,compact,compact,30,8,loader_to_cpu_prediction,heldout_val,45000,4ba79ef9f76ff06df88f37ba7586b1b5a3ac8b43008b3eed0ca6a744393e6687,3,3,36.39546566666667,0.054821506604010355,0.5185108791229093,0.0026281116522042505,0
cifar10,swin_tiny,grayscale,compact0_compact_test,compact,compact,dense_masked,0,1,cached_input_model_only_diagnostic,heldout_val,45000,4ba79ef9f76ff06df88f37ba7586b1b5a3ac8b43008b3eed0ca6a744393e6687,3,3,18.286062333333334,0.1433162049118449,0.9991845689661522,0.007135650657138283,2
cifar10,swin_tiny,grayscale,compact0_compact_test,compact,compact,dense_masked,0,1,gpu_raw_to_logits,heldout_val,45000,4ba79ef9f76ff06df88f37ba7586b1b5a3ac8b43008b3eed0ca6a744393e6687,3,3,18.621967833333333,0.12208751479403443,0.9852976477465866,0.007479830215602722,0
cifar10,swin_tiny,grayscale,compact0_compact_test,compact,compact,dense_masked,0,1,host_raw_to_logits,heldout_val,45000,4ba79ef9f76ff06df88f37ba7586b1b5a3ac8b43008b3eed0ca6a744393e6687,3,3,18.590454,0.11514444127160521,0.9908564955440086,0.004460251427089248,0
cifar10,swin_tiny,grayscale,compact0_compact_test,compact,compact,dense_masked,0,1,loader_to_cpu_prediction,heldout_val,45000,4ba79ef9f76ff06df88f37ba7586b1b5a3ac8b43008b3eed0ca6a744393e6687,3,3,18.852135166666667,0.15348196322885344,0.9867693860056106,0.006497133725652284,0
cifar10,swin_tiny,grayscale,compact0_compact_test,compact,compact,dense_masked,0,8,cached_input_model_only_diagnostic,heldout_val,45000,4ba79ef9f76ff06df88f37ba7586b1b5a3ac8b43008b3eed0ca6a744393e6687,3,3,18.74992633333333,0.0741544298311519,0.9905749689417354,0.0099763824885521,0
cifar10,swin_tiny,grayscale,compact0_compact_test,compact,compact,dense_masked,0,8,gpu_raw_to_logits,heldout_val,45000,4ba79ef9f76ff06df88f37ba7586b1b5a3ac8b43008b3eed0ca6a744393e6687,3,3,19.022676833333335,0.04340949103114702,0.9787336160055405,0.005218365661092135,0
cifar10,swin_tiny,grayscale,compact0_compact_test,compact,compact,dense_masked,0,8,host_raw_to_logits,heldout_val,45000,4ba79ef9f76ff06df88f37ba7586b1b5a3ac8b43008b3eed0ca6a744393e6687,3,3,19.061960166666665,0.04443522760528376,0.9794329697502296,0.006261099251185825,0
cifar10,swin_tiny,grayscale,compact0_compact_test,compact,compact,dense_masked,0,8,loader_to_cpu_prediction,heldout_val,45000,4ba79ef9f76ff06df88f37ba7586b1b5a3ac8b43008b3eed0ca6a744393e6687,3,3,19.284985499999998,0.057040574245443176,0.9785609654628223,0.005653520670480345,0
cifar10,swin_tiny,grayscale,compact0_compact_test,compact,compact,dense_masked,10,1,cached_input_model_only_diagnostic,heldout_val,45000,4ba79ef9f76ff06df88f37ba7586b1b5a3ac8b43008b3eed0ca6a744393e6687,3,3,18.230074,0.05121861543179394,1.0022723901681645,0.012788019722302292,1
cifar10,swin_tiny,grayscale,compact0_compact_test,compact,compact,dense_masked,10,1,gpu_raw_to_logits,heldout_val,45000,4ba79ef9f76ff06df88f37ba7586b1b5a3ac8b43008b3eed0ca6a744393e6687,3,3,18.671918333333334,0.048565828743917384,0.9826784585592306,0.011850811296243274,0
cifar10,swin_tiny,grayscale,compact0_compact_test,compact,compact,dense_masked,10,1,host_raw_to_logits,heldout_val,45000,4ba79ef9f76ff06df88f37ba7586b1b5a3ac8b43008b3eed0ca6a744393e6687,3,3,18.692138,0.052500294542031124,0.9854882461709126,0.010706865099145401,0
cifar10,swin_tiny,grayscale,compact0_compact_test,compact,compact,dense_masked,10,1,loader_to_cpu_prediction,heldout_val,45000,4ba79ef9f76ff06df88f37ba7586b1b5a3ac8b43008b3eed0ca6a744393e6687,3,3,18.898872833333336,0.05719018494097849,0.9843358433859944,0.010868349379802104,0
cifar10,swin_tiny,grayscale,compact0_compact_test,compact,compact,dense_masked,10,8,cached_input_model_only_diagnostic,heldout_val,45000,4ba79ef9f76ff06df88f37ba7586b1b5a3ac8b43008b3eed0ca6a744393e6687,3,3,18.216178333333332,0.10334648178860903,1.0195890048116145,0.007505554261061476,3
cifar10,swin_tiny,grayscale,compact0_compact_test,compact,compact,dense_masked,10,8,gpu_raw_to_logits,heldout_val,45000,4ba79ef9f76ff06df88f37ba7586b1b5a3ac8b43008b3eed0ca6a744393e6687,3,3,18.694399833333332,0.09961961417353364,0.9959207246463735,0.0025125900779325062,0
cifar10,swin_tiny,grayscale,compact0_compact_test,compact,compact,dense_masked,10,8,host_raw_to_logits,heldout_val,45000,4ba79ef9f76ff06df88f37ba7586b1b5a3ac8b43008b3eed0ca6a744393e6687,3,3,18.731388,0.10832746420806863,0.9967160564639777,0.002625485704192772,0
cifar10,swin_tiny,grayscale,compact0_compact_test,compact,compact,dense_masked,10,8,loader_to_cpu_prediction,heldout_val,45000,4ba79ef9f76ff06df88f37ba7586b1b5a3ac8b43008b3eed0ca6a744393e6687,3,3,18.9384535,0.09747542995160405,0.9964642452108593,0.0029802535233594317,0
cifar10,swin_tiny,grayscale,compact0_compact_test,compact,compact,dense_masked,20,1,cached_input_model_only_diagnostic,heldout_val,45000,4ba79ef9f76ff06df88f37ba7586b1b5a3ac8b43008b3eed0ca6a744393e6687,3,3,18.260197,0.10479028803758646,1.0006301008794187,0.013068968412863936,1
cifar10,swin_tiny,grayscale,compact0_compact_test,compact,compact,dense_masked,20,1,gpu_raw_to_logits,heldout_val,45000,4ba79ef9f76ff06df88f37ba7586b1b5a3ac8b43008b3eed0ca6a744393e6687,3,3,18.676976833333335,0.1146664805363057,0.9823841404975805,0.005184896287776089,0
cifar10,swin_tiny,grayscale,compact0_compact_test,compact,compact,dense_masked,20,1,host_raw_to_logits,heldout_val,45000,4ba79ef9f76ff06df88f37ba7586b1b5a3ac8b43008b3eed0ca6a744393e6687,3,3,18.724153833333332,0.092955873526546,0.9837735862577847,0.003199721338765096,0
cifar10,swin_tiny,grayscale,compact0_compact_test,compact,compact,dense_masked,20,1,loader_to_cpu_prediction,heldout_val,45000,4ba79ef9f76ff06df88f37ba7586b1b5a3ac8b43008b3eed0ca6a744393e6687,3,3,18.922233666666667,0.12408510255600126,0.983094044531769,0.002521720022270645,0
cifar10,swin_tiny,grayscale,compact0_compact_test,compact,compact,dense_masked,20,8,cached_input_model_only_diagnostic,heldout_val,45000,4ba79ef9f76ff06df88f37ba7586b1b5a3ac8b43008b3eed0ca6a744393e6687,3,3,18.425121166666667,0.08405784208854797,1.008018682375029,0.00647871328192853,3
cifar10,swin_tiny,grayscale,compact0_compact_test,compact,compact,dense_masked,20,8,gpu_raw_to_logits,heldout_val,45000,4ba79ef9f76ff06df88f37ba7586b1b5a3ac8b43008b3eed0ca6a744393e6687,3,3,19.081744666666665,0.18616359611396358,0.9757481358151141,0.008430587311251616,0
cifar10,swin_tiny,grayscale,compact0_compact_test,compact,compact,dense_masked,20,8,host_raw_to_logits,heldout_val,45000,4ba79ef9f76ff06df88f37ba7586b1b5a3ac8b43008b3eed0ca6a744393e6687,3,3,19.056771666666666,0.09154336039458733,0.979702684279523,0.005606997817816805,0
cifar10,swin_tiny,grayscale,compact0_compact_test,compact,compact,dense_masked,20,8,loader_to_cpu_prediction,heldout_val,45000,4ba79ef9f76ff06df88f37ba7586b1b5a3ac8b43008b3eed0ca6a744393e6687,3,3,19.23308133333333,0.0412905224759065,0.9811970869528182,0.004723984118752422,0
cifar10,swin_tiny,grayscale,compact0_compact_test,compact,compact,dense_masked,30,1,cached_input_model_only_diagnostic,heldout_val,45000,4ba79ef9f76ff06df88f37ba7586b1b5a3ac8b43008b3eed0ca6a744393e6687,3,3,18.206740166666666,0.04300322374640462,1.003551088902153,0.012192510224533016,1
cifar10,swin_tiny,grayscale,compact0_compact_test,compact,compact,dense_masked,30,1,gpu_raw_to_logits,heldout_val,45000,4ba79ef9f76ff06df88f37ba7586b1b5a3ac8b43008b3eed0ca6a744393e6687,3,3,18.7199825,0.17640726184244782,0.9802216916226442,0.015953599664929388,0
cifar10,swin_tiny,grayscale,compact0_compact_test,compact,compact,dense_masked,30,1,host_raw_to_logits,heldout_val,45000,4ba79ef9f76ff06df88f37ba7586b1b5a3ac8b43008b3eed0ca6a744393e6687,3,3,18.750468666666666,0.17254301010641762,0.9824719921076923,0.013611951283058952,0
cifar10,swin_tiny,grayscale,compact0_compact_test,compact,compact,dense_masked,30,1,loader_to_cpu_prediction,heldout_val,45000,4ba79ef9f76ff06df88f37ba7586b1b5a3ac8b43008b3eed0ca6a744393e6687,3,3,18.928602833333333,0.1889763100790233,0.9828596635673883,0.015356064829454947,0
cifar10,swin_tiny,grayscale,compact0_compact_test,compact,compact,dense_masked,30,8,cached_input_model_only_diagnostic,heldout_val,45000,4ba79ef9f76ff06df88f37ba7586b1b5a3ac8b43008b3eed0ca6a744393e6687,3,3,18.4680125,0.205603766036155,1.0058047626205584,0.017899943161617162,2
cifar10,swin_tiny,grayscale,compact0_compact_test,compact,compact,dense_masked,30,8,gpu_raw_to_logits,heldout_val,45000,4ba79ef9f76ff06df88f37ba7586b1b5a3ac8b43008b3eed0ca6a744393e6687,3,3,18.947015166666667,0.22754663819881585,0.9827689285313331,0.016327843796010006,0
cifar10,swin_tiny,grayscale,compact0_compact_test,compact,compact,dense_masked,30,8,host_raw_to_logits,heldout_val,45000,4ba79ef9f76ff06df88f37ba7586b1b5a3ac8b43008b3eed0ca6a744393e6687,3,3,18.896013166666666,0.19670122405588447,0.9881352272685248,0.015410850665785378,1
cifar10,swin_tiny,grayscale,compact0_compact_test,compact,compact,dense_masked,30,8,loader_to_cpu_prediction,heldout_val,45000,4ba79ef9f76ff06df88f37ba7586b1b5a3ac8b43008b3eed0ca6a744393e6687,3,3,19.112546666666667,0.1860100818378767,0.9874789650322947,0.014576713130036265,1
cifar10,swin_tiny,grayscale,dense0_compact_test,dense,compact,compact,0,1,cached_input_model_only_diagnostic,heldout_val,45000,4ba79ef9f76ff06df88f37ba7586b1b5a3ac8b43008b3eed0ca6a744393e6687,3,3,22.823738499999997,0.10983894796018327,0.8005481788205218,0.009720355884226576,0
cifar10,swin_tiny,grayscale,dense0_compact_test,dense,compact,compact,0,1,gpu_raw_to_logits,heldout_val,45000,4ba79ef9f76ff06df88f37ba7586b1b5a3ac8b43008b3eed0ca6a744393e6687,3,3,23.049964833333334,0.08166806963913846,0.7960405345190745,0.010519920054650987,0
cifar10,swin_tiny,grayscale,dense0_compact_test,dense,compact,compact,0,1,host_raw_to_logits,heldout_val,45000,4ba79ef9f76ff06df88f37ba7586b1b5a3ac8b43008b3eed0ca6a744393e6687,3,3,23.129261166666666,0.03347823113731503,0.7964115460282531,0.005440794138239653,0
cifar10,swin_tiny,grayscale,dense0_compact_test,dense,compact,compact,0,1,loader_to_cpu_prediction,heldout_val,45000,4ba79ef9f76ff06df88f37ba7586b1b5a3ac8b43008b3eed0ca6a744393e6687,3,3,23.2886265,0.02669654978176119,0.7987732769482345,0.005527376597773576,0
cifar10,swin_tiny,grayscale,dense0_compact_test,dense,compact,compact,0,8,cached_input_model_only_diagnostic,heldout_val,45000,4ba79ef9f76ff06df88f37ba7586b1b5a3ac8b43008b3eed0ca6a744393e6687,3,3,22.992692,0.22507931866288614,0.8078088677288386,0.008119460818189293,0
cifar10,swin_tiny,grayscale,dense0_compact_test,dense,compact,compact,0,8,gpu_raw_to_logits,heldout_val,45000,4ba79ef9f76ff06df88f37ba7586b1b5a3ac8b43008b3eed0ca6a744393e6687,3,3,23.35673183333333,0.17060560700951047,0.7971385336189102,0.0055140343354295645,0
cifar10,swin_tiny,grayscale,dense0_compact_test,dense,compact,compact,0,8,host_raw_to_logits,heldout_val,45000,4ba79ef9f76ff06df88f37ba7586b1b5a3ac8b43008b3eed0ca6a744393e6687,3,3,23.3474855,0.26425507468211445,0.7997127638895345,0.009429944842563568,0
cifar10,swin_tiny,grayscale,dense0_compact_test,dense,compact,compact,0,8,loader_to_cpu_prediction,heldout_val,45000,4ba79ef9f76ff06df88f37ba7586b1b5a3ac8b43008b3eed0ca6a744393e6687,3,3,23.552741333333334,0.2419037698819159,0.8012891314909182,0.007994968370045126,0
cifar10,swin_tiny,grayscale,dense0_compact_test,dense,compact,compact,10,1,cached_input_model_only_diagnostic,heldout_val,45000,4ba79ef9f76ff06df88f37ba7586b1b5a3ac8b43008b3eed0ca6a744393e6687,3,3,22.987813666666668,0.1614558137961697,0.7948230652334907,0.007035488642697597,0
cifar10,swin_tiny,grayscale,dense0_compact_test,dense,compact,compact,10,1,gpu_raw_to_logits,heldout_val,45000,4ba79ef9f76ff06df88f37ba7586b1b5a3ac8b43008b3eed0ca6a744393e6687,3,3,23.692274333333334,0.19661274714672783,0.7744347340828018,0.003613245816736652,0
cifar10,swin_tiny,grayscale,dense0_compact_test,dense,compact,compact,10,1,host_raw_to_logits,heldout_val,45000,4ba79ef9f76ff06df88f37ba7586b1b5a3ac8b43008b3eed0ca6a744393e6687,3,3,23.492106999999997,0.12251906252804137,0.784128320429351,0.007405400666865154,0
cifar10,swin_tiny,grayscale,dense0_compact_test,dense,compact,compact,10,1,loader_to_cpu_prediction,heldout_val,45000,4ba79ef9f76ff06df88f37ba7586b1b5a3ac8b43008b3eed0ca6a744393e6687,3,3,23.659095166666667,0.08429578789941526,0.7862618588771014,0.0037019930179047174,0
cifar10,swin_tiny,grayscale,dense0_compact_test,dense,compact,compact,10,8,cached_input_model_only_diagnostic,heldout_val,45000,4ba79ef9f76ff06df88f37ba7586b1b5a3ac8b43008b3eed0ca6a744393e6687,3,3,26.452749,0.010966132545251374,0.7021130673814044,0.005193370907617188,0
cifar10,swin_tiny,grayscale,dense0_compact_test,dense,compact,compact,10,8,gpu_raw_to_logits,heldout_val,45000,4ba79ef9f76ff06df88f37ba7586b1b5a3ac8b43008b3eed0ca6a744393e6687,3,3,26.981327166666667,0.07134565236637336,0.6900440071293924,0.005066496202323732,0
cifar10,swin_tiny,grayscale,dense0_compact_test,dense,compact,compact,10,8,host_raw_to_logits,heldout_val,45000,4ba79ef9f76ff06df88f37ba7586b1b5a3ac8b43008b3eed0ca6a744393e6687,3,3,26.9892285,0.011437157677937904,0.6917496766308292,0.0035622276982524084,0
cifar10,swin_tiny,grayscale,dense0_compact_test,dense,compact,compact,10,8,loader_to_cpu_prediction,heldout_val,45000,4ba79ef9f76ff06df88f37ba7586b1b5a3ac8b43008b3eed0ca6a744393e6687,3,3,27.212912,0.05491674611628159,0.6934764330714801,0.004090911109031795,0
cifar10,swin_tiny,grayscale,dense0_compact_test,dense,compact,compact,20,1,cached_input_model_only_diagnostic,heldout_val,45000,4ba79ef9f76ff06df88f37ba7586b1b5a3ac8b43008b3eed0ca6a744393e6687,3,3,24.991466833333334,0.17024440872340862,0.7311126213900075,0.008525106537968999,0
cifar10,swin_tiny,grayscale,dense0_compact_test,dense,compact,compact,20,1,gpu_raw_to_logits,heldout_val,45000,4ba79ef9f76ff06df88f37ba7586b1b5a3ac8b43008b3eed0ca6a744393e6687,3,3,25.464372,0.21092202252076533,0.7205533182425159,0.006187150070160207,0
cifar10,swin_tiny,grayscale,dense0_compact_test,dense,compact,compact,20,1,host_raw_to_logits,heldout_val,45000,4ba79ef9f76ff06df88f37ba7586b1b5a3ac8b43008b3eed0ca6a744393e6687,3,3,25.527121333333334,0.08858180210451516,0.7216240626279441,0.008247595583351473,0
cifar10,swin_tiny,grayscale,dense0_compact_test,dense,compact,compact,20,1,loader_to_cpu_prediction,heldout_val,45000,4ba79ef9f76ff06df88f37ba7586b1b5a3ac8b43008b3eed0ca6a744393e6687,3,3,25.8032965,0.11641526203531072,0.720959338620125,0.009052268915708718,0
cifar10,swin_tiny,grayscale,dense0_compact_test,dense,compact,compact,20,8,cached_input_model_only_diagnostic,heldout_val,45000,4ba79ef9f76ff06df88f37ba7586b1b5a3ac8b43008b3eed0ca6a744393e6687,3,3,31.425996833333333,0.2232811580845622,0.5910225884468123,0.006181405786860152,0
cifar10,swin_tiny,grayscale,dense0_compact_test,dense,compact,compact,20,8,gpu_raw_to_logits,heldout_val,45000,4ba79ef9f76ff06df88f37ba7586b1b5a3ac8b43008b3eed0ca6a744393e6687,3,3,32.02323166666667,0.11439230684942789,0.5814019777242488,0.004463483018632984,0
cifar10,swin_tiny,grayscale,dense0_compact_test,dense,compact,compact,20,8,host_raw_to_logits,heldout_val,45000,4ba79ef9f76ff06df88f37ba7586b1b5a3ac8b43008b3eed0ca6a744393e6687,3,3,31.857743666666664,0.24474566384020371,0.5860754376301072,0.007597747899583257,0
cifar10,swin_tiny,grayscale,dense0_compact_test,dense,compact,compact,20,8,loader_to_cpu_prediction,heldout_val,45000,4ba79ef9f76ff06df88f37ba7586b1b5a3ac8b43008b3eed0ca6a744393e6687,3,3,32.02613466666667,0.41785258553745086,0.5893303701252458,0.00948924358148965,0
cifar10,swin_tiny,grayscale,dense0_compact_test,dense,compact,compact,30,1,cached_input_model_only_diagnostic,heldout_val,45000,4ba79ef9f76ff06df88f37ba7586b1b5a3ac8b43008b3eed0ca6a744393e6687,3,3,27.220618166666664,0.21475413222644432,0.6712587329414532,0.009552473411767454,0
cifar10,swin_tiny,grayscale,dense0_compact_test,dense,compact,compact,30,1,gpu_raw_to_logits,heldout_val,45000,4ba79ef9f76ff06df88f37ba7586b1b5a3ac8b43008b3eed0ca6a744393e6687,3,3,27.861527333333335,0.19685604262781112,0.6585744645733245,0.008490969862559395,0
cifar10,swin_tiny,grayscale,dense0_compact_test,dense,compact,compact,30,1,host_raw_to_logits,heldout_val,45000,4ba79ef9f76ff06df88f37ba7586b1b5a3ac8b43008b3eed0ca6a744393e6687,3,3,27.759338500000002,0.21800296661341673,0.6636139410198392,0.00844373667212643,0
cifar10,swin_tiny,grayscale,dense0_compact_test,dense,compact,compact,30,1,loader_to_cpu_prediction,heldout_val,45000,4ba79ef9f76ff06df88f37ba7586b1b5a3ac8b43008b3eed0ca6a744393e6687,3,3,27.9051115,0.2844299355566321,0.6666947978987104,0.01043603259767985,0
cifar10,swin_tiny,grayscale,dense0_compact_test,dense,compact,compact,30,8,cached_input_model_only_diagnostic,heldout_val,45000,4ba79ef9f76ff06df88f37ba7586b1b5a3ac8b43008b3eed0ca6a744393e6687,3,3,35.645097666666665,0.13488335883304006,0.5210615902227708,0.005628646857462727,0
cifar10,swin_tiny,grayscale,dense0_compact_test,dense,compact,compact,30,8,gpu_raw_to_logits,heldout_val,45000,4ba79ef9f76ff06df88f37ba7586b1b5a3ac8b43008b3eed0ca6a744393e6687,3,3,36.3159785,0.5215818030992346,0.512761447212435,0.009697219674678082,0
cifar10,swin_tiny,grayscale,dense0_compact_test,dense,compact,compact,30,8,host_raw_to_logits,heldout_val,45000,4ba79ef9f76ff06df88f37ba7586b1b5a3ac8b43008b3eed0ca6a744393e6687,3,3,36.43146133333333,0.4189708519367258,0.5125287569675924,0.008520916487412964,0
cifar10,swin_tiny,grayscale,dense0_compact_test,dense,compact,compact,30,8,loader_to_cpu_prediction,heldout_val,45000,4ba79ef9f76ff06df88f37ba7586b1b5a3ac8b43008b3eed0ca6a744393e6687,3,3,36.45191583333333,0.44664082033842545,0.5177804954402554,0.008927523398390572,0
cifar10,swin_tiny,grayscale,dense0_compact_test,dense,compact,dense_masked,0,1,cached_input_model_only_diagnostic,heldout_val,45000,4ba79ef9f76ff06df88f37ba7586b1b5a3ac8b43008b3eed0ca6a744393e6687,3,3,18.269982333333335,0.16240718766601148,1.0000532725925555,0.0013423302638498494,2
cifar10,swin_tiny,grayscale,dense0_compact_test,dense,compact,dense_masked,0,1,gpu_raw_to_logits,heldout_val,45000,4ba79ef9f76ff06df88f37ba7586b1b5a3ac8b43008b3eed0ca6a744393e6687,3,3,18.574776,0.1654276639025356,0.9877941772812575,0.0010549927723784282,0
cifar10,swin_tiny,grayscale,dense0_compact_test,dense,compact,dense_masked,0,1,host_raw_to_logits,heldout_val,45000,4ba79ef9f76ff06df88f37ba7586b1b5a3ac8b43008b3eed0ca6a744393e6687,3,3,18.609330500000002,0.15288097770733083,0.9898551401582577,0.0016136587803155067,0
cifar10,swin_tiny,grayscale,dense0_compact_test,dense,compact,dense_masked,0,1,loader_to_cpu_prediction,heldout_val,45000,4ba79ef9f76ff06df88f37ba7586b1b5a3ac8b43008b3eed0ca6a744393e6687,3,3,18.8101565,0.17684665128084656,0.9889653470295293,0.0017029595666419445,0
cifar10,swin_tiny,grayscale,dense0_compact_test,dense,compact,dense_masked,0,8,cached_input_model_only_diagnostic,heldout_val,45000,4ba79ef9f76ff06df88f37ba7586b1b5a3ac8b43008b3eed0ca6a744393e6687,3,3,18.596994833333333,0.16873735991351613,0.9987498916610242,0.011051817283295838,1
cifar10,swin_tiny,grayscale,dense0_compact_test,dense,compact,dense_masked,0,8,gpu_raw_to_logits,heldout_val,45000,4ba79ef9f76ff06df88f37ba7586b1b5a3ac8b43008b3eed0ca6a744393e6687,3,3,18.900392166666666,0.23117661360977554,0.9851333384170993,0.009298973400342412,0
cifar10,swin_tiny,grayscale,dense0_compact_test,dense,compact,dense_masked,0,8,host_raw_to_logits,heldout_val,45000,4ba79ef9f76ff06df88f37ba7586b1b5a3ac8b43008b3eed0ca6a744393e6687,3,3,18.936344833333333,0.13228517776978355,0.9859441852414716,0.006284443574868227,0
cifar10,swin_tiny,grayscale,dense0_compact_test,dense,compact,dense_masked,0,8,loader_to_cpu_prediction,heldout_val,45000,4ba79ef9f76ff06df88f37ba7586b1b5a3ac8b43008b3eed0ca6a744393e6687,3,3,19.178072333333333,0.15773127515281515,0.984045730562495,0.00792007451389057,0
cifar10,swin_tiny,grayscale,dense0_compact_test,dense,compact,dense_masked,10,1,cached_input_model_only_diagnostic,heldout_val,45000,4ba79ef9f76ff06df88f37ba7586b1b5a3ac8b43008b3eed0ca6a744393e6687,3,3,18.12712966666667,0.2690574750129287,1.0081890199071533,0.025159833564192394,1
cifar10,swin_tiny,grayscale,dense0_compact_test,dense,compact,dense_masked,10,1,gpu_raw_to_logits,heldout_val,45000,4ba79ef9f76ff06df88f37ba7586b1b5a3ac8b43008b3eed0ca6a744393e6687,3,3,18.552693166666668,0.2792517455945151,0.989210218184482,0.023959990955310775,1
cifar10,swin_tiny,grayscale,dense0_compact_test,dense,compact,dense_masked,10,1,host_raw_to_logits,heldout_val,45000,4ba79ef9f76ff06df88f37ba7586b1b5a3ac8b43008b3eed0ca6a744393e6687,3,3,18.56943,0.2709820214207014,0.9921986397513862,0.0225081617571552,1
cifar10,swin_tiny,grayscale,dense0_compact_test,dense,compact,dense_masked,10,1,loader_to_cpu_prediction,heldout_val,45000,4ba79ef9f76ff06df88f37ba7586b1b5a3ac8b43008b3eed0ca6a744393e6687,3,3,18.769840833333333,0.2853431139261695,0.9913122044504351,0.022973094675847995,1
cifar10,swin_tiny,grayscale,dense0_compact_test,dense,compact,dense_masked,10,8,cached_input_model_only_diagnostic,heldout_val,45000,4ba79ef9f76ff06df88f37ba7586b1b5a3ac8b43008b3eed0ca6a744393e6687,3,3,18.4830085,0.10204815560435467,1.0048989123556387,0.011999675121207332,2
cifar10,swin_tiny,grayscale,dense0_compact_test,dense,compact,dense_masked,10,8,gpu_raw_to_logits,heldout_val,45000,4ba79ef9f76ff06df88f37ba7586b1b5a3ac8b43008b3eed0ca6a744393e6687,3,3,19.024683666666668,0.08831414924055725,0.9786546565628846,0.009094912183596792,0
cifar10,swin_tiny,grayscale,dense0_compact_test,dense,compact,dense_masked,10,8,host_raw_to_logits,heldout_val,45000,4ba79ef9f76ff06df88f37ba7586b1b5a3ac8b43008b3eed0ca6a744393e6687,3,3,19.048576833333332,0.08246608169776876,0.9801425095685327,0.00944627962748503,0
cifar10,swin_tiny,grayscale,dense0_compact_test,dense,compact,dense_masked,10,8,loader_to_cpu_prediction,heldout_val,45000,4ba79ef9f76ff06df88f37ba7586b1b5a3ac8b43008b3eed0ca6a744393e6687,3,3,19.208032666666664,0.13575116907169843,0.9825315483915832,0.011828757915457113,0
cifar10,swin_tiny,grayscale,dense0_compact_test,dense,compact,dense_masked,20,1,cached_input_model_only_diagnostic,heldout_val,45000,4ba79ef9f76ff06df88f37ba7586b1b5a3ac8b43008b3eed0ca6a744393e6687,3,3,18.157846166666666,0.10101631058934622,1.0062714051694512,0.013340718044949303,2
cifar10,swin_tiny,grayscale,dense0_compact_test,dense,compact,dense_masked,20,1,gpu_raw_to_logits,heldout_val,45000,4ba79ef9f76ff06df88f37ba7586b1b5a3ac8b43008b3eed0ca6a744393e6687,3,3,18.603666999999998,0.08856487927502786,0.9862888744963157,0.011896215670708194,0
cifar10,swin_tiny,grayscale,dense0_compact_test,dense,compact,dense_masked,20,1,host_raw_to_logits,heldout_val,45000,4ba79ef9f76ff06df88f37ba7586b1b5a3ac8b43008b3eed0ca6a744393e6687,3,3,18.634415166666667,0.08810002864973111,0.9885505236532433,0.011374751708384572,1
cifar10,swin_tiny,grayscale,dense0_compact_test,dense,compact,dense_masked,20,1,loader_to_cpu_prediction,heldout_val,45000,4ba79ef9f76ff06df88f37ba7586b1b5a3ac8b43008b3eed0ca6a744393e6687,3,3,18.836293666666666,0.11354245157686016,0.9876174124784585,0.011209410317980235,0
cifar10,swin_tiny,grayscale,dense0_compact_test,dense,compact,dense_masked,20,8,cached_input_model_only_diagnostic,heldout_val,45000,4ba79ef9f76ff06df88f37ba7586b1b5a3ac8b43008b3eed0ca6a744393e6687,3,3,18.552974833333334,0.1304604230737558,1.0010742173801288,0.004377240877444992,2
cifar10,swin_tiny,grayscale,dense0_compact_test,dense,compact,dense_masked,20,8,gpu_raw_to_logits,heldout_val,45000,4ba79ef9f76ff06df88f37ba7586b1b5a3ac8b43008b3eed0ca6a744393e6687,3,3,19.019761499999998,0.12934159632635722,0.9788928755331111,0.003893917268895141,0
cifar10,swin_tiny,grayscale,dense0_compact_test,dense,compact,dense_masked,20,8,host_raw_to_logits,heldout_val,45000,4ba79ef9f76ff06df88f37ba7586b1b5a3ac8b43008b3eed0ca6a744393e6687,3,3,19.0275,0.13828936835762182,0.9812139877860744,0.0038781603929467657,0
cifar10,swin_tiny,grayscale,dense0_compact_test,dense,compact,dense_masked,20,8,loader_to_cpu_prediction,heldout_val,45000,4ba79ef9f76ff06df88f37ba7586b1b5a3ac8b43008b3eed0ca6a744393e6687,3,3,19.251885666666666,0.12953592195732175,0.9802495627839086,0.003902905846247291,0
cifar10,swin_tiny,grayscale,dense0_compact_test,dense,compact,dense_masked,30,1,cached_input_model_only_diagnostic,heldout_val,45000,4ba79ef9f76ff06df88f37ba7586b1b5a3ac8b43008b3eed0ca6a744393e6687,3,3,18.107858,0.012551013863431054,1.00901448635004,0.010225467100644191,3
cifar10,swin_tiny,grayscale,dense0_compact_test,dense,compact,dense_masked,30,1,gpu_raw_to_logits,heldout_val,45000,4ba79ef9f76ff06df88f37ba7586b1b5a3ac8b43008b3eed0ca6a744393e6687,3,3,18.547151333333336,0.026255408349201197,0.9892651945775871,0.008718039109582652,0
cifar10,swin_tiny,grayscale,dense0_compact_test,dense,compact,dense_masked,30,1,host_raw_to_logits,heldout_val,45000,4ba79ef9f76ff06df88f37ba7586b1b5a3ac8b43008b3eed0ca6a744393e6687,3,3,18.565749166666667,0.013526924690532524,0.9921780184154676,0.008150003765062072,1
cifar10,swin_tiny,grayscale,dense0_compact_test,dense,compact,dense_masked,30,1,loader_to_cpu_prediction,heldout_val,45000,4ba79ef9f76ff06df88f37ba7586b1b5a3ac8b43008b3eed0ca6a744393e6687,3,3,18.768632,0.03681067567975594,0.9911438642791631,0.007584007716657926,0
cifar10,swin_tiny,grayscale,dense0_compact_test,dense,compact,dense_masked,30,8,cached_input_model_only_diagnostic,heldout_val,45000,4ba79ef9f76ff06df88f37ba7586b1b5a3ac8b43008b3eed0ca6a744393e6687,3,3,18.6459335,0.18968412509946547,0.9961192697044781,0.0085246980495781,1
cifar10,swin_tiny,grayscale,dense0_compact_test,dense,compact,dense_masked,30,8,gpu_raw_to_logits,heldout_val,45000,4ba79ef9f76ff06df88f37ba7586b1b5a3ac8b43008b3eed0ca6a744393e6687,3,3,19.084046999999998,0.10638403729413579,0.9756049046496718,0.00756131387899385,0
cifar10,swin_tiny,grayscale,dense0_compact_test,dense,compact,dense_masked,30,8,host_raw_to_logits,heldout_val,45000,4ba79ef9f76ff06df88f37ba7586b1b5a3ac8b43008b3eed0ca6a744393e6687,3,3,19.1150205,0.1233771345803191,0.9767355616635366,0.008194863453743094,0
cifar10,swin_tiny,grayscale,dense0_compact_test,dense,compact,dense_masked,30,8,loader_to_cpu_prediction,heldout_val,45000,4ba79ef9f76ff06df88f37ba7586b1b5a3ac8b43008b3eed0ca6a744393e6687,3,3,19.32665233333333,0.10734379610081511,0.9764657090195648,0.007288850499744649,0
cifar10,swin_tiny,raw,raw_compact_test,dense,compact,compact,0,1,cached_input_model_only_diagnostic,heldout_val,45000,4ba79ef9f76ff06df88f37ba7586b1b5a3ac8b43008b3eed0ca6a744393e6687,3,3,22.724475833333333,0.18817385470445486,0.8040249298745727,0.004147443190601145,0
cifar10,swin_tiny,raw,raw_compact_test,dense,compact,compact,0,1,gpu_raw_to_logits,heldout_val,45000,4ba79ef9f76ff06df88f37ba7586b1b5a3ac8b43008b3eed0ca6a744393e6687,3,3,22.955497,0.19480818617231985,0.7992893047444415,0.002845643458295837,0
cifar10,swin_tiny,raw,raw_compact_test,dense,compact,compact,0,1,host_raw_to_logits,heldout_val,45000,4ba79ef9f76ff06df88f37ba7586b1b5a3ac8b43008b3eed0ca6a744393e6687,3,3,22.967037,0.15290445668537664,0.8020433183932721,0.004268086237559238,0
cifar10,swin_tiny,raw,raw_compact_test,dense,compact,compact,0,1,loader_to_cpu_prediction,heldout_val,45000,4ba79ef9f76ff06df88f37ba7586b1b5a3ac8b43008b3eed0ca6a744393e6687,3,3,23.1143095,0.13276588068946815,0.8048044587176426,0.005267920138000258,0
cifar10,swin_tiny,raw,raw_compact_test,dense,compact,compact,0,8,cached_input_model_only_diagnostic,heldout_val,45000,4ba79ef9f76ff06df88f37ba7586b1b5a3ac8b43008b3eed0ca6a744393e6687,3,3,23.164526666666667,0.08595429537599093,0.8017724600672679,0.003426907828291947,0
cifar10,swin_tiny,raw,raw_compact_test,dense,compact,compact,0,8,gpu_raw_to_logits,heldout_val,45000,4ba79ef9f76ff06df88f37ba7586b1b5a3ac8b43008b3eed0ca6a744393e6687,3,3,23.370427666666668,0.08827340160594047,0.7966500018231475,0.0019842856413544367,0
cifar10,swin_tiny,raw,raw_compact_test,dense,compact,compact,0,8,host_raw_to_logits,heldout_val,45000,4ba79ef9f76ff06df88f37ba7586b1b5a3ac8b43008b3eed0ca6a744393e6687,3,3,23.3950205,0.08791814252616058,0.7980233025851405,0.0024801813213800607,0
cifar10,swin_tiny,raw,raw_compact_test,dense,compact,compact,0,8,loader_to_cpu_prediction,heldout_val,45000,4ba79ef9f76ff06df88f37ba7586b1b5a3ac8b43008b3eed0ca6a744393e6687,3,3,23.541116166666665,0.14694855495575024,0.8016414506436292,0.001451930946269315,0
cifar10,swin_tiny,raw,raw_compact_test,dense,compact,compact,10,1,cached_input_model_only_diagnostic,heldout_val,45000,4ba79ef9f76ff06df88f37ba7586b1b5a3ac8b43008b3eed0ca6a744393e6687,3,3,24.255483166666668,0.13120765875543694,0.7533045985033537,0.010247260379701409,0
cifar10,swin_tiny,raw,raw_compact_test,dense,compact,compact,10,1,gpu_raw_to_logits,heldout_val,45000,4ba79ef9f76ff06df88f37ba7586b1b5a3ac8b43008b3eed0ca6a744393e6687,3,3,24.582957,0.08803020630300543,0.746394551020402,0.009283723926375317,0
cifar10,swin_tiny,raw,raw_compact_test,dense,compact,compact,10,1,host_raw_to_logits,heldout_val,45000,4ba79ef9f76ff06df88f37ba7586b1b5a3ac8b43008b3eed0ca6a744393e6687,3,3,24.520839833333334,0.06171765431044395,0.7512225074096491,0.006482131020623088,0
cifar10,swin_tiny,raw,raw_compact_test,dense,compact,compact,10,1,loader_to_cpu_prediction,heldout_val,45000,4ba79ef9f76ff06df88f37ba7586b1b5a3ac8b43008b3eed0ca6a744393e6687,3,3,24.718417166666665,0.060658252753299134,0.752585685366119,0.007786467639982316,0
cifar10,swin_tiny,raw,raw_compact_test,dense,compact,compact,10,8,cached_input_model_only_diagnostic,heldout_val,45000,4ba79ef9f76ff06df88f37ba7586b1b5a3ac8b43008b3eed0ca6a744393e6687,3,3,30.3531735,0.18081722585182528,0.6118910689411999,0.0028603302891765953,0
cifar10,swin_tiny,raw,raw_compact_test,dense,compact,compact,10,8,gpu_raw_to_logits,heldout_val,45000,4ba79ef9f76ff06df88f37ba7586b1b5a3ac8b43008b3eed0ca6a744393e6687,3,3,30.48988316666667,0.18532146814207348,0.6106522060690553,0.005799385035585799,0
cifar10,swin_tiny,raw,raw_compact_test,dense,compact,compact,10,8,host_raw_to_logits,heldout_val,45000,4ba79ef9f76ff06df88f37ba7586b1b5a3ac8b43008b3eed0ca6a744393e6687,3,3,30.592445166666668,0.26446896847377516,0.6103046727659008,0.0061177475406186885,0
cifar10,swin_tiny,raw,raw_compact_test,dense,compact,compact,10,8,loader_to_cpu_prediction,heldout_val,45000,4ba79ef9f76ff06df88f37ba7586b1b5a3ac8b43008b3eed0ca6a744393e6687,3,3,30.85495666666667,0.5151525564801982,0.6117234286911405,0.010013698669302701,0
cifar10,swin_tiny,raw,raw_compact_test,dense,compact,compact,20,1,cached_input_model_only_diagnostic,heldout_val,45000,4ba79ef9f76ff06df88f37ba7586b1b5a3ac8b43008b3eed0ca6a744393e6687,3,3,27.020594333333335,0.09701348089612828,0.6762091588193431,0.008812776414724345,0
cifar10,swin_tiny,raw,raw_compact_test,dense,compact,compact,20,1,gpu_raw_to_logits,heldout_val,45000,4ba79ef9f76ff06df88f37ba7586b1b5a3ac8b43008b3eed0ca6a744393e6687,3,3,27.282386,0.2721639074156408,0.6725540422147446,0.007202815102608511,0
cifar10,swin_tiny,raw,raw_compact_test,dense,compact,compact,20,1,host_raw_to_logits,heldout_val,45000,4ba79ef9f76ff06df88f37ba7586b1b5a3ac8b43008b3eed0ca6a744393e6687,3,3,27.389518,0.12557000324918502,0.6725587011262188,0.007768432442884472,0
cifar10,swin_tiny,raw,raw_compact_test,dense,compact,compact,20,1,loader_to_cpu_prediction,heldout_val,45000,4ba79ef9f76ff06df88f37ba7586b1b5a3ac8b43008b3eed0ca6a744393e6687,3,3,27.5712705,0.14676096802198563,0.6747244737845375,0.007705592505206496,0
cifar10,swin_tiny,raw,raw_compact_test,dense,compact,compact,20,8,cached_input_model_only_diagnostic,heldout_val,45000,4ba79ef9f76ff06df88f37ba7586b1b5a3ac8b43008b3eed0ca6a744393e6687,3,3,36.896049999999995,0.14723368944301093,0.5033785611501622,0.0020315370517715622,0
cifar10,swin_tiny,raw,raw_compact_test,dense,compact,compact,20,8,gpu_raw_to_logits,heldout_val,45000,4ba79ef9f76ff06df88f37ba7586b1b5a3ac8b43008b3eed0ca6a744393e6687,3,3,37.14296683333333,0.10219906941887374,0.501257634263841,0.0030150601823117516,0
cifar10,swin_tiny,raw,raw_compact_test,dense,compact,compact,20,8,host_raw_to_logits,heldout_val,45000,4ba79ef9f76ff06df88f37ba7586b1b5a3ac8b43008b3eed0ca6a744393e6687,3,3,37.11363983333333,0.13461254767325523,0.503052202323645,0.003995820619558442,0
cifar10,swin_tiny,raw,raw_compact_test,dense,compact,compact,20,8,loader_to_cpu_prediction,heldout_val,45000,4ba79ef9f76ff06df88f37ba7586b1b5a3ac8b43008b3eed0ca6a744393e6687,3,3,37.34458016666667,0.05499499755735472,0.5053329811123158,0.0025934197523808443,0
cifar10,swin_tiny,raw,raw_compact_test,dense,compact,compact,30,1,cached_input_model_only_diagnostic,heldout_val,45000,4ba79ef9f76ff06df88f37ba7586b1b5a3ac8b43008b3eed0ca6a744393e6687,3,3,29.5829715,0.33530759153462425,0.6176678387738804,0.008651931134928601,0
cifar10,swin_tiny,raw,raw_compact_test,dense,compact,compact,30,1,gpu_raw_to_logits,heldout_val,45000,4ba79ef9f76ff06df88f37ba7586b1b5a3ac8b43008b3eed0ca6a744393e6687,3,3,29.998936666666665,0.3563705565350249,0.6116817285662001,0.00913042234551358,0
cifar10,swin_tiny,raw,raw_compact_test,dense,compact,compact,30,1,host_raw_to_logits,heldout_val,45000,4ba79ef9f76ff06df88f37ba7586b1b5a3ac8b43008b3eed0ca6a744393e6687,3,3,30.007893666666668,0.31447565569862934,0.6138905580512996,0.006880494354547907,0
cifar10,swin_tiny,raw,raw_compact_test,dense,compact,compact,30,1,loader_to_cpu_prediction,heldout_val,45000,4ba79ef9f76ff06df88f37ba7586b1b5a3ac8b43008b3eed0ca6a744393e6687,3,3,30.151275666666667,0.36071282738361793,0.6170262651792635,0.008603095677187398,0
cifar10,swin_tiny,raw,raw_compact_test,dense,compact,compact,30,8,cached_input_model_only_diagnostic,heldout_val,45000,4ba79ef9f76ff06df88f37ba7586b1b5a3ac8b43008b3eed0ca6a744393e6687,3,3,43.052453666666665,0.19238459809800995,0.4314079836977336,0.004138216667254199,0
cifar10,swin_tiny,raw,raw_compact_test,dense,compact,compact,30,8,gpu_raw_to_logits,heldout_val,45000,4ba79ef9f76ff06df88f37ba7586b1b5a3ac8b43008b3eed0ca6a744393e6687,3,3,43.41393633333333,0.18290934436035497,0.4288604948517389,0.00379617863505119,0
cifar10,swin_tiny,raw,raw_compact_test,dense,compact,compact,30,8,host_raw_to_logits,heldout_val,45000,4ba79ef9f76ff06df88f37ba7586b1b5a3ac8b43008b3eed0ca6a744393e6687,3,3,43.298931333333336,0.16856547023733245,0.43119417530044774,0.003970315763116044,0
cifar10,swin_tiny,raw,raw_compact_test,dense,compact,compact,30,8,loader_to_cpu_prediction,heldout_val,45000,4ba79ef9f76ff06df88f37ba7586b1b5a3ac8b43008b3eed0ca6a744393e6687,3,3,43.468804166666665,0.13811717398312204,0.434144669747728,0.0035313089748950197,0
cifar10,swin_tiny,raw,raw_compact_test,dense,compact,dense_masked,0,1,cached_input_model_only_diagnostic,heldout_val,45000,4ba79ef9f76ff06df88f37ba7586b1b5a3ac8b43008b3eed0ca6a744393e6687,3,3,18.265978,0.0676813554016171,1.0002878166921594,0.01063202405078961,1
cifar10,swin_tiny,raw,raw_compact_test,dense,compact,dense_masked,0,1,gpu_raw_to_logits,heldout_val,45000,4ba79ef9f76ff06df88f37ba7586b1b5a3ac8b43008b3eed0ca6a744393e6687,3,3,18.4961015,0.10816033970799964,0.9920002100024281,0.007633630913834269,0
cifar10,swin_tiny,raw,raw_compact_test,dense,compact,dense_masked,0,1,host_raw_to_logits,heldout_val,45000,4ba79ef9f76ff06df88f37ba7586b1b5a3ac8b43008b3eed0ca6a744393e6687,3,3,18.529165,0.09059096497305871,0.994142531516494,0.007731657321605087,1
cifar10,swin_tiny,raw,raw_compact_test,dense,compact,dense_masked,0,1,loader_to_cpu_prediction,heldout_val,45000,4ba79ef9f76ff06df88f37ba7586b1b5a3ac8b43008b3eed0ca6a744393e6687,3,3,18.707559,0.10759237200308473,0.9943853905048027,0.006789807596951549,1
cifar10,swin_tiny,raw,raw_compact_test,dense,compact,dense_masked,0,8,cached_input_model_only_diagnostic,heldout_val,45000,4ba79ef9f76ff06df88f37ba7586b1b5a3ac8b43008b3eed0ca6a744393e6687,3,3,18.643086,0.22981890478102518,0.9962761714275795,0.006256805839664303,1
cifar10,swin_tiny,raw,raw_compact_test,dense,compact,dense_masked,0,8,gpu_raw_to_logits,heldout_val,45000,4ba79ef9f76ff06df88f37ba7586b1b5a3ac8b43008b3eed0ca6a744393e6687,3,3,18.8794885,0.2449100957759805,0.9862287075353039,0.009075814574413803,0
cifar10,swin_tiny,raw,raw_compact_test,dense,compact,dense_masked,0,8,host_raw_to_logits,heldout_val,45000,4ba79ef9f76ff06df88f37ba7586b1b5a3ac8b43008b3eed0ca6a744393e6687,3,3,18.862554833333334,0.28336885208608126,0.9898813544062945,0.010208440958421005,0
cifar10,swin_tiny,raw,raw_compact_test,dense,compact,dense_masked,0,8,loader_to_cpu_prediction,heldout_val,45000,4ba79ef9f76ff06df88f37ba7586b1b5a3ac8b43008b3eed0ca6a744393e6687,3,3,19.127089666666667,0.19081942131523982,0.9866732737999752,0.006760643809282839,0
cifar10,swin_tiny,raw,raw_compact_test,dense,compact,dense_masked,10,1,cached_input_model_only_diagnostic,heldout_val,45000,4ba79ef9f76ff06df88f37ba7586b1b5a3ac8b43008b3eed0ca6a744393e6687,3,3,17.929436,0.11192558154081672,1.019056474813624,0.008303669066007706,3
cifar10,swin_tiny,raw,raw_compact_test,dense,compact,dense_masked,10,1,gpu_raw_to_logits,heldout_val,45000,4ba79ef9f76ff06df88f37ba7586b1b5a3ac8b43008b3eed0ca6a744393e6687,3,3,18.233778666666666,0.10481914775618756,1.006285543754247,0.010120555256702418,2
cifar10,swin_tiny,raw,raw_compact_test,dense,compact,dense_masked,10,1,host_raw_to_logits,heldout_val,45000,4ba79ef9f76ff06df88f37ba7586b1b5a3ac8b43008b3eed0ca6a744393e6687,3,3,18.316017833333333,0.13768342045461843,1.0057421673924425,0.010977105045368502,2
cifar10,swin_tiny,raw,raw_compact_test,dense,compact,dense_masked,10,1,loader_to_cpu_prediction,heldout_val,45000,4ba79ef9f76ff06df88f37ba7586b1b5a3ac8b43008b3eed0ca6a744393e6687,3,3,18.510932666666665,0.2182939795604387,1.0050454978585914,0.015276070184036119,2
cifar10,swin_tiny,raw,raw_compact_test,dense,compact,dense_masked,10,8,cached_input_model_only_diagnostic,heldout_val,45000,4ba79ef9f76ff06df88f37ba7586b1b5a3ac8b43008b3eed0ca6a744393e6687,3,3,18.455587333333334,0.11268144428579586,1.006401944841596,0.012979692037889175,2
cifar10,swin_tiny,raw,raw_compact_test,dense,compact,dense_masked,10,8,gpu_raw_to_logits,heldout_val,45000,4ba79ef9f76ff06df88f37ba7586b1b5a3ac8b43008b3eed0ca6a744393e6687,3,3,18.80738,0.11690946631047512,0.989978090821696,0.010724600721007692,0
cifar10,swin_tiny,raw,raw_compact_test,dense,compact,dense_masked,10,8,host_raw_to_logits,heldout_val,45000,4ba79ef9f76ff06df88f37ba7586b1b5a3ac8b43008b3eed0ca6a744393e6687,3,3,18.816188666666665,0.10564069515264117,0.9922593398055398,0.010654884451745726,1
cifar10,swin_tiny,raw,raw_compact_test,dense,compact,dense_masked,10,8,loader_to_cpu_prediction,heldout_val,45000,4ba79ef9f76ff06df88f37ba7586b1b5a3ac8b43008b3eed0ca6a744393e6687,3,3,19.009697833333334,0.0869750213054491,0.9927547866135241,0.009429759620230847,1
cifar10,swin_tiny,raw,raw_compact_test,dense,compact,dense_masked,20,1,cached_input_model_only_diagnostic,heldout_val,45000,4ba79ef9f76ff06df88f37ba7586b1b5a3ac8b43008b3eed0ca6a744393e6687,3,3,18.186252,0.0427632839361056,1.0046784101661788,0.011795227389426139,1
cifar10,swin_tiny,raw,raw_compact_test,dense,compact,dense_masked,20,1,gpu_raw_to_logits,heldout_val,45000,4ba79ef9f76ff06df88f37ba7586b1b5a3ac8b43008b3eed0ca6a744393e6687,3,3,18.5140505,0.09249908644278533,0.9910255688430748,0.005377111872767344,0
cifar10,swin_tiny,raw,raw_compact_test,dense,compact,dense_masked,20,1,host_raw_to_logits,heldout_val,45000,4ba79ef9f76ff06df88f37ba7586b1b5a3ac8b43008b3eed0ca6a744393e6687,3,3,18.5786875,0.10073421884220812,0.9914801994731178,0.004164451910764306,0
cifar10,swin_tiny,raw,raw_compact_test,dense,compact,dense_masked,20,1,loader_to_cpu_prediction,heldout_val,45000,4ba79ef9f76ff06df88f37ba7586b1b5a3ac8b43008b3eed0ca6a744393e6687,3,3,18.7432465,0.06445843586567918,0.9924957461667413,0.008837799864372409,1
cifar10,swin_tiny,raw,raw_compact_test,dense,compact,dense_masked,20,8,cached_input_model_only_diagnostic,heldout_val,45000,4ba79ef9f76ff06df88f37ba7586b1b5a3ac8b43008b3eed0ca6a744393e6687,3,3,18.4439205,0.082328602643614,1.0069799384185691,0.0029611535672706022,3
cifar10,swin_tiny,raw,raw_compact_test,dense,compact,dense_masked,20,8,gpu_raw_to_logits,heldout_val,45000,4ba79ef9f76ff06df88f37ba7586b1b5a3ac8b43008b3eed0ca6a744393e6687,3,3,18.7928865,0.07384258791002794,0.9906980652577657,0.0029854216176271164,0
cifar10,swin_tiny,raw,raw_compact_test,dense,compact,dense_masked,20,8,host_raw_to_logits,heldout_val,45000,4ba79ef9f76ff06df88f37ba7586b1b5a3ac8b43008b3eed0ca6a744393e6687,3,3,18.848589833333335,0.2249392731507408,0.9906299235968441,0.015202921138793858,1
cifar10,swin_tiny,raw,raw_compact_test,dense,compact,dense_masked,20,8,loader_to_cpu_prediction,heldout_val,45000,4ba79ef9f76ff06df88f37ba7586b1b5a3ac8b43008b3eed0ca6a744393e6687,3,3,19.075256999999997,0.07616505647604978,0.9893258214505145,0.006540788605721255,0
cifar10,swin_tiny,raw,raw_compact_test,dense,compact,dense_masked,30,1,cached_input_model_only_diagnostic,heldout_val,45000,4ba79ef9f76ff06df88f37ba7586b1b5a3ac8b43008b3eed0ca6a744393e6687,3,3,18.412884166666664,0.23255473708373053,0.9924339011745221,0.018563487577363483,1
cifar10,swin_tiny,raw,raw_compact_test,dense,compact,dense_masked,30,1,gpu_raw_to_logits,heldout_val,45000,4ba79ef9f76ff06df88f37ba7586b1b5a3ac8b43008b3eed0ca6a744393e6687,3,3,18.604275333333334,0.07255681370542234,0.9862681981435314,0.013535379968110349,1
cifar10,swin_tiny,raw,raw_compact_test,dense,compact,dense_masked,30,1,host_raw_to_logits,heldout_val,45000,4ba79ef9f76ff06df88f37ba7586b1b5a3ac8b43008b3eed0ca6a744393e6687,3,3,18.634513166666665,0.05564199667816726,0.9885349391258421,0.010580692659054165,1
cifar10,swin_tiny,raw,raw_compact_test,dense,compact,dense_masked,30,1,loader_to_cpu_prediction,heldout_val,45000,4ba79ef9f76ff06df88f37ba7586b1b5a3ac8b43008b3eed0ca6a744393e6687,3,3,18.767372333333334,0.03336644872223225,0.9912201439301529,0.009348819233312192,1
cifar10,swin_tiny,raw,raw_compact_test,dense,compact,dense_masked,30,8,cached_input_model_only_diagnostic,heldout_val,45000,4ba79ef9f76ff06df88f37ba7586b1b5a3ac8b43008b3eed0ca6a744393e6687,3,3,18.599216333333334,0.20917499468228248,0.9986108268146827,0.004281708070657732,1
cifar10,swin_tiny,raw,raw_compact_test,dense,compact,dense_masked,30,8,gpu_raw_to_logits,heldout_val,45000,4ba79ef9f76ff06df88f37ba7586b1b5a3ac8b43008b3eed0ca6a744393e6687,3,3,18.896454666666667,0.09228733496034752,0.9852681345840187,0.0005655193821760921,0
cifar10,swin_tiny,raw,raw_compact_test,dense,compact,dense_masked,30,8,host_raw_to_logits,heldout_val,45000,4ba79ef9f76ff06df88f37ba7586b1b5a3ac8b43008b3eed0ca6a744393e6687,3,3,18.905428166666667,0.09830546595222235,0.9875360849828526,0.00022686481880648457,0
cifar10,swin_tiny,raw,raw_compact_test,dense,compact,dense_masked,30,8,loader_to_cpu_prediction,heldout_val,45000,4ba79ef9f76ff06df88f37ba7586b1b5a3ac8b43008b3eed0ca6a744393e6687,3,3,19.1098285,0.11692121460945365,0.9875290933189899,0.0010364458806480822,0
cifar10,swin_tiny,raw,raw_dense_reference,dense,dense,dense,0,1,cached_input_model_only_diagnostic,heldout_val,45000,4ba79ef9f76ff06df88f37ba7586b1b5a3ac8b43008b3eed0ca6a744393e6687,3,3,18.271069166666667,0.1823281119824465,1.0,0.0,0
cifar10,swin_tiny,raw,raw_dense_reference,dense,dense,dense,0,1,gpu_raw_to_logits,heldout_val,45000,4ba79ef9f76ff06df88f37ba7586b1b5a3ac8b43008b3eed0ca6a744393e6687,3,3,18.3481505,0.1798029001969915,1.0,0.0,0
cifar10,swin_tiny,raw,raw_dense_reference,dense,dense,dense,0,1,host_raw_to_logits,heldout_val,45000,4ba79ef9f76ff06df88f37ba7586b1b5a3ac8b43008b3eed0ca6a744393e6687,3,3,18.420508166666668,0.14818998024692204,1.0,0.0,0
cifar10,swin_tiny,raw,raw_dense_reference,dense,dense,dense,0,1,loader_to_cpu_prediction,heldout_val,45000,4ba79ef9f76ff06df88f37ba7586b1b5a3ac8b43008b3eed0ca6a744393e6687,3,3,18.602426166666667,0.1492509941091954,1.0,0.0,0
cifar10,swin_tiny,raw,raw_dense_reference,dense,dense,dense,0,8,cached_input_model_only_diagnostic,heldout_val,45000,4ba79ef9f76ff06df88f37ba7586b1b5a3ac8b43008b3eed0ca6a744393e6687,3,3,18.572793,0.13183221354433872,1.0,0.0,0
cifar10,swin_tiny,raw,raw_dense_reference,dense,dense,dense,0,8,gpu_raw_to_logits,heldout_val,45000,4ba79ef9f76ff06df88f37ba7586b1b5a3ac8b43008b3eed0ca6a744393e6687,3,3,18.618063333333332,0.08805328332511665,1.0,0.0,0
cifar10,swin_tiny,raw,raw_dense_reference,dense,dense,dense,0,8,host_raw_to_logits,heldout_val,45000,4ba79ef9f76ff06df88f37ba7586b1b5a3ac8b43008b3eed0ca6a744393e6687,3,3,18.6698045,0.1005564784325194,1.0,0.0,0
cifar10,swin_tiny,raw,raw_dense_reference,dense,dense,dense,0,8,loader_to_cpu_prediction,heldout_val,45000,4ba79ef9f76ff06df88f37ba7586b1b5a3ac8b43008b3eed0ca6a744393e6687,3,3,18.871437,0.09753635982417055,1.0,0.0,0
cifar10,swin_tiny,single_color,compact0_compact_test,compact,compact,compact,0,1,cached_input_model_only_diagnostic,heldout_val,45000,4ba79ef9f76ff06df88f37ba7586b1b5a3ac8b43008b3eed0ca6a744393e6687,3,3,22.832966,0.112234149645953,0.8002049154778496,0.006795943274424043,0
cifar10,swin_tiny,single_color,compact0_compact_test,compact,compact,compact,0,1,gpu_raw_to_logits,heldout_val,45000,4ba79ef9f76ff06df88f37ba7586b1b5a3ac8b43008b3eed0ca6a744393e6687,3,3,23.171332500000002,0.08833681869413264,0.7918466366040701,0.0070808738384260765,0
cifar10,swin_tiny,single_color,compact0_compact_test,compact,compact,compact,0,1,host_raw_to_logits,heldout_val,45000,4ba79ef9f76ff06df88f37ba7586b1b5a3ac8b43008b3eed0ca6a744393e6687,3,3,23.21311066666667,0.06109114944968102,0.7935378833193396,0.005803852914604495,0
cifar10,swin_tiny,single_color,compact0_compact_test,compact,compact,compact,0,1,loader_to_cpu_prediction,heldout_val,45000,4ba79ef9f76ff06df88f37ba7586b1b5a3ac8b43008b3eed0ca6a744393e6687,3,3,23.406254999999998,0.07280910846865177,0.7947621159748849,0.0056813046427817366,0
cifar10,swin_tiny,single_color,compact0_compact_test,compact,compact,compact,0,8,cached_input_model_only_diagnostic,heldout_val,45000,4ba79ef9f76ff06df88f37ba7586b1b5a3ac8b43008b3eed0ca6a744393e6687,3,3,23.314035999999998,0.17322080164633685,0.7966812285599763,0.010309892917772541,0
cifar10,swin_tiny,single_color,compact0_compact_test,compact,compact,compact,0,8,gpu_raw_to_logits,heldout_val,45000,4ba79ef9f76ff06df88f37ba7586b1b5a3ac8b43008b3eed0ca6a744393e6687,3,3,23.634085833333334,0.2684244642503419,0.7878199319805957,0.0082560244015775,0
cifar10,swin_tiny,single_color,compact0_compact_test,compact,compact,compact,0,8,host_raw_to_logits,heldout_val,45000,4ba79ef9f76ff06df88f37ba7586b1b5a3ac8b43008b3eed0ca6a744393e6687,3,3,23.731816000000002,0.21784016626703614,0.7867355200721613,0.007172310816172023,0
cifar10,swin_tiny,single_color,compact0_compact_test,compact,compact,compact,0,8,loader_to_cpu_prediction,heldout_val,45000,4ba79ef9f76ff06df88f37ba7586b1b5a3ac8b43008b3eed0ca6a744393e6687,3,3,23.918256833333334,0.23777799772073815,0.7890510289604463,0.009111131840487627,0
cifar10,swin_tiny,single_color,compact0_compact_test,compact,compact,compact,10,1,cached_input_model_only_diagnostic,heldout_val,45000,4ba79ef9f76ff06df88f37ba7586b1b5a3ac8b43008b3eed0ca6a744393e6687,3,3,22.667166333333334,0.058282277283348366,0.8060491946771554,0.006083308785885802,0
cifar10,swin_tiny,single_color,compact0_compact_test,compact,compact,compact,10,1,gpu_raw_to_logits,heldout_val,45000,4ba79ef9f76ff06df88f37ba7586b1b5a3ac8b43008b3eed0ca6a744393e6687,3,3,23.138141166666667,0.11407979036000916,0.7930008875150225,0.009358368715624872,0
cifar10,swin_tiny,single_color,compact0_compact_test,compact,compact,compact,10,1,host_raw_to_logits,heldout_val,45000,4ba79ef9f76ff06df88f37ba7586b1b5a3ac8b43008b3eed0ca6a744393e6687,3,3,23.164132666666667,0.13368012265323148,0.7952353707945735,0.007999672091017849,0
cifar10,swin_tiny,single_color,compact0_compact_test,compact,compact,compact,10,1,loader_to_cpu_prediction,heldout_val,45000,4ba79ef9f76ff06df88f37ba7586b1b5a3ac8b43008b3eed0ca6a744393e6687,3,3,23.351997,0.1045009982201145,0.7966234652059778,0.007813810764408293,0
cifar10,swin_tiny,single_color,compact0_compact_test,compact,compact,compact,10,8,cached_input_model_only_diagnostic,heldout_val,45000,4ba79ef9f76ff06df88f37ba7586b1b5a3ac8b43008b3eed0ca6a744393e6687,3,3,24.977508,0.33732497809271134,0.743713376998804,0.014966565644681587,0
cifar10,swin_tiny,single_color,compact0_compact_test,compact,compact,compact,10,8,gpu_raw_to_logits,heldout_val,45000,4ba79ef9f76ff06df88f37ba7586b1b5a3ac8b43008b3eed0ca6a744393e6687,3,3,25.448146166666668,0.33148749270158545,0.7317114290782648,0.012196067871166748,0
cifar10,swin_tiny,single_color,compact0_compact_test,compact,compact,compact,10,8,host_raw_to_logits,heldout_val,45000,4ba79ef9f76ff06df88f37ba7586b1b5a3ac8b43008b3eed0ca6a744393e6687,3,3,25.511098,0.4281248573874223,0.7320014895475122,0.01548885902093317,0
cifar10,swin_tiny,single_color,compact0_compact_test,compact,compact,compact,10,8,loader_to_cpu_prediction,heldout_val,45000,4ba79ef9f76ff06df88f37ba7586b1b5a3ac8b43008b3eed0ca6a744393e6687,3,3,25.673443833333334,0.37943222759681816,0.7351908334608412,0.013881592063109016,0
cifar10,swin_tiny,single_color,compact0_compact_test,compact,compact,compact,20,1,cached_input_model_only_diagnostic,heldout_val,45000,4ba79ef9f76ff06df88f37ba7586b1b5a3ac8b43008b3eed0ca6a744393e6687,3,3,23.880974,0.09753418831748173,0.7650889445371555,0.006952609278956957,0
cifar10,swin_tiny,single_color,compact0_compact_test,compact,compact,compact,20,1,gpu_raw_to_logits,heldout_val,45000,4ba79ef9f76ff06df88f37ba7586b1b5a3ac8b43008b3eed0ca6a744393e6687,3,3,24.3426105,0.11390651242027267,0.7537617397524453,0.008774019364010838,0
cifar10,swin_tiny,single_color,compact0_compact_test,compact,compact,compact,20,1,host_raw_to_logits,heldout_val,45000,4ba79ef9f76ff06df88f37ba7586b1b5a3ac8b43008b3eed0ca6a744393e6687,3,3,24.369076500000002,0.10248791254704324,0.7559067933989141,0.007028004828523267,0
cifar10,swin_tiny,single_color,compact0_compact_test,compact,compact,compact,20,1,loader_to_cpu_prediction,heldout_val,45000,4ba79ef9f76ff06df88f37ba7586b1b5a3ac8b43008b3eed0ca6a744393e6687,3,3,24.545319833333334,0.11592378891143823,0.7578915681412649,0.006967438548660127,0
cifar10,swin_tiny,single_color,compact0_compact_test,compact,compact,compact,20,8,cached_input_model_only_diagnostic,heldout_val,45000,4ba79ef9f76ff06df88f37ba7586b1b5a3ac8b43008b3eed0ca6a744393e6687,3,3,28.780684833333332,0.39778554337429467,0.6453993913793998,0.009597667775864583,0
cifar10,swin_tiny,single_color,compact0_compact_test,compact,compact,compact,20,8,gpu_raw_to_logits,heldout_val,45000,4ba79ef9f76ff06df88f37ba7586b1b5a3ac8b43008b3eed0ca6a744393e6687,3,3,29.248663833333335,0.28454635582376314,0.6365800695941791,0.006297487501691773,0
cifar10,swin_tiny,single_color,compact0_compact_test,compact,compact,compact,20,8,host_raw_to_logits,heldout_val,45000,4ba79ef9f76ff06df88f37ba7586b1b5a3ac8b43008b3eed0ca6a744393e6687,3,3,29.281805666666667,0.3921774495028799,0.6376698832757249,0.009529415298699303,0
cifar10,swin_tiny,single_color,compact0_compact_test,compact,compact,compact,20,8,loader_to_cpu_prediction,heldout_val,45000,4ba79ef9f76ff06df88f37ba7586b1b5a3ac8b43008b3eed0ca6a744393e6687,3,3,29.417368833333335,0.2443467067663972,0.6415373057068025,0.006456691290858942,0
cifar10,swin_tiny,single_color,compact0_compact_test,compact,compact,compact,30,1,cached_input_model_only_diagnostic,heldout_val,45000,4ba79ef9f76ff06df88f37ba7586b1b5a3ac8b43008b3eed0ca6a744393e6687,3,3,25.771347,0.11930758617434974,0.708964166530319,0.005495909517964871,0
cifar10,swin_tiny,single_color,compact0_compact_test,compact,compact,compact,30,1,gpu_raw_to_logits,heldout_val,45000,4ba79ef9f76ff06df88f37ba7586b1b5a3ac8b43008b3eed0ca6a744393e6687,3,3,26.204606666666667,0.14390741121058875,0.7001914269026405,0.006266686985571365,0
cifar10,swin_tiny,single_color,compact0_compact_test,compact,compact,compact,30,1,host_raw_to_logits,heldout_val,45000,4ba79ef9f76ff06df88f37ba7586b1b5a3ac8b43008b3eed0ca6a744393e6687,3,3,26.273609166666667,0.12953238162939482,0.7011064306538355,0.0051770317397473635,0
cifar10,swin_tiny,single_color,compact0_compact_test,compact,compact,compact,30,1,loader_to_cpu_prediction,heldout_val,45000,4ba79ef9f76ff06df88f37ba7586b1b5a3ac8b43008b3eed0ca6a744393e6687,3,3,26.466223833333334,0.1520173265587934,0.7028832242497832,0.005857716152113999,0
cifar10,swin_tiny,single_color,compact0_compact_test,compact,compact,compact,30,8,cached_input_model_only_diagnostic,heldout_val,45000,4ba79ef9f76ff06df88f37ba7586b1b5a3ac8b43008b3eed0ca6a744393e6687,3,3,32.816866833333336,0.21231052952240578,0.5659800897263574,0.007008404481409029,0
cifar10,swin_tiny,single_color,compact0_compact_test,compact,compact,compact,30,8,gpu_raw_to_logits,heldout_val,45000,4ba79ef9f76ff06df88f37ba7586b1b5a3ac8b43008b3eed0ca6a744393e6687,3,3,33.326309333333334,0.1503535250578882,0.5586597104435937,0.0008886774005509898,0
cifar10,swin_tiny,single_color,compact0_compact_test,compact,compact,compact,30,8,host_raw_to_logits,heldout_val,45000,4ba79ef9f76ff06df88f37ba7586b1b5a3ac8b43008b3eed0ca6a744393e6687,3,3,33.273038666666665,0.17020603576425528,0.5611287624973365,0.005822740793891199,0
cifar10,swin_tiny,single_color,compact0_compact_test,compact,compact,compact,30,8,loader_to_cpu_prediction,heldout_val,45000,4ba79ef9f76ff06df88f37ba7586b1b5a3ac8b43008b3eed0ca6a744393e6687,3,3,33.313857166666665,0.09065349308263498,0.5664737620466969,0.0023758012691181486,0
cifar10,swin_tiny,single_color,compact0_compact_test,compact,compact,dense_masked,0,1,cached_input_model_only_diagnostic,heldout_val,45000,4ba79ef9f76ff06df88f37ba7586b1b5a3ac8b43008b3eed0ca6a744393e6687,3,3,18.351352333333335,0.04661170927281402,0.9956183117119115,0.008454886037041162,1
cifar10,swin_tiny,single_color,compact0_compact_test,compact,compact,dense_masked,0,1,gpu_raw_to_logits,heldout_val,45000,4ba79ef9f76ff06df88f37ba7586b1b5a3ac8b43008b3eed0ca6a744393e6687,3,3,18.657634,0.03167631804282275,0.9834168933417629,0.010146603923978013,0
cifar10,swin_tiny,single_color,compact0_compact_test,compact,compact,dense_masked,0,1,host_raw_to_logits,heldout_val,45000,4ba79ef9f76ff06df88f37ba7586b1b5a3ac8b43008b3eed0ca6a744393e6687,3,3,18.681688666666666,0.03226332940558654,0.9860225812617628,0.008327343436584101,0
cifar10,swin_tiny,single_color,compact0_compact_test,compact,compact,dense_masked,0,1,loader_to_cpu_prediction,heldout_val,45000,4ba79ef9f76ff06df88f37ba7586b1b5a3ac8b43008b3eed0ca6a744393e6687,3,3,18.888796,0.04705766884366506,0.9848408879302664,0.007835252932438098,0
cifar10,swin_tiny,single_color,compact0_compact_test,compact,compact,dense_masked,0,8,cached_input_model_only_diagnostic,heldout_val,45000,4ba79ef9f76ff06df88f37ba7586b1b5a3ac8b43008b3eed0ca6a744393e6687,3,3,18.711830166666665,0.11307498726103567,0.9926219825758056,0.013028586703582222,1
cifar10,swin_tiny,single_color,compact0_compact_test,compact,compact,dense_masked,0,8,gpu_raw_to_logits,heldout_val,45000,4ba79ef9f76ff06df88f37ba7586b1b5a3ac8b43008b3eed0ca6a744393e6687,3,3,19.060336666666664,0.12984182825397048,0.9768445108163171,0.010895204689426735,0
cifar10,swin_tiny,single_color,compact0_compact_test,compact,compact,dense_masked,0,8,host_raw_to_logits,heldout_val,45000,4ba79ef9f76ff06df88f37ba7586b1b5a3ac8b43008b3eed0ca6a744393e6687,3,3,19.083243,0.12376240084633833,0.9783823333857743,0.01123699882005611,0
cifar10,swin_tiny,single_color,compact0_compact_test,compact,compact,dense_masked,0,8,loader_to_cpu_prediction,heldout_val,45000,4ba79ef9f76ff06df88f37ba7586b1b5a3ac8b43008b3eed0ca6a744393e6687,3,3,19.323117166666666,0.11335739385052582,0.9766657257149726,0.010593630382512707,0
cifar10,swin_tiny,single_color,compact0_compact_test,compact,compact,dense_masked,10,1,cached_input_model_only_diagnostic,heldout_val,45000,4ba79ef9f76ff06df88f37ba7586b1b5a3ac8b43008b3eed0ca6a744393e6687,3,3,18.177550666666665,0.20486649077224361,1.0051544180580563,0.0012938023559360928,3
cifar10,swin_tiny,single_color,compact0_compact_test,compact,compact,dense_masked,10,1,gpu_raw_to_logits,heldout_val,45000,4ba79ef9f76ff06df88f37ba7586b1b5a3ac8b43008b3eed0ca6a744393e6687,3,3,18.610799,0.210926543848799,0.9858990371281294,0.001846672920534379,0
cifar10,swin_tiny,single_color,compact0_compact_test,compact,compact,dense_masked,10,1,host_raw_to_logits,heldout_val,45000,4ba79ef9f76ff06df88f37ba7586b1b5a3ac8b43008b3eed0ca6a744393e6687,3,3,18.625587499999998,0.2092445082959183,0.9890151144791092,0.004061589093676862,0
cifar10,swin_tiny,single_color,compact0_compact_test,compact,compact,dense_masked,10,1,loader_to_cpu_prediction,heldout_val,45000,4ba79ef9f76ff06df88f37ba7586b1b5a3ac8b43008b3eed0ca6a744393e6687,3,3,18.820390833333335,0.21825761309192174,0.9884461977230039,0.003657076778261736,0
cifar10,swin_tiny,single_color,compact0_compact_test,compact,compact,dense_masked,10,8,cached_input_model_only_diagnostic,heldout_val,45000,4ba79ef9f76ff06df88f37ba7586b1b5a3ac8b43008b3eed0ca6a744393e6687,3,3,18.513660333333334,0.03984444576830395,1.0031885997972299,0.005453929615513603,2
cifar10,swin_tiny,single_color,compact0_compact_test,compact,compact,dense_masked,10,8,gpu_raw_to_logits,heldout_val,45000,4ba79ef9f76ff06df88f37ba7586b1b5a3ac8b43008b3eed0ca6a744393e6687,3,3,18.981194,0.04068316954220695,0.9808688955442805,0.004127818396894787,0
cifar10,swin_tiny,single_color,compact0_compact_test,compact,compact,dense_masked,10,8,host_raw_to_logits,heldout_val,45000,4ba79ef9f76ff06df88f37ba7586b1b5a3ac8b43008b3eed0ca6a744393e6687,3,3,18.999528833333333,0.04759692520618691,0.9826500410497506,0.005905645190205144,0
cifar10,swin_tiny,single_color,compact0_compact_test,compact,compact,dense_masked,10,8,loader_to_cpu_prediction,heldout_val,45000,4ba79ef9f76ff06df88f37ba7586b1b5a3ac8b43008b3eed0ca6a744393e6687,3,3,19.241037833333333,0.03543560797535931,0.9807870149377798,0.0032702209872198886,0
cifar10,swin_tiny,single_color,compact0_compact_test,compact,compact,dense_masked,20,1,cached_input_model_only_diagnostic,heldout_val,45000,4ba79ef9f76ff06df88f37ba7586b1b5a3ac8b43008b3eed0ca6a744393e6687,3,3,18.301175166666667,0.17104175746461256,0.9983517297139353,0.001548631764785744,0
cifar10,swin_tiny,single_color,compact0_compact_test,compact,compact,dense_masked,20,1,gpu_raw_to_logits,heldout_val,45000,4ba79ef9f76ff06df88f37ba7586b1b5a3ac8b43008b3eed0ca6a744393e6687,3,3,18.523486333333334,0.2720170762219408,0.9905832403871596,0.005348672271474173,0
cifar10,swin_tiny,single_color,compact0_compact_test,compact,compact,dense_masked,20,1,host_raw_to_logits,heldout_val,45000,4ba79ef9f76ff06df88f37ba7586b1b5a3ac8b43008b3eed0ca6a744393e6687,3,3,18.693735666666665,0.14958131997707355,0.9853843898506583,0.0013418290144148277,0
cifar10,swin_tiny,single_color,compact0_compact_test,compact,compact,dense_masked,20,1,loader_to_cpu_prediction,heldout_val,45000,4ba79ef9f76ff06df88f37ba7586b1b5a3ac8b43008b3eed0ca6a744393e6687,3,3,18.933206333333334,0.11394396927254971,0.9825221693590793,0.002573940235497104,0
cifar10,swin_tiny,single_color,compact0_compact_test,compact,compact,dense_masked,20,8,cached_input_model_only_diagnostic,heldout_val,45000,4ba79ef9f76ff06df88f37ba7586b1b5a3ac8b43008b3eed0ca6a744393e6687,3,3,18.532451,0.13760628772788644,1.0022383971709528,0.013458413101846832,1
cifar10,swin_tiny,single_color,compact0_compact_test,compact,compact,dense_masked,20,8,gpu_raw_to_logits,heldout_val,45000,4ba79ef9f76ff06df88f37ba7586b1b5a3ac8b43008b3eed0ca6a744393e6687,3,3,18.994967666666668,0.06553397203804547,0.9801747325806481,0.0077563615160842455,0
cifar10,swin_tiny,single_color,compact0_compact_test,compact,compact,dense_masked,20,8,host_raw_to_logits,heldout_val,45000,4ba79ef9f76ff06df88f37ba7586b1b5a3ac8b43008b3eed0ca6a744393e6687,3,3,19.00603083333333,0.08556099222533216,0.9823355949128155,0.009235404031560314,0
cifar10,swin_tiny,single_color,compact0_compact_test,compact,compact,dense_masked,20,8,loader_to_cpu_prediction,heldout_val,45000,4ba79ef9f76ff06df88f37ba7586b1b5a3ac8b43008b3eed0ca6a744393e6687,3,3,19.232093,0.08061523587852273,0.9812706801900076,0.00883053178321868,0
cifar10,swin_tiny,single_color,compact0_compact_test,compact,compact,dense_masked,30,1,cached_input_model_only_diagnostic,heldout_val,45000,4ba79ef9f76ff06df88f37ba7586b1b5a3ac8b43008b3eed0ca6a744393e6687,3,3,18.363200833333334,0.09726089393653256,0.9950159671896657,0.013031271654660656,1
cifar10,swin_tiny,single_color,compact0_compact_test,compact,compact,dense_masked,30,1,gpu_raw_to_logits,heldout_val,45000,4ba79ef9f76ff06df88f37ba7586b1b5a3ac8b43008b3eed0ca6a744393e6687,3,3,18.794728166666665,0.11415130887590993,0.9762876643025407,0.01407480290009909,0
cifar10,swin_tiny,single_color,compact0_compact_test,compact,compact,dense_masked,30,1,host_raw_to_logits,heldout_val,45000,4ba79ef9f76ff06df88f37ba7586b1b5a3ac8b43008b3eed0ca6a744393e6687,3,3,18.801086166666664,0.11131662261577793,0.9797943993233205,0.011689234869604359,0
cifar10,swin_tiny,single_color,compact0_compact_test,compact,compact,dense_masked,30,1,loader_to_cpu_prediction,heldout_val,45000,4ba79ef9f76ff06df88f37ba7586b1b5a3ac8b43008b3eed0ca6a744393e6687,3,3,19.0111475,0.11860528261106214,0.9785423963062544,0.012081660632778716,0
cifar10,swin_tiny,single_color,compact0_compact_test,compact,compact,dense_masked,30,8,cached_input_model_only_diagnostic,heldout_val,45000,4ba79ef9f76ff06df88f37ba7586b1b5a3ac8b43008b3eed0ca6a744393e6687,3,3,18.479031,0.10450704010256728,1.0050728793352535,0.003902967283713633,3
cifar10,swin_tiny,single_color,compact0_compact_test,compact,compact,dense_masked,30,8,gpu_raw_to_logits,heldout_val,45000,4ba79ef9f76ff06df88f37ba7586b1b5a3ac8b43008b3eed0ca6a744393e6687,3,3,18.967654333333332,0.0845435929939897,0.9815683237946498,0.0003696369043549112,0
cifar10,swin_tiny,single_color,compact0_compact_test,compact,compact,dense_masked,30,8,host_raw_to_logits,heldout_val,45000,4ba79ef9f76ff06df88f37ba7586b1b5a3ac8b43008b3eed0ca6a744393e6687,3,3,18.971157833333333,0.09690897520009979,0.9841143080356309,0.0004896442622977385,0
cifar10,swin_tiny,single_color,compact0_compact_test,compact,compact,dense_masked,30,8,loader_to_cpu_prediction,heldout_val,45000,4ba79ef9f76ff06df88f37ba7586b1b5a3ac8b43008b3eed0ca6a744393e6687,3,3,19.214612166666665,0.07416460389622194,0.9821368581660803,0.0015793860740179043,0
cifar10,swin_tiny,single_color,dense0_compact_test,dense,compact,compact,0,1,cached_input_model_only_diagnostic,heldout_val,45000,4ba79ef9f76ff06df88f37ba7586b1b5a3ac8b43008b3eed0ca6a744393e6687,3,3,22.582618166666666,0.2800712481112312,0.8091028467697065,0.005271921312108342,0
cifar10,swin_tiny,single_color,dense0_compact_test,dense,compact,compact,0,1,gpu_raw_to_logits,heldout_val,45000,4ba79ef9f76ff06df88f37ba7586b1b5a3ac8b43008b3eed0ca6a744393e6687,3,3,23.067391666666666,0.07807216117370766,0.7954035653561874,0.0050965775516563635,0
cifar10,swin_tiny,single_color,dense0_compact_test,dense,compact,compact,0,1,host_raw_to_logits,heldout_val,45000,4ba79ef9f76ff06df88f37ba7586b1b5a3ac8b43008b3eed0ca6a744393e6687,3,3,23.046405166666666,0.1208946571258779,0.7992729400739564,0.003011346831216875,0
cifar10,swin_tiny,single_color,dense0_compact_test,dense,compact,compact,0,1,loader_to_cpu_prediction,heldout_val,45000,4ba79ef9f76ff06df88f37ba7586b1b5a3ac8b43008b3eed0ca6a744393e6687,3,3,23.124213666666666,0.26919956523940425,0.804483557628317,0.00436080769104663,0
cifar10,swin_tiny,single_color,dense0_compact_test,dense,compact,compact,0,8,cached_input_model_only_diagnostic,heldout_val,45000,4ba79ef9f76ff06df88f37ba7586b1b5a3ac8b43008b3eed0ca6a744393e6687,3,3,23.336135,0.21740412842273643,0.7959279831577303,0.009384327810931003,0
cifar10,swin_tiny,single_color,dense0_compact_test,dense,compact,compact,0,8,gpu_raw_to_logits,heldout_val,45000,4ba79ef9f76ff06df88f37ba7586b1b5a3ac8b43008b3eed0ca6a744393e6687,3,3,23.663127833333334,0.15005143042164948,0.7868221768256455,0.007059915672560482,0
cifar10,swin_tiny,single_color,dense0_compact_test,dense,compact,compact,0,8,host_raw_to_logits,heldout_val,45000,4ba79ef9f76ff06df88f37ba7586b1b5a3ac8b43008b3eed0ca6a744393e6687,3,3,23.684299333333332,0.15282443010308672,0.7883055020565142,0.007612529305572787,0
cifar10,swin_tiny,single_color,dense0_compact_test,dense,compact,compact,0,8,loader_to_cpu_prediction,heldout_val,45000,4ba79ef9f76ff06df88f37ba7586b1b5a3ac8b43008b3eed0ca6a744393e6687,3,3,23.885466833333336,0.14934062726225328,0.7901051703488853,0.007152300710596491,0
cifar10,swin_tiny,single_color,dense0_compact_test,dense,compact,compact,10,1,cached_input_model_only_diagnostic,heldout_val,45000,4ba79ef9f76ff06df88f37ba7586b1b5a3ac8b43008b3eed0ca6a744393e6687,3,3,22.751351500000002,0.22573206985495234,0.8030769544553444,0.0015739201330884367,0
cifar10,swin_tiny,single_color,dense0_compact_test,dense,compact,compact,10,1,gpu_raw_to_logits,heldout_val,45000,4ba79ef9f76ff06df88f37ba7586b1b5a3ac8b43008b3eed0ca6a744393e6687,3,3,23.169444,0.1046526274001289,0.7918991434955394,0.004218196150621727,0
cifar10,swin_tiny,single_color,dense0_compact_test,dense,compact,compact,10,1,host_raw_to_logits,heldout_val,45000,4ba79ef9f76ff06df88f37ba7586b1b5a3ac8b43008b3eed0ca6a744393e6687,3,3,23.225076833333333,0.1454550939004313,0.7931262573517053,0.0025954213028245823,0
cifar10,swin_tiny,single_color,dense0_compact_test,dense,compact,compact,10,1,loader_to_cpu_prediction,heldout_val,45000,4ba79ef9f76ff06df88f37ba7586b1b5a3ac8b43008b3eed0ca6a744393e6687,3,3,23.4116535,0.18666094562668836,0.7945799871723479,0.0010057184937760908,0
cifar10,swin_tiny,single_color,dense0_compact_test,dense,compact,compact,10,8,cached_input_model_only_diagnostic,heldout_val,45000,4ba79ef9f76ff06df88f37ba7586b1b5a3ac8b43008b3eed0ca6a744393e6687,3,3,25.121097,0.1865143308254095,0.7393836065316195,0.010734466085396816,0
cifar10,swin_tiny,single_color,dense0_compact_test,dense,compact,compact,10,8,gpu_raw_to_logits,heldout_val,45000,4ba79ef9f76ff06df88f37ba7586b1b5a3ac8b43008b3eed0ca6a744393e6687,3,3,25.627318999999996,0.1169090611982241,0.7265121730771628,0.006548277021352258,0
cifar10,swin_tiny,single_color,dense0_compact_test,dense,compact,compact,10,8,host_raw_to_logits,heldout_val,45000,4ba79ef9f76ff06df88f37ba7586b1b5a3ac8b43008b3eed0ca6a744393e6687,3,3,25.642397666666668,0.10613240869585092,0.7281020838304904,0.006851539297716294,0
cifar10,swin_tiny,single_color,dense0_compact_test,dense,compact,compact,10,8,loader_to_cpu_prediction,heldout_val,45000,4ba79ef9f76ff06df88f37ba7586b1b5a3ac8b43008b3eed0ca6a744393e6687,3,3,25.853838,0.14737628915721201,0.7299571485251728,0.007799854936692932,0
cifar10,swin_tiny,single_color,dense0_compact_test,dense,compact,compact,20,1,cached_input_model_only_diagnostic,heldout_val,45000,4ba79ef9f76ff06df88f37ba7586b1b5a3ac8b43008b3eed0ca6a744393e6687,3,3,23.650572166666667,0.39543303496620424,0.7726418645598511,0.011033626236843109,0
cifar10,swin_tiny,single_color,dense0_compact_test,dense,compact,compact,20,1,gpu_raw_to_logits,heldout_val,45000,4ba79ef9f76ff06df88f37ba7586b1b5a3ac8b43008b3eed0ca6a744393e6687,3,3,24.178759833333334,0.3102708554321255,0.758916524510923,0.010082539068490522,0
cifar10,swin_tiny,single_color,dense0_compact_test,dense,compact,compact,20,1,host_raw_to_logits,heldout_val,45000,4ba79ef9f76ff06df88f37ba7586b1b5a3ac8b43008b3eed0ca6a744393e6687,3,3,24.162483333333334,0.39064938616146944,0.7624533808942616,0.009926577852276955,0
cifar10,swin_tiny,single_color,dense0_compact_test,dense,compact,compact,20,1,loader_to_cpu_prediction,heldout_val,45000,4ba79ef9f76ff06df88f37ba7586b1b5a3ac8b43008b3eed0ca6a744393e6687,3,3,24.2917755,0.3843273819470206,0.76588683216483,0.010482929140383694,0
cifar10,swin_tiny,single_color,dense0_compact_test,dense,compact,compact,20,8,cached_input_model_only_diagnostic,heldout_val,45000,4ba79ef9f76ff06df88f37ba7586b1b5a3ac8b43008b3eed0ca6a744393e6687,3,3,28.267471333333333,0.18601244270836664,0.657048995531373,0.005035606739420478,0
cifar10,swin_tiny,single_color,dense0_compact_test,dense,compact,compact,20,8,gpu_raw_to_logits,heldout_val,45000,4ba79ef9f76ff06df88f37ba7586b1b5a3ac8b43008b3eed0ca6a744393e6687,3,3,28.727938166666668,0.24578612493402302,0.6481140331118778,0.006386553203645575,0
cifar10,swin_tiny,single_color,dense0_compact_test,dense,compact,compact,20,8,host_raw_to_logits,heldout_val,45000,4ba79ef9f76ff06df88f37ba7586b1b5a3ac8b43008b3eed0ca6a744393e6687,3,3,28.747424833333334,0.1512400369944522,0.6494589929875786,0.005686639628714717,0
cifar10,swin_tiny,single_color,dense0_compact_test,dense,compact,compact,20,8,loader_to_cpu_prediction,heldout_val,45000,4ba79ef9f76ff06df88f37ba7586b1b5a3ac8b43008b3eed0ca6a744393e6687,3,3,28.944407333333334,0.25351269138316185,0.6520187761307829,0.006082092876715076,0
cifar10,swin_tiny,single_color,dense0_compact_test,dense,compact,compact,30,1,cached_input_model_only_diagnostic,heldout_val,45000,4ba79ef9f76ff06df88f37ba7586b1b5a3ac8b43008b3eed0ca6a744393e6687,3,3,25.808909333333332,0.18897712742375414,0.7079696009126216,0.009650427899727167,0
cifar10,swin_tiny,single_color,dense0_compact_test,dense,compact,compact,30,1,gpu_raw_to_logits,heldout_val,45000,4ba79ef9f76ff06df88f37ba7586b1b5a3ac8b43008b3eed0ca6a744393e6687,3,3,26.253382833333333,0.1462662119136987,0.6989070877717158,0.008566772734168594,0
cifar10,swin_tiny,single_color,dense0_compact_test,dense,compact,compact,30,1,host_raw_to_logits,heldout_val,45000,4ba79ef9f76ff06df88f37ba7586b1b5a3ac8b43008b3eed0ca6a744393e6687,3,3,26.29819266666667,0.13536628959358302,0.7004606237651394,0.006773831487289286,0
cifar10,swin_tiny,single_color,dense0_compact_test,dense,compact,compact,30,1,loader_to_cpu_prediction,heldout_val,45000,4ba79ef9f76ff06df88f37ba7586b1b5a3ac8b43008b3eed0ca6a744393e6687,3,3,26.4855575,0.1353045849084588,0.7023789387146233,0.007505400403988064,0
cifar10,swin_tiny,single_color,dense0_compact_test,dense,compact,compact,30,8,cached_input_model_only_diagnostic,heldout_val,45000,4ba79ef9f76ff06df88f37ba7586b1b5a3ac8b43008b3eed0ca6a744393e6687,3,3,32.88039083333333,0.10555462963832185,0.5648589802753102,0.003514501785207431,0
cifar10,swin_tiny,single_color,dense0_compact_test,dense,compact,compact,30,8,gpu_raw_to_logits,heldout_val,45000,4ba79ef9f76ff06df88f37ba7586b1b5a3ac8b43008b3eed0ca6a744393e6687,3,3,33.679816333333335,0.18692207023271123,0.5528054817614414,0.0036641374029682404,0
cifar10,swin_tiny,single_color,dense0_compact_test,dense,compact,compact,30,8,host_raw_to_logits,heldout_val,45000,4ba79ef9f76ff06df88f37ba7586b1b5a3ac8b43008b3eed0ca6a744393e6687,3,3,33.542846499999996,0.08312705638509474,0.5565931770728934,0.0016932015159504081,0
cifar10,swin_tiny,single_color,dense0_compact_test,dense,compact,compact,30,8,loader_to_cpu_prediction,heldout_val,45000,4ba79ef9f76ff06df88f37ba7586b1b5a3ac8b43008b3eed0ca6a744393e6687,3,3,33.83189216666667,0.16122449381400944,0.5578052743772999,0.0031214258182493677,0
cifar10,swin_tiny,single_color,dense0_compact_test,dense,compact,dense_masked,0,1,cached_input_model_only_diagnostic,heldout_val,45000,4ba79ef9f76ff06df88f37ba7586b1b5a3ac8b43008b3eed0ca6a744393e6687,3,3,18.511480333333335,0.24136694749764812,0.9871824588146918,0.020846795255621112,1
cifar10,swin_tiny,single_color,dense0_compact_test,dense,compact,dense_masked,0,1,gpu_raw_to_logits,heldout_val,45000,4ba79ef9f76ff06df88f37ba7586b1b5a3ac8b43008b3eed0ca6a744393e6687,3,3,18.7317215,0.1006510399362575,0.9795702969504304,0.014300206846302864,0
cifar10,swin_tiny,single_color,dense0_compact_test,dense,compact,dense_masked,0,1,host_raw_to_logits,heldout_val,45000,4ba79ef9f76ff06df88f37ba7586b1b5a3ac8b43008b3eed0ca6a744393e6687,3,3,18.761742833333333,0.09514953813121395,0.9818550398603528,0.01281580890497986,0
cifar10,swin_tiny,single_color,dense0_compact_test,dense,compact,dense_masked,0,1,loader_to_cpu_prediction,heldout_val,45000,4ba79ef9f76ff06df88f37ba7586b1b5a3ac8b43008b3eed0ca6a744393e6687,3,3,18.958810333333336,0.08498903358129951,0.9812376281527747,0.0121416817883219,0
cifar10,swin_tiny,single_color,dense0_compact_test,dense,compact,dense_masked,0,8,cached_input_model_only_diagnostic,heldout_val,45000,4ba79ef9f76ff06df88f37ba7586b1b5a3ac8b43008b3eed0ca6a744393e6687,3,3,18.724731333333335,0.10279897414898209,0.9919169956644378,0.010656263859992441,1
cifar10,swin_tiny,single_color,dense0_compact_test,dense,compact,dense_masked,0,8,gpu_raw_to_logits,heldout_val,45000,4ba79ef9f76ff06df88f37ba7586b1b5a3ac8b43008b3eed0ca6a744393e6687,3,3,18.997941666666666,0.09837206934050659,0.9800217415863183,0.00688319677722707,0
cifar10,swin_tiny,single_color,dense0_compact_test,dense,compact,dense_masked,0,8,host_raw_to_logits,heldout_val,45000,4ba79ef9f76ff06df88f37ba7586b1b5a3ac8b43008b3eed0ca6a744393e6687,3,3,18.9584255,0.06566525937853268,0.9847959027142716,0.008648310701879559,0
cifar10,swin_tiny,single_color,dense0_compact_test,dense,compact,dense_masked,0,8,loader_to_cpu_prediction,heldout_val,45000,4ba79ef9f76ff06df88f37ba7586b1b5a3ac8b43008b3eed0ca6a744393e6687,3,3,19.215312,0.07313123688957916,0.9821245336072445,0.00847139198505318,0
cifar10,swin_tiny,single_color,dense0_compact_test,dense,compact,dense_masked,10,1,cached_input_model_only_diagnostic,heldout_val,45000,4ba79ef9f76ff06df88f37ba7586b1b5a3ac8b43008b3eed0ca6a744393e6687,3,3,18.206402,0.07591956911923378,1.0035407131566778,0.0069854871343335515,2
cifar10,swin_tiny,single_color,dense0_compact_test,dense,compact,dense_masked,10,1,gpu_raw_to_logits,heldout_val,45000,4ba79ef9f76ff06df88f37ba7586b1b5a3ac8b43008b3eed0ca6a744393e6687,3,3,18.65727366666667,0.017073089536849967,0.9834262861827899,0.008753293334164048,0
cifar10,swin_tiny,single_color,dense0_compact_test,dense,compact,dense_masked,10,1,host_raw_to_logits,heldout_val,45000,4ba79ef9f76ff06df88f37ba7586b1b5a3ac8b43008b3eed0ca6a744393e6687,3,3,18.670472,0.0320708487843702,0.986608591090449,0.007109319729845901,0
cifar10,swin_tiny,single_color,dense0_compact_test,dense,compact,dense_masked,10,1,loader_to_cpu_prediction,heldout_val,45000,4ba79ef9f76ff06df88f37ba7586b1b5a3ac8b43008b3eed0ca6a744393e6687,3,3,18.846351666666667,0.009356953114306185,0.987055301401551,0.007548002172411373,0
cifar10,swin_tiny,single_color,dense0_compact_test,dense,compact,dense_masked,10,8,cached_input_model_only_diagnostic,heldout_val,45000,4ba79ef9f76ff06df88f37ba7586b1b5a3ac8b43008b3eed0ca6a744393e6687,3,3,18.647605333333335,0.178889172375199,0.9960821078544314,0.015444284908921871,2
cifar10,swin_tiny,single_color,dense0_compact_test,dense,compact,dense_masked,10,8,gpu_raw_to_logits,heldout_val,45000,4ba79ef9f76ff06df88f37ba7586b1b5a3ac8b43008b3eed0ca6a744393e6687,3,3,19.044505833333332,0.1984705904626254,0.9777101645071394,0.014700937199257302,0
cifar10,swin_tiny,single_color,dense0_compact_test,dense,compact,dense_masked,10,8,host_raw_to_logits,heldout_val,45000,4ba79ef9f76ff06df88f37ba7586b1b5a3ac8b43008b3eed0ca6a744393e6687,3,3,19.114919333333333,0.27703857406565735,0.976899396788389,0.0192261540558165,0
cifar10,swin_tiny,single_color,dense0_compact_test,dense,compact,dense_masked,10,8,loader_to_cpu_prediction,heldout_val,45000,4ba79ef9f76ff06df88f37ba7586b1b5a3ac8b43008b3eed0ca6a744393e6687,3,3,19.312345333333337,0.22367189347419889,0.9772938930494414,0.016147213136127207,0
cifar10,swin_tiny,single_color,dense0_compact_test,dense,compact,dense_masked,20,1,cached_input_model_only_diagnostic,heldout_val,45000,4ba79ef9f76ff06df88f37ba7586b1b5a3ac8b43008b3eed0ca6a744393e6687,3,3,18.288565666666667,0.1118560664764465,0.9991089006429787,0.016117442994757147,1
cifar10,swin_tiny,single_color,dense0_compact_test,dense,compact,dense_masked,20,1,gpu_raw_to_logits,heldout_val,45000,4ba79ef9f76ff06df88f37ba7586b1b5a3ac8b43008b3eed0ca6a744393e6687,3,3,18.712982666666665,0.14983183575706943,0.9805959803786346,0.017417981459038966,1
cifar10,swin_tiny,single_color,dense0_compact_test,dense,compact,dense_masked,20,1,host_raw_to_logits,heldout_val,45000,4ba79ef9f76ff06df88f37ba7586b1b5a3ac8b43008b3eed0ca6a744393e6687,3,3,18.719106833333335,0.1519046450757308,0.9841348450147263,0.015972374017414352,1
cifar10,swin_tiny,single_color,dense0_compact_test,dense,compact,dense_masked,20,1,loader_to_cpu_prediction,heldout_val,45000,4ba79ef9f76ff06df88f37ba7586b1b5a3ac8b43008b3eed0ca6a744393e6687,3,3,18.923393,0.16310518077608696,0.9831329855523157,0.016432118697408994,1
cifar10,swin_tiny,single_color,dense0_compact_test,dense,compact,dense_masked,20,8,cached_input_model_only_diagnostic,heldout_val,45000,4ba79ef9f76ff06df88f37ba7586b1b5a3ac8b43008b3eed0ca6a744393e6687,3,3,18.592394666666667,0.11315337459542929,0.9989758202034925,0.010197041352394257,1
cifar10,swin_tiny,single_color,dense0_compact_test,dense,compact,dense_masked,20,8,gpu_raw_to_logits,heldout_val,45000,4ba79ef9f76ff06df88f37ba7586b1b5a3ac8b43008b3eed0ca6a744393e6687,3,3,19.05112666666667,0.12113095726664397,0.9772962810445208,0.008054205077367791,0
cifar10,swin_tiny,single_color,dense0_compact_test,dense,compact,dense_masked,20,8,host_raw_to_logits,heldout_val,45000,4ba79ef9f76ff06df88f37ba7586b1b5a3ac8b43008b3eed0ca6a744393e6687,3,3,19.0788245,0.12296562510616425,0.9785885648123083,0.008218921849731145,0
cifar10,swin_tiny,single_color,dense0_compact_test,dense,compact,dense_masked,20,8,loader_to_cpu_prediction,heldout_val,45000,4ba79ef9f76ff06df88f37ba7586b1b5a3ac8b43008b3eed0ca6a744393e6687,3,3,19.29836633333333,0.12769902529124302,0.9779099778039871,0.00891485302744359,0
cifar10,swin_tiny,single_color,dense0_compact_test,dense,compact,dense_masked,30,1,cached_input_model_only_diagnostic,heldout_val,45000,4ba79ef9f76ff06df88f37ba7586b1b5a3ac8b43008b3eed0ca6a744393e6687,3,3,18.166557833333332,0.08685768698326829,1.0057881339984454,0.013567253560223754,2
cifar10,swin_tiny,single_color,dense0_compact_test,dense,compact,dense_masked,30,1,gpu_raw_to_logits,heldout_val,45000,4ba79ef9f76ff06df88f37ba7586b1b5a3ac8b43008b3eed0ca6a744393e6687,3,3,18.599262,0.07120984695075532,0.9865203817404163,0.011970373024420774,1
cifar10,swin_tiny,single_color,dense0_compact_test,dense,compact,dense_masked,30,1,host_raw_to_logits,heldout_val,45000,4ba79ef9f76ff06df88f37ba7586b1b5a3ac8b43008b3eed0ca6a744393e6687,3,3,18.6053335,0.05079655404404809,0.990081239110537,0.01007343128006445,1
cifar10,swin_tiny,single_color,dense0_compact_test,dense,compact,dense_masked,30,1,loader_to_cpu_prediction,heldout_val,45000,4ba79ef9f76ff06df88f37ba7586b1b5a3ac8b43008b3eed0ca6a744393e6687,3,3,18.802687833333334,0.07114586036153728,0.9893723969927148,0.010850998721675227,1
cifar10,swin_tiny,single_color,dense0_compact_test,dense,compact,dense_masked,30,8,cached_input_model_only_diagnostic,heldout_val,45000,4ba79ef9f76ff06df88f37ba7586b1b5a3ac8b43008b3eed0ca6a744393e6687,3,3,18.451591333333333,0.0839925133365072,1.0065669634349301,0.005002384819720739,3
cifar10,swin_tiny,single_color,dense0_compact_test,dense,compact,dense_masked,30,8,gpu_raw_to_logits,heldout_val,45000,4ba79ef9f76ff06df88f37ba7586b1b5a3ac8b43008b3eed0ca6a744393e6687,3,3,18.9346985,0.10284564634562833,0.9832809924532612,0.001826340771274511,0
cifar10,swin_tiny,single_color,dense0_compact_test,dense,compact,dense_masked,30,8,host_raw_to_logits,heldout_val,45000,4ba79ef9f76ff06df88f37ba7586b1b5a3ac8b43008b3eed0ca6a744393e6687,3,3,18.9726995,0.10836252783019527,0.9840370733326068,0.001402454121116218,0
cifar10,swin_tiny,single_color,dense0_compact_test,dense,compact,dense_masked,30,8,loader_to_cpu_prediction,heldout_val,45000,4ba79ef9f76ff06df88f37ba7586b1b5a3ac8b43008b3eed0ca6a744393e6687,3,3,19.200728833333333,0.09347440466557226,0.9828508526949189,0.0023086556946698483,0
cifar10,vit_small,color_opponency,compact0_compact_test,compact,compact,compact,0,1,cached_input_model_only_diagnostic,heldout_val,45000,4ba79ef9f76ff06df88f37ba7586b1b5a3ac8b43008b3eed0ca6a744393e6687,3,3,10.547332333333333,0.09138004573255219,0.9547023888655386,0.01014243733408263,0
cifar10,vit_small,color_opponency,compact0_compact_test,compact,compact,compact,0,1,gpu_raw_to_logits,heldout_val,45000,4ba79ef9f76ff06df88f37ba7586b1b5a3ac8b43008b3eed0ca6a744393e6687,3,3,10.8887965,0.07700589288976561,0.9338780407661885,0.009463087342430333,0
cifar10,vit_small,color_opponency,compact0_compact_test,compact,compact,compact,0,1,host_raw_to_logits,heldout_val,45000,4ba79ef9f76ff06df88f37ba7586b1b5a3ac8b43008b3eed0ca6a744393e6687,3,3,10.908944833333333,0.08194783226897048,0.9361485209327702,0.011012837046244433,0
cifar10,vit_small,color_opponency,compact0_compact_test,compact,compact,compact,0,1,loader_to_cpu_prediction,heldout_val,45000,4ba79ef9f76ff06df88f37ba7586b1b5a3ac8b43008b3eed0ca6a744393e6687,3,3,11.094807666666668,0.072837028264018,0.9376659999656617,0.008383254588818662,0
cifar10,vit_small,color_opponency,compact0_compact_test,compact,compact,compact,0,8,cached_input_model_only_diagnostic,heldout_val,45000,4ba79ef9f76ff06df88f37ba7586b1b5a3ac8b43008b3eed0ca6a744393e6687,3,3,11.980846333333334,0.011028836445125223,0.9643842188393418,0.006412471373938714,0
cifar10,vit_small,color_opponency,compact0_compact_test,compact,compact,compact,0,8,gpu_raw_to_logits,heldout_val,45000,4ba79ef9f76ff06df88f37ba7586b1b5a3ac8b43008b3eed0ca6a744393e6687,3,3,12.215385333333334,0.0503474125262005,0.9454877994689245,0.00011970172268649563,0
cifar10,vit_small,color_opponency,compact0_compact_test,compact,compact,compact,0,8,host_raw_to_logits,heldout_val,45000,4ba79ef9f76ff06df88f37ba7586b1b5a3ac8b43008b3eed0ca6a744393e6687,3,3,12.276875166666667,0.05897050879535867,0.945787630243121,0.002974436996490938,0
cifar10,vit_small,color_opponency,compact0_compact_test,compact,compact,compact,0,8,loader_to_cpu_prediction,heldout_val,45000,4ba79ef9f76ff06df88f37ba7586b1b5a3ac8b43008b3eed0ca6a744393e6687,3,3,12.480685666666666,0.07289438732223005,0.9497297009825071,0.007179659073697269,0
cifar10,vit_small,color_opponency,compact0_compact_test,compact,compact,compact,10,1,cached_input_model_only_diagnostic,heldout_val,45000,4ba79ef9f76ff06df88f37ba7586b1b5a3ac8b43008b3eed0ca6a744393e6687,3,3,10.571443333333333,0.11749382636689212,0.9525294733399685,0.008461832240177384,0
cifar10,vit_small,color_opponency,compact0_compact_test,compact,compact,compact,10,1,gpu_raw_to_logits,heldout_val,45000,4ba79ef9f76ff06df88f37ba7586b1b5a3ac8b43008b3eed0ca6a744393e6687,3,3,11.0148555,0.12266077503933273,0.9232000145407148,0.007179465423924938,0
cifar10,vit_small,color_opponency,compact0_compact_test,compact,compact,compact,10,1,host_raw_to_logits,heldout_val,45000,4ba79ef9f76ff06df88f37ba7586b1b5a3ac8b43008b3eed0ca6a744393e6687,3,3,11.044884166666666,0.11738297175733545,0.9246130599718195,0.005731501088369628,0
cifar10,vit_small,color_opponency,compact0_compact_test,compact,compact,compact,10,1,loader_to_cpu_prediction,heldout_val,45000,4ba79ef9f76ff06df88f37ba7586b1b5a3ac8b43008b3eed0ca6a744393e6687,3,3,11.225680333333333,0.11833222794460273,0.9267502491396268,0.00738093218676718,0
cifar10,vit_small,color_opponency,compact0_compact_test,compact,compact,compact,10,8,cached_input_model_only_diagnostic,heldout_val,45000,4ba79ef9f76ff06df88f37ba7586b1b5a3ac8b43008b3eed0ca6a744393e6687,3,3,11.908396666666667,0.009222925909566202,0.9702452419065587,0.00488277108521491,0
cifar10,vit_small,color_opponency,compact0_compact_test,compact,compact,compact,10,8,gpu_raw_to_logits,heldout_val,45000,4ba79ef9f76ff06df88f37ba7586b1b5a3ac8b43008b3eed0ca6a744393e6687,3,3,12.287931333333333,0.018415412955818774,0.9399086123827716,0.0045850520812899,0
cifar10,vit_small,color_opponency,compact0_compact_test,compact,compact,compact,10,8,host_raw_to_logits,heldout_val,45000,4ba79ef9f76ff06df88f37ba7586b1b5a3ac8b43008b3eed0ca6a744393e6687,3,3,12.381169,0.0354641937064694,0.9378225393666226,0.005188780039363543,0
cifar10,vit_small,color_opponency,compact0_compact_test,compact,compact,compact,10,8,loader_to_cpu_prediction,heldout_val,45000,4ba79ef9f76ff06df88f37ba7586b1b5a3ac8b43008b3eed0ca6a744393e6687,3,3,12.555694666666668,0.03825598064464446,0.9440316004246051,0.0020099574159353124,0
cifar10,vit_small,color_opponency,compact0_compact_test,compact,compact,compact,20,1,cached_input_model_only_diagnostic,heldout_val,45000,4ba79ef9f76ff06df88f37ba7586b1b5a3ac8b43008b3eed0ca6a744393e6687,3,3,10.507925,0.03128079856717158,0.9582340520018819,0.004943282842404753,0
cifar10,vit_small,color_opponency,compact0_compact_test,compact,compact,compact,20,1,gpu_raw_to_logits,heldout_val,45000,4ba79ef9f76ff06df88f37ba7586b1b5a3ac8b43008b3eed0ca6a744393e6687,3,3,10.998484166666668,0.10218628182189302,0.9245549900554111,0.005529263120963206,0
cifar10,vit_small,color_opponency,compact0_compact_test,compact,compact,compact,20,1,host_raw_to_logits,heldout_val,45000,4ba79ef9f76ff06df88f37ba7586b1b5a3ac8b43008b3eed0ca6a744393e6687,3,3,11.015402333333332,0.0949770343732287,0.9270697383086975,0.004021644088660428,0
cifar10,vit_small,color_opponency,compact0_compact_test,compact,compact,compact,20,1,loader_to_cpu_prediction,heldout_val,45000,4ba79ef9f76ff06df88f37ba7586b1b5a3ac8b43008b3eed0ca6a744393e6687,3,3,11.133881666666666,0.019480767838648612,0.9343413711475674,0.0031060790808822574,0
cifar10,vit_small,color_opponency,compact0_compact_test,compact,compact,compact,20,8,cached_input_model_only_diagnostic,heldout_val,45000,4ba79ef9f76ff06df88f37ba7586b1b5a3ac8b43008b3eed0ca6a744393e6687,3,3,11.919615166666667,0.012539437291334997,0.969338091211602,0.006385555804249066,0
cifar10,vit_small,color_opponency,compact0_compact_test,compact,compact,compact,20,8,gpu_raw_to_logits,heldout_val,45000,4ba79ef9f76ff06df88f37ba7586b1b5a3ac8b43008b3eed0ca6a744393e6687,3,3,12.250062,0.005811873256533177,0.9428123842224405,0.004215855244306261,0
cifar10,vit_small,color_opponency,compact0_compact_test,compact,compact,compact,20,8,host_raw_to_logits,heldout_val,45000,4ba79ef9f76ff06df88f37ba7586b1b5a3ac8b43008b3eed0ca6a744393e6687,3,3,12.325886666666667,0.05277063795647348,0.9420409108833309,0.007252816998772113,0
cifar10,vit_small,color_opponency,compact0_compact_test,compact,compact,compact,20,8,loader_to_cpu_prediction,heldout_val,45000,4ba79ef9f76ff06df88f37ba7586b1b5a3ac8b43008b3eed0ca6a744393e6687,3,3,12.548771833333333,0.05913381763494843,0.9445688639542894,0.00625224019779964,0
cifar10,vit_small,color_opponency,compact0_compact_test,compact,compact,compact,30,1,cached_input_model_only_diagnostic,heldout_val,45000,4ba79ef9f76ff06df88f37ba7586b1b5a3ac8b43008b3eed0ca6a744393e6687,3,3,10.553931666666667,0.17322843059983936,0.9542363328235447,0.017332126054353556,0
cifar10,vit_small,color_opponency,compact0_compact_test,compact,compact,compact,30,1,gpu_raw_to_logits,heldout_val,45000,4ba79ef9f76ff06df88f37ba7586b1b5a3ac8b43008b3eed0ca6a744393e6687,3,3,11.044889,0.18893541568747776,0.9208415585208587,0.01808773481295267,0
cifar10,vit_small,color_opponency,compact0_compact_test,compact,compact,compact,30,1,host_raw_to_logits,heldout_val,45000,4ba79ef9f76ff06df88f37ba7586b1b5a3ac8b43008b3eed0ca6a744393e6687,3,3,11.059827166666667,0.1974294454573161,0.9235552186461523,0.01966409376418898,0
cifar10,vit_small,color_opponency,compact0_compact_test,compact,compact,compact,30,1,loader_to_cpu_prediction,heldout_val,45000,4ba79ef9f76ff06df88f37ba7586b1b5a3ac8b43008b3eed0ca6a744393e6687,3,3,11.248544,0.18555243542729283,0.9249994433467288,0.016874110948261134,0
cifar10,vit_small,color_opponency,compact0_compact_test,compact,compact,compact,30,8,cached_input_model_only_diagnostic,heldout_val,45000,4ba79ef9f76ff06df88f37ba7586b1b5a3ac8b43008b3eed0ca6a744393e6687,3,3,11.951329166666666,0.03780197488998862,0.966759283400868,0.0036432542376467654,0
cifar10,vit_small,color_opponency,compact0_compact_test,compact,compact,compact,30,8,gpu_raw_to_logits,heldout_val,45000,4ba79ef9f76ff06df88f37ba7586b1b5a3ac8b43008b3eed0ca6a744393e6687,3,3,12.253448666666667,0.124509074305182,0.9426191305127599,0.01079766645861614,0
cifar10,vit_small,color_opponency,compact0_compact_test,compact,compact,compact,30,8,host_raw_to_logits,heldout_val,45000,4ba79ef9f76ff06df88f37ba7586b1b5a3ac8b43008b3eed0ca6a744393e6687,3,3,12.342287666666666,0.1233911882361673,0.9408212381928522,0.008428142102281662,0
cifar10,vit_small,color_opponency,compact0_compact_test,compact,compact,compact,30,8,loader_to_cpu_prediction,heldout_val,45000,4ba79ef9f76ff06df88f37ba7586b1b5a3ac8b43008b3eed0ca6a744393e6687,3,3,12.563301166666667,0.08277605421607878,0.9434738527741555,0.003584339739361564,0
cifar10,vit_small,color_opponency,compact0_compact_test,compact,compact,dense_masked,0,1,cached_input_model_only_diagnostic,heldout_val,45000,4ba79ef9f76ff06df88f37ba7586b1b5a3ac8b43008b3eed0ca6a744393e6687,3,3,10.122829666666666,0.033475616343591696,0.9946867641265553,0.004711878726833932,0
cifar10,vit_small,color_opponency,compact0_compact_test,compact,compact,dense_masked,0,1,gpu_raw_to_logits,heldout_val,45000,4ba79ef9f76ff06df88f37ba7586b1b5a3ac8b43008b3eed0ca6a744393e6687,3,3,10.460007500000001,0.025756387979489724,0.9721225358925086,0.005232459271775626,0
cifar10,vit_small,color_opponency,compact0_compact_test,compact,compact,dense_masked,0,1,host_raw_to_logits,heldout_val,45000,4ba79ef9f76ff06df88f37ba7586b1b5a3ac8b43008b3eed0ca6a744393e6687,3,3,10.451528833333333,0.07476860382261598,0.9770970251579678,0.008420720274523138,0
cifar10,vit_small,color_opponency,compact0_compact_test,compact,compact,dense_masked,0,1,loader_to_cpu_prediction,heldout_val,45000,4ba79ef9f76ff06df88f37ba7586b1b5a3ac8b43008b3eed0ca6a744393e6687,3,3,10.6388535,0.0720882659088839,0.977841113695166,0.00646343235992797,0
cifar10,vit_small,color_opponency,compact0_compact_test,compact,compact,dense_masked,0,8,cached_input_model_only_diagnostic,heldout_val,45000,4ba79ef9f76ff06df88f37ba7586b1b5a3ac8b43008b3eed0ca6a744393e6687,3,3,11.633225333333334,0.08554393380061093,0.9932583268909764,0.01264441728562408,1
cifar10,vit_small,color_opponency,compact0_compact_test,compact,compact,dense_masked,0,8,gpu_raw_to_logits,heldout_val,45000,4ba79ef9f76ff06df88f37ba7586b1b5a3ac8b43008b3eed0ca6a744393e6687,3,3,11.874693,0.05798686147956309,0.9726422676895093,0.008653173628567302,0
cifar10,vit_small,color_opponency,compact0_compact_test,compact,compact,dense_masked,0,8,host_raw_to_logits,heldout_val,45000,4ba79ef9f76ff06df88f37ba7586b1b5a3ac8b43008b3eed0ca6a744393e6687,3,3,11.921535,0.07068412993204312,0.9740082382973901,0.009237142040350196,0
cifar10,vit_small,color_opponency,compact0_compact_test,compact,compact,dense_masked,0,8,loader_to_cpu_prediction,heldout_val,45000,4ba79ef9f76ff06df88f37ba7586b1b5a3ac8b43008b3eed0ca6a744393e6687,3,3,12.120066,0.10985639206368475,0.9780151008192197,0.009398944081833676,0
cifar10,vit_small,color_opponency,compact0_compact_test,compact,compact,dense_masked,10,1,cached_input_model_only_diagnostic,heldout_val,45000,4ba79ef9f76ff06df88f37ba7586b1b5a3ac8b43008b3eed0ca6a744393e6687,3,3,10.154659333333333,0.11437010866080048,0.9916395937170924,0.010871771238469925,1
cifar10,vit_small,color_opponency,compact0_compact_test,compact,compact,dense_masked,10,1,gpu_raw_to_logits,heldout_val,45000,4ba79ef9f76ff06df88f37ba7586b1b5a3ac8b43008b3eed0ca6a744393e6687,3,3,10.569482166666667,0.10389708930635835,0.9620959854436729,0.008078445715035572,0
cifar10,vit_small,color_opponency,compact0_compact_test,compact,compact,dense_masked,10,1,host_raw_to_logits,heldout_val,45000,4ba79ef9f76ff06df88f37ba7586b1b5a3ac8b43008b3eed0ca6a744393e6687,3,3,10.635441833333333,0.12426014544126114,0.9602460878331176,0.010988880645530467,0
cifar10,vit_small,color_opponency,compact0_compact_test,compact,compact,dense_masked,10,1,loader_to_cpu_prediction,heldout_val,45000,4ba79ef9f76ff06df88f37ba7586b1b5a3ac8b43008b3eed0ca6a744393e6687,3,3,10.8493315,0.09685741830262704,0.9588935900978648,0.008617762643382388,0
cifar10,vit_small,color_opponency,compact0_compact_test,compact,compact,dense_masked,10,8,cached_input_model_only_diagnostic,heldout_val,45000,4ba79ef9f76ff06df88f37ba7586b1b5a3ac8b43008b3eed0ca6a744393e6687,3,3,11.583261833333333,0.12550165511292494,0.9975252236432911,0.00676387532513694,1
cifar10,vit_small,color_opponency,compact0_compact_test,compact,compact,dense_masked,10,8,gpu_raw_to_logits,heldout_val,45000,4ba79ef9f76ff06df88f37ba7586b1b5a3ac8b43008b3eed0ca6a744393e6687,3,3,11.894808166666666,0.04168718907630185,0.9709690347229777,0.001616888410329679,0
cifar10,vit_small,color_opponency,compact0_compact_test,compact,compact,dense_masked,10,8,host_raw_to_logits,heldout_val,45000,4ba79ef9f76ff06df88f37ba7586b1b5a3ac8b43008b3eed0ca6a744393e6687,3,3,11.9174465,0.03690996514831817,0.9743068244168571,0.0023771849887773144,0
cifar10,vit_small,color_opponency,compact0_compact_test,compact,compact,dense_masked,10,8,loader_to_cpu_prediction,heldout_val,45000,4ba79ef9f76ff06df88f37ba7586b1b5a3ac8b43008b3eed0ca6a744393e6687,3,3,12.1334435,0.08762811809145545,0.9769032877245143,0.004295655119139354,0
cifar10,vit_small,color_opponency,compact0_compact_test,compact,compact,dense_masked,20,1,cached_input_model_only_diagnostic,heldout_val,45000,4ba79ef9f76ff06df88f37ba7586b1b5a3ac8b43008b3eed0ca6a744393e6687,3,3,10.1010705,0.006932996231788208,0.9968211278714603,0.002793864041757431,1
cifar10,vit_small,color_opponency,compact0_compact_test,compact,compact,dense_masked,20,1,gpu_raw_to_logits,heldout_val,45000,4ba79ef9f76ff06df88f37ba7586b1b5a3ac8b43008b3eed0ca6a744393e6687,3,3,10.550296,0.010537555171860712,0.963794572732407,0.002588907591994004,0
cifar10,vit_small,color_opponency,compact0_compact_test,compact,compact,dense_masked,20,1,host_raw_to_logits,heldout_val,45000,4ba79ef9f76ff06df88f37ba7586b1b5a3ac8b43008b3eed0ca6a744393e6687,3,3,10.574960833333334,0.014903955148997628,0.9656573962953837,0.0038008569297206685,0
cifar10,vit_small,color_opponency,compact0_compact_test,compact,compact,dense_masked,20,1,loader_to_cpu_prediction,heldout_val,45000,4ba79ef9f76ff06df88f37ba7586b1b5a3ac8b43008b3eed0ca6a744393e6687,3,3,10.758244333333334,0.007705527080176319,0.9669620606955869,0.002009789481771307,0
cifar10,vit_small,color_opponency,compact0_compact_test,compact,compact,dense_masked,20,8,cached_input_model_only_diagnostic,heldout_val,45000,4ba79ef9f76ff06df88f37ba7586b1b5a3ac8b43008b3eed0ca6a744393e6687,3,3,11.540804666666668,0.08497195315857606,1.0011647027652462,0.004326078956023369,2
cifar10,vit_small,color_opponency,compact0_compact_test,compact,compact,dense_masked,20,8,gpu_raw_to_logits,heldout_val,45000,4ba79ef9f76ff06df88f37ba7586b1b5a3ac8b43008b3eed0ca6a744393e6687,3,3,11.936462,0.05347407296064187,0.9675906786018083,0.004921230878079606,0
cifar10,vit_small,color_opponency,compact0_compact_test,compact,compact,dense_masked,20,8,host_raw_to_logits,heldout_val,45000,4ba79ef9f76ff06df88f37ba7586b1b5a3ac8b43008b3eed0ca6a744393e6687,3,3,11.963378666666667,0.031806317443760966,0.9705643698142016,0.0017393142875413946,0
cifar10,vit_small,color_opponency,compact0_compact_test,compact,compact,dense_masked,20,8,loader_to_cpu_prediction,heldout_val,45000,4ba79ef9f76ff06df88f37ba7586b1b5a3ac8b43008b3eed0ca6a744393e6687,3,3,12.1742635,0.017119883710178443,0.9736063976061808,0.001903625979523408,0
cifar10,vit_small,color_opponency,compact0_compact_test,compact,compact,dense_masked,30,1,cached_input_model_only_diagnostic,heldout_val,45000,4ba79ef9f76ff06df88f37ba7586b1b5a3ac8b43008b3eed0ca6a744393e6687,3,3,10.155611333333333,0.057112080334052934,0.9914792543652126,0.003395651640860197,0
cifar10,vit_small,color_opponency,compact0_compact_test,compact,compact,dense_masked,30,1,gpu_raw_to_logits,heldout_val,45000,4ba79ef9f76ff06df88f37ba7586b1b5a3ac8b43008b3eed0ca6a744393e6687,3,3,10.591494333333333,0.041386926723101895,0.9600647004604936,0.0069591177187935315,0
cifar10,vit_small,color_opponency,compact0_compact_test,compact,compact,dense_masked,30,1,host_raw_to_logits,heldout_val,45000,4ba79ef9f76ff06df88f37ba7586b1b5a3ac8b43008b3eed0ca6a744393e6687,3,3,10.612065833333334,0.042052879093865764,0.9623027586133831,0.008036161787551541,0
cifar10,vit_small,color_opponency,compact0_compact_test,compact,compact,dense_masked,30,1,loader_to_cpu_prediction,heldout_val,45000,4ba79ef9f76ff06df88f37ba7586b1b5a3ac8b43008b3eed0ca6a744393e6687,3,3,10.8148125,0.04698207831450221,0.9619205196762673,0.005831127303352905,0
cifar10,vit_small,color_opponency,compact0_compact_test,compact,compact,dense_masked,30,8,cached_input_model_only_diagnostic,heldout_val,45000,4ba79ef9f76ff06df88f37ba7586b1b5a3ac8b43008b3eed0ca6a744393e6687,3,3,11.602166666666667,0.05668456920832408,0.9958655514265542,0.006027289442002589,1
cifar10,vit_small,color_opponency,compact0_compact_test,compact,compact,dense_masked,30,8,gpu_raw_to_logits,heldout_val,45000,4ba79ef9f76ff06df88f37ba7586b1b5a3ac8b43008b3eed0ca6a744393e6687,3,3,11.907126833333333,0.01927831777758012,0.9699634173060336,0.002921436992581024,0
cifar10,vit_small,color_opponency,compact0_compact_test,compact,compact,dense_masked,30,8,host_raw_to_logits,heldout_val,45000,4ba79ef9f76ff06df88f37ba7586b1b5a3ac8b43008b3eed0ca6a744393e6687,3,3,11.962909833333333,0.016308018505732158,0.9706030560743071,0.0031324893563552353,0
cifar10,vit_small,color_opponency,compact0_compact_test,compact,compact,dense_masked,30,8,loader_to_cpu_prediction,heldout_val,45000,4ba79ef9f76ff06df88f37ba7586b1b5a3ac8b43008b3eed0ca6a744393e6687,3,3,12.187448666666667,0.024839500590457798,0.9725542561056241,0.0022294981758966058,0
cifar10,vit_small,color_opponency,dense0_compact_test,dense,compact,compact,0,1,cached_input_model_only_diagnostic,heldout_val,45000,4ba79ef9f76ff06df88f37ba7586b1b5a3ac8b43008b3eed0ca6a744393e6687,3,3,10.56323,0.06172274910436135,0.953229321167535,0.006003117924404051,0
cifar10,vit_small,color_opponency,dense0_compact_test,dense,compact,compact,0,1,gpu_raw_to_logits,heldout_val,45000,4ba79ef9f76ff06df88f37ba7586b1b5a3ac8b43008b3eed0ca6a744393e6687,3,3,10.898627833333332,0.07440785140751835,0.9330137131170462,0.005574807189277466,0
cifar10,vit_small,color_opponency,dense0_compact_test,dense,compact,compact,0,1,host_raw_to_logits,heldout_val,45000,4ba79ef9f76ff06df88f37ba7586b1b5a3ac8b43008b3eed0ca6a744393e6687,3,3,10.917748166666668,0.07257483403414339,0.9353599546764223,0.0060818367120066595,0
cifar10,vit_small,color_opponency,dense0_compact_test,dense,compact,compact,0,1,loader_to_cpu_prediction,heldout_val,45000,4ba79ef9f76ff06df88f37ba7586b1b5a3ac8b43008b3eed0ca6a744393e6687,3,3,11.098056833333333,0.07027971414343667,0.9373774752273386,0.005779757587803494,0
cifar10,vit_small,color_opponency,dense0_compact_test,dense,compact,compact,0,8,cached_input_model_only_diagnostic,heldout_val,45000,4ba79ef9f76ff06df88f37ba7586b1b5a3ac8b43008b3eed0ca6a744393e6687,3,3,11.95211,0.05649465532021627,0.9667296743424781,0.00994559428026594,0
cifar10,vit_small,color_opponency,dense0_compact_test,dense,compact,compact,0,8,gpu_raw_to_logits,heldout_val,45000,4ba79ef9f76ff06df88f37ba7586b1b5a3ac8b43008b3eed0ca6a744393e6687,3,3,12.139810166666667,0.11577577689798993,0.951447932959029,0.012040876290530474,0
cifar10,vit_small,color_opponency,dense0_compact_test,dense,compact,compact,0,8,host_raw_to_logits,heldout_val,45000,4ba79ef9f76ff06df88f37ba7586b1b5a3ac8b43008b3eed0ca6a744393e6687,3,3,12.185564666666668,0.07177099150306746,0.9529015719214932,0.008672654316355556,0
cifar10,vit_small,color_opponency,dense0_compact_test,dense,compact,compact,0,8,loader_to_cpu_prediction,heldout_val,45000,4ba79ef9f76ff06df88f37ba7586b1b5a3ac8b43008b3eed0ca6a744393e6687,3,3,12.426662333333333,0.057947411549899304,0.9538460357544757,0.005227501985826103,0
cifar10,vit_small,color_opponency,dense0_compact_test,dense,compact,compact,10,1,cached_input_model_only_diagnostic,heldout_val,45000,4ba79ef9f76ff06df88f37ba7586b1b5a3ac8b43008b3eed0ca6a744393e6687,3,3,10.546539333333333,0.059057846168679394,0.954739212206912,0.00652054352211955,0
cifar10,vit_small,color_opponency,dense0_compact_test,dense,compact,compact,10,1,gpu_raw_to_logits,heldout_val,45000,4ba79ef9f76ff06df88f37ba7586b1b5a3ac8b43008b3eed0ca6a744393e6687,3,3,10.9905025,0.06666441199958202,0.9252219689113763,0.007767665467950941,0
cifar10,vit_small,color_opponency,dense0_compact_test,dense,compact,compact,10,1,host_raw_to_logits,heldout_val,45000,4ba79ef9f76ff06df88f37ba7586b1b5a3ac8b43008b3eed0ca6a744393e6687,3,3,11.010228333333334,0.06324740813925299,0.927511953765373,0.008348375323074095,0
cifar10,vit_small,color_opponency,dense0_compact_test,dense,compact,compact,10,1,loader_to_cpu_prediction,heldout_val,45000,4ba79ef9f76ff06df88f37ba7586b1b5a3ac8b43008b3eed0ca6a744393e6687,3,3,11.188067833333333,0.04889049593308871,0.9298287852732362,0.005554446314898438,0
cifar10,vit_small,color_opponency,dense0_compact_test,dense,compact,compact,10,8,cached_input_model_only_diagnostic,heldout_val,45000,4ba79ef9f76ff06df88f37ba7586b1b5a3ac8b43008b3eed0ca6a744393e6687,3,3,11.976517,0.07619615175978353,0.9647628263321554,0.00953725138121079,0
cifar10,vit_small,color_opponency,dense0_compact_test,dense,compact,compact,10,8,gpu_raw_to_logits,heldout_val,45000,4ba79ef9f76ff06df88f37ba7586b1b5a3ac8b43008b3eed0ca6a744393e6687,3,3,12.289547500000001,0.1360583252147763,0.9398546512118782,0.010522806335335923,0
cifar10,vit_small,color_opponency,dense0_compact_test,dense,compact,compact,10,8,host_raw_to_logits,heldout_val,45000,4ba79ef9f76ff06df88f37ba7586b1b5a3ac8b43008b3eed0ca6a744393e6687,3,3,12.367152833333334,0.10421084564038045,0.9389284417627901,0.009630060446185992,0
cifar10,vit_small,color_opponency,dense0_compact_test,dense,compact,compact,10,8,loader_to_cpu_prediction,heldout_val,45000,4ba79ef9f76ff06df88f37ba7586b1b5a3ac8b43008b3eed0ca6a744393e6687,3,3,12.615130166666665,0.12397157005674066,0.939660852049266,0.012012943582772842,0
cifar10,vit_small,color_opponency,dense0_compact_test,dense,compact,compact,20,1,cached_input_model_only_diagnostic,heldout_val,45000,4ba79ef9f76ff06df88f37ba7586b1b5a3ac8b43008b3eed0ca6a744393e6687,3,3,10.478944333333333,0.070870592255062,0.9609023009487576,0.0065378256691617795,0
cifar10,vit_small,color_opponency,dense0_compact_test,dense,compact,compact,20,1,gpu_raw_to_logits,heldout_val,45000,4ba79ef9f76ff06df88f37ba7586b1b5a3ac8b43008b3eed0ca6a744393e6687,3,3,11.002100666666667,0.16232111913144023,0.9243523986127095,0.014106716362659033,0
cifar10,vit_small,color_opponency,dense0_compact_test,dense,compact,compact,20,1,host_raw_to_logits,heldout_val,45000,4ba79ef9f76ff06df88f37ba7586b1b5a3ac8b43008b3eed0ca6a744393e6687,3,3,11.022965833333332,0.163016027641711,0.9265467970940431,0.01436418650623526,0
cifar10,vit_small,color_opponency,dense0_compact_test,dense,compact,compact,20,1,loader_to_cpu_prediction,heldout_val,45000,4ba79ef9f76ff06df88f37ba7586b1b5a3ac8b43008b3eed0ca6a744393e6687,3,3,11.135774166666666,0.06884376829520114,0.9342033279069957,0.006086363968431057,0
cifar10,vit_small,color_opponency,dense0_compact_test,dense,compact,compact,20,8,cached_input_model_only_diagnostic,heldout_val,45000,4ba79ef9f76ff06df88f37ba7586b1b5a3ac8b43008b3eed0ca6a744393e6687,3,3,11.932913666666666,0.055254813856652776,0.9682771364782475,0.008827598878361062,0
cifar10,vit_small,color_opponency,dense0_compact_test,dense,compact,compact,20,8,gpu_raw_to_logits,heldout_val,45000,4ba79ef9f76ff06df88f37ba7586b1b5a3ac8b43008b3eed0ca6a744393e6687,3,3,12.274277,0.018432936099547808,0.940949055748839,0.002549918441309693,0
cifar10,vit_small,color_opponency,dense0_compact_test,dense,compact,compact,20,8,host_raw_to_logits,heldout_val,45000,4ba79ef9f76ff06df88f37ba7586b1b5a3ac8b43008b3eed0ca6a744393e6687,3,3,12.3108865,0.044542735892062486,0.9431748500124301,0.004254942387302469,0
cifar10,vit_small,color_opponency,dense0_compact_test,dense,compact,compact,20,8,loader_to_cpu_prediction,heldout_val,45000,4ba79ef9f76ff06df88f37ba7586b1b5a3ac8b43008b3eed0ca6a744393e6687,3,3,12.5239045,0.04895356748746652,0.9464310612239792,0.002778708361039057,0
cifar10,vit_small,color_opponency,dense0_compact_test,dense,compact,compact,30,1,cached_input_model_only_diagnostic,heldout_val,45000,4ba79ef9f76ff06df88f37ba7586b1b5a3ac8b43008b3eed0ca6a744393e6687,3,3,10.647306333333333,0.13896213852101288,0.9457708376119719,0.010436425516075843,0
cifar10,vit_small,color_opponency,dense0_compact_test,dense,compact,compact,30,1,gpu_raw_to_logits,heldout_val,45000,4ba79ef9f76ff06df88f37ba7586b1b5a3ac8b43008b3eed0ca6a744393e6687,3,3,11.119477166666666,0.14980097536926623,0.914547599009535,0.009779191039695176,0
cifar10,vit_small,color_opponency,dense0_compact_test,dense,compact,compact,30,1,host_raw_to_logits,heldout_val,45000,4ba79ef9f76ff06df88f37ba7586b1b5a3ac8b43008b3eed0ca6a744393e6687,3,3,11.141052333333333,0.14168954622371857,0.9166596871081939,0.008241598616972714,0
cifar10,vit_small,color_opponency,dense0_compact_test,dense,compact,compact,30,1,loader_to_cpu_prediction,heldout_val,45000,4ba79ef9f76ff06df88f37ba7586b1b5a3ac8b43008b3eed0ca6a744393e6687,3,3,11.314633666666667,0.12739278871401366,0.9194742491633886,0.008237698291863476,0
cifar10,vit_small,color_opponency,dense0_compact_test,dense,compact,compact,30,8,cached_input_model_only_diagnostic,heldout_val,45000,4ba79ef9f76ff06df88f37ba7586b1b5a3ac8b43008b3eed0ca6a744393e6687,3,3,11.971112666666667,0.060647058832917315,0.9651876493020668,0.00861390189642633,0
cifar10,vit_small,color_opponency,dense0_compact_test,dense,compact,compact,30,8,gpu_raw_to_logits,heldout_val,45000,4ba79ef9f76ff06df88f37ba7586b1b5a3ac8b43008b3eed0ca6a744393e6687,3,3,12.262964833333333,0.05059158335467831,0.9418395761221305,0.007557394296511754,0
cifar10,vit_small,color_opponency,dense0_compact_test,dense,compact,compact,30,8,host_raw_to_logits,heldout_val,45000,4ba79ef9f76ff06df88f37ba7586b1b5a3ac8b43008b3eed0ca6a744393e6687,3,3,12.342862333333333,0.016468677211097696,0.9407297027777042,0.004801813790909355,0
cifar10,vit_small,color_opponency,dense0_compact_test,dense,compact,compact,30,8,loader_to_cpu_prediction,heldout_val,45000,4ba79ef9f76ff06df88f37ba7586b1b5a3ac8b43008b3eed0ca6a744393e6687,3,3,12.575762000000001,0.021519831806963766,0.942524278628702,0.0026612987021676603,0
cifar10,vit_small,color_opponency,dense0_compact_test,dense,compact,dense_masked,0,1,cached_input_model_only_diagnostic,heldout_val,45000,4ba79ef9f76ff06df88f37ba7586b1b5a3ac8b43008b3eed0ca6a744393e6687,3,3,10.157282166666667,0.06968935618574323,0.9913245541205024,0.004618311284256256,0
cifar10,vit_small,color_opponency,dense0_compact_test,dense,compact,dense_masked,0,1,gpu_raw_to_logits,heldout_val,45000,4ba79ef9f76ff06df88f37ba7586b1b5a3ac8b43008b3eed0ca6a744393e6687,3,3,10.512689166666666,0.09746230325404454,0.9672788015810876,0.005766051149592112,0
cifar10,vit_small,color_opponency,dense0_compact_test,dense,compact,dense_masked,0,1,host_raw_to_logits,heldout_val,45000,4ba79ef9f76ff06df88f37ba7586b1b5a3ac8b43008b3eed0ca6a744393e6687,3,3,10.553565333333333,0.09316164567880635,0.9676411171825736,0.004371771655632694,0
cifar10,vit_small,color_opponency,dense0_compact_test,dense,compact,dense_masked,0,1,loader_to_cpu_prediction,heldout_val,45000,4ba79ef9f76ff06df88f37ba7586b1b5a3ac8b43008b3eed0ca6a744393e6687,3,3,10.733473,0.08764438801058426,0.9692237465275616,0.005426742746378415,0
cifar10,vit_small,color_opponency,dense0_compact_test,dense,compact,dense_masked,0,8,cached_input_model_only_diagnostic,heldout_val,45000,4ba79ef9f76ff06df88f37ba7586b1b5a3ac8b43008b3eed0ca6a744393e6687,3,3,11.705085833333333,0.08817726653782948,0.9871174606311367,0.005314457156274088,0
cifar10,vit_small,color_opponency,dense0_compact_test,dense,compact,dense_masked,0,8,gpu_raw_to_logits,heldout_val,45000,4ba79ef9f76ff06df88f37ba7586b1b5a3ac8b43008b3eed0ca6a744393e6687,3,3,11.928058333333333,0.047406477253465286,0.9682626352676703,9.60106020769662e-05,0
cifar10,vit_small,color_opponency,dense0_compact_test,dense,compact,dense_masked,0,8,host_raw_to_logits,heldout_val,45000,4ba79ef9f76ff06df88f37ba7586b1b5a3ac8b43008b3eed0ca6a744393e6687,3,3,11.965832833333334,0.047460347726636896,0.9703689091437916,0.0023173427843939834,0
cifar10,vit_small,color_opponency,dense0_compact_test,dense,compact,dense_masked,0,8,loader_to_cpu_prediction,heldout_val,45000,4ba79ef9f76ff06df88f37ba7586b1b5a3ac8b43008b3eed0ca6a744393e6687,3,3,12.198804833333334,0.027775939054033215,0.9716547803406457,0.004606095331298625,0
cifar10,vit_small,color_opponency,dense0_compact_test,dense,compact,dense_masked,10,1,cached_input_model_only_diagnostic,heldout_val,45000,4ba79ef9f76ff06df88f37ba7586b1b5a3ac8b43008b3eed0ca6a744393e6687,3,3,10.082158166666668,0.02790389899428579,0.9986987643880283,0.004896293687047146,1
cifar10,vit_small,color_opponency,dense0_compact_test,dense,compact,dense_masked,10,1,gpu_raw_to_logits,heldout_val,45000,4ba79ef9f76ff06df88f37ba7586b1b5a3ac8b43008b3eed0ca6a744393e6687,3,3,10.553715,0.03341330006150305,0.9634964767837508,0.006262223778213768,0
cifar10,vit_small,color_opponency,dense0_compact_test,dense,compact,dense_masked,10,1,host_raw_to_logits,heldout_val,45000,4ba79ef9f76ff06df88f37ba7586b1b5a3ac8b43008b3eed0ca6a744393e6687,3,3,10.573316333333333,0.03558084569797815,0.9658250404071833,0.007508719547304758,0
cifar10,vit_small,color_opponency,dense0_compact_test,dense,compact,dense_masked,10,1,loader_to_cpu_prediction,heldout_val,45000,4ba79ef9f76ff06df88f37ba7586b1b5a3ac8b43008b3eed0ca6a744393e6687,3,3,10.734520166666666,0.02138611716940099,0.9691038093755969,0.0038005574436996876,0
cifar10,vit_small,color_opponency,dense0_compact_test,dense,compact,dense_masked,10,8,cached_input_model_only_diagnostic,heldout_val,45000,4ba79ef9f76ff06df88f37ba7586b1b5a3ac8b43008b3eed0ca6a744393e6687,3,3,11.6078705,0.08485630479964293,0.9954153537071878,0.01114630703339775,1
cifar10,vit_small,color_opponency,dense0_compact_test,dense,compact,dense_masked,10,8,gpu_raw_to_logits,heldout_val,45000,4ba79ef9f76ff06df88f37ba7586b1b5a3ac8b43008b3eed0ca6a744393e6687,3,3,11.945527166666666,0.05877558328365021,0.9668697498885047,0.0076954606491559194,0
cifar10,vit_small,color_opponency,dense0_compact_test,dense,compact,dense_masked,10,8,host_raw_to_logits,heldout_val,45000,4ba79ef9f76ff06df88f37ba7586b1b5a3ac8b43008b3eed0ca6a744393e6687,3,3,12.004968,0.055623329170412204,0.9672160323223996,0.0055080473180264475,0
cifar10,vit_small,color_opponency,dense0_compact_test,dense,compact,dense_masked,10,8,loader_to_cpu_prediction,heldout_val,45000,4ba79ef9f76ff06df88f37ba7586b1b5a3ac8b43008b3eed0ca6a744393e6687,3,3,12.2148895,0.04045009778418306,0.9703724704066812,0.002731947611547646,0
cifar10,vit_small,color_opponency,dense0_compact_test,dense,compact,dense_masked,20,1,cached_input_model_only_diagnostic,heldout_val,45000,4ba79ef9f76ff06df88f37ba7586b1b5a3ac8b43008b3eed0ca6a744393e6687,3,3,10.1043475,0.09082755683574242,0.9965635238074788,0.011159325860503307,1
cifar10,vit_small,color_opponency,dense0_compact_test,dense,compact,dense_masked,20,1,gpu_raw_to_logits,heldout_val,45000,4ba79ef9f76ff06df88f37ba7586b1b5a3ac8b43008b3eed0ca6a744393e6687,3,3,10.551125,0.07575343369610323,0.9637664780465154,0.00988564409629278,0
cifar10,vit_small,color_opponency,dense0_compact_test,dense,compact,dense_masked,20,1,host_raw_to_logits,heldout_val,45000,4ba79ef9f76ff06df88f37ba7586b1b5a3ac8b43008b3eed0ca6a744393e6687,3,3,10.589051333333334,0.08792871591427472,0.9644401390618359,0.012185941610286763,0
cifar10,vit_small,color_opponency,dense0_compact_test,dense,compact,dense_masked,20,1,loader_to_cpu_prediction,heldout_val,45000,4ba79ef9f76ff06df88f37ba7586b1b5a3ac8b43008b3eed0ca6a744393e6687,3,3,10.773795666666667,0.08890011617727657,0.9656241934571741,0.010437191739589931,0
cifar10,vit_small,color_opponency,dense0_compact_test,dense,compact,dense_masked,20,8,cached_input_model_only_diagnostic,heldout_val,45000,4ba79ef9f76ff06df88f37ba7586b1b5a3ac8b43008b3eed0ca6a744393e6687,3,3,11.579691833333333,0.05182569629135098,0.9977998285765644,0.006681735906599227,1
cifar10,vit_small,color_opponency,dense0_compact_test,dense,compact,dense_masked,20,8,gpu_raw_to_logits,heldout_val,45000,4ba79ef9f76ff06df88f37ba7586b1b5a3ac8b43008b3eed0ca6a744393e6687,3,3,12.0124115,0.04594256947809859,0.9614730747852119,0.00540397045060271,0
cifar10,vit_small,color_opponency,dense0_compact_test,dense,compact,dense_masked,20,8,host_raw_to_logits,heldout_val,45000,4ba79ef9f76ff06df88f37ba7586b1b5a3ac8b43008b3eed0ca6a744393e6687,3,3,11.9910295,0.05795330230668469,0.9683380397382498,0.00468321969127479,0
cifar10,vit_small,color_opponency,dense0_compact_test,dense,compact,dense_masked,20,8,loader_to_cpu_prediction,heldout_val,45000,4ba79ef9f76ff06df88f37ba7586b1b5a3ac8b43008b3eed0ca6a744393e6687,3,3,12.204768,0.07499774841286919,0.9711864034227025,0.0030035209992251553,0
cifar10,vit_small,color_opponency,dense0_compact_test,dense,compact,dense_masked,30,1,cached_input_model_only_diagnostic,heldout_val,45000,4ba79ef9f76ff06df88f37ba7586b1b5a3ac8b43008b3eed0ca6a744393e6687,3,3,10.104246,0.17037529567912696,0.9966941129058222,0.0168026086996373,2
cifar10,vit_small,color_opponency,dense0_compact_test,dense,compact,dense_masked,30,1,gpu_raw_to_logits,heldout_val,45000,4ba79ef9f76ff06df88f37ba7586b1b5a3ac8b43008b3eed0ca6a744393e6687,3,3,10.565335166666666,0.16234430600758304,0.9625724472639104,0.014866538890738806,0
cifar10,vit_small,color_opponency,dense0_compact_test,dense,compact,dense_masked,30,1,host_raw_to_logits,heldout_val,45000,4ba79ef9f76ff06df88f37ba7586b1b5a3ac8b43008b3eed0ca6a744393e6687,3,3,10.589293833333333,0.17850816474487405,0.9645335095960504,0.016774421035438757,0
cifar10,vit_small,color_opponency,dense0_compact_test,dense,compact,dense_masked,30,1,loader_to_cpu_prediction,heldout_val,45000,4ba79ef9f76ff06df88f37ba7586b1b5a3ac8b43008b3eed0ca6a744393e6687,3,3,10.759629666666667,0.1701127739305119,0.9669993410915403,0.015483765002347804,0
cifar10,vit_small,color_opponency,dense0_compact_test,dense,compact,dense_masked,30,8,cached_input_model_only_diagnostic,heldout_val,45000,4ba79ef9f76ff06df88f37ba7586b1b5a3ac8b43008b3eed0ca6a744393e6687,3,3,11.793320833333333,0.1419362644695962,0.9798326856035193,0.015484267837761637,0
cifar10,vit_small,color_opponency,dense0_compact_test,dense,compact,dense_masked,30,8,gpu_raw_to_logits,heldout_val,45000,4ba79ef9f76ff06df88f37ba7586b1b5a3ac8b43008b3eed0ca6a744393e6687,3,3,12.0808255,0.15362850964990174,0.9561503355527997,0.01566945701925988,0
cifar10,vit_small,color_opponency,dense0_compact_test,dense,compact,dense_masked,30,8,host_raw_to_logits,heldout_val,45000,4ba79ef9f76ff06df88f37ba7586b1b5a3ac8b43008b3eed0ca6a744393e6687,3,3,12.156537333333333,0.16063087867011486,0.9552666292078194,0.01434429953965833,0
cifar10,vit_small,color_opponency,dense0_compact_test,dense,compact,dense_masked,30,8,loader_to_cpu_prediction,heldout_val,45000,4ba79ef9f76ff06df88f37ba7586b1b5a3ac8b43008b3eed0ca6a744393e6687,3,3,12.3544465,0.12466101246279851,0.9594693412869826,0.009567601494050743,0
cifar10,vit_small,grayscale,compact0_compact_test,compact,compact,compact,0,1,cached_input_model_only_diagnostic,heldout_val,45000,4ba79ef9f76ff06df88f37ba7586b1b5a3ac8b43008b3eed0ca6a744393e6687,3,3,10.579854666666666,0.08272452256183432,0.9517524424425412,0.008443868743741843,0
cifar10,vit_small,grayscale,compact0_compact_test,compact,compact,compact,0,1,gpu_raw_to_logits,heldout_val,45000,4ba79ef9f76ff06df88f37ba7586b1b5a3ac8b43008b3eed0ca6a744393e6687,3,3,10.9200925,0.1383591573613752,0.9312773105354654,0.014294260781191224,0
cifar10,vit_small,grayscale,compact0_compact_test,compact,compact,compact,0,1,host_raw_to_logits,heldout_val,45000,4ba79ef9f76ff06df88f37ba7586b1b5a3ac8b43008b3eed0ca6a744393e6687,3,3,10.973906,0.1597314748069397,0.9307123266111482,0.01670090374746874,0
cifar10,vit_small,grayscale,compact0_compact_test,compact,compact,compact,0,1,loader_to_cpu_prediction,heldout_val,45000,4ba79ef9f76ff06df88f37ba7586b1b5a3ac8b43008b3eed0ca6a744393e6687,3,3,11.1409435,0.15174931986091378,0.9338773191492775,0.014470224733204003,0
cifar10,vit_small,grayscale,compact0_compact_test,compact,compact,compact,0,8,cached_input_model_only_diagnostic,heldout_val,45000,4ba79ef9f76ff06df88f37ba7586b1b5a3ac8b43008b3eed0ca6a744393e6687,3,3,11.9349645,0.09564146555887787,0.9681572569568366,0.013117005886724854,0
cifar10,vit_small,grayscale,compact0_compact_test,compact,compact,compact,0,8,gpu_raw_to_logits,heldout_val,45000,4ba79ef9f76ff06df88f37ba7586b1b5a3ac8b43008b3eed0ca6a744393e6687,3,3,12.0685415,0.08681455264095983,0.9570400316349659,0.010294882122755391,0
cifar10,vit_small,grayscale,compact0_compact_test,compact,compact,compact,0,8,host_raw_to_logits,heldout_val,45000,4ba79ef9f76ff06df88f37ba7586b1b5a3ac8b43008b3eed0ca6a744393e6687,3,3,12.147803666666666,0.10475804633336482,0.9559005016859469,0.012028469774319789,0
cifar10,vit_small,grayscale,compact0_compact_test,compact,compact,compact,0,8,loader_to_cpu_prediction,heldout_val,45000,4ba79ef9f76ff06df88f37ba7586b1b5a3ac8b43008b3eed0ca6a744393e6687,3,3,12.374882,0.08750286927152744,0.9578692959904459,0.009676005059823412,0
cifar10,vit_small,grayscale,compact0_compact_test,compact,compact,compact,10,1,cached_input_model_only_diagnostic,heldout_val,45000,4ba79ef9f76ff06df88f37ba7586b1b5a3ac8b43008b3eed0ca6a744393e6687,3,3,10.489399,0.09648604304768658,0.9599838786260568,0.010965701632849028,0
cifar10,vit_small,grayscale,compact0_compact_test,compact,compact,compact,10,1,gpu_raw_to_logits,heldout_val,45000,4ba79ef9f76ff06df88f37ba7586b1b5a3ac8b43008b3eed0ca6a744393e6687,3,3,10.908354833333334,0.09435649726613077,0.9322233083565246,0.011081680646815036,0
cifar10,vit_small,grayscale,compact0_compact_test,compact,compact,compact,10,1,host_raw_to_logits,heldout_val,45000,4ba79ef9f76ff06df88f37ba7586b1b5a3ac8b43008b3eed0ca6a744393e6687,3,3,10.9824605,0.09990497206971306,0.9299039673824772,0.012589310267766163,0
cifar10,vit_small,grayscale,compact0_compact_test,compact,compact,compact,10,1,loader_to_cpu_prediction,heldout_val,45000,4ba79ef9f76ff06df88f37ba7586b1b5a3ac8b43008b3eed0ca6a744393e6687,3,3,11.14964,0.09036689103869937,0.9330723413406955,0.009974326890189643,0
cifar10,vit_small,grayscale,compact0_compact_test,compact,compact,compact,10,8,cached_input_model_only_diagnostic,heldout_val,45000,4ba79ef9f76ff06df88f37ba7586b1b5a3ac8b43008b3eed0ca6a744393e6687,3,3,11.966633333333332,0.14916711431003568,0.9656693391830992,0.017336199514175536,0
cifar10,vit_small,grayscale,compact0_compact_test,compact,compact,compact,10,8,gpu_raw_to_logits,heldout_val,45000,4ba79ef9f76ff06df88f37ba7586b1b5a3ac8b43008b3eed0ca6a744393e6687,3,3,12.305476333333333,0.15895366653315432,0.9386924622698309,0.014983632902804776,0
cifar10,vit_small,grayscale,compact0_compact_test,compact,compact,compact,10,8,host_raw_to_logits,heldout_val,45000,4ba79ef9f76ff06df88f37ba7586b1b5a3ac8b43008b3eed0ca6a744393e6687,3,3,12.3513675,0.17248654763705462,0.9402335539214557,0.016704169705210287,0
cifar10,vit_small,grayscale,compact0_compact_test,compact,compact,compact,10,8,loader_to_cpu_prediction,heldout_val,45000,4ba79ef9f76ff06df88f37ba7586b1b5a3ac8b43008b3eed0ca6a744393e6687,3,3,12.579232166666667,0.17744365475365215,0.942414473687212,0.016030408078767024,0
cifar10,vit_small,grayscale,compact0_compact_test,compact,compact,compact,20,1,cached_input_model_only_diagnostic,heldout_val,45000,4ba79ef9f76ff06df88f37ba7586b1b5a3ac8b43008b3eed0ca6a744393e6687,3,3,10.691770166666666,0.23224403995707524,0.9420644044465923,0.021921267427204544,0
cifar10,vit_small,grayscale,compact0_compact_test,compact,compact,compact,20,1,gpu_raw_to_logits,heldout_val,45000,4ba79ef9f76ff06df88f37ba7586b1b5a3ac8b43008b3eed0ca6a744393e6687,3,3,11.144534166666666,0.21947391849735542,0.9126703179814126,0.020301072825101414,0
cifar10,vit_small,grayscale,compact0_compact_test,compact,compact,compact,20,1,host_raw_to_logits,heldout_val,45000,4ba79ef9f76ff06df88f37ba7586b1b5a3ac8b43008b3eed0ca6a744393e6687,3,3,11.208404,0.2741715048450518,0.9114918474390903,0.025164291600301786,0
cifar10,vit_small,grayscale,compact0_compact_test,compact,compact,compact,20,1,loader_to_cpu_prediction,heldout_val,45000,4ba79ef9f76ff06df88f37ba7586b1b5a3ac8b43008b3eed0ca6a744393e6687,3,3,11.363617666666666,0.23814837650734422,0.9157386961070257,0.020752135881958067,0
cifar10,vit_small,grayscale,compact0_compact_test,compact,compact,compact,20,8,cached_input_model_only_diagnostic,heldout_val,45000,4ba79ef9f76ff06df88f37ba7586b1b5a3ac8b43008b3eed0ca6a744393e6687,3,3,11.631463,0.08345965126334949,0.993355526436628,0.001892796376676271,0
cifar10,vit_small,grayscale,compact0_compact_test,compact,compact,compact,20,8,gpu_raw_to_logits,heldout_val,45000,4ba79ef9f76ff06df88f37ba7586b1b5a3ac8b43008b3eed0ca6a744393e6687,3,3,11.9469575,0.08760537454831177,0.9667557156783181,0.00602077028430454,0
cifar10,vit_small,grayscale,compact0_compact_test,compact,compact,compact,20,8,host_raw_to_logits,heldout_val,45000,4ba79ef9f76ff06df88f37ba7586b1b5a3ac8b43008b3eed0ca6a744393e6687,3,3,12.011348666666667,0.08523580196920436,0.9667045129651469,0.0031191928627075675,0
cifar10,vit_small,grayscale,compact0_compact_test,compact,compact,compact,20,8,loader_to_cpu_prediction,heldout_val,45000,4ba79ef9f76ff06df88f37ba7586b1b5a3ac8b43008b3eed0ca6a744393e6687,3,3,12.244054833333333,0.068751426707621,0.9680700190859663,0.003761784286364754,0
cifar10,vit_small,grayscale,compact0_compact_test,compact,compact,compact,30,1,cached_input_model_only_diagnostic,heldout_val,45000,4ba79ef9f76ff06df88f37ba7586b1b5a3ac8b43008b3eed0ca6a744393e6687,3,3,10.687918666666667,0.08438536305298015,0.9421152521275559,0.00538749518359058,0
cifar10,vit_small,grayscale,compact0_compact_test,compact,compact,compact,30,1,gpu_raw_to_logits,heldout_val,45000,4ba79ef9f76ff06df88f37ba7586b1b5a3ac8b43008b3eed0ca6a744393e6687,3,3,11.096642666666666,0.034615197534223555,0.9163431527114703,0.001517443656990644,0
cifar10,vit_small,grayscale,compact0_compact_test,compact,compact,compact,30,1,host_raw_to_logits,heldout_val,45000,4ba79ef9f76ff06df88f37ba7586b1b5a3ac8b43008b3eed0ca6a744393e6687,3,3,11.119232333333333,0.036199794910791144,0.9183883352280585,0.0013604486614106244,0
cifar10,vit_small,grayscale,compact0_compact_test,compact,compact,compact,30,1,loader_to_cpu_prediction,heldout_val,45000,4ba79ef9f76ff06df88f37ba7586b1b5a3ac8b43008b3eed0ca6a744393e6687,3,3,11.306374833333333,0.034259067625715324,0.9200854687447925,0.0006981220855427269,0
cifar10,vit_small,grayscale,compact0_compact_test,compact,compact,compact,30,8,cached_input_model_only_diagnostic,heldout_val,45000,4ba79ef9f76ff06df88f37ba7586b1b5a3ac8b43008b3eed0ca6a744393e6687,3,3,11.455270666666667,0.0352892693369146,1.0086281798759658,0.005314201841636135,3
cifar10,vit_small,grayscale,compact0_compact_test,compact,compact,compact,30,8,gpu_raw_to_logits,heldout_val,45000,4ba79ef9f76ff06df88f37ba7586b1b5a3ac8b43008b3eed0ca6a744393e6687,3,3,11.838698,0.08248362160301892,0.9755873521719026,0.004013961958345842,0
cifar10,vit_small,grayscale,compact0_compact_test,compact,compact,compact,30,8,host_raw_to_logits,heldout_val,45000,4ba79ef9f76ff06df88f37ba7586b1b5a3ac8b43008b3eed0ca6a744393e6687,3,3,11.920965833333334,0.056414556508788676,0.9740261652504879,0.003734559365398659,0
cifar10,vit_small,grayscale,compact0_compact_test,compact,compact,compact,30,8,loader_to_cpu_prediction,heldout_val,45000,4ba79ef9f76ff06df88f37ba7586b1b5a3ac8b43008b3eed0ca6a744393e6687,3,3,12.12242,0.09108599973788511,0.9778022907929932,0.006761890143763655,0
cifar10,vit_small,grayscale,compact0_compact_test,compact,compact,dense_masked,0,1,cached_input_model_only_diagnostic,heldout_val,45000,4ba79ef9f76ff06df88f37ba7586b1b5a3ac8b43008b3eed0ca6a744393e6687,3,3,10.483959666666667,0.33610745552625443,0.9610680645204049,0.03063066250540696,0
cifar10,vit_small,grayscale,compact0_compact_test,compact,compact,dense_masked,0,1,gpu_raw_to_logits,heldout_val,45000,4ba79ef9f76ff06df88f37ba7586b1b5a3ac8b43008b3eed0ca6a744393e6687,3,3,10.7870585,0.3590931612726009,0.9433345324933557,0.031382889731581695,0
cifar10,vit_small,grayscale,compact0_compact_test,compact,compact,dense_masked,0,1,host_raw_to_logits,heldout_val,45000,4ba79ef9f76ff06df88f37ba7586b1b5a3ac8b43008b3eed0ca6a744393e6687,3,3,10.80536,0.378972920949506,0.9458522216392202,0.033812271890691525,0
cifar10,vit_small,grayscale,compact0_compact_test,compact,compact,dense_masked,0,1,loader_to_cpu_prediction,heldout_val,45000,4ba79ef9f76ff06df88f37ba7586b1b5a3ac8b43008b3eed0ca6a744393e6687,3,3,11.004060166666667,0.3520523022081852,0.9460055405106979,0.03025942433686993,0
cifar10,vit_small,grayscale,compact0_compact_test,compact,compact,dense_masked,0,8,cached_input_model_only_diagnostic,heldout_val,45000,4ba79ef9f76ff06df88f37ba7586b1b5a3ac8b43008b3eed0ca6a744393e6687,3,3,11.563837000000001,0.05912484618796118,0.9991625370539506,0.004748915154495243,1
cifar10,vit_small,grayscale,compact0_compact_test,compact,compact,dense_masked,0,8,gpu_raw_to_logits,heldout_val,45000,4ba79ef9f76ff06df88f37ba7586b1b5a3ac8b43008b3eed0ca6a744393e6687,3,3,11.774331833333333,0.059094468612412174,0.9809214658639179,0.006432270945223233,0
cifar10,vit_small,grayscale,compact0_compact_test,compact,compact,dense_masked,0,8,host_raw_to_logits,heldout_val,45000,4ba79ef9f76ff06df88f37ba7586b1b5a3ac8b43008b3eed0ca6a744393e6687,3,3,11.812887,0.08906776296870762,0.9829532662424462,0.00514887363658179,0
cifar10,vit_small,grayscale,compact0_compact_test,compact,compact,dense_masked,0,8,loader_to_cpu_prediction,heldout_val,45000,4ba79ef9f76ff06df88f37ba7586b1b5a3ac8b43008b3eed0ca6a744393e6687,3,3,12.058220666666667,0.07075241828788058,0.9829898605236688,0.0036686526844545266,0
cifar10,vit_small,grayscale,compact0_compact_test,compact,compact,dense_masked,10,1,cached_input_model_only_diagnostic,heldout_val,45000,4ba79ef9f76ff06df88f37ba7586b1b5a3ac8b43008b3eed0ca6a744393e6687,3,3,10.131489666666667,0.028498810893322363,0.9938360474644113,0.0048716482490792365,0
cifar10,vit_small,grayscale,compact0_compact_test,compact,compact,dense_masked,10,1,gpu_raw_to_logits,heldout_val,45000,4ba79ef9f76ff06df88f37ba7586b1b5a3ac8b43008b3eed0ca6a744393e6687,3,3,10.5663685,0.031898511285795586,0.962340612732354,0.00582981231531846,0
cifar10,vit_small,grayscale,compact0_compact_test,compact,compact,dense_masked,10,1,host_raw_to_logits,heldout_val,45000,4ba79ef9f76ff06df88f37ba7586b1b5a3ac8b43008b3eed0ca6a744393e6687,3,3,10.671119666666666,0.04846605069874537,0.9569572595535806,0.0012133379714355157,0
cifar10,vit_small,grayscale,compact0_compact_test,compact,compact,dense_masked,10,1,loader_to_cpu_prediction,heldout_val,45000,4ba79ef9f76ff06df88f37ba7586b1b5a3ac8b43008b3eed0ca6a744393e6687,3,3,10.809243666666667,0.05956946928027267,0.9624280714072341,0.007618953147774077,0
cifar10,vit_small,grayscale,compact0_compact_test,compact,compact,dense_masked,10,8,cached_input_model_only_diagnostic,heldout_val,45000,4ba79ef9f76ff06df88f37ba7586b1b5a3ac8b43008b3eed0ca6a744393e6687,3,3,11.539201,0.03603910123393841,1.0012917366642762,0.005203407958633083,1
cifar10,vit_small,grayscale,compact0_compact_test,compact,compact,dense_masked,10,8,gpu_raw_to_logits,heldout_val,45000,4ba79ef9f76ff06df88f37ba7586b1b5a3ac8b43008b3eed0ca6a744393e6687,3,3,11.929484,0.04285346885900743,0.9681511194942044,0.0038580781969578255,0
cifar10,vit_small,grayscale,compact0_compact_test,compact,compact,dense_masked,10,8,host_raw_to_logits,heldout_val,45000,4ba79ef9f76ff06df88f37ba7586b1b5a3ac8b43008b3eed0ca6a744393e6687,3,3,11.992503833333332,0.0386764742263727,0.9682142731228107,0.004511429681547731,0
cifar10,vit_small,grayscale,compact0_compact_test,compact,compact,dense_masked,10,8,loader_to_cpu_prediction,heldout_val,45000,4ba79ef9f76ff06df88f37ba7586b1b5a3ac8b43008b3eed0ca6a744393e6687,3,3,12.142060166666667,0.04077122642358531,0.976191075940432,0.001411661681298843,0
cifar10,vit_small,grayscale,compact0_compact_test,compact,compact,dense_masked,20,1,cached_input_model_only_diagnostic,heldout_val,45000,4ba79ef9f76ff06df88f37ba7586b1b5a3ac8b43008b3eed0ca6a744393e6687,3,3,10.090683,0.05124837882557765,0.9978698398781847,0.007089214274713028,1
cifar10,vit_small,grayscale,compact0_compact_test,compact,compact,dense_masked,20,1,gpu_raw_to_logits,heldout_val,45000,4ba79ef9f76ff06df88f37ba7586b1b5a3ac8b43008b3eed0ca6a744393e6687,3,3,10.5802805,0.10137831399885286,0.961133298469315,0.011190379403299514,0
cifar10,vit_small,grayscale,compact0_compact_test,compact,compact,dense_masked,20,1,host_raw_to_logits,heldout_val,45000,4ba79ef9f76ff06df88f37ba7586b1b5a3ac8b43008b3eed0ca6a744393e6687,3,3,10.620085166666668,0.11381544384367832,0.9616459752779384,0.013219795353174586,0
cifar10,vit_small,grayscale,compact0_compact_test,compact,compact,dense_masked,20,1,loader_to_cpu_prediction,heldout_val,45000,4ba79ef9f76ff06df88f37ba7586b1b5a3ac8b43008b3eed0ca6a744393e6687,3,3,10.801597333333333,0.11496308899091562,0.963166008038113,0.012043263622944419,0
cifar10,vit_small,grayscale,compact0_compact_test,compact,compact,dense_masked,20,8,cached_input_model_only_diagnostic,heldout_val,45000,4ba79ef9f76ff06df88f37ba7586b1b5a3ac8b43008b3eed0ca6a744393e6687,3,3,11.650290833333333,0.11973311629028673,0.9918288099774356,0.01360836779498966,1
cifar10,vit_small,grayscale,compact0_compact_test,compact,compact,dense_masked,20,8,gpu_raw_to_logits,heldout_val,45000,4ba79ef9f76ff06df88f37ba7586b1b5a3ac8b43008b3eed0ca6a744393e6687,3,3,12.021592,0.07697849241671394,0.960768201610186,0.009472128206513747,0
cifar10,vit_small,grayscale,compact0_compact_test,compact,compact,dense_masked,20,8,host_raw_to_logits,heldout_val,45000,4ba79ef9f76ff06df88f37ba7586b1b5a3ac8b43008b3eed0ca6a744393e6687,3,3,12.0617655,0.056627702803044806,0.9626674170175196,0.006824461883449085,0
cifar10,vit_small,grayscale,compact0_compact_test,compact,compact,dense_masked,20,8,loader_to_cpu_prediction,heldout_val,45000,4ba79ef9f76ff06df88f37ba7586b1b5a3ac8b43008b3eed0ca6a744393e6687,3,3,12.218911666666667,0.07995848824442109,0.9700723210693278,0.005799097823900167,0
cifar10,vit_small,grayscale,compact0_compact_test,compact,compact,dense_masked,30,1,cached_input_model_only_diagnostic,heldout_val,45000,4ba79ef9f76ff06df88f37ba7586b1b5a3ac8b43008b3eed0ca6a744393e6687,3,3,10.196267666666666,0.13868866624325657,0.9876148801562024,0.011221281713696562,0
cifar10,vit_small,grayscale,compact0_compact_test,compact,compact,dense_masked,30,1,gpu_raw_to_logits,heldout_val,45000,4ba79ef9f76ff06df88f37ba7586b1b5a3ac8b43008b3eed0ca6a744393e6687,3,3,10.641198166666667,0.16757577518867,0.955686469464887,0.011841977416599694,0
cifar10,vit_small,grayscale,compact0_compact_test,compact,compact,dense_masked,30,1,host_raw_to_logits,heldout_val,45000,4ba79ef9f76ff06df88f37ba7586b1b5a3ac8b43008b3eed0ca6a744393e6687,3,3,10.699402833333332,0.18153058083304635,0.9545635714849436,0.012180361115904639,0
cifar10,vit_small,grayscale,compact0_compact_test,compact,compact,dense_masked,30,1,loader_to_cpu_prediction,heldout_val,45000,4ba79ef9f76ff06df88f37ba7586b1b5a3ac8b43008b3eed0ca6a744393e6687,3,3,10.870865,0.15250964753418064,0.9570475300936139,0.010976869180040963,0
cifar10,vit_small,grayscale,compact0_compact_test,compact,compact,dense_masked,30,8,cached_input_model_only_diagnostic,heldout_val,45000,4ba79ef9f76ff06df88f37ba7586b1b5a3ac8b43008b3eed0ca6a744393e6687,3,3,11.606093,0.08910422569665286,0.9955499846581248,0.008088920694122778,1
cifar10,vit_small,grayscale,compact0_compact_test,compact,compact,dense_masked,30,8,gpu_raw_to_logits,heldout_val,45000,4ba79ef9f76ff06df88f37ba7586b1b5a3ac8b43008b3eed0ca6a744393e6687,3,3,11.960686166666667,0.0483814858606405,0.9656253118214998,0.0033329088193501414,0
cifar10,vit_small,grayscale,compact0_compact_test,compact,compact,dense_masked,30,8,host_raw_to_logits,heldout_val,45000,4ba79ef9f76ff06df88f37ba7586b1b5a3ac8b43008b3eed0ca6a744393e6687,3,3,11.968529833333333,0.08484886505477494,0.9701805321016063,0.007814155360236982,0
cifar10,vit_small,grayscale,compact0_compact_test,compact,compact,dense_masked,30,8,loader_to_cpu_prediction,heldout_val,45000,4ba79ef9f76ff06df88f37ba7586b1b5a3ac8b43008b3eed0ca6a744393e6687,3,3,12.186719166666666,0.08125340820902965,0.9726494607711533,0.008659102692469249,0
cifar10,vit_small,grayscale,dense0_compact_test,dense,compact,compact,0,1,cached_input_model_only_diagnostic,heldout_val,45000,4ba79ef9f76ff06df88f37ba7586b1b5a3ac8b43008b3eed0ca6a744393e6687,3,3,10.532511,0.028859972054733857,0.9559947019059494,0.004272622618440752,0
cifar10,vit_small,grayscale,dense0_compact_test,dense,compact,compact,0,1,gpu_raw_to_logits,heldout_val,45000,4ba79ef9f76ff06df88f37ba7586b1b5a3ac8b43008b3eed0ca6a744393e6687,3,3,10.856205000000001,0.07894115609585378,0.9366686282867639,0.007140549456255767,0
cifar10,vit_small,grayscale,dense0_compact_test,dense,compact,compact,0,1,host_raw_to_logits,heldout_val,45000,4ba79ef9f76ff06df88f37ba7586b1b5a3ac8b43008b3eed0ca6a744393e6687,3,3,10.8288815,0.09832186993873722,0.9430634226530608,0.009015185699836585,0
cifar10,vit_small,grayscale,dense0_compact_test,dense,compact,compact,0,1,loader_to_cpu_prediction,heldout_val,45000,4ba79ef9f76ff06df88f37ba7586b1b5a3ac8b43008b3eed0ca6a744393e6687,3,3,11.033847666666666,0.08909468937222531,0.9428506351351543,0.007949134848005268,0
cifar10,vit_small,grayscale,dense0_compact_test,dense,compact,compact,0,8,cached_input_model_only_diagnostic,heldout_val,45000,4ba79ef9f76ff06df88f37ba7586b1b5a3ac8b43008b3eed0ca6a744393e6687,3,3,11.930697499999999,0.06223379427810977,0.9684322706595305,0.0007549240517384728,0
cifar10,vit_small,grayscale,dense0_compact_test,dense,compact,compact,0,8,gpu_raw_to_logits,heldout_val,45000,4ba79ef9f76ff06df88f37ba7586b1b5a3ac8b43008b3eed0ca6a744393e6687,3,3,12.085897333333333,0.05125515955573056,0.9556204851268395,0.0026357861665832574,0
cifar10,vit_small,grayscale,dense0_compact_test,dense,compact,compact,0,8,host_raw_to_logits,heldout_val,45000,4ba79ef9f76ff06df88f37ba7586b1b5a3ac8b43008b3eed0ca6a744393e6687,3,3,12.161806666666667,0.08571870592282262,0.9547444725965457,0.002904187747639115,0
cifar10,vit_small,grayscale,dense0_compact_test,dense,compact,compact,0,8,loader_to_cpu_prediction,heldout_val,45000,4ba79ef9f76ff06df88f37ba7586b1b5a3ac8b43008b3eed0ca6a744393e6687,3,3,12.405839499999999,0.06010366986507487,0.9554406454089416,0.002738914141571565,0
cifar10,vit_small,grayscale,dense0_compact_test,dense,compact,compact,10,1,cached_input_model_only_diagnostic,heldout_val,45000,4ba79ef9f76ff06df88f37ba7586b1b5a3ac8b43008b3eed0ca6a744393e6687,3,3,10.586989333333333,0.05187022364838421,0.9510798947797048,0.004001161961844799,0
cifar10,vit_small,grayscale,dense0_compact_test,dense,compact,compact,10,1,gpu_raw_to_logits,heldout_val,45000,4ba79ef9f76ff06df88f37ba7586b1b5a3ac8b43008b3eed0ca6a744393e6687,3,3,11.0168445,0.09011205774340068,0.9230233773931409,0.008509970833447301,0
cifar10,vit_small,grayscale,dense0_compact_test,dense,compact,compact,10,1,host_raw_to_logits,heldout_val,45000,4ba79ef9f76ff06df88f37ba7586b1b5a3ac8b43008b3eed0ca6a744393e6687,3,3,11.026536166666666,0.05271290975732049,0.926122290485959,0.00534418060564165,0
cifar10,vit_small,grayscale,dense0_compact_test,dense,compact,compact,10,1,loader_to_cpu_prediction,heldout_val,45000,4ba79ef9f76ff06df88f37ba7586b1b5a3ac8b43008b3eed0ca6a744393e6687,3,3,11.2220195,0.08153962202052396,0.927034286337696,0.007320438764993687,0
cifar10,vit_small,grayscale,dense0_compact_test,dense,compact,compact,10,8,cached_input_model_only_diagnostic,heldout_val,45000,4ba79ef9f76ff06df88f37ba7586b1b5a3ac8b43008b3eed0ca6a744393e6687,3,3,11.946412166666667,0.042216002005558466,0.9671783249001911,0.008487372686135256,0
cifar10,vit_small,grayscale,dense0_compact_test,dense,compact,compact,10,8,gpu_raw_to_logits,heldout_val,45000,4ba79ef9f76ff06df88f37ba7586b1b5a3ac8b43008b3eed0ca6a744393e6687,3,3,12.291733833333334,0.05442763673524066,0.9396328229908112,0.006911779906099261,0
cifar10,vit_small,grayscale,dense0_compact_test,dense,compact,compact,10,8,host_raw_to_logits,heldout_val,45000,4ba79ef9f76ff06df88f37ba7586b1b5a3ac8b43008b3eed0ca6a744393e6687,3,3,12.309135166666668,0.040745766345515,0.9433151638053321,0.006098635671751092,0
cifar10,vit_small,grayscale,dense0_compact_test,dense,compact,compact,10,8,loader_to_cpu_prediction,heldout_val,45000,4ba79ef9f76ff06df88f37ba7586b1b5a3ac8b43008b3eed0ca6a744393e6687,3,3,12.525341666666666,0.05523068012059399,0.9463396871615798,0.007269061911768478,0
cifar10,vit_small,grayscale,dense0_compact_test,dense,compact,compact,20,1,cached_input_model_only_diagnostic,heldout_val,45000,4ba79ef9f76ff06df88f37ba7586b1b5a3ac8b43008b3eed0ca6a744393e6687,3,3,10.568793333333334,0.05370967467396597,0.9527149246611579,0.0027511654641551586,0
cifar10,vit_small,grayscale,dense0_compact_test,dense,compact,compact,20,1,gpu_raw_to_logits,heldout_val,45000,4ba79ef9f76ff06df88f37ba7586b1b5a3ac8b43008b3eed0ca6a744393e6687,3,3,11.039961,0.04006556852211088,0.9210517125365302,0.003167413121256352,0
cifar10,vit_small,grayscale,dense0_compact_test,dense,compact,compact,20,1,host_raw_to_logits,heldout_val,45000,4ba79ef9f76ff06df88f37ba7586b1b5a3ac8b43008b3eed0ca6a744393e6687,3,3,11.059744333333333,0.028307690961703463,0.9233288973637143,0.0027178660084158836,0
cifar10,vit_small,grayscale,dense0_compact_test,dense,compact,compact,20,1,loader_to_cpu_prediction,heldout_val,45000,4ba79ef9f76ff06df88f37ba7586b1b5a3ac8b43008b3eed0ca6a744393e6687,3,3,11.249760666666667,0.03081607340874816,0.9247165337553619,0.0020047272293659216,0
cifar10,vit_small,grayscale,dense0_compact_test,dense,compact,compact,20,8,cached_input_model_only_diagnostic,heldout_val,45000,4ba79ef9f76ff06df88f37ba7586b1b5a3ac8b43008b3eed0ca6a744393e6687,3,3,11.602300000000001,0.10047766895683875,0.9959277032622899,0.014315871468173076,1
cifar10,vit_small,grayscale,dense0_compact_test,dense,compact,compact,20,8,gpu_raw_to_logits,heldout_val,45000,4ba79ef9f76ff06df88f37ba7586b1b5a3ac8b43008b3eed0ca6a744393e6687,3,3,11.9326595,0.11272568586950422,0.9679636511814157,0.01211882755150509,0
cifar10,vit_small,grayscale,dense0_compact_test,dense,compact,compact,20,8,host_raw_to_logits,heldout_val,45000,4ba79ef9f76ff06df88f37ba7586b1b5a3ac8b43008b3eed0ca6a744393e6687,3,3,11.995856166666666,0.1344524943728574,0.9680470382028307,0.014550968492483132,0
cifar10,vit_small,grayscale,dense0_compact_test,dense,compact,compact,20,8,loader_to_cpu_prediction,heldout_val,45000,4ba79ef9f76ff06df88f37ba7586b1b5a3ac8b43008b3eed0ca6a744393e6687,3,3,12.2279365,0.1299063730721092,0.9694263956969055,0.013073500881717546,0
cifar10,vit_small,grayscale,dense0_compact_test,dense,compact,compact,30,1,cached_input_model_only_diagnostic,heldout_val,45000,4ba79ef9f76ff06df88f37ba7586b1b5a3ac8b43008b3eed0ca6a744393e6687,3,3,10.571923,0.09757296282782361,0.9524714980991873,0.008001449810884933,0
cifar10,vit_small,grayscale,dense0_compact_test,dense,compact,compact,30,1,gpu_raw_to_logits,heldout_val,45000,4ba79ef9f76ff06df88f37ba7586b1b5a3ac8b43008b3eed0ca6a744393e6687,3,3,11.018294166666667,0.06727300881916477,0.9228695558811063,0.0028195098024499515,0
cifar10,vit_small,grayscale,dense0_compact_test,dense,compact,compact,30,1,host_raw_to_logits,heldout_val,45000,4ba79ef9f76ff06df88f37ba7586b1b5a3ac8b43008b3eed0ca6a744393e6687,3,3,11.083925333333333,0.03352914323887996,0.9213168093663917,0.003378310682291288,0
cifar10,vit_small,grayscale,dense0_compact_test,dense,compact,compact,30,1,loader_to_cpu_prediction,heldout_val,45000,4ba79ef9f76ff06df88f37ba7586b1b5a3ac8b43008b3eed0ca6a744393e6687,3,3,11.266747333333333,0.032577835660665314,0.9233219449162142,0.0014647092316738776,0
cifar10,vit_small,grayscale,dense0_compact_test,dense,compact,compact,30,8,cached_input_model_only_diagnostic,heldout_val,45000,4ba79ef9f76ff06df88f37ba7586b1b5a3ac8b43008b3eed0ca6a744393e6687,3,3,11.432359666666667,0.014554361823293553,1.0106515761029413,0.0065232291927353955,3
cifar10,vit_small,grayscale,dense0_compact_test,dense,compact,compact,30,8,gpu_raw_to_logits,heldout_val,45000,4ba79ef9f76ff06df88f37ba7586b1b5a3ac8b43008b3eed0ca6a744393e6687,3,3,11.842980500000001,0.06973485643313546,0.9752336524983326,0.005143209796641338,0
cifar10,vit_small,grayscale,dense0_compact_test,dense,compact,compact,30,8,host_raw_to_logits,heldout_val,45000,4ba79ef9f76ff06df88f37ba7586b1b5a3ac8b43008b3eed0ca6a744393e6687,3,3,11.879247166666667,0.09924751783084154,0.9774910947903349,0.00992003724097122,0
cifar10,vit_small,grayscale,dense0_compact_test,dense,compact,compact,30,8,loader_to_cpu_prediction,heldout_val,45000,4ba79ef9f76ff06df88f37ba7586b1b5a3ac8b43008b3eed0ca6a744393e6687,3,3,12.051559333333334,0.05806133564889222,0.9835436058600227,0.007421516174411845,0
cifar10,vit_small,grayscale,dense0_compact_test,dense,compact,dense_masked,0,1,cached_input_model_only_diagnostic,heldout_val,45000,4ba79ef9f76ff06df88f37ba7586b1b5a3ac8b43008b3eed0ca6a744393e6687,3,3,10.125616166666667,0.07891828087701454,0.9944394059259374,0.007183886560029305,1
cifar10,vit_small,grayscale,dense0_compact_test,dense,compact,dense_masked,0,1,gpu_raw_to_logits,heldout_val,45000,4ba79ef9f76ff06df88f37ba7586b1b5a3ac8b43008b3eed0ca6a744393e6687,3,3,10.422934166666666,0.07456393762123509,0.9756121304465132,0.008812061119113418,0
cifar10,vit_small,grayscale,dense0_compact_test,dense,compact,dense_masked,0,1,host_raw_to_logits,heldout_val,45000,4ba79ef9f76ff06df88f37ba7586b1b5a3ac8b43008b3eed0ca6a744393e6687,3,3,10.5174175,0.11961035488096347,0.9710034958558904,0.008804893959517696,0
cifar10,vit_small,grayscale,dense0_compact_test,dense,compact,dense_masked,0,1,loader_to_cpu_prediction,heldout_val,45000,4ba79ef9f76ff06df88f37ba7586b1b5a3ac8b43008b3eed0ca6a744393e6687,3,3,10.643370833333334,0.07239291060306526,0.9774253511403886,0.006265408429393456,0
cifar10,vit_small,grayscale,dense0_compact_test,dense,compact,dense_masked,0,8,cached_input_model_only_diagnostic,heldout_val,45000,4ba79ef9f76ff06df88f37ba7586b1b5a3ac8b43008b3eed0ca6a744393e6687,3,3,11.648620333333334,0.10408909784690756,0.9919094443253639,0.005168627322654872,0
cifar10,vit_small,grayscale,dense0_compact_test,dense,compact,dense_masked,0,8,gpu_raw_to_logits,heldout_val,45000,4ba79ef9f76ff06df88f37ba7586b1b5a3ac8b43008b3eed0ca6a744393e6687,3,3,11.880206000000001,0.1101046298992462,0.9721952780911339,0.0053836096184874,0
cifar10,vit_small,grayscale,dense0_compact_test,dense,compact,dense_masked,0,8,host_raw_to_logits,heldout_val,45000,4ba79ef9f76ff06df88f37ba7586b1b5a3ac8b43008b3eed0ca6a744393e6687,3,3,11.905651,0.12581016469168826,0.9753194149021174,0.006857281618471627,0
cifar10,vit_small,grayscale,dense0_compact_test,dense,compact,dense_masked,0,8,loader_to_cpu_prediction,heldout_val,45000,4ba79ef9f76ff06df88f37ba7586b1b5a3ac8b43008b3eed0ca6a744393e6687,3,3,12.124655500000001,0.14381962200357093,0.9776732381969478,0.010739538536125253,0
cifar10,vit_small,grayscale,dense0_compact_test,dense,compact,dense_masked,10,1,cached_input_model_only_diagnostic,heldout_val,45000,4ba79ef9f76ff06df88f37ba7586b1b5a3ac8b43008b3eed0ca6a744393e6687,3,3,10.278614833333334,0.1939644515125988,0.9798518977081561,0.019942240882650616,0
cifar10,vit_small,grayscale,dense0_compact_test,dense,compact,dense_masked,10,1,gpu_raw_to_logits,heldout_val,45000,4ba79ef9f76ff06df88f37ba7586b1b5a3ac8b43008b3eed0ca6a744393e6687,3,3,10.800940666666667,0.281239420545171,0.9418932825298264,0.026770433233356778,0
cifar10,vit_small,grayscale,dense0_compact_test,dense,compact,dense_masked,10,1,host_raw_to_logits,heldout_val,45000,4ba79ef9f76ff06df88f37ba7586b1b5a3ac8b43008b3eed0ca6a744393e6687,3,3,10.825797,0.28037724400707054,0.9437515619589067,0.027260395901257596,0
cifar10,vit_small,grayscale,dense0_compact_test,dense,compact,dense_masked,10,1,loader_to_cpu_prediction,heldout_val,45000,4ba79ef9f76ff06df88f37ba7586b1b5a3ac8b43008b3eed0ca6a744393e6687,3,3,11.009024666666667,0.27567161072566626,0.945354639245405,0.025157242236658012,0
cifar10,vit_small,grayscale,dense0_compact_test,dense,compact,dense_masked,10,8,cached_input_model_only_diagnostic,heldout_val,45000,4ba79ef9f76ff06df88f37ba7586b1b5a3ac8b43008b3eed0ca6a744393e6687,3,3,11.631273,0.006688247378798529,0.9933654525453661,0.005945778927317917,0
cifar10,vit_small,grayscale,dense0_compact_test,dense,compact,dense_masked,10,8,gpu_raw_to_logits,heldout_val,45000,4ba79ef9f76ff06df88f37ba7586b1b5a3ac8b43008b3eed0ca6a744393e6687,3,3,11.990913333333333,0.021747463405725167,0.9631894149282202,0.004275503518911574,0
cifar10,vit_small,grayscale,dense0_compact_test,dense,compact,dense_masked,10,8,host_raw_to_logits,heldout_val,45000,4ba79ef9f76ff06df88f37ba7586b1b5a3ac8b43008b3eed0ca6a744393e6687,3,3,12.027326833333333,0.021153584544548236,0.9654037276102649,0.002448153505056764,0
cifar10,vit_small,grayscale,dense0_compact_test,dense,compact,dense_masked,10,8,loader_to_cpu_prediction,heldout_val,45000,4ba79ef9f76ff06df88f37ba7586b1b5a3ac8b43008b3eed0ca6a744393e6687,3,3,12.246657833333334,0.02999446821637914,0.9678523662223132,0.0018966558314032055,0
cifar10,vit_small,grayscale,dense0_compact_test,dense,compact,dense_masked,20,1,cached_input_model_only_diagnostic,heldout_val,45000,4ba79ef9f76ff06df88f37ba7586b1b5a3ac8b43008b3eed0ca6a744393e6687,3,3,10.101575500000001,0.020699496569964573,0.9967757748342809,0.004184990756917435,1
cifar10,vit_small,grayscale,dense0_compact_test,dense,compact,dense_masked,20,1,gpu_raw_to_logits,heldout_val,45000,4ba79ef9f76ff06df88f37ba7586b1b5a3ac8b43008b3eed0ca6a744393e6687,3,3,10.563156333333334,0.016671096014760144,0.9626270179047364,0.004708304926030599,0
cifar10,vit_small,grayscale,dense0_compact_test,dense,compact,dense_masked,20,1,host_raw_to_logits,heldout_val,45000,4ba79ef9f76ff06df88f37ba7586b1b5a3ac8b43008b3eed0ca6a744393e6687,3,3,10.593764666666667,0.022984325470487576,0.9639530676899981,0.006323241736094958,0
cifar10,vit_small,grayscale,dense0_compact_test,dense,compact,dense_masked,20,1,loader_to_cpu_prediction,heldout_val,45000,4ba79ef9f76ff06df88f37ba7586b1b5a3ac8b43008b3eed0ca6a744393e6687,3,3,10.769593166666667,0.03376824026112845,0.965955098318073,0.005492391539081097,0
cifar10,vit_small,grayscale,dense0_compact_test,dense,compact,dense_masked,20,8,cached_input_model_only_diagnostic,heldout_val,45000,4ba79ef9f76ff06df88f37ba7586b1b5a3ac8b43008b3eed0ca6a744393e6687,3,3,11.592231833333333,0.09656583096563397,0.9967874461760776,0.013974209201722817,1
cifar10,vit_small,grayscale,dense0_compact_test,dense,compact,dense_masked,20,8,gpu_raw_to_logits,heldout_val,45000,4ba79ef9f76ff06df88f37ba7586b1b5a3ac8b43008b3eed0ca6a744393e6687,3,3,11.981864833333333,0.04779415194438948,0.9639328293392284,0.007283444588550118,0
cifar10,vit_small,grayscale,dense0_compact_test,dense,compact,dense_masked,20,8,host_raw_to_logits,heldout_val,45000,4ba79ef9f76ff06df88f37ba7586b1b5a3ac8b43008b3eed0ca6a744393e6687,3,3,11.9891385,0.05049685021117762,0.9685031065651026,0.00793107151691334,0
cifar10,vit_small,grayscale,dense0_compact_test,dense,compact,dense_masked,20,8,loader_to_cpu_prediction,heldout_val,45000,4ba79ef9f76ff06df88f37ba7586b1b5a3ac8b43008b3eed0ca6a744393e6687,3,3,12.207945166666667,0.06736863496897708,0.9709424794997569,0.006444581274759113,0
cifar10,vit_small,grayscale,dense0_compact_test,dense,compact,dense_masked,30,1,cached_input_model_only_diagnostic,heldout_val,45000,4ba79ef9f76ff06df88f37ba7586b1b5a3ac8b43008b3eed0ca6a744393e6687,3,3,10.097395333333333,0.02575912244882018,0.9971846062933799,0.001943470714638456,0
cifar10,vit_small,grayscale,dense0_compact_test,dense,compact,dense_masked,30,1,gpu_raw_to_logits,heldout_val,45000,4ba79ef9f76ff06df88f37ba7586b1b5a3ac8b43008b3eed0ca6a744393e6687,3,3,10.547239,0.02985014936311055,0.9640739347419712,0.00048594506460687085,0
cifar10,vit_small,grayscale,dense0_compact_test,dense,compact,dense_masked,30,1,host_raw_to_logits,heldout_val,45000,4ba79ef9f76ff06df88f37ba7586b1b5a3ac8b43008b3eed0ca6a744393e6687,3,3,10.58517,0.04652724312701104,0.9647266556176166,0.00026079740063906517,0
cifar10,vit_small,grayscale,dense0_compact_test,dense,compact,dense_masked,30,1,loader_to_cpu_prediction,heldout_val,45000,4ba79ef9f76ff06df88f37ba7586b1b5a3ac8b43008b3eed0ca6a744393e6687,3,3,10.786829833333334,0.07062534638735166,0.9644169152753527,0.0038541082413322404,0
cifar10,vit_small,grayscale,dense0_compact_test,dense,compact,dense_masked,30,8,cached_input_model_only_diagnostic,heldout_val,45000,4ba79ef9f76ff06df88f37ba7586b1b5a3ac8b43008b3eed0ca6a744393e6687,3,3,11.640190333333333,0.04962722850747642,0.9926116639431514,0.0062753513015304406,0
cifar10,vit_small,grayscale,dense0_compact_test,dense,compact,dense_masked,30,8,gpu_raw_to_logits,heldout_val,45000,4ba79ef9f76ff06df88f37ba7586b1b5a3ac8b43008b3eed0ca6a744393e6687,3,3,12.001216833333332,0.053503876729478914,0.9623842643499326,0.008118042697352732,0
cifar10,vit_small,grayscale,dense0_compact_test,dense,compact,dense_masked,30,8,host_raw_to_logits,heldout_val,45000,4ba79ef9f76ff06df88f37ba7586b1b5a3ac8b43008b3eed0ca6a744393e6687,3,3,12.0280685,0.05064568539619037,0.9653654777083287,0.007349571246392105,0
cifar10,vit_small,grayscale,dense0_compact_test,dense,compact,dense_masked,30,8,loader_to_cpu_prediction,heldout_val,45000,4ba79ef9f76ff06df88f37ba7586b1b5a3ac8b43008b3eed0ca6a744393e6687,3,3,12.2321095,0.05221081159826925,0.9690186677717233,0.006014565098093102,0
cifar10,vit_small,raw,raw_compact_test,dense,compact,compact,0,1,cached_input_model_only_diagnostic,heldout_val,45000,4ba79ef9f76ff06df88f37ba7586b1b5a3ac8b43008b3eed0ca6a744393e6687,3,3,10.478943166666667,0.020309384138455393,0.9608761319993432,0.002414836969580569,0
cifar10,vit_small,raw,raw_compact_test,dense,compact,compact,0,1,gpu_raw_to_logits,heldout_val,45000,4ba79ef9f76ff06df88f37ba7586b1b5a3ac8b43008b3eed0ca6a744393e6687,3,3,10.660451499999999,0.012071372902450734,0.9538351718108417,0.002260204330224071,0
cifar10,vit_small,raw,raw_compact_test,dense,compact,compact,0,1,host_raw_to_logits,heldout_val,45000,4ba79ef9f76ff06df88f37ba7586b1b5a3ac8b43008b3eed0ca6a744393e6687,3,3,10.699759333333335,0.010488663991821476,0.9543929927530607,0.0033677686818128143,0
cifar10,vit_small,raw,raw_compact_test,dense,compact,compact,0,1,loader_to_cpu_prediction,heldout_val,45000,4ba79ef9f76ff06df88f37ba7586b1b5a3ac8b43008b3eed0ca6a744393e6687,3,3,10.8990895,0.011969880335658784,0.9544658584396742,0.0013825061056492623,0
cifar10,vit_small,raw,raw_compact_test,dense,compact,compact,0,8,cached_input_model_only_diagnostic,heldout_val,45000,4ba79ef9f76ff06df88f37ba7586b1b5a3ac8b43008b3eed0ca6a744393e6687,3,3,12.007132666666667,0.061108382414634864,0.9623044259727568,0.010412315017949371,0
cifar10,vit_small,raw,raw_compact_test,dense,compact,compact,0,8,gpu_raw_to_logits,heldout_val,45000,4ba79ef9f76ff06df88f37ba7586b1b5a3ac8b43008b3eed0ca6a744393e6687,3,3,12.139091333333333,0.026956413751339107,0.9514360150115901,0.005250256711683796,0
cifar10,vit_small,raw,raw_compact_test,dense,compact,compact,0,8,host_raw_to_logits,heldout_val,45000,4ba79ef9f76ff06df88f37ba7586b1b5a3ac8b43008b3eed0ca6a744393e6687,3,3,12.192913166666667,0.04418281214831514,0.952309002091828,0.006501806930158979,0
cifar10,vit_small,raw,raw_compact_test,dense,compact,compact,0,8,loader_to_cpu_prediction,heldout_val,45000,4ba79ef9f76ff06df88f37ba7586b1b5a3ac8b43008b3eed0ca6a744393e6687,3,3,12.432811333333333,0.06345307636618941,0.953388401501768,0.0079855213487368,0
cifar10,vit_small,raw,raw_compact_test,dense,compact,compact,10,1,cached_input_model_only_diagnostic,heldout_val,45000,4ba79ef9f76ff06df88f37ba7586b1b5a3ac8b43008b3eed0ca6a744393e6687,3,3,10.538299833333333,0.03671107704199626,0.9554728391647435,0.004832906468634288,0
cifar10,vit_small,raw,raw_compact_test,dense,compact,compact,10,1,gpu_raw_to_logits,heldout_val,45000,4ba79ef9f76ff06df88f37ba7586b1b5a3ac8b43008b3eed0ca6a744393e6687,3,3,10.878885,0.02735280153384673,0.9346922627003409,0.005024098121017837,0
cifar10,vit_small,raw,raw_compact_test,dense,compact,compact,10,1,host_raw_to_logits,heldout_val,45000,4ba79ef9f76ff06df88f37ba7586b1b5a3ac8b43008b3eed0ca6a744393e6687,3,3,10.906358333333333,0.030413358316426425,0.9363267614491586,0.006399215419097982,0
cifar10,vit_small,raw,raw_compact_test,dense,compact,compact,10,1,loader_to_cpu_prediction,heldout_val,45000,4ba79ef9f76ff06df88f37ba7586b1b5a3ac8b43008b3eed0ca6a744393e6687,3,3,11.122622999999999,0.03570609117503589,0.9352945831585862,0.004918115663901553,0
cifar10,vit_small,raw,raw_compact_test,dense,compact,compact,10,8,cached_input_model_only_diagnostic,heldout_val,45000,4ba79ef9f76ff06df88f37ba7586b1b5a3ac8b43008b3eed0ca6a744393e6687,3,3,12.056125333333334,0.17412149282708705,0.9584820962729192,0.01394705111419027,0
cifar10,vit_small,raw,raw_compact_test,dense,compact,compact,10,8,gpu_raw_to_logits,heldout_val,45000,4ba79ef9f76ff06df88f37ba7586b1b5a3ac8b43008b3eed0ca6a744393e6687,3,3,12.232848333333333,0.1315681864902513,0.9442230115616382,0.01236691352924982,0
cifar10,vit_small,raw,raw_compact_test,dense,compact,compact,10,8,host_raw_to_logits,heldout_val,45000,4ba79ef9f76ff06df88f37ba7586b1b5a3ac8b43008b3eed0ca6a744393e6687,3,3,12.265308166666667,0.129777261750984,0.9467439536197094,0.010603673192954261,0
cifar10,vit_small,raw,raw_compact_test,dense,compact,compact,10,8,loader_to_cpu_prediction,heldout_val,45000,4ba79ef9f76ff06df88f37ba7586b1b5a3ac8b43008b3eed0ca6a744393e6687,3,3,12.520388666666667,0.16540027210250646,0.9467801052734995,0.010097234057766722,0
cifar10,vit_small,raw,raw_compact_test,dense,compact,compact,20,1,cached_input_model_only_diagnostic,heldout_val,45000,4ba79ef9f76ff06df88f37ba7586b1b5a3ac8b43008b3eed0ca6a744393e6687,3,3,10.637216333333333,0.08426186134357258,0.9466218326844501,0.008607095060674759,0
cifar10,vit_small,raw,raw_compact_test,dense,compact,compact,20,1,gpu_raw_to_logits,heldout_val,45000,4ba79ef9f76ff06df88f37ba7586b1b5a3ac8b43008b3eed0ca6a744393e6687,3,3,10.9104225,0.0408017261430203,0.9319888859022105,0.00374715730166188,0
cifar10,vit_small,raw,raw_compact_test,dense,compact,compact,20,1,host_raw_to_logits,heldout_val,45000,4ba79ef9f76ff06df88f37ba7586b1b5a3ac8b43008b3eed0ca6a744393e6687,3,3,11.004766333333333,0.09604444887698202,0.9280032676900506,0.010890016656421638,0
cifar10,vit_small,raw,raw_compact_test,dense,compact,compact,20,1,loader_to_cpu_prediction,heldout_val,45000,4ba79ef9f76ff06df88f37ba7586b1b5a3ac8b43008b3eed0ca6a744393e6687,3,3,11.180206833333333,0.10849936272431944,0.9305359793973806,0.01071817157979122,0
cifar10,vit_small,raw,raw_compact_test,dense,compact,compact,20,8,cached_input_model_only_diagnostic,heldout_val,45000,4ba79ef9f76ff06df88f37ba7586b1b5a3ac8b43008b3eed0ca6a744393e6687,3,3,11.926751333333334,0.07426815749419984,0.968801839081996,0.011493267305759508,0
cifar10,vit_small,raw,raw_compact_test,dense,compact,compact,20,8,gpu_raw_to_logits,heldout_val,45000,4ba79ef9f76ff06df88f37ba7586b1b5a3ac8b43008b3eed0ca6a744393e6687,3,3,12.119653833333333,0.049721641244867956,0.9529714413655231,0.006631910068131802,0
cifar10,vit_small,raw,raw_compact_test,dense,compact,compact,20,8,host_raw_to_logits,heldout_val,45000,4ba79ef9f76ff06df88f37ba7586b1b5a3ac8b43008b3eed0ca6a744393e6687,3,3,12.172608166666667,0.053492568905253564,0.9539063322731471,0.00787485928447772,0
cifar10,vit_small,raw,raw_compact_test,dense,compact,compact,20,8,loader_to_cpu_prediction,heldout_val,45000,4ba79ef9f76ff06df88f37ba7586b1b5a3ac8b43008b3eed0ca6a744393e6687,3,3,12.383892666666666,0.052880536318510155,0.9571432115946196,0.006249468367005219,0
cifar10,vit_small,raw,raw_compact_test,dense,compact,compact,30,1,cached_input_model_only_diagnostic,heldout_val,45000,4ba79ef9f76ff06df88f37ba7586b1b5a3ac8b43008b3eed0ca6a744393e6687,3,3,10.5336295,0.07826328659882614,0.9559208863647805,0.00734863790925747,0
cifar10,vit_small,raw,raw_compact_test,dense,compact,compact,30,1,gpu_raw_to_logits,heldout_val,45000,4ba79ef9f76ff06df88f37ba7586b1b5a3ac8b43008b3eed0ca6a744393e6687,3,3,10.860091166666667,0.029723341839087952,0.9363093102058079,0.004798927195344696,0
cifar10,vit_small,raw,raw_compact_test,dense,compact,compact,30,1,host_raw_to_logits,heldout_val,45000,4ba79ef9f76ff06df88f37ba7586b1b5a3ac8b43008b3eed0ca6a744393e6687,3,3,10.896297333333333,0.05003046704342665,0.9371983093580437,0.00700891229972533,0
cifar10,vit_small,raw,raw_compact_test,dense,compact,compact,30,1,loader_to_cpu_prediction,heldout_val,45000,4ba79ef9f76ff06df88f37ba7586b1b5a3ac8b43008b3eed0ca6a744393e6687,3,3,11.1158115,0.07251156572575176,0.9358874661419451,0.007174827565697282,0
cifar10,vit_small,raw,raw_compact_test,dense,compact,compact,30,8,cached_input_model_only_diagnostic,heldout_val,45000,4ba79ef9f76ff06df88f37ba7586b1b5a3ac8b43008b3eed0ca6a744393e6687,3,3,11.548117833333333,0.06276117145642866,1.000537375506423,0.007968697981479022,2
cifar10,vit_small,raw,raw_compact_test,dense,compact,compact,30,8,gpu_raw_to_logits,heldout_val,45000,4ba79ef9f76ff06df88f37ba7586b1b5a3ac8b43008b3eed0ca6a744393e6687,3,3,11.783897999999999,0.10926629010243806,0.980151299572521,0.007731688184402657,0
cifar10,vit_small,raw,raw_compact_test,dense,compact,compact,30,8,host_raw_to_logits,heldout_val,45000,4ba79ef9f76ff06df88f37ba7586b1b5a3ac8b43008b3eed0ca6a744393e6687,3,3,11.846406166666668,0.08987112218662575,0.9801823911174862,0.0075117642879726325,0
cifar10,vit_small,raw,raw_compact_test,dense,compact,compact,30,8,loader_to_cpu_prediction,heldout_val,45000,4ba79ef9f76ff06df88f37ba7586b1b5a3ac8b43008b3eed0ca6a744393e6687,3,3,12.062913166666666,0.061332647018804705,0.982620856684654,0.007823553343081775,0
cifar10,vit_small,raw,raw_compact_test,dense,compact,dense_masked,0,1,cached_input_model_only_diagnostic,heldout_val,45000,4ba79ef9f76ff06df88f37ba7586b1b5a3ac8b43008b3eed0ca6a744393e6687,3,3,10.0454565,0.09532435984967297,1.0024129268389383,0.011753539567556925,1
cifar10,vit_small,raw,raw_compact_test,dense,compact,dense_masked,0,1,gpu_raw_to_logits,heldout_val,45000,4ba79ef9f76ff06df88f37ba7586b1b5a3ac8b43008b3eed0ca6a744393e6687,3,3,10.166241666666666,0.09068053462614327,1.0002656848987852,0.010638301422332925,2
cifar10,vit_small,raw,raw_compact_test,dense,compact,dense_masked,0,1,host_raw_to_logits,heldout_val,45000,4ba79ef9f76ff06df88f37ba7586b1b5a3ac8b43008b3eed0ca6a744393e6687,3,3,10.208833166666667,0.10622649477923729,1.0003786582312177,0.013304984417438192,1
cifar10,vit_small,raw,raw_compact_test,dense,compact,dense_masked,0,1,loader_to_cpu_prediction,heldout_val,45000,4ba79ef9f76ff06df88f37ba7586b1b5a3ac8b43008b3eed0ca6a744393e6687,3,3,10.409752166666667,0.10108023387924715,0.9994072341367954,0.011486125309867827,1
cifar10,vit_small,raw,raw_compact_test,dense,compact,dense_masked,0,8,cached_input_model_only_diagnostic,heldout_val,45000,4ba79ef9f76ff06df88f37ba7586b1b5a3ac8b43008b3eed0ca6a744393e6687,3,3,11.559675166666667,0.11750640297908546,0.9995480745176677,0.00473416062045151,1
cifar10,vit_small,raw,raw_compact_test,dense,compact,dense_masked,0,8,gpu_raw_to_logits,heldout_val,45000,4ba79ef9f76ff06df88f37ba7586b1b5a3ac8b43008b3eed0ca6a744393e6687,3,3,11.7311815,0.07820915066825528,0.9845274911162346,0.004100766476282553,0
cifar10,vit_small,raw,raw_compact_test,dense,compact,dense_masked,0,8,host_raw_to_logits,heldout_val,45000,4ba79ef9f76ff06df88f37ba7586b1b5a3ac8b43008b3eed0ca6a744393e6687,3,3,11.774545999999999,0.08555809343218275,0.98614719304404,0.003226005822986074,0
cifar10,vit_small,raw,raw_compact_test,dense,compact,dense_masked,0,8,loader_to_cpu_prediction,heldout_val,45000,4ba79ef9f76ff06df88f37ba7586b1b5a3ac8b43008b3eed0ca6a744393e6687,3,3,11.939507333333333,0.09560091915919677,0.9927835302489614,0.006598426298199731,0
cifar10,vit_small,raw,raw_compact_test,dense,compact,dense_masked,10,1,cached_input_model_only_diagnostic,heldout_val,45000,4ba79ef9f76ff06df88f37ba7586b1b5a3ac8b43008b3eed0ca6a744393e6687,3,3,10.083685666666668,0.14360485975179668,0.9986542741478606,0.012219372647323144,1
cifar10,vit_small,raw,raw_compact_test,dense,compact,dense_masked,10,1,gpu_raw_to_logits,heldout_val,45000,4ba79ef9f76ff06df88f37ba7586b1b5a3ac8b43008b3eed0ca6a744393e6687,3,3,10.402454833333334,0.15074894743441278,0.9775979773663181,0.010855518412289395,0
cifar10,vit_small,raw,raw_compact_test,dense,compact,dense_masked,10,1,host_raw_to_logits,heldout_val,45000,4ba79ef9f76ff06df88f37ba7586b1b5a3ac8b43008b3eed0ca6a744393e6687,3,3,10.429403500000001,0.12101637448812477,0.9791907614100215,0.007270766376445196,0
cifar10,vit_small,raw,raw_compact_test,dense,compact,dense_masked,10,1,loader_to_cpu_prediction,heldout_val,45000,4ba79ef9f76ff06df88f37ba7586b1b5a3ac8b43008b3eed0ca6a744393e6687,3,3,10.630976166666667,0.14750191559801337,0.9786418554532419,0.011193713977092226,0
cifar10,vit_small,raw,raw_compact_test,dense,compact,dense_masked,10,8,cached_input_model_only_diagnostic,heldout_val,45000,4ba79ef9f76ff06df88f37ba7586b1b5a3ac8b43008b3eed0ca6a744393e6687,3,3,11.656945666666667,0.021826537862962608,0.9911861866164615,0.007565135430320994,0
cifar10,vit_small,raw,raw_compact_test,dense,compact,dense_masked,10,8,gpu_raw_to_logits,heldout_val,45000,4ba79ef9f76ff06df88f37ba7586b1b5a3ac8b43008b3eed0ca6a744393e6687,3,3,11.9243025,0.03778390451303254,0.9685700360436785,0.003523410002110921,0
cifar10,vit_small,raw,raw_compact_test,dense,compact,dense_masked,10,8,host_raw_to_logits,heldout_val,45000,4ba79ef9f76ff06df88f37ba7586b1b5a3ac8b43008b3eed0ca6a744393e6687,3,3,11.944609,0.056545028402150053,0.9721077970248977,0.006468232987785769,0
cifar10,vit_small,raw,raw_compact_test,dense,compact,dense_masked,10,8,loader_to_cpu_prediction,heldout_val,45000,4ba79ef9f76ff06df88f37ba7586b1b5a3ac8b43008b3eed0ca6a744393e6687,3,3,12.152875,0.056877503452595506,0.9753414351023801,0.006914340881838829,0
cifar10,vit_small,raw,raw_compact_test,dense,compact,dense_masked,20,1,cached_input_model_only_diagnostic,heldout_val,45000,4ba79ef9f76ff06df88f37ba7586b1b5a3ac8b43008b3eed0ca6a744393e6687,3,3,10.247659333333333,0.17812878871573018,0.9827855458106045,0.019394265760638484,1
cifar10,vit_small,raw,raw_compact_test,dense,compact,dense_masked,20,1,gpu_raw_to_logits,heldout_val,45000,4ba79ef9f76ff06df88f37ba7586b1b5a3ac8b43008b3eed0ca6a744393e6687,3,3,10.539491166666666,0.16541658261819872,0.964975930221284,0.018392507302729507,0
cifar10,vit_small,raw,raw_compact_test,dense,compact,dense_masked,20,1,host_raw_to_logits,heldout_val,45000,4ba79ef9f76ff06df88f37ba7586b1b5a3ac8b43008b3eed0ca6a744393e6687,3,3,10.571231166666667,0.1598183143935112,0.9661889915852689,0.018893246688397678,0
cifar10,vit_small,raw,raw_compact_test,dense,compact,dense_masked,20,1,loader_to_cpu_prediction,heldout_val,45000,4ba79ef9f76ff06df88f37ba7586b1b5a3ac8b43008b3eed0ca6a744393e6687,3,3,10.748866333333334,0.13601299013727824,0.967930976298666,0.014787970425852188,0
cifar10,vit_small,raw,raw_compact_test,dense,compact,dense_masked,20,8,cached_input_model_only_diagnostic,heldout_val,45000,4ba79ef9f76ff06df88f37ba7586b1b5a3ac8b43008b3eed0ca6a744393e6687,3,3,11.632741999999999,0.033026252992884746,0.9932480223868948,0.007191116744804247,1
cifar10,vit_small,raw,raw_compact_test,dense,compact,dense_masked,20,8,gpu_raw_to_logits,heldout_val,45000,4ba79ef9f76ff06df88f37ba7586b1b5a3ac8b43008b3eed0ca6a744393e6687,3,3,11.859848,0.0667638745261989,0.9738621147333969,0.008623015649813267,0
cifar10,vit_small,raw,raw_compact_test,dense,compact,dense_masked,20,8,host_raw_to_logits,heldout_val,45000,4ba79ef9f76ff06df88f37ba7586b1b5a3ac8b43008b3eed0ca6a744393e6687,3,3,11.903026166666667,0.018254038076089166,0.9754919203896828,0.005134954997153531,0
cifar10,vit_small,raw,raw_compact_test,dense,compact,dense_masked,20,8,loader_to_cpu_prediction,heldout_val,45000,4ba79ef9f76ff06df88f37ba7586b1b5a3ac8b43008b3eed0ca6a744393e6687,3,3,12.115649166666667,0.03457815210625563,0.978321797916084,0.0036013207155820132,0
cifar10,vit_small,raw,raw_compact_test,dense,compact,dense_masked,30,1,cached_input_model_only_diagnostic,heldout_val,45000,4ba79ef9f76ff06df88f37ba7586b1b5a3ac8b43008b3eed0ca6a744393e6687,3,3,10.082414,0.0981513415967918,0.9987153341660321,0.007926054573540066,1
cifar10,vit_small,raw,raw_compact_test,dense,compact,dense_masked,30,1,gpu_raw_to_logits,heldout_val,45000,4ba79ef9f76ff06df88f37ba7586b1b5a3ac8b43008b3eed0ca6a744393e6687,3,3,10.382829333333333,0.07016557674588914,0.9793598341777776,0.004795488815290999,0
cifar10,vit_small,raw,raw_compact_test,dense,compact,dense_masked,30,1,host_raw_to_logits,heldout_val,45000,4ba79ef9f76ff06df88f37ba7586b1b5a3ac8b43008b3eed0ca6a744393e6687,3,3,10.431313833333332,0.07209046738358213,0.978970706893363,0.00406564399807642,0
cifar10,vit_small,raw,raw_compact_test,dense,compact,dense_masked,30,1,loader_to_cpu_prediction,heldout_val,45000,4ba79ef9f76ff06df88f37ba7586b1b5a3ac8b43008b3eed0ca6a744393e6687,3,3,10.628572833333333,0.07502850551346024,0.9787837782645614,0.005378571891198051,0
cifar10,vit_small,raw,raw_compact_test,dense,compact,dense_masked,30,8,cached_input_model_only_diagnostic,heldout_val,45000,4ba79ef9f76ff06df88f37ba7586b1b5a3ac8b43008b3eed0ca6a744393e6687,3,3,11.687124666666666,0.0710609584605594,0.9886486779317597,0.009450637248238882,0
cifar10,vit_small,raw,raw_compact_test,dense,compact,dense_masked,30,8,gpu_raw_to_logits,heldout_val,45000,4ba79ef9f76ff06df88f37ba7586b1b5a3ac8b43008b3eed0ca6a744393e6687,3,3,11.9465925,0.025783402369548496,0.9667668317495868,0.005374975855383625,0
cifar10,vit_small,raw,raw_compact_test,dense,compact,dense_masked,30,8,host_raw_to_logits,heldout_val,45000,4ba79ef9f76ff06df88f37ba7586b1b5a3ac8b43008b3eed0ca6a744393e6687,3,3,11.953534166666667,0.057737179213945715,0.9713867822113746,0.007406372190612952,0
cifar10,vit_small,raw,raw_compact_test,dense,compact,dense_masked,30,8,loader_to_cpu_prediction,heldout_val,45000,4ba79ef9f76ff06df88f37ba7586b1b5a3ac8b43008b3eed0ca6a744393e6687,3,3,12.168944999999999,0.04820752429081995,0.9740517026361442,0.006961284091207917,0
cifar10,vit_small,raw,raw_dense_reference,dense,dense,dense,0,1,cached_input_model_only_diagnostic,heldout_val,45000,4ba79ef9f76ff06df88f37ba7586b1b5a3ac8b43008b3eed0ca6a744393e6687,3,3,10.068948666666667,0.02205889177482192,1.0,0.0,0
cifar10,vit_small,raw,raw_dense_reference,dense,dense,dense,0,1,gpu_raw_to_logits,heldout_val,45000,4ba79ef9f76ff06df88f37ba7586b1b5a3ac8b43008b3eed0ca6a744393e6687,3,3,10.168327833333333,0.03388911019167319,1.0,0.0,0
cifar10,vit_small,raw,raw_dense_reference,dense,dense,dense,0,1,host_raw_to_logits,heldout_val,45000,4ba79ef9f76ff06df88f37ba7586b1b5a3ac8b43008b3eed0ca6a744393e6687,3,3,10.211795666666667,0.04497076441793437,1.0,0.0,0
cifar10,vit_small,raw,raw_dense_reference,dense,dense,dense,0,1,loader_to_cpu_prediction,heldout_val,45000,4ba79ef9f76ff06df88f37ba7586b1b5a3ac8b43008b3eed0ca6a744393e6687,3,3,10.402819833333334,0.026491200852043498,1.0,0.0,0
cifar10,vit_small,raw,raw_dense_reference,dense,dense,dense,0,8,cached_input_model_only_diagnostic,heldout_val,45000,4ba79ef9f76ff06df88f37ba7586b1b5a3ac8b43008b3eed0ca6a744393e6687,3,3,11.554094,0.0667545831741162,1.0,0.0,0
cifar10,vit_small,raw,raw_dense_reference,dense,dense,dense,0,8,gpu_raw_to_logits,heldout_val,45000,4ba79ef9f76ff06df88f37ba7586b1b5a3ac8b43008b3eed0ca6a744393e6687,3,3,11.549493833333333,0.0461585989181146,1.0,0.0,0
cifar10,vit_small,raw,raw_dense_reference,dense,dense,dense,0,8,host_raw_to_logits,heldout_val,45000,4ba79ef9f76ff06df88f37ba7586b1b5a3ac8b43008b3eed0ca6a744393e6687,3,3,11.611251833333332,0.04664951827814918,1.0,0.0,0
cifar10,vit_small,raw,raw_dense_reference,dense,dense,dense,0,8,loader_to_cpu_prediction,heldout_val,45000,4ba79ef9f76ff06df88f37ba7586b1b5a3ac8b43008b3eed0ca6a744393e6687,3,3,11.852960333333332,0.03883623200483485,1.0,0.0,0
cifar10,vit_small,single_color,compact0_compact_test,compact,compact,compact,0,1,cached_input_model_only_diagnostic,heldout_val,45000,4ba79ef9f76ff06df88f37ba7586b1b5a3ac8b43008b3eed0ca6a744393e6687,3,3,10.514927333333334,0.057892416948019144,0.957607400849995,0.006139190589809009,0
cifar10,vit_small,single_color,compact0_compact_test,compact,compact,compact,0,1,gpu_raw_to_logits,heldout_val,45000,4ba79ef9f76ff06df88f37ba7586b1b5a3ac8b43008b3eed0ca6a744393e6687,3,3,10.868216833333333,0.06603322131763231,0.9356196359071292,0.0051179039389040604,0
cifar10,vit_small,single_color,compact0_compact_test,compact,compact,compact,0,1,host_raw_to_logits,heldout_val,45000,4ba79ef9f76ff06df88f37ba7586b1b5a3ac8b43008b3eed0ca6a744393e6687,3,3,10.926472166666667,0.023184963016648137,0.9345980154451762,0.005418368866071901,0
cifar10,vit_small,single_color,compact0_compact_test,compact,compact,compact,0,1,loader_to_cpu_prediction,heldout_val,45000,4ba79ef9f76ff06df88f37ba7586b1b5a3ac8b43008b3eed0ca6a744393e6687,3,3,11.092048166666666,0.0469460341305124,0.9378731874233193,0.004361973792689862,0
cifar10,vit_small,single_color,compact0_compact_test,compact,compact,compact,0,8,cached_input_model_only_diagnostic,heldout_val,45000,4ba79ef9f76ff06df88f37ba7586b1b5a3ac8b43008b3eed0ca6a744393e6687,3,3,11.902152,0.07569648355769201,0.9707901064556587,0.009535947957728042,0
cifar10,vit_small,single_color,compact0_compact_test,compact,compact,compact,0,8,gpu_raw_to_logits,heldout_val,45000,4ba79ef9f76ff06df88f37ba7586b1b5a3ac8b43008b3eed0ca6a744393e6687,3,3,12.1385575,0.05429813865133807,0.9514951209031688,0.0079607251102586,0
cifar10,vit_small,single_color,compact0_compact_test,compact,compact,compact,0,8,host_raw_to_logits,heldout_val,45000,4ba79ef9f76ff06df88f37ba7586b1b5a3ac8b43008b3eed0ca6a744393e6687,3,3,12.193005833333332,0.04390409499503793,0.952305125603837,0.0072150776636611715,0
cifar10,vit_small,single_color,compact0_compact_test,compact,compact,compact,0,8,loader_to_cpu_prediction,heldout_val,45000,4ba79ef9f76ff06df88f37ba7586b1b5a3ac8b43008b3eed0ca6a744393e6687,3,3,12.406651333333333,0.030249154208561686,0.9553776704244225,0.004710925356760863,0
cifar10,vit_small,single_color,compact0_compact_test,compact,compact,compact,10,1,cached_input_model_only_diagnostic,heldout_val,45000,4ba79ef9f76ff06df88f37ba7586b1b5a3ac8b43008b3eed0ca6a744393e6687,3,3,10.533083833333334,0.05943967664013141,0.9559491858228871,0.003820856587682773,0
cifar10,vit_small,single_color,compact0_compact_test,compact,compact,compact,10,1,gpu_raw_to_logits,heldout_val,45000,4ba79ef9f76ff06df88f37ba7586b1b5a3ac8b43008b3eed0ca6a744393e6687,3,3,10.963311333333333,0.0508412781958052,0.9274932762342221,0.002959760680239358,0
cifar10,vit_small,single_color,compact0_compact_test,compact,compact,compact,10,1,host_raw_to_logits,heldout_val,45000,4ba79ef9f76ff06df88f37ba7586b1b5a3ac8b43008b3eed0ca6a744393e6687,3,3,11.011767333333333,0.03862545571683625,0.9273525717925372,0.0022008714574819218,0
cifar10,vit_small,single_color,compact0_compact_test,compact,compact,compact,10,1,loader_to_cpu_prediction,heldout_val,45000,4ba79ef9f76ff06df88f37ba7586b1b5a3ac8b43008b3eed0ca6a744393e6687,3,3,11.174794833333333,0.07079352485279532,0.9309364460494189,0.0046723156045985524,0
cifar10,vit_small,single_color,compact0_compact_test,compact,compact,compact,10,8,cached_input_model_only_diagnostic,heldout_val,45000,4ba79ef9f76ff06df88f37ba7586b1b5a3ac8b43008b3eed0ca6a744393e6687,3,3,11.897296333333333,0.058834092755249125,0.9711504211694405,0.00109097253206367,0
cifar10,vit_small,single_color,compact0_compact_test,compact,compact,compact,10,8,gpu_raw_to_logits,heldout_val,45000,4ba79ef9f76ff06df88f37ba7586b1b5a3ac8b43008b3eed0ca6a744393e6687,3,3,12.218860666666668,0.0306409601690828,0.9452230720719921,0.004634520895601718,0
cifar10,vit_small,single_color,compact0_compact_test,compact,compact,compact,10,8,host_raw_to_logits,heldout_val,45000,4ba79ef9f76ff06df88f37ba7586b1b5a3ac8b43008b3eed0ca6a744393e6687,3,3,12.30914,0.04495687656243455,0.9433104858362595,0.004799025493819908,0
cifar10,vit_small,single_color,compact0_compact_test,compact,compact,compact,10,8,loader_to_cpu_prediction,heldout_val,45000,4ba79ef9f76ff06df88f37ba7586b1b5a3ac8b43008b3eed0ca6a744393e6687,3,3,12.506811666666666,0.022147988810122414,0.9477245955155676,0.004339158742823819,0
cifar10,vit_small,single_color,compact0_compact_test,compact,compact,compact,20,1,cached_input_model_only_diagnostic,heldout_val,45000,4ba79ef9f76ff06df88f37ba7586b1b5a3ac8b43008b3eed0ca6a744393e6687,3,3,10.640149666666668,0.12534456410364708,0.9464149186023549,0.012624035421808006,0
cifar10,vit_small,single_color,compact0_compact_test,compact,compact,compact,20,1,gpu_raw_to_logits,heldout_val,45000,4ba79ef9f76ff06df88f37ba7586b1b5a3ac8b43008b3eed0ca6a744393e6687,3,3,11.086472166666667,0.11435359342881699,0.9172632475763395,0.011805286237939586,0
cifar10,vit_small,single_color,compact0_compact_test,compact,compact,compact,20,1,host_raw_to_logits,heldout_val,45000,4ba79ef9f76ff06df88f37ba7586b1b5a3ac8b43008b3eed0ca6a744393e6687,3,3,11.1185555,0.12453180582586233,0.9185422247107209,0.013209818476108368,0
cifar10,vit_small,single_color,compact0_compact_test,compact,compact,compact,20,1,loader_to_cpu_prediction,heldout_val,45000,4ba79ef9f76ff06df88f37ba7586b1b5a3ac8b43008b3eed0ca6a744393e6687,3,3,11.292896333333333,0.13666340031015425,0.9212840133910244,0.012694615562303143,0
cifar10,vit_small,single_color,compact0_compact_test,compact,compact,compact,20,8,cached_input_model_only_diagnostic,heldout_val,45000,4ba79ef9f76ff06df88f37ba7586b1b5a3ac8b43008b3eed0ca6a744393e6687,3,3,12.018405166666666,0.1246386777773397,0.961409544368842,0.007458659718996901,0
cifar10,vit_small,single_color,compact0_compact_test,compact,compact,compact,20,8,gpu_raw_to_logits,heldout_val,45000,4ba79ef9f76ff06df88f37ba7586b1b5a3ac8b43008b3eed0ca6a744393e6687,3,3,12.353049666666667,0.08042811564734924,0.9349650060457031,0.004093211672818737,0
cifar10,vit_small,single_color,compact0_compact_test,compact,compact,compact,20,8,host_raw_to_logits,heldout_val,45000,4ba79ef9f76ff06df88f37ba7586b1b5a3ac8b43008b3eed0ca6a744393e6687,3,3,12.413989333333333,0.06385653691152796,0.9353489477018401,0.005216263551999313,0
cifar10,vit_small,single_color,compact0_compact_test,compact,compact,compact,20,8,loader_to_cpu_prediction,heldout_val,45000,4ba79ef9f76ff06df88f37ba7586b1b5a3ac8b43008b3eed0ca6a744393e6687,3,3,12.629712833333334,0.09533398240440383,0.9385380353502069,0.008495668808218879,0
cifar10,vit_small,single_color,compact0_compact_test,compact,compact,compact,30,1,cached_input_model_only_diagnostic,heldout_val,45000,4ba79ef9f76ff06df88f37ba7586b1b5a3ac8b43008b3eed0ca6a744393e6687,3,3,10.546670666666667,0.04155263748949425,0.9547123699364873,0.0037649189980717025,0
cifar10,vit_small,single_color,compact0_compact_test,compact,compact,compact,30,1,gpu_raw_to_logits,heldout_val,45000,4ba79ef9f76ff06df88f37ba7586b1b5a3ac8b43008b3eed0ca6a744393e6687,3,3,10.982792666666667,0.04369932085952089,0.9258490840345889,0.004042080731586705,0
cifar10,vit_small,single_color,compact0_compact_test,compact,compact,compact,30,1,host_raw_to_logits,heldout_val,45000,4ba79ef9f76ff06df88f37ba7586b1b5a3ac8b43008b3eed0ca6a744393e6687,3,3,11.019573833333334,0.047233178181055165,0.9267048756343013,0.005035721522867754,0
cifar10,vit_small,single_color,compact0_compact_test,compact,compact,compact,30,1,loader_to_cpu_prediction,heldout_val,45000,4ba79ef9f76ff06df88f37ba7586b1b5a3ac8b43008b3eed0ca6a744393e6687,3,3,11.208631833333333,0.05892744033201642,0.928123821122082,0.0051033304647775555,0
cifar10,vit_small,single_color,compact0_compact_test,compact,compact,compact,30,8,cached_input_model_only_diagnostic,heldout_val,45000,4ba79ef9f76ff06df88f37ba7586b1b5a3ac8b43008b3eed0ca6a744393e6687,3,3,11.614472333333334,0.0595998371649059,0.9948384228331111,0.010820006323527469,1
cifar10,vit_small,single_color,compact0_compact_test,compact,compact,compact,30,8,gpu_raw_to_logits,heldout_val,45000,4ba79ef9f76ff06df88f37ba7586b1b5a3ac8b43008b3eed0ca6a744393e6687,3,3,11.950033333333334,0.0268300090492585,0.9664880974956178,0.005238232304913003,0
cifar10,vit_small,single_color,compact0_compact_test,compact,compact,compact,30,8,host_raw_to_logits,heldout_val,45000,4ba79ef9f76ff06df88f37ba7586b1b5a3ac8b43008b3eed0ca6a744393e6687,3,3,12.013835499999999,0.04981833342505636,0.9665075347821668,0.007054033852610015,0
cifar10,vit_small,single_color,compact0_compact_test,compact,compact,compact,30,8,loader_to_cpu_prediction,heldout_val,45000,4ba79ef9f76ff06df88f37ba7586b1b5a3ac8b43008b3eed0ca6a744393e6687,3,3,12.233183333333335,0.044789756592142016,0.9689339015956127,0.006445808975458695,0
cifar10,vit_small,single_color,compact0_compact_test,compact,compact,dense_masked,0,1,cached_input_model_only_diagnostic,heldout_val,45000,4ba79ef9f76ff06df88f37ba7586b1b5a3ac8b43008b3eed0ca6a744393e6687,3,3,10.149392666666667,0.04271876339014671,0.9920798581197465,0.0021672778554293524,0
cifar10,vit_small,single_color,compact0_compact_test,compact,compact,dense_masked,0,1,gpu_raw_to_logits,heldout_val,45000,4ba79ef9f76ff06df88f37ba7586b1b5a3ac8b43008b3eed0ca6a744393e6687,3,3,10.482965833333333,0.036396162305706865,0.9699861125585915,0.0002520261058097109,0
cifar10,vit_small,single_color,compact0_compact_test,compact,compact,dense_masked,0,1,host_raw_to_logits,heldout_val,45000,4ba79ef9f76ff06df88f37ba7586b1b5a3ac8b43008b3eed0ca6a744393e6687,3,3,10.516055833333333,0.032018028516498126,0.9710651376661829,0.00196314787407041,0
cifar10,vit_small,single_color,compact0_compact_test,compact,compact,dense_masked,0,1,loader_to_cpu_prediction,heldout_val,45000,4ba79ef9f76ff06df88f37ba7586b1b5a3ac8b43008b3eed0ca6a744393e6687,3,3,10.700498666666666,0.04518257664557503,0.9721859367407291,0.002029614054024671,0
cifar10,vit_small,single_color,compact0_compact_test,compact,compact,dense_masked,0,8,cached_input_model_only_diagnostic,heldout_val,45000,4ba79ef9f76ff06df88f37ba7586b1b5a3ac8b43008b3eed0ca6a744393e6687,3,3,11.686461,0.07972192368476912,0.9886962567209002,0.007416237130249361,0
cifar10,vit_small,single_color,compact0_compact_test,compact,compact,dense_masked,0,8,gpu_raw_to_logits,heldout_val,45000,4ba79ef9f76ff06df88f37ba7586b1b5a3ac8b43008b3eed0ca6a744393e6687,3,3,11.914948166666665,0.07367729989001613,0.9693524017069354,0.007054984509438048,0
cifar10,vit_small,single_color,compact0_compact_test,compact,compact,dense_masked,0,8,host_raw_to_logits,heldout_val,45000,4ba79ef9f76ff06df88f37ba7586b1b5a3ac8b43008b3eed0ca6a744393e6687,3,3,11.961324833333334,0.10705369709208204,0.9707745856855722,0.007821032457501195,0
cifar10,vit_small,single_color,compact0_compact_test,compact,compact,dense_masked,0,8,loader_to_cpu_prediction,heldout_val,45000,4ba79ef9f76ff06df88f37ba7586b1b5a3ac8b43008b3eed0ca6a744393e6687,3,3,12.201715666666667,0.09177743686812863,0.9714383740110661,0.004189684977725836,0
cifar10,vit_small,single_color,compact0_compact_test,compact,compact,dense_masked,10,1,cached_input_model_only_diagnostic,heldout_val,45000,4ba79ef9f76ff06df88f37ba7586b1b5a3ac8b43008b3eed0ca6a744393e6687,3,3,10.069370833333334,0.04450399157472753,0.999976058557312,0.006267574750889647,1
cifar10,vit_small,single_color,compact0_compact_test,compact,compact,dense_masked,10,1,gpu_raw_to_logits,heldout_val,45000,4ba79ef9f76ff06df88f37ba7586b1b5a3ac8b43008b3eed0ca6a744393e6687,3,3,10.497099166666667,0.03514330284824261,0.9686907376759581,0.005636924735420801,0
cifar10,vit_small,single_color,compact0_compact_test,compact,compact,dense_masked,10,1,host_raw_to_logits,heldout_val,45000,4ba79ef9f76ff06df88f37ba7586b1b5a3ac8b43008b3eed0ca6a744393e6687,3,3,10.5412225,0.0355414344568421,0.9687633644662509,0.0070885003976961436,0
cifar10,vit_small,single_color,compact0_compact_test,compact,compact,dense_masked,10,1,loader_to_cpu_prediction,heldout_val,45000,4ba79ef9f76ff06df88f37ba7586b1b5a3ac8b43008b3eed0ca6a744393e6687,3,3,10.722254333333334,0.028197334786878404,0.9702157189467626,0.004615676685582488,0
cifar10,vit_small,single_color,compact0_compact_test,compact,compact,dense_masked,10,8,cached_input_model_only_diagnostic,heldout_val,45000,4ba79ef9f76ff06df88f37ba7586b1b5a3ac8b43008b3eed0ca6a744393e6687,3,3,11.673656999999999,0.027823600126510993,0.9897638776814024,0.006699296122642349,0
cifar10,vit_small,single_color,compact0_compact_test,compact,compact,dense_masked,10,8,gpu_raw_to_logits,heldout_val,45000,4ba79ef9f76ff06df88f37ba7586b1b5a3ac8b43008b3eed0ca6a744393e6687,3,3,12.038767499999999,0.0388581696461638,0.9593622990267866,0.004002198487197995,0
cifar10,vit_small,single_color,compact0_compact_test,compact,compact,dense_masked,10,8,host_raw_to_logits,heldout_val,45000,4ba79ef9f76ff06df88f37ba7586b1b5a3ac8b43008b3eed0ca6a744393e6687,3,3,12.083581,0.031760501003605675,0.9609196124649964,0.005646484025906514,0
cifar10,vit_small,single_color,compact0_compact_test,compact,compact,dense_masked,10,8,loader_to_cpu_prediction,heldout_val,45000,4ba79ef9f76ff06df88f37ba7586b1b5a3ac8b43008b3eed0ca6a744393e6687,3,3,12.297931666666665,0.047668374086843913,0.9638342487179304,0.006695460507732137,0
cifar10,vit_small,single_color,compact0_compact_test,compact,compact,dense_masked,20,1,cached_input_model_only_diagnostic,heldout_val,45000,4ba79ef9f76ff06df88f37ba7586b1b5a3ac8b43008b3eed0ca6a744393e6687,3,3,10.079949000000001,0.10431475811096924,0.9989944505088347,0.012450679116351865,1
cifar10,vit_small,single_color,compact0_compact_test,compact,compact,dense_masked,20,1,gpu_raw_to_logits,heldout_val,45000,4ba79ef9f76ff06df88f37ba7586b1b5a3ac8b43008b3eed0ca6a744393e6687,3,3,10.557874,0.13639400517984643,0.9632371447862922,0.015525713071782776,0
cifar10,vit_small,single_color,compact0_compact_test,compact,compact,dense_masked,20,1,host_raw_to_logits,heldout_val,45000,4ba79ef9f76ff06df88f37ba7586b1b5a3ac8b43008b3eed0ca6a744393e6687,3,3,10.5538255,0.11296839662379034,0.9676960517038358,0.014618109467014494,0
cifar10,vit_small,single_color,compact0_compact_test,compact,compact,dense_masked,20,1,loader_to_cpu_prediction,heldout_val,45000,4ba79ef9f76ff06df88f37ba7586b1b5a3ac8b43008b3eed0ca6a744393e6687,3,3,10.761618833333333,0.16288552831385378,0.9668290568857598,0.016855224150594574,0
cifar10,vit_small,single_color,compact0_compact_test,compact,compact,dense_masked,20,8,cached_input_model_only_diagnostic,heldout_val,45000,4ba79ef9f76ff06df88f37ba7586b1b5a3ac8b43008b3eed0ca6a744393e6687,3,3,11.644699,0.11730130020165988,0.9923221445998414,0.015439829927682011,2
cifar10,vit_small,single_color,compact0_compact_test,compact,compact,dense_masked,20,8,gpu_raw_to_logits,heldout_val,45000,4ba79ef9f76ff06df88f37ba7586b1b5a3ac8b43008b3eed0ca6a744393e6687,3,3,12.046513833333334,0.10533877575035266,0.9588116656299339,0.012085083897193944,0
cifar10,vit_small,single_color,compact0_compact_test,compact,compact,dense_masked,20,8,host_raw_to_logits,heldout_val,45000,4ba79ef9f76ff06df88f37ba7586b1b5a3ac8b43008b3eed0ca6a744393e6687,3,3,12.094196166666666,0.11134382248280943,0.9601448472123822,0.012558499602917479,0
cifar10,vit_small,single_color,compact0_compact_test,compact,compact,dense_masked,20,8,loader_to_cpu_prediction,heldout_val,45000,4ba79ef9f76ff06df88f37ba7586b1b5a3ac8b43008b3eed0ca6a744393e6687,3,3,12.319502833333333,0.1315330211936662,0.9622155559026669,0.012312901629290713,0
cifar10,vit_small,single_color,compact0_compact_test,compact,compact,dense_masked,30,1,cached_input_model_only_diagnostic,heldout_val,45000,4ba79ef9f76ff06df88f37ba7586b1b5a3ac8b43008b3eed0ca6a744393e6687,3,3,10.106961,0.0803534879330076,0.9962784006994172,0.007727679614360709,1
cifar10,vit_small,single_color,compact0_compact_test,compact,compact,dense_masked,30,1,gpu_raw_to_logits,heldout_val,45000,4ba79ef9f76ff06df88f37ba7586b1b5a3ac8b43008b3eed0ca6a744393e6687,3,3,10.5520095,0.08718497290674539,0.9636810081134983,0.008258679789453039,0
cifar10,vit_small,single_color,compact0_compact_test,compact,compact,dense_masked,30,1,host_raw_to_logits,heldout_val,45000,4ba79ef9f76ff06df88f37ba7586b1b5a3ac8b43008b3eed0ca6a744393e6687,3,3,10.609264166666668,0.037597988125474616,0.9625427319507568,0.005148438683123001,0
cifar10,vit_small,single_color,compact0_compact_test,compact,compact,dense_masked,30,1,loader_to_cpu_prediction,heldout_val,45000,4ba79ef9f76ff06df88f37ba7586b1b5a3ac8b43008b3eed0ca6a744393e6687,3,3,10.7792385,0.07391758618725269,0.9651083527889388,0.006802891746124342,0
cifar10,vit_small,single_color,compact0_compact_test,compact,compact,dense_masked,30,8,cached_input_model_only_diagnostic,heldout_val,45000,4ba79ef9f76ff06df88f37ba7586b1b5a3ac8b43008b3eed0ca6a744393e6687,3,3,11.6231105,0.06675514891939098,0.9941045061221612,0.01124037099844005,1
cifar10,vit_small,single_color,compact0_compact_test,compact,compact,dense_masked,30,8,gpu_raw_to_logits,heldout_val,45000,4ba79ef9f76ff06df88f37ba7586b1b5a3ac8b43008b3eed0ca6a744393e6687,3,3,11.9785355,0.12183073752957464,0.9642685322189516,0.01293798858068927,0
cifar10,vit_small,single_color,compact0_compact_test,compact,compact,dense_masked,30,8,host_raw_to_logits,heldout_val,45000,4ba79ef9f76ff06df88f37ba7586b1b5a3ac8b43008b3eed0ca6a744393e6687,3,3,12.013155333333334,0.11234855388736888,0.9666236791263447,0.012720978828836264,0
cifar10,vit_small,single_color,compact0_compact_test,compact,compact,dense_masked,30,8,loader_to_cpu_prediction,heldout_val,45000,4ba79ef9f76ff06df88f37ba7586b1b5a3ac8b43008b3eed0ca6a744393e6687,3,3,12.230877666666666,0.0966313266574743,0.9691567254704753,0.01059006206108092,0
cifar10,vit_small,single_color,dense0_compact_test,dense,compact,compact,0,1,cached_input_model_only_diagnostic,heldout_val,45000,4ba79ef9f76ff06df88f37ba7586b1b5a3ac8b43008b3eed0ca6a744393e6687,3,3,10.483623833333333,0.0911472790794288,0.9604897143082249,0.007888345654658577,0
cifar10,vit_small,single_color,dense0_compact_test,dense,compact,compact,0,1,gpu_raw_to_logits,heldout_val,45000,4ba79ef9f76ff06df88f37ba7586b1b5a3ac8b43008b3eed0ca6a744393e6687,3,3,10.803782666666667,0.09199958152395729,0.941226321273733,0.008368338517544616,0
cifar10,vit_small,single_color,dense0_compact_test,dense,compact,compact,0,1,host_raw_to_logits,heldout_val,45000,4ba79ef9f76ff06df88f37ba7586b1b5a3ac8b43008b3eed0ca6a744393e6687,3,3,10.843302,0.09595364314474998,0.9418072209400394,0.008881500876538597,0
cifar10,vit_small,single_color,dense0_compact_test,dense,compact,compact,0,1,loader_to_cpu_prediction,heldout_val,45000,4ba79ef9f76ff06df88f37ba7586b1b5a3ac8b43008b3eed0ca6a744393e6687,3,3,11.021230000000001,0.08963582346919216,0.9439290065589476,0.007711763670298949,0
cifar10,vit_small,single_color,dense0_compact_test,dense,compact,compact,0,8,cached_input_model_only_diagnostic,heldout_val,45000,4ba79ef9f76ff06df88f37ba7586b1b5a3ac8b43008b3eed0ca6a744393e6687,3,3,11.863174333333333,0.03969395452815659,0.9739587825267578,0.0075883793367813234,0
cifar10,vit_small,single_color,dense0_compact_test,dense,compact,compact,0,8,gpu_raw_to_logits,heldout_val,45000,4ba79ef9f76ff06df88f37ba7586b1b5a3ac8b43008b3eed0ca6a744393e6687,3,3,12.111684833333333,0.06374191722550605,0.953603894759746,0.007045993213439051,0
cifar10,vit_small,single_color,dense0_compact_test,dense,compact,compact,0,8,host_raw_to_logits,heldout_val,45000,4ba79ef9f76ff06df88f37ba7586b1b5a3ac8b43008b3eed0ca6a744393e6687,3,3,12.1794745,0.04980286356475874,0.9533618648593197,0.006715988359898364,0
cifar10,vit_small,single_color,dense0_compact_test,dense,compact,compact,0,8,loader_to_cpu_prediction,heldout_val,45000,4ba79ef9f76ff06df88f37ba7586b1b5a3ac8b43008b3eed0ca6a744393e6687,3,3,12.346728833333332,0.013260737925671052,0.9600096367608064,0.003618337635022176,0
cifar10,vit_small,single_color,dense0_compact_test,dense,compact,compact,10,1,cached_input_model_only_diagnostic,heldout_val,45000,4ba79ef9f76ff06df88f37ba7586b1b5a3ac8b43008b3eed0ca6a744393e6687,3,3,10.558069833333333,0.051818266784825,0.9536939787012279,0.006463011438119382,0
cifar10,vit_small,single_color,dense0_compact_test,dense,compact,compact,10,1,gpu_raw_to_logits,heldout_val,45000,4ba79ef9f76ff06df88f37ba7586b1b5a3ac8b43008b3eed0ca6a744393e6687,3,3,11.0058215,0.0739065799963033,0.9239428164879169,0.008782241338379373,0
cifar10,vit_small,single_color,dense0_compact_test,dense,compact,compact,10,1,host_raw_to_logits,heldout_val,45000,4ba79ef9f76ff06df88f37ba7586b1b5a3ac8b43008b3eed0ca6a744393e6687,3,3,11.037643,0.08603467743735663,0.9252318527865753,0.010538901936792827,0
cifar10,vit_small,single_color,dense0_compact_test,dense,compact,compact,10,1,loader_to_cpu_prediction,heldout_val,45000,4ba79ef9f76ff06df88f37ba7586b1b5a3ac8b43008b3eed0ca6a744393e6687,3,3,11.209612666666667,0.04799572481308496,0.9280439924912279,0.006160215806191329,0
cifar10,vit_small,single_color,dense0_compact_test,dense,compact,compact,10,8,cached_input_model_only_diagnostic,heldout_val,45000,4ba79ef9f76ff06df88f37ba7586b1b5a3ac8b43008b3eed0ca6a744393e6687,3,3,12.003423333333334,0.10826133834884638,0.9626271435556146,0.011418456188127807,0
cifar10,vit_small,single_color,dense0_compact_test,dense,compact,compact,10,8,gpu_raw_to_logits,heldout_val,45000,4ba79ef9f76ff06df88f37ba7586b1b5a3ac8b43008b3eed0ca6a744393e6687,3,3,12.373069666666666,0.1402003918560257,0.9335164482788546,0.011009221784704534,0
cifar10,vit_small,single_color,dense0_compact_test,dense,compact,compact,10,8,host_raw_to_logits,heldout_val,45000,4ba79ef9f76ff06df88f37ba7586b1b5a3ac8b43008b3eed0ca6a744393e6687,3,3,12.420497,0.08639249308967742,0.9348776086997075,0.007779952929002322,0
cifar10,vit_small,single_color,dense0_compact_test,dense,compact,compact,10,8,loader_to_cpu_prediction,heldout_val,45000,4ba79ef9f76ff06df88f37ba7586b1b5a3ac8b43008b3eed0ca6a744393e6687,3,3,12.643785833333332,0.09665011948043918,0.9375005078862917,0.009526041956792285,0
cifar10,vit_small,single_color,dense0_compact_test,dense,compact,compact,20,1,cached_input_model_only_diagnostic,heldout_val,45000,4ba79ef9f76ff06df88f37ba7586b1b5a3ac8b43008b3eed0ca6a744393e6687,3,3,10.581896833333333,0.02601391496071505,0.9515272401093011,0.0016597222753470845,0
cifar10,vit_small,single_color,dense0_compact_test,dense,compact,compact,20,1,gpu_raw_to_logits,heldout_val,45000,4ba79ef9f76ff06df88f37ba7586b1b5a3ac8b43008b3eed0ca6a744393e6687,3,3,11.021668333333334,0.03161591828625778,0.9225796709537835,0.0035098810987173714,0
cifar10,vit_small,single_color,dense0_compact_test,dense,compact,compact,20,1,host_raw_to_logits,heldout_val,45000,4ba79ef9f76ff06df88f37ba7586b1b5a3ac8b43008b3eed0ca6a744393e6687,3,3,11.064126,0.037995481849819865,0.922967994123414,0.004011237824268609,0
cifar10,vit_small,single_color,dense0_compact_test,dense,compact,compact,20,1,loader_to_cpu_prediction,heldout_val,45000,4ba79ef9f76ff06df88f37ba7586b1b5a3ac8b43008b3eed0ca6a744393e6687,3,3,11.242029666666667,0.043419051907927726,0.925358099331168,0.003652528926423703,0
cifar10,vit_small,single_color,dense0_compact_test,dense,compact,compact,20,8,cached_input_model_only_diagnostic,heldout_val,45000,4ba79ef9f76ff06df88f37ba7586b1b5a3ac8b43008b3eed0ca6a744393e6687,3,3,12.012033,0.057705550272482184,0.9618805776051174,0.004580843309570559,0
cifar10,vit_small,single_color,dense0_compact_test,dense,compact,compact,20,8,gpu_raw_to_logits,heldout_val,45000,4ba79ef9f76ff06df88f37ba7586b1b5a3ac8b43008b3eed0ca6a744393e6687,3,3,12.303391833333334,0.017847552145416827,0.9387247150625534,0.0036263398745674585,0
cifar10,vit_small,single_color,dense0_compact_test,dense,compact,compact,20,8,host_raw_to_logits,heldout_val,45000,4ba79ef9f76ff06df88f37ba7586b1b5a3ac8b43008b3eed0ca6a744393e6687,3,3,12.351425166666667,0.018871029995295104,0.9400721010182549,0.0026967335099609712,0
cifar10,vit_small,single_color,dense0_compact_test,dense,compact,compact,20,8,loader_to_cpu_prediction,heldout_val,45000,4ba79ef9f76ff06df88f37ba7586b1b5a3ac8b43008b3eed0ca6a744393e6687,3,3,12.574362666666667,0.04703598261526282,0.9426385601810041,0.0048864371006291,0
cifar10,vit_small,single_color,dense0_compact_test,dense,compact,compact,30,1,cached_input_model_only_diagnostic,heldout_val,45000,4ba79ef9f76ff06df88f37ba7586b1b5a3ac8b43008b3eed0ca6a744393e6687,3,3,10.6472075,0.1000507222924947,0.9457514135084987,0.010102459751918503,0
cifar10,vit_small,single_color,dense0_compact_test,dense,compact,compact,30,1,gpu_raw_to_logits,heldout_val,45000,4ba79ef9f76ff06df88f37ba7586b1b5a3ac8b43008b3eed0ca6a744393e6687,3,3,11.069533833333333,0.12339046717770875,0.9186765267460005,0.01233464060762961,0
cifar10,vit_small,single_color,dense0_compact_test,dense,compact,compact,30,1,host_raw_to_logits,heldout_val,45000,4ba79ef9f76ff06df88f37ba7586b1b5a3ac8b43008b3eed0ca6a744393e6687,3,3,11.098207,0.13358506245740864,0.9202370018960893,0.013749151613599304,0
cifar10,vit_small,single_color,dense0_compact_test,dense,compact,compact,30,1,loader_to_cpu_prediction,heldout_val,45000,4ba79ef9f76ff06df88f37ba7586b1b5a3ac8b43008b3eed0ca6a744393e6687,3,3,11.280536333333332,0.1159169737542065,0.9222675420659555,0.011183232449431644,0
cifar10,vit_small,single_color,dense0_compact_test,dense,compact,compact,30,8,cached_input_model_only_diagnostic,heldout_val,45000,4ba79ef9f76ff06df88f37ba7586b1b5a3ac8b43008b3eed0ca6a744393e6687,3,3,11.626614,0.11545892299861558,0.993838646979448,0.012735433778846426,1
cifar10,vit_small,single_color,dense0_compact_test,dense,compact,compact,30,8,gpu_raw_to_logits,heldout_val,45000,4ba79ef9f76ff06df88f37ba7586b1b5a3ac8b43008b3eed0ca6a744393e6687,3,3,11.988184333333333,0.13854836700078169,0.9634741276713938,0.009308934991482457,0
cifar10,vit_small,single_color,dense0_compact_test,dense,compact,compact,30,8,host_raw_to_logits,heldout_val,45000,4ba79ef9f76ff06df88f37ba7586b1b5a3ac8b43008b3eed0ca6a744393e6687,3,3,12.029787166666667,0.0882434349177511,0.9652459202187812,0.008574018944970034,0
cifar10,vit_small,single_color,dense0_compact_test,dense,compact,compact,30,8,loader_to_cpu_prediction,heldout_val,45000,4ba79ef9f76ff06df88f37ba7586b1b5a3ac8b43008b3eed0ca6a744393e6687,3,3,12.2752275,0.0666796901106334,0.9656266444902192,0.007724590599957997,0
cifar10,vit_small,single_color,dense0_compact_test,dense,compact,dense_masked,0,1,cached_input_model_only_diagnostic,heldout_val,45000,4ba79ef9f76ff06df88f37ba7586b1b5a3ac8b43008b3eed0ca6a744393e6687,3,3,10.121615333333335,0.057211708454942355,0.9948101462705294,0.003675382507789625,0
cifar10,vit_small,single_color,dense0_compact_test,dense,compact,dense_masked,0,1,gpu_raw_to_logits,heldout_val,45000,4ba79ef9f76ff06df88f37ba7586b1b5a3ac8b43008b3eed0ca6a744393e6687,3,3,10.465849833333333,0.09006374341033892,0.9716162587753618,0.008313017776320564,0
cifar10,vit_small,single_color,dense0_compact_test,dense,compact,dense_masked,0,1,host_raw_to_logits,heldout_val,45000,4ba79ef9f76ff06df88f37ba7586b1b5a3ac8b43008b3eed0ca6a744393e6687,3,3,10.495441166666668,0.08523478673102483,0.9729947515462093,0.003910198098551994,0
cifar10,vit_small,single_color,dense0_compact_test,dense,compact,dense_masked,0,1,loader_to_cpu_prediction,heldout_val,45000,4ba79ef9f76ff06df88f37ba7586b1b5a3ac8b43008b3eed0ca6a744393e6687,3,3,10.664431166666667,0.05221084360152887,0.9754787308044239,0.0035197021508685225,0
cifar10,vit_small,single_color,dense0_compact_test,dense,compact,dense_masked,0,8,cached_input_model_only_diagnostic,heldout_val,45000,4ba79ef9f76ff06df88f37ba7586b1b5a3ac8b43008b3eed0ca6a744393e6687,3,3,11.631439833333333,0.10353113790707241,0.9933687770049826,0.003126184387045878,0
cifar10,vit_small,single_color,dense0_compact_test,dense,compact,dense_masked,0,8,gpu_raw_to_logits,heldout_val,45000,4ba79ef9f76ff06df88f37ba7586b1b5a3ac8b43008b3eed0ca6a744393e6687,3,3,11.854524333333332,0.04967166935319772,0.9742696911424263,0.0009774894545300974,0
cifar10,vit_small,single_color,dense0_compact_test,dense,compact,dense_masked,0,8,host_raw_to_logits,heldout_val,45000,4ba79ef9f76ff06df88f37ba7586b1b5a3ac8b43008b3eed0ca6a744393e6687,3,3,11.905915,0.048562973078776786,0.9752516236059295,0.0015109837324049377,0
cifar10,vit_small,single_color,dense0_compact_test,dense,compact,dense_masked,0,8,loader_to_cpu_prediction,heldout_val,45000,4ba79ef9f76ff06df88f37ba7586b1b5a3ac8b43008b3eed0ca6a744393e6687,3,3,12.094398,0.08508106431075,0.9800576979207896,0.004778727080085853,0
cifar10,vit_small,single_color,dense0_compact_test,dense,compact,dense_masked,10,1,cached_input_model_only_diagnostic,heldout_val,45000,4ba79ef9f76ff06df88f37ba7586b1b5a3ac8b43008b3eed0ca6a744393e6687,3,3,10.106162333333332,0.01715078476581591,0.9963213847215066,0.003583121716667942,0
cifar10,vit_small,single_color,dense0_compact_test,dense,compact,dense_masked,10,1,gpu_raw_to_logits,heldout_val,45000,4ba79ef9f76ff06df88f37ba7586b1b5a3ac8b43008b3eed0ca6a744393e6687,3,3,10.573051166666668,0.015413848175692775,0.9617232630346245,0.0037601213810926322,0
cifar10,vit_small,single_color,dense0_compact_test,dense,compact,dense_masked,10,1,host_raw_to_logits,heldout_val,45000,4ba79ef9f76ff06df88f37ba7586b1b5a3ac8b43008b3eed0ca6a744393e6687,3,3,10.5822825,0.005975473956096438,0.9649897625283521,0.004169879398673353,0
cifar10,vit_small,single_color,dense0_compact_test,dense,compact,dense_masked,10,1,loader_to_cpu_prediction,heldout_val,45000,4ba79ef9f76ff06df88f37ba7586b1b5a3ac8b43008b3eed0ca6a744393e6687,3,3,10.784434333333333,0.0408051746238549,0.9646271254492811,0.0054517573021949295,0
cifar10,vit_small,single_color,dense0_compact_test,dense,compact,dense_masked,10,8,cached_input_model_only_diagnostic,heldout_val,45000,4ba79ef9f76ff06df88f37ba7586b1b5a3ac8b43008b3eed0ca6a744393e6687,3,3,11.653434333333333,0.04372220202978537,0.9914947718596813,0.008747854531688738,1
cifar10,vit_small,single_color,dense0_compact_test,dense,compact,dense_masked,10,8,gpu_raw_to_logits,heldout_val,45000,4ba79ef9f76ff06df88f37ba7586b1b5a3ac8b43008b3eed0ca6a744393e6687,3,3,11.994662666666667,0.06025190032134459,0.9629145018330719,0.008575041848724648,0
cifar10,vit_small,single_color,dense0_compact_test,dense,compact,dense_masked,10,8,host_raw_to_logits,heldout_val,45000,4ba79ef9f76ff06df88f37ba7586b1b5a3ac8b43008b3eed0ca6a744393e6687,3,3,12.0007895,0.03213665176632377,0.9675514292064196,0.006295961177150779,0
cifar10,vit_small,single_color,dense0_compact_test,dense,compact,dense_masked,10,8,loader_to_cpu_prediction,heldout_val,45000,4ba79ef9f76ff06df88f37ba7586b1b5a3ac8b43008b3eed0ca6a744393e6687,3,3,12.205727666666666,0.028860708867478248,0.971104188136254,0.004713440497806923,0
cifar10,vit_small,single_color,dense0_compact_test,dense,compact,dense_masked,20,1,cached_input_model_only_diagnostic,heldout_val,45000,4ba79ef9f76ff06df88f37ba7586b1b5a3ac8b43008b3eed0ca6a744393e6687,3,3,10.140176833333333,0.06145140969158746,0.9930075830634925,0.007977732214409288,1
cifar10,vit_small,single_color,dense0_compact_test,dense,compact,dense_masked,20,1,gpu_raw_to_logits,heldout_val,45000,4ba79ef9f76ff06df88f37ba7586b1b5a3ac8b43008b3eed0ca6a744393e6687,3,3,10.5588505,0.018037632418087222,0.9630184874896561,0.004321554530114534,0
cifar10,vit_small,single_color,dense0_compact_test,dense,compact,dense_masked,20,1,host_raw_to_logits,heldout_val,45000,4ba79ef9f76ff06df88f37ba7586b1b5a3ac8b43008b3eed0ca6a744393e6687,3,3,10.5915055,0.017194786121089125,0.9641531662416994,0.0050952114281862925,0
cifar10,vit_small,single_color,dense0_compact_test,dense,compact,dense_masked,20,1,loader_to_cpu_prediction,heldout_val,45000,4ba79ef9f76ff06df88f37ba7586b1b5a3ac8b43008b3eed0ca6a744393e6687,3,3,10.8148795,0.0787360370113322,0.9619429161073249,0.009175474404828264,0
cifar10,vit_small,single_color,dense0_compact_test,dense,compact,dense_masked,20,8,cached_input_model_only_diagnostic,heldout_val,45000,4ba79ef9f76ff06df88f37ba7586b1b5a3ac8b43008b3eed0ca6a744393e6687,3,3,11.552160333333333,0.05070709652586406,1.000165717005394,0.003031678420050412,1
cifar10,vit_small,single_color,dense0_compact_test,dense,compact,dense_masked,20,8,gpu_raw_to_logits,heldout_val,45000,4ba79ef9f76ff06df88f37ba7586b1b5a3ac8b43008b3eed0ca6a744393e6687,3,3,11.891604833333332,0.034577850874270316,0.9712300925266647,0.0021846051830209457,0
cifar10,vit_small,single_color,dense0_compact_test,dense,compact,dense_masked,20,8,host_raw_to_logits,heldout_val,45000,4ba79ef9f76ff06df88f37ba7586b1b5a3ac8b43008b3eed0ca6a744393e6687,3,3,11.937442666666668,0.022563092708743075,0.9726723737287132,0.002071742394237897,0
cifar10,vit_small,single_color,dense0_compact_test,dense,compact,dense_masked,20,8,loader_to_cpu_prediction,heldout_val,45000,4ba79ef9f76ff06df88f37ba7586b1b5a3ac8b43008b3eed0ca6a744393e6687,3,3,12.167033,0.015526605263224363,0.9741853963928024,0.0022743819463490146,0
cifar10,vit_small,single_color,dense0_compact_test,dense,compact,dense_masked,30,1,cached_input_model_only_diagnostic,heldout_val,45000,4ba79ef9f76ff06df88f37ba7586b1b5a3ac8b43008b3eed0ca6a744393e6687,3,3,10.087012666666666,0.026599440738169108,0.9982102055064146,0.000959940340995401,0
cifar10,vit_small,single_color,dense0_compact_test,dense,compact,dense_masked,30,1,gpu_raw_to_logits,heldout_val,45000,4ba79ef9f76ff06df88f37ba7586b1b5a3ac8b43008b3eed0ca6a744393e6687,3,3,10.633861,0.1818611426315417,0.9563724221469654,0.013271408838696312,0
cifar10,vit_small,single_color,dense0_compact_test,dense,compact,dense_masked,30,1,host_raw_to_logits,heldout_val,45000,4ba79ef9f76ff06df88f37ba7586b1b5a3ac8b43008b3eed0ca6a744393e6687,3,3,10.660504333333334,0.18526205653164218,0.9580536907431312,0.01252211957377787,0
cifar10,vit_small,single_color,dense0_compact_test,dense,compact,dense_masked,30,1,loader_to_cpu_prediction,heldout_val,45000,4ba79ef9f76ff06df88f37ba7586b1b5a3ac8b43008b3eed0ca6a744393e6687,3,3,10.849802,0.1707495375074255,0.9589364998214254,0.012790745871652753,0
cifar10,vit_small,single_color,dense0_compact_test,dense,compact,dense_masked,30,8,cached_input_model_only_diagnostic,heldout_val,45000,4ba79ef9f76ff06df88f37ba7586b1b5a3ac8b43008b3eed0ca6a744393e6687,3,3,11.572720166666667,0.06726849808107295,0.9983924931015417,0.002370893758131085,1
cifar10,vit_small,single_color,dense0_compact_test,dense,compact,dense_masked,30,8,gpu_raw_to_logits,heldout_val,45000,4ba79ef9f76ff06df88f37ba7586b1b5a3ac8b43008b3eed0ca6a744393e6687,3,3,12.0169105,0.08094912327659813,0.961119534821281,0.0043775122905177315,0
cifar10,vit_small,single_color,dense0_compact_test,dense,compact,dense_masked,30,8,host_raw_to_logits,heldout_val,45000,4ba79ef9f76ff06df88f37ba7586b1b5a3ac8b43008b3eed0ca6a744393e6687,3,3,12.059785666666667,0.07756196368280892,0.9628192595024109,0.0032520123719277714,0
cifar10,vit_small,single_color,dense0_compact_test,dense,compact,dense_masked,30,8,loader_to_cpu_prediction,heldout_val,45000,4ba79ef9f76ff06df88f37ba7586b1b5a3ac8b43008b3eed0ca6a744393e6687,3,3,12.25689,0.12627913290306597,0.9670925426786744,0.007028771361814842,0
mnist,swin_tiny,grayscale,compact0_compact_test,compact,compact,compact,0,1,cached_input_model_only_diagnostic,heldout_val,55000,4ba79ef9f76ff06df88f37ba7586b1b5a3ac8b43008b3eed0ca6a744393e6687,3,3,25.456477333333336,0.25248375795748457,0.712489436143795,0.009759427168725104,0
mnist,swin_tiny,grayscale,compact0_compact_test,compact,compact,compact,0,1,gpu_raw_to_logits,heldout_val,55000,4ba79ef9f76ff06df88f37ba7586b1b5a3ac8b43008b3eed0ca6a744393e6687,3,3,25.934108833333333,0.3100647945229882,0.7038879310304627,0.011631302971292935,0
mnist,swin_tiny,grayscale,compact0_compact_test,compact,compact,compact,0,1,host_raw_to_logits,heldout_val,55000,4ba79ef9f76ff06df88f37ba7586b1b5a3ac8b43008b3eed0ca6a744393e6687,3,3,26.098750833333334,0.22684321571425264,0.6995530014382938,0.009796417525646965,0
mnist,swin_tiny,grayscale,compact0_compact_test,compact,compact,compact,0,1,loader_to_cpu_prediction,heldout_val,55000,4ba79ef9f76ff06df88f37ba7586b1b5a3ac8b43008b3eed0ca6a744393e6687,3,3,26.341242166666667,0.5051937237595934,0.7007672024499013,0.0161722255675131,0
mnist,swin_tiny,grayscale,compact0_compact_test,compact,compact,compact,0,8,cached_input_model_only_diagnostic,heldout_val,55000,4ba79ef9f76ff06df88f37ba7586b1b5a3ac8b43008b3eed0ca6a744393e6687,3,3,67.65970383333334,1.0082631673176061,0.273906970638911,0.0031033734631690617,0
mnist,swin_tiny,grayscale,compact0_compact_test,compact,compact,compact,0,8,gpu_raw_to_logits,heldout_val,55000,4ba79ef9f76ff06df88f37ba7586b1b5a3ac8b43008b3eed0ca6a744393e6687,3,3,68.09090883333333,0.980574191130423,0.27357293088932755,0.0036645335304654903,0
mnist,swin_tiny,grayscale,compact0_compact_test,compact,compact,compact,0,8,host_raw_to_logits,heldout_val,55000,4ba79ef9f76ff06df88f37ba7586b1b5a3ac8b43008b3eed0ca6a744393e6687,3,3,67.86098383333334,0.4557419463677706,0.27473911794036415,0.0012825751957346203,0
mnist,swin_tiny,grayscale,compact0_compact_test,compact,compact,compact,0,8,loader_to_cpu_prediction,heldout_val,55000,4ba79ef9f76ff06df88f37ba7586b1b5a3ac8b43008b3eed0ca6a744393e6687,3,3,68.03291366666667,0.6830697618408632,0.2767849782190183,0.0024424036837409767,0
mnist,swin_tiny,grayscale,compact0_compact_test,compact,compact,compact,10,1,cached_input_model_only_diagnostic,heldout_val,55000,4ba79ef9f76ff06df88f37ba7586b1b5a3ac8b43008b3eed0ca6a744393e6687,3,3,25.357600833333333,0.0898333678322448,0.715212659318932,0.004657596265998151,0
mnist,swin_tiny,grayscale,compact0_compact_test,compact,compact,compact,10,1,gpu_raw_to_logits,heldout_val,55000,4ba79ef9f76ff06df88f37ba7586b1b5a3ac8b43008b3eed0ca6a744393e6687,3,3,26.020287333333332,0.166469552824483,0.7014975146955952,0.0077371600799768896,0
mnist,swin_tiny,grayscale,compact0_compact_test,compact,compact,compact,10,1,host_raw_to_logits,heldout_val,55000,4ba79ef9f76ff06df88f37ba7586b1b5a3ac8b43008b3eed0ca6a744393e6687,3,3,25.851026166666667,0.05771438653908819,0.706201203603102,0.003894146068094792,0
mnist,swin_tiny,grayscale,compact0_compact_test,compact,compact,compact,10,1,loader_to_cpu_prediction,heldout_val,55000,4ba79ef9f76ff06df88f37ba7586b1b5a3ac8b43008b3eed0ca6a744393e6687,3,3,26.168636333333332,0.1727096381049208,0.70521080170379,0.00688909251469175,0
mnist,swin_tiny,grayscale,compact0_compact_test,compact,compact,compact,10,8,cached_input_model_only_diagnostic,heldout_val,55000,4ba79ef9f76ff06df88f37ba7586b1b5a3ac8b43008b3eed0ca6a744393e6687,3,3,66.86845266666667,0.9801379206022964,0.2771523490029693,0.0037237616726601436,0
mnist,swin_tiny,grayscale,compact0_compact_test,compact,compact,compact,10,8,gpu_raw_to_logits,heldout_val,55000,4ba79ef9f76ff06df88f37ba7586b1b5a3ac8b43008b3eed0ca6a744393e6687,3,3,67.39678266666667,1.1903194233903551,0.27641119861750835,0.004785435225384874,0
mnist,swin_tiny,grayscale,compact0_compact_test,compact,compact,compact,10,8,host_raw_to_logits,heldout_val,55000,4ba79ef9f76ff06df88f37ba7586b1b5a3ac8b43008b3eed0ca6a744393e6687,3,3,67.46078233333333,1.25221738466133,0.2764219814115729,0.004773104445130418,0
mnist,swin_tiny,grayscale,compact0_compact_test,compact,compact,compact,10,8,loader_to_cpu_prediction,heldout_val,55000,4ba79ef9f76ff06df88f37ba7586b1b5a3ac8b43008b3eed0ca6a744393e6687,3,3,67.48995816666667,1.2041406082054282,0.27904975799837173,0.0045780595948652905,0
mnist,swin_tiny,grayscale,compact0_compact_test,compact,compact,compact,20,1,cached_input_model_only_diagnostic,heldout_val,55000,4ba79ef9f76ff06df88f37ba7586b1b5a3ac8b43008b3eed0ca6a744393e6687,3,3,25.51487983333333,0.18599993236714613,0.7108331912189624,0.007967396833563154,0
mnist,swin_tiny,grayscale,compact0_compact_test,compact,compact,compact,20,1,gpu_raw_to_logits,heldout_val,55000,4ba79ef9f76ff06df88f37ba7586b1b5a3ac8b43008b3eed0ca6a744393e6687,3,3,26.029305333333333,0.2286794697963367,0.7012767381941817,0.009430825919017007,0
mnist,swin_tiny,grayscale,compact0_compact_test,compact,compact,compact,20,1,host_raw_to_logits,heldout_val,55000,4ba79ef9f76ff06df88f37ba7586b1b5a3ac8b43008b3eed0ca6a744393e6687,3,3,26.043185333333334,0.1823577217561212,0.7010261286336623,0.008272916693856656,0
mnist,swin_tiny,grayscale,compact0_compact_test,compact,compact,compact,20,1,loader_to_cpu_prediction,heldout_val,55000,4ba79ef9f76ff06df88f37ba7586b1b5a3ac8b43008b3eed0ca6a744393e6687,3,3,26.2617535,0.17352268830112577,0.7027149255235668,0.007542243669663092,0
mnist,swin_tiny,grayscale,compact0_compact_test,compact,compact,compact,20,8,cached_input_model_only_diagnostic,heldout_val,55000,4ba79ef9f76ff06df88f37ba7586b1b5a3ac8b43008b3eed0ca6a744393e6687,3,3,67.62830383333333,0.8266530865354551,0.2740378198600392,0.004256010665743868,0
mnist,swin_tiny,grayscale,compact0_compact_test,compact,compact,compact,20,8,gpu_raw_to_logits,heldout_val,55000,4ba79ef9f76ff06df88f37ba7586b1b5a3ac8b43008b3eed0ca6a744393e6687,3,3,68.32445,0.8302230405100512,0.27263097786857443,0.003488904281229892,0
mnist,swin_tiny,grayscale,compact0_compact_test,compact,compact,compact,20,8,host_raw_to_logits,heldout_val,55000,4ba79ef9f76ff06df88f37ba7586b1b5a3ac8b43008b3eed0ca6a744393e6687,3,3,68.13953783333334,0.7307266080344801,0.2736338281866319,0.003325143616001041,0
mnist,swin_tiny,grayscale,compact0_compact_test,compact,compact,compact,20,8,loader_to_cpu_prediction,heldout_val,55000,4ba79ef9f76ff06df88f37ba7586b1b5a3ac8b43008b3eed0ca6a744393e6687,3,3,68.42420716666666,0.7127006795903759,0.27520878227210976,0.003284529362875853,0
mnist,swin_tiny,grayscale,compact0_compact_test,compact,compact,compact,30,1,cached_input_model_only_diagnostic,heldout_val,55000,4ba79ef9f76ff06df88f37ba7586b1b5a3ac8b43008b3eed0ca6a744393e6687,3,3,25.364138833333335,0.15818167912350983,0.7150366047808823,0.005092047296338055,0
mnist,swin_tiny,grayscale,compact0_compact_test,compact,compact,compact,30,1,gpu_raw_to_logits,heldout_val,55000,4ba79ef9f76ff06df88f37ba7586b1b5a3ac8b43008b3eed0ca6a744393e6687,3,3,25.888238166666667,0.15948350637787803,0.7050605679897257,0.005453461941747926,0
mnist,swin_tiny,grayscale,compact0_compact_test,compact,compact,compact,30,1,host_raw_to_logits,heldout_val,55000,4ba79ef9f76ff06df88f37ba7586b1b5a3ac8b43008b3eed0ca6a744393e6687,3,3,25.9081795,0.11326548057109088,0.7046531716314892,0.005365713734420569,0
mnist,swin_tiny,grayscale,compact0_compact_test,compact,compact,compact,30,1,loader_to_cpu_prediction,heldout_val,55000,4ba79ef9f76ff06df88f37ba7586b1b5a3ac8b43008b3eed0ca6a744393e6687,3,3,26.124689166666666,0.09958634357472668,0.7063799625092234,0.0050604924151064915,0
mnist,swin_tiny,grayscale,compact0_compact_test,compact,compact,compact,30,8,cached_input_model_only_diagnostic,heldout_val,55000,4ba79ef9f76ff06df88f37ba7586b1b5a3ac8b43008b3eed0ca6a744393e6687,3,3,67.25254383333333,0.19125509406636268,0.27553695922653215,0.00159792839546496,0
mnist,swin_tiny,grayscale,compact0_compact_test,compact,compact,compact,30,8,gpu_raw_to_logits,heldout_val,55000,4ba79ef9f76ff06df88f37ba7586b1b5a3ac8b43008b3eed0ca6a744393e6687,3,3,68.01948216666666,0.8714232720593288,0.27385453331029663,0.0034670144326739774,0
mnist,swin_tiny,grayscale,compact0_compact_test,compact,compact,compact,30,8,host_raw_to_logits,heldout_val,55000,4ba79ef9f76ff06df88f37ba7586b1b5a3ac8b43008b3eed0ca6a744393e6687,3,3,67.8683195,0.394899332429157,0.2747102183220646,0.001772894290416891,0
mnist,swin_tiny,grayscale,compact0_compact_test,compact,compact,compact,30,8,loader_to_cpu_prediction,heldout_val,55000,4ba79ef9f76ff06df88f37ba7586b1b5a3ac8b43008b3eed0ca6a744393e6687,3,3,67.83279383333333,0.20427818312434892,0.2775877080900785,0.0012377594905130308,0
mnist,swin_tiny,grayscale,compact0_compact_test,compact,compact,dense_masked,0,1,cached_input_model_only_diagnostic,heldout_val,55000,4ba79ef9f76ff06df88f37ba7586b1b5a3ac8b43008b3eed0ca6a744393e6687,3,3,18.03021216666667,0.15014572278817592,1.0058828842397525,0.004456166275866293,3
mnist,swin_tiny,grayscale,compact0_compact_test,compact,compact,dense_masked,0,1,gpu_raw_to_logits,heldout_val,55000,4ba79ef9f76ff06df88f37ba7586b1b5a3ac8b43008b3eed0ca6a744393e6687,3,3,18.435078333333333,0.17820543594496002,0.9901175106564739,0.004867967359885635,0
mnist,swin_tiny,grayscale,compact0_compact_test,compact,compact,dense_masked,0,1,host_raw_to_logits,heldout_val,55000,4ba79ef9f76ff06df88f37ba7586b1b5a3ac8b43008b3eed0ca6a744393e6687,3,3,18.410468166666668,0.14400954238550648,0.9916218709314133,0.00256566356454248,0
mnist,swin_tiny,grayscale,compact0_compact_test,compact,compact,dense_masked,0,1,loader_to_cpu_prediction,heldout_val,55000,4ba79ef9f76ff06df88f37ba7586b1b5a3ac8b43008b3eed0ca6a744393e6687,3,3,18.6030485,0.1716078841217692,0.9919983075537917,0.004364641307765624,0
mnist,swin_tiny,grayscale,compact0_compact_test,compact,compact,dense_masked,0,8,cached_input_model_only_diagnostic,heldout_val,55000,4ba79ef9f76ff06df88f37ba7586b1b5a3ac8b43008b3eed0ca6a744393e6687,3,3,18.434481666666667,0.12436770126758438,1.0052265724419018,0.006328218234763672,2
mnist,swin_tiny,grayscale,compact0_compact_test,compact,compact,dense_masked,0,8,gpu_raw_to_logits,heldout_val,55000,4ba79ef9f76ff06df88f37ba7586b1b5a3ac8b43008b3eed0ca6a744393e6687,3,3,18.75676316666667,0.07531533878688501,0.9930069948190124,0.0032822526202334096,0
mnist,swin_tiny,grayscale,compact0_compact_test,compact,compact,dense_masked,0,8,host_raw_to_logits,heldout_val,55000,4ba79ef9f76ff06df88f37ba7586b1b5a3ac8b43008b3eed0ca6a744393e6687,3,3,18.760414333333333,0.0887494377578427,0.9937864487261306,0.00295753959899639,0
mnist,swin_tiny,grayscale,compact0_compact_test,compact,compact,dense_masked,0,8,loader_to_cpu_prediction,heldout_val,55000,4ba79ef9f76ff06df88f37ba7586b1b5a3ac8b43008b3eed0ca6a744393e6687,3,3,19.426004666666667,0.8461080862470133,0.9704480832107101,0.039975771147369235,0
mnist,swin_tiny,grayscale,compact0_compact_test,compact,compact,dense_masked,10,1,cached_input_model_only_diagnostic,heldout_val,55000,4ba79ef9f76ff06df88f37ba7586b1b5a3ac8b43008b3eed0ca6a744393e6687,3,3,18.022057166666666,0.08465499961658003,1.0063406496901484,0.00869730968676767,3
mnist,swin_tiny,grayscale,compact0_compact_test,compact,compact,dense_masked,10,1,gpu_raw_to_logits,heldout_val,55000,4ba79ef9f76ff06df88f37ba7586b1b5a3ac8b43008b3eed0ca6a744393e6687,3,3,18.59150616666667,0.14019600789638553,0.9818125622697541,0.011605603633635516,0
mnist,swin_tiny,grayscale,compact0_compact_test,compact,compact,dense_masked,10,1,host_raw_to_logits,heldout_val,55000,4ba79ef9f76ff06df88f37ba7586b1b5a3ac8b43008b3eed0ca6a744393e6687,3,3,18.581021166666666,0.1780382569241311,0.9826002350266289,0.014627801825335055,0
mnist,swin_tiny,grayscale,compact0_compact_test,compact,compact,dense_masked,10,1,loader_to_cpu_prediction,heldout_val,55000,4ba79ef9f76ff06df88f37ba7586b1b5a3ac8b43008b3eed0ca6a744393e6687,3,3,18.745461000000002,0.10899951659869726,0.9844759124704474,0.010482103088794105,0
mnist,swin_tiny,grayscale,compact0_compact_test,compact,compact,dense_masked,10,8,cached_input_model_only_diagnostic,heldout_val,55000,4ba79ef9f76ff06df88f37ba7586b1b5a3ac8b43008b3eed0ca6a744393e6687,3,3,18.6826015,0.25220929763244226,0.9919999015756121,0.01650387139445583,1
mnist,swin_tiny,grayscale,compact0_compact_test,compact,compact,dense_masked,10,8,gpu_raw_to_logits,heldout_val,55000,4ba79ef9f76ff06df88f37ba7586b1b5a3ac8b43008b3eed0ca6a744393e6687,3,3,19.16398883333333,0.27774149910048207,0.9720423997448601,0.014981891883634494,0
mnist,swin_tiny,grayscale,compact0_compact_test,compact,compact,dense_masked,10,8,host_raw_to_logits,heldout_val,55000,4ba79ef9f76ff06df88f37ba7586b1b5a3ac8b43008b3eed0ca6a744393e6687,3,3,19.168143999999998,0.2754712270219888,0.9727897494260949,0.0157860611943392,0
mnist,swin_tiny,grayscale,compact0_compact_test,compact,compact,dense_masked,10,8,loader_to_cpu_prediction,heldout_val,55000,4ba79ef9f76ff06df88f37ba7586b1b5a3ac8b43008b3eed0ca6a744393e6687,3,3,19.387830666666666,0.26749633688208274,0.9713204455908638,0.013620037064271265,0
mnist,swin_tiny,grayscale,compact0_compact_test,compact,compact,dense_masked,20,1,cached_input_model_only_diagnostic,heldout_val,55000,4ba79ef9f76ff06df88f37ba7586b1b5a3ac8b43008b3eed0ca6a744393e6687,3,3,17.9947775,0.257531839602891,1.0079647773047113,0.013680001577793572,2
mnist,swin_tiny,grayscale,compact0_compact_test,compact,compact,dense_masked,20,1,gpu_raw_to_logits,heldout_val,55000,4ba79ef9f76ff06df88f37ba7586b1b5a3ac8b43008b3eed0ca6a744393e6687,3,3,18.504993833333334,0.2294392431638118,0.9864389078224785,0.012166911912798896,0
mnist,swin_tiny,grayscale,compact0_compact_test,compact,compact,dense_masked,20,1,host_raw_to_logits,heldout_val,55000,4ba79ef9f76ff06df88f37ba7586b1b5a3ac8b43008b3eed0ca6a744393e6687,3,3,18.48807233333333,0.2972182572791977,0.9875885983810458,0.013968004093546184,1
mnist,swin_tiny,grayscale,compact0_compact_test,compact,compact,dense_masked,20,1,loader_to_cpu_prediction,heldout_val,55000,4ba79ef9f76ff06df88f37ba7586b1b5a3ac8b43008b3eed0ca6a744393e6687,3,3,18.730023499999998,0.21685822417422723,0.9853190175999248,0.010271832120058819,0
mnist,swin_tiny,grayscale,compact0_compact_test,compact,compact,dense_masked,20,8,cached_input_model_only_diagnostic,heldout_val,55000,4ba79ef9f76ff06df88f37ba7586b1b5a3ac8b43008b3eed0ca6a744393e6687,3,3,18.500716999999998,0.05065431938393729,1.0016031194570258,0.002034355929480208,2
mnist,swin_tiny,grayscale,compact0_compact_test,compact,compact,dense_masked,20,8,gpu_raw_to_logits,heldout_val,55000,4ba79ef9f76ff06df88f37ba7586b1b5a3ac8b43008b3eed0ca6a744393e6687,3,3,19.012364166666668,0.04062337497160222,0.9796507901218191,0.001760687580031987,0
mnist,swin_tiny,grayscale,compact0_compact_test,compact,compact,dense_masked,20,8,host_raw_to_logits,heldout_val,55000,4ba79ef9f76ff06df88f37ba7586b1b5a3ac8b43008b3eed0ca6a744393e6687,3,3,19.011150666666666,0.0410643115653152,0.9806714250429226,0.0013394330525904896,0
mnist,swin_tiny,grayscale,compact0_compact_test,compact,compact,dense_masked,20,8,loader_to_cpu_prediction,heldout_val,55000,4ba79ef9f76ff06df88f37ba7586b1b5a3ac8b43008b3eed0ca6a744393e6687,3,3,19.225361833333334,0.04087711236845537,0.9794042386155652,0.0008313925946898966,0
mnist,swin_tiny,grayscale,compact0_compact_test,compact,compact,dense_masked,30,1,cached_input_model_only_diagnostic,heldout_val,55000,4ba79ef9f76ff06df88f37ba7586b1b5a3ac8b43008b3eed0ca6a744393e6687,3,3,18.094699666666667,0.2846046285965531,1.0024111329058882,0.013433789877686939,1
mnist,swin_tiny,grayscale,compact0_compact_test,compact,compact,dense_masked,30,1,gpu_raw_to_logits,heldout_val,55000,4ba79ef9f76ff06df88f37ba7586b1b5a3ac8b43008b3eed0ca6a744393e6687,3,3,18.567467666666666,0.29286314081893616,0.9831460414841107,0.01155822809351761,0
mnist,swin_tiny,grayscale,compact0_compact_test,compact,compact,dense_masked,30,1,host_raw_to_logits,heldout_val,55000,4ba79ef9f76ff06df88f37ba7586b1b5a3ac8b43008b3eed0ca6a744393e6687,3,3,18.586980999999998,0.2679630916880146,0.9822790163378479,0.009139111598565463,0
mnist,swin_tiny,grayscale,compact0_compact_test,compact,compact,dense_masked,30,1,loader_to_cpu_prediction,heldout_val,55000,4ba79ef9f76ff06df88f37ba7586b1b5a3ac8b43008b3eed0ca6a744393e6687,3,3,18.848495833333335,0.30837054794124447,0.9791892415378148,0.012743047847237959,0
mnist,swin_tiny,grayscale,compact0_compact_test,compact,compact,dense_masked,30,8,cached_input_model_only_diagnostic,heldout_val,55000,4ba79ef9f76ff06df88f37ba7586b1b5a3ac8b43008b3eed0ca6a744393e6687,3,3,18.656769,0.05723632013197649,0.9932252470870266,0.0013729615775884565,0
mnist,swin_tiny,grayscale,compact0_compact_test,compact,compact,dense_masked,30,8,gpu_raw_to_logits,heldout_val,55000,4ba79ef9f76ff06df88f37ba7586b1b5a3ac8b43008b3eed0ca6a744393e6687,3,3,19.130288,0.09068815549866387,0.9736209975503539,0.0035245172477317037,0
mnist,swin_tiny,grayscale,compact0_compact_test,compact,compact,dense_masked,30,8,host_raw_to_logits,heldout_val,55000,4ba79ef9f76ff06df88f37ba7586b1b5a3ac8b43008b3eed0ca6a744393e6687,3,3,19.14240116666667,0.0848858434403717,0.9739532909631496,0.002167124302501485,0
mnist,swin_tiny,grayscale,compact0_compact_test,compact,compact,dense_masked,30,8,loader_to_cpu_prediction,heldout_val,55000,4ba79ef9f76ff06df88f37ba7586b1b5a3ac8b43008b3eed0ca6a744393e6687,3,3,19.377128000000003,0.10954539082955396,0.9717505395331931,0.005000314333237417,0
mnist,swin_tiny,grayscale,dense0_compact_test,dense,compact,compact,0,1,cached_input_model_only_diagnostic,heldout_val,55000,4ba79ef9f76ff06df88f37ba7586b1b5a3ac8b43008b3eed0ca6a744393e6687,3,3,25.408817000000003,0.4429492655914441,0.7138852537984529,0.01084854075956989,0
mnist,swin_tiny,grayscale,dense0_compact_test,dense,compact,compact,0,1,gpu_raw_to_logits,heldout_val,55000,4ba79ef9f76ff06df88f37ba7586b1b5a3ac8b43008b3eed0ca6a744393e6687,3,3,25.9060765,0.49677991603903476,0.7047124368200595,0.012479639227993574,0
mnist,swin_tiny,grayscale,dense0_compact_test,dense,compact,compact,0,1,host_raw_to_logits,heldout_val,55000,4ba79ef9f76ff06df88f37ba7586b1b5a3ac8b43008b3eed0ca6a744393e6687,3,3,25.9446835,0.5219553004786415,0.7038084627700392,0.012166399105965878,0
mnist,swin_tiny,grayscale,dense0_compact_test,dense,compact,compact,0,1,loader_to_cpu_prediction,heldout_val,55000,4ba79ef9f76ff06df88f37ba7586b1b5a3ac8b43008b3eed0ca6a744393e6687,3,3,26.0832195,0.5168923857774927,0.7076529774621898,0.01244495741070431,0
mnist,swin_tiny,grayscale,dense0_compact_test,dense,compact,compact,0,8,cached_input_model_only_diagnostic,heldout_val,55000,4ba79ef9f76ff06df88f37ba7586b1b5a3ac8b43008b3eed0ca6a744393e6687,3,3,67.158102,0.30089365131928464,0.2759249546002524,0.0014383147542336478,0
mnist,swin_tiny,grayscale,dense0_compact_test,dense,compact,compact,0,8,gpu_raw_to_logits,heldout_val,55000,4ba79ef9f76ff06df88f37ba7586b1b5a3ac8b43008b3eed0ca6a744393e6687,3,3,67.53280166666667,0.27814385491024773,0.27580071189420224,0.0008586695078902802,0
mnist,swin_tiny,grayscale,dense0_compact_test,dense,compact,compact,0,8,host_raw_to_logits,heldout_val,55000,4ba79ef9f76ff06df88f37ba7586b1b5a3ac8b43008b3eed0ca6a744393e6687,3,3,67.51023166666667,0.2679659707483104,0.27616321487362827,0.0010678860897533927,0
mnist,swin_tiny,grayscale,dense0_compact_test,dense,compact,compact,0,8,loader_to_cpu_prediction,heldout_val,55000,4ba79ef9f76ff06df88f37ba7586b1b5a3ac8b43008b3eed0ca6a744393e6687,3,3,67.71801183333334,0.45223694959344807,0.27806397587572246,0.001895272223522707,0
mnist,swin_tiny,grayscale,dense0_compact_test,dense,compact,compact,10,1,cached_input_model_only_diagnostic,heldout_val,55000,4ba79ef9f76ff06df88f37ba7586b1b5a3ac8b43008b3eed0ca6a744393e6687,3,3,25.764652333333334,0.4155902074190203,0.7040283080282181,0.011875345051972321,0
mnist,swin_tiny,grayscale,dense0_compact_test,dense,compact,compact,10,1,gpu_raw_to_logits,heldout_val,55000,4ba79ef9f76ff06df88f37ba7586b1b5a3ac8b43008b3eed0ca6a744393e6687,3,3,26.268078166666665,0.38818461522010783,0.6949557280758681,0.011398690489977496,0
mnist,swin_tiny,grayscale,dense0_compact_test,dense,compact,compact,10,1,host_raw_to_logits,heldout_val,55000,4ba79ef9f76ff06df88f37ba7586b1b5a3ac8b43008b3eed0ca6a744393e6687,3,3,26.276766333333335,0.36636640553288125,0.6948447570650255,0.010060419455352795,0
mnist,swin_tiny,grayscale,dense0_compact_test,dense,compact,compact,10,1,loader_to_cpu_prediction,heldout_val,55000,4ba79ef9f76ff06df88f37ba7586b1b5a3ac8b43008b3eed0ca6a744393e6687,3,3,26.421166666666668,0.2957718936031334,0.698498528076632,0.008070241299841043,0
mnist,swin_tiny,grayscale,dense0_compact_test,dense,compact,compact,10,8,cached_input_model_only_diagnostic,heldout_val,55000,4ba79ef9f76ff06df88f37ba7586b1b5a3ac8b43008b3eed0ca6a744393e6687,3,3,67.3255975,0.7776235372654628,0.2752657023377312,0.003992655452480651,0
mnist,swin_tiny,grayscale,dense0_compact_test,dense,compact,compact,10,8,gpu_raw_to_logits,heldout_val,55000,4ba79ef9f76ff06df88f37ba7586b1b5a3ac8b43008b3eed0ca6a744393e6687,3,3,67.98698633333333,0.9989618175737865,0.273998340687477,0.004331349118266584,0
mnist,swin_tiny,grayscale,dense0_compact_test,dense,compact,compact,10,8,host_raw_to_logits,heldout_val,55000,4ba79ef9f76ff06df88f37ba7586b1b5a3ac8b43008b3eed0ca6a744393e6687,3,3,67.90966516666667,0.9028034488916099,0.27457401176707347,0.004235209879814182,0
mnist,swin_tiny,grayscale,dense0_compact_test,dense,compact,compact,10,8,loader_to_cpu_prediction,heldout_val,55000,4ba79ef9f76ff06df88f37ba7586b1b5a3ac8b43008b3eed0ca6a744393e6687,3,3,67.90869816666667,0.6530122465130975,0.277294120181127,0.00300155015805452,0
mnist,swin_tiny,grayscale,dense0_compact_test,dense,compact,compact,20,1,cached_input_model_only_diagnostic,heldout_val,55000,4ba79ef9f76ff06df88f37ba7586b1b5a3ac8b43008b3eed0ca6a744393e6687,3,3,25.688105333333333,0.12561918989284027,0.7060162961958959,0.005226029959588787,0
mnist,swin_tiny,grayscale,dense0_compact_test,dense,compact,compact,20,1,gpu_raw_to_logits,heldout_val,55000,4ba79ef9f76ff06df88f37ba7586b1b5a3ac8b43008b3eed0ca6a744393e6687,3,3,26.193000333333334,0.16351716867375893,0.6968576256799324,0.0054626475022901844,0
mnist,swin_tiny,grayscale,dense0_compact_test,dense,compact,compact,20,1,host_raw_to_logits,heldout_val,55000,4ba79ef9f76ff06df88f37ba7586b1b5a3ac8b43008b3eed0ca6a744393e6687,3,3,26.193102,0.09158837224369615,0.6969840117267837,0.004791030472062317,0
mnist,swin_tiny,grayscale,dense0_compact_test,dense,compact,compact,20,1,loader_to_cpu_prediction,heldout_val,55000,4ba79ef9f76ff06df88f37ba7586b1b5a3ac8b43008b3eed0ca6a744393e6687,3,3,26.389782,0.1576543202571692,0.6992949953297407,0.006113719553590051,0
mnist,swin_tiny,grayscale,dense0_compact_test,dense,compact,compact,20,8,cached_input_model_only_diagnostic,heldout_val,55000,4ba79ef9f76ff06df88f37ba7586b1b5a3ac8b43008b3eed0ca6a744393e6687,3,3,67.21843133333334,0.4262194316831813,0.2756822217576541,0.002144143647912703,0
mnist,swin_tiny,grayscale,dense0_compact_test,dense,compact,compact,20,8,gpu_raw_to_logits,heldout_val,55000,4ba79ef9f76ff06df88f37ba7586b1b5a3ac8b43008b3eed0ca6a744393e6687,3,3,68.13752566666666,0.2935951142144219,0.27335433869561804,0.0013161942611547922,0
mnist,swin_tiny,grayscale,dense0_compact_test,dense,compact,compact,20,8,host_raw_to_logits,heldout_val,55000,4ba79ef9f76ff06df88f37ba7586b1b5a3ac8b43008b3eed0ca6a744393e6687,3,3,68.0207045,0.4435477245683358,0.27409619734791946,0.0019057924733532094,0
mnist,swin_tiny,grayscale,dense0_compact_test,dense,compact,compact,20,8,loader_to_cpu_prediction,heldout_val,55000,4ba79ef9f76ff06df88f37ba7586b1b5a3ac8b43008b3eed0ca6a744393e6687,3,3,68.01197333333333,0.4849364933994831,0.27686526977675757,0.002386001040404038,0
mnist,swin_tiny,grayscale,dense0_compact_test,dense,compact,compact,30,1,cached_input_model_only_diagnostic,heldout_val,55000,4ba79ef9f76ff06df88f37ba7586b1b5a3ac8b43008b3eed0ca6a744393e6687,3,3,25.60422983333333,0.222911845309044,0.7083624822602803,0.00851797839989381,0
mnist,swin_tiny,grayscale,dense0_compact_test,dense,compact,compact,30,1,gpu_raw_to_logits,heldout_val,55000,4ba79ef9f76ff06df88f37ba7586b1b5a3ac8b43008b3eed0ca6a744393e6687,3,3,26.189192833333333,0.17313238589467653,0.6969741848501055,0.007725320364940138,0
mnist,swin_tiny,grayscale,dense0_compact_test,dense,compact,compact,30,1,host_raw_to_logits,heldout_val,55000,4ba79ef9f76ff06df88f37ba7586b1b5a3ac8b43008b3eed0ca6a744393e6687,3,3,26.150027666666666,0.21198489591615588,0.6981586237119233,0.007255001056849907,0
mnist,swin_tiny,grayscale,dense0_compact_test,dense,compact,compact,30,1,loader_to_cpu_prediction,heldout_val,55000,4ba79ef9f76ff06df88f37ba7586b1b5a3ac8b43008b3eed0ca6a744393e6687,3,3,26.4515065,0.12956907990624175,0.6976583366466859,0.005737526423798754,0
mnist,swin_tiny,grayscale,dense0_compact_test,dense,compact,compact,30,8,cached_input_model_only_diagnostic,heldout_val,55000,4ba79ef9f76ff06df88f37ba7586b1b5a3ac8b43008b3eed0ca6a744393e6687,3,3,67.28420066666666,0.22200716761646735,0.27540609274744987,0.0011475760601781066,0
mnist,swin_tiny,grayscale,dense0_compact_test,dense,compact,compact,30,8,gpu_raw_to_logits,heldout_val,55000,4ba79ef9f76ff06df88f37ba7586b1b5a3ac8b43008b3eed0ca6a744393e6687,3,3,67.69616316666666,0.7025306624429849,0.2751546662222102,0.0031581884048490906,0
mnist,swin_tiny,grayscale,dense0_compact_test,dense,compact,compact,30,8,host_raw_to_logits,heldout_val,55000,4ba79ef9f76ff06df88f37ba7586b1b5a3ac8b43008b3eed0ca6a744393e6687,3,3,68.0345775,0.217042667430277,0.2740356877067743,0.0015050421716353932,0
mnist,swin_tiny,grayscale,dense0_compact_test,dense,compact,compact,30,8,loader_to_cpu_prediction,heldout_val,55000,4ba79ef9f76ff06df88f37ba7586b1b5a3ac8b43008b3eed0ca6a744393e6687,3,3,68.30147566666666,0.4591066167134574,0.275688340341664,0.0018040449827108373,0
mnist,swin_tiny,grayscale,dense0_compact_test,dense,compact,dense_masked,0,1,cached_input_model_only_diagnostic,heldout_val,55000,4ba79ef9f76ff06df88f37ba7586b1b5a3ac8b43008b3eed0ca6a744393e6687,3,3,18.105666,0.17888544400607195,1.00173442990619,0.011020783870467182,2
mnist,swin_tiny,grayscale,dense0_compact_test,dense,compact,dense_masked,0,1,gpu_raw_to_logits,heldout_val,55000,4ba79ef9f76ff06df88f37ba7586b1b5a3ac8b43008b3eed0ca6a744393e6687,3,3,18.464441333333333,0.18858960553297738,0.9885881596033298,0.012097268356935208,0
mnist,swin_tiny,grayscale,dense0_compact_test,dense,compact,dense_masked,0,1,host_raw_to_logits,heldout_val,55000,4ba79ef9f76ff06df88f37ba7586b1b5a3ac8b43008b3eed0ca6a744393e6687,3,3,18.487711166666667,0.17775529264295695,0.9875244993904707,0.010539622838870145,0
mnist,swin_tiny,grayscale,dense0_compact_test,dense,compact,dense_masked,0,1,loader_to_cpu_prediction,heldout_val,55000,4ba79ef9f76ff06df88f37ba7586b1b5a3ac8b43008b3eed0ca6a744393e6687,3,3,18.68458933333333,0.19735057914618134,0.9877144275010796,0.011257353696878063,0
mnist,swin_tiny,grayscale,dense0_compact_test,dense,compact,dense_masked,0,8,cached_input_model_only_diagnostic,heldout_val,55000,4ba79ef9f76ff06df88f37ba7586b1b5a3ac8b43008b3eed0ca6a744393e6687,3,3,18.608235333333333,0.14892592559502013,0.9958789130722528,0.011696202361798,1
mnist,swin_tiny,grayscale,dense0_compact_test,dense,compact,dense_masked,0,8,gpu_raw_to_logits,heldout_val,55000,4ba79ef9f76ff06df88f37ba7586b1b5a3ac8b43008b3eed0ca6a744393e6687,3,3,18.950767,0.14691228673259346,0.9828768993520872,0.008545171052447025,0
mnist,swin_tiny,grayscale,dense0_compact_test,dense,compact,dense_masked,0,8,host_raw_to_logits,heldout_val,55000,4ba79ef9f76ff06df88f37ba7586b1b5a3ac8b43008b3eed0ca6a744393e6687,3,3,18.962875166666667,0.17861925095460288,0.9832387507147029,0.011379310514674357,0
mnist,swin_tiny,grayscale,dense0_compact_test,dense,compact,dense_masked,0,8,loader_to_cpu_prediction,heldout_val,55000,4ba79ef9f76ff06df88f37ba7586b1b5a3ac8b43008b3eed0ca6a744393e6687,3,3,19.205428833333333,0.15097072008864226,0.980467400531648,0.009107895899670553,0
mnist,swin_tiny,grayscale,dense0_compact_test,dense,compact,dense_masked,10,1,cached_input_model_only_diagnostic,heldout_val,55000,4ba79ef9f76ff06df88f37ba7586b1b5a3ac8b43008b3eed0ca6a744393e6687,3,3,18.397033,0.4249310137695904,0.9861804595202995,0.024788134502666218,1
mnist,swin_tiny,grayscale,dense0_compact_test,dense,compact,dense_masked,10,1,gpu_raw_to_logits,heldout_val,55000,4ba79ef9f76ff06df88f37ba7586b1b5a3ac8b43008b3eed0ca6a744393e6687,3,3,18.698918666666668,0.19464917904870208,0.9762046095324725,0.013311295811441583,0
mnist,swin_tiny,grayscale,dense0_compact_test,dense,compact,dense_masked,10,1,host_raw_to_logits,heldout_val,55000,4ba79ef9f76ff06df88f37ba7586b1b5a3ac8b43008b3eed0ca6a744393e6687,3,3,18.771514666666665,0.19921241660431788,0.9726364848425806,0.01459005566343846,0
mnist,swin_tiny,grayscale,dense0_compact_test,dense,compact,dense_masked,10,1,loader_to_cpu_prediction,heldout_val,55000,4ba79ef9f76ff06df88f37ba7586b1b5a3ac8b43008b3eed0ca6a744393e6687,3,3,18.949533000000002,0.19253184490558894,0.9739236134707727,0.013690207974851584,0
mnist,swin_tiny,grayscale,dense0_compact_test,dense,compact,dense_masked,10,8,cached_input_model_only_diagnostic,heldout_val,55000,4ba79ef9f76ff06df88f37ba7586b1b5a3ac8b43008b3eed0ca6a744393e6687,3,3,18.569825666666667,0.14457095194430658,0.9979173435227257,0.00871375348797909,2
mnist,swin_tiny,grayscale,dense0_compact_test,dense,compact,dense_masked,10,8,gpu_raw_to_logits,heldout_val,55000,4ba79ef9f76ff06df88f37ba7586b1b5a3ac8b43008b3eed0ca6a744393e6687,3,3,19.057696333333332,0.17343478097063977,0.9773759105915396,0.009521471996862573,0
mnist,swin_tiny,grayscale,dense0_compact_test,dense,compact,dense_masked,10,8,host_raw_to_logits,heldout_val,55000,4ba79ef9f76ff06df88f37ba7586b1b5a3ac8b43008b3eed0ca6a744393e6687,3,3,19.068905,0.18662684508665806,0.9777687885505646,0.01060754775450287,0
mnist,swin_tiny,grayscale,dense0_compact_test,dense,compact,dense_masked,10,8,loader_to_cpu_prediction,heldout_val,55000,4ba79ef9f76ff06df88f37ba7586b1b5a3ac8b43008b3eed0ca6a744393e6687,3,3,19.307591833333333,0.17848611574736975,0.9752822649630429,0.00822777153004967,0
mnist,swin_tiny,grayscale,dense0_compact_test,dense,compact,dense_masked,20,1,cached_input_model_only_diagnostic,heldout_val,55000,4ba79ef9f76ff06df88f37ba7586b1b5a3ac8b43008b3eed0ca6a744393e6687,3,3,18.146275833333334,0.10023074023513535,0.9994424755993337,0.00614727147746262,2
mnist,swin_tiny,grayscale,dense0_compact_test,dense,compact,dense_masked,20,1,gpu_raw_to_logits,heldout_val,55000,4ba79ef9f76ff06df88f37ba7586b1b5a3ac8b43008b3eed0ca6a744393e6687,3,3,18.650438833333336,0.10714668272085352,0.9786704219284237,0.006288260133032476,0
mnist,swin_tiny,grayscale,dense0_compact_test,dense,compact,dense_masked,20,1,host_raw_to_logits,heldout_val,55000,4ba79ef9f76ff06df88f37ba7586b1b5a3ac8b43008b3eed0ca6a744393e6687,3,3,18.667982333333335,0.10197832316763808,0.977938648212821,0.0048301235068134865,0
mnist,swin_tiny,grayscale,dense0_compact_test,dense,compact,dense_masked,20,1,loader_to_cpu_prediction,heldout_val,55000,4ba79ef9f76ff06df88f37ba7586b1b5a3ac8b43008b3eed0ca6a744393e6687,3,3,18.87297416666667,0.10053029100019109,0.9777947946560284,0.005132118389796884,0
mnist,swin_tiny,grayscale,dense0_compact_test,dense,compact,dense_masked,20,8,cached_input_model_only_diagnostic,heldout_val,55000,4ba79ef9f76ff06df88f37ba7586b1b5a3ac8b43008b3eed0ca6a744393e6687,3,3,18.341495,0.2489051325158861,1.0104544740607084,0.01729476541359818,2
mnist,swin_tiny,grayscale,dense0_compact_test,dense,compact,dense_masked,20,8,gpu_raw_to_logits,heldout_val,55000,4ba79ef9f76ff06df88f37ba7586b1b5a3ac8b43008b3eed0ca6a744393e6687,3,3,18.817548666666667,0.293340435000159,0.9899597617695631,0.016283465538099624,1
mnist,swin_tiny,grayscale,dense0_compact_test,dense,compact,dense_masked,20,8,host_raw_to_logits,heldout_val,55000,4ba79ef9f76ff06df88f37ba7586b1b5a3ac8b43008b3eed0ca6a744393e6687,3,3,18.821535666666666,0.2753392670803308,0.9907094044350264,0.01635788328430436,1
mnist,swin_tiny,grayscale,dense0_compact_test,dense,compact,dense_masked,20,8,loader_to_cpu_prediction,heldout_val,55000,4ba79ef9f76ff06df88f37ba7586b1b5a3ac8b43008b3eed0ca6a744393e6687,3,3,19.039373166666667,0.27688637707565755,0.9891250336062871,0.015919298137344908,1
mnist,swin_tiny,grayscale,dense0_compact_test,dense,compact,dense_masked,30,1,cached_input_model_only_diagnostic,heldout_val,55000,4ba79ef9f76ff06df88f37ba7586b1b5a3ac8b43008b3eed0ca6a744393e6687,3,3,18.030836333333333,0.0349767767287584,1.0058209991160352,0.0020903256339779757,3
mnist,swin_tiny,grayscale,dense0_compact_test,dense,compact,dense_masked,30,1,gpu_raw_to_logits,heldout_val,55000,4ba79ef9f76ff06df88f37ba7586b1b5a3ac8b43008b3eed0ca6a744393e6687,3,3,18.534934166666666,0.08809929215426873,0.9847796682560644,0.009017459765403284,0
mnist,swin_tiny,grayscale,dense0_compact_test,dense,compact,dense_masked,30,1,host_raw_to_logits,heldout_val,55000,4ba79ef9f76ff06df88f37ba7586b1b5a3ac8b43008b3eed0ca6a744393e6687,3,3,18.562221666666666,0.08822119743198564,0.9835240381954747,0.008402914477898621,0
mnist,swin_tiny,grayscale,dense0_compact_test,dense,compact,dense_masked,30,1,loader_to_cpu_prediction,heldout_val,55000,4ba79ef9f76ff06df88f37ba7586b1b5a3ac8b43008b3eed0ca6a744393e6687,3,3,18.731962,0.07167157149804872,0.9851618769676751,0.0076866035696597865,0
mnist,swin_tiny,grayscale,dense0_compact_test,dense,compact,dense_masked,30,8,cached_input_model_only_diagnostic,heldout_val,55000,4ba79ef9f76ff06df88f37ba7586b1b5a3ac8b43008b3eed0ca6a744393e6687,3,3,18.484945500000002,0.15891948000402736,1.0025049276432252,0.008898555446034326,2
mnist,swin_tiny,grayscale,dense0_compact_test,dense,compact,dense_masked,30,8,gpu_raw_to_logits,heldout_val,55000,4ba79ef9f76ff06df88f37ba7586b1b5a3ac8b43008b3eed0ca6a744393e6687,3,3,18.968285833333333,0.15839667747015038,0.9819687564794891,0.007898186118502263,0
mnist,swin_tiny,grayscale,dense0_compact_test,dense,compact,dense_masked,30,8,host_raw_to_logits,heldout_val,55000,4ba79ef9f76ff06df88f37ba7586b1b5a3ac8b43008b3eed0ca6a744393e6687,3,3,18.989924166666665,0.16111592281982365,0.981810092258831,0.007869805261656348,0
mnist,swin_tiny,grayscale,dense0_compact_test,dense,compact,dense_masked,30,8,loader_to_cpu_prediction,heldout_val,55000,4ba79ef9f76ff06df88f37ba7586b1b5a3ac8b43008b3eed0ca6a744393e6687,3,3,19.214231333333334,0.16050079375997847,0.9800192063957868,0.008826404499332788,0
mnist,swin_tiny,raw,raw_compact_test,dense,compact,compact,0,1,cached_input_model_only_diagnostic,heldout_val,55000,4ba79ef9f76ff06df88f37ba7586b1b5a3ac8b43008b3eed0ca6a744393e6687,3,3,25.678293166666666,0.36787338464964114,0.7063821861426015,0.011849703253987955,0
mnist,swin_tiny,raw,raw_compact_test,dense,compact,compact,0,1,gpu_raw_to_logits,heldout_val,55000,4ba79ef9f76ff06df88f37ba7586b1b5a3ac8b43008b3eed0ca6a744393e6687,3,3,25.9437805,0.27003283047945964,0.7035962854609605,0.009493432088113892,0
mnist,swin_tiny,raw,raw_compact_test,dense,compact,compact,0,1,host_raw_to_logits,heldout_val,55000,4ba79ef9f76ff06df88f37ba7586b1b5a3ac8b43008b3eed0ca6a744393e6687,3,3,25.881402166666664,0.16354541654409993,0.7054009901235224,0.0076309465487956465,0
mnist,swin_tiny,raw,raw_compact_test,dense,compact,compact,0,1,loader_to_cpu_prediction,heldout_val,55000,4ba79ef9f76ff06df88f37ba7586b1b5a3ac8b43008b3eed0ca6a744393e6687,3,3,26.0654095,0.42864880174188114,0.7081356678483589,0.014642602892033021,0
mnist,swin_tiny,raw,raw_compact_test,dense,compact,compact,0,8,cached_input_model_only_diagnostic,heldout_val,55000,4ba79ef9f76ff06df88f37ba7586b1b5a3ac8b43008b3eed0ca6a744393e6687,3,3,62.93333916666667,1.0332740152573647,0.29448960726706414,0.004175467595786471,0
mnist,swin_tiny,raw,raw_compact_test,dense,compact,compact,0,8,gpu_raw_to_logits,heldout_val,55000,4ba79ef9f76ff06df88f37ba7586b1b5a3ac8b43008b3eed0ca6a744393e6687,3,3,63.106403666666665,0.895358085427043,0.2951802559224566,0.00390086300314615,0
mnist,swin_tiny,raw,raw_compact_test,dense,compact,compact,0,8,host_raw_to_logits,heldout_val,55000,4ba79ef9f76ff06df88f37ba7586b1b5a3ac8b43008b3eed0ca6a744393e6687,3,3,63.11260766666667,1.0335748353953815,0.29545093419862317,0.004365971985680635,0
mnist,swin_tiny,raw,raw_compact_test,dense,compact,compact,0,8,loader_to_cpu_prediction,heldout_val,55000,4ba79ef9f76ff06df88f37ba7586b1b5a3ac8b43008b3eed0ca6a744393e6687,3,3,63.21557333333334,0.8829059321711925,0.2978978185676828,0.004101139906704118,0
mnist,swin_tiny,raw,raw_compact_test,dense,compact,compact,10,1,cached_input_model_only_diagnostic,heldout_val,55000,4ba79ef9f76ff06df88f37ba7586b1b5a3ac8b43008b3eed0ca6a744393e6687,3,3,25.4866655,0.23226915924687516,0.7116048087559743,0.003965392013911506,0
mnist,swin_tiny,raw,raw_compact_test,dense,compact,compact,10,1,gpu_raw_to_logits,heldout_val,55000,4ba79ef9f76ff06df88f37ba7586b1b5a3ac8b43008b3eed0ca6a744393e6687,3,3,25.820094,0.2037136634028263,0.7069151507791336,0.00218356776754252,0
mnist,swin_tiny,raw,raw_compact_test,dense,compact,compact,10,1,host_raw_to_logits,heldout_val,55000,4ba79ef9f76ff06df88f37ba7586b1b5a3ac8b43008b3eed0ca6a744393e6687,3,3,25.83698516666667,0.20453213229974965,0.7065944000520459,0.0025301510101679416,0
mnist,swin_tiny,raw,raw_compact_test,dense,compact,compact,10,1,loader_to_cpu_prediction,heldout_val,55000,4ba79ef9f76ff06df88f37ba7586b1b5a3ac8b43008b3eed0ca6a744393e6687,3,3,26.027229666666667,0.169361255498664,0.709021169123097,0.0019306815765846527,0
mnist,swin_tiny,raw,raw_compact_test,dense,compact,compact,10,8,cached_input_model_only_diagnostic,heldout_val,55000,4ba79ef9f76ff06df88f37ba7586b1b5a3ac8b43008b3eed0ca6a744393e6687,3,3,63.984888833333336,0.7702228763082737,0.2896384027269081,0.004168865585222399,0
mnist,swin_tiny,raw,raw_compact_test,dense,compact,compact,10,8,gpu_raw_to_logits,heldout_val,55000,4ba79ef9f76ff06df88f37ba7586b1b5a3ac8b43008b3eed0ca6a744393e6687,3,3,64.16870966666667,0.41807224734647397,0.29026635153721336,0.0020972790033783884,0
mnist,swin_tiny,raw,raw_compact_test,dense,compact,compact,10,8,host_raw_to_logits,heldout_val,55000,4ba79ef9f76ff06df88f37ba7586b1b5a3ac8b43008b3eed0ca6a744393e6687,3,3,64.30095,0.48704049845238473,0.2899571836056892,0.002634786843336462,0
mnist,swin_tiny,raw,raw_compact_test,dense,compact,compact,10,8,loader_to_cpu_prediction,heldout_val,55000,4ba79ef9f76ff06df88f37ba7586b1b5a3ac8b43008b3eed0ca6a744393e6687,3,3,64.33559166666667,0.5487979572247654,0.2926883352340926,0.002485062700234209,0
mnist,swin_tiny,raw,raw_compact_test,dense,compact,compact,20,1,cached_input_model_only_diagnostic,heldout_val,55000,4ba79ef9f76ff06df88f37ba7586b1b5a3ac8b43008b3eed0ca6a744393e6687,3,3,25.326222,0.06421104188533414,0.7160960266373901,0.004353382700990372,0
mnist,swin_tiny,raw,raw_compact_test,dense,compact,compact,20,1,gpu_raw_to_logits,heldout_val,55000,4ba79ef9f76ff06df88f37ba7586b1b5a3ac8b43008b3eed0ca6a744393e6687,3,3,25.731691166666668,0.049069957194635035,0.7093359391716123,0.004182975165004864,0
mnist,swin_tiny,raw,raw_compact_test,dense,compact,compact,20,1,host_raw_to_logits,heldout_val,55000,4ba79ef9f76ff06df88f37ba7586b1b5a3ac8b43008b3eed0ca6a744393e6687,3,3,25.715112333333334,0.017761704432100515,0.7099320116012102,0.003728615364477941,0
mnist,swin_tiny,raw,raw_compact_test,dense,compact,compact,20,1,loader_to_cpu_prediction,heldout_val,55000,4ba79ef9f76ff06df88f37ba7586b1b5a3ac8b43008b3eed0ca6a744393e6687,3,3,25.979459,0.15718165180214366,0.710344876039648,0.007005479293098521,0
mnist,swin_tiny,raw,raw_compact_test,dense,compact,compact,20,8,cached_input_model_only_diagnostic,heldout_val,55000,4ba79ef9f76ff06df88f37ba7586b1b5a3ac8b43008b3eed0ca6a744393e6687,3,3,64.02809216666667,0.37272319455338915,0.28941329985956643,0.0009621001986333841,0
mnist,swin_tiny,raw,raw_compact_test,dense,compact,compact,20,8,gpu_raw_to_logits,heldout_val,55000,4ba79ef9f76ff06df88f37ba7586b1b5a3ac8b43008b3eed0ca6a744393e6687,3,3,64.48017983333332,0.4300855428543629,0.2888627690142543,0.0017124407669990122,0
mnist,swin_tiny,raw,raw_compact_test,dense,compact,compact,20,8,host_raw_to_logits,heldout_val,55000,4ba79ef9f76ff06df88f37ba7586b1b5a3ac8b43008b3eed0ca6a744393e6687,3,3,64.34755,0.6116727849183377,0.28974880438127,0.002362900111845319,0
mnist,swin_tiny,raw,raw_compact_test,dense,compact,compact,20,8,loader_to_cpu_prediction,heldout_val,55000,4ba79ef9f76ff06df88f37ba7586b1b5a3ac8b43008b3eed0ca6a744393e6687,3,3,64.51777783333334,0.5541442040968074,0.2918598218980547,0.002072299724575148,0
mnist,swin_tiny,raw,raw_compact_test,dense,compact,compact,30,1,cached_input_model_only_diagnostic,heldout_val,55000,4ba79ef9f76ff06df88f37ba7586b1b5a3ac8b43008b3eed0ca6a744393e6687,3,3,25.305460500000002,0.10301883335463462,0.7166904213489991,0.005346119285367968,0
mnist,swin_tiny,raw,raw_compact_test,dense,compact,compact,30,1,gpu_raw_to_logits,heldout_val,55000,4ba79ef9f76ff06df88f37ba7586b1b5a3ac8b43008b3eed0ca6a744393e6687,3,3,25.704042666666666,0.08537606250778483,0.7101059293667693,0.005360142184608587,0
mnist,swin_tiny,raw,raw_compact_test,dense,compact,compact,30,1,host_raw_to_logits,heldout_val,55000,4ba79ef9f76ff06df88f37ba7586b1b5a3ac8b43008b3eed0ca6a744393e6687,3,3,25.716948833333333,0.09209484524164802,0.7098945081726555,0.0059808462433270934,0
mnist,swin_tiny,raw,raw_compact_test,dense,compact,compact,30,1,loader_to_cpu_prediction,heldout_val,55000,4ba79ef9f76ff06df88f37ba7586b1b5a3ac8b43008b3eed0ca6a744393e6687,3,3,25.897422833333334,0.10701984258810467,0.7125848022080978,0.006120123193611921,0
mnist,swin_tiny,raw,raw_compact_test,dense,compact,compact,30,8,cached_input_model_only_diagnostic,heldout_val,55000,4ba79ef9f76ff06df88f37ba7586b1b5a3ac8b43008b3eed0ca6a744393e6687,3,3,63.56933883333333,0.2502647548029552,0.29150453047646907,0.0021985252778847697,0
mnist,swin_tiny,raw,raw_compact_test,dense,compact,compact,30,8,gpu_raw_to_logits,heldout_val,55000,4ba79ef9f76ff06df88f37ba7586b1b5a3ac8b43008b3eed0ca6a744393e6687,3,3,64.02486883333333,0.1853839422363352,0.2909116279716588,0.0011535949397709774,0
mnist,swin_tiny,raw,raw_compact_test,dense,compact,compact,30,8,host_raw_to_logits,heldout_val,55000,4ba79ef9f76ff06df88f37ba7586b1b5a3ac8b43008b3eed0ca6a744393e6687,3,3,64.02090166666666,0.18505929513086122,0.29121512816358247,0.0014391147238337414,0
mnist,swin_tiny,raw,raw_compact_test,dense,compact,compact,30,8,loader_to_cpu_prediction,heldout_val,55000,4ba79ef9f76ff06df88f37ba7586b1b5a3ac8b43008b3eed0ca6a744393e6687,3,3,64.30503800000001,0.3376672708114478,0.2928203951750202,0.0019750182555825562,0
mnist,swin_tiny,raw,raw_compact_test,dense,compact,dense_masked,0,1,cached_input_model_only_diagnostic,heldout_val,55000,4ba79ef9f76ff06df88f37ba7586b1b5a3ac8b43008b3eed0ca6a744393e6687,3,3,18.0866285,0.15625719110732153,1.0027804214327032,0.010945842501707787,2
mnist,swin_tiny,raw,raw_compact_test,dense,compact,dense_masked,0,1,gpu_raw_to_logits,heldout_val,55000,4ba79ef9f76ff06df88f37ba7586b1b5a3ac8b43008b3eed0ca6a744393e6687,3,3,18.236543333333334,0.040093004206885836,1.0008755121726773,0.007041099281280217,1
mnist,swin_tiny,raw,raw_compact_test,dense,compact,dense_masked,0,1,host_raw_to_logits,heldout_val,55000,4ba79ef9f76ff06df88f37ba7586b1b5a3ac8b43008b3eed0ca6a744393e6687,3,3,18.3270135,0.1606454101235077,0.9961922049732802,0.012463948695225192,1
mnist,swin_tiny,raw,raw_compact_test,dense,compact,dense_masked,0,1,loader_to_cpu_prediction,heldout_val,55000,4ba79ef9f76ff06df88f37ba7586b1b5a3ac8b43008b3eed0ca6a744393e6687,3,3,18.57397033333333,0.17653549524481776,0.9935927279410272,0.011717341189918733,1
mnist,swin_tiny,raw,raw_compact_test,dense,compact,dense_masked,0,8,cached_input_model_only_diagnostic,heldout_val,55000,4ba79ef9f76ff06df88f37ba7586b1b5a3ac8b43008b3eed0ca6a744393e6687,3,3,18.465248000000003,0.11787572338272279,1.0035681142416577,0.009722619664189708,2
mnist,swin_tiny,raw,raw_compact_test,dense,compact,dense_masked,0,8,gpu_raw_to_logits,heldout_val,55000,4ba79ef9f76ff06df88f37ba7586b1b5a3ac8b43008b3eed0ca6a744393e6687,3,3,18.68480016666667,0.1625605838497866,0.9968738351800439,0.008851468765276824,1
mnist,swin_tiny,raw,raw_compact_test,dense,compact,dense_masked,0,8,host_raw_to_logits,heldout_val,55000,4ba79ef9f76ff06df88f37ba7586b1b5a3ac8b43008b3eed0ca6a744393e6687,3,3,18.757142166666664,0.14506081686859432,0.9940019137199247,0.009872834024380621,1
mnist,swin_tiny,raw,raw_compact_test,dense,compact,dense_masked,0,8,loader_to_cpu_prediction,heldout_val,55000,4ba79ef9f76ff06df88f37ba7586b1b5a3ac8b43008b3eed0ca6a744393e6687,3,3,18.930773,0.12157156307706014,0.9946775843686712,0.007825454110824429,1
mnist,swin_tiny,raw,raw_compact_test,dense,compact,dense_masked,10,1,cached_input_model_only_diagnostic,heldout_val,55000,4ba79ef9f76ff06df88f37ba7586b1b5a3ac8b43008b3eed0ca6a744393e6687,3,3,18.251373333333333,0.3716962526722362,0.9940015690344917,0.024436598720367762,1
mnist,swin_tiny,raw,raw_compact_test,dense,compact,dense_masked,10,1,gpu_raw_to_logits,heldout_val,55000,4ba79ef9f76ff06df88f37ba7586b1b5a3ac8b43008b3eed0ca6a744393e6687,3,3,18.505226333333333,0.2150946744583273,0.9864595229682025,0.016299070481639543,1
mnist,swin_tiny,raw,raw_compact_test,dense,compact,dense_masked,10,1,host_raw_to_logits,heldout_val,55000,4ba79ef9f76ff06df88f37ba7586b1b5a3ac8b43008b3eed0ca6a744393e6687,3,3,18.53277466666667,0.2374562357368918,0.9852182859548593,0.017967334700906622,1
mnist,swin_tiny,raw,raw_compact_test,dense,compact,dense_masked,10,1,loader_to_cpu_prediction,heldout_val,55000,4ba79ef9f76ff06df88f37ba7586b1b5a3ac8b43008b3eed0ca6a744393e6687,3,3,18.638072833333332,0.16305747093075346,0.9901832367547587,0.013176018754798277,1
mnist,swin_tiny,raw,raw_compact_test,dense,compact,dense_masked,10,8,cached_input_model_only_diagnostic,heldout_val,55000,4ba79ef9f76ff06df88f37ba7586b1b5a3ac8b43008b3eed0ca6a744393e6687,3,3,18.489565499999998,0.05350863347862811,1.0022064434464475,0.0009827280093917805,3
mnist,swin_tiny,raw,raw_compact_test,dense,compact,dense_masked,10,8,gpu_raw_to_logits,heldout_val,55000,4ba79ef9f76ff06df88f37ba7586b1b5a3ac8b43008b3eed0ca6a744393e6687,3,3,18.848916666666668,0.041399965490121746,0.9881453495373943,0.0012651872784571322,0
mnist,swin_tiny,raw,raw_compact_test,dense,compact,dense_masked,10,8,host_raw_to_logits,heldout_val,55000,4ba79ef9f76ff06df88f37ba7586b1b5a3ac8b43008b3eed0ca6a744393e6687,3,3,18.880500833333333,0.04439116970280605,0.9874581650772764,0.0017115588391487548,0
mnist,swin_tiny,raw,raw_compact_test,dense,compact,dense_masked,10,8,loader_to_cpu_prediction,heldout_val,55000,4ba79ef9f76ff06df88f37ba7586b1b5a3ac8b43008b3eed0ca6a744393e6687,3,3,19.099776666666667,0.07634959117823316,0.9858512822739735,0.0033190137948974283,0
mnist,swin_tiny,raw,raw_compact_test,dense,compact,dense_masked,20,1,cached_input_model_only_diagnostic,heldout_val,55000,4ba79ef9f76ff06df88f37ba7586b1b5a3ac8b43008b3eed0ca6a744393e6687,3,3,18.2677535,0.23180904110226241,0.9929174959290594,0.016447027714413656,1
mnist,swin_tiny,raw,raw_compact_test,dense,compact,dense_masked,20,1,gpu_raw_to_logits,heldout_val,55000,4ba79ef9f76ff06df88f37ba7586b1b5a3ac8b43008b3eed0ca6a744393e6687,3,3,18.621937666666668,0.25584239912558104,0.9803187697953039,0.018276935322221594,1
mnist,swin_tiny,raw,raw_compact_test,dense,compact,dense_masked,20,1,host_raw_to_logits,heldout_val,55000,4ba79ef9f76ff06df88f37ba7586b1b5a3ac8b43008b3eed0ca6a744393e6687,3,3,18.645395666666666,0.23960523125149796,0.9792620740714099,0.017401272006908976,0
mnist,swin_tiny,raw,raw_compact_test,dense,compact,dense_masked,20,1,loader_to_cpu_prediction,heldout_val,55000,4ba79ef9f76ff06df88f37ba7586b1b5a3ac8b43008b3eed0ca6a744393e6687,3,3,18.819010666666667,0.26166297456906845,0.9807548371658826,0.018137200853078662,1
mnist,swin_tiny,raw,raw_compact_test,dense,compact,dense_masked,20,8,cached_input_model_only_diagnostic,heldout_val,55000,4ba79ef9f76ff06df88f37ba7586b1b5a3ac8b43008b3eed0ca6a744393e6687,3,3,18.56835883333333,0.07624730508734737,0.9979651409427256,0.0051795669031861205,1
mnist,swin_tiny,raw,raw_compact_test,dense,compact,dense_masked,20,8,gpu_raw_to_logits,heldout_val,55000,4ba79ef9f76ff06df88f37ba7586b1b5a3ac8b43008b3eed0ca6a744393e6687,3,3,18.935522666666667,0.09816722215349413,0.9836396909240851,0.004594338333755242,0
mnist,swin_tiny,raw,raw_compact_test,dense,compact,dense_masked,20,8,host_raw_to_logits,heldout_val,55000,4ba79ef9f76ff06df88f37ba7586b1b5a3ac8b43008b3eed0ca6a744393e6687,3,3,18.956237666666667,0.08898246515653181,0.9835241019897061,0.004460829691626579,0
mnist,swin_tiny,raw,raw_compact_test,dense,compact,dense_masked,20,8,loader_to_cpu_prediction,heldout_val,55000,4ba79ef9f76ff06df88f37ba7586b1b5a3ac8b43008b3eed0ca6a744393e6687,3,3,19.155627833333334,0.09680449182545034,0.9829874995665954,0.0057414956516554285,0
mnist,swin_tiny,raw,raw_compact_test,dense,compact,dense_masked,30,1,cached_input_model_only_diagnostic,heldout_val,55000,4ba79ef9f76ff06df88f37ba7586b1b5a3ac8b43008b3eed0ca6a744393e6687,3,3,18.090551833333333,0.08373745132008432,1.0025163310939562,0.0057474416259507026,2
mnist,swin_tiny,raw,raw_compact_test,dense,compact,dense_masked,30,1,gpu_raw_to_logits,heldout_val,55000,4ba79ef9f76ff06df88f37ba7586b1b5a3ac8b43008b3eed0ca6a744393e6687,3,3,18.4793505,0.061833191076881074,0.987720514457922,0.005452361597437798,0
mnist,swin_tiny,raw,raw_compact_test,dense,compact,dense_masked,30,1,host_raw_to_logits,heldout_val,55000,4ba79ef9f76ff06df88f37ba7586b1b5a3ac8b43008b3eed0ca6a744393e6687,3,3,18.474080500000003,0.14933557197215278,0.9882252347721927,0.007413376994067836,0
mnist,swin_tiny,raw,raw_compact_test,dense,compact,dense_masked,30,1,loader_to_cpu_prediction,heldout_val,55000,4ba79ef9f76ff06df88f37ba7586b1b5a3ac8b43008b3eed0ca6a744393e6687,3,3,18.653381500000002,0.11053149446537887,0.989310459580623,0.005880959454652413,0
mnist,swin_tiny,raw,raw_compact_test,dense,compact,dense_masked,30,8,cached_input_model_only_diagnostic,heldout_val,55000,4ba79ef9f76ff06df88f37ba7586b1b5a3ac8b43008b3eed0ca6a744393e6687,3,3,18.500619166666667,0.16525151207048955,1.001662010231473,0.009612847851995924,2
mnist,swin_tiny,raw,raw_compact_test,dense,compact,dense_masked,30,8,gpu_raw_to_logits,heldout_val,55000,4ba79ef9f76ff06df88f37ba7586b1b5a3ac8b43008b3eed0ca6a744393e6687,3,3,18.88060116666667,0.15396475708448132,0.986526397342302,0.007605784634722749,0
mnist,swin_tiny,raw,raw_compact_test,dense,compact,dense_masked,30,8,host_raw_to_logits,heldout_val,55000,4ba79ef9f76ff06df88f37ba7586b1b5a3ac8b43008b3eed0ca6a744393e6687,3,3,18.90066283333333,0.14325959505939925,0.9864389429042101,0.007302779532587801,0
mnist,swin_tiny,raw,raw_compact_test,dense,compact,dense_masked,30,8,loader_to_cpu_prediction,heldout_val,55000,4ba79ef9f76ff06df88f37ba7586b1b5a3ac8b43008b3eed0ca6a744393e6687,3,3,19.117480333333333,0.1459996911352339,0.9849723860997417,0.008390507070917702,0
mnist,swin_tiny,raw,raw_dense_reference,dense,dense,dense,0,1,cached_input_model_only_diagnostic,heldout_val,55000,4ba79ef9f76ff06df88f37ba7586b1b5a3ac8b43008b3eed0ca6a744393e6687,3,3,18.135838500000002,0.07138186686232138,1.0,0.0,0
mnist,swin_tiny,raw,raw_dense_reference,dense,dense,dense,0,1,gpu_raw_to_logits,heldout_val,55000,4ba79ef9f76ff06df88f37ba7586b1b5a3ac8b43008b3eed0ca6a744393e6687,3,3,18.2523235,0.08875229090986902,1.0,0.0,0
mnist,swin_tiny,raw,raw_dense_reference,dense,dense,dense,0,1,host_raw_to_logits,heldout_val,55000,4ba79ef9f76ff06df88f37ba7586b1b5a3ac8b43008b3eed0ca6a744393e6687,3,3,18.25598533333333,0.0978419218182244,1.0,0.0,0
mnist,swin_tiny,raw,raw_dense_reference,dense,dense,dense,0,1,loader_to_cpu_prediction,heldout_val,55000,4ba79ef9f76ff06df88f37ba7586b1b5a3ac8b43008b3eed0ca6a744393e6687,3,3,18.45369333333333,0.08871423686806484,1.0,0.0,0
mnist,swin_tiny,raw,raw_dense_reference,dense,dense,dense,0,8,cached_input_model_only_diagnostic,heldout_val,55000,4ba79ef9f76ff06df88f37ba7586b1b5a3ac8b43008b3eed0ca6a744393e6687,3,3,18.53038916666667,0.06882701140600979,1.0,0.0,0
mnist,swin_tiny,raw,raw_dense_reference,dense,dense,dense,0,8,gpu_raw_to_logits,heldout_val,55000,4ba79ef9f76ff06df88f37ba7586b1b5a3ac8b43008b3eed0ca6a744393e6687,3,3,18.625436999999998,0.020880322489127884,1.0,0.0,0
mnist,swin_tiny,raw,raw_dense_reference,dense,dense,dense,0,8,host_raw_to_logits,heldout_val,55000,4ba79ef9f76ff06df88f37ba7586b1b5a3ac8b43008b3eed0ca6a744393e6687,3,3,18.643684833333335,0.04309593258746468,1.0,0.0,0
mnist,swin_tiny,raw,raw_dense_reference,dense,dense,dense,0,8,loader_to_cpu_prediction,heldout_val,55000,4ba79ef9f76ff06df88f37ba7586b1b5a3ac8b43008b3eed0ca6a744393e6687,3,3,18.82938216666667,0.028298421079335785,1.0,0.0,0
mnist,vit_small,grayscale,compact0_compact_test,compact,compact,compact,0,1,cached_input_model_only_diagnostic,heldout_val,55000,4ba79ef9f76ff06df88f37ba7586b1b5a3ac8b43008b3eed0ca6a744393e6687,3,3,10.486645,0.05384282961546507,0.9519098987726851,0.003949589972226191,0
mnist,vit_small,grayscale,compact0_compact_test,compact,compact,compact,0,1,gpu_raw_to_logits,heldout_val,55000,4ba79ef9f76ff06df88f37ba7586b1b5a3ac8b43008b3eed0ca6a744393e6687,3,3,10.841187333333334,0.04591992502806801,0.9322743847243355,0.0040477244293945286,0
mnist,vit_small,grayscale,compact0_compact_test,compact,compact,compact,0,1,host_raw_to_logits,heldout_val,55000,4ba79ef9f76ff06df88f37ba7586b1b5a3ac8b43008b3eed0ca6a744393e6687,3,3,10.859822666666668,0.05107127020236813,0.9339141260842556,0.0013479434107539926,0
mnist,vit_small,grayscale,compact0_compact_test,compact,compact,compact,0,1,loader_to_cpu_prediction,heldout_val,55000,4ba79ef9f76ff06df88f37ba7586b1b5a3ac8b43008b3eed0ca6a744393e6687,3,3,11.040683666666666,0.04001638915598605,0.9344825619637896,0.0013603552554987534,0
mnist,vit_small,grayscale,compact0_compact_test,compact,compact,compact,0,8,cached_input_model_only_diagnostic,heldout_val,55000,4ba79ef9f76ff06df88f37ba7586b1b5a3ac8b43008b3eed0ca6a744393e6687,3,3,11.004433333333333,0.08345134509001827,0.9526586434753461,0.014348708368110372,0
mnist,vit_small,grayscale,compact0_compact_test,compact,compact,compact,0,8,gpu_raw_to_logits,heldout_val,55000,4ba79ef9f76ff06df88f37ba7586b1b5a3ac8b43008b3eed0ca6a744393e6687,3,3,11.319731833333334,0.07593904882261311,0.9369639596260513,0.015772901108682794,0
mnist,vit_small,grayscale,compact0_compact_test,compact,compact,compact,0,8,host_raw_to_logits,heldout_val,55000,4ba79ef9f76ff06df88f37ba7586b1b5a3ac8b43008b3eed0ca6a744393e6687,3,3,11.324505,0.13413723851339707,0.9401421219518159,0.02240288074428867,0
mnist,vit_small,grayscale,compact0_compact_test,compact,compact,compact,0,8,loader_to_cpu_prediction,heldout_val,55000,4ba79ef9f76ff06df88f37ba7586b1b5a3ac8b43008b3eed0ca6a744393e6687,3,3,11.550664333333334,0.13570988493504582,0.9392828287154157,0.021042152620646667,0
mnist,vit_small,grayscale,compact0_compact_test,compact,compact,compact,10,1,cached_input_model_only_diagnostic,heldout_val,55000,4ba79ef9f76ff06df88f37ba7586b1b5a3ac8b43008b3eed0ca6a744393e6687,3,3,10.429684,0.029178661672530942,0.9571016176904379,0.0035301311503848276,0
mnist,vit_small,grayscale,compact0_compact_test,compact,compact,compact,10,1,gpu_raw_to_logits,heldout_val,55000,4ba79ef9f76ff06df88f37ba7586b1b5a3ac8b43008b3eed0ca6a744393e6687,3,3,10.923667333333333,0.06801303150377297,0.9252518735387245,0.0066850609367855,0
mnist,vit_small,grayscale,compact0_compact_test,compact,compact,compact,10,1,host_raw_to_logits,heldout_val,55000,4ba79ef9f76ff06df88f37ba7586b1b5a3ac8b43008b3eed0ca6a744393e6687,3,3,10.941607333333332,0.04091157142036096,0.9269438023689918,0.00613347175440482,0
mnist,vit_small,grayscale,compact0_compact_test,compact,compact,compact,10,1,loader_to_cpu_prediction,heldout_val,55000,4ba79ef9f76ff06df88f37ba7586b1b5a3ac8b43008b3eed0ca6a744393e6687,3,3,11.125293333333333,0.03237612376942787,0.9273808923208247,0.004513358760826763,0
mnist,vit_small,grayscale,compact0_compact_test,compact,compact,compact,10,8,cached_input_model_only_diagnostic,heldout_val,55000,4ba79ef9f76ff06df88f37ba7586b1b5a3ac8b43008b3eed0ca6a744393e6687,3,3,10.9451205,0.04106371603983252,0.9577426911705399,0.004623486107896784,0
mnist,vit_small,grayscale,compact0_compact_test,compact,compact,compact,10,8,gpu_raw_to_logits,heldout_val,55000,4ba79ef9f76ff06df88f37ba7586b1b5a3ac8b43008b3eed0ca6a744393e6687,3,3,11.4398405,0.05105821896864418,0.9270500137519798,0.00710683857330536,0
mnist,vit_small,grayscale,compact0_compact_test,compact,compact,compact,10,8,host_raw_to_logits,heldout_val,55000,4ba79ef9f76ff06df88f37ba7586b1b5a3ac8b43008b3eed0ca6a744393e6687,3,3,11.434992833333334,0.08328074493893124,0.930873555006225,0.006934403776352374,0
mnist,vit_small,grayscale,compact0_compact_test,compact,compact,compact,10,8,loader_to_cpu_prediction,heldout_val,55000,4ba79ef9f76ff06df88f37ba7586b1b5a3ac8b43008b3eed0ca6a744393e6687,3,3,11.652106166666666,0.03644509266119732,0.9309294210634743,0.0071668015195292594,0
mnist,vit_small,grayscale,compact0_compact_test,compact,compact,compact,20,1,cached_input_model_only_diagnostic,heldout_val,55000,4ba79ef9f76ff06df88f37ba7586b1b5a3ac8b43008b3eed0ca6a744393e6687,3,3,10.477530166666668,0.050741606686065165,0.952735394684842,0.0032907678328107405,0
mnist,vit_small,grayscale,compact0_compact_test,compact,compact,compact,20,1,gpu_raw_to_logits,heldout_val,55000,4ba79ef9f76ff06df88f37ba7586b1b5a3ac8b43008b3eed0ca6a744393e6687,3,3,11.0000425,0.02039856377909993,0.9188023640502486,0.002011755012478574,0
mnist,vit_small,grayscale,compact0_compact_test,compact,compact,compact,20,1,host_raw_to_logits,heldout_val,55000,4ba79ef9f76ff06df88f37ba7586b1b5a3ac8b43008b3eed0ca6a744393e6687,3,3,11.048304,0.032716582847998985,0.9179886562164346,0.005647790764980382,0
mnist,vit_small,grayscale,compact0_compact_test,compact,compact,compact,20,1,loader_to_cpu_prediction,heldout_val,55000,4ba79ef9f76ff06df88f37ba7586b1b5a3ac8b43008b3eed0ca6a744393e6687,3,3,11.179019666666667,0.05965148210718108,0.9229248915257643,0.0024150965227238406,0
mnist,vit_small,grayscale,compact0_compact_test,compact,compact,compact,20,8,cached_input_model_only_diagnostic,heldout_val,55000,4ba79ef9f76ff06df88f37ba7586b1b5a3ac8b43008b3eed0ca6a744393e6687,3,3,10.900752833333334,0.01854107584751528,0.9616467817263055,0.007006928753279434,0
mnist,vit_small,grayscale,compact0_compact_test,compact,compact,compact,20,8,gpu_raw_to_logits,heldout_val,55000,4ba79ef9f76ff06df88f37ba7586b1b5a3ac8b43008b3eed0ca6a744393e6687,3,3,11.390144833333334,0.011642407894560232,0.9311157014527441,0.011235189630417182,0
mnist,vit_small,grayscale,compact0_compact_test,compact,compact,compact,20,8,host_raw_to_logits,heldout_val,55000,4ba79ef9f76ff06df88f37ba7586b1b5a3ac8b43008b3eed0ca6a744393e6687,3,3,11.439441333333333,0.06576943463595622,0.9305632938223999,0.014519671235054935,0
mnist,vit_small,grayscale,compact0_compact_test,compact,compact,compact,20,8,loader_to_cpu_prediction,heldout_val,55000,4ba79ef9f76ff06df88f37ba7586b1b5a3ac8b43008b3eed0ca6a744393e6687,3,3,11.592736166666667,0.012640674589725516,0.9357067843095772,0.009329021299954374,0
mnist,vit_small,grayscale,compact0_compact_test,compact,compact,compact,30,1,cached_input_model_only_diagnostic,heldout_val,55000,4ba79ef9f76ff06df88f37ba7586b1b5a3ac8b43008b3eed0ca6a744393e6687,3,3,10.497869333333334,0.07804204897094344,0.9509145886140122,0.007314743342734021,0
mnist,vit_small,grayscale,compact0_compact_test,compact,compact,compact,30,1,gpu_raw_to_logits,heldout_val,55000,4ba79ef9f76ff06df88f37ba7586b1b5a3ac8b43008b3eed0ca6a744393e6687,3,3,10.974223,0.0691784064882244,0.9209839906601206,0.005325777404819131,0
mnist,vit_small,grayscale,compact0_compact_test,compact,compact,compact,30,1,host_raw_to_logits,heldout_val,55000,4ba79ef9f76ff06df88f37ba7586b1b5a3ac8b43008b3eed0ca6a744393e6687,3,3,11.001536333333334,0.08794472288081442,0.921905282096288,0.004984402681701608,0
mnist,vit_small,grayscale,compact0_compact_test,compact,compact,compact,30,1,loader_to_cpu_prediction,heldout_val,55000,4ba79ef9f76ff06df88f37ba7586b1b5a3ac8b43008b3eed0ca6a744393e6687,3,3,11.187025333333333,0.05992643986658381,0.922265156394525,0.002769966414544458,0
mnist,vit_small,grayscale,compact0_compact_test,compact,compact,compact,30,8,cached_input_model_only_diagnostic,heldout_val,55000,4ba79ef9f76ff06df88f37ba7586b1b5a3ac8b43008b3eed0ca6a744393e6687,3,3,11.002082666666666,0.058811057655710396,0.9528014570913711,0.007590402418485229,0
mnist,vit_small,grayscale,compact0_compact_test,compact,compact,compact,30,8,gpu_raw_to_logits,heldout_val,55000,4ba79ef9f76ff06df88f37ba7586b1b5a3ac8b43008b3eed0ca6a744393e6687,3,3,11.499663499999999,0.06810767028573168,0.9223017726838084,0.015606959810810467,0
mnist,vit_small,grayscale,compact0_compact_test,compact,compact,compact,30,8,host_raw_to_logits,heldout_val,55000,4ba79ef9f76ff06df88f37ba7586b1b5a3ac8b43008b3eed0ca6a744393e6687,3,3,11.510621833333333,0.055224309729351176,0.9248081647862285,0.014666321043039535,0
mnist,vit_small,grayscale,compact0_compact_test,compact,compact,compact,30,8,loader_to_cpu_prediction,heldout_val,55000,4ba79ef9f76ff06df88f37ba7586b1b5a3ac8b43008b3eed0ca6a744393e6687,3,3,11.7002875,0.06796807778472064,0.9271398388150541,0.01235013904477375,0
mnist,vit_small,grayscale,compact0_compact_test,compact,compact,dense_masked,0,1,cached_input_model_only_diagnostic,heldout_val,55000,4ba79ef9f76ff06df88f37ba7586b1b5a3ac8b43008b3eed0ca6a744393e6687,3,3,10.086636333333333,0.1841281357644266,0.9898761629687862,0.018904832231022226,1
mnist,vit_small,grayscale,compact0_compact_test,compact,compact,dense_masked,0,1,gpu_raw_to_logits,heldout_val,55000,4ba79ef9f76ff06df88f37ba7586b1b5a3ac8b43008b3eed0ca6a744393e6687,3,3,10.345550333333334,0.06071974657665637,0.9769517193626026,0.006518374623728905,0
mnist,vit_small,grayscale,compact0_compact_test,compact,compact,dense_masked,0,1,host_raw_to_logits,heldout_val,55000,4ba79ef9f76ff06df88f37ba7586b1b5a3ac8b43008b3eed0ca6a744393e6687,3,3,10.387023333333333,0.06145478939906474,0.976454500006856,0.008843499997189253,0
mnist,vit_small,grayscale,compact0_compact_test,compact,compact,dense_masked,0,1,loader_to_cpu_prediction,heldout_val,55000,4ba79ef9f76ff06df88f37ba7586b1b5a3ac8b43008b3eed0ca6a744393e6687,3,3,10.563447833333333,0.06347956041580123,0.9767300353225932,0.008133446715534015,0
mnist,vit_small,grayscale,compact0_compact_test,compact,compact,dense_masked,0,8,cached_input_model_only_diagnostic,heldout_val,55000,4ba79ef9f76ff06df88f37ba7586b1b5a3ac8b43008b3eed0ca6a744393e6687,3,3,10.488918833333333,0.16134629630420128,0.9995968096426577,0.019864881055228593,2
mnist,vit_small,grayscale,compact0_compact_test,compact,compact,dense_masked,0,8,gpu_raw_to_logits,heldout_val,55000,4ba79ef9f76ff06df88f37ba7586b1b5a3ac8b43008b3eed0ca6a744393e6687,3,3,10.819913333333334,0.15934943141280264,0.9803396616819875,0.01951619224146985,0
mnist,vit_small,grayscale,compact0_compact_test,compact,compact,dense_masked,0,8,host_raw_to_logits,heldout_val,55000,4ba79ef9f76ff06df88f37ba7586b1b5a3ac8b43008b3eed0ca6a744393e6687,3,3,10.8826445,0.16989758865563617,0.9783178394130418,0.021225291889077375,0
mnist,vit_small,grayscale,compact0_compact_test,compact,compact,dense_masked,0,8,loader_to_cpu_prediction,heldout_val,55000,4ba79ef9f76ff06df88f37ba7586b1b5a3ac8b43008b3eed0ca6a744393e6687,3,3,11.002320666666666,0.061005874383811644,0.9859536123050221,0.013001755234292176,0
mnist,vit_small,grayscale,compact0_compact_test,compact,compact,dense_masked,10,1,cached_input_model_only_diagnostic,heldout_val,55000,4ba79ef9f76ff06df88f37ba7586b1b5a3ac8b43008b3eed0ca6a744393e6687,3,3,10.038053999999999,0.045448576251077615,0.9944473793277478,0.003935200109937013,0
mnist,vit_small,grayscale,compact0_compact_test,compact,compact,dense_masked,10,1,gpu_raw_to_logits,heldout_val,55000,4ba79ef9f76ff06df88f37ba7586b1b5a3ac8b43008b3eed0ca6a744393e6687,3,3,10.505079,0.032795140234492065,0.9620971043864472,0.003142609129346246,0
mnist,vit_small,grayscale,compact0_compact_test,compact,compact,dense_masked,10,1,host_raw_to_logits,heldout_val,55000,4ba79ef9f76ff06df88f37ba7586b1b5a3ac8b43008b3eed0ca6a744393e6687,3,3,10.533141833333334,0.035780081837990495,0.962875006001659,0.0001447353943357993,0
mnist,vit_small,grayscale,compact0_compact_test,compact,compact,dense_masked,10,1,loader_to_cpu_prediction,heldout_val,55000,4ba79ef9f76ff06df88f37ba7586b1b5a3ac8b43008b3eed0ca6a744393e6687,3,3,10.718822166666666,0.025046430905088058,0.9625398414567345,0.0004442854393630128,0
mnist,vit_small,grayscale,compact0_compact_test,compact,compact,dense_masked,10,8,cached_input_model_only_diagnostic,heldout_val,55000,4ba79ef9f76ff06df88f37ba7586b1b5a3ac8b43008b3eed0ca6a744393e6687,3,3,10.592449,0.14227421009357283,0.9898205485037678,0.020666815164403277,1
mnist,vit_small,grayscale,compact0_compact_test,compact,compact,dense_masked,10,8,gpu_raw_to_logits,heldout_val,55000,4ba79ef9f76ff06df88f37ba7586b1b5a3ac8b43008b3eed0ca6a744393e6687,3,3,11.087391,0.15484238548601634,0.9567589125033548,0.024185051927003882,0
mnist,vit_small,grayscale,compact0_compact_test,compact,compact,dense_masked,10,8,host_raw_to_logits,heldout_val,55000,4ba79ef9f76ff06df88f37ba7586b1b5a3ac8b43008b3eed0ca6a744393e6687,3,3,11.112575833333334,0.1524273042374081,0.9581156309867974,0.024579469275010403,0
mnist,vit_small,grayscale,compact0_compact_test,compact,compact,dense_masked,10,8,loader_to_cpu_prediction,heldout_val,55000,4ba79ef9f76ff06df88f37ba7586b1b5a3ac8b43008b3eed0ca6a744393e6687,3,3,11.304623000000001,0.14699638246909358,0.9597591007202481,0.02301143078515812,0
mnist,vit_small,grayscale,compact0_compact_test,compact,compact,dense_masked,20,1,cached_input_model_only_diagnostic,heldout_val,55000,4ba79ef9f76ff06df88f37ba7586b1b5a3ac8b43008b3eed0ca6a744393e6687,3,3,9.969686999999999,0.02125961996367768,1.0012614595151175,0.003966785544944125,1
mnist,vit_small,grayscale,compact0_compact_test,compact,compact,dense_masked,20,1,gpu_raw_to_logits,heldout_val,55000,4ba79ef9f76ff06df88f37ba7586b1b5a3ac8b43008b3eed0ca6a744393e6687,3,3,10.4775775,0.008494306549095797,0.9646172252477913,0.001835882354763068,0
mnist,vit_small,grayscale,compact0_compact_test,compact,compact,dense_masked,20,1,host_raw_to_logits,heldout_val,55000,4ba79ef9f76ff06df88f37ba7586b1b5a3ac8b43008b3eed0ca6a744393e6687,3,3,10.507707166666666,0.025941740026129957,0.9652074086665772,0.003166339239476293,0
mnist,vit_small,grayscale,compact0_compact_test,compact,compact,dense_masked,20,1,loader_to_cpu_prediction,heldout_val,55000,4ba79ef9f76ff06df88f37ba7586b1b5a3ac8b43008b3eed0ca6a744393e6687,3,3,10.680189166666667,0.04531075433694802,0.9660294046162893,0.0033405353520062956,0
mnist,vit_small,grayscale,compact0_compact_test,compact,compact,dense_masked,20,8,cached_input_model_only_diagnostic,heldout_val,55000,4ba79ef9f76ff06df88f37ba7586b1b5a3ac8b43008b3eed0ca6a744393e6687,3,3,10.438385166666666,0.03044141034156159,1.0042475741802042,0.007873698807298634,2
mnist,vit_small,grayscale,compact0_compact_test,compact,compact,dense_masked,20,8,gpu_raw_to_logits,heldout_val,55000,4ba79ef9f76ff06df88f37ba7586b1b5a3ac8b43008b3eed0ca6a744393e6687,3,3,10.9469345,0.04126257692207312,0.968789237540628,0.0072209298164427,0
mnist,vit_small,grayscale,compact0_compact_test,compact,compact,dense_masked,20,8,host_raw_to_logits,heldout_val,55000,4ba79ef9f76ff06df88f37ba7586b1b5a3ac8b43008b3eed0ca6a744393e6687,3,3,11.001049,0.11534043694103972,0.9675933841752451,0.0013353778987156926,0
mnist,vit_small,grayscale,compact0_compact_test,compact,compact,dense_masked,20,8,loader_to_cpu_prediction,heldout_val,55000,4ba79ef9f76ff06df88f37ba7586b1b5a3ac8b43008b3eed0ca6a744393e6687,3,3,11.204699333333332,0.07735703364486878,0.9681004448521257,0.004042786679908942,0
mnist,vit_small,grayscale,compact0_compact_test,compact,compact,dense_masked,30,1,cached_input_model_only_diagnostic,heldout_val,55000,4ba79ef9f76ff06df88f37ba7586b1b5a3ac8b43008b3eed0ca6a744393e6687,3,3,10.0445805,0.16841660715395515,0.9939550102581581,0.014731122439291257,1
mnist,vit_small,grayscale,compact0_compact_test,compact,compact,dense_masked,30,1,gpu_raw_to_logits,heldout_val,55000,4ba79ef9f76ff06df88f37ba7586b1b5a3ac8b43008b3eed0ca6a744393e6687,3,3,10.562797999999999,0.15402051597189934,0.9569750705750493,0.014560261747338892,0
mnist,vit_small,grayscale,compact0_compact_test,compact,compact,dense_masked,30,1,host_raw_to_logits,heldout_val,55000,4ba79ef9f76ff06df88f37ba7586b1b5a3ac8b43008b3eed0ca6a744393e6687,3,3,10.564162333333334,0.14666600349973255,0.9601470583468725,0.010904259652577549,0
mnist,vit_small,grayscale,compact0_compact_test,compact,compact,dense_masked,30,1,loader_to_cpu_prediction,heldout_val,55000,4ba79ef9f76ff06df88f37ba7586b1b5a3ac8b43008b3eed0ca6a744393e6687,3,3,10.755535166666666,0.14486095240292812,0.9593485791961996,0.010451065516964494,0
mnist,vit_small,grayscale,compact0_compact_test,compact,compact,dense_masked,30,8,cached_input_model_only_diagnostic,heldout_val,55000,4ba79ef9f76ff06df88f37ba7586b1b5a3ac8b43008b3eed0ca6a744393e6687,3,3,10.402818666666667,0.032361244696911116,1.0076947730114134,0.010156480078101748,3
mnist,vit_small,grayscale,compact0_compact_test,compact,compact,dense_masked,30,8,gpu_raw_to_logits,heldout_val,55000,4ba79ef9f76ff06df88f37ba7586b1b5a3ac8b43008b3eed0ca6a744393e6687,3,3,10.900019166666667,0.01501985203267169,0.9729883252198077,0.012251293091925197,0
mnist,vit_small,grayscale,compact0_compact_test,compact,compact,dense_masked,30,8,host_raw_to_logits,heldout_val,55000,4ba79ef9f76ff06df88f37ba7586b1b5a3ac8b43008b3eed0ca6a744393e6687,3,3,10.909142666666666,0.030508960324523507,0.9757802283518098,0.014233293474884985,0
mnist,vit_small,grayscale,compact0_compact_test,compact,compact,dense_masked,30,8,loader_to_cpu_prediction,heldout_val,55000,4ba79ef9f76ff06df88f37ba7586b1b5a3ac8b43008b3eed0ca6a744393e6687,3,3,11.129903833333334,0.04184300077770829,0.9746585831028727,0.014222355464755329,0
mnist,vit_small,grayscale,dense0_compact_test,dense,compact,compact,0,1,cached_input_model_only_diagnostic,heldout_val,55000,4ba79ef9f76ff06df88f37ba7586b1b5a3ac8b43008b3eed0ca6a744393e6687,3,3,10.437670166666667,0.056449550043232204,0.9563843742277381,0.006002111964862176,0
mnist,vit_small,grayscale,dense0_compact_test,dense,compact,compact,0,1,gpu_raw_to_logits,heldout_val,55000,4ba79ef9f76ff06df88f37ba7586b1b5a3ac8b43008b3eed0ca6a744393e6687,3,3,10.769001333333334,0.04496639795817879,0.9385225269906082,0.00376913221485361,0
mnist,vit_small,grayscale,dense0_compact_test,dense,compact,compact,0,1,host_raw_to_logits,heldout_val,55000,4ba79ef9f76ff06df88f37ba7586b1b5a3ac8b43008b3eed0ca6a744393e6687,3,3,10.8191845,0.024481875576639025,0.9374218112666214,0.0040226541175981375,0
mnist,vit_small,grayscale,dense0_compact_test,dense,compact,compact,0,1,loader_to_cpu_prediction,heldout_val,55000,4ba79ef9f76ff06df88f37ba7586b1b5a3ac8b43008b3eed0ca6a744393e6687,3,3,11.002513833333333,0.027230424098484717,0.9377293896817332,0.004676519979097257,0
mnist,vit_small,grayscale,dense0_compact_test,dense,compact,compact,0,8,cached_input_model_only_diagnostic,heldout_val,55000,4ba79ef9f76ff06df88f37ba7586b1b5a3ac8b43008b3eed0ca6a744393e6687,3,3,10.961453833333334,0.08735186692385803,0.9563309055206116,0.004478011888280252,0
mnist,vit_small,grayscale,dense0_compact_test,dense,compact,compact,0,8,gpu_raw_to_logits,heldout_val,55000,4ba79ef9f76ff06df88f37ba7586b1b5a3ac8b43008b3eed0ca6a744393e6687,3,3,11.3833015,0.14743979948016048,0.9317513757050778,0.0138883056119157,0
mnist,vit_small,grayscale,dense0_compact_test,dense,compact,compact,0,8,host_raw_to_logits,heldout_val,55000,4ba79ef9f76ff06df88f37ba7586b1b5a3ac8b43008b3eed0ca6a744393e6687,3,3,11.403798333333333,0.14493939663643327,0.9335303178578175,0.016189931237551202,0
mnist,vit_small,grayscale,dense0_compact_test,dense,compact,compact,0,8,loader_to_cpu_prediction,heldout_val,55000,4ba79ef9f76ff06df88f37ba7586b1b5a3ac8b43008b3eed0ca6a744393e6687,3,3,11.6234155,0.13713852849308994,0.9333276661042108,0.014796705145868002,0
mnist,vit_small,grayscale,dense0_compact_test,dense,compact,compact,10,1,cached_input_model_only_diagnostic,heldout_val,55000,4ba79ef9f76ff06df88f37ba7586b1b5a3ac8b43008b3eed0ca6a744393e6687,3,3,10.468402666666668,0.0737141786451784,0.9535830424770099,0.005958792458231455,0
mnist,vit_small,grayscale,dense0_compact_test,dense,compact,compact,10,1,gpu_raw_to_logits,heldout_val,55000,4ba79ef9f76ff06df88f37ba7586b1b5a3ac8b43008b3eed0ca6a744393e6687,3,3,10.9646725,0.09693272798827987,0.9218114554366151,0.008101961089826342,0
mnist,vit_small,grayscale,dense0_compact_test,dense,compact,compact,10,1,host_raw_to_logits,heldout_val,55000,4ba79ef9f76ff06df88f37ba7586b1b5a3ac8b43008b3eed0ca6a744393e6687,3,3,10.9789725,0.09221988061285828,0.9238013577731903,0.004786918717453933,0
mnist,vit_small,grayscale,dense0_compact_test,dense,compact,compact,10,1,loader_to_cpu_prediction,heldout_val,55000,4ba79ef9f76ff06df88f37ba7586b1b5a3ac8b43008b3eed0ca6a744393e6687,3,3,11.1560685,0.09252851889687791,0.9248436799916977,0.005194541286123358,0
mnist,vit_small,grayscale,dense0_compact_test,dense,compact,compact,10,8,cached_input_model_only_diagnostic,heldout_val,55000,4ba79ef9f76ff06df88f37ba7586b1b5a3ac8b43008b3eed0ca6a744393e6687,3,3,10.939395666666668,0.040118741662512475,0.9582645828844624,0.009027685101762786,0
mnist,vit_small,grayscale,dense0_compact_test,dense,compact,compact,10,8,gpu_raw_to_logits,heldout_val,55000,4ba79ef9f76ff06df88f37ba7586b1b5a3ac8b43008b3eed0ca6a744393e6687,3,3,11.4659435,0.09604123925298876,0.9250130024483576,0.014571200053806299,0
mnist,vit_small,grayscale,dense0_compact_test,dense,compact,compact,10,8,host_raw_to_logits,heldout_val,55000,4ba79ef9f76ff06df88f37ba7586b1b5a3ac8b43008b3eed0ca6a744393e6687,3,3,11.488420166666668,0.10235729189013974,0.9266366181167071,0.016802145538653442,0
mnist,vit_small,grayscale,dense0_compact_test,dense,compact,compact,10,8,loader_to_cpu_prediction,heldout_val,55000,4ba79ef9f76ff06df88f37ba7586b1b5a3ac8b43008b3eed0ca6a744393e6687,3,3,11.700700000000001,0.1039993140602375,0.9271569363999002,0.015899553079040243,0
mnist,vit_small,grayscale,dense0_compact_test,dense,compact,compact,20,1,cached_input_model_only_diagnostic,heldout_val,55000,4ba79ef9f76ff06df88f37ba7586b1b5a3ac8b43008b3eed0ca6a744393e6687,3,3,10.473590666666666,0.005163465075250509,0.953083350562983,0.0014798065793315412,0
mnist,vit_small,grayscale,dense0_compact_test,dense,compact,compact,20,1,gpu_raw_to_logits,heldout_val,55000,4ba79ef9f76ff06df88f37ba7586b1b5a3ac8b43008b3eed0ca6a744393e6687,3,3,10.952150000000001,0.04815574334386248,0.9228269415174388,0.0030434517617122844,0
mnist,vit_small,grayscale,dense0_compact_test,dense,compact,compact,20,1,host_raw_to_logits,heldout_val,55000,4ba79ef9f76ff06df88f37ba7586b1b5a3ac8b43008b3eed0ca6a744393e6687,3,3,10.973816166666667,0.035442724092305686,0.9242133089608847,0.0036188613851877004,0
mnist,vit_small,grayscale,dense0_compact_test,dense,compact,compact,20,1,loader_to_cpu_prediction,heldout_val,55000,4ba79ef9f76ff06df88f37ba7586b1b5a3ac8b43008b3eed0ca6a744393e6687,3,3,11.158569666666667,0.03688241535723109,0.9246148607820941,0.00411086160587964,0
mnist,vit_small,grayscale,dense0_compact_test,dense,compact,compact,20,8,cached_input_model_only_diagnostic,heldout_val,55000,4ba79ef9f76ff06df88f37ba7586b1b5a3ac8b43008b3eed0ca6a744393e6687,3,3,11.0002145,0.052704422017986384,0.9529533073444708,0.005853181137813991,0
mnist,vit_small,grayscale,dense0_compact_test,dense,compact,compact,20,8,gpu_raw_to_logits,heldout_val,55000,4ba79ef9f76ff06df88f37ba7586b1b5a3ac8b43008b3eed0ca6a744393e6687,3,3,11.499102833333334,0.026857067255814483,0.9222798403787669,0.009118348321252752,0
mnist,vit_small,grayscale,dense0_compact_test,dense,compact,compact,20,8,host_raw_to_logits,heldout_val,55000,4ba79ef9f76ff06df88f37ba7586b1b5a3ac8b43008b3eed0ca6a744393e6687,3,3,11.522246166666667,0.019993346607892853,0.9238299299848218,0.010284912589362096,0
mnist,vit_small,grayscale,dense0_compact_test,dense,compact,compact,20,8,loader_to_cpu_prediction,heldout_val,55000,4ba79ef9f76ff06df88f37ba7586b1b5a3ac8b43008b3eed0ca6a744393e6687,3,3,11.728225,0.018883593196211076,0.9249013279357011,0.009769042612946375,0
mnist,vit_small,grayscale,dense0_compact_test,dense,compact,compact,30,1,cached_input_model_only_diagnostic,heldout_val,55000,4ba79ef9f76ff06df88f37ba7586b1b5a3ac8b43008b3eed0ca6a744393e6687,2,3,,,,,
mnist,vit_small,grayscale,dense0_compact_test,dense,compact,compact,30,1,gpu_raw_to_logits,heldout_val,55000,4ba79ef9f76ff06df88f37ba7586b1b5a3ac8b43008b3eed0ca6a744393e6687,2,3,,,,,
mnist,vit_small,grayscale,dense0_compact_test,dense,compact,compact,30,1,host_raw_to_logits,heldout_val,55000,4ba79ef9f76ff06df88f37ba7586b1b5a3ac8b43008b3eed0ca6a744393e6687,2,3,,,,,
mnist,vit_small,grayscale,dense0_compact_test,dense,compact,compact,30,1,loader_to_cpu_prediction,heldout_val,55000,4ba79ef9f76ff06df88f37ba7586b1b5a3ac8b43008b3eed0ca6a744393e6687,2,3,,,,,
mnist,vit_small,grayscale,dense0_compact_test,dense,compact,compact,30,8,cached_input_model_only_diagnostic,heldout_val,55000,4ba79ef9f76ff06df88f37ba7586b1b5a3ac8b43008b3eed0ca6a744393e6687,2,3,,,,,
mnist,vit_small,grayscale,dense0_compact_test,dense,compact,compact,30,8,gpu_raw_to_logits,heldout_val,55000,4ba79ef9f76ff06df88f37ba7586b1b5a3ac8b43008b3eed0ca6a744393e6687,2,3,,,,,
mnist,vit_small,grayscale,dense0_compact_test,dense,compact,compact,30,8,host_raw_to_logits,heldout_val,55000,4ba79ef9f76ff06df88f37ba7586b1b5a3ac8b43008b3eed0ca6a744393e6687,2,3,,,,,
mnist,vit_small,grayscale,dense0_compact_test,dense,compact,compact,30,8,loader_to_cpu_prediction,heldout_val,55000,4ba79ef9f76ff06df88f37ba7586b1b5a3ac8b43008b3eed0ca6a744393e6687,2,3,,,,,
mnist,vit_small,grayscale,dense0_compact_test,dense,compact,dense_masked,0,1,cached_input_model_only_diagnostic,heldout_val,55000,4ba79ef9f76ff06df88f37ba7586b1b5a3ac8b43008b3eed0ca6a744393e6687,3,3,10.001268333333332,0.02875657872702037,0.9981029117433341,0.0046274613100389375,1
mnist,vit_small,grayscale,dense0_compact_test,dense,compact,dense_masked,0,1,gpu_raw_to_logits,heldout_val,55000,4ba79ef9f76ff06df88f37ba7586b1b5a3ac8b43008b3eed0ca6a744393e6687,3,3,10.308784333333334,0.00684297965679651,0.9804111568233923,0.0015454800870661227,0
mnist,vit_small,grayscale,dense0_compact_test,dense,compact,dense_masked,0,1,host_raw_to_logits,heldout_val,55000,4ba79ef9f76ff06df88f37ba7586b1b5a3ac8b43008b3eed0ca6a744393e6687,3,3,10.362947333333333,0.0362905324476414,0.9787015376372087,0.006089046676624742,0
mnist,vit_small,grayscale,dense0_compact_test,dense,compact,dense_masked,0,1,loader_to_cpu_prediction,heldout_val,55000,4ba79ef9f76ff06df88f37ba7586b1b5a3ac8b43008b3eed0ca6a744393e6687,3,3,10.546089333333333,0.03376349622866904,0.9783159253044172,0.005221443896193315,0
mnist,vit_small,grayscale,dense0_compact_test,dense,compact,dense_masked,0,8,cached_input_model_only_diagnostic,heldout_val,55000,4ba79ef9f76ff06df88f37ba7586b1b5a3ac8b43008b3eed0ca6a744393e6687,3,3,10.682257833333333,0.3251594383592192,0.9817682714984225,0.02229980479114479,0
mnist,vit_small,grayscale,dense0_compact_test,dense,compact,dense_masked,0,8,gpu_raw_to_logits,heldout_val,55000,4ba79ef9f76ff06df88f37ba7586b1b5a3ac8b43008b3eed0ca6a744393e6687,3,3,11.037242333333333,0.3363904344839996,0.9612714117384046,0.01982068069002873,0
mnist,vit_small,grayscale,dense0_compact_test,dense,compact,dense_masked,0,8,host_raw_to_logits,heldout_val,55000,4ba79ef9f76ff06df88f37ba7586b1b5a3ac8b43008b3eed0ca6a744393e6687,3,3,11.073858666666666,0.34996057275260756,0.9616388641858816,0.019044055885483045,0
mnist,vit_small,grayscale,dense0_compact_test,dense,compact,dense_masked,0,8,loader_to_cpu_prediction,heldout_val,55000,4ba79ef9f76ff06df88f37ba7586b1b5a3ac8b43008b3eed0ca6a744393e6687,3,3,11.272853,0.33824162385453144,0.9626343623167456,0.018701701777266565,0
mnist,vit_small,grayscale,dense0_compact_test,dense,compact,dense_masked,10,1,cached_input_model_only_diagnostic,heldout_val,55000,4ba79ef9f76ff06df88f37ba7586b1b5a3ac8b43008b3eed0ca6a744393e6687,3,3,10.000952999999999,0.015296147562377028,0.9981287650042963,0.0032401598106412033,1
mnist,vit_small,grayscale,dense0_compact_test,dense,compact,dense_masked,10,1,gpu_raw_to_logits,heldout_val,55000,4ba79ef9f76ff06df88f37ba7586b1b5a3ac8b43008b3eed0ca6a744393e6687,3,3,10.480082833333332,0.0046775411364660055,0.9643860273957793,0.0014353972541980046,0
mnist,vit_small,grayscale,dense0_compact_test,dense,compact,dense_masked,10,1,host_raw_to_logits,heldout_val,55000,4ba79ef9f76ff06df88f37ba7586b1b5a3ac8b43008b3eed0ca6a744393e6687,3,3,10.521867833333333,0.02016757654214696,0.9639050173006187,0.0015632262798579621,0
mnist,vit_small,grayscale,dense0_compact_test,dense,compact,dense_masked,10,1,loader_to_cpu_prediction,heldout_val,55000,4ba79ef9f76ff06df88f37ba7586b1b5a3ac8b43008b3eed0ca6a744393e6687,3,3,10.688504833333333,0.01836185204665673,0.9652703047365423,0.001826503075867242,0
mnist,vit_small,grayscale,dense0_compact_test,dense,compact,dense_masked,10,8,cached_input_model_only_diagnostic,heldout_val,55000,4ba79ef9f76ff06df88f37ba7586b1b5a3ac8b43008b3eed0ca6a744393e6687,3,3,10.387536833333332,0.00916483780998524,1.0091627697440737,0.00827323876045401,3
mnist,vit_small,grayscale,dense0_compact_test,dense,compact,dense_masked,10,8,gpu_raw_to_logits,heldout_val,55000,4ba79ef9f76ff06df88f37ba7586b1b5a3ac8b43008b3eed0ca6a744393e6687,3,3,10.901029333333334,0.02602236053057715,0.9729004414219616,0.012381704070824,0
mnist,vit_small,grayscale,dense0_compact_test,dense,compact,dense_masked,10,8,host_raw_to_logits,heldout_val,55000,4ba79ef9f76ff06df88f37ba7586b1b5a3ac8b43008b3eed0ca6a744393e6687,3,3,10.915080666666668,0.015662600058206674,0.9752343841953481,0.012794943652394928,0
mnist,vit_small,grayscale,dense0_compact_test,dense,compact,dense_masked,10,8,loader_to_cpu_prediction,heldout_val,55000,4ba79ef9f76ff06df88f37ba7586b1b5a3ac8b43008b3eed0ca6a744393e6687,3,3,11.121755333333333,0.016926559081316867,0.9753457086746011,0.011592712506486967,0
mnist,vit_small,grayscale,dense0_compact_test,dense,compact,dense_masked,20,1,cached_input_model_only_diagnostic,heldout_val,55000,4ba79ef9f76ff06df88f37ba7586b1b5a3ac8b43008b3eed0ca6a744393e6687,3,3,9.947805,0.033082112885969746,1.0034617480042314,0.0016455500035514215,3
mnist,vit_small,grayscale,dense0_compact_test,dense,compact,dense_masked,20,1,gpu_raw_to_logits,heldout_val,55000,4ba79ef9f76ff06df88f37ba7586b1b5a3ac8b43008b3eed0ca6a744393e6687,3,3,10.460101,0.07786769315319463,0.96626860435775,0.008205844043382971,0
mnist,vit_small,grayscale,dense0_compact_test,dense,compact,dense_masked,20,1,host_raw_to_logits,heldout_val,55000,4ba79ef9f76ff06df88f37ba7586b1b5a3ac8b43008b3eed0ca6a744393e6687,3,3,10.474797333333333,0.05533204800188916,0.9682545247137287,0.00567208908603195,0
mnist,vit_small,grayscale,dense0_compact_test,dense,compact,dense_masked,20,1,loader_to_cpu_prediction,heldout_val,55000,4ba79ef9f76ff06df88f37ba7586b1b5a3ac8b43008b3eed0ca6a744393e6687,3,3,10.644531166666665,0.04882961030290245,0.9692697135043166,0.0045458652562449875,0
mnist,vit_small,grayscale,dense0_compact_test,dense,compact,dense_masked,20,8,cached_input_model_only_diagnostic,heldout_val,55000,4ba79ef9f76ff06df88f37ba7586b1b5a3ac8b43008b3eed0ca6a744393e6687,3,3,10.483339500000001,0.035500182777698217,0.9999598870308044,0.01072515352517667,1
mnist,vit_small,grayscale,dense0_compact_test,dense,compact,dense_masked,20,8,gpu_raw_to_logits,heldout_val,55000,4ba79ef9f76ff06df88f37ba7586b1b5a3ac8b43008b3eed0ca6a744393e6687,3,3,11.0008115,0.042680606137330664,0.9640983660146931,0.014401000136225955,0
mnist,vit_small,grayscale,dense0_compact_test,dense,compact,dense_masked,20,8,host_raw_to_logits,heldout_val,55000,4ba79ef9f76ff06df88f37ba7586b1b5a3ac8b43008b3eed0ca6a744393e6687,3,3,11.007839,0.041255404482321345,0.9670429248970985,0.015062300959391373,0
mnist,vit_small,grayscale,dense0_compact_test,dense,compact,dense_masked,20,8,loader_to_cpu_prediction,heldout_val,55000,4ba79ef9f76ff06df88f37ba7586b1b5a3ac8b43008b3eed0ca6a744393e6687,3,3,11.2171425,0.0456766992650532,0.9670822209479325,0.014421746186198136,0
mnist,vit_small,grayscale,dense0_compact_test,dense,compact,dense_masked,30,1,cached_input_model_only_diagnostic,heldout_val,55000,4ba79ef9f76ff06df88f37ba7586b1b5a3ac8b43008b3eed0ca6a744393e6687,2,3,,,,,
mnist,vit_small,grayscale,dense0_compact_test,dense,compact,dense_masked,30,1,gpu_raw_to_logits,heldout_val,55000,4ba79ef9f76ff06df88f37ba7586b1b5a3ac8b43008b3eed0ca6a744393e6687,2,3,,,,,
mnist,vit_small,grayscale,dense0_compact_test,dense,compact,dense_masked,30,1,host_raw_to_logits,heldout_val,55000,4ba79ef9f76ff06df88f37ba7586b1b5a3ac8b43008b3eed0ca6a744393e6687,2,3,,,,,
mnist,vit_small,grayscale,dense0_compact_test,dense,compact,dense_masked,30,1,loader_to_cpu_prediction,heldout_val,55000,4ba79ef9f76ff06df88f37ba7586b1b5a3ac8b43008b3eed0ca6a744393e6687,2,3,,,,,
mnist,vit_small,grayscale,dense0_compact_test,dense,compact,dense_masked,30,8,cached_input_model_only_diagnostic,heldout_val,55000,4ba79ef9f76ff06df88f37ba7586b1b5a3ac8b43008b3eed0ca6a744393e6687,1,3,,,,,
mnist,vit_small,grayscale,dense0_compact_test,dense,compact,dense_masked,30,8,gpu_raw_to_logits,heldout_val,55000,4ba79ef9f76ff06df88f37ba7586b1b5a3ac8b43008b3eed0ca6a744393e6687,1,3,,,,,
mnist,vit_small,grayscale,dense0_compact_test,dense,compact,dense_masked,30,8,host_raw_to_logits,heldout_val,55000,4ba79ef9f76ff06df88f37ba7586b1b5a3ac8b43008b3eed0ca6a744393e6687,1,3,,,,,
mnist,vit_small,grayscale,dense0_compact_test,dense,compact,dense_masked,30,8,loader_to_cpu_prediction,heldout_val,55000,4ba79ef9f76ff06df88f37ba7586b1b5a3ac8b43008b3eed0ca6a744393e6687,1,3,,,,,
mnist,vit_small,raw,raw_compact_test,dense,compact,compact,0,1,cached_input_model_only_diagnostic,heldout_val,55000,4ba79ef9f76ff06df88f37ba7586b1b5a3ac8b43008b3eed0ca6a744393e6687,3,3,10.457197833333334,0.07750987592289986,0.9546069214374682,0.006072451516528834,0
mnist,vit_small,raw,raw_compact_test,dense,compact,compact,0,1,gpu_raw_to_logits,heldout_val,55000,4ba79ef9f76ff06df88f37ba7586b1b5a3ac8b43008b3eed0ca6a744393e6687,3,3,10.706756333333333,0.08145791643746664,0.9440078915123449,0.0077987154673212385,0
mnist,vit_small,raw,raw_compact_test,dense,compact,compact,0,1,host_raw_to_logits,heldout_val,55000,4ba79ef9f76ff06df88f37ba7586b1b5a3ac8b43008b3eed0ca6a744393e6687,3,3,10.691122499999999,0.06018790072971523,0.9486549250116169,0.0022391775691839944,0
mnist,vit_small,raw,raw_compact_test,dense,compact,compact,0,1,loader_to_cpu_prediction,heldout_val,55000,4ba79ef9f76ff06df88f37ba7586b1b5a3ac8b43008b3eed0ca6a744393e6687,3,3,10.975022666666666,0.08819008833385651,0.9400979385553481,0.005064498998207411,0
mnist,vit_small,raw,raw_compact_test,dense,compact,compact,0,8,cached_input_model_only_diagnostic,heldout_val,55000,4ba79ef9f76ff06df88f37ba7586b1b5a3ac8b43008b3eed0ca6a744393e6687,2,3,,,,,
mnist,vit_small,raw,raw_compact_test,dense,compact,compact,0,8,gpu_raw_to_logits,heldout_val,55000,4ba79ef9f76ff06df88f37ba7586b1b5a3ac8b43008b3eed0ca6a744393e6687,2,3,,,,,
mnist,vit_small,raw,raw_compact_test,dense,compact,compact,0,8,host_raw_to_logits,heldout_val,55000,4ba79ef9f76ff06df88f37ba7586b1b5a3ac8b43008b3eed0ca6a744393e6687,2,3,,,,,
mnist,vit_small,raw,raw_compact_test,dense,compact,compact,0,8,loader_to_cpu_prediction,heldout_val,55000,4ba79ef9f76ff06df88f37ba7586b1b5a3ac8b43008b3eed0ca6a744393e6687,2,3,,,,,
mnist,vit_small,raw,raw_compact_test,dense,compact,compact,10,1,cached_input_model_only_diagnostic,heldout_val,55000,4ba79ef9f76ff06df88f37ba7586b1b5a3ac8b43008b3eed0ca6a744393e6687,3,3,10.407860333333334,0.036625602334069474,0.959111729343327,0.004195166408046459,0
mnist,vit_small,raw,raw_compact_test,dense,compact,compact,10,1,gpu_raw_to_logits,heldout_val,55000,4ba79ef9f76ff06df88f37ba7586b1b5a3ac8b43008b3eed0ca6a744393e6687,3,3,10.713622833333334,0.0036650618798783293,0.9433635641974683,0.0009907031343490626,0
mnist,vit_small,raw,raw_compact_test,dense,compact,compact,10,1,host_raw_to_logits,heldout_val,55000,4ba79ef9f76ff06df88f37ba7586b1b5a3ac8b43008b3eed0ca6a744393e6687,3,3,10.778357833333335,0.05750843871192666,0.9409815721922974,0.004583925979353071,0
mnist,vit_small,raw,raw_compact_test,dense,compact,compact,10,1,loader_to_cpu_prediction,heldout_val,55000,4ba79ef9f76ff06df88f37ba7586b1b5a3ac8b43008b3eed0ca6a744393e6687,3,3,10.957221166666667,0.02997364148853638,0.9416032718150023,0.003790945225151592,0
mnist,vit_small,raw,raw_compact_test,dense,compact,compact,10,8,cached_input_model_only_diagnostic,heldout_val,55000,4ba79ef9f76ff06df88f37ba7586b1b5a3ac8b43008b3eed0ca6a744393e6687,2,3,,,,,
mnist,vit_small,raw,raw_compact_test,dense,compact,compact,10,8,gpu_raw_to_logits,heldout_val,55000,4ba79ef9f76ff06df88f37ba7586b1b5a3ac8b43008b3eed0ca6a744393e6687,2,3,,,,,
mnist,vit_small,raw,raw_compact_test,dense,compact,compact,10,8,host_raw_to_logits,heldout_val,55000,4ba79ef9f76ff06df88f37ba7586b1b5a3ac8b43008b3eed0ca6a744393e6687,2,3,,,,,
mnist,vit_small,raw,raw_compact_test,dense,compact,compact,10,8,loader_to_cpu_prediction,heldout_val,55000,4ba79ef9f76ff06df88f37ba7586b1b5a3ac8b43008b3eed0ca6a744393e6687,2,3,,,,,
mnist,vit_small,raw,raw_compact_test,dense,compact,compact,20,1,cached_input_model_only_diagnostic,heldout_val,55000,4ba79ef9f76ff06df88f37ba7586b1b5a3ac8b43008b3eed0ca6a744393e6687,3,3,10.427603,0.08783735143434154,0.9573255157999856,0.007009559569992285,0
mnist,vit_small,raw,raw_compact_test,dense,compact,compact,20,1,gpu_raw_to_logits,heldout_val,55000,4ba79ef9f76ff06df88f37ba7586b1b5a3ac8b43008b3eed0ca6a744393e6687,3,3,10.749844,0.10943424500127918,0.9402562690670365,0.01051486574249571,0
mnist,vit_small,raw,raw_compact_test,dense,compact,compact,20,1,host_raw_to_logits,heldout_val,55000,4ba79ef9f76ff06df88f37ba7586b1b5a3ac8b43008b3eed0ca6a744393e6687,3,3,10.770607,0.09526214342014351,0.9416914916639774,0.0083417666286603,0
mnist,vit_small,raw,raw_compact_test,dense,compact,compact,20,1,loader_to_cpu_prediction,heldout_val,55000,4ba79ef9f76ff06df88f37ba7586b1b5a3ac8b43008b3eed0ca6a744393e6687,3,3,10.925900166666667,0.022235736553650316,0.9442998956050532,0.003151405725063538,0
mnist,vit_small,raw,raw_compact_test,dense,compact,compact,20,8,cached_input_model_only_diagnostic,heldout_val,55000,4ba79ef9f76ff06df88f37ba7586b1b5a3ac8b43008b3eed0ca6a744393e6687,2,3,,,,,
mnist,vit_small,raw,raw_compact_test,dense,compact,compact,20,8,gpu_raw_to_logits,heldout_val,55000,4ba79ef9f76ff06df88f37ba7586b1b5a3ac8b43008b3eed0ca6a744393e6687,2,3,,,,,
mnist,vit_small,raw,raw_compact_test,dense,compact,compact,20,8,host_raw_to_logits,heldout_val,55000,4ba79ef9f76ff06df88f37ba7586b1b5a3ac8b43008b3eed0ca6a744393e6687,2,3,,,,,
mnist,vit_small,raw,raw_compact_test,dense,compact,compact,20,8,loader_to_cpu_prediction,heldout_val,55000,4ba79ef9f76ff06df88f37ba7586b1b5a3ac8b43008b3eed0ca6a744393e6687,2,3,,,,,
mnist,vit_small,raw,raw_compact_test,dense,compact,dense_masked,0,1,cached_input_model_only_diagnostic,heldout_val,55000,4ba79ef9f76ff06df88f37ba7586b1b5a3ac8b43008b3eed0ca6a744393e6687,3,3,9.939279666666668,0.024406181595720996,1.0043218428562544,0.00243261780558711,3
mnist,vit_small,raw,raw_compact_test,dense,compact,dense_masked,0,1,gpu_raw_to_logits,heldout_val,55000,4ba79ef9f76ff06df88f37ba7586b1b5a3ac8b43008b3eed0ca6a744393e6687,3,3,10.192608166666666,0.04378534644813667,0.9915951933005973,0.0034946682182501855,0
mnist,vit_small,raw,raw_compact_test,dense,compact,dense_masked,0,1,host_raw_to_logits,heldout_val,55000,4ba79ef9f76ff06df88f37ba7586b1b5a3ac8b43008b3eed0ca6a744393e6687,3,3,10.206101499999999,0.023482633343600998,0.9937279317021698,0.0017388422767672601,0
mnist,vit_small,raw,raw_compact_test,dense,compact,dense_masked,0,1,loader_to_cpu_prediction,heldout_val,55000,4ba79ef9f76ff06df88f37ba7586b1b5a3ac8b43008b3eed0ca6a744393e6687,3,3,10.379574,0.012106163554157038,0.9939994288758061,0.001863196761663477,0
mnist,vit_small,raw,raw_compact_test,dense,compact,dense_masked,0,8,cached_input_model_only_diagnostic,heldout_val,55000,4ba79ef9f76ff06df88f37ba7586b1b5a3ac8b43008b3eed0ca6a744393e6687,2,3,,,,,
mnist,vit_small,raw,raw_compact_test,dense,compact,dense_masked,0,8,gpu_raw_to_logits,heldout_val,55000,4ba79ef9f76ff06df88f37ba7586b1b5a3ac8b43008b3eed0ca6a744393e6687,2,3,,,,,
mnist,vit_small,raw,raw_compact_test,dense,compact,dense_masked,0,8,host_raw_to_logits,heldout_val,55000,4ba79ef9f76ff06df88f37ba7586b1b5a3ac8b43008b3eed0ca6a744393e6687,2,3,,,,,
mnist,vit_small,raw,raw_compact_test,dense,compact,dense_masked,0,8,loader_to_cpu_prediction,heldout_val,55000,4ba79ef9f76ff06df88f37ba7586b1b5a3ac8b43008b3eed0ca6a744393e6687,2,3,,,,,
mnist,vit_small,raw,raw_compact_test,dense,compact,dense_masked,10,1,cached_input_model_only_diagnostic,heldout_val,55000,4ba79ef9f76ff06df88f37ba7586b1b5a3ac8b43008b3eed0ca6a744393e6687,3,3,9.925082833333333,0.017979838433181555,1.005758591272069,0.0030385310290369986,3
mnist,vit_small,raw,raw_compact_test,dense,compact,dense_masked,10,1,gpu_raw_to_logits,heldout_val,55000,4ba79ef9f76ff06df88f37ba7586b1b5a3ac8b43008b3eed0ca6a744393e6687,3,3,10.233077,0.026946683455483806,0.9876666291512607,0.0015213440558865005,0
mnist,vit_small,raw,raw_compact_test,dense,compact,dense_masked,10,1,host_raw_to_logits,heldout_val,55000,4ba79ef9f76ff06df88f37ba7586b1b5a3ac8b43008b3eed0ca6a744393e6687,3,3,10.265566666666667,0.0385024796744746,0.9879862132059984,0.006141464279992265,0
mnist,vit_small,raw,raw_compact_test,dense,compact,dense_masked,10,1,loader_to_cpu_prediction,heldout_val,55000,4ba79ef9f76ff06df88f37ba7586b1b5a3ac8b43008b3eed0ca6a744393e6687,3,3,10.470105166666666,0.014473837987325737,0.9854082603058147,0.0036673859659406417,0
mnist,vit_small,raw,raw_compact_test,dense,compact,dense_masked,10,8,cached_input_model_only_diagnostic,heldout_val,55000,4ba79ef9f76ff06df88f37ba7586b1b5a3ac8b43008b3eed0ca6a744393e6687,2,3,,,,,
mnist,vit_small,raw,raw_compact_test,dense,compact,dense_masked,10,8,gpu_raw_to_logits,heldout_val,55000,4ba79ef9f76ff06df88f37ba7586b1b5a3ac8b43008b3eed0ca6a744393e6687,2,3,,,,,
mnist,vit_small,raw,raw_compact_test,dense,compact,dense_masked,10,8,host_raw_to_logits,heldout_val,55000,4ba79ef9f76ff06df88f37ba7586b1b5a3ac8b43008b3eed0ca6a744393e6687,2,3,,,,,
mnist,vit_small,raw,raw_compact_test,dense,compact,dense_masked,10,8,loader_to_cpu_prediction,heldout_val,55000,4ba79ef9f76ff06df88f37ba7586b1b5a3ac8b43008b3eed0ca6a744393e6687,2,3,,,,,
mnist,vit_small,raw,raw_compact_test,dense,compact,dense_masked,20,1,cached_input_model_only_diagnostic,heldout_val,55000,4ba79ef9f76ff06df88f37ba7586b1b5a3ac8b43008b3eed0ca6a744393e6687,3,3,9.995915166666666,0.06346144041134948,0.9986476965630895,0.004503458113188792,2
mnist,vit_small,raw,raw_compact_test,dense,compact,dense_masked,20,1,gpu_raw_to_logits,heldout_val,55000,4ba79ef9f76ff06df88f37ba7586b1b5a3ac8b43008b3eed0ca6a744393e6687,3,3,10.333836999999999,0.07574016270777298,0.9780733468243207,0.008116262624484241,0
mnist,vit_small,raw,raw_compact_test,dense,compact,dense_masked,20,1,host_raw_to_logits,heldout_val,55000,4ba79ef9f76ff06df88f37ba7586b1b5a3ac8b43008b3eed0ca6a744393e6687,3,3,10.361256333333333,0.09317633857548513,0.9788957043907589,0.008527622682789381,0
mnist,vit_small,raw,raw_compact_test,dense,compact,dense_masked,20,1,loader_to_cpu_prediction,heldout_val,55000,4ba79ef9f76ff06df88f37ba7586b1b5a3ac8b43008b3eed0ca6a744393e6687,3,3,10.568221833333334,0.06387635093939933,0.976275187588314,0.005090352023545174,0
mnist,vit_small,raw,raw_compact_test,dense,compact,dense_masked,20,8,cached_input_model_only_diagnostic,heldout_val,55000,4ba79ef9f76ff06df88f37ba7586b1b5a3ac8b43008b3eed0ca6a744393e6687,2,3,,,,,
mnist,vit_small,raw,raw_compact_test,dense,compact,dense_masked,20,8,gpu_raw_to_logits,heldout_val,55000,4ba79ef9f76ff06df88f37ba7586b1b5a3ac8b43008b3eed0ca6a744393e6687,2,3,,,,,
mnist,vit_small,raw,raw_compact_test,dense,compact,dense_masked,20,8,host_raw_to_logits,heldout_val,55000,4ba79ef9f76ff06df88f37ba7586b1b5a3ac8b43008b3eed0ca6a744393e6687,2,3,,,,,
mnist,vit_small,raw,raw_compact_test,dense,compact,dense_masked,20,8,loader_to_cpu_prediction,heldout_val,55000,4ba79ef9f76ff06df88f37ba7586b1b5a3ac8b43008b3eed0ca6a744393e6687,2,3,,,,,
mnist,vit_small,raw,raw_dense_reference,dense,dense,dense,0,1,cached_input_model_only_diagnostic,heldout_val,55000,4ba79ef9f76ff06df88f37ba7586b1b5a3ac8b43008b3eed0ca6a744393e6687,3,3,9.982207166666667,0.01824340198765957,1.0,0.0,0
mnist,vit_small,raw,raw_dense_reference,dense,dense,dense,0,1,gpu_raw_to_logits,heldout_val,55000,4ba79ef9f76ff06df88f37ba7586b1b5a3ac8b43008b3eed0ca6a744393e6687,3,3,10.1068415,0.011267037975883494,1.0,0.0,0
mnist,vit_small,raw,raw_dense_reference,dense,dense,dense,0,1,host_raw_to_logits,heldout_val,55000,4ba79ef9f76ff06df88f37ba7586b1b5a3ac8b43008b3eed0ca6a744393e6687,3,3,10.142096166666667,0.03321224339883335,1.0,0.0,0
mnist,vit_small,raw,raw_dense_reference,dense,dense,dense,0,1,loader_to_cpu_prediction,heldout_val,55000,4ba79ef9f76ff06df88f37ba7586b1b5a3ac8b43008b3eed0ca6a744393e6687,3,3,10.3172995,0.02815484251864999,1.0,0.0,0
mnist,vit_small,raw,raw_dense_reference,dense,dense,dense,0,8,cached_input_model_only_diagnostic,heldout_val,55000,4ba79ef9f76ff06df88f37ba7586b1b5a3ac8b43008b3eed0ca6a744393e6687,3,3,10.4826705,0.07780310351939705,1.0,0.0,0
mnist,vit_small,raw,raw_dense_reference,dense,dense,dense,0,8,gpu_raw_to_logits,heldout_val,55000,4ba79ef9f76ff06df88f37ba7586b1b5a3ac8b43008b3eed0ca6a744393e6687,3,3,10.605470833333333,0.11912043803052175,1.0,0.0,0
mnist,vit_small,raw,raw_dense_reference,dense,dense,dense,0,8,host_raw_to_logits,heldout_val,55000,4ba79ef9f76ff06df88f37ba7586b1b5a3ac8b43008b3eed0ca6a744393e6687,3,3,10.644642333333334,0.12605550565656948,1.0,0.0,0
mnist,vit_small,raw,raw_dense_reference,dense,dense,dense,0,8,loader_to_cpu_prediction,heldout_val,55000,4ba79ef9f76ff06df88f37ba7586b1b5a3ac8b43008b3eed0ca6a744393e6687,3,3,10.847462333333333,0.11755043403719653,1.0,0.0,0
