dataset,architecture,representation,family,trained_execution,inference_execution,sparsity_percent,seed,protocol,training_count,source_id,checkpoint_sha256,training_config_hash,corruption,severity_aggregation,severity_count,test_images_per_severity,error_percent
mnist,vit_small,raw,raw_dense_reference,dense,dense,0,0,heldout_val,55000,mnist/vit_small/raw/dense/pNA/seed0,3db92cbcafbbc2751e66333d710ad6f6ab62881147312fbf9142265b64fd326b,9523e74ba13da3f1257b0c8cdd3db4e72b6b2105c0f474976efa781683d41b85,clean,clean,1,10000,1.6800000000000037
mnist,vit_small,raw,raw_dense_reference,dense,dense,0,0,heldout_val,55000,mnist/vit_small/raw/dense/pNA/seed0,3db92cbcafbbc2751e66333d710ad6f6ab62881147312fbf9142265b64fd326b,9523e74ba13da3f1257b0c8cdd3db4e72b6b2105c0f474976efa781683d41b85,shot_noise,fixed,1,10000,19.05
mnist,vit_small,raw,raw_dense_reference,dense,dense,0,0,heldout_val,55000,mnist/vit_small/raw/dense/pNA/seed0,3db92cbcafbbc2751e66333d710ad6f6ab62881147312fbf9142265b64fd326b,9523e74ba13da3f1257b0c8cdd3db4e72b6b2105c0f474976efa781683d41b85,impulse_noise,fixed,1,10000,46.43000000000001
mnist,vit_small,raw,raw_dense_reference,dense,dense,0,0,heldout_val,55000,mnist/vit_small/raw/dense/pNA/seed0,3db92cbcafbbc2751e66333d710ad6f6ab62881147312fbf9142265b64fd326b,9523e74ba13da3f1257b0c8cdd3db4e72b6b2105c0f474976efa781683d41b85,glass_blur,fixed,1,10000,22.57
mnist,vit_small,raw,raw_dense_reference,dense,dense,0,0,heldout_val,55000,mnist/vit_small/raw/dense/pNA/seed0,3db92cbcafbbc2751e66333d710ad6f6ab62881147312fbf9142265b64fd326b,9523e74ba13da3f1257b0c8cdd3db4e72b6b2105c0f474976efa781683d41b85,motion_blur,fixed,1,10000,13.849999999999996
mnist,vit_small,raw,raw_dense_reference,dense,dense,0,0,heldout_val,55000,mnist/vit_small/raw/dense/pNA/seed0,3db92cbcafbbc2751e66333d710ad6f6ab62881147312fbf9142265b64fd326b,9523e74ba13da3f1257b0c8cdd3db4e72b6b2105c0f474976efa781683d41b85,shear,fixed,1,10000,4.079999999999995
mnist,vit_small,raw,raw_dense_reference,dense,dense,0,0,heldout_val,55000,mnist/vit_small/raw/dense/pNA/seed0,3db92cbcafbbc2751e66333d710ad6f6ab62881147312fbf9142265b64fd326b,9523e74ba13da3f1257b0c8cdd3db4e72b6b2105c0f474976efa781683d41b85,scale,fixed,1,10000,19.650000000000002
mnist,vit_small,raw,raw_dense_reference,dense,dense,0,0,heldout_val,55000,mnist/vit_small/raw/dense/pNA/seed0,3db92cbcafbbc2751e66333d710ad6f6ab62881147312fbf9142265b64fd326b,9523e74ba13da3f1257b0c8cdd3db4e72b6b2105c0f474976efa781683d41b85,rotate,fixed,1,10000,9.840000000000003
mnist,vit_small,raw,raw_dense_reference,dense,dense,0,0,heldout_val,55000,mnist/vit_small/raw/dense/pNA/seed0,3db92cbcafbbc2751e66333d710ad6f6ab62881147312fbf9142265b64fd326b,9523e74ba13da3f1257b0c8cdd3db4e72b6b2105c0f474976efa781683d41b85,brightness,fixed,1,10000,60.349999999999994
mnist,vit_small,raw,raw_dense_reference,dense,dense,0,0,heldout_val,55000,mnist/vit_small/raw/dense/pNA/seed0,3db92cbcafbbc2751e66333d710ad6f6ab62881147312fbf9142265b64fd326b,9523e74ba13da3f1257b0c8cdd3db4e72b6b2105c0f474976efa781683d41b85,translate,fixed,1,10000,56.099999999999994
mnist,vit_small,raw,raw_dense_reference,dense,dense,0,0,heldout_val,55000,mnist/vit_small/raw/dense/pNA/seed0,3db92cbcafbbc2751e66333d710ad6f6ab62881147312fbf9142265b64fd326b,9523e74ba13da3f1257b0c8cdd3db4e72b6b2105c0f474976efa781683d41b85,stripe,fixed,1,10000,36.18
mnist,vit_small,raw,raw_dense_reference,dense,dense,0,0,heldout_val,55000,mnist/vit_small/raw/dense/pNA/seed0,3db92cbcafbbc2751e66333d710ad6f6ab62881147312fbf9142265b64fd326b,9523e74ba13da3f1257b0c8cdd3db4e72b6b2105c0f474976efa781683d41b85,fog,fixed,1,10000,52.93
mnist,vit_small,raw,raw_dense_reference,dense,dense,0,0,heldout_val,55000,mnist/vit_small/raw/dense/pNA/seed0,3db92cbcafbbc2751e66333d710ad6f6ab62881147312fbf9142265b64fd326b,9523e74ba13da3f1257b0c8cdd3db4e72b6b2105c0f474976efa781683d41b85,spatter,fixed,1,10000,4.300000000000004
mnist,vit_small,raw,raw_dense_reference,dense,dense,0,0,heldout_val,55000,mnist/vit_small/raw/dense/pNA/seed0,3db92cbcafbbc2751e66333d710ad6f6ab62881147312fbf9142265b64fd326b,9523e74ba13da3f1257b0c8cdd3db4e72b6b2105c0f474976efa781683d41b85,dotted_line,fixed,1,10000,8.68
mnist,vit_small,raw,raw_dense_reference,dense,dense,0,0,heldout_val,55000,mnist/vit_small/raw/dense/pNA/seed0,3db92cbcafbbc2751e66333d710ad6f6ab62881147312fbf9142265b64fd326b,9523e74ba13da3f1257b0c8cdd3db4e72b6b2105c0f474976efa781683d41b85,zigzag,fixed,1,10000,20.25
mnist,vit_small,raw,raw_dense_reference,dense,dense,0,0,heldout_val,55000,mnist/vit_small/raw/dense/pNA/seed0,3db92cbcafbbc2751e66333d710ad6f6ab62881147312fbf9142265b64fd326b,9523e74ba13da3f1257b0c8cdd3db4e72b6b2105c0f474976efa781683d41b85,canny_edges,fixed,1,10000,31.020000000000003
mnist,vit_small,grayscale,training_sparse_testing_sparse,compact,compact,0,0,heldout_val,55000,mnist/vit_small/grayscale/compact/p0/seed0,168dfdf4b1e77bdf998c5fcf65999cf6fb4a4b0c58b19ed9d0679fbe3a50e918,d606e0b6e7e1b8ca4140175f43e475d056088da48eedeac3bc3521ac5c8bd570,clean,clean,1,10000,2.1100000000000008
mnist,vit_small,grayscale,training_sparse_testing_sparse,compact,compact,0,0,heldout_val,55000,mnist/vit_small/grayscale/compact/p0/seed0,168dfdf4b1e77bdf998c5fcf65999cf6fb4a4b0c58b19ed9d0679fbe3a50e918,d606e0b6e7e1b8ca4140175f43e475d056088da48eedeac3bc3521ac5c8bd570,shot_noise,fixed,1,10000,33.199999999999996
mnist,vit_small,grayscale,training_sparse_testing_sparse,compact,compact,0,0,heldout_val,55000,mnist/vit_small/grayscale/compact/p0/seed0,168dfdf4b1e77bdf998c5fcf65999cf6fb4a4b0c58b19ed9d0679fbe3a50e918,d606e0b6e7e1b8ca4140175f43e475d056088da48eedeac3bc3521ac5c8bd570,impulse_noise,fixed,1,10000,69.64
mnist,vit_small,grayscale,training_sparse_testing_sparse,compact,compact,0,0,heldout_val,55000,mnist/vit_small/grayscale/compact/p0/seed0,168dfdf4b1e77bdf998c5fcf65999cf6fb4a4b0c58b19ed9d0679fbe3a50e918,d606e0b6e7e1b8ca4140175f43e475d056088da48eedeac3bc3521ac5c8bd570,glass_blur,fixed,1,10000,68.27
mnist,vit_small,grayscale,training_sparse_testing_sparse,compact,compact,0,0,heldout_val,55000,mnist/vit_small/grayscale/compact/p0/seed0,168dfdf4b1e77bdf998c5fcf65999cf6fb4a4b0c58b19ed9d0679fbe3a50e918,d606e0b6e7e1b8ca4140175f43e475d056088da48eedeac3bc3521ac5c8bd570,motion_blur,fixed,1,10000,41.53
mnist,vit_small,grayscale,training_sparse_testing_sparse,compact,compact,0,0,heldout_val,55000,mnist/vit_small/grayscale/compact/p0/seed0,168dfdf4b1e77bdf998c5fcf65999cf6fb4a4b0c58b19ed9d0679fbe3a50e918,d606e0b6e7e1b8ca4140175f43e475d056088da48eedeac3bc3521ac5c8bd570,shear,fixed,1,10000,8.650000000000002
mnist,vit_small,grayscale,training_sparse_testing_sparse,compact,compact,0,0,heldout_val,55000,mnist/vit_small/grayscale/compact/p0/seed0,168dfdf4b1e77bdf998c5fcf65999cf6fb4a4b0c58b19ed9d0679fbe3a50e918,d606e0b6e7e1b8ca4140175f43e475d056088da48eedeac3bc3521ac5c8bd570,scale,fixed,1,10000,15.300000000000002
mnist,vit_small,grayscale,training_sparse_testing_sparse,compact,compact,0,0,heldout_val,55000,mnist/vit_small/grayscale/compact/p0/seed0,168dfdf4b1e77bdf998c5fcf65999cf6fb4a4b0c58b19ed9d0679fbe3a50e918,d606e0b6e7e1b8ca4140175f43e475d056088da48eedeac3bc3521ac5c8bd570,rotate,fixed,1,10000,15.490000000000004
mnist,vit_small,grayscale,training_sparse_testing_sparse,compact,compact,0,0,heldout_val,55000,mnist/vit_small/grayscale/compact/p0/seed0,168dfdf4b1e77bdf998c5fcf65999cf6fb4a4b0c58b19ed9d0679fbe3a50e918,d606e0b6e7e1b8ca4140175f43e475d056088da48eedeac3bc3521ac5c8bd570,brightness,fixed,1,10000,37.08
mnist,vit_small,grayscale,training_sparse_testing_sparse,compact,compact,0,0,heldout_val,55000,mnist/vit_small/grayscale/compact/p0/seed0,168dfdf4b1e77bdf998c5fcf65999cf6fb4a4b0c58b19ed9d0679fbe3a50e918,d606e0b6e7e1b8ca4140175f43e475d056088da48eedeac3bc3521ac5c8bd570,translate,fixed,1,10000,61.199999999999996
mnist,vit_small,grayscale,training_sparse_testing_sparse,compact,compact,0,0,heldout_val,55000,mnist/vit_small/grayscale/compact/p0/seed0,168dfdf4b1e77bdf998c5fcf65999cf6fb4a4b0c58b19ed9d0679fbe3a50e918,d606e0b6e7e1b8ca4140175f43e475d056088da48eedeac3bc3521ac5c8bd570,stripe,fixed,1,10000,34.48
mnist,vit_small,grayscale,training_sparse_testing_sparse,compact,compact,0,0,heldout_val,55000,mnist/vit_small/grayscale/compact/p0/seed0,168dfdf4b1e77bdf998c5fcf65999cf6fb4a4b0c58b19ed9d0679fbe3a50e918,d606e0b6e7e1b8ca4140175f43e475d056088da48eedeac3bc3521ac5c8bd570,fog,fixed,1,10000,70.46
mnist,vit_small,grayscale,training_sparse_testing_sparse,compact,compact,0,0,heldout_val,55000,mnist/vit_small/grayscale/compact/p0/seed0,168dfdf4b1e77bdf998c5fcf65999cf6fb4a4b0c58b19ed9d0679fbe3a50e918,d606e0b6e7e1b8ca4140175f43e475d056088da48eedeac3bc3521ac5c8bd570,spatter,fixed,1,10000,24.019999999999996
mnist,vit_small,grayscale,training_sparse_testing_sparse,compact,compact,0,0,heldout_val,55000,mnist/vit_small/grayscale/compact/p0/seed0,168dfdf4b1e77bdf998c5fcf65999cf6fb4a4b0c58b19ed9d0679fbe3a50e918,d606e0b6e7e1b8ca4140175f43e475d056088da48eedeac3bc3521ac5c8bd570,dotted_line,fixed,1,10000,18.600000000000005
mnist,vit_small,grayscale,training_sparse_testing_sparse,compact,compact,0,0,heldout_val,55000,mnist/vit_small/grayscale/compact/p0/seed0,168dfdf4b1e77bdf998c5fcf65999cf6fb4a4b0c58b19ed9d0679fbe3a50e918,d606e0b6e7e1b8ca4140175f43e475d056088da48eedeac3bc3521ac5c8bd570,zigzag,fixed,1,10000,29.220000000000002
mnist,vit_small,grayscale,training_sparse_testing_sparse,compact,compact,0,0,heldout_val,55000,mnist/vit_small/grayscale/compact/p0/seed0,168dfdf4b1e77bdf998c5fcf65999cf6fb4a4b0c58b19ed9d0679fbe3a50e918,d606e0b6e7e1b8ca4140175f43e475d056088da48eedeac3bc3521ac5c8bd570,canny_edges,fixed,1,10000,64.11
mnist,vit_small,grayscale,training_sparse_testing_sparse,compact,compact,20,0,heldout_val,55000,mnist/vit_small/grayscale/compact/p20/seed0,d933fd56c7b4f64998da2a11b272e100366b36a2cd5b0b227911eef99e1fc896,7fd9e42e1c44318eafd0f529cc76900d5c0e83f2ec3cac806afb3adf3547609d,clean,clean,1,10000,2.1100000000000008
mnist,vit_small,grayscale,training_sparse_testing_sparse,compact,compact,20,0,heldout_val,55000,mnist/vit_small/grayscale/compact/p20/seed0,d933fd56c7b4f64998da2a11b272e100366b36a2cd5b0b227911eef99e1fc896,7fd9e42e1c44318eafd0f529cc76900d5c0e83f2ec3cac806afb3adf3547609d,shot_noise,fixed,1,10000,33.199999999999996
mnist,vit_small,grayscale,training_sparse_testing_sparse,compact,compact,20,0,heldout_val,55000,mnist/vit_small/grayscale/compact/p20/seed0,d933fd56c7b4f64998da2a11b272e100366b36a2cd5b0b227911eef99e1fc896,7fd9e42e1c44318eafd0f529cc76900d5c0e83f2ec3cac806afb3adf3547609d,impulse_noise,fixed,1,10000,69.64
mnist,vit_small,grayscale,training_sparse_testing_sparse,compact,compact,20,0,heldout_val,55000,mnist/vit_small/grayscale/compact/p20/seed0,d933fd56c7b4f64998da2a11b272e100366b36a2cd5b0b227911eef99e1fc896,7fd9e42e1c44318eafd0f529cc76900d5c0e83f2ec3cac806afb3adf3547609d,glass_blur,fixed,1,10000,68.27
mnist,vit_small,grayscale,training_sparse_testing_sparse,compact,compact,20,0,heldout_val,55000,mnist/vit_small/grayscale/compact/p20/seed0,d933fd56c7b4f64998da2a11b272e100366b36a2cd5b0b227911eef99e1fc896,7fd9e42e1c44318eafd0f529cc76900d5c0e83f2ec3cac806afb3adf3547609d,motion_blur,fixed,1,10000,41.53
mnist,vit_small,grayscale,training_sparse_testing_sparse,compact,compact,20,0,heldout_val,55000,mnist/vit_small/grayscale/compact/p20/seed0,d933fd56c7b4f64998da2a11b272e100366b36a2cd5b0b227911eef99e1fc896,7fd9e42e1c44318eafd0f529cc76900d5c0e83f2ec3cac806afb3adf3547609d,shear,fixed,1,10000,8.650000000000002
mnist,vit_small,grayscale,training_sparse_testing_sparse,compact,compact,20,0,heldout_val,55000,mnist/vit_small/grayscale/compact/p20/seed0,d933fd56c7b4f64998da2a11b272e100366b36a2cd5b0b227911eef99e1fc896,7fd9e42e1c44318eafd0f529cc76900d5c0e83f2ec3cac806afb3adf3547609d,scale,fixed,1,10000,15.300000000000002
mnist,vit_small,grayscale,training_sparse_testing_sparse,compact,compact,20,0,heldout_val,55000,mnist/vit_small/grayscale/compact/p20/seed0,d933fd56c7b4f64998da2a11b272e100366b36a2cd5b0b227911eef99e1fc896,7fd9e42e1c44318eafd0f529cc76900d5c0e83f2ec3cac806afb3adf3547609d,rotate,fixed,1,10000,15.490000000000004
mnist,vit_small,grayscale,training_sparse_testing_sparse,compact,compact,20,0,heldout_val,55000,mnist/vit_small/grayscale/compact/p20/seed0,d933fd56c7b4f64998da2a11b272e100366b36a2cd5b0b227911eef99e1fc896,7fd9e42e1c44318eafd0f529cc76900d5c0e83f2ec3cac806afb3adf3547609d,brightness,fixed,1,10000,24.550000000000004
mnist,vit_small,grayscale,training_sparse_testing_sparse,compact,compact,20,0,heldout_val,55000,mnist/vit_small/grayscale/compact/p20/seed0,d933fd56c7b4f64998da2a11b272e100366b36a2cd5b0b227911eef99e1fc896,7fd9e42e1c44318eafd0f529cc76900d5c0e83f2ec3cac806afb3adf3547609d,translate,fixed,1,10000,61.199999999999996
mnist,vit_small,grayscale,training_sparse_testing_sparse,compact,compact,20,0,heldout_val,55000,mnist/vit_small/grayscale/compact/p20/seed0,d933fd56c7b4f64998da2a11b272e100366b36a2cd5b0b227911eef99e1fc896,7fd9e42e1c44318eafd0f529cc76900d5c0e83f2ec3cac806afb3adf3547609d,stripe,fixed,1,10000,34.21999999999999
mnist,vit_small,grayscale,training_sparse_testing_sparse,compact,compact,20,0,heldout_val,55000,mnist/vit_small/grayscale/compact/p20/seed0,d933fd56c7b4f64998da2a11b272e100366b36a2cd5b0b227911eef99e1fc896,7fd9e42e1c44318eafd0f529cc76900d5c0e83f2ec3cac806afb3adf3547609d,fog,fixed,1,10000,70.24000000000001
mnist,vit_small,grayscale,training_sparse_testing_sparse,compact,compact,20,0,heldout_val,55000,mnist/vit_small/grayscale/compact/p20/seed0,d933fd56c7b4f64998da2a11b272e100366b36a2cd5b0b227911eef99e1fc896,7fd9e42e1c44318eafd0f529cc76900d5c0e83f2ec3cac806afb3adf3547609d,spatter,fixed,1,10000,24.019999999999996
mnist,vit_small,grayscale,training_sparse_testing_sparse,compact,compact,20,0,heldout_val,55000,mnist/vit_small/grayscale/compact/p20/seed0,d933fd56c7b4f64998da2a11b272e100366b36a2cd5b0b227911eef99e1fc896,7fd9e42e1c44318eafd0f529cc76900d5c0e83f2ec3cac806afb3adf3547609d,dotted_line,fixed,1,10000,18.600000000000005
mnist,vit_small,grayscale,training_sparse_testing_sparse,compact,compact,20,0,heldout_val,55000,mnist/vit_small/grayscale/compact/p20/seed0,d933fd56c7b4f64998da2a11b272e100366b36a2cd5b0b227911eef99e1fc896,7fd9e42e1c44318eafd0f529cc76900d5c0e83f2ec3cac806afb3adf3547609d,zigzag,fixed,1,10000,29.220000000000002
mnist,vit_small,grayscale,training_sparse_testing_sparse,compact,compact,20,0,heldout_val,55000,mnist/vit_small/grayscale/compact/p20/seed0,d933fd56c7b4f64998da2a11b272e100366b36a2cd5b0b227911eef99e1fc896,7fd9e42e1c44318eafd0f529cc76900d5c0e83f2ec3cac806afb3adf3547609d,canny_edges,fixed,1,10000,64.11
mnist,vit_small,grayscale,training_sparse_testing_sparse,compact,compact,40,0,heldout_val,55000,mnist/vit_small/grayscale/compact/p40/seed0,c91b0d6c1382533ce257bd9e1faa416d3db3b01094c6398406bf4418b9f73f0f,961b26de6aa67d18a918aabcb51d571a28965e7dd9f393739e5eda6d44919fa2,clean,clean,1,10000,2.1100000000000008
mnist,vit_small,grayscale,training_sparse_testing_sparse,compact,compact,40,0,heldout_val,55000,mnist/vit_small/grayscale/compact/p40/seed0,c91b0d6c1382533ce257bd9e1faa416d3db3b01094c6398406bf4418b9f73f0f,961b26de6aa67d18a918aabcb51d571a28965e7dd9f393739e5eda6d44919fa2,shot_noise,fixed,1,10000,33.199999999999996
mnist,vit_small,grayscale,training_sparse_testing_sparse,compact,compact,40,0,heldout_val,55000,mnist/vit_small/grayscale/compact/p40/seed0,c91b0d6c1382533ce257bd9e1faa416d3db3b01094c6398406bf4418b9f73f0f,961b26de6aa67d18a918aabcb51d571a28965e7dd9f393739e5eda6d44919fa2,impulse_noise,fixed,1,10000,71.91000000000001
mnist,vit_small,grayscale,training_sparse_testing_sparse,compact,compact,40,0,heldout_val,55000,mnist/vit_small/grayscale/compact/p40/seed0,c91b0d6c1382533ce257bd9e1faa416d3db3b01094c6398406bf4418b9f73f0f,961b26de6aa67d18a918aabcb51d571a28965e7dd9f393739e5eda6d44919fa2,glass_blur,fixed,1,10000,67.67
mnist,vit_small,grayscale,training_sparse_testing_sparse,compact,compact,40,0,heldout_val,55000,mnist/vit_small/grayscale/compact/p40/seed0,c91b0d6c1382533ce257bd9e1faa416d3db3b01094c6398406bf4418b9f73f0f,961b26de6aa67d18a918aabcb51d571a28965e7dd9f393739e5eda6d44919fa2,motion_blur,fixed,1,10000,41.290000000000006
mnist,vit_small,grayscale,training_sparse_testing_sparse,compact,compact,40,0,heldout_val,55000,mnist/vit_small/grayscale/compact/p40/seed0,c91b0d6c1382533ce257bd9e1faa416d3db3b01094c6398406bf4418b9f73f0f,961b26de6aa67d18a918aabcb51d571a28965e7dd9f393739e5eda6d44919fa2,shear,fixed,1,10000,8.650000000000002
mnist,vit_small,grayscale,training_sparse_testing_sparse,compact,compact,40,0,heldout_val,55000,mnist/vit_small/grayscale/compact/p40/seed0,c91b0d6c1382533ce257bd9e1faa416d3db3b01094c6398406bf4418b9f73f0f,961b26de6aa67d18a918aabcb51d571a28965e7dd9f393739e5eda6d44919fa2,scale,fixed,1,10000,15.300000000000002
mnist,vit_small,grayscale,training_sparse_testing_sparse,compact,compact,40,0,heldout_val,55000,mnist/vit_small/grayscale/compact/p40/seed0,c91b0d6c1382533ce257bd9e1faa416d3db3b01094c6398406bf4418b9f73f0f,961b26de6aa67d18a918aabcb51d571a28965e7dd9f393739e5eda6d44919fa2,rotate,fixed,1,10000,15.490000000000004
mnist,vit_small,grayscale,training_sparse_testing_sparse,compact,compact,40,0,heldout_val,55000,mnist/vit_small/grayscale/compact/p40/seed0,c91b0d6c1382533ce257bd9e1faa416d3db3b01094c6398406bf4418b9f73f0f,961b26de6aa67d18a918aabcb51d571a28965e7dd9f393739e5eda6d44919fa2,brightness,fixed,1,10000,27.590000000000003
mnist,vit_small,grayscale,training_sparse_testing_sparse,compact,compact,40,0,heldout_val,55000,mnist/vit_small/grayscale/compact/p40/seed0,c91b0d6c1382533ce257bd9e1faa416d3db3b01094c6398406bf4418b9f73f0f,961b26de6aa67d18a918aabcb51d571a28965e7dd9f393739e5eda6d44919fa2,translate,fixed,1,10000,61.199999999999996
mnist,vit_small,grayscale,training_sparse_testing_sparse,compact,compact,40,0,heldout_val,55000,mnist/vit_small/grayscale/compact/p40/seed0,c91b0d6c1382533ce257bd9e1faa416d3db3b01094c6398406bf4418b9f73f0f,961b26de6aa67d18a918aabcb51d571a28965e7dd9f393739e5eda6d44919fa2,stripe,fixed,1,10000,28.939999999999998
mnist,vit_small,grayscale,training_sparse_testing_sparse,compact,compact,40,0,heldout_val,55000,mnist/vit_small/grayscale/compact/p40/seed0,c91b0d6c1382533ce257bd9e1faa416d3db3b01094c6398406bf4418b9f73f0f,961b26de6aa67d18a918aabcb51d571a28965e7dd9f393739e5eda6d44919fa2,fog,fixed,1,10000,67.53
mnist,vit_small,grayscale,training_sparse_testing_sparse,compact,compact,40,0,heldout_val,55000,mnist/vit_small/grayscale/compact/p40/seed0,c91b0d6c1382533ce257bd9e1faa416d3db3b01094c6398406bf4418b9f73f0f,961b26de6aa67d18a918aabcb51d571a28965e7dd9f393739e5eda6d44919fa2,spatter,fixed,1,10000,24.029999999999994
mnist,vit_small,grayscale,training_sparse_testing_sparse,compact,compact,40,0,heldout_val,55000,mnist/vit_small/grayscale/compact/p40/seed0,c91b0d6c1382533ce257bd9e1faa416d3db3b01094c6398406bf4418b9f73f0f,961b26de6aa67d18a918aabcb51d571a28965e7dd9f393739e5eda6d44919fa2,dotted_line,fixed,1,10000,18.600000000000005
mnist,vit_small,grayscale,training_sparse_testing_sparse,compact,compact,40,0,heldout_val,55000,mnist/vit_small/grayscale/compact/p40/seed0,c91b0d6c1382533ce257bd9e1faa416d3db3b01094c6398406bf4418b9f73f0f,961b26de6aa67d18a918aabcb51d571a28965e7dd9f393739e5eda6d44919fa2,zigzag,fixed,1,10000,29.220000000000002
mnist,vit_small,grayscale,training_sparse_testing_sparse,compact,compact,40,0,heldout_val,55000,mnist/vit_small/grayscale/compact/p40/seed0,c91b0d6c1382533ce257bd9e1faa416d3db3b01094c6398406bf4418b9f73f0f,961b26de6aa67d18a918aabcb51d571a28965e7dd9f393739e5eda6d44919fa2,canny_edges,fixed,1,10000,64.11
mnist,vit_small,grayscale,training_sparse_testing_sparse,compact,compact,60,0,heldout_val,55000,mnist/vit_small/grayscale/compact/p60/seed0,c210fdea45f6f05480d7ee4d7f6df6d25b365f9b56aa2011ca680f64e41c7c18,2e48a2fba89993213549aa9398e9b9ac2e15a902edc8c64a54971fdefa98b12e,clean,clean,1,10000,2.070000000000005
mnist,vit_small,grayscale,training_sparse_testing_sparse,compact,compact,60,0,heldout_val,55000,mnist/vit_small/grayscale/compact/p60/seed0,c210fdea45f6f05480d7ee4d7f6df6d25b365f9b56aa2011ca680f64e41c7c18,2e48a2fba89993213549aa9398e9b9ac2e15a902edc8c64a54971fdefa98b12e,shot_noise,fixed,1,10000,32.79
mnist,vit_small,grayscale,training_sparse_testing_sparse,compact,compact,60,0,heldout_val,55000,mnist/vit_small/grayscale/compact/p60/seed0,c210fdea45f6f05480d7ee4d7f6df6d25b365f9b56aa2011ca680f64e41c7c18,2e48a2fba89993213549aa9398e9b9ac2e15a902edc8c64a54971fdefa98b12e,impulse_noise,fixed,1,10000,71.69
mnist,vit_small,grayscale,training_sparse_testing_sparse,compact,compact,60,0,heldout_val,55000,mnist/vit_small/grayscale/compact/p60/seed0,c210fdea45f6f05480d7ee4d7f6df6d25b365f9b56aa2011ca680f64e41c7c18,2e48a2fba89993213549aa9398e9b9ac2e15a902edc8c64a54971fdefa98b12e,glass_blur,fixed,1,10000,63.470000000000006
mnist,vit_small,grayscale,training_sparse_testing_sparse,compact,compact,60,0,heldout_val,55000,mnist/vit_small/grayscale/compact/p60/seed0,c210fdea45f6f05480d7ee4d7f6df6d25b365f9b56aa2011ca680f64e41c7c18,2e48a2fba89993213549aa9398e9b9ac2e15a902edc8c64a54971fdefa98b12e,motion_blur,fixed,1,10000,37.46000000000001
mnist,vit_small,grayscale,training_sparse_testing_sparse,compact,compact,60,0,heldout_val,55000,mnist/vit_small/grayscale/compact/p60/seed0,c210fdea45f6f05480d7ee4d7f6df6d25b365f9b56aa2011ca680f64e41c7c18,2e48a2fba89993213549aa9398e9b9ac2e15a902edc8c64a54971fdefa98b12e,shear,fixed,1,10000,9.350000000000003
mnist,vit_small,grayscale,training_sparse_testing_sparse,compact,compact,60,0,heldout_val,55000,mnist/vit_small/grayscale/compact/p60/seed0,c210fdea45f6f05480d7ee4d7f6df6d25b365f9b56aa2011ca680f64e41c7c18,2e48a2fba89993213549aa9398e9b9ac2e15a902edc8c64a54971fdefa98b12e,scale,fixed,1,10000,14.000000000000002
mnist,vit_small,grayscale,training_sparse_testing_sparse,compact,compact,60,0,heldout_val,55000,mnist/vit_small/grayscale/compact/p60/seed0,c210fdea45f6f05480d7ee4d7f6df6d25b365f9b56aa2011ca680f64e41c7c18,2e48a2fba89993213549aa9398e9b9ac2e15a902edc8c64a54971fdefa98b12e,rotate,fixed,1,10000,14.42
mnist,vit_small,grayscale,training_sparse_testing_sparse,compact,compact,60,0,heldout_val,55000,mnist/vit_small/grayscale/compact/p60/seed0,c210fdea45f6f05480d7ee4d7f6df6d25b365f9b56aa2011ca680f64e41c7c18,2e48a2fba89993213549aa9398e9b9ac2e15a902edc8c64a54971fdefa98b12e,brightness,fixed,1,10000,26.400000000000002
mnist,vit_small,grayscale,training_sparse_testing_sparse,compact,compact,60,0,heldout_val,55000,mnist/vit_small/grayscale/compact/p60/seed0,c210fdea45f6f05480d7ee4d7f6df6d25b365f9b56aa2011ca680f64e41c7c18,2e48a2fba89993213549aa9398e9b9ac2e15a902edc8c64a54971fdefa98b12e,translate,fixed,1,10000,60.959999999999994
mnist,vit_small,grayscale,training_sparse_testing_sparse,compact,compact,60,0,heldout_val,55000,mnist/vit_small/grayscale/compact/p60/seed0,c210fdea45f6f05480d7ee4d7f6df6d25b365f9b56aa2011ca680f64e41c7c18,2e48a2fba89993213549aa9398e9b9ac2e15a902edc8c64a54971fdefa98b12e,stripe,fixed,1,10000,32.830000000000005
mnist,vit_small,grayscale,training_sparse_testing_sparse,compact,compact,60,0,heldout_val,55000,mnist/vit_small/grayscale/compact/p60/seed0,c210fdea45f6f05480d7ee4d7f6df6d25b365f9b56aa2011ca680f64e41c7c18,2e48a2fba89993213549aa9398e9b9ac2e15a902edc8c64a54971fdefa98b12e,fog,fixed,1,10000,66.75999999999999
mnist,vit_small,grayscale,training_sparse_testing_sparse,compact,compact,60,0,heldout_val,55000,mnist/vit_small/grayscale/compact/p60/seed0,c210fdea45f6f05480d7ee4d7f6df6d25b365f9b56aa2011ca680f64e41c7c18,2e48a2fba89993213549aa9398e9b9ac2e15a902edc8c64a54971fdefa98b12e,spatter,fixed,1,10000,20.979999999999997
mnist,vit_small,grayscale,training_sparse_testing_sparse,compact,compact,60,0,heldout_val,55000,mnist/vit_small/grayscale/compact/p60/seed0,c210fdea45f6f05480d7ee4d7f6df6d25b365f9b56aa2011ca680f64e41c7c18,2e48a2fba89993213549aa9398e9b9ac2e15a902edc8c64a54971fdefa98b12e,dotted_line,fixed,1,10000,18.110000000000003
mnist,vit_small,grayscale,training_sparse_testing_sparse,compact,compact,60,0,heldout_val,55000,mnist/vit_small/grayscale/compact/p60/seed0,c210fdea45f6f05480d7ee4d7f6df6d25b365f9b56aa2011ca680f64e41c7c18,2e48a2fba89993213549aa9398e9b9ac2e15a902edc8c64a54971fdefa98b12e,zigzag,fixed,1,10000,28.500000000000004
mnist,vit_small,grayscale,training_sparse_testing_sparse,compact,compact,60,0,heldout_val,55000,mnist/vit_small/grayscale/compact/p60/seed0,c210fdea45f6f05480d7ee4d7f6df6d25b365f9b56aa2011ca680f64e41c7c18,2e48a2fba89993213549aa9398e9b9ac2e15a902edc8c64a54971fdefa98b12e,canny_edges,fixed,1,10000,65.97999999999999
mnist,vit_small,grayscale,training_sparse_testing_sparse,compact,compact,80,0,heldout_val,55000,mnist/vit_small/grayscale/compact/p80/seed0,694dc27d9a4f236ecc5d221449e961b6c7ad432227e4fa6ef7c107c6c6cf3e8a,8655df49c15160cc0eb5b20ce5d618de76f95314abe293be6f4cc882d35015b2,clean,clean,1,10000,2.3700000000000054
mnist,vit_small,grayscale,training_sparse_testing_sparse,compact,compact,80,0,heldout_val,55000,mnist/vit_small/grayscale/compact/p80/seed0,694dc27d9a4f236ecc5d221449e961b6c7ad432227e4fa6ef7c107c6c6cf3e8a,8655df49c15160cc0eb5b20ce5d618de76f95314abe293be6f4cc882d35015b2,shot_noise,fixed,1,10000,34.199999999999996
mnist,vit_small,grayscale,training_sparse_testing_sparse,compact,compact,80,0,heldout_val,55000,mnist/vit_small/grayscale/compact/p80/seed0,694dc27d9a4f236ecc5d221449e961b6c7ad432227e4fa6ef7c107c6c6cf3e8a,8655df49c15160cc0eb5b20ce5d618de76f95314abe293be6f4cc882d35015b2,impulse_noise,fixed,1,10000,77.16000000000001
mnist,vit_small,grayscale,training_sparse_testing_sparse,compact,compact,80,0,heldout_val,55000,mnist/vit_small/grayscale/compact/p80/seed0,694dc27d9a4f236ecc5d221449e961b6c7ad432227e4fa6ef7c107c6c6cf3e8a,8655df49c15160cc0eb5b20ce5d618de76f95314abe293be6f4cc882d35015b2,glass_blur,fixed,1,10000,61.33
mnist,vit_small,grayscale,training_sparse_testing_sparse,compact,compact,80,0,heldout_val,55000,mnist/vit_small/grayscale/compact/p80/seed0,694dc27d9a4f236ecc5d221449e961b6c7ad432227e4fa6ef7c107c6c6cf3e8a,8655df49c15160cc0eb5b20ce5d618de76f95314abe293be6f4cc882d35015b2,motion_blur,fixed,1,10000,38.05
mnist,vit_small,grayscale,training_sparse_testing_sparse,compact,compact,80,0,heldout_val,55000,mnist/vit_small/grayscale/compact/p80/seed0,694dc27d9a4f236ecc5d221449e961b6c7ad432227e4fa6ef7c107c6c6cf3e8a,8655df49c15160cc0eb5b20ce5d618de76f95314abe293be6f4cc882d35015b2,shear,fixed,1,10000,10.950000000000005
mnist,vit_small,grayscale,training_sparse_testing_sparse,compact,compact,80,0,heldout_val,55000,mnist/vit_small/grayscale/compact/p80/seed0,694dc27d9a4f236ecc5d221449e961b6c7ad432227e4fa6ef7c107c6c6cf3e8a,8655df49c15160cc0eb5b20ce5d618de76f95314abe293be6f4cc882d35015b2,scale,fixed,1,10000,14.339999999999996
mnist,vit_small,grayscale,training_sparse_testing_sparse,compact,compact,80,0,heldout_val,55000,mnist/vit_small/grayscale/compact/p80/seed0,694dc27d9a4f236ecc5d221449e961b6c7ad432227e4fa6ef7c107c6c6cf3e8a,8655df49c15160cc0eb5b20ce5d618de76f95314abe293be6f4cc882d35015b2,rotate,fixed,1,10000,17.169999999999995
mnist,vit_small,grayscale,training_sparse_testing_sparse,compact,compact,80,0,heldout_val,55000,mnist/vit_small/grayscale/compact/p80/seed0,694dc27d9a4f236ecc5d221449e961b6c7ad432227e4fa6ef7c107c6c6cf3e8a,8655df49c15160cc0eb5b20ce5d618de76f95314abe293be6f4cc882d35015b2,brightness,fixed,1,10000,70.77
mnist,vit_small,grayscale,training_sparse_testing_sparse,compact,compact,80,0,heldout_val,55000,mnist/vit_small/grayscale/compact/p80/seed0,694dc27d9a4f236ecc5d221449e961b6c7ad432227e4fa6ef7c107c6c6cf3e8a,8655df49c15160cc0eb5b20ce5d618de76f95314abe293be6f4cc882d35015b2,translate,fixed,1,10000,60.57
mnist,vit_small,grayscale,training_sparse_testing_sparse,compact,compact,80,0,heldout_val,55000,mnist/vit_small/grayscale/compact/p80/seed0,694dc27d9a4f236ecc5d221449e961b6c7ad432227e4fa6ef7c107c6c6cf3e8a,8655df49c15160cc0eb5b20ce5d618de76f95314abe293be6f4cc882d35015b2,stripe,fixed,1,10000,73.41
mnist,vit_small,grayscale,training_sparse_testing_sparse,compact,compact,80,0,heldout_val,55000,mnist/vit_small/grayscale/compact/p80/seed0,694dc27d9a4f236ecc5d221449e961b6c7ad432227e4fa6ef7c107c6c6cf3e8a,8655df49c15160cc0eb5b20ce5d618de76f95314abe293be6f4cc882d35015b2,fog,fixed,1,10000,80.69999999999999
mnist,vit_small,grayscale,training_sparse_testing_sparse,compact,compact,80,0,heldout_val,55000,mnist/vit_small/grayscale/compact/p80/seed0,694dc27d9a4f236ecc5d221449e961b6c7ad432227e4fa6ef7c107c6c6cf3e8a,8655df49c15160cc0eb5b20ce5d618de76f95314abe293be6f4cc882d35015b2,spatter,fixed,1,10000,12.439999999999996
mnist,vit_small,grayscale,training_sparse_testing_sparse,compact,compact,80,0,heldout_val,55000,mnist/vit_small/grayscale/compact/p80/seed0,694dc27d9a4f236ecc5d221449e961b6c7ad432227e4fa6ef7c107c6c6cf3e8a,8655df49c15160cc0eb5b20ce5d618de76f95314abe293be6f4cc882d35015b2,dotted_line,fixed,1,10000,23.69
mnist,vit_small,grayscale,training_sparse_testing_sparse,compact,compact,80,0,heldout_val,55000,mnist/vit_small/grayscale/compact/p80/seed0,694dc27d9a4f236ecc5d221449e961b6c7ad432227e4fa6ef7c107c6c6cf3e8a,8655df49c15160cc0eb5b20ce5d618de76f95314abe293be6f4cc882d35015b2,zigzag,fixed,1,10000,41.949999999999996
mnist,vit_small,grayscale,training_sparse_testing_sparse,compact,compact,80,0,heldout_val,55000,mnist/vit_small/grayscale/compact/p80/seed0,694dc27d9a4f236ecc5d221449e961b6c7ad432227e4fa6ef7c107c6c6cf3e8a,8655df49c15160cc0eb5b20ce5d618de76f95314abe293be6f4cc882d35015b2,canny_edges,fixed,1,10000,61.43000000000001
mnist,vit_small,raw,raw_dense_reference,dense,dense,0,1,heldout_val,55000,mnist/vit_small/raw/dense/pNA/seed1,acbec74b30d2bb2dbba09b75e00a22ce88387ed47cb09fa6403be759a89ac248,30a8f281c2f4a12b308161a4e74780f51269070d10c8b2291ac201ba93d64059,clean,clean,1,10000,1.759999999999995
mnist,vit_small,raw,raw_dense_reference,dense,dense,0,1,heldout_val,55000,mnist/vit_small/raw/dense/pNA/seed1,acbec74b30d2bb2dbba09b75e00a22ce88387ed47cb09fa6403be759a89ac248,30a8f281c2f4a12b308161a4e74780f51269070d10c8b2291ac201ba93d64059,shot_noise,fixed,1,10000,22.360000000000003
mnist,vit_small,raw,raw_dense_reference,dense,dense,0,1,heldout_val,55000,mnist/vit_small/raw/dense/pNA/seed1,acbec74b30d2bb2dbba09b75e00a22ce88387ed47cb09fa6403be759a89ac248,30a8f281c2f4a12b308161a4e74780f51269070d10c8b2291ac201ba93d64059,impulse_noise,fixed,1,10000,47.84
mnist,vit_small,raw,raw_dense_reference,dense,dense,0,1,heldout_val,55000,mnist/vit_small/raw/dense/pNA/seed1,acbec74b30d2bb2dbba09b75e00a22ce88387ed47cb09fa6403be759a89ac248,30a8f281c2f4a12b308161a4e74780f51269070d10c8b2291ac201ba93d64059,glass_blur,fixed,1,10000,24.160000000000004
mnist,vit_small,raw,raw_dense_reference,dense,dense,0,1,heldout_val,55000,mnist/vit_small/raw/dense/pNA/seed1,acbec74b30d2bb2dbba09b75e00a22ce88387ed47cb09fa6403be759a89ac248,30a8f281c2f4a12b308161a4e74780f51269070d10c8b2291ac201ba93d64059,motion_blur,fixed,1,10000,11.129999999999995
mnist,vit_small,raw,raw_dense_reference,dense,dense,0,1,heldout_val,55000,mnist/vit_small/raw/dense/pNA/seed1,acbec74b30d2bb2dbba09b75e00a22ce88387ed47cb09fa6403be759a89ac248,30a8f281c2f4a12b308161a4e74780f51269070d10c8b2291ac201ba93d64059,shear,fixed,1,10000,4.559999999999997
mnist,vit_small,raw,raw_dense_reference,dense,dense,0,1,heldout_val,55000,mnist/vit_small/raw/dense/pNA/seed1,acbec74b30d2bb2dbba09b75e00a22ce88387ed47cb09fa6403be759a89ac248,30a8f281c2f4a12b308161a4e74780f51269070d10c8b2291ac201ba93d64059,scale,fixed,1,10000,17.820000000000004
mnist,vit_small,raw,raw_dense_reference,dense,dense,0,1,heldout_val,55000,mnist/vit_small/raw/dense/pNA/seed1,acbec74b30d2bb2dbba09b75e00a22ce88387ed47cb09fa6403be759a89ac248,30a8f281c2f4a12b308161a4e74780f51269070d10c8b2291ac201ba93d64059,rotate,fixed,1,10000,9.850000000000003
mnist,vit_small,raw,raw_dense_reference,dense,dense,0,1,heldout_val,55000,mnist/vit_small/raw/dense/pNA/seed1,acbec74b30d2bb2dbba09b75e00a22ce88387ed47cb09fa6403be759a89ac248,30a8f281c2f4a12b308161a4e74780f51269070d10c8b2291ac201ba93d64059,brightness,fixed,1,10000,55.06999999999999
mnist,vit_small,raw,raw_dense_reference,dense,dense,0,1,heldout_val,55000,mnist/vit_small/raw/dense/pNA/seed1,acbec74b30d2bb2dbba09b75e00a22ce88387ed47cb09fa6403be759a89ac248,30a8f281c2f4a12b308161a4e74780f51269070d10c8b2291ac201ba93d64059,translate,fixed,1,10000,53.59
mnist,vit_small,raw,raw_dense_reference,dense,dense,0,1,heldout_val,55000,mnist/vit_small/raw/dense/pNA/seed1,acbec74b30d2bb2dbba09b75e00a22ce88387ed47cb09fa6403be759a89ac248,30a8f281c2f4a12b308161a4e74780f51269070d10c8b2291ac201ba93d64059,stripe,fixed,1,10000,25.460000000000004
mnist,vit_small,raw,raw_dense_reference,dense,dense,0,1,heldout_val,55000,mnist/vit_small/raw/dense/pNA/seed1,acbec74b30d2bb2dbba09b75e00a22ce88387ed47cb09fa6403be759a89ac248,30a8f281c2f4a12b308161a4e74780f51269070d10c8b2291ac201ba93d64059,fog,fixed,1,10000,60.41000000000001
mnist,vit_small,raw,raw_dense_reference,dense,dense,0,1,heldout_val,55000,mnist/vit_small/raw/dense/pNA/seed1,acbec74b30d2bb2dbba09b75e00a22ce88387ed47cb09fa6403be759a89ac248,30a8f281c2f4a12b308161a4e74780f51269070d10c8b2291ac201ba93d64059,spatter,fixed,1,10000,4.139999999999999
mnist,vit_small,raw,raw_dense_reference,dense,dense,0,1,heldout_val,55000,mnist/vit_small/raw/dense/pNA/seed1,acbec74b30d2bb2dbba09b75e00a22ce88387ed47cb09fa6403be759a89ac248,30a8f281c2f4a12b308161a4e74780f51269070d10c8b2291ac201ba93d64059,dotted_line,fixed,1,10000,9.619999999999996
mnist,vit_small,raw,raw_dense_reference,dense,dense,0,1,heldout_val,55000,mnist/vit_small/raw/dense/pNA/seed1,acbec74b30d2bb2dbba09b75e00a22ce88387ed47cb09fa6403be759a89ac248,30a8f281c2f4a12b308161a4e74780f51269070d10c8b2291ac201ba93d64059,zigzag,fixed,1,10000,22.35
mnist,vit_small,raw,raw_dense_reference,dense,dense,0,1,heldout_val,55000,mnist/vit_small/raw/dense/pNA/seed1,acbec74b30d2bb2dbba09b75e00a22ce88387ed47cb09fa6403be759a89ac248,30a8f281c2f4a12b308161a4e74780f51269070d10c8b2291ac201ba93d64059,canny_edges,fixed,1,10000,36.6
mnist,vit_small,grayscale,training_sparse_testing_sparse,compact,compact,0,1,heldout_val,55000,mnist/vit_small/grayscale/compact/p0/seed1,bf2631dda7d9d271b18b8e9867cd79e4cb599f961d1d13de860454d586357601,46894ed8e58b9a3d3a51017f67d68a2884c576e01bc3656e967ce685c146046a,clean,clean,1,10000,1.9399999999999973
mnist,vit_small,grayscale,training_sparse_testing_sparse,compact,compact,0,1,heldout_val,55000,mnist/vit_small/grayscale/compact/p0/seed1,bf2631dda7d9d271b18b8e9867cd79e4cb599f961d1d13de860454d586357601,46894ed8e58b9a3d3a51017f67d68a2884c576e01bc3656e967ce685c146046a,shot_noise,fixed,1,10000,31.679999999999996
mnist,vit_small,grayscale,training_sparse_testing_sparse,compact,compact,0,1,heldout_val,55000,mnist/vit_small/grayscale/compact/p0/seed1,bf2631dda7d9d271b18b8e9867cd79e4cb599f961d1d13de860454d586357601,46894ed8e58b9a3d3a51017f67d68a2884c576e01bc3656e967ce685c146046a,impulse_noise,fixed,1,10000,67.00999999999999
mnist,vit_small,grayscale,training_sparse_testing_sparse,compact,compact,0,1,heldout_val,55000,mnist/vit_small/grayscale/compact/p0/seed1,bf2631dda7d9d271b18b8e9867cd79e4cb599f961d1d13de860454d586357601,46894ed8e58b9a3d3a51017f67d68a2884c576e01bc3656e967ce685c146046a,glass_blur,fixed,1,10000,69.19999999999999
mnist,vit_small,grayscale,training_sparse_testing_sparse,compact,compact,0,1,heldout_val,55000,mnist/vit_small/grayscale/compact/p0/seed1,bf2631dda7d9d271b18b8e9867cd79e4cb599f961d1d13de860454d586357601,46894ed8e58b9a3d3a51017f67d68a2884c576e01bc3656e967ce685c146046a,motion_blur,fixed,1,10000,47.8
mnist,vit_small,grayscale,training_sparse_testing_sparse,compact,compact,0,1,heldout_val,55000,mnist/vit_small/grayscale/compact/p0/seed1,bf2631dda7d9d271b18b8e9867cd79e4cb599f961d1d13de860454d586357601,46894ed8e58b9a3d3a51017f67d68a2884c576e01bc3656e967ce685c146046a,shear,fixed,1,10000,9.379999999999999
mnist,vit_small,grayscale,training_sparse_testing_sparse,compact,compact,0,1,heldout_val,55000,mnist/vit_small/grayscale/compact/p0/seed1,bf2631dda7d9d271b18b8e9867cd79e4cb599f961d1d13de860454d586357601,46894ed8e58b9a3d3a51017f67d68a2884c576e01bc3656e967ce685c146046a,scale,fixed,1,10000,14.429999999999998
mnist,vit_small,grayscale,training_sparse_testing_sparse,compact,compact,0,1,heldout_val,55000,mnist/vit_small/grayscale/compact/p0/seed1,bf2631dda7d9d271b18b8e9867cd79e4cb599f961d1d13de860454d586357601,46894ed8e58b9a3d3a51017f67d68a2884c576e01bc3656e967ce685c146046a,rotate,fixed,1,10000,15.069999999999995
mnist,vit_small,grayscale,training_sparse_testing_sparse,compact,compact,0,1,heldout_val,55000,mnist/vit_small/grayscale/compact/p0/seed1,bf2631dda7d9d271b18b8e9867cd79e4cb599f961d1d13de860454d586357601,46894ed8e58b9a3d3a51017f67d68a2884c576e01bc3656e967ce685c146046a,brightness,fixed,1,10000,23.9
mnist,vit_small,grayscale,training_sparse_testing_sparse,compact,compact,0,1,heldout_val,55000,mnist/vit_small/grayscale/compact/p0/seed1,bf2631dda7d9d271b18b8e9867cd79e4cb599f961d1d13de860454d586357601,46894ed8e58b9a3d3a51017f67d68a2884c576e01bc3656e967ce685c146046a,translate,fixed,1,10000,58.48
mnist,vit_small,grayscale,training_sparse_testing_sparse,compact,compact,0,1,heldout_val,55000,mnist/vit_small/grayscale/compact/p0/seed1,bf2631dda7d9d271b18b8e9867cd79e4cb599f961d1d13de860454d586357601,46894ed8e58b9a3d3a51017f67d68a2884c576e01bc3656e967ce685c146046a,stripe,fixed,1,10000,29.459999999999997
mnist,vit_small,grayscale,training_sparse_testing_sparse,compact,compact,0,1,heldout_val,55000,mnist/vit_small/grayscale/compact/p0/seed1,bf2631dda7d9d271b18b8e9867cd79e4cb599f961d1d13de860454d586357601,46894ed8e58b9a3d3a51017f67d68a2884c576e01bc3656e967ce685c146046a,fog,fixed,1,10000,65.36
mnist,vit_small,grayscale,training_sparse_testing_sparse,compact,compact,0,1,heldout_val,55000,mnist/vit_small/grayscale/compact/p0/seed1,bf2631dda7d9d271b18b8e9867cd79e4cb599f961d1d13de860454d586357601,46894ed8e58b9a3d3a51017f67d68a2884c576e01bc3656e967ce685c146046a,spatter,fixed,1,10000,22.78
mnist,vit_small,grayscale,training_sparse_testing_sparse,compact,compact,0,1,heldout_val,55000,mnist/vit_small/grayscale/compact/p0/seed1,bf2631dda7d9d271b18b8e9867cd79e4cb599f961d1d13de860454d586357601,46894ed8e58b9a3d3a51017f67d68a2884c576e01bc3656e967ce685c146046a,dotted_line,fixed,1,10000,20.020000000000003
mnist,vit_small,grayscale,training_sparse_testing_sparse,compact,compact,0,1,heldout_val,55000,mnist/vit_small/grayscale/compact/p0/seed1,bf2631dda7d9d271b18b8e9867cd79e4cb599f961d1d13de860454d586357601,46894ed8e58b9a3d3a51017f67d68a2884c576e01bc3656e967ce685c146046a,zigzag,fixed,1,10000,29.14
mnist,vit_small,grayscale,training_sparse_testing_sparse,compact,compact,0,1,heldout_val,55000,mnist/vit_small/grayscale/compact/p0/seed1,bf2631dda7d9d271b18b8e9867cd79e4cb599f961d1d13de860454d586357601,46894ed8e58b9a3d3a51017f67d68a2884c576e01bc3656e967ce685c146046a,canny_edges,fixed,1,10000,65.35
mnist,vit_small,grayscale,training_sparse_testing_sparse,compact,compact,20,1,heldout_val,55000,mnist/vit_small/grayscale/compact/p20/seed1,85d397db568a4ec3fe96a8ca00716b61df9bbe8f4a257994bcc0c7cabde03e93,72de1d822131f8a4818b2798a94f8bfea2c4ab3de7d59ec12a088c5e29a534e3,clean,clean,1,10000,1.9399999999999973
mnist,vit_small,grayscale,training_sparse_testing_sparse,compact,compact,20,1,heldout_val,55000,mnist/vit_small/grayscale/compact/p20/seed1,85d397db568a4ec3fe96a8ca00716b61df9bbe8f4a257994bcc0c7cabde03e93,72de1d822131f8a4818b2798a94f8bfea2c4ab3de7d59ec12a088c5e29a534e3,shot_noise,fixed,1,10000,31.679999999999996
mnist,vit_small,grayscale,training_sparse_testing_sparse,compact,compact,20,1,heldout_val,55000,mnist/vit_small/grayscale/compact/p20/seed1,85d397db568a4ec3fe96a8ca00716b61df9bbe8f4a257994bcc0c7cabde03e93,72de1d822131f8a4818b2798a94f8bfea2c4ab3de7d59ec12a088c5e29a534e3,impulse_noise,fixed,1,10000,67.00999999999999
mnist,vit_small,grayscale,training_sparse_testing_sparse,compact,compact,20,1,heldout_val,55000,mnist/vit_small/grayscale/compact/p20/seed1,85d397db568a4ec3fe96a8ca00716b61df9bbe8f4a257994bcc0c7cabde03e93,72de1d822131f8a4818b2798a94f8bfea2c4ab3de7d59ec12a088c5e29a534e3,glass_blur,fixed,1,10000,69.19999999999999
mnist,vit_small,grayscale,training_sparse_testing_sparse,compact,compact,20,1,heldout_val,55000,mnist/vit_small/grayscale/compact/p20/seed1,85d397db568a4ec3fe96a8ca00716b61df9bbe8f4a257994bcc0c7cabde03e93,72de1d822131f8a4818b2798a94f8bfea2c4ab3de7d59ec12a088c5e29a534e3,motion_blur,fixed,1,10000,47.8
mnist,vit_small,grayscale,training_sparse_testing_sparse,compact,compact,20,1,heldout_val,55000,mnist/vit_small/grayscale/compact/p20/seed1,85d397db568a4ec3fe96a8ca00716b61df9bbe8f4a257994bcc0c7cabde03e93,72de1d822131f8a4818b2798a94f8bfea2c4ab3de7d59ec12a088c5e29a534e3,shear,fixed,1,10000,9.379999999999999
mnist,vit_small,grayscale,training_sparse_testing_sparse,compact,compact,20,1,heldout_val,55000,mnist/vit_small/grayscale/compact/p20/seed1,85d397db568a4ec3fe96a8ca00716b61df9bbe8f4a257994bcc0c7cabde03e93,72de1d822131f8a4818b2798a94f8bfea2c4ab3de7d59ec12a088c5e29a534e3,scale,fixed,1,10000,14.429999999999998
mnist,vit_small,grayscale,training_sparse_testing_sparse,compact,compact,20,1,heldout_val,55000,mnist/vit_small/grayscale/compact/p20/seed1,85d397db568a4ec3fe96a8ca00716b61df9bbe8f4a257994bcc0c7cabde03e93,72de1d822131f8a4818b2798a94f8bfea2c4ab3de7d59ec12a088c5e29a534e3,rotate,fixed,1,10000,15.069999999999995
mnist,vit_small,grayscale,training_sparse_testing_sparse,compact,compact,20,1,heldout_val,55000,mnist/vit_small/grayscale/compact/p20/seed1,85d397db568a4ec3fe96a8ca00716b61df9bbe8f4a257994bcc0c7cabde03e93,72de1d822131f8a4818b2798a94f8bfea2c4ab3de7d59ec12a088c5e29a534e3,brightness,fixed,1,10000,16.259999999999998
mnist,vit_small,grayscale,training_sparse_testing_sparse,compact,compact,20,1,heldout_val,55000,mnist/vit_small/grayscale/compact/p20/seed1,85d397db568a4ec3fe96a8ca00716b61df9bbe8f4a257994bcc0c7cabde03e93,72de1d822131f8a4818b2798a94f8bfea2c4ab3de7d59ec12a088c5e29a534e3,translate,fixed,1,10000,58.48
mnist,vit_small,grayscale,training_sparse_testing_sparse,compact,compact,20,1,heldout_val,55000,mnist/vit_small/grayscale/compact/p20/seed1,85d397db568a4ec3fe96a8ca00716b61df9bbe8f4a257994bcc0c7cabde03e93,72de1d822131f8a4818b2798a94f8bfea2c4ab3de7d59ec12a088c5e29a534e3,stripe,fixed,1,10000,29.82
mnist,vit_small,grayscale,training_sparse_testing_sparse,compact,compact,20,1,heldout_val,55000,mnist/vit_small/grayscale/compact/p20/seed1,85d397db568a4ec3fe96a8ca00716b61df9bbe8f4a257994bcc0c7cabde03e93,72de1d822131f8a4818b2798a94f8bfea2c4ab3de7d59ec12a088c5e29a534e3,fog,fixed,1,10000,65.13
mnist,vit_small,grayscale,training_sparse_testing_sparse,compact,compact,20,1,heldout_val,55000,mnist/vit_small/grayscale/compact/p20/seed1,85d397db568a4ec3fe96a8ca00716b61df9bbe8f4a257994bcc0c7cabde03e93,72de1d822131f8a4818b2798a94f8bfea2c4ab3de7d59ec12a088c5e29a534e3,spatter,fixed,1,10000,22.78
mnist,vit_small,grayscale,training_sparse_testing_sparse,compact,compact,20,1,heldout_val,55000,mnist/vit_small/grayscale/compact/p20/seed1,85d397db568a4ec3fe96a8ca00716b61df9bbe8f4a257994bcc0c7cabde03e93,72de1d822131f8a4818b2798a94f8bfea2c4ab3de7d59ec12a088c5e29a534e3,dotted_line,fixed,1,10000,20.020000000000003
mnist,vit_small,grayscale,training_sparse_testing_sparse,compact,compact,20,1,heldout_val,55000,mnist/vit_small/grayscale/compact/p20/seed1,85d397db568a4ec3fe96a8ca00716b61df9bbe8f4a257994bcc0c7cabde03e93,72de1d822131f8a4818b2798a94f8bfea2c4ab3de7d59ec12a088c5e29a534e3,zigzag,fixed,1,10000,29.14
mnist,vit_small,grayscale,training_sparse_testing_sparse,compact,compact,20,1,heldout_val,55000,mnist/vit_small/grayscale/compact/p20/seed1,85d397db568a4ec3fe96a8ca00716b61df9bbe8f4a257994bcc0c7cabde03e93,72de1d822131f8a4818b2798a94f8bfea2c4ab3de7d59ec12a088c5e29a534e3,canny_edges,fixed,1,10000,65.35
mnist,vit_small,grayscale,training_sparse_testing_sparse,compact,compact,40,1,heldout_val,55000,mnist/vit_small/grayscale/compact/p40/seed1,233243fa2d015e360abb837b747a6357d5bb6294462a923ffe44380b2aa0988e,ce841bb328c5def0977f9e482bb484d0bd4eada832ce12a8ba790da33d9ab65a,clean,clean,1,10000,1.9399999999999973
mnist,vit_small,grayscale,training_sparse_testing_sparse,compact,compact,40,1,heldout_val,55000,mnist/vit_small/grayscale/compact/p40/seed1,233243fa2d015e360abb837b747a6357d5bb6294462a923ffe44380b2aa0988e,ce841bb328c5def0977f9e482bb484d0bd4eada832ce12a8ba790da33d9ab65a,shot_noise,fixed,1,10000,31.679999999999996
mnist,vit_small,grayscale,training_sparse_testing_sparse,compact,compact,40,1,heldout_val,55000,mnist/vit_small/grayscale/compact/p40/seed1,233243fa2d015e360abb837b747a6357d5bb6294462a923ffe44380b2aa0988e,ce841bb328c5def0977f9e482bb484d0bd4eada832ce12a8ba790da33d9ab65a,impulse_noise,fixed,1,10000,68.96
mnist,vit_small,grayscale,training_sparse_testing_sparse,compact,compact,40,1,heldout_val,55000,mnist/vit_small/grayscale/compact/p40/seed1,233243fa2d015e360abb837b747a6357d5bb6294462a923ffe44380b2aa0988e,ce841bb328c5def0977f9e482bb484d0bd4eada832ce12a8ba790da33d9ab65a,glass_blur,fixed,1,10000,69.31
mnist,vit_small,grayscale,training_sparse_testing_sparse,compact,compact,40,1,heldout_val,55000,mnist/vit_small/grayscale/compact/p40/seed1,233243fa2d015e360abb837b747a6357d5bb6294462a923ffe44380b2aa0988e,ce841bb328c5def0977f9e482bb484d0bd4eada832ce12a8ba790da33d9ab65a,motion_blur,fixed,1,10000,47.69
mnist,vit_small,grayscale,training_sparse_testing_sparse,compact,compact,40,1,heldout_val,55000,mnist/vit_small/grayscale/compact/p40/seed1,233243fa2d015e360abb837b747a6357d5bb6294462a923ffe44380b2aa0988e,ce841bb328c5def0977f9e482bb484d0bd4eada832ce12a8ba790da33d9ab65a,shear,fixed,1,10000,9.379999999999999
mnist,vit_small,grayscale,training_sparse_testing_sparse,compact,compact,40,1,heldout_val,55000,mnist/vit_small/grayscale/compact/p40/seed1,233243fa2d015e360abb837b747a6357d5bb6294462a923ffe44380b2aa0988e,ce841bb328c5def0977f9e482bb484d0bd4eada832ce12a8ba790da33d9ab65a,scale,fixed,1,10000,14.429999999999998
mnist,vit_small,grayscale,training_sparse_testing_sparse,compact,compact,40,1,heldout_val,55000,mnist/vit_small/grayscale/compact/p40/seed1,233243fa2d015e360abb837b747a6357d5bb6294462a923ffe44380b2aa0988e,ce841bb328c5def0977f9e482bb484d0bd4eada832ce12a8ba790da33d9ab65a,rotate,fixed,1,10000,15.069999999999995
mnist,vit_small,grayscale,training_sparse_testing_sparse,compact,compact,40,1,heldout_val,55000,mnist/vit_small/grayscale/compact/p40/seed1,233243fa2d015e360abb837b747a6357d5bb6294462a923ffe44380b2aa0988e,ce841bb328c5def0977f9e482bb484d0bd4eada832ce12a8ba790da33d9ab65a,brightness,fixed,1,10000,18.769999999999996
mnist,vit_small,grayscale,training_sparse_testing_sparse,compact,compact,40,1,heldout_val,55000,mnist/vit_small/grayscale/compact/p40/seed1,233243fa2d015e360abb837b747a6357d5bb6294462a923ffe44380b2aa0988e,ce841bb328c5def0977f9e482bb484d0bd4eada832ce12a8ba790da33d9ab65a,translate,fixed,1,10000,58.48
mnist,vit_small,grayscale,training_sparse_testing_sparse,compact,compact,40,1,heldout_val,55000,mnist/vit_small/grayscale/compact/p40/seed1,233243fa2d015e360abb837b747a6357d5bb6294462a923ffe44380b2aa0988e,ce841bb328c5def0977f9e482bb484d0bd4eada832ce12a8ba790da33d9ab65a,stripe,fixed,1,10000,22.440000000000005
mnist,vit_small,grayscale,training_sparse_testing_sparse,compact,compact,40,1,heldout_val,55000,mnist/vit_small/grayscale/compact/p40/seed1,233243fa2d015e360abb837b747a6357d5bb6294462a923ffe44380b2aa0988e,ce841bb328c5def0977f9e482bb484d0bd4eada832ce12a8ba790da33d9ab65a,fog,fixed,1,10000,60.27
mnist,vit_small,grayscale,training_sparse_testing_sparse,compact,compact,40,1,heldout_val,55000,mnist/vit_small/grayscale/compact/p40/seed1,233243fa2d015e360abb837b747a6357d5bb6294462a923ffe44380b2aa0988e,ce841bb328c5def0977f9e482bb484d0bd4eada832ce12a8ba790da33d9ab65a,spatter,fixed,1,10000,22.650000000000002
mnist,vit_small,grayscale,training_sparse_testing_sparse,compact,compact,40,1,heldout_val,55000,mnist/vit_small/grayscale/compact/p40/seed1,233243fa2d015e360abb837b747a6357d5bb6294462a923ffe44380b2aa0988e,ce841bb328c5def0977f9e482bb484d0bd4eada832ce12a8ba790da33d9ab65a,dotted_line,fixed,1,10000,20.020000000000003
mnist,vit_small,grayscale,training_sparse_testing_sparse,compact,compact,40,1,heldout_val,55000,mnist/vit_small/grayscale/compact/p40/seed1,233243fa2d015e360abb837b747a6357d5bb6294462a923ffe44380b2aa0988e,ce841bb328c5def0977f9e482bb484d0bd4eada832ce12a8ba790da33d9ab65a,zigzag,fixed,1,10000,29.14
mnist,vit_small,grayscale,training_sparse_testing_sparse,compact,compact,40,1,heldout_val,55000,mnist/vit_small/grayscale/compact/p40/seed1,233243fa2d015e360abb837b747a6357d5bb6294462a923ffe44380b2aa0988e,ce841bb328c5def0977f9e482bb484d0bd4eada832ce12a8ba790da33d9ab65a,canny_edges,fixed,1,10000,65.35
mnist,vit_small,grayscale,training_sparse_testing_sparse,compact,compact,60,1,heldout_val,55000,mnist/vit_small/grayscale/compact/p60/seed1,66e6885335ee192ef804d57a4fd73933274d87c1bd9652e940e8e6c807a2b88e,0c5945c6cb8170f42ef79cc9d31c8d84ae19b0166ae107df3ff00a879f080070,clean,clean,1,10000,2.2499999999999964
mnist,vit_small,grayscale,training_sparse_testing_sparse,compact,compact,60,1,heldout_val,55000,mnist/vit_small/grayscale/compact/p60/seed1,66e6885335ee192ef804d57a4fd73933274d87c1bd9652e940e8e6c807a2b88e,0c5945c6cb8170f42ef79cc9d31c8d84ae19b0166ae107df3ff00a879f080070,shot_noise,fixed,1,10000,34.099999999999994
mnist,vit_small,grayscale,training_sparse_testing_sparse,compact,compact,60,1,heldout_val,55000,mnist/vit_small/grayscale/compact/p60/seed1,66e6885335ee192ef804d57a4fd73933274d87c1bd9652e940e8e6c807a2b88e,0c5945c6cb8170f42ef79cc9d31c8d84ae19b0166ae107df3ff00a879f080070,impulse_noise,fixed,1,10000,73.49
mnist,vit_small,grayscale,training_sparse_testing_sparse,compact,compact,60,1,heldout_val,55000,mnist/vit_small/grayscale/compact/p60/seed1,66e6885335ee192ef804d57a4fd73933274d87c1bd9652e940e8e6c807a2b88e,0c5945c6cb8170f42ef79cc9d31c8d84ae19b0166ae107df3ff00a879f080070,glass_blur,fixed,1,10000,63.99
mnist,vit_small,grayscale,training_sparse_testing_sparse,compact,compact,60,1,heldout_val,55000,mnist/vit_small/grayscale/compact/p60/seed1,66e6885335ee192ef804d57a4fd73933274d87c1bd9652e940e8e6c807a2b88e,0c5945c6cb8170f42ef79cc9d31c8d84ae19b0166ae107df3ff00a879f080070,motion_blur,fixed,1,10000,41.36
mnist,vit_small,grayscale,training_sparse_testing_sparse,compact,compact,60,1,heldout_val,55000,mnist/vit_small/grayscale/compact/p60/seed1,66e6885335ee192ef804d57a4fd73933274d87c1bd9652e940e8e6c807a2b88e,0c5945c6cb8170f42ef79cc9d31c8d84ae19b0166ae107df3ff00a879f080070,shear,fixed,1,10000,9.17
mnist,vit_small,grayscale,training_sparse_testing_sparse,compact,compact,60,1,heldout_val,55000,mnist/vit_small/grayscale/compact/p60/seed1,66e6885335ee192ef804d57a4fd73933274d87c1bd9652e940e8e6c807a2b88e,0c5945c6cb8170f42ef79cc9d31c8d84ae19b0166ae107df3ff00a879f080070,scale,fixed,1,10000,14.91
mnist,vit_small,grayscale,training_sparse_testing_sparse,compact,compact,60,1,heldout_val,55000,mnist/vit_small/grayscale/compact/p60/seed1,66e6885335ee192ef804d57a4fd73933274d87c1bd9652e940e8e6c807a2b88e,0c5945c6cb8170f42ef79cc9d31c8d84ae19b0166ae107df3ff00a879f080070,rotate,fixed,1,10000,15.610000000000001
mnist,vit_small,grayscale,training_sparse_testing_sparse,compact,compact,60,1,heldout_val,55000,mnist/vit_small/grayscale/compact/p60/seed1,66e6885335ee192ef804d57a4fd73933274d87c1bd9652e940e8e6c807a2b88e,0c5945c6cb8170f42ef79cc9d31c8d84ae19b0166ae107df3ff00a879f080070,brightness,fixed,1,10000,18.97
mnist,vit_small,grayscale,training_sparse_testing_sparse,compact,compact,60,1,heldout_val,55000,mnist/vit_small/grayscale/compact/p60/seed1,66e6885335ee192ef804d57a4fd73933274d87c1bd9652e940e8e6c807a2b88e,0c5945c6cb8170f42ef79cc9d31c8d84ae19b0166ae107df3ff00a879f080070,translate,fixed,1,10000,57.709999999999994
mnist,vit_small,grayscale,training_sparse_testing_sparse,compact,compact,60,1,heldout_val,55000,mnist/vit_small/grayscale/compact/p60/seed1,66e6885335ee192ef804d57a4fd73933274d87c1bd9652e940e8e6c807a2b88e,0c5945c6cb8170f42ef79cc9d31c8d84ae19b0166ae107df3ff00a879f080070,stripe,fixed,1,10000,32.84
mnist,vit_small,grayscale,training_sparse_testing_sparse,compact,compact,60,1,heldout_val,55000,mnist/vit_small/grayscale/compact/p60/seed1,66e6885335ee192ef804d57a4fd73933274d87c1bd9652e940e8e6c807a2b88e,0c5945c6cb8170f42ef79cc9d31c8d84ae19b0166ae107df3ff00a879f080070,fog,fixed,1,10000,61.01
mnist,vit_small,grayscale,training_sparse_testing_sparse,compact,compact,60,1,heldout_val,55000,mnist/vit_small/grayscale/compact/p60/seed1,66e6885335ee192ef804d57a4fd73933274d87c1bd9652e940e8e6c807a2b88e,0c5945c6cb8170f42ef79cc9d31c8d84ae19b0166ae107df3ff00a879f080070,spatter,fixed,1,10000,18.879999999999995
mnist,vit_small,grayscale,training_sparse_testing_sparse,compact,compact,60,1,heldout_val,55000,mnist/vit_small/grayscale/compact/p60/seed1,66e6885335ee192ef804d57a4fd73933274d87c1bd9652e940e8e6c807a2b88e,0c5945c6cb8170f42ef79cc9d31c8d84ae19b0166ae107df3ff00a879f080070,dotted_line,fixed,1,10000,17.889999999999993
mnist,vit_small,grayscale,training_sparse_testing_sparse,compact,compact,60,1,heldout_val,55000,mnist/vit_small/grayscale/compact/p60/seed1,66e6885335ee192ef804d57a4fd73933274d87c1bd9652e940e8e6c807a2b88e,0c5945c6cb8170f42ef79cc9d31c8d84ae19b0166ae107df3ff00a879f080070,zigzag,fixed,1,10000,28.669999999999995
mnist,vit_small,grayscale,training_sparse_testing_sparse,compact,compact,60,1,heldout_val,55000,mnist/vit_small/grayscale/compact/p60/seed1,66e6885335ee192ef804d57a4fd73933274d87c1bd9652e940e8e6c807a2b88e,0c5945c6cb8170f42ef79cc9d31c8d84ae19b0166ae107df3ff00a879f080070,canny_edges,fixed,1,10000,67.83
mnist,vit_small,grayscale,training_sparse_testing_sparse,compact,compact,80,1,heldout_val,55000,mnist/vit_small/grayscale/compact/p80/seed1,9cb149f2bc6655e3c1934f6b83342a40c5948fa02e4d0ad570b6e8dcc9d91f4d,6a8b9505e2d0d092d0236aea6d90dee8ff4e8c9647d9da2e5b2891fe7691e3d6,clean,clean,1,10000,2.3800000000000043
mnist,vit_small,grayscale,training_sparse_testing_sparse,compact,compact,80,1,heldout_val,55000,mnist/vit_small/grayscale/compact/p80/seed1,9cb149f2bc6655e3c1934f6b83342a40c5948fa02e4d0ad570b6e8dcc9d91f4d,6a8b9505e2d0d092d0236aea6d90dee8ff4e8c9647d9da2e5b2891fe7691e3d6,shot_noise,fixed,1,10000,34.43000000000001
mnist,vit_small,grayscale,training_sparse_testing_sparse,compact,compact,80,1,heldout_val,55000,mnist/vit_small/grayscale/compact/p80/seed1,9cb149f2bc6655e3c1934f6b83342a40c5948fa02e4d0ad570b6e8dcc9d91f4d,6a8b9505e2d0d092d0236aea6d90dee8ff4e8c9647d9da2e5b2891fe7691e3d6,impulse_noise,fixed,1,10000,73.18
mnist,vit_small,grayscale,training_sparse_testing_sparse,compact,compact,80,1,heldout_val,55000,mnist/vit_small/grayscale/compact/p80/seed1,9cb149f2bc6655e3c1934f6b83342a40c5948fa02e4d0ad570b6e8dcc9d91f4d,6a8b9505e2d0d092d0236aea6d90dee8ff4e8c9647d9da2e5b2891fe7691e3d6,glass_blur,fixed,1,10000,59.73
mnist,vit_small,grayscale,training_sparse_testing_sparse,compact,compact,80,1,heldout_val,55000,mnist/vit_small/grayscale/compact/p80/seed1,9cb149f2bc6655e3c1934f6b83342a40c5948fa02e4d0ad570b6e8dcc9d91f4d,6a8b9505e2d0d092d0236aea6d90dee8ff4e8c9647d9da2e5b2891fe7691e3d6,motion_blur,fixed,1,10000,47.0
mnist,vit_small,grayscale,training_sparse_testing_sparse,compact,compact,80,1,heldout_val,55000,mnist/vit_small/grayscale/compact/p80/seed1,9cb149f2bc6655e3c1934f6b83342a40c5948fa02e4d0ad570b6e8dcc9d91f4d,6a8b9505e2d0d092d0236aea6d90dee8ff4e8c9647d9da2e5b2891fe7691e3d6,shear,fixed,1,10000,12.450000000000006
mnist,vit_small,grayscale,training_sparse_testing_sparse,compact,compact,80,1,heldout_val,55000,mnist/vit_small/grayscale/compact/p80/seed1,9cb149f2bc6655e3c1934f6b83342a40c5948fa02e4d0ad570b6e8dcc9d91f4d,6a8b9505e2d0d092d0236aea6d90dee8ff4e8c9647d9da2e5b2891fe7691e3d6,scale,fixed,1,10000,15.200000000000003
mnist,vit_small,grayscale,training_sparse_testing_sparse,compact,compact,80,1,heldout_val,55000,mnist/vit_small/grayscale/compact/p80/seed1,9cb149f2bc6655e3c1934f6b83342a40c5948fa02e4d0ad570b6e8dcc9d91f4d,6a8b9505e2d0d092d0236aea6d90dee8ff4e8c9647d9da2e5b2891fe7691e3d6,rotate,fixed,1,10000,18.510000000000005
mnist,vit_small,grayscale,training_sparse_testing_sparse,compact,compact,80,1,heldout_val,55000,mnist/vit_small/grayscale/compact/p80/seed1,9cb149f2bc6655e3c1934f6b83342a40c5948fa02e4d0ad570b6e8dcc9d91f4d,6a8b9505e2d0d092d0236aea6d90dee8ff4e8c9647d9da2e5b2891fe7691e3d6,brightness,fixed,1,10000,81.53
mnist,vit_small,grayscale,training_sparse_testing_sparse,compact,compact,80,1,heldout_val,55000,mnist/vit_small/grayscale/compact/p80/seed1,9cb149f2bc6655e3c1934f6b83342a40c5948fa02e4d0ad570b6e8dcc9d91f4d,6a8b9505e2d0d092d0236aea6d90dee8ff4e8c9647d9da2e5b2891fe7691e3d6,translate,fixed,1,10000,60.230000000000004
mnist,vit_small,grayscale,training_sparse_testing_sparse,compact,compact,80,1,heldout_val,55000,mnist/vit_small/grayscale/compact/p80/seed1,9cb149f2bc6655e3c1934f6b83342a40c5948fa02e4d0ad570b6e8dcc9d91f4d,6a8b9505e2d0d092d0236aea6d90dee8ff4e8c9647d9da2e5b2891fe7691e3d6,stripe,fixed,1,10000,79.21000000000001
mnist,vit_small,grayscale,training_sparse_testing_sparse,compact,compact,80,1,heldout_val,55000,mnist/vit_small/grayscale/compact/p80/seed1,9cb149f2bc6655e3c1934f6b83342a40c5948fa02e4d0ad570b6e8dcc9d91f4d,6a8b9505e2d0d092d0236aea6d90dee8ff4e8c9647d9da2e5b2891fe7691e3d6,fog,fixed,1,10000,88.27000000000001
mnist,vit_small,grayscale,training_sparse_testing_sparse,compact,compact,80,1,heldout_val,55000,mnist/vit_small/grayscale/compact/p80/seed1,9cb149f2bc6655e3c1934f6b83342a40c5948fa02e4d0ad570b6e8dcc9d91f4d,6a8b9505e2d0d092d0236aea6d90dee8ff4e8c9647d9da2e5b2891fe7691e3d6,spatter,fixed,1,10000,11.470000000000002
mnist,vit_small,grayscale,training_sparse_testing_sparse,compact,compact,80,1,heldout_val,55000,mnist/vit_small/grayscale/compact/p80/seed1,9cb149f2bc6655e3c1934f6b83342a40c5948fa02e4d0ad570b6e8dcc9d91f4d,6a8b9505e2d0d092d0236aea6d90dee8ff4e8c9647d9da2e5b2891fe7691e3d6,dotted_line,fixed,1,10000,22.46
mnist,vit_small,grayscale,training_sparse_testing_sparse,compact,compact,80,1,heldout_val,55000,mnist/vit_small/grayscale/compact/p80/seed1,9cb149f2bc6655e3c1934f6b83342a40c5948fa02e4d0ad570b6e8dcc9d91f4d,6a8b9505e2d0d092d0236aea6d90dee8ff4e8c9647d9da2e5b2891fe7691e3d6,zigzag,fixed,1,10000,40.559999999999995
mnist,vit_small,grayscale,training_sparse_testing_sparse,compact,compact,80,1,heldout_val,55000,mnist/vit_small/grayscale/compact/p80/seed1,9cb149f2bc6655e3c1934f6b83342a40c5948fa02e4d0ad570b6e8dcc9d91f4d,6a8b9505e2d0d092d0236aea6d90dee8ff4e8c9647d9da2e5b2891fe7691e3d6,canny_edges,fixed,1,10000,49.86000000000001
mnist,vit_small,raw,raw_dense_reference,dense,dense,0,2,heldout_val,55000,mnist/vit_small/raw/dense/pNA/seed2,63bb2214a8ab262e48865109fcf46769e97d9659bc9e8d3557e8cd23394adc56,62004fa6b787a704ff5ee13663dbbc1aeaa90c7b0b292b27c4d9b1a1f63a9d13,clean,clean,1,10000,1.6599999999999948
mnist,vit_small,raw,raw_dense_reference,dense,dense,0,2,heldout_val,55000,mnist/vit_small/raw/dense/pNA/seed2,63bb2214a8ab262e48865109fcf46769e97d9659bc9e8d3557e8cd23394adc56,62004fa6b787a704ff5ee13663dbbc1aeaa90c7b0b292b27c4d9b1a1f63a9d13,shot_noise,fixed,1,10000,24.709999999999997
mnist,vit_small,raw,raw_dense_reference,dense,dense,0,2,heldout_val,55000,mnist/vit_small/raw/dense/pNA/seed2,63bb2214a8ab262e48865109fcf46769e97d9659bc9e8d3557e8cd23394adc56,62004fa6b787a704ff5ee13663dbbc1aeaa90c7b0b292b27c4d9b1a1f63a9d13,impulse_noise,fixed,1,10000,55.010000000000005
mnist,vit_small,raw,raw_dense_reference,dense,dense,0,2,heldout_val,55000,mnist/vit_small/raw/dense/pNA/seed2,63bb2214a8ab262e48865109fcf46769e97d9659bc9e8d3557e8cd23394adc56,62004fa6b787a704ff5ee13663dbbc1aeaa90c7b0b292b27c4d9b1a1f63a9d13,glass_blur,fixed,1,10000,24.139999999999993
mnist,vit_small,raw,raw_dense_reference,dense,dense,0,2,heldout_val,55000,mnist/vit_small/raw/dense/pNA/seed2,63bb2214a8ab262e48865109fcf46769e97d9659bc9e8d3557e8cd23394adc56,62004fa6b787a704ff5ee13663dbbc1aeaa90c7b0b292b27c4d9b1a1f63a9d13,motion_blur,fixed,1,10000,12.409999999999998
mnist,vit_small,raw,raw_dense_reference,dense,dense,0,2,heldout_val,55000,mnist/vit_small/raw/dense/pNA/seed2,63bb2214a8ab262e48865109fcf46769e97d9659bc9e8d3557e8cd23394adc56,62004fa6b787a704ff5ee13663dbbc1aeaa90c7b0b292b27c4d9b1a1f63a9d13,shear,fixed,1,10000,3.5900000000000043
mnist,vit_small,raw,raw_dense_reference,dense,dense,0,2,heldout_val,55000,mnist/vit_small/raw/dense/pNA/seed2,63bb2214a8ab262e48865109fcf46769e97d9659bc9e8d3557e8cd23394adc56,62004fa6b787a704ff5ee13663dbbc1aeaa90c7b0b292b27c4d9b1a1f63a9d13,scale,fixed,1,10000,14.090000000000003
mnist,vit_small,raw,raw_dense_reference,dense,dense,0,2,heldout_val,55000,mnist/vit_small/raw/dense/pNA/seed2,63bb2214a8ab262e48865109fcf46769e97d9659bc9e8d3557e8cd23394adc56,62004fa6b787a704ff5ee13663dbbc1aeaa90c7b0b292b27c4d9b1a1f63a9d13,rotate,fixed,1,10000,9.430000000000005
mnist,vit_small,raw,raw_dense_reference,dense,dense,0,2,heldout_val,55000,mnist/vit_small/raw/dense/pNA/seed2,63bb2214a8ab262e48865109fcf46769e97d9659bc9e8d3557e8cd23394adc56,62004fa6b787a704ff5ee13663dbbc1aeaa90c7b0b292b27c4d9b1a1f63a9d13,brightness,fixed,1,10000,52.51
mnist,vit_small,raw,raw_dense_reference,dense,dense,0,2,heldout_val,55000,mnist/vit_small/raw/dense/pNA/seed2,63bb2214a8ab262e48865109fcf46769e97d9659bc9e8d3557e8cd23394adc56,62004fa6b787a704ff5ee13663dbbc1aeaa90c7b0b292b27c4d9b1a1f63a9d13,translate,fixed,1,10000,53.790000000000006
mnist,vit_small,raw,raw_dense_reference,dense,dense,0,2,heldout_val,55000,mnist/vit_small/raw/dense/pNA/seed2,63bb2214a8ab262e48865109fcf46769e97d9659bc9e8d3557e8cd23394adc56,62004fa6b787a704ff5ee13663dbbc1aeaa90c7b0b292b27c4d9b1a1f63a9d13,stripe,fixed,1,10000,21.47
mnist,vit_small,raw,raw_dense_reference,dense,dense,0,2,heldout_val,55000,mnist/vit_small/raw/dense/pNA/seed2,63bb2214a8ab262e48865109fcf46769e97d9659bc9e8d3557e8cd23394adc56,62004fa6b787a704ff5ee13663dbbc1aeaa90c7b0b292b27c4d9b1a1f63a9d13,fog,fixed,1,10000,60.31999999999999
mnist,vit_small,raw,raw_dense_reference,dense,dense,0,2,heldout_val,55000,mnist/vit_small/raw/dense/pNA/seed2,63bb2214a8ab262e48865109fcf46769e97d9659bc9e8d3557e8cd23394adc56,62004fa6b787a704ff5ee13663dbbc1aeaa90c7b0b292b27c4d9b1a1f63a9d13,spatter,fixed,1,10000,3.5499999999999976
mnist,vit_small,raw,raw_dense_reference,dense,dense,0,2,heldout_val,55000,mnist/vit_small/raw/dense/pNA/seed2,63bb2214a8ab262e48865109fcf46769e97d9659bc9e8d3557e8cd23394adc56,62004fa6b787a704ff5ee13663dbbc1aeaa90c7b0b292b27c4d9b1a1f63a9d13,dotted_line,fixed,1,10000,7.199999999999996
mnist,vit_small,raw,raw_dense_reference,dense,dense,0,2,heldout_val,55000,mnist/vit_small/raw/dense/pNA/seed2,63bb2214a8ab262e48865109fcf46769e97d9659bc9e8d3557e8cd23394adc56,62004fa6b787a704ff5ee13663dbbc1aeaa90c7b0b292b27c4d9b1a1f63a9d13,zigzag,fixed,1,10000,22.240000000000006
mnist,vit_small,raw,raw_dense_reference,dense,dense,0,2,heldout_val,55000,mnist/vit_small/raw/dense/pNA/seed2,63bb2214a8ab262e48865109fcf46769e97d9659bc9e8d3557e8cd23394adc56,62004fa6b787a704ff5ee13663dbbc1aeaa90c7b0b292b27c4d9b1a1f63a9d13,canny_edges,fixed,1,10000,44.98
mnist,vit_small,grayscale,training_sparse_testing_sparse,compact,compact,0,2,heldout_val,55000,mnist/vit_small/grayscale/compact/p0/seed2,d40eaf4227e611b4235f679e1f5b2f9f68901fb6a89907585a7aca9162a6769c,3b7406c877e78f0bd976d436a0cb1901bf16f4b32fdcef07d9d01e73bda87ba9,clean,clean,1,10000,1.8399999999999972
mnist,vit_small,grayscale,training_sparse_testing_sparse,compact,compact,0,2,heldout_val,55000,mnist/vit_small/grayscale/compact/p0/seed2,d40eaf4227e611b4235f679e1f5b2f9f68901fb6a89907585a7aca9162a6769c,3b7406c877e78f0bd976d436a0cb1901bf16f4b32fdcef07d9d01e73bda87ba9,shot_noise,fixed,1,10000,31.15
mnist,vit_small,grayscale,training_sparse_testing_sparse,compact,compact,0,2,heldout_val,55000,mnist/vit_small/grayscale/compact/p0/seed2,d40eaf4227e611b4235f679e1f5b2f9f68901fb6a89907585a7aca9162a6769c,3b7406c877e78f0bd976d436a0cb1901bf16f4b32fdcef07d9d01e73bda87ba9,impulse_noise,fixed,1,10000,68.51
mnist,vit_small,grayscale,training_sparse_testing_sparse,compact,compact,0,2,heldout_val,55000,mnist/vit_small/grayscale/compact/p0/seed2,d40eaf4227e611b4235f679e1f5b2f9f68901fb6a89907585a7aca9162a6769c,3b7406c877e78f0bd976d436a0cb1901bf16f4b32fdcef07d9d01e73bda87ba9,glass_blur,fixed,1,10000,72.54
mnist,vit_small,grayscale,training_sparse_testing_sparse,compact,compact,0,2,heldout_val,55000,mnist/vit_small/grayscale/compact/p0/seed2,d40eaf4227e611b4235f679e1f5b2f9f68901fb6a89907585a7aca9162a6769c,3b7406c877e78f0bd976d436a0cb1901bf16f4b32fdcef07d9d01e73bda87ba9,motion_blur,fixed,1,10000,36.309999999999995
mnist,vit_small,grayscale,training_sparse_testing_sparse,compact,compact,0,2,heldout_val,55000,mnist/vit_small/grayscale/compact/p0/seed2,d40eaf4227e611b4235f679e1f5b2f9f68901fb6a89907585a7aca9162a6769c,3b7406c877e78f0bd976d436a0cb1901bf16f4b32fdcef07d9d01e73bda87ba9,shear,fixed,1,10000,9.540000000000004
mnist,vit_small,grayscale,training_sparse_testing_sparse,compact,compact,0,2,heldout_val,55000,mnist/vit_small/grayscale/compact/p0/seed2,d40eaf4227e611b4235f679e1f5b2f9f68901fb6a89907585a7aca9162a6769c,3b7406c877e78f0bd976d436a0cb1901bf16f4b32fdcef07d9d01e73bda87ba9,scale,fixed,1,10000,14.700000000000003
mnist,vit_small,grayscale,training_sparse_testing_sparse,compact,compact,0,2,heldout_val,55000,mnist/vit_small/grayscale/compact/p0/seed2,d40eaf4227e611b4235f679e1f5b2f9f68901fb6a89907585a7aca9162a6769c,3b7406c877e78f0bd976d436a0cb1901bf16f4b32fdcef07d9d01e73bda87ba9,rotate,fixed,1,10000,15.43
mnist,vit_small,grayscale,training_sparse_testing_sparse,compact,compact,0,2,heldout_val,55000,mnist/vit_small/grayscale/compact/p0/seed2,d40eaf4227e611b4235f679e1f5b2f9f68901fb6a89907585a7aca9162a6769c,3b7406c877e78f0bd976d436a0cb1901bf16f4b32fdcef07d9d01e73bda87ba9,brightness,fixed,1,10000,35.73
mnist,vit_small,grayscale,training_sparse_testing_sparse,compact,compact,0,2,heldout_val,55000,mnist/vit_small/grayscale/compact/p0/seed2,d40eaf4227e611b4235f679e1f5b2f9f68901fb6a89907585a7aca9162a6769c,3b7406c877e78f0bd976d436a0cb1901bf16f4b32fdcef07d9d01e73bda87ba9,translate,fixed,1,10000,57.36
mnist,vit_small,grayscale,training_sparse_testing_sparse,compact,compact,0,2,heldout_val,55000,mnist/vit_small/grayscale/compact/p0/seed2,d40eaf4227e611b4235f679e1f5b2f9f68901fb6a89907585a7aca9162a6769c,3b7406c877e78f0bd976d436a0cb1901bf16f4b32fdcef07d9d01e73bda87ba9,stripe,fixed,1,10000,29.310000000000002
mnist,vit_small,grayscale,training_sparse_testing_sparse,compact,compact,0,2,heldout_val,55000,mnist/vit_small/grayscale/compact/p0/seed2,d40eaf4227e611b4235f679e1f5b2f9f68901fb6a89907585a7aca9162a6769c,3b7406c877e78f0bd976d436a0cb1901bf16f4b32fdcef07d9d01e73bda87ba9,fog,fixed,1,10000,81.47
mnist,vit_small,grayscale,training_sparse_testing_sparse,compact,compact,0,2,heldout_val,55000,mnist/vit_small/grayscale/compact/p0/seed2,d40eaf4227e611b4235f679e1f5b2f9f68901fb6a89907585a7aca9162a6769c,3b7406c877e78f0bd976d436a0cb1901bf16f4b32fdcef07d9d01e73bda87ba9,spatter,fixed,1,10000,24.329999999999995
mnist,vit_small,grayscale,training_sparse_testing_sparse,compact,compact,0,2,heldout_val,55000,mnist/vit_small/grayscale/compact/p0/seed2,d40eaf4227e611b4235f679e1f5b2f9f68901fb6a89907585a7aca9162a6769c,3b7406c877e78f0bd976d436a0cb1901bf16f4b32fdcef07d9d01e73bda87ba9,dotted_line,fixed,1,10000,18.379999999999995
mnist,vit_small,grayscale,training_sparse_testing_sparse,compact,compact,0,2,heldout_val,55000,mnist/vit_small/grayscale/compact/p0/seed2,d40eaf4227e611b4235f679e1f5b2f9f68901fb6a89907585a7aca9162a6769c,3b7406c877e78f0bd976d436a0cb1901bf16f4b32fdcef07d9d01e73bda87ba9,zigzag,fixed,1,10000,28.249999999999996
mnist,vit_small,grayscale,training_sparse_testing_sparse,compact,compact,0,2,heldout_val,55000,mnist/vit_small/grayscale/compact/p0/seed2,d40eaf4227e611b4235f679e1f5b2f9f68901fb6a89907585a7aca9162a6769c,3b7406c877e78f0bd976d436a0cb1901bf16f4b32fdcef07d9d01e73bda87ba9,canny_edges,fixed,1,10000,71.06
mnist,vit_small,grayscale,training_sparse_testing_sparse,compact,compact,20,2,heldout_val,55000,mnist/vit_small/grayscale/compact/p20/seed2,672f68b944883bd1e1017b6e840bfaa889f1f1b3d4e974d6972d2b800dec3ca2,141a03bd715434450ead1549c2e474723bde11c7c1ca90d3bce9d8c032f27766,clean,clean,1,10000,1.8399999999999972
mnist,vit_small,grayscale,training_sparse_testing_sparse,compact,compact,20,2,heldout_val,55000,mnist/vit_small/grayscale/compact/p20/seed2,672f68b944883bd1e1017b6e840bfaa889f1f1b3d4e974d6972d2b800dec3ca2,141a03bd715434450ead1549c2e474723bde11c7c1ca90d3bce9d8c032f27766,shot_noise,fixed,1,10000,31.15
mnist,vit_small,grayscale,training_sparse_testing_sparse,compact,compact,20,2,heldout_val,55000,mnist/vit_small/grayscale/compact/p20/seed2,672f68b944883bd1e1017b6e840bfaa889f1f1b3d4e974d6972d2b800dec3ca2,141a03bd715434450ead1549c2e474723bde11c7c1ca90d3bce9d8c032f27766,impulse_noise,fixed,1,10000,68.51
mnist,vit_small,grayscale,training_sparse_testing_sparse,compact,compact,20,2,heldout_val,55000,mnist/vit_small/grayscale/compact/p20/seed2,672f68b944883bd1e1017b6e840bfaa889f1f1b3d4e974d6972d2b800dec3ca2,141a03bd715434450ead1549c2e474723bde11c7c1ca90d3bce9d8c032f27766,glass_blur,fixed,1,10000,72.54
mnist,vit_small,grayscale,training_sparse_testing_sparse,compact,compact,20,2,heldout_val,55000,mnist/vit_small/grayscale/compact/p20/seed2,672f68b944883bd1e1017b6e840bfaa889f1f1b3d4e974d6972d2b800dec3ca2,141a03bd715434450ead1549c2e474723bde11c7c1ca90d3bce9d8c032f27766,motion_blur,fixed,1,10000,36.309999999999995
mnist,vit_small,grayscale,training_sparse_testing_sparse,compact,compact,20,2,heldout_val,55000,mnist/vit_small/grayscale/compact/p20/seed2,672f68b944883bd1e1017b6e840bfaa889f1f1b3d4e974d6972d2b800dec3ca2,141a03bd715434450ead1549c2e474723bde11c7c1ca90d3bce9d8c032f27766,shear,fixed,1,10000,9.540000000000004
mnist,vit_small,grayscale,training_sparse_testing_sparse,compact,compact,20,2,heldout_val,55000,mnist/vit_small/grayscale/compact/p20/seed2,672f68b944883bd1e1017b6e840bfaa889f1f1b3d4e974d6972d2b800dec3ca2,141a03bd715434450ead1549c2e474723bde11c7c1ca90d3bce9d8c032f27766,scale,fixed,1,10000,14.700000000000003
mnist,vit_small,grayscale,training_sparse_testing_sparse,compact,compact,20,2,heldout_val,55000,mnist/vit_small/grayscale/compact/p20/seed2,672f68b944883bd1e1017b6e840bfaa889f1f1b3d4e974d6972d2b800dec3ca2,141a03bd715434450ead1549c2e474723bde11c7c1ca90d3bce9d8c032f27766,rotate,fixed,1,10000,15.43
mnist,vit_small,grayscale,training_sparse_testing_sparse,compact,compact,20,2,heldout_val,55000,mnist/vit_small/grayscale/compact/p20/seed2,672f68b944883bd1e1017b6e840bfaa889f1f1b3d4e974d6972d2b800dec3ca2,141a03bd715434450ead1549c2e474723bde11c7c1ca90d3bce9d8c032f27766,brightness,fixed,1,10000,22.98
mnist,vit_small,grayscale,training_sparse_testing_sparse,compact,compact,20,2,heldout_val,55000,mnist/vit_small/grayscale/compact/p20/seed2,672f68b944883bd1e1017b6e840bfaa889f1f1b3d4e974d6972d2b800dec3ca2,141a03bd715434450ead1549c2e474723bde11c7c1ca90d3bce9d8c032f27766,translate,fixed,1,10000,57.36
mnist,vit_small,grayscale,training_sparse_testing_sparse,compact,compact,20,2,heldout_val,55000,mnist/vit_small/grayscale/compact/p20/seed2,672f68b944883bd1e1017b6e840bfaa889f1f1b3d4e974d6972d2b800dec3ca2,141a03bd715434450ead1549c2e474723bde11c7c1ca90d3bce9d8c032f27766,stripe,fixed,1,10000,29.779999999999994
mnist,vit_small,grayscale,training_sparse_testing_sparse,compact,compact,20,2,heldout_val,55000,mnist/vit_small/grayscale/compact/p20/seed2,672f68b944883bd1e1017b6e840bfaa889f1f1b3d4e974d6972d2b800dec3ca2,141a03bd715434450ead1549c2e474723bde11c7c1ca90d3bce9d8c032f27766,fog,fixed,1,10000,81.27
mnist,vit_small,grayscale,training_sparse_testing_sparse,compact,compact,20,2,heldout_val,55000,mnist/vit_small/grayscale/compact/p20/seed2,672f68b944883bd1e1017b6e840bfaa889f1f1b3d4e974d6972d2b800dec3ca2,141a03bd715434450ead1549c2e474723bde11c7c1ca90d3bce9d8c032f27766,spatter,fixed,1,10000,24.329999999999995
mnist,vit_small,grayscale,training_sparse_testing_sparse,compact,compact,20,2,heldout_val,55000,mnist/vit_small/grayscale/compact/p20/seed2,672f68b944883bd1e1017b6e840bfaa889f1f1b3d4e974d6972d2b800dec3ca2,141a03bd715434450ead1549c2e474723bde11c7c1ca90d3bce9d8c032f27766,dotted_line,fixed,1,10000,18.379999999999995
mnist,vit_small,grayscale,training_sparse_testing_sparse,compact,compact,20,2,heldout_val,55000,mnist/vit_small/grayscale/compact/p20/seed2,672f68b944883bd1e1017b6e840bfaa889f1f1b3d4e974d6972d2b800dec3ca2,141a03bd715434450ead1549c2e474723bde11c7c1ca90d3bce9d8c032f27766,zigzag,fixed,1,10000,28.249999999999996
mnist,vit_small,grayscale,training_sparse_testing_sparse,compact,compact,20,2,heldout_val,55000,mnist/vit_small/grayscale/compact/p20/seed2,672f68b944883bd1e1017b6e840bfaa889f1f1b3d4e974d6972d2b800dec3ca2,141a03bd715434450ead1549c2e474723bde11c7c1ca90d3bce9d8c032f27766,canny_edges,fixed,1,10000,71.06
mnist,vit_small,grayscale,training_sparse_testing_sparse,compact,compact,40,2,heldout_val,55000,mnist/vit_small/grayscale/compact/p40/seed2,cea18f80c11818cfe38e294f6de99285bfb3aa42793ad8956cf8fc95f86185fc,4db7393222d9cd0405c75c848eaec0a76f11ad74981a333346681311f8786e6a,clean,clean,1,10000,1.8399999999999972
mnist,vit_small,grayscale,training_sparse_testing_sparse,compact,compact,40,2,heldout_val,55000,mnist/vit_small/grayscale/compact/p40/seed2,cea18f80c11818cfe38e294f6de99285bfb3aa42793ad8956cf8fc95f86185fc,4db7393222d9cd0405c75c848eaec0a76f11ad74981a333346681311f8786e6a,shot_noise,fixed,1,10000,31.15
mnist,vit_small,grayscale,training_sparse_testing_sparse,compact,compact,40,2,heldout_val,55000,mnist/vit_small/grayscale/compact/p40/seed2,cea18f80c11818cfe38e294f6de99285bfb3aa42793ad8956cf8fc95f86185fc,4db7393222d9cd0405c75c848eaec0a76f11ad74981a333346681311f8786e6a,impulse_noise,fixed,1,10000,72.00999999999999
mnist,vit_small,grayscale,training_sparse_testing_sparse,compact,compact,40,2,heldout_val,55000,mnist/vit_small/grayscale/compact/p40/seed2,cea18f80c11818cfe38e294f6de99285bfb3aa42793ad8956cf8fc95f86185fc,4db7393222d9cd0405c75c848eaec0a76f11ad74981a333346681311f8786e6a,glass_blur,fixed,1,10000,72.03
mnist,vit_small,grayscale,training_sparse_testing_sparse,compact,compact,40,2,heldout_val,55000,mnist/vit_small/grayscale/compact/p40/seed2,cea18f80c11818cfe38e294f6de99285bfb3aa42793ad8956cf8fc95f86185fc,4db7393222d9cd0405c75c848eaec0a76f11ad74981a333346681311f8786e6a,motion_blur,fixed,1,10000,36.260000000000005
mnist,vit_small,grayscale,training_sparse_testing_sparse,compact,compact,40,2,heldout_val,55000,mnist/vit_small/grayscale/compact/p40/seed2,cea18f80c11818cfe38e294f6de99285bfb3aa42793ad8956cf8fc95f86185fc,4db7393222d9cd0405c75c848eaec0a76f11ad74981a333346681311f8786e6a,shear,fixed,1,10000,9.530000000000005
mnist,vit_small,grayscale,training_sparse_testing_sparse,compact,compact,40,2,heldout_val,55000,mnist/vit_small/grayscale/compact/p40/seed2,cea18f80c11818cfe38e294f6de99285bfb3aa42793ad8956cf8fc95f86185fc,4db7393222d9cd0405c75c848eaec0a76f11ad74981a333346681311f8786e6a,scale,fixed,1,10000,14.700000000000003
mnist,vit_small,grayscale,training_sparse_testing_sparse,compact,compact,40,2,heldout_val,55000,mnist/vit_small/grayscale/compact/p40/seed2,cea18f80c11818cfe38e294f6de99285bfb3aa42793ad8956cf8fc95f86185fc,4db7393222d9cd0405c75c848eaec0a76f11ad74981a333346681311f8786e6a,rotate,fixed,1,10000,15.43
mnist,vit_small,grayscale,training_sparse_testing_sparse,compact,compact,40,2,heldout_val,55000,mnist/vit_small/grayscale/compact/p40/seed2,cea18f80c11818cfe38e294f6de99285bfb3aa42793ad8956cf8fc95f86185fc,4db7393222d9cd0405c75c848eaec0a76f11ad74981a333346681311f8786e6a,brightness,fixed,1,10000,25.160000000000004
mnist,vit_small,grayscale,training_sparse_testing_sparse,compact,compact,40,2,heldout_val,55000,mnist/vit_small/grayscale/compact/p40/seed2,cea18f80c11818cfe38e294f6de99285bfb3aa42793ad8956cf8fc95f86185fc,4db7393222d9cd0405c75c848eaec0a76f11ad74981a333346681311f8786e6a,translate,fixed,1,10000,57.36
mnist,vit_small,grayscale,training_sparse_testing_sparse,compact,compact,40,2,heldout_val,55000,mnist/vit_small/grayscale/compact/p40/seed2,cea18f80c11818cfe38e294f6de99285bfb3aa42793ad8956cf8fc95f86185fc,4db7393222d9cd0405c75c848eaec0a76f11ad74981a333346681311f8786e6a,stripe,fixed,1,10000,19.650000000000002
mnist,vit_small,grayscale,training_sparse_testing_sparse,compact,compact,40,2,heldout_val,55000,mnist/vit_small/grayscale/compact/p40/seed2,cea18f80c11818cfe38e294f6de99285bfb3aa42793ad8956cf8fc95f86185fc,4db7393222d9cd0405c75c848eaec0a76f11ad74981a333346681311f8786e6a,fog,fixed,1,10000,78.64
mnist,vit_small,grayscale,training_sparse_testing_sparse,compact,compact,40,2,heldout_val,55000,mnist/vit_small/grayscale/compact/p40/seed2,cea18f80c11818cfe38e294f6de99285bfb3aa42793ad8956cf8fc95f86185fc,4db7393222d9cd0405c75c848eaec0a76f11ad74981a333346681311f8786e6a,spatter,fixed,1,10000,24.239999999999995
mnist,vit_small,grayscale,training_sparse_testing_sparse,compact,compact,40,2,heldout_val,55000,mnist/vit_small/grayscale/compact/p40/seed2,cea18f80c11818cfe38e294f6de99285bfb3aa42793ad8956cf8fc95f86185fc,4db7393222d9cd0405c75c848eaec0a76f11ad74981a333346681311f8786e6a,dotted_line,fixed,1,10000,18.379999999999995
mnist,vit_small,grayscale,training_sparse_testing_sparse,compact,compact,40,2,heldout_val,55000,mnist/vit_small/grayscale/compact/p40/seed2,cea18f80c11818cfe38e294f6de99285bfb3aa42793ad8956cf8fc95f86185fc,4db7393222d9cd0405c75c848eaec0a76f11ad74981a333346681311f8786e6a,zigzag,fixed,1,10000,28.249999999999996
mnist,vit_small,grayscale,training_sparse_testing_sparse,compact,compact,40,2,heldout_val,55000,mnist/vit_small/grayscale/compact/p40/seed2,cea18f80c11818cfe38e294f6de99285bfb3aa42793ad8956cf8fc95f86185fc,4db7393222d9cd0405c75c848eaec0a76f11ad74981a333346681311f8786e6a,canny_edges,fixed,1,10000,71.06
mnist,vit_small,grayscale,training_sparse_testing_sparse,compact,compact,60,2,heldout_val,55000,mnist/vit_small/grayscale/compact/p60/seed2,01e210a481910d13eb9880d61da1bc404c6be931c1c8abda21607fe5b2adf586,7eec7c969bb3bedfe940dd90e7f69448a9d316a4a791cd17299a5affe340d4bf,clean,clean,1,10000,2.0299999999999985
mnist,vit_small,grayscale,training_sparse_testing_sparse,compact,compact,60,2,heldout_val,55000,mnist/vit_small/grayscale/compact/p60/seed2,01e210a481910d13eb9880d61da1bc404c6be931c1c8abda21607fe5b2adf586,7eec7c969bb3bedfe940dd90e7f69448a9d316a4a791cd17299a5affe340d4bf,shot_noise,fixed,1,10000,35.519999999999996
mnist,vit_small,grayscale,training_sparse_testing_sparse,compact,compact,60,2,heldout_val,55000,mnist/vit_small/grayscale/compact/p60/seed2,01e210a481910d13eb9880d61da1bc404c6be931c1c8abda21607fe5b2adf586,7eec7c969bb3bedfe940dd90e7f69448a9d316a4a791cd17299a5affe340d4bf,impulse_noise,fixed,1,10000,76.89
mnist,vit_small,grayscale,training_sparse_testing_sparse,compact,compact,60,2,heldout_val,55000,mnist/vit_small/grayscale/compact/p60/seed2,01e210a481910d13eb9880d61da1bc404c6be931c1c8abda21607fe5b2adf586,7eec7c969bb3bedfe940dd90e7f69448a9d316a4a791cd17299a5affe340d4bf,glass_blur,fixed,1,10000,63.07000000000001
mnist,vit_small,grayscale,training_sparse_testing_sparse,compact,compact,60,2,heldout_val,55000,mnist/vit_small/grayscale/compact/p60/seed2,01e210a481910d13eb9880d61da1bc404c6be931c1c8abda21607fe5b2adf586,7eec7c969bb3bedfe940dd90e7f69448a9d316a4a791cd17299a5affe340d4bf,motion_blur,fixed,1,10000,36.18
mnist,vit_small,grayscale,training_sparse_testing_sparse,compact,compact,60,2,heldout_val,55000,mnist/vit_small/grayscale/compact/p60/seed2,01e210a481910d13eb9880d61da1bc404c6be931c1c8abda21607fe5b2adf586,7eec7c969bb3bedfe940dd90e7f69448a9d316a4a791cd17299a5affe340d4bf,shear,fixed,1,10000,7.940000000000003
mnist,vit_small,grayscale,training_sparse_testing_sparse,compact,compact,60,2,heldout_val,55000,mnist/vit_small/grayscale/compact/p60/seed2,01e210a481910d13eb9880d61da1bc404c6be931c1c8abda21607fe5b2adf586,7eec7c969bb3bedfe940dd90e7f69448a9d316a4a791cd17299a5affe340d4bf,scale,fixed,1,10000,16.279999999999994
mnist,vit_small,grayscale,training_sparse_testing_sparse,compact,compact,60,2,heldout_val,55000,mnist/vit_small/grayscale/compact/p60/seed2,01e210a481910d13eb9880d61da1bc404c6be931c1c8abda21607fe5b2adf586,7eec7c969bb3bedfe940dd90e7f69448a9d316a4a791cd17299a5affe340d4bf,rotate,fixed,1,10000,13.780000000000003
mnist,vit_small,grayscale,training_sparse_testing_sparse,compact,compact,60,2,heldout_val,55000,mnist/vit_small/grayscale/compact/p60/seed2,01e210a481910d13eb9880d61da1bc404c6be931c1c8abda21607fe5b2adf586,7eec7c969bb3bedfe940dd90e7f69448a9d316a4a791cd17299a5affe340d4bf,brightness,fixed,1,10000,12.670000000000003
mnist,vit_small,grayscale,training_sparse_testing_sparse,compact,compact,60,2,heldout_val,55000,mnist/vit_small/grayscale/compact/p60/seed2,01e210a481910d13eb9880d61da1bc404c6be931c1c8abda21607fe5b2adf586,7eec7c969bb3bedfe940dd90e7f69448a9d316a4a791cd17299a5affe340d4bf,translate,fixed,1,10000,58.98
mnist,vit_small,grayscale,training_sparse_testing_sparse,compact,compact,60,2,heldout_val,55000,mnist/vit_small/grayscale/compact/p60/seed2,01e210a481910d13eb9880d61da1bc404c6be931c1c8abda21607fe5b2adf586,7eec7c969bb3bedfe940dd90e7f69448a9d316a4a791cd17299a5affe340d4bf,stripe,fixed,1,10000,28.74
mnist,vit_small,grayscale,training_sparse_testing_sparse,compact,compact,60,2,heldout_val,55000,mnist/vit_small/grayscale/compact/p60/seed2,01e210a481910d13eb9880d61da1bc404c6be931c1c8abda21607fe5b2adf586,7eec7c969bb3bedfe940dd90e7f69448a9d316a4a791cd17299a5affe340d4bf,fog,fixed,1,10000,60.39
mnist,vit_small,grayscale,training_sparse_testing_sparse,compact,compact,60,2,heldout_val,55000,mnist/vit_small/grayscale/compact/p60/seed2,01e210a481910d13eb9880d61da1bc404c6be931c1c8abda21607fe5b2adf586,7eec7c969bb3bedfe940dd90e7f69448a9d316a4a791cd17299a5affe340d4bf,spatter,fixed,1,10000,18.689999999999994
mnist,vit_small,grayscale,training_sparse_testing_sparse,compact,compact,60,2,heldout_val,55000,mnist/vit_small/grayscale/compact/p60/seed2,01e210a481910d13eb9880d61da1bc404c6be931c1c8abda21607fe5b2adf586,7eec7c969bb3bedfe940dd90e7f69448a9d316a4a791cd17299a5affe340d4bf,dotted_line,fixed,1,10000,18.669999999999998
mnist,vit_small,grayscale,training_sparse_testing_sparse,compact,compact,60,2,heldout_val,55000,mnist/vit_small/grayscale/compact/p60/seed2,01e210a481910d13eb9880d61da1bc404c6be931c1c8abda21607fe5b2adf586,7eec7c969bb3bedfe940dd90e7f69448a9d316a4a791cd17299a5affe340d4bf,zigzag,fixed,1,10000,32.120000000000005
mnist,vit_small,grayscale,training_sparse_testing_sparse,compact,compact,60,2,heldout_val,55000,mnist/vit_small/grayscale/compact/p60/seed2,01e210a481910d13eb9880d61da1bc404c6be931c1c8abda21607fe5b2adf586,7eec7c969bb3bedfe940dd90e7f69448a9d316a4a791cd17299a5affe340d4bf,canny_edges,fixed,1,10000,70.26
mnist,vit_small,grayscale,training_sparse_testing_sparse,compact,compact,80,2,heldout_val,55000,mnist/vit_small/grayscale/compact/p80/seed2,23286e548eb4a6f6f00ebcb7a6f281b19084df21d64eed88265cc8b7ad93e631,a1c17c17deece1d1666c0785bafe581713b0a6509b10667837cfb804c118e931,clean,clean,1,10000,2.3800000000000043
mnist,vit_small,grayscale,training_sparse_testing_sparse,compact,compact,80,2,heldout_val,55000,mnist/vit_small/grayscale/compact/p80/seed2,23286e548eb4a6f6f00ebcb7a6f281b19084df21d64eed88265cc8b7ad93e631,a1c17c17deece1d1666c0785bafe581713b0a6509b10667837cfb804c118e931,shot_noise,fixed,1,10000,36.529999999999994
mnist,vit_small,grayscale,training_sparse_testing_sparse,compact,compact,80,2,heldout_val,55000,mnist/vit_small/grayscale/compact/p80/seed2,23286e548eb4a6f6f00ebcb7a6f281b19084df21d64eed88265cc8b7ad93e631,a1c17c17deece1d1666c0785bafe581713b0a6509b10667837cfb804c118e931,impulse_noise,fixed,1,10000,77.74
mnist,vit_small,grayscale,training_sparse_testing_sparse,compact,compact,80,2,heldout_val,55000,mnist/vit_small/grayscale/compact/p80/seed2,23286e548eb4a6f6f00ebcb7a6f281b19084df21d64eed88265cc8b7ad93e631,a1c17c17deece1d1666c0785bafe581713b0a6509b10667837cfb804c118e931,glass_blur,fixed,1,10000,60.709999999999994
mnist,vit_small,grayscale,training_sparse_testing_sparse,compact,compact,80,2,heldout_val,55000,mnist/vit_small/grayscale/compact/p80/seed2,23286e548eb4a6f6f00ebcb7a6f281b19084df21d64eed88265cc8b7ad93e631,a1c17c17deece1d1666c0785bafe581713b0a6509b10667837cfb804c118e931,motion_blur,fixed,1,10000,40.910000000000004
mnist,vit_small,grayscale,training_sparse_testing_sparse,compact,compact,80,2,heldout_val,55000,mnist/vit_small/grayscale/compact/p80/seed2,23286e548eb4a6f6f00ebcb7a6f281b19084df21d64eed88265cc8b7ad93e631,a1c17c17deece1d1666c0785bafe581713b0a6509b10667837cfb804c118e931,shear,fixed,1,10000,12.2
mnist,vit_small,grayscale,training_sparse_testing_sparse,compact,compact,80,2,heldout_val,55000,mnist/vit_small/grayscale/compact/p80/seed2,23286e548eb4a6f6f00ebcb7a6f281b19084df21d64eed88265cc8b7ad93e631,a1c17c17deece1d1666c0785bafe581713b0a6509b10667837cfb804c118e931,scale,fixed,1,10000,16.200000000000003
mnist,vit_small,grayscale,training_sparse_testing_sparse,compact,compact,80,2,heldout_val,55000,mnist/vit_small/grayscale/compact/p80/seed2,23286e548eb4a6f6f00ebcb7a6f281b19084df21d64eed88265cc8b7ad93e631,a1c17c17deece1d1666c0785bafe581713b0a6509b10667837cfb804c118e931,rotate,fixed,1,10000,18.179999999999996
mnist,vit_small,grayscale,training_sparse_testing_sparse,compact,compact,80,2,heldout_val,55000,mnist/vit_small/grayscale/compact/p80/seed2,23286e548eb4a6f6f00ebcb7a6f281b19084df21d64eed88265cc8b7ad93e631,a1c17c17deece1d1666c0785bafe581713b0a6509b10667837cfb804c118e931,brightness,fixed,1,10000,67.03
mnist,vit_small,grayscale,training_sparse_testing_sparse,compact,compact,80,2,heldout_val,55000,mnist/vit_small/grayscale/compact/p80/seed2,23286e548eb4a6f6f00ebcb7a6f281b19084df21d64eed88265cc8b7ad93e631,a1c17c17deece1d1666c0785bafe581713b0a6509b10667837cfb804c118e931,translate,fixed,1,10000,60.919999999999995
mnist,vit_small,grayscale,training_sparse_testing_sparse,compact,compact,80,2,heldout_val,55000,mnist/vit_small/grayscale/compact/p80/seed2,23286e548eb4a6f6f00ebcb7a6f281b19084df21d64eed88265cc8b7ad93e631,a1c17c17deece1d1666c0785bafe581713b0a6509b10667837cfb804c118e931,stripe,fixed,1,10000,81.02000000000001
mnist,vit_small,grayscale,training_sparse_testing_sparse,compact,compact,80,2,heldout_val,55000,mnist/vit_small/grayscale/compact/p80/seed2,23286e548eb4a6f6f00ebcb7a6f281b19084df21d64eed88265cc8b7ad93e631,a1c17c17deece1d1666c0785bafe581713b0a6509b10667837cfb804c118e931,fog,fixed,1,10000,76.71
mnist,vit_small,grayscale,training_sparse_testing_sparse,compact,compact,80,2,heldout_val,55000,mnist/vit_small/grayscale/compact/p80/seed2,23286e548eb4a6f6f00ebcb7a6f281b19084df21d64eed88265cc8b7ad93e631,a1c17c17deece1d1666c0785bafe581713b0a6509b10667837cfb804c118e931,spatter,fixed,1,10000,11.690000000000001
mnist,vit_small,grayscale,training_sparse_testing_sparse,compact,compact,80,2,heldout_val,55000,mnist/vit_small/grayscale/compact/p80/seed2,23286e548eb4a6f6f00ebcb7a6f281b19084df21d64eed88265cc8b7ad93e631,a1c17c17deece1d1666c0785bafe581713b0a6509b10667837cfb804c118e931,dotted_line,fixed,1,10000,21.35
mnist,vit_small,grayscale,training_sparse_testing_sparse,compact,compact,80,2,heldout_val,55000,mnist/vit_small/grayscale/compact/p80/seed2,23286e548eb4a6f6f00ebcb7a6f281b19084df21d64eed88265cc8b7ad93e631,a1c17c17deece1d1666c0785bafe581713b0a6509b10667837cfb804c118e931,zigzag,fixed,1,10000,42.230000000000004
mnist,vit_small,grayscale,training_sparse_testing_sparse,compact,compact,80,2,heldout_val,55000,mnist/vit_small/grayscale/compact/p80/seed2,23286e548eb4a6f6f00ebcb7a6f281b19084df21d64eed88265cc8b7ad93e631,a1c17c17deece1d1666c0785bafe581713b0a6509b10667837cfb804c118e931,canny_edges,fixed,1,10000,55.59
mnist,swin_tiny,raw,raw_dense_reference,dense,dense,0,0,heldout_val,55000,mnist/swin_tiny/raw/dense/pNA/seed0,4f4de1c96ce3171d528465ea583fe366ccbf1eeed9fc126ed5b29d61cc878836,2862442744248fb27f135fca8176a4329e4389cf2b7a4b85035896938cfee3d1,clean,clean,1,10000,0.7800000000000029
mnist,swin_tiny,raw,raw_dense_reference,dense,dense,0,0,heldout_val,55000,mnist/swin_tiny/raw/dense/pNA/seed0,4f4de1c96ce3171d528465ea583fe366ccbf1eeed9fc126ed5b29d61cc878836,2862442744248fb27f135fca8176a4329e4389cf2b7a4b85035896938cfee3d1,shot_noise,fixed,1,10000,3.1200000000000006
mnist,swin_tiny,raw,raw_dense_reference,dense,dense,0,0,heldout_val,55000,mnist/swin_tiny/raw/dense/pNA/seed0,4f4de1c96ce3171d528465ea583fe366ccbf1eeed9fc126ed5b29d61cc878836,2862442744248fb27f135fca8176a4329e4389cf2b7a4b85035896938cfee3d1,impulse_noise,fixed,1,10000,13.570000000000004
mnist,swin_tiny,raw,raw_dense_reference,dense,dense,0,0,heldout_val,55000,mnist/swin_tiny/raw/dense/pNA/seed0,4f4de1c96ce3171d528465ea583fe366ccbf1eeed9fc126ed5b29d61cc878836,2862442744248fb27f135fca8176a4329e4389cf2b7a4b85035896938cfee3d1,glass_blur,fixed,1,10000,8.089999999999996
mnist,swin_tiny,raw,raw_dense_reference,dense,dense,0,0,heldout_val,55000,mnist/swin_tiny/raw/dense/pNA/seed0,4f4de1c96ce3171d528465ea583fe366ccbf1eeed9fc126ed5b29d61cc878836,2862442744248fb27f135fca8176a4329e4389cf2b7a4b85035896938cfee3d1,motion_blur,fixed,1,10000,3.839999999999999
mnist,swin_tiny,raw,raw_dense_reference,dense,dense,0,0,heldout_val,55000,mnist/swin_tiny/raw/dense/pNA/seed0,4f4de1c96ce3171d528465ea583fe366ccbf1eeed9fc126ed5b29d61cc878836,2862442744248fb27f135fca8176a4329e4389cf2b7a4b85035896938cfee3d1,shear,fixed,1,10000,2.52
mnist,swin_tiny,raw,raw_dense_reference,dense,dense,0,0,heldout_val,55000,mnist/swin_tiny/raw/dense/pNA/seed0,4f4de1c96ce3171d528465ea583fe366ccbf1eeed9fc126ed5b29d61cc878836,2862442744248fb27f135fca8176a4329e4389cf2b7a4b85035896938cfee3d1,scale,fixed,1,10000,7.4100000000000055
mnist,swin_tiny,raw,raw_dense_reference,dense,dense,0,0,heldout_val,55000,mnist/swin_tiny/raw/dense/pNA/seed0,4f4de1c96ce3171d528465ea583fe366ccbf1eeed9fc126ed5b29d61cc878836,2862442744248fb27f135fca8176a4329e4389cf2b7a4b85035896938cfee3d1,rotate,fixed,1,10000,7.089999999999996
mnist,swin_tiny,raw,raw_dense_reference,dense,dense,0,0,heldout_val,55000,mnist/swin_tiny/raw/dense/pNA/seed0,4f4de1c96ce3171d528465ea583fe366ccbf1eeed9fc126ed5b29d61cc878836,2862442744248fb27f135fca8176a4329e4389cf2b7a4b85035896938cfee3d1,brightness,fixed,1,10000,82.52
mnist,swin_tiny,raw,raw_dense_reference,dense,dense,0,0,heldout_val,55000,mnist/swin_tiny/raw/dense/pNA/seed0,4f4de1c96ce3171d528465ea583fe366ccbf1eeed9fc126ed5b29d61cc878836,2862442744248fb27f135fca8176a4329e4389cf2b7a4b85035896938cfee3d1,translate,fixed,1,10000,46.13
mnist,swin_tiny,raw,raw_dense_reference,dense,dense,0,0,heldout_val,55000,mnist/swin_tiny/raw/dense/pNA/seed0,4f4de1c96ce3171d528465ea583fe366ccbf1eeed9fc126ed5b29d61cc878836,2862442744248fb27f135fca8176a4329e4389cf2b7a4b85035896938cfee3d1,stripe,fixed,1,10000,80.05
mnist,swin_tiny,raw,raw_dense_reference,dense,dense,0,0,heldout_val,55000,mnist/swin_tiny/raw/dense/pNA/seed0,4f4de1c96ce3171d528465ea583fe366ccbf1eeed9fc126ed5b29d61cc878836,2862442744248fb27f135fca8176a4329e4389cf2b7a4b85035896938cfee3d1,fog,fixed,1,10000,55.53
mnist,swin_tiny,raw,raw_dense_reference,dense,dense,0,0,heldout_val,55000,mnist/swin_tiny/raw/dense/pNA/seed0,4f4de1c96ce3171d528465ea583fe366ccbf1eeed9fc126ed5b29d61cc878836,2862442744248fb27f135fca8176a4329e4389cf2b7a4b85035896938cfee3d1,spatter,fixed,1,10000,4.139999999999999
mnist,swin_tiny,raw,raw_dense_reference,dense,dense,0,0,heldout_val,55000,mnist/swin_tiny/raw/dense/pNA/seed0,4f4de1c96ce3171d528465ea583fe366ccbf1eeed9fc126ed5b29d61cc878836,2862442744248fb27f135fca8176a4329e4389cf2b7a4b85035896938cfee3d1,dotted_line,fixed,1,10000,3.059999999999996
mnist,swin_tiny,raw,raw_dense_reference,dense,dense,0,0,heldout_val,55000,mnist/swin_tiny/raw/dense/pNA/seed0,4f4de1c96ce3171d528465ea583fe366ccbf1eeed9fc126ed5b29d61cc878836,2862442744248fb27f135fca8176a4329e4389cf2b7a4b85035896938cfee3d1,zigzag,fixed,1,10000,13.600000000000001
mnist,swin_tiny,raw,raw_dense_reference,dense,dense,0,0,heldout_val,55000,mnist/swin_tiny/raw/dense/pNA/seed0,4f4de1c96ce3171d528465ea583fe366ccbf1eeed9fc126ed5b29d61cc878836,2862442744248fb27f135fca8176a4329e4389cf2b7a4b85035896938cfee3d1,canny_edges,fixed,1,10000,19.930000000000003
mnist,swin_tiny,grayscale,training_sparse_testing_sparse,compact,compact,0,0,heldout_val,55000,mnist/swin_tiny/grayscale/compact/p0/seed0,7b0a41b35e709e34296548f99714540de2cfe6fab7cd6d2b8d8850be56665407,c4bb321da0a653a4d83650aa2b61fe4d98eec845b0e48d22e37a6897a1b5e94b,clean,clean,1,10000,0.8399999999999963
mnist,swin_tiny,grayscale,training_sparse_testing_sparse,compact,compact,0,0,heldout_val,55000,mnist/swin_tiny/grayscale/compact/p0/seed0,7b0a41b35e709e34296548f99714540de2cfe6fab7cd6d2b8d8850be56665407,c4bb321da0a653a4d83650aa2b61fe4d98eec845b0e48d22e37a6897a1b5e94b,shot_noise,fixed,1,10000,9.360000000000001
mnist,swin_tiny,grayscale,training_sparse_testing_sparse,compact,compact,0,0,heldout_val,55000,mnist/swin_tiny/grayscale/compact/p0/seed0,7b0a41b35e709e34296548f99714540de2cfe6fab7cd6d2b8d8850be56665407,c4bb321da0a653a4d83650aa2b61fe4d98eec845b0e48d22e37a6897a1b5e94b,impulse_noise,fixed,1,10000,42.92
mnist,swin_tiny,grayscale,training_sparse_testing_sparse,compact,compact,0,0,heldout_val,55000,mnist/swin_tiny/grayscale/compact/p0/seed0,7b0a41b35e709e34296548f99714540de2cfe6fab7cd6d2b8d8850be56665407,c4bb321da0a653a4d83650aa2b61fe4d98eec845b0e48d22e37a6897a1b5e94b,glass_blur,fixed,1,10000,49.96000000000001
mnist,swin_tiny,grayscale,training_sparse_testing_sparse,compact,compact,0,0,heldout_val,55000,mnist/swin_tiny/grayscale/compact/p0/seed0,7b0a41b35e709e34296548f99714540de2cfe6fab7cd6d2b8d8850be56665407,c4bb321da0a653a4d83650aa2b61fe4d98eec845b0e48d22e37a6897a1b5e94b,motion_blur,fixed,1,10000,12.070000000000004
mnist,swin_tiny,grayscale,training_sparse_testing_sparse,compact,compact,0,0,heldout_val,55000,mnist/swin_tiny/grayscale/compact/p0/seed0,7b0a41b35e709e34296548f99714540de2cfe6fab7cd6d2b8d8850be56665407,c4bb321da0a653a4d83650aa2b61fe4d98eec845b0e48d22e37a6897a1b5e94b,shear,fixed,1,10000,3.2599999999999962
mnist,swin_tiny,grayscale,training_sparse_testing_sparse,compact,compact,0,0,heldout_val,55000,mnist/swin_tiny/grayscale/compact/p0/seed0,7b0a41b35e709e34296548f99714540de2cfe6fab7cd6d2b8d8850be56665407,c4bb321da0a653a4d83650aa2b61fe4d98eec845b0e48d22e37a6897a1b5e94b,scale,fixed,1,10000,7.730000000000004
mnist,swin_tiny,grayscale,training_sparse_testing_sparse,compact,compact,0,0,heldout_val,55000,mnist/swin_tiny/grayscale/compact/p0/seed0,7b0a41b35e709e34296548f99714540de2cfe6fab7cd6d2b8d8850be56665407,c4bb321da0a653a4d83650aa2b61fe4d98eec845b0e48d22e37a6897a1b5e94b,rotate,fixed,1,10000,7.730000000000004
mnist,swin_tiny,grayscale,training_sparse_testing_sparse,compact,compact,0,0,heldout_val,55000,mnist/swin_tiny/grayscale/compact/p0/seed0,7b0a41b35e709e34296548f99714540de2cfe6fab7cd6d2b8d8850be56665407,c4bb321da0a653a4d83650aa2b61fe4d98eec845b0e48d22e37a6897a1b5e94b,brightness,fixed,1,10000,65.28
mnist,swin_tiny,grayscale,training_sparse_testing_sparse,compact,compact,0,0,heldout_val,55000,mnist/swin_tiny/grayscale/compact/p0/seed0,7b0a41b35e709e34296548f99714540de2cfe6fab7cd6d2b8d8850be56665407,c4bb321da0a653a4d83650aa2b61fe4d98eec845b0e48d22e37a6897a1b5e94b,translate,fixed,1,10000,52.879999999999995
mnist,swin_tiny,grayscale,training_sparse_testing_sparse,compact,compact,0,0,heldout_val,55000,mnist/swin_tiny/grayscale/compact/p0/seed0,7b0a41b35e709e34296548f99714540de2cfe6fab7cd6d2b8d8850be56665407,c4bb321da0a653a4d83650aa2b61fe4d98eec845b0e48d22e37a6897a1b5e94b,stripe,fixed,1,10000,38.29
mnist,swin_tiny,grayscale,training_sparse_testing_sparse,compact,compact,0,0,heldout_val,55000,mnist/swin_tiny/grayscale/compact/p0/seed0,7b0a41b35e709e34296548f99714540de2cfe6fab7cd6d2b8d8850be56665407,c4bb321da0a653a4d83650aa2b61fe4d98eec845b0e48d22e37a6897a1b5e94b,fog,fixed,1,10000,71.72
mnist,swin_tiny,grayscale,training_sparse_testing_sparse,compact,compact,0,0,heldout_val,55000,mnist/swin_tiny/grayscale/compact/p0/seed0,7b0a41b35e709e34296548f99714540de2cfe6fab7cd6d2b8d8850be56665407,c4bb321da0a653a4d83650aa2b61fe4d98eec845b0e48d22e37a6897a1b5e94b,spatter,fixed,1,10000,24.060000000000002
mnist,swin_tiny,grayscale,training_sparse_testing_sparse,compact,compact,0,0,heldout_val,55000,mnist/swin_tiny/grayscale/compact/p0/seed0,7b0a41b35e709e34296548f99714540de2cfe6fab7cd6d2b8d8850be56665407,c4bb321da0a653a4d83650aa2b61fe4d98eec845b0e48d22e37a6897a1b5e94b,dotted_line,fixed,1,10000,4.610000000000003
mnist,swin_tiny,grayscale,training_sparse_testing_sparse,compact,compact,0,0,heldout_val,55000,mnist/swin_tiny/grayscale/compact/p0/seed0,7b0a41b35e709e34296548f99714540de2cfe6fab7cd6d2b8d8850be56665407,c4bb321da0a653a4d83650aa2b61fe4d98eec845b0e48d22e37a6897a1b5e94b,zigzag,fixed,1,10000,9.640000000000004
mnist,swin_tiny,grayscale,training_sparse_testing_sparse,compact,compact,0,0,heldout_val,55000,mnist/swin_tiny/grayscale/compact/p0/seed0,7b0a41b35e709e34296548f99714540de2cfe6fab7cd6d2b8d8850be56665407,c4bb321da0a653a4d83650aa2b61fe4d98eec845b0e48d22e37a6897a1b5e94b,canny_edges,fixed,1,10000,10.38
mnist,swin_tiny,grayscale,training_sparse_testing_sparse,compact,compact,20,0,heldout_val,55000,mnist/swin_tiny/grayscale/compact/p20/seed0,ccb1d57e1a64f06e4c386c1c18c3a77e9a8d77dcc7e876ba1c90d9d141c777a3,2a7d82838bcf2cff3971255ef37fb9829dceaef8dd74a1a3bac8809c597b76fb,clean,clean,1,10000,0.9299999999999975
mnist,swin_tiny,grayscale,training_sparse_testing_sparse,compact,compact,20,0,heldout_val,55000,mnist/swin_tiny/grayscale/compact/p20/seed0,ccb1d57e1a64f06e4c386c1c18c3a77e9a8d77dcc7e876ba1c90d9d141c777a3,2a7d82838bcf2cff3971255ef37fb9829dceaef8dd74a1a3bac8809c597b76fb,shot_noise,fixed,1,10000,9.550000000000002
mnist,swin_tiny,grayscale,training_sparse_testing_sparse,compact,compact,20,0,heldout_val,55000,mnist/swin_tiny/grayscale/compact/p20/seed0,ccb1d57e1a64f06e4c386c1c18c3a77e9a8d77dcc7e876ba1c90d9d141c777a3,2a7d82838bcf2cff3971255ef37fb9829dceaef8dd74a1a3bac8809c597b76fb,impulse_noise,fixed,1,10000,42.04
mnist,swin_tiny,grayscale,training_sparse_testing_sparse,compact,compact,20,0,heldout_val,55000,mnist/swin_tiny/grayscale/compact/p20/seed0,ccb1d57e1a64f06e4c386c1c18c3a77e9a8d77dcc7e876ba1c90d9d141c777a3,2a7d82838bcf2cff3971255ef37fb9829dceaef8dd74a1a3bac8809c597b76fb,glass_blur,fixed,1,10000,42.730000000000004
mnist,swin_tiny,grayscale,training_sparse_testing_sparse,compact,compact,20,0,heldout_val,55000,mnist/swin_tiny/grayscale/compact/p20/seed0,ccb1d57e1a64f06e4c386c1c18c3a77e9a8d77dcc7e876ba1c90d9d141c777a3,2a7d82838bcf2cff3971255ef37fb9829dceaef8dd74a1a3bac8809c597b76fb,motion_blur,fixed,1,10000,11.350000000000005
mnist,swin_tiny,grayscale,training_sparse_testing_sparse,compact,compact,20,0,heldout_val,55000,mnist/swin_tiny/grayscale/compact/p20/seed0,ccb1d57e1a64f06e4c386c1c18c3a77e9a8d77dcc7e876ba1c90d9d141c777a3,2a7d82838bcf2cff3971255ef37fb9829dceaef8dd74a1a3bac8809c597b76fb,shear,fixed,1,10000,3.290000000000004
mnist,swin_tiny,grayscale,training_sparse_testing_sparse,compact,compact,20,0,heldout_val,55000,mnist/swin_tiny/grayscale/compact/p20/seed0,ccb1d57e1a64f06e4c386c1c18c3a77e9a8d77dcc7e876ba1c90d9d141c777a3,2a7d82838bcf2cff3971255ef37fb9829dceaef8dd74a1a3bac8809c597b76fb,scale,fixed,1,10000,7.130000000000003
mnist,swin_tiny,grayscale,training_sparse_testing_sparse,compact,compact,20,0,heldout_val,55000,mnist/swin_tiny/grayscale/compact/p20/seed0,ccb1d57e1a64f06e4c386c1c18c3a77e9a8d77dcc7e876ba1c90d9d141c777a3,2a7d82838bcf2cff3971255ef37fb9829dceaef8dd74a1a3bac8809c597b76fb,rotate,fixed,1,10000,7.489999999999997
mnist,swin_tiny,grayscale,training_sparse_testing_sparse,compact,compact,20,0,heldout_val,55000,mnist/swin_tiny/grayscale/compact/p20/seed0,ccb1d57e1a64f06e4c386c1c18c3a77e9a8d77dcc7e876ba1c90d9d141c777a3,2a7d82838bcf2cff3971255ef37fb9829dceaef8dd74a1a3bac8809c597b76fb,brightness,fixed,1,10000,69.69000000000001
mnist,swin_tiny,grayscale,training_sparse_testing_sparse,compact,compact,20,0,heldout_val,55000,mnist/swin_tiny/grayscale/compact/p20/seed0,ccb1d57e1a64f06e4c386c1c18c3a77e9a8d77dcc7e876ba1c90d9d141c777a3,2a7d82838bcf2cff3971255ef37fb9829dceaef8dd74a1a3bac8809c597b76fb,translate,fixed,1,10000,54.53
mnist,swin_tiny,grayscale,training_sparse_testing_sparse,compact,compact,20,0,heldout_val,55000,mnist/swin_tiny/grayscale/compact/p20/seed0,ccb1d57e1a64f06e4c386c1c18c3a77e9a8d77dcc7e876ba1c90d9d141c777a3,2a7d82838bcf2cff3971255ef37fb9829dceaef8dd74a1a3bac8809c597b76fb,stripe,fixed,1,10000,29.910000000000004
mnist,swin_tiny,grayscale,training_sparse_testing_sparse,compact,compact,20,0,heldout_val,55000,mnist/swin_tiny/grayscale/compact/p20/seed0,ccb1d57e1a64f06e4c386c1c18c3a77e9a8d77dcc7e876ba1c90d9d141c777a3,2a7d82838bcf2cff3971255ef37fb9829dceaef8dd74a1a3bac8809c597b76fb,fog,fixed,1,10000,76.13
mnist,swin_tiny,grayscale,training_sparse_testing_sparse,compact,compact,20,0,heldout_val,55000,mnist/swin_tiny/grayscale/compact/p20/seed0,ccb1d57e1a64f06e4c386c1c18c3a77e9a8d77dcc7e876ba1c90d9d141c777a3,2a7d82838bcf2cff3971255ef37fb9829dceaef8dd74a1a3bac8809c597b76fb,spatter,fixed,1,10000,23.950000000000003
mnist,swin_tiny,grayscale,training_sparse_testing_sparse,compact,compact,20,0,heldout_val,55000,mnist/swin_tiny/grayscale/compact/p20/seed0,ccb1d57e1a64f06e4c386c1c18c3a77e9a8d77dcc7e876ba1c90d9d141c777a3,2a7d82838bcf2cff3971255ef37fb9829dceaef8dd74a1a3bac8809c597b76fb,dotted_line,fixed,1,10000,4.020000000000001
mnist,swin_tiny,grayscale,training_sparse_testing_sparse,compact,compact,20,0,heldout_val,55000,mnist/swin_tiny/grayscale/compact/p20/seed0,ccb1d57e1a64f06e4c386c1c18c3a77e9a8d77dcc7e876ba1c90d9d141c777a3,2a7d82838bcf2cff3971255ef37fb9829dceaef8dd74a1a3bac8809c597b76fb,zigzag,fixed,1,10000,9.560000000000002
mnist,swin_tiny,grayscale,training_sparse_testing_sparse,compact,compact,20,0,heldout_val,55000,mnist/swin_tiny/grayscale/compact/p20/seed0,ccb1d57e1a64f06e4c386c1c18c3a77e9a8d77dcc7e876ba1c90d9d141c777a3,2a7d82838bcf2cff3971255ef37fb9829dceaef8dd74a1a3bac8809c597b76fb,canny_edges,fixed,1,10000,10.750000000000004
mnist,swin_tiny,grayscale,training_sparse_testing_sparse,compact,compact,40,0,heldout_val,55000,mnist/swin_tiny/grayscale/compact/p40/seed0,971b1dac8554c7dc5bc423ec19bd8b08bbea1d86b0acec7a0f22cdfccf46f8a3,8116b7e11ffddef7290b14331155ed9abaefdde7cb4940c7d2092452e0331d6d,clean,clean,1,10000,1.0099999999999998
mnist,swin_tiny,grayscale,training_sparse_testing_sparse,compact,compact,40,0,heldout_val,55000,mnist/swin_tiny/grayscale/compact/p40/seed0,971b1dac8554c7dc5bc423ec19bd8b08bbea1d86b0acec7a0f22cdfccf46f8a3,8116b7e11ffddef7290b14331155ed9abaefdde7cb4940c7d2092452e0331d6d,shot_noise,fixed,1,10000,9.240000000000004
mnist,swin_tiny,grayscale,training_sparse_testing_sparse,compact,compact,40,0,heldout_val,55000,mnist/swin_tiny/grayscale/compact/p40/seed0,971b1dac8554c7dc5bc423ec19bd8b08bbea1d86b0acec7a0f22cdfccf46f8a3,8116b7e11ffddef7290b14331155ed9abaefdde7cb4940c7d2092452e0331d6d,impulse_noise,fixed,1,10000,44.34
mnist,swin_tiny,grayscale,training_sparse_testing_sparse,compact,compact,40,0,heldout_val,55000,mnist/swin_tiny/grayscale/compact/p40/seed0,971b1dac8554c7dc5bc423ec19bd8b08bbea1d86b0acec7a0f22cdfccf46f8a3,8116b7e11ffddef7290b14331155ed9abaefdde7cb4940c7d2092452e0331d6d,glass_blur,fixed,1,10000,42.39000000000001
mnist,swin_tiny,grayscale,training_sparse_testing_sparse,compact,compact,40,0,heldout_val,55000,mnist/swin_tiny/grayscale/compact/p40/seed0,971b1dac8554c7dc5bc423ec19bd8b08bbea1d86b0acec7a0f22cdfccf46f8a3,8116b7e11ffddef7290b14331155ed9abaefdde7cb4940c7d2092452e0331d6d,motion_blur,fixed,1,10000,11.09
mnist,swin_tiny,grayscale,training_sparse_testing_sparse,compact,compact,40,0,heldout_val,55000,mnist/swin_tiny/grayscale/compact/p40/seed0,971b1dac8554c7dc5bc423ec19bd8b08bbea1d86b0acec7a0f22cdfccf46f8a3,8116b7e11ffddef7290b14331155ed9abaefdde7cb4940c7d2092452e0331d6d,shear,fixed,1,10000,3.420000000000001
mnist,swin_tiny,grayscale,training_sparse_testing_sparse,compact,compact,40,0,heldout_val,55000,mnist/swin_tiny/grayscale/compact/p40/seed0,971b1dac8554c7dc5bc423ec19bd8b08bbea1d86b0acec7a0f22cdfccf46f8a3,8116b7e11ffddef7290b14331155ed9abaefdde7cb4940c7d2092452e0331d6d,scale,fixed,1,10000,8.16
mnist,swin_tiny,grayscale,training_sparse_testing_sparse,compact,compact,40,0,heldout_val,55000,mnist/swin_tiny/grayscale/compact/p40/seed0,971b1dac8554c7dc5bc423ec19bd8b08bbea1d86b0acec7a0f22cdfccf46f8a3,8116b7e11ffddef7290b14331155ed9abaefdde7cb4940c7d2092452e0331d6d,rotate,fixed,1,10000,8.389999999999997
mnist,swin_tiny,grayscale,training_sparse_testing_sparse,compact,compact,40,0,heldout_val,55000,mnist/swin_tiny/grayscale/compact/p40/seed0,971b1dac8554c7dc5bc423ec19bd8b08bbea1d86b0acec7a0f22cdfccf46f8a3,8116b7e11ffddef7290b14331155ed9abaefdde7cb4940c7d2092452e0331d6d,brightness,fixed,1,10000,68.05
mnist,swin_tiny,grayscale,training_sparse_testing_sparse,compact,compact,40,0,heldout_val,55000,mnist/swin_tiny/grayscale/compact/p40/seed0,971b1dac8554c7dc5bc423ec19bd8b08bbea1d86b0acec7a0f22cdfccf46f8a3,8116b7e11ffddef7290b14331155ed9abaefdde7cb4940c7d2092452e0331d6d,translate,fixed,1,10000,54.949999999999996
mnist,swin_tiny,grayscale,training_sparse_testing_sparse,compact,compact,40,0,heldout_val,55000,mnist/swin_tiny/grayscale/compact/p40/seed0,971b1dac8554c7dc5bc423ec19bd8b08bbea1d86b0acec7a0f22cdfccf46f8a3,8116b7e11ffddef7290b14331155ed9abaefdde7cb4940c7d2092452e0331d6d,stripe,fixed,1,10000,58.08
mnist,swin_tiny,grayscale,training_sparse_testing_sparse,compact,compact,40,0,heldout_val,55000,mnist/swin_tiny/grayscale/compact/p40/seed0,971b1dac8554c7dc5bc423ec19bd8b08bbea1d86b0acec7a0f22cdfccf46f8a3,8116b7e11ffddef7290b14331155ed9abaefdde7cb4940c7d2092452e0331d6d,fog,fixed,1,10000,74.25
mnist,swin_tiny,grayscale,training_sparse_testing_sparse,compact,compact,40,0,heldout_val,55000,mnist/swin_tiny/grayscale/compact/p40/seed0,971b1dac8554c7dc5bc423ec19bd8b08bbea1d86b0acec7a0f22cdfccf46f8a3,8116b7e11ffddef7290b14331155ed9abaefdde7cb4940c7d2092452e0331d6d,spatter,fixed,1,10000,24.880000000000003
mnist,swin_tiny,grayscale,training_sparse_testing_sparse,compact,compact,40,0,heldout_val,55000,mnist/swin_tiny/grayscale/compact/p40/seed0,971b1dac8554c7dc5bc423ec19bd8b08bbea1d86b0acec7a0f22cdfccf46f8a3,8116b7e11ffddef7290b14331155ed9abaefdde7cb4940c7d2092452e0331d6d,dotted_line,fixed,1,10000,4.33
mnist,swin_tiny,grayscale,training_sparse_testing_sparse,compact,compact,40,0,heldout_val,55000,mnist/swin_tiny/grayscale/compact/p40/seed0,971b1dac8554c7dc5bc423ec19bd8b08bbea1d86b0acec7a0f22cdfccf46f8a3,8116b7e11ffddef7290b14331155ed9abaefdde7cb4940c7d2092452e0331d6d,zigzag,fixed,1,10000,10.509999999999998
mnist,swin_tiny,grayscale,training_sparse_testing_sparse,compact,compact,40,0,heldout_val,55000,mnist/swin_tiny/grayscale/compact/p40/seed0,971b1dac8554c7dc5bc423ec19bd8b08bbea1d86b0acec7a0f22cdfccf46f8a3,8116b7e11ffddef7290b14331155ed9abaefdde7cb4940c7d2092452e0331d6d,canny_edges,fixed,1,10000,10.69
mnist,swin_tiny,grayscale,training_sparse_testing_sparse,compact,compact,60,0,heldout_val,55000,mnist/swin_tiny/grayscale/compact/p60/seed0,893ff700621f49c8298aea6a39a05e7d13cd1a87d3220ce0b5c95ffae74b83ea,e0967f92f2a7c78034065ff47733d004e84e5b2384ccdbd048543d2c7e19706b,clean,clean,1,10000,0.990000000000002
mnist,swin_tiny,grayscale,training_sparse_testing_sparse,compact,compact,60,0,heldout_val,55000,mnist/swin_tiny/grayscale/compact/p60/seed0,893ff700621f49c8298aea6a39a05e7d13cd1a87d3220ce0b5c95ffae74b83ea,e0967f92f2a7c78034065ff47733d004e84e5b2384ccdbd048543d2c7e19706b,shot_noise,fixed,1,10000,8.720000000000006
mnist,swin_tiny,grayscale,training_sparse_testing_sparse,compact,compact,60,0,heldout_val,55000,mnist/swin_tiny/grayscale/compact/p60/seed0,893ff700621f49c8298aea6a39a05e7d13cd1a87d3220ce0b5c95ffae74b83ea,e0967f92f2a7c78034065ff47733d004e84e5b2384ccdbd048543d2c7e19706b,impulse_noise,fixed,1,10000,64.9
mnist,swin_tiny,grayscale,training_sparse_testing_sparse,compact,compact,60,0,heldout_val,55000,mnist/swin_tiny/grayscale/compact/p60/seed0,893ff700621f49c8298aea6a39a05e7d13cd1a87d3220ce0b5c95ffae74b83ea,e0967f92f2a7c78034065ff47733d004e84e5b2384ccdbd048543d2c7e19706b,glass_blur,fixed,1,10000,49.21
mnist,swin_tiny,grayscale,training_sparse_testing_sparse,compact,compact,60,0,heldout_val,55000,mnist/swin_tiny/grayscale/compact/p60/seed0,893ff700621f49c8298aea6a39a05e7d13cd1a87d3220ce0b5c95ffae74b83ea,e0967f92f2a7c78034065ff47733d004e84e5b2384ccdbd048543d2c7e19706b,motion_blur,fixed,1,10000,12.439999999999996
mnist,swin_tiny,grayscale,training_sparse_testing_sparse,compact,compact,60,0,heldout_val,55000,mnist/swin_tiny/grayscale/compact/p60/seed0,893ff700621f49c8298aea6a39a05e7d13cd1a87d3220ce0b5c95ffae74b83ea,e0967f92f2a7c78034065ff47733d004e84e5b2384ccdbd048543d2c7e19706b,shear,fixed,1,10000,3.169999999999995
mnist,swin_tiny,grayscale,training_sparse_testing_sparse,compact,compact,60,0,heldout_val,55000,mnist/swin_tiny/grayscale/compact/p60/seed0,893ff700621f49c8298aea6a39a05e7d13cd1a87d3220ce0b5c95ffae74b83ea,e0967f92f2a7c78034065ff47733d004e84e5b2384ccdbd048543d2c7e19706b,scale,fixed,1,10000,6.259999999999999
mnist,swin_tiny,grayscale,training_sparse_testing_sparse,compact,compact,60,0,heldout_val,55000,mnist/swin_tiny/grayscale/compact/p60/seed0,893ff700621f49c8298aea6a39a05e7d13cd1a87d3220ce0b5c95ffae74b83ea,e0967f92f2a7c78034065ff47733d004e84e5b2384ccdbd048543d2c7e19706b,rotate,fixed,1,10000,7.809999999999995
mnist,swin_tiny,grayscale,training_sparse_testing_sparse,compact,compact,60,0,heldout_val,55000,mnist/swin_tiny/grayscale/compact/p60/seed0,893ff700621f49c8298aea6a39a05e7d13cd1a87d3220ce0b5c95ffae74b83ea,e0967f92f2a7c78034065ff47733d004e84e5b2384ccdbd048543d2c7e19706b,brightness,fixed,1,10000,56.74
mnist,swin_tiny,grayscale,training_sparse_testing_sparse,compact,compact,60,0,heldout_val,55000,mnist/swin_tiny/grayscale/compact/p60/seed0,893ff700621f49c8298aea6a39a05e7d13cd1a87d3220ce0b5c95ffae74b83ea,e0967f92f2a7c78034065ff47733d004e84e5b2384ccdbd048543d2c7e19706b,translate,fixed,1,10000,54.82
mnist,swin_tiny,grayscale,training_sparse_testing_sparse,compact,compact,60,0,heldout_val,55000,mnist/swin_tiny/grayscale/compact/p60/seed0,893ff700621f49c8298aea6a39a05e7d13cd1a87d3220ce0b5c95ffae74b83ea,e0967f92f2a7c78034065ff47733d004e84e5b2384ccdbd048543d2c7e19706b,stripe,fixed,1,10000,39.6
mnist,swin_tiny,grayscale,training_sparse_testing_sparse,compact,compact,60,0,heldout_val,55000,mnist/swin_tiny/grayscale/compact/p60/seed0,893ff700621f49c8298aea6a39a05e7d13cd1a87d3220ce0b5c95ffae74b83ea,e0967f92f2a7c78034065ff47733d004e84e5b2384ccdbd048543d2c7e19706b,fog,fixed,1,10000,59.86
mnist,swin_tiny,grayscale,training_sparse_testing_sparse,compact,compact,60,0,heldout_val,55000,mnist/swin_tiny/grayscale/compact/p60/seed0,893ff700621f49c8298aea6a39a05e7d13cd1a87d3220ce0b5c95ffae74b83ea,e0967f92f2a7c78034065ff47733d004e84e5b2384ccdbd048543d2c7e19706b,spatter,fixed,1,10000,26.700000000000003
mnist,swin_tiny,grayscale,training_sparse_testing_sparse,compact,compact,60,0,heldout_val,55000,mnist/swin_tiny/grayscale/compact/p60/seed0,893ff700621f49c8298aea6a39a05e7d13cd1a87d3220ce0b5c95ffae74b83ea,e0967f92f2a7c78034065ff47733d004e84e5b2384ccdbd048543d2c7e19706b,dotted_line,fixed,1,10000,4.459999999999997
mnist,swin_tiny,grayscale,training_sparse_testing_sparse,compact,compact,60,0,heldout_val,55000,mnist/swin_tiny/grayscale/compact/p60/seed0,893ff700621f49c8298aea6a39a05e7d13cd1a87d3220ce0b5c95ffae74b83ea,e0967f92f2a7c78034065ff47733d004e84e5b2384ccdbd048543d2c7e19706b,zigzag,fixed,1,10000,10.799999999999999
mnist,swin_tiny,grayscale,training_sparse_testing_sparse,compact,compact,60,0,heldout_val,55000,mnist/swin_tiny/grayscale/compact/p60/seed0,893ff700621f49c8298aea6a39a05e7d13cd1a87d3220ce0b5c95ffae74b83ea,e0967f92f2a7c78034065ff47733d004e84e5b2384ccdbd048543d2c7e19706b,canny_edges,fixed,1,10000,11.729999999999997
mnist,swin_tiny,grayscale,training_sparse_testing_sparse,compact,compact,80,0,heldout_val,55000,mnist/swin_tiny/grayscale/compact/p80/seed0,c2f884151ddb6eec3668ea039fc3ba7fb30b9315c1e8ee2f1664d2e6f27e898f,176ffd389658639de936b009989e1d2c04351ddb93144617154ec81cc81c9267,clean,clean,1,10000,1.100000000000001
mnist,swin_tiny,grayscale,training_sparse_testing_sparse,compact,compact,80,0,heldout_val,55000,mnist/swin_tiny/grayscale/compact/p80/seed0,c2f884151ddb6eec3668ea039fc3ba7fb30b9315c1e8ee2f1664d2e6f27e898f,176ffd389658639de936b009989e1d2c04351ddb93144617154ec81cc81c9267,shot_noise,fixed,1,10000,11.229999999999995
mnist,swin_tiny,grayscale,training_sparse_testing_sparse,compact,compact,80,0,heldout_val,55000,mnist/swin_tiny/grayscale/compact/p80/seed0,c2f884151ddb6eec3668ea039fc3ba7fb30b9315c1e8ee2f1664d2e6f27e898f,176ffd389658639de936b009989e1d2c04351ddb93144617154ec81cc81c9267,impulse_noise,fixed,1,10000,84.55
mnist,swin_tiny,grayscale,training_sparse_testing_sparse,compact,compact,80,0,heldout_val,55000,mnist/swin_tiny/grayscale/compact/p80/seed0,c2f884151ddb6eec3668ea039fc3ba7fb30b9315c1e8ee2f1664d2e6f27e898f,176ffd389658639de936b009989e1d2c04351ddb93144617154ec81cc81c9267,glass_blur,fixed,1,10000,58.80000000000001
mnist,swin_tiny,grayscale,training_sparse_testing_sparse,compact,compact,80,0,heldout_val,55000,mnist/swin_tiny/grayscale/compact/p80/seed0,c2f884151ddb6eec3668ea039fc3ba7fb30b9315c1e8ee2f1664d2e6f27e898f,176ffd389658639de936b009989e1d2c04351ddb93144617154ec81cc81c9267,motion_blur,fixed,1,10000,33.42
mnist,swin_tiny,grayscale,training_sparse_testing_sparse,compact,compact,80,0,heldout_val,55000,mnist/swin_tiny/grayscale/compact/p80/seed0,c2f884151ddb6eec3668ea039fc3ba7fb30b9315c1e8ee2f1664d2e6f27e898f,176ffd389658639de936b009989e1d2c04351ddb93144617154ec81cc81c9267,shear,fixed,1,10000,4.469999999999996
mnist,swin_tiny,grayscale,training_sparse_testing_sparse,compact,compact,80,0,heldout_val,55000,mnist/swin_tiny/grayscale/compact/p80/seed0,c2f884151ddb6eec3668ea039fc3ba7fb30b9315c1e8ee2f1664d2e6f27e898f,176ffd389658639de936b009989e1d2c04351ddb93144617154ec81cc81c9267,scale,fixed,1,10000,9.199999999999998
mnist,swin_tiny,grayscale,training_sparse_testing_sparse,compact,compact,80,0,heldout_val,55000,mnist/swin_tiny/grayscale/compact/p80/seed0,c2f884151ddb6eec3668ea039fc3ba7fb30b9315c1e8ee2f1664d2e6f27e898f,176ffd389658639de936b009989e1d2c04351ddb93144617154ec81cc81c9267,rotate,fixed,1,10000,8.879999999999999
mnist,swin_tiny,grayscale,training_sparse_testing_sparse,compact,compact,80,0,heldout_val,55000,mnist/swin_tiny/grayscale/compact/p80/seed0,c2f884151ddb6eec3668ea039fc3ba7fb30b9315c1e8ee2f1664d2e6f27e898f,176ffd389658639de936b009989e1d2c04351ddb93144617154ec81cc81c9267,brightness,fixed,1,10000,85.00999999999999
mnist,swin_tiny,grayscale,training_sparse_testing_sparse,compact,compact,80,0,heldout_val,55000,mnist/swin_tiny/grayscale/compact/p80/seed0,c2f884151ddb6eec3668ea039fc3ba7fb30b9315c1e8ee2f1664d2e6f27e898f,176ffd389658639de936b009989e1d2c04351ddb93144617154ec81cc81c9267,translate,fixed,1,10000,54.400000000000006
mnist,swin_tiny,grayscale,training_sparse_testing_sparse,compact,compact,80,0,heldout_val,55000,mnist/swin_tiny/grayscale/compact/p80/seed0,c2f884151ddb6eec3668ea039fc3ba7fb30b9315c1e8ee2f1664d2e6f27e898f,176ffd389658639de936b009989e1d2c04351ddb93144617154ec81cc81c9267,stripe,fixed,1,10000,86.81
mnist,swin_tiny,grayscale,training_sparse_testing_sparse,compact,compact,80,0,heldout_val,55000,mnist/swin_tiny/grayscale/compact/p80/seed0,c2f884151ddb6eec3668ea039fc3ba7fb30b9315c1e8ee2f1664d2e6f27e898f,176ffd389658639de936b009989e1d2c04351ddb93144617154ec81cc81c9267,fog,fixed,1,10000,84.04
mnist,swin_tiny,grayscale,training_sparse_testing_sparse,compact,compact,80,0,heldout_val,55000,mnist/swin_tiny/grayscale/compact/p80/seed0,c2f884151ddb6eec3668ea039fc3ba7fb30b9315c1e8ee2f1664d2e6f27e898f,176ffd389658639de936b009989e1d2c04351ddb93144617154ec81cc81c9267,spatter,fixed,1,10000,12.509999999999998
mnist,swin_tiny,grayscale,training_sparse_testing_sparse,compact,compact,80,0,heldout_val,55000,mnist/swin_tiny/grayscale/compact/p80/seed0,c2f884151ddb6eec3668ea039fc3ba7fb30b9315c1e8ee2f1664d2e6f27e898f,176ffd389658639de936b009989e1d2c04351ddb93144617154ec81cc81c9267,dotted_line,fixed,1,10000,8.179999999999998
mnist,swin_tiny,grayscale,training_sparse_testing_sparse,compact,compact,80,0,heldout_val,55000,mnist/swin_tiny/grayscale/compact/p80/seed0,c2f884151ddb6eec3668ea039fc3ba7fb30b9315c1e8ee2f1664d2e6f27e898f,176ffd389658639de936b009989e1d2c04351ddb93144617154ec81cc81c9267,zigzag,fixed,1,10000,21.330000000000005
mnist,swin_tiny,grayscale,training_sparse_testing_sparse,compact,compact,80,0,heldout_val,55000,mnist/swin_tiny/grayscale/compact/p80/seed0,c2f884151ddb6eec3668ea039fc3ba7fb30b9315c1e8ee2f1664d2e6f27e898f,176ffd389658639de936b009989e1d2c04351ddb93144617154ec81cc81c9267,canny_edges,fixed,1,10000,31.179999999999996
mnist,swin_tiny,raw,raw_dense_reference,dense,dense,0,1,heldout_val,55000,mnist/swin_tiny/raw/dense/pNA/seed1,485f892a847b6dbcfdab4e13b46349e10ca7e3c0d81810dc50d69b0ada0c05f0,dd2cf2d226b36e5fad41f47fc00c9371fc35dbe4fac6f7d4f7fb27fb2ad731be,clean,clean,1,10000,0.7499999999999951
mnist,swin_tiny,raw,raw_dense_reference,dense,dense,0,1,heldout_val,55000,mnist/swin_tiny/raw/dense/pNA/seed1,485f892a847b6dbcfdab4e13b46349e10ca7e3c0d81810dc50d69b0ada0c05f0,dd2cf2d226b36e5fad41f47fc00c9371fc35dbe4fac6f7d4f7fb27fb2ad731be,shot_noise,fixed,1,10000,3.4299999999999997
mnist,swin_tiny,raw,raw_dense_reference,dense,dense,0,1,heldout_val,55000,mnist/swin_tiny/raw/dense/pNA/seed1,485f892a847b6dbcfdab4e13b46349e10ca7e3c0d81810dc50d69b0ada0c05f0,dd2cf2d226b36e5fad41f47fc00c9371fc35dbe4fac6f7d4f7fb27fb2ad731be,impulse_noise,fixed,1,10000,17.710000000000004
mnist,swin_tiny,raw,raw_dense_reference,dense,dense,0,1,heldout_val,55000,mnist/swin_tiny/raw/dense/pNA/seed1,485f892a847b6dbcfdab4e13b46349e10ca7e3c0d81810dc50d69b0ada0c05f0,dd2cf2d226b36e5fad41f47fc00c9371fc35dbe4fac6f7d4f7fb27fb2ad731be,glass_blur,fixed,1,10000,9.089999999999998
mnist,swin_tiny,raw,raw_dense_reference,dense,dense,0,1,heldout_val,55000,mnist/swin_tiny/raw/dense/pNA/seed1,485f892a847b6dbcfdab4e13b46349e10ca7e3c0d81810dc50d69b0ada0c05f0,dd2cf2d226b36e5fad41f47fc00c9371fc35dbe4fac6f7d4f7fb27fb2ad731be,motion_blur,fixed,1,10000,3.839999999999999
mnist,swin_tiny,raw,raw_dense_reference,dense,dense,0,1,heldout_val,55000,mnist/swin_tiny/raw/dense/pNA/seed1,485f892a847b6dbcfdab4e13b46349e10ca7e3c0d81810dc50d69b0ada0c05f0,dd2cf2d226b36e5fad41f47fc00c9371fc35dbe4fac6f7d4f7fb27fb2ad731be,shear,fixed,1,10000,2.52
mnist,swin_tiny,raw,raw_dense_reference,dense,dense,0,1,heldout_val,55000,mnist/swin_tiny/raw/dense/pNA/seed1,485f892a847b6dbcfdab4e13b46349e10ca7e3c0d81810dc50d69b0ada0c05f0,dd2cf2d226b36e5fad41f47fc00c9371fc35dbe4fac6f7d4f7fb27fb2ad731be,scale,fixed,1,10000,7.230000000000003
mnist,swin_tiny,raw,raw_dense_reference,dense,dense,0,1,heldout_val,55000,mnist/swin_tiny/raw/dense/pNA/seed1,485f892a847b6dbcfdab4e13b46349e10ca7e3c0d81810dc50d69b0ada0c05f0,dd2cf2d226b36e5fad41f47fc00c9371fc35dbe4fac6f7d4f7fb27fb2ad731be,rotate,fixed,1,10000,7.889999999999997
mnist,swin_tiny,raw,raw_dense_reference,dense,dense,0,1,heldout_val,55000,mnist/swin_tiny/raw/dense/pNA/seed1,485f892a847b6dbcfdab4e13b46349e10ca7e3c0d81810dc50d69b0ada0c05f0,dd2cf2d226b36e5fad41f47fc00c9371fc35dbe4fac6f7d4f7fb27fb2ad731be,brightness,fixed,1,10000,89.2
mnist,swin_tiny,raw,raw_dense_reference,dense,dense,0,1,heldout_val,55000,mnist/swin_tiny/raw/dense/pNA/seed1,485f892a847b6dbcfdab4e13b46349e10ca7e3c0d81810dc50d69b0ada0c05f0,dd2cf2d226b36e5fad41f47fc00c9371fc35dbe4fac6f7d4f7fb27fb2ad731be,translate,fixed,1,10000,46.97
mnist,swin_tiny,raw,raw_dense_reference,dense,dense,0,1,heldout_val,55000,mnist/swin_tiny/raw/dense/pNA/seed1,485f892a847b6dbcfdab4e13b46349e10ca7e3c0d81810dc50d69b0ada0c05f0,dd2cf2d226b36e5fad41f47fc00c9371fc35dbe4fac6f7d4f7fb27fb2ad731be,stripe,fixed,1,10000,76.88000000000001
mnist,swin_tiny,raw,raw_dense_reference,dense,dense,0,1,heldout_val,55000,mnist/swin_tiny/raw/dense/pNA/seed1,485f892a847b6dbcfdab4e13b46349e10ca7e3c0d81810dc50d69b0ada0c05f0,dd2cf2d226b36e5fad41f47fc00c9371fc35dbe4fac6f7d4f7fb27fb2ad731be,fog,fixed,1,10000,58.78
mnist,swin_tiny,raw,raw_dense_reference,dense,dense,0,1,heldout_val,55000,mnist/swin_tiny/raw/dense/pNA/seed1,485f892a847b6dbcfdab4e13b46349e10ca7e3c0d81810dc50d69b0ada0c05f0,dd2cf2d226b36e5fad41f47fc00c9371fc35dbe4fac6f7d4f7fb27fb2ad731be,spatter,fixed,1,10000,3.849999999999998
mnist,swin_tiny,raw,raw_dense_reference,dense,dense,0,1,heldout_val,55000,mnist/swin_tiny/raw/dense/pNA/seed1,485f892a847b6dbcfdab4e13b46349e10ca7e3c0d81810dc50d69b0ada0c05f0,dd2cf2d226b36e5fad41f47fc00c9371fc35dbe4fac6f7d4f7fb27fb2ad731be,dotted_line,fixed,1,10000,4.64
mnist,swin_tiny,raw,raw_dense_reference,dense,dense,0,1,heldout_val,55000,mnist/swin_tiny/raw/dense/pNA/seed1,485f892a847b6dbcfdab4e13b46349e10ca7e3c0d81810dc50d69b0ada0c05f0,dd2cf2d226b36e5fad41f47fc00c9371fc35dbe4fac6f7d4f7fb27fb2ad731be,zigzag,fixed,1,10000,13.0
mnist,swin_tiny,raw,raw_dense_reference,dense,dense,0,1,heldout_val,55000,mnist/swin_tiny/raw/dense/pNA/seed1,485f892a847b6dbcfdab4e13b46349e10ca7e3c0d81810dc50d69b0ada0c05f0,dd2cf2d226b36e5fad41f47fc00c9371fc35dbe4fac6f7d4f7fb27fb2ad731be,canny_edges,fixed,1,10000,21.719999999999995
mnist,swin_tiny,grayscale,training_sparse_testing_sparse,compact,compact,0,1,heldout_val,55000,mnist/swin_tiny/grayscale/compact/p0/seed1,27834ca7879cdcbc657227d83ee6209161fc84b956f9fc30765d0b5f59e7f707,55ab18490b0225ea74dbcf9d59b84b29698eab03259fc268c2e33d812dfbccbd,clean,clean,1,10000,1.1299999999999977
mnist,swin_tiny,grayscale,training_sparse_testing_sparse,compact,compact,0,1,heldout_val,55000,mnist/swin_tiny/grayscale/compact/p0/seed1,27834ca7879cdcbc657227d83ee6209161fc84b956f9fc30765d0b5f59e7f707,55ab18490b0225ea74dbcf9d59b84b29698eab03259fc268c2e33d812dfbccbd,shot_noise,fixed,1,10000,8.750000000000002
mnist,swin_tiny,grayscale,training_sparse_testing_sparse,compact,compact,0,1,heldout_val,55000,mnist/swin_tiny/grayscale/compact/p0/seed1,27834ca7879cdcbc657227d83ee6209161fc84b956f9fc30765d0b5f59e7f707,55ab18490b0225ea74dbcf9d59b84b29698eab03259fc268c2e33d812dfbccbd,impulse_noise,fixed,1,10000,42.96
mnist,swin_tiny,grayscale,training_sparse_testing_sparse,compact,compact,0,1,heldout_val,55000,mnist/swin_tiny/grayscale/compact/p0/seed1,27834ca7879cdcbc657227d83ee6209161fc84b956f9fc30765d0b5f59e7f707,55ab18490b0225ea74dbcf9d59b84b29698eab03259fc268c2e33d812dfbccbd,glass_blur,fixed,1,10000,37.88
mnist,swin_tiny,grayscale,training_sparse_testing_sparse,compact,compact,0,1,heldout_val,55000,mnist/swin_tiny/grayscale/compact/p0/seed1,27834ca7879cdcbc657227d83ee6209161fc84b956f9fc30765d0b5f59e7f707,55ab18490b0225ea74dbcf9d59b84b29698eab03259fc268c2e33d812dfbccbd,motion_blur,fixed,1,10000,10.07
mnist,swin_tiny,grayscale,training_sparse_testing_sparse,compact,compact,0,1,heldout_val,55000,mnist/swin_tiny/grayscale/compact/p0/seed1,27834ca7879cdcbc657227d83ee6209161fc84b956f9fc30765d0b5f59e7f707,55ab18490b0225ea74dbcf9d59b84b29698eab03259fc268c2e33d812dfbccbd,shear,fixed,1,10000,3.3299999999999996
mnist,swin_tiny,grayscale,training_sparse_testing_sparse,compact,compact,0,1,heldout_val,55000,mnist/swin_tiny/grayscale/compact/p0/seed1,27834ca7879cdcbc657227d83ee6209161fc84b956f9fc30765d0b5f59e7f707,55ab18490b0225ea74dbcf9d59b84b29698eab03259fc268c2e33d812dfbccbd,scale,fixed,1,10000,6.769999999999998
mnist,swin_tiny,grayscale,training_sparse_testing_sparse,compact,compact,0,1,heldout_val,55000,mnist/swin_tiny/grayscale/compact/p0/seed1,27834ca7879cdcbc657227d83ee6209161fc84b956f9fc30765d0b5f59e7f707,55ab18490b0225ea74dbcf9d59b84b29698eab03259fc268c2e33d812dfbccbd,rotate,fixed,1,10000,7.989999999999997
mnist,swin_tiny,grayscale,training_sparse_testing_sparse,compact,compact,0,1,heldout_val,55000,mnist/swin_tiny/grayscale/compact/p0/seed1,27834ca7879cdcbc657227d83ee6209161fc84b956f9fc30765d0b5f59e7f707,55ab18490b0225ea74dbcf9d59b84b29698eab03259fc268c2e33d812dfbccbd,brightness,fixed,1,10000,72.31
mnist,swin_tiny,grayscale,training_sparse_testing_sparse,compact,compact,0,1,heldout_val,55000,mnist/swin_tiny/grayscale/compact/p0/seed1,27834ca7879cdcbc657227d83ee6209161fc84b956f9fc30765d0b5f59e7f707,55ab18490b0225ea74dbcf9d59b84b29698eab03259fc268c2e33d812dfbccbd,translate,fixed,1,10000,54.14
mnist,swin_tiny,grayscale,training_sparse_testing_sparse,compact,compact,0,1,heldout_val,55000,mnist/swin_tiny/grayscale/compact/p0/seed1,27834ca7879cdcbc657227d83ee6209161fc84b956f9fc30765d0b5f59e7f707,55ab18490b0225ea74dbcf9d59b84b29698eab03259fc268c2e33d812dfbccbd,stripe,fixed,1,10000,55.97
mnist,swin_tiny,grayscale,training_sparse_testing_sparse,compact,compact,0,1,heldout_val,55000,mnist/swin_tiny/grayscale/compact/p0/seed1,27834ca7879cdcbc657227d83ee6209161fc84b956f9fc30765d0b5f59e7f707,55ab18490b0225ea74dbcf9d59b84b29698eab03259fc268c2e33d812dfbccbd,fog,fixed,1,10000,77.05
mnist,swin_tiny,grayscale,training_sparse_testing_sparse,compact,compact,0,1,heldout_val,55000,mnist/swin_tiny/grayscale/compact/p0/seed1,27834ca7879cdcbc657227d83ee6209161fc84b956f9fc30765d0b5f59e7f707,55ab18490b0225ea74dbcf9d59b84b29698eab03259fc268c2e33d812dfbccbd,spatter,fixed,1,10000,24.580000000000002
mnist,swin_tiny,grayscale,training_sparse_testing_sparse,compact,compact,0,1,heldout_val,55000,mnist/swin_tiny/grayscale/compact/p0/seed1,27834ca7879cdcbc657227d83ee6209161fc84b956f9fc30765d0b5f59e7f707,55ab18490b0225ea74dbcf9d59b84b29698eab03259fc268c2e33d812dfbccbd,dotted_line,fixed,1,10000,3.9900000000000047
mnist,swin_tiny,grayscale,training_sparse_testing_sparse,compact,compact,0,1,heldout_val,55000,mnist/swin_tiny/grayscale/compact/p0/seed1,27834ca7879cdcbc657227d83ee6209161fc84b956f9fc30765d0b5f59e7f707,55ab18490b0225ea74dbcf9d59b84b29698eab03259fc268c2e33d812dfbccbd,zigzag,fixed,1,10000,9.750000000000004
mnist,swin_tiny,grayscale,training_sparse_testing_sparse,compact,compact,0,1,heldout_val,55000,mnist/swin_tiny/grayscale/compact/p0/seed1,27834ca7879cdcbc657227d83ee6209161fc84b956f9fc30765d0b5f59e7f707,55ab18490b0225ea74dbcf9d59b84b29698eab03259fc268c2e33d812dfbccbd,canny_edges,fixed,1,10000,9.760000000000002
mnist,swin_tiny,grayscale,training_sparse_testing_sparse,compact,compact,20,1,heldout_val,55000,mnist/swin_tiny/grayscale/compact/p20/seed1,9aa413ee69e997703c5692a455146755058ad98054849128380d366db4e5d1d1,b05f8116a2eb9064b02478e60de3377144422d6b8961baa4ca7bfb15e9303674,clean,clean,1,10000,1.1299999999999977
mnist,swin_tiny,grayscale,training_sparse_testing_sparse,compact,compact,20,1,heldout_val,55000,mnist/swin_tiny/grayscale/compact/p20/seed1,9aa413ee69e997703c5692a455146755058ad98054849128380d366db4e5d1d1,b05f8116a2eb9064b02478e60de3377144422d6b8961baa4ca7bfb15e9303674,shot_noise,fixed,1,10000,8.750000000000002
mnist,swin_tiny,grayscale,training_sparse_testing_sparse,compact,compact,20,1,heldout_val,55000,mnist/swin_tiny/grayscale/compact/p20/seed1,9aa413ee69e997703c5692a455146755058ad98054849128380d366db4e5d1d1,b05f8116a2eb9064b02478e60de3377144422d6b8961baa4ca7bfb15e9303674,impulse_noise,fixed,1,10000,42.95
mnist,swin_tiny,grayscale,training_sparse_testing_sparse,compact,compact,20,1,heldout_val,55000,mnist/swin_tiny/grayscale/compact/p20/seed1,9aa413ee69e997703c5692a455146755058ad98054849128380d366db4e5d1d1,b05f8116a2eb9064b02478e60de3377144422d6b8961baa4ca7bfb15e9303674,glass_blur,fixed,1,10000,37.88
mnist,swin_tiny,grayscale,training_sparse_testing_sparse,compact,compact,20,1,heldout_val,55000,mnist/swin_tiny/grayscale/compact/p20/seed1,9aa413ee69e997703c5692a455146755058ad98054849128380d366db4e5d1d1,b05f8116a2eb9064b02478e60de3377144422d6b8961baa4ca7bfb15e9303674,motion_blur,fixed,1,10000,10.07
mnist,swin_tiny,grayscale,training_sparse_testing_sparse,compact,compact,20,1,heldout_val,55000,mnist/swin_tiny/grayscale/compact/p20/seed1,9aa413ee69e997703c5692a455146755058ad98054849128380d366db4e5d1d1,b05f8116a2eb9064b02478e60de3377144422d6b8961baa4ca7bfb15e9303674,shear,fixed,1,10000,3.3299999999999996
mnist,swin_tiny,grayscale,training_sparse_testing_sparse,compact,compact,20,1,heldout_val,55000,mnist/swin_tiny/grayscale/compact/p20/seed1,9aa413ee69e997703c5692a455146755058ad98054849128380d366db4e5d1d1,b05f8116a2eb9064b02478e60de3377144422d6b8961baa4ca7bfb15e9303674,scale,fixed,1,10000,6.769999999999998
mnist,swin_tiny,grayscale,training_sparse_testing_sparse,compact,compact,20,1,heldout_val,55000,mnist/swin_tiny/grayscale/compact/p20/seed1,9aa413ee69e997703c5692a455146755058ad98054849128380d366db4e5d1d1,b05f8116a2eb9064b02478e60de3377144422d6b8961baa4ca7bfb15e9303674,rotate,fixed,1,10000,7.989999999999997
mnist,swin_tiny,grayscale,training_sparse_testing_sparse,compact,compact,20,1,heldout_val,55000,mnist/swin_tiny/grayscale/compact/p20/seed1,9aa413ee69e997703c5692a455146755058ad98054849128380d366db4e5d1d1,b05f8116a2eb9064b02478e60de3377144422d6b8961baa4ca7bfb15e9303674,brightness,fixed,1,10000,68.0
mnist,swin_tiny,grayscale,training_sparse_testing_sparse,compact,compact,20,1,heldout_val,55000,mnist/swin_tiny/grayscale/compact/p20/seed1,9aa413ee69e997703c5692a455146755058ad98054849128380d366db4e5d1d1,b05f8116a2eb9064b02478e60de3377144422d6b8961baa4ca7bfb15e9303674,translate,fixed,1,10000,54.14
mnist,swin_tiny,grayscale,training_sparse_testing_sparse,compact,compact,20,1,heldout_val,55000,mnist/swin_tiny/grayscale/compact/p20/seed1,9aa413ee69e997703c5692a455146755058ad98054849128380d366db4e5d1d1,b05f8116a2eb9064b02478e60de3377144422d6b8961baa4ca7bfb15e9303674,stripe,fixed,1,10000,55.16
mnist,swin_tiny,grayscale,training_sparse_testing_sparse,compact,compact,20,1,heldout_val,55000,mnist/swin_tiny/grayscale/compact/p20/seed1,9aa413ee69e997703c5692a455146755058ad98054849128380d366db4e5d1d1,b05f8116a2eb9064b02478e60de3377144422d6b8961baa4ca7bfb15e9303674,fog,fixed,1,10000,76.94
mnist,swin_tiny,grayscale,training_sparse_testing_sparse,compact,compact,20,1,heldout_val,55000,mnist/swin_tiny/grayscale/compact/p20/seed1,9aa413ee69e997703c5692a455146755058ad98054849128380d366db4e5d1d1,b05f8116a2eb9064b02478e60de3377144422d6b8961baa4ca7bfb15e9303674,spatter,fixed,1,10000,24.580000000000002
mnist,swin_tiny,grayscale,training_sparse_testing_sparse,compact,compact,20,1,heldout_val,55000,mnist/swin_tiny/grayscale/compact/p20/seed1,9aa413ee69e997703c5692a455146755058ad98054849128380d366db4e5d1d1,b05f8116a2eb9064b02478e60de3377144422d6b8961baa4ca7bfb15e9303674,dotted_line,fixed,1,10000,3.9900000000000047
mnist,swin_tiny,grayscale,training_sparse_testing_sparse,compact,compact,20,1,heldout_val,55000,mnist/swin_tiny/grayscale/compact/p20/seed1,9aa413ee69e997703c5692a455146755058ad98054849128380d366db4e5d1d1,b05f8116a2eb9064b02478e60de3377144422d6b8961baa4ca7bfb15e9303674,zigzag,fixed,1,10000,9.750000000000004
mnist,swin_tiny,grayscale,training_sparse_testing_sparse,compact,compact,20,1,heldout_val,55000,mnist/swin_tiny/grayscale/compact/p20/seed1,9aa413ee69e997703c5692a455146755058ad98054849128380d366db4e5d1d1,b05f8116a2eb9064b02478e60de3377144422d6b8961baa4ca7bfb15e9303674,canny_edges,fixed,1,10000,9.760000000000002
mnist,swin_tiny,grayscale,training_sparse_testing_sparse,compact,compact,40,1,heldout_val,55000,mnist/swin_tiny/grayscale/compact/p40/seed1,f84921d6bb53e31c3bc29801dabb400603429f6778da2940cf09721062ffb3aa,f5b01a9ab148f8f703e3d1153283e43bbd300de0b91444b605e063a3656c6e58,clean,clean,1,10000,1.1299999999999977
mnist,swin_tiny,grayscale,training_sparse_testing_sparse,compact,compact,40,1,heldout_val,55000,mnist/swin_tiny/grayscale/compact/p40/seed1,f84921d6bb53e31c3bc29801dabb400603429f6778da2940cf09721062ffb3aa,f5b01a9ab148f8f703e3d1153283e43bbd300de0b91444b605e063a3656c6e58,shot_noise,fixed,1,10000,8.750000000000002
mnist,swin_tiny,grayscale,training_sparse_testing_sparse,compact,compact,40,1,heldout_val,55000,mnist/swin_tiny/grayscale/compact/p40/seed1,f84921d6bb53e31c3bc29801dabb400603429f6778da2940cf09721062ffb3aa,f5b01a9ab148f8f703e3d1153283e43bbd300de0b91444b605e063a3656c6e58,impulse_noise,fixed,1,10000,48.29
mnist,swin_tiny,grayscale,training_sparse_testing_sparse,compact,compact,40,1,heldout_val,55000,mnist/swin_tiny/grayscale/compact/p40/seed1,f84921d6bb53e31c3bc29801dabb400603429f6778da2940cf09721062ffb3aa,f5b01a9ab148f8f703e3d1153283e43bbd300de0b91444b605e063a3656c6e58,glass_blur,fixed,1,10000,38.019999999999996
mnist,swin_tiny,grayscale,training_sparse_testing_sparse,compact,compact,40,1,heldout_val,55000,mnist/swin_tiny/grayscale/compact/p40/seed1,f84921d6bb53e31c3bc29801dabb400603429f6778da2940cf09721062ffb3aa,f5b01a9ab148f8f703e3d1153283e43bbd300de0b91444b605e063a3656c6e58,motion_blur,fixed,1,10000,10.109999999999996
mnist,swin_tiny,grayscale,training_sparse_testing_sparse,compact,compact,40,1,heldout_val,55000,mnist/swin_tiny/grayscale/compact/p40/seed1,f84921d6bb53e31c3bc29801dabb400603429f6778da2940cf09721062ffb3aa,f5b01a9ab148f8f703e3d1153283e43bbd300de0b91444b605e063a3656c6e58,shear,fixed,1,10000,3.3299999999999996
mnist,swin_tiny,grayscale,training_sparse_testing_sparse,compact,compact,40,1,heldout_val,55000,mnist/swin_tiny/grayscale/compact/p40/seed1,f84921d6bb53e31c3bc29801dabb400603429f6778da2940cf09721062ffb3aa,f5b01a9ab148f8f703e3d1153283e43bbd300de0b91444b605e063a3656c6e58,scale,fixed,1,10000,6.769999999999998
mnist,swin_tiny,grayscale,training_sparse_testing_sparse,compact,compact,40,1,heldout_val,55000,mnist/swin_tiny/grayscale/compact/p40/seed1,f84921d6bb53e31c3bc29801dabb400603429f6778da2940cf09721062ffb3aa,f5b01a9ab148f8f703e3d1153283e43bbd300de0b91444b605e063a3656c6e58,rotate,fixed,1,10000,7.989999999999997
mnist,swin_tiny,grayscale,training_sparse_testing_sparse,compact,compact,40,1,heldout_val,55000,mnist/swin_tiny/grayscale/compact/p40/seed1,f84921d6bb53e31c3bc29801dabb400603429f6778da2940cf09721062ffb3aa,f5b01a9ab148f8f703e3d1153283e43bbd300de0b91444b605e063a3656c6e58,brightness,fixed,1,10000,64.52
mnist,swin_tiny,grayscale,training_sparse_testing_sparse,compact,compact,40,1,heldout_val,55000,mnist/swin_tiny/grayscale/compact/p40/seed1,f84921d6bb53e31c3bc29801dabb400603429f6778da2940cf09721062ffb3aa,f5b01a9ab148f8f703e3d1153283e43bbd300de0b91444b605e063a3656c6e58,translate,fixed,1,10000,54.14
mnist,swin_tiny,grayscale,training_sparse_testing_sparse,compact,compact,40,1,heldout_val,55000,mnist/swin_tiny/grayscale/compact/p40/seed1,f84921d6bb53e31c3bc29801dabb400603429f6778da2940cf09721062ffb3aa,f5b01a9ab148f8f703e3d1153283e43bbd300de0b91444b605e063a3656c6e58,stripe,fixed,1,10000,59.99
mnist,swin_tiny,grayscale,training_sparse_testing_sparse,compact,compact,40,1,heldout_val,55000,mnist/swin_tiny/grayscale/compact/p40/seed1,f84921d6bb53e31c3bc29801dabb400603429f6778da2940cf09721062ffb3aa,f5b01a9ab148f8f703e3d1153283e43bbd300de0b91444b605e063a3656c6e58,fog,fixed,1,10000,75.68
mnist,swin_tiny,grayscale,training_sparse_testing_sparse,compact,compact,40,1,heldout_val,55000,mnist/swin_tiny/grayscale/compact/p40/seed1,f84921d6bb53e31c3bc29801dabb400603429f6778da2940cf09721062ffb3aa,f5b01a9ab148f8f703e3d1153283e43bbd300de0b91444b605e063a3656c6e58,spatter,fixed,1,10000,24.79
mnist,swin_tiny,grayscale,training_sparse_testing_sparse,compact,compact,40,1,heldout_val,55000,mnist/swin_tiny/grayscale/compact/p40/seed1,f84921d6bb53e31c3bc29801dabb400603429f6778da2940cf09721062ffb3aa,f5b01a9ab148f8f703e3d1153283e43bbd300de0b91444b605e063a3656c6e58,dotted_line,fixed,1,10000,3.9900000000000047
mnist,swin_tiny,grayscale,training_sparse_testing_sparse,compact,compact,40,1,heldout_val,55000,mnist/swin_tiny/grayscale/compact/p40/seed1,f84921d6bb53e31c3bc29801dabb400603429f6778da2940cf09721062ffb3aa,f5b01a9ab148f8f703e3d1153283e43bbd300de0b91444b605e063a3656c6e58,zigzag,fixed,1,10000,9.750000000000004
mnist,swin_tiny,grayscale,training_sparse_testing_sparse,compact,compact,40,1,heldout_val,55000,mnist/swin_tiny/grayscale/compact/p40/seed1,f84921d6bb53e31c3bc29801dabb400603429f6778da2940cf09721062ffb3aa,f5b01a9ab148f8f703e3d1153283e43bbd300de0b91444b605e063a3656c6e58,canny_edges,fixed,1,10000,9.760000000000002
mnist,swin_tiny,grayscale,training_sparse_testing_sparse,compact,compact,60,1,heldout_val,55000,mnist/swin_tiny/grayscale/compact/p60/seed1,e067d589edb47a17a9cc8bf6eed2c1d48035677eedcf3733a30af34ab1ade4f9,9ccc76b1a0346a836c8fe47bd3a31d878322708429547246dc215e5a9ac9df91,clean,clean,1,10000,1.0099999999999998
mnist,swin_tiny,grayscale,training_sparse_testing_sparse,compact,compact,60,1,heldout_val,55000,mnist/swin_tiny/grayscale/compact/p60/seed1,e067d589edb47a17a9cc8bf6eed2c1d48035677eedcf3733a30af34ab1ade4f9,9ccc76b1a0346a836c8fe47bd3a31d878322708429547246dc215e5a9ac9df91,shot_noise,fixed,1,10000,8.409999999999995
mnist,swin_tiny,grayscale,training_sparse_testing_sparse,compact,compact,60,1,heldout_val,55000,mnist/swin_tiny/grayscale/compact/p60/seed1,e067d589edb47a17a9cc8bf6eed2c1d48035677eedcf3733a30af34ab1ade4f9,9ccc76b1a0346a836c8fe47bd3a31d878322708429547246dc215e5a9ac9df91,impulse_noise,fixed,1,10000,57.379999999999995
mnist,swin_tiny,grayscale,training_sparse_testing_sparse,compact,compact,60,1,heldout_val,55000,mnist/swin_tiny/grayscale/compact/p60/seed1,e067d589edb47a17a9cc8bf6eed2c1d48035677eedcf3733a30af34ab1ade4f9,9ccc76b1a0346a836c8fe47bd3a31d878322708429547246dc215e5a9ac9df91,glass_blur,fixed,1,10000,42.879999999999995
mnist,swin_tiny,grayscale,training_sparse_testing_sparse,compact,compact,60,1,heldout_val,55000,mnist/swin_tiny/grayscale/compact/p60/seed1,e067d589edb47a17a9cc8bf6eed2c1d48035677eedcf3733a30af34ab1ade4f9,9ccc76b1a0346a836c8fe47bd3a31d878322708429547246dc215e5a9ac9df91,motion_blur,fixed,1,10000,13.0
mnist,swin_tiny,grayscale,training_sparse_testing_sparse,compact,compact,60,1,heldout_val,55000,mnist/swin_tiny/grayscale/compact/p60/seed1,e067d589edb47a17a9cc8bf6eed2c1d48035677eedcf3733a30af34ab1ade4f9,9ccc76b1a0346a836c8fe47bd3a31d878322708429547246dc215e5a9ac9df91,shear,fixed,1,10000,3.2100000000000017
mnist,swin_tiny,grayscale,training_sparse_testing_sparse,compact,compact,60,1,heldout_val,55000,mnist/swin_tiny/grayscale/compact/p60/seed1,e067d589edb47a17a9cc8bf6eed2c1d48035677eedcf3733a30af34ab1ade4f9,9ccc76b1a0346a836c8fe47bd3a31d878322708429547246dc215e5a9ac9df91,scale,fixed,1,10000,7.050000000000001
mnist,swin_tiny,grayscale,training_sparse_testing_sparse,compact,compact,60,1,heldout_val,55000,mnist/swin_tiny/grayscale/compact/p60/seed1,e067d589edb47a17a9cc8bf6eed2c1d48035677eedcf3733a30af34ab1ade4f9,9ccc76b1a0346a836c8fe47bd3a31d878322708429547246dc215e5a9ac9df91,rotate,fixed,1,10000,7.720000000000004
mnist,swin_tiny,grayscale,training_sparse_testing_sparse,compact,compact,60,1,heldout_val,55000,mnist/swin_tiny/grayscale/compact/p60/seed1,e067d589edb47a17a9cc8bf6eed2c1d48035677eedcf3733a30af34ab1ade4f9,9ccc76b1a0346a836c8fe47bd3a31d878322708429547246dc215e5a9ac9df91,brightness,fixed,1,10000,55.61000000000001
mnist,swin_tiny,grayscale,training_sparse_testing_sparse,compact,compact,60,1,heldout_val,55000,mnist/swin_tiny/grayscale/compact/p60/seed1,e067d589edb47a17a9cc8bf6eed2c1d48035677eedcf3733a30af34ab1ade4f9,9ccc76b1a0346a836c8fe47bd3a31d878322708429547246dc215e5a9ac9df91,translate,fixed,1,10000,54.38000000000001
mnist,swin_tiny,grayscale,training_sparse_testing_sparse,compact,compact,60,1,heldout_val,55000,mnist/swin_tiny/grayscale/compact/p60/seed1,e067d589edb47a17a9cc8bf6eed2c1d48035677eedcf3733a30af34ab1ade4f9,9ccc76b1a0346a836c8fe47bd3a31d878322708429547246dc215e5a9ac9df91,stripe,fixed,1,10000,47.12
mnist,swin_tiny,grayscale,training_sparse_testing_sparse,compact,compact,60,1,heldout_val,55000,mnist/swin_tiny/grayscale/compact/p60/seed1,e067d589edb47a17a9cc8bf6eed2c1d48035677eedcf3733a30af34ab1ade4f9,9ccc76b1a0346a836c8fe47bd3a31d878322708429547246dc215e5a9ac9df91,fog,fixed,1,10000,64.96
mnist,swin_tiny,grayscale,training_sparse_testing_sparse,compact,compact,60,1,heldout_val,55000,mnist/swin_tiny/grayscale/compact/p60/seed1,e067d589edb47a17a9cc8bf6eed2c1d48035677eedcf3733a30af34ab1ade4f9,9ccc76b1a0346a836c8fe47bd3a31d878322708429547246dc215e5a9ac9df91,spatter,fixed,1,10000,21.009999999999994
mnist,swin_tiny,grayscale,training_sparse_testing_sparse,compact,compact,60,1,heldout_val,55000,mnist/swin_tiny/grayscale/compact/p60/seed1,e067d589edb47a17a9cc8bf6eed2c1d48035677eedcf3733a30af34ab1ade4f9,9ccc76b1a0346a836c8fe47bd3a31d878322708429547246dc215e5a9ac9df91,dotted_line,fixed,1,10000,3.839999999999999
mnist,swin_tiny,grayscale,training_sparse_testing_sparse,compact,compact,60,1,heldout_val,55000,mnist/swin_tiny/grayscale/compact/p60/seed1,e067d589edb47a17a9cc8bf6eed2c1d48035677eedcf3733a30af34ab1ade4f9,9ccc76b1a0346a836c8fe47bd3a31d878322708429547246dc215e5a9ac9df91,zigzag,fixed,1,10000,8.850000000000001
mnist,swin_tiny,grayscale,training_sparse_testing_sparse,compact,compact,60,1,heldout_val,55000,mnist/swin_tiny/grayscale/compact/p60/seed1,e067d589edb47a17a9cc8bf6eed2c1d48035677eedcf3733a30af34ab1ade4f9,9ccc76b1a0346a836c8fe47bd3a31d878322708429547246dc215e5a9ac9df91,canny_edges,fixed,1,10000,11.59
mnist,swin_tiny,grayscale,training_sparse_testing_sparse,compact,compact,80,1,heldout_val,55000,mnist/swin_tiny/grayscale/compact/p80/seed1,86f41a05b88279a39f39102158f84e7709142de4042308407b66997fd999f253,70a8068790b6efec05addf3356878ec0f921689e7f66afc4c642f3384dc2c890,clean,clean,1,10000,1.200000000000001
mnist,swin_tiny,grayscale,training_sparse_testing_sparse,compact,compact,80,1,heldout_val,55000,mnist/swin_tiny/grayscale/compact/p80/seed1,86f41a05b88279a39f39102158f84e7709142de4042308407b66997fd999f253,70a8068790b6efec05addf3356878ec0f921689e7f66afc4c642f3384dc2c890,shot_noise,fixed,1,10000,12.280000000000001
mnist,swin_tiny,grayscale,training_sparse_testing_sparse,compact,compact,80,1,heldout_val,55000,mnist/swin_tiny/grayscale/compact/p80/seed1,86f41a05b88279a39f39102158f84e7709142de4042308407b66997fd999f253,70a8068790b6efec05addf3356878ec0f921689e7f66afc4c642f3384dc2c890,impulse_noise,fixed,1,10000,86.61
mnist,swin_tiny,grayscale,training_sparse_testing_sparse,compact,compact,80,1,heldout_val,55000,mnist/swin_tiny/grayscale/compact/p80/seed1,86f41a05b88279a39f39102158f84e7709142de4042308407b66997fd999f253,70a8068790b6efec05addf3356878ec0f921689e7f66afc4c642f3384dc2c890,glass_blur,fixed,1,10000,56.04
mnist,swin_tiny,grayscale,training_sparse_testing_sparse,compact,compact,80,1,heldout_val,55000,mnist/swin_tiny/grayscale/compact/p80/seed1,86f41a05b88279a39f39102158f84e7709142de4042308407b66997fd999f253,70a8068790b6efec05addf3356878ec0f921689e7f66afc4c642f3384dc2c890,motion_blur,fixed,1,10000,39.800000000000004
mnist,swin_tiny,grayscale,training_sparse_testing_sparse,compact,compact,80,1,heldout_val,55000,mnist/swin_tiny/grayscale/compact/p80/seed1,86f41a05b88279a39f39102158f84e7709142de4042308407b66997fd999f253,70a8068790b6efec05addf3356878ec0f921689e7f66afc4c642f3384dc2c890,shear,fixed,1,10000,4.800000000000004
mnist,swin_tiny,grayscale,training_sparse_testing_sparse,compact,compact,80,1,heldout_val,55000,mnist/swin_tiny/grayscale/compact/p80/seed1,86f41a05b88279a39f39102158f84e7709142de4042308407b66997fd999f253,70a8068790b6efec05addf3356878ec0f921689e7f66afc4c642f3384dc2c890,scale,fixed,1,10000,7.979999999999999
mnist,swin_tiny,grayscale,training_sparse_testing_sparse,compact,compact,80,1,heldout_val,55000,mnist/swin_tiny/grayscale/compact/p80/seed1,86f41a05b88279a39f39102158f84e7709142de4042308407b66997fd999f253,70a8068790b6efec05addf3356878ec0f921689e7f66afc4c642f3384dc2c890,rotate,fixed,1,10000,9.189999999999998
mnist,swin_tiny,grayscale,training_sparse_testing_sparse,compact,compact,80,1,heldout_val,55000,mnist/swin_tiny/grayscale/compact/p80/seed1,86f41a05b88279a39f39102158f84e7709142de4042308407b66997fd999f253,70a8068790b6efec05addf3356878ec0f921689e7f66afc4c642f3384dc2c890,brightness,fixed,1,10000,76.08
mnist,swin_tiny,grayscale,training_sparse_testing_sparse,compact,compact,80,1,heldout_val,55000,mnist/swin_tiny/grayscale/compact/p80/seed1,86f41a05b88279a39f39102158f84e7709142de4042308407b66997fd999f253,70a8068790b6efec05addf3356878ec0f921689e7f66afc4c642f3384dc2c890,translate,fixed,1,10000,55.05
mnist,swin_tiny,grayscale,training_sparse_testing_sparse,compact,compact,80,1,heldout_val,55000,mnist/swin_tiny/grayscale/compact/p80/seed1,86f41a05b88279a39f39102158f84e7709142de4042308407b66997fd999f253,70a8068790b6efec05addf3356878ec0f921689e7f66afc4c642f3384dc2c890,stripe,fixed,1,10000,86.43
mnist,swin_tiny,grayscale,training_sparse_testing_sparse,compact,compact,80,1,heldout_val,55000,mnist/swin_tiny/grayscale/compact/p80/seed1,86f41a05b88279a39f39102158f84e7709142de4042308407b66997fd999f253,70a8068790b6efec05addf3356878ec0f921689e7f66afc4c642f3384dc2c890,fog,fixed,1,10000,85.85000000000001
mnist,swin_tiny,grayscale,training_sparse_testing_sparse,compact,compact,80,1,heldout_val,55000,mnist/swin_tiny/grayscale/compact/p80/seed1,86f41a05b88279a39f39102158f84e7709142de4042308407b66997fd999f253,70a8068790b6efec05addf3356878ec0f921689e7f66afc4c642f3384dc2c890,spatter,fixed,1,10000,10.099999999999998
mnist,swin_tiny,grayscale,training_sparse_testing_sparse,compact,compact,80,1,heldout_val,55000,mnist/swin_tiny/grayscale/compact/p80/seed1,86f41a05b88279a39f39102158f84e7709142de4042308407b66997fd999f253,70a8068790b6efec05addf3356878ec0f921689e7f66afc4c642f3384dc2c890,dotted_line,fixed,1,10000,8.350000000000001
mnist,swin_tiny,grayscale,training_sparse_testing_sparse,compact,compact,80,1,heldout_val,55000,mnist/swin_tiny/grayscale/compact/p80/seed1,86f41a05b88279a39f39102158f84e7709142de4042308407b66997fd999f253,70a8068790b6efec05addf3356878ec0f921689e7f66afc4c642f3384dc2c890,zigzag,fixed,1,10000,21.699999999999996
mnist,swin_tiny,grayscale,training_sparse_testing_sparse,compact,compact,80,1,heldout_val,55000,mnist/swin_tiny/grayscale/compact/p80/seed1,86f41a05b88279a39f39102158f84e7709142de4042308407b66997fd999f253,70a8068790b6efec05addf3356878ec0f921689e7f66afc4c642f3384dc2c890,canny_edges,fixed,1,10000,32.589999999999996
mnist,swin_tiny,raw,raw_dense_reference,dense,dense,0,2,heldout_val,55000,mnist/swin_tiny/raw/dense/pNA/seed2,dc141a26cd438bb05b5097a229bc10b348f6a1d7cb9696567fc85afbb8440cbe,427b62eb15ab92cd151c4ecfeaec6ca4bd2a25585462fc549ffe8023437c74e7,clean,clean,1,10000,0.770000000000004
mnist,swin_tiny,raw,raw_dense_reference,dense,dense,0,2,heldout_val,55000,mnist/swin_tiny/raw/dense/pNA/seed2,dc141a26cd438bb05b5097a229bc10b348f6a1d7cb9696567fc85afbb8440cbe,427b62eb15ab92cd151c4ecfeaec6ca4bd2a25585462fc549ffe8023437c74e7,shot_noise,fixed,1,10000,3.500000000000003
mnist,swin_tiny,raw,raw_dense_reference,dense,dense,0,2,heldout_val,55000,mnist/swin_tiny/raw/dense/pNA/seed2,dc141a26cd438bb05b5097a229bc10b348f6a1d7cb9696567fc85afbb8440cbe,427b62eb15ab92cd151c4ecfeaec6ca4bd2a25585462fc549ffe8023437c74e7,impulse_noise,fixed,1,10000,20.05
mnist,swin_tiny,raw,raw_dense_reference,dense,dense,0,2,heldout_val,55000,mnist/swin_tiny/raw/dense/pNA/seed2,dc141a26cd438bb05b5097a229bc10b348f6a1d7cb9696567fc85afbb8440cbe,427b62eb15ab92cd151c4ecfeaec6ca4bd2a25585462fc549ffe8023437c74e7,glass_blur,fixed,1,10000,8.17
mnist,swin_tiny,raw,raw_dense_reference,dense,dense,0,2,heldout_val,55000,mnist/swin_tiny/raw/dense/pNA/seed2,dc141a26cd438bb05b5097a229bc10b348f6a1d7cb9696567fc85afbb8440cbe,427b62eb15ab92cd151c4ecfeaec6ca4bd2a25585462fc549ffe8023437c74e7,motion_blur,fixed,1,10000,4.110000000000003
mnist,swin_tiny,raw,raw_dense_reference,dense,dense,0,2,heldout_val,55000,mnist/swin_tiny/raw/dense/pNA/seed2,dc141a26cd438bb05b5097a229bc10b348f6a1d7cb9696567fc85afbb8440cbe,427b62eb15ab92cd151c4ecfeaec6ca4bd2a25585462fc549ffe8023437c74e7,shear,fixed,1,10000,2.8000000000000025
mnist,swin_tiny,raw,raw_dense_reference,dense,dense,0,2,heldout_val,55000,mnist/swin_tiny/raw/dense/pNA/seed2,dc141a26cd438bb05b5097a229bc10b348f6a1d7cb9696567fc85afbb8440cbe,427b62eb15ab92cd151c4ecfeaec6ca4bd2a25585462fc549ffe8023437c74e7,scale,fixed,1,10000,6.789999999999996
mnist,swin_tiny,raw,raw_dense_reference,dense,dense,0,2,heldout_val,55000,mnist/swin_tiny/raw/dense/pNA/seed2,dc141a26cd438bb05b5097a229bc10b348f6a1d7cb9696567fc85afbb8440cbe,427b62eb15ab92cd151c4ecfeaec6ca4bd2a25585462fc549ffe8023437c74e7,rotate,fixed,1,10000,7.720000000000004
mnist,swin_tiny,raw,raw_dense_reference,dense,dense,0,2,heldout_val,55000,mnist/swin_tiny/raw/dense/pNA/seed2,dc141a26cd438bb05b5097a229bc10b348f6a1d7cb9696567fc85afbb8440cbe,427b62eb15ab92cd151c4ecfeaec6ca4bd2a25585462fc549ffe8023437c74e7,brightness,fixed,1,10000,83.69
mnist,swin_tiny,raw,raw_dense_reference,dense,dense,0,2,heldout_val,55000,mnist/swin_tiny/raw/dense/pNA/seed2,dc141a26cd438bb05b5097a229bc10b348f6a1d7cb9696567fc85afbb8440cbe,427b62eb15ab92cd151c4ecfeaec6ca4bd2a25585462fc549ffe8023437c74e7,translate,fixed,1,10000,47.58
mnist,swin_tiny,raw,raw_dense_reference,dense,dense,0,2,heldout_val,55000,mnist/swin_tiny/raw/dense/pNA/seed2,dc141a26cd438bb05b5097a229bc10b348f6a1d7cb9696567fc85afbb8440cbe,427b62eb15ab92cd151c4ecfeaec6ca4bd2a25585462fc549ffe8023437c74e7,stripe,fixed,1,10000,72.19
mnist,swin_tiny,raw,raw_dense_reference,dense,dense,0,2,heldout_val,55000,mnist/swin_tiny/raw/dense/pNA/seed2,dc141a26cd438bb05b5097a229bc10b348f6a1d7cb9696567fc85afbb8440cbe,427b62eb15ab92cd151c4ecfeaec6ca4bd2a25585462fc549ffe8023437c74e7,fog,fixed,1,10000,62.16
mnist,swin_tiny,raw,raw_dense_reference,dense,dense,0,2,heldout_val,55000,mnist/swin_tiny/raw/dense/pNA/seed2,dc141a26cd438bb05b5097a229bc10b348f6a1d7cb9696567fc85afbb8440cbe,427b62eb15ab92cd151c4ecfeaec6ca4bd2a25585462fc549ffe8023437c74e7,spatter,fixed,1,10000,5.5899999999999945
mnist,swin_tiny,raw,raw_dense_reference,dense,dense,0,2,heldout_val,55000,mnist/swin_tiny/raw/dense/pNA/seed2,dc141a26cd438bb05b5097a229bc10b348f6a1d7cb9696567fc85afbb8440cbe,427b62eb15ab92cd151c4ecfeaec6ca4bd2a25585462fc549ffe8023437c74e7,dotted_line,fixed,1,10000,4.559999999999997
mnist,swin_tiny,raw,raw_dense_reference,dense,dense,0,2,heldout_val,55000,mnist/swin_tiny/raw/dense/pNA/seed2,dc141a26cd438bb05b5097a229bc10b348f6a1d7cb9696567fc85afbb8440cbe,427b62eb15ab92cd151c4ecfeaec6ca4bd2a25585462fc549ffe8023437c74e7,zigzag,fixed,1,10000,15.169999999999995
mnist,swin_tiny,raw,raw_dense_reference,dense,dense,0,2,heldout_val,55000,mnist/swin_tiny/raw/dense/pNA/seed2,dc141a26cd438bb05b5097a229bc10b348f6a1d7cb9696567fc85afbb8440cbe,427b62eb15ab92cd151c4ecfeaec6ca4bd2a25585462fc549ffe8023437c74e7,canny_edges,fixed,1,10000,20.130000000000003
mnist,swin_tiny,grayscale,training_sparse_testing_sparse,compact,compact,0,2,heldout_val,55000,mnist/swin_tiny/grayscale/compact/p0/seed2,984f081ec99d3e4bbdd3bdec162111e3b71fd5987938caf8959881f15ccd05d4,7abb62874875d54f0145cf73f791ba245eb0df35d9978ec5c32893e053207307,clean,clean,1,10000,1.0800000000000032
mnist,swin_tiny,grayscale,training_sparse_testing_sparse,compact,compact,0,2,heldout_val,55000,mnist/swin_tiny/grayscale/compact/p0/seed2,984f081ec99d3e4bbdd3bdec162111e3b71fd5987938caf8959881f15ccd05d4,7abb62874875d54f0145cf73f791ba245eb0df35d9978ec5c32893e053207307,shot_noise,fixed,1,10000,10.450000000000003
mnist,swin_tiny,grayscale,training_sparse_testing_sparse,compact,compact,0,2,heldout_val,55000,mnist/swin_tiny/grayscale/compact/p0/seed2,984f081ec99d3e4bbdd3bdec162111e3b71fd5987938caf8959881f15ccd05d4,7abb62874875d54f0145cf73f791ba245eb0df35d9978ec5c32893e053207307,impulse_noise,fixed,1,10000,42.55
mnist,swin_tiny,grayscale,training_sparse_testing_sparse,compact,compact,0,2,heldout_val,55000,mnist/swin_tiny/grayscale/compact/p0/seed2,984f081ec99d3e4bbdd3bdec162111e3b71fd5987938caf8959881f15ccd05d4,7abb62874875d54f0145cf73f791ba245eb0df35d9978ec5c32893e053207307,glass_blur,fixed,1,10000,41.85
mnist,swin_tiny,grayscale,training_sparse_testing_sparse,compact,compact,0,2,heldout_val,55000,mnist/swin_tiny/grayscale/compact/p0/seed2,984f081ec99d3e4bbdd3bdec162111e3b71fd5987938caf8959881f15ccd05d4,7abb62874875d54f0145cf73f791ba245eb0df35d9978ec5c32893e053207307,motion_blur,fixed,1,10000,11.5
mnist,swin_tiny,grayscale,training_sparse_testing_sparse,compact,compact,0,2,heldout_val,55000,mnist/swin_tiny/grayscale/compact/p0/seed2,984f081ec99d3e4bbdd3bdec162111e3b71fd5987938caf8959881f15ccd05d4,7abb62874875d54f0145cf73f791ba245eb0df35d9978ec5c32893e053207307,shear,fixed,1,10000,3.169999999999995
mnist,swin_tiny,grayscale,training_sparse_testing_sparse,compact,compact,0,2,heldout_val,55000,mnist/swin_tiny/grayscale/compact/p0/seed2,984f081ec99d3e4bbdd3bdec162111e3b71fd5987938caf8959881f15ccd05d4,7abb62874875d54f0145cf73f791ba245eb0df35d9978ec5c32893e053207307,scale,fixed,1,10000,8.289999999999997
mnist,swin_tiny,grayscale,training_sparse_testing_sparse,compact,compact,0,2,heldout_val,55000,mnist/swin_tiny/grayscale/compact/p0/seed2,984f081ec99d3e4bbdd3bdec162111e3b71fd5987938caf8959881f15ccd05d4,7abb62874875d54f0145cf73f791ba245eb0df35d9978ec5c32893e053207307,rotate,fixed,1,10000,8.320000000000006
mnist,swin_tiny,grayscale,training_sparse_testing_sparse,compact,compact,0,2,heldout_val,55000,mnist/swin_tiny/grayscale/compact/p0/seed2,984f081ec99d3e4bbdd3bdec162111e3b71fd5987938caf8959881f15ccd05d4,7abb62874875d54f0145cf73f791ba245eb0df35d9978ec5c32893e053207307,brightness,fixed,1,10000,50.93
mnist,swin_tiny,grayscale,training_sparse_testing_sparse,compact,compact,0,2,heldout_val,55000,mnist/swin_tiny/grayscale/compact/p0/seed2,984f081ec99d3e4bbdd3bdec162111e3b71fd5987938caf8959881f15ccd05d4,7abb62874875d54f0145cf73f791ba245eb0df35d9978ec5c32893e053207307,translate,fixed,1,10000,54.39000000000001
mnist,swin_tiny,grayscale,training_sparse_testing_sparse,compact,compact,0,2,heldout_val,55000,mnist/swin_tiny/grayscale/compact/p0/seed2,984f081ec99d3e4bbdd3bdec162111e3b71fd5987938caf8959881f15ccd05d4,7abb62874875d54f0145cf73f791ba245eb0df35d9978ec5c32893e053207307,stripe,fixed,1,10000,45.98
mnist,swin_tiny,grayscale,training_sparse_testing_sparse,compact,compact,0,2,heldout_val,55000,mnist/swin_tiny/grayscale/compact/p0/seed2,984f081ec99d3e4bbdd3bdec162111e3b71fd5987938caf8959881f15ccd05d4,7abb62874875d54f0145cf73f791ba245eb0df35d9978ec5c32893e053207307,fog,fixed,1,10000,58.379999999999995
mnist,swin_tiny,grayscale,training_sparse_testing_sparse,compact,compact,0,2,heldout_val,55000,mnist/swin_tiny/grayscale/compact/p0/seed2,984f081ec99d3e4bbdd3bdec162111e3b71fd5987938caf8959881f15ccd05d4,7abb62874875d54f0145cf73f791ba245eb0df35d9978ec5c32893e053207307,spatter,fixed,1,10000,23.799999999999997
mnist,swin_tiny,grayscale,training_sparse_testing_sparse,compact,compact,0,2,heldout_val,55000,mnist/swin_tiny/grayscale/compact/p0/seed2,984f081ec99d3e4bbdd3bdec162111e3b71fd5987938caf8959881f15ccd05d4,7abb62874875d54f0145cf73f791ba245eb0df35d9978ec5c32893e053207307,dotted_line,fixed,1,10000,4.23
mnist,swin_tiny,grayscale,training_sparse_testing_sparse,compact,compact,0,2,heldout_val,55000,mnist/swin_tiny/grayscale/compact/p0/seed2,984f081ec99d3e4bbdd3bdec162111e3b71fd5987938caf8959881f15ccd05d4,7abb62874875d54f0145cf73f791ba245eb0df35d9978ec5c32893e053207307,zigzag,fixed,1,10000,9.199999999999998
mnist,swin_tiny,grayscale,training_sparse_testing_sparse,compact,compact,0,2,heldout_val,55000,mnist/swin_tiny/grayscale/compact/p0/seed2,984f081ec99d3e4bbdd3bdec162111e3b71fd5987938caf8959881f15ccd05d4,7abb62874875d54f0145cf73f791ba245eb0df35d9978ec5c32893e053207307,canny_edges,fixed,1,10000,9.530000000000005
mnist,swin_tiny,grayscale,training_sparse_testing_sparse,compact,compact,20,2,heldout_val,55000,mnist/swin_tiny/grayscale/compact/p20/seed2,7bbdafd31c100820528d67a419e55e613b997e52a4c84cc3d4b05a569c4803f2,3643c8628fbeca71728f40ea2f97ca0879bbda4c1d4ece30be2ce68d79af4305,clean,clean,1,10000,1.0800000000000032
mnist,swin_tiny,grayscale,training_sparse_testing_sparse,compact,compact,20,2,heldout_val,55000,mnist/swin_tiny/grayscale/compact/p20/seed2,7bbdafd31c100820528d67a419e55e613b997e52a4c84cc3d4b05a569c4803f2,3643c8628fbeca71728f40ea2f97ca0879bbda4c1d4ece30be2ce68d79af4305,shot_noise,fixed,1,10000,10.450000000000003
mnist,swin_tiny,grayscale,training_sparse_testing_sparse,compact,compact,20,2,heldout_val,55000,mnist/swin_tiny/grayscale/compact/p20/seed2,7bbdafd31c100820528d67a419e55e613b997e52a4c84cc3d4b05a569c4803f2,3643c8628fbeca71728f40ea2f97ca0879bbda4c1d4ece30be2ce68d79af4305,impulse_noise,fixed,1,10000,42.55
mnist,swin_tiny,grayscale,training_sparse_testing_sparse,compact,compact,20,2,heldout_val,55000,mnist/swin_tiny/grayscale/compact/p20/seed2,7bbdafd31c100820528d67a419e55e613b997e52a4c84cc3d4b05a569c4803f2,3643c8628fbeca71728f40ea2f97ca0879bbda4c1d4ece30be2ce68d79af4305,glass_blur,fixed,1,10000,41.85
mnist,swin_tiny,grayscale,training_sparse_testing_sparse,compact,compact,20,2,heldout_val,55000,mnist/swin_tiny/grayscale/compact/p20/seed2,7bbdafd31c100820528d67a419e55e613b997e52a4c84cc3d4b05a569c4803f2,3643c8628fbeca71728f40ea2f97ca0879bbda4c1d4ece30be2ce68d79af4305,motion_blur,fixed,1,10000,11.5
mnist,swin_tiny,grayscale,training_sparse_testing_sparse,compact,compact,20,2,heldout_val,55000,mnist/swin_tiny/grayscale/compact/p20/seed2,7bbdafd31c100820528d67a419e55e613b997e52a4c84cc3d4b05a569c4803f2,3643c8628fbeca71728f40ea2f97ca0879bbda4c1d4ece30be2ce68d79af4305,shear,fixed,1,10000,3.169999999999995
mnist,swin_tiny,grayscale,training_sparse_testing_sparse,compact,compact,20,2,heldout_val,55000,mnist/swin_tiny/grayscale/compact/p20/seed2,7bbdafd31c100820528d67a419e55e613b997e52a4c84cc3d4b05a569c4803f2,3643c8628fbeca71728f40ea2f97ca0879bbda4c1d4ece30be2ce68d79af4305,scale,fixed,1,10000,8.289999999999997
mnist,swin_tiny,grayscale,training_sparse_testing_sparse,compact,compact,20,2,heldout_val,55000,mnist/swin_tiny/grayscale/compact/p20/seed2,7bbdafd31c100820528d67a419e55e613b997e52a4c84cc3d4b05a569c4803f2,3643c8628fbeca71728f40ea2f97ca0879bbda4c1d4ece30be2ce68d79af4305,rotate,fixed,1,10000,8.320000000000006
mnist,swin_tiny,grayscale,training_sparse_testing_sparse,compact,compact,20,2,heldout_val,55000,mnist/swin_tiny/grayscale/compact/p20/seed2,7bbdafd31c100820528d67a419e55e613b997e52a4c84cc3d4b05a569c4803f2,3643c8628fbeca71728f40ea2f97ca0879bbda4c1d4ece30be2ce68d79af4305,brightness,fixed,1,10000,58.78
mnist,swin_tiny,grayscale,training_sparse_testing_sparse,compact,compact,20,2,heldout_val,55000,mnist/swin_tiny/grayscale/compact/p20/seed2,7bbdafd31c100820528d67a419e55e613b997e52a4c84cc3d4b05a569c4803f2,3643c8628fbeca71728f40ea2f97ca0879bbda4c1d4ece30be2ce68d79af4305,translate,fixed,1,10000,54.39000000000001
mnist,swin_tiny,grayscale,training_sparse_testing_sparse,compact,compact,20,2,heldout_val,55000,mnist/swin_tiny/grayscale/compact/p20/seed2,7bbdafd31c100820528d67a419e55e613b997e52a4c84cc3d4b05a569c4803f2,3643c8628fbeca71728f40ea2f97ca0879bbda4c1d4ece30be2ce68d79af4305,stripe,fixed,1,10000,45.26
mnist,swin_tiny,grayscale,training_sparse_testing_sparse,compact,compact,20,2,heldout_val,55000,mnist/swin_tiny/grayscale/compact/p20/seed2,7bbdafd31c100820528d67a419e55e613b997e52a4c84cc3d4b05a569c4803f2,3643c8628fbeca71728f40ea2f97ca0879bbda4c1d4ece30be2ce68d79af4305,fog,fixed,1,10000,58.11999999999999
mnist,swin_tiny,grayscale,training_sparse_testing_sparse,compact,compact,20,2,heldout_val,55000,mnist/swin_tiny/grayscale/compact/p20/seed2,7bbdafd31c100820528d67a419e55e613b997e52a4c84cc3d4b05a569c4803f2,3643c8628fbeca71728f40ea2f97ca0879bbda4c1d4ece30be2ce68d79af4305,spatter,fixed,1,10000,23.799999999999997
mnist,swin_tiny,grayscale,training_sparse_testing_sparse,compact,compact,20,2,heldout_val,55000,mnist/swin_tiny/grayscale/compact/p20/seed2,7bbdafd31c100820528d67a419e55e613b997e52a4c84cc3d4b05a569c4803f2,3643c8628fbeca71728f40ea2f97ca0879bbda4c1d4ece30be2ce68d79af4305,dotted_line,fixed,1,10000,4.23
mnist,swin_tiny,grayscale,training_sparse_testing_sparse,compact,compact,20,2,heldout_val,55000,mnist/swin_tiny/grayscale/compact/p20/seed2,7bbdafd31c100820528d67a419e55e613b997e52a4c84cc3d4b05a569c4803f2,3643c8628fbeca71728f40ea2f97ca0879bbda4c1d4ece30be2ce68d79af4305,zigzag,fixed,1,10000,9.199999999999998
mnist,swin_tiny,grayscale,training_sparse_testing_sparse,compact,compact,20,2,heldout_val,55000,mnist/swin_tiny/grayscale/compact/p20/seed2,7bbdafd31c100820528d67a419e55e613b997e52a4c84cc3d4b05a569c4803f2,3643c8628fbeca71728f40ea2f97ca0879bbda4c1d4ece30be2ce68d79af4305,canny_edges,fixed,1,10000,9.530000000000005
mnist,swin_tiny,grayscale,training_sparse_testing_sparse,compact,compact,40,2,heldout_val,55000,mnist/swin_tiny/grayscale/compact/p40/seed2,10b5d88b41cf99949b9cd4d519da31e2c01cfa2e44661171fe44c652aa32a69b,6c98fd8eabf7ead0d1f1e02dcdf88bff64f75c7a96412892ce7362ec6c2ac012,clean,clean,1,10000,1.0800000000000032
mnist,swin_tiny,grayscale,training_sparse_testing_sparse,compact,compact,40,2,heldout_val,55000,mnist/swin_tiny/grayscale/compact/p40/seed2,10b5d88b41cf99949b9cd4d519da31e2c01cfa2e44661171fe44c652aa32a69b,6c98fd8eabf7ead0d1f1e02dcdf88bff64f75c7a96412892ce7362ec6c2ac012,shot_noise,fixed,1,10000,10.450000000000003
mnist,swin_tiny,grayscale,training_sparse_testing_sparse,compact,compact,40,2,heldout_val,55000,mnist/swin_tiny/grayscale/compact/p40/seed2,10b5d88b41cf99949b9cd4d519da31e2c01cfa2e44661171fe44c652aa32a69b,6c98fd8eabf7ead0d1f1e02dcdf88bff64f75c7a96412892ce7362ec6c2ac012,impulse_noise,fixed,1,10000,47.38
mnist,swin_tiny,grayscale,training_sparse_testing_sparse,compact,compact,40,2,heldout_val,55000,mnist/swin_tiny/grayscale/compact/p40/seed2,10b5d88b41cf99949b9cd4d519da31e2c01cfa2e44661171fe44c652aa32a69b,6c98fd8eabf7ead0d1f1e02dcdf88bff64f75c7a96412892ce7362ec6c2ac012,glass_blur,fixed,1,10000,41.97
mnist,swin_tiny,grayscale,training_sparse_testing_sparse,compact,compact,40,2,heldout_val,55000,mnist/swin_tiny/grayscale/compact/p40/seed2,10b5d88b41cf99949b9cd4d519da31e2c01cfa2e44661171fe44c652aa32a69b,6c98fd8eabf7ead0d1f1e02dcdf88bff64f75c7a96412892ce7362ec6c2ac012,motion_blur,fixed,1,10000,11.509999999999998
mnist,swin_tiny,grayscale,training_sparse_testing_sparse,compact,compact,40,2,heldout_val,55000,mnist/swin_tiny/grayscale/compact/p40/seed2,10b5d88b41cf99949b9cd4d519da31e2c01cfa2e44661171fe44c652aa32a69b,6c98fd8eabf7ead0d1f1e02dcdf88bff64f75c7a96412892ce7362ec6c2ac012,shear,fixed,1,10000,3.169999999999995
mnist,swin_tiny,grayscale,training_sparse_testing_sparse,compact,compact,40,2,heldout_val,55000,mnist/swin_tiny/grayscale/compact/p40/seed2,10b5d88b41cf99949b9cd4d519da31e2c01cfa2e44661171fe44c652aa32a69b,6c98fd8eabf7ead0d1f1e02dcdf88bff64f75c7a96412892ce7362ec6c2ac012,scale,fixed,1,10000,8.289999999999997
mnist,swin_tiny,grayscale,training_sparse_testing_sparse,compact,compact,40,2,heldout_val,55000,mnist/swin_tiny/grayscale/compact/p40/seed2,10b5d88b41cf99949b9cd4d519da31e2c01cfa2e44661171fe44c652aa32a69b,6c98fd8eabf7ead0d1f1e02dcdf88bff64f75c7a96412892ce7362ec6c2ac012,rotate,fixed,1,10000,8.320000000000006
mnist,swin_tiny,grayscale,training_sparse_testing_sparse,compact,compact,40,2,heldout_val,55000,mnist/swin_tiny/grayscale/compact/p40/seed2,10b5d88b41cf99949b9cd4d519da31e2c01cfa2e44661171fe44c652aa32a69b,6c98fd8eabf7ead0d1f1e02dcdf88bff64f75c7a96412892ce7362ec6c2ac012,brightness,fixed,1,10000,52.339999999999996
mnist,swin_tiny,grayscale,training_sparse_testing_sparse,compact,compact,40,2,heldout_val,55000,mnist/swin_tiny/grayscale/compact/p40/seed2,10b5d88b41cf99949b9cd4d519da31e2c01cfa2e44661171fe44c652aa32a69b,6c98fd8eabf7ead0d1f1e02dcdf88bff64f75c7a96412892ce7362ec6c2ac012,translate,fixed,1,10000,54.39000000000001
mnist,swin_tiny,grayscale,training_sparse_testing_sparse,compact,compact,40,2,heldout_val,55000,mnist/swin_tiny/grayscale/compact/p40/seed2,10b5d88b41cf99949b9cd4d519da31e2c01cfa2e44661171fe44c652aa32a69b,6c98fd8eabf7ead0d1f1e02dcdf88bff64f75c7a96412892ce7362ec6c2ac012,stripe,fixed,1,10000,49.660000000000004
mnist,swin_tiny,grayscale,training_sparse_testing_sparse,compact,compact,40,2,heldout_val,55000,mnist/swin_tiny/grayscale/compact/p40/seed2,10b5d88b41cf99949b9cd4d519da31e2c01cfa2e44661171fe44c652aa32a69b,6c98fd8eabf7ead0d1f1e02dcdf88bff64f75c7a96412892ce7362ec6c2ac012,fog,fixed,1,10000,58.269999999999996
mnist,swin_tiny,grayscale,training_sparse_testing_sparse,compact,compact,40,2,heldout_val,55000,mnist/swin_tiny/grayscale/compact/p40/seed2,10b5d88b41cf99949b9cd4d519da31e2c01cfa2e44661171fe44c652aa32a69b,6c98fd8eabf7ead0d1f1e02dcdf88bff64f75c7a96412892ce7362ec6c2ac012,spatter,fixed,1,10000,23.740000000000006
mnist,swin_tiny,grayscale,training_sparse_testing_sparse,compact,compact,40,2,heldout_val,55000,mnist/swin_tiny/grayscale/compact/p40/seed2,10b5d88b41cf99949b9cd4d519da31e2c01cfa2e44661171fe44c652aa32a69b,6c98fd8eabf7ead0d1f1e02dcdf88bff64f75c7a96412892ce7362ec6c2ac012,dotted_line,fixed,1,10000,4.23
mnist,swin_tiny,grayscale,training_sparse_testing_sparse,compact,compact,40,2,heldout_val,55000,mnist/swin_tiny/grayscale/compact/p40/seed2,10b5d88b41cf99949b9cd4d519da31e2c01cfa2e44661171fe44c652aa32a69b,6c98fd8eabf7ead0d1f1e02dcdf88bff64f75c7a96412892ce7362ec6c2ac012,zigzag,fixed,1,10000,9.199999999999998
mnist,swin_tiny,grayscale,training_sparse_testing_sparse,compact,compact,40,2,heldout_val,55000,mnist/swin_tiny/grayscale/compact/p40/seed2,10b5d88b41cf99949b9cd4d519da31e2c01cfa2e44661171fe44c652aa32a69b,6c98fd8eabf7ead0d1f1e02dcdf88bff64f75c7a96412892ce7362ec6c2ac012,canny_edges,fixed,1,10000,9.530000000000005
mnist,swin_tiny,grayscale,training_sparse_testing_sparse,compact,compact,60,2,heldout_val,55000,mnist/swin_tiny/grayscale/compact/p60/seed2,5caeef415ab08d2909f0db01f9fe77852e207416e86536e90f9581122caec24d,66bebac0c35f6a24ab82ec9aac3cabe1b8462f211a4d36a55e13712bd5bc6108,clean,clean,1,10000,0.8900000000000019
mnist,swin_tiny,grayscale,training_sparse_testing_sparse,compact,compact,60,2,heldout_val,55000,mnist/swin_tiny/grayscale/compact/p60/seed2,5caeef415ab08d2909f0db01f9fe77852e207416e86536e90f9581122caec24d,66bebac0c35f6a24ab82ec9aac3cabe1b8462f211a4d36a55e13712bd5bc6108,shot_noise,fixed,1,10000,8.030000000000005
mnist,swin_tiny,grayscale,training_sparse_testing_sparse,compact,compact,60,2,heldout_val,55000,mnist/swin_tiny/grayscale/compact/p60/seed2,5caeef415ab08d2909f0db01f9fe77852e207416e86536e90f9581122caec24d,66bebac0c35f6a24ab82ec9aac3cabe1b8462f211a4d36a55e13712bd5bc6108,impulse_noise,fixed,1,10000,60.830000000000005
mnist,swin_tiny,grayscale,training_sparse_testing_sparse,compact,compact,60,2,heldout_val,55000,mnist/swin_tiny/grayscale/compact/p60/seed2,5caeef415ab08d2909f0db01f9fe77852e207416e86536e90f9581122caec24d,66bebac0c35f6a24ab82ec9aac3cabe1b8462f211a4d36a55e13712bd5bc6108,glass_blur,fixed,1,10000,43.93
mnist,swin_tiny,grayscale,training_sparse_testing_sparse,compact,compact,60,2,heldout_val,55000,mnist/swin_tiny/grayscale/compact/p60/seed2,5caeef415ab08d2909f0db01f9fe77852e207416e86536e90f9581122caec24d,66bebac0c35f6a24ab82ec9aac3cabe1b8462f211a4d36a55e13712bd5bc6108,motion_blur,fixed,1,10000,9.79
mnist,swin_tiny,grayscale,training_sparse_testing_sparse,compact,compact,60,2,heldout_val,55000,mnist/swin_tiny/grayscale/compact/p60/seed2,5caeef415ab08d2909f0db01f9fe77852e207416e86536e90f9581122caec24d,66bebac0c35f6a24ab82ec9aac3cabe1b8462f211a4d36a55e13712bd5bc6108,shear,fixed,1,10000,3.3399999999999985
mnist,swin_tiny,grayscale,training_sparse_testing_sparse,compact,compact,60,2,heldout_val,55000,mnist/swin_tiny/grayscale/compact/p60/seed2,5caeef415ab08d2909f0db01f9fe77852e207416e86536e90f9581122caec24d,66bebac0c35f6a24ab82ec9aac3cabe1b8462f211a4d36a55e13712bd5bc6108,scale,fixed,1,10000,6.189999999999996
mnist,swin_tiny,grayscale,training_sparse_testing_sparse,compact,compact,60,2,heldout_val,55000,mnist/swin_tiny/grayscale/compact/p60/seed2,5caeef415ab08d2909f0db01f9fe77852e207416e86536e90f9581122caec24d,66bebac0c35f6a24ab82ec9aac3cabe1b8462f211a4d36a55e13712bd5bc6108,rotate,fixed,1,10000,8.05
mnist,swin_tiny,grayscale,training_sparse_testing_sparse,compact,compact,60,2,heldout_val,55000,mnist/swin_tiny/grayscale/compact/p60/seed2,5caeef415ab08d2909f0db01f9fe77852e207416e86536e90f9581122caec24d,66bebac0c35f6a24ab82ec9aac3cabe1b8462f211a4d36a55e13712bd5bc6108,brightness,fixed,1,10000,74.25999999999999
mnist,swin_tiny,grayscale,training_sparse_testing_sparse,compact,compact,60,2,heldout_val,55000,mnist/swin_tiny/grayscale/compact/p60/seed2,5caeef415ab08d2909f0db01f9fe77852e207416e86536e90f9581122caec24d,66bebac0c35f6a24ab82ec9aac3cabe1b8462f211a4d36a55e13712bd5bc6108,translate,fixed,1,10000,53.0
mnist,swin_tiny,grayscale,training_sparse_testing_sparse,compact,compact,60,2,heldout_val,55000,mnist/swin_tiny/grayscale/compact/p60/seed2,5caeef415ab08d2909f0db01f9fe77852e207416e86536e90f9581122caec24d,66bebac0c35f6a24ab82ec9aac3cabe1b8462f211a4d36a55e13712bd5bc6108,stripe,fixed,1,10000,67.23
mnist,swin_tiny,grayscale,training_sparse_testing_sparse,compact,compact,60,2,heldout_val,55000,mnist/swin_tiny/grayscale/compact/p60/seed2,5caeef415ab08d2909f0db01f9fe77852e207416e86536e90f9581122caec24d,66bebac0c35f6a24ab82ec9aac3cabe1b8462f211a4d36a55e13712bd5bc6108,fog,fixed,1,10000,80.35
mnist,swin_tiny,grayscale,training_sparse_testing_sparse,compact,compact,60,2,heldout_val,55000,mnist/swin_tiny/grayscale/compact/p60/seed2,5caeef415ab08d2909f0db01f9fe77852e207416e86536e90f9581122caec24d,66bebac0c35f6a24ab82ec9aac3cabe1b8462f211a4d36a55e13712bd5bc6108,spatter,fixed,1,10000,26.880000000000003
mnist,swin_tiny,grayscale,training_sparse_testing_sparse,compact,compact,60,2,heldout_val,55000,mnist/swin_tiny/grayscale/compact/p60/seed2,5caeef415ab08d2909f0db01f9fe77852e207416e86536e90f9581122caec24d,66bebac0c35f6a24ab82ec9aac3cabe1b8462f211a4d36a55e13712bd5bc6108,dotted_line,fixed,1,10000,4.179999999999994
mnist,swin_tiny,grayscale,training_sparse_testing_sparse,compact,compact,60,2,heldout_val,55000,mnist/swin_tiny/grayscale/compact/p60/seed2,5caeef415ab08d2909f0db01f9fe77852e207416e86536e90f9581122caec24d,66bebac0c35f6a24ab82ec9aac3cabe1b8462f211a4d36a55e13712bd5bc6108,zigzag,fixed,1,10000,10.850000000000005
mnist,swin_tiny,grayscale,training_sparse_testing_sparse,compact,compact,60,2,heldout_val,55000,mnist/swin_tiny/grayscale/compact/p60/seed2,5caeef415ab08d2909f0db01f9fe77852e207416e86536e90f9581122caec24d,66bebac0c35f6a24ab82ec9aac3cabe1b8462f211a4d36a55e13712bd5bc6108,canny_edges,fixed,1,10000,12.070000000000004
mnist,swin_tiny,grayscale,training_sparse_testing_sparse,compact,compact,80,2,heldout_val,55000,mnist/swin_tiny/grayscale/compact/p80/seed2,7f478c59f367dee52c10dc3fd8868f32b58d0950b4ca388e4cc2d4c503f85d7e,b2906c549c96b3b780d9f884b380a2679fe638c78cbbc288808b6d308cf225a4,clean,clean,1,10000,1.1399999999999966
mnist,swin_tiny,grayscale,training_sparse_testing_sparse,compact,compact,80,2,heldout_val,55000,mnist/swin_tiny/grayscale/compact/p80/seed2,7f478c59f367dee52c10dc3fd8868f32b58d0950b4ca388e4cc2d4c503f85d7e,b2906c549c96b3b780d9f884b380a2679fe638c78cbbc288808b6d308cf225a4,shot_noise,fixed,1,10000,12.039999999999996
mnist,swin_tiny,grayscale,training_sparse_testing_sparse,compact,compact,80,2,heldout_val,55000,mnist/swin_tiny/grayscale/compact/p80/seed2,7f478c59f367dee52c10dc3fd8868f32b58d0950b4ca388e4cc2d4c503f85d7e,b2906c549c96b3b780d9f884b380a2679fe638c78cbbc288808b6d308cf225a4,impulse_noise,fixed,1,10000,87.75
mnist,swin_tiny,grayscale,training_sparse_testing_sparse,compact,compact,80,2,heldout_val,55000,mnist/swin_tiny/grayscale/compact/p80/seed2,7f478c59f367dee52c10dc3fd8868f32b58d0950b4ca388e4cc2d4c503f85d7e,b2906c549c96b3b780d9f884b380a2679fe638c78cbbc288808b6d308cf225a4,glass_blur,fixed,1,10000,56.46
mnist,swin_tiny,grayscale,training_sparse_testing_sparse,compact,compact,80,2,heldout_val,55000,mnist/swin_tiny/grayscale/compact/p80/seed2,7f478c59f367dee52c10dc3fd8868f32b58d0950b4ca388e4cc2d4c503f85d7e,b2906c549c96b3b780d9f884b380a2679fe638c78cbbc288808b6d308cf225a4,motion_blur,fixed,1,10000,47.51
mnist,swin_tiny,grayscale,training_sparse_testing_sparse,compact,compact,80,2,heldout_val,55000,mnist/swin_tiny/grayscale/compact/p80/seed2,7f478c59f367dee52c10dc3fd8868f32b58d0950b4ca388e4cc2d4c503f85d7e,b2906c549c96b3b780d9f884b380a2679fe638c78cbbc288808b6d308cf225a4,shear,fixed,1,10000,5.35
mnist,swin_tiny,grayscale,training_sparse_testing_sparse,compact,compact,80,2,heldout_val,55000,mnist/swin_tiny/grayscale/compact/p80/seed2,7f478c59f367dee52c10dc3fd8868f32b58d0950b4ca388e4cc2d4c503f85d7e,b2906c549c96b3b780d9f884b380a2679fe638c78cbbc288808b6d308cf225a4,scale,fixed,1,10000,9.079999999999998
mnist,swin_tiny,grayscale,training_sparse_testing_sparse,compact,compact,80,2,heldout_val,55000,mnist/swin_tiny/grayscale/compact/p80/seed2,7f478c59f367dee52c10dc3fd8868f32b58d0950b4ca388e4cc2d4c503f85d7e,b2906c549c96b3b780d9f884b380a2679fe638c78cbbc288808b6d308cf225a4,rotate,fixed,1,10000,8.909999999999997
mnist,swin_tiny,grayscale,training_sparse_testing_sparse,compact,compact,80,2,heldout_val,55000,mnist/swin_tiny/grayscale/compact/p80/seed2,7f478c59f367dee52c10dc3fd8868f32b58d0950b4ca388e4cc2d4c503f85d7e,b2906c549c96b3b780d9f884b380a2679fe638c78cbbc288808b6d308cf225a4,brightness,fixed,1,10000,81.42
mnist,swin_tiny,grayscale,training_sparse_testing_sparse,compact,compact,80,2,heldout_val,55000,mnist/swin_tiny/grayscale/compact/p80/seed2,7f478c59f367dee52c10dc3fd8868f32b58d0950b4ca388e4cc2d4c503f85d7e,b2906c549c96b3b780d9f884b380a2679fe638c78cbbc288808b6d308cf225a4,translate,fixed,1,10000,54.94
mnist,swin_tiny,grayscale,training_sparse_testing_sparse,compact,compact,80,2,heldout_val,55000,mnist/swin_tiny/grayscale/compact/p80/seed2,7f478c59f367dee52c10dc3fd8868f32b58d0950b4ca388e4cc2d4c503f85d7e,b2906c549c96b3b780d9f884b380a2679fe638c78cbbc288808b6d308cf225a4,stripe,fixed,1,10000,87.49
mnist,swin_tiny,grayscale,training_sparse_testing_sparse,compact,compact,80,2,heldout_val,55000,mnist/swin_tiny/grayscale/compact/p80/seed2,7f478c59f367dee52c10dc3fd8868f32b58d0950b4ca388e4cc2d4c503f85d7e,b2906c549c96b3b780d9f884b380a2679fe638c78cbbc288808b6d308cf225a4,fog,fixed,1,10000,85.99
mnist,swin_tiny,grayscale,training_sparse_testing_sparse,compact,compact,80,2,heldout_val,55000,mnist/swin_tiny/grayscale/compact/p80/seed2,7f478c59f367dee52c10dc3fd8868f32b58d0950b4ca388e4cc2d4c503f85d7e,b2906c549c96b3b780d9f884b380a2679fe638c78cbbc288808b6d308cf225a4,spatter,fixed,1,10000,10.809999999999997
mnist,swin_tiny,grayscale,training_sparse_testing_sparse,compact,compact,80,2,heldout_val,55000,mnist/swin_tiny/grayscale/compact/p80/seed2,7f478c59f367dee52c10dc3fd8868f32b58d0950b4ca388e4cc2d4c503f85d7e,b2906c549c96b3b780d9f884b380a2679fe638c78cbbc288808b6d308cf225a4,dotted_line,fixed,1,10000,8.140000000000002
mnist,swin_tiny,grayscale,training_sparse_testing_sparse,compact,compact,80,2,heldout_val,55000,mnist/swin_tiny/grayscale/compact/p80/seed2,7f478c59f367dee52c10dc3fd8868f32b58d0950b4ca388e4cc2d4c503f85d7e,b2906c549c96b3b780d9f884b380a2679fe638c78cbbc288808b6d308cf225a4,zigzag,fixed,1,10000,23.0
mnist,swin_tiny,grayscale,training_sparse_testing_sparse,compact,compact,80,2,heldout_val,55000,mnist/swin_tiny/grayscale/compact/p80/seed2,7f478c59f367dee52c10dc3fd8868f32b58d0950b4ca388e4cc2d4c503f85d7e,b2906c549c96b3b780d9f884b380a2679fe638c78cbbc288808b6d308cf225a4,canny_edges,fixed,1,10000,32.69
mnist,swin_tiny,grayscale,training_dense_testing_sparse,dense,compact,0,0,heldout_val,55000,f68781dcf865d2910a2335d6fdd43b51a3879a890e9cf9a30f89a30ba63293d2,473ed25a586e0ea8fb93e4fadfcfd4e7e18bde623e0f22701c184b2da680520b,b5ba882ee04e81c45232c4005e9a820b60c8b46fc9026b6949f38be5e12dae2b,clean,clean,1,10000,6.540000000000001
mnist,swin_tiny,grayscale,training_dense_testing_sparse,dense,compact,0,0,heldout_val,55000,f68781dcf865d2910a2335d6fdd43b51a3879a890e9cf9a30f89a30ba63293d2,473ed25a586e0ea8fb93e4fadfcfd4e7e18bde623e0f22701c184b2da680520b,b5ba882ee04e81c45232c4005e9a820b60c8b46fc9026b6949f38be5e12dae2b,shot_noise,fixed,1,10000,27.41
mnist,swin_tiny,grayscale,training_dense_testing_sparse,dense,compact,0,0,heldout_val,55000,f68781dcf865d2910a2335d6fdd43b51a3879a890e9cf9a30f89a30ba63293d2,473ed25a586e0ea8fb93e4fadfcfd4e7e18bde623e0f22701c184b2da680520b,b5ba882ee04e81c45232c4005e9a820b60c8b46fc9026b6949f38be5e12dae2b,impulse_noise,fixed,1,10000,61.99
mnist,swin_tiny,grayscale,training_dense_testing_sparse,dense,compact,0,0,heldout_val,55000,f68781dcf865d2910a2335d6fdd43b51a3879a890e9cf9a30f89a30ba63293d2,473ed25a586e0ea8fb93e4fadfcfd4e7e18bde623e0f22701c184b2da680520b,b5ba882ee04e81c45232c4005e9a820b60c8b46fc9026b6949f38be5e12dae2b,glass_blur,fixed,1,10000,39.09
mnist,swin_tiny,grayscale,training_dense_testing_sparse,dense,compact,0,0,heldout_val,55000,f68781dcf865d2910a2335d6fdd43b51a3879a890e9cf9a30f89a30ba63293d2,473ed25a586e0ea8fb93e4fadfcfd4e7e18bde623e0f22701c184b2da680520b,b5ba882ee04e81c45232c4005e9a820b60c8b46fc9026b6949f38be5e12dae2b,motion_blur,fixed,1,10000,14.52
mnist,swin_tiny,grayscale,training_dense_testing_sparse,dense,compact,0,0,heldout_val,55000,f68781dcf865d2910a2335d6fdd43b51a3879a890e9cf9a30f89a30ba63293d2,473ed25a586e0ea8fb93e4fadfcfd4e7e18bde623e0f22701c184b2da680520b,b5ba882ee04e81c45232c4005e9a820b60c8b46fc9026b6949f38be5e12dae2b,shear,fixed,1,10000,12.870000000000005
mnist,swin_tiny,grayscale,training_dense_testing_sparse,dense,compact,0,0,heldout_val,55000,f68781dcf865d2910a2335d6fdd43b51a3879a890e9cf9a30f89a30ba63293d2,473ed25a586e0ea8fb93e4fadfcfd4e7e18bde623e0f22701c184b2da680520b,b5ba882ee04e81c45232c4005e9a820b60c8b46fc9026b6949f38be5e12dae2b,scale,fixed,1,10000,25.249999999999993
mnist,swin_tiny,grayscale,training_dense_testing_sparse,dense,compact,0,0,heldout_val,55000,f68781dcf865d2910a2335d6fdd43b51a3879a890e9cf9a30f89a30ba63293d2,473ed25a586e0ea8fb93e4fadfcfd4e7e18bde623e0f22701c184b2da680520b,b5ba882ee04e81c45232c4005e9a820b60c8b46fc9026b6949f38be5e12dae2b,rotate,fixed,1,10000,19.740000000000002
mnist,swin_tiny,grayscale,training_dense_testing_sparse,dense,compact,0,0,heldout_val,55000,f68781dcf865d2910a2335d6fdd43b51a3879a890e9cf9a30f89a30ba63293d2,473ed25a586e0ea8fb93e4fadfcfd4e7e18bde623e0f22701c184b2da680520b,b5ba882ee04e81c45232c4005e9a820b60c8b46fc9026b6949f38be5e12dae2b,brightness,fixed,1,10000,44.15
mnist,swin_tiny,grayscale,training_dense_testing_sparse,dense,compact,0,0,heldout_val,55000,f68781dcf865d2910a2335d6fdd43b51a3879a890e9cf9a30f89a30ba63293d2,473ed25a586e0ea8fb93e4fadfcfd4e7e18bde623e0f22701c184b2da680520b,b5ba882ee04e81c45232c4005e9a820b60c8b46fc9026b6949f38be5e12dae2b,translate,fixed,1,10000,66.72
mnist,swin_tiny,grayscale,training_dense_testing_sparse,dense,compact,0,0,heldout_val,55000,f68781dcf865d2910a2335d6fdd43b51a3879a890e9cf9a30f89a30ba63293d2,473ed25a586e0ea8fb93e4fadfcfd4e7e18bde623e0f22701c184b2da680520b,b5ba882ee04e81c45232c4005e9a820b60c8b46fc9026b6949f38be5e12dae2b,stripe,fixed,1,10000,49.2
mnist,swin_tiny,grayscale,training_dense_testing_sparse,dense,compact,0,0,heldout_val,55000,f68781dcf865d2910a2335d6fdd43b51a3879a890e9cf9a30f89a30ba63293d2,473ed25a586e0ea8fb93e4fadfcfd4e7e18bde623e0f22701c184b2da680520b,b5ba882ee04e81c45232c4005e9a820b60c8b46fc9026b6949f38be5e12dae2b,fog,fixed,1,10000,52.06999999999999
mnist,swin_tiny,grayscale,training_dense_testing_sparse,dense,compact,0,0,heldout_val,55000,f68781dcf865d2910a2335d6fdd43b51a3879a890e9cf9a30f89a30ba63293d2,473ed25a586e0ea8fb93e4fadfcfd4e7e18bde623e0f22701c184b2da680520b,b5ba882ee04e81c45232c4005e9a820b60c8b46fc9026b6949f38be5e12dae2b,spatter,fixed,1,10000,40.510000000000005
mnist,swin_tiny,grayscale,training_dense_testing_sparse,dense,compact,0,0,heldout_val,55000,f68781dcf865d2910a2335d6fdd43b51a3879a890e9cf9a30f89a30ba63293d2,473ed25a586e0ea8fb93e4fadfcfd4e7e18bde623e0f22701c184b2da680520b,b5ba882ee04e81c45232c4005e9a820b60c8b46fc9026b6949f38be5e12dae2b,dotted_line,fixed,1,10000,17.910000000000004
mnist,swin_tiny,grayscale,training_dense_testing_sparse,dense,compact,0,0,heldout_val,55000,f68781dcf865d2910a2335d6fdd43b51a3879a890e9cf9a30f89a30ba63293d2,473ed25a586e0ea8fb93e4fadfcfd4e7e18bde623e0f22701c184b2da680520b,b5ba882ee04e81c45232c4005e9a820b60c8b46fc9026b6949f38be5e12dae2b,zigzag,fixed,1,10000,30.64
mnist,swin_tiny,grayscale,training_dense_testing_sparse,dense,compact,0,0,heldout_val,55000,f68781dcf865d2910a2335d6fdd43b51a3879a890e9cf9a30f89a30ba63293d2,473ed25a586e0ea8fb93e4fadfcfd4e7e18bde623e0f22701c184b2da680520b,b5ba882ee04e81c45232c4005e9a820b60c8b46fc9026b6949f38be5e12dae2b,canny_edges,fixed,1,10000,32.940000000000005
mnist,swin_tiny,grayscale,training_dense_testing_sparse,dense,compact,0,1,heldout_val,55000,3ce0428ad4622fff2ff22d18a8d7bd615b9485c294517b5860383fd6e5a11671,3c122f0fd1faf70a5670d3c6526b0c7197dc73ded514139a3796e6045a6fb776,e6e682f99e0eee247ebb254b29f3eb44b9362a5a7ef446abce3bc043a51997fe,clean,clean,1,10000,12.3
mnist,swin_tiny,grayscale,training_dense_testing_sparse,dense,compact,0,1,heldout_val,55000,3ce0428ad4622fff2ff22d18a8d7bd615b9485c294517b5860383fd6e5a11671,3c122f0fd1faf70a5670d3c6526b0c7197dc73ded514139a3796e6045a6fb776,e6e682f99e0eee247ebb254b29f3eb44b9362a5a7ef446abce3bc043a51997fe,shot_noise,fixed,1,10000,31.869999999999997
mnist,swin_tiny,grayscale,training_dense_testing_sparse,dense,compact,0,1,heldout_val,55000,3ce0428ad4622fff2ff22d18a8d7bd615b9485c294517b5860383fd6e5a11671,3c122f0fd1faf70a5670d3c6526b0c7197dc73ded514139a3796e6045a6fb776,e6e682f99e0eee247ebb254b29f3eb44b9362a5a7ef446abce3bc043a51997fe,impulse_noise,fixed,1,10000,68.19999999999999
mnist,swin_tiny,grayscale,training_dense_testing_sparse,dense,compact,0,1,heldout_val,55000,3ce0428ad4622fff2ff22d18a8d7bd615b9485c294517b5860383fd6e5a11671,3c122f0fd1faf70a5670d3c6526b0c7197dc73ded514139a3796e6045a6fb776,e6e682f99e0eee247ebb254b29f3eb44b9362a5a7ef446abce3bc043a51997fe,glass_blur,fixed,1,10000,41.18000000000001
mnist,swin_tiny,grayscale,training_dense_testing_sparse,dense,compact,0,1,heldout_val,55000,3ce0428ad4622fff2ff22d18a8d7bd615b9485c294517b5860383fd6e5a11671,3c122f0fd1faf70a5670d3c6526b0c7197dc73ded514139a3796e6045a6fb776,e6e682f99e0eee247ebb254b29f3eb44b9362a5a7ef446abce3bc043a51997fe,motion_blur,fixed,1,10000,17.36
mnist,swin_tiny,grayscale,training_dense_testing_sparse,dense,compact,0,1,heldout_val,55000,3ce0428ad4622fff2ff22d18a8d7bd615b9485c294517b5860383fd6e5a11671,3c122f0fd1faf70a5670d3c6526b0c7197dc73ded514139a3796e6045a6fb776,e6e682f99e0eee247ebb254b29f3eb44b9362a5a7ef446abce3bc043a51997fe,shear,fixed,1,10000,17.400000000000006
mnist,swin_tiny,grayscale,training_dense_testing_sparse,dense,compact,0,1,heldout_val,55000,3ce0428ad4622fff2ff22d18a8d7bd615b9485c294517b5860383fd6e5a11671,3c122f0fd1faf70a5670d3c6526b0c7197dc73ded514139a3796e6045a6fb776,e6e682f99e0eee247ebb254b29f3eb44b9362a5a7ef446abce3bc043a51997fe,scale,fixed,1,10000,28.879999999999995
mnist,swin_tiny,grayscale,training_dense_testing_sparse,dense,compact,0,1,heldout_val,55000,3ce0428ad4622fff2ff22d18a8d7bd615b9485c294517b5860383fd6e5a11671,3c122f0fd1faf70a5670d3c6526b0c7197dc73ded514139a3796e6045a6fb776,e6e682f99e0eee247ebb254b29f3eb44b9362a5a7ef446abce3bc043a51997fe,rotate,fixed,1,10000,23.029999999999994
mnist,swin_tiny,grayscale,training_dense_testing_sparse,dense,compact,0,1,heldout_val,55000,3ce0428ad4622fff2ff22d18a8d7bd615b9485c294517b5860383fd6e5a11671,3c122f0fd1faf70a5670d3c6526b0c7197dc73ded514139a3796e6045a6fb776,e6e682f99e0eee247ebb254b29f3eb44b9362a5a7ef446abce3bc043a51997fe,brightness,fixed,1,10000,30.589999999999996
mnist,swin_tiny,grayscale,training_dense_testing_sparse,dense,compact,0,1,heldout_val,55000,3ce0428ad4622fff2ff22d18a8d7bd615b9485c294517b5860383fd6e5a11671,3c122f0fd1faf70a5670d3c6526b0c7197dc73ded514139a3796e6045a6fb776,e6e682f99e0eee247ebb254b29f3eb44b9362a5a7ef446abce3bc043a51997fe,translate,fixed,1,10000,65.41
mnist,swin_tiny,grayscale,training_dense_testing_sparse,dense,compact,0,1,heldout_val,55000,3ce0428ad4622fff2ff22d18a8d7bd615b9485c294517b5860383fd6e5a11671,3c122f0fd1faf70a5670d3c6526b0c7197dc73ded514139a3796e6045a6fb776,e6e682f99e0eee247ebb254b29f3eb44b9362a5a7ef446abce3bc043a51997fe,stripe,fixed,1,10000,41.769999999999996
mnist,swin_tiny,grayscale,training_dense_testing_sparse,dense,compact,0,1,heldout_val,55000,3ce0428ad4622fff2ff22d18a8d7bd615b9485c294517b5860383fd6e5a11671,3c122f0fd1faf70a5670d3c6526b0c7197dc73ded514139a3796e6045a6fb776,e6e682f99e0eee247ebb254b29f3eb44b9362a5a7ef446abce3bc043a51997fe,fog,fixed,1,10000,36.57
mnist,swin_tiny,grayscale,training_dense_testing_sparse,dense,compact,0,1,heldout_val,55000,3ce0428ad4622fff2ff22d18a8d7bd615b9485c294517b5860383fd6e5a11671,3c122f0fd1faf70a5670d3c6526b0c7197dc73ded514139a3796e6045a6fb776,e6e682f99e0eee247ebb254b29f3eb44b9362a5a7ef446abce3bc043a51997fe,spatter,fixed,1,10000,41.53
mnist,swin_tiny,grayscale,training_dense_testing_sparse,dense,compact,0,1,heldout_val,55000,3ce0428ad4622fff2ff22d18a8d7bd615b9485c294517b5860383fd6e5a11671,3c122f0fd1faf70a5670d3c6526b0c7197dc73ded514139a3796e6045a6fb776,e6e682f99e0eee247ebb254b29f3eb44b9362a5a7ef446abce3bc043a51997fe,dotted_line,fixed,1,10000,24.860000000000003
mnist,swin_tiny,grayscale,training_dense_testing_sparse,dense,compact,0,1,heldout_val,55000,3ce0428ad4622fff2ff22d18a8d7bd615b9485c294517b5860383fd6e5a11671,3c122f0fd1faf70a5670d3c6526b0c7197dc73ded514139a3796e6045a6fb776,e6e682f99e0eee247ebb254b29f3eb44b9362a5a7ef446abce3bc043a51997fe,zigzag,fixed,1,10000,34.25
mnist,swin_tiny,grayscale,training_dense_testing_sparse,dense,compact,0,1,heldout_val,55000,3ce0428ad4622fff2ff22d18a8d7bd615b9485c294517b5860383fd6e5a11671,3c122f0fd1faf70a5670d3c6526b0c7197dc73ded514139a3796e6045a6fb776,e6e682f99e0eee247ebb254b29f3eb44b9362a5a7ef446abce3bc043a51997fe,canny_edges,fixed,1,10000,36.31999999999999
mnist,swin_tiny,grayscale,training_dense_testing_sparse,dense,compact,0,2,heldout_val,55000,ba76899472cd74c3b22d4029d841beceea33acddebf48d30525110a53766e915,b0393e9d1c0e15b51559e628483e2ed496574409f6794199f61ad346d461af16,d702f30cdbb4eec392ad0ecc9abc4f74a4b031dc4dd9bd08fa1670b553a83e7d,clean,clean,1,10000,10.199999999999998
mnist,swin_tiny,grayscale,training_dense_testing_sparse,dense,compact,0,2,heldout_val,55000,ba76899472cd74c3b22d4029d841beceea33acddebf48d30525110a53766e915,b0393e9d1c0e15b51559e628483e2ed496574409f6794199f61ad346d461af16,d702f30cdbb4eec392ad0ecc9abc4f74a4b031dc4dd9bd08fa1670b553a83e7d,shot_noise,fixed,1,10000,34.27
mnist,swin_tiny,grayscale,training_dense_testing_sparse,dense,compact,0,2,heldout_val,55000,ba76899472cd74c3b22d4029d841beceea33acddebf48d30525110a53766e915,b0393e9d1c0e15b51559e628483e2ed496574409f6794199f61ad346d461af16,d702f30cdbb4eec392ad0ecc9abc4f74a4b031dc4dd9bd08fa1670b553a83e7d,impulse_noise,fixed,1,10000,60.61000000000001
mnist,swin_tiny,grayscale,training_dense_testing_sparse,dense,compact,0,2,heldout_val,55000,ba76899472cd74c3b22d4029d841beceea33acddebf48d30525110a53766e915,b0393e9d1c0e15b51559e628483e2ed496574409f6794199f61ad346d461af16,d702f30cdbb4eec392ad0ecc9abc4f74a4b031dc4dd9bd08fa1670b553a83e7d,glass_blur,fixed,1,10000,39.449999999999996
mnist,swin_tiny,grayscale,training_dense_testing_sparse,dense,compact,0,2,heldout_val,55000,ba76899472cd74c3b22d4029d841beceea33acddebf48d30525110a53766e915,b0393e9d1c0e15b51559e628483e2ed496574409f6794199f61ad346d461af16,d702f30cdbb4eec392ad0ecc9abc4f74a4b031dc4dd9bd08fa1670b553a83e7d,motion_blur,fixed,1,10000,15.22
mnist,swin_tiny,grayscale,training_dense_testing_sparse,dense,compact,0,2,heldout_val,55000,ba76899472cd74c3b22d4029d841beceea33acddebf48d30525110a53766e915,b0393e9d1c0e15b51559e628483e2ed496574409f6794199f61ad346d461af16,d702f30cdbb4eec392ad0ecc9abc4f74a4b031dc4dd9bd08fa1670b553a83e7d,shear,fixed,1,10000,16.059999999999995
mnist,swin_tiny,grayscale,training_dense_testing_sparse,dense,compact,0,2,heldout_val,55000,ba76899472cd74c3b22d4029d841beceea33acddebf48d30525110a53766e915,b0393e9d1c0e15b51559e628483e2ed496574409f6794199f61ad346d461af16,d702f30cdbb4eec392ad0ecc9abc4f74a4b031dc4dd9bd08fa1670b553a83e7d,scale,fixed,1,10000,36.71
mnist,swin_tiny,grayscale,training_dense_testing_sparse,dense,compact,0,2,heldout_val,55000,ba76899472cd74c3b22d4029d841beceea33acddebf48d30525110a53766e915,b0393e9d1c0e15b51559e628483e2ed496574409f6794199f61ad346d461af16,d702f30cdbb4eec392ad0ecc9abc4f74a4b031dc4dd9bd08fa1670b553a83e7d,rotate,fixed,1,10000,22.88
mnist,swin_tiny,grayscale,training_dense_testing_sparse,dense,compact,0,2,heldout_val,55000,ba76899472cd74c3b22d4029d841beceea33acddebf48d30525110a53766e915,b0393e9d1c0e15b51559e628483e2ed496574409f6794199f61ad346d461af16,d702f30cdbb4eec392ad0ecc9abc4f74a4b031dc4dd9bd08fa1670b553a83e7d,brightness,fixed,1,10000,34.62
mnist,swin_tiny,grayscale,training_dense_testing_sparse,dense,compact,0,2,heldout_val,55000,ba76899472cd74c3b22d4029d841beceea33acddebf48d30525110a53766e915,b0393e9d1c0e15b51559e628483e2ed496574409f6794199f61ad346d461af16,d702f30cdbb4eec392ad0ecc9abc4f74a4b031dc4dd9bd08fa1670b553a83e7d,translate,fixed,1,10000,67.45
mnist,swin_tiny,grayscale,training_dense_testing_sparse,dense,compact,0,2,heldout_val,55000,ba76899472cd74c3b22d4029d841beceea33acddebf48d30525110a53766e915,b0393e9d1c0e15b51559e628483e2ed496574409f6794199f61ad346d461af16,d702f30cdbb4eec392ad0ecc9abc4f74a4b031dc4dd9bd08fa1670b553a83e7d,stripe,fixed,1,10000,39.33
mnist,swin_tiny,grayscale,training_dense_testing_sparse,dense,compact,0,2,heldout_val,55000,ba76899472cd74c3b22d4029d841beceea33acddebf48d30525110a53766e915,b0393e9d1c0e15b51559e628483e2ed496574409f6794199f61ad346d461af16,d702f30cdbb4eec392ad0ecc9abc4f74a4b031dc4dd9bd08fa1670b553a83e7d,fog,fixed,1,10000,39.629999999999995
mnist,swin_tiny,grayscale,training_dense_testing_sparse,dense,compact,0,2,heldout_val,55000,ba76899472cd74c3b22d4029d841beceea33acddebf48d30525110a53766e915,b0393e9d1c0e15b51559e628483e2ed496574409f6794199f61ad346d461af16,d702f30cdbb4eec392ad0ecc9abc4f74a4b031dc4dd9bd08fa1670b553a83e7d,spatter,fixed,1,10000,44.940000000000005
mnist,swin_tiny,grayscale,training_dense_testing_sparse,dense,compact,0,2,heldout_val,55000,ba76899472cd74c3b22d4029d841beceea33acddebf48d30525110a53766e915,b0393e9d1c0e15b51559e628483e2ed496574409f6794199f61ad346d461af16,d702f30cdbb4eec392ad0ecc9abc4f74a4b031dc4dd9bd08fa1670b553a83e7d,dotted_line,fixed,1,10000,23.209999999999997
mnist,swin_tiny,grayscale,training_dense_testing_sparse,dense,compact,0,2,heldout_val,55000,ba76899472cd74c3b22d4029d841beceea33acddebf48d30525110a53766e915,b0393e9d1c0e15b51559e628483e2ed496574409f6794199f61ad346d461af16,d702f30cdbb4eec392ad0ecc9abc4f74a4b031dc4dd9bd08fa1670b553a83e7d,zigzag,fixed,1,10000,31.36
mnist,swin_tiny,grayscale,training_dense_testing_sparse,dense,compact,0,2,heldout_val,55000,ba76899472cd74c3b22d4029d841beceea33acddebf48d30525110a53766e915,b0393e9d1c0e15b51559e628483e2ed496574409f6794199f61ad346d461af16,d702f30cdbb4eec392ad0ecc9abc4f74a4b031dc4dd9bd08fa1670b553a83e7d,canny_edges,fixed,1,10000,41.279999999999994
mnist,vit_small,grayscale,training_dense_testing_sparse,dense,compact,0,0,heldout_val,55000,30686a396ab6f7f9f854aba86ce6fd7283e1423fe9c264c6acbf329d6cbbc968,1febb833c97989dec964ce4247d5bb9f7f212d0d0ffea0016b5b7d6ef9e061db,179475b8b5f1f60331c2ef36bed036328ffb8901f10573d5da34e3c145a3b99c,clean,clean,1,10000,49.89
mnist,vit_small,grayscale,training_dense_testing_sparse,dense,compact,0,0,heldout_val,55000,30686a396ab6f7f9f854aba86ce6fd7283e1423fe9c264c6acbf329d6cbbc968,1febb833c97989dec964ce4247d5bb9f7f212d0d0ffea0016b5b7d6ef9e061db,179475b8b5f1f60331c2ef36bed036328ffb8901f10573d5da34e3c145a3b99c,shot_noise,fixed,1,10000,77.7
mnist,vit_small,grayscale,training_dense_testing_sparse,dense,compact,0,0,heldout_val,55000,30686a396ab6f7f9f854aba86ce6fd7283e1423fe9c264c6acbf329d6cbbc968,1febb833c97989dec964ce4247d5bb9f7f212d0d0ffea0016b5b7d6ef9e061db,179475b8b5f1f60331c2ef36bed036328ffb8901f10573d5da34e3c145a3b99c,impulse_noise,fixed,1,10000,82.69999999999999
mnist,vit_small,grayscale,training_dense_testing_sparse,dense,compact,0,0,heldout_val,55000,30686a396ab6f7f9f854aba86ce6fd7283e1423fe9c264c6acbf329d6cbbc968,1febb833c97989dec964ce4247d5bb9f7f212d0d0ffea0016b5b7d6ef9e061db,179475b8b5f1f60331c2ef36bed036328ffb8901f10573d5da34e3c145a3b99c,glass_blur,fixed,1,10000,65.95
mnist,vit_small,grayscale,training_dense_testing_sparse,dense,compact,0,0,heldout_val,55000,30686a396ab6f7f9f854aba86ce6fd7283e1423fe9c264c6acbf329d6cbbc968,1febb833c97989dec964ce4247d5bb9f7f212d0d0ffea0016b5b7d6ef9e061db,179475b8b5f1f60331c2ef36bed036328ffb8901f10573d5da34e3c145a3b99c,motion_blur,fixed,1,10000,62.94
mnist,vit_small,grayscale,training_dense_testing_sparse,dense,compact,0,0,heldout_val,55000,30686a396ab6f7f9f854aba86ce6fd7283e1423fe9c264c6acbf329d6cbbc968,1febb833c97989dec964ce4247d5bb9f7f212d0d0ffea0016b5b7d6ef9e061db,179475b8b5f1f60331c2ef36bed036328ffb8901f10573d5da34e3c145a3b99c,shear,fixed,1,10000,50.23
mnist,vit_small,grayscale,training_dense_testing_sparse,dense,compact,0,0,heldout_val,55000,30686a396ab6f7f9f854aba86ce6fd7283e1423fe9c264c6acbf329d6cbbc968,1febb833c97989dec964ce4247d5bb9f7f212d0d0ffea0016b5b7d6ef9e061db,179475b8b5f1f60331c2ef36bed036328ffb8901f10573d5da34e3c145a3b99c,scale,fixed,1,10000,69.48
mnist,vit_small,grayscale,training_dense_testing_sparse,dense,compact,0,0,heldout_val,55000,30686a396ab6f7f9f854aba86ce6fd7283e1423fe9c264c6acbf329d6cbbc968,1febb833c97989dec964ce4247d5bb9f7f212d0d0ffea0016b5b7d6ef9e061db,179475b8b5f1f60331c2ef36bed036328ffb8901f10573d5da34e3c145a3b99c,rotate,fixed,1,10000,50.44
mnist,vit_small,grayscale,training_dense_testing_sparse,dense,compact,0,0,heldout_val,55000,30686a396ab6f7f9f854aba86ce6fd7283e1423fe9c264c6acbf329d6cbbc968,1febb833c97989dec964ce4247d5bb9f7f212d0d0ffea0016b5b7d6ef9e061db,179475b8b5f1f60331c2ef36bed036328ffb8901f10573d5da34e3c145a3b99c,brightness,fixed,1,10000,8.67
mnist,vit_small,grayscale,training_dense_testing_sparse,dense,compact,0,0,heldout_val,55000,30686a396ab6f7f9f854aba86ce6fd7283e1423fe9c264c6acbf329d6cbbc968,1febb833c97989dec964ce4247d5bb9f7f212d0d0ffea0016b5b7d6ef9e061db,179475b8b5f1f60331c2ef36bed036328ffb8901f10573d5da34e3c145a3b99c,translate,fixed,1,10000,78.81
mnist,vit_small,grayscale,training_dense_testing_sparse,dense,compact,0,0,heldout_val,55000,30686a396ab6f7f9f854aba86ce6fd7283e1423fe9c264c6acbf329d6cbbc968,1febb833c97989dec964ce4247d5bb9f7f212d0d0ffea0016b5b7d6ef9e061db,179475b8b5f1f60331c2ef36bed036328ffb8901f10573d5da34e3c145a3b99c,stripe,fixed,1,10000,55.63
mnist,vit_small,grayscale,training_dense_testing_sparse,dense,compact,0,0,heldout_val,55000,30686a396ab6f7f9f854aba86ce6fd7283e1423fe9c264c6acbf329d6cbbc968,1febb833c97989dec964ce4247d5bb9f7f212d0d0ffea0016b5b7d6ef9e061db,179475b8b5f1f60331c2ef36bed036328ffb8901f10573d5da34e3c145a3b99c,fog,fixed,1,10000,51.31
mnist,vit_small,grayscale,training_dense_testing_sparse,dense,compact,0,0,heldout_val,55000,30686a396ab6f7f9f854aba86ce6fd7283e1423fe9c264c6acbf329d6cbbc968,1febb833c97989dec964ce4247d5bb9f7f212d0d0ffea0016b5b7d6ef9e061db,179475b8b5f1f60331c2ef36bed036328ffb8901f10573d5da34e3c145a3b99c,spatter,fixed,1,10000,49.019999999999996
mnist,vit_small,grayscale,training_dense_testing_sparse,dense,compact,0,0,heldout_val,55000,30686a396ab6f7f9f854aba86ce6fd7283e1423fe9c264c6acbf329d6cbbc968,1febb833c97989dec964ce4247d5bb9f7f212d0d0ffea0016b5b7d6ef9e061db,179475b8b5f1f60331c2ef36bed036328ffb8901f10573d5da34e3c145a3b99c,dotted_line,fixed,1,10000,56.16
mnist,vit_small,grayscale,training_dense_testing_sparse,dense,compact,0,0,heldout_val,55000,30686a396ab6f7f9f854aba86ce6fd7283e1423fe9c264c6acbf329d6cbbc968,1febb833c97989dec964ce4247d5bb9f7f212d0d0ffea0016b5b7d6ef9e061db,179475b8b5f1f60331c2ef36bed036328ffb8901f10573d5da34e3c145a3b99c,zigzag,fixed,1,10000,62.35999999999999
mnist,vit_small,grayscale,training_dense_testing_sparse,dense,compact,0,0,heldout_val,55000,30686a396ab6f7f9f854aba86ce6fd7283e1423fe9c264c6acbf329d6cbbc968,1febb833c97989dec964ce4247d5bb9f7f212d0d0ffea0016b5b7d6ef9e061db,179475b8b5f1f60331c2ef36bed036328ffb8901f10573d5da34e3c145a3b99c,canny_edges,fixed,1,10000,84.05
mnist,vit_small,grayscale,training_dense_testing_sparse,dense,compact,0,1,heldout_val,55000,50f8a35a1fcdbfef4310ac092124e9ee553e603f51ab47185e549f3f5150eaa7,10a1c020e268e60f92a50cb1a938f7e478078107b9a7dd5bcd30e3f36dd50ae6,0c043582d4fd9fa02edf865269d1ba752080dec581307de85e519181414c7951,clean,clean,1,10000,46.89
mnist,vit_small,grayscale,training_dense_testing_sparse,dense,compact,0,1,heldout_val,55000,50f8a35a1fcdbfef4310ac092124e9ee553e603f51ab47185e549f3f5150eaa7,10a1c020e268e60f92a50cb1a938f7e478078107b9a7dd5bcd30e3f36dd50ae6,0c043582d4fd9fa02edf865269d1ba752080dec581307de85e519181414c7951,shot_noise,fixed,1,10000,70.21
mnist,vit_small,grayscale,training_dense_testing_sparse,dense,compact,0,1,heldout_val,55000,50f8a35a1fcdbfef4310ac092124e9ee553e603f51ab47185e549f3f5150eaa7,10a1c020e268e60f92a50cb1a938f7e478078107b9a7dd5bcd30e3f36dd50ae6,0c043582d4fd9fa02edf865269d1ba752080dec581307de85e519181414c7951,impulse_noise,fixed,1,10000,82.78999999999999
mnist,vit_small,grayscale,training_dense_testing_sparse,dense,compact,0,1,heldout_val,55000,50f8a35a1fcdbfef4310ac092124e9ee553e603f51ab47185e549f3f5150eaa7,10a1c020e268e60f92a50cb1a938f7e478078107b9a7dd5bcd30e3f36dd50ae6,0c043582d4fd9fa02edf865269d1ba752080dec581307de85e519181414c7951,glass_blur,fixed,1,10000,65.46000000000001
mnist,vit_small,grayscale,training_dense_testing_sparse,dense,compact,0,1,heldout_val,55000,50f8a35a1fcdbfef4310ac092124e9ee553e603f51ab47185e549f3f5150eaa7,10a1c020e268e60f92a50cb1a938f7e478078107b9a7dd5bcd30e3f36dd50ae6,0c043582d4fd9fa02edf865269d1ba752080dec581307de85e519181414c7951,motion_blur,fixed,1,10000,59.5
mnist,vit_small,grayscale,training_dense_testing_sparse,dense,compact,0,1,heldout_val,55000,50f8a35a1fcdbfef4310ac092124e9ee553e603f51ab47185e549f3f5150eaa7,10a1c020e268e60f92a50cb1a938f7e478078107b9a7dd5bcd30e3f36dd50ae6,0c043582d4fd9fa02edf865269d1ba752080dec581307de85e519181414c7951,shear,fixed,1,10000,51.4
mnist,vit_small,grayscale,training_dense_testing_sparse,dense,compact,0,1,heldout_val,55000,50f8a35a1fcdbfef4310ac092124e9ee553e603f51ab47185e549f3f5150eaa7,10a1c020e268e60f92a50cb1a938f7e478078107b9a7dd5bcd30e3f36dd50ae6,0c043582d4fd9fa02edf865269d1ba752080dec581307de85e519181414c7951,scale,fixed,1,10000,69.38
mnist,vit_small,grayscale,training_dense_testing_sparse,dense,compact,0,1,heldout_val,55000,50f8a35a1fcdbfef4310ac092124e9ee553e603f51ab47185e549f3f5150eaa7,10a1c020e268e60f92a50cb1a938f7e478078107b9a7dd5bcd30e3f36dd50ae6,0c043582d4fd9fa02edf865269d1ba752080dec581307de85e519181414c7951,rotate,fixed,1,10000,50.370000000000005
mnist,vit_small,grayscale,training_dense_testing_sparse,dense,compact,0,1,heldout_val,55000,50f8a35a1fcdbfef4310ac092124e9ee553e603f51ab47185e549f3f5150eaa7,10a1c020e268e60f92a50cb1a938f7e478078107b9a7dd5bcd30e3f36dd50ae6,0c043582d4fd9fa02edf865269d1ba752080dec581307de85e519181414c7951,brightness,fixed,1,10000,6.889999999999996
mnist,vit_small,grayscale,training_dense_testing_sparse,dense,compact,0,1,heldout_val,55000,50f8a35a1fcdbfef4310ac092124e9ee553e603f51ab47185e549f3f5150eaa7,10a1c020e268e60f92a50cb1a938f7e478078107b9a7dd5bcd30e3f36dd50ae6,0c043582d4fd9fa02edf865269d1ba752080dec581307de85e519181414c7951,translate,fixed,1,10000,79.14999999999999
mnist,vit_small,grayscale,training_dense_testing_sparse,dense,compact,0,1,heldout_val,55000,50f8a35a1fcdbfef4310ac092124e9ee553e603f51ab47185e549f3f5150eaa7,10a1c020e268e60f92a50cb1a938f7e478078107b9a7dd5bcd30e3f36dd50ae6,0c043582d4fd9fa02edf865269d1ba752080dec581307de85e519181414c7951,stripe,fixed,1,10000,61.6
mnist,vit_small,grayscale,training_dense_testing_sparse,dense,compact,0,1,heldout_val,55000,50f8a35a1fcdbfef4310ac092124e9ee553e603f51ab47185e549f3f5150eaa7,10a1c020e268e60f92a50cb1a938f7e478078107b9a7dd5bcd30e3f36dd50ae6,0c043582d4fd9fa02edf865269d1ba752080dec581307de85e519181414c7951,fog,fixed,1,10000,43.82
mnist,vit_small,grayscale,training_dense_testing_sparse,dense,compact,0,1,heldout_val,55000,50f8a35a1fcdbfef4310ac092124e9ee553e603f51ab47185e549f3f5150eaa7,10a1c020e268e60f92a50cb1a938f7e478078107b9a7dd5bcd30e3f36dd50ae6,0c043582d4fd9fa02edf865269d1ba752080dec581307de85e519181414c7951,spatter,fixed,1,10000,47.550000000000004
mnist,vit_small,grayscale,training_dense_testing_sparse,dense,compact,0,1,heldout_val,55000,50f8a35a1fcdbfef4310ac092124e9ee553e603f51ab47185e549f3f5150eaa7,10a1c020e268e60f92a50cb1a938f7e478078107b9a7dd5bcd30e3f36dd50ae6,0c043582d4fd9fa02edf865269d1ba752080dec581307de85e519181414c7951,dotted_line,fixed,1,10000,52.849999999999994
mnist,vit_small,grayscale,training_dense_testing_sparse,dense,compact,0,1,heldout_val,55000,50f8a35a1fcdbfef4310ac092124e9ee553e603f51ab47185e549f3f5150eaa7,10a1c020e268e60f92a50cb1a938f7e478078107b9a7dd5bcd30e3f36dd50ae6,0c043582d4fd9fa02edf865269d1ba752080dec581307de85e519181414c7951,zigzag,fixed,1,10000,58.03
mnist,vit_small,grayscale,training_dense_testing_sparse,dense,compact,0,1,heldout_val,55000,50f8a35a1fcdbfef4310ac092124e9ee553e603f51ab47185e549f3f5150eaa7,10a1c020e268e60f92a50cb1a938f7e478078107b9a7dd5bcd30e3f36dd50ae6,0c043582d4fd9fa02edf865269d1ba752080dec581307de85e519181414c7951,canny_edges,fixed,1,10000,76.32
mnist,vit_small,grayscale,training_dense_testing_sparse,dense,compact,0,2,heldout_val,55000,0ba6f5ea1e365da7ffcd24e7ec769410cd0ca7abb798d46e32197844ab5a720c,04b23e1d894d5cd0ffacd122ef55cc5578fe60d76fbf71286f07dceb0d27c789,e6a832390c850cd02985baa89af74e5b5051e71fc8f593de29cbe32747013aef,clean,clean,1,10000,48.96
mnist,vit_small,grayscale,training_dense_testing_sparse,dense,compact,0,2,heldout_val,55000,0ba6f5ea1e365da7ffcd24e7ec769410cd0ca7abb798d46e32197844ab5a720c,04b23e1d894d5cd0ffacd122ef55cc5578fe60d76fbf71286f07dceb0d27c789,e6a832390c850cd02985baa89af74e5b5051e71fc8f593de29cbe32747013aef,shot_noise,fixed,1,10000,75.92
mnist,vit_small,grayscale,training_dense_testing_sparse,dense,compact,0,2,heldout_val,55000,0ba6f5ea1e365da7ffcd24e7ec769410cd0ca7abb798d46e32197844ab5a720c,04b23e1d894d5cd0ffacd122ef55cc5578fe60d76fbf71286f07dceb0d27c789,e6a832390c850cd02985baa89af74e5b5051e71fc8f593de29cbe32747013aef,impulse_noise,fixed,1,10000,82.69999999999999
mnist,vit_small,grayscale,training_dense_testing_sparse,dense,compact,0,2,heldout_val,55000,0ba6f5ea1e365da7ffcd24e7ec769410cd0ca7abb798d46e32197844ab5a720c,04b23e1d894d5cd0ffacd122ef55cc5578fe60d76fbf71286f07dceb0d27c789,e6a832390c850cd02985baa89af74e5b5051e71fc8f593de29cbe32747013aef,glass_blur,fixed,1,10000,72.15
mnist,vit_small,grayscale,training_dense_testing_sparse,dense,compact,0,2,heldout_val,55000,0ba6f5ea1e365da7ffcd24e7ec769410cd0ca7abb798d46e32197844ab5a720c,04b23e1d894d5cd0ffacd122ef55cc5578fe60d76fbf71286f07dceb0d27c789,e6a832390c850cd02985baa89af74e5b5051e71fc8f593de29cbe32747013aef,motion_blur,fixed,1,10000,60.85
mnist,vit_small,grayscale,training_dense_testing_sparse,dense,compact,0,2,heldout_val,55000,0ba6f5ea1e365da7ffcd24e7ec769410cd0ca7abb798d46e32197844ab5a720c,04b23e1d894d5cd0ffacd122ef55cc5578fe60d76fbf71286f07dceb0d27c789,e6a832390c850cd02985baa89af74e5b5051e71fc8f593de29cbe32747013aef,shear,fixed,1,10000,49.61
mnist,vit_small,grayscale,training_dense_testing_sparse,dense,compact,0,2,heldout_val,55000,0ba6f5ea1e365da7ffcd24e7ec769410cd0ca7abb798d46e32197844ab5a720c,04b23e1d894d5cd0ffacd122ef55cc5578fe60d76fbf71286f07dceb0d27c789,e6a832390c850cd02985baa89af74e5b5051e71fc8f593de29cbe32747013aef,scale,fixed,1,10000,71.31
mnist,vit_small,grayscale,training_dense_testing_sparse,dense,compact,0,2,heldout_val,55000,0ba6f5ea1e365da7ffcd24e7ec769410cd0ca7abb798d46e32197844ab5a720c,04b23e1d894d5cd0ffacd122ef55cc5578fe60d76fbf71286f07dceb0d27c789,e6a832390c850cd02985baa89af74e5b5051e71fc8f593de29cbe32747013aef,rotate,fixed,1,10000,48.6
mnist,vit_small,grayscale,training_dense_testing_sparse,dense,compact,0,2,heldout_val,55000,0ba6f5ea1e365da7ffcd24e7ec769410cd0ca7abb798d46e32197844ab5a720c,04b23e1d894d5cd0ffacd122ef55cc5578fe60d76fbf71286f07dceb0d27c789,e6a832390c850cd02985baa89af74e5b5051e71fc8f593de29cbe32747013aef,brightness,fixed,1,10000,7.15
mnist,vit_small,grayscale,training_dense_testing_sparse,dense,compact,0,2,heldout_val,55000,0ba6f5ea1e365da7ffcd24e7ec769410cd0ca7abb798d46e32197844ab5a720c,04b23e1d894d5cd0ffacd122ef55cc5578fe60d76fbf71286f07dceb0d27c789,e6a832390c850cd02985baa89af74e5b5051e71fc8f593de29cbe32747013aef,translate,fixed,1,10000,82.05
mnist,vit_small,grayscale,training_dense_testing_sparse,dense,compact,0,2,heldout_val,55000,0ba6f5ea1e365da7ffcd24e7ec769410cd0ca7abb798d46e32197844ab5a720c,04b23e1d894d5cd0ffacd122ef55cc5578fe60d76fbf71286f07dceb0d27c789,e6a832390c850cd02985baa89af74e5b5051e71fc8f593de29cbe32747013aef,stripe,fixed,1,10000,66.92
mnist,vit_small,grayscale,training_dense_testing_sparse,dense,compact,0,2,heldout_val,55000,0ba6f5ea1e365da7ffcd24e7ec769410cd0ca7abb798d46e32197844ab5a720c,04b23e1d894d5cd0ffacd122ef55cc5578fe60d76fbf71286f07dceb0d27c789,e6a832390c850cd02985baa89af74e5b5051e71fc8f593de29cbe32747013aef,fog,fixed,1,10000,59.440000000000005
mnist,vit_small,grayscale,training_dense_testing_sparse,dense,compact,0,2,heldout_val,55000,0ba6f5ea1e365da7ffcd24e7ec769410cd0ca7abb798d46e32197844ab5a720c,04b23e1d894d5cd0ffacd122ef55cc5578fe60d76fbf71286f07dceb0d27c789,e6a832390c850cd02985baa89af74e5b5051e71fc8f593de29cbe32747013aef,spatter,fixed,1,10000,47.73
mnist,vit_small,grayscale,training_dense_testing_sparse,dense,compact,0,2,heldout_val,55000,0ba6f5ea1e365da7ffcd24e7ec769410cd0ca7abb798d46e32197844ab5a720c,04b23e1d894d5cd0ffacd122ef55cc5578fe60d76fbf71286f07dceb0d27c789,e6a832390c850cd02985baa89af74e5b5051e71fc8f593de29cbe32747013aef,dotted_line,fixed,1,10000,55.43
mnist,vit_small,grayscale,training_dense_testing_sparse,dense,compact,0,2,heldout_val,55000,0ba6f5ea1e365da7ffcd24e7ec769410cd0ca7abb798d46e32197844ab5a720c,04b23e1d894d5cd0ffacd122ef55cc5578fe60d76fbf71286f07dceb0d27c789,e6a832390c850cd02985baa89af74e5b5051e71fc8f593de29cbe32747013aef,zigzag,fixed,1,10000,63.12
mnist,vit_small,grayscale,training_dense_testing_sparse,dense,compact,0,2,heldout_val,55000,0ba6f5ea1e365da7ffcd24e7ec769410cd0ca7abb798d46e32197844ab5a720c,04b23e1d894d5cd0ffacd122ef55cc5578fe60d76fbf71286f07dceb0d27c789,e6a832390c850cd02985baa89af74e5b5051e71fc8f593de29cbe32747013aef,canny_edges,fixed,1,10000,83.56
mnist,swin_tiny,grayscale,training_dense_testing_sparse,dense,compact,10,0,heldout_val,55000,84d6fb97aa9227ae87765f5c4ae72881df3aaef773f50f21f7a4176c404f4751,473ed25a586e0ea8fb93e4fadfcfd4e7e18bde623e0f22701c184b2da680520b,b5ba882ee04e81c45232c4005e9a820b60c8b46fc9026b6949f38be5e12dae2b,clean,clean,1,10000,6.540000000000001
mnist,swin_tiny,grayscale,training_dense_testing_sparse,dense,compact,10,0,heldout_val,55000,84d6fb97aa9227ae87765f5c4ae72881df3aaef773f50f21f7a4176c404f4751,473ed25a586e0ea8fb93e4fadfcfd4e7e18bde623e0f22701c184b2da680520b,b5ba882ee04e81c45232c4005e9a820b60c8b46fc9026b6949f38be5e12dae2b,shot_noise,fixed,1,10000,27.41
mnist,swin_tiny,grayscale,training_dense_testing_sparse,dense,compact,10,0,heldout_val,55000,84d6fb97aa9227ae87765f5c4ae72881df3aaef773f50f21f7a4176c404f4751,473ed25a586e0ea8fb93e4fadfcfd4e7e18bde623e0f22701c184b2da680520b,b5ba882ee04e81c45232c4005e9a820b60c8b46fc9026b6949f38be5e12dae2b,impulse_noise,fixed,1,10000,61.99
mnist,swin_tiny,grayscale,training_dense_testing_sparse,dense,compact,10,0,heldout_val,55000,84d6fb97aa9227ae87765f5c4ae72881df3aaef773f50f21f7a4176c404f4751,473ed25a586e0ea8fb93e4fadfcfd4e7e18bde623e0f22701c184b2da680520b,b5ba882ee04e81c45232c4005e9a820b60c8b46fc9026b6949f38be5e12dae2b,glass_blur,fixed,1,10000,39.09
mnist,swin_tiny,grayscale,training_dense_testing_sparse,dense,compact,10,0,heldout_val,55000,84d6fb97aa9227ae87765f5c4ae72881df3aaef773f50f21f7a4176c404f4751,473ed25a586e0ea8fb93e4fadfcfd4e7e18bde623e0f22701c184b2da680520b,b5ba882ee04e81c45232c4005e9a820b60c8b46fc9026b6949f38be5e12dae2b,motion_blur,fixed,1,10000,14.52
mnist,swin_tiny,grayscale,training_dense_testing_sparse,dense,compact,10,0,heldout_val,55000,84d6fb97aa9227ae87765f5c4ae72881df3aaef773f50f21f7a4176c404f4751,473ed25a586e0ea8fb93e4fadfcfd4e7e18bde623e0f22701c184b2da680520b,b5ba882ee04e81c45232c4005e9a820b60c8b46fc9026b6949f38be5e12dae2b,shear,fixed,1,10000,12.870000000000005
mnist,swin_tiny,grayscale,training_dense_testing_sparse,dense,compact,10,0,heldout_val,55000,84d6fb97aa9227ae87765f5c4ae72881df3aaef773f50f21f7a4176c404f4751,473ed25a586e0ea8fb93e4fadfcfd4e7e18bde623e0f22701c184b2da680520b,b5ba882ee04e81c45232c4005e9a820b60c8b46fc9026b6949f38be5e12dae2b,scale,fixed,1,10000,25.249999999999993
mnist,swin_tiny,grayscale,training_dense_testing_sparse,dense,compact,10,0,heldout_val,55000,84d6fb97aa9227ae87765f5c4ae72881df3aaef773f50f21f7a4176c404f4751,473ed25a586e0ea8fb93e4fadfcfd4e7e18bde623e0f22701c184b2da680520b,b5ba882ee04e81c45232c4005e9a820b60c8b46fc9026b6949f38be5e12dae2b,rotate,fixed,1,10000,19.740000000000002
mnist,swin_tiny,grayscale,training_dense_testing_sparse,dense,compact,10,0,heldout_val,55000,84d6fb97aa9227ae87765f5c4ae72881df3aaef773f50f21f7a4176c404f4751,473ed25a586e0ea8fb93e4fadfcfd4e7e18bde623e0f22701c184b2da680520b,b5ba882ee04e81c45232c4005e9a820b60c8b46fc9026b6949f38be5e12dae2b,brightness,fixed,1,10000,46.699999999999996
mnist,swin_tiny,grayscale,training_dense_testing_sparse,dense,compact,10,0,heldout_val,55000,84d6fb97aa9227ae87765f5c4ae72881df3aaef773f50f21f7a4176c404f4751,473ed25a586e0ea8fb93e4fadfcfd4e7e18bde623e0f22701c184b2da680520b,b5ba882ee04e81c45232c4005e9a820b60c8b46fc9026b6949f38be5e12dae2b,translate,fixed,1,10000,66.72
mnist,swin_tiny,grayscale,training_dense_testing_sparse,dense,compact,10,0,heldout_val,55000,84d6fb97aa9227ae87765f5c4ae72881df3aaef773f50f21f7a4176c404f4751,473ed25a586e0ea8fb93e4fadfcfd4e7e18bde623e0f22701c184b2da680520b,b5ba882ee04e81c45232c4005e9a820b60c8b46fc9026b6949f38be5e12dae2b,stripe,fixed,1,10000,49.2
mnist,swin_tiny,grayscale,training_dense_testing_sparse,dense,compact,10,0,heldout_val,55000,84d6fb97aa9227ae87765f5c4ae72881df3aaef773f50f21f7a4176c404f4751,473ed25a586e0ea8fb93e4fadfcfd4e7e18bde623e0f22701c184b2da680520b,b5ba882ee04e81c45232c4005e9a820b60c8b46fc9026b6949f38be5e12dae2b,fog,fixed,1,10000,52.05
mnist,swin_tiny,grayscale,training_dense_testing_sparse,dense,compact,10,0,heldout_val,55000,84d6fb97aa9227ae87765f5c4ae72881df3aaef773f50f21f7a4176c404f4751,473ed25a586e0ea8fb93e4fadfcfd4e7e18bde623e0f22701c184b2da680520b,b5ba882ee04e81c45232c4005e9a820b60c8b46fc9026b6949f38be5e12dae2b,spatter,fixed,1,10000,40.510000000000005
mnist,swin_tiny,grayscale,training_dense_testing_sparse,dense,compact,10,0,heldout_val,55000,84d6fb97aa9227ae87765f5c4ae72881df3aaef773f50f21f7a4176c404f4751,473ed25a586e0ea8fb93e4fadfcfd4e7e18bde623e0f22701c184b2da680520b,b5ba882ee04e81c45232c4005e9a820b60c8b46fc9026b6949f38be5e12dae2b,dotted_line,fixed,1,10000,17.910000000000004
mnist,swin_tiny,grayscale,training_dense_testing_sparse,dense,compact,10,0,heldout_val,55000,84d6fb97aa9227ae87765f5c4ae72881df3aaef773f50f21f7a4176c404f4751,473ed25a586e0ea8fb93e4fadfcfd4e7e18bde623e0f22701c184b2da680520b,b5ba882ee04e81c45232c4005e9a820b60c8b46fc9026b6949f38be5e12dae2b,zigzag,fixed,1,10000,30.64
mnist,swin_tiny,grayscale,training_dense_testing_sparse,dense,compact,10,0,heldout_val,55000,84d6fb97aa9227ae87765f5c4ae72881df3aaef773f50f21f7a4176c404f4751,473ed25a586e0ea8fb93e4fadfcfd4e7e18bde623e0f22701c184b2da680520b,b5ba882ee04e81c45232c4005e9a820b60c8b46fc9026b6949f38be5e12dae2b,canny_edges,fixed,1,10000,32.940000000000005
mnist,swin_tiny,grayscale,training_dense_testing_sparse,dense,compact,10,1,heldout_val,55000,fd7ecd13c010b59c10d6cafd8cd2017f4f21b7907ac6cff0903b42393076954c,3c122f0fd1faf70a5670d3c6526b0c7197dc73ded514139a3796e6045a6fb776,e6e682f99e0eee247ebb254b29f3eb44b9362a5a7ef446abce3bc043a51997fe,clean,clean,1,10000,12.3
mnist,swin_tiny,grayscale,training_dense_testing_sparse,dense,compact,10,1,heldout_val,55000,fd7ecd13c010b59c10d6cafd8cd2017f4f21b7907ac6cff0903b42393076954c,3c122f0fd1faf70a5670d3c6526b0c7197dc73ded514139a3796e6045a6fb776,e6e682f99e0eee247ebb254b29f3eb44b9362a5a7ef446abce3bc043a51997fe,shot_noise,fixed,1,10000,31.869999999999997
mnist,swin_tiny,grayscale,training_dense_testing_sparse,dense,compact,10,1,heldout_val,55000,fd7ecd13c010b59c10d6cafd8cd2017f4f21b7907ac6cff0903b42393076954c,3c122f0fd1faf70a5670d3c6526b0c7197dc73ded514139a3796e6045a6fb776,e6e682f99e0eee247ebb254b29f3eb44b9362a5a7ef446abce3bc043a51997fe,impulse_noise,fixed,1,10000,68.19999999999999
mnist,swin_tiny,grayscale,training_dense_testing_sparse,dense,compact,10,1,heldout_val,55000,fd7ecd13c010b59c10d6cafd8cd2017f4f21b7907ac6cff0903b42393076954c,3c122f0fd1faf70a5670d3c6526b0c7197dc73ded514139a3796e6045a6fb776,e6e682f99e0eee247ebb254b29f3eb44b9362a5a7ef446abce3bc043a51997fe,glass_blur,fixed,1,10000,41.18000000000001
mnist,swin_tiny,grayscale,training_dense_testing_sparse,dense,compact,10,1,heldout_val,55000,fd7ecd13c010b59c10d6cafd8cd2017f4f21b7907ac6cff0903b42393076954c,3c122f0fd1faf70a5670d3c6526b0c7197dc73ded514139a3796e6045a6fb776,e6e682f99e0eee247ebb254b29f3eb44b9362a5a7ef446abce3bc043a51997fe,motion_blur,fixed,1,10000,17.36
mnist,swin_tiny,grayscale,training_dense_testing_sparse,dense,compact,10,1,heldout_val,55000,fd7ecd13c010b59c10d6cafd8cd2017f4f21b7907ac6cff0903b42393076954c,3c122f0fd1faf70a5670d3c6526b0c7197dc73ded514139a3796e6045a6fb776,e6e682f99e0eee247ebb254b29f3eb44b9362a5a7ef446abce3bc043a51997fe,shear,fixed,1,10000,17.400000000000006
mnist,swin_tiny,grayscale,training_dense_testing_sparse,dense,compact,10,1,heldout_val,55000,fd7ecd13c010b59c10d6cafd8cd2017f4f21b7907ac6cff0903b42393076954c,3c122f0fd1faf70a5670d3c6526b0c7197dc73ded514139a3796e6045a6fb776,e6e682f99e0eee247ebb254b29f3eb44b9362a5a7ef446abce3bc043a51997fe,scale,fixed,1,10000,28.879999999999995
mnist,swin_tiny,grayscale,training_dense_testing_sparse,dense,compact,10,1,heldout_val,55000,fd7ecd13c010b59c10d6cafd8cd2017f4f21b7907ac6cff0903b42393076954c,3c122f0fd1faf70a5670d3c6526b0c7197dc73ded514139a3796e6045a6fb776,e6e682f99e0eee247ebb254b29f3eb44b9362a5a7ef446abce3bc043a51997fe,rotate,fixed,1,10000,23.029999999999994
mnist,swin_tiny,grayscale,training_dense_testing_sparse,dense,compact,10,1,heldout_val,55000,fd7ecd13c010b59c10d6cafd8cd2017f4f21b7907ac6cff0903b42393076954c,3c122f0fd1faf70a5670d3c6526b0c7197dc73ded514139a3796e6045a6fb776,e6e682f99e0eee247ebb254b29f3eb44b9362a5a7ef446abce3bc043a51997fe,brightness,fixed,1,10000,35.589999999999996
mnist,swin_tiny,grayscale,training_dense_testing_sparse,dense,compact,10,1,heldout_val,55000,fd7ecd13c010b59c10d6cafd8cd2017f4f21b7907ac6cff0903b42393076954c,3c122f0fd1faf70a5670d3c6526b0c7197dc73ded514139a3796e6045a6fb776,e6e682f99e0eee247ebb254b29f3eb44b9362a5a7ef446abce3bc043a51997fe,translate,fixed,1,10000,65.41
mnist,swin_tiny,grayscale,training_dense_testing_sparse,dense,compact,10,1,heldout_val,55000,fd7ecd13c010b59c10d6cafd8cd2017f4f21b7907ac6cff0903b42393076954c,3c122f0fd1faf70a5670d3c6526b0c7197dc73ded514139a3796e6045a6fb776,e6e682f99e0eee247ebb254b29f3eb44b9362a5a7ef446abce3bc043a51997fe,stripe,fixed,1,10000,41.769999999999996
mnist,swin_tiny,grayscale,training_dense_testing_sparse,dense,compact,10,1,heldout_val,55000,fd7ecd13c010b59c10d6cafd8cd2017f4f21b7907ac6cff0903b42393076954c,3c122f0fd1faf70a5670d3c6526b0c7197dc73ded514139a3796e6045a6fb776,e6e682f99e0eee247ebb254b29f3eb44b9362a5a7ef446abce3bc043a51997fe,fog,fixed,1,10000,36.53999999999999
mnist,swin_tiny,grayscale,training_dense_testing_sparse,dense,compact,10,1,heldout_val,55000,fd7ecd13c010b59c10d6cafd8cd2017f4f21b7907ac6cff0903b42393076954c,3c122f0fd1faf70a5670d3c6526b0c7197dc73ded514139a3796e6045a6fb776,e6e682f99e0eee247ebb254b29f3eb44b9362a5a7ef446abce3bc043a51997fe,spatter,fixed,1,10000,41.53
mnist,swin_tiny,grayscale,training_dense_testing_sparse,dense,compact,10,1,heldout_val,55000,fd7ecd13c010b59c10d6cafd8cd2017f4f21b7907ac6cff0903b42393076954c,3c122f0fd1faf70a5670d3c6526b0c7197dc73ded514139a3796e6045a6fb776,e6e682f99e0eee247ebb254b29f3eb44b9362a5a7ef446abce3bc043a51997fe,dotted_line,fixed,1,10000,24.860000000000003
mnist,swin_tiny,grayscale,training_dense_testing_sparse,dense,compact,10,1,heldout_val,55000,fd7ecd13c010b59c10d6cafd8cd2017f4f21b7907ac6cff0903b42393076954c,3c122f0fd1faf70a5670d3c6526b0c7197dc73ded514139a3796e6045a6fb776,e6e682f99e0eee247ebb254b29f3eb44b9362a5a7ef446abce3bc043a51997fe,zigzag,fixed,1,10000,34.25
mnist,swin_tiny,grayscale,training_dense_testing_sparse,dense,compact,10,1,heldout_val,55000,fd7ecd13c010b59c10d6cafd8cd2017f4f21b7907ac6cff0903b42393076954c,3c122f0fd1faf70a5670d3c6526b0c7197dc73ded514139a3796e6045a6fb776,e6e682f99e0eee247ebb254b29f3eb44b9362a5a7ef446abce3bc043a51997fe,canny_edges,fixed,1,10000,36.31999999999999
mnist,swin_tiny,grayscale,training_dense_testing_sparse,dense,compact,10,2,heldout_val,55000,3568a8610d6583d7fdd5d1685d50b28db22082ba33a435d899b9f2a3b94346ad,b0393e9d1c0e15b51559e628483e2ed496574409f6794199f61ad346d461af16,d702f30cdbb4eec392ad0ecc9abc4f74a4b031dc4dd9bd08fa1670b553a83e7d,clean,clean,1,10000,10.199999999999998
mnist,swin_tiny,grayscale,training_dense_testing_sparse,dense,compact,10,2,heldout_val,55000,3568a8610d6583d7fdd5d1685d50b28db22082ba33a435d899b9f2a3b94346ad,b0393e9d1c0e15b51559e628483e2ed496574409f6794199f61ad346d461af16,d702f30cdbb4eec392ad0ecc9abc4f74a4b031dc4dd9bd08fa1670b553a83e7d,shot_noise,fixed,1,10000,34.27
mnist,swin_tiny,grayscale,training_dense_testing_sparse,dense,compact,10,2,heldout_val,55000,3568a8610d6583d7fdd5d1685d50b28db22082ba33a435d899b9f2a3b94346ad,b0393e9d1c0e15b51559e628483e2ed496574409f6794199f61ad346d461af16,d702f30cdbb4eec392ad0ecc9abc4f74a4b031dc4dd9bd08fa1670b553a83e7d,impulse_noise,fixed,1,10000,60.61000000000001
mnist,swin_tiny,grayscale,training_dense_testing_sparse,dense,compact,10,2,heldout_val,55000,3568a8610d6583d7fdd5d1685d50b28db22082ba33a435d899b9f2a3b94346ad,b0393e9d1c0e15b51559e628483e2ed496574409f6794199f61ad346d461af16,d702f30cdbb4eec392ad0ecc9abc4f74a4b031dc4dd9bd08fa1670b553a83e7d,glass_blur,fixed,1,10000,39.449999999999996
mnist,swin_tiny,grayscale,training_dense_testing_sparse,dense,compact,10,2,heldout_val,55000,3568a8610d6583d7fdd5d1685d50b28db22082ba33a435d899b9f2a3b94346ad,b0393e9d1c0e15b51559e628483e2ed496574409f6794199f61ad346d461af16,d702f30cdbb4eec392ad0ecc9abc4f74a4b031dc4dd9bd08fa1670b553a83e7d,motion_blur,fixed,1,10000,15.22
mnist,swin_tiny,grayscale,training_dense_testing_sparse,dense,compact,10,2,heldout_val,55000,3568a8610d6583d7fdd5d1685d50b28db22082ba33a435d899b9f2a3b94346ad,b0393e9d1c0e15b51559e628483e2ed496574409f6794199f61ad346d461af16,d702f30cdbb4eec392ad0ecc9abc4f74a4b031dc4dd9bd08fa1670b553a83e7d,shear,fixed,1,10000,16.059999999999995
mnist,swin_tiny,grayscale,training_dense_testing_sparse,dense,compact,10,2,heldout_val,55000,3568a8610d6583d7fdd5d1685d50b28db22082ba33a435d899b9f2a3b94346ad,b0393e9d1c0e15b51559e628483e2ed496574409f6794199f61ad346d461af16,d702f30cdbb4eec392ad0ecc9abc4f74a4b031dc4dd9bd08fa1670b553a83e7d,scale,fixed,1,10000,36.71
mnist,swin_tiny,grayscale,training_dense_testing_sparse,dense,compact,10,2,heldout_val,55000,3568a8610d6583d7fdd5d1685d50b28db22082ba33a435d899b9f2a3b94346ad,b0393e9d1c0e15b51559e628483e2ed496574409f6794199f61ad346d461af16,d702f30cdbb4eec392ad0ecc9abc4f74a4b031dc4dd9bd08fa1670b553a83e7d,rotate,fixed,1,10000,22.88
mnist,swin_tiny,grayscale,training_dense_testing_sparse,dense,compact,10,2,heldout_val,55000,3568a8610d6583d7fdd5d1685d50b28db22082ba33a435d899b9f2a3b94346ad,b0393e9d1c0e15b51559e628483e2ed496574409f6794199f61ad346d461af16,d702f30cdbb4eec392ad0ecc9abc4f74a4b031dc4dd9bd08fa1670b553a83e7d,brightness,fixed,1,10000,39.16
mnist,swin_tiny,grayscale,training_dense_testing_sparse,dense,compact,10,2,heldout_val,55000,3568a8610d6583d7fdd5d1685d50b28db22082ba33a435d899b9f2a3b94346ad,b0393e9d1c0e15b51559e628483e2ed496574409f6794199f61ad346d461af16,d702f30cdbb4eec392ad0ecc9abc4f74a4b031dc4dd9bd08fa1670b553a83e7d,translate,fixed,1,10000,67.45
mnist,swin_tiny,grayscale,training_dense_testing_sparse,dense,compact,10,2,heldout_val,55000,3568a8610d6583d7fdd5d1685d50b28db22082ba33a435d899b9f2a3b94346ad,b0393e9d1c0e15b51559e628483e2ed496574409f6794199f61ad346d461af16,d702f30cdbb4eec392ad0ecc9abc4f74a4b031dc4dd9bd08fa1670b553a83e7d,stripe,fixed,1,10000,39.33
mnist,swin_tiny,grayscale,training_dense_testing_sparse,dense,compact,10,2,heldout_val,55000,3568a8610d6583d7fdd5d1685d50b28db22082ba33a435d899b9f2a3b94346ad,b0393e9d1c0e15b51559e628483e2ed496574409f6794199f61ad346d461af16,d702f30cdbb4eec392ad0ecc9abc4f74a4b031dc4dd9bd08fa1670b553a83e7d,fog,fixed,1,10000,39.62
mnist,swin_tiny,grayscale,training_dense_testing_sparse,dense,compact,10,2,heldout_val,55000,3568a8610d6583d7fdd5d1685d50b28db22082ba33a435d899b9f2a3b94346ad,b0393e9d1c0e15b51559e628483e2ed496574409f6794199f61ad346d461af16,d702f30cdbb4eec392ad0ecc9abc4f74a4b031dc4dd9bd08fa1670b553a83e7d,spatter,fixed,1,10000,44.940000000000005
mnist,swin_tiny,grayscale,training_dense_testing_sparse,dense,compact,10,2,heldout_val,55000,3568a8610d6583d7fdd5d1685d50b28db22082ba33a435d899b9f2a3b94346ad,b0393e9d1c0e15b51559e628483e2ed496574409f6794199f61ad346d461af16,d702f30cdbb4eec392ad0ecc9abc4f74a4b031dc4dd9bd08fa1670b553a83e7d,dotted_line,fixed,1,10000,23.209999999999997
mnist,swin_tiny,grayscale,training_dense_testing_sparse,dense,compact,10,2,heldout_val,55000,3568a8610d6583d7fdd5d1685d50b28db22082ba33a435d899b9f2a3b94346ad,b0393e9d1c0e15b51559e628483e2ed496574409f6794199f61ad346d461af16,d702f30cdbb4eec392ad0ecc9abc4f74a4b031dc4dd9bd08fa1670b553a83e7d,zigzag,fixed,1,10000,31.36
mnist,swin_tiny,grayscale,training_dense_testing_sparse,dense,compact,10,2,heldout_val,55000,3568a8610d6583d7fdd5d1685d50b28db22082ba33a435d899b9f2a3b94346ad,b0393e9d1c0e15b51559e628483e2ed496574409f6794199f61ad346d461af16,d702f30cdbb4eec392ad0ecc9abc4f74a4b031dc4dd9bd08fa1670b553a83e7d,canny_edges,fixed,1,10000,41.279999999999994
mnist,vit_small,grayscale,training_dense_testing_sparse,dense,compact,10,0,heldout_val,55000,07245ddcf69089afd7b59718e3aa9e05907cb98b1f51ff564234527758feb300,1febb833c97989dec964ce4247d5bb9f7f212d0d0ffea0016b5b7d6ef9e061db,179475b8b5f1f60331c2ef36bed036328ffb8901f10573d5da34e3c145a3b99c,clean,clean,1,10000,49.89
mnist,vit_small,grayscale,training_dense_testing_sparse,dense,compact,10,0,heldout_val,55000,07245ddcf69089afd7b59718e3aa9e05907cb98b1f51ff564234527758feb300,1febb833c97989dec964ce4247d5bb9f7f212d0d0ffea0016b5b7d6ef9e061db,179475b8b5f1f60331c2ef36bed036328ffb8901f10573d5da34e3c145a3b99c,shot_noise,fixed,1,10000,77.7
mnist,vit_small,grayscale,training_dense_testing_sparse,dense,compact,10,0,heldout_val,55000,07245ddcf69089afd7b59718e3aa9e05907cb98b1f51ff564234527758feb300,1febb833c97989dec964ce4247d5bb9f7f212d0d0ffea0016b5b7d6ef9e061db,179475b8b5f1f60331c2ef36bed036328ffb8901f10573d5da34e3c145a3b99c,impulse_noise,fixed,1,10000,82.69999999999999
mnist,vit_small,grayscale,training_dense_testing_sparse,dense,compact,10,0,heldout_val,55000,07245ddcf69089afd7b59718e3aa9e05907cb98b1f51ff564234527758feb300,1febb833c97989dec964ce4247d5bb9f7f212d0d0ffea0016b5b7d6ef9e061db,179475b8b5f1f60331c2ef36bed036328ffb8901f10573d5da34e3c145a3b99c,glass_blur,fixed,1,10000,65.95
mnist,vit_small,grayscale,training_dense_testing_sparse,dense,compact,10,0,heldout_val,55000,07245ddcf69089afd7b59718e3aa9e05907cb98b1f51ff564234527758feb300,1febb833c97989dec964ce4247d5bb9f7f212d0d0ffea0016b5b7d6ef9e061db,179475b8b5f1f60331c2ef36bed036328ffb8901f10573d5da34e3c145a3b99c,motion_blur,fixed,1,10000,62.94
mnist,vit_small,grayscale,training_dense_testing_sparse,dense,compact,10,0,heldout_val,55000,07245ddcf69089afd7b59718e3aa9e05907cb98b1f51ff564234527758feb300,1febb833c97989dec964ce4247d5bb9f7f212d0d0ffea0016b5b7d6ef9e061db,179475b8b5f1f60331c2ef36bed036328ffb8901f10573d5da34e3c145a3b99c,shear,fixed,1,10000,50.23
mnist,vit_small,grayscale,training_dense_testing_sparse,dense,compact,10,0,heldout_val,55000,07245ddcf69089afd7b59718e3aa9e05907cb98b1f51ff564234527758feb300,1febb833c97989dec964ce4247d5bb9f7f212d0d0ffea0016b5b7d6ef9e061db,179475b8b5f1f60331c2ef36bed036328ffb8901f10573d5da34e3c145a3b99c,scale,fixed,1,10000,69.48
mnist,vit_small,grayscale,training_dense_testing_sparse,dense,compact,10,0,heldout_val,55000,07245ddcf69089afd7b59718e3aa9e05907cb98b1f51ff564234527758feb300,1febb833c97989dec964ce4247d5bb9f7f212d0d0ffea0016b5b7d6ef9e061db,179475b8b5f1f60331c2ef36bed036328ffb8901f10573d5da34e3c145a3b99c,rotate,fixed,1,10000,50.44
mnist,vit_small,grayscale,training_dense_testing_sparse,dense,compact,10,0,heldout_val,55000,07245ddcf69089afd7b59718e3aa9e05907cb98b1f51ff564234527758feb300,1febb833c97989dec964ce4247d5bb9f7f212d0d0ffea0016b5b7d6ef9e061db,179475b8b5f1f60331c2ef36bed036328ffb8901f10573d5da34e3c145a3b99c,brightness,fixed,1,10000,8.66
mnist,vit_small,grayscale,training_dense_testing_sparse,dense,compact,10,0,heldout_val,55000,07245ddcf69089afd7b59718e3aa9e05907cb98b1f51ff564234527758feb300,1febb833c97989dec964ce4247d5bb9f7f212d0d0ffea0016b5b7d6ef9e061db,179475b8b5f1f60331c2ef36bed036328ffb8901f10573d5da34e3c145a3b99c,translate,fixed,1,10000,78.81
mnist,vit_small,grayscale,training_dense_testing_sparse,dense,compact,10,0,heldout_val,55000,07245ddcf69089afd7b59718e3aa9e05907cb98b1f51ff564234527758feb300,1febb833c97989dec964ce4247d5bb9f7f212d0d0ffea0016b5b7d6ef9e061db,179475b8b5f1f60331c2ef36bed036328ffb8901f10573d5da34e3c145a3b99c,stripe,fixed,1,10000,55.63
mnist,vit_small,grayscale,training_dense_testing_sparse,dense,compact,10,0,heldout_val,55000,07245ddcf69089afd7b59718e3aa9e05907cb98b1f51ff564234527758feb300,1febb833c97989dec964ce4247d5bb9f7f212d0d0ffea0016b5b7d6ef9e061db,179475b8b5f1f60331c2ef36bed036328ffb8901f10573d5da34e3c145a3b99c,fog,fixed,1,10000,51.279999999999994
mnist,vit_small,grayscale,training_dense_testing_sparse,dense,compact,10,0,heldout_val,55000,07245ddcf69089afd7b59718e3aa9e05907cb98b1f51ff564234527758feb300,1febb833c97989dec964ce4247d5bb9f7f212d0d0ffea0016b5b7d6ef9e061db,179475b8b5f1f60331c2ef36bed036328ffb8901f10573d5da34e3c145a3b99c,spatter,fixed,1,10000,49.019999999999996
mnist,vit_small,grayscale,training_dense_testing_sparse,dense,compact,10,0,heldout_val,55000,07245ddcf69089afd7b59718e3aa9e05907cb98b1f51ff564234527758feb300,1febb833c97989dec964ce4247d5bb9f7f212d0d0ffea0016b5b7d6ef9e061db,179475b8b5f1f60331c2ef36bed036328ffb8901f10573d5da34e3c145a3b99c,dotted_line,fixed,1,10000,56.16
mnist,vit_small,grayscale,training_dense_testing_sparse,dense,compact,10,0,heldout_val,55000,07245ddcf69089afd7b59718e3aa9e05907cb98b1f51ff564234527758feb300,1febb833c97989dec964ce4247d5bb9f7f212d0d0ffea0016b5b7d6ef9e061db,179475b8b5f1f60331c2ef36bed036328ffb8901f10573d5da34e3c145a3b99c,zigzag,fixed,1,10000,62.35999999999999
mnist,vit_small,grayscale,training_dense_testing_sparse,dense,compact,10,0,heldout_val,55000,07245ddcf69089afd7b59718e3aa9e05907cb98b1f51ff564234527758feb300,1febb833c97989dec964ce4247d5bb9f7f212d0d0ffea0016b5b7d6ef9e061db,179475b8b5f1f60331c2ef36bed036328ffb8901f10573d5da34e3c145a3b99c,canny_edges,fixed,1,10000,84.05
mnist,vit_small,grayscale,training_dense_testing_sparse,dense,compact,10,1,heldout_val,55000,3dfc2ef53bac179abe0477105d9614bfdc4e617d0ee4bd3bde887285064540fe,10a1c020e268e60f92a50cb1a938f7e478078107b9a7dd5bcd30e3f36dd50ae6,0c043582d4fd9fa02edf865269d1ba752080dec581307de85e519181414c7951,clean,clean,1,10000,46.89
mnist,vit_small,grayscale,training_dense_testing_sparse,dense,compact,10,1,heldout_val,55000,3dfc2ef53bac179abe0477105d9614bfdc4e617d0ee4bd3bde887285064540fe,10a1c020e268e60f92a50cb1a938f7e478078107b9a7dd5bcd30e3f36dd50ae6,0c043582d4fd9fa02edf865269d1ba752080dec581307de85e519181414c7951,shot_noise,fixed,1,10000,70.21
mnist,vit_small,grayscale,training_dense_testing_sparse,dense,compact,10,1,heldout_val,55000,3dfc2ef53bac179abe0477105d9614bfdc4e617d0ee4bd3bde887285064540fe,10a1c020e268e60f92a50cb1a938f7e478078107b9a7dd5bcd30e3f36dd50ae6,0c043582d4fd9fa02edf865269d1ba752080dec581307de85e519181414c7951,impulse_noise,fixed,1,10000,82.78999999999999
mnist,vit_small,grayscale,training_dense_testing_sparse,dense,compact,10,1,heldout_val,55000,3dfc2ef53bac179abe0477105d9614bfdc4e617d0ee4bd3bde887285064540fe,10a1c020e268e60f92a50cb1a938f7e478078107b9a7dd5bcd30e3f36dd50ae6,0c043582d4fd9fa02edf865269d1ba752080dec581307de85e519181414c7951,glass_blur,fixed,1,10000,65.46000000000001
mnist,vit_small,grayscale,training_dense_testing_sparse,dense,compact,10,1,heldout_val,55000,3dfc2ef53bac179abe0477105d9614bfdc4e617d0ee4bd3bde887285064540fe,10a1c020e268e60f92a50cb1a938f7e478078107b9a7dd5bcd30e3f36dd50ae6,0c043582d4fd9fa02edf865269d1ba752080dec581307de85e519181414c7951,motion_blur,fixed,1,10000,59.5
mnist,vit_small,grayscale,training_dense_testing_sparse,dense,compact,10,1,heldout_val,55000,3dfc2ef53bac179abe0477105d9614bfdc4e617d0ee4bd3bde887285064540fe,10a1c020e268e60f92a50cb1a938f7e478078107b9a7dd5bcd30e3f36dd50ae6,0c043582d4fd9fa02edf865269d1ba752080dec581307de85e519181414c7951,shear,fixed,1,10000,51.4
mnist,vit_small,grayscale,training_dense_testing_sparse,dense,compact,10,1,heldout_val,55000,3dfc2ef53bac179abe0477105d9614bfdc4e617d0ee4bd3bde887285064540fe,10a1c020e268e60f92a50cb1a938f7e478078107b9a7dd5bcd30e3f36dd50ae6,0c043582d4fd9fa02edf865269d1ba752080dec581307de85e519181414c7951,scale,fixed,1,10000,69.38
mnist,vit_small,grayscale,training_dense_testing_sparse,dense,compact,10,1,heldout_val,55000,3dfc2ef53bac179abe0477105d9614bfdc4e617d0ee4bd3bde887285064540fe,10a1c020e268e60f92a50cb1a938f7e478078107b9a7dd5bcd30e3f36dd50ae6,0c043582d4fd9fa02edf865269d1ba752080dec581307de85e519181414c7951,rotate,fixed,1,10000,50.370000000000005
mnist,vit_small,grayscale,training_dense_testing_sparse,dense,compact,10,1,heldout_val,55000,3dfc2ef53bac179abe0477105d9614bfdc4e617d0ee4bd3bde887285064540fe,10a1c020e268e60f92a50cb1a938f7e478078107b9a7dd5bcd30e3f36dd50ae6,0c043582d4fd9fa02edf865269d1ba752080dec581307de85e519181414c7951,brightness,fixed,1,10000,7.169999999999998
mnist,vit_small,grayscale,training_dense_testing_sparse,dense,compact,10,1,heldout_val,55000,3dfc2ef53bac179abe0477105d9614bfdc4e617d0ee4bd3bde887285064540fe,10a1c020e268e60f92a50cb1a938f7e478078107b9a7dd5bcd30e3f36dd50ae6,0c043582d4fd9fa02edf865269d1ba752080dec581307de85e519181414c7951,translate,fixed,1,10000,79.14999999999999
mnist,vit_small,grayscale,training_dense_testing_sparse,dense,compact,10,1,heldout_val,55000,3dfc2ef53bac179abe0477105d9614bfdc4e617d0ee4bd3bde887285064540fe,10a1c020e268e60f92a50cb1a938f7e478078107b9a7dd5bcd30e3f36dd50ae6,0c043582d4fd9fa02edf865269d1ba752080dec581307de85e519181414c7951,stripe,fixed,1,10000,61.6
mnist,vit_small,grayscale,training_dense_testing_sparse,dense,compact,10,1,heldout_val,55000,3dfc2ef53bac179abe0477105d9614bfdc4e617d0ee4bd3bde887285064540fe,10a1c020e268e60f92a50cb1a938f7e478078107b9a7dd5bcd30e3f36dd50ae6,0c043582d4fd9fa02edf865269d1ba752080dec581307de85e519181414c7951,fog,fixed,1,10000,43.720000000000006
mnist,vit_small,grayscale,training_dense_testing_sparse,dense,compact,10,1,heldout_val,55000,3dfc2ef53bac179abe0477105d9614bfdc4e617d0ee4bd3bde887285064540fe,10a1c020e268e60f92a50cb1a938f7e478078107b9a7dd5bcd30e3f36dd50ae6,0c043582d4fd9fa02edf865269d1ba752080dec581307de85e519181414c7951,spatter,fixed,1,10000,47.550000000000004
mnist,vit_small,grayscale,training_dense_testing_sparse,dense,compact,10,1,heldout_val,55000,3dfc2ef53bac179abe0477105d9614bfdc4e617d0ee4bd3bde887285064540fe,10a1c020e268e60f92a50cb1a938f7e478078107b9a7dd5bcd30e3f36dd50ae6,0c043582d4fd9fa02edf865269d1ba752080dec581307de85e519181414c7951,dotted_line,fixed,1,10000,52.849999999999994
mnist,vit_small,grayscale,training_dense_testing_sparse,dense,compact,10,1,heldout_val,55000,3dfc2ef53bac179abe0477105d9614bfdc4e617d0ee4bd3bde887285064540fe,10a1c020e268e60f92a50cb1a938f7e478078107b9a7dd5bcd30e3f36dd50ae6,0c043582d4fd9fa02edf865269d1ba752080dec581307de85e519181414c7951,zigzag,fixed,1,10000,58.03
mnist,vit_small,grayscale,training_dense_testing_sparse,dense,compact,10,1,heldout_val,55000,3dfc2ef53bac179abe0477105d9614bfdc4e617d0ee4bd3bde887285064540fe,10a1c020e268e60f92a50cb1a938f7e478078107b9a7dd5bcd30e3f36dd50ae6,0c043582d4fd9fa02edf865269d1ba752080dec581307de85e519181414c7951,canny_edges,fixed,1,10000,76.32
mnist,vit_small,grayscale,training_dense_testing_sparse,dense,compact,10,2,heldout_val,55000,98a5ac8cd0238a6e51d6a8a2dd0b0940603d482ac6c0e84ef118e11aaec8ec49,04b23e1d894d5cd0ffacd122ef55cc5578fe60d76fbf71286f07dceb0d27c789,e6a832390c850cd02985baa89af74e5b5051e71fc8f593de29cbe32747013aef,clean,clean,1,10000,48.96
mnist,vit_small,grayscale,training_dense_testing_sparse,dense,compact,10,2,heldout_val,55000,98a5ac8cd0238a6e51d6a8a2dd0b0940603d482ac6c0e84ef118e11aaec8ec49,04b23e1d894d5cd0ffacd122ef55cc5578fe60d76fbf71286f07dceb0d27c789,e6a832390c850cd02985baa89af74e5b5051e71fc8f593de29cbe32747013aef,shot_noise,fixed,1,10000,75.92
mnist,vit_small,grayscale,training_dense_testing_sparse,dense,compact,10,2,heldout_val,55000,98a5ac8cd0238a6e51d6a8a2dd0b0940603d482ac6c0e84ef118e11aaec8ec49,04b23e1d894d5cd0ffacd122ef55cc5578fe60d76fbf71286f07dceb0d27c789,e6a832390c850cd02985baa89af74e5b5051e71fc8f593de29cbe32747013aef,impulse_noise,fixed,1,10000,82.69999999999999
mnist,vit_small,grayscale,training_dense_testing_sparse,dense,compact,10,2,heldout_val,55000,98a5ac8cd0238a6e51d6a8a2dd0b0940603d482ac6c0e84ef118e11aaec8ec49,04b23e1d894d5cd0ffacd122ef55cc5578fe60d76fbf71286f07dceb0d27c789,e6a832390c850cd02985baa89af74e5b5051e71fc8f593de29cbe32747013aef,glass_blur,fixed,1,10000,72.15
mnist,vit_small,grayscale,training_dense_testing_sparse,dense,compact,10,2,heldout_val,55000,98a5ac8cd0238a6e51d6a8a2dd0b0940603d482ac6c0e84ef118e11aaec8ec49,04b23e1d894d5cd0ffacd122ef55cc5578fe60d76fbf71286f07dceb0d27c789,e6a832390c850cd02985baa89af74e5b5051e71fc8f593de29cbe32747013aef,motion_blur,fixed,1,10000,60.85
mnist,vit_small,grayscale,training_dense_testing_sparse,dense,compact,10,2,heldout_val,55000,98a5ac8cd0238a6e51d6a8a2dd0b0940603d482ac6c0e84ef118e11aaec8ec49,04b23e1d894d5cd0ffacd122ef55cc5578fe60d76fbf71286f07dceb0d27c789,e6a832390c850cd02985baa89af74e5b5051e71fc8f593de29cbe32747013aef,shear,fixed,1,10000,49.61
mnist,vit_small,grayscale,training_dense_testing_sparse,dense,compact,10,2,heldout_val,55000,98a5ac8cd0238a6e51d6a8a2dd0b0940603d482ac6c0e84ef118e11aaec8ec49,04b23e1d894d5cd0ffacd122ef55cc5578fe60d76fbf71286f07dceb0d27c789,e6a832390c850cd02985baa89af74e5b5051e71fc8f593de29cbe32747013aef,scale,fixed,1,10000,71.31
mnist,vit_small,grayscale,training_dense_testing_sparse,dense,compact,10,2,heldout_val,55000,98a5ac8cd0238a6e51d6a8a2dd0b0940603d482ac6c0e84ef118e11aaec8ec49,04b23e1d894d5cd0ffacd122ef55cc5578fe60d76fbf71286f07dceb0d27c789,e6a832390c850cd02985baa89af74e5b5051e71fc8f593de29cbe32747013aef,rotate,fixed,1,10000,48.6
mnist,vit_small,grayscale,training_dense_testing_sparse,dense,compact,10,2,heldout_val,55000,98a5ac8cd0238a6e51d6a8a2dd0b0940603d482ac6c0e84ef118e11aaec8ec49,04b23e1d894d5cd0ffacd122ef55cc5578fe60d76fbf71286f07dceb0d27c789,e6a832390c850cd02985baa89af74e5b5051e71fc8f593de29cbe32747013aef,brightness,fixed,1,10000,7.479999999999998
mnist,vit_small,grayscale,training_dense_testing_sparse,dense,compact,10,2,heldout_val,55000,98a5ac8cd0238a6e51d6a8a2dd0b0940603d482ac6c0e84ef118e11aaec8ec49,04b23e1d894d5cd0ffacd122ef55cc5578fe60d76fbf71286f07dceb0d27c789,e6a832390c850cd02985baa89af74e5b5051e71fc8f593de29cbe32747013aef,translate,fixed,1,10000,82.05
mnist,vit_small,grayscale,training_dense_testing_sparse,dense,compact,10,2,heldout_val,55000,98a5ac8cd0238a6e51d6a8a2dd0b0940603d482ac6c0e84ef118e11aaec8ec49,04b23e1d894d5cd0ffacd122ef55cc5578fe60d76fbf71286f07dceb0d27c789,e6a832390c850cd02985baa89af74e5b5051e71fc8f593de29cbe32747013aef,stripe,fixed,1,10000,66.92
mnist,vit_small,grayscale,training_dense_testing_sparse,dense,compact,10,2,heldout_val,55000,98a5ac8cd0238a6e51d6a8a2dd0b0940603d482ac6c0e84ef118e11aaec8ec49,04b23e1d894d5cd0ffacd122ef55cc5578fe60d76fbf71286f07dceb0d27c789,e6a832390c850cd02985baa89af74e5b5051e71fc8f593de29cbe32747013aef,fog,fixed,1,10000,59.43000000000001
mnist,vit_small,grayscale,training_dense_testing_sparse,dense,compact,10,2,heldout_val,55000,98a5ac8cd0238a6e51d6a8a2dd0b0940603d482ac6c0e84ef118e11aaec8ec49,04b23e1d894d5cd0ffacd122ef55cc5578fe60d76fbf71286f07dceb0d27c789,e6a832390c850cd02985baa89af74e5b5051e71fc8f593de29cbe32747013aef,spatter,fixed,1,10000,47.73
mnist,vit_small,grayscale,training_dense_testing_sparse,dense,compact,10,2,heldout_val,55000,98a5ac8cd0238a6e51d6a8a2dd0b0940603d482ac6c0e84ef118e11aaec8ec49,04b23e1d894d5cd0ffacd122ef55cc5578fe60d76fbf71286f07dceb0d27c789,e6a832390c850cd02985baa89af74e5b5051e71fc8f593de29cbe32747013aef,dotted_line,fixed,1,10000,55.43
mnist,vit_small,grayscale,training_dense_testing_sparse,dense,compact,10,2,heldout_val,55000,98a5ac8cd0238a6e51d6a8a2dd0b0940603d482ac6c0e84ef118e11aaec8ec49,04b23e1d894d5cd0ffacd122ef55cc5578fe60d76fbf71286f07dceb0d27c789,e6a832390c850cd02985baa89af74e5b5051e71fc8f593de29cbe32747013aef,zigzag,fixed,1,10000,63.12
mnist,vit_small,grayscale,training_dense_testing_sparse,dense,compact,10,2,heldout_val,55000,98a5ac8cd0238a6e51d6a8a2dd0b0940603d482ac6c0e84ef118e11aaec8ec49,04b23e1d894d5cd0ffacd122ef55cc5578fe60d76fbf71286f07dceb0d27c789,e6a832390c850cd02985baa89af74e5b5051e71fc8f593de29cbe32747013aef,canny_edges,fixed,1,10000,83.56
mnist,swin_tiny,grayscale,training_dense_testing_sparse,dense,compact,20,0,heldout_val,55000,772b36ce81e6200cc4c0d2b16f7e81c0e7973efb2106679983539e8bbce1e14f,473ed25a586e0ea8fb93e4fadfcfd4e7e18bde623e0f22701c184b2da680520b,b5ba882ee04e81c45232c4005e9a820b60c8b46fc9026b6949f38be5e12dae2b,clean,clean,1,10000,6.540000000000001
mnist,swin_tiny,grayscale,training_dense_testing_sparse,dense,compact,20,0,heldout_val,55000,772b36ce81e6200cc4c0d2b16f7e81c0e7973efb2106679983539e8bbce1e14f,473ed25a586e0ea8fb93e4fadfcfd4e7e18bde623e0f22701c184b2da680520b,b5ba882ee04e81c45232c4005e9a820b60c8b46fc9026b6949f38be5e12dae2b,shot_noise,fixed,1,10000,27.41
mnist,swin_tiny,grayscale,training_dense_testing_sparse,dense,compact,20,0,heldout_val,55000,772b36ce81e6200cc4c0d2b16f7e81c0e7973efb2106679983539e8bbce1e14f,473ed25a586e0ea8fb93e4fadfcfd4e7e18bde623e0f22701c184b2da680520b,b5ba882ee04e81c45232c4005e9a820b60c8b46fc9026b6949f38be5e12dae2b,impulse_noise,fixed,1,10000,61.99
mnist,swin_tiny,grayscale,training_dense_testing_sparse,dense,compact,20,0,heldout_val,55000,772b36ce81e6200cc4c0d2b16f7e81c0e7973efb2106679983539e8bbce1e14f,473ed25a586e0ea8fb93e4fadfcfd4e7e18bde623e0f22701c184b2da680520b,b5ba882ee04e81c45232c4005e9a820b60c8b46fc9026b6949f38be5e12dae2b,glass_blur,fixed,1,10000,39.09
mnist,swin_tiny,grayscale,training_dense_testing_sparse,dense,compact,20,0,heldout_val,55000,772b36ce81e6200cc4c0d2b16f7e81c0e7973efb2106679983539e8bbce1e14f,473ed25a586e0ea8fb93e4fadfcfd4e7e18bde623e0f22701c184b2da680520b,b5ba882ee04e81c45232c4005e9a820b60c8b46fc9026b6949f38be5e12dae2b,motion_blur,fixed,1,10000,14.52
mnist,swin_tiny,grayscale,training_dense_testing_sparse,dense,compact,20,0,heldout_val,55000,772b36ce81e6200cc4c0d2b16f7e81c0e7973efb2106679983539e8bbce1e14f,473ed25a586e0ea8fb93e4fadfcfd4e7e18bde623e0f22701c184b2da680520b,b5ba882ee04e81c45232c4005e9a820b60c8b46fc9026b6949f38be5e12dae2b,shear,fixed,1,10000,12.870000000000005
mnist,swin_tiny,grayscale,training_dense_testing_sparse,dense,compact,20,0,heldout_val,55000,772b36ce81e6200cc4c0d2b16f7e81c0e7973efb2106679983539e8bbce1e14f,473ed25a586e0ea8fb93e4fadfcfd4e7e18bde623e0f22701c184b2da680520b,b5ba882ee04e81c45232c4005e9a820b60c8b46fc9026b6949f38be5e12dae2b,scale,fixed,1,10000,25.249999999999993
mnist,swin_tiny,grayscale,training_dense_testing_sparse,dense,compact,20,0,heldout_val,55000,772b36ce81e6200cc4c0d2b16f7e81c0e7973efb2106679983539e8bbce1e14f,473ed25a586e0ea8fb93e4fadfcfd4e7e18bde623e0f22701c184b2da680520b,b5ba882ee04e81c45232c4005e9a820b60c8b46fc9026b6949f38be5e12dae2b,rotate,fixed,1,10000,19.740000000000002
mnist,swin_tiny,grayscale,training_dense_testing_sparse,dense,compact,20,0,heldout_val,55000,772b36ce81e6200cc4c0d2b16f7e81c0e7973efb2106679983539e8bbce1e14f,473ed25a586e0ea8fb93e4fadfcfd4e7e18bde623e0f22701c184b2da680520b,b5ba882ee04e81c45232c4005e9a820b60c8b46fc9026b6949f38be5e12dae2b,brightness,fixed,1,10000,47.099999999999994
mnist,swin_tiny,grayscale,training_dense_testing_sparse,dense,compact,20,0,heldout_val,55000,772b36ce81e6200cc4c0d2b16f7e81c0e7973efb2106679983539e8bbce1e14f,473ed25a586e0ea8fb93e4fadfcfd4e7e18bde623e0f22701c184b2da680520b,b5ba882ee04e81c45232c4005e9a820b60c8b46fc9026b6949f38be5e12dae2b,translate,fixed,1,10000,66.72
mnist,swin_tiny,grayscale,training_dense_testing_sparse,dense,compact,20,0,heldout_val,55000,772b36ce81e6200cc4c0d2b16f7e81c0e7973efb2106679983539e8bbce1e14f,473ed25a586e0ea8fb93e4fadfcfd4e7e18bde623e0f22701c184b2da680520b,b5ba882ee04e81c45232c4005e9a820b60c8b46fc9026b6949f38be5e12dae2b,stripe,fixed,1,10000,49.22
mnist,swin_tiny,grayscale,training_dense_testing_sparse,dense,compact,20,0,heldout_val,55000,772b36ce81e6200cc4c0d2b16f7e81c0e7973efb2106679983539e8bbce1e14f,473ed25a586e0ea8fb93e4fadfcfd4e7e18bde623e0f22701c184b2da680520b,b5ba882ee04e81c45232c4005e9a820b60c8b46fc9026b6949f38be5e12dae2b,fog,fixed,1,10000,52.160000000000004
mnist,swin_tiny,grayscale,training_dense_testing_sparse,dense,compact,20,0,heldout_val,55000,772b36ce81e6200cc4c0d2b16f7e81c0e7973efb2106679983539e8bbce1e14f,473ed25a586e0ea8fb93e4fadfcfd4e7e18bde623e0f22701c184b2da680520b,b5ba882ee04e81c45232c4005e9a820b60c8b46fc9026b6949f38be5e12dae2b,spatter,fixed,1,10000,40.510000000000005
mnist,swin_tiny,grayscale,training_dense_testing_sparse,dense,compact,20,0,heldout_val,55000,772b36ce81e6200cc4c0d2b16f7e81c0e7973efb2106679983539e8bbce1e14f,473ed25a586e0ea8fb93e4fadfcfd4e7e18bde623e0f22701c184b2da680520b,b5ba882ee04e81c45232c4005e9a820b60c8b46fc9026b6949f38be5e12dae2b,dotted_line,fixed,1,10000,17.910000000000004
mnist,swin_tiny,grayscale,training_dense_testing_sparse,dense,compact,20,0,heldout_val,55000,772b36ce81e6200cc4c0d2b16f7e81c0e7973efb2106679983539e8bbce1e14f,473ed25a586e0ea8fb93e4fadfcfd4e7e18bde623e0f22701c184b2da680520b,b5ba882ee04e81c45232c4005e9a820b60c8b46fc9026b6949f38be5e12dae2b,zigzag,fixed,1,10000,30.64
mnist,swin_tiny,grayscale,training_dense_testing_sparse,dense,compact,20,0,heldout_val,55000,772b36ce81e6200cc4c0d2b16f7e81c0e7973efb2106679983539e8bbce1e14f,473ed25a586e0ea8fb93e4fadfcfd4e7e18bde623e0f22701c184b2da680520b,b5ba882ee04e81c45232c4005e9a820b60c8b46fc9026b6949f38be5e12dae2b,canny_edges,fixed,1,10000,32.940000000000005
mnist,swin_tiny,grayscale,training_dense_testing_sparse,dense,compact,20,1,heldout_val,55000,17a3eab1bed8584e13fd9659320a7523684198a6beddf0641f6b6fefb22cb6ea,3c122f0fd1faf70a5670d3c6526b0c7197dc73ded514139a3796e6045a6fb776,e6e682f99e0eee247ebb254b29f3eb44b9362a5a7ef446abce3bc043a51997fe,clean,clean,1,10000,12.3
mnist,swin_tiny,grayscale,training_dense_testing_sparse,dense,compact,20,1,heldout_val,55000,17a3eab1bed8584e13fd9659320a7523684198a6beddf0641f6b6fefb22cb6ea,3c122f0fd1faf70a5670d3c6526b0c7197dc73ded514139a3796e6045a6fb776,e6e682f99e0eee247ebb254b29f3eb44b9362a5a7ef446abce3bc043a51997fe,shot_noise,fixed,1,10000,31.869999999999997
mnist,swin_tiny,grayscale,training_dense_testing_sparse,dense,compact,20,1,heldout_val,55000,17a3eab1bed8584e13fd9659320a7523684198a6beddf0641f6b6fefb22cb6ea,3c122f0fd1faf70a5670d3c6526b0c7197dc73ded514139a3796e6045a6fb776,e6e682f99e0eee247ebb254b29f3eb44b9362a5a7ef446abce3bc043a51997fe,impulse_noise,fixed,1,10000,68.19999999999999
mnist,swin_tiny,grayscale,training_dense_testing_sparse,dense,compact,20,1,heldout_val,55000,17a3eab1bed8584e13fd9659320a7523684198a6beddf0641f6b6fefb22cb6ea,3c122f0fd1faf70a5670d3c6526b0c7197dc73ded514139a3796e6045a6fb776,e6e682f99e0eee247ebb254b29f3eb44b9362a5a7ef446abce3bc043a51997fe,glass_blur,fixed,1,10000,41.18000000000001
mnist,swin_tiny,grayscale,training_dense_testing_sparse,dense,compact,20,1,heldout_val,55000,17a3eab1bed8584e13fd9659320a7523684198a6beddf0641f6b6fefb22cb6ea,3c122f0fd1faf70a5670d3c6526b0c7197dc73ded514139a3796e6045a6fb776,e6e682f99e0eee247ebb254b29f3eb44b9362a5a7ef446abce3bc043a51997fe,motion_blur,fixed,1,10000,17.36
mnist,swin_tiny,grayscale,training_dense_testing_sparse,dense,compact,20,1,heldout_val,55000,17a3eab1bed8584e13fd9659320a7523684198a6beddf0641f6b6fefb22cb6ea,3c122f0fd1faf70a5670d3c6526b0c7197dc73ded514139a3796e6045a6fb776,e6e682f99e0eee247ebb254b29f3eb44b9362a5a7ef446abce3bc043a51997fe,shear,fixed,1,10000,17.400000000000006
mnist,swin_tiny,grayscale,training_dense_testing_sparse,dense,compact,20,1,heldout_val,55000,17a3eab1bed8584e13fd9659320a7523684198a6beddf0641f6b6fefb22cb6ea,3c122f0fd1faf70a5670d3c6526b0c7197dc73ded514139a3796e6045a6fb776,e6e682f99e0eee247ebb254b29f3eb44b9362a5a7ef446abce3bc043a51997fe,scale,fixed,1,10000,28.879999999999995
mnist,swin_tiny,grayscale,training_dense_testing_sparse,dense,compact,20,1,heldout_val,55000,17a3eab1bed8584e13fd9659320a7523684198a6beddf0641f6b6fefb22cb6ea,3c122f0fd1faf70a5670d3c6526b0c7197dc73ded514139a3796e6045a6fb776,e6e682f99e0eee247ebb254b29f3eb44b9362a5a7ef446abce3bc043a51997fe,rotate,fixed,1,10000,23.029999999999994
mnist,swin_tiny,grayscale,training_dense_testing_sparse,dense,compact,20,1,heldout_val,55000,17a3eab1bed8584e13fd9659320a7523684198a6beddf0641f6b6fefb22cb6ea,3c122f0fd1faf70a5670d3c6526b0c7197dc73ded514139a3796e6045a6fb776,e6e682f99e0eee247ebb254b29f3eb44b9362a5a7ef446abce3bc043a51997fe,brightness,fixed,1,10000,37.36000000000001
mnist,swin_tiny,grayscale,training_dense_testing_sparse,dense,compact,20,1,heldout_val,55000,17a3eab1bed8584e13fd9659320a7523684198a6beddf0641f6b6fefb22cb6ea,3c122f0fd1faf70a5670d3c6526b0c7197dc73ded514139a3796e6045a6fb776,e6e682f99e0eee247ebb254b29f3eb44b9362a5a7ef446abce3bc043a51997fe,translate,fixed,1,10000,65.41
mnist,swin_tiny,grayscale,training_dense_testing_sparse,dense,compact,20,1,heldout_val,55000,17a3eab1bed8584e13fd9659320a7523684198a6beddf0641f6b6fefb22cb6ea,3c122f0fd1faf70a5670d3c6526b0c7197dc73ded514139a3796e6045a6fb776,e6e682f99e0eee247ebb254b29f3eb44b9362a5a7ef446abce3bc043a51997fe,stripe,fixed,1,10000,43.42
mnist,swin_tiny,grayscale,training_dense_testing_sparse,dense,compact,20,1,heldout_val,55000,17a3eab1bed8584e13fd9659320a7523684198a6beddf0641f6b6fefb22cb6ea,3c122f0fd1faf70a5670d3c6526b0c7197dc73ded514139a3796e6045a6fb776,e6e682f99e0eee247ebb254b29f3eb44b9362a5a7ef446abce3bc043a51997fe,fog,fixed,1,10000,36.96
mnist,swin_tiny,grayscale,training_dense_testing_sparse,dense,compact,20,1,heldout_val,55000,17a3eab1bed8584e13fd9659320a7523684198a6beddf0641f6b6fefb22cb6ea,3c122f0fd1faf70a5670d3c6526b0c7197dc73ded514139a3796e6045a6fb776,e6e682f99e0eee247ebb254b29f3eb44b9362a5a7ef446abce3bc043a51997fe,spatter,fixed,1,10000,41.53
mnist,swin_tiny,grayscale,training_dense_testing_sparse,dense,compact,20,1,heldout_val,55000,17a3eab1bed8584e13fd9659320a7523684198a6beddf0641f6b6fefb22cb6ea,3c122f0fd1faf70a5670d3c6526b0c7197dc73ded514139a3796e6045a6fb776,e6e682f99e0eee247ebb254b29f3eb44b9362a5a7ef446abce3bc043a51997fe,dotted_line,fixed,1,10000,24.860000000000003
mnist,swin_tiny,grayscale,training_dense_testing_sparse,dense,compact,20,1,heldout_val,55000,17a3eab1bed8584e13fd9659320a7523684198a6beddf0641f6b6fefb22cb6ea,3c122f0fd1faf70a5670d3c6526b0c7197dc73ded514139a3796e6045a6fb776,e6e682f99e0eee247ebb254b29f3eb44b9362a5a7ef446abce3bc043a51997fe,zigzag,fixed,1,10000,34.25
mnist,swin_tiny,grayscale,training_dense_testing_sparse,dense,compact,20,1,heldout_val,55000,17a3eab1bed8584e13fd9659320a7523684198a6beddf0641f6b6fefb22cb6ea,3c122f0fd1faf70a5670d3c6526b0c7197dc73ded514139a3796e6045a6fb776,e6e682f99e0eee247ebb254b29f3eb44b9362a5a7ef446abce3bc043a51997fe,canny_edges,fixed,1,10000,36.31999999999999
mnist,swin_tiny,grayscale,training_dense_testing_sparse,dense,compact,20,2,heldout_val,55000,a55d75ddac5890abc57cf2d00ed00e8e9ddc64f8f418264d3380b61e5d339866,b0393e9d1c0e15b51559e628483e2ed496574409f6794199f61ad346d461af16,d702f30cdbb4eec392ad0ecc9abc4f74a4b031dc4dd9bd08fa1670b553a83e7d,clean,clean,1,10000,10.199999999999998
mnist,swin_tiny,grayscale,training_dense_testing_sparse,dense,compact,20,2,heldout_val,55000,a55d75ddac5890abc57cf2d00ed00e8e9ddc64f8f418264d3380b61e5d339866,b0393e9d1c0e15b51559e628483e2ed496574409f6794199f61ad346d461af16,d702f30cdbb4eec392ad0ecc9abc4f74a4b031dc4dd9bd08fa1670b553a83e7d,shot_noise,fixed,1,10000,34.27
mnist,swin_tiny,grayscale,training_dense_testing_sparse,dense,compact,20,2,heldout_val,55000,a55d75ddac5890abc57cf2d00ed00e8e9ddc64f8f418264d3380b61e5d339866,b0393e9d1c0e15b51559e628483e2ed496574409f6794199f61ad346d461af16,d702f30cdbb4eec392ad0ecc9abc4f74a4b031dc4dd9bd08fa1670b553a83e7d,impulse_noise,fixed,1,10000,60.620000000000005
mnist,swin_tiny,grayscale,training_dense_testing_sparse,dense,compact,20,2,heldout_val,55000,a55d75ddac5890abc57cf2d00ed00e8e9ddc64f8f418264d3380b61e5d339866,b0393e9d1c0e15b51559e628483e2ed496574409f6794199f61ad346d461af16,d702f30cdbb4eec392ad0ecc9abc4f74a4b031dc4dd9bd08fa1670b553a83e7d,glass_blur,fixed,1,10000,39.449999999999996
mnist,swin_tiny,grayscale,training_dense_testing_sparse,dense,compact,20,2,heldout_val,55000,a55d75ddac5890abc57cf2d00ed00e8e9ddc64f8f418264d3380b61e5d339866,b0393e9d1c0e15b51559e628483e2ed496574409f6794199f61ad346d461af16,d702f30cdbb4eec392ad0ecc9abc4f74a4b031dc4dd9bd08fa1670b553a83e7d,motion_blur,fixed,1,10000,15.22
mnist,swin_tiny,grayscale,training_dense_testing_sparse,dense,compact,20,2,heldout_val,55000,a55d75ddac5890abc57cf2d00ed00e8e9ddc64f8f418264d3380b61e5d339866,b0393e9d1c0e15b51559e628483e2ed496574409f6794199f61ad346d461af16,d702f30cdbb4eec392ad0ecc9abc4f74a4b031dc4dd9bd08fa1670b553a83e7d,shear,fixed,1,10000,16.059999999999995
mnist,swin_tiny,grayscale,training_dense_testing_sparse,dense,compact,20,2,heldout_val,55000,a55d75ddac5890abc57cf2d00ed00e8e9ddc64f8f418264d3380b61e5d339866,b0393e9d1c0e15b51559e628483e2ed496574409f6794199f61ad346d461af16,d702f30cdbb4eec392ad0ecc9abc4f74a4b031dc4dd9bd08fa1670b553a83e7d,scale,fixed,1,10000,36.71
mnist,swin_tiny,grayscale,training_dense_testing_sparse,dense,compact,20,2,heldout_val,55000,a55d75ddac5890abc57cf2d00ed00e8e9ddc64f8f418264d3380b61e5d339866,b0393e9d1c0e15b51559e628483e2ed496574409f6794199f61ad346d461af16,d702f30cdbb4eec392ad0ecc9abc4f74a4b031dc4dd9bd08fa1670b553a83e7d,rotate,fixed,1,10000,22.89
mnist,swin_tiny,grayscale,training_dense_testing_sparse,dense,compact,20,2,heldout_val,55000,a55d75ddac5890abc57cf2d00ed00e8e9ddc64f8f418264d3380b61e5d339866,b0393e9d1c0e15b51559e628483e2ed496574409f6794199f61ad346d461af16,d702f30cdbb4eec392ad0ecc9abc4f74a4b031dc4dd9bd08fa1670b553a83e7d,brightness,fixed,1,10000,41.43
mnist,swin_tiny,grayscale,training_dense_testing_sparse,dense,compact,20,2,heldout_val,55000,a55d75ddac5890abc57cf2d00ed00e8e9ddc64f8f418264d3380b61e5d339866,b0393e9d1c0e15b51559e628483e2ed496574409f6794199f61ad346d461af16,d702f30cdbb4eec392ad0ecc9abc4f74a4b031dc4dd9bd08fa1670b553a83e7d,translate,fixed,1,10000,67.45
mnist,swin_tiny,grayscale,training_dense_testing_sparse,dense,compact,20,2,heldout_val,55000,a55d75ddac5890abc57cf2d00ed00e8e9ddc64f8f418264d3380b61e5d339866,b0393e9d1c0e15b51559e628483e2ed496574409f6794199f61ad346d461af16,d702f30cdbb4eec392ad0ecc9abc4f74a4b031dc4dd9bd08fa1670b553a83e7d,stripe,fixed,1,10000,39.81
mnist,swin_tiny,grayscale,training_dense_testing_sparse,dense,compact,20,2,heldout_val,55000,a55d75ddac5890abc57cf2d00ed00e8e9ddc64f8f418264d3380b61e5d339866,b0393e9d1c0e15b51559e628483e2ed496574409f6794199f61ad346d461af16,d702f30cdbb4eec392ad0ecc9abc4f74a4b031dc4dd9bd08fa1670b553a83e7d,fog,fixed,1,10000,39.67
mnist,swin_tiny,grayscale,training_dense_testing_sparse,dense,compact,20,2,heldout_val,55000,a55d75ddac5890abc57cf2d00ed00e8e9ddc64f8f418264d3380b61e5d339866,b0393e9d1c0e15b51559e628483e2ed496574409f6794199f61ad346d461af16,d702f30cdbb4eec392ad0ecc9abc4f74a4b031dc4dd9bd08fa1670b553a83e7d,spatter,fixed,1,10000,44.940000000000005
mnist,swin_tiny,grayscale,training_dense_testing_sparse,dense,compact,20,2,heldout_val,55000,a55d75ddac5890abc57cf2d00ed00e8e9ddc64f8f418264d3380b61e5d339866,b0393e9d1c0e15b51559e628483e2ed496574409f6794199f61ad346d461af16,d702f30cdbb4eec392ad0ecc9abc4f74a4b031dc4dd9bd08fa1670b553a83e7d,dotted_line,fixed,1,10000,23.209999999999997
mnist,swin_tiny,grayscale,training_dense_testing_sparse,dense,compact,20,2,heldout_val,55000,a55d75ddac5890abc57cf2d00ed00e8e9ddc64f8f418264d3380b61e5d339866,b0393e9d1c0e15b51559e628483e2ed496574409f6794199f61ad346d461af16,d702f30cdbb4eec392ad0ecc9abc4f74a4b031dc4dd9bd08fa1670b553a83e7d,zigzag,fixed,1,10000,31.36
mnist,swin_tiny,grayscale,training_dense_testing_sparse,dense,compact,20,2,heldout_val,55000,a55d75ddac5890abc57cf2d00ed00e8e9ddc64f8f418264d3380b61e5d339866,b0393e9d1c0e15b51559e628483e2ed496574409f6794199f61ad346d461af16,d702f30cdbb4eec392ad0ecc9abc4f74a4b031dc4dd9bd08fa1670b553a83e7d,canny_edges,fixed,1,10000,41.279999999999994
mnist,vit_small,grayscale,training_dense_testing_sparse,dense,compact,20,0,heldout_val,55000,5490c6125d271ed47da569cb15200db4dbdc901fef45d47dccb39b2790adbfcc,1febb833c97989dec964ce4247d5bb9f7f212d0d0ffea0016b5b7d6ef9e061db,179475b8b5f1f60331c2ef36bed036328ffb8901f10573d5da34e3c145a3b99c,clean,clean,1,10000,49.89
mnist,vit_small,grayscale,training_dense_testing_sparse,dense,compact,20,0,heldout_val,55000,5490c6125d271ed47da569cb15200db4dbdc901fef45d47dccb39b2790adbfcc,1febb833c97989dec964ce4247d5bb9f7f212d0d0ffea0016b5b7d6ef9e061db,179475b8b5f1f60331c2ef36bed036328ffb8901f10573d5da34e3c145a3b99c,shot_noise,fixed,1,10000,77.7
mnist,vit_small,grayscale,training_dense_testing_sparse,dense,compact,20,0,heldout_val,55000,5490c6125d271ed47da569cb15200db4dbdc901fef45d47dccb39b2790adbfcc,1febb833c97989dec964ce4247d5bb9f7f212d0d0ffea0016b5b7d6ef9e061db,179475b8b5f1f60331c2ef36bed036328ffb8901f10573d5da34e3c145a3b99c,impulse_noise,fixed,1,10000,82.69999999999999
mnist,vit_small,grayscale,training_dense_testing_sparse,dense,compact,20,0,heldout_val,55000,5490c6125d271ed47da569cb15200db4dbdc901fef45d47dccb39b2790adbfcc,1febb833c97989dec964ce4247d5bb9f7f212d0d0ffea0016b5b7d6ef9e061db,179475b8b5f1f60331c2ef36bed036328ffb8901f10573d5da34e3c145a3b99c,glass_blur,fixed,1,10000,65.95
mnist,vit_small,grayscale,training_dense_testing_sparse,dense,compact,20,0,heldout_val,55000,5490c6125d271ed47da569cb15200db4dbdc901fef45d47dccb39b2790adbfcc,1febb833c97989dec964ce4247d5bb9f7f212d0d0ffea0016b5b7d6ef9e061db,179475b8b5f1f60331c2ef36bed036328ffb8901f10573d5da34e3c145a3b99c,motion_blur,fixed,1,10000,62.94
mnist,vit_small,grayscale,training_dense_testing_sparse,dense,compact,20,0,heldout_val,55000,5490c6125d271ed47da569cb15200db4dbdc901fef45d47dccb39b2790adbfcc,1febb833c97989dec964ce4247d5bb9f7f212d0d0ffea0016b5b7d6ef9e061db,179475b8b5f1f60331c2ef36bed036328ffb8901f10573d5da34e3c145a3b99c,shear,fixed,1,10000,50.23
mnist,vit_small,grayscale,training_dense_testing_sparse,dense,compact,20,0,heldout_val,55000,5490c6125d271ed47da569cb15200db4dbdc901fef45d47dccb39b2790adbfcc,1febb833c97989dec964ce4247d5bb9f7f212d0d0ffea0016b5b7d6ef9e061db,179475b8b5f1f60331c2ef36bed036328ffb8901f10573d5da34e3c145a3b99c,scale,fixed,1,10000,69.48
mnist,vit_small,grayscale,training_dense_testing_sparse,dense,compact,20,0,heldout_val,55000,5490c6125d271ed47da569cb15200db4dbdc901fef45d47dccb39b2790adbfcc,1febb833c97989dec964ce4247d5bb9f7f212d0d0ffea0016b5b7d6ef9e061db,179475b8b5f1f60331c2ef36bed036328ffb8901f10573d5da34e3c145a3b99c,rotate,fixed,1,10000,50.44
mnist,vit_small,grayscale,training_dense_testing_sparse,dense,compact,20,0,heldout_val,55000,5490c6125d271ed47da569cb15200db4dbdc901fef45d47dccb39b2790adbfcc,1febb833c97989dec964ce4247d5bb9f7f212d0d0ffea0016b5b7d6ef9e061db,179475b8b5f1f60331c2ef36bed036328ffb8901f10573d5da34e3c145a3b99c,brightness,fixed,1,10000,11.09
mnist,vit_small,grayscale,training_dense_testing_sparse,dense,compact,20,0,heldout_val,55000,5490c6125d271ed47da569cb15200db4dbdc901fef45d47dccb39b2790adbfcc,1febb833c97989dec964ce4247d5bb9f7f212d0d0ffea0016b5b7d6ef9e061db,179475b8b5f1f60331c2ef36bed036328ffb8901f10573d5da34e3c145a3b99c,translate,fixed,1,10000,78.81
mnist,vit_small,grayscale,training_dense_testing_sparse,dense,compact,20,0,heldout_val,55000,5490c6125d271ed47da569cb15200db4dbdc901fef45d47dccb39b2790adbfcc,1febb833c97989dec964ce4247d5bb9f7f212d0d0ffea0016b5b7d6ef9e061db,179475b8b5f1f60331c2ef36bed036328ffb8901f10573d5da34e3c145a3b99c,stripe,fixed,1,10000,55.54
mnist,vit_small,grayscale,training_dense_testing_sparse,dense,compact,20,0,heldout_val,55000,5490c6125d271ed47da569cb15200db4dbdc901fef45d47dccb39b2790adbfcc,1febb833c97989dec964ce4247d5bb9f7f212d0d0ffea0016b5b7d6ef9e061db,179475b8b5f1f60331c2ef36bed036328ffb8901f10573d5da34e3c145a3b99c,fog,fixed,1,10000,51.690000000000005
mnist,vit_small,grayscale,training_dense_testing_sparse,dense,compact,20,0,heldout_val,55000,5490c6125d271ed47da569cb15200db4dbdc901fef45d47dccb39b2790adbfcc,1febb833c97989dec964ce4247d5bb9f7f212d0d0ffea0016b5b7d6ef9e061db,179475b8b5f1f60331c2ef36bed036328ffb8901f10573d5da34e3c145a3b99c,spatter,fixed,1,10000,49.019999999999996
mnist,vit_small,grayscale,training_dense_testing_sparse,dense,compact,20,0,heldout_val,55000,5490c6125d271ed47da569cb15200db4dbdc901fef45d47dccb39b2790adbfcc,1febb833c97989dec964ce4247d5bb9f7f212d0d0ffea0016b5b7d6ef9e061db,179475b8b5f1f60331c2ef36bed036328ffb8901f10573d5da34e3c145a3b99c,dotted_line,fixed,1,10000,56.16
mnist,vit_small,grayscale,training_dense_testing_sparse,dense,compact,20,0,heldout_val,55000,5490c6125d271ed47da569cb15200db4dbdc901fef45d47dccb39b2790adbfcc,1febb833c97989dec964ce4247d5bb9f7f212d0d0ffea0016b5b7d6ef9e061db,179475b8b5f1f60331c2ef36bed036328ffb8901f10573d5da34e3c145a3b99c,zigzag,fixed,1,10000,62.35999999999999
mnist,vit_small,grayscale,training_dense_testing_sparse,dense,compact,20,0,heldout_val,55000,5490c6125d271ed47da569cb15200db4dbdc901fef45d47dccb39b2790adbfcc,1febb833c97989dec964ce4247d5bb9f7f212d0d0ffea0016b5b7d6ef9e061db,179475b8b5f1f60331c2ef36bed036328ffb8901f10573d5da34e3c145a3b99c,canny_edges,fixed,1,10000,84.05
mnist,vit_small,grayscale,training_dense_testing_sparse,dense,compact,20,1,heldout_val,55000,3d089110d177edf55c5343c850e20b29b769ac886a0c5bb448eb767685910c56,10a1c020e268e60f92a50cb1a938f7e478078107b9a7dd5bcd30e3f36dd50ae6,0c043582d4fd9fa02edf865269d1ba752080dec581307de85e519181414c7951,clean,clean,1,10000,46.89
mnist,vit_small,grayscale,training_dense_testing_sparse,dense,compact,20,1,heldout_val,55000,3d089110d177edf55c5343c850e20b29b769ac886a0c5bb448eb767685910c56,10a1c020e268e60f92a50cb1a938f7e478078107b9a7dd5bcd30e3f36dd50ae6,0c043582d4fd9fa02edf865269d1ba752080dec581307de85e519181414c7951,shot_noise,fixed,1,10000,70.21
mnist,vit_small,grayscale,training_dense_testing_sparse,dense,compact,20,1,heldout_val,55000,3d089110d177edf55c5343c850e20b29b769ac886a0c5bb448eb767685910c56,10a1c020e268e60f92a50cb1a938f7e478078107b9a7dd5bcd30e3f36dd50ae6,0c043582d4fd9fa02edf865269d1ba752080dec581307de85e519181414c7951,impulse_noise,fixed,1,10000,82.78999999999999
mnist,vit_small,grayscale,training_dense_testing_sparse,dense,compact,20,1,heldout_val,55000,3d089110d177edf55c5343c850e20b29b769ac886a0c5bb448eb767685910c56,10a1c020e268e60f92a50cb1a938f7e478078107b9a7dd5bcd30e3f36dd50ae6,0c043582d4fd9fa02edf865269d1ba752080dec581307de85e519181414c7951,glass_blur,fixed,1,10000,65.46000000000001
mnist,vit_small,grayscale,training_dense_testing_sparse,dense,compact,20,1,heldout_val,55000,3d089110d177edf55c5343c850e20b29b769ac886a0c5bb448eb767685910c56,10a1c020e268e60f92a50cb1a938f7e478078107b9a7dd5bcd30e3f36dd50ae6,0c043582d4fd9fa02edf865269d1ba752080dec581307de85e519181414c7951,motion_blur,fixed,1,10000,59.5
mnist,vit_small,grayscale,training_dense_testing_sparse,dense,compact,20,1,heldout_val,55000,3d089110d177edf55c5343c850e20b29b769ac886a0c5bb448eb767685910c56,10a1c020e268e60f92a50cb1a938f7e478078107b9a7dd5bcd30e3f36dd50ae6,0c043582d4fd9fa02edf865269d1ba752080dec581307de85e519181414c7951,shear,fixed,1,10000,51.4
mnist,vit_small,grayscale,training_dense_testing_sparse,dense,compact,20,1,heldout_val,55000,3d089110d177edf55c5343c850e20b29b769ac886a0c5bb448eb767685910c56,10a1c020e268e60f92a50cb1a938f7e478078107b9a7dd5bcd30e3f36dd50ae6,0c043582d4fd9fa02edf865269d1ba752080dec581307de85e519181414c7951,scale,fixed,1,10000,69.38
mnist,vit_small,grayscale,training_dense_testing_sparse,dense,compact,20,1,heldout_val,55000,3d089110d177edf55c5343c850e20b29b769ac886a0c5bb448eb767685910c56,10a1c020e268e60f92a50cb1a938f7e478078107b9a7dd5bcd30e3f36dd50ae6,0c043582d4fd9fa02edf865269d1ba752080dec581307de85e519181414c7951,rotate,fixed,1,10000,50.370000000000005
mnist,vit_small,grayscale,training_dense_testing_sparse,dense,compact,20,1,heldout_val,55000,3d089110d177edf55c5343c850e20b29b769ac886a0c5bb448eb767685910c56,10a1c020e268e60f92a50cb1a938f7e478078107b9a7dd5bcd30e3f36dd50ae6,0c043582d4fd9fa02edf865269d1ba752080dec581307de85e519181414c7951,brightness,fixed,1,10000,15.859999999999996
mnist,vit_small,grayscale,training_dense_testing_sparse,dense,compact,20,1,heldout_val,55000,3d089110d177edf55c5343c850e20b29b769ac886a0c5bb448eb767685910c56,10a1c020e268e60f92a50cb1a938f7e478078107b9a7dd5bcd30e3f36dd50ae6,0c043582d4fd9fa02edf865269d1ba752080dec581307de85e519181414c7951,translate,fixed,1,10000,79.14999999999999
mnist,vit_small,grayscale,training_dense_testing_sparse,dense,compact,20,1,heldout_val,55000,3d089110d177edf55c5343c850e20b29b769ac886a0c5bb448eb767685910c56,10a1c020e268e60f92a50cb1a938f7e478078107b9a7dd5bcd30e3f36dd50ae6,0c043582d4fd9fa02edf865269d1ba752080dec581307de85e519181414c7951,stripe,fixed,1,10000,61.349999999999994
mnist,vit_small,grayscale,training_dense_testing_sparse,dense,compact,20,1,heldout_val,55000,3d089110d177edf55c5343c850e20b29b769ac886a0c5bb448eb767685910c56,10a1c020e268e60f92a50cb1a938f7e478078107b9a7dd5bcd30e3f36dd50ae6,0c043582d4fd9fa02edf865269d1ba752080dec581307de85e519181414c7951,fog,fixed,1,10000,44.42
mnist,vit_small,grayscale,training_dense_testing_sparse,dense,compact,20,1,heldout_val,55000,3d089110d177edf55c5343c850e20b29b769ac886a0c5bb448eb767685910c56,10a1c020e268e60f92a50cb1a938f7e478078107b9a7dd5bcd30e3f36dd50ae6,0c043582d4fd9fa02edf865269d1ba752080dec581307de85e519181414c7951,spatter,fixed,1,10000,47.550000000000004
mnist,vit_small,grayscale,training_dense_testing_sparse,dense,compact,20,1,heldout_val,55000,3d089110d177edf55c5343c850e20b29b769ac886a0c5bb448eb767685910c56,10a1c020e268e60f92a50cb1a938f7e478078107b9a7dd5bcd30e3f36dd50ae6,0c043582d4fd9fa02edf865269d1ba752080dec581307de85e519181414c7951,dotted_line,fixed,1,10000,52.849999999999994
mnist,vit_small,grayscale,training_dense_testing_sparse,dense,compact,20,1,heldout_val,55000,3d089110d177edf55c5343c850e20b29b769ac886a0c5bb448eb767685910c56,10a1c020e268e60f92a50cb1a938f7e478078107b9a7dd5bcd30e3f36dd50ae6,0c043582d4fd9fa02edf865269d1ba752080dec581307de85e519181414c7951,zigzag,fixed,1,10000,58.03
mnist,vit_small,grayscale,training_dense_testing_sparse,dense,compact,20,1,heldout_val,55000,3d089110d177edf55c5343c850e20b29b769ac886a0c5bb448eb767685910c56,10a1c020e268e60f92a50cb1a938f7e478078107b9a7dd5bcd30e3f36dd50ae6,0c043582d4fd9fa02edf865269d1ba752080dec581307de85e519181414c7951,canny_edges,fixed,1,10000,76.32
mnist,vit_small,grayscale,training_dense_testing_sparse,dense,compact,20,2,heldout_val,55000,f5f3e75749294f30eb11bb7840c2ac981ec90d801eb79282bf0a22e55b562e9c,04b23e1d894d5cd0ffacd122ef55cc5578fe60d76fbf71286f07dceb0d27c789,e6a832390c850cd02985baa89af74e5b5051e71fc8f593de29cbe32747013aef,clean,clean,1,10000,48.96
mnist,vit_small,grayscale,training_dense_testing_sparse,dense,compact,20,2,heldout_val,55000,f5f3e75749294f30eb11bb7840c2ac981ec90d801eb79282bf0a22e55b562e9c,04b23e1d894d5cd0ffacd122ef55cc5578fe60d76fbf71286f07dceb0d27c789,e6a832390c850cd02985baa89af74e5b5051e71fc8f593de29cbe32747013aef,shot_noise,fixed,1,10000,75.92
mnist,vit_small,grayscale,training_dense_testing_sparse,dense,compact,20,2,heldout_val,55000,f5f3e75749294f30eb11bb7840c2ac981ec90d801eb79282bf0a22e55b562e9c,04b23e1d894d5cd0ffacd122ef55cc5578fe60d76fbf71286f07dceb0d27c789,e6a832390c850cd02985baa89af74e5b5051e71fc8f593de29cbe32747013aef,impulse_noise,fixed,1,10000,82.69999999999999
mnist,vit_small,grayscale,training_dense_testing_sparse,dense,compact,20,2,heldout_val,55000,f5f3e75749294f30eb11bb7840c2ac981ec90d801eb79282bf0a22e55b562e9c,04b23e1d894d5cd0ffacd122ef55cc5578fe60d76fbf71286f07dceb0d27c789,e6a832390c850cd02985baa89af74e5b5051e71fc8f593de29cbe32747013aef,glass_blur,fixed,1,10000,72.15
mnist,vit_small,grayscale,training_dense_testing_sparse,dense,compact,20,2,heldout_val,55000,f5f3e75749294f30eb11bb7840c2ac981ec90d801eb79282bf0a22e55b562e9c,04b23e1d894d5cd0ffacd122ef55cc5578fe60d76fbf71286f07dceb0d27c789,e6a832390c850cd02985baa89af74e5b5051e71fc8f593de29cbe32747013aef,motion_blur,fixed,1,10000,60.85
mnist,vit_small,grayscale,training_dense_testing_sparse,dense,compact,20,2,heldout_val,55000,f5f3e75749294f30eb11bb7840c2ac981ec90d801eb79282bf0a22e55b562e9c,04b23e1d894d5cd0ffacd122ef55cc5578fe60d76fbf71286f07dceb0d27c789,e6a832390c850cd02985baa89af74e5b5051e71fc8f593de29cbe32747013aef,shear,fixed,1,10000,49.61
mnist,vit_small,grayscale,training_dense_testing_sparse,dense,compact,20,2,heldout_val,55000,f5f3e75749294f30eb11bb7840c2ac981ec90d801eb79282bf0a22e55b562e9c,04b23e1d894d5cd0ffacd122ef55cc5578fe60d76fbf71286f07dceb0d27c789,e6a832390c850cd02985baa89af74e5b5051e71fc8f593de29cbe32747013aef,scale,fixed,1,10000,71.31
mnist,vit_small,grayscale,training_dense_testing_sparse,dense,compact,20,2,heldout_val,55000,f5f3e75749294f30eb11bb7840c2ac981ec90d801eb79282bf0a22e55b562e9c,04b23e1d894d5cd0ffacd122ef55cc5578fe60d76fbf71286f07dceb0d27c789,e6a832390c850cd02985baa89af74e5b5051e71fc8f593de29cbe32747013aef,rotate,fixed,1,10000,48.6
mnist,vit_small,grayscale,training_dense_testing_sparse,dense,compact,20,2,heldout_val,55000,f5f3e75749294f30eb11bb7840c2ac981ec90d801eb79282bf0a22e55b562e9c,04b23e1d894d5cd0ffacd122ef55cc5578fe60d76fbf71286f07dceb0d27c789,e6a832390c850cd02985baa89af74e5b5051e71fc8f593de29cbe32747013aef,brightness,fixed,1,10000,11.880000000000003
mnist,vit_small,grayscale,training_dense_testing_sparse,dense,compact,20,2,heldout_val,55000,f5f3e75749294f30eb11bb7840c2ac981ec90d801eb79282bf0a22e55b562e9c,04b23e1d894d5cd0ffacd122ef55cc5578fe60d76fbf71286f07dceb0d27c789,e6a832390c850cd02985baa89af74e5b5051e71fc8f593de29cbe32747013aef,translate,fixed,1,10000,82.05
mnist,vit_small,grayscale,training_dense_testing_sparse,dense,compact,20,2,heldout_val,55000,f5f3e75749294f30eb11bb7840c2ac981ec90d801eb79282bf0a22e55b562e9c,04b23e1d894d5cd0ffacd122ef55cc5578fe60d76fbf71286f07dceb0d27c789,e6a832390c850cd02985baa89af74e5b5051e71fc8f593de29cbe32747013aef,stripe,fixed,1,10000,67.07000000000001
mnist,vit_small,grayscale,training_dense_testing_sparse,dense,compact,20,2,heldout_val,55000,f5f3e75749294f30eb11bb7840c2ac981ec90d801eb79282bf0a22e55b562e9c,04b23e1d894d5cd0ffacd122ef55cc5578fe60d76fbf71286f07dceb0d27c789,e6a832390c850cd02985baa89af74e5b5051e71fc8f593de29cbe32747013aef,fog,fixed,1,10000,59.54999999999999
mnist,vit_small,grayscale,training_dense_testing_sparse,dense,compact,20,2,heldout_val,55000,f5f3e75749294f30eb11bb7840c2ac981ec90d801eb79282bf0a22e55b562e9c,04b23e1d894d5cd0ffacd122ef55cc5578fe60d76fbf71286f07dceb0d27c789,e6a832390c850cd02985baa89af74e5b5051e71fc8f593de29cbe32747013aef,spatter,fixed,1,10000,47.73
mnist,vit_small,grayscale,training_dense_testing_sparse,dense,compact,20,2,heldout_val,55000,f5f3e75749294f30eb11bb7840c2ac981ec90d801eb79282bf0a22e55b562e9c,04b23e1d894d5cd0ffacd122ef55cc5578fe60d76fbf71286f07dceb0d27c789,e6a832390c850cd02985baa89af74e5b5051e71fc8f593de29cbe32747013aef,dotted_line,fixed,1,10000,55.43
mnist,vit_small,grayscale,training_dense_testing_sparse,dense,compact,20,2,heldout_val,55000,f5f3e75749294f30eb11bb7840c2ac981ec90d801eb79282bf0a22e55b562e9c,04b23e1d894d5cd0ffacd122ef55cc5578fe60d76fbf71286f07dceb0d27c789,e6a832390c850cd02985baa89af74e5b5051e71fc8f593de29cbe32747013aef,zigzag,fixed,1,10000,63.12
mnist,vit_small,grayscale,training_dense_testing_sparse,dense,compact,20,2,heldout_val,55000,f5f3e75749294f30eb11bb7840c2ac981ec90d801eb79282bf0a22e55b562e9c,04b23e1d894d5cd0ffacd122ef55cc5578fe60d76fbf71286f07dceb0d27c789,e6a832390c850cd02985baa89af74e5b5051e71fc8f593de29cbe32747013aef,canny_edges,fixed,1,10000,83.56
mnist,swin_tiny,grayscale,training_dense_testing_sparse,dense,compact,30,0,heldout_val,55000,e315579fc65c74a6a2ac4be836b0808030fc8847c8571d2dea8ce9e2e151a652,473ed25a586e0ea8fb93e4fadfcfd4e7e18bde623e0f22701c184b2da680520b,b5ba882ee04e81c45232c4005e9a820b60c8b46fc9026b6949f38be5e12dae2b,clean,clean,1,10000,6.540000000000001
mnist,swin_tiny,grayscale,training_dense_testing_sparse,dense,compact,30,0,heldout_val,55000,e315579fc65c74a6a2ac4be836b0808030fc8847c8571d2dea8ce9e2e151a652,473ed25a586e0ea8fb93e4fadfcfd4e7e18bde623e0f22701c184b2da680520b,b5ba882ee04e81c45232c4005e9a820b60c8b46fc9026b6949f38be5e12dae2b,shot_noise,fixed,1,10000,27.41
mnist,swin_tiny,grayscale,training_dense_testing_sparse,dense,compact,30,0,heldout_val,55000,e315579fc65c74a6a2ac4be836b0808030fc8847c8571d2dea8ce9e2e151a652,473ed25a586e0ea8fb93e4fadfcfd4e7e18bde623e0f22701c184b2da680520b,b5ba882ee04e81c45232c4005e9a820b60c8b46fc9026b6949f38be5e12dae2b,impulse_noise,fixed,1,10000,62.519999999999996
mnist,swin_tiny,grayscale,training_dense_testing_sparse,dense,compact,30,0,heldout_val,55000,e315579fc65c74a6a2ac4be836b0808030fc8847c8571d2dea8ce9e2e151a652,473ed25a586e0ea8fb93e4fadfcfd4e7e18bde623e0f22701c184b2da680520b,b5ba882ee04e81c45232c4005e9a820b60c8b46fc9026b6949f38be5e12dae2b,glass_blur,fixed,1,10000,39.23
mnist,swin_tiny,grayscale,training_dense_testing_sparse,dense,compact,30,0,heldout_val,55000,e315579fc65c74a6a2ac4be836b0808030fc8847c8571d2dea8ce9e2e151a652,473ed25a586e0ea8fb93e4fadfcfd4e7e18bde623e0f22701c184b2da680520b,b5ba882ee04e81c45232c4005e9a820b60c8b46fc9026b6949f38be5e12dae2b,motion_blur,fixed,1,10000,14.529999999999998
mnist,swin_tiny,grayscale,training_dense_testing_sparse,dense,compact,30,0,heldout_val,55000,e315579fc65c74a6a2ac4be836b0808030fc8847c8571d2dea8ce9e2e151a652,473ed25a586e0ea8fb93e4fadfcfd4e7e18bde623e0f22701c184b2da680520b,b5ba882ee04e81c45232c4005e9a820b60c8b46fc9026b6949f38be5e12dae2b,shear,fixed,1,10000,12.870000000000005
mnist,swin_tiny,grayscale,training_dense_testing_sparse,dense,compact,30,0,heldout_val,55000,e315579fc65c74a6a2ac4be836b0808030fc8847c8571d2dea8ce9e2e151a652,473ed25a586e0ea8fb93e4fadfcfd4e7e18bde623e0f22701c184b2da680520b,b5ba882ee04e81c45232c4005e9a820b60c8b46fc9026b6949f38be5e12dae2b,scale,fixed,1,10000,25.249999999999993
mnist,swin_tiny,grayscale,training_dense_testing_sparse,dense,compact,30,0,heldout_val,55000,e315579fc65c74a6a2ac4be836b0808030fc8847c8571d2dea8ce9e2e151a652,473ed25a586e0ea8fb93e4fadfcfd4e7e18bde623e0f22701c184b2da680520b,b5ba882ee04e81c45232c4005e9a820b60c8b46fc9026b6949f38be5e12dae2b,rotate,fixed,1,10000,19.740000000000002
mnist,swin_tiny,grayscale,training_dense_testing_sparse,dense,compact,30,0,heldout_val,55000,e315579fc65c74a6a2ac4be836b0808030fc8847c8571d2dea8ce9e2e151a652,473ed25a586e0ea8fb93e4fadfcfd4e7e18bde623e0f22701c184b2da680520b,b5ba882ee04e81c45232c4005e9a820b60c8b46fc9026b6949f38be5e12dae2b,brightness,fixed,1,10000,56.169999999999995
mnist,swin_tiny,grayscale,training_dense_testing_sparse,dense,compact,30,0,heldout_val,55000,e315579fc65c74a6a2ac4be836b0808030fc8847c8571d2dea8ce9e2e151a652,473ed25a586e0ea8fb93e4fadfcfd4e7e18bde623e0f22701c184b2da680520b,b5ba882ee04e81c45232c4005e9a820b60c8b46fc9026b6949f38be5e12dae2b,translate,fixed,1,10000,66.72
mnist,swin_tiny,grayscale,training_dense_testing_sparse,dense,compact,30,0,heldout_val,55000,e315579fc65c74a6a2ac4be836b0808030fc8847c8571d2dea8ce9e2e151a652,473ed25a586e0ea8fb93e4fadfcfd4e7e18bde623e0f22701c184b2da680520b,b5ba882ee04e81c45232c4005e9a820b60c8b46fc9026b6949f38be5e12dae2b,stripe,fixed,1,10000,52.0
mnist,swin_tiny,grayscale,training_dense_testing_sparse,dense,compact,30,0,heldout_val,55000,e315579fc65c74a6a2ac4be836b0808030fc8847c8571d2dea8ce9e2e151a652,473ed25a586e0ea8fb93e4fadfcfd4e7e18bde623e0f22701c184b2da680520b,b5ba882ee04e81c45232c4005e9a820b60c8b46fc9026b6949f38be5e12dae2b,fog,fixed,1,10000,53.339999999999996
mnist,swin_tiny,grayscale,training_dense_testing_sparse,dense,compact,30,0,heldout_val,55000,e315579fc65c74a6a2ac4be836b0808030fc8847c8571d2dea8ce9e2e151a652,473ed25a586e0ea8fb93e4fadfcfd4e7e18bde623e0f22701c184b2da680520b,b5ba882ee04e81c45232c4005e9a820b60c8b46fc9026b6949f38be5e12dae2b,spatter,fixed,1,10000,40.510000000000005
mnist,swin_tiny,grayscale,training_dense_testing_sparse,dense,compact,30,0,heldout_val,55000,e315579fc65c74a6a2ac4be836b0808030fc8847c8571d2dea8ce9e2e151a652,473ed25a586e0ea8fb93e4fadfcfd4e7e18bde623e0f22701c184b2da680520b,b5ba882ee04e81c45232c4005e9a820b60c8b46fc9026b6949f38be5e12dae2b,dotted_line,fixed,1,10000,17.910000000000004
mnist,swin_tiny,grayscale,training_dense_testing_sparse,dense,compact,30,0,heldout_val,55000,e315579fc65c74a6a2ac4be836b0808030fc8847c8571d2dea8ce9e2e151a652,473ed25a586e0ea8fb93e4fadfcfd4e7e18bde623e0f22701c184b2da680520b,b5ba882ee04e81c45232c4005e9a820b60c8b46fc9026b6949f38be5e12dae2b,zigzag,fixed,1,10000,30.64
mnist,swin_tiny,grayscale,training_dense_testing_sparse,dense,compact,30,0,heldout_val,55000,e315579fc65c74a6a2ac4be836b0808030fc8847c8571d2dea8ce9e2e151a652,473ed25a586e0ea8fb93e4fadfcfd4e7e18bde623e0f22701c184b2da680520b,b5ba882ee04e81c45232c4005e9a820b60c8b46fc9026b6949f38be5e12dae2b,canny_edges,fixed,1,10000,32.940000000000005
mnist,swin_tiny,grayscale,training_dense_testing_sparse,dense,compact,30,1,heldout_val,55000,50ae6ef6de18e47c3391be16729649ecb074913fa3f992261b95b6eb76fa9d25,3c122f0fd1faf70a5670d3c6526b0c7197dc73ded514139a3796e6045a6fb776,e6e682f99e0eee247ebb254b29f3eb44b9362a5a7ef446abce3bc043a51997fe,clean,clean,1,10000,12.3
mnist,swin_tiny,grayscale,training_dense_testing_sparse,dense,compact,30,1,heldout_val,55000,50ae6ef6de18e47c3391be16729649ecb074913fa3f992261b95b6eb76fa9d25,3c122f0fd1faf70a5670d3c6526b0c7197dc73ded514139a3796e6045a6fb776,e6e682f99e0eee247ebb254b29f3eb44b9362a5a7ef446abce3bc043a51997fe,shot_noise,fixed,1,10000,31.869999999999997
mnist,swin_tiny,grayscale,training_dense_testing_sparse,dense,compact,30,1,heldout_val,55000,50ae6ef6de18e47c3391be16729649ecb074913fa3f992261b95b6eb76fa9d25,3c122f0fd1faf70a5670d3c6526b0c7197dc73ded514139a3796e6045a6fb776,e6e682f99e0eee247ebb254b29f3eb44b9362a5a7ef446abce3bc043a51997fe,impulse_noise,fixed,1,10000,68.29
mnist,swin_tiny,grayscale,training_dense_testing_sparse,dense,compact,30,1,heldout_val,55000,50ae6ef6de18e47c3391be16729649ecb074913fa3f992261b95b6eb76fa9d25,3c122f0fd1faf70a5670d3c6526b0c7197dc73ded514139a3796e6045a6fb776,e6e682f99e0eee247ebb254b29f3eb44b9362a5a7ef446abce3bc043a51997fe,glass_blur,fixed,1,10000,41.2
mnist,swin_tiny,grayscale,training_dense_testing_sparse,dense,compact,30,1,heldout_val,55000,50ae6ef6de18e47c3391be16729649ecb074913fa3f992261b95b6eb76fa9d25,3c122f0fd1faf70a5670d3c6526b0c7197dc73ded514139a3796e6045a6fb776,e6e682f99e0eee247ebb254b29f3eb44b9362a5a7ef446abce3bc043a51997fe,motion_blur,fixed,1,10000,17.36
mnist,swin_tiny,grayscale,training_dense_testing_sparse,dense,compact,30,1,heldout_val,55000,50ae6ef6de18e47c3391be16729649ecb074913fa3f992261b95b6eb76fa9d25,3c122f0fd1faf70a5670d3c6526b0c7197dc73ded514139a3796e6045a6fb776,e6e682f99e0eee247ebb254b29f3eb44b9362a5a7ef446abce3bc043a51997fe,shear,fixed,1,10000,17.400000000000006
mnist,swin_tiny,grayscale,training_dense_testing_sparse,dense,compact,30,1,heldout_val,55000,50ae6ef6de18e47c3391be16729649ecb074913fa3f992261b95b6eb76fa9d25,3c122f0fd1faf70a5670d3c6526b0c7197dc73ded514139a3796e6045a6fb776,e6e682f99e0eee247ebb254b29f3eb44b9362a5a7ef446abce3bc043a51997fe,scale,fixed,1,10000,28.879999999999995
mnist,swin_tiny,grayscale,training_dense_testing_sparse,dense,compact,30,1,heldout_val,55000,50ae6ef6de18e47c3391be16729649ecb074913fa3f992261b95b6eb76fa9d25,3c122f0fd1faf70a5670d3c6526b0c7197dc73ded514139a3796e6045a6fb776,e6e682f99e0eee247ebb254b29f3eb44b9362a5a7ef446abce3bc043a51997fe,rotate,fixed,1,10000,23.029999999999994
mnist,swin_tiny,grayscale,training_dense_testing_sparse,dense,compact,30,1,heldout_val,55000,50ae6ef6de18e47c3391be16729649ecb074913fa3f992261b95b6eb76fa9d25,3c122f0fd1faf70a5670d3c6526b0c7197dc73ded514139a3796e6045a6fb776,e6e682f99e0eee247ebb254b29f3eb44b9362a5a7ef446abce3bc043a51997fe,brightness,fixed,1,10000,45.56
mnist,swin_tiny,grayscale,training_dense_testing_sparse,dense,compact,30,1,heldout_val,55000,50ae6ef6de18e47c3391be16729649ecb074913fa3f992261b95b6eb76fa9d25,3c122f0fd1faf70a5670d3c6526b0c7197dc73ded514139a3796e6045a6fb776,e6e682f99e0eee247ebb254b29f3eb44b9362a5a7ef446abce3bc043a51997fe,translate,fixed,1,10000,65.41
mnist,swin_tiny,grayscale,training_dense_testing_sparse,dense,compact,30,1,heldout_val,55000,50ae6ef6de18e47c3391be16729649ecb074913fa3f992261b95b6eb76fa9d25,3c122f0fd1faf70a5670d3c6526b0c7197dc73ded514139a3796e6045a6fb776,e6e682f99e0eee247ebb254b29f3eb44b9362a5a7ef446abce3bc043a51997fe,stripe,fixed,1,10000,49.73
mnist,swin_tiny,grayscale,training_dense_testing_sparse,dense,compact,30,1,heldout_val,55000,50ae6ef6de18e47c3391be16729649ecb074913fa3f992261b95b6eb76fa9d25,3c122f0fd1faf70a5670d3c6526b0c7197dc73ded514139a3796e6045a6fb776,e6e682f99e0eee247ebb254b29f3eb44b9362a5a7ef446abce3bc043a51997fe,fog,fixed,1,10000,38.85999999999999
mnist,swin_tiny,grayscale,training_dense_testing_sparse,dense,compact,30,1,heldout_val,55000,50ae6ef6de18e47c3391be16729649ecb074913fa3f992261b95b6eb76fa9d25,3c122f0fd1faf70a5670d3c6526b0c7197dc73ded514139a3796e6045a6fb776,e6e682f99e0eee247ebb254b29f3eb44b9362a5a7ef446abce3bc043a51997fe,spatter,fixed,1,10000,41.53
mnist,swin_tiny,grayscale,training_dense_testing_sparse,dense,compact,30,1,heldout_val,55000,50ae6ef6de18e47c3391be16729649ecb074913fa3f992261b95b6eb76fa9d25,3c122f0fd1faf70a5670d3c6526b0c7197dc73ded514139a3796e6045a6fb776,e6e682f99e0eee247ebb254b29f3eb44b9362a5a7ef446abce3bc043a51997fe,dotted_line,fixed,1,10000,24.860000000000003
mnist,swin_tiny,grayscale,training_dense_testing_sparse,dense,compact,30,1,heldout_val,55000,50ae6ef6de18e47c3391be16729649ecb074913fa3f992261b95b6eb76fa9d25,3c122f0fd1faf70a5670d3c6526b0c7197dc73ded514139a3796e6045a6fb776,e6e682f99e0eee247ebb254b29f3eb44b9362a5a7ef446abce3bc043a51997fe,zigzag,fixed,1,10000,34.25
mnist,swin_tiny,grayscale,training_dense_testing_sparse,dense,compact,30,1,heldout_val,55000,50ae6ef6de18e47c3391be16729649ecb074913fa3f992261b95b6eb76fa9d25,3c122f0fd1faf70a5670d3c6526b0c7197dc73ded514139a3796e6045a6fb776,e6e682f99e0eee247ebb254b29f3eb44b9362a5a7ef446abce3bc043a51997fe,canny_edges,fixed,1,10000,36.31999999999999
mnist,swin_tiny,grayscale,training_dense_testing_sparse,dense,compact,30,2,heldout_val,55000,2bab1eeec20c4c87616e216b866152426c77c79d62059c54f29677697c66ebeb,b0393e9d1c0e15b51559e628483e2ed496574409f6794199f61ad346d461af16,d702f30cdbb4eec392ad0ecc9abc4f74a4b031dc4dd9bd08fa1670b553a83e7d,clean,clean,1,10000,10.199999999999998
mnist,swin_tiny,grayscale,training_dense_testing_sparse,dense,compact,30,2,heldout_val,55000,2bab1eeec20c4c87616e216b866152426c77c79d62059c54f29677697c66ebeb,b0393e9d1c0e15b51559e628483e2ed496574409f6794199f61ad346d461af16,d702f30cdbb4eec392ad0ecc9abc4f74a4b031dc4dd9bd08fa1670b553a83e7d,shot_noise,fixed,1,10000,34.27
mnist,swin_tiny,grayscale,training_dense_testing_sparse,dense,compact,30,2,heldout_val,55000,2bab1eeec20c4c87616e216b866152426c77c79d62059c54f29677697c66ebeb,b0393e9d1c0e15b51559e628483e2ed496574409f6794199f61ad346d461af16,d702f30cdbb4eec392ad0ecc9abc4f74a4b031dc4dd9bd08fa1670b553a83e7d,impulse_noise,fixed,1,10000,61.03000000000001
mnist,swin_tiny,grayscale,training_dense_testing_sparse,dense,compact,30,2,heldout_val,55000,2bab1eeec20c4c87616e216b866152426c77c79d62059c54f29677697c66ebeb,b0393e9d1c0e15b51559e628483e2ed496574409f6794199f61ad346d461af16,d702f30cdbb4eec392ad0ecc9abc4f74a4b031dc4dd9bd08fa1670b553a83e7d,glass_blur,fixed,1,10000,39.57000000000001
mnist,swin_tiny,grayscale,training_dense_testing_sparse,dense,compact,30,2,heldout_val,55000,2bab1eeec20c4c87616e216b866152426c77c79d62059c54f29677697c66ebeb,b0393e9d1c0e15b51559e628483e2ed496574409f6794199f61ad346d461af16,d702f30cdbb4eec392ad0ecc9abc4f74a4b031dc4dd9bd08fa1670b553a83e7d,motion_blur,fixed,1,10000,15.22
mnist,swin_tiny,grayscale,training_dense_testing_sparse,dense,compact,30,2,heldout_val,55000,2bab1eeec20c4c87616e216b866152426c77c79d62059c54f29677697c66ebeb,b0393e9d1c0e15b51559e628483e2ed496574409f6794199f61ad346d461af16,d702f30cdbb4eec392ad0ecc9abc4f74a4b031dc4dd9bd08fa1670b553a83e7d,shear,fixed,1,10000,16.059999999999995
mnist,swin_tiny,grayscale,training_dense_testing_sparse,dense,compact,30,2,heldout_val,55000,2bab1eeec20c4c87616e216b866152426c77c79d62059c54f29677697c66ebeb,b0393e9d1c0e15b51559e628483e2ed496574409f6794199f61ad346d461af16,d702f30cdbb4eec392ad0ecc9abc4f74a4b031dc4dd9bd08fa1670b553a83e7d,scale,fixed,1,10000,36.71
mnist,swin_tiny,grayscale,training_dense_testing_sparse,dense,compact,30,2,heldout_val,55000,2bab1eeec20c4c87616e216b866152426c77c79d62059c54f29677697c66ebeb,b0393e9d1c0e15b51559e628483e2ed496574409f6794199f61ad346d461af16,d702f30cdbb4eec392ad0ecc9abc4f74a4b031dc4dd9bd08fa1670b553a83e7d,rotate,fixed,1,10000,22.89
mnist,swin_tiny,grayscale,training_dense_testing_sparse,dense,compact,30,2,heldout_val,55000,2bab1eeec20c4c87616e216b866152426c77c79d62059c54f29677697c66ebeb,b0393e9d1c0e15b51559e628483e2ed496574409f6794199f61ad346d461af16,d702f30cdbb4eec392ad0ecc9abc4f74a4b031dc4dd9bd08fa1670b553a83e7d,brightness,fixed,1,10000,45.58
mnist,swin_tiny,grayscale,training_dense_testing_sparse,dense,compact,30,2,heldout_val,55000,2bab1eeec20c4c87616e216b866152426c77c79d62059c54f29677697c66ebeb,b0393e9d1c0e15b51559e628483e2ed496574409f6794199f61ad346d461af16,d702f30cdbb4eec392ad0ecc9abc4f74a4b031dc4dd9bd08fa1670b553a83e7d,translate,fixed,1,10000,67.45
mnist,swin_tiny,grayscale,training_dense_testing_sparse,dense,compact,30,2,heldout_val,55000,2bab1eeec20c4c87616e216b866152426c77c79d62059c54f29677697c66ebeb,b0393e9d1c0e15b51559e628483e2ed496574409f6794199f61ad346d461af16,d702f30cdbb4eec392ad0ecc9abc4f74a4b031dc4dd9bd08fa1670b553a83e7d,stripe,fixed,1,10000,42.92
mnist,swin_tiny,grayscale,training_dense_testing_sparse,dense,compact,30,2,heldout_val,55000,2bab1eeec20c4c87616e216b866152426c77c79d62059c54f29677697c66ebeb,b0393e9d1c0e15b51559e628483e2ed496574409f6794199f61ad346d461af16,d702f30cdbb4eec392ad0ecc9abc4f74a4b031dc4dd9bd08fa1670b553a83e7d,fog,fixed,1,10000,40.61
mnist,swin_tiny,grayscale,training_dense_testing_sparse,dense,compact,30,2,heldout_val,55000,2bab1eeec20c4c87616e216b866152426c77c79d62059c54f29677697c66ebeb,b0393e9d1c0e15b51559e628483e2ed496574409f6794199f61ad346d461af16,d702f30cdbb4eec392ad0ecc9abc4f74a4b031dc4dd9bd08fa1670b553a83e7d,spatter,fixed,1,10000,44.95
mnist,swin_tiny,grayscale,training_dense_testing_sparse,dense,compact,30,2,heldout_val,55000,2bab1eeec20c4c87616e216b866152426c77c79d62059c54f29677697c66ebeb,b0393e9d1c0e15b51559e628483e2ed496574409f6794199f61ad346d461af16,d702f30cdbb4eec392ad0ecc9abc4f74a4b031dc4dd9bd08fa1670b553a83e7d,dotted_line,fixed,1,10000,23.209999999999997
mnist,swin_tiny,grayscale,training_dense_testing_sparse,dense,compact,30,2,heldout_val,55000,2bab1eeec20c4c87616e216b866152426c77c79d62059c54f29677697c66ebeb,b0393e9d1c0e15b51559e628483e2ed496574409f6794199f61ad346d461af16,d702f30cdbb4eec392ad0ecc9abc4f74a4b031dc4dd9bd08fa1670b553a83e7d,zigzag,fixed,1,10000,31.36
mnist,swin_tiny,grayscale,training_dense_testing_sparse,dense,compact,30,2,heldout_val,55000,2bab1eeec20c4c87616e216b866152426c77c79d62059c54f29677697c66ebeb,b0393e9d1c0e15b51559e628483e2ed496574409f6794199f61ad346d461af16,d702f30cdbb4eec392ad0ecc9abc4f74a4b031dc4dd9bd08fa1670b553a83e7d,canny_edges,fixed,1,10000,41.279999999999994
mnist,vit_small,grayscale,training_dense_testing_sparse,dense,compact,30,0,heldout_val,55000,99aaaa80112afbfb822fbdcc651caa3877ca3772d3fb99eeb0e68a251781a42b,1febb833c97989dec964ce4247d5bb9f7f212d0d0ffea0016b5b7d6ef9e061db,179475b8b5f1f60331c2ef36bed036328ffb8901f10573d5da34e3c145a3b99c,clean,clean,1,10000,49.89
mnist,vit_small,grayscale,training_dense_testing_sparse,dense,compact,30,0,heldout_val,55000,99aaaa80112afbfb822fbdcc651caa3877ca3772d3fb99eeb0e68a251781a42b,1febb833c97989dec964ce4247d5bb9f7f212d0d0ffea0016b5b7d6ef9e061db,179475b8b5f1f60331c2ef36bed036328ffb8901f10573d5da34e3c145a3b99c,shot_noise,fixed,1,10000,77.7
mnist,vit_small,grayscale,training_dense_testing_sparse,dense,compact,30,0,heldout_val,55000,99aaaa80112afbfb822fbdcc651caa3877ca3772d3fb99eeb0e68a251781a42b,1febb833c97989dec964ce4247d5bb9f7f212d0d0ffea0016b5b7d6ef9e061db,179475b8b5f1f60331c2ef36bed036328ffb8901f10573d5da34e3c145a3b99c,impulse_noise,fixed,1,10000,83.26
mnist,vit_small,grayscale,training_dense_testing_sparse,dense,compact,30,0,heldout_val,55000,99aaaa80112afbfb822fbdcc651caa3877ca3772d3fb99eeb0e68a251781a42b,1febb833c97989dec964ce4247d5bb9f7f212d0d0ffea0016b5b7d6ef9e061db,179475b8b5f1f60331c2ef36bed036328ffb8901f10573d5da34e3c145a3b99c,glass_blur,fixed,1,10000,65.96
mnist,vit_small,grayscale,training_dense_testing_sparse,dense,compact,30,0,heldout_val,55000,99aaaa80112afbfb822fbdcc651caa3877ca3772d3fb99eeb0e68a251781a42b,1febb833c97989dec964ce4247d5bb9f7f212d0d0ffea0016b5b7d6ef9e061db,179475b8b5f1f60331c2ef36bed036328ffb8901f10573d5da34e3c145a3b99c,motion_blur,fixed,1,10000,62.94
mnist,vit_small,grayscale,training_dense_testing_sparse,dense,compact,30,0,heldout_val,55000,99aaaa80112afbfb822fbdcc651caa3877ca3772d3fb99eeb0e68a251781a42b,1febb833c97989dec964ce4247d5bb9f7f212d0d0ffea0016b5b7d6ef9e061db,179475b8b5f1f60331c2ef36bed036328ffb8901f10573d5da34e3c145a3b99c,shear,fixed,1,10000,50.23
mnist,vit_small,grayscale,training_dense_testing_sparse,dense,compact,30,0,heldout_val,55000,99aaaa80112afbfb822fbdcc651caa3877ca3772d3fb99eeb0e68a251781a42b,1febb833c97989dec964ce4247d5bb9f7f212d0d0ffea0016b5b7d6ef9e061db,179475b8b5f1f60331c2ef36bed036328ffb8901f10573d5da34e3c145a3b99c,scale,fixed,1,10000,69.48
mnist,vit_small,grayscale,training_dense_testing_sparse,dense,compact,30,0,heldout_val,55000,99aaaa80112afbfb822fbdcc651caa3877ca3772d3fb99eeb0e68a251781a42b,1febb833c97989dec964ce4247d5bb9f7f212d0d0ffea0016b5b7d6ef9e061db,179475b8b5f1f60331c2ef36bed036328ffb8901f10573d5da34e3c145a3b99c,rotate,fixed,1,10000,50.44
mnist,vit_small,grayscale,training_dense_testing_sparse,dense,compact,30,0,heldout_val,55000,99aaaa80112afbfb822fbdcc651caa3877ca3772d3fb99eeb0e68a251781a42b,1febb833c97989dec964ce4247d5bb9f7f212d0d0ffea0016b5b7d6ef9e061db,179475b8b5f1f60331c2ef36bed036328ffb8901f10573d5da34e3c145a3b99c,brightness,fixed,1,10000,22.919999999999995
mnist,vit_small,grayscale,training_dense_testing_sparse,dense,compact,30,0,heldout_val,55000,99aaaa80112afbfb822fbdcc651caa3877ca3772d3fb99eeb0e68a251781a42b,1febb833c97989dec964ce4247d5bb9f7f212d0d0ffea0016b5b7d6ef9e061db,179475b8b5f1f60331c2ef36bed036328ffb8901f10573d5da34e3c145a3b99c,translate,fixed,1,10000,78.81
mnist,vit_small,grayscale,training_dense_testing_sparse,dense,compact,30,0,heldout_val,55000,99aaaa80112afbfb822fbdcc651caa3877ca3772d3fb99eeb0e68a251781a42b,1febb833c97989dec964ce4247d5bb9f7f212d0d0ffea0016b5b7d6ef9e061db,179475b8b5f1f60331c2ef36bed036328ffb8901f10573d5da34e3c145a3b99c,stripe,fixed,1,10000,63.17999999999999
mnist,vit_small,grayscale,training_dense_testing_sparse,dense,compact,30,0,heldout_val,55000,99aaaa80112afbfb822fbdcc651caa3877ca3772d3fb99eeb0e68a251781a42b,1febb833c97989dec964ce4247d5bb9f7f212d0d0ffea0016b5b7d6ef9e061db,179475b8b5f1f60331c2ef36bed036328ffb8901f10573d5da34e3c145a3b99c,fog,fixed,1,10000,53.17000000000001
mnist,vit_small,grayscale,training_dense_testing_sparse,dense,compact,30,0,heldout_val,55000,99aaaa80112afbfb822fbdcc651caa3877ca3772d3fb99eeb0e68a251781a42b,1febb833c97989dec964ce4247d5bb9f7f212d0d0ffea0016b5b7d6ef9e061db,179475b8b5f1f60331c2ef36bed036328ffb8901f10573d5da34e3c145a3b99c,spatter,fixed,1,10000,49.03999999999999
mnist,vit_small,grayscale,training_dense_testing_sparse,dense,compact,30,0,heldout_val,55000,99aaaa80112afbfb822fbdcc651caa3877ca3772d3fb99eeb0e68a251781a42b,1febb833c97989dec964ce4247d5bb9f7f212d0d0ffea0016b5b7d6ef9e061db,179475b8b5f1f60331c2ef36bed036328ffb8901f10573d5da34e3c145a3b99c,dotted_line,fixed,1,10000,56.16
mnist,vit_small,grayscale,training_dense_testing_sparse,dense,compact,30,0,heldout_val,55000,99aaaa80112afbfb822fbdcc651caa3877ca3772d3fb99eeb0e68a251781a42b,1febb833c97989dec964ce4247d5bb9f7f212d0d0ffea0016b5b7d6ef9e061db,179475b8b5f1f60331c2ef36bed036328ffb8901f10573d5da34e3c145a3b99c,zigzag,fixed,1,10000,62.35999999999999
mnist,vit_small,grayscale,training_dense_testing_sparse,dense,compact,30,0,heldout_val,55000,99aaaa80112afbfb822fbdcc651caa3877ca3772d3fb99eeb0e68a251781a42b,1febb833c97989dec964ce4247d5bb9f7f212d0d0ffea0016b5b7d6ef9e061db,179475b8b5f1f60331c2ef36bed036328ffb8901f10573d5da34e3c145a3b99c,canny_edges,fixed,1,10000,84.05
mnist,vit_small,grayscale,training_dense_testing_sparse,dense,compact,30,1,heldout_val,55000,9c6618bb17ce19608d1df0b9f4f45f4e698bf5d7982458b01ba1e3a688ee20b4,10a1c020e268e60f92a50cb1a938f7e478078107b9a7dd5bcd30e3f36dd50ae6,0c043582d4fd9fa02edf865269d1ba752080dec581307de85e519181414c7951,clean,clean,1,10000,46.89
mnist,vit_small,grayscale,training_dense_testing_sparse,dense,compact,30,1,heldout_val,55000,9c6618bb17ce19608d1df0b9f4f45f4e698bf5d7982458b01ba1e3a688ee20b4,10a1c020e268e60f92a50cb1a938f7e478078107b9a7dd5bcd30e3f36dd50ae6,0c043582d4fd9fa02edf865269d1ba752080dec581307de85e519181414c7951,shot_noise,fixed,1,10000,70.21
mnist,vit_small,grayscale,training_dense_testing_sparse,dense,compact,30,1,heldout_val,55000,9c6618bb17ce19608d1df0b9f4f45f4e698bf5d7982458b01ba1e3a688ee20b4,10a1c020e268e60f92a50cb1a938f7e478078107b9a7dd5bcd30e3f36dd50ae6,0c043582d4fd9fa02edf865269d1ba752080dec581307de85e519181414c7951,impulse_noise,fixed,1,10000,83.21000000000001
mnist,vit_small,grayscale,training_dense_testing_sparse,dense,compact,30,1,heldout_val,55000,9c6618bb17ce19608d1df0b9f4f45f4e698bf5d7982458b01ba1e3a688ee20b4,10a1c020e268e60f92a50cb1a938f7e478078107b9a7dd5bcd30e3f36dd50ae6,0c043582d4fd9fa02edf865269d1ba752080dec581307de85e519181414c7951,glass_blur,fixed,1,10000,65.45
mnist,vit_small,grayscale,training_dense_testing_sparse,dense,compact,30,1,heldout_val,55000,9c6618bb17ce19608d1df0b9f4f45f4e698bf5d7982458b01ba1e3a688ee20b4,10a1c020e268e60f92a50cb1a938f7e478078107b9a7dd5bcd30e3f36dd50ae6,0c043582d4fd9fa02edf865269d1ba752080dec581307de85e519181414c7951,motion_blur,fixed,1,10000,59.489999999999995
mnist,vit_small,grayscale,training_dense_testing_sparse,dense,compact,30,1,heldout_val,55000,9c6618bb17ce19608d1df0b9f4f45f4e698bf5d7982458b01ba1e3a688ee20b4,10a1c020e268e60f92a50cb1a938f7e478078107b9a7dd5bcd30e3f36dd50ae6,0c043582d4fd9fa02edf865269d1ba752080dec581307de85e519181414c7951,shear,fixed,1,10000,51.4
mnist,vit_small,grayscale,training_dense_testing_sparse,dense,compact,30,1,heldout_val,55000,9c6618bb17ce19608d1df0b9f4f45f4e698bf5d7982458b01ba1e3a688ee20b4,10a1c020e268e60f92a50cb1a938f7e478078107b9a7dd5bcd30e3f36dd50ae6,0c043582d4fd9fa02edf865269d1ba752080dec581307de85e519181414c7951,scale,fixed,1,10000,69.38
mnist,vit_small,grayscale,training_dense_testing_sparse,dense,compact,30,1,heldout_val,55000,9c6618bb17ce19608d1df0b9f4f45f4e698bf5d7982458b01ba1e3a688ee20b4,10a1c020e268e60f92a50cb1a938f7e478078107b9a7dd5bcd30e3f36dd50ae6,0c043582d4fd9fa02edf865269d1ba752080dec581307de85e519181414c7951,rotate,fixed,1,10000,50.370000000000005
mnist,vit_small,grayscale,training_dense_testing_sparse,dense,compact,30,1,heldout_val,55000,9c6618bb17ce19608d1df0b9f4f45f4e698bf5d7982458b01ba1e3a688ee20b4,10a1c020e268e60f92a50cb1a938f7e478078107b9a7dd5bcd30e3f36dd50ae6,0c043582d4fd9fa02edf865269d1ba752080dec581307de85e519181414c7951,brightness,fixed,1,10000,27.380000000000003
mnist,vit_small,grayscale,training_dense_testing_sparse,dense,compact,30,1,heldout_val,55000,9c6618bb17ce19608d1df0b9f4f45f4e698bf5d7982458b01ba1e3a688ee20b4,10a1c020e268e60f92a50cb1a938f7e478078107b9a7dd5bcd30e3f36dd50ae6,0c043582d4fd9fa02edf865269d1ba752080dec581307de85e519181414c7951,translate,fixed,1,10000,79.14999999999999
mnist,vit_small,grayscale,training_dense_testing_sparse,dense,compact,30,1,heldout_val,55000,9c6618bb17ce19608d1df0b9f4f45f4e698bf5d7982458b01ba1e3a688ee20b4,10a1c020e268e60f92a50cb1a938f7e478078107b9a7dd5bcd30e3f36dd50ae6,0c043582d4fd9fa02edf865269d1ba752080dec581307de85e519181414c7951,stripe,fixed,1,10000,70.92
mnist,vit_small,grayscale,training_dense_testing_sparse,dense,compact,30,1,heldout_val,55000,9c6618bb17ce19608d1df0b9f4f45f4e698bf5d7982458b01ba1e3a688ee20b4,10a1c020e268e60f92a50cb1a938f7e478078107b9a7dd5bcd30e3f36dd50ae6,0c043582d4fd9fa02edf865269d1ba752080dec581307de85e519181414c7951,fog,fixed,1,10000,45.93000000000001
mnist,vit_small,grayscale,training_dense_testing_sparse,dense,compact,30,1,heldout_val,55000,9c6618bb17ce19608d1df0b9f4f45f4e698bf5d7982458b01ba1e3a688ee20b4,10a1c020e268e60f92a50cb1a938f7e478078107b9a7dd5bcd30e3f36dd50ae6,0c043582d4fd9fa02edf865269d1ba752080dec581307de85e519181414c7951,spatter,fixed,1,10000,47.57
mnist,vit_small,grayscale,training_dense_testing_sparse,dense,compact,30,1,heldout_val,55000,9c6618bb17ce19608d1df0b9f4f45f4e698bf5d7982458b01ba1e3a688ee20b4,10a1c020e268e60f92a50cb1a938f7e478078107b9a7dd5bcd30e3f36dd50ae6,0c043582d4fd9fa02edf865269d1ba752080dec581307de85e519181414c7951,dotted_line,fixed,1,10000,52.849999999999994
mnist,vit_small,grayscale,training_dense_testing_sparse,dense,compact,30,1,heldout_val,55000,9c6618bb17ce19608d1df0b9f4f45f4e698bf5d7982458b01ba1e3a688ee20b4,10a1c020e268e60f92a50cb1a938f7e478078107b9a7dd5bcd30e3f36dd50ae6,0c043582d4fd9fa02edf865269d1ba752080dec581307de85e519181414c7951,zigzag,fixed,1,10000,58.03
mnist,vit_small,grayscale,training_dense_testing_sparse,dense,compact,30,1,heldout_val,55000,9c6618bb17ce19608d1df0b9f4f45f4e698bf5d7982458b01ba1e3a688ee20b4,10a1c020e268e60f92a50cb1a938f7e478078107b9a7dd5bcd30e3f36dd50ae6,0c043582d4fd9fa02edf865269d1ba752080dec581307de85e519181414c7951,canny_edges,fixed,1,10000,76.32
mnist,vit_small,grayscale,training_dense_testing_sparse,dense,compact,30,2,heldout_val,55000,e0df18071ebb22a621f2c5f07f1a816aa4604a02f498269e0ee11ce2af8b8182,04b23e1d894d5cd0ffacd122ef55cc5578fe60d76fbf71286f07dceb0d27c789,e6a832390c850cd02985baa89af74e5b5051e71fc8f593de29cbe32747013aef,clean,clean,1,10000,48.96
mnist,vit_small,grayscale,training_dense_testing_sparse,dense,compact,30,2,heldout_val,55000,e0df18071ebb22a621f2c5f07f1a816aa4604a02f498269e0ee11ce2af8b8182,04b23e1d894d5cd0ffacd122ef55cc5578fe60d76fbf71286f07dceb0d27c789,e6a832390c850cd02985baa89af74e5b5051e71fc8f593de29cbe32747013aef,shot_noise,fixed,1,10000,75.92
mnist,vit_small,grayscale,training_dense_testing_sparse,dense,compact,30,2,heldout_val,55000,e0df18071ebb22a621f2c5f07f1a816aa4604a02f498269e0ee11ce2af8b8182,04b23e1d894d5cd0ffacd122ef55cc5578fe60d76fbf71286f07dceb0d27c789,e6a832390c850cd02985baa89af74e5b5051e71fc8f593de29cbe32747013aef,impulse_noise,fixed,1,10000,83.23
mnist,vit_small,grayscale,training_dense_testing_sparse,dense,compact,30,2,heldout_val,55000,e0df18071ebb22a621f2c5f07f1a816aa4604a02f498269e0ee11ce2af8b8182,04b23e1d894d5cd0ffacd122ef55cc5578fe60d76fbf71286f07dceb0d27c789,e6a832390c850cd02985baa89af74e5b5051e71fc8f593de29cbe32747013aef,glass_blur,fixed,1,10000,72.15
mnist,vit_small,grayscale,training_dense_testing_sparse,dense,compact,30,2,heldout_val,55000,e0df18071ebb22a621f2c5f07f1a816aa4604a02f498269e0ee11ce2af8b8182,04b23e1d894d5cd0ffacd122ef55cc5578fe60d76fbf71286f07dceb0d27c789,e6a832390c850cd02985baa89af74e5b5051e71fc8f593de29cbe32747013aef,motion_blur,fixed,1,10000,60.85
mnist,vit_small,grayscale,training_dense_testing_sparse,dense,compact,30,2,heldout_val,55000,e0df18071ebb22a621f2c5f07f1a816aa4604a02f498269e0ee11ce2af8b8182,04b23e1d894d5cd0ffacd122ef55cc5578fe60d76fbf71286f07dceb0d27c789,e6a832390c850cd02985baa89af74e5b5051e71fc8f593de29cbe32747013aef,shear,fixed,1,10000,49.61
mnist,vit_small,grayscale,training_dense_testing_sparse,dense,compact,30,2,heldout_val,55000,e0df18071ebb22a621f2c5f07f1a816aa4604a02f498269e0ee11ce2af8b8182,04b23e1d894d5cd0ffacd122ef55cc5578fe60d76fbf71286f07dceb0d27c789,e6a832390c850cd02985baa89af74e5b5051e71fc8f593de29cbe32747013aef,scale,fixed,1,10000,71.31
mnist,vit_small,grayscale,training_dense_testing_sparse,dense,compact,30,2,heldout_val,55000,e0df18071ebb22a621f2c5f07f1a816aa4604a02f498269e0ee11ce2af8b8182,04b23e1d894d5cd0ffacd122ef55cc5578fe60d76fbf71286f07dceb0d27c789,e6a832390c850cd02985baa89af74e5b5051e71fc8f593de29cbe32747013aef,rotate,fixed,1,10000,48.6
mnist,vit_small,grayscale,training_dense_testing_sparse,dense,compact,30,2,heldout_val,55000,e0df18071ebb22a621f2c5f07f1a816aa4604a02f498269e0ee11ce2af8b8182,04b23e1d894d5cd0ffacd122ef55cc5578fe60d76fbf71286f07dceb0d27c789,e6a832390c850cd02985baa89af74e5b5051e71fc8f593de29cbe32747013aef,brightness,fixed,1,10000,21.96
mnist,vit_small,grayscale,training_dense_testing_sparse,dense,compact,30,2,heldout_val,55000,e0df18071ebb22a621f2c5f07f1a816aa4604a02f498269e0ee11ce2af8b8182,04b23e1d894d5cd0ffacd122ef55cc5578fe60d76fbf71286f07dceb0d27c789,e6a832390c850cd02985baa89af74e5b5051e71fc8f593de29cbe32747013aef,translate,fixed,1,10000,82.05
mnist,vit_small,grayscale,training_dense_testing_sparse,dense,compact,30,2,heldout_val,55000,e0df18071ebb22a621f2c5f07f1a816aa4604a02f498269e0ee11ce2af8b8182,04b23e1d894d5cd0ffacd122ef55cc5578fe60d76fbf71286f07dceb0d27c789,e6a832390c850cd02985baa89af74e5b5051e71fc8f593de29cbe32747013aef,stripe,fixed,1,10000,73.72000000000001
mnist,vit_small,grayscale,training_dense_testing_sparse,dense,compact,30,2,heldout_val,55000,e0df18071ebb22a621f2c5f07f1a816aa4604a02f498269e0ee11ce2af8b8182,04b23e1d894d5cd0ffacd122ef55cc5578fe60d76fbf71286f07dceb0d27c789,e6a832390c850cd02985baa89af74e5b5051e71fc8f593de29cbe32747013aef,fog,fixed,1,10000,60.440000000000005
mnist,vit_small,grayscale,training_dense_testing_sparse,dense,compact,30,2,heldout_val,55000,e0df18071ebb22a621f2c5f07f1a816aa4604a02f498269e0ee11ce2af8b8182,04b23e1d894d5cd0ffacd122ef55cc5578fe60d76fbf71286f07dceb0d27c789,e6a832390c850cd02985baa89af74e5b5051e71fc8f593de29cbe32747013aef,spatter,fixed,1,10000,47.74
mnist,vit_small,grayscale,training_dense_testing_sparse,dense,compact,30,2,heldout_val,55000,e0df18071ebb22a621f2c5f07f1a816aa4604a02f498269e0ee11ce2af8b8182,04b23e1d894d5cd0ffacd122ef55cc5578fe60d76fbf71286f07dceb0d27c789,e6a832390c850cd02985baa89af74e5b5051e71fc8f593de29cbe32747013aef,dotted_line,fixed,1,10000,55.43
mnist,vit_small,grayscale,training_dense_testing_sparse,dense,compact,30,2,heldout_val,55000,e0df18071ebb22a621f2c5f07f1a816aa4604a02f498269e0ee11ce2af8b8182,04b23e1d894d5cd0ffacd122ef55cc5578fe60d76fbf71286f07dceb0d27c789,e6a832390c850cd02985baa89af74e5b5051e71fc8f593de29cbe32747013aef,zigzag,fixed,1,10000,63.12
mnist,vit_small,grayscale,training_dense_testing_sparse,dense,compact,30,2,heldout_val,55000,e0df18071ebb22a621f2c5f07f1a816aa4604a02f498269e0ee11ce2af8b8182,04b23e1d894d5cd0ffacd122ef55cc5578fe60d76fbf71286f07dceb0d27c789,e6a832390c850cd02985baa89af74e5b5051e71fc8f593de29cbe32747013aef,canny_edges,fixed,1,10000,83.56
mnist,swin_tiny,grayscale,training_dense_testing_sparse,dense,compact,40,0,heldout_val,55000,d2f3b1ca0240fc032e59ad59eb1fd6ab24b7a64f3d5d9b536a1dad91a3500a92,473ed25a586e0ea8fb93e4fadfcfd4e7e18bde623e0f22701c184b2da680520b,b5ba882ee04e81c45232c4005e9a820b60c8b46fc9026b6949f38be5e12dae2b,clean,clean,1,10000,6.540000000000001
mnist,swin_tiny,grayscale,training_dense_testing_sparse,dense,compact,40,0,heldout_val,55000,d2f3b1ca0240fc032e59ad59eb1fd6ab24b7a64f3d5d9b536a1dad91a3500a92,473ed25a586e0ea8fb93e4fadfcfd4e7e18bde623e0f22701c184b2da680520b,b5ba882ee04e81c45232c4005e9a820b60c8b46fc9026b6949f38be5e12dae2b,shot_noise,fixed,1,10000,27.41
mnist,swin_tiny,grayscale,training_dense_testing_sparse,dense,compact,40,0,heldout_val,55000,d2f3b1ca0240fc032e59ad59eb1fd6ab24b7a64f3d5d9b536a1dad91a3500a92,473ed25a586e0ea8fb93e4fadfcfd4e7e18bde623e0f22701c184b2da680520b,b5ba882ee04e81c45232c4005e9a820b60c8b46fc9026b6949f38be5e12dae2b,impulse_noise,fixed,1,10000,66.88000000000001
mnist,swin_tiny,grayscale,training_dense_testing_sparse,dense,compact,40,0,heldout_val,55000,d2f3b1ca0240fc032e59ad59eb1fd6ab24b7a64f3d5d9b536a1dad91a3500a92,473ed25a586e0ea8fb93e4fadfcfd4e7e18bde623e0f22701c184b2da680520b,b5ba882ee04e81c45232c4005e9a820b60c8b46fc9026b6949f38be5e12dae2b,glass_blur,fixed,1,10000,39.93
mnist,swin_tiny,grayscale,training_dense_testing_sparse,dense,compact,40,0,heldout_val,55000,d2f3b1ca0240fc032e59ad59eb1fd6ab24b7a64f3d5d9b536a1dad91a3500a92,473ed25a586e0ea8fb93e4fadfcfd4e7e18bde623e0f22701c184b2da680520b,b5ba882ee04e81c45232c4005e9a820b60c8b46fc9026b6949f38be5e12dae2b,motion_blur,fixed,1,10000,14.539999999999997
mnist,swin_tiny,grayscale,training_dense_testing_sparse,dense,compact,40,0,heldout_val,55000,d2f3b1ca0240fc032e59ad59eb1fd6ab24b7a64f3d5d9b536a1dad91a3500a92,473ed25a586e0ea8fb93e4fadfcfd4e7e18bde623e0f22701c184b2da680520b,b5ba882ee04e81c45232c4005e9a820b60c8b46fc9026b6949f38be5e12dae2b,shear,fixed,1,10000,12.870000000000005
mnist,swin_tiny,grayscale,training_dense_testing_sparse,dense,compact,40,0,heldout_val,55000,d2f3b1ca0240fc032e59ad59eb1fd6ab24b7a64f3d5d9b536a1dad91a3500a92,473ed25a586e0ea8fb93e4fadfcfd4e7e18bde623e0f22701c184b2da680520b,b5ba882ee04e81c45232c4005e9a820b60c8b46fc9026b6949f38be5e12dae2b,scale,fixed,1,10000,25.249999999999993
mnist,swin_tiny,grayscale,training_dense_testing_sparse,dense,compact,40,0,heldout_val,55000,d2f3b1ca0240fc032e59ad59eb1fd6ab24b7a64f3d5d9b536a1dad91a3500a92,473ed25a586e0ea8fb93e4fadfcfd4e7e18bde623e0f22701c184b2da680520b,b5ba882ee04e81c45232c4005e9a820b60c8b46fc9026b6949f38be5e12dae2b,rotate,fixed,1,10000,19.740000000000002
mnist,swin_tiny,grayscale,training_dense_testing_sparse,dense,compact,40,0,heldout_val,55000,d2f3b1ca0240fc032e59ad59eb1fd6ab24b7a64f3d5d9b536a1dad91a3500a92,473ed25a586e0ea8fb93e4fadfcfd4e7e18bde623e0f22701c184b2da680520b,b5ba882ee04e81c45232c4005e9a820b60c8b46fc9026b6949f38be5e12dae2b,brightness,fixed,1,10000,59.35
mnist,swin_tiny,grayscale,training_dense_testing_sparse,dense,compact,40,0,heldout_val,55000,d2f3b1ca0240fc032e59ad59eb1fd6ab24b7a64f3d5d9b536a1dad91a3500a92,473ed25a586e0ea8fb93e4fadfcfd4e7e18bde623e0f22701c184b2da680520b,b5ba882ee04e81c45232c4005e9a820b60c8b46fc9026b6949f38be5e12dae2b,translate,fixed,1,10000,66.72
mnist,swin_tiny,grayscale,training_dense_testing_sparse,dense,compact,40,0,heldout_val,55000,d2f3b1ca0240fc032e59ad59eb1fd6ab24b7a64f3d5d9b536a1dad91a3500a92,473ed25a586e0ea8fb93e4fadfcfd4e7e18bde623e0f22701c184b2da680520b,b5ba882ee04e81c45232c4005e9a820b60c8b46fc9026b6949f38be5e12dae2b,stripe,fixed,1,10000,53.99
mnist,swin_tiny,grayscale,training_dense_testing_sparse,dense,compact,40,0,heldout_val,55000,d2f3b1ca0240fc032e59ad59eb1fd6ab24b7a64f3d5d9b536a1dad91a3500a92,473ed25a586e0ea8fb93e4fadfcfd4e7e18bde623e0f22701c184b2da680520b,b5ba882ee04e81c45232c4005e9a820b60c8b46fc9026b6949f38be5e12dae2b,fog,fixed,1,10000,56.730000000000004
mnist,swin_tiny,grayscale,training_dense_testing_sparse,dense,compact,40,0,heldout_val,55000,d2f3b1ca0240fc032e59ad59eb1fd6ab24b7a64f3d5d9b536a1dad91a3500a92,473ed25a586e0ea8fb93e4fadfcfd4e7e18bde623e0f22701c184b2da680520b,b5ba882ee04e81c45232c4005e9a820b60c8b46fc9026b6949f38be5e12dae2b,spatter,fixed,1,10000,40.55
mnist,swin_tiny,grayscale,training_dense_testing_sparse,dense,compact,40,0,heldout_val,55000,d2f3b1ca0240fc032e59ad59eb1fd6ab24b7a64f3d5d9b536a1dad91a3500a92,473ed25a586e0ea8fb93e4fadfcfd4e7e18bde623e0f22701c184b2da680520b,b5ba882ee04e81c45232c4005e9a820b60c8b46fc9026b6949f38be5e12dae2b,dotted_line,fixed,1,10000,17.910000000000004
mnist,swin_tiny,grayscale,training_dense_testing_sparse,dense,compact,40,0,heldout_val,55000,d2f3b1ca0240fc032e59ad59eb1fd6ab24b7a64f3d5d9b536a1dad91a3500a92,473ed25a586e0ea8fb93e4fadfcfd4e7e18bde623e0f22701c184b2da680520b,b5ba882ee04e81c45232c4005e9a820b60c8b46fc9026b6949f38be5e12dae2b,zigzag,fixed,1,10000,30.65
mnist,swin_tiny,grayscale,training_dense_testing_sparse,dense,compact,40,0,heldout_val,55000,d2f3b1ca0240fc032e59ad59eb1fd6ab24b7a64f3d5d9b536a1dad91a3500a92,473ed25a586e0ea8fb93e4fadfcfd4e7e18bde623e0f22701c184b2da680520b,b5ba882ee04e81c45232c4005e9a820b60c8b46fc9026b6949f38be5e12dae2b,canny_edges,fixed,1,10000,32.940000000000005
mnist,swin_tiny,grayscale,training_dense_testing_sparse,dense,compact,40,1,heldout_val,55000,984e7218d66b30ce39b7406567e6a044904bfd77803eb546cf291581fd6d2fd1,3c122f0fd1faf70a5670d3c6526b0c7197dc73ded514139a3796e6045a6fb776,e6e682f99e0eee247ebb254b29f3eb44b9362a5a7ef446abce3bc043a51997fe,clean,clean,1,10000,12.3
mnist,swin_tiny,grayscale,training_dense_testing_sparse,dense,compact,40,1,heldout_val,55000,984e7218d66b30ce39b7406567e6a044904bfd77803eb546cf291581fd6d2fd1,3c122f0fd1faf70a5670d3c6526b0c7197dc73ded514139a3796e6045a6fb776,e6e682f99e0eee247ebb254b29f3eb44b9362a5a7ef446abce3bc043a51997fe,shot_noise,fixed,1,10000,31.869999999999997
mnist,swin_tiny,grayscale,training_dense_testing_sparse,dense,compact,40,1,heldout_val,55000,984e7218d66b30ce39b7406567e6a044904bfd77803eb546cf291581fd6d2fd1,3c122f0fd1faf70a5670d3c6526b0c7197dc73ded514139a3796e6045a6fb776,e6e682f99e0eee247ebb254b29f3eb44b9362a5a7ef446abce3bc043a51997fe,impulse_noise,fixed,1,10000,71.25
mnist,swin_tiny,grayscale,training_dense_testing_sparse,dense,compact,40,1,heldout_val,55000,984e7218d66b30ce39b7406567e6a044904bfd77803eb546cf291581fd6d2fd1,3c122f0fd1faf70a5670d3c6526b0c7197dc73ded514139a3796e6045a6fb776,e6e682f99e0eee247ebb254b29f3eb44b9362a5a7ef446abce3bc043a51997fe,glass_blur,fixed,1,10000,42.15
mnist,swin_tiny,grayscale,training_dense_testing_sparse,dense,compact,40,1,heldout_val,55000,984e7218d66b30ce39b7406567e6a044904bfd77803eb546cf291581fd6d2fd1,3c122f0fd1faf70a5670d3c6526b0c7197dc73ded514139a3796e6045a6fb776,e6e682f99e0eee247ebb254b29f3eb44b9362a5a7ef446abce3bc043a51997fe,motion_blur,fixed,1,10000,17.36
mnist,swin_tiny,grayscale,training_dense_testing_sparse,dense,compact,40,1,heldout_val,55000,984e7218d66b30ce39b7406567e6a044904bfd77803eb546cf291581fd6d2fd1,3c122f0fd1faf70a5670d3c6526b0c7197dc73ded514139a3796e6045a6fb776,e6e682f99e0eee247ebb254b29f3eb44b9362a5a7ef446abce3bc043a51997fe,shear,fixed,1,10000,17.400000000000006
mnist,swin_tiny,grayscale,training_dense_testing_sparse,dense,compact,40,1,heldout_val,55000,984e7218d66b30ce39b7406567e6a044904bfd77803eb546cf291581fd6d2fd1,3c122f0fd1faf70a5670d3c6526b0c7197dc73ded514139a3796e6045a6fb776,e6e682f99e0eee247ebb254b29f3eb44b9362a5a7ef446abce3bc043a51997fe,scale,fixed,1,10000,28.879999999999995
mnist,swin_tiny,grayscale,training_dense_testing_sparse,dense,compact,40,1,heldout_val,55000,984e7218d66b30ce39b7406567e6a044904bfd77803eb546cf291581fd6d2fd1,3c122f0fd1faf70a5670d3c6526b0c7197dc73ded514139a3796e6045a6fb776,e6e682f99e0eee247ebb254b29f3eb44b9362a5a7ef446abce3bc043a51997fe,rotate,fixed,1,10000,23.029999999999994
mnist,swin_tiny,grayscale,training_dense_testing_sparse,dense,compact,40,1,heldout_val,55000,984e7218d66b30ce39b7406567e6a044904bfd77803eb546cf291581fd6d2fd1,3c122f0fd1faf70a5670d3c6526b0c7197dc73ded514139a3796e6045a6fb776,e6e682f99e0eee247ebb254b29f3eb44b9362a5a7ef446abce3bc043a51997fe,brightness,fixed,1,10000,50.629999999999995
mnist,swin_tiny,grayscale,training_dense_testing_sparse,dense,compact,40,1,heldout_val,55000,984e7218d66b30ce39b7406567e6a044904bfd77803eb546cf291581fd6d2fd1,3c122f0fd1faf70a5670d3c6526b0c7197dc73ded514139a3796e6045a6fb776,e6e682f99e0eee247ebb254b29f3eb44b9362a5a7ef446abce3bc043a51997fe,translate,fixed,1,10000,65.41
mnist,swin_tiny,grayscale,training_dense_testing_sparse,dense,compact,40,1,heldout_val,55000,984e7218d66b30ce39b7406567e6a044904bfd77803eb546cf291581fd6d2fd1,3c122f0fd1faf70a5670d3c6526b0c7197dc73ded514139a3796e6045a6fb776,e6e682f99e0eee247ebb254b29f3eb44b9362a5a7ef446abce3bc043a51997fe,stripe,fixed,1,10000,57.43000000000001
mnist,swin_tiny,grayscale,training_dense_testing_sparse,dense,compact,40,1,heldout_val,55000,984e7218d66b30ce39b7406567e6a044904bfd77803eb546cf291581fd6d2fd1,3c122f0fd1faf70a5670d3c6526b0c7197dc73ded514139a3796e6045a6fb776,e6e682f99e0eee247ebb254b29f3eb44b9362a5a7ef446abce3bc043a51997fe,fog,fixed,1,10000,44.85
mnist,swin_tiny,grayscale,training_dense_testing_sparse,dense,compact,40,1,heldout_val,55000,984e7218d66b30ce39b7406567e6a044904bfd77803eb546cf291581fd6d2fd1,3c122f0fd1faf70a5670d3c6526b0c7197dc73ded514139a3796e6045a6fb776,e6e682f99e0eee247ebb254b29f3eb44b9362a5a7ef446abce3bc043a51997fe,spatter,fixed,1,10000,41.66
mnist,swin_tiny,grayscale,training_dense_testing_sparse,dense,compact,40,1,heldout_val,55000,984e7218d66b30ce39b7406567e6a044904bfd77803eb546cf291581fd6d2fd1,3c122f0fd1faf70a5670d3c6526b0c7197dc73ded514139a3796e6045a6fb776,e6e682f99e0eee247ebb254b29f3eb44b9362a5a7ef446abce3bc043a51997fe,dotted_line,fixed,1,10000,24.860000000000003
mnist,swin_tiny,grayscale,training_dense_testing_sparse,dense,compact,40,1,heldout_val,55000,984e7218d66b30ce39b7406567e6a044904bfd77803eb546cf291581fd6d2fd1,3c122f0fd1faf70a5670d3c6526b0c7197dc73ded514139a3796e6045a6fb776,e6e682f99e0eee247ebb254b29f3eb44b9362a5a7ef446abce3bc043a51997fe,zigzag,fixed,1,10000,34.25
mnist,swin_tiny,grayscale,training_dense_testing_sparse,dense,compact,40,1,heldout_val,55000,984e7218d66b30ce39b7406567e6a044904bfd77803eb546cf291581fd6d2fd1,3c122f0fd1faf70a5670d3c6526b0c7197dc73ded514139a3796e6045a6fb776,e6e682f99e0eee247ebb254b29f3eb44b9362a5a7ef446abce3bc043a51997fe,canny_edges,fixed,1,10000,36.31999999999999
mnist,swin_tiny,grayscale,training_dense_testing_sparse,dense,compact,40,2,heldout_val,55000,0a33678d26149bee7fba3810cd7b3f5a2fa741af95a3dc9bbca3f83e94193616,b0393e9d1c0e15b51559e628483e2ed496574409f6794199f61ad346d461af16,d702f30cdbb4eec392ad0ecc9abc4f74a4b031dc4dd9bd08fa1670b553a83e7d,clean,clean,1,10000,10.199999999999998
mnist,swin_tiny,grayscale,training_dense_testing_sparse,dense,compact,40,2,heldout_val,55000,0a33678d26149bee7fba3810cd7b3f5a2fa741af95a3dc9bbca3f83e94193616,b0393e9d1c0e15b51559e628483e2ed496574409f6794199f61ad346d461af16,d702f30cdbb4eec392ad0ecc9abc4f74a4b031dc4dd9bd08fa1670b553a83e7d,shot_noise,fixed,1,10000,34.27
mnist,swin_tiny,grayscale,training_dense_testing_sparse,dense,compact,40,2,heldout_val,55000,0a33678d26149bee7fba3810cd7b3f5a2fa741af95a3dc9bbca3f83e94193616,b0393e9d1c0e15b51559e628483e2ed496574409f6794199f61ad346d461af16,d702f30cdbb4eec392ad0ecc9abc4f74a4b031dc4dd9bd08fa1670b553a83e7d,impulse_noise,fixed,1,10000,64.53999999999999
mnist,swin_tiny,grayscale,training_dense_testing_sparse,dense,compact,40,2,heldout_val,55000,0a33678d26149bee7fba3810cd7b3f5a2fa741af95a3dc9bbca3f83e94193616,b0393e9d1c0e15b51559e628483e2ed496574409f6794199f61ad346d461af16,d702f30cdbb4eec392ad0ecc9abc4f74a4b031dc4dd9bd08fa1670b553a83e7d,glass_blur,fixed,1,10000,40.290000000000006
mnist,swin_tiny,grayscale,training_dense_testing_sparse,dense,compact,40,2,heldout_val,55000,0a33678d26149bee7fba3810cd7b3f5a2fa741af95a3dc9bbca3f83e94193616,b0393e9d1c0e15b51559e628483e2ed496574409f6794199f61ad346d461af16,d702f30cdbb4eec392ad0ecc9abc4f74a4b031dc4dd9bd08fa1670b553a83e7d,motion_blur,fixed,1,10000,15.32
mnist,swin_tiny,grayscale,training_dense_testing_sparse,dense,compact,40,2,heldout_val,55000,0a33678d26149bee7fba3810cd7b3f5a2fa741af95a3dc9bbca3f83e94193616,b0393e9d1c0e15b51559e628483e2ed496574409f6794199f61ad346d461af16,d702f30cdbb4eec392ad0ecc9abc4f74a4b031dc4dd9bd08fa1670b553a83e7d,shear,fixed,1,10000,16.059999999999995
mnist,swin_tiny,grayscale,training_dense_testing_sparse,dense,compact,40,2,heldout_val,55000,0a33678d26149bee7fba3810cd7b3f5a2fa741af95a3dc9bbca3f83e94193616,b0393e9d1c0e15b51559e628483e2ed496574409f6794199f61ad346d461af16,d702f30cdbb4eec392ad0ecc9abc4f74a4b031dc4dd9bd08fa1670b553a83e7d,scale,fixed,1,10000,36.71
mnist,swin_tiny,grayscale,training_dense_testing_sparse,dense,compact,40,2,heldout_val,55000,0a33678d26149bee7fba3810cd7b3f5a2fa741af95a3dc9bbca3f83e94193616,b0393e9d1c0e15b51559e628483e2ed496574409f6794199f61ad346d461af16,d702f30cdbb4eec392ad0ecc9abc4f74a4b031dc4dd9bd08fa1670b553a83e7d,rotate,fixed,1,10000,22.89
mnist,swin_tiny,grayscale,training_dense_testing_sparse,dense,compact,40,2,heldout_val,55000,0a33678d26149bee7fba3810cd7b3f5a2fa741af95a3dc9bbca3f83e94193616,b0393e9d1c0e15b51559e628483e2ed496574409f6794199f61ad346d461af16,d702f30cdbb4eec392ad0ecc9abc4f74a4b031dc4dd9bd08fa1670b553a83e7d,brightness,fixed,1,10000,49.339999999999996
mnist,swin_tiny,grayscale,training_dense_testing_sparse,dense,compact,40,2,heldout_val,55000,0a33678d26149bee7fba3810cd7b3f5a2fa741af95a3dc9bbca3f83e94193616,b0393e9d1c0e15b51559e628483e2ed496574409f6794199f61ad346d461af16,d702f30cdbb4eec392ad0ecc9abc4f74a4b031dc4dd9bd08fa1670b553a83e7d,translate,fixed,1,10000,67.45
mnist,swin_tiny,grayscale,training_dense_testing_sparse,dense,compact,40,2,heldout_val,55000,0a33678d26149bee7fba3810cd7b3f5a2fa741af95a3dc9bbca3f83e94193616,b0393e9d1c0e15b51559e628483e2ed496574409f6794199f61ad346d461af16,d702f30cdbb4eec392ad0ecc9abc4f74a4b031dc4dd9bd08fa1670b553a83e7d,stripe,fixed,1,10000,48.85
mnist,swin_tiny,grayscale,training_dense_testing_sparse,dense,compact,40,2,heldout_val,55000,0a33678d26149bee7fba3810cd7b3f5a2fa741af95a3dc9bbca3f83e94193616,b0393e9d1c0e15b51559e628483e2ed496574409f6794199f61ad346d461af16,d702f30cdbb4eec392ad0ecc9abc4f74a4b031dc4dd9bd08fa1670b553a83e7d,fog,fixed,1,10000,43.669999999999995
mnist,swin_tiny,grayscale,training_dense_testing_sparse,dense,compact,40,2,heldout_val,55000,0a33678d26149bee7fba3810cd7b3f5a2fa741af95a3dc9bbca3f83e94193616,b0393e9d1c0e15b51559e628483e2ed496574409f6794199f61ad346d461af16,d702f30cdbb4eec392ad0ecc9abc4f74a4b031dc4dd9bd08fa1670b553a83e7d,spatter,fixed,1,10000,45.08
mnist,swin_tiny,grayscale,training_dense_testing_sparse,dense,compact,40,2,heldout_val,55000,0a33678d26149bee7fba3810cd7b3f5a2fa741af95a3dc9bbca3f83e94193616,b0393e9d1c0e15b51559e628483e2ed496574409f6794199f61ad346d461af16,d702f30cdbb4eec392ad0ecc9abc4f74a4b031dc4dd9bd08fa1670b553a83e7d,dotted_line,fixed,1,10000,23.209999999999997
mnist,swin_tiny,grayscale,training_dense_testing_sparse,dense,compact,40,2,heldout_val,55000,0a33678d26149bee7fba3810cd7b3f5a2fa741af95a3dc9bbca3f83e94193616,b0393e9d1c0e15b51559e628483e2ed496574409f6794199f61ad346d461af16,d702f30cdbb4eec392ad0ecc9abc4f74a4b031dc4dd9bd08fa1670b553a83e7d,zigzag,fixed,1,10000,31.369999999999997
mnist,swin_tiny,grayscale,training_dense_testing_sparse,dense,compact,40,2,heldout_val,55000,0a33678d26149bee7fba3810cd7b3f5a2fa741af95a3dc9bbca3f83e94193616,b0393e9d1c0e15b51559e628483e2ed496574409f6794199f61ad346d461af16,d702f30cdbb4eec392ad0ecc9abc4f74a4b031dc4dd9bd08fa1670b553a83e7d,canny_edges,fixed,1,10000,41.279999999999994
mnist,vit_small,grayscale,training_dense_testing_sparse,dense,compact,40,0,heldout_val,55000,ab1958b89c1ce445984c4dfb61a8f93995760d8a9e51e792379ea5c5b18796d2,1febb833c97989dec964ce4247d5bb9f7f212d0d0ffea0016b5b7d6ef9e061db,179475b8b5f1f60331c2ef36bed036328ffb8901f10573d5da34e3c145a3b99c,clean,clean,1,10000,49.89
mnist,vit_small,grayscale,training_dense_testing_sparse,dense,compact,40,0,heldout_val,55000,ab1958b89c1ce445984c4dfb61a8f93995760d8a9e51e792379ea5c5b18796d2,1febb833c97989dec964ce4247d5bb9f7f212d0d0ffea0016b5b7d6ef9e061db,179475b8b5f1f60331c2ef36bed036328ffb8901f10573d5da34e3c145a3b99c,shot_noise,fixed,1,10000,77.7
mnist,vit_small,grayscale,training_dense_testing_sparse,dense,compact,40,0,heldout_val,55000,ab1958b89c1ce445984c4dfb61a8f93995760d8a9e51e792379ea5c5b18796d2,1febb833c97989dec964ce4247d5bb9f7f212d0d0ffea0016b5b7d6ef9e061db,179475b8b5f1f60331c2ef36bed036328ffb8901f10573d5da34e3c145a3b99c,impulse_noise,fixed,1,10000,86.07000000000001
mnist,vit_small,grayscale,training_dense_testing_sparse,dense,compact,40,0,heldout_val,55000,ab1958b89c1ce445984c4dfb61a8f93995760d8a9e51e792379ea5c5b18796d2,1febb833c97989dec964ce4247d5bb9f7f212d0d0ffea0016b5b7d6ef9e061db,179475b8b5f1f60331c2ef36bed036328ffb8901f10573d5da34e3c145a3b99c,glass_blur,fixed,1,10000,66.34
mnist,vit_small,grayscale,training_dense_testing_sparse,dense,compact,40,0,heldout_val,55000,ab1958b89c1ce445984c4dfb61a8f93995760d8a9e51e792379ea5c5b18796d2,1febb833c97989dec964ce4247d5bb9f7f212d0d0ffea0016b5b7d6ef9e061db,179475b8b5f1f60331c2ef36bed036328ffb8901f10573d5da34e3c145a3b99c,motion_blur,fixed,1,10000,63.040000000000006
mnist,vit_small,grayscale,training_dense_testing_sparse,dense,compact,40,0,heldout_val,55000,ab1958b89c1ce445984c4dfb61a8f93995760d8a9e51e792379ea5c5b18796d2,1febb833c97989dec964ce4247d5bb9f7f212d0d0ffea0016b5b7d6ef9e061db,179475b8b5f1f60331c2ef36bed036328ffb8901f10573d5da34e3c145a3b99c,shear,fixed,1,10000,50.23
mnist,vit_small,grayscale,training_dense_testing_sparse,dense,compact,40,0,heldout_val,55000,ab1958b89c1ce445984c4dfb61a8f93995760d8a9e51e792379ea5c5b18796d2,1febb833c97989dec964ce4247d5bb9f7f212d0d0ffea0016b5b7d6ef9e061db,179475b8b5f1f60331c2ef36bed036328ffb8901f10573d5da34e3c145a3b99c,scale,fixed,1,10000,69.48
mnist,vit_small,grayscale,training_dense_testing_sparse,dense,compact,40,0,heldout_val,55000,ab1958b89c1ce445984c4dfb61a8f93995760d8a9e51e792379ea5c5b18796d2,1febb833c97989dec964ce4247d5bb9f7f212d0d0ffea0016b5b7d6ef9e061db,179475b8b5f1f60331c2ef36bed036328ffb8901f10573d5da34e3c145a3b99c,rotate,fixed,1,10000,50.44
mnist,vit_small,grayscale,training_dense_testing_sparse,dense,compact,40,0,heldout_val,55000,ab1958b89c1ce445984c4dfb61a8f93995760d8a9e51e792379ea5c5b18796d2,1febb833c97989dec964ce4247d5bb9f7f212d0d0ffea0016b5b7d6ef9e061db,179475b8b5f1f60331c2ef36bed036328ffb8901f10573d5da34e3c145a3b99c,brightness,fixed,1,10000,46.28
mnist,vit_small,grayscale,training_dense_testing_sparse,dense,compact,40,0,heldout_val,55000,ab1958b89c1ce445984c4dfb61a8f93995760d8a9e51e792379ea5c5b18796d2,1febb833c97989dec964ce4247d5bb9f7f212d0d0ffea0016b5b7d6ef9e061db,179475b8b5f1f60331c2ef36bed036328ffb8901f10573d5da34e3c145a3b99c,translate,fixed,1,10000,78.81
mnist,vit_small,grayscale,training_dense_testing_sparse,dense,compact,40,0,heldout_val,55000,ab1958b89c1ce445984c4dfb61a8f93995760d8a9e51e792379ea5c5b18796d2,1febb833c97989dec964ce4247d5bb9f7f212d0d0ffea0016b5b7d6ef9e061db,179475b8b5f1f60331c2ef36bed036328ffb8901f10573d5da34e3c145a3b99c,stripe,fixed,1,10000,68.78999999999999
mnist,vit_small,grayscale,training_dense_testing_sparse,dense,compact,40,0,heldout_val,55000,ab1958b89c1ce445984c4dfb61a8f93995760d8a9e51e792379ea5c5b18796d2,1febb833c97989dec964ce4247d5bb9f7f212d0d0ffea0016b5b7d6ef9e061db,179475b8b5f1f60331c2ef36bed036328ffb8901f10573d5da34e3c145a3b99c,fog,fixed,1,10000,57.91
mnist,vit_small,grayscale,training_dense_testing_sparse,dense,compact,40,0,heldout_val,55000,ab1958b89c1ce445984c4dfb61a8f93995760d8a9e51e792379ea5c5b18796d2,1febb833c97989dec964ce4247d5bb9f7f212d0d0ffea0016b5b7d6ef9e061db,179475b8b5f1f60331c2ef36bed036328ffb8901f10573d5da34e3c145a3b99c,spatter,fixed,1,10000,49.22
mnist,vit_small,grayscale,training_dense_testing_sparse,dense,compact,40,0,heldout_val,55000,ab1958b89c1ce445984c4dfb61a8f93995760d8a9e51e792379ea5c5b18796d2,1febb833c97989dec964ce4247d5bb9f7f212d0d0ffea0016b5b7d6ef9e061db,179475b8b5f1f60331c2ef36bed036328ffb8901f10573d5da34e3c145a3b99c,dotted_line,fixed,1,10000,56.16
mnist,vit_small,grayscale,training_dense_testing_sparse,dense,compact,40,0,heldout_val,55000,ab1958b89c1ce445984c4dfb61a8f93995760d8a9e51e792379ea5c5b18796d2,1febb833c97989dec964ce4247d5bb9f7f212d0d0ffea0016b5b7d6ef9e061db,179475b8b5f1f60331c2ef36bed036328ffb8901f10573d5da34e3c145a3b99c,zigzag,fixed,1,10000,62.35999999999999
mnist,vit_small,grayscale,training_dense_testing_sparse,dense,compact,40,0,heldout_val,55000,ab1958b89c1ce445984c4dfb61a8f93995760d8a9e51e792379ea5c5b18796d2,1febb833c97989dec964ce4247d5bb9f7f212d0d0ffea0016b5b7d6ef9e061db,179475b8b5f1f60331c2ef36bed036328ffb8901f10573d5da34e3c145a3b99c,canny_edges,fixed,1,10000,84.05
mnist,vit_small,grayscale,training_dense_testing_sparse,dense,compact,40,1,heldout_val,55000,4dadd72b9b6b1d66f1ed39a7bda8e6be72d0bfb1e579872d3521bad0a86fefb9,10a1c020e268e60f92a50cb1a938f7e478078107b9a7dd5bcd30e3f36dd50ae6,0c043582d4fd9fa02edf865269d1ba752080dec581307de85e519181414c7951,clean,clean,1,10000,46.89
mnist,vit_small,grayscale,training_dense_testing_sparse,dense,compact,40,1,heldout_val,55000,4dadd72b9b6b1d66f1ed39a7bda8e6be72d0bfb1e579872d3521bad0a86fefb9,10a1c020e268e60f92a50cb1a938f7e478078107b9a7dd5bcd30e3f36dd50ae6,0c043582d4fd9fa02edf865269d1ba752080dec581307de85e519181414c7951,shot_noise,fixed,1,10000,70.21
mnist,vit_small,grayscale,training_dense_testing_sparse,dense,compact,40,1,heldout_val,55000,4dadd72b9b6b1d66f1ed39a7bda8e6be72d0bfb1e579872d3521bad0a86fefb9,10a1c020e268e60f92a50cb1a938f7e478078107b9a7dd5bcd30e3f36dd50ae6,0c043582d4fd9fa02edf865269d1ba752080dec581307de85e519181414c7951,impulse_noise,fixed,1,10000,85.69
mnist,vit_small,grayscale,training_dense_testing_sparse,dense,compact,40,1,heldout_val,55000,4dadd72b9b6b1d66f1ed39a7bda8e6be72d0bfb1e579872d3521bad0a86fefb9,10a1c020e268e60f92a50cb1a938f7e478078107b9a7dd5bcd30e3f36dd50ae6,0c043582d4fd9fa02edf865269d1ba752080dec581307de85e519181414c7951,glass_blur,fixed,1,10000,65.8
mnist,vit_small,grayscale,training_dense_testing_sparse,dense,compact,40,1,heldout_val,55000,4dadd72b9b6b1d66f1ed39a7bda8e6be72d0bfb1e579872d3521bad0a86fefb9,10a1c020e268e60f92a50cb1a938f7e478078107b9a7dd5bcd30e3f36dd50ae6,0c043582d4fd9fa02edf865269d1ba752080dec581307de85e519181414c7951,motion_blur,fixed,1,10000,59.599999999999994
mnist,vit_small,grayscale,training_dense_testing_sparse,dense,compact,40,1,heldout_val,55000,4dadd72b9b6b1d66f1ed39a7bda8e6be72d0bfb1e579872d3521bad0a86fefb9,10a1c020e268e60f92a50cb1a938f7e478078107b9a7dd5bcd30e3f36dd50ae6,0c043582d4fd9fa02edf865269d1ba752080dec581307de85e519181414c7951,shear,fixed,1,10000,51.4
mnist,vit_small,grayscale,training_dense_testing_sparse,dense,compact,40,1,heldout_val,55000,4dadd72b9b6b1d66f1ed39a7bda8e6be72d0bfb1e579872d3521bad0a86fefb9,10a1c020e268e60f92a50cb1a938f7e478078107b9a7dd5bcd30e3f36dd50ae6,0c043582d4fd9fa02edf865269d1ba752080dec581307de85e519181414c7951,scale,fixed,1,10000,69.38
mnist,vit_small,grayscale,training_dense_testing_sparse,dense,compact,40,1,heldout_val,55000,4dadd72b9b6b1d66f1ed39a7bda8e6be72d0bfb1e579872d3521bad0a86fefb9,10a1c020e268e60f92a50cb1a938f7e478078107b9a7dd5bcd30e3f36dd50ae6,0c043582d4fd9fa02edf865269d1ba752080dec581307de85e519181414c7951,rotate,fixed,1,10000,50.370000000000005
mnist,vit_small,grayscale,training_dense_testing_sparse,dense,compact,40,1,heldout_val,55000,4dadd72b9b6b1d66f1ed39a7bda8e6be72d0bfb1e579872d3521bad0a86fefb9,10a1c020e268e60f92a50cb1a938f7e478078107b9a7dd5bcd30e3f36dd50ae6,0c043582d4fd9fa02edf865269d1ba752080dec581307de85e519181414c7951,brightness,fixed,1,10000,48.62
mnist,vit_small,grayscale,training_dense_testing_sparse,dense,compact,40,1,heldout_val,55000,4dadd72b9b6b1d66f1ed39a7bda8e6be72d0bfb1e579872d3521bad0a86fefb9,10a1c020e268e60f92a50cb1a938f7e478078107b9a7dd5bcd30e3f36dd50ae6,0c043582d4fd9fa02edf865269d1ba752080dec581307de85e519181414c7951,translate,fixed,1,10000,79.14999999999999
mnist,vit_small,grayscale,training_dense_testing_sparse,dense,compact,40,1,heldout_val,55000,4dadd72b9b6b1d66f1ed39a7bda8e6be72d0bfb1e579872d3521bad0a86fefb9,10a1c020e268e60f92a50cb1a938f7e478078107b9a7dd5bcd30e3f36dd50ae6,0c043582d4fd9fa02edf865269d1ba752080dec581307de85e519181414c7951,stripe,fixed,1,10000,76.42999999999999
mnist,vit_small,grayscale,training_dense_testing_sparse,dense,compact,40,1,heldout_val,55000,4dadd72b9b6b1d66f1ed39a7bda8e6be72d0bfb1e579872d3521bad0a86fefb9,10a1c020e268e60f92a50cb1a938f7e478078107b9a7dd5bcd30e3f36dd50ae6,0c043582d4fd9fa02edf865269d1ba752080dec581307de85e519181414c7951,fog,fixed,1,10000,51.93
mnist,vit_small,grayscale,training_dense_testing_sparse,dense,compact,40,1,heldout_val,55000,4dadd72b9b6b1d66f1ed39a7bda8e6be72d0bfb1e579872d3521bad0a86fefb9,10a1c020e268e60f92a50cb1a938f7e478078107b9a7dd5bcd30e3f36dd50ae6,0c043582d4fd9fa02edf865269d1ba752080dec581307de85e519181414c7951,spatter,fixed,1,10000,47.68
mnist,vit_small,grayscale,training_dense_testing_sparse,dense,compact,40,1,heldout_val,55000,4dadd72b9b6b1d66f1ed39a7bda8e6be72d0bfb1e579872d3521bad0a86fefb9,10a1c020e268e60f92a50cb1a938f7e478078107b9a7dd5bcd30e3f36dd50ae6,0c043582d4fd9fa02edf865269d1ba752080dec581307de85e519181414c7951,dotted_line,fixed,1,10000,52.849999999999994
mnist,vit_small,grayscale,training_dense_testing_sparse,dense,compact,40,1,heldout_val,55000,4dadd72b9b6b1d66f1ed39a7bda8e6be72d0bfb1e579872d3521bad0a86fefb9,10a1c020e268e60f92a50cb1a938f7e478078107b9a7dd5bcd30e3f36dd50ae6,0c043582d4fd9fa02edf865269d1ba752080dec581307de85e519181414c7951,zigzag,fixed,1,10000,58.02
mnist,vit_small,grayscale,training_dense_testing_sparse,dense,compact,40,1,heldout_val,55000,4dadd72b9b6b1d66f1ed39a7bda8e6be72d0bfb1e579872d3521bad0a86fefb9,10a1c020e268e60f92a50cb1a938f7e478078107b9a7dd5bcd30e3f36dd50ae6,0c043582d4fd9fa02edf865269d1ba752080dec581307de85e519181414c7951,canny_edges,fixed,1,10000,76.32
mnist,vit_small,grayscale,training_dense_testing_sparse,dense,compact,40,2,heldout_val,55000,cf2a961eb2b321e9d687acf4fe29ffe3b8b688cf02a715d1d8c8c45cc13fb244,04b23e1d894d5cd0ffacd122ef55cc5578fe60d76fbf71286f07dceb0d27c789,e6a832390c850cd02985baa89af74e5b5051e71fc8f593de29cbe32747013aef,clean,clean,1,10000,48.96
mnist,vit_small,grayscale,training_dense_testing_sparse,dense,compact,40,2,heldout_val,55000,cf2a961eb2b321e9d687acf4fe29ffe3b8b688cf02a715d1d8c8c45cc13fb244,04b23e1d894d5cd0ffacd122ef55cc5578fe60d76fbf71286f07dceb0d27c789,e6a832390c850cd02985baa89af74e5b5051e71fc8f593de29cbe32747013aef,shot_noise,fixed,1,10000,75.92
mnist,vit_small,grayscale,training_dense_testing_sparse,dense,compact,40,2,heldout_val,55000,cf2a961eb2b321e9d687acf4fe29ffe3b8b688cf02a715d1d8c8c45cc13fb244,04b23e1d894d5cd0ffacd122ef55cc5578fe60d76fbf71286f07dceb0d27c789,e6a832390c850cd02985baa89af74e5b5051e71fc8f593de29cbe32747013aef,impulse_noise,fixed,1,10000,85.3
mnist,vit_small,grayscale,training_dense_testing_sparse,dense,compact,40,2,heldout_val,55000,cf2a961eb2b321e9d687acf4fe29ffe3b8b688cf02a715d1d8c8c45cc13fb244,04b23e1d894d5cd0ffacd122ef55cc5578fe60d76fbf71286f07dceb0d27c789,e6a832390c850cd02985baa89af74e5b5051e71fc8f593de29cbe32747013aef,glass_blur,fixed,1,10000,72.38
mnist,vit_small,grayscale,training_dense_testing_sparse,dense,compact,40,2,heldout_val,55000,cf2a961eb2b321e9d687acf4fe29ffe3b8b688cf02a715d1d8c8c45cc13fb244,04b23e1d894d5cd0ffacd122ef55cc5578fe60d76fbf71286f07dceb0d27c789,e6a832390c850cd02985baa89af74e5b5051e71fc8f593de29cbe32747013aef,motion_blur,fixed,1,10000,60.89
mnist,vit_small,grayscale,training_dense_testing_sparse,dense,compact,40,2,heldout_val,55000,cf2a961eb2b321e9d687acf4fe29ffe3b8b688cf02a715d1d8c8c45cc13fb244,04b23e1d894d5cd0ffacd122ef55cc5578fe60d76fbf71286f07dceb0d27c789,e6a832390c850cd02985baa89af74e5b5051e71fc8f593de29cbe32747013aef,shear,fixed,1,10000,49.61
mnist,vit_small,grayscale,training_dense_testing_sparse,dense,compact,40,2,heldout_val,55000,cf2a961eb2b321e9d687acf4fe29ffe3b8b688cf02a715d1d8c8c45cc13fb244,04b23e1d894d5cd0ffacd122ef55cc5578fe60d76fbf71286f07dceb0d27c789,e6a832390c850cd02985baa89af74e5b5051e71fc8f593de29cbe32747013aef,scale,fixed,1,10000,71.31
mnist,vit_small,grayscale,training_dense_testing_sparse,dense,compact,40,2,heldout_val,55000,cf2a961eb2b321e9d687acf4fe29ffe3b8b688cf02a715d1d8c8c45cc13fb244,04b23e1d894d5cd0ffacd122ef55cc5578fe60d76fbf71286f07dceb0d27c789,e6a832390c850cd02985baa89af74e5b5051e71fc8f593de29cbe32747013aef,rotate,fixed,1,10000,48.6
mnist,vit_small,grayscale,training_dense_testing_sparse,dense,compact,40,2,heldout_val,55000,cf2a961eb2b321e9d687acf4fe29ffe3b8b688cf02a715d1d8c8c45cc13fb244,04b23e1d894d5cd0ffacd122ef55cc5578fe60d76fbf71286f07dceb0d27c789,e6a832390c850cd02985baa89af74e5b5051e71fc8f593de29cbe32747013aef,brightness,fixed,1,10000,37.63999999999999
mnist,vit_small,grayscale,training_dense_testing_sparse,dense,compact,40,2,heldout_val,55000,cf2a961eb2b321e9d687acf4fe29ffe3b8b688cf02a715d1d8c8c45cc13fb244,04b23e1d894d5cd0ffacd122ef55cc5578fe60d76fbf71286f07dceb0d27c789,e6a832390c850cd02985baa89af74e5b5051e71fc8f593de29cbe32747013aef,translate,fixed,1,10000,82.05
mnist,vit_small,grayscale,training_dense_testing_sparse,dense,compact,40,2,heldout_val,55000,cf2a961eb2b321e9d687acf4fe29ffe3b8b688cf02a715d1d8c8c45cc13fb244,04b23e1d894d5cd0ffacd122ef55cc5578fe60d76fbf71286f07dceb0d27c789,e6a832390c850cd02985baa89af74e5b5051e71fc8f593de29cbe32747013aef,stripe,fixed,1,10000,83.83
mnist,vit_small,grayscale,training_dense_testing_sparse,dense,compact,40,2,heldout_val,55000,cf2a961eb2b321e9d687acf4fe29ffe3b8b688cf02a715d1d8c8c45cc13fb244,04b23e1d894d5cd0ffacd122ef55cc5578fe60d76fbf71286f07dceb0d27c789,e6a832390c850cd02985baa89af74e5b5051e71fc8f593de29cbe32747013aef,fog,fixed,1,10000,62.85000000000001
mnist,vit_small,grayscale,training_dense_testing_sparse,dense,compact,40,2,heldout_val,55000,cf2a961eb2b321e9d687acf4fe29ffe3b8b688cf02a715d1d8c8c45cc13fb244,04b23e1d894d5cd0ffacd122ef55cc5578fe60d76fbf71286f07dceb0d27c789,e6a832390c850cd02985baa89af74e5b5051e71fc8f593de29cbe32747013aef,spatter,fixed,1,10000,47.86
mnist,vit_small,grayscale,training_dense_testing_sparse,dense,compact,40,2,heldout_val,55000,cf2a961eb2b321e9d687acf4fe29ffe3b8b688cf02a715d1d8c8c45cc13fb244,04b23e1d894d5cd0ffacd122ef55cc5578fe60d76fbf71286f07dceb0d27c789,e6a832390c850cd02985baa89af74e5b5051e71fc8f593de29cbe32747013aef,dotted_line,fixed,1,10000,55.43
mnist,vit_small,grayscale,training_dense_testing_sparse,dense,compact,40,2,heldout_val,55000,cf2a961eb2b321e9d687acf4fe29ffe3b8b688cf02a715d1d8c8c45cc13fb244,04b23e1d894d5cd0ffacd122ef55cc5578fe60d76fbf71286f07dceb0d27c789,e6a832390c850cd02985baa89af74e5b5051e71fc8f593de29cbe32747013aef,zigzag,fixed,1,10000,63.12
mnist,vit_small,grayscale,training_dense_testing_sparse,dense,compact,40,2,heldout_val,55000,cf2a961eb2b321e9d687acf4fe29ffe3b8b688cf02a715d1d8c8c45cc13fb244,04b23e1d894d5cd0ffacd122ef55cc5578fe60d76fbf71286f07dceb0d27c789,e6a832390c850cd02985baa89af74e5b5051e71fc8f593de29cbe32747013aef,canny_edges,fixed,1,10000,83.56
mnist,swin_tiny,grayscale,training_dense_testing_sparse,dense,compact,50,0,heldout_val,55000,2fbb3b245c7ec37ed7472f6d7ea69ceeb7e633ff492f3b8887aecfc082fdd14b,473ed25a586e0ea8fb93e4fadfcfd4e7e18bde623e0f22701c184b2da680520b,b5ba882ee04e81c45232c4005e9a820b60c8b46fc9026b6949f38be5e12dae2b,clean,clean,1,10000,6.540000000000001
mnist,swin_tiny,grayscale,training_dense_testing_sparse,dense,compact,50,0,heldout_val,55000,2fbb3b245c7ec37ed7472f6d7ea69ceeb7e633ff492f3b8887aecfc082fdd14b,473ed25a586e0ea8fb93e4fadfcfd4e7e18bde623e0f22701c184b2da680520b,b5ba882ee04e81c45232c4005e9a820b60c8b46fc9026b6949f38be5e12dae2b,shot_noise,fixed,1,10000,27.41
mnist,swin_tiny,grayscale,training_dense_testing_sparse,dense,compact,50,0,heldout_val,55000,2fbb3b245c7ec37ed7472f6d7ea69ceeb7e633ff492f3b8887aecfc082fdd14b,473ed25a586e0ea8fb93e4fadfcfd4e7e18bde623e0f22701c184b2da680520b,b5ba882ee04e81c45232c4005e9a820b60c8b46fc9026b6949f38be5e12dae2b,impulse_noise,fixed,1,10000,75.89
mnist,swin_tiny,grayscale,training_dense_testing_sparse,dense,compact,50,0,heldout_val,55000,2fbb3b245c7ec37ed7472f6d7ea69ceeb7e633ff492f3b8887aecfc082fdd14b,473ed25a586e0ea8fb93e4fadfcfd4e7e18bde623e0f22701c184b2da680520b,b5ba882ee04e81c45232c4005e9a820b60c8b46fc9026b6949f38be5e12dae2b,glass_blur,fixed,1,10000,43.63
mnist,swin_tiny,grayscale,training_dense_testing_sparse,dense,compact,50,0,heldout_val,55000,2fbb3b245c7ec37ed7472f6d7ea69ceeb7e633ff492f3b8887aecfc082fdd14b,473ed25a586e0ea8fb93e4fadfcfd4e7e18bde623e0f22701c184b2da680520b,b5ba882ee04e81c45232c4005e9a820b60c8b46fc9026b6949f38be5e12dae2b,motion_blur,fixed,1,10000,15.059999999999995
mnist,swin_tiny,grayscale,training_dense_testing_sparse,dense,compact,50,0,heldout_val,55000,2fbb3b245c7ec37ed7472f6d7ea69ceeb7e633ff492f3b8887aecfc082fdd14b,473ed25a586e0ea8fb93e4fadfcfd4e7e18bde623e0f22701c184b2da680520b,b5ba882ee04e81c45232c4005e9a820b60c8b46fc9026b6949f38be5e12dae2b,shear,fixed,1,10000,12.919999999999998
mnist,swin_tiny,grayscale,training_dense_testing_sparse,dense,compact,50,0,heldout_val,55000,2fbb3b245c7ec37ed7472f6d7ea69ceeb7e633ff492f3b8887aecfc082fdd14b,473ed25a586e0ea8fb93e4fadfcfd4e7e18bde623e0f22701c184b2da680520b,b5ba882ee04e81c45232c4005e9a820b60c8b46fc9026b6949f38be5e12dae2b,scale,fixed,1,10000,25.249999999999993
mnist,swin_tiny,grayscale,training_dense_testing_sparse,dense,compact,50,0,heldout_val,55000,2fbb3b245c7ec37ed7472f6d7ea69ceeb7e633ff492f3b8887aecfc082fdd14b,473ed25a586e0ea8fb93e4fadfcfd4e7e18bde623e0f22701c184b2da680520b,b5ba882ee04e81c45232c4005e9a820b60c8b46fc9026b6949f38be5e12dae2b,rotate,fixed,1,10000,19.75
mnist,swin_tiny,grayscale,training_dense_testing_sparse,dense,compact,50,0,heldout_val,55000,2fbb3b245c7ec37ed7472f6d7ea69ceeb7e633ff492f3b8887aecfc082fdd14b,473ed25a586e0ea8fb93e4fadfcfd4e7e18bde623e0f22701c184b2da680520b,b5ba882ee04e81c45232c4005e9a820b60c8b46fc9026b6949f38be5e12dae2b,brightness,fixed,1,10000,60.8
mnist,swin_tiny,grayscale,training_dense_testing_sparse,dense,compact,50,0,heldout_val,55000,2fbb3b245c7ec37ed7472f6d7ea69ceeb7e633ff492f3b8887aecfc082fdd14b,473ed25a586e0ea8fb93e4fadfcfd4e7e18bde623e0f22701c184b2da680520b,b5ba882ee04e81c45232c4005e9a820b60c8b46fc9026b6949f38be5e12dae2b,translate,fixed,1,10000,66.72
mnist,swin_tiny,grayscale,training_dense_testing_sparse,dense,compact,50,0,heldout_val,55000,2fbb3b245c7ec37ed7472f6d7ea69ceeb7e633ff492f3b8887aecfc082fdd14b,473ed25a586e0ea8fb93e4fadfcfd4e7e18bde623e0f22701c184b2da680520b,b5ba882ee04e81c45232c4005e9a820b60c8b46fc9026b6949f38be5e12dae2b,stripe,fixed,1,10000,56.28999999999999
mnist,swin_tiny,grayscale,training_dense_testing_sparse,dense,compact,50,0,heldout_val,55000,2fbb3b245c7ec37ed7472f6d7ea69ceeb7e633ff492f3b8887aecfc082fdd14b,473ed25a586e0ea8fb93e4fadfcfd4e7e18bde623e0f22701c184b2da680520b,b5ba882ee04e81c45232c4005e9a820b60c8b46fc9026b6949f38be5e12dae2b,fog,fixed,1,10000,62.129999999999995
mnist,swin_tiny,grayscale,training_dense_testing_sparse,dense,compact,50,0,heldout_val,55000,2fbb3b245c7ec37ed7472f6d7ea69ceeb7e633ff492f3b8887aecfc082fdd14b,473ed25a586e0ea8fb93e4fadfcfd4e7e18bde623e0f22701c184b2da680520b,b5ba882ee04e81c45232c4005e9a820b60c8b46fc9026b6949f38be5e12dae2b,spatter,fixed,1,10000,42.43
mnist,swin_tiny,grayscale,training_dense_testing_sparse,dense,compact,50,0,heldout_val,55000,2fbb3b245c7ec37ed7472f6d7ea69ceeb7e633ff492f3b8887aecfc082fdd14b,473ed25a586e0ea8fb93e4fadfcfd4e7e18bde623e0f22701c184b2da680520b,b5ba882ee04e81c45232c4005e9a820b60c8b46fc9026b6949f38be5e12dae2b,dotted_line,fixed,1,10000,17.889999999999993
mnist,swin_tiny,grayscale,training_dense_testing_sparse,dense,compact,50,0,heldout_val,55000,2fbb3b245c7ec37ed7472f6d7ea69ceeb7e633ff492f3b8887aecfc082fdd14b,473ed25a586e0ea8fb93e4fadfcfd4e7e18bde623e0f22701c184b2da680520b,b5ba882ee04e81c45232c4005e9a820b60c8b46fc9026b6949f38be5e12dae2b,zigzag,fixed,1,10000,30.779999999999998
mnist,swin_tiny,grayscale,training_dense_testing_sparse,dense,compact,50,0,heldout_val,55000,2fbb3b245c7ec37ed7472f6d7ea69ceeb7e633ff492f3b8887aecfc082fdd14b,473ed25a586e0ea8fb93e4fadfcfd4e7e18bde623e0f22701c184b2da680520b,b5ba882ee04e81c45232c4005e9a820b60c8b46fc9026b6949f38be5e12dae2b,canny_edges,fixed,1,10000,32.93000000000001
mnist,swin_tiny,grayscale,training_dense_testing_sparse,dense,compact,50,1,heldout_val,55000,d3d9ac60bbce1aadaaf411d1e22b7339d55ce0922dcfaf6376007b30ad5fd73f,3c122f0fd1faf70a5670d3c6526b0c7197dc73ded514139a3796e6045a6fb776,e6e682f99e0eee247ebb254b29f3eb44b9362a5a7ef446abce3bc043a51997fe,clean,clean,1,10000,12.3
mnist,swin_tiny,grayscale,training_dense_testing_sparse,dense,compact,50,1,heldout_val,55000,d3d9ac60bbce1aadaaf411d1e22b7339d55ce0922dcfaf6376007b30ad5fd73f,3c122f0fd1faf70a5670d3c6526b0c7197dc73ded514139a3796e6045a6fb776,e6e682f99e0eee247ebb254b29f3eb44b9362a5a7ef446abce3bc043a51997fe,shot_noise,fixed,1,10000,31.869999999999997
mnist,swin_tiny,grayscale,training_dense_testing_sparse,dense,compact,50,1,heldout_val,55000,d3d9ac60bbce1aadaaf411d1e22b7339d55ce0922dcfaf6376007b30ad5fd73f,3c122f0fd1faf70a5670d3c6526b0c7197dc73ded514139a3796e6045a6fb776,e6e682f99e0eee247ebb254b29f3eb44b9362a5a7ef446abce3bc043a51997fe,impulse_noise,fixed,1,10000,77.69
mnist,swin_tiny,grayscale,training_dense_testing_sparse,dense,compact,50,1,heldout_val,55000,d3d9ac60bbce1aadaaf411d1e22b7339d55ce0922dcfaf6376007b30ad5fd73f,3c122f0fd1faf70a5670d3c6526b0c7197dc73ded514139a3796e6045a6fb776,e6e682f99e0eee247ebb254b29f3eb44b9362a5a7ef446abce3bc043a51997fe,glass_blur,fixed,1,10000,47.0
mnist,swin_tiny,grayscale,training_dense_testing_sparse,dense,compact,50,1,heldout_val,55000,d3d9ac60bbce1aadaaf411d1e22b7339d55ce0922dcfaf6376007b30ad5fd73f,3c122f0fd1faf70a5670d3c6526b0c7197dc73ded514139a3796e6045a6fb776,e6e682f99e0eee247ebb254b29f3eb44b9362a5a7ef446abce3bc043a51997fe,motion_blur,fixed,1,10000,17.73
mnist,swin_tiny,grayscale,training_dense_testing_sparse,dense,compact,50,1,heldout_val,55000,d3d9ac60bbce1aadaaf411d1e22b7339d55ce0922dcfaf6376007b30ad5fd73f,3c122f0fd1faf70a5670d3c6526b0c7197dc73ded514139a3796e6045a6fb776,e6e682f99e0eee247ebb254b29f3eb44b9362a5a7ef446abce3bc043a51997fe,shear,fixed,1,10000,17.44
mnist,swin_tiny,grayscale,training_dense_testing_sparse,dense,compact,50,1,heldout_val,55000,d3d9ac60bbce1aadaaf411d1e22b7339d55ce0922dcfaf6376007b30ad5fd73f,3c122f0fd1faf70a5670d3c6526b0c7197dc73ded514139a3796e6045a6fb776,e6e682f99e0eee247ebb254b29f3eb44b9362a5a7ef446abce3bc043a51997fe,scale,fixed,1,10000,28.879999999999995
mnist,swin_tiny,grayscale,training_dense_testing_sparse,dense,compact,50,1,heldout_val,55000,d3d9ac60bbce1aadaaf411d1e22b7339d55ce0922dcfaf6376007b30ad5fd73f,3c122f0fd1faf70a5670d3c6526b0c7197dc73ded514139a3796e6045a6fb776,e6e682f99e0eee247ebb254b29f3eb44b9362a5a7ef446abce3bc043a51997fe,rotate,fixed,1,10000,23.060000000000002
mnist,swin_tiny,grayscale,training_dense_testing_sparse,dense,compact,50,1,heldout_val,55000,d3d9ac60bbce1aadaaf411d1e22b7339d55ce0922dcfaf6376007b30ad5fd73f,3c122f0fd1faf70a5670d3c6526b0c7197dc73ded514139a3796e6045a6fb776,e6e682f99e0eee247ebb254b29f3eb44b9362a5a7ef446abce3bc043a51997fe,brightness,fixed,1,10000,56.190000000000005
mnist,swin_tiny,grayscale,training_dense_testing_sparse,dense,compact,50,1,heldout_val,55000,d3d9ac60bbce1aadaaf411d1e22b7339d55ce0922dcfaf6376007b30ad5fd73f,3c122f0fd1faf70a5670d3c6526b0c7197dc73ded514139a3796e6045a6fb776,e6e682f99e0eee247ebb254b29f3eb44b9362a5a7ef446abce3bc043a51997fe,translate,fixed,1,10000,65.41
mnist,swin_tiny,grayscale,training_dense_testing_sparse,dense,compact,50,1,heldout_val,55000,d3d9ac60bbce1aadaaf411d1e22b7339d55ce0922dcfaf6376007b30ad5fd73f,3c122f0fd1faf70a5670d3c6526b0c7197dc73ded514139a3796e6045a6fb776,e6e682f99e0eee247ebb254b29f3eb44b9362a5a7ef446abce3bc043a51997fe,stripe,fixed,1,10000,63.82
mnist,swin_tiny,grayscale,training_dense_testing_sparse,dense,compact,50,1,heldout_val,55000,d3d9ac60bbce1aadaaf411d1e22b7339d55ce0922dcfaf6376007b30ad5fd73f,3c122f0fd1faf70a5670d3c6526b0c7197dc73ded514139a3796e6045a6fb776,e6e682f99e0eee247ebb254b29f3eb44b9362a5a7ef446abce3bc043a51997fe,fog,fixed,1,10000,55.879999999999995
mnist,swin_tiny,grayscale,training_dense_testing_sparse,dense,compact,50,1,heldout_val,55000,d3d9ac60bbce1aadaaf411d1e22b7339d55ce0922dcfaf6376007b30ad5fd73f,3c122f0fd1faf70a5670d3c6526b0c7197dc73ded514139a3796e6045a6fb776,e6e682f99e0eee247ebb254b29f3eb44b9362a5a7ef446abce3bc043a51997fe,spatter,fixed,1,10000,43.21
mnist,swin_tiny,grayscale,training_dense_testing_sparse,dense,compact,50,1,heldout_val,55000,d3d9ac60bbce1aadaaf411d1e22b7339d55ce0922dcfaf6376007b30ad5fd73f,3c122f0fd1faf70a5670d3c6526b0c7197dc73ded514139a3796e6045a6fb776,e6e682f99e0eee247ebb254b29f3eb44b9362a5a7ef446abce3bc043a51997fe,dotted_line,fixed,1,10000,24.9
mnist,swin_tiny,grayscale,training_dense_testing_sparse,dense,compact,50,1,heldout_val,55000,d3d9ac60bbce1aadaaf411d1e22b7339d55ce0922dcfaf6376007b30ad5fd73f,3c122f0fd1faf70a5670d3c6526b0c7197dc73ded514139a3796e6045a6fb776,e6e682f99e0eee247ebb254b29f3eb44b9362a5a7ef446abce3bc043a51997fe,zigzag,fixed,1,10000,34.36
mnist,swin_tiny,grayscale,training_dense_testing_sparse,dense,compact,50,1,heldout_val,55000,d3d9ac60bbce1aadaaf411d1e22b7339d55ce0922dcfaf6376007b30ad5fd73f,3c122f0fd1faf70a5670d3c6526b0c7197dc73ded514139a3796e6045a6fb776,e6e682f99e0eee247ebb254b29f3eb44b9362a5a7ef446abce3bc043a51997fe,canny_edges,fixed,1,10000,36.31999999999999
mnist,swin_tiny,grayscale,training_dense_testing_sparse,dense,compact,50,2,heldout_val,55000,7a9065483534efaf931da3486feb42bd789d665c04bd82f4fd4b774bcf1694dc,b0393e9d1c0e15b51559e628483e2ed496574409f6794199f61ad346d461af16,d702f30cdbb4eec392ad0ecc9abc4f74a4b031dc4dd9bd08fa1670b553a83e7d,clean,clean,1,10000,10.199999999999998
mnist,swin_tiny,grayscale,training_dense_testing_sparse,dense,compact,50,2,heldout_val,55000,7a9065483534efaf931da3486feb42bd789d665c04bd82f4fd4b774bcf1694dc,b0393e9d1c0e15b51559e628483e2ed496574409f6794199f61ad346d461af16,d702f30cdbb4eec392ad0ecc9abc4f74a4b031dc4dd9bd08fa1670b553a83e7d,shot_noise,fixed,1,10000,34.27
mnist,swin_tiny,grayscale,training_dense_testing_sparse,dense,compact,50,2,heldout_val,55000,7a9065483534efaf931da3486feb42bd789d665c04bd82f4fd4b774bcf1694dc,b0393e9d1c0e15b51559e628483e2ed496574409f6794199f61ad346d461af16,d702f30cdbb4eec392ad0ecc9abc4f74a4b031dc4dd9bd08fa1670b553a83e7d,impulse_noise,fixed,1,10000,74.58
mnist,swin_tiny,grayscale,training_dense_testing_sparse,dense,compact,50,2,heldout_val,55000,7a9065483534efaf931da3486feb42bd789d665c04bd82f4fd4b774bcf1694dc,b0393e9d1c0e15b51559e628483e2ed496574409f6794199f61ad346d461af16,d702f30cdbb4eec392ad0ecc9abc4f74a4b031dc4dd9bd08fa1670b553a83e7d,glass_blur,fixed,1,10000,43.410000000000004
mnist,swin_tiny,grayscale,training_dense_testing_sparse,dense,compact,50,2,heldout_val,55000,7a9065483534efaf931da3486feb42bd789d665c04bd82f4fd4b774bcf1694dc,b0393e9d1c0e15b51559e628483e2ed496574409f6794199f61ad346d461af16,d702f30cdbb4eec392ad0ecc9abc4f74a4b031dc4dd9bd08fa1670b553a83e7d,motion_blur,fixed,1,10000,16.03
mnist,swin_tiny,grayscale,training_dense_testing_sparse,dense,compact,50,2,heldout_val,55000,7a9065483534efaf931da3486feb42bd789d665c04bd82f4fd4b774bcf1694dc,b0393e9d1c0e15b51559e628483e2ed496574409f6794199f61ad346d461af16,d702f30cdbb4eec392ad0ecc9abc4f74a4b031dc4dd9bd08fa1670b553a83e7d,shear,fixed,1,10000,16.090000000000003
mnist,swin_tiny,grayscale,training_dense_testing_sparse,dense,compact,50,2,heldout_val,55000,7a9065483534efaf931da3486feb42bd789d665c04bd82f4fd4b774bcf1694dc,b0393e9d1c0e15b51559e628483e2ed496574409f6794199f61ad346d461af16,d702f30cdbb4eec392ad0ecc9abc4f74a4b031dc4dd9bd08fa1670b553a83e7d,scale,fixed,1,10000,36.71
mnist,swin_tiny,grayscale,training_dense_testing_sparse,dense,compact,50,2,heldout_val,55000,7a9065483534efaf931da3486feb42bd789d665c04bd82f4fd4b774bcf1694dc,b0393e9d1c0e15b51559e628483e2ed496574409f6794199f61ad346d461af16,d702f30cdbb4eec392ad0ecc9abc4f74a4b031dc4dd9bd08fa1670b553a83e7d,rotate,fixed,1,10000,22.909999999999997
mnist,swin_tiny,grayscale,training_dense_testing_sparse,dense,compact,50,2,heldout_val,55000,7a9065483534efaf931da3486feb42bd789d665c04bd82f4fd4b774bcf1694dc,b0393e9d1c0e15b51559e628483e2ed496574409f6794199f61ad346d461af16,d702f30cdbb4eec392ad0ecc9abc4f74a4b031dc4dd9bd08fa1670b553a83e7d,brightness,fixed,1,10000,51.449999999999996
mnist,swin_tiny,grayscale,training_dense_testing_sparse,dense,compact,50,2,heldout_val,55000,7a9065483534efaf931da3486feb42bd789d665c04bd82f4fd4b774bcf1694dc,b0393e9d1c0e15b51559e628483e2ed496574409f6794199f61ad346d461af16,d702f30cdbb4eec392ad0ecc9abc4f74a4b031dc4dd9bd08fa1670b553a83e7d,translate,fixed,1,10000,67.45
mnist,swin_tiny,grayscale,training_dense_testing_sparse,dense,compact,50,2,heldout_val,55000,7a9065483534efaf931da3486feb42bd789d665c04bd82f4fd4b774bcf1694dc,b0393e9d1c0e15b51559e628483e2ed496574409f6794199f61ad346d461af16,d702f30cdbb4eec392ad0ecc9abc4f74a4b031dc4dd9bd08fa1670b553a83e7d,stripe,fixed,1,10000,56.48
mnist,swin_tiny,grayscale,training_dense_testing_sparse,dense,compact,50,2,heldout_val,55000,7a9065483534efaf931da3486feb42bd789d665c04bd82f4fd4b774bcf1694dc,b0393e9d1c0e15b51559e628483e2ed496574409f6794199f61ad346d461af16,d702f30cdbb4eec392ad0ecc9abc4f74a4b031dc4dd9bd08fa1670b553a83e7d,fog,fixed,1,10000,48.81999999999999
mnist,swin_tiny,grayscale,training_dense_testing_sparse,dense,compact,50,2,heldout_val,55000,7a9065483534efaf931da3486feb42bd789d665c04bd82f4fd4b774bcf1694dc,b0393e9d1c0e15b51559e628483e2ed496574409f6794199f61ad346d461af16,d702f30cdbb4eec392ad0ecc9abc4f74a4b031dc4dd9bd08fa1670b553a83e7d,spatter,fixed,1,10000,46.31999999999999
mnist,swin_tiny,grayscale,training_dense_testing_sparse,dense,compact,50,2,heldout_val,55000,7a9065483534efaf931da3486feb42bd789d665c04bd82f4fd4b774bcf1694dc,b0393e9d1c0e15b51559e628483e2ed496574409f6794199f61ad346d461af16,d702f30cdbb4eec392ad0ecc9abc4f74a4b031dc4dd9bd08fa1670b553a83e7d,dotted_line,fixed,1,10000,23.18
mnist,swin_tiny,grayscale,training_dense_testing_sparse,dense,compact,50,2,heldout_val,55000,7a9065483534efaf931da3486feb42bd789d665c04bd82f4fd4b774bcf1694dc,b0393e9d1c0e15b51559e628483e2ed496574409f6794199f61ad346d461af16,d702f30cdbb4eec392ad0ecc9abc4f74a4b031dc4dd9bd08fa1670b553a83e7d,zigzag,fixed,1,10000,31.489999999999995
mnist,swin_tiny,grayscale,training_dense_testing_sparse,dense,compact,50,2,heldout_val,55000,7a9065483534efaf931da3486feb42bd789d665c04bd82f4fd4b774bcf1694dc,b0393e9d1c0e15b51559e628483e2ed496574409f6794199f61ad346d461af16,d702f30cdbb4eec392ad0ecc9abc4f74a4b031dc4dd9bd08fa1670b553a83e7d,canny_edges,fixed,1,10000,41.279999999999994
mnist,vit_small,grayscale,training_dense_testing_sparse,dense,compact,50,0,heldout_val,55000,c1ff008ab06859349e5a5cf13c4906321278d0b80e39fa70ecde6b22a9b6e654,1febb833c97989dec964ce4247d5bb9f7f212d0d0ffea0016b5b7d6ef9e061db,179475b8b5f1f60331c2ef36bed036328ffb8901f10573d5da34e3c145a3b99c,clean,clean,1,10000,49.89
mnist,vit_small,grayscale,training_dense_testing_sparse,dense,compact,50,0,heldout_val,55000,c1ff008ab06859349e5a5cf13c4906321278d0b80e39fa70ecde6b22a9b6e654,1febb833c97989dec964ce4247d5bb9f7f212d0d0ffea0016b5b7d6ef9e061db,179475b8b5f1f60331c2ef36bed036328ffb8901f10573d5da34e3c145a3b99c,shot_noise,fixed,1,10000,77.7
mnist,vit_small,grayscale,training_dense_testing_sparse,dense,compact,50,0,heldout_val,55000,c1ff008ab06859349e5a5cf13c4906321278d0b80e39fa70ecde6b22a9b6e654,1febb833c97989dec964ce4247d5bb9f7f212d0d0ffea0016b5b7d6ef9e061db,179475b8b5f1f60331c2ef36bed036328ffb8901f10573d5da34e3c145a3b99c,impulse_noise,fixed,1,10000,87.46000000000001
mnist,vit_small,grayscale,training_dense_testing_sparse,dense,compact,50,0,heldout_val,55000,c1ff008ab06859349e5a5cf13c4906321278d0b80e39fa70ecde6b22a9b6e654,1febb833c97989dec964ce4247d5bb9f7f212d0d0ffea0016b5b7d6ef9e061db,179475b8b5f1f60331c2ef36bed036328ffb8901f10573d5da34e3c145a3b99c,glass_blur,fixed,1,10000,68.86
mnist,vit_small,grayscale,training_dense_testing_sparse,dense,compact,50,0,heldout_val,55000,c1ff008ab06859349e5a5cf13c4906321278d0b80e39fa70ecde6b22a9b6e654,1febb833c97989dec964ce4247d5bb9f7f212d0d0ffea0016b5b7d6ef9e061db,179475b8b5f1f60331c2ef36bed036328ffb8901f10573d5da34e3c145a3b99c,motion_blur,fixed,1,10000,64.22
mnist,vit_small,grayscale,training_dense_testing_sparse,dense,compact,50,0,heldout_val,55000,c1ff008ab06859349e5a5cf13c4906321278d0b80e39fa70ecde6b22a9b6e654,1febb833c97989dec964ce4247d5bb9f7f212d0d0ffea0016b5b7d6ef9e061db,179475b8b5f1f60331c2ef36bed036328ffb8901f10573d5da34e3c145a3b99c,shear,fixed,1,10000,50.59
mnist,vit_small,grayscale,training_dense_testing_sparse,dense,compact,50,0,heldout_val,55000,c1ff008ab06859349e5a5cf13c4906321278d0b80e39fa70ecde6b22a9b6e654,1febb833c97989dec964ce4247d5bb9f7f212d0d0ffea0016b5b7d6ef9e061db,179475b8b5f1f60331c2ef36bed036328ffb8901f10573d5da34e3c145a3b99c,scale,fixed,1,10000,69.48
mnist,vit_small,grayscale,training_dense_testing_sparse,dense,compact,50,0,heldout_val,55000,c1ff008ab06859349e5a5cf13c4906321278d0b80e39fa70ecde6b22a9b6e654,1febb833c97989dec964ce4247d5bb9f7f212d0d0ffea0016b5b7d6ef9e061db,179475b8b5f1f60331c2ef36bed036328ffb8901f10573d5da34e3c145a3b99c,rotate,fixed,1,10000,50.480000000000004
mnist,vit_small,grayscale,training_dense_testing_sparse,dense,compact,50,0,heldout_val,55000,c1ff008ab06859349e5a5cf13c4906321278d0b80e39fa70ecde6b22a9b6e654,1febb833c97989dec964ce4247d5bb9f7f212d0d0ffea0016b5b7d6ef9e061db,179475b8b5f1f60331c2ef36bed036328ffb8901f10573d5da34e3c145a3b99c,brightness,fixed,1,10000,59.25
mnist,vit_small,grayscale,training_dense_testing_sparse,dense,compact,50,0,heldout_val,55000,c1ff008ab06859349e5a5cf13c4906321278d0b80e39fa70ecde6b22a9b6e654,1febb833c97989dec964ce4247d5bb9f7f212d0d0ffea0016b5b7d6ef9e061db,179475b8b5f1f60331c2ef36bed036328ffb8901f10573d5da34e3c145a3b99c,translate,fixed,1,10000,78.81
mnist,vit_small,grayscale,training_dense_testing_sparse,dense,compact,50,0,heldout_val,55000,c1ff008ab06859349e5a5cf13c4906321278d0b80e39fa70ecde6b22a9b6e654,1febb833c97989dec964ce4247d5bb9f7f212d0d0ffea0016b5b7d6ef9e061db,179475b8b5f1f60331c2ef36bed036328ffb8901f10573d5da34e3c145a3b99c,stripe,fixed,1,10000,73.33000000000001
mnist,vit_small,grayscale,training_dense_testing_sparse,dense,compact,50,0,heldout_val,55000,c1ff008ab06859349e5a5cf13c4906321278d0b80e39fa70ecde6b22a9b6e654,1febb833c97989dec964ce4247d5bb9f7f212d0d0ffea0016b5b7d6ef9e061db,179475b8b5f1f60331c2ef36bed036328ffb8901f10573d5da34e3c145a3b99c,fog,fixed,1,10000,68.53
mnist,vit_small,grayscale,training_dense_testing_sparse,dense,compact,50,0,heldout_val,55000,c1ff008ab06859349e5a5cf13c4906321278d0b80e39fa70ecde6b22a9b6e654,1febb833c97989dec964ce4247d5bb9f7f212d0d0ffea0016b5b7d6ef9e061db,179475b8b5f1f60331c2ef36bed036328ffb8901f10573d5da34e3c145a3b99c,spatter,fixed,1,10000,51.82
mnist,vit_small,grayscale,training_dense_testing_sparse,dense,compact,50,0,heldout_val,55000,c1ff008ab06859349e5a5cf13c4906321278d0b80e39fa70ecde6b22a9b6e654,1febb833c97989dec964ce4247d5bb9f7f212d0d0ffea0016b5b7d6ef9e061db,179475b8b5f1f60331c2ef36bed036328ffb8901f10573d5da34e3c145a3b99c,dotted_line,fixed,1,10000,56.28999999999999
mnist,vit_small,grayscale,training_dense_testing_sparse,dense,compact,50,0,heldout_val,55000,c1ff008ab06859349e5a5cf13c4906321278d0b80e39fa70ecde6b22a9b6e654,1febb833c97989dec964ce4247d5bb9f7f212d0d0ffea0016b5b7d6ef9e061db,179475b8b5f1f60331c2ef36bed036328ffb8901f10573d5da34e3c145a3b99c,zigzag,fixed,1,10000,62.949999999999996
mnist,vit_small,grayscale,training_dense_testing_sparse,dense,compact,50,0,heldout_val,55000,c1ff008ab06859349e5a5cf13c4906321278d0b80e39fa70ecde6b22a9b6e654,1febb833c97989dec964ce4247d5bb9f7f212d0d0ffea0016b5b7d6ef9e061db,179475b8b5f1f60331c2ef36bed036328ffb8901f10573d5da34e3c145a3b99c,canny_edges,fixed,1,10000,84.05
mnist,vit_small,grayscale,training_dense_testing_sparse,dense,compact,50,1,heldout_val,55000,e32b8adb965311f0adbddb2230cd6097f75c42ce51918978bc79c3d410fb3dc1,10a1c020e268e60f92a50cb1a938f7e478078107b9a7dd5bcd30e3f36dd50ae6,0c043582d4fd9fa02edf865269d1ba752080dec581307de85e519181414c7951,clean,clean,1,10000,46.89
mnist,vit_small,grayscale,training_dense_testing_sparse,dense,compact,50,1,heldout_val,55000,e32b8adb965311f0adbddb2230cd6097f75c42ce51918978bc79c3d410fb3dc1,10a1c020e268e60f92a50cb1a938f7e478078107b9a7dd5bcd30e3f36dd50ae6,0c043582d4fd9fa02edf865269d1ba752080dec581307de85e519181414c7951,shot_noise,fixed,1,10000,70.21
mnist,vit_small,grayscale,training_dense_testing_sparse,dense,compact,50,1,heldout_val,55000,e32b8adb965311f0adbddb2230cd6097f75c42ce51918978bc79c3d410fb3dc1,10a1c020e268e60f92a50cb1a938f7e478078107b9a7dd5bcd30e3f36dd50ae6,0c043582d4fd9fa02edf865269d1ba752080dec581307de85e519181414c7951,impulse_noise,fixed,1,10000,85.8
mnist,vit_small,grayscale,training_dense_testing_sparse,dense,compact,50,1,heldout_val,55000,e32b8adb965311f0adbddb2230cd6097f75c42ce51918978bc79c3d410fb3dc1,10a1c020e268e60f92a50cb1a938f7e478078107b9a7dd5bcd30e3f36dd50ae6,0c043582d4fd9fa02edf865269d1ba752080dec581307de85e519181414c7951,glass_blur,fixed,1,10000,69.17999999999999
mnist,vit_small,grayscale,training_dense_testing_sparse,dense,compact,50,1,heldout_val,55000,e32b8adb965311f0adbddb2230cd6097f75c42ce51918978bc79c3d410fb3dc1,10a1c020e268e60f92a50cb1a938f7e478078107b9a7dd5bcd30e3f36dd50ae6,0c043582d4fd9fa02edf865269d1ba752080dec581307de85e519181414c7951,motion_blur,fixed,1,10000,60.919999999999995
mnist,vit_small,grayscale,training_dense_testing_sparse,dense,compact,50,1,heldout_val,55000,e32b8adb965311f0adbddb2230cd6097f75c42ce51918978bc79c3d410fb3dc1,10a1c020e268e60f92a50cb1a938f7e478078107b9a7dd5bcd30e3f36dd50ae6,0c043582d4fd9fa02edf865269d1ba752080dec581307de85e519181414c7951,shear,fixed,1,10000,51.65
mnist,vit_small,grayscale,training_dense_testing_sparse,dense,compact,50,1,heldout_val,55000,e32b8adb965311f0adbddb2230cd6097f75c42ce51918978bc79c3d410fb3dc1,10a1c020e268e60f92a50cb1a938f7e478078107b9a7dd5bcd30e3f36dd50ae6,0c043582d4fd9fa02edf865269d1ba752080dec581307de85e519181414c7951,scale,fixed,1,10000,69.38
mnist,vit_small,grayscale,training_dense_testing_sparse,dense,compact,50,1,heldout_val,55000,e32b8adb965311f0adbddb2230cd6097f75c42ce51918978bc79c3d410fb3dc1,10a1c020e268e60f92a50cb1a938f7e478078107b9a7dd5bcd30e3f36dd50ae6,0c043582d4fd9fa02edf865269d1ba752080dec581307de85e519181414c7951,rotate,fixed,1,10000,50.459999999999994
mnist,vit_small,grayscale,training_dense_testing_sparse,dense,compact,50,1,heldout_val,55000,e32b8adb965311f0adbddb2230cd6097f75c42ce51918978bc79c3d410fb3dc1,10a1c020e268e60f92a50cb1a938f7e478078107b9a7dd5bcd30e3f36dd50ae6,0c043582d4fd9fa02edf865269d1ba752080dec581307de85e519181414c7951,brightness,fixed,1,10000,62.24000000000001
mnist,vit_small,grayscale,training_dense_testing_sparse,dense,compact,50,1,heldout_val,55000,e32b8adb965311f0adbddb2230cd6097f75c42ce51918978bc79c3d410fb3dc1,10a1c020e268e60f92a50cb1a938f7e478078107b9a7dd5bcd30e3f36dd50ae6,0c043582d4fd9fa02edf865269d1ba752080dec581307de85e519181414c7951,translate,fixed,1,10000,79.14999999999999
mnist,vit_small,grayscale,training_dense_testing_sparse,dense,compact,50,1,heldout_val,55000,e32b8adb965311f0adbddb2230cd6097f75c42ce51918978bc79c3d410fb3dc1,10a1c020e268e60f92a50cb1a938f7e478078107b9a7dd5bcd30e3f36dd50ae6,0c043582d4fd9fa02edf865269d1ba752080dec581307de85e519181414c7951,stripe,fixed,1,10000,81.91
mnist,vit_small,grayscale,training_dense_testing_sparse,dense,compact,50,1,heldout_val,55000,e32b8adb965311f0adbddb2230cd6097f75c42ce51918978bc79c3d410fb3dc1,10a1c020e268e60f92a50cb1a938f7e478078107b9a7dd5bcd30e3f36dd50ae6,0c043582d4fd9fa02edf865269d1ba752080dec581307de85e519181414c7951,fog,fixed,1,10000,67.11
mnist,vit_small,grayscale,training_dense_testing_sparse,dense,compact,50,1,heldout_val,55000,e32b8adb965311f0adbddb2230cd6097f75c42ce51918978bc79c3d410fb3dc1,10a1c020e268e60f92a50cb1a938f7e478078107b9a7dd5bcd30e3f36dd50ae6,0c043582d4fd9fa02edf865269d1ba752080dec581307de85e519181414c7951,spatter,fixed,1,10000,50.519999999999996
mnist,vit_small,grayscale,training_dense_testing_sparse,dense,compact,50,1,heldout_val,55000,e32b8adb965311f0adbddb2230cd6097f75c42ce51918978bc79c3d410fb3dc1,10a1c020e268e60f92a50cb1a938f7e478078107b9a7dd5bcd30e3f36dd50ae6,0c043582d4fd9fa02edf865269d1ba752080dec581307de85e519181414c7951,dotted_line,fixed,1,10000,53.05
mnist,vit_small,grayscale,training_dense_testing_sparse,dense,compact,50,1,heldout_val,55000,e32b8adb965311f0adbddb2230cd6097f75c42ce51918978bc79c3d410fb3dc1,10a1c020e268e60f92a50cb1a938f7e478078107b9a7dd5bcd30e3f36dd50ae6,0c043582d4fd9fa02edf865269d1ba752080dec581307de85e519181414c7951,zigzag,fixed,1,10000,58.77
mnist,vit_small,grayscale,training_dense_testing_sparse,dense,compact,50,1,heldout_val,55000,e32b8adb965311f0adbddb2230cd6097f75c42ce51918978bc79c3d410fb3dc1,10a1c020e268e60f92a50cb1a938f7e478078107b9a7dd5bcd30e3f36dd50ae6,0c043582d4fd9fa02edf865269d1ba752080dec581307de85e519181414c7951,canny_edges,fixed,1,10000,76.32
mnist,vit_small,grayscale,training_dense_testing_sparse,dense,compact,50,2,heldout_val,55000,c0e2b46b45dd6a7fce5418530474f8dd32609b8c62bfea6bccbcb0c90c67681f,04b23e1d894d5cd0ffacd122ef55cc5578fe60d76fbf71286f07dceb0d27c789,e6a832390c850cd02985baa89af74e5b5051e71fc8f593de29cbe32747013aef,clean,clean,1,10000,48.96
mnist,vit_small,grayscale,training_dense_testing_sparse,dense,compact,50,2,heldout_val,55000,c0e2b46b45dd6a7fce5418530474f8dd32609b8c62bfea6bccbcb0c90c67681f,04b23e1d894d5cd0ffacd122ef55cc5578fe60d76fbf71286f07dceb0d27c789,e6a832390c850cd02985baa89af74e5b5051e71fc8f593de29cbe32747013aef,shot_noise,fixed,1,10000,75.92
mnist,vit_small,grayscale,training_dense_testing_sparse,dense,compact,50,2,heldout_val,55000,c0e2b46b45dd6a7fce5418530474f8dd32609b8c62bfea6bccbcb0c90c67681f,04b23e1d894d5cd0ffacd122ef55cc5578fe60d76fbf71286f07dceb0d27c789,e6a832390c850cd02985baa89af74e5b5051e71fc8f593de29cbe32747013aef,impulse_noise,fixed,1,10000,85.92999999999999
mnist,vit_small,grayscale,training_dense_testing_sparse,dense,compact,50,2,heldout_val,55000,c0e2b46b45dd6a7fce5418530474f8dd32609b8c62bfea6bccbcb0c90c67681f,04b23e1d894d5cd0ffacd122ef55cc5578fe60d76fbf71286f07dceb0d27c789,e6a832390c850cd02985baa89af74e5b5051e71fc8f593de29cbe32747013aef,glass_blur,fixed,1,10000,75.11
mnist,vit_small,grayscale,training_dense_testing_sparse,dense,compact,50,2,heldout_val,55000,c0e2b46b45dd6a7fce5418530474f8dd32609b8c62bfea6bccbcb0c90c67681f,04b23e1d894d5cd0ffacd122ef55cc5578fe60d76fbf71286f07dceb0d27c789,e6a832390c850cd02985baa89af74e5b5051e71fc8f593de29cbe32747013aef,motion_blur,fixed,1,10000,61.620000000000005
mnist,vit_small,grayscale,training_dense_testing_sparse,dense,compact,50,2,heldout_val,55000,c0e2b46b45dd6a7fce5418530474f8dd32609b8c62bfea6bccbcb0c90c67681f,04b23e1d894d5cd0ffacd122ef55cc5578fe60d76fbf71286f07dceb0d27c789,e6a832390c850cd02985baa89af74e5b5051e71fc8f593de29cbe32747013aef,shear,fixed,1,10000,49.870000000000005
mnist,vit_small,grayscale,training_dense_testing_sparse,dense,compact,50,2,heldout_val,55000,c0e2b46b45dd6a7fce5418530474f8dd32609b8c62bfea6bccbcb0c90c67681f,04b23e1d894d5cd0ffacd122ef55cc5578fe60d76fbf71286f07dceb0d27c789,e6a832390c850cd02985baa89af74e5b5051e71fc8f593de29cbe32747013aef,scale,fixed,1,10000,71.31
mnist,vit_small,grayscale,training_dense_testing_sparse,dense,compact,50,2,heldout_val,55000,c0e2b46b45dd6a7fce5418530474f8dd32609b8c62bfea6bccbcb0c90c67681f,04b23e1d894d5cd0ffacd122ef55cc5578fe60d76fbf71286f07dceb0d27c789,e6a832390c850cd02985baa89af74e5b5051e71fc8f593de29cbe32747013aef,rotate,fixed,1,10000,48.74000000000001
mnist,vit_small,grayscale,training_dense_testing_sparse,dense,compact,50,2,heldout_val,55000,c0e2b46b45dd6a7fce5418530474f8dd32609b8c62bfea6bccbcb0c90c67681f,04b23e1d894d5cd0ffacd122ef55cc5578fe60d76fbf71286f07dceb0d27c789,e6a832390c850cd02985baa89af74e5b5051e71fc8f593de29cbe32747013aef,brightness,fixed,1,10000,58.76
mnist,vit_small,grayscale,training_dense_testing_sparse,dense,compact,50,2,heldout_val,55000,c0e2b46b45dd6a7fce5418530474f8dd32609b8c62bfea6bccbcb0c90c67681f,04b23e1d894d5cd0ffacd122ef55cc5578fe60d76fbf71286f07dceb0d27c789,e6a832390c850cd02985baa89af74e5b5051e71fc8f593de29cbe32747013aef,translate,fixed,1,10000,82.05
mnist,vit_small,grayscale,training_dense_testing_sparse,dense,compact,50,2,heldout_val,55000,c0e2b46b45dd6a7fce5418530474f8dd32609b8c62bfea6bccbcb0c90c67681f,04b23e1d894d5cd0ffacd122ef55cc5578fe60d76fbf71286f07dceb0d27c789,e6a832390c850cd02985baa89af74e5b5051e71fc8f593de29cbe32747013aef,stripe,fixed,1,10000,85.85000000000001
mnist,vit_small,grayscale,training_dense_testing_sparse,dense,compact,50,2,heldout_val,55000,c0e2b46b45dd6a7fce5418530474f8dd32609b8c62bfea6bccbcb0c90c67681f,04b23e1d894d5cd0ffacd122ef55cc5578fe60d76fbf71286f07dceb0d27c789,e6a832390c850cd02985baa89af74e5b5051e71fc8f593de29cbe32747013aef,fog,fixed,1,10000,68.23
mnist,vit_small,grayscale,training_dense_testing_sparse,dense,compact,50,2,heldout_val,55000,c0e2b46b45dd6a7fce5418530474f8dd32609b8c62bfea6bccbcb0c90c67681f,04b23e1d894d5cd0ffacd122ef55cc5578fe60d76fbf71286f07dceb0d27c789,e6a832390c850cd02985baa89af74e5b5051e71fc8f593de29cbe32747013aef,spatter,fixed,1,10000,50.85999999999999
mnist,vit_small,grayscale,training_dense_testing_sparse,dense,compact,50,2,heldout_val,55000,c0e2b46b45dd6a7fce5418530474f8dd32609b8c62bfea6bccbcb0c90c67681f,04b23e1d894d5cd0ffacd122ef55cc5578fe60d76fbf71286f07dceb0d27c789,e6a832390c850cd02985baa89af74e5b5051e71fc8f593de29cbe32747013aef,dotted_line,fixed,1,10000,55.55
mnist,vit_small,grayscale,training_dense_testing_sparse,dense,compact,50,2,heldout_val,55000,c0e2b46b45dd6a7fce5418530474f8dd32609b8c62bfea6bccbcb0c90c67681f,04b23e1d894d5cd0ffacd122ef55cc5578fe60d76fbf71286f07dceb0d27c789,e6a832390c850cd02985baa89af74e5b5051e71fc8f593de29cbe32747013aef,zigzag,fixed,1,10000,63.690000000000005
mnist,vit_small,grayscale,training_dense_testing_sparse,dense,compact,50,2,heldout_val,55000,c0e2b46b45dd6a7fce5418530474f8dd32609b8c62bfea6bccbcb0c90c67681f,04b23e1d894d5cd0ffacd122ef55cc5578fe60d76fbf71286f07dceb0d27c789,e6a832390c850cd02985baa89af74e5b5051e71fc8f593de29cbe32747013aef,canny_edges,fixed,1,10000,83.56
mnist,swin_tiny,grayscale,training_dense_testing_sparse,dense,compact,60,0,heldout_val,55000,2d2d2fe91edbc933c3d6197a54cba848b6fe11ecb67ed2ab55ff0fa46700024c,473ed25a586e0ea8fb93e4fadfcfd4e7e18bde623e0f22701c184b2da680520b,b5ba882ee04e81c45232c4005e9a820b60c8b46fc9026b6949f38be5e12dae2b,clean,clean,1,10000,6.530000000000003
mnist,swin_tiny,grayscale,training_dense_testing_sparse,dense,compact,60,0,heldout_val,55000,2d2d2fe91edbc933c3d6197a54cba848b6fe11ecb67ed2ab55ff0fa46700024c,473ed25a586e0ea8fb93e4fadfcfd4e7e18bde623e0f22701c184b2da680520b,b5ba882ee04e81c45232c4005e9a820b60c8b46fc9026b6949f38be5e12dae2b,shot_noise,fixed,1,10000,27.490000000000002
mnist,swin_tiny,grayscale,training_dense_testing_sparse,dense,compact,60,0,heldout_val,55000,2d2d2fe91edbc933c3d6197a54cba848b6fe11ecb67ed2ab55ff0fa46700024c,473ed25a586e0ea8fb93e4fadfcfd4e7e18bde623e0f22701c184b2da680520b,b5ba882ee04e81c45232c4005e9a820b60c8b46fc9026b6949f38be5e12dae2b,impulse_noise,fixed,1,10000,82.0
mnist,swin_tiny,grayscale,training_dense_testing_sparse,dense,compact,60,0,heldout_val,55000,2d2d2fe91edbc933c3d6197a54cba848b6fe11ecb67ed2ab55ff0fa46700024c,473ed25a586e0ea8fb93e4fadfcfd4e7e18bde623e0f22701c184b2da680520b,b5ba882ee04e81c45232c4005e9a820b60c8b46fc9026b6949f38be5e12dae2b,glass_blur,fixed,1,10000,52.33
mnist,swin_tiny,grayscale,training_dense_testing_sparse,dense,compact,60,0,heldout_val,55000,2d2d2fe91edbc933c3d6197a54cba848b6fe11ecb67ed2ab55ff0fa46700024c,473ed25a586e0ea8fb93e4fadfcfd4e7e18bde623e0f22701c184b2da680520b,b5ba882ee04e81c45232c4005e9a820b60c8b46fc9026b6949f38be5e12dae2b,motion_blur,fixed,1,10000,17.020000000000003
mnist,swin_tiny,grayscale,training_dense_testing_sparse,dense,compact,60,0,heldout_val,55000,2d2d2fe91edbc933c3d6197a54cba848b6fe11ecb67ed2ab55ff0fa46700024c,473ed25a586e0ea8fb93e4fadfcfd4e7e18bde623e0f22701c184b2da680520b,b5ba882ee04e81c45232c4005e9a820b60c8b46fc9026b6949f38be5e12dae2b,shear,fixed,1,10000,13.41
mnist,swin_tiny,grayscale,training_dense_testing_sparse,dense,compact,60,0,heldout_val,55000,2d2d2fe91edbc933c3d6197a54cba848b6fe11ecb67ed2ab55ff0fa46700024c,473ed25a586e0ea8fb93e4fadfcfd4e7e18bde623e0f22701c184b2da680520b,b5ba882ee04e81c45232c4005e9a820b60c8b46fc9026b6949f38be5e12dae2b,scale,fixed,1,10000,25.249999999999993
mnist,swin_tiny,grayscale,training_dense_testing_sparse,dense,compact,60,0,heldout_val,55000,2d2d2fe91edbc933c3d6197a54cba848b6fe11ecb67ed2ab55ff0fa46700024c,473ed25a586e0ea8fb93e4fadfcfd4e7e18bde623e0f22701c184b2da680520b,b5ba882ee04e81c45232c4005e9a820b60c8b46fc9026b6949f38be5e12dae2b,rotate,fixed,1,10000,19.950000000000003
mnist,swin_tiny,grayscale,training_dense_testing_sparse,dense,compact,60,0,heldout_val,55000,2d2d2fe91edbc933c3d6197a54cba848b6fe11ecb67ed2ab55ff0fa46700024c,473ed25a586e0ea8fb93e4fadfcfd4e7e18bde623e0f22701c184b2da680520b,b5ba882ee04e81c45232c4005e9a820b60c8b46fc9026b6949f38be5e12dae2b,brightness,fixed,1,10000,63.339999999999996
mnist,swin_tiny,grayscale,training_dense_testing_sparse,dense,compact,60,0,heldout_val,55000,2d2d2fe91edbc933c3d6197a54cba848b6fe11ecb67ed2ab55ff0fa46700024c,473ed25a586e0ea8fb93e4fadfcfd4e7e18bde623e0f22701c184b2da680520b,b5ba882ee04e81c45232c4005e9a820b60c8b46fc9026b6949f38be5e12dae2b,translate,fixed,1,10000,66.78
mnist,swin_tiny,grayscale,training_dense_testing_sparse,dense,compact,60,0,heldout_val,55000,2d2d2fe91edbc933c3d6197a54cba848b6fe11ecb67ed2ab55ff0fa46700024c,473ed25a586e0ea8fb93e4fadfcfd4e7e18bde623e0f22701c184b2da680520b,b5ba882ee04e81c45232c4005e9a820b60c8b46fc9026b6949f38be5e12dae2b,stripe,fixed,1,10000,62.07
mnist,swin_tiny,grayscale,training_dense_testing_sparse,dense,compact,60,0,heldout_val,55000,2d2d2fe91edbc933c3d6197a54cba848b6fe11ecb67ed2ab55ff0fa46700024c,473ed25a586e0ea8fb93e4fadfcfd4e7e18bde623e0f22701c184b2da680520b,b5ba882ee04e81c45232c4005e9a820b60c8b46fc9026b6949f38be5e12dae2b,fog,fixed,1,10000,65.78999999999999
mnist,swin_tiny,grayscale,training_dense_testing_sparse,dense,compact,60,0,heldout_val,55000,2d2d2fe91edbc933c3d6197a54cba848b6fe11ecb67ed2ab55ff0fa46700024c,473ed25a586e0ea8fb93e4fadfcfd4e7e18bde623e0f22701c184b2da680520b,b5ba882ee04e81c45232c4005e9a820b60c8b46fc9026b6949f38be5e12dae2b,spatter,fixed,1,10000,47.629999999999995
mnist,swin_tiny,grayscale,training_dense_testing_sparse,dense,compact,60,0,heldout_val,55000,2d2d2fe91edbc933c3d6197a54cba848b6fe11ecb67ed2ab55ff0fa46700024c,473ed25a586e0ea8fb93e4fadfcfd4e7e18bde623e0f22701c184b2da680520b,b5ba882ee04e81c45232c4005e9a820b60c8b46fc9026b6949f38be5e12dae2b,dotted_line,fixed,1,10000,18.669999999999998
mnist,swin_tiny,grayscale,training_dense_testing_sparse,dense,compact,60,0,heldout_val,55000,2d2d2fe91edbc933c3d6197a54cba848b6fe11ecb67ed2ab55ff0fa46700024c,473ed25a586e0ea8fb93e4fadfcfd4e7e18bde623e0f22701c184b2da680520b,b5ba882ee04e81c45232c4005e9a820b60c8b46fc9026b6949f38be5e12dae2b,zigzag,fixed,1,10000,32.13
mnist,swin_tiny,grayscale,training_dense_testing_sparse,dense,compact,60,0,heldout_val,55000,2d2d2fe91edbc933c3d6197a54cba848b6fe11ecb67ed2ab55ff0fa46700024c,473ed25a586e0ea8fb93e4fadfcfd4e7e18bde623e0f22701c184b2da680520b,b5ba882ee04e81c45232c4005e9a820b60c8b46fc9026b6949f38be5e12dae2b,canny_edges,fixed,1,10000,33.13
mnist,swin_tiny,grayscale,training_dense_testing_sparse,dense,compact,60,1,heldout_val,55000,3b4765b37189baeb40fbae87d7ecd899b1460638d8b6cd66cf55c24730b68546,3c122f0fd1faf70a5670d3c6526b0c7197dc73ded514139a3796e6045a6fb776,e6e682f99e0eee247ebb254b29f3eb44b9362a5a7ef446abce3bc043a51997fe,clean,clean,1,10000,12.360000000000005
mnist,swin_tiny,grayscale,training_dense_testing_sparse,dense,compact,60,1,heldout_val,55000,3b4765b37189baeb40fbae87d7ecd899b1460638d8b6cd66cf55c24730b68546,3c122f0fd1faf70a5670d3c6526b0c7197dc73ded514139a3796e6045a6fb776,e6e682f99e0eee247ebb254b29f3eb44b9362a5a7ef446abce3bc043a51997fe,shot_noise,fixed,1,10000,31.979999999999997
mnist,swin_tiny,grayscale,training_dense_testing_sparse,dense,compact,60,1,heldout_val,55000,3b4765b37189baeb40fbae87d7ecd899b1460638d8b6cd66cf55c24730b68546,3c122f0fd1faf70a5670d3c6526b0c7197dc73ded514139a3796e6045a6fb776,e6e682f99e0eee247ebb254b29f3eb44b9362a5a7ef446abce3bc043a51997fe,impulse_noise,fixed,1,10000,81.57
mnist,swin_tiny,grayscale,training_dense_testing_sparse,dense,compact,60,1,heldout_val,55000,3b4765b37189baeb40fbae87d7ecd899b1460638d8b6cd66cf55c24730b68546,3c122f0fd1faf70a5670d3c6526b0c7197dc73ded514139a3796e6045a6fb776,e6e682f99e0eee247ebb254b29f3eb44b9362a5a7ef446abce3bc043a51997fe,glass_blur,fixed,1,10000,55.65
mnist,swin_tiny,grayscale,training_dense_testing_sparse,dense,compact,60,1,heldout_val,55000,3b4765b37189baeb40fbae87d7ecd899b1460638d8b6cd66cf55c24730b68546,3c122f0fd1faf70a5670d3c6526b0c7197dc73ded514139a3796e6045a6fb776,e6e682f99e0eee247ebb254b29f3eb44b9362a5a7ef446abce3bc043a51997fe,motion_blur,fixed,1,10000,19.799999999999997
mnist,swin_tiny,grayscale,training_dense_testing_sparse,dense,compact,60,1,heldout_val,55000,3b4765b37189baeb40fbae87d7ecd899b1460638d8b6cd66cf55c24730b68546,3c122f0fd1faf70a5670d3c6526b0c7197dc73ded514139a3796e6045a6fb776,e6e682f99e0eee247ebb254b29f3eb44b9362a5a7ef446abce3bc043a51997fe,shear,fixed,1,10000,18.300000000000004
mnist,swin_tiny,grayscale,training_dense_testing_sparse,dense,compact,60,1,heldout_val,55000,3b4765b37189baeb40fbae87d7ecd899b1460638d8b6cd66cf55c24730b68546,3c122f0fd1faf70a5670d3c6526b0c7197dc73ded514139a3796e6045a6fb776,e6e682f99e0eee247ebb254b29f3eb44b9362a5a7ef446abce3bc043a51997fe,scale,fixed,1,10000,28.879999999999995
mnist,swin_tiny,grayscale,training_dense_testing_sparse,dense,compact,60,1,heldout_val,55000,3b4765b37189baeb40fbae87d7ecd899b1460638d8b6cd66cf55c24730b68546,3c122f0fd1faf70a5670d3c6526b0c7197dc73ded514139a3796e6045a6fb776,e6e682f99e0eee247ebb254b29f3eb44b9362a5a7ef446abce3bc043a51997fe,rotate,fixed,1,10000,23.69
mnist,swin_tiny,grayscale,training_dense_testing_sparse,dense,compact,60,1,heldout_val,55000,3b4765b37189baeb40fbae87d7ecd899b1460638d8b6cd66cf55c24730b68546,3c122f0fd1faf70a5670d3c6526b0c7197dc73ded514139a3796e6045a6fb776,e6e682f99e0eee247ebb254b29f3eb44b9362a5a7ef446abce3bc043a51997fe,brightness,fixed,1,10000,59.89
mnist,swin_tiny,grayscale,training_dense_testing_sparse,dense,compact,60,1,heldout_val,55000,3b4765b37189baeb40fbae87d7ecd899b1460638d8b6cd66cf55c24730b68546,3c122f0fd1faf70a5670d3c6526b0c7197dc73ded514139a3796e6045a6fb776,e6e682f99e0eee247ebb254b29f3eb44b9362a5a7ef446abce3bc043a51997fe,translate,fixed,1,10000,65.38
mnist,swin_tiny,grayscale,training_dense_testing_sparse,dense,compact,60,1,heldout_val,55000,3b4765b37189baeb40fbae87d7ecd899b1460638d8b6cd66cf55c24730b68546,3c122f0fd1faf70a5670d3c6526b0c7197dc73ded514139a3796e6045a6fb776,e6e682f99e0eee247ebb254b29f3eb44b9362a5a7ef446abce3bc043a51997fe,stripe,fixed,1,10000,68.35
mnist,swin_tiny,grayscale,training_dense_testing_sparse,dense,compact,60,1,heldout_val,55000,3b4765b37189baeb40fbae87d7ecd899b1460638d8b6cd66cf55c24730b68546,3c122f0fd1faf70a5670d3c6526b0c7197dc73ded514139a3796e6045a6fb776,e6e682f99e0eee247ebb254b29f3eb44b9362a5a7ef446abce3bc043a51997fe,fog,fixed,1,10000,67.09
mnist,swin_tiny,grayscale,training_dense_testing_sparse,dense,compact,60,1,heldout_val,55000,3b4765b37189baeb40fbae87d7ecd899b1460638d8b6cd66cf55c24730b68546,3c122f0fd1faf70a5670d3c6526b0c7197dc73ded514139a3796e6045a6fb776,e6e682f99e0eee247ebb254b29f3eb44b9362a5a7ef446abce3bc043a51997fe,spatter,fixed,1,10000,48.089999999999996
mnist,swin_tiny,grayscale,training_dense_testing_sparse,dense,compact,60,1,heldout_val,55000,3b4765b37189baeb40fbae87d7ecd899b1460638d8b6cd66cf55c24730b68546,3c122f0fd1faf70a5670d3c6526b0c7197dc73ded514139a3796e6045a6fb776,e6e682f99e0eee247ebb254b29f3eb44b9362a5a7ef446abce3bc043a51997fe,dotted_line,fixed,1,10000,26.180000000000003
mnist,swin_tiny,grayscale,training_dense_testing_sparse,dense,compact,60,1,heldout_val,55000,3b4765b37189baeb40fbae87d7ecd899b1460638d8b6cd66cf55c24730b68546,3c122f0fd1faf70a5670d3c6526b0c7197dc73ded514139a3796e6045a6fb776,e6e682f99e0eee247ebb254b29f3eb44b9362a5a7ef446abce3bc043a51997fe,zigzag,fixed,1,10000,35.5
mnist,swin_tiny,grayscale,training_dense_testing_sparse,dense,compact,60,1,heldout_val,55000,3b4765b37189baeb40fbae87d7ecd899b1460638d8b6cd66cf55c24730b68546,3c122f0fd1faf70a5670d3c6526b0c7197dc73ded514139a3796e6045a6fb776,e6e682f99e0eee247ebb254b29f3eb44b9362a5a7ef446abce3bc043a51997fe,canny_edges,fixed,1,10000,36.739999999999995
mnist,swin_tiny,grayscale,training_dense_testing_sparse,dense,compact,60,2,heldout_val,55000,713aacedd6c568956a9e25ea63db2831565553eaaf67990ed7cdbb1f0a0daec5,b0393e9d1c0e15b51559e628483e2ed496574409f6794199f61ad346d461af16,d702f30cdbb4eec392ad0ecc9abc4f74a4b031dc4dd9bd08fa1670b553a83e7d,clean,clean,1,10000,10.219999999999995
mnist,swin_tiny,grayscale,training_dense_testing_sparse,dense,compact,60,2,heldout_val,55000,713aacedd6c568956a9e25ea63db2831565553eaaf67990ed7cdbb1f0a0daec5,b0393e9d1c0e15b51559e628483e2ed496574409f6794199f61ad346d461af16,d702f30cdbb4eec392ad0ecc9abc4f74a4b031dc4dd9bd08fa1670b553a83e7d,shot_noise,fixed,1,10000,34.309999999999995
mnist,swin_tiny,grayscale,training_dense_testing_sparse,dense,compact,60,2,heldout_val,55000,713aacedd6c568956a9e25ea63db2831565553eaaf67990ed7cdbb1f0a0daec5,b0393e9d1c0e15b51559e628483e2ed496574409f6794199f61ad346d461af16,d702f30cdbb4eec392ad0ecc9abc4f74a4b031dc4dd9bd08fa1670b553a83e7d,impulse_noise,fixed,1,10000,80.73
mnist,swin_tiny,grayscale,training_dense_testing_sparse,dense,compact,60,2,heldout_val,55000,713aacedd6c568956a9e25ea63db2831565553eaaf67990ed7cdbb1f0a0daec5,b0393e9d1c0e15b51559e628483e2ed496574409f6794199f61ad346d461af16,d702f30cdbb4eec392ad0ecc9abc4f74a4b031dc4dd9bd08fa1670b553a83e7d,glass_blur,fixed,1,10000,51.669999999999995
mnist,swin_tiny,grayscale,training_dense_testing_sparse,dense,compact,60,2,heldout_val,55000,713aacedd6c568956a9e25ea63db2831565553eaaf67990ed7cdbb1f0a0daec5,b0393e9d1c0e15b51559e628483e2ed496574409f6794199f61ad346d461af16,d702f30cdbb4eec392ad0ecc9abc4f74a4b031dc4dd9bd08fa1670b553a83e7d,motion_blur,fixed,1,10000,18.720000000000002
mnist,swin_tiny,grayscale,training_dense_testing_sparse,dense,compact,60,2,heldout_val,55000,713aacedd6c568956a9e25ea63db2831565553eaaf67990ed7cdbb1f0a0daec5,b0393e9d1c0e15b51559e628483e2ed496574409f6794199f61ad346d461af16,d702f30cdbb4eec392ad0ecc9abc4f74a4b031dc4dd9bd08fa1670b553a83e7d,shear,fixed,1,10000,16.890000000000004
mnist,swin_tiny,grayscale,training_dense_testing_sparse,dense,compact,60,2,heldout_val,55000,713aacedd6c568956a9e25ea63db2831565553eaaf67990ed7cdbb1f0a0daec5,b0393e9d1c0e15b51559e628483e2ed496574409f6794199f61ad346d461af16,d702f30cdbb4eec392ad0ecc9abc4f74a4b031dc4dd9bd08fa1670b553a83e7d,scale,fixed,1,10000,36.71
mnist,swin_tiny,grayscale,training_dense_testing_sparse,dense,compact,60,2,heldout_val,55000,713aacedd6c568956a9e25ea63db2831565553eaaf67990ed7cdbb1f0a0daec5,b0393e9d1c0e15b51559e628483e2ed496574409f6794199f61ad346d461af16,d702f30cdbb4eec392ad0ecc9abc4f74a4b031dc4dd9bd08fa1670b553a83e7d,rotate,fixed,1,10000,23.39
mnist,swin_tiny,grayscale,training_dense_testing_sparse,dense,compact,60,2,heldout_val,55000,713aacedd6c568956a9e25ea63db2831565553eaaf67990ed7cdbb1f0a0daec5,b0393e9d1c0e15b51559e628483e2ed496574409f6794199f61ad346d461af16,d702f30cdbb4eec392ad0ecc9abc4f74a4b031dc4dd9bd08fa1670b553a83e7d,brightness,fixed,1,10000,53.239999999999995
mnist,swin_tiny,grayscale,training_dense_testing_sparse,dense,compact,60,2,heldout_val,55000,713aacedd6c568956a9e25ea63db2831565553eaaf67990ed7cdbb1f0a0daec5,b0393e9d1c0e15b51559e628483e2ed496574409f6794199f61ad346d461af16,d702f30cdbb4eec392ad0ecc9abc4f74a4b031dc4dd9bd08fa1670b553a83e7d,translate,fixed,1,10000,67.52
mnist,swin_tiny,grayscale,training_dense_testing_sparse,dense,compact,60,2,heldout_val,55000,713aacedd6c568956a9e25ea63db2831565553eaaf67990ed7cdbb1f0a0daec5,b0393e9d1c0e15b51559e628483e2ed496574409f6794199f61ad346d461af16,d702f30cdbb4eec392ad0ecc9abc4f74a4b031dc4dd9bd08fa1670b553a83e7d,stripe,fixed,1,10000,61.69
mnist,swin_tiny,grayscale,training_dense_testing_sparse,dense,compact,60,2,heldout_val,55000,713aacedd6c568956a9e25ea63db2831565553eaaf67990ed7cdbb1f0a0daec5,b0393e9d1c0e15b51559e628483e2ed496574409f6794199f61ad346d461af16,d702f30cdbb4eec392ad0ecc9abc4f74a4b031dc4dd9bd08fa1670b553a83e7d,fog,fixed,1,10000,55.33
mnist,swin_tiny,grayscale,training_dense_testing_sparse,dense,compact,60,2,heldout_val,55000,713aacedd6c568956a9e25ea63db2831565553eaaf67990ed7cdbb1f0a0daec5,b0393e9d1c0e15b51559e628483e2ed496574409f6794199f61ad346d461af16,d702f30cdbb4eec392ad0ecc9abc4f74a4b031dc4dd9bd08fa1670b553a83e7d,spatter,fixed,1,10000,51.64
mnist,swin_tiny,grayscale,training_dense_testing_sparse,dense,compact,60,2,heldout_val,55000,713aacedd6c568956a9e25ea63db2831565553eaaf67990ed7cdbb1f0a0daec5,b0393e9d1c0e15b51559e628483e2ed496574409f6794199f61ad346d461af16,d702f30cdbb4eec392ad0ecc9abc4f74a4b031dc4dd9bd08fa1670b553a83e7d,dotted_line,fixed,1,10000,23.950000000000003
mnist,swin_tiny,grayscale,training_dense_testing_sparse,dense,compact,60,2,heldout_val,55000,713aacedd6c568956a9e25ea63db2831565553eaaf67990ed7cdbb1f0a0daec5,b0393e9d1c0e15b51559e628483e2ed496574409f6794199f61ad346d461af16,d702f30cdbb4eec392ad0ecc9abc4f74a4b031dc4dd9bd08fa1670b553a83e7d,zigzag,fixed,1,10000,33.309999999999995
mnist,swin_tiny,grayscale,training_dense_testing_sparse,dense,compact,60,2,heldout_val,55000,713aacedd6c568956a9e25ea63db2831565553eaaf67990ed7cdbb1f0a0daec5,b0393e9d1c0e15b51559e628483e2ed496574409f6794199f61ad346d461af16,d702f30cdbb4eec392ad0ecc9abc4f74a4b031dc4dd9bd08fa1670b553a83e7d,canny_edges,fixed,1,10000,41.410000000000004
mnist,vit_small,grayscale,training_dense_testing_sparse,dense,compact,60,0,heldout_val,55000,7f82f744a307a0f9c3e543e1b6a3f0aa9f26918c57f6efed2a70afcf7b336275,1febb833c97989dec964ce4247d5bb9f7f212d0d0ffea0016b5b7d6ef9e061db,179475b8b5f1f60331c2ef36bed036328ffb8901f10573d5da34e3c145a3b99c,clean,clean,1,10000,50.17
mnist,vit_small,grayscale,training_dense_testing_sparse,dense,compact,60,0,heldout_val,55000,7f82f744a307a0f9c3e543e1b6a3f0aa9f26918c57f6efed2a70afcf7b336275,1febb833c97989dec964ce4247d5bb9f7f212d0d0ffea0016b5b7d6ef9e061db,179475b8b5f1f60331c2ef36bed036328ffb8901f10573d5da34e3c145a3b99c,shot_noise,fixed,1,10000,77.89
mnist,vit_small,grayscale,training_dense_testing_sparse,dense,compact,60,0,heldout_val,55000,7f82f744a307a0f9c3e543e1b6a3f0aa9f26918c57f6efed2a70afcf7b336275,1febb833c97989dec964ce4247d5bb9f7f212d0d0ffea0016b5b7d6ef9e061db,179475b8b5f1f60331c2ef36bed036328ffb8901f10573d5da34e3c145a3b99c,impulse_noise,fixed,1,10000,88.87
mnist,vit_small,grayscale,training_dense_testing_sparse,dense,compact,60,0,heldout_val,55000,7f82f744a307a0f9c3e543e1b6a3f0aa9f26918c57f6efed2a70afcf7b336275,1febb833c97989dec964ce4247d5bb9f7f212d0d0ffea0016b5b7d6ef9e061db,179475b8b5f1f60331c2ef36bed036328ffb8901f10573d5da34e3c145a3b99c,glass_blur,fixed,1,10000,74.62
mnist,vit_small,grayscale,training_dense_testing_sparse,dense,compact,60,0,heldout_val,55000,7f82f744a307a0f9c3e543e1b6a3f0aa9f26918c57f6efed2a70afcf7b336275,1febb833c97989dec964ce4247d5bb9f7f212d0d0ffea0016b5b7d6ef9e061db,179475b8b5f1f60331c2ef36bed036328ffb8901f10573d5da34e3c145a3b99c,motion_blur,fixed,1,10000,67.95
mnist,vit_small,grayscale,training_dense_testing_sparse,dense,compact,60,0,heldout_val,55000,7f82f744a307a0f9c3e543e1b6a3f0aa9f26918c57f6efed2a70afcf7b336275,1febb833c97989dec964ce4247d5bb9f7f212d0d0ffea0016b5b7d6ef9e061db,179475b8b5f1f60331c2ef36bed036328ffb8901f10573d5da34e3c145a3b99c,shear,fixed,1,10000,53.64
mnist,vit_small,grayscale,training_dense_testing_sparse,dense,compact,60,0,heldout_val,55000,7f82f744a307a0f9c3e543e1b6a3f0aa9f26918c57f6efed2a70afcf7b336275,1febb833c97989dec964ce4247d5bb9f7f212d0d0ffea0016b5b7d6ef9e061db,179475b8b5f1f60331c2ef36bed036328ffb8901f10573d5da34e3c145a3b99c,scale,fixed,1,10000,69.48
mnist,vit_small,grayscale,training_dense_testing_sparse,dense,compact,60,0,heldout_val,55000,7f82f744a307a0f9c3e543e1b6a3f0aa9f26918c57f6efed2a70afcf7b336275,1febb833c97989dec964ce4247d5bb9f7f212d0d0ffea0016b5b7d6ef9e061db,179475b8b5f1f60331c2ef36bed036328ffb8901f10573d5da34e3c145a3b99c,rotate,fixed,1,10000,53.190000000000005
mnist,vit_small,grayscale,training_dense_testing_sparse,dense,compact,60,0,heldout_val,55000,7f82f744a307a0f9c3e543e1b6a3f0aa9f26918c57f6efed2a70afcf7b336275,1febb833c97989dec964ce4247d5bb9f7f212d0d0ffea0016b5b7d6ef9e061db,179475b8b5f1f60331c2ef36bed036328ffb8901f10573d5da34e3c145a3b99c,brightness,fixed,1,10000,67.13
mnist,vit_small,grayscale,training_dense_testing_sparse,dense,compact,60,0,heldout_val,55000,7f82f744a307a0f9c3e543e1b6a3f0aa9f26918c57f6efed2a70afcf7b336275,1febb833c97989dec964ce4247d5bb9f7f212d0d0ffea0016b5b7d6ef9e061db,179475b8b5f1f60331c2ef36bed036328ffb8901f10573d5da34e3c145a3b99c,translate,fixed,1,10000,78.82000000000001
mnist,vit_small,grayscale,training_dense_testing_sparse,dense,compact,60,0,heldout_val,55000,7f82f744a307a0f9c3e543e1b6a3f0aa9f26918c57f6efed2a70afcf7b336275,1febb833c97989dec964ce4247d5bb9f7f212d0d0ffea0016b5b7d6ef9e061db,179475b8b5f1f60331c2ef36bed036328ffb8901f10573d5da34e3c145a3b99c,stripe,fixed,1,10000,82.64
mnist,vit_small,grayscale,training_dense_testing_sparse,dense,compact,60,0,heldout_val,55000,7f82f744a307a0f9c3e543e1b6a3f0aa9f26918c57f6efed2a70afcf7b336275,1febb833c97989dec964ce4247d5bb9f7f212d0d0ffea0016b5b7d6ef9e061db,179475b8b5f1f60331c2ef36bed036328ffb8901f10573d5da34e3c145a3b99c,fog,fixed,1,10000,80.82000000000001
mnist,vit_small,grayscale,training_dense_testing_sparse,dense,compact,60,0,heldout_val,55000,7f82f744a307a0f9c3e543e1b6a3f0aa9f26918c57f6efed2a70afcf7b336275,1febb833c97989dec964ce4247d5bb9f7f212d0d0ffea0016b5b7d6ef9e061db,179475b8b5f1f60331c2ef36bed036328ffb8901f10573d5da34e3c145a3b99c,spatter,fixed,1,10000,60.43000000000001
mnist,vit_small,grayscale,training_dense_testing_sparse,dense,compact,60,0,heldout_val,55000,7f82f744a307a0f9c3e543e1b6a3f0aa9f26918c57f6efed2a70afcf7b336275,1febb833c97989dec964ce4247d5bb9f7f212d0d0ffea0016b5b7d6ef9e061db,179475b8b5f1f60331c2ef36bed036328ffb8901f10573d5da34e3c145a3b99c,dotted_line,fixed,1,10000,61.220000000000006
mnist,vit_small,grayscale,training_dense_testing_sparse,dense,compact,60,0,heldout_val,55000,7f82f744a307a0f9c3e543e1b6a3f0aa9f26918c57f6efed2a70afcf7b336275,1febb833c97989dec964ce4247d5bb9f7f212d0d0ffea0016b5b7d6ef9e061db,179475b8b5f1f60331c2ef36bed036328ffb8901f10573d5da34e3c145a3b99c,zigzag,fixed,1,10000,69.71000000000001
mnist,vit_small,grayscale,training_dense_testing_sparse,dense,compact,60,0,heldout_val,55000,7f82f744a307a0f9c3e543e1b6a3f0aa9f26918c57f6efed2a70afcf7b336275,1febb833c97989dec964ce4247d5bb9f7f212d0d0ffea0016b5b7d6ef9e061db,179475b8b5f1f60331c2ef36bed036328ffb8901f10573d5da34e3c145a3b99c,canny_edges,fixed,1,10000,84.47
mnist,vit_small,grayscale,training_dense_testing_sparse,dense,compact,60,1,heldout_val,55000,e61e6d1e64df536d4c9b6f2b3314e35a58fc70c0e0386fccc573a694aa23b41e,10a1c020e268e60f92a50cb1a938f7e478078107b9a7dd5bcd30e3f36dd50ae6,0c043582d4fd9fa02edf865269d1ba752080dec581307de85e519181414c7951,clean,clean,1,10000,47.07
mnist,vit_small,grayscale,training_dense_testing_sparse,dense,compact,60,1,heldout_val,55000,e61e6d1e64df536d4c9b6f2b3314e35a58fc70c0e0386fccc573a694aa23b41e,10a1c020e268e60f92a50cb1a938f7e478078107b9a7dd5bcd30e3f36dd50ae6,0c043582d4fd9fa02edf865269d1ba752080dec581307de85e519181414c7951,shot_noise,fixed,1,10000,70.33
mnist,vit_small,grayscale,training_dense_testing_sparse,dense,compact,60,1,heldout_val,55000,e61e6d1e64df536d4c9b6f2b3314e35a58fc70c0e0386fccc573a694aa23b41e,10a1c020e268e60f92a50cb1a938f7e478078107b9a7dd5bcd30e3f36dd50ae6,0c043582d4fd9fa02edf865269d1ba752080dec581307de85e519181414c7951,impulse_noise,fixed,1,10000,86.74
mnist,vit_small,grayscale,training_dense_testing_sparse,dense,compact,60,1,heldout_val,55000,e61e6d1e64df536d4c9b6f2b3314e35a58fc70c0e0386fccc573a694aa23b41e,10a1c020e268e60f92a50cb1a938f7e478078107b9a7dd5bcd30e3f36dd50ae6,0c043582d4fd9fa02edf865269d1ba752080dec581307de85e519181414c7951,glass_blur,fixed,1,10000,76.97
mnist,vit_small,grayscale,training_dense_testing_sparse,dense,compact,60,1,heldout_val,55000,e61e6d1e64df536d4c9b6f2b3314e35a58fc70c0e0386fccc573a694aa23b41e,10a1c020e268e60f92a50cb1a938f7e478078107b9a7dd5bcd30e3f36dd50ae6,0c043582d4fd9fa02edf865269d1ba752080dec581307de85e519181414c7951,motion_blur,fixed,1,10000,65.26
mnist,vit_small,grayscale,training_dense_testing_sparse,dense,compact,60,1,heldout_val,55000,e61e6d1e64df536d4c9b6f2b3314e35a58fc70c0e0386fccc573a694aa23b41e,10a1c020e268e60f92a50cb1a938f7e478078107b9a7dd5bcd30e3f36dd50ae6,0c043582d4fd9fa02edf865269d1ba752080dec581307de85e519181414c7951,shear,fixed,1,10000,55.980000000000004
mnist,vit_small,grayscale,training_dense_testing_sparse,dense,compact,60,1,heldout_val,55000,e61e6d1e64df536d4c9b6f2b3314e35a58fc70c0e0386fccc573a694aa23b41e,10a1c020e268e60f92a50cb1a938f7e478078107b9a7dd5bcd30e3f36dd50ae6,0c043582d4fd9fa02edf865269d1ba752080dec581307de85e519181414c7951,scale,fixed,1,10000,69.38
mnist,vit_small,grayscale,training_dense_testing_sparse,dense,compact,60,1,heldout_val,55000,e61e6d1e64df536d4c9b6f2b3314e35a58fc70c0e0386fccc573a694aa23b41e,10a1c020e268e60f92a50cb1a938f7e478078107b9a7dd5bcd30e3f36dd50ae6,0c043582d4fd9fa02edf865269d1ba752080dec581307de85e519181414c7951,rotate,fixed,1,10000,54.05
mnist,vit_small,grayscale,training_dense_testing_sparse,dense,compact,60,1,heldout_val,55000,e61e6d1e64df536d4c9b6f2b3314e35a58fc70c0e0386fccc573a694aa23b41e,10a1c020e268e60f92a50cb1a938f7e478078107b9a7dd5bcd30e3f36dd50ae6,0c043582d4fd9fa02edf865269d1ba752080dec581307de85e519181414c7951,brightness,fixed,1,10000,68.8
mnist,vit_small,grayscale,training_dense_testing_sparse,dense,compact,60,1,heldout_val,55000,e61e6d1e64df536d4c9b6f2b3314e35a58fc70c0e0386fccc573a694aa23b41e,10a1c020e268e60f92a50cb1a938f7e478078107b9a7dd5bcd30e3f36dd50ae6,0c043582d4fd9fa02edf865269d1ba752080dec581307de85e519181414c7951,translate,fixed,1,10000,79.13
mnist,vit_small,grayscale,training_dense_testing_sparse,dense,compact,60,1,heldout_val,55000,e61e6d1e64df536d4c9b6f2b3314e35a58fc70c0e0386fccc573a694aa23b41e,10a1c020e268e60f92a50cb1a938f7e478078107b9a7dd5bcd30e3f36dd50ae6,0c043582d4fd9fa02edf865269d1ba752080dec581307de85e519181414c7951,stripe,fixed,1,10000,88.66000000000001
mnist,vit_small,grayscale,training_dense_testing_sparse,dense,compact,60,1,heldout_val,55000,e61e6d1e64df536d4c9b6f2b3314e35a58fc70c0e0386fccc573a694aa23b41e,10a1c020e268e60f92a50cb1a938f7e478078107b9a7dd5bcd30e3f36dd50ae6,0c043582d4fd9fa02edf865269d1ba752080dec581307de85e519181414c7951,fog,fixed,1,10000,84.06
mnist,vit_small,grayscale,training_dense_testing_sparse,dense,compact,60,1,heldout_val,55000,e61e6d1e64df536d4c9b6f2b3314e35a58fc70c0e0386fccc573a694aa23b41e,10a1c020e268e60f92a50cb1a938f7e478078107b9a7dd5bcd30e3f36dd50ae6,0c043582d4fd9fa02edf865269d1ba752080dec581307de85e519181414c7951,spatter,fixed,1,10000,58.5
mnist,vit_small,grayscale,training_dense_testing_sparse,dense,compact,60,1,heldout_val,55000,e61e6d1e64df536d4c9b6f2b3314e35a58fc70c0e0386fccc573a694aa23b41e,10a1c020e268e60f92a50cb1a938f7e478078107b9a7dd5bcd30e3f36dd50ae6,0c043582d4fd9fa02edf865269d1ba752080dec581307de85e519181414c7951,dotted_line,fixed,1,10000,57.05
mnist,vit_small,grayscale,training_dense_testing_sparse,dense,compact,60,1,heldout_val,55000,e61e6d1e64df536d4c9b6f2b3314e35a58fc70c0e0386fccc573a694aa23b41e,10a1c020e268e60f92a50cb1a938f7e478078107b9a7dd5bcd30e3f36dd50ae6,0c043582d4fd9fa02edf865269d1ba752080dec581307de85e519181414c7951,zigzag,fixed,1,10000,64.5
mnist,vit_small,grayscale,training_dense_testing_sparse,dense,compact,60,1,heldout_val,55000,e61e6d1e64df536d4c9b6f2b3314e35a58fc70c0e0386fccc573a694aa23b41e,10a1c020e268e60f92a50cb1a938f7e478078107b9a7dd5bcd30e3f36dd50ae6,0c043582d4fd9fa02edf865269d1ba752080dec581307de85e519181414c7951,canny_edges,fixed,1,10000,77.22
mnist,vit_small,grayscale,training_dense_testing_sparse,dense,compact,60,2,heldout_val,55000,878388e91134c25deb3782575e9cd4c717d8d0e9be8f1bf24aa7c6b0f3bdd0a6,04b23e1d894d5cd0ffacd122ef55cc5578fe60d76fbf71286f07dceb0d27c789,e6a832390c850cd02985baa89af74e5b5051e71fc8f593de29cbe32747013aef,clean,clean,1,10000,49.08
mnist,vit_small,grayscale,training_dense_testing_sparse,dense,compact,60,2,heldout_val,55000,878388e91134c25deb3782575e9cd4c717d8d0e9be8f1bf24aa7c6b0f3bdd0a6,04b23e1d894d5cd0ffacd122ef55cc5578fe60d76fbf71286f07dceb0d27c789,e6a832390c850cd02985baa89af74e5b5051e71fc8f593de29cbe32747013aef,shot_noise,fixed,1,10000,76.08
mnist,vit_small,grayscale,training_dense_testing_sparse,dense,compact,60,2,heldout_val,55000,878388e91134c25deb3782575e9cd4c717d8d0e9be8f1bf24aa7c6b0f3bdd0a6,04b23e1d894d5cd0ffacd122ef55cc5578fe60d76fbf71286f07dceb0d27c789,e6a832390c850cd02985baa89af74e5b5051e71fc8f593de29cbe32747013aef,impulse_noise,fixed,1,10000,86.41
mnist,vit_small,grayscale,training_dense_testing_sparse,dense,compact,60,2,heldout_val,55000,878388e91134c25deb3782575e9cd4c717d8d0e9be8f1bf24aa7c6b0f3bdd0a6,04b23e1d894d5cd0ffacd122ef55cc5578fe60d76fbf71286f07dceb0d27c789,e6a832390c850cd02985baa89af74e5b5051e71fc8f593de29cbe32747013aef,glass_blur,fixed,1,10000,80.43
mnist,vit_small,grayscale,training_dense_testing_sparse,dense,compact,60,2,heldout_val,55000,878388e91134c25deb3782575e9cd4c717d8d0e9be8f1bf24aa7c6b0f3bdd0a6,04b23e1d894d5cd0ffacd122ef55cc5578fe60d76fbf71286f07dceb0d27c789,e6a832390c850cd02985baa89af74e5b5051e71fc8f593de29cbe32747013aef,motion_blur,fixed,1,10000,66.46000000000001
mnist,vit_small,grayscale,training_dense_testing_sparse,dense,compact,60,2,heldout_val,55000,878388e91134c25deb3782575e9cd4c717d8d0e9be8f1bf24aa7c6b0f3bdd0a6,04b23e1d894d5cd0ffacd122ef55cc5578fe60d76fbf71286f07dceb0d27c789,e6a832390c850cd02985baa89af74e5b5051e71fc8f593de29cbe32747013aef,shear,fixed,1,10000,55.059999999999995
mnist,vit_small,grayscale,training_dense_testing_sparse,dense,compact,60,2,heldout_val,55000,878388e91134c25deb3782575e9cd4c717d8d0e9be8f1bf24aa7c6b0f3bdd0a6,04b23e1d894d5cd0ffacd122ef55cc5578fe60d76fbf71286f07dceb0d27c789,e6a832390c850cd02985baa89af74e5b5051e71fc8f593de29cbe32747013aef,scale,fixed,1,10000,71.31
mnist,vit_small,grayscale,training_dense_testing_sparse,dense,compact,60,2,heldout_val,55000,878388e91134c25deb3782575e9cd4c717d8d0e9be8f1bf24aa7c6b0f3bdd0a6,04b23e1d894d5cd0ffacd122ef55cc5578fe60d76fbf71286f07dceb0d27c789,e6a832390c850cd02985baa89af74e5b5051e71fc8f593de29cbe32747013aef,rotate,fixed,1,10000,52.05
mnist,vit_small,grayscale,training_dense_testing_sparse,dense,compact,60,2,heldout_val,55000,878388e91134c25deb3782575e9cd4c717d8d0e9be8f1bf24aa7c6b0f3bdd0a6,04b23e1d894d5cd0ffacd122ef55cc5578fe60d76fbf71286f07dceb0d27c789,e6a832390c850cd02985baa89af74e5b5051e71fc8f593de29cbe32747013aef,brightness,fixed,1,10000,67.97
mnist,vit_small,grayscale,training_dense_testing_sparse,dense,compact,60,2,heldout_val,55000,878388e91134c25deb3782575e9cd4c717d8d0e9be8f1bf24aa7c6b0f3bdd0a6,04b23e1d894d5cd0ffacd122ef55cc5578fe60d76fbf71286f07dceb0d27c789,e6a832390c850cd02985baa89af74e5b5051e71fc8f593de29cbe32747013aef,translate,fixed,1,10000,82.15
mnist,vit_small,grayscale,training_dense_testing_sparse,dense,compact,60,2,heldout_val,55000,878388e91134c25deb3782575e9cd4c717d8d0e9be8f1bf24aa7c6b0f3bdd0a6,04b23e1d894d5cd0ffacd122ef55cc5578fe60d76fbf71286f07dceb0d27c789,e6a832390c850cd02985baa89af74e5b5051e71fc8f593de29cbe32747013aef,stripe,fixed,1,10000,89.52
mnist,vit_small,grayscale,training_dense_testing_sparse,dense,compact,60,2,heldout_val,55000,878388e91134c25deb3782575e9cd4c717d8d0e9be8f1bf24aa7c6b0f3bdd0a6,04b23e1d894d5cd0ffacd122ef55cc5578fe60d76fbf71286f07dceb0d27c789,e6a832390c850cd02985baa89af74e5b5051e71fc8f593de29cbe32747013aef,fog,fixed,1,10000,77.98
mnist,vit_small,grayscale,training_dense_testing_sparse,dense,compact,60,2,heldout_val,55000,878388e91134c25deb3782575e9cd4c717d8d0e9be8f1bf24aa7c6b0f3bdd0a6,04b23e1d894d5cd0ffacd122ef55cc5578fe60d76fbf71286f07dceb0d27c789,e6a832390c850cd02985baa89af74e5b5051e71fc8f593de29cbe32747013aef,spatter,fixed,1,10000,59.699999999999996
mnist,vit_small,grayscale,training_dense_testing_sparse,dense,compact,60,2,heldout_val,55000,878388e91134c25deb3782575e9cd4c717d8d0e9be8f1bf24aa7c6b0f3bdd0a6,04b23e1d894d5cd0ffacd122ef55cc5578fe60d76fbf71286f07dceb0d27c789,e6a832390c850cd02985baa89af74e5b5051e71fc8f593de29cbe32747013aef,dotted_line,fixed,1,10000,61.07
mnist,vit_small,grayscale,training_dense_testing_sparse,dense,compact,60,2,heldout_val,55000,878388e91134c25deb3782575e9cd4c717d8d0e9be8f1bf24aa7c6b0f3bdd0a6,04b23e1d894d5cd0ffacd122ef55cc5578fe60d76fbf71286f07dceb0d27c789,e6a832390c850cd02985baa89af74e5b5051e71fc8f593de29cbe32747013aef,zigzag,fixed,1,10000,70.33
mnist,vit_small,grayscale,training_dense_testing_sparse,dense,compact,60,2,heldout_val,55000,878388e91134c25deb3782575e9cd4c717d8d0e9be8f1bf24aa7c6b0f3bdd0a6,04b23e1d894d5cd0ffacd122ef55cc5578fe60d76fbf71286f07dceb0d27c789,e6a832390c850cd02985baa89af74e5b5051e71fc8f593de29cbe32747013aef,canny_edges,fixed,1,10000,84.41
mnist,swin_tiny,grayscale,training_dense_testing_sparse,dense,compact,70,0,heldout_val,55000,a73e9f676eeee0e4f8bc397e104803ddb781d4e644a89bc530f5339fbdabe4d6,473ed25a586e0ea8fb93e4fadfcfd4e7e18bde623e0f22701c184b2da680520b,b5ba882ee04e81c45232c4005e9a820b60c8b46fc9026b6949f38be5e12dae2b,clean,clean,1,10000,6.940000000000001
mnist,swin_tiny,grayscale,training_dense_testing_sparse,dense,compact,70,0,heldout_val,55000,a73e9f676eeee0e4f8bc397e104803ddb781d4e644a89bc530f5339fbdabe4d6,473ed25a586e0ea8fb93e4fadfcfd4e7e18bde623e0f22701c184b2da680520b,b5ba882ee04e81c45232c4005e9a820b60c8b46fc9026b6949f38be5e12dae2b,shot_noise,fixed,1,10000,29.01
mnist,swin_tiny,grayscale,training_dense_testing_sparse,dense,compact,70,0,heldout_val,55000,a73e9f676eeee0e4f8bc397e104803ddb781d4e644a89bc530f5339fbdabe4d6,473ed25a586e0ea8fb93e4fadfcfd4e7e18bde623e0f22701c184b2da680520b,b5ba882ee04e81c45232c4005e9a820b60c8b46fc9026b6949f38be5e12dae2b,impulse_noise,fixed,1,10000,86.98
mnist,swin_tiny,grayscale,training_dense_testing_sparse,dense,compact,70,0,heldout_val,55000,a73e9f676eeee0e4f8bc397e104803ddb781d4e644a89bc530f5339fbdabe4d6,473ed25a586e0ea8fb93e4fadfcfd4e7e18bde623e0f22701c184b2da680520b,b5ba882ee04e81c45232c4005e9a820b60c8b46fc9026b6949f38be5e12dae2b,glass_blur,fixed,1,10000,63.71
mnist,swin_tiny,grayscale,training_dense_testing_sparse,dense,compact,70,0,heldout_val,55000,a73e9f676eeee0e4f8bc397e104803ddb781d4e644a89bc530f5339fbdabe4d6,473ed25a586e0ea8fb93e4fadfcfd4e7e18bde623e0f22701c184b2da680520b,b5ba882ee04e81c45232c4005e9a820b60c8b46fc9026b6949f38be5e12dae2b,motion_blur,fixed,1,10000,19.720000000000006
mnist,swin_tiny,grayscale,training_dense_testing_sparse,dense,compact,70,0,heldout_val,55000,a73e9f676eeee0e4f8bc397e104803ddb781d4e644a89bc530f5339fbdabe4d6,473ed25a586e0ea8fb93e4fadfcfd4e7e18bde623e0f22701c184b2da680520b,b5ba882ee04e81c45232c4005e9a820b60c8b46fc9026b6949f38be5e12dae2b,shear,fixed,1,10000,15.139999999999997
mnist,swin_tiny,grayscale,training_dense_testing_sparse,dense,compact,70,0,heldout_val,55000,a73e9f676eeee0e4f8bc397e104803ddb781d4e644a89bc530f5339fbdabe4d6,473ed25a586e0ea8fb93e4fadfcfd4e7e18bde623e0f22701c184b2da680520b,b5ba882ee04e81c45232c4005e9a820b60c8b46fc9026b6949f38be5e12dae2b,scale,fixed,1,10000,25.260000000000005
mnist,swin_tiny,grayscale,training_dense_testing_sparse,dense,compact,70,0,heldout_val,55000,a73e9f676eeee0e4f8bc397e104803ddb781d4e644a89bc530f5339fbdabe4d6,473ed25a586e0ea8fb93e4fadfcfd4e7e18bde623e0f22701c184b2da680520b,b5ba882ee04e81c45232c4005e9a820b60c8b46fc9026b6949f38be5e12dae2b,rotate,fixed,1,10000,21.709999999999997
mnist,swin_tiny,grayscale,training_dense_testing_sparse,dense,compact,70,0,heldout_val,55000,a73e9f676eeee0e4f8bc397e104803ddb781d4e644a89bc530f5339fbdabe4d6,473ed25a586e0ea8fb93e4fadfcfd4e7e18bde623e0f22701c184b2da680520b,b5ba882ee04e81c45232c4005e9a820b60c8b46fc9026b6949f38be5e12dae2b,brightness,fixed,1,10000,68.97
mnist,swin_tiny,grayscale,training_dense_testing_sparse,dense,compact,70,0,heldout_val,55000,a73e9f676eeee0e4f8bc397e104803ddb781d4e644a89bc530f5339fbdabe4d6,473ed25a586e0ea8fb93e4fadfcfd4e7e18bde623e0f22701c184b2da680520b,b5ba882ee04e81c45232c4005e9a820b60c8b46fc9026b6949f38be5e12dae2b,translate,fixed,1,10000,66.96
mnist,swin_tiny,grayscale,training_dense_testing_sparse,dense,compact,70,0,heldout_val,55000,a73e9f676eeee0e4f8bc397e104803ddb781d4e644a89bc530f5339fbdabe4d6,473ed25a586e0ea8fb93e4fadfcfd4e7e18bde623e0f22701c184b2da680520b,b5ba882ee04e81c45232c4005e9a820b60c8b46fc9026b6949f38be5e12dae2b,stripe,fixed,1,10000,78.23
mnist,swin_tiny,grayscale,training_dense_testing_sparse,dense,compact,70,0,heldout_val,55000,a73e9f676eeee0e4f8bc397e104803ddb781d4e644a89bc530f5339fbdabe4d6,473ed25a586e0ea8fb93e4fadfcfd4e7e18bde623e0f22701c184b2da680520b,b5ba882ee04e81c45232c4005e9a820b60c8b46fc9026b6949f38be5e12dae2b,fog,fixed,1,10000,69.67999999999999
mnist,swin_tiny,grayscale,training_dense_testing_sparse,dense,compact,70,0,heldout_val,55000,a73e9f676eeee0e4f8bc397e104803ddb781d4e644a89bc530f5339fbdabe4d6,473ed25a586e0ea8fb93e4fadfcfd4e7e18bde623e0f22701c184b2da680520b,b5ba882ee04e81c45232c4005e9a820b60c8b46fc9026b6949f38be5e12dae2b,spatter,fixed,1,10000,52.08999999999999
mnist,swin_tiny,grayscale,training_dense_testing_sparse,dense,compact,70,0,heldout_val,55000,a73e9f676eeee0e4f8bc397e104803ddb781d4e644a89bc530f5339fbdabe4d6,473ed25a586e0ea8fb93e4fadfcfd4e7e18bde623e0f22701c184b2da680520b,b5ba882ee04e81c45232c4005e9a820b60c8b46fc9026b6949f38be5e12dae2b,dotted_line,fixed,1,10000,23.729999999999997
mnist,swin_tiny,grayscale,training_dense_testing_sparse,dense,compact,70,0,heldout_val,55000,a73e9f676eeee0e4f8bc397e104803ddb781d4e644a89bc530f5339fbdabe4d6,473ed25a586e0ea8fb93e4fadfcfd4e7e18bde623e0f22701c184b2da680520b,b5ba882ee04e81c45232c4005e9a820b60c8b46fc9026b6949f38be5e12dae2b,zigzag,fixed,1,10000,37.870000000000005
mnist,swin_tiny,grayscale,training_dense_testing_sparse,dense,compact,70,0,heldout_val,55000,a73e9f676eeee0e4f8bc397e104803ddb781d4e644a89bc530f5339fbdabe4d6,473ed25a586e0ea8fb93e4fadfcfd4e7e18bde623e0f22701c184b2da680520b,b5ba882ee04e81c45232c4005e9a820b60c8b46fc9026b6949f38be5e12dae2b,canny_edges,fixed,1,10000,38.239999999999995
mnist,swin_tiny,grayscale,training_dense_testing_sparse,dense,compact,70,1,heldout_val,55000,1c7b3f8d4f75ca244f901065080e47b683b552b4b255bf8d401e4cc1cd9e9e8c,3c122f0fd1faf70a5670d3c6526b0c7197dc73ded514139a3796e6045a6fb776,e6e682f99e0eee247ebb254b29f3eb44b9362a5a7ef446abce3bc043a51997fe,clean,clean,1,10000,12.8
mnist,swin_tiny,grayscale,training_dense_testing_sparse,dense,compact,70,1,heldout_val,55000,1c7b3f8d4f75ca244f901065080e47b683b552b4b255bf8d401e4cc1cd9e9e8c,3c122f0fd1faf70a5670d3c6526b0c7197dc73ded514139a3796e6045a6fb776,e6e682f99e0eee247ebb254b29f3eb44b9362a5a7ef446abce3bc043a51997fe,shot_noise,fixed,1,10000,33.81999999999999
mnist,swin_tiny,grayscale,training_dense_testing_sparse,dense,compact,70,1,heldout_val,55000,1c7b3f8d4f75ca244f901065080e47b683b552b4b255bf8d401e4cc1cd9e9e8c,3c122f0fd1faf70a5670d3c6526b0c7197dc73ded514139a3796e6045a6fb776,e6e682f99e0eee247ebb254b29f3eb44b9362a5a7ef446abce3bc043a51997fe,impulse_noise,fixed,1,10000,85.76
mnist,swin_tiny,grayscale,training_dense_testing_sparse,dense,compact,70,1,heldout_val,55000,1c7b3f8d4f75ca244f901065080e47b683b552b4b255bf8d401e4cc1cd9e9e8c,3c122f0fd1faf70a5670d3c6526b0c7197dc73ded514139a3796e6045a6fb776,e6e682f99e0eee247ebb254b29f3eb44b9362a5a7ef446abce3bc043a51997fe,glass_blur,fixed,1,10000,65.05000000000001
mnist,swin_tiny,grayscale,training_dense_testing_sparse,dense,compact,70,1,heldout_val,55000,1c7b3f8d4f75ca244f901065080e47b683b552b4b255bf8d401e4cc1cd9e9e8c,3c122f0fd1faf70a5670d3c6526b0c7197dc73ded514139a3796e6045a6fb776,e6e682f99e0eee247ebb254b29f3eb44b9362a5a7ef446abce3bc043a51997fe,motion_blur,fixed,1,10000,23.2
mnist,swin_tiny,grayscale,training_dense_testing_sparse,dense,compact,70,1,heldout_val,55000,1c7b3f8d4f75ca244f901065080e47b683b552b4b255bf8d401e4cc1cd9e9e8c,3c122f0fd1faf70a5670d3c6526b0c7197dc73ded514139a3796e6045a6fb776,e6e682f99e0eee247ebb254b29f3eb44b9362a5a7ef446abce3bc043a51997fe,shear,fixed,1,10000,20.979999999999997
mnist,swin_tiny,grayscale,training_dense_testing_sparse,dense,compact,70,1,heldout_val,55000,1c7b3f8d4f75ca244f901065080e47b683b552b4b255bf8d401e4cc1cd9e9e8c,3c122f0fd1faf70a5670d3c6526b0c7197dc73ded514139a3796e6045a6fb776,e6e682f99e0eee247ebb254b29f3eb44b9362a5a7ef446abce3bc043a51997fe,scale,fixed,1,10000,28.869999999999997
mnist,swin_tiny,grayscale,training_dense_testing_sparse,dense,compact,70,1,heldout_val,55000,1c7b3f8d4f75ca244f901065080e47b683b552b4b255bf8d401e4cc1cd9e9e8c,3c122f0fd1faf70a5670d3c6526b0c7197dc73ded514139a3796e6045a6fb776,e6e682f99e0eee247ebb254b29f3eb44b9362a5a7ef446abce3bc043a51997fe,rotate,fixed,1,10000,26.149999999999995
mnist,swin_tiny,grayscale,training_dense_testing_sparse,dense,compact,70,1,heldout_val,55000,1c7b3f8d4f75ca244f901065080e47b683b552b4b255bf8d401e4cc1cd9e9e8c,3c122f0fd1faf70a5670d3c6526b0c7197dc73ded514139a3796e6045a6fb776,e6e682f99e0eee247ebb254b29f3eb44b9362a5a7ef446abce3bc043a51997fe,brightness,fixed,1,10000,66.25
mnist,swin_tiny,grayscale,training_dense_testing_sparse,dense,compact,70,1,heldout_val,55000,1c7b3f8d4f75ca244f901065080e47b683b552b4b255bf8d401e4cc1cd9e9e8c,3c122f0fd1faf70a5670d3c6526b0c7197dc73ded514139a3796e6045a6fb776,e6e682f99e0eee247ebb254b29f3eb44b9362a5a7ef446abce3bc043a51997fe,translate,fixed,1,10000,66.23
mnist,swin_tiny,grayscale,training_dense_testing_sparse,dense,compact,70,1,heldout_val,55000,1c7b3f8d4f75ca244f901065080e47b683b552b4b255bf8d401e4cc1cd9e9e8c,3c122f0fd1faf70a5670d3c6526b0c7197dc73ded514139a3796e6045a6fb776,e6e682f99e0eee247ebb254b29f3eb44b9362a5a7ef446abce3bc043a51997fe,stripe,fixed,1,10000,82.78999999999999
mnist,swin_tiny,grayscale,training_dense_testing_sparse,dense,compact,70,1,heldout_val,55000,1c7b3f8d4f75ca244f901065080e47b683b552b4b255bf8d401e4cc1cd9e9e8c,3c122f0fd1faf70a5670d3c6526b0c7197dc73ded514139a3796e6045a6fb776,e6e682f99e0eee247ebb254b29f3eb44b9362a5a7ef446abce3bc043a51997fe,fog,fixed,1,10000,71.02999999999999
mnist,swin_tiny,grayscale,training_dense_testing_sparse,dense,compact,70,1,heldout_val,55000,1c7b3f8d4f75ca244f901065080e47b683b552b4b255bf8d401e4cc1cd9e9e8c,3c122f0fd1faf70a5670d3c6526b0c7197dc73ded514139a3796e6045a6fb776,e6e682f99e0eee247ebb254b29f3eb44b9362a5a7ef446abce3bc043a51997fe,spatter,fixed,1,10000,51.21
mnist,swin_tiny,grayscale,training_dense_testing_sparse,dense,compact,70,1,heldout_val,55000,1c7b3f8d4f75ca244f901065080e47b683b552b4b255bf8d401e4cc1cd9e9e8c,3c122f0fd1faf70a5670d3c6526b0c7197dc73ded514139a3796e6045a6fb776,e6e682f99e0eee247ebb254b29f3eb44b9362a5a7ef446abce3bc043a51997fe,dotted_line,fixed,1,10000,31.010000000000005
mnist,swin_tiny,grayscale,training_dense_testing_sparse,dense,compact,70,1,heldout_val,55000,1c7b3f8d4f75ca244f901065080e47b683b552b4b255bf8d401e4cc1cd9e9e8c,3c122f0fd1faf70a5670d3c6526b0c7197dc73ded514139a3796e6045a6fb776,e6e682f99e0eee247ebb254b29f3eb44b9362a5a7ef446abce3bc043a51997fe,zigzag,fixed,1,10000,40.459999999999994
mnist,swin_tiny,grayscale,training_dense_testing_sparse,dense,compact,70,1,heldout_val,55000,1c7b3f8d4f75ca244f901065080e47b683b552b4b255bf8d401e4cc1cd9e9e8c,3c122f0fd1faf70a5670d3c6526b0c7197dc73ded514139a3796e6045a6fb776,e6e682f99e0eee247ebb254b29f3eb44b9362a5a7ef446abce3bc043a51997fe,canny_edges,fixed,1,10000,42.00000000000001
mnist,swin_tiny,grayscale,training_dense_testing_sparse,dense,compact,70,2,heldout_val,55000,f9101b3cbe7a134eff7069a83a39e99255f672215ceaa0a96a426b2705b96022,b0393e9d1c0e15b51559e628483e2ed496574409f6794199f61ad346d461af16,d702f30cdbb4eec392ad0ecc9abc4f74a4b031dc4dd9bd08fa1670b553a83e7d,clean,clean,1,10000,10.68
mnist,swin_tiny,grayscale,training_dense_testing_sparse,dense,compact,70,2,heldout_val,55000,f9101b3cbe7a134eff7069a83a39e99255f672215ceaa0a96a426b2705b96022,b0393e9d1c0e15b51559e628483e2ed496574409f6794199f61ad346d461af16,d702f30cdbb4eec392ad0ecc9abc4f74a4b031dc4dd9bd08fa1670b553a83e7d,shot_noise,fixed,1,10000,36.21
mnist,swin_tiny,grayscale,training_dense_testing_sparse,dense,compact,70,2,heldout_val,55000,f9101b3cbe7a134eff7069a83a39e99255f672215ceaa0a96a426b2705b96022,b0393e9d1c0e15b51559e628483e2ed496574409f6794199f61ad346d461af16,d702f30cdbb4eec392ad0ecc9abc4f74a4b031dc4dd9bd08fa1670b553a83e7d,impulse_noise,fixed,1,10000,86.58
mnist,swin_tiny,grayscale,training_dense_testing_sparse,dense,compact,70,2,heldout_val,55000,f9101b3cbe7a134eff7069a83a39e99255f672215ceaa0a96a426b2705b96022,b0393e9d1c0e15b51559e628483e2ed496574409f6794199f61ad346d461af16,d702f30cdbb4eec392ad0ecc9abc4f74a4b031dc4dd9bd08fa1670b553a83e7d,glass_blur,fixed,1,10000,62.93
mnist,swin_tiny,grayscale,training_dense_testing_sparse,dense,compact,70,2,heldout_val,55000,f9101b3cbe7a134eff7069a83a39e99255f672215ceaa0a96a426b2705b96022,b0393e9d1c0e15b51559e628483e2ed496574409f6794199f61ad346d461af16,d702f30cdbb4eec392ad0ecc9abc4f74a4b031dc4dd9bd08fa1670b553a83e7d,motion_blur,fixed,1,10000,22.89
mnist,swin_tiny,grayscale,training_dense_testing_sparse,dense,compact,70,2,heldout_val,55000,f9101b3cbe7a134eff7069a83a39e99255f672215ceaa0a96a426b2705b96022,b0393e9d1c0e15b51559e628483e2ed496574409f6794199f61ad346d461af16,d702f30cdbb4eec392ad0ecc9abc4f74a4b031dc4dd9bd08fa1670b553a83e7d,shear,fixed,1,10000,19.55
mnist,swin_tiny,grayscale,training_dense_testing_sparse,dense,compact,70,2,heldout_val,55000,f9101b3cbe7a134eff7069a83a39e99255f672215ceaa0a96a426b2705b96022,b0393e9d1c0e15b51559e628483e2ed496574409f6794199f61ad346d461af16,d702f30cdbb4eec392ad0ecc9abc4f74a4b031dc4dd9bd08fa1670b553a83e7d,scale,fixed,1,10000,36.71
mnist,swin_tiny,grayscale,training_dense_testing_sparse,dense,compact,70,2,heldout_val,55000,f9101b3cbe7a134eff7069a83a39e99255f672215ceaa0a96a426b2705b96022,b0393e9d1c0e15b51559e628483e2ed496574409f6794199f61ad346d461af16,d702f30cdbb4eec392ad0ecc9abc4f74a4b031dc4dd9bd08fa1670b553a83e7d,rotate,fixed,1,10000,25.539999999999996
mnist,swin_tiny,grayscale,training_dense_testing_sparse,dense,compact,70,2,heldout_val,55000,f9101b3cbe7a134eff7069a83a39e99255f672215ceaa0a96a426b2705b96022,b0393e9d1c0e15b51559e628483e2ed496574409f6794199f61ad346d461af16,d702f30cdbb4eec392ad0ecc9abc4f74a4b031dc4dd9bd08fa1670b553a83e7d,brightness,fixed,1,10000,63.29
mnist,swin_tiny,grayscale,training_dense_testing_sparse,dense,compact,70,2,heldout_val,55000,f9101b3cbe7a134eff7069a83a39e99255f672215ceaa0a96a426b2705b96022,b0393e9d1c0e15b51559e628483e2ed496574409f6794199f61ad346d461af16,d702f30cdbb4eec392ad0ecc9abc4f74a4b031dc4dd9bd08fa1670b553a83e7d,translate,fixed,1,10000,67.87
mnist,swin_tiny,grayscale,training_dense_testing_sparse,dense,compact,70,2,heldout_val,55000,f9101b3cbe7a134eff7069a83a39e99255f672215ceaa0a96a426b2705b96022,b0393e9d1c0e15b51559e628483e2ed496574409f6794199f61ad346d461af16,d702f30cdbb4eec392ad0ecc9abc4f74a4b031dc4dd9bd08fa1670b553a83e7d,stripe,fixed,1,10000,78.72
mnist,swin_tiny,grayscale,training_dense_testing_sparse,dense,compact,70,2,heldout_val,55000,f9101b3cbe7a134eff7069a83a39e99255f672215ceaa0a96a426b2705b96022,b0393e9d1c0e15b51559e628483e2ed496574409f6794199f61ad346d461af16,d702f30cdbb4eec392ad0ecc9abc4f74a4b031dc4dd9bd08fa1670b553a83e7d,fog,fixed,1,10000,62.2
mnist,swin_tiny,grayscale,training_dense_testing_sparse,dense,compact,70,2,heldout_val,55000,f9101b3cbe7a134eff7069a83a39e99255f672215ceaa0a96a426b2705b96022,b0393e9d1c0e15b51559e628483e2ed496574409f6794199f61ad346d461af16,d702f30cdbb4eec392ad0ecc9abc4f74a4b031dc4dd9bd08fa1670b553a83e7d,spatter,fixed,1,10000,56.099999999999994
mnist,swin_tiny,grayscale,training_dense_testing_sparse,dense,compact,70,2,heldout_val,55000,f9101b3cbe7a134eff7069a83a39e99255f672215ceaa0a96a426b2705b96022,b0393e9d1c0e15b51559e628483e2ed496574409f6794199f61ad346d461af16,d702f30cdbb4eec392ad0ecc9abc4f74a4b031dc4dd9bd08fa1670b553a83e7d,dotted_line,fixed,1,10000,30.289999999999996
mnist,swin_tiny,grayscale,training_dense_testing_sparse,dense,compact,70,2,heldout_val,55000,f9101b3cbe7a134eff7069a83a39e99255f672215ceaa0a96a426b2705b96022,b0393e9d1c0e15b51559e628483e2ed496574409f6794199f61ad346d461af16,d702f30cdbb4eec392ad0ecc9abc4f74a4b031dc4dd9bd08fa1670b553a83e7d,zigzag,fixed,1,10000,38.949999999999996
mnist,swin_tiny,grayscale,training_dense_testing_sparse,dense,compact,70,2,heldout_val,55000,f9101b3cbe7a134eff7069a83a39e99255f672215ceaa0a96a426b2705b96022,b0393e9d1c0e15b51559e628483e2ed496574409f6794199f61ad346d461af16,d702f30cdbb4eec392ad0ecc9abc4f74a4b031dc4dd9bd08fa1670b553a83e7d,canny_edges,fixed,1,10000,46.089999999999996
mnist,vit_small,grayscale,training_dense_testing_sparse,dense,compact,70,0,heldout_val,55000,e8bb7b2dff5e7481ffbe64a4d0c017841dce5c8b7715c4da25a88bcdc09414d8,1febb833c97989dec964ce4247d5bb9f7f212d0d0ffea0016b5b7d6ef9e061db,179475b8b5f1f60331c2ef36bed036328ffb8901f10573d5da34e3c145a3b99c,clean,clean,1,10000,56.96
mnist,vit_small,grayscale,training_dense_testing_sparse,dense,compact,70,0,heldout_val,55000,e8bb7b2dff5e7481ffbe64a4d0c017841dce5c8b7715c4da25a88bcdc09414d8,1febb833c97989dec964ce4247d5bb9f7f212d0d0ffea0016b5b7d6ef9e061db,179475b8b5f1f60331c2ef36bed036328ffb8901f10573d5da34e3c145a3b99c,shot_noise,fixed,1,10000,81.49
mnist,vit_small,grayscale,training_dense_testing_sparse,dense,compact,70,0,heldout_val,55000,e8bb7b2dff5e7481ffbe64a4d0c017841dce5c8b7715c4da25a88bcdc09414d8,1febb833c97989dec964ce4247d5bb9f7f212d0d0ffea0016b5b7d6ef9e061db,179475b8b5f1f60331c2ef36bed036328ffb8901f10573d5da34e3c145a3b99c,impulse_noise,fixed,1,10000,89.91
mnist,vit_small,grayscale,training_dense_testing_sparse,dense,compact,70,0,heldout_val,55000,e8bb7b2dff5e7481ffbe64a4d0c017841dce5c8b7715c4da25a88bcdc09414d8,1febb833c97989dec964ce4247d5bb9f7f212d0d0ffea0016b5b7d6ef9e061db,179475b8b5f1f60331c2ef36bed036328ffb8901f10573d5da34e3c145a3b99c,glass_blur,fixed,1,10000,81.99
mnist,vit_small,grayscale,training_dense_testing_sparse,dense,compact,70,0,heldout_val,55000,e8bb7b2dff5e7481ffbe64a4d0c017841dce5c8b7715c4da25a88bcdc09414d8,1febb833c97989dec964ce4247d5bb9f7f212d0d0ffea0016b5b7d6ef9e061db,179475b8b5f1f60331c2ef36bed036328ffb8901f10573d5da34e3c145a3b99c,motion_blur,fixed,1,10000,73.7
mnist,vit_small,grayscale,training_dense_testing_sparse,dense,compact,70,0,heldout_val,55000,e8bb7b2dff5e7481ffbe64a4d0c017841dce5c8b7715c4da25a88bcdc09414d8,1febb833c97989dec964ce4247d5bb9f7f212d0d0ffea0016b5b7d6ef9e061db,179475b8b5f1f60331c2ef36bed036328ffb8901f10573d5da34e3c145a3b99c,shear,fixed,1,10000,63.800000000000004
mnist,vit_small,grayscale,training_dense_testing_sparse,dense,compact,70,0,heldout_val,55000,e8bb7b2dff5e7481ffbe64a4d0c017841dce5c8b7715c4da25a88bcdc09414d8,1febb833c97989dec964ce4247d5bb9f7f212d0d0ffea0016b5b7d6ef9e061db,179475b8b5f1f60331c2ef36bed036328ffb8901f10573d5da34e3c145a3b99c,scale,fixed,1,10000,69.48
mnist,vit_small,grayscale,training_dense_testing_sparse,dense,compact,70,0,heldout_val,55000,e8bb7b2dff5e7481ffbe64a4d0c017841dce5c8b7715c4da25a88bcdc09414d8,1febb833c97989dec964ce4247d5bb9f7f212d0d0ffea0016b5b7d6ef9e061db,179475b8b5f1f60331c2ef36bed036328ffb8901f10573d5da34e3c145a3b99c,rotate,fixed,1,10000,63.629999999999995
mnist,vit_small,grayscale,training_dense_testing_sparse,dense,compact,70,0,heldout_val,55000,e8bb7b2dff5e7481ffbe64a4d0c017841dce5c8b7715c4da25a88bcdc09414d8,1febb833c97989dec964ce4247d5bb9f7f212d0d0ffea0016b5b7d6ef9e061db,179475b8b5f1f60331c2ef36bed036328ffb8901f10573d5da34e3c145a3b99c,brightness,fixed,1,10000,80.36999999999999
mnist,vit_small,grayscale,training_dense_testing_sparse,dense,compact,70,0,heldout_val,55000,e8bb7b2dff5e7481ffbe64a4d0c017841dce5c8b7715c4da25a88bcdc09414d8,1febb833c97989dec964ce4247d5bb9f7f212d0d0ffea0016b5b7d6ef9e061db,179475b8b5f1f60331c2ef36bed036328ffb8901f10573d5da34e3c145a3b99c,translate,fixed,1,10000,79.19
mnist,vit_small,grayscale,training_dense_testing_sparse,dense,compact,70,0,heldout_val,55000,e8bb7b2dff5e7481ffbe64a4d0c017841dce5c8b7715c4da25a88bcdc09414d8,1febb833c97989dec964ce4247d5bb9f7f212d0d0ffea0016b5b7d6ef9e061db,179475b8b5f1f60331c2ef36bed036328ffb8901f10573d5da34e3c145a3b99c,stripe,fixed,1,10000,90.38000000000001
mnist,vit_small,grayscale,training_dense_testing_sparse,dense,compact,70,0,heldout_val,55000,e8bb7b2dff5e7481ffbe64a4d0c017841dce5c8b7715c4da25a88bcdc09414d8,1febb833c97989dec964ce4247d5bb9f7f212d0d0ffea0016b5b7d6ef9e061db,179475b8b5f1f60331c2ef36bed036328ffb8901f10573d5da34e3c145a3b99c,fog,fixed,1,10000,89.32
mnist,vit_small,grayscale,training_dense_testing_sparse,dense,compact,70,0,heldout_val,55000,e8bb7b2dff5e7481ffbe64a4d0c017841dce5c8b7715c4da25a88bcdc09414d8,1febb833c97989dec964ce4247d5bb9f7f212d0d0ffea0016b5b7d6ef9e061db,179475b8b5f1f60331c2ef36bed036328ffb8901f10573d5da34e3c145a3b99c,spatter,fixed,1,10000,70.32000000000001
mnist,vit_small,grayscale,training_dense_testing_sparse,dense,compact,70,0,heldout_val,55000,e8bb7b2dff5e7481ffbe64a4d0c017841dce5c8b7715c4da25a88bcdc09414d8,1febb833c97989dec964ce4247d5bb9f7f212d0d0ffea0016b5b7d6ef9e061db,179475b8b5f1f60331c2ef36bed036328ffb8901f10573d5da34e3c145a3b99c,dotted_line,fixed,1,10000,75.24
mnist,vit_small,grayscale,training_dense_testing_sparse,dense,compact,70,0,heldout_val,55000,e8bb7b2dff5e7481ffbe64a4d0c017841dce5c8b7715c4da25a88bcdc09414d8,1febb833c97989dec964ce4247d5bb9f7f212d0d0ffea0016b5b7d6ef9e061db,179475b8b5f1f60331c2ef36bed036328ffb8901f10573d5da34e3c145a3b99c,zigzag,fixed,1,10000,81.62
mnist,vit_small,grayscale,training_dense_testing_sparse,dense,compact,70,0,heldout_val,55000,e8bb7b2dff5e7481ffbe64a4d0c017841dce5c8b7715c4da25a88bcdc09414d8,1febb833c97989dec964ce4247d5bb9f7f212d0d0ffea0016b5b7d6ef9e061db,179475b8b5f1f60331c2ef36bed036328ffb8901f10573d5da34e3c145a3b99c,canny_edges,fixed,1,10000,88.48
mnist,vit_small,grayscale,training_dense_testing_sparse,dense,compact,70,1,heldout_val,55000,b61bbd2a37917cfefa0b51adb17bcd8439992ab62c5dc6f383495fd0eeef8962,10a1c020e268e60f92a50cb1a938f7e478078107b9a7dd5bcd30e3f36dd50ae6,0c043582d4fd9fa02edf865269d1ba752080dec581307de85e519181414c7951,clean,clean,1,10000,53.23
mnist,vit_small,grayscale,training_dense_testing_sparse,dense,compact,70,1,heldout_val,55000,b61bbd2a37917cfefa0b51adb17bcd8439992ab62c5dc6f383495fd0eeef8962,10a1c020e268e60f92a50cb1a938f7e478078107b9a7dd5bcd30e3f36dd50ae6,0c043582d4fd9fa02edf865269d1ba752080dec581307de85e519181414c7951,shot_noise,fixed,1,10000,74.85
mnist,vit_small,grayscale,training_dense_testing_sparse,dense,compact,70,1,heldout_val,55000,b61bbd2a37917cfefa0b51adb17bcd8439992ab62c5dc6f383495fd0eeef8962,10a1c020e268e60f92a50cb1a938f7e478078107b9a7dd5bcd30e3f36dd50ae6,0c043582d4fd9fa02edf865269d1ba752080dec581307de85e519181414c7951,impulse_noise,fixed,1,10000,89.2
mnist,vit_small,grayscale,training_dense_testing_sparse,dense,compact,70,1,heldout_val,55000,b61bbd2a37917cfefa0b51adb17bcd8439992ab62c5dc6f383495fd0eeef8962,10a1c020e268e60f92a50cb1a938f7e478078107b9a7dd5bcd30e3f36dd50ae6,0c043582d4fd9fa02edf865269d1ba752080dec581307de85e519181414c7951,glass_blur,fixed,1,10000,84.8
mnist,vit_small,grayscale,training_dense_testing_sparse,dense,compact,70,1,heldout_val,55000,b61bbd2a37917cfefa0b51adb17bcd8439992ab62c5dc6f383495fd0eeef8962,10a1c020e268e60f92a50cb1a938f7e478078107b9a7dd5bcd30e3f36dd50ae6,0c043582d4fd9fa02edf865269d1ba752080dec581307de85e519181414c7951,motion_blur,fixed,1,10000,73.33000000000001
mnist,vit_small,grayscale,training_dense_testing_sparse,dense,compact,70,1,heldout_val,55000,b61bbd2a37917cfefa0b51adb17bcd8439992ab62c5dc6f383495fd0eeef8962,10a1c020e268e60f92a50cb1a938f7e478078107b9a7dd5bcd30e3f36dd50ae6,0c043582d4fd9fa02edf865269d1ba752080dec581307de85e519181414c7951,shear,fixed,1,10000,65.75999999999999
mnist,vit_small,grayscale,training_dense_testing_sparse,dense,compact,70,1,heldout_val,55000,b61bbd2a37917cfefa0b51adb17bcd8439992ab62c5dc6f383495fd0eeef8962,10a1c020e268e60f92a50cb1a938f7e478078107b9a7dd5bcd30e3f36dd50ae6,0c043582d4fd9fa02edf865269d1ba752080dec581307de85e519181414c7951,scale,fixed,1,10000,69.39
mnist,vit_small,grayscale,training_dense_testing_sparse,dense,compact,70,1,heldout_val,55000,b61bbd2a37917cfefa0b51adb17bcd8439992ab62c5dc6f383495fd0eeef8962,10a1c020e268e60f92a50cb1a938f7e478078107b9a7dd5bcd30e3f36dd50ae6,0c043582d4fd9fa02edf865269d1ba752080dec581307de85e519181414c7951,rotate,fixed,1,10000,66.86000000000001
mnist,vit_small,grayscale,training_dense_testing_sparse,dense,compact,70,1,heldout_val,55000,b61bbd2a37917cfefa0b51adb17bcd8439992ab62c5dc6f383495fd0eeef8962,10a1c020e268e60f92a50cb1a938f7e478078107b9a7dd5bcd30e3f36dd50ae6,0c043582d4fd9fa02edf865269d1ba752080dec581307de85e519181414c7951,brightness,fixed,1,10000,83.56
mnist,vit_small,grayscale,training_dense_testing_sparse,dense,compact,70,1,heldout_val,55000,b61bbd2a37917cfefa0b51adb17bcd8439992ab62c5dc6f383495fd0eeef8962,10a1c020e268e60f92a50cb1a938f7e478078107b9a7dd5bcd30e3f36dd50ae6,0c043582d4fd9fa02edf865269d1ba752080dec581307de85e519181414c7951,translate,fixed,1,10000,79.42
mnist,vit_small,grayscale,training_dense_testing_sparse,dense,compact,70,1,heldout_val,55000,b61bbd2a37917cfefa0b51adb17bcd8439992ab62c5dc6f383495fd0eeef8962,10a1c020e268e60f92a50cb1a938f7e478078107b9a7dd5bcd30e3f36dd50ae6,0c043582d4fd9fa02edf865269d1ba752080dec581307de85e519181414c7951,stripe,fixed,1,10000,90.60000000000001
mnist,vit_small,grayscale,training_dense_testing_sparse,dense,compact,70,1,heldout_val,55000,b61bbd2a37917cfefa0b51adb17bcd8439992ab62c5dc6f383495fd0eeef8962,10a1c020e268e60f92a50cb1a938f7e478078107b9a7dd5bcd30e3f36dd50ae6,0c043582d4fd9fa02edf865269d1ba752080dec581307de85e519181414c7951,fog,fixed,1,10000,91.93
mnist,vit_small,grayscale,training_dense_testing_sparse,dense,compact,70,1,heldout_val,55000,b61bbd2a37917cfefa0b51adb17bcd8439992ab62c5dc6f383495fd0eeef8962,10a1c020e268e60f92a50cb1a938f7e478078107b9a7dd5bcd30e3f36dd50ae6,0c043582d4fd9fa02edf865269d1ba752080dec581307de85e519181414c7951,spatter,fixed,1,10000,68.7
mnist,vit_small,grayscale,training_dense_testing_sparse,dense,compact,70,1,heldout_val,55000,b61bbd2a37917cfefa0b51adb17bcd8439992ab62c5dc6f383495fd0eeef8962,10a1c020e268e60f92a50cb1a938f7e478078107b9a7dd5bcd30e3f36dd50ae6,0c043582d4fd9fa02edf865269d1ba752080dec581307de85e519181414c7951,dotted_line,fixed,1,10000,70.05
mnist,vit_small,grayscale,training_dense_testing_sparse,dense,compact,70,1,heldout_val,55000,b61bbd2a37917cfefa0b51adb17bcd8439992ab62c5dc6f383495fd0eeef8962,10a1c020e268e60f92a50cb1a938f7e478078107b9a7dd5bcd30e3f36dd50ae6,0c043582d4fd9fa02edf865269d1ba752080dec581307de85e519181414c7951,zigzag,fixed,1,10000,77.83
mnist,vit_small,grayscale,training_dense_testing_sparse,dense,compact,70,1,heldout_val,55000,b61bbd2a37917cfefa0b51adb17bcd8439992ab62c5dc6f383495fd0eeef8962,10a1c020e268e60f92a50cb1a938f7e478078107b9a7dd5bcd30e3f36dd50ae6,0c043582d4fd9fa02edf865269d1ba752080dec581307de85e519181414c7951,canny_edges,fixed,1,10000,82.71
mnist,vit_small,grayscale,training_dense_testing_sparse,dense,compact,70,2,heldout_val,55000,d119f40c6fe20ebaf09e8abd12b9fd95ebb4a5e48e65c9c311f4aa388de6f31d,04b23e1d894d5cd0ffacd122ef55cc5578fe60d76fbf71286f07dceb0d27c789,e6a832390c850cd02985baa89af74e5b5051e71fc8f593de29cbe32747013aef,clean,clean,1,10000,57.18
mnist,vit_small,grayscale,training_dense_testing_sparse,dense,compact,70,2,heldout_val,55000,d119f40c6fe20ebaf09e8abd12b9fd95ebb4a5e48e65c9c311f4aa388de6f31d,04b23e1d894d5cd0ffacd122ef55cc5578fe60d76fbf71286f07dceb0d27c789,e6a832390c850cd02985baa89af74e5b5051e71fc8f593de29cbe32747013aef,shot_noise,fixed,1,10000,80.28
mnist,vit_small,grayscale,training_dense_testing_sparse,dense,compact,70,2,heldout_val,55000,d119f40c6fe20ebaf09e8abd12b9fd95ebb4a5e48e65c9c311f4aa388de6f31d,04b23e1d894d5cd0ffacd122ef55cc5578fe60d76fbf71286f07dceb0d27c789,e6a832390c850cd02985baa89af74e5b5051e71fc8f593de29cbe32747013aef,impulse_noise,fixed,1,10000,88.89
mnist,vit_small,grayscale,training_dense_testing_sparse,dense,compact,70,2,heldout_val,55000,d119f40c6fe20ebaf09e8abd12b9fd95ebb4a5e48e65c9c311f4aa388de6f31d,04b23e1d894d5cd0ffacd122ef55cc5578fe60d76fbf71286f07dceb0d27c789,e6a832390c850cd02985baa89af74e5b5051e71fc8f593de29cbe32747013aef,glass_blur,fixed,1,10000,85.7
mnist,vit_small,grayscale,training_dense_testing_sparse,dense,compact,70,2,heldout_val,55000,d119f40c6fe20ebaf09e8abd12b9fd95ebb4a5e48e65c9c311f4aa388de6f31d,04b23e1d894d5cd0ffacd122ef55cc5578fe60d76fbf71286f07dceb0d27c789,e6a832390c850cd02985baa89af74e5b5051e71fc8f593de29cbe32747013aef,motion_blur,fixed,1,10000,75.39
mnist,vit_small,grayscale,training_dense_testing_sparse,dense,compact,70,2,heldout_val,55000,d119f40c6fe20ebaf09e8abd12b9fd95ebb4a5e48e65c9c311f4aa388de6f31d,04b23e1d894d5cd0ffacd122ef55cc5578fe60d76fbf71286f07dceb0d27c789,e6a832390c850cd02985baa89af74e5b5051e71fc8f593de29cbe32747013aef,shear,fixed,1,10000,66.87
mnist,vit_small,grayscale,training_dense_testing_sparse,dense,compact,70,2,heldout_val,55000,d119f40c6fe20ebaf09e8abd12b9fd95ebb4a5e48e65c9c311f4aa388de6f31d,04b23e1d894d5cd0ffacd122ef55cc5578fe60d76fbf71286f07dceb0d27c789,e6a832390c850cd02985baa89af74e5b5051e71fc8f593de29cbe32747013aef,scale,fixed,1,10000,71.32000000000001
mnist,vit_small,grayscale,training_dense_testing_sparse,dense,compact,70,2,heldout_val,55000,d119f40c6fe20ebaf09e8abd12b9fd95ebb4a5e48e65c9c311f4aa388de6f31d,04b23e1d894d5cd0ffacd122ef55cc5578fe60d76fbf71286f07dceb0d27c789,e6a832390c850cd02985baa89af74e5b5051e71fc8f593de29cbe32747013aef,rotate,fixed,1,10000,64.68
mnist,vit_small,grayscale,training_dense_testing_sparse,dense,compact,70,2,heldout_val,55000,d119f40c6fe20ebaf09e8abd12b9fd95ebb4a5e48e65c9c311f4aa388de6f31d,04b23e1d894d5cd0ffacd122ef55cc5578fe60d76fbf71286f07dceb0d27c789,e6a832390c850cd02985baa89af74e5b5051e71fc8f593de29cbe32747013aef,brightness,fixed,1,10000,83.39
mnist,vit_small,grayscale,training_dense_testing_sparse,dense,compact,70,2,heldout_val,55000,d119f40c6fe20ebaf09e8abd12b9fd95ebb4a5e48e65c9c311f4aa388de6f31d,04b23e1d894d5cd0ffacd122ef55cc5578fe60d76fbf71286f07dceb0d27c789,e6a832390c850cd02985baa89af74e5b5051e71fc8f593de29cbe32747013aef,translate,fixed,1,10000,83.56
mnist,vit_small,grayscale,training_dense_testing_sparse,dense,compact,70,2,heldout_val,55000,d119f40c6fe20ebaf09e8abd12b9fd95ebb4a5e48e65c9c311f4aa388de6f31d,04b23e1d894d5cd0ffacd122ef55cc5578fe60d76fbf71286f07dceb0d27c789,e6a832390c850cd02985baa89af74e5b5051e71fc8f593de29cbe32747013aef,stripe,fixed,1,10000,90.56
mnist,vit_small,grayscale,training_dense_testing_sparse,dense,compact,70,2,heldout_val,55000,d119f40c6fe20ebaf09e8abd12b9fd95ebb4a5e48e65c9c311f4aa388de6f31d,04b23e1d894d5cd0ffacd122ef55cc5578fe60d76fbf71286f07dceb0d27c789,e6a832390c850cd02985baa89af74e5b5051e71fc8f593de29cbe32747013aef,fog,fixed,1,10000,90.34
mnist,vit_small,grayscale,training_dense_testing_sparse,dense,compact,70,2,heldout_val,55000,d119f40c6fe20ebaf09e8abd12b9fd95ebb4a5e48e65c9c311f4aa388de6f31d,04b23e1d894d5cd0ffacd122ef55cc5578fe60d76fbf71286f07dceb0d27c789,e6a832390c850cd02985baa89af74e5b5051e71fc8f593de29cbe32747013aef,spatter,fixed,1,10000,70.25
mnist,vit_small,grayscale,training_dense_testing_sparse,dense,compact,70,2,heldout_val,55000,d119f40c6fe20ebaf09e8abd12b9fd95ebb4a5e48e65c9c311f4aa388de6f31d,04b23e1d894d5cd0ffacd122ef55cc5578fe60d76fbf71286f07dceb0d27c789,e6a832390c850cd02985baa89af74e5b5051e71fc8f593de29cbe32747013aef,dotted_line,fixed,1,10000,75.95
mnist,vit_small,grayscale,training_dense_testing_sparse,dense,compact,70,2,heldout_val,55000,d119f40c6fe20ebaf09e8abd12b9fd95ebb4a5e48e65c9c311f4aa388de6f31d,04b23e1d894d5cd0ffacd122ef55cc5578fe60d76fbf71286f07dceb0d27c789,e6a832390c850cd02985baa89af74e5b5051e71fc8f593de29cbe32747013aef,zigzag,fixed,1,10000,80.69
mnist,vit_small,grayscale,training_dense_testing_sparse,dense,compact,70,2,heldout_val,55000,d119f40c6fe20ebaf09e8abd12b9fd95ebb4a5e48e65c9c311f4aa388de6f31d,04b23e1d894d5cd0ffacd122ef55cc5578fe60d76fbf71286f07dceb0d27c789,e6a832390c850cd02985baa89af74e5b5051e71fc8f593de29cbe32747013aef,canny_edges,fixed,1,10000,87.41
mnist,swin_tiny,grayscale,training_dense_testing_sparse,dense,compact,80,0,heldout_val,55000,8367ecdfb1847f199882f5d9df2281dc5924555d3050ae1271e09d27e1f32a19,473ed25a586e0ea8fb93e4fadfcfd4e7e18bde623e0f22701c184b2da680520b,b5ba882ee04e81c45232c4005e9a820b60c8b46fc9026b6949f38be5e12dae2b,clean,clean,1,10000,9.389999999999999
mnist,swin_tiny,grayscale,training_dense_testing_sparse,dense,compact,80,0,heldout_val,55000,8367ecdfb1847f199882f5d9df2281dc5924555d3050ae1271e09d27e1f32a19,473ed25a586e0ea8fb93e4fadfcfd4e7e18bde623e0f22701c184b2da680520b,b5ba882ee04e81c45232c4005e9a820b60c8b46fc9026b6949f38be5e12dae2b,shot_noise,fixed,1,10000,42.08
mnist,swin_tiny,grayscale,training_dense_testing_sparse,dense,compact,80,0,heldout_val,55000,8367ecdfb1847f199882f5d9df2281dc5924555d3050ae1271e09d27e1f32a19,473ed25a586e0ea8fb93e4fadfcfd4e7e18bde623e0f22701c184b2da680520b,b5ba882ee04e81c45232c4005e9a820b60c8b46fc9026b6949f38be5e12dae2b,impulse_noise,fixed,1,10000,89.51
mnist,swin_tiny,grayscale,training_dense_testing_sparse,dense,compact,80,0,heldout_val,55000,8367ecdfb1847f199882f5d9df2281dc5924555d3050ae1271e09d27e1f32a19,473ed25a586e0ea8fb93e4fadfcfd4e7e18bde623e0f22701c184b2da680520b,b5ba882ee04e81c45232c4005e9a820b60c8b46fc9026b6949f38be5e12dae2b,glass_blur,fixed,1,10000,73.12
mnist,swin_tiny,grayscale,training_dense_testing_sparse,dense,compact,80,0,heldout_val,55000,8367ecdfb1847f199882f5d9df2281dc5924555d3050ae1271e09d27e1f32a19,473ed25a586e0ea8fb93e4fadfcfd4e7e18bde623e0f22701c184b2da680520b,b5ba882ee04e81c45232c4005e9a820b60c8b46fc9026b6949f38be5e12dae2b,motion_blur,fixed,1,10000,25.419999999999998
mnist,swin_tiny,grayscale,training_dense_testing_sparse,dense,compact,80,0,heldout_val,55000,8367ecdfb1847f199882f5d9df2281dc5924555d3050ae1271e09d27e1f32a19,473ed25a586e0ea8fb93e4fadfcfd4e7e18bde623e0f22701c184b2da680520b,b5ba882ee04e81c45232c4005e9a820b60c8b46fc9026b6949f38be5e12dae2b,shear,fixed,1,10000,19.47
mnist,swin_tiny,grayscale,training_dense_testing_sparse,dense,compact,80,0,heldout_val,55000,8367ecdfb1847f199882f5d9df2281dc5924555d3050ae1271e09d27e1f32a19,473ed25a586e0ea8fb93e4fadfcfd4e7e18bde623e0f22701c184b2da680520b,b5ba882ee04e81c45232c4005e9a820b60c8b46fc9026b6949f38be5e12dae2b,scale,fixed,1,10000,26.249999999999996
mnist,swin_tiny,grayscale,training_dense_testing_sparse,dense,compact,80,0,heldout_val,55000,8367ecdfb1847f199882f5d9df2281dc5924555d3050ae1271e09d27e1f32a19,473ed25a586e0ea8fb93e4fadfcfd4e7e18bde623e0f22701c184b2da680520b,b5ba882ee04e81c45232c4005e9a820b60c8b46fc9026b6949f38be5e12dae2b,rotate,fixed,1,10000,26.370000000000005
mnist,swin_tiny,grayscale,training_dense_testing_sparse,dense,compact,80,0,heldout_val,55000,8367ecdfb1847f199882f5d9df2281dc5924555d3050ae1271e09d27e1f32a19,473ed25a586e0ea8fb93e4fadfcfd4e7e18bde623e0f22701c184b2da680520b,b5ba882ee04e81c45232c4005e9a820b60c8b46fc9026b6949f38be5e12dae2b,brightness,fixed,1,10000,83.57
mnist,swin_tiny,grayscale,training_dense_testing_sparse,dense,compact,80,0,heldout_val,55000,8367ecdfb1847f199882f5d9df2281dc5924555d3050ae1271e09d27e1f32a19,473ed25a586e0ea8fb93e4fadfcfd4e7e18bde623e0f22701c184b2da680520b,b5ba882ee04e81c45232c4005e9a820b60c8b46fc9026b6949f38be5e12dae2b,translate,fixed,1,10000,70.19999999999999
mnist,swin_tiny,grayscale,training_dense_testing_sparse,dense,compact,80,0,heldout_val,55000,8367ecdfb1847f199882f5d9df2281dc5924555d3050ae1271e09d27e1f32a19,473ed25a586e0ea8fb93e4fadfcfd4e7e18bde623e0f22701c184b2da680520b,b5ba882ee04e81c45232c4005e9a820b60c8b46fc9026b6949f38be5e12dae2b,stripe,fixed,1,10000,89.09
mnist,swin_tiny,grayscale,training_dense_testing_sparse,dense,compact,80,0,heldout_val,55000,8367ecdfb1847f199882f5d9df2281dc5924555d3050ae1271e09d27e1f32a19,473ed25a586e0ea8fb93e4fadfcfd4e7e18bde623e0f22701c184b2da680520b,b5ba882ee04e81c45232c4005e9a820b60c8b46fc9026b6949f38be5e12dae2b,fog,fixed,1,10000,78.41
mnist,swin_tiny,grayscale,training_dense_testing_sparse,dense,compact,80,0,heldout_val,55000,8367ecdfb1847f199882f5d9df2281dc5924555d3050ae1271e09d27e1f32a19,473ed25a586e0ea8fb93e4fadfcfd4e7e18bde623e0f22701c184b2da680520b,b5ba882ee04e81c45232c4005e9a820b60c8b46fc9026b6949f38be5e12dae2b,spatter,fixed,1,10000,44.989999999999995
mnist,swin_tiny,grayscale,training_dense_testing_sparse,dense,compact,80,0,heldout_val,55000,8367ecdfb1847f199882f5d9df2281dc5924555d3050ae1271e09d27e1f32a19,473ed25a586e0ea8fb93e4fadfcfd4e7e18bde623e0f22701c184b2da680520b,b5ba882ee04e81c45232c4005e9a820b60c8b46fc9026b6949f38be5e12dae2b,dotted_line,fixed,1,10000,39.480000000000004
mnist,swin_tiny,grayscale,training_dense_testing_sparse,dense,compact,80,0,heldout_val,55000,8367ecdfb1847f199882f5d9df2281dc5924555d3050ae1271e09d27e1f32a19,473ed25a586e0ea8fb93e4fadfcfd4e7e18bde623e0f22701c184b2da680520b,b5ba882ee04e81c45232c4005e9a820b60c8b46fc9026b6949f38be5e12dae2b,zigzag,fixed,1,10000,53.54
mnist,swin_tiny,grayscale,training_dense_testing_sparse,dense,compact,80,0,heldout_val,55000,8367ecdfb1847f199882f5d9df2281dc5924555d3050ae1271e09d27e1f32a19,473ed25a586e0ea8fb93e4fadfcfd4e7e18bde623e0f22701c184b2da680520b,b5ba882ee04e81c45232c4005e9a820b60c8b46fc9026b6949f38be5e12dae2b,canny_edges,fixed,1,10000,46.830000000000005
mnist,swin_tiny,grayscale,training_dense_testing_sparse,dense,compact,80,1,heldout_val,55000,26bdc03d74331f18f288875b382cfeb4a8a5306ccb7293fda77c694f2415898c,3c122f0fd1faf70a5670d3c6526b0c7197dc73ded514139a3796e6045a6fb776,e6e682f99e0eee247ebb254b29f3eb44b9362a5a7ef446abce3bc043a51997fe,clean,clean,1,10000,15.349999999999998
mnist,swin_tiny,grayscale,training_dense_testing_sparse,dense,compact,80,1,heldout_val,55000,26bdc03d74331f18f288875b382cfeb4a8a5306ccb7293fda77c694f2415898c,3c122f0fd1faf70a5670d3c6526b0c7197dc73ded514139a3796e6045a6fb776,e6e682f99e0eee247ebb254b29f3eb44b9362a5a7ef446abce3bc043a51997fe,shot_noise,fixed,1,10000,45.230000000000004
mnist,swin_tiny,grayscale,training_dense_testing_sparse,dense,compact,80,1,heldout_val,55000,26bdc03d74331f18f288875b382cfeb4a8a5306ccb7293fda77c694f2415898c,3c122f0fd1faf70a5670d3c6526b0c7197dc73ded514139a3796e6045a6fb776,e6e682f99e0eee247ebb254b29f3eb44b9362a5a7ef446abce3bc043a51997fe,impulse_noise,fixed,1,10000,89.1
mnist,swin_tiny,grayscale,training_dense_testing_sparse,dense,compact,80,1,heldout_val,55000,26bdc03d74331f18f288875b382cfeb4a8a5306ccb7293fda77c694f2415898c,3c122f0fd1faf70a5670d3c6526b0c7197dc73ded514139a3796e6045a6fb776,e6e682f99e0eee247ebb254b29f3eb44b9362a5a7ef446abce3bc043a51997fe,glass_blur,fixed,1,10000,72.71000000000001
mnist,swin_tiny,grayscale,training_dense_testing_sparse,dense,compact,80,1,heldout_val,55000,26bdc03d74331f18f288875b382cfeb4a8a5306ccb7293fda77c694f2415898c,3c122f0fd1faf70a5670d3c6526b0c7197dc73ded514139a3796e6045a6fb776,e6e682f99e0eee247ebb254b29f3eb44b9362a5a7ef446abce3bc043a51997fe,motion_blur,fixed,1,10000,29.04
mnist,swin_tiny,grayscale,training_dense_testing_sparse,dense,compact,80,1,heldout_val,55000,26bdc03d74331f18f288875b382cfeb4a8a5306ccb7293fda77c694f2415898c,3c122f0fd1faf70a5670d3c6526b0c7197dc73ded514139a3796e6045a6fb776,e6e682f99e0eee247ebb254b29f3eb44b9362a5a7ef446abce3bc043a51997fe,shear,fixed,1,10000,26.139999999999997
mnist,swin_tiny,grayscale,training_dense_testing_sparse,dense,compact,80,1,heldout_val,55000,26bdc03d74331f18f288875b382cfeb4a8a5306ccb7293fda77c694f2415898c,3c122f0fd1faf70a5670d3c6526b0c7197dc73ded514139a3796e6045a6fb776,e6e682f99e0eee247ebb254b29f3eb44b9362a5a7ef446abce3bc043a51997fe,scale,fixed,1,10000,31.03
mnist,swin_tiny,grayscale,training_dense_testing_sparse,dense,compact,80,1,heldout_val,55000,26bdc03d74331f18f288875b382cfeb4a8a5306ccb7293fda77c694f2415898c,3c122f0fd1faf70a5670d3c6526b0c7197dc73ded514139a3796e6045a6fb776,e6e682f99e0eee247ebb254b29f3eb44b9362a5a7ef446abce3bc043a51997fe,rotate,fixed,1,10000,30.659999999999997
mnist,swin_tiny,grayscale,training_dense_testing_sparse,dense,compact,80,1,heldout_val,55000,26bdc03d74331f18f288875b382cfeb4a8a5306ccb7293fda77c694f2415898c,3c122f0fd1faf70a5670d3c6526b0c7197dc73ded514139a3796e6045a6fb776,e6e682f99e0eee247ebb254b29f3eb44b9362a5a7ef446abce3bc043a51997fe,brightness,fixed,1,10000,84.72
mnist,swin_tiny,grayscale,training_dense_testing_sparse,dense,compact,80,1,heldout_val,55000,26bdc03d74331f18f288875b382cfeb4a8a5306ccb7293fda77c694f2415898c,3c122f0fd1faf70a5670d3c6526b0c7197dc73ded514139a3796e6045a6fb776,e6e682f99e0eee247ebb254b29f3eb44b9362a5a7ef446abce3bc043a51997fe,translate,fixed,1,10000,68.58999999999999
mnist,swin_tiny,grayscale,training_dense_testing_sparse,dense,compact,80,1,heldout_val,55000,26bdc03d74331f18f288875b382cfeb4a8a5306ccb7293fda77c694f2415898c,3c122f0fd1faf70a5670d3c6526b0c7197dc73ded514139a3796e6045a6fb776,e6e682f99e0eee247ebb254b29f3eb44b9362a5a7ef446abce3bc043a51997fe,stripe,fixed,1,10000,91.25999999999999
mnist,swin_tiny,grayscale,training_dense_testing_sparse,dense,compact,80,1,heldout_val,55000,26bdc03d74331f18f288875b382cfeb4a8a5306ccb7293fda77c694f2415898c,3c122f0fd1faf70a5670d3c6526b0c7197dc73ded514139a3796e6045a6fb776,e6e682f99e0eee247ebb254b29f3eb44b9362a5a7ef446abce3bc043a51997fe,fog,fixed,1,10000,79.06
mnist,swin_tiny,grayscale,training_dense_testing_sparse,dense,compact,80,1,heldout_val,55000,26bdc03d74331f18f288875b382cfeb4a8a5306ccb7293fda77c694f2415898c,3c122f0fd1faf70a5670d3c6526b0c7197dc73ded514139a3796e6045a6fb776,e6e682f99e0eee247ebb254b29f3eb44b9362a5a7ef446abce3bc043a51997fe,spatter,fixed,1,10000,43.13
mnist,swin_tiny,grayscale,training_dense_testing_sparse,dense,compact,80,1,heldout_val,55000,26bdc03d74331f18f288875b382cfeb4a8a5306ccb7293fda77c694f2415898c,3c122f0fd1faf70a5670d3c6526b0c7197dc73ded514139a3796e6045a6fb776,e6e682f99e0eee247ebb254b29f3eb44b9362a5a7ef446abce3bc043a51997fe,dotted_line,fixed,1,10000,43.400000000000006
mnist,swin_tiny,grayscale,training_dense_testing_sparse,dense,compact,80,1,heldout_val,55000,26bdc03d74331f18f288875b382cfeb4a8a5306ccb7293fda77c694f2415898c,3c122f0fd1faf70a5670d3c6526b0c7197dc73ded514139a3796e6045a6fb776,e6e682f99e0eee247ebb254b29f3eb44b9362a5a7ef446abce3bc043a51997fe,zigzag,fixed,1,10000,52.760000000000005
mnist,swin_tiny,grayscale,training_dense_testing_sparse,dense,compact,80,1,heldout_val,55000,26bdc03d74331f18f288875b382cfeb4a8a5306ccb7293fda77c694f2415898c,3c122f0fd1faf70a5670d3c6526b0c7197dc73ded514139a3796e6045a6fb776,e6e682f99e0eee247ebb254b29f3eb44b9362a5a7ef446abce3bc043a51997fe,canny_edges,fixed,1,10000,48.34
mnist,swin_tiny,grayscale,training_dense_testing_sparse,dense,compact,80,2,heldout_val,55000,ec347d674802c1446bc769428d4bf4f7e1a2cba084f7352faf5990974bf36b8b,b0393e9d1c0e15b51559e628483e2ed496574409f6794199f61ad346d461af16,d702f30cdbb4eec392ad0ecc9abc4f74a4b031dc4dd9bd08fa1670b553a83e7d,clean,clean,1,10000,14.42
mnist,swin_tiny,grayscale,training_dense_testing_sparse,dense,compact,80,2,heldout_val,55000,ec347d674802c1446bc769428d4bf4f7e1a2cba084f7352faf5990974bf36b8b,b0393e9d1c0e15b51559e628483e2ed496574409f6794199f61ad346d461af16,d702f30cdbb4eec392ad0ecc9abc4f74a4b031dc4dd9bd08fa1670b553a83e7d,shot_noise,fixed,1,10000,49.06
mnist,swin_tiny,grayscale,training_dense_testing_sparse,dense,compact,80,2,heldout_val,55000,ec347d674802c1446bc769428d4bf4f7e1a2cba084f7352faf5990974bf36b8b,b0393e9d1c0e15b51559e628483e2ed496574409f6794199f61ad346d461af16,d702f30cdbb4eec392ad0ecc9abc4f74a4b031dc4dd9bd08fa1670b553a83e7d,impulse_noise,fixed,1,10000,89.18
mnist,swin_tiny,grayscale,training_dense_testing_sparse,dense,compact,80,2,heldout_val,55000,ec347d674802c1446bc769428d4bf4f7e1a2cba084f7352faf5990974bf36b8b,b0393e9d1c0e15b51559e628483e2ed496574409f6794199f61ad346d461af16,d702f30cdbb4eec392ad0ecc9abc4f74a4b031dc4dd9bd08fa1670b553a83e7d,glass_blur,fixed,1,10000,74.64
mnist,swin_tiny,grayscale,training_dense_testing_sparse,dense,compact,80,2,heldout_val,55000,ec347d674802c1446bc769428d4bf4f7e1a2cba084f7352faf5990974bf36b8b,b0393e9d1c0e15b51559e628483e2ed496574409f6794199f61ad346d461af16,d702f30cdbb4eec392ad0ecc9abc4f74a4b031dc4dd9bd08fa1670b553a83e7d,motion_blur,fixed,1,10000,30.000000000000004
mnist,swin_tiny,grayscale,training_dense_testing_sparse,dense,compact,80,2,heldout_val,55000,ec347d674802c1446bc769428d4bf4f7e1a2cba084f7352faf5990974bf36b8b,b0393e9d1c0e15b51559e628483e2ed496574409f6794199f61ad346d461af16,d702f30cdbb4eec392ad0ecc9abc4f74a4b031dc4dd9bd08fa1670b553a83e7d,shear,fixed,1,10000,26.619999999999997
mnist,swin_tiny,grayscale,training_dense_testing_sparse,dense,compact,80,2,heldout_val,55000,ec347d674802c1446bc769428d4bf4f7e1a2cba084f7352faf5990974bf36b8b,b0393e9d1c0e15b51559e628483e2ed496574409f6794199f61ad346d461af16,d702f30cdbb4eec392ad0ecc9abc4f74a4b031dc4dd9bd08fa1670b553a83e7d,scale,fixed,1,10000,36.94
mnist,swin_tiny,grayscale,training_dense_testing_sparse,dense,compact,80,2,heldout_val,55000,ec347d674802c1446bc769428d4bf4f7e1a2cba084f7352faf5990974bf36b8b,b0393e9d1c0e15b51559e628483e2ed496574409f6794199f61ad346d461af16,d702f30cdbb4eec392ad0ecc9abc4f74a4b031dc4dd9bd08fa1670b553a83e7d,rotate,fixed,1,10000,30.97
mnist,swin_tiny,grayscale,training_dense_testing_sparse,dense,compact,80,2,heldout_val,55000,ec347d674802c1446bc769428d4bf4f7e1a2cba084f7352faf5990974bf36b8b,b0393e9d1c0e15b51559e628483e2ed496574409f6794199f61ad346d461af16,d702f30cdbb4eec392ad0ecc9abc4f74a4b031dc4dd9bd08fa1670b553a83e7d,brightness,fixed,1,10000,84.89999999999999
mnist,swin_tiny,grayscale,training_dense_testing_sparse,dense,compact,80,2,heldout_val,55000,ec347d674802c1446bc769428d4bf4f7e1a2cba084f7352faf5990974bf36b8b,b0393e9d1c0e15b51559e628483e2ed496574409f6794199f61ad346d461af16,d702f30cdbb4eec392ad0ecc9abc4f74a4b031dc4dd9bd08fa1670b553a83e7d,translate,fixed,1,10000,70.11
mnist,swin_tiny,grayscale,training_dense_testing_sparse,dense,compact,80,2,heldout_val,55000,ec347d674802c1446bc769428d4bf4f7e1a2cba084f7352faf5990974bf36b8b,b0393e9d1c0e15b51559e628483e2ed496574409f6794199f61ad346d461af16,d702f30cdbb4eec392ad0ecc9abc4f74a4b031dc4dd9bd08fa1670b553a83e7d,stripe,fixed,1,10000,89.34
mnist,swin_tiny,grayscale,training_dense_testing_sparse,dense,compact,80,2,heldout_val,55000,ec347d674802c1446bc769428d4bf4f7e1a2cba084f7352faf5990974bf36b8b,b0393e9d1c0e15b51559e628483e2ed496574409f6794199f61ad346d461af16,d702f30cdbb4eec392ad0ecc9abc4f74a4b031dc4dd9bd08fa1670b553a83e7d,fog,fixed,1,10000,78.5
mnist,swin_tiny,grayscale,training_dense_testing_sparse,dense,compact,80,2,heldout_val,55000,ec347d674802c1446bc769428d4bf4f7e1a2cba084f7352faf5990974bf36b8b,b0393e9d1c0e15b51559e628483e2ed496574409f6794199f61ad346d461af16,d702f30cdbb4eec392ad0ecc9abc4f74a4b031dc4dd9bd08fa1670b553a83e7d,spatter,fixed,1,10000,49.650000000000006
mnist,swin_tiny,grayscale,training_dense_testing_sparse,dense,compact,80,2,heldout_val,55000,ec347d674802c1446bc769428d4bf4f7e1a2cba084f7352faf5990974bf36b8b,b0393e9d1c0e15b51559e628483e2ed496574409f6794199f61ad346d461af16,d702f30cdbb4eec392ad0ecc9abc4f74a4b031dc4dd9bd08fa1670b553a83e7d,dotted_line,fixed,1,10000,45.76
mnist,swin_tiny,grayscale,training_dense_testing_sparse,dense,compact,80,2,heldout_val,55000,ec347d674802c1446bc769428d4bf4f7e1a2cba084f7352faf5990974bf36b8b,b0393e9d1c0e15b51559e628483e2ed496574409f6794199f61ad346d461af16,d702f30cdbb4eec392ad0ecc9abc4f74a4b031dc4dd9bd08fa1670b553a83e7d,zigzag,fixed,1,10000,54.489999999999995
mnist,swin_tiny,grayscale,training_dense_testing_sparse,dense,compact,80,2,heldout_val,55000,ec347d674802c1446bc769428d4bf4f7e1a2cba084f7352faf5990974bf36b8b,b0393e9d1c0e15b51559e628483e2ed496574409f6794199f61ad346d461af16,d702f30cdbb4eec392ad0ecc9abc4f74a4b031dc4dd9bd08fa1670b553a83e7d,canny_edges,fixed,1,10000,50.669999999999995
mnist,vit_small,grayscale,training_dense_testing_sparse,dense,compact,80,0,heldout_val,55000,14edcb7bea3bd417a230e3ddec68c2b7df3ee414829facde12e943b72009cd25,1febb833c97989dec964ce4247d5bb9f7f212d0d0ffea0016b5b7d6ef9e061db,179475b8b5f1f60331c2ef36bed036328ffb8901f10573d5da34e3c145a3b99c,clean,clean,1,10000,76.61
mnist,vit_small,grayscale,training_dense_testing_sparse,dense,compact,80,0,heldout_val,55000,14edcb7bea3bd417a230e3ddec68c2b7df3ee414829facde12e943b72009cd25,1febb833c97989dec964ce4247d5bb9f7f212d0d0ffea0016b5b7d6ef9e061db,179475b8b5f1f60331c2ef36bed036328ffb8901f10573d5da34e3c145a3b99c,shot_noise,fixed,1,10000,87.94
mnist,vit_small,grayscale,training_dense_testing_sparse,dense,compact,80,0,heldout_val,55000,14edcb7bea3bd417a230e3ddec68c2b7df3ee414829facde12e943b72009cd25,1febb833c97989dec964ce4247d5bb9f7f212d0d0ffea0016b5b7d6ef9e061db,179475b8b5f1f60331c2ef36bed036328ffb8901f10573d5da34e3c145a3b99c,impulse_noise,fixed,1,10000,90.09
mnist,vit_small,grayscale,training_dense_testing_sparse,dense,compact,80,0,heldout_val,55000,14edcb7bea3bd417a230e3ddec68c2b7df3ee414829facde12e943b72009cd25,1febb833c97989dec964ce4247d5bb9f7f212d0d0ffea0016b5b7d6ef9e061db,179475b8b5f1f60331c2ef36bed036328ffb8901f10573d5da34e3c145a3b99c,glass_blur,fixed,1,10000,88.69
mnist,vit_small,grayscale,training_dense_testing_sparse,dense,compact,80,0,heldout_val,55000,14edcb7bea3bd417a230e3ddec68c2b7df3ee414829facde12e943b72009cd25,1febb833c97989dec964ce4247d5bb9f7f212d0d0ffea0016b5b7d6ef9e061db,179475b8b5f1f60331c2ef36bed036328ffb8901f10573d5da34e3c145a3b99c,motion_blur,fixed,1,10000,78.94
mnist,vit_small,grayscale,training_dense_testing_sparse,dense,compact,80,0,heldout_val,55000,14edcb7bea3bd417a230e3ddec68c2b7df3ee414829facde12e943b72009cd25,1febb833c97989dec964ce4247d5bb9f7f212d0d0ffea0016b5b7d6ef9e061db,179475b8b5f1f60331c2ef36bed036328ffb8901f10573d5da34e3c145a3b99c,shear,fixed,1,10000,77.86999999999999
mnist,vit_small,grayscale,training_dense_testing_sparse,dense,compact,80,0,heldout_val,55000,14edcb7bea3bd417a230e3ddec68c2b7df3ee414829facde12e943b72009cd25,1febb833c97989dec964ce4247d5bb9f7f212d0d0ffea0016b5b7d6ef9e061db,179475b8b5f1f60331c2ef36bed036328ffb8901f10573d5da34e3c145a3b99c,scale,fixed,1,10000,70.52000000000001
mnist,vit_small,grayscale,training_dense_testing_sparse,dense,compact,80,0,heldout_val,55000,14edcb7bea3bd417a230e3ddec68c2b7df3ee414829facde12e943b72009cd25,1febb833c97989dec964ce4247d5bb9f7f212d0d0ffea0016b5b7d6ef9e061db,179475b8b5f1f60331c2ef36bed036328ffb8901f10573d5da34e3c145a3b99c,rotate,fixed,1,10000,78.67
mnist,vit_small,grayscale,training_dense_testing_sparse,dense,compact,80,0,heldout_val,55000,14edcb7bea3bd417a230e3ddec68c2b7df3ee414829facde12e943b72009cd25,1febb833c97989dec964ce4247d5bb9f7f212d0d0ffea0016b5b7d6ef9e061db,179475b8b5f1f60331c2ef36bed036328ffb8901f10573d5da34e3c145a3b99c,brightness,fixed,1,10000,91.36999999999999
mnist,vit_small,grayscale,training_dense_testing_sparse,dense,compact,80,0,heldout_val,55000,14edcb7bea3bd417a230e3ddec68c2b7df3ee414829facde12e943b72009cd25,1febb833c97989dec964ce4247d5bb9f7f212d0d0ffea0016b5b7d6ef9e061db,179475b8b5f1f60331c2ef36bed036328ffb8901f10573d5da34e3c145a3b99c,translate,fixed,1,10000,84.46000000000001
mnist,vit_small,grayscale,training_dense_testing_sparse,dense,compact,80,0,heldout_val,55000,14edcb7bea3bd417a230e3ddec68c2b7df3ee414829facde12e943b72009cd25,1febb833c97989dec964ce4247d5bb9f7f212d0d0ffea0016b5b7d6ef9e061db,179475b8b5f1f60331c2ef36bed036328ffb8901f10573d5da34e3c145a3b99c,stripe,fixed,1,10000,90.36999999999999
mnist,vit_small,grayscale,training_dense_testing_sparse,dense,compact,80,0,heldout_val,55000,14edcb7bea3bd417a230e3ddec68c2b7df3ee414829facde12e943b72009cd25,1febb833c97989dec964ce4247d5bb9f7f212d0d0ffea0016b5b7d6ef9e061db,179475b8b5f1f60331c2ef36bed036328ffb8901f10573d5da34e3c145a3b99c,fog,fixed,1,10000,92.43
mnist,vit_small,grayscale,training_dense_testing_sparse,dense,compact,80,0,heldout_val,55000,14edcb7bea3bd417a230e3ddec68c2b7df3ee414829facde12e943b72009cd25,1febb833c97989dec964ce4247d5bb9f7f212d0d0ffea0016b5b7d6ef9e061db,179475b8b5f1f60331c2ef36bed036328ffb8901f10573d5da34e3c145a3b99c,spatter,fixed,1,10000,80.77
mnist,vit_small,grayscale,training_dense_testing_sparse,dense,compact,80,0,heldout_val,55000,14edcb7bea3bd417a230e3ddec68c2b7df3ee414829facde12e943b72009cd25,1febb833c97989dec964ce4247d5bb9f7f212d0d0ffea0016b5b7d6ef9e061db,179475b8b5f1f60331c2ef36bed036328ffb8901f10573d5da34e3c145a3b99c,dotted_line,fixed,1,10000,85.31
mnist,vit_small,grayscale,training_dense_testing_sparse,dense,compact,80,0,heldout_val,55000,14edcb7bea3bd417a230e3ddec68c2b7df3ee414829facde12e943b72009cd25,1febb833c97989dec964ce4247d5bb9f7f212d0d0ffea0016b5b7d6ef9e061db,179475b8b5f1f60331c2ef36bed036328ffb8901f10573d5da34e3c145a3b99c,zigzag,fixed,1,10000,87.36
mnist,vit_small,grayscale,training_dense_testing_sparse,dense,compact,80,0,heldout_val,55000,14edcb7bea3bd417a230e3ddec68c2b7df3ee414829facde12e943b72009cd25,1febb833c97989dec964ce4247d5bb9f7f212d0d0ffea0016b5b7d6ef9e061db,179475b8b5f1f60331c2ef36bed036328ffb8901f10573d5da34e3c145a3b99c,canny_edges,fixed,1,10000,89.52
mnist,vit_small,grayscale,training_dense_testing_sparse,dense,compact,80,1,heldout_val,55000,aa41d3f4e81699ae71b587281a3442f295d82154ea9a5b095cad00bce95199fa,10a1c020e268e60f92a50cb1a938f7e478078107b9a7dd5bcd30e3f36dd50ae6,0c043582d4fd9fa02edf865269d1ba752080dec581307de85e519181414c7951,clean,clean,1,10000,74.05999999999999
mnist,vit_small,grayscale,training_dense_testing_sparse,dense,compact,80,1,heldout_val,55000,aa41d3f4e81699ae71b587281a3442f295d82154ea9a5b095cad00bce95199fa,10a1c020e268e60f92a50cb1a938f7e478078107b9a7dd5bcd30e3f36dd50ae6,0c043582d4fd9fa02edf865269d1ba752080dec581307de85e519181414c7951,shot_noise,fixed,1,10000,85.71
mnist,vit_small,grayscale,training_dense_testing_sparse,dense,compact,80,1,heldout_val,55000,aa41d3f4e81699ae71b587281a3442f295d82154ea9a5b095cad00bce95199fa,10a1c020e268e60f92a50cb1a938f7e478078107b9a7dd5bcd30e3f36dd50ae6,0c043582d4fd9fa02edf865269d1ba752080dec581307de85e519181414c7951,impulse_noise,fixed,1,10000,90.48
mnist,vit_small,grayscale,training_dense_testing_sparse,dense,compact,80,1,heldout_val,55000,aa41d3f4e81699ae71b587281a3442f295d82154ea9a5b095cad00bce95199fa,10a1c020e268e60f92a50cb1a938f7e478078107b9a7dd5bcd30e3f36dd50ae6,0c043582d4fd9fa02edf865269d1ba752080dec581307de85e519181414c7951,glass_blur,fixed,1,10000,89.67
mnist,vit_small,grayscale,training_dense_testing_sparse,dense,compact,80,1,heldout_val,55000,aa41d3f4e81699ae71b587281a3442f295d82154ea9a5b095cad00bce95199fa,10a1c020e268e60f92a50cb1a938f7e478078107b9a7dd5bcd30e3f36dd50ae6,0c043582d4fd9fa02edf865269d1ba752080dec581307de85e519181414c7951,motion_blur,fixed,1,10000,83.56
mnist,vit_small,grayscale,training_dense_testing_sparse,dense,compact,80,1,heldout_val,55000,aa41d3f4e81699ae71b587281a3442f295d82154ea9a5b095cad00bce95199fa,10a1c020e268e60f92a50cb1a938f7e478078107b9a7dd5bcd30e3f36dd50ae6,0c043582d4fd9fa02edf865269d1ba752080dec581307de85e519181414c7951,shear,fixed,1,10000,79.51
mnist,vit_small,grayscale,training_dense_testing_sparse,dense,compact,80,1,heldout_val,55000,aa41d3f4e81699ae71b587281a3442f295d82154ea9a5b095cad00bce95199fa,10a1c020e268e60f92a50cb1a938f7e478078107b9a7dd5bcd30e3f36dd50ae6,0c043582d4fd9fa02edf865269d1ba752080dec581307de85e519181414c7951,scale,fixed,1,10000,71.30000000000001
mnist,vit_small,grayscale,training_dense_testing_sparse,dense,compact,80,1,heldout_val,55000,aa41d3f4e81699ae71b587281a3442f295d82154ea9a5b095cad00bce95199fa,10a1c020e268e60f92a50cb1a938f7e478078107b9a7dd5bcd30e3f36dd50ae6,0c043582d4fd9fa02edf865269d1ba752080dec581307de85e519181414c7951,rotate,fixed,1,10000,80.94
mnist,vit_small,grayscale,training_dense_testing_sparse,dense,compact,80,1,heldout_val,55000,aa41d3f4e81699ae71b587281a3442f295d82154ea9a5b095cad00bce95199fa,10a1c020e268e60f92a50cb1a938f7e478078107b9a7dd5bcd30e3f36dd50ae6,0c043582d4fd9fa02edf865269d1ba752080dec581307de85e519181414c7951,brightness,fixed,1,10000,92.25
mnist,vit_small,grayscale,training_dense_testing_sparse,dense,compact,80,1,heldout_val,55000,aa41d3f4e81699ae71b587281a3442f295d82154ea9a5b095cad00bce95199fa,10a1c020e268e60f92a50cb1a938f7e478078107b9a7dd5bcd30e3f36dd50ae6,0c043582d4fd9fa02edf865269d1ba752080dec581307de85e519181414c7951,translate,fixed,1,10000,84.62
mnist,vit_small,grayscale,training_dense_testing_sparse,dense,compact,80,1,heldout_val,55000,aa41d3f4e81699ae71b587281a3442f295d82154ea9a5b095cad00bce95199fa,10a1c020e268e60f92a50cb1a938f7e478078107b9a7dd5bcd30e3f36dd50ae6,0c043582d4fd9fa02edf865269d1ba752080dec581307de85e519181414c7951,stripe,fixed,1,10000,91.19
mnist,vit_small,grayscale,training_dense_testing_sparse,dense,compact,80,1,heldout_val,55000,aa41d3f4e81699ae71b587281a3442f295d82154ea9a5b095cad00bce95199fa,10a1c020e268e60f92a50cb1a938f7e478078107b9a7dd5bcd30e3f36dd50ae6,0c043582d4fd9fa02edf865269d1ba752080dec581307de85e519181414c7951,fog,fixed,1,10000,94.76
mnist,vit_small,grayscale,training_dense_testing_sparse,dense,compact,80,1,heldout_val,55000,aa41d3f4e81699ae71b587281a3442f295d82154ea9a5b095cad00bce95199fa,10a1c020e268e60f92a50cb1a938f7e478078107b9a7dd5bcd30e3f36dd50ae6,0c043582d4fd9fa02edf865269d1ba752080dec581307de85e519181414c7951,spatter,fixed,1,10000,80.28
mnist,vit_small,grayscale,training_dense_testing_sparse,dense,compact,80,1,heldout_val,55000,aa41d3f4e81699ae71b587281a3442f295d82154ea9a5b095cad00bce95199fa,10a1c020e268e60f92a50cb1a938f7e478078107b9a7dd5bcd30e3f36dd50ae6,0c043582d4fd9fa02edf865269d1ba752080dec581307de85e519181414c7951,dotted_line,fixed,1,10000,83.26
mnist,vit_small,grayscale,training_dense_testing_sparse,dense,compact,80,1,heldout_val,55000,aa41d3f4e81699ae71b587281a3442f295d82154ea9a5b095cad00bce95199fa,10a1c020e268e60f92a50cb1a938f7e478078107b9a7dd5bcd30e3f36dd50ae6,0c043582d4fd9fa02edf865269d1ba752080dec581307de85e519181414c7951,zigzag,fixed,1,10000,86.96000000000001
mnist,vit_small,grayscale,training_dense_testing_sparse,dense,compact,80,1,heldout_val,55000,aa41d3f4e81699ae71b587281a3442f295d82154ea9a5b095cad00bce95199fa,10a1c020e268e60f92a50cb1a938f7e478078107b9a7dd5bcd30e3f36dd50ae6,0c043582d4fd9fa02edf865269d1ba752080dec581307de85e519181414c7951,canny_edges,fixed,1,10000,89.77
mnist,vit_small,grayscale,training_dense_testing_sparse,dense,compact,80,2,heldout_val,55000,05856369e0542b7b8f76b8bfd6314a897aaa6dc3d80131cc33b0ac3fb9a0f346,04b23e1d894d5cd0ffacd122ef55cc5578fe60d76fbf71286f07dceb0d27c789,e6a832390c850cd02985baa89af74e5b5051e71fc8f593de29cbe32747013aef,clean,clean,1,10000,77.95
mnist,vit_small,grayscale,training_dense_testing_sparse,dense,compact,80,2,heldout_val,55000,05856369e0542b7b8f76b8bfd6314a897aaa6dc3d80131cc33b0ac3fb9a0f346,04b23e1d894d5cd0ffacd122ef55cc5578fe60d76fbf71286f07dceb0d27c789,e6a832390c850cd02985baa89af74e5b5051e71fc8f593de29cbe32747013aef,shot_noise,fixed,1,10000,87.62
mnist,vit_small,grayscale,training_dense_testing_sparse,dense,compact,80,2,heldout_val,55000,05856369e0542b7b8f76b8bfd6314a897aaa6dc3d80131cc33b0ac3fb9a0f346,04b23e1d894d5cd0ffacd122ef55cc5578fe60d76fbf71286f07dceb0d27c789,e6a832390c850cd02985baa89af74e5b5051e71fc8f593de29cbe32747013aef,impulse_noise,fixed,1,10000,91.57
mnist,vit_small,grayscale,training_dense_testing_sparse,dense,compact,80,2,heldout_val,55000,05856369e0542b7b8f76b8bfd6314a897aaa6dc3d80131cc33b0ac3fb9a0f346,04b23e1d894d5cd0ffacd122ef55cc5578fe60d76fbf71286f07dceb0d27c789,e6a832390c850cd02985baa89af74e5b5051e71fc8f593de29cbe32747013aef,glass_blur,fixed,1,10000,90.0
mnist,vit_small,grayscale,training_dense_testing_sparse,dense,compact,80,2,heldout_val,55000,05856369e0542b7b8f76b8bfd6314a897aaa6dc3d80131cc33b0ac3fb9a0f346,04b23e1d894d5cd0ffacd122ef55cc5578fe60d76fbf71286f07dceb0d27c789,e6a832390c850cd02985baa89af74e5b5051e71fc8f593de29cbe32747013aef,motion_blur,fixed,1,10000,85.5
mnist,vit_small,grayscale,training_dense_testing_sparse,dense,compact,80,2,heldout_val,55000,05856369e0542b7b8f76b8bfd6314a897aaa6dc3d80131cc33b0ac3fb9a0f346,04b23e1d894d5cd0ffacd122ef55cc5578fe60d76fbf71286f07dceb0d27c789,e6a832390c850cd02985baa89af74e5b5051e71fc8f593de29cbe32747013aef,shear,fixed,1,10000,81.41000000000001
mnist,vit_small,grayscale,training_dense_testing_sparse,dense,compact,80,2,heldout_val,55000,05856369e0542b7b8f76b8bfd6314a897aaa6dc3d80131cc33b0ac3fb9a0f346,04b23e1d894d5cd0ffacd122ef55cc5578fe60d76fbf71286f07dceb0d27c789,e6a832390c850cd02985baa89af74e5b5051e71fc8f593de29cbe32747013aef,scale,fixed,1,10000,73.52000000000001
mnist,vit_small,grayscale,training_dense_testing_sparse,dense,compact,80,2,heldout_val,55000,05856369e0542b7b8f76b8bfd6314a897aaa6dc3d80131cc33b0ac3fb9a0f346,04b23e1d894d5cd0ffacd122ef55cc5578fe60d76fbf71286f07dceb0d27c789,e6a832390c850cd02985baa89af74e5b5051e71fc8f593de29cbe32747013aef,rotate,fixed,1,10000,81.62
mnist,vit_small,grayscale,training_dense_testing_sparse,dense,compact,80,2,heldout_val,55000,05856369e0542b7b8f76b8bfd6314a897aaa6dc3d80131cc33b0ac3fb9a0f346,04b23e1d894d5cd0ffacd122ef55cc5578fe60d76fbf71286f07dceb0d27c789,e6a832390c850cd02985baa89af74e5b5051e71fc8f593de29cbe32747013aef,brightness,fixed,1,10000,91.93
mnist,vit_small,grayscale,training_dense_testing_sparse,dense,compact,80,2,heldout_val,55000,05856369e0542b7b8f76b8bfd6314a897aaa6dc3d80131cc33b0ac3fb9a0f346,04b23e1d894d5cd0ffacd122ef55cc5578fe60d76fbf71286f07dceb0d27c789,e6a832390c850cd02985baa89af74e5b5051e71fc8f593de29cbe32747013aef,translate,fixed,1,10000,87.03
mnist,vit_small,grayscale,training_dense_testing_sparse,dense,compact,80,2,heldout_val,55000,05856369e0542b7b8f76b8bfd6314a897aaa6dc3d80131cc33b0ac3fb9a0f346,04b23e1d894d5cd0ffacd122ef55cc5578fe60d76fbf71286f07dceb0d27c789,e6a832390c850cd02985baa89af74e5b5051e71fc8f593de29cbe32747013aef,stripe,fixed,1,10000,90.19
mnist,vit_small,grayscale,training_dense_testing_sparse,dense,compact,80,2,heldout_val,55000,05856369e0542b7b8f76b8bfd6314a897aaa6dc3d80131cc33b0ac3fb9a0f346,04b23e1d894d5cd0ffacd122ef55cc5578fe60d76fbf71286f07dceb0d27c789,e6a832390c850cd02985baa89af74e5b5051e71fc8f593de29cbe32747013aef,fog,fixed,1,10000,93.47999999999999
mnist,vit_small,grayscale,training_dense_testing_sparse,dense,compact,80,2,heldout_val,55000,05856369e0542b7b8f76b8bfd6314a897aaa6dc3d80131cc33b0ac3fb9a0f346,04b23e1d894d5cd0ffacd122ef55cc5578fe60d76fbf71286f07dceb0d27c789,e6a832390c850cd02985baa89af74e5b5051e71fc8f593de29cbe32747013aef,spatter,fixed,1,10000,82.34
mnist,vit_small,grayscale,training_dense_testing_sparse,dense,compact,80,2,heldout_val,55000,05856369e0542b7b8f76b8bfd6314a897aaa6dc3d80131cc33b0ac3fb9a0f346,04b23e1d894d5cd0ffacd122ef55cc5578fe60d76fbf71286f07dceb0d27c789,e6a832390c850cd02985baa89af74e5b5051e71fc8f593de29cbe32747013aef,dotted_line,fixed,1,10000,85.22000000000001
mnist,vit_small,grayscale,training_dense_testing_sparse,dense,compact,80,2,heldout_val,55000,05856369e0542b7b8f76b8bfd6314a897aaa6dc3d80131cc33b0ac3fb9a0f346,04b23e1d894d5cd0ffacd122ef55cc5578fe60d76fbf71286f07dceb0d27c789,e6a832390c850cd02985baa89af74e5b5051e71fc8f593de29cbe32747013aef,zigzag,fixed,1,10000,87.48
mnist,vit_small,grayscale,training_dense_testing_sparse,dense,compact,80,2,heldout_val,55000,05856369e0542b7b8f76b8bfd6314a897aaa6dc3d80131cc33b0ac3fb9a0f346,04b23e1d894d5cd0ffacd122ef55cc5578fe60d76fbf71286f07dceb0d27c789,e6a832390c850cd02985baa89af74e5b5051e71fc8f593de29cbe32747013aef,canny_edges,fixed,1,10000,89.49000000000001
mnist,swin_tiny,grayscale,training_dense_testing_sparse,dense,compact,90,0,heldout_val,55000,67e6b1ee84a0f6e9bd8042761d31cdc0649d304eaceb483b0de547d1e537d82d,473ed25a586e0ea8fb93e4fadfcfd4e7e18bde623e0f22701c184b2da680520b,b5ba882ee04e81c45232c4005e9a820b60c8b46fc9026b6949f38be5e12dae2b,clean,clean,1,10000,33.830000000000005
mnist,swin_tiny,grayscale,training_dense_testing_sparse,dense,compact,90,0,heldout_val,55000,67e6b1ee84a0f6e9bd8042761d31cdc0649d304eaceb483b0de547d1e537d82d,473ed25a586e0ea8fb93e4fadfcfd4e7e18bde623e0f22701c184b2da680520b,b5ba882ee04e81c45232c4005e9a820b60c8b46fc9026b6949f38be5e12dae2b,shot_noise,fixed,1,10000,62.51
mnist,swin_tiny,grayscale,training_dense_testing_sparse,dense,compact,90,0,heldout_val,55000,67e6b1ee84a0f6e9bd8042761d31cdc0649d304eaceb483b0de547d1e537d82d,473ed25a586e0ea8fb93e4fadfcfd4e7e18bde623e0f22701c184b2da680520b,b5ba882ee04e81c45232c4005e9a820b60c8b46fc9026b6949f38be5e12dae2b,impulse_noise,fixed,1,10000,91.36999999999999
mnist,swin_tiny,grayscale,training_dense_testing_sparse,dense,compact,90,0,heldout_val,55000,67e6b1ee84a0f6e9bd8042761d31cdc0649d304eaceb483b0de547d1e537d82d,473ed25a586e0ea8fb93e4fadfcfd4e7e18bde623e0f22701c184b2da680520b,b5ba882ee04e81c45232c4005e9a820b60c8b46fc9026b6949f38be5e12dae2b,glass_blur,fixed,1,10000,79.56
mnist,swin_tiny,grayscale,training_dense_testing_sparse,dense,compact,90,0,heldout_val,55000,67e6b1ee84a0f6e9bd8042761d31cdc0649d304eaceb483b0de547d1e537d82d,473ed25a586e0ea8fb93e4fadfcfd4e7e18bde623e0f22701c184b2da680520b,b5ba882ee04e81c45232c4005e9a820b60c8b46fc9026b6949f38be5e12dae2b,motion_blur,fixed,1,10000,44.88999999999999
mnist,swin_tiny,grayscale,training_dense_testing_sparse,dense,compact,90,0,heldout_val,55000,67e6b1ee84a0f6e9bd8042761d31cdc0649d304eaceb483b0de547d1e537d82d,473ed25a586e0ea8fb93e4fadfcfd4e7e18bde623e0f22701c184b2da680520b,b5ba882ee04e81c45232c4005e9a820b60c8b46fc9026b6949f38be5e12dae2b,shear,fixed,1,10000,39.76
mnist,swin_tiny,grayscale,training_dense_testing_sparse,dense,compact,90,0,heldout_val,55000,67e6b1ee84a0f6e9bd8042761d31cdc0649d304eaceb483b0de547d1e537d82d,473ed25a586e0ea8fb93e4fadfcfd4e7e18bde623e0f22701c184b2da680520b,b5ba882ee04e81c45232c4005e9a820b60c8b46fc9026b6949f38be5e12dae2b,scale,fixed,1,10000,37.32
mnist,swin_tiny,grayscale,training_dense_testing_sparse,dense,compact,90,0,heldout_val,55000,67e6b1ee84a0f6e9bd8042761d31cdc0649d304eaceb483b0de547d1e537d82d,473ed25a586e0ea8fb93e4fadfcfd4e7e18bde623e0f22701c184b2da680520b,b5ba882ee04e81c45232c4005e9a820b60c8b46fc9026b6949f38be5e12dae2b,rotate,fixed,1,10000,43.36
mnist,swin_tiny,grayscale,training_dense_testing_sparse,dense,compact,90,0,heldout_val,55000,67e6b1ee84a0f6e9bd8042761d31cdc0649d304eaceb483b0de547d1e537d82d,473ed25a586e0ea8fb93e4fadfcfd4e7e18bde623e0f22701c184b2da680520b,b5ba882ee04e81c45232c4005e9a820b60c8b46fc9026b6949f38be5e12dae2b,brightness,fixed,1,10000,82.27
mnist,swin_tiny,grayscale,training_dense_testing_sparse,dense,compact,90,0,heldout_val,55000,67e6b1ee84a0f6e9bd8042761d31cdc0649d304eaceb483b0de547d1e537d82d,473ed25a586e0ea8fb93e4fadfcfd4e7e18bde623e0f22701c184b2da680520b,b5ba882ee04e81c45232c4005e9a820b60c8b46fc9026b6949f38be5e12dae2b,translate,fixed,1,10000,79.84
mnist,swin_tiny,grayscale,training_dense_testing_sparse,dense,compact,90,0,heldout_val,55000,67e6b1ee84a0f6e9bd8042761d31cdc0649d304eaceb483b0de547d1e537d82d,473ed25a586e0ea8fb93e4fadfcfd4e7e18bde623e0f22701c184b2da680520b,b5ba882ee04e81c45232c4005e9a820b60c8b46fc9026b6949f38be5e12dae2b,stripe,fixed,1,10000,87.55
mnist,swin_tiny,grayscale,training_dense_testing_sparse,dense,compact,90,0,heldout_val,55000,67e6b1ee84a0f6e9bd8042761d31cdc0649d304eaceb483b0de547d1e537d82d,473ed25a586e0ea8fb93e4fadfcfd4e7e18bde623e0f22701c184b2da680520b,b5ba882ee04e81c45232c4005e9a820b60c8b46fc9026b6949f38be5e12dae2b,fog,fixed,1,10000,86.84
mnist,swin_tiny,grayscale,training_dense_testing_sparse,dense,compact,90,0,heldout_val,55000,67e6b1ee84a0f6e9bd8042761d31cdc0649d304eaceb483b0de547d1e537d82d,473ed25a586e0ea8fb93e4fadfcfd4e7e18bde623e0f22701c184b2da680520b,b5ba882ee04e81c45232c4005e9a820b60c8b46fc9026b6949f38be5e12dae2b,spatter,fixed,1,10000,39.839999999999996
mnist,swin_tiny,grayscale,training_dense_testing_sparse,dense,compact,90,0,heldout_val,55000,67e6b1ee84a0f6e9bd8042761d31cdc0649d304eaceb483b0de547d1e537d82d,473ed25a586e0ea8fb93e4fadfcfd4e7e18bde623e0f22701c184b2da680520b,b5ba882ee04e81c45232c4005e9a820b60c8b46fc9026b6949f38be5e12dae2b,dotted_line,fixed,1,10000,68.80999999999999
mnist,swin_tiny,grayscale,training_dense_testing_sparse,dense,compact,90,0,heldout_val,55000,67e6b1ee84a0f6e9bd8042761d31cdc0649d304eaceb483b0de547d1e537d82d,473ed25a586e0ea8fb93e4fadfcfd4e7e18bde623e0f22701c184b2da680520b,b5ba882ee04e81c45232c4005e9a820b60c8b46fc9026b6949f38be5e12dae2b,zigzag,fixed,1,10000,77.53
mnist,swin_tiny,grayscale,training_dense_testing_sparse,dense,compact,90,0,heldout_val,55000,67e6b1ee84a0f6e9bd8042761d31cdc0649d304eaceb483b0de547d1e537d82d,473ed25a586e0ea8fb93e4fadfcfd4e7e18bde623e0f22701c184b2da680520b,b5ba882ee04e81c45232c4005e9a820b60c8b46fc9026b6949f38be5e12dae2b,canny_edges,fixed,1,10000,40.16
mnist,swin_tiny,grayscale,training_dense_testing_sparse,dense,compact,90,1,heldout_val,55000,66da96ba6a29a21f7b2624b6df3be6276f30e5dbd63c1e19ea19e185d1a42e3c,3c122f0fd1faf70a5670d3c6526b0c7197dc73ded514139a3796e6045a6fb776,e6e682f99e0eee247ebb254b29f3eb44b9362a5a7ef446abce3bc043a51997fe,clean,clean,1,10000,35.8
mnist,swin_tiny,grayscale,training_dense_testing_sparse,dense,compact,90,1,heldout_val,55000,66da96ba6a29a21f7b2624b6df3be6276f30e5dbd63c1e19ea19e185d1a42e3c,3c122f0fd1faf70a5670d3c6526b0c7197dc73ded514139a3796e6045a6fb776,e6e682f99e0eee247ebb254b29f3eb44b9362a5a7ef446abce3bc043a51997fe,shot_noise,fixed,1,10000,64.95
mnist,swin_tiny,grayscale,training_dense_testing_sparse,dense,compact,90,1,heldout_val,55000,66da96ba6a29a21f7b2624b6df3be6276f30e5dbd63c1e19ea19e185d1a42e3c,3c122f0fd1faf70a5670d3c6526b0c7197dc73ded514139a3796e6045a6fb776,e6e682f99e0eee247ebb254b29f3eb44b9362a5a7ef446abce3bc043a51997fe,impulse_noise,fixed,1,10000,92.16
mnist,swin_tiny,grayscale,training_dense_testing_sparse,dense,compact,90,1,heldout_val,55000,66da96ba6a29a21f7b2624b6df3be6276f30e5dbd63c1e19ea19e185d1a42e3c,3c122f0fd1faf70a5670d3c6526b0c7197dc73ded514139a3796e6045a6fb776,e6e682f99e0eee247ebb254b29f3eb44b9362a5a7ef446abce3bc043a51997fe,glass_blur,fixed,1,10000,79.85
mnist,swin_tiny,grayscale,training_dense_testing_sparse,dense,compact,90,1,heldout_val,55000,66da96ba6a29a21f7b2624b6df3be6276f30e5dbd63c1e19ea19e185d1a42e3c,3c122f0fd1faf70a5670d3c6526b0c7197dc73ded514139a3796e6045a6fb776,e6e682f99e0eee247ebb254b29f3eb44b9362a5a7ef446abce3bc043a51997fe,motion_blur,fixed,1,10000,46.919999999999995
mnist,swin_tiny,grayscale,training_dense_testing_sparse,dense,compact,90,1,heldout_val,55000,66da96ba6a29a21f7b2624b6df3be6276f30e5dbd63c1e19ea19e185d1a42e3c,3c122f0fd1faf70a5670d3c6526b0c7197dc73ded514139a3796e6045a6fb776,e6e682f99e0eee247ebb254b29f3eb44b9362a5a7ef446abce3bc043a51997fe,shear,fixed,1,10000,41.55
mnist,swin_tiny,grayscale,training_dense_testing_sparse,dense,compact,90,1,heldout_val,55000,66da96ba6a29a21f7b2624b6df3be6276f30e5dbd63c1e19ea19e185d1a42e3c,3c122f0fd1faf70a5670d3c6526b0c7197dc73ded514139a3796e6045a6fb776,e6e682f99e0eee247ebb254b29f3eb44b9362a5a7ef446abce3bc043a51997fe,scale,fixed,1,10000,41.24
mnist,swin_tiny,grayscale,training_dense_testing_sparse,dense,compact,90,1,heldout_val,55000,66da96ba6a29a21f7b2624b6df3be6276f30e5dbd63c1e19ea19e185d1a42e3c,3c122f0fd1faf70a5670d3c6526b0c7197dc73ded514139a3796e6045a6fb776,e6e682f99e0eee247ebb254b29f3eb44b9362a5a7ef446abce3bc043a51997fe,rotate,fixed,1,10000,45.120000000000005
mnist,swin_tiny,grayscale,training_dense_testing_sparse,dense,compact,90,1,heldout_val,55000,66da96ba6a29a21f7b2624b6df3be6276f30e5dbd63c1e19ea19e185d1a42e3c,3c122f0fd1faf70a5670d3c6526b0c7197dc73ded514139a3796e6045a6fb776,e6e682f99e0eee247ebb254b29f3eb44b9362a5a7ef446abce3bc043a51997fe,brightness,fixed,1,10000,82.27
mnist,swin_tiny,grayscale,training_dense_testing_sparse,dense,compact,90,1,heldout_val,55000,66da96ba6a29a21f7b2624b6df3be6276f30e5dbd63c1e19ea19e185d1a42e3c,3c122f0fd1faf70a5670d3c6526b0c7197dc73ded514139a3796e6045a6fb776,e6e682f99e0eee247ebb254b29f3eb44b9362a5a7ef446abce3bc043a51997fe,translate,fixed,1,10000,77.62
mnist,swin_tiny,grayscale,training_dense_testing_sparse,dense,compact,90,1,heldout_val,55000,66da96ba6a29a21f7b2624b6df3be6276f30e5dbd63c1e19ea19e185d1a42e3c,3c122f0fd1faf70a5670d3c6526b0c7197dc73ded514139a3796e6045a6fb776,e6e682f99e0eee247ebb254b29f3eb44b9362a5a7ef446abce3bc043a51997fe,stripe,fixed,1,10000,87.85000000000001
mnist,swin_tiny,grayscale,training_dense_testing_sparse,dense,compact,90,1,heldout_val,55000,66da96ba6a29a21f7b2624b6df3be6276f30e5dbd63c1e19ea19e185d1a42e3c,3c122f0fd1faf70a5670d3c6526b0c7197dc73ded514139a3796e6045a6fb776,e6e682f99e0eee247ebb254b29f3eb44b9362a5a7ef446abce3bc043a51997fe,fog,fixed,1,10000,86.59
mnist,swin_tiny,grayscale,training_dense_testing_sparse,dense,compact,90,1,heldout_val,55000,66da96ba6a29a21f7b2624b6df3be6276f30e5dbd63c1e19ea19e185d1a42e3c,3c122f0fd1faf70a5670d3c6526b0c7197dc73ded514139a3796e6045a6fb776,e6e682f99e0eee247ebb254b29f3eb44b9362a5a7ef446abce3bc043a51997fe,spatter,fixed,1,10000,40.43
mnist,swin_tiny,grayscale,training_dense_testing_sparse,dense,compact,90,1,heldout_val,55000,66da96ba6a29a21f7b2624b6df3be6276f30e5dbd63c1e19ea19e185d1a42e3c,3c122f0fd1faf70a5670d3c6526b0c7197dc73ded514139a3796e6045a6fb776,e6e682f99e0eee247ebb254b29f3eb44b9362a5a7ef446abce3bc043a51997fe,dotted_line,fixed,1,10000,69.45
mnist,swin_tiny,grayscale,training_dense_testing_sparse,dense,compact,90,1,heldout_val,55000,66da96ba6a29a21f7b2624b6df3be6276f30e5dbd63c1e19ea19e185d1a42e3c,3c122f0fd1faf70a5670d3c6526b0c7197dc73ded514139a3796e6045a6fb776,e6e682f99e0eee247ebb254b29f3eb44b9362a5a7ef446abce3bc043a51997fe,zigzag,fixed,1,10000,75.4
mnist,swin_tiny,grayscale,training_dense_testing_sparse,dense,compact,90,1,heldout_val,55000,66da96ba6a29a21f7b2624b6df3be6276f30e5dbd63c1e19ea19e185d1a42e3c,3c122f0fd1faf70a5670d3c6526b0c7197dc73ded514139a3796e6045a6fb776,e6e682f99e0eee247ebb254b29f3eb44b9362a5a7ef446abce3bc043a51997fe,canny_edges,fixed,1,10000,41.839999999999996
mnist,swin_tiny,grayscale,training_dense_testing_sparse,dense,compact,90,2,heldout_val,55000,dc502ae76aa29d2b13680073c7c4a316f9d88de2d0486cea36de39874a778136,b0393e9d1c0e15b51559e628483e2ed496574409f6794199f61ad346d461af16,d702f30cdbb4eec392ad0ecc9abc4f74a4b031dc4dd9bd08fa1670b553a83e7d,clean,clean,1,10000,39.900000000000006
mnist,swin_tiny,grayscale,training_dense_testing_sparse,dense,compact,90,2,heldout_val,55000,dc502ae76aa29d2b13680073c7c4a316f9d88de2d0486cea36de39874a778136,b0393e9d1c0e15b51559e628483e2ed496574409f6794199f61ad346d461af16,d702f30cdbb4eec392ad0ecc9abc4f74a4b031dc4dd9bd08fa1670b553a83e7d,shot_noise,fixed,1,10000,66.6
mnist,swin_tiny,grayscale,training_dense_testing_sparse,dense,compact,90,2,heldout_val,55000,dc502ae76aa29d2b13680073c7c4a316f9d88de2d0486cea36de39874a778136,b0393e9d1c0e15b51559e628483e2ed496574409f6794199f61ad346d461af16,d702f30cdbb4eec392ad0ecc9abc4f74a4b031dc4dd9bd08fa1670b553a83e7d,impulse_noise,fixed,1,10000,90.7
mnist,swin_tiny,grayscale,training_dense_testing_sparse,dense,compact,90,2,heldout_val,55000,dc502ae76aa29d2b13680073c7c4a316f9d88de2d0486cea36de39874a778136,b0393e9d1c0e15b51559e628483e2ed496574409f6794199f61ad346d461af16,d702f30cdbb4eec392ad0ecc9abc4f74a4b031dc4dd9bd08fa1670b553a83e7d,glass_blur,fixed,1,10000,81.91
mnist,swin_tiny,grayscale,training_dense_testing_sparse,dense,compact,90,2,heldout_val,55000,dc502ae76aa29d2b13680073c7c4a316f9d88de2d0486cea36de39874a778136,b0393e9d1c0e15b51559e628483e2ed496574409f6794199f61ad346d461af16,d702f30cdbb4eec392ad0ecc9abc4f74a4b031dc4dd9bd08fa1670b553a83e7d,motion_blur,fixed,1,10000,49.019999999999996
mnist,swin_tiny,grayscale,training_dense_testing_sparse,dense,compact,90,2,heldout_val,55000,dc502ae76aa29d2b13680073c7c4a316f9d88de2d0486cea36de39874a778136,b0393e9d1c0e15b51559e628483e2ed496574409f6794199f61ad346d461af16,d702f30cdbb4eec392ad0ecc9abc4f74a4b031dc4dd9bd08fa1670b553a83e7d,shear,fixed,1,10000,43.56
mnist,swin_tiny,grayscale,training_dense_testing_sparse,dense,compact,90,2,heldout_val,55000,dc502ae76aa29d2b13680073c7c4a316f9d88de2d0486cea36de39874a778136,b0393e9d1c0e15b51559e628483e2ed496574409f6794199f61ad346d461af16,d702f30cdbb4eec392ad0ecc9abc4f74a4b031dc4dd9bd08fa1670b553a83e7d,scale,fixed,1,10000,43.730000000000004
mnist,swin_tiny,grayscale,training_dense_testing_sparse,dense,compact,90,2,heldout_val,55000,dc502ae76aa29d2b13680073c7c4a316f9d88de2d0486cea36de39874a778136,b0393e9d1c0e15b51559e628483e2ed496574409f6794199f61ad346d461af16,d702f30cdbb4eec392ad0ecc9abc4f74a4b031dc4dd9bd08fa1670b553a83e7d,rotate,fixed,1,10000,47.97
mnist,swin_tiny,grayscale,training_dense_testing_sparse,dense,compact,90,2,heldout_val,55000,dc502ae76aa29d2b13680073c7c4a316f9d88de2d0486cea36de39874a778136,b0393e9d1c0e15b51559e628483e2ed496574409f6794199f61ad346d461af16,d702f30cdbb4eec392ad0ecc9abc4f74a4b031dc4dd9bd08fa1670b553a83e7d,brightness,fixed,1,10000,84.17
mnist,swin_tiny,grayscale,training_dense_testing_sparse,dense,compact,90,2,heldout_val,55000,dc502ae76aa29d2b13680073c7c4a316f9d88de2d0486cea36de39874a778136,b0393e9d1c0e15b51559e628483e2ed496574409f6794199f61ad346d461af16,d702f30cdbb4eec392ad0ecc9abc4f74a4b031dc4dd9bd08fa1670b553a83e7d,translate,fixed,1,10000,78.4
mnist,swin_tiny,grayscale,training_dense_testing_sparse,dense,compact,90,2,heldout_val,55000,dc502ae76aa29d2b13680073c7c4a316f9d88de2d0486cea36de39874a778136,b0393e9d1c0e15b51559e628483e2ed496574409f6794199f61ad346d461af16,d702f30cdbb4eec392ad0ecc9abc4f74a4b031dc4dd9bd08fa1670b553a83e7d,stripe,fixed,1,10000,87.51
mnist,swin_tiny,grayscale,training_dense_testing_sparse,dense,compact,90,2,heldout_val,55000,dc502ae76aa29d2b13680073c7c4a316f9d88de2d0486cea36de39874a778136,b0393e9d1c0e15b51559e628483e2ed496574409f6794199f61ad346d461af16,d702f30cdbb4eec392ad0ecc9abc4f74a4b031dc4dd9bd08fa1670b553a83e7d,fog,fixed,1,10000,87.56
mnist,swin_tiny,grayscale,training_dense_testing_sparse,dense,compact,90,2,heldout_val,55000,dc502ae76aa29d2b13680073c7c4a316f9d88de2d0486cea36de39874a778136,b0393e9d1c0e15b51559e628483e2ed496574409f6794199f61ad346d461af16,d702f30cdbb4eec392ad0ecc9abc4f74a4b031dc4dd9bd08fa1670b553a83e7d,spatter,fixed,1,10000,44.65
mnist,swin_tiny,grayscale,training_dense_testing_sparse,dense,compact,90,2,heldout_val,55000,dc502ae76aa29d2b13680073c7c4a316f9d88de2d0486cea36de39874a778136,b0393e9d1c0e15b51559e628483e2ed496574409f6794199f61ad346d461af16,d702f30cdbb4eec392ad0ecc9abc4f74a4b031dc4dd9bd08fa1670b553a83e7d,dotted_line,fixed,1,10000,72.76
mnist,swin_tiny,grayscale,training_dense_testing_sparse,dense,compact,90,2,heldout_val,55000,dc502ae76aa29d2b13680073c7c4a316f9d88de2d0486cea36de39874a778136,b0393e9d1c0e15b51559e628483e2ed496574409f6794199f61ad346d461af16,d702f30cdbb4eec392ad0ecc9abc4f74a4b031dc4dd9bd08fa1670b553a83e7d,zigzag,fixed,1,10000,77.95
mnist,swin_tiny,grayscale,training_dense_testing_sparse,dense,compact,90,2,heldout_val,55000,dc502ae76aa29d2b13680073c7c4a316f9d88de2d0486cea36de39874a778136,b0393e9d1c0e15b51559e628483e2ed496574409f6794199f61ad346d461af16,d702f30cdbb4eec392ad0ecc9abc4f74a4b031dc4dd9bd08fa1670b553a83e7d,canny_edges,fixed,1,10000,43.85
mnist,vit_small,grayscale,training_dense_testing_sparse,dense,compact,90,0,heldout_val,55000,12c1c64beff8f68b972f3ee6e1db9cea9ea0b19ab125c87bc56bbb9b62b46e5f,1febb833c97989dec964ce4247d5bb9f7f212d0d0ffea0016b5b7d6ef9e061db,179475b8b5f1f60331c2ef36bed036328ffb8901f10573d5da34e3c145a3b99c,clean,clean,1,10000,88.06
mnist,vit_small,grayscale,training_dense_testing_sparse,dense,compact,90,0,heldout_val,55000,12c1c64beff8f68b972f3ee6e1db9cea9ea0b19ab125c87bc56bbb9b62b46e5f,1febb833c97989dec964ce4247d5bb9f7f212d0d0ffea0016b5b7d6ef9e061db,179475b8b5f1f60331c2ef36bed036328ffb8901f10573d5da34e3c145a3b99c,shot_noise,fixed,1,10000,90.53999999999999
mnist,vit_small,grayscale,training_dense_testing_sparse,dense,compact,90,0,heldout_val,55000,12c1c64beff8f68b972f3ee6e1db9cea9ea0b19ab125c87bc56bbb9b62b46e5f,1febb833c97989dec964ce4247d5bb9f7f212d0d0ffea0016b5b7d6ef9e061db,179475b8b5f1f60331c2ef36bed036328ffb8901f10573d5da34e3c145a3b99c,impulse_noise,fixed,1,10000,90.47
mnist,vit_small,grayscale,training_dense_testing_sparse,dense,compact,90,0,heldout_val,55000,12c1c64beff8f68b972f3ee6e1db9cea9ea0b19ab125c87bc56bbb9b62b46e5f,1febb833c97989dec964ce4247d5bb9f7f212d0d0ffea0016b5b7d6ef9e061db,179475b8b5f1f60331c2ef36bed036328ffb8901f10573d5da34e3c145a3b99c,glass_blur,fixed,1,10000,92.46
mnist,vit_small,grayscale,training_dense_testing_sparse,dense,compact,90,0,heldout_val,55000,12c1c64beff8f68b972f3ee6e1db9cea9ea0b19ab125c87bc56bbb9b62b46e5f,1febb833c97989dec964ce4247d5bb9f7f212d0d0ffea0016b5b7d6ef9e061db,179475b8b5f1f60331c2ef36bed036328ffb8901f10573d5da34e3c145a3b99c,motion_blur,fixed,1,10000,86.31
mnist,vit_small,grayscale,training_dense_testing_sparse,dense,compact,90,0,heldout_val,55000,12c1c64beff8f68b972f3ee6e1db9cea9ea0b19ab125c87bc56bbb9b62b46e5f,1febb833c97989dec964ce4247d5bb9f7f212d0d0ffea0016b5b7d6ef9e061db,179475b8b5f1f60331c2ef36bed036328ffb8901f10573d5da34e3c145a3b99c,shear,fixed,1,10000,88.91
mnist,vit_small,grayscale,training_dense_testing_sparse,dense,compact,90,0,heldout_val,55000,12c1c64beff8f68b972f3ee6e1db9cea9ea0b19ab125c87bc56bbb9b62b46e5f,1febb833c97989dec964ce4247d5bb9f7f212d0d0ffea0016b5b7d6ef9e061db,179475b8b5f1f60331c2ef36bed036328ffb8901f10573d5da34e3c145a3b99c,scale,fixed,1,10000,82.2
mnist,vit_small,grayscale,training_dense_testing_sparse,dense,compact,90,0,heldout_val,55000,12c1c64beff8f68b972f3ee6e1db9cea9ea0b19ab125c87bc56bbb9b62b46e5f,1febb833c97989dec964ce4247d5bb9f7f212d0d0ffea0016b5b7d6ef9e061db,179475b8b5f1f60331c2ef36bed036328ffb8901f10573d5da34e3c145a3b99c,rotate,fixed,1,10000,89.08
mnist,vit_small,grayscale,training_dense_testing_sparse,dense,compact,90,0,heldout_val,55000,12c1c64beff8f68b972f3ee6e1db9cea9ea0b19ab125c87bc56bbb9b62b46e5f,1febb833c97989dec964ce4247d5bb9f7f212d0d0ffea0016b5b7d6ef9e061db,179475b8b5f1f60331c2ef36bed036328ffb8901f10573d5da34e3c145a3b99c,brightness,fixed,1,10000,91.86
mnist,vit_small,grayscale,training_dense_testing_sparse,dense,compact,90,0,heldout_val,55000,12c1c64beff8f68b972f3ee6e1db9cea9ea0b19ab125c87bc56bbb9b62b46e5f,1febb833c97989dec964ce4247d5bb9f7f212d0d0ffea0016b5b7d6ef9e061db,179475b8b5f1f60331c2ef36bed036328ffb8901f10573d5da34e3c145a3b99c,translate,fixed,1,10000,89.02
mnist,vit_small,grayscale,training_dense_testing_sparse,dense,compact,90,0,heldout_val,55000,12c1c64beff8f68b972f3ee6e1db9cea9ea0b19ab125c87bc56bbb9b62b46e5f,1febb833c97989dec964ce4247d5bb9f7f212d0d0ffea0016b5b7d6ef9e061db,179475b8b5f1f60331c2ef36bed036328ffb8901f10573d5da34e3c145a3b99c,stripe,fixed,1,10000,89.87
mnist,vit_small,grayscale,training_dense_testing_sparse,dense,compact,90,0,heldout_val,55000,12c1c64beff8f68b972f3ee6e1db9cea9ea0b19ab125c87bc56bbb9b62b46e5f,1febb833c97989dec964ce4247d5bb9f7f212d0d0ffea0016b5b7d6ef9e061db,179475b8b5f1f60331c2ef36bed036328ffb8901f10573d5da34e3c145a3b99c,fog,fixed,1,10000,91.94
mnist,vit_small,grayscale,training_dense_testing_sparse,dense,compact,90,0,heldout_val,55000,12c1c64beff8f68b972f3ee6e1db9cea9ea0b19ab125c87bc56bbb9b62b46e5f,1febb833c97989dec964ce4247d5bb9f7f212d0d0ffea0016b5b7d6ef9e061db,179475b8b5f1f60331c2ef36bed036328ffb8901f10573d5da34e3c145a3b99c,spatter,fixed,1,10000,88.14999999999999
mnist,vit_small,grayscale,training_dense_testing_sparse,dense,compact,90,0,heldout_val,55000,12c1c64beff8f68b972f3ee6e1db9cea9ea0b19ab125c87bc56bbb9b62b46e5f,1febb833c97989dec964ce4247d5bb9f7f212d0d0ffea0016b5b7d6ef9e061db,179475b8b5f1f60331c2ef36bed036328ffb8901f10573d5da34e3c145a3b99c,dotted_line,fixed,1,10000,89.11
mnist,vit_small,grayscale,training_dense_testing_sparse,dense,compact,90,0,heldout_val,55000,12c1c64beff8f68b972f3ee6e1db9cea9ea0b19ab125c87bc56bbb9b62b46e5f,1febb833c97989dec964ce4247d5bb9f7f212d0d0ffea0016b5b7d6ef9e061db,179475b8b5f1f60331c2ef36bed036328ffb8901f10573d5da34e3c145a3b99c,zigzag,fixed,1,10000,90.14
mnist,vit_small,grayscale,training_dense_testing_sparse,dense,compact,90,0,heldout_val,55000,12c1c64beff8f68b972f3ee6e1db9cea9ea0b19ab125c87bc56bbb9b62b46e5f,1febb833c97989dec964ce4247d5bb9f7f212d0d0ffea0016b5b7d6ef9e061db,179475b8b5f1f60331c2ef36bed036328ffb8901f10573d5da34e3c145a3b99c,canny_edges,fixed,1,10000,90.29
mnist,vit_small,grayscale,training_dense_testing_sparse,dense,compact,90,1,heldout_val,55000,9729adec9ce6ce6993045a1272821938585b9c42511d61e768f34523b81a637b,10a1c020e268e60f92a50cb1a938f7e478078107b9a7dd5bcd30e3f36dd50ae6,0c043582d4fd9fa02edf865269d1ba752080dec581307de85e519181414c7951,clean,clean,1,10000,89.94
mnist,vit_small,grayscale,training_dense_testing_sparse,dense,compact,90,1,heldout_val,55000,9729adec9ce6ce6993045a1272821938585b9c42511d61e768f34523b81a637b,10a1c020e268e60f92a50cb1a938f7e478078107b9a7dd5bcd30e3f36dd50ae6,0c043582d4fd9fa02edf865269d1ba752080dec581307de85e519181414c7951,shot_noise,fixed,1,10000,91.68
mnist,vit_small,grayscale,training_dense_testing_sparse,dense,compact,90,1,heldout_val,55000,9729adec9ce6ce6993045a1272821938585b9c42511d61e768f34523b81a637b,10a1c020e268e60f92a50cb1a938f7e478078107b9a7dd5bcd30e3f36dd50ae6,0c043582d4fd9fa02edf865269d1ba752080dec581307de85e519181414c7951,impulse_noise,fixed,1,10000,90.60000000000001
mnist,vit_small,grayscale,training_dense_testing_sparse,dense,compact,90,1,heldout_val,55000,9729adec9ce6ce6993045a1272821938585b9c42511d61e768f34523b81a637b,10a1c020e268e60f92a50cb1a938f7e478078107b9a7dd5bcd30e3f36dd50ae6,0c043582d4fd9fa02edf865269d1ba752080dec581307de85e519181414c7951,glass_blur,fixed,1,10000,93.38
mnist,vit_small,grayscale,training_dense_testing_sparse,dense,compact,90,1,heldout_val,55000,9729adec9ce6ce6993045a1272821938585b9c42511d61e768f34523b81a637b,10a1c020e268e60f92a50cb1a938f7e478078107b9a7dd5bcd30e3f36dd50ae6,0c043582d4fd9fa02edf865269d1ba752080dec581307de85e519181414c7951,motion_blur,fixed,1,10000,89.8
mnist,vit_small,grayscale,training_dense_testing_sparse,dense,compact,90,1,heldout_val,55000,9729adec9ce6ce6993045a1272821938585b9c42511d61e768f34523b81a637b,10a1c020e268e60f92a50cb1a938f7e478078107b9a7dd5bcd30e3f36dd50ae6,0c043582d4fd9fa02edf865269d1ba752080dec581307de85e519181414c7951,shear,fixed,1,10000,90.58
mnist,vit_small,grayscale,training_dense_testing_sparse,dense,compact,90,1,heldout_val,55000,9729adec9ce6ce6993045a1272821938585b9c42511d61e768f34523b81a637b,10a1c020e268e60f92a50cb1a938f7e478078107b9a7dd5bcd30e3f36dd50ae6,0c043582d4fd9fa02edf865269d1ba752080dec581307de85e519181414c7951,scale,fixed,1,10000,84.98
mnist,vit_small,grayscale,training_dense_testing_sparse,dense,compact,90,1,heldout_val,55000,9729adec9ce6ce6993045a1272821938585b9c42511d61e768f34523b81a637b,10a1c020e268e60f92a50cb1a938f7e478078107b9a7dd5bcd30e3f36dd50ae6,0c043582d4fd9fa02edf865269d1ba752080dec581307de85e519181414c7951,rotate,fixed,1,10000,90.77
mnist,vit_small,grayscale,training_dense_testing_sparse,dense,compact,90,1,heldout_val,55000,9729adec9ce6ce6993045a1272821938585b9c42511d61e768f34523b81a637b,10a1c020e268e60f92a50cb1a938f7e478078107b9a7dd5bcd30e3f36dd50ae6,0c043582d4fd9fa02edf865269d1ba752080dec581307de85e519181414c7951,brightness,fixed,1,10000,92.54
mnist,vit_small,grayscale,training_dense_testing_sparse,dense,compact,90,1,heldout_val,55000,9729adec9ce6ce6993045a1272821938585b9c42511d61e768f34523b81a637b,10a1c020e268e60f92a50cb1a938f7e478078107b9a7dd5bcd30e3f36dd50ae6,0c043582d4fd9fa02edf865269d1ba752080dec581307de85e519181414c7951,translate,fixed,1,10000,89.46000000000001
mnist,vit_small,grayscale,training_dense_testing_sparse,dense,compact,90,1,heldout_val,55000,9729adec9ce6ce6993045a1272821938585b9c42511d61e768f34523b81a637b,10a1c020e268e60f92a50cb1a938f7e478078107b9a7dd5bcd30e3f36dd50ae6,0c043582d4fd9fa02edf865269d1ba752080dec581307de85e519181414c7951,stripe,fixed,1,10000,90.13
mnist,vit_small,grayscale,training_dense_testing_sparse,dense,compact,90,1,heldout_val,55000,9729adec9ce6ce6993045a1272821938585b9c42511d61e768f34523b81a637b,10a1c020e268e60f92a50cb1a938f7e478078107b9a7dd5bcd30e3f36dd50ae6,0c043582d4fd9fa02edf865269d1ba752080dec581307de85e519181414c7951,fog,fixed,1,10000,92.58
mnist,vit_small,grayscale,training_dense_testing_sparse,dense,compact,90,1,heldout_val,55000,9729adec9ce6ce6993045a1272821938585b9c42511d61e768f34523b81a637b,10a1c020e268e60f92a50cb1a938f7e478078107b9a7dd5bcd30e3f36dd50ae6,0c043582d4fd9fa02edf865269d1ba752080dec581307de85e519181414c7951,spatter,fixed,1,10000,90.31
mnist,vit_small,grayscale,training_dense_testing_sparse,dense,compact,90,1,heldout_val,55000,9729adec9ce6ce6993045a1272821938585b9c42511d61e768f34523b81a637b,10a1c020e268e60f92a50cb1a938f7e478078107b9a7dd5bcd30e3f36dd50ae6,0c043582d4fd9fa02edf865269d1ba752080dec581307de85e519181414c7951,dotted_line,fixed,1,10000,90.36
mnist,vit_small,grayscale,training_dense_testing_sparse,dense,compact,90,1,heldout_val,55000,9729adec9ce6ce6993045a1272821938585b9c42511d61e768f34523b81a637b,10a1c020e268e60f92a50cb1a938f7e478078107b9a7dd5bcd30e3f36dd50ae6,0c043582d4fd9fa02edf865269d1ba752080dec581307de85e519181414c7951,zigzag,fixed,1,10000,90.94
mnist,vit_small,grayscale,training_dense_testing_sparse,dense,compact,90,1,heldout_val,55000,9729adec9ce6ce6993045a1272821938585b9c42511d61e768f34523b81a637b,10a1c020e268e60f92a50cb1a938f7e478078107b9a7dd5bcd30e3f36dd50ae6,0c043582d4fd9fa02edf865269d1ba752080dec581307de85e519181414c7951,canny_edges,fixed,1,10000,90.0
mnist,vit_small,grayscale,training_dense_testing_sparse,dense,compact,90,2,heldout_val,55000,2485480a0905ee16b65e967730c87b99977c88266c6ffdc184c129bbc607923c,04b23e1d894d5cd0ffacd122ef55cc5578fe60d76fbf71286f07dceb0d27c789,e6a832390c850cd02985baa89af74e5b5051e71fc8f593de29cbe32747013aef,clean,clean,1,10000,90.53
mnist,vit_small,grayscale,training_dense_testing_sparse,dense,compact,90,2,heldout_val,55000,2485480a0905ee16b65e967730c87b99977c88266c6ffdc184c129bbc607923c,04b23e1d894d5cd0ffacd122ef55cc5578fe60d76fbf71286f07dceb0d27c789,e6a832390c850cd02985baa89af74e5b5051e71fc8f593de29cbe32747013aef,shot_noise,fixed,1,10000,92.93
mnist,vit_small,grayscale,training_dense_testing_sparse,dense,compact,90,2,heldout_val,55000,2485480a0905ee16b65e967730c87b99977c88266c6ffdc184c129bbc607923c,04b23e1d894d5cd0ffacd122ef55cc5578fe60d76fbf71286f07dceb0d27c789,e6a832390c850cd02985baa89af74e5b5051e71fc8f593de29cbe32747013aef,impulse_noise,fixed,1,10000,92.38
mnist,vit_small,grayscale,training_dense_testing_sparse,dense,compact,90,2,heldout_val,55000,2485480a0905ee16b65e967730c87b99977c88266c6ffdc184c129bbc607923c,04b23e1d894d5cd0ffacd122ef55cc5578fe60d76fbf71286f07dceb0d27c789,e6a832390c850cd02985baa89af74e5b5051e71fc8f593de29cbe32747013aef,glass_blur,fixed,1,10000,91.32000000000001
mnist,vit_small,grayscale,training_dense_testing_sparse,dense,compact,90,2,heldout_val,55000,2485480a0905ee16b65e967730c87b99977c88266c6ffdc184c129bbc607923c,04b23e1d894d5cd0ffacd122ef55cc5578fe60d76fbf71286f07dceb0d27c789,e6a832390c850cd02985baa89af74e5b5051e71fc8f593de29cbe32747013aef,motion_blur,fixed,1,10000,90.28
mnist,vit_small,grayscale,training_dense_testing_sparse,dense,compact,90,2,heldout_val,55000,2485480a0905ee16b65e967730c87b99977c88266c6ffdc184c129bbc607923c,04b23e1d894d5cd0ffacd122ef55cc5578fe60d76fbf71286f07dceb0d27c789,e6a832390c850cd02985baa89af74e5b5051e71fc8f593de29cbe32747013aef,shear,fixed,1,10000,90.97999999999999
mnist,vit_small,grayscale,training_dense_testing_sparse,dense,compact,90,2,heldout_val,55000,2485480a0905ee16b65e967730c87b99977c88266c6ffdc184c129bbc607923c,04b23e1d894d5cd0ffacd122ef55cc5578fe60d76fbf71286f07dceb0d27c789,e6a832390c850cd02985baa89af74e5b5051e71fc8f593de29cbe32747013aef,scale,fixed,1,10000,86.84
mnist,vit_small,grayscale,training_dense_testing_sparse,dense,compact,90,2,heldout_val,55000,2485480a0905ee16b65e967730c87b99977c88266c6ffdc184c129bbc607923c,04b23e1d894d5cd0ffacd122ef55cc5578fe60d76fbf71286f07dceb0d27c789,e6a832390c850cd02985baa89af74e5b5051e71fc8f593de29cbe32747013aef,rotate,fixed,1,10000,90.73
mnist,vit_small,grayscale,training_dense_testing_sparse,dense,compact,90,2,heldout_val,55000,2485480a0905ee16b65e967730c87b99977c88266c6ffdc184c129bbc607923c,04b23e1d894d5cd0ffacd122ef55cc5578fe60d76fbf71286f07dceb0d27c789,e6a832390c850cd02985baa89af74e5b5051e71fc8f593de29cbe32747013aef,brightness,fixed,1,10000,91.94
mnist,vit_small,grayscale,training_dense_testing_sparse,dense,compact,90,2,heldout_val,55000,2485480a0905ee16b65e967730c87b99977c88266c6ffdc184c129bbc607923c,04b23e1d894d5cd0ffacd122ef55cc5578fe60d76fbf71286f07dceb0d27c789,e6a832390c850cd02985baa89af74e5b5051e71fc8f593de29cbe32747013aef,translate,fixed,1,10000,90.31
mnist,vit_small,grayscale,training_dense_testing_sparse,dense,compact,90,2,heldout_val,55000,2485480a0905ee16b65e967730c87b99977c88266c6ffdc184c129bbc607923c,04b23e1d894d5cd0ffacd122ef55cc5578fe60d76fbf71286f07dceb0d27c789,e6a832390c850cd02985baa89af74e5b5051e71fc8f593de29cbe32747013aef,stripe,fixed,1,10000,90.53
mnist,vit_small,grayscale,training_dense_testing_sparse,dense,compact,90,2,heldout_val,55000,2485480a0905ee16b65e967730c87b99977c88266c6ffdc184c129bbc607923c,04b23e1d894d5cd0ffacd122ef55cc5578fe60d76fbf71286f07dceb0d27c789,e6a832390c850cd02985baa89af74e5b5051e71fc8f593de29cbe32747013aef,fog,fixed,1,10000,91.57
mnist,vit_small,grayscale,training_dense_testing_sparse,dense,compact,90,2,heldout_val,55000,2485480a0905ee16b65e967730c87b99977c88266c6ffdc184c129bbc607923c,04b23e1d894d5cd0ffacd122ef55cc5578fe60d76fbf71286f07dceb0d27c789,e6a832390c850cd02985baa89af74e5b5051e71fc8f593de29cbe32747013aef,spatter,fixed,1,10000,90.79
mnist,vit_small,grayscale,training_dense_testing_sparse,dense,compact,90,2,heldout_val,55000,2485480a0905ee16b65e967730c87b99977c88266c6ffdc184c129bbc607923c,04b23e1d894d5cd0ffacd122ef55cc5578fe60d76fbf71286f07dceb0d27c789,e6a832390c850cd02985baa89af74e5b5051e71fc8f593de29cbe32747013aef,dotted_line,fixed,1,10000,90.71000000000001
mnist,vit_small,grayscale,training_dense_testing_sparse,dense,compact,90,2,heldout_val,55000,2485480a0905ee16b65e967730c87b99977c88266c6ffdc184c129bbc607923c,04b23e1d894d5cd0ffacd122ef55cc5578fe60d76fbf71286f07dceb0d27c789,e6a832390c850cd02985baa89af74e5b5051e71fc8f593de29cbe32747013aef,zigzag,fixed,1,10000,91.60000000000001
mnist,vit_small,grayscale,training_dense_testing_sparse,dense,compact,90,2,heldout_val,55000,2485480a0905ee16b65e967730c87b99977c88266c6ffdc184c129bbc607923c,04b23e1d894d5cd0ffacd122ef55cc5578fe60d76fbf71286f07dceb0d27c789,e6a832390c850cd02985baa89af74e5b5051e71fc8f593de29cbe32747013aef,canny_edges,fixed,1,10000,88.53999999999999
