test_config_hash,dataset,architecture,representation,seed,trained_execution,inference_execution,inference_sparsity_percent,checkpoint_sha256,normalization_hash,diagnostic_directory,expected_official_cell_count,catalog_scope
b48518510528d7b9201c2822712b6edd2782600aa20c31083de8b6eb4c0f714a,cifar10,swin_tiny,raw,0,dense,dense,0,3292edaad6d1f81f87a8b508f23007e265f1506e12d81c7b47715ededb9a6546,377d79622b4be5ab780f2cc49d2998ca871c0899b1447524c906a2f2023b28ea,/ceph/sagnihot/projects/Lorena_Contrastive_Representation_Arch/training_dense_testing_sparse/outputs/cases/cifar10/swin_tiny/raw/trained_dense/infer_dense/p0/seed0/b48518510528d7b9201c2822712b6edd2782600aa20c31083de8b6eb4c0f714a/diagnostics/cells,76,All registered cases; only selected rendered tensors are rehashed by this exporter.
195e9d9967f28a168b9cf7a744c0c7a037d9239747703bb1d907be7b017ad5fa,cifar10,swin_tiny,raw,1,dense,dense,0,fe659f7e7cc2bcded57c75ed5272930ea1d37c77549aaf2b6da6e7cb4dbf548b,377d79622b4be5ab780f2cc49d2998ca871c0899b1447524c906a2f2023b28ea,/ceph/sagnihot/projects/Lorena_Contrastive_Representation_Arch/training_dense_testing_sparse/outputs/cases/cifar10/swin_tiny/raw/trained_dense/infer_dense/p0/seed1/195e9d9967f28a168b9cf7a744c0c7a037d9239747703bb1d907be7b017ad5fa/diagnostics/cells,76,All registered cases; only selected rendered tensors are rehashed by this exporter.
8c7f991c5ff5ea01c87568ee86dae1a86d92ae141d14ec150bb754f637aa2721,cifar10,swin_tiny,raw,2,dense,dense,0,c0d05e70330b2102f46e929b2604e920636f02760a2b7ccac6c5cbb3b9b9012e,377d79622b4be5ab780f2cc49d2998ca871c0899b1447524c906a2f2023b28ea,/ceph/sagnihot/projects/Lorena_Contrastive_Representation_Arch/training_dense_testing_sparse/outputs/cases/cifar10/swin_tiny/raw/trained_dense/infer_dense/p0/seed2/8c7f991c5ff5ea01c87568ee86dae1a86d92ae141d14ec150bb754f637aa2721/diagnostics/cells,76,All registered cases; only selected rendered tensors are rehashed by this exporter.
a418b261cb4ba6d5b081927988a16b8c9871bd3b1d0ebf4717e4d417223f5495,cifar10,vit_small,raw,0,dense,dense,0,a8369ed680009e45868b72c0316b8d39c74371d912ed437ff6bf9dc89488db33,377d79622b4be5ab780f2cc49d2998ca871c0899b1447524c906a2f2023b28ea,/ceph/sagnihot/projects/Lorena_Contrastive_Representation_Arch/training_dense_testing_sparse/outputs/cases/cifar10/vit_small/raw/trained_dense/infer_dense/p0/seed0/a418b261cb4ba6d5b081927988a16b8c9871bd3b1d0ebf4717e4d417223f5495/diagnostics/cells,76,All registered cases; only selected rendered tensors are rehashed by this exporter.
ec48cb145e7023e630ddfcc932b2837367153c458d9339aaa45059175268b5da,cifar10,vit_small,raw,1,dense,dense,0,51013aa13debf7716aa0c9fa9d431e2a16cb1727a003497460469b5e728eaeb4,377d79622b4be5ab780f2cc49d2998ca871c0899b1447524c906a2f2023b28ea,/ceph/sagnihot/projects/Lorena_Contrastive_Representation_Arch/training_dense_testing_sparse/outputs/cases/cifar10/vit_small/raw/trained_dense/infer_dense/p0/seed1/ec48cb145e7023e630ddfcc932b2837367153c458d9339aaa45059175268b5da/diagnostics/cells,76,All registered cases; only selected rendered tensors are rehashed by this exporter.
24d218638e21520eefe9cc4359d9d0bea08dc760cfc53619c50d78c572204b63,cifar10,vit_small,raw,2,dense,dense,0,92f9655eb068a90ffb82799f9d4939a1b20fefa95c7967c571e933859172321e,377d79622b4be5ab780f2cc49d2998ca871c0899b1447524c906a2f2023b28ea,/ceph/sagnihot/projects/Lorena_Contrastive_Representation_Arch/training_dense_testing_sparse/outputs/cases/cifar10/vit_small/raw/trained_dense/infer_dense/p0/seed2/24d218638e21520eefe9cc4359d9d0bea08dc760cfc53619c50d78c572204b63/diagnostics/cells,76,All registered cases; only selected rendered tensors are rehashed by this exporter.
24e4f68a5f1591a5f18ef34ad2de0bededc18d51c782fc13e908c14588ecbc69,mnist,swin_tiny,raw,0,dense,dense,0,4f4de1c96ce3171d528465ea583fe366ccbf1eeed9fc126ed5b29d61cc878836,74be2eb7180e855812c6b42276b2aafb6baf921a0ade2ec0d172dbb4ef69d3d7,/ceph/sagnihot/projects/Lorena_Contrastive_Representation_Arch/training_dense_testing_sparse/outputs/cases/mnist/swin_tiny/raw/trained_dense/infer_dense/p0/seed0/24e4f68a5f1591a5f18ef34ad2de0bededc18d51c782fc13e908c14588ecbc69/diagnostics/cells,16,All registered cases; only selected rendered tensors are rehashed by this exporter.
bdcf51809d8f93402f43ca80ff1803dae31b49691b3c4db041e635f75ecd395c,mnist,swin_tiny,raw,1,dense,dense,0,485f892a847b6dbcfdab4e13b46349e10ca7e3c0d81810dc50d69b0ada0c05f0,74be2eb7180e855812c6b42276b2aafb6baf921a0ade2ec0d172dbb4ef69d3d7,/ceph/sagnihot/projects/Lorena_Contrastive_Representation_Arch/training_dense_testing_sparse/outputs/cases/mnist/swin_tiny/raw/trained_dense/infer_dense/p0/seed1/bdcf51809d8f93402f43ca80ff1803dae31b49691b3c4db041e635f75ecd395c/diagnostics/cells,16,All registered cases; only selected rendered tensors are rehashed by this exporter.
899d02d7b861c7e3ab06741c6df590750287f6b544786414a2537a7aaa1e870a,mnist,swin_tiny,raw,2,dense,dense,0,dc141a26cd438bb05b5097a229bc10b348f6a1d7cb9696567fc85afbb8440cbe,74be2eb7180e855812c6b42276b2aafb6baf921a0ade2ec0d172dbb4ef69d3d7,/ceph/sagnihot/projects/Lorena_Contrastive_Representation_Arch/training_dense_testing_sparse/outputs/cases/mnist/swin_tiny/raw/trained_dense/infer_dense/p0/seed2/899d02d7b861c7e3ab06741c6df590750287f6b544786414a2537a7aaa1e870a/diagnostics/cells,16,All registered cases; only selected rendered tensors are rehashed by this exporter.
098f439da318359205e185170f19f42ecd5e5f17f8094df03ecec60a33338a14,mnist,vit_small,raw,0,dense,dense,0,3db92cbcafbbc2751e66333d710ad6f6ab62881147312fbf9142265b64fd326b,74be2eb7180e855812c6b42276b2aafb6baf921a0ade2ec0d172dbb4ef69d3d7,/ceph/sagnihot/projects/Lorena_Contrastive_Representation_Arch/training_dense_testing_sparse/outputs/cases/mnist/vit_small/raw/trained_dense/infer_dense/p0/seed0/098f439da318359205e185170f19f42ecd5e5f17f8094df03ecec60a33338a14/diagnostics/cells,16,All registered cases; only selected rendered tensors are rehashed by this exporter.
81c0c31a6ee4eb92bc8507ec35544003cf392a39eef4d0001f7dc763746c7cd7,mnist,vit_small,raw,1,dense,dense,0,acbec74b30d2bb2dbba09b75e00a22ce88387ed47cb09fa6403be759a89ac248,74be2eb7180e855812c6b42276b2aafb6baf921a0ade2ec0d172dbb4ef69d3d7,/ceph/sagnihot/projects/Lorena_Contrastive_Representation_Arch/training_dense_testing_sparse/outputs/cases/mnist/vit_small/raw/trained_dense/infer_dense/p0/seed1/81c0c31a6ee4eb92bc8507ec35544003cf392a39eef4d0001f7dc763746c7cd7/diagnostics/cells,16,All registered cases; only selected rendered tensors are rehashed by this exporter.
7d76a363b60cdc3c35246288191ea4607e49e610559a271dcfd2b69238fd66e3,mnist,vit_small,raw,2,dense,dense,0,63bb2214a8ab262e48865109fcf46769e97d9659bc9e8d3557e8cd23394adc56,74be2eb7180e855812c6b42276b2aafb6baf921a0ade2ec0d172dbb4ef69d3d7,/ceph/sagnihot/projects/Lorena_Contrastive_Representation_Arch/training_dense_testing_sparse/outputs/cases/mnist/vit_small/raw/trained_dense/infer_dense/p0/seed2/7d76a363b60cdc3c35246288191ea4607e49e610559a271dcfd2b69238fd66e3/diagnostics/cells,16,All registered cases; only selected rendered tensors are rehashed by this exporter.
38a12b092beb50dc28760e212a5f1bf423a13cb3ad471be9e90e5b51ccd8b99f,cifar10,swin_tiny,color_opponency,0,compact,compact,0,a1588df6cc4aa446ef6729c07ec425d9f89c93cfbeb71b723f0b336b231ea48d,421a6c555b0de148ccc8177f266f90a3075af88135876e49829b120b02b133b6,/ceph/sagnihot/projects/Lorena_Contrastive_Representation_Arch/training_dense_testing_sparse/outputs/cases/cifar10/swin_tiny/color_opponency/trained_compact/infer_compact/p0/seed0/38a12b092beb50dc28760e212a5f1bf423a13cb3ad471be9e90e5b51ccd8b99f/diagnostics/cells,76,All registered cases; only selected rendered tensors are rehashed by this exporter.
a2d98f473a2ff8d0e5d999cce2f48ee89ece31fad615f956f676d7b3a7260c9c,cifar10,swin_tiny,color_opponency,1,compact,compact,0,238361a79e91c52e2fd36d712b98e970b6286e5316b2293833aade616d11c014,421a6c555b0de148ccc8177f266f90a3075af88135876e49829b120b02b133b6,/ceph/sagnihot/projects/Lorena_Contrastive_Representation_Arch/training_dense_testing_sparse/outputs/cases/cifar10/swin_tiny/color_opponency/trained_compact/infer_compact/p0/seed1/a2d98f473a2ff8d0e5d999cce2f48ee89ece31fad615f956f676d7b3a7260c9c/diagnostics/cells,76,All registered cases; only selected rendered tensors are rehashed by this exporter.
e01c05ce4f38f94464d440ab7f4ce2a0beab7e1ef3c847edd1be5b32f38f08cb,cifar10,swin_tiny,color_opponency,2,compact,compact,0,7858973d124027dfd76efc8522165b34da42f801109350bfe9edf5588b99ca59,421a6c555b0de148ccc8177f266f90a3075af88135876e49829b120b02b133b6,/ceph/sagnihot/projects/Lorena_Contrastive_Representation_Arch/training_dense_testing_sparse/outputs/cases/cifar10/swin_tiny/color_opponency/trained_compact/infer_compact/p0/seed2/e01c05ce4f38f94464d440ab7f4ce2a0beab7e1ef3c847edd1be5b32f38f08cb/diagnostics/cells,76,All registered cases; only selected rendered tensors are rehashed by this exporter.
fd23a49d1d5868dc6e3306c0500cbbcf1359d9f49927b5e7adb645d0132dd771,cifar10,swin_tiny,color_opponency,0,dense,compact,0,fab9441233ae76a1b48e0b353942c30293499e8a2d4c2e9c062d73159e012032,421a6c555b0de148ccc8177f266f90a3075af88135876e49829b120b02b133b6,/ceph/sagnihot/projects/Lorena_Contrastive_Representation_Arch/training_dense_testing_sparse/outputs/cases/cifar10/swin_tiny/color_opponency/trained_dense/infer_compact/p0/seed0/fd23a49d1d5868dc6e3306c0500cbbcf1359d9f49927b5e7adb645d0132dd771/diagnostics/cells,76,All registered cases; only selected rendered tensors are rehashed by this exporter.
cea77fe70b110d87ca59acd2db0c51522228172baef94e0dde37aa608e325ce5,cifar10,swin_tiny,color_opponency,1,dense,compact,0,3a8d2f76403887b48ba87e6c04a928670d9aaf4079d21ba7ad87d5b9f491eeee,421a6c555b0de148ccc8177f266f90a3075af88135876e49829b120b02b133b6,/ceph/sagnihot/projects/Lorena_Contrastive_Representation_Arch/training_dense_testing_sparse/outputs/cases/cifar10/swin_tiny/color_opponency/trained_dense/infer_compact/p0/seed1/cea77fe70b110d87ca59acd2db0c51522228172baef94e0dde37aa608e325ce5/diagnostics/cells,76,All registered cases; only selected rendered tensors are rehashed by this exporter.
566e667eec2ef24e5929a444ada72dc09fdb5f9e6dfbf942ccf82bf4df807c95,cifar10,swin_tiny,color_opponency,2,dense,compact,0,70c047f178a68005810241c0e1315e68c21862bbc6485b102471e834d04345eb,421a6c555b0de148ccc8177f266f90a3075af88135876e49829b120b02b133b6,/ceph/sagnihot/projects/Lorena_Contrastive_Representation_Arch/training_dense_testing_sparse/outputs/cases/cifar10/swin_tiny/color_opponency/trained_dense/infer_compact/p0/seed2/566e667eec2ef24e5929a444ada72dc09fdb5f9e6dfbf942ccf82bf4df807c95/diagnostics/cells,76,All registered cases; only selected rendered tensors are rehashed by this exporter.
c2c4731b419741cfc80d0234dbd989d6412950a07e990b7bee1e59c0159f02f7,cifar10,swin_tiny,grayscale,0,compact,compact,0,71871ed8857981958b2a6b9df5f131d33fe3c006b362f05353a506a36ed60600,1047af87909095c2ee60f41793d839c504320f3b8ce40bf1751007d9ebe36dec,/ceph/sagnihot/projects/Lorena_Contrastive_Representation_Arch/training_dense_testing_sparse/outputs/cases/cifar10/swin_tiny/grayscale/trained_compact/infer_compact/p0/seed0/c2c4731b419741cfc80d0234dbd989d6412950a07e990b7bee1e59c0159f02f7/diagnostics/cells,76,All registered cases; only selected rendered tensors are rehashed by this exporter.
a4db0df18878bf97a15ef220e7bdcea8d4b9e73937e4eedceedad197010b7d3c,cifar10,swin_tiny,grayscale,1,compact,compact,0,13220bfdc33c9cf4650dd73e3a4527dfa123dcc569d5483e392ee4d87a3a871e,1047af87909095c2ee60f41793d839c504320f3b8ce40bf1751007d9ebe36dec,/ceph/sagnihot/projects/Lorena_Contrastive_Representation_Arch/training_dense_testing_sparse/outputs/cases/cifar10/swin_tiny/grayscale/trained_compact/infer_compact/p0/seed1/a4db0df18878bf97a15ef220e7bdcea8d4b9e73937e4eedceedad197010b7d3c/diagnostics/cells,76,All registered cases; only selected rendered tensors are rehashed by this exporter.
8ea3bc79963a751e08d025fbd1ef93b06c1aa80cb69fd3666ad143cbe26238b0,cifar10,swin_tiny,grayscale,2,compact,compact,0,4138089fb907e02402ec0525f2bfcd503a06886e3b15de2814ef80480df2552b,1047af87909095c2ee60f41793d839c504320f3b8ce40bf1751007d9ebe36dec,/ceph/sagnihot/projects/Lorena_Contrastive_Representation_Arch/training_dense_testing_sparse/outputs/cases/cifar10/swin_tiny/grayscale/trained_compact/infer_compact/p0/seed2/8ea3bc79963a751e08d025fbd1ef93b06c1aa80cb69fd3666ad143cbe26238b0/diagnostics/cells,76,All registered cases; only selected rendered tensors are rehashed by this exporter.
a64be3683e0a44bff054950efd71ba1e801c5fabe5648a34f075f68e76b694bc,cifar10,swin_tiny,grayscale,0,dense,compact,0,6044ca36b20c6e4930631bf254bbc49c2a6d007c28c6dad2e64d93d48d9ee944,1047af87909095c2ee60f41793d839c504320f3b8ce40bf1751007d9ebe36dec,/ceph/sagnihot/projects/Lorena_Contrastive_Representation_Arch/training_dense_testing_sparse/outputs/cases/cifar10/swin_tiny/grayscale/trained_dense/infer_compact/p0/seed0/a64be3683e0a44bff054950efd71ba1e801c5fabe5648a34f075f68e76b694bc/diagnostics/cells,76,All registered cases; only selected rendered tensors are rehashed by this exporter.
e4384af4722d311b52950162fc86b57d89b5ebca4cd70626df80be9d3c5fa3df,cifar10,swin_tiny,grayscale,1,dense,compact,0,66b93a8751c67cb83a6b47d4ebe6c227e04004542fa77f67b1aa4696492cbb12,1047af87909095c2ee60f41793d839c504320f3b8ce40bf1751007d9ebe36dec,/ceph/sagnihot/projects/Lorena_Contrastive_Representation_Arch/training_dense_testing_sparse/outputs/cases/cifar10/swin_tiny/grayscale/trained_dense/infer_compact/p0/seed1/e4384af4722d311b52950162fc86b57d89b5ebca4cd70626df80be9d3c5fa3df/diagnostics/cells,76,All registered cases; only selected rendered tensors are rehashed by this exporter.
6e1002c26913442e01c7240caebb466a4a05a04594a156ba2072ca4ed59ab759,cifar10,swin_tiny,grayscale,2,dense,compact,0,2a3b7de47f7c3116c9ed4e26109dc713938f3a63e2267a4668905554b979f39b,1047af87909095c2ee60f41793d839c504320f3b8ce40bf1751007d9ebe36dec,/ceph/sagnihot/projects/Lorena_Contrastive_Representation_Arch/training_dense_testing_sparse/outputs/cases/cifar10/swin_tiny/grayscale/trained_dense/infer_compact/p0/seed2/6e1002c26913442e01c7240caebb466a4a05a04594a156ba2072ca4ed59ab759/diagnostics/cells,76,All registered cases; only selected rendered tensors are rehashed by this exporter.
1f8ed41fde13b6e96012728a2c8d576dbd4d19e5ef8518e02188e538ef8acb3c,cifar10,swin_tiny,raw,0,dense,compact,0,3292edaad6d1f81f87a8b508f23007e265f1506e12d81c7b47715ededb9a6546,377d79622b4be5ab780f2cc49d2998ca871c0899b1447524c906a2f2023b28ea,/ceph/sagnihot/projects/Lorena_Contrastive_Representation_Arch/training_dense_testing_sparse/outputs/cases/cifar10/swin_tiny/raw/trained_dense/infer_compact/p0/seed0/1f8ed41fde13b6e96012728a2c8d576dbd4d19e5ef8518e02188e538ef8acb3c/diagnostics/cells,76,All registered cases; only selected rendered tensors are rehashed by this exporter.
780258ab966ff29d1b6c477a4a6ea458ead57ec999e8d01d3ec9dcf6b2d52756,cifar10,swin_tiny,raw,1,dense,compact,0,fe659f7e7cc2bcded57c75ed5272930ea1d37c77549aaf2b6da6e7cb4dbf548b,377d79622b4be5ab780f2cc49d2998ca871c0899b1447524c906a2f2023b28ea,/ceph/sagnihot/projects/Lorena_Contrastive_Representation_Arch/training_dense_testing_sparse/outputs/cases/cifar10/swin_tiny/raw/trained_dense/infer_compact/p0/seed1/780258ab966ff29d1b6c477a4a6ea458ead57ec999e8d01d3ec9dcf6b2d52756/diagnostics/cells,76,All registered cases; only selected rendered tensors are rehashed by this exporter.
e03f47c9430966cc6eeb51929887ee12e97e830d51668abfe9cc4240f3f575b1,cifar10,swin_tiny,raw,2,dense,compact,0,c0d05e70330b2102f46e929b2604e920636f02760a2b7ccac6c5cbb3b9b9012e,377d79622b4be5ab780f2cc49d2998ca871c0899b1447524c906a2f2023b28ea,/ceph/sagnihot/projects/Lorena_Contrastive_Representation_Arch/training_dense_testing_sparse/outputs/cases/cifar10/swin_tiny/raw/trained_dense/infer_compact/p0/seed2/e03f47c9430966cc6eeb51929887ee12e97e830d51668abfe9cc4240f3f575b1/diagnostics/cells,76,All registered cases; only selected rendered tensors are rehashed by this exporter.
5772615a2273e8137f2e311ebf33127cd5dcb18f29be2498bafbce3c731e9be4,cifar10,swin_tiny,single_color,0,compact,compact,0,bb46a33dc8b69af65d8ca279b87ff17d18ff06059ac0030c0397ad03669c839c,566fa577f2da3e50d887e890148fb6bd20f667e8139d6a9b04ca4665f0cb39c3,/ceph/sagnihot/projects/Lorena_Contrastive_Representation_Arch/training_dense_testing_sparse/outputs/cases/cifar10/swin_tiny/single_color/trained_compact/infer_compact/p0/seed0/5772615a2273e8137f2e311ebf33127cd5dcb18f29be2498bafbce3c731e9be4/diagnostics/cells,76,All registered cases; only selected rendered tensors are rehashed by this exporter.
c6d95f23c52926eca75c681a2d086ab73f7d9528e37b1fb71b929c91d14d61df,cifar10,swin_tiny,single_color,1,compact,compact,0,b09d4231758cdc5f742a95c959b174a73f72e7eb7b5430e9f522d4a83a67b028,566fa577f2da3e50d887e890148fb6bd20f667e8139d6a9b04ca4665f0cb39c3,/ceph/sagnihot/projects/Lorena_Contrastive_Representation_Arch/training_dense_testing_sparse/outputs/cases/cifar10/swin_tiny/single_color/trained_compact/infer_compact/p0/seed1/c6d95f23c52926eca75c681a2d086ab73f7d9528e37b1fb71b929c91d14d61df/diagnostics/cells,76,All registered cases; only selected rendered tensors are rehashed by this exporter.
87fe08fa5be98bda015549f8f421e6709e2423f930a35619674ea3f339344f80,cifar10,swin_tiny,single_color,2,compact,compact,0,54da0e293091a1938bc82ea8a6cabeabbb55debd9fdfcc96b5b795b3667b91f4,566fa577f2da3e50d887e890148fb6bd20f667e8139d6a9b04ca4665f0cb39c3,/ceph/sagnihot/projects/Lorena_Contrastive_Representation_Arch/training_dense_testing_sparse/outputs/cases/cifar10/swin_tiny/single_color/trained_compact/infer_compact/p0/seed2/87fe08fa5be98bda015549f8f421e6709e2423f930a35619674ea3f339344f80/diagnostics/cells,76,All registered cases; only selected rendered tensors are rehashed by this exporter.
45a305bf56c9a49d1c01099d489932d27f50fb61f91cb01ed06d22281e42aa92,cifar10,swin_tiny,single_color,0,dense,compact,0,74fce3b1d058b6cf57055516ceb85d442b7674eddb8950f5244b3a22cc35862f,566fa577f2da3e50d887e890148fb6bd20f667e8139d6a9b04ca4665f0cb39c3,/ceph/sagnihot/projects/Lorena_Contrastive_Representation_Arch/training_dense_testing_sparse/outputs/cases/cifar10/swin_tiny/single_color/trained_dense/infer_compact/p0/seed0/45a305bf56c9a49d1c01099d489932d27f50fb61f91cb01ed06d22281e42aa92/diagnostics/cells,76,All registered cases; only selected rendered tensors are rehashed by this exporter.
42b5d86a77357aff0b15e2459e67a8e55036b18d7c1b68f84caee632e81d4fcf,cifar10,swin_tiny,single_color,1,dense,compact,0,b7af9c2326beb1db7fc4aba06b867583770ebfc6e2869cb6193ee752cc81fb63,566fa577f2da3e50d887e890148fb6bd20f667e8139d6a9b04ca4665f0cb39c3,/ceph/sagnihot/projects/Lorena_Contrastive_Representation_Arch/training_dense_testing_sparse/outputs/cases/cifar10/swin_tiny/single_color/trained_dense/infer_compact/p0/seed1/42b5d86a77357aff0b15e2459e67a8e55036b18d7c1b68f84caee632e81d4fcf/diagnostics/cells,76,All registered cases; only selected rendered tensors are rehashed by this exporter.
3f180ededf077b59bf03a0109f3db7ca8e64ebe9ca19fd8f64bea44eeca055c4,cifar10,swin_tiny,single_color,2,dense,compact,0,9af4c0f5bd726b176994f562d5b5b3f4e326392003f27ce9b795221daa4a186e,566fa577f2da3e50d887e890148fb6bd20f667e8139d6a9b04ca4665f0cb39c3,/ceph/sagnihot/projects/Lorena_Contrastive_Representation_Arch/training_dense_testing_sparse/outputs/cases/cifar10/swin_tiny/single_color/trained_dense/infer_compact/p0/seed2/3f180ededf077b59bf03a0109f3db7ca8e64ebe9ca19fd8f64bea44eeca055c4/diagnostics/cells,76,All registered cases; only selected rendered tensors are rehashed by this exporter.
c451db62dd424019e867ee564c952c5c78e0a68b037dcf6121513dd3fdf28882,cifar10,vit_small,color_opponency,0,compact,compact,0,37de2ec99f0e84cc52750431e5e654b4c4548ea78d057a8d1e9f8503629dde4d,421a6c555b0de148ccc8177f266f90a3075af88135876e49829b120b02b133b6,/ceph/sagnihot/projects/Lorena_Contrastive_Representation_Arch/training_dense_testing_sparse/outputs/cases/cifar10/vit_small/color_opponency/trained_compact/infer_compact/p0/seed0/c451db62dd424019e867ee564c952c5c78e0a68b037dcf6121513dd3fdf28882/diagnostics/cells,76,All registered cases; only selected rendered tensors are rehashed by this exporter.
98e7eed5c917dcf7c12ee25d4c3a41b506c092b08f80858bcd1c8352dff4d126,cifar10,vit_small,color_opponency,1,compact,compact,0,cc6c4ff852a89054d605a64dc0da897019275dfbee1773e7b12502eea47dc741,421a6c555b0de148ccc8177f266f90a3075af88135876e49829b120b02b133b6,/ceph/sagnihot/projects/Lorena_Contrastive_Representation_Arch/training_dense_testing_sparse/outputs/cases/cifar10/vit_small/color_opponency/trained_compact/infer_compact/p0/seed1/98e7eed5c917dcf7c12ee25d4c3a41b506c092b08f80858bcd1c8352dff4d126/diagnostics/cells,76,All registered cases; only selected rendered tensors are rehashed by this exporter.
c4d0a0e4d4d4b16dcd7ba7a9da05e4b4add87733c60dfe2e29e8e7172da16154,cifar10,vit_small,color_opponency,2,compact,compact,0,256c9aba780e83006c9b4051eb71e7675e73ec3353ddf4c9b36cc6d6a8f81b13,421a6c555b0de148ccc8177f266f90a3075af88135876e49829b120b02b133b6,/ceph/sagnihot/projects/Lorena_Contrastive_Representation_Arch/training_dense_testing_sparse/outputs/cases/cifar10/vit_small/color_opponency/trained_compact/infer_compact/p0/seed2/c4d0a0e4d4d4b16dcd7ba7a9da05e4b4add87733c60dfe2e29e8e7172da16154/diagnostics/cells,76,All registered cases; only selected rendered tensors are rehashed by this exporter.
475805385f1888e96d16e1426b10adbca32c1c2069b20c01673aa40cf117bc30,cifar10,vit_small,color_opponency,0,dense,compact,0,6ac6ab6efa8fe9667b6cfec2b439c1a483d484602b0dfdb7f1697805bfb32d49,421a6c555b0de148ccc8177f266f90a3075af88135876e49829b120b02b133b6,/ceph/sagnihot/projects/Lorena_Contrastive_Representation_Arch/training_dense_testing_sparse/outputs/cases/cifar10/vit_small/color_opponency/trained_dense/infer_compact/p0/seed0/475805385f1888e96d16e1426b10adbca32c1c2069b20c01673aa40cf117bc30/diagnostics/cells,76,All registered cases; only selected rendered tensors are rehashed by this exporter.
4021812a1f1f728f65226cbd7379748ffe8f1de7ca9959bb28e19d3f5af3ef8d,cifar10,vit_small,color_opponency,1,dense,compact,0,68d86b6eaac4b9181759fdf74d2ba1e58dec9a64c6c46a337f12d54d2ef69294,421a6c555b0de148ccc8177f266f90a3075af88135876e49829b120b02b133b6,/ceph/sagnihot/projects/Lorena_Contrastive_Representation_Arch/training_dense_testing_sparse/outputs/cases/cifar10/vit_small/color_opponency/trained_dense/infer_compact/p0/seed1/4021812a1f1f728f65226cbd7379748ffe8f1de7ca9959bb28e19d3f5af3ef8d/diagnostics/cells,76,All registered cases; only selected rendered tensors are rehashed by this exporter.
b867c9ac03d66a6842b4c610e834ec99b8062dfaf9e6545cb321c22a119cde97,cifar10,vit_small,color_opponency,2,dense,compact,0,5996a511e29f768e94b52050b63e86d5c734908cfb89f071a0215dee0cf9ac41,421a6c555b0de148ccc8177f266f90a3075af88135876e49829b120b02b133b6,/ceph/sagnihot/projects/Lorena_Contrastive_Representation_Arch/training_dense_testing_sparse/outputs/cases/cifar10/vit_small/color_opponency/trained_dense/infer_compact/p0/seed2/b867c9ac03d66a6842b4c610e834ec99b8062dfaf9e6545cb321c22a119cde97/diagnostics/cells,76,All registered cases; only selected rendered tensors are rehashed by this exporter.
201fdc33f1115abe2b4ecee6f029f70887e3d1e42c74b9310a991c4ddc74d918,cifar10,vit_small,grayscale,0,compact,compact,0,5525bb3230ca1bd20fbb778be4c121a9cfef3bd270f0e4dae5015b2878d97c09,1047af87909095c2ee60f41793d839c504320f3b8ce40bf1751007d9ebe36dec,/ceph/sagnihot/projects/Lorena_Contrastive_Representation_Arch/training_dense_testing_sparse/outputs/cases/cifar10/vit_small/grayscale/trained_compact/infer_compact/p0/seed0/201fdc33f1115abe2b4ecee6f029f70887e3d1e42c74b9310a991c4ddc74d918/diagnostics/cells,76,All registered cases; only selected rendered tensors are rehashed by this exporter.
a3250c2bd300530e0173e3714fe1ac35ca529244a00f24ce0832d6f78d0cf48f,cifar10,vit_small,grayscale,1,compact,compact,0,732d4a2c3a1c116592563e0a1d8079371f809743798db06af2996f6171bb5f8e,1047af87909095c2ee60f41793d839c504320f3b8ce40bf1751007d9ebe36dec,/ceph/sagnihot/projects/Lorena_Contrastive_Representation_Arch/training_dense_testing_sparse/outputs/cases/cifar10/vit_small/grayscale/trained_compact/infer_compact/p0/seed1/a3250c2bd300530e0173e3714fe1ac35ca529244a00f24ce0832d6f78d0cf48f/diagnostics/cells,76,All registered cases; only selected rendered tensors are rehashed by this exporter.
c408349117c861c63a82bf583c3aa0ee38ff8c477370f9701f482848e2198ff8,cifar10,vit_small,grayscale,2,compact,compact,0,419b5bb3a9a427d926a6310430e09d188260807d9d1dad2bd5df3489496b119c,1047af87909095c2ee60f41793d839c504320f3b8ce40bf1751007d9ebe36dec,/ceph/sagnihot/projects/Lorena_Contrastive_Representation_Arch/training_dense_testing_sparse/outputs/cases/cifar10/vit_small/grayscale/trained_compact/infer_compact/p0/seed2/c408349117c861c63a82bf583c3aa0ee38ff8c477370f9701f482848e2198ff8/diagnostics/cells,76,All registered cases; only selected rendered tensors are rehashed by this exporter.
cd76a584669bb7e127244fd563bcc210a2e40c1b807260e3c7e996fef7ee8cc0,cifar10,vit_small,grayscale,0,dense,compact,0,b63dea18ba04ebec90aa387b94608ae909f9951b5f93072d2366e170a7e899a5,1047af87909095c2ee60f41793d839c504320f3b8ce40bf1751007d9ebe36dec,/ceph/sagnihot/projects/Lorena_Contrastive_Representation_Arch/training_dense_testing_sparse/outputs/cases/cifar10/vit_small/grayscale/trained_dense/infer_compact/p0/seed0/cd76a584669bb7e127244fd563bcc210a2e40c1b807260e3c7e996fef7ee8cc0/diagnostics/cells,76,All registered cases; only selected rendered tensors are rehashed by this exporter.
1efe20266afa8be05cb6c2ac602ecf3af2e205c9960164d30d244284d0c81dde,cifar10,vit_small,grayscale,1,dense,compact,0,b0ee16f423c590c7b2825b45a2197bc867f6dc9afd6aafdf9bd17b05322b1253,1047af87909095c2ee60f41793d839c504320f3b8ce40bf1751007d9ebe36dec,/ceph/sagnihot/projects/Lorena_Contrastive_Representation_Arch/training_dense_testing_sparse/outputs/cases/cifar10/vit_small/grayscale/trained_dense/infer_compact/p0/seed1/1efe20266afa8be05cb6c2ac602ecf3af2e205c9960164d30d244284d0c81dde/diagnostics/cells,76,All registered cases; only selected rendered tensors are rehashed by this exporter.
6a3e86a5ee6defbebea4d6fe7c6675efbb9a8757a54f5a7e37f54831cdfb3ce0,cifar10,vit_small,grayscale,2,dense,compact,0,7babc96121d5f89850cbcc509af4ec2f9ce5f8ca5fa941133ff06758c159091f,1047af87909095c2ee60f41793d839c504320f3b8ce40bf1751007d9ebe36dec,/ceph/sagnihot/projects/Lorena_Contrastive_Representation_Arch/training_dense_testing_sparse/outputs/cases/cifar10/vit_small/grayscale/trained_dense/infer_compact/p0/seed2/6a3e86a5ee6defbebea4d6fe7c6675efbb9a8757a54f5a7e37f54831cdfb3ce0/diagnostics/cells,76,All registered cases; only selected rendered tensors are rehashed by this exporter.
0d708e2736c7996bdb1bec55590db7e5af7065cdddf0a524ce094eac88574155,cifar10,vit_small,raw,0,dense,compact,0,a8369ed680009e45868b72c0316b8d39c74371d912ed437ff6bf9dc89488db33,377d79622b4be5ab780f2cc49d2998ca871c0899b1447524c906a2f2023b28ea,/ceph/sagnihot/projects/Lorena_Contrastive_Representation_Arch/training_dense_testing_sparse/outputs/cases/cifar10/vit_small/raw/trained_dense/infer_compact/p0/seed0/0d708e2736c7996bdb1bec55590db7e5af7065cdddf0a524ce094eac88574155/diagnostics/cells,76,All registered cases; only selected rendered tensors are rehashed by this exporter.
2302abad3261351acdeed28b76e3730b4267df652da6f6bf60c6968f2efe92b9,cifar10,vit_small,raw,1,dense,compact,0,51013aa13debf7716aa0c9fa9d431e2a16cb1727a003497460469b5e728eaeb4,377d79622b4be5ab780f2cc49d2998ca871c0899b1447524c906a2f2023b28ea,/ceph/sagnihot/projects/Lorena_Contrastive_Representation_Arch/training_dense_testing_sparse/outputs/cases/cifar10/vit_small/raw/trained_dense/infer_compact/p0/seed1/2302abad3261351acdeed28b76e3730b4267df652da6f6bf60c6968f2efe92b9/diagnostics/cells,76,All registered cases; only selected rendered tensors are rehashed by this exporter.
b480926cf01e7b29307e83174ac122a625bf23e2a043c9fb6553922346982946,cifar10,vit_small,raw,2,dense,compact,0,92f9655eb068a90ffb82799f9d4939a1b20fefa95c7967c571e933859172321e,377d79622b4be5ab780f2cc49d2998ca871c0899b1447524c906a2f2023b28ea,/ceph/sagnihot/projects/Lorena_Contrastive_Representation_Arch/training_dense_testing_sparse/outputs/cases/cifar10/vit_small/raw/trained_dense/infer_compact/p0/seed2/b480926cf01e7b29307e83174ac122a625bf23e2a043c9fb6553922346982946/diagnostics/cells,76,All registered cases; only selected rendered tensors are rehashed by this exporter.
5b9d0272f34ccd87a12c0509187837941ba7fb803ddd2fa9acac42a7d751997b,cifar10,vit_small,single_color,0,compact,compact,0,33444dbf27ccf9d09e9bc6815558429934b9b612bf912ef7c263e2fad03e2c1e,566fa577f2da3e50d887e890148fb6bd20f667e8139d6a9b04ca4665f0cb39c3,/ceph/sagnihot/projects/Lorena_Contrastive_Representation_Arch/training_dense_testing_sparse/outputs/cases/cifar10/vit_small/single_color/trained_compact/infer_compact/p0/seed0/5b9d0272f34ccd87a12c0509187837941ba7fb803ddd2fa9acac42a7d751997b/diagnostics/cells,76,All registered cases; only selected rendered tensors are rehashed by this exporter.
bb51e466731e64eca1a55420cd00c8ce5bf684450a3b74df8f345fd9a02a45e5,cifar10,vit_small,single_color,1,compact,compact,0,9c8bd1d942d5eebc735cbfd5c953e9e80365d176a194c9231b43ef9fc509a79c,566fa577f2da3e50d887e890148fb6bd20f667e8139d6a9b04ca4665f0cb39c3,/ceph/sagnihot/projects/Lorena_Contrastive_Representation_Arch/training_dense_testing_sparse/outputs/cases/cifar10/vit_small/single_color/trained_compact/infer_compact/p0/seed1/bb51e466731e64eca1a55420cd00c8ce5bf684450a3b74df8f345fd9a02a45e5/diagnostics/cells,76,All registered cases; only selected rendered tensors are rehashed by this exporter.
3c9cd9566b4553f749078d2cf14ae5b5c6a19533f55493e9d362713850970a72,cifar10,vit_small,single_color,2,compact,compact,0,3fd91e2eda56a286994526f35b5dec72d05b5c1513e50fd3381168829ede49c7,566fa577f2da3e50d887e890148fb6bd20f667e8139d6a9b04ca4665f0cb39c3,/ceph/sagnihot/projects/Lorena_Contrastive_Representation_Arch/training_dense_testing_sparse/outputs/cases/cifar10/vit_small/single_color/trained_compact/infer_compact/p0/seed2/3c9cd9566b4553f749078d2cf14ae5b5c6a19533f55493e9d362713850970a72/diagnostics/cells,76,All registered cases; only selected rendered tensors are rehashed by this exporter.
7b738ce8e4fd35ec161811fcee8de9b4d2aceee767b9c62c18858a79c527817b,cifar10,vit_small,single_color,0,dense,compact,0,9fa97932cb6c84ca661c56235128961714203d1ebfd34d4c9142695a6361bacf,566fa577f2da3e50d887e890148fb6bd20f667e8139d6a9b04ca4665f0cb39c3,/ceph/sagnihot/projects/Lorena_Contrastive_Representation_Arch/training_dense_testing_sparse/outputs/cases/cifar10/vit_small/single_color/trained_dense/infer_compact/p0/seed0/7b738ce8e4fd35ec161811fcee8de9b4d2aceee767b9c62c18858a79c527817b/diagnostics/cells,76,All registered cases; only selected rendered tensors are rehashed by this exporter.
725c39979615197c50add36033b3f39681d04fd3377a6bec24ed60494650ae54,cifar10,vit_small,single_color,1,dense,compact,0,a14ddc5c19aa65cee18f9e67214fec43fad92bbdd3ee9a459ac0341fe3f3731c,566fa577f2da3e50d887e890148fb6bd20f667e8139d6a9b04ca4665f0cb39c3,/ceph/sagnihot/projects/Lorena_Contrastive_Representation_Arch/training_dense_testing_sparse/outputs/cases/cifar10/vit_small/single_color/trained_dense/infer_compact/p0/seed1/725c39979615197c50add36033b3f39681d04fd3377a6bec24ed60494650ae54/diagnostics/cells,76,All registered cases; only selected rendered tensors are rehashed by this exporter.
3151ebb540af31b8278f7ef7a1660e63ad23b1c07df4f0a683d030b32d041bbe,cifar10,vit_small,single_color,2,dense,compact,0,2eeae4368927974e6744ec6a28e73efe04d841b8697a1cbf46ddb4dd42514b7a,566fa577f2da3e50d887e890148fb6bd20f667e8139d6a9b04ca4665f0cb39c3,/ceph/sagnihot/projects/Lorena_Contrastive_Representation_Arch/training_dense_testing_sparse/outputs/cases/cifar10/vit_small/single_color/trained_dense/infer_compact/p0/seed2/3151ebb540af31b8278f7ef7a1660e63ad23b1c07df4f0a683d030b32d041bbe/diagnostics/cells,76,All registered cases; only selected rendered tensors are rehashed by this exporter.
bd970a3a0fe319724a7ca55f0bf8a2bfd8596f2cf636b9c507c76cdd7373446e,mnist,swin_tiny,grayscale,0,compact,compact,0,7b0a41b35e709e34296548f99714540de2cfe6fab7cd6d2b8d8850be56665407,d2362b43edbe82cdc1f7c0323b1a1dd6e6ebb896538140efb20f06e957aed212,/ceph/sagnihot/projects/Lorena_Contrastive_Representation_Arch/training_dense_testing_sparse/outputs/cases/mnist/swin_tiny/grayscale/trained_compact/infer_compact/p0/seed0/bd970a3a0fe319724a7ca55f0bf8a2bfd8596f2cf636b9c507c76cdd7373446e/diagnostics/cells,16,All registered cases; only selected rendered tensors are rehashed by this exporter.
2db413ac63289eed2a011bbede462feb8eba20df9ca910178e9fdc607eb1ecd5,mnist,swin_tiny,grayscale,1,compact,compact,0,27834ca7879cdcbc657227d83ee6209161fc84b956f9fc30765d0b5f59e7f707,d2362b43edbe82cdc1f7c0323b1a1dd6e6ebb896538140efb20f06e957aed212,/ceph/sagnihot/projects/Lorena_Contrastive_Representation_Arch/training_dense_testing_sparse/outputs/cases/mnist/swin_tiny/grayscale/trained_compact/infer_compact/p0/seed1/2db413ac63289eed2a011bbede462feb8eba20df9ca910178e9fdc607eb1ecd5/diagnostics/cells,16,All registered cases; only selected rendered tensors are rehashed by this exporter.
03172923546a2aebd7a7ce196088e60895ca2bc429478739d9fcf4cd36f2fa1d,mnist,swin_tiny,grayscale,2,compact,compact,0,984f081ec99d3e4bbdd3bdec162111e3b71fd5987938caf8959881f15ccd05d4,d2362b43edbe82cdc1f7c0323b1a1dd6e6ebb896538140efb20f06e957aed212,/ceph/sagnihot/projects/Lorena_Contrastive_Representation_Arch/training_dense_testing_sparse/outputs/cases/mnist/swin_tiny/grayscale/trained_compact/infer_compact/p0/seed2/03172923546a2aebd7a7ce196088e60895ca2bc429478739d9fcf4cd36f2fa1d/diagnostics/cells,16,All registered cases; only selected rendered tensors are rehashed by this exporter.
f68781dcf865d2910a2335d6fdd43b51a3879a890e9cf9a30f89a30ba63293d2,mnist,swin_tiny,grayscale,0,dense,compact,0,473ed25a586e0ea8fb93e4fadfcfd4e7e18bde623e0f22701c184b2da680520b,d2362b43edbe82cdc1f7c0323b1a1dd6e6ebb896538140efb20f06e957aed212,/ceph/sagnihot/projects/Lorena_Contrastive_Representation_Arch/training_dense_testing_sparse/outputs/cases/mnist/swin_tiny/grayscale/trained_dense/infer_compact/p0/seed0/f68781dcf865d2910a2335d6fdd43b51a3879a890e9cf9a30f89a30ba63293d2/diagnostics/cells,16,All registered cases; only selected rendered tensors are rehashed by this exporter.
3ce0428ad4622fff2ff22d18a8d7bd615b9485c294517b5860383fd6e5a11671,mnist,swin_tiny,grayscale,1,dense,compact,0,3c122f0fd1faf70a5670d3c6526b0c7197dc73ded514139a3796e6045a6fb776,d2362b43edbe82cdc1f7c0323b1a1dd6e6ebb896538140efb20f06e957aed212,/ceph/sagnihot/projects/Lorena_Contrastive_Representation_Arch/training_dense_testing_sparse/outputs/cases/mnist/swin_tiny/grayscale/trained_dense/infer_compact/p0/seed1/3ce0428ad4622fff2ff22d18a8d7bd615b9485c294517b5860383fd6e5a11671/diagnostics/cells,16,All registered cases; only selected rendered tensors are rehashed by this exporter.
ba76899472cd74c3b22d4029d841beceea33acddebf48d30525110a53766e915,mnist,swin_tiny,grayscale,2,dense,compact,0,b0393e9d1c0e15b51559e628483e2ed496574409f6794199f61ad346d461af16,d2362b43edbe82cdc1f7c0323b1a1dd6e6ebb896538140efb20f06e957aed212,/ceph/sagnihot/projects/Lorena_Contrastive_Representation_Arch/training_dense_testing_sparse/outputs/cases/mnist/swin_tiny/grayscale/trained_dense/infer_compact/p0/seed2/ba76899472cd74c3b22d4029d841beceea33acddebf48d30525110a53766e915/diagnostics/cells,16,All registered cases; only selected rendered tensors are rehashed by this exporter.
1d5fc38aeefac15628170300ebb4c4614516f9eb1e6bd19eb72f83ac63d9c04e,mnist,swin_tiny,raw,0,dense,compact,0,4f4de1c96ce3171d528465ea583fe366ccbf1eeed9fc126ed5b29d61cc878836,74be2eb7180e855812c6b42276b2aafb6baf921a0ade2ec0d172dbb4ef69d3d7,/ceph/sagnihot/projects/Lorena_Contrastive_Representation_Arch/training_dense_testing_sparse/outputs/cases/mnist/swin_tiny/raw/trained_dense/infer_compact/p0/seed0/1d5fc38aeefac15628170300ebb4c4614516f9eb1e6bd19eb72f83ac63d9c04e/diagnostics/cells,16,All registered cases; only selected rendered tensors are rehashed by this exporter.
b36a2233b4dce299070fbe118c5e8c735f25b53abf457ed513e6a397c6a0ccd8,mnist,swin_tiny,raw,1,dense,compact,0,485f892a847b6dbcfdab4e13b46349e10ca7e3c0d81810dc50d69b0ada0c05f0,74be2eb7180e855812c6b42276b2aafb6baf921a0ade2ec0d172dbb4ef69d3d7,/ceph/sagnihot/projects/Lorena_Contrastive_Representation_Arch/training_dense_testing_sparse/outputs/cases/mnist/swin_tiny/raw/trained_dense/infer_compact/p0/seed1/b36a2233b4dce299070fbe118c5e8c735f25b53abf457ed513e6a397c6a0ccd8/diagnostics/cells,16,All registered cases; only selected rendered tensors are rehashed by this exporter.
160e0fbc1ca7cbf396c461f25843f706c1be2c1f93aaf79e076f115a39784427,mnist,swin_tiny,raw,2,dense,compact,0,dc141a26cd438bb05b5097a229bc10b348f6a1d7cb9696567fc85afbb8440cbe,74be2eb7180e855812c6b42276b2aafb6baf921a0ade2ec0d172dbb4ef69d3d7,/ceph/sagnihot/projects/Lorena_Contrastive_Representation_Arch/training_dense_testing_sparse/outputs/cases/mnist/swin_tiny/raw/trained_dense/infer_compact/p0/seed2/160e0fbc1ca7cbf396c461f25843f706c1be2c1f93aaf79e076f115a39784427/diagnostics/cells,16,All registered cases; only selected rendered tensors are rehashed by this exporter.
7f8b49f49d155841ebc264420dd9cfc1523e5502574d5e3fd57764b3266595e1,mnist,vit_small,grayscale,0,compact,compact,0,168dfdf4b1e77bdf998c5fcf65999cf6fb4a4b0c58b19ed9d0679fbe3a50e918,d2362b43edbe82cdc1f7c0323b1a1dd6e6ebb896538140efb20f06e957aed212,/ceph/sagnihot/projects/Lorena_Contrastive_Representation_Arch/training_dense_testing_sparse/outputs/cases/mnist/vit_small/grayscale/trained_compact/infer_compact/p0/seed0/7f8b49f49d155841ebc264420dd9cfc1523e5502574d5e3fd57764b3266595e1/diagnostics/cells,16,All registered cases; only selected rendered tensors are rehashed by this exporter.
6b0a68e26d97b1df3e91b58dc3eea545916eeaa225ab0dca4d48ec606e6979c6,mnist,vit_small,grayscale,1,compact,compact,0,bf2631dda7d9d271b18b8e9867cd79e4cb599f961d1d13de860454d586357601,d2362b43edbe82cdc1f7c0323b1a1dd6e6ebb896538140efb20f06e957aed212,/ceph/sagnihot/projects/Lorena_Contrastive_Representation_Arch/training_dense_testing_sparse/outputs/cases/mnist/vit_small/grayscale/trained_compact/infer_compact/p0/seed1/6b0a68e26d97b1df3e91b58dc3eea545916eeaa225ab0dca4d48ec606e6979c6/diagnostics/cells,16,All registered cases; only selected rendered tensors are rehashed by this exporter.
cdf2e28e3ace454e211a1e96a2c42e152fe1c1422d12207a3a6e0a51f4b81cd7,mnist,vit_small,grayscale,2,compact,compact,0,d40eaf4227e611b4235f679e1f5b2f9f68901fb6a89907585a7aca9162a6769c,d2362b43edbe82cdc1f7c0323b1a1dd6e6ebb896538140efb20f06e957aed212,/ceph/sagnihot/projects/Lorena_Contrastive_Representation_Arch/training_dense_testing_sparse/outputs/cases/mnist/vit_small/grayscale/trained_compact/infer_compact/p0/seed2/cdf2e28e3ace454e211a1e96a2c42e152fe1c1422d12207a3a6e0a51f4b81cd7/diagnostics/cells,16,All registered cases; only selected rendered tensors are rehashed by this exporter.
30686a396ab6f7f9f854aba86ce6fd7283e1423fe9c264c6acbf329d6cbbc968,mnist,vit_small,grayscale,0,dense,compact,0,1febb833c97989dec964ce4247d5bb9f7f212d0d0ffea0016b5b7d6ef9e061db,d2362b43edbe82cdc1f7c0323b1a1dd6e6ebb896538140efb20f06e957aed212,/ceph/sagnihot/projects/Lorena_Contrastive_Representation_Arch/training_dense_testing_sparse/outputs/cases/mnist/vit_small/grayscale/trained_dense/infer_compact/p0/seed0/30686a396ab6f7f9f854aba86ce6fd7283e1423fe9c264c6acbf329d6cbbc968/diagnostics/cells,16,All registered cases; only selected rendered tensors are rehashed by this exporter.
50f8a35a1fcdbfef4310ac092124e9ee553e603f51ab47185e549f3f5150eaa7,mnist,vit_small,grayscale,1,dense,compact,0,10a1c020e268e60f92a50cb1a938f7e478078107b9a7dd5bcd30e3f36dd50ae6,d2362b43edbe82cdc1f7c0323b1a1dd6e6ebb896538140efb20f06e957aed212,/ceph/sagnihot/projects/Lorena_Contrastive_Representation_Arch/training_dense_testing_sparse/outputs/cases/mnist/vit_small/grayscale/trained_dense/infer_compact/p0/seed1/50f8a35a1fcdbfef4310ac092124e9ee553e603f51ab47185e549f3f5150eaa7/diagnostics/cells,16,All registered cases; only selected rendered tensors are rehashed by this exporter.
0ba6f5ea1e365da7ffcd24e7ec769410cd0ca7abb798d46e32197844ab5a720c,mnist,vit_small,grayscale,2,dense,compact,0,04b23e1d894d5cd0ffacd122ef55cc5578fe60d76fbf71286f07dceb0d27c789,d2362b43edbe82cdc1f7c0323b1a1dd6e6ebb896538140efb20f06e957aed212,/ceph/sagnihot/projects/Lorena_Contrastive_Representation_Arch/training_dense_testing_sparse/outputs/cases/mnist/vit_small/grayscale/trained_dense/infer_compact/p0/seed2/0ba6f5ea1e365da7ffcd24e7ec769410cd0ca7abb798d46e32197844ab5a720c/diagnostics/cells,16,All registered cases; only selected rendered tensors are rehashed by this exporter.
8a90f9400de0a30055cbae4e87dae57815bc42cfe9cc08a6c0549e5eb586dcf4,mnist,vit_small,raw,0,dense,compact,0,3db92cbcafbbc2751e66333d710ad6f6ab62881147312fbf9142265b64fd326b,74be2eb7180e855812c6b42276b2aafb6baf921a0ade2ec0d172dbb4ef69d3d7,/ceph/sagnihot/projects/Lorena_Contrastive_Representation_Arch/training_dense_testing_sparse/outputs/cases/mnist/vit_small/raw/trained_dense/infer_compact/p0/seed0/8a90f9400de0a30055cbae4e87dae57815bc42cfe9cc08a6c0549e5eb586dcf4/diagnostics/cells,16,All registered cases; only selected rendered tensors are rehashed by this exporter.
035e38ca1dd712f0ec01c4e7bbafb00bd0b0fdeac1e77875e9c8a0259b6a1d13,mnist,vit_small,raw,1,dense,compact,0,acbec74b30d2bb2dbba09b75e00a22ce88387ed47cb09fa6403be759a89ac248,74be2eb7180e855812c6b42276b2aafb6baf921a0ade2ec0d172dbb4ef69d3d7,/ceph/sagnihot/projects/Lorena_Contrastive_Representation_Arch/training_dense_testing_sparse/outputs/cases/mnist/vit_small/raw/trained_dense/infer_compact/p0/seed1/035e38ca1dd712f0ec01c4e7bbafb00bd0b0fdeac1e77875e9c8a0259b6a1d13/diagnostics/cells,16,All registered cases; only selected rendered tensors are rehashed by this exporter.
bcd72f18c873d61fca2d79ea98efa2e59abdfd6bad1c6008e53a778cfedec07e,mnist,vit_small,raw,2,dense,compact,0,63bb2214a8ab262e48865109fcf46769e97d9659bc9e8d3557e8cd23394adc56,74be2eb7180e855812c6b42276b2aafb6baf921a0ade2ec0d172dbb4ef69d3d7,/ceph/sagnihot/projects/Lorena_Contrastive_Representation_Arch/training_dense_testing_sparse/outputs/cases/mnist/vit_small/raw/trained_dense/infer_compact/p0/seed2/bcd72f18c873d61fca2d79ea98efa2e59abdfd6bad1c6008e53a778cfedec07e/diagnostics/cells,16,All registered cases; only selected rendered tensors are rehashed by this exporter.
0767c62a44a832398f53cd95e59762b10804b19ccdc3d3d5786597c5c2950c0e,cifar10,swin_tiny,color_opponency,0,compact,compact,10,a1588df6cc4aa446ef6729c07ec425d9f89c93cfbeb71b723f0b336b231ea48d,421a6c555b0de148ccc8177f266f90a3075af88135876e49829b120b02b133b6,/ceph/sagnihot/projects/Lorena_Contrastive_Representation_Arch/training_dense_testing_sparse/outputs/cases/cifar10/swin_tiny/color_opponency/trained_compact/infer_compact/p10/seed0/0767c62a44a832398f53cd95e59762b10804b19ccdc3d3d5786597c5c2950c0e/diagnostics/cells,76,All registered cases; only selected rendered tensors are rehashed by this exporter.
a0a2c8c66a75078a9e8c3afdd0a2b40d041be6c45f3abff016cf97b069164260,cifar10,swin_tiny,color_opponency,1,compact,compact,10,238361a79e91c52e2fd36d712b98e970b6286e5316b2293833aade616d11c014,421a6c555b0de148ccc8177f266f90a3075af88135876e49829b120b02b133b6,/ceph/sagnihot/projects/Lorena_Contrastive_Representation_Arch/training_dense_testing_sparse/outputs/cases/cifar10/swin_tiny/color_opponency/trained_compact/infer_compact/p10/seed1/a0a2c8c66a75078a9e8c3afdd0a2b40d041be6c45f3abff016cf97b069164260/diagnostics/cells,76,All registered cases; only selected rendered tensors are rehashed by this exporter.
1389342378c46900b0b55091288f4859c0bc01f8c2bdffefdc56ea4d837a6d1d,cifar10,swin_tiny,color_opponency,2,compact,compact,10,7858973d124027dfd76efc8522165b34da42f801109350bfe9edf5588b99ca59,421a6c555b0de148ccc8177f266f90a3075af88135876e49829b120b02b133b6,/ceph/sagnihot/projects/Lorena_Contrastive_Representation_Arch/training_dense_testing_sparse/outputs/cases/cifar10/swin_tiny/color_opponency/trained_compact/infer_compact/p10/seed2/1389342378c46900b0b55091288f4859c0bc01f8c2bdffefdc56ea4d837a6d1d/diagnostics/cells,76,All registered cases; only selected rendered tensors are rehashed by this exporter.
edcad89cfa7711bfd837255d96c54e1383d9d438c662625792715f28d6c4928a,cifar10,swin_tiny,color_opponency,0,dense,compact,10,fab9441233ae76a1b48e0b353942c30293499e8a2d4c2e9c062d73159e012032,421a6c555b0de148ccc8177f266f90a3075af88135876e49829b120b02b133b6,/ceph/sagnihot/projects/Lorena_Contrastive_Representation_Arch/training_dense_testing_sparse/outputs/cases/cifar10/swin_tiny/color_opponency/trained_dense/infer_compact/p10/seed0/edcad89cfa7711bfd837255d96c54e1383d9d438c662625792715f28d6c4928a/diagnostics/cells,76,All registered cases; only selected rendered tensors are rehashed by this exporter.
3942ef3bd0922a447586239b97b16ed32a68e762c7a47018b47c1fd00c602a32,cifar10,swin_tiny,color_opponency,1,dense,compact,10,3a8d2f76403887b48ba87e6c04a928670d9aaf4079d21ba7ad87d5b9f491eeee,421a6c555b0de148ccc8177f266f90a3075af88135876e49829b120b02b133b6,/ceph/sagnihot/projects/Lorena_Contrastive_Representation_Arch/training_dense_testing_sparse/outputs/cases/cifar10/swin_tiny/color_opponency/trained_dense/infer_compact/p10/seed1/3942ef3bd0922a447586239b97b16ed32a68e762c7a47018b47c1fd00c602a32/diagnostics/cells,76,All registered cases; only selected rendered tensors are rehashed by this exporter.
a6e3fb29b275800b21c63746d7b58ef83c8a15b8066260b02371d1a39552cfa3,cifar10,swin_tiny,color_opponency,2,dense,compact,10,70c047f178a68005810241c0e1315e68c21862bbc6485b102471e834d04345eb,421a6c555b0de148ccc8177f266f90a3075af88135876e49829b120b02b133b6,/ceph/sagnihot/projects/Lorena_Contrastive_Representation_Arch/training_dense_testing_sparse/outputs/cases/cifar10/swin_tiny/color_opponency/trained_dense/infer_compact/p10/seed2/a6e3fb29b275800b21c63746d7b58ef83c8a15b8066260b02371d1a39552cfa3/diagnostics/cells,76,All registered cases; only selected rendered tensors are rehashed by this exporter.
61be2dea53d1d4520646904ff1ace80eafd04a9b8a1ad3499e6e40fdfb4f619e,cifar10,swin_tiny,grayscale,0,compact,compact,10,71871ed8857981958b2a6b9df5f131d33fe3c006b362f05353a506a36ed60600,1047af87909095c2ee60f41793d839c504320f3b8ce40bf1751007d9ebe36dec,/ceph/sagnihot/projects/Lorena_Contrastive_Representation_Arch/training_dense_testing_sparse/outputs/cases/cifar10/swin_tiny/grayscale/trained_compact/infer_compact/p10/seed0/61be2dea53d1d4520646904ff1ace80eafd04a9b8a1ad3499e6e40fdfb4f619e/diagnostics/cells,76,All registered cases; only selected rendered tensors are rehashed by this exporter.
ee954f1db2a4d764d4f0ae99d19a3839df326ab279396260c0365b84c1fd0acc,cifar10,swin_tiny,grayscale,1,compact,compact,10,13220bfdc33c9cf4650dd73e3a4527dfa123dcc569d5483e392ee4d87a3a871e,1047af87909095c2ee60f41793d839c504320f3b8ce40bf1751007d9ebe36dec,/ceph/sagnihot/projects/Lorena_Contrastive_Representation_Arch/training_dense_testing_sparse/outputs/cases/cifar10/swin_tiny/grayscale/trained_compact/infer_compact/p10/seed1/ee954f1db2a4d764d4f0ae99d19a3839df326ab279396260c0365b84c1fd0acc/diagnostics/cells,76,All registered cases; only selected rendered tensors are rehashed by this exporter.
bc9bc4ebd8c62604c86370240da69ee7cbdae6c76dc394ecf18ed0c008c480b6,cifar10,swin_tiny,grayscale,2,compact,compact,10,4138089fb907e02402ec0525f2bfcd503a06886e3b15de2814ef80480df2552b,1047af87909095c2ee60f41793d839c504320f3b8ce40bf1751007d9ebe36dec,/ceph/sagnihot/projects/Lorena_Contrastive_Representation_Arch/training_dense_testing_sparse/outputs/cases/cifar10/swin_tiny/grayscale/trained_compact/infer_compact/p10/seed2/bc9bc4ebd8c62604c86370240da69ee7cbdae6c76dc394ecf18ed0c008c480b6/diagnostics/cells,76,All registered cases; only selected rendered tensors are rehashed by this exporter.
73f52b5fbe6a3b6cc1ad72f430cb65a9ccfdba3f694eedd6a0a3a1c508cea269,cifar10,swin_tiny,grayscale,0,dense,compact,10,6044ca36b20c6e4930631bf254bbc49c2a6d007c28c6dad2e64d93d48d9ee944,1047af87909095c2ee60f41793d839c504320f3b8ce40bf1751007d9ebe36dec,/ceph/sagnihot/projects/Lorena_Contrastive_Representation_Arch/training_dense_testing_sparse/outputs/cases/cifar10/swin_tiny/grayscale/trained_dense/infer_compact/p10/seed0/73f52b5fbe6a3b6cc1ad72f430cb65a9ccfdba3f694eedd6a0a3a1c508cea269/diagnostics/cells,76,All registered cases; only selected rendered tensors are rehashed by this exporter.
a641dcfeac0aae6f2e43ff0f374135608d19a9b17e5dd6b7299aa6300a5c4e54,cifar10,swin_tiny,grayscale,1,dense,compact,10,66b93a8751c67cb83a6b47d4ebe6c227e04004542fa77f67b1aa4696492cbb12,1047af87909095c2ee60f41793d839c504320f3b8ce40bf1751007d9ebe36dec,/ceph/sagnihot/projects/Lorena_Contrastive_Representation_Arch/training_dense_testing_sparse/outputs/cases/cifar10/swin_tiny/grayscale/trained_dense/infer_compact/p10/seed1/a641dcfeac0aae6f2e43ff0f374135608d19a9b17e5dd6b7299aa6300a5c4e54/diagnostics/cells,76,All registered cases; only selected rendered tensors are rehashed by this exporter.
dfb3a8172beae8d5a6e65e39d19c75598df15d9658598b5ec9d6b4a3be0ce581,cifar10,swin_tiny,grayscale,2,dense,compact,10,2a3b7de47f7c3116c9ed4e26109dc713938f3a63e2267a4668905554b979f39b,1047af87909095c2ee60f41793d839c504320f3b8ce40bf1751007d9ebe36dec,/ceph/sagnihot/projects/Lorena_Contrastive_Representation_Arch/training_dense_testing_sparse/outputs/cases/cifar10/swin_tiny/grayscale/trained_dense/infer_compact/p10/seed2/dfb3a8172beae8d5a6e65e39d19c75598df15d9658598b5ec9d6b4a3be0ce581/diagnostics/cells,76,All registered cases; only selected rendered tensors are rehashed by this exporter.
3b124e8157f3c494a0bb6f97aab66397a085f82781401252e97a6c4976fa805b,cifar10,swin_tiny,raw,0,dense,compact,10,3292edaad6d1f81f87a8b508f23007e265f1506e12d81c7b47715ededb9a6546,377d79622b4be5ab780f2cc49d2998ca871c0899b1447524c906a2f2023b28ea,/ceph/sagnihot/projects/Lorena_Contrastive_Representation_Arch/training_dense_testing_sparse/outputs/cases/cifar10/swin_tiny/raw/trained_dense/infer_compact/p10/seed0/3b124e8157f3c494a0bb6f97aab66397a085f82781401252e97a6c4976fa805b/diagnostics/cells,76,All registered cases; only selected rendered tensors are rehashed by this exporter.
d8f5862ebe5fe7d0282caed48b3ce4132f8e382d677571b1ae4ab2e9468f3917,cifar10,swin_tiny,raw,1,dense,compact,10,fe659f7e7cc2bcded57c75ed5272930ea1d37c77549aaf2b6da6e7cb4dbf548b,377d79622b4be5ab780f2cc49d2998ca871c0899b1447524c906a2f2023b28ea,/ceph/sagnihot/projects/Lorena_Contrastive_Representation_Arch/training_dense_testing_sparse/outputs/cases/cifar10/swin_tiny/raw/trained_dense/infer_compact/p10/seed1/d8f5862ebe5fe7d0282caed48b3ce4132f8e382d677571b1ae4ab2e9468f3917/diagnostics/cells,76,All registered cases; only selected rendered tensors are rehashed by this exporter.
3f401a8d82396b379438939d7d5f31dd603f28cbc31c1846d841205ff7c140bc,cifar10,swin_tiny,raw,2,dense,compact,10,c0d05e70330b2102f46e929b2604e920636f02760a2b7ccac6c5cbb3b9b9012e,377d79622b4be5ab780f2cc49d2998ca871c0899b1447524c906a2f2023b28ea,/ceph/sagnihot/projects/Lorena_Contrastive_Representation_Arch/training_dense_testing_sparse/outputs/cases/cifar10/swin_tiny/raw/trained_dense/infer_compact/p10/seed2/3f401a8d82396b379438939d7d5f31dd603f28cbc31c1846d841205ff7c140bc/diagnostics/cells,76,All registered cases; only selected rendered tensors are rehashed by this exporter.
20efd71ae1297b6e85931da455655bcd2470db573910c99c1ddb998b432ae229,cifar10,swin_tiny,single_color,0,compact,compact,10,bb46a33dc8b69af65d8ca279b87ff17d18ff06059ac0030c0397ad03669c839c,566fa577f2da3e50d887e890148fb6bd20f667e8139d6a9b04ca4665f0cb39c3,/ceph/sagnihot/projects/Lorena_Contrastive_Representation_Arch/training_dense_testing_sparse/outputs/cases/cifar10/swin_tiny/single_color/trained_compact/infer_compact/p10/seed0/20efd71ae1297b6e85931da455655bcd2470db573910c99c1ddb998b432ae229/diagnostics/cells,76,All registered cases; only selected rendered tensors are rehashed by this exporter.
5ba1c6e21d2267b4265fae7774c134a7980edd6764fe054202f72a3478e65085,cifar10,swin_tiny,single_color,1,compact,compact,10,b09d4231758cdc5f742a95c959b174a73f72e7eb7b5430e9f522d4a83a67b028,566fa577f2da3e50d887e890148fb6bd20f667e8139d6a9b04ca4665f0cb39c3,/ceph/sagnihot/projects/Lorena_Contrastive_Representation_Arch/training_dense_testing_sparse/outputs/cases/cifar10/swin_tiny/single_color/trained_compact/infer_compact/p10/seed1/5ba1c6e21d2267b4265fae7774c134a7980edd6764fe054202f72a3478e65085/diagnostics/cells,76,All registered cases; only selected rendered tensors are rehashed by this exporter.
9cb403be2a8c89398a089eb8531a6f76cc09fb51a66758e77d5b3ebd702b2b49,cifar10,swin_tiny,single_color,2,compact,compact,10,54da0e293091a1938bc82ea8a6cabeabbb55debd9fdfcc96b5b795b3667b91f4,566fa577f2da3e50d887e890148fb6bd20f667e8139d6a9b04ca4665f0cb39c3,/ceph/sagnihot/projects/Lorena_Contrastive_Representation_Arch/training_dense_testing_sparse/outputs/cases/cifar10/swin_tiny/single_color/trained_compact/infer_compact/p10/seed2/9cb403be2a8c89398a089eb8531a6f76cc09fb51a66758e77d5b3ebd702b2b49/diagnostics/cells,76,All registered cases; only selected rendered tensors are rehashed by this exporter.
356a45507d83923eba6fda1eeea71515df81ef28ca81a52124a6a882ee26b476,cifar10,swin_tiny,single_color,0,dense,compact,10,74fce3b1d058b6cf57055516ceb85d442b7674eddb8950f5244b3a22cc35862f,566fa577f2da3e50d887e890148fb6bd20f667e8139d6a9b04ca4665f0cb39c3,/ceph/sagnihot/projects/Lorena_Contrastive_Representation_Arch/training_dense_testing_sparse/outputs/cases/cifar10/swin_tiny/single_color/trained_dense/infer_compact/p10/seed0/356a45507d83923eba6fda1eeea71515df81ef28ca81a52124a6a882ee26b476/diagnostics/cells,76,All registered cases; only selected rendered tensors are rehashed by this exporter.
9339eb7f6df9ee70243fcecedc288c6a98ca60534a0dff4ad2c6ebe7db6f7dcc,cifar10,swin_tiny,single_color,1,dense,compact,10,b7af9c2326beb1db7fc4aba06b867583770ebfc6e2869cb6193ee752cc81fb63,566fa577f2da3e50d887e890148fb6bd20f667e8139d6a9b04ca4665f0cb39c3,/ceph/sagnihot/projects/Lorena_Contrastive_Representation_Arch/training_dense_testing_sparse/outputs/cases/cifar10/swin_tiny/single_color/trained_dense/infer_compact/p10/seed1/9339eb7f6df9ee70243fcecedc288c6a98ca60534a0dff4ad2c6ebe7db6f7dcc/diagnostics/cells,76,All registered cases; only selected rendered tensors are rehashed by this exporter.
7a9f85f0650ad8373ee6a59c8d6b8bc565e47a7817431497e9917aaf92298954,cifar10,swin_tiny,single_color,2,dense,compact,10,9af4c0f5bd726b176994f562d5b5b3f4e326392003f27ce9b795221daa4a186e,566fa577f2da3e50d887e890148fb6bd20f667e8139d6a9b04ca4665f0cb39c3,/ceph/sagnihot/projects/Lorena_Contrastive_Representation_Arch/training_dense_testing_sparse/outputs/cases/cifar10/swin_tiny/single_color/trained_dense/infer_compact/p10/seed2/7a9f85f0650ad8373ee6a59c8d6b8bc565e47a7817431497e9917aaf92298954/diagnostics/cells,76,All registered cases; only selected rendered tensors are rehashed by this exporter.
c3a0f2c2ca9c32e45029f292373150d5cde6966c761c8c36ba96dc51b4c1a4e2,cifar10,vit_small,color_opponency,0,compact,compact,10,37de2ec99f0e84cc52750431e5e654b4c4548ea78d057a8d1e9f8503629dde4d,421a6c555b0de148ccc8177f266f90a3075af88135876e49829b120b02b133b6,/ceph/sagnihot/projects/Lorena_Contrastive_Representation_Arch/training_dense_testing_sparse/outputs/cases/cifar10/vit_small/color_opponency/trained_compact/infer_compact/p10/seed0/c3a0f2c2ca9c32e45029f292373150d5cde6966c761c8c36ba96dc51b4c1a4e2/diagnostics/cells,76,All registered cases; only selected rendered tensors are rehashed by this exporter.
785594ca2c04ae3a5571b02557571146341f01e4f2461d14509d76189344b71d,cifar10,vit_small,color_opponency,1,compact,compact,10,cc6c4ff852a89054d605a64dc0da897019275dfbee1773e7b12502eea47dc741,421a6c555b0de148ccc8177f266f90a3075af88135876e49829b120b02b133b6,/ceph/sagnihot/projects/Lorena_Contrastive_Representation_Arch/training_dense_testing_sparse/outputs/cases/cifar10/vit_small/color_opponency/trained_compact/infer_compact/p10/seed1/785594ca2c04ae3a5571b02557571146341f01e4f2461d14509d76189344b71d/diagnostics/cells,76,All registered cases; only selected rendered tensors are rehashed by this exporter.
90cce3d88e10f552361f1f19b507686b156f55ab304f2e0d4b07dc4bb958b8b7,cifar10,vit_small,color_opponency,2,compact,compact,10,256c9aba780e83006c9b4051eb71e7675e73ec3353ddf4c9b36cc6d6a8f81b13,421a6c555b0de148ccc8177f266f90a3075af88135876e49829b120b02b133b6,/ceph/sagnihot/projects/Lorena_Contrastive_Representation_Arch/training_dense_testing_sparse/outputs/cases/cifar10/vit_small/color_opponency/trained_compact/infer_compact/p10/seed2/90cce3d88e10f552361f1f19b507686b156f55ab304f2e0d4b07dc4bb958b8b7/diagnostics/cells,76,All registered cases; only selected rendered tensors are rehashed by this exporter.
852dc3d2c0c0028300e2ef6a43001f381ec3a094283ba34ffb57537a585acd3d,cifar10,vit_small,color_opponency,0,dense,compact,10,6ac6ab6efa8fe9667b6cfec2b439c1a483d484602b0dfdb7f1697805bfb32d49,421a6c555b0de148ccc8177f266f90a3075af88135876e49829b120b02b133b6,/ceph/sagnihot/projects/Lorena_Contrastive_Representation_Arch/training_dense_testing_sparse/outputs/cases/cifar10/vit_small/color_opponency/trained_dense/infer_compact/p10/seed0/852dc3d2c0c0028300e2ef6a43001f381ec3a094283ba34ffb57537a585acd3d/diagnostics/cells,76,All registered cases; only selected rendered tensors are rehashed by this exporter.
af96b77193208cecedc8dd8fdddc5f1d1b22d600be4f4b6f293883ee5576c92b,cifar10,vit_small,color_opponency,1,dense,compact,10,68d86b6eaac4b9181759fdf74d2ba1e58dec9a64c6c46a337f12d54d2ef69294,421a6c555b0de148ccc8177f266f90a3075af88135876e49829b120b02b133b6,/ceph/sagnihot/projects/Lorena_Contrastive_Representation_Arch/training_dense_testing_sparse/outputs/cases/cifar10/vit_small/color_opponency/trained_dense/infer_compact/p10/seed1/af96b77193208cecedc8dd8fdddc5f1d1b22d600be4f4b6f293883ee5576c92b/diagnostics/cells,76,All registered cases; only selected rendered tensors are rehashed by this exporter.
d7785d80f9f784093ee2246cd24a9370dc15f75a0871ce58c2ba7b92914e108e,cifar10,vit_small,color_opponency,2,dense,compact,10,5996a511e29f768e94b52050b63e86d5c734908cfb89f071a0215dee0cf9ac41,421a6c555b0de148ccc8177f266f90a3075af88135876e49829b120b02b133b6,/ceph/sagnihot/projects/Lorena_Contrastive_Representation_Arch/training_dense_testing_sparse/outputs/cases/cifar10/vit_small/color_opponency/trained_dense/infer_compact/p10/seed2/d7785d80f9f784093ee2246cd24a9370dc15f75a0871ce58c2ba7b92914e108e/diagnostics/cells,76,All registered cases; only selected rendered tensors are rehashed by this exporter.
20a08815bc54d7b4087cb4c53157f0ebff74f4ee7f63fd08d42e2fe93b521175,cifar10,vit_small,grayscale,0,compact,compact,10,5525bb3230ca1bd20fbb778be4c121a9cfef3bd270f0e4dae5015b2878d97c09,1047af87909095c2ee60f41793d839c504320f3b8ce40bf1751007d9ebe36dec,/ceph/sagnihot/projects/Lorena_Contrastive_Representation_Arch/training_dense_testing_sparse/outputs/cases/cifar10/vit_small/grayscale/trained_compact/infer_compact/p10/seed0/20a08815bc54d7b4087cb4c53157f0ebff74f4ee7f63fd08d42e2fe93b521175/diagnostics/cells,76,All registered cases; only selected rendered tensors are rehashed by this exporter.
490aef265e90db508c2c4eb2621618e7646cae8bb15f6427790e137a850a5a17,cifar10,vit_small,grayscale,1,compact,compact,10,732d4a2c3a1c116592563e0a1d8079371f809743798db06af2996f6171bb5f8e,1047af87909095c2ee60f41793d839c504320f3b8ce40bf1751007d9ebe36dec,/ceph/sagnihot/projects/Lorena_Contrastive_Representation_Arch/training_dense_testing_sparse/outputs/cases/cifar10/vit_small/grayscale/trained_compact/infer_compact/p10/seed1/490aef265e90db508c2c4eb2621618e7646cae8bb15f6427790e137a850a5a17/diagnostics/cells,76,All registered cases; only selected rendered tensors are rehashed by this exporter.
fb6344a5eb542f2b18178a1482e40182ada5619385bd5acb85619242be8dee23,cifar10,vit_small,grayscale,2,compact,compact,10,419b5bb3a9a427d926a6310430e09d188260807d9d1dad2bd5df3489496b119c,1047af87909095c2ee60f41793d839c504320f3b8ce40bf1751007d9ebe36dec,/ceph/sagnihot/projects/Lorena_Contrastive_Representation_Arch/training_dense_testing_sparse/outputs/cases/cifar10/vit_small/grayscale/trained_compact/infer_compact/p10/seed2/fb6344a5eb542f2b18178a1482e40182ada5619385bd5acb85619242be8dee23/diagnostics/cells,76,All registered cases; only selected rendered tensors are rehashed by this exporter.
a40cb434893059df82539bc521cafdf6f454d0d5211ed00988bf8cd193588144,cifar10,vit_small,grayscale,0,dense,compact,10,b63dea18ba04ebec90aa387b94608ae909f9951b5f93072d2366e170a7e899a5,1047af87909095c2ee60f41793d839c504320f3b8ce40bf1751007d9ebe36dec,/ceph/sagnihot/projects/Lorena_Contrastive_Representation_Arch/training_dense_testing_sparse/outputs/cases/cifar10/vit_small/grayscale/trained_dense/infer_compact/p10/seed0/a40cb434893059df82539bc521cafdf6f454d0d5211ed00988bf8cd193588144/diagnostics/cells,76,All registered cases; only selected rendered tensors are rehashed by this exporter.
42b237136c604d59f7361388ea19401508550507c6919d14ea896252bb6f169f,cifar10,vit_small,grayscale,1,dense,compact,10,b0ee16f423c590c7b2825b45a2197bc867f6dc9afd6aafdf9bd17b05322b1253,1047af87909095c2ee60f41793d839c504320f3b8ce40bf1751007d9ebe36dec,/ceph/sagnihot/projects/Lorena_Contrastive_Representation_Arch/training_dense_testing_sparse/outputs/cases/cifar10/vit_small/grayscale/trained_dense/infer_compact/p10/seed1/42b237136c604d59f7361388ea19401508550507c6919d14ea896252bb6f169f/diagnostics/cells,76,All registered cases; only selected rendered tensors are rehashed by this exporter.
7a468df5417d7d3950f1f9e49c91042979e4c5fbb42b913ac3ba45c6f2033f36,cifar10,vit_small,grayscale,2,dense,compact,10,7babc96121d5f89850cbcc509af4ec2f9ce5f8ca5fa941133ff06758c159091f,1047af87909095c2ee60f41793d839c504320f3b8ce40bf1751007d9ebe36dec,/ceph/sagnihot/projects/Lorena_Contrastive_Representation_Arch/training_dense_testing_sparse/outputs/cases/cifar10/vit_small/grayscale/trained_dense/infer_compact/p10/seed2/7a468df5417d7d3950f1f9e49c91042979e4c5fbb42b913ac3ba45c6f2033f36/diagnostics/cells,76,All registered cases; only selected rendered tensors are rehashed by this exporter.
f83a6cc8d4407063342656fae9ecd585c8987a34b3eb7349abb6c6835d3ac585,cifar10,vit_small,raw,0,dense,compact,10,a8369ed680009e45868b72c0316b8d39c74371d912ed437ff6bf9dc89488db33,377d79622b4be5ab780f2cc49d2998ca871c0899b1447524c906a2f2023b28ea,/ceph/sagnihot/projects/Lorena_Contrastive_Representation_Arch/training_dense_testing_sparse/outputs/cases/cifar10/vit_small/raw/trained_dense/infer_compact/p10/seed0/f83a6cc8d4407063342656fae9ecd585c8987a34b3eb7349abb6c6835d3ac585/diagnostics/cells,76,All registered cases; only selected rendered tensors are rehashed by this exporter.
4bdabee0c1be12b643ca5d2abf293c11c8d6acf3d047ddd2865d056245214b55,cifar10,vit_small,raw,1,dense,compact,10,51013aa13debf7716aa0c9fa9d431e2a16cb1727a003497460469b5e728eaeb4,377d79622b4be5ab780f2cc49d2998ca871c0899b1447524c906a2f2023b28ea,/ceph/sagnihot/projects/Lorena_Contrastive_Representation_Arch/training_dense_testing_sparse/outputs/cases/cifar10/vit_small/raw/trained_dense/infer_compact/p10/seed1/4bdabee0c1be12b643ca5d2abf293c11c8d6acf3d047ddd2865d056245214b55/diagnostics/cells,76,All registered cases; only selected rendered tensors are rehashed by this exporter.
35116e854c9dedde0efd9d812218d29681f562f88c4e63371fd7eceebc784457,cifar10,vit_small,raw,2,dense,compact,10,92f9655eb068a90ffb82799f9d4939a1b20fefa95c7967c571e933859172321e,377d79622b4be5ab780f2cc49d2998ca871c0899b1447524c906a2f2023b28ea,/ceph/sagnihot/projects/Lorena_Contrastive_Representation_Arch/training_dense_testing_sparse/outputs/cases/cifar10/vit_small/raw/trained_dense/infer_compact/p10/seed2/35116e854c9dedde0efd9d812218d29681f562f88c4e63371fd7eceebc784457/diagnostics/cells,76,All registered cases; only selected rendered tensors are rehashed by this exporter.
bb02b7d38061061e5606363e9164b97a28629c20b7073b7358e8e7efba4ef160,cifar10,vit_small,single_color,0,compact,compact,10,33444dbf27ccf9d09e9bc6815558429934b9b612bf912ef7c263e2fad03e2c1e,566fa577f2da3e50d887e890148fb6bd20f667e8139d6a9b04ca4665f0cb39c3,/ceph/sagnihot/projects/Lorena_Contrastive_Representation_Arch/training_dense_testing_sparse/outputs/cases/cifar10/vit_small/single_color/trained_compact/infer_compact/p10/seed0/bb02b7d38061061e5606363e9164b97a28629c20b7073b7358e8e7efba4ef160/diagnostics/cells,76,All registered cases; only selected rendered tensors are rehashed by this exporter.
bbac9cf43fd7c2dbeac3d60b90e70bc0a2ef1b5d24b06cb6497aee1240047965,cifar10,vit_small,single_color,1,compact,compact,10,9c8bd1d942d5eebc735cbfd5c953e9e80365d176a194c9231b43ef9fc509a79c,566fa577f2da3e50d887e890148fb6bd20f667e8139d6a9b04ca4665f0cb39c3,/ceph/sagnihot/projects/Lorena_Contrastive_Representation_Arch/training_dense_testing_sparse/outputs/cases/cifar10/vit_small/single_color/trained_compact/infer_compact/p10/seed1/bbac9cf43fd7c2dbeac3d60b90e70bc0a2ef1b5d24b06cb6497aee1240047965/diagnostics/cells,76,All registered cases; only selected rendered tensors are rehashed by this exporter.
0deda99907f6864c7ae7287ed1476e4ba69b558046c3dd6186a4d85c9cffe22e,cifar10,vit_small,single_color,2,compact,compact,10,3fd91e2eda56a286994526f35b5dec72d05b5c1513e50fd3381168829ede49c7,566fa577f2da3e50d887e890148fb6bd20f667e8139d6a9b04ca4665f0cb39c3,/ceph/sagnihot/projects/Lorena_Contrastive_Representation_Arch/training_dense_testing_sparse/outputs/cases/cifar10/vit_small/single_color/trained_compact/infer_compact/p10/seed2/0deda99907f6864c7ae7287ed1476e4ba69b558046c3dd6186a4d85c9cffe22e/diagnostics/cells,76,All registered cases; only selected rendered tensors are rehashed by this exporter.
ab42e5d65f48f0807af06bc6224e5408424da2113a1aa4c402d7d11f2f3c8397,cifar10,vit_small,single_color,0,dense,compact,10,9fa97932cb6c84ca661c56235128961714203d1ebfd34d4c9142695a6361bacf,566fa577f2da3e50d887e890148fb6bd20f667e8139d6a9b04ca4665f0cb39c3,/ceph/sagnihot/projects/Lorena_Contrastive_Representation_Arch/training_dense_testing_sparse/outputs/cases/cifar10/vit_small/single_color/trained_dense/infer_compact/p10/seed0/ab42e5d65f48f0807af06bc6224e5408424da2113a1aa4c402d7d11f2f3c8397/diagnostics/cells,76,All registered cases; only selected rendered tensors are rehashed by this exporter.
59d959725bac349f22301f3feabec2a50303355d14eace4ecedd9f819a46351b,cifar10,vit_small,single_color,1,dense,compact,10,a14ddc5c19aa65cee18f9e67214fec43fad92bbdd3ee9a459ac0341fe3f3731c,566fa577f2da3e50d887e890148fb6bd20f667e8139d6a9b04ca4665f0cb39c3,/ceph/sagnihot/projects/Lorena_Contrastive_Representation_Arch/training_dense_testing_sparse/outputs/cases/cifar10/vit_small/single_color/trained_dense/infer_compact/p10/seed1/59d959725bac349f22301f3feabec2a50303355d14eace4ecedd9f819a46351b/diagnostics/cells,76,All registered cases; only selected rendered tensors are rehashed by this exporter.
f0fe5fcab4d546dca6663ca5061e27a0fa53ab272ef90c11cfa35eb9f0f2e5e9,cifar10,vit_small,single_color,2,dense,compact,10,2eeae4368927974e6744ec6a28e73efe04d841b8697a1cbf46ddb4dd42514b7a,566fa577f2da3e50d887e890148fb6bd20f667e8139d6a9b04ca4665f0cb39c3,/ceph/sagnihot/projects/Lorena_Contrastive_Representation_Arch/training_dense_testing_sparse/outputs/cases/cifar10/vit_small/single_color/trained_dense/infer_compact/p10/seed2/f0fe5fcab4d546dca6663ca5061e27a0fa53ab272ef90c11cfa35eb9f0f2e5e9/diagnostics/cells,76,All registered cases; only selected rendered tensors are rehashed by this exporter.
36bf88c0e6699b4a2fb6441012ff5f4d998d3f5c908e256a83a9a140cb66e9d8,mnist,swin_tiny,grayscale,0,compact,compact,10,7b0a41b35e709e34296548f99714540de2cfe6fab7cd6d2b8d8850be56665407,d2362b43edbe82cdc1f7c0323b1a1dd6e6ebb896538140efb20f06e957aed212,/ceph/sagnihot/projects/Lorena_Contrastive_Representation_Arch/training_dense_testing_sparse/outputs/cases/mnist/swin_tiny/grayscale/trained_compact/infer_compact/p10/seed0/36bf88c0e6699b4a2fb6441012ff5f4d998d3f5c908e256a83a9a140cb66e9d8/diagnostics/cells,16,All registered cases; only selected rendered tensors are rehashed by this exporter.
c44532f0e18669d4ddcdbd5211dc753e8bdf5f881565e408af720b4f1f8bc504,mnist,swin_tiny,grayscale,1,compact,compact,10,27834ca7879cdcbc657227d83ee6209161fc84b956f9fc30765d0b5f59e7f707,d2362b43edbe82cdc1f7c0323b1a1dd6e6ebb896538140efb20f06e957aed212,/ceph/sagnihot/projects/Lorena_Contrastive_Representation_Arch/training_dense_testing_sparse/outputs/cases/mnist/swin_tiny/grayscale/trained_compact/infer_compact/p10/seed1/c44532f0e18669d4ddcdbd5211dc753e8bdf5f881565e408af720b4f1f8bc504/diagnostics/cells,16,All registered cases; only selected rendered tensors are rehashed by this exporter.
69018a9b674fa8ba8106122f6848456a154ad7fe8231f1c28d0d7916bb3c935e,mnist,swin_tiny,grayscale,2,compact,compact,10,984f081ec99d3e4bbdd3bdec162111e3b71fd5987938caf8959881f15ccd05d4,d2362b43edbe82cdc1f7c0323b1a1dd6e6ebb896538140efb20f06e957aed212,/ceph/sagnihot/projects/Lorena_Contrastive_Representation_Arch/training_dense_testing_sparse/outputs/cases/mnist/swin_tiny/grayscale/trained_compact/infer_compact/p10/seed2/69018a9b674fa8ba8106122f6848456a154ad7fe8231f1c28d0d7916bb3c935e/diagnostics/cells,16,All registered cases; only selected rendered tensors are rehashed by this exporter.
84d6fb97aa9227ae87765f5c4ae72881df3aaef773f50f21f7a4176c404f4751,mnist,swin_tiny,grayscale,0,dense,compact,10,473ed25a586e0ea8fb93e4fadfcfd4e7e18bde623e0f22701c184b2da680520b,d2362b43edbe82cdc1f7c0323b1a1dd6e6ebb896538140efb20f06e957aed212,/ceph/sagnihot/projects/Lorena_Contrastive_Representation_Arch/training_dense_testing_sparse/outputs/cases/mnist/swin_tiny/grayscale/trained_dense/infer_compact/p10/seed0/84d6fb97aa9227ae87765f5c4ae72881df3aaef773f50f21f7a4176c404f4751/diagnostics/cells,16,All registered cases; only selected rendered tensors are rehashed by this exporter.
fd7ecd13c010b59c10d6cafd8cd2017f4f21b7907ac6cff0903b42393076954c,mnist,swin_tiny,grayscale,1,dense,compact,10,3c122f0fd1faf70a5670d3c6526b0c7197dc73ded514139a3796e6045a6fb776,d2362b43edbe82cdc1f7c0323b1a1dd6e6ebb896538140efb20f06e957aed212,/ceph/sagnihot/projects/Lorena_Contrastive_Representation_Arch/training_dense_testing_sparse/outputs/cases/mnist/swin_tiny/grayscale/trained_dense/infer_compact/p10/seed1/fd7ecd13c010b59c10d6cafd8cd2017f4f21b7907ac6cff0903b42393076954c/diagnostics/cells,16,All registered cases; only selected rendered tensors are rehashed by this exporter.
3568a8610d6583d7fdd5d1685d50b28db22082ba33a435d899b9f2a3b94346ad,mnist,swin_tiny,grayscale,2,dense,compact,10,b0393e9d1c0e15b51559e628483e2ed496574409f6794199f61ad346d461af16,d2362b43edbe82cdc1f7c0323b1a1dd6e6ebb896538140efb20f06e957aed212,/ceph/sagnihot/projects/Lorena_Contrastive_Representation_Arch/training_dense_testing_sparse/outputs/cases/mnist/swin_tiny/grayscale/trained_dense/infer_compact/p10/seed2/3568a8610d6583d7fdd5d1685d50b28db22082ba33a435d899b9f2a3b94346ad/diagnostics/cells,16,All registered cases; only selected rendered tensors are rehashed by this exporter.
ef42a07a39cd620d1e82d7890d0186c1b29010db873df5288c0b7a8ec647eae6,mnist,swin_tiny,raw,0,dense,compact,10,4f4de1c96ce3171d528465ea583fe366ccbf1eeed9fc126ed5b29d61cc878836,74be2eb7180e855812c6b42276b2aafb6baf921a0ade2ec0d172dbb4ef69d3d7,/ceph/sagnihot/projects/Lorena_Contrastive_Representation_Arch/training_dense_testing_sparse/outputs/cases/mnist/swin_tiny/raw/trained_dense/infer_compact/p10/seed0/ef42a07a39cd620d1e82d7890d0186c1b29010db873df5288c0b7a8ec647eae6/diagnostics/cells,16,All registered cases; only selected rendered tensors are rehashed by this exporter.
55138c54ca6d2ae09325dda706faff707b0a9c0c51d1a0e4d099d685ab30cc04,mnist,swin_tiny,raw,1,dense,compact,10,485f892a847b6dbcfdab4e13b46349e10ca7e3c0d81810dc50d69b0ada0c05f0,74be2eb7180e855812c6b42276b2aafb6baf921a0ade2ec0d172dbb4ef69d3d7,/ceph/sagnihot/projects/Lorena_Contrastive_Representation_Arch/training_dense_testing_sparse/outputs/cases/mnist/swin_tiny/raw/trained_dense/infer_compact/p10/seed1/55138c54ca6d2ae09325dda706faff707b0a9c0c51d1a0e4d099d685ab30cc04/diagnostics/cells,16,All registered cases; only selected rendered tensors are rehashed by this exporter.
9a17301fdeb45a0dbbc9d3ec55741ca4fc5e06bc3fa2cbf805ef53457cb8fcae,mnist,swin_tiny,raw,2,dense,compact,10,dc141a26cd438bb05b5097a229bc10b348f6a1d7cb9696567fc85afbb8440cbe,74be2eb7180e855812c6b42276b2aafb6baf921a0ade2ec0d172dbb4ef69d3d7,/ceph/sagnihot/projects/Lorena_Contrastive_Representation_Arch/training_dense_testing_sparse/outputs/cases/mnist/swin_tiny/raw/trained_dense/infer_compact/p10/seed2/9a17301fdeb45a0dbbc9d3ec55741ca4fc5e06bc3fa2cbf805ef53457cb8fcae/diagnostics/cells,16,All registered cases; only selected rendered tensors are rehashed by this exporter.
c69333db735684e51adf09c20ed48a8b5f962cb1a08d4896d1f98b3395bbe138,mnist,vit_small,grayscale,0,compact,compact,10,168dfdf4b1e77bdf998c5fcf65999cf6fb4a4b0c58b19ed9d0679fbe3a50e918,d2362b43edbe82cdc1f7c0323b1a1dd6e6ebb896538140efb20f06e957aed212,/ceph/sagnihot/projects/Lorena_Contrastive_Representation_Arch/training_dense_testing_sparse/outputs/cases/mnist/vit_small/grayscale/trained_compact/infer_compact/p10/seed0/c69333db735684e51adf09c20ed48a8b5f962cb1a08d4896d1f98b3395bbe138/diagnostics/cells,16,All registered cases; only selected rendered tensors are rehashed by this exporter.
9c16155c4918dcfbe8c2c7be419f7402e7c5ce08f641aaaa7732b29897c9ed93,mnist,vit_small,grayscale,1,compact,compact,10,bf2631dda7d9d271b18b8e9867cd79e4cb599f961d1d13de860454d586357601,d2362b43edbe82cdc1f7c0323b1a1dd6e6ebb896538140efb20f06e957aed212,/ceph/sagnihot/projects/Lorena_Contrastive_Representation_Arch/training_dense_testing_sparse/outputs/cases/mnist/vit_small/grayscale/trained_compact/infer_compact/p10/seed1/9c16155c4918dcfbe8c2c7be419f7402e7c5ce08f641aaaa7732b29897c9ed93/diagnostics/cells,16,All registered cases; only selected rendered tensors are rehashed by this exporter.
ee16309dd2888991a0dc5d41d51ff64e5309d87aa01b48a4cbbfbec684a4ae7d,mnist,vit_small,grayscale,2,compact,compact,10,d40eaf4227e611b4235f679e1f5b2f9f68901fb6a89907585a7aca9162a6769c,d2362b43edbe82cdc1f7c0323b1a1dd6e6ebb896538140efb20f06e957aed212,/ceph/sagnihot/projects/Lorena_Contrastive_Representation_Arch/training_dense_testing_sparse/outputs/cases/mnist/vit_small/grayscale/trained_compact/infer_compact/p10/seed2/ee16309dd2888991a0dc5d41d51ff64e5309d87aa01b48a4cbbfbec684a4ae7d/diagnostics/cells,16,All registered cases; only selected rendered tensors are rehashed by this exporter.
07245ddcf69089afd7b59718e3aa9e05907cb98b1f51ff564234527758feb300,mnist,vit_small,grayscale,0,dense,compact,10,1febb833c97989dec964ce4247d5bb9f7f212d0d0ffea0016b5b7d6ef9e061db,d2362b43edbe82cdc1f7c0323b1a1dd6e6ebb896538140efb20f06e957aed212,/ceph/sagnihot/projects/Lorena_Contrastive_Representation_Arch/training_dense_testing_sparse/outputs/cases/mnist/vit_small/grayscale/trained_dense/infer_compact/p10/seed0/07245ddcf69089afd7b59718e3aa9e05907cb98b1f51ff564234527758feb300/diagnostics/cells,16,All registered cases; only selected rendered tensors are rehashed by this exporter.
3dfc2ef53bac179abe0477105d9614bfdc4e617d0ee4bd3bde887285064540fe,mnist,vit_small,grayscale,1,dense,compact,10,10a1c020e268e60f92a50cb1a938f7e478078107b9a7dd5bcd30e3f36dd50ae6,d2362b43edbe82cdc1f7c0323b1a1dd6e6ebb896538140efb20f06e957aed212,/ceph/sagnihot/projects/Lorena_Contrastive_Representation_Arch/training_dense_testing_sparse/outputs/cases/mnist/vit_small/grayscale/trained_dense/infer_compact/p10/seed1/3dfc2ef53bac179abe0477105d9614bfdc4e617d0ee4bd3bde887285064540fe/diagnostics/cells,16,All registered cases; only selected rendered tensors are rehashed by this exporter.
98a5ac8cd0238a6e51d6a8a2dd0b0940603d482ac6c0e84ef118e11aaec8ec49,mnist,vit_small,grayscale,2,dense,compact,10,04b23e1d894d5cd0ffacd122ef55cc5578fe60d76fbf71286f07dceb0d27c789,d2362b43edbe82cdc1f7c0323b1a1dd6e6ebb896538140efb20f06e957aed212,/ceph/sagnihot/projects/Lorena_Contrastive_Representation_Arch/training_dense_testing_sparse/outputs/cases/mnist/vit_small/grayscale/trained_dense/infer_compact/p10/seed2/98a5ac8cd0238a6e51d6a8a2dd0b0940603d482ac6c0e84ef118e11aaec8ec49/diagnostics/cells,16,All registered cases; only selected rendered tensors are rehashed by this exporter.
92359a2573a74f5bd351a72b167450dd93d346986c9826c989f7508a33d450bc,mnist,vit_small,raw,0,dense,compact,10,3db92cbcafbbc2751e66333d710ad6f6ab62881147312fbf9142265b64fd326b,74be2eb7180e855812c6b42276b2aafb6baf921a0ade2ec0d172dbb4ef69d3d7,/ceph/sagnihot/projects/Lorena_Contrastive_Representation_Arch/training_dense_testing_sparse/outputs/cases/mnist/vit_small/raw/trained_dense/infer_compact/p10/seed0/92359a2573a74f5bd351a72b167450dd93d346986c9826c989f7508a33d450bc/diagnostics/cells,16,All registered cases; only selected rendered tensors are rehashed by this exporter.
3cfb09f1b9f8bc9110876e1f0dd77ffde7de9bf27a3c988bd5d595837c3679b7,mnist,vit_small,raw,1,dense,compact,10,acbec74b30d2bb2dbba09b75e00a22ce88387ed47cb09fa6403be759a89ac248,74be2eb7180e855812c6b42276b2aafb6baf921a0ade2ec0d172dbb4ef69d3d7,/ceph/sagnihot/projects/Lorena_Contrastive_Representation_Arch/training_dense_testing_sparse/outputs/cases/mnist/vit_small/raw/trained_dense/infer_compact/p10/seed1/3cfb09f1b9f8bc9110876e1f0dd77ffde7de9bf27a3c988bd5d595837c3679b7/diagnostics/cells,16,All registered cases; only selected rendered tensors are rehashed by this exporter.
d35d3c4aefad7f5c67d2f81640848ee906c66d4726b400fe970257eca7fcc4b8,mnist,vit_small,raw,2,dense,compact,10,63bb2214a8ab262e48865109fcf46769e97d9659bc9e8d3557e8cd23394adc56,74be2eb7180e855812c6b42276b2aafb6baf921a0ade2ec0d172dbb4ef69d3d7,/ceph/sagnihot/projects/Lorena_Contrastive_Representation_Arch/training_dense_testing_sparse/outputs/cases/mnist/vit_small/raw/trained_dense/infer_compact/p10/seed2/d35d3c4aefad7f5c67d2f81640848ee906c66d4726b400fe970257eca7fcc4b8/diagnostics/cells,16,All registered cases; only selected rendered tensors are rehashed by this exporter.
cecdb9ef8628a0bbd873502aaa5d4537492dc579e3e045d2c75b9bcb840a6945,cifar10,swin_tiny,color_opponency,0,compact,compact,20,a1588df6cc4aa446ef6729c07ec425d9f89c93cfbeb71b723f0b336b231ea48d,421a6c555b0de148ccc8177f266f90a3075af88135876e49829b120b02b133b6,/ceph/sagnihot/projects/Lorena_Contrastive_Representation_Arch/training_dense_testing_sparse/outputs/cases/cifar10/swin_tiny/color_opponency/trained_compact/infer_compact/p20/seed0/cecdb9ef8628a0bbd873502aaa5d4537492dc579e3e045d2c75b9bcb840a6945/diagnostics/cells,76,All registered cases; only selected rendered tensors are rehashed by this exporter.
bffad2fb274174b4cf1c9128e3f4d1b0ebda1e23e8cf7f7bfe5f52a8ba5718d5,cifar10,swin_tiny,color_opponency,1,compact,compact,20,238361a79e91c52e2fd36d712b98e970b6286e5316b2293833aade616d11c014,421a6c555b0de148ccc8177f266f90a3075af88135876e49829b120b02b133b6,/ceph/sagnihot/projects/Lorena_Contrastive_Representation_Arch/training_dense_testing_sparse/outputs/cases/cifar10/swin_tiny/color_opponency/trained_compact/infer_compact/p20/seed1/bffad2fb274174b4cf1c9128e3f4d1b0ebda1e23e8cf7f7bfe5f52a8ba5718d5/diagnostics/cells,76,All registered cases; only selected rendered tensors are rehashed by this exporter.
173156b3bd3379cf3d25aacc8ae3eb8e9970a275c645d9f36bb02e0318c182ca,cifar10,swin_tiny,color_opponency,2,compact,compact,20,7858973d124027dfd76efc8522165b34da42f801109350bfe9edf5588b99ca59,421a6c555b0de148ccc8177f266f90a3075af88135876e49829b120b02b133b6,/ceph/sagnihot/projects/Lorena_Contrastive_Representation_Arch/training_dense_testing_sparse/outputs/cases/cifar10/swin_tiny/color_opponency/trained_compact/infer_compact/p20/seed2/173156b3bd3379cf3d25aacc8ae3eb8e9970a275c645d9f36bb02e0318c182ca/diagnostics/cells,76,All registered cases; only selected rendered tensors are rehashed by this exporter.
a60a0e9fe4746b2f1de5acfe016ab57ead37e515cb614b10f16a303d6125ec17,cifar10,swin_tiny,color_opponency,0,dense,compact,20,fab9441233ae76a1b48e0b353942c30293499e8a2d4c2e9c062d73159e012032,421a6c555b0de148ccc8177f266f90a3075af88135876e49829b120b02b133b6,/ceph/sagnihot/projects/Lorena_Contrastive_Representation_Arch/training_dense_testing_sparse/outputs/cases/cifar10/swin_tiny/color_opponency/trained_dense/infer_compact/p20/seed0/a60a0e9fe4746b2f1de5acfe016ab57ead37e515cb614b10f16a303d6125ec17/diagnostics/cells,76,All registered cases; only selected rendered tensors are rehashed by this exporter.
180a9b6921652c1f170056737d8d4b299848075fe38384550f6140b666442571,cifar10,swin_tiny,color_opponency,1,dense,compact,20,3a8d2f76403887b48ba87e6c04a928670d9aaf4079d21ba7ad87d5b9f491eeee,421a6c555b0de148ccc8177f266f90a3075af88135876e49829b120b02b133b6,/ceph/sagnihot/projects/Lorena_Contrastive_Representation_Arch/training_dense_testing_sparse/outputs/cases/cifar10/swin_tiny/color_opponency/trained_dense/infer_compact/p20/seed1/180a9b6921652c1f170056737d8d4b299848075fe38384550f6140b666442571/diagnostics/cells,76,All registered cases; only selected rendered tensors are rehashed by this exporter.
cd0532d23feaf117ff7e029b56088e171bfee2fe39a043068b200cfc2573df56,cifar10,swin_tiny,color_opponency,2,dense,compact,20,70c047f178a68005810241c0e1315e68c21862bbc6485b102471e834d04345eb,421a6c555b0de148ccc8177f266f90a3075af88135876e49829b120b02b133b6,/ceph/sagnihot/projects/Lorena_Contrastive_Representation_Arch/training_dense_testing_sparse/outputs/cases/cifar10/swin_tiny/color_opponency/trained_dense/infer_compact/p20/seed2/cd0532d23feaf117ff7e029b56088e171bfee2fe39a043068b200cfc2573df56/diagnostics/cells,76,All registered cases; only selected rendered tensors are rehashed by this exporter.
ac76857153346544d59c9beeaa97f029ad811b4f2699b61ad5f9a23ada78303c,cifar10,swin_tiny,grayscale,0,compact,compact,20,71871ed8857981958b2a6b9df5f131d33fe3c006b362f05353a506a36ed60600,1047af87909095c2ee60f41793d839c504320f3b8ce40bf1751007d9ebe36dec,/ceph/sagnihot/projects/Lorena_Contrastive_Representation_Arch/training_dense_testing_sparse/outputs/cases/cifar10/swin_tiny/grayscale/trained_compact/infer_compact/p20/seed0/ac76857153346544d59c9beeaa97f029ad811b4f2699b61ad5f9a23ada78303c/diagnostics/cells,76,All registered cases; only selected rendered tensors are rehashed by this exporter.
deab59fe2607482d4780e39d1a61981cea853b9a8242646916e81ecf42ba31ca,cifar10,swin_tiny,grayscale,1,compact,compact,20,13220bfdc33c9cf4650dd73e3a4527dfa123dcc569d5483e392ee4d87a3a871e,1047af87909095c2ee60f41793d839c504320f3b8ce40bf1751007d9ebe36dec,/ceph/sagnihot/projects/Lorena_Contrastive_Representation_Arch/training_dense_testing_sparse/outputs/cases/cifar10/swin_tiny/grayscale/trained_compact/infer_compact/p20/seed1/deab59fe2607482d4780e39d1a61981cea853b9a8242646916e81ecf42ba31ca/diagnostics/cells,76,All registered cases; only selected rendered tensors are rehashed by this exporter.
62f645cff7146f30117a5191094cd12b24172a60ba51e440ba433a47835b177f,cifar10,swin_tiny,grayscale,2,compact,compact,20,4138089fb907e02402ec0525f2bfcd503a06886e3b15de2814ef80480df2552b,1047af87909095c2ee60f41793d839c504320f3b8ce40bf1751007d9ebe36dec,/ceph/sagnihot/projects/Lorena_Contrastive_Representation_Arch/training_dense_testing_sparse/outputs/cases/cifar10/swin_tiny/grayscale/trained_compact/infer_compact/p20/seed2/62f645cff7146f30117a5191094cd12b24172a60ba51e440ba433a47835b177f/diagnostics/cells,76,All registered cases; only selected rendered tensors are rehashed by this exporter.
7ba783d08ff6e1128c4b29ee0ec7cfb2ecf158a23f09cad8b1a48d2dccb5d445,cifar10,swin_tiny,grayscale,0,dense,compact,20,6044ca36b20c6e4930631bf254bbc49c2a6d007c28c6dad2e64d93d48d9ee944,1047af87909095c2ee60f41793d839c504320f3b8ce40bf1751007d9ebe36dec,/ceph/sagnihot/projects/Lorena_Contrastive_Representation_Arch/training_dense_testing_sparse/outputs/cases/cifar10/swin_tiny/grayscale/trained_dense/infer_compact/p20/seed0/7ba783d08ff6e1128c4b29ee0ec7cfb2ecf158a23f09cad8b1a48d2dccb5d445/diagnostics/cells,76,All registered cases; only selected rendered tensors are rehashed by this exporter.
90a9dac7261edb1492ebcf55f679c72385e51f267b0a495e76f3dfb75941b115,cifar10,swin_tiny,grayscale,1,dense,compact,20,66b93a8751c67cb83a6b47d4ebe6c227e04004542fa77f67b1aa4696492cbb12,1047af87909095c2ee60f41793d839c504320f3b8ce40bf1751007d9ebe36dec,/ceph/sagnihot/projects/Lorena_Contrastive_Representation_Arch/training_dense_testing_sparse/outputs/cases/cifar10/swin_tiny/grayscale/trained_dense/infer_compact/p20/seed1/90a9dac7261edb1492ebcf55f679c72385e51f267b0a495e76f3dfb75941b115/diagnostics/cells,76,All registered cases; only selected rendered tensors are rehashed by this exporter.
f33b1fa301039747050ab24562047f549c940eb63554e776f67ed1841ba74c09,cifar10,swin_tiny,grayscale,2,dense,compact,20,2a3b7de47f7c3116c9ed4e26109dc713938f3a63e2267a4668905554b979f39b,1047af87909095c2ee60f41793d839c504320f3b8ce40bf1751007d9ebe36dec,/ceph/sagnihot/projects/Lorena_Contrastive_Representation_Arch/training_dense_testing_sparse/outputs/cases/cifar10/swin_tiny/grayscale/trained_dense/infer_compact/p20/seed2/f33b1fa301039747050ab24562047f549c940eb63554e776f67ed1841ba74c09/diagnostics/cells,76,All registered cases; only selected rendered tensors are rehashed by this exporter.
fe1844cf975cece5a67d97d7ed0ccff934143c8c7a5c053e40b8f3a45056ac55,cifar10,swin_tiny,raw,0,dense,compact,20,3292edaad6d1f81f87a8b508f23007e265f1506e12d81c7b47715ededb9a6546,377d79622b4be5ab780f2cc49d2998ca871c0899b1447524c906a2f2023b28ea,/ceph/sagnihot/projects/Lorena_Contrastive_Representation_Arch/training_dense_testing_sparse/outputs/cases/cifar10/swin_tiny/raw/trained_dense/infer_compact/p20/seed0/fe1844cf975cece5a67d97d7ed0ccff934143c8c7a5c053e40b8f3a45056ac55/diagnostics/cells,76,All registered cases; only selected rendered tensors are rehashed by this exporter.
63f8205a5b65e79023515163807cb9967539cd5b089417db32858464009b4f5d,cifar10,swin_tiny,raw,1,dense,compact,20,fe659f7e7cc2bcded57c75ed5272930ea1d37c77549aaf2b6da6e7cb4dbf548b,377d79622b4be5ab780f2cc49d2998ca871c0899b1447524c906a2f2023b28ea,/ceph/sagnihot/projects/Lorena_Contrastive_Representation_Arch/training_dense_testing_sparse/outputs/cases/cifar10/swin_tiny/raw/trained_dense/infer_compact/p20/seed1/63f8205a5b65e79023515163807cb9967539cd5b089417db32858464009b4f5d/diagnostics/cells,76,All registered cases; only selected rendered tensors are rehashed by this exporter.
9f2d5ae765d0cab12c7c98c8088012bb2c1f3acb7aaca79c87d44759d25a8fb5,cifar10,swin_tiny,raw,2,dense,compact,20,c0d05e70330b2102f46e929b2604e920636f02760a2b7ccac6c5cbb3b9b9012e,377d79622b4be5ab780f2cc49d2998ca871c0899b1447524c906a2f2023b28ea,/ceph/sagnihot/projects/Lorena_Contrastive_Representation_Arch/training_dense_testing_sparse/outputs/cases/cifar10/swin_tiny/raw/trained_dense/infer_compact/p20/seed2/9f2d5ae765d0cab12c7c98c8088012bb2c1f3acb7aaca79c87d44759d25a8fb5/diagnostics/cells,76,All registered cases; only selected rendered tensors are rehashed by this exporter.
14c8ee5b08d9df1a0672cbacd8784f62e4734b8c06620ccbe7114a5f1b758611,cifar10,swin_tiny,single_color,0,compact,compact,20,bb46a33dc8b69af65d8ca279b87ff17d18ff06059ac0030c0397ad03669c839c,566fa577f2da3e50d887e890148fb6bd20f667e8139d6a9b04ca4665f0cb39c3,/ceph/sagnihot/projects/Lorena_Contrastive_Representation_Arch/training_dense_testing_sparse/outputs/cases/cifar10/swin_tiny/single_color/trained_compact/infer_compact/p20/seed0/14c8ee5b08d9df1a0672cbacd8784f62e4734b8c06620ccbe7114a5f1b758611/diagnostics/cells,76,All registered cases; only selected rendered tensors are rehashed by this exporter.
2ca85a8345d227e413d9ff43d9fa29e099efc04159e98d9d3ae9d7b98ec0e2dd,cifar10,swin_tiny,single_color,1,compact,compact,20,b09d4231758cdc5f742a95c959b174a73f72e7eb7b5430e9f522d4a83a67b028,566fa577f2da3e50d887e890148fb6bd20f667e8139d6a9b04ca4665f0cb39c3,/ceph/sagnihot/projects/Lorena_Contrastive_Representation_Arch/training_dense_testing_sparse/outputs/cases/cifar10/swin_tiny/single_color/trained_compact/infer_compact/p20/seed1/2ca85a8345d227e413d9ff43d9fa29e099efc04159e98d9d3ae9d7b98ec0e2dd/diagnostics/cells,76,All registered cases; only selected rendered tensors are rehashed by this exporter.
1f7c317957deac95abea0f0cf5bd879f7699d6f05cf0493042c8a55824c012c0,cifar10,swin_tiny,single_color,2,compact,compact,20,54da0e293091a1938bc82ea8a6cabeabbb55debd9fdfcc96b5b795b3667b91f4,566fa577f2da3e50d887e890148fb6bd20f667e8139d6a9b04ca4665f0cb39c3,/ceph/sagnihot/projects/Lorena_Contrastive_Representation_Arch/training_dense_testing_sparse/outputs/cases/cifar10/swin_tiny/single_color/trained_compact/infer_compact/p20/seed2/1f7c317957deac95abea0f0cf5bd879f7699d6f05cf0493042c8a55824c012c0/diagnostics/cells,76,All registered cases; only selected rendered tensors are rehashed by this exporter.
8c2318d678c322e4a347ab8fd48f51b893c08fd64b605fcab22ea071309c67c2,cifar10,swin_tiny,single_color,0,dense,compact,20,74fce3b1d058b6cf57055516ceb85d442b7674eddb8950f5244b3a22cc35862f,566fa577f2da3e50d887e890148fb6bd20f667e8139d6a9b04ca4665f0cb39c3,/ceph/sagnihot/projects/Lorena_Contrastive_Representation_Arch/training_dense_testing_sparse/outputs/cases/cifar10/swin_tiny/single_color/trained_dense/infer_compact/p20/seed0/8c2318d678c322e4a347ab8fd48f51b893c08fd64b605fcab22ea071309c67c2/diagnostics/cells,76,All registered cases; only selected rendered tensors are rehashed by this exporter.
e4f61b44158b81c8247d12eddc0d8f6ec28216df5a95251e8f9e6c6b489adcd7,cifar10,swin_tiny,single_color,1,dense,compact,20,b7af9c2326beb1db7fc4aba06b867583770ebfc6e2869cb6193ee752cc81fb63,566fa577f2da3e50d887e890148fb6bd20f667e8139d6a9b04ca4665f0cb39c3,/ceph/sagnihot/projects/Lorena_Contrastive_Representation_Arch/training_dense_testing_sparse/outputs/cases/cifar10/swin_tiny/single_color/trained_dense/infer_compact/p20/seed1/e4f61b44158b81c8247d12eddc0d8f6ec28216df5a95251e8f9e6c6b489adcd7/diagnostics/cells,76,All registered cases; only selected rendered tensors are rehashed by this exporter.
690714a9fd7a8c2e7644c30d74a0129b9d2d65f4138d7d116454cfef22e373c7,cifar10,swin_tiny,single_color,2,dense,compact,20,9af4c0f5bd726b176994f562d5b5b3f4e326392003f27ce9b795221daa4a186e,566fa577f2da3e50d887e890148fb6bd20f667e8139d6a9b04ca4665f0cb39c3,/ceph/sagnihot/projects/Lorena_Contrastive_Representation_Arch/training_dense_testing_sparse/outputs/cases/cifar10/swin_tiny/single_color/trained_dense/infer_compact/p20/seed2/690714a9fd7a8c2e7644c30d74a0129b9d2d65f4138d7d116454cfef22e373c7/diagnostics/cells,76,All registered cases; only selected rendered tensors are rehashed by this exporter.
6b96f247dd08bb9de0fe702309a8257256c5fe9d0710d5819d09fe54bd8a78a4,cifar10,vit_small,color_opponency,0,compact,compact,20,37de2ec99f0e84cc52750431e5e654b4c4548ea78d057a8d1e9f8503629dde4d,421a6c555b0de148ccc8177f266f90a3075af88135876e49829b120b02b133b6,/ceph/sagnihot/projects/Lorena_Contrastive_Representation_Arch/training_dense_testing_sparse/outputs/cases/cifar10/vit_small/color_opponency/trained_compact/infer_compact/p20/seed0/6b96f247dd08bb9de0fe702309a8257256c5fe9d0710d5819d09fe54bd8a78a4/diagnostics/cells,76,All registered cases; only selected rendered tensors are rehashed by this exporter.
5942c8147b457c1cfd2f0018aecb6c29bfe706f498857547bfc1868b3b4293fb,cifar10,vit_small,color_opponency,1,compact,compact,20,cc6c4ff852a89054d605a64dc0da897019275dfbee1773e7b12502eea47dc741,421a6c555b0de148ccc8177f266f90a3075af88135876e49829b120b02b133b6,/ceph/sagnihot/projects/Lorena_Contrastive_Representation_Arch/training_dense_testing_sparse/outputs/cases/cifar10/vit_small/color_opponency/trained_compact/infer_compact/p20/seed1/5942c8147b457c1cfd2f0018aecb6c29bfe706f498857547bfc1868b3b4293fb/diagnostics/cells,76,All registered cases; only selected rendered tensors are rehashed by this exporter.
05ce96d906ccf72c19fb8f84e274d39fa898b37fe5ba2ce56a07105d0f29da28,cifar10,vit_small,color_opponency,2,compact,compact,20,256c9aba780e83006c9b4051eb71e7675e73ec3353ddf4c9b36cc6d6a8f81b13,421a6c555b0de148ccc8177f266f90a3075af88135876e49829b120b02b133b6,/ceph/sagnihot/projects/Lorena_Contrastive_Representation_Arch/training_dense_testing_sparse/outputs/cases/cifar10/vit_small/color_opponency/trained_compact/infer_compact/p20/seed2/05ce96d906ccf72c19fb8f84e274d39fa898b37fe5ba2ce56a07105d0f29da28/diagnostics/cells,76,All registered cases; only selected rendered tensors are rehashed by this exporter.
5ca799d64e27f15c40a3ec25bb3a3b29d4e2c77b93047754721768dd26195eae,cifar10,vit_small,color_opponency,0,dense,compact,20,6ac6ab6efa8fe9667b6cfec2b439c1a483d484602b0dfdb7f1697805bfb32d49,421a6c555b0de148ccc8177f266f90a3075af88135876e49829b120b02b133b6,/ceph/sagnihot/projects/Lorena_Contrastive_Representation_Arch/training_dense_testing_sparse/outputs/cases/cifar10/vit_small/color_opponency/trained_dense/infer_compact/p20/seed0/5ca799d64e27f15c40a3ec25bb3a3b29d4e2c77b93047754721768dd26195eae/diagnostics/cells,76,All registered cases; only selected rendered tensors are rehashed by this exporter.
c2cb1b7282abcb0a837691fe9ea439ff47db1ecf35c367c25fb8f6f4dbd66fcd,cifar10,vit_small,color_opponency,1,dense,compact,20,68d86b6eaac4b9181759fdf74d2ba1e58dec9a64c6c46a337f12d54d2ef69294,421a6c555b0de148ccc8177f266f90a3075af88135876e49829b120b02b133b6,/ceph/sagnihot/projects/Lorena_Contrastive_Representation_Arch/training_dense_testing_sparse/outputs/cases/cifar10/vit_small/color_opponency/trained_dense/infer_compact/p20/seed1/c2cb1b7282abcb0a837691fe9ea439ff47db1ecf35c367c25fb8f6f4dbd66fcd/diagnostics/cells,76,All registered cases; only selected rendered tensors are rehashed by this exporter.
50af0904db5d1c096a4c7aae6167150df72f3f888f9490535148114e0e7c5529,cifar10,vit_small,color_opponency,2,dense,compact,20,5996a511e29f768e94b52050b63e86d5c734908cfb89f071a0215dee0cf9ac41,421a6c555b0de148ccc8177f266f90a3075af88135876e49829b120b02b133b6,/ceph/sagnihot/projects/Lorena_Contrastive_Representation_Arch/training_dense_testing_sparse/outputs/cases/cifar10/vit_small/color_opponency/trained_dense/infer_compact/p20/seed2/50af0904db5d1c096a4c7aae6167150df72f3f888f9490535148114e0e7c5529/diagnostics/cells,76,All registered cases; only selected rendered tensors are rehashed by this exporter.
d5db17311e503692987d38568bfcdd1e1939797cdca6c95e3905a7f5ab64e7e9,cifar10,vit_small,grayscale,0,compact,compact,20,5525bb3230ca1bd20fbb778be4c121a9cfef3bd270f0e4dae5015b2878d97c09,1047af87909095c2ee60f41793d839c504320f3b8ce40bf1751007d9ebe36dec,/ceph/sagnihot/projects/Lorena_Contrastive_Representation_Arch/training_dense_testing_sparse/outputs/cases/cifar10/vit_small/grayscale/trained_compact/infer_compact/p20/seed0/d5db17311e503692987d38568bfcdd1e1939797cdca6c95e3905a7f5ab64e7e9/diagnostics/cells,76,All registered cases; only selected rendered tensors are rehashed by this exporter.
64edb169eb7d1a823dfcb342ac641cad83e6bdf6ba2551e251d7ee3eac28161c,cifar10,vit_small,grayscale,1,compact,compact,20,732d4a2c3a1c116592563e0a1d8079371f809743798db06af2996f6171bb5f8e,1047af87909095c2ee60f41793d839c504320f3b8ce40bf1751007d9ebe36dec,/ceph/sagnihot/projects/Lorena_Contrastive_Representation_Arch/training_dense_testing_sparse/outputs/cases/cifar10/vit_small/grayscale/trained_compact/infer_compact/p20/seed1/64edb169eb7d1a823dfcb342ac641cad83e6bdf6ba2551e251d7ee3eac28161c/diagnostics/cells,76,All registered cases; only selected rendered tensors are rehashed by this exporter.
7beb22fef2cfa759bd877d1ffead5e452e3e022a702a34ca7d88339bfe0a8992,cifar10,vit_small,grayscale,2,compact,compact,20,419b5bb3a9a427d926a6310430e09d188260807d9d1dad2bd5df3489496b119c,1047af87909095c2ee60f41793d839c504320f3b8ce40bf1751007d9ebe36dec,/ceph/sagnihot/projects/Lorena_Contrastive_Representation_Arch/training_dense_testing_sparse/outputs/cases/cifar10/vit_small/grayscale/trained_compact/infer_compact/p20/seed2/7beb22fef2cfa759bd877d1ffead5e452e3e022a702a34ca7d88339bfe0a8992/diagnostics/cells,76,All registered cases; only selected rendered tensors are rehashed by this exporter.
46cf001d7ea5dfaffece1a476dfabfa59fc1de2bfdb6cec91244ebe6ea072fd2,cifar10,vit_small,grayscale,0,dense,compact,20,b63dea18ba04ebec90aa387b94608ae909f9951b5f93072d2366e170a7e899a5,1047af87909095c2ee60f41793d839c504320f3b8ce40bf1751007d9ebe36dec,/ceph/sagnihot/projects/Lorena_Contrastive_Representation_Arch/training_dense_testing_sparse/outputs/cases/cifar10/vit_small/grayscale/trained_dense/infer_compact/p20/seed0/46cf001d7ea5dfaffece1a476dfabfa59fc1de2bfdb6cec91244ebe6ea072fd2/diagnostics/cells,76,All registered cases; only selected rendered tensors are rehashed by this exporter.
0e1e5fea00260d54000b83d232f3854db14848c3313c384f702eeaa9257b8c0a,cifar10,vit_small,grayscale,1,dense,compact,20,b0ee16f423c590c7b2825b45a2197bc867f6dc9afd6aafdf9bd17b05322b1253,1047af87909095c2ee60f41793d839c504320f3b8ce40bf1751007d9ebe36dec,/ceph/sagnihot/projects/Lorena_Contrastive_Representation_Arch/training_dense_testing_sparse/outputs/cases/cifar10/vit_small/grayscale/trained_dense/infer_compact/p20/seed1/0e1e5fea00260d54000b83d232f3854db14848c3313c384f702eeaa9257b8c0a/diagnostics/cells,76,All registered cases; only selected rendered tensors are rehashed by this exporter.
c105e5d5e2979ae1acf180426204db5fc2191f68438ff4c0d85c018c11768c36,cifar10,vit_small,grayscale,2,dense,compact,20,7babc96121d5f89850cbcc509af4ec2f9ce5f8ca5fa941133ff06758c159091f,1047af87909095c2ee60f41793d839c504320f3b8ce40bf1751007d9ebe36dec,/ceph/sagnihot/projects/Lorena_Contrastive_Representation_Arch/training_dense_testing_sparse/outputs/cases/cifar10/vit_small/grayscale/trained_dense/infer_compact/p20/seed2/c105e5d5e2979ae1acf180426204db5fc2191f68438ff4c0d85c018c11768c36/diagnostics/cells,76,All registered cases; only selected rendered tensors are rehashed by this exporter.
22e90071f51bf072da45a3df6d132d947d4d2705819fe26df4a92f2308f3b1c7,cifar10,vit_small,raw,0,dense,compact,20,a8369ed680009e45868b72c0316b8d39c74371d912ed437ff6bf9dc89488db33,377d79622b4be5ab780f2cc49d2998ca871c0899b1447524c906a2f2023b28ea,/ceph/sagnihot/projects/Lorena_Contrastive_Representation_Arch/training_dense_testing_sparse/outputs/cases/cifar10/vit_small/raw/trained_dense/infer_compact/p20/seed0/22e90071f51bf072da45a3df6d132d947d4d2705819fe26df4a92f2308f3b1c7/diagnostics/cells,76,All registered cases; only selected rendered tensors are rehashed by this exporter.
437de4e667f191bee411354d27616a0e027cf7190d1b82a9a2d6d17b3347449c,cifar10,vit_small,raw,1,dense,compact,20,51013aa13debf7716aa0c9fa9d431e2a16cb1727a003497460469b5e728eaeb4,377d79622b4be5ab780f2cc49d2998ca871c0899b1447524c906a2f2023b28ea,/ceph/sagnihot/projects/Lorena_Contrastive_Representation_Arch/training_dense_testing_sparse/outputs/cases/cifar10/vit_small/raw/trained_dense/infer_compact/p20/seed1/437de4e667f191bee411354d27616a0e027cf7190d1b82a9a2d6d17b3347449c/diagnostics/cells,76,All registered cases; only selected rendered tensors are rehashed by this exporter.
900e86c908eaf6a26b83ac6be2870421adad1cac9c0b26d09ac10d82be0c2c25,cifar10,vit_small,raw,2,dense,compact,20,92f9655eb068a90ffb82799f9d4939a1b20fefa95c7967c571e933859172321e,377d79622b4be5ab780f2cc49d2998ca871c0899b1447524c906a2f2023b28ea,/ceph/sagnihot/projects/Lorena_Contrastive_Representation_Arch/training_dense_testing_sparse/outputs/cases/cifar10/vit_small/raw/trained_dense/infer_compact/p20/seed2/900e86c908eaf6a26b83ac6be2870421adad1cac9c0b26d09ac10d82be0c2c25/diagnostics/cells,76,All registered cases; only selected rendered tensors are rehashed by this exporter.
495c592935dff865573bdc418dac1a14a4529c255cf305dc97bd0b6575c55c48,cifar10,vit_small,single_color,0,compact,compact,20,33444dbf27ccf9d09e9bc6815558429934b9b612bf912ef7c263e2fad03e2c1e,566fa577f2da3e50d887e890148fb6bd20f667e8139d6a9b04ca4665f0cb39c3,/ceph/sagnihot/projects/Lorena_Contrastive_Representation_Arch/training_dense_testing_sparse/outputs/cases/cifar10/vit_small/single_color/trained_compact/infer_compact/p20/seed0/495c592935dff865573bdc418dac1a14a4529c255cf305dc97bd0b6575c55c48/diagnostics/cells,76,All registered cases; only selected rendered tensors are rehashed by this exporter.
d95a997570531f1c618c6a3cdf49dafbd9638a99bb1585ef31495acdbbd623a9,cifar10,vit_small,single_color,1,compact,compact,20,9c8bd1d942d5eebc735cbfd5c953e9e80365d176a194c9231b43ef9fc509a79c,566fa577f2da3e50d887e890148fb6bd20f667e8139d6a9b04ca4665f0cb39c3,/ceph/sagnihot/projects/Lorena_Contrastive_Representation_Arch/training_dense_testing_sparse/outputs/cases/cifar10/vit_small/single_color/trained_compact/infer_compact/p20/seed1/d95a997570531f1c618c6a3cdf49dafbd9638a99bb1585ef31495acdbbd623a9/diagnostics/cells,76,All registered cases; only selected rendered tensors are rehashed by this exporter.
9193856ccb0306544f9494266a748e76c03473d5c5b58fb3476281db6b326847,cifar10,vit_small,single_color,2,compact,compact,20,3fd91e2eda56a286994526f35b5dec72d05b5c1513e50fd3381168829ede49c7,566fa577f2da3e50d887e890148fb6bd20f667e8139d6a9b04ca4665f0cb39c3,/ceph/sagnihot/projects/Lorena_Contrastive_Representation_Arch/training_dense_testing_sparse/outputs/cases/cifar10/vit_small/single_color/trained_compact/infer_compact/p20/seed2/9193856ccb0306544f9494266a748e76c03473d5c5b58fb3476281db6b326847/diagnostics/cells,76,All registered cases; only selected rendered tensors are rehashed by this exporter.
edd0445ae57cb8b612ba052620b8c6eec5e99b3bd587b2ccdf9a35a640c4e92a,cifar10,vit_small,single_color,0,dense,compact,20,9fa97932cb6c84ca661c56235128961714203d1ebfd34d4c9142695a6361bacf,566fa577f2da3e50d887e890148fb6bd20f667e8139d6a9b04ca4665f0cb39c3,/ceph/sagnihot/projects/Lorena_Contrastive_Representation_Arch/training_dense_testing_sparse/outputs/cases/cifar10/vit_small/single_color/trained_dense/infer_compact/p20/seed0/edd0445ae57cb8b612ba052620b8c6eec5e99b3bd587b2ccdf9a35a640c4e92a/diagnostics/cells,76,All registered cases; only selected rendered tensors are rehashed by this exporter.
1891cece0b6c1c1976d8285514c46f85fc0ff8ff68d38dcda71732a93128da2c,cifar10,vit_small,single_color,1,dense,compact,20,a14ddc5c19aa65cee18f9e67214fec43fad92bbdd3ee9a459ac0341fe3f3731c,566fa577f2da3e50d887e890148fb6bd20f667e8139d6a9b04ca4665f0cb39c3,/ceph/sagnihot/projects/Lorena_Contrastive_Representation_Arch/training_dense_testing_sparse/outputs/cases/cifar10/vit_small/single_color/trained_dense/infer_compact/p20/seed1/1891cece0b6c1c1976d8285514c46f85fc0ff8ff68d38dcda71732a93128da2c/diagnostics/cells,76,All registered cases; only selected rendered tensors are rehashed by this exporter.
0a2e5446505e5b89a38bf88668697c898e6961d954a180ced2892536fff766bb,cifar10,vit_small,single_color,2,dense,compact,20,2eeae4368927974e6744ec6a28e73efe04d841b8697a1cbf46ddb4dd42514b7a,566fa577f2da3e50d887e890148fb6bd20f667e8139d6a9b04ca4665f0cb39c3,/ceph/sagnihot/projects/Lorena_Contrastive_Representation_Arch/training_dense_testing_sparse/outputs/cases/cifar10/vit_small/single_color/trained_dense/infer_compact/p20/seed2/0a2e5446505e5b89a38bf88668697c898e6961d954a180ced2892536fff766bb/diagnostics/cells,76,All registered cases; only selected rendered tensors are rehashed by this exporter.
5d20ef023aef5a0916a31b1c457934da17d1a95b4de1efc7c19e46db4fd181ee,mnist,swin_tiny,grayscale,0,compact,compact,20,7b0a41b35e709e34296548f99714540de2cfe6fab7cd6d2b8d8850be56665407,d2362b43edbe82cdc1f7c0323b1a1dd6e6ebb896538140efb20f06e957aed212,/ceph/sagnihot/projects/Lorena_Contrastive_Representation_Arch/training_dense_testing_sparse/outputs/cases/mnist/swin_tiny/grayscale/trained_compact/infer_compact/p20/seed0/5d20ef023aef5a0916a31b1c457934da17d1a95b4de1efc7c19e46db4fd181ee/diagnostics/cells,16,All registered cases; only selected rendered tensors are rehashed by this exporter.
26777eb30f20ea8abd82d3399d9462258db6727a42c120ffabb600ac23b42fd1,mnist,swin_tiny,grayscale,1,compact,compact,20,27834ca7879cdcbc657227d83ee6209161fc84b956f9fc30765d0b5f59e7f707,d2362b43edbe82cdc1f7c0323b1a1dd6e6ebb896538140efb20f06e957aed212,/ceph/sagnihot/projects/Lorena_Contrastive_Representation_Arch/training_dense_testing_sparse/outputs/cases/mnist/swin_tiny/grayscale/trained_compact/infer_compact/p20/seed1/26777eb30f20ea8abd82d3399d9462258db6727a42c120ffabb600ac23b42fd1/diagnostics/cells,16,All registered cases; only selected rendered tensors are rehashed by this exporter.
d6d2e2676889d94671d37c81ce38a17a48f245f8cdf978d110c7f8fb185a009a,mnist,swin_tiny,grayscale,2,compact,compact,20,984f081ec99d3e4bbdd3bdec162111e3b71fd5987938caf8959881f15ccd05d4,d2362b43edbe82cdc1f7c0323b1a1dd6e6ebb896538140efb20f06e957aed212,/ceph/sagnihot/projects/Lorena_Contrastive_Representation_Arch/training_dense_testing_sparse/outputs/cases/mnist/swin_tiny/grayscale/trained_compact/infer_compact/p20/seed2/d6d2e2676889d94671d37c81ce38a17a48f245f8cdf978d110c7f8fb185a009a/diagnostics/cells,16,All registered cases; only selected rendered tensors are rehashed by this exporter.
772b36ce81e6200cc4c0d2b16f7e81c0e7973efb2106679983539e8bbce1e14f,mnist,swin_tiny,grayscale,0,dense,compact,20,473ed25a586e0ea8fb93e4fadfcfd4e7e18bde623e0f22701c184b2da680520b,d2362b43edbe82cdc1f7c0323b1a1dd6e6ebb896538140efb20f06e957aed212,/ceph/sagnihot/projects/Lorena_Contrastive_Representation_Arch/training_dense_testing_sparse/outputs/cases/mnist/swin_tiny/grayscale/trained_dense/infer_compact/p20/seed0/772b36ce81e6200cc4c0d2b16f7e81c0e7973efb2106679983539e8bbce1e14f/diagnostics/cells,16,All registered cases; only selected rendered tensors are rehashed by this exporter.
17a3eab1bed8584e13fd9659320a7523684198a6beddf0641f6b6fefb22cb6ea,mnist,swin_tiny,grayscale,1,dense,compact,20,3c122f0fd1faf70a5670d3c6526b0c7197dc73ded514139a3796e6045a6fb776,d2362b43edbe82cdc1f7c0323b1a1dd6e6ebb896538140efb20f06e957aed212,/ceph/sagnihot/projects/Lorena_Contrastive_Representation_Arch/training_dense_testing_sparse/outputs/cases/mnist/swin_tiny/grayscale/trained_dense/infer_compact/p20/seed1/17a3eab1bed8584e13fd9659320a7523684198a6beddf0641f6b6fefb22cb6ea/diagnostics/cells,16,All registered cases; only selected rendered tensors are rehashed by this exporter.
a55d75ddac5890abc57cf2d00ed00e8e9ddc64f8f418264d3380b61e5d339866,mnist,swin_tiny,grayscale,2,dense,compact,20,b0393e9d1c0e15b51559e628483e2ed496574409f6794199f61ad346d461af16,d2362b43edbe82cdc1f7c0323b1a1dd6e6ebb896538140efb20f06e957aed212,/ceph/sagnihot/projects/Lorena_Contrastive_Representation_Arch/training_dense_testing_sparse/outputs/cases/mnist/swin_tiny/grayscale/trained_dense/infer_compact/p20/seed2/a55d75ddac5890abc57cf2d00ed00e8e9ddc64f8f418264d3380b61e5d339866/diagnostics/cells,16,All registered cases; only selected rendered tensors are rehashed by this exporter.
d33bcc44724dfa86a17f12a97295bc4f682e72b4a6ca8e870bab893caa7e5b39,mnist,swin_tiny,raw,0,dense,compact,20,4f4de1c96ce3171d528465ea583fe366ccbf1eeed9fc126ed5b29d61cc878836,74be2eb7180e855812c6b42276b2aafb6baf921a0ade2ec0d172dbb4ef69d3d7,/ceph/sagnihot/projects/Lorena_Contrastive_Representation_Arch/training_dense_testing_sparse/outputs/cases/mnist/swin_tiny/raw/trained_dense/infer_compact/p20/seed0/d33bcc44724dfa86a17f12a97295bc4f682e72b4a6ca8e870bab893caa7e5b39/diagnostics/cells,16,All registered cases; only selected rendered tensors are rehashed by this exporter.
4e0bf3a4e9d187c62bd60014603410e230da8e632545209c4e1a1466665e617a,mnist,swin_tiny,raw,1,dense,compact,20,485f892a847b6dbcfdab4e13b46349e10ca7e3c0d81810dc50d69b0ada0c05f0,74be2eb7180e855812c6b42276b2aafb6baf921a0ade2ec0d172dbb4ef69d3d7,/ceph/sagnihot/projects/Lorena_Contrastive_Representation_Arch/training_dense_testing_sparse/outputs/cases/mnist/swin_tiny/raw/trained_dense/infer_compact/p20/seed1/4e0bf3a4e9d187c62bd60014603410e230da8e632545209c4e1a1466665e617a/diagnostics/cells,16,All registered cases; only selected rendered tensors are rehashed by this exporter.
0e4e38831f3cb51d6a073e4d82f80f81616bf5e871c5605486c7d4bb4ced563f,mnist,swin_tiny,raw,2,dense,compact,20,dc141a26cd438bb05b5097a229bc10b348f6a1d7cb9696567fc85afbb8440cbe,74be2eb7180e855812c6b42276b2aafb6baf921a0ade2ec0d172dbb4ef69d3d7,/ceph/sagnihot/projects/Lorena_Contrastive_Representation_Arch/training_dense_testing_sparse/outputs/cases/mnist/swin_tiny/raw/trained_dense/infer_compact/p20/seed2/0e4e38831f3cb51d6a073e4d82f80f81616bf5e871c5605486c7d4bb4ced563f/diagnostics/cells,16,All registered cases; only selected rendered tensors are rehashed by this exporter.
a7e47838857253bf8d996f82dea9be71c830e087a032da25cacc6efacf2ca37f,mnist,vit_small,grayscale,0,compact,compact,20,168dfdf4b1e77bdf998c5fcf65999cf6fb4a4b0c58b19ed9d0679fbe3a50e918,d2362b43edbe82cdc1f7c0323b1a1dd6e6ebb896538140efb20f06e957aed212,/ceph/sagnihot/projects/Lorena_Contrastive_Representation_Arch/training_dense_testing_sparse/outputs/cases/mnist/vit_small/grayscale/trained_compact/infer_compact/p20/seed0/a7e47838857253bf8d996f82dea9be71c830e087a032da25cacc6efacf2ca37f/diagnostics/cells,16,All registered cases; only selected rendered tensors are rehashed by this exporter.
658002ab42f7b3782795b7be4457cdf915290e43af6d8e29ae8a8e4d673eb5c5,mnist,vit_small,grayscale,1,compact,compact,20,bf2631dda7d9d271b18b8e9867cd79e4cb599f961d1d13de860454d586357601,d2362b43edbe82cdc1f7c0323b1a1dd6e6ebb896538140efb20f06e957aed212,/ceph/sagnihot/projects/Lorena_Contrastive_Representation_Arch/training_dense_testing_sparse/outputs/cases/mnist/vit_small/grayscale/trained_compact/infer_compact/p20/seed1/658002ab42f7b3782795b7be4457cdf915290e43af6d8e29ae8a8e4d673eb5c5/diagnostics/cells,16,All registered cases; only selected rendered tensors are rehashed by this exporter.
7f611053bbb41a97bde31a9cabe9d36fa09f05c5ed967b0242f1efbc00287175,mnist,vit_small,grayscale,2,compact,compact,20,d40eaf4227e611b4235f679e1f5b2f9f68901fb6a89907585a7aca9162a6769c,d2362b43edbe82cdc1f7c0323b1a1dd6e6ebb896538140efb20f06e957aed212,/ceph/sagnihot/projects/Lorena_Contrastive_Representation_Arch/training_dense_testing_sparse/outputs/cases/mnist/vit_small/grayscale/trained_compact/infer_compact/p20/seed2/7f611053bbb41a97bde31a9cabe9d36fa09f05c5ed967b0242f1efbc00287175/diagnostics/cells,16,All registered cases; only selected rendered tensors are rehashed by this exporter.
5490c6125d271ed47da569cb15200db4dbdc901fef45d47dccb39b2790adbfcc,mnist,vit_small,grayscale,0,dense,compact,20,1febb833c97989dec964ce4247d5bb9f7f212d0d0ffea0016b5b7d6ef9e061db,d2362b43edbe82cdc1f7c0323b1a1dd6e6ebb896538140efb20f06e957aed212,/ceph/sagnihot/projects/Lorena_Contrastive_Representation_Arch/training_dense_testing_sparse/outputs/cases/mnist/vit_small/grayscale/trained_dense/infer_compact/p20/seed0/5490c6125d271ed47da569cb15200db4dbdc901fef45d47dccb39b2790adbfcc/diagnostics/cells,16,All registered cases; only selected rendered tensors are rehashed by this exporter.
3d089110d177edf55c5343c850e20b29b769ac886a0c5bb448eb767685910c56,mnist,vit_small,grayscale,1,dense,compact,20,10a1c020e268e60f92a50cb1a938f7e478078107b9a7dd5bcd30e3f36dd50ae6,d2362b43edbe82cdc1f7c0323b1a1dd6e6ebb896538140efb20f06e957aed212,/ceph/sagnihot/projects/Lorena_Contrastive_Representation_Arch/training_dense_testing_sparse/outputs/cases/mnist/vit_small/grayscale/trained_dense/infer_compact/p20/seed1/3d089110d177edf55c5343c850e20b29b769ac886a0c5bb448eb767685910c56/diagnostics/cells,16,All registered cases; only selected rendered tensors are rehashed by this exporter.
f5f3e75749294f30eb11bb7840c2ac981ec90d801eb79282bf0a22e55b562e9c,mnist,vit_small,grayscale,2,dense,compact,20,04b23e1d894d5cd0ffacd122ef55cc5578fe60d76fbf71286f07dceb0d27c789,d2362b43edbe82cdc1f7c0323b1a1dd6e6ebb896538140efb20f06e957aed212,/ceph/sagnihot/projects/Lorena_Contrastive_Representation_Arch/training_dense_testing_sparse/outputs/cases/mnist/vit_small/grayscale/trained_dense/infer_compact/p20/seed2/f5f3e75749294f30eb11bb7840c2ac981ec90d801eb79282bf0a22e55b562e9c/diagnostics/cells,16,All registered cases; only selected rendered tensors are rehashed by this exporter.
91acfbe4e5a9897fd680dc9cee8b188dfd315205d0e50d9f6e8926cb2861a30e,mnist,vit_small,raw,0,dense,compact,20,3db92cbcafbbc2751e66333d710ad6f6ab62881147312fbf9142265b64fd326b,74be2eb7180e855812c6b42276b2aafb6baf921a0ade2ec0d172dbb4ef69d3d7,/ceph/sagnihot/projects/Lorena_Contrastive_Representation_Arch/training_dense_testing_sparse/outputs/cases/mnist/vit_small/raw/trained_dense/infer_compact/p20/seed0/91acfbe4e5a9897fd680dc9cee8b188dfd315205d0e50d9f6e8926cb2861a30e/diagnostics/cells,16,All registered cases; only selected rendered tensors are rehashed by this exporter.
8178001c618142414143e2bd93246e33cb04b4b814570307ce1b63b4de96451e,mnist,vit_small,raw,1,dense,compact,20,acbec74b30d2bb2dbba09b75e00a22ce88387ed47cb09fa6403be759a89ac248,74be2eb7180e855812c6b42276b2aafb6baf921a0ade2ec0d172dbb4ef69d3d7,/ceph/sagnihot/projects/Lorena_Contrastive_Representation_Arch/training_dense_testing_sparse/outputs/cases/mnist/vit_small/raw/trained_dense/infer_compact/p20/seed1/8178001c618142414143e2bd93246e33cb04b4b814570307ce1b63b4de96451e/diagnostics/cells,16,All registered cases; only selected rendered tensors are rehashed by this exporter.
71b5a3b696b5cb2f9b9de350673ae52e734cf06789d691547d05a20094f1d141,mnist,vit_small,raw,2,dense,compact,20,63bb2214a8ab262e48865109fcf46769e97d9659bc9e8d3557e8cd23394adc56,74be2eb7180e855812c6b42276b2aafb6baf921a0ade2ec0d172dbb4ef69d3d7,/ceph/sagnihot/projects/Lorena_Contrastive_Representation_Arch/training_dense_testing_sparse/outputs/cases/mnist/vit_small/raw/trained_dense/infer_compact/p20/seed2/71b5a3b696b5cb2f9b9de350673ae52e734cf06789d691547d05a20094f1d141/diagnostics/cells,16,All registered cases; only selected rendered tensors are rehashed by this exporter.
6319daeadfbc25ea9b34d862f954600c0ce5a27e1df1b006a398a7c8715524ce,cifar10,swin_tiny,color_opponency,0,compact,compact,30,a1588df6cc4aa446ef6729c07ec425d9f89c93cfbeb71b723f0b336b231ea48d,421a6c555b0de148ccc8177f266f90a3075af88135876e49829b120b02b133b6,/ceph/sagnihot/projects/Lorena_Contrastive_Representation_Arch/training_dense_testing_sparse/outputs/cases/cifar10/swin_tiny/color_opponency/trained_compact/infer_compact/p30/seed0/6319daeadfbc25ea9b34d862f954600c0ce5a27e1df1b006a398a7c8715524ce/diagnostics/cells,76,All registered cases; only selected rendered tensors are rehashed by this exporter.
5b8e1998008fac93db4c49771ed2388877c3de54840ceb38ce882ef500e935c3,cifar10,swin_tiny,color_opponency,1,compact,compact,30,238361a79e91c52e2fd36d712b98e970b6286e5316b2293833aade616d11c014,421a6c555b0de148ccc8177f266f90a3075af88135876e49829b120b02b133b6,/ceph/sagnihot/projects/Lorena_Contrastive_Representation_Arch/training_dense_testing_sparse/outputs/cases/cifar10/swin_tiny/color_opponency/trained_compact/infer_compact/p30/seed1/5b8e1998008fac93db4c49771ed2388877c3de54840ceb38ce882ef500e935c3/diagnostics/cells,76,All registered cases; only selected rendered tensors are rehashed by this exporter.
0182dcdd196b80057051098f086291f01742d049314f9cfc2ce88516fc9f5207,cifar10,swin_tiny,color_opponency,2,compact,compact,30,7858973d124027dfd76efc8522165b34da42f801109350bfe9edf5588b99ca59,421a6c555b0de148ccc8177f266f90a3075af88135876e49829b120b02b133b6,/ceph/sagnihot/projects/Lorena_Contrastive_Representation_Arch/training_dense_testing_sparse/outputs/cases/cifar10/swin_tiny/color_opponency/trained_compact/infer_compact/p30/seed2/0182dcdd196b80057051098f086291f01742d049314f9cfc2ce88516fc9f5207/diagnostics/cells,76,All registered cases; only selected rendered tensors are rehashed by this exporter.
a43fe3c790290c1e7ebaa6f6347f11bafa20b24e9acb830098698d795d81ccea,cifar10,swin_tiny,color_opponency,0,dense,compact,30,fab9441233ae76a1b48e0b353942c30293499e8a2d4c2e9c062d73159e012032,421a6c555b0de148ccc8177f266f90a3075af88135876e49829b120b02b133b6,/ceph/sagnihot/projects/Lorena_Contrastive_Representation_Arch/training_dense_testing_sparse/outputs/cases/cifar10/swin_tiny/color_opponency/trained_dense/infer_compact/p30/seed0/a43fe3c790290c1e7ebaa6f6347f11bafa20b24e9acb830098698d795d81ccea/diagnostics/cells,76,All registered cases; only selected rendered tensors are rehashed by this exporter.
dd65a3810c095a99f92e4631373a1443b650eb781baf879bd5b151c8907c8966,cifar10,swin_tiny,color_opponency,1,dense,compact,30,3a8d2f76403887b48ba87e6c04a928670d9aaf4079d21ba7ad87d5b9f491eeee,421a6c555b0de148ccc8177f266f90a3075af88135876e49829b120b02b133b6,/ceph/sagnihot/projects/Lorena_Contrastive_Representation_Arch/training_dense_testing_sparse/outputs/cases/cifar10/swin_tiny/color_opponency/trained_dense/infer_compact/p30/seed1/dd65a3810c095a99f92e4631373a1443b650eb781baf879bd5b151c8907c8966/diagnostics/cells,76,All registered cases; only selected rendered tensors are rehashed by this exporter.
b3e90385fc67caadf1b26d1b89fdb035584f289966124499240c39e2efca66f1,cifar10,swin_tiny,color_opponency,2,dense,compact,30,70c047f178a68005810241c0e1315e68c21862bbc6485b102471e834d04345eb,421a6c555b0de148ccc8177f266f90a3075af88135876e49829b120b02b133b6,/ceph/sagnihot/projects/Lorena_Contrastive_Representation_Arch/training_dense_testing_sparse/outputs/cases/cifar10/swin_tiny/color_opponency/trained_dense/infer_compact/p30/seed2/b3e90385fc67caadf1b26d1b89fdb035584f289966124499240c39e2efca66f1/diagnostics/cells,76,All registered cases; only selected rendered tensors are rehashed by this exporter.
836ac26908e2a6be2da6138288c0cbb4f4325f539cd1d3d5a8e860eb73401186,cifar10,swin_tiny,grayscale,0,compact,compact,30,71871ed8857981958b2a6b9df5f131d33fe3c006b362f05353a506a36ed60600,1047af87909095c2ee60f41793d839c504320f3b8ce40bf1751007d9ebe36dec,/ceph/sagnihot/projects/Lorena_Contrastive_Representation_Arch/training_dense_testing_sparse/outputs/cases/cifar10/swin_tiny/grayscale/trained_compact/infer_compact/p30/seed0/836ac26908e2a6be2da6138288c0cbb4f4325f539cd1d3d5a8e860eb73401186/diagnostics/cells,76,All registered cases; only selected rendered tensors are rehashed by this exporter.
b14120303736df48782bf1d4795bef0c76e2d48a834eae8c9d4e9058c8c92efa,cifar10,swin_tiny,grayscale,1,compact,compact,30,13220bfdc33c9cf4650dd73e3a4527dfa123dcc569d5483e392ee4d87a3a871e,1047af87909095c2ee60f41793d839c504320f3b8ce40bf1751007d9ebe36dec,/ceph/sagnihot/projects/Lorena_Contrastive_Representation_Arch/training_dense_testing_sparse/outputs/cases/cifar10/swin_tiny/grayscale/trained_compact/infer_compact/p30/seed1/b14120303736df48782bf1d4795bef0c76e2d48a834eae8c9d4e9058c8c92efa/diagnostics/cells,76,All registered cases; only selected rendered tensors are rehashed by this exporter.
316d358fb6257f6be0fd481d22b8c25993926afbc3e8da3e99f46081358237b2,cifar10,swin_tiny,grayscale,2,compact,compact,30,4138089fb907e02402ec0525f2bfcd503a06886e3b15de2814ef80480df2552b,1047af87909095c2ee60f41793d839c504320f3b8ce40bf1751007d9ebe36dec,/ceph/sagnihot/projects/Lorena_Contrastive_Representation_Arch/training_dense_testing_sparse/outputs/cases/cifar10/swin_tiny/grayscale/trained_compact/infer_compact/p30/seed2/316d358fb6257f6be0fd481d22b8c25993926afbc3e8da3e99f46081358237b2/diagnostics/cells,76,All registered cases; only selected rendered tensors are rehashed by this exporter.
22311c1019d6ee667a4d8c51252fc03d8a62c7cf2f599744b28f9a2d0d8b33e7,cifar10,swin_tiny,grayscale,0,dense,compact,30,6044ca36b20c6e4930631bf254bbc49c2a6d007c28c6dad2e64d93d48d9ee944,1047af87909095c2ee60f41793d839c504320f3b8ce40bf1751007d9ebe36dec,/ceph/sagnihot/projects/Lorena_Contrastive_Representation_Arch/training_dense_testing_sparse/outputs/cases/cifar10/swin_tiny/grayscale/trained_dense/infer_compact/p30/seed0/22311c1019d6ee667a4d8c51252fc03d8a62c7cf2f599744b28f9a2d0d8b33e7/diagnostics/cells,76,All registered cases; only selected rendered tensors are rehashed by this exporter.
6faa91176592e6bf4716a9c9382e36191fe11e8ea67c538ea6cf3657fb132ea7,cifar10,swin_tiny,grayscale,1,dense,compact,30,66b93a8751c67cb83a6b47d4ebe6c227e04004542fa77f67b1aa4696492cbb12,1047af87909095c2ee60f41793d839c504320f3b8ce40bf1751007d9ebe36dec,/ceph/sagnihot/projects/Lorena_Contrastive_Representation_Arch/training_dense_testing_sparse/outputs/cases/cifar10/swin_tiny/grayscale/trained_dense/infer_compact/p30/seed1/6faa91176592e6bf4716a9c9382e36191fe11e8ea67c538ea6cf3657fb132ea7/diagnostics/cells,76,All registered cases; only selected rendered tensors are rehashed by this exporter.
c19820c7b9aa823eedec2debf76c2306ca13d22c0c1cb9e2d88eee5307a8c645,cifar10,swin_tiny,grayscale,2,dense,compact,30,2a3b7de47f7c3116c9ed4e26109dc713938f3a63e2267a4668905554b979f39b,1047af87909095c2ee60f41793d839c504320f3b8ce40bf1751007d9ebe36dec,/ceph/sagnihot/projects/Lorena_Contrastive_Representation_Arch/training_dense_testing_sparse/outputs/cases/cifar10/swin_tiny/grayscale/trained_dense/infer_compact/p30/seed2/c19820c7b9aa823eedec2debf76c2306ca13d22c0c1cb9e2d88eee5307a8c645/diagnostics/cells,76,All registered cases; only selected rendered tensors are rehashed by this exporter.
1b143fc1ad6256551f70ccca0a0e04e8a96ed346f9c5283b6567e406fd08ceee,cifar10,swin_tiny,raw,0,dense,compact,30,3292edaad6d1f81f87a8b508f23007e265f1506e12d81c7b47715ededb9a6546,377d79622b4be5ab780f2cc49d2998ca871c0899b1447524c906a2f2023b28ea,/ceph/sagnihot/projects/Lorena_Contrastive_Representation_Arch/training_dense_testing_sparse/outputs/cases/cifar10/swin_tiny/raw/trained_dense/infer_compact/p30/seed0/1b143fc1ad6256551f70ccca0a0e04e8a96ed346f9c5283b6567e406fd08ceee/diagnostics/cells,76,All registered cases; only selected rendered tensors are rehashed by this exporter.
c4e703e0aeb68ddd04df34981357c0c020840c006fe99abe9fc8469c243eae38,cifar10,swin_tiny,raw,1,dense,compact,30,fe659f7e7cc2bcded57c75ed5272930ea1d37c77549aaf2b6da6e7cb4dbf548b,377d79622b4be5ab780f2cc49d2998ca871c0899b1447524c906a2f2023b28ea,/ceph/sagnihot/projects/Lorena_Contrastive_Representation_Arch/training_dense_testing_sparse/outputs/cases/cifar10/swin_tiny/raw/trained_dense/infer_compact/p30/seed1/c4e703e0aeb68ddd04df34981357c0c020840c006fe99abe9fc8469c243eae38/diagnostics/cells,76,All registered cases; only selected rendered tensors are rehashed by this exporter.
a8017cca5df8c8d0461d88be870ba314765e21ce9358c4b81990bc58e9bb4463,cifar10,swin_tiny,raw,2,dense,compact,30,c0d05e70330b2102f46e929b2604e920636f02760a2b7ccac6c5cbb3b9b9012e,377d79622b4be5ab780f2cc49d2998ca871c0899b1447524c906a2f2023b28ea,/ceph/sagnihot/projects/Lorena_Contrastive_Representation_Arch/training_dense_testing_sparse/outputs/cases/cifar10/swin_tiny/raw/trained_dense/infer_compact/p30/seed2/a8017cca5df8c8d0461d88be870ba314765e21ce9358c4b81990bc58e9bb4463/diagnostics/cells,76,All registered cases; only selected rendered tensors are rehashed by this exporter.
8d8b857e3ee77e599dc10821c2171358d4c8e21d2c0c5a7b2bc16a062da280ab,cifar10,swin_tiny,single_color,0,compact,compact,30,bb46a33dc8b69af65d8ca279b87ff17d18ff06059ac0030c0397ad03669c839c,566fa577f2da3e50d887e890148fb6bd20f667e8139d6a9b04ca4665f0cb39c3,/ceph/sagnihot/projects/Lorena_Contrastive_Representation_Arch/training_dense_testing_sparse/outputs/cases/cifar10/swin_tiny/single_color/trained_compact/infer_compact/p30/seed0/8d8b857e3ee77e599dc10821c2171358d4c8e21d2c0c5a7b2bc16a062da280ab/diagnostics/cells,76,All registered cases; only selected rendered tensors are rehashed by this exporter.
38c25f77c6e7f909fa6f7a32f5a554fadfe67eccbf93cf45093a7a54e34b8a4c,cifar10,swin_tiny,single_color,1,compact,compact,30,b09d4231758cdc5f742a95c959b174a73f72e7eb7b5430e9f522d4a83a67b028,566fa577f2da3e50d887e890148fb6bd20f667e8139d6a9b04ca4665f0cb39c3,/ceph/sagnihot/projects/Lorena_Contrastive_Representation_Arch/training_dense_testing_sparse/outputs/cases/cifar10/swin_tiny/single_color/trained_compact/infer_compact/p30/seed1/38c25f77c6e7f909fa6f7a32f5a554fadfe67eccbf93cf45093a7a54e34b8a4c/diagnostics/cells,76,All registered cases; only selected rendered tensors are rehashed by this exporter.
882bd90bfee0ecde4aecc85eba99b58fc865fb8ddeb78408021a76f1fc16e65b,cifar10,swin_tiny,single_color,2,compact,compact,30,54da0e293091a1938bc82ea8a6cabeabbb55debd9fdfcc96b5b795b3667b91f4,566fa577f2da3e50d887e890148fb6bd20f667e8139d6a9b04ca4665f0cb39c3,/ceph/sagnihot/projects/Lorena_Contrastive_Representation_Arch/training_dense_testing_sparse/outputs/cases/cifar10/swin_tiny/single_color/trained_compact/infer_compact/p30/seed2/882bd90bfee0ecde4aecc85eba99b58fc865fb8ddeb78408021a76f1fc16e65b/diagnostics/cells,76,All registered cases; only selected rendered tensors are rehashed by this exporter.
dee9f2184587f5291d794e148affeac7e91b7f1cccaa7997c537be7b2db39d13,cifar10,swin_tiny,single_color,0,dense,compact,30,74fce3b1d058b6cf57055516ceb85d442b7674eddb8950f5244b3a22cc35862f,566fa577f2da3e50d887e890148fb6bd20f667e8139d6a9b04ca4665f0cb39c3,/ceph/sagnihot/projects/Lorena_Contrastive_Representation_Arch/training_dense_testing_sparse/outputs/cases/cifar10/swin_tiny/single_color/trained_dense/infer_compact/p30/seed0/dee9f2184587f5291d794e148affeac7e91b7f1cccaa7997c537be7b2db39d13/diagnostics/cells,76,All registered cases; only selected rendered tensors are rehashed by this exporter.
a1b6ab428e543491d915f9f34680371bc4283974b660bc2df8eaea2297de5d69,cifar10,swin_tiny,single_color,1,dense,compact,30,b7af9c2326beb1db7fc4aba06b867583770ebfc6e2869cb6193ee752cc81fb63,566fa577f2da3e50d887e890148fb6bd20f667e8139d6a9b04ca4665f0cb39c3,/ceph/sagnihot/projects/Lorena_Contrastive_Representation_Arch/training_dense_testing_sparse/outputs/cases/cifar10/swin_tiny/single_color/trained_dense/infer_compact/p30/seed1/a1b6ab428e543491d915f9f34680371bc4283974b660bc2df8eaea2297de5d69/diagnostics/cells,76,All registered cases; only selected rendered tensors are rehashed by this exporter.
810e151419cab2872f09a5eeec937174680e7d59803928c944e7b393d395ea6d,cifar10,swin_tiny,single_color,2,dense,compact,30,9af4c0f5bd726b176994f562d5b5b3f4e326392003f27ce9b795221daa4a186e,566fa577f2da3e50d887e890148fb6bd20f667e8139d6a9b04ca4665f0cb39c3,/ceph/sagnihot/projects/Lorena_Contrastive_Representation_Arch/training_dense_testing_sparse/outputs/cases/cifar10/swin_tiny/single_color/trained_dense/infer_compact/p30/seed2/810e151419cab2872f09a5eeec937174680e7d59803928c944e7b393d395ea6d/diagnostics/cells,76,All registered cases; only selected rendered tensors are rehashed by this exporter.
d82aa980a813b34dd517a880642d42fc5313370ca62c5e661397d2b6f7f29327,cifar10,vit_small,color_opponency,0,compact,compact,30,37de2ec99f0e84cc52750431e5e654b4c4548ea78d057a8d1e9f8503629dde4d,421a6c555b0de148ccc8177f266f90a3075af88135876e49829b120b02b133b6,/ceph/sagnihot/projects/Lorena_Contrastive_Representation_Arch/training_dense_testing_sparse/outputs/cases/cifar10/vit_small/color_opponency/trained_compact/infer_compact/p30/seed0/d82aa980a813b34dd517a880642d42fc5313370ca62c5e661397d2b6f7f29327/diagnostics/cells,76,All registered cases; only selected rendered tensors are rehashed by this exporter.
ca832feab190fb10b3ea9792158f61fd84abe5c3d67c0868d6b7fc621425408f,cifar10,vit_small,color_opponency,1,compact,compact,30,cc6c4ff852a89054d605a64dc0da897019275dfbee1773e7b12502eea47dc741,421a6c555b0de148ccc8177f266f90a3075af88135876e49829b120b02b133b6,/ceph/sagnihot/projects/Lorena_Contrastive_Representation_Arch/training_dense_testing_sparse/outputs/cases/cifar10/vit_small/color_opponency/trained_compact/infer_compact/p30/seed1/ca832feab190fb10b3ea9792158f61fd84abe5c3d67c0868d6b7fc621425408f/diagnostics/cells,76,All registered cases; only selected rendered tensors are rehashed by this exporter.
f3a43bdd88b2fee4e2aae47ff1583a209d99cf37e905d038fd362d51cdb1ab54,cifar10,vit_small,color_opponency,2,compact,compact,30,256c9aba780e83006c9b4051eb71e7675e73ec3353ddf4c9b36cc6d6a8f81b13,421a6c555b0de148ccc8177f266f90a3075af88135876e49829b120b02b133b6,/ceph/sagnihot/projects/Lorena_Contrastive_Representation_Arch/training_dense_testing_sparse/outputs/cases/cifar10/vit_small/color_opponency/trained_compact/infer_compact/p30/seed2/f3a43bdd88b2fee4e2aae47ff1583a209d99cf37e905d038fd362d51cdb1ab54/diagnostics/cells,76,All registered cases; only selected rendered tensors are rehashed by this exporter.
a6ecd1f424f7a07c91b5bf3bdafdd5b863cb1b56deb08317ae13314b07f28d17,cifar10,vit_small,color_opponency,0,dense,compact,30,6ac6ab6efa8fe9667b6cfec2b439c1a483d484602b0dfdb7f1697805bfb32d49,421a6c555b0de148ccc8177f266f90a3075af88135876e49829b120b02b133b6,/ceph/sagnihot/projects/Lorena_Contrastive_Representation_Arch/training_dense_testing_sparse/outputs/cases/cifar10/vit_small/color_opponency/trained_dense/infer_compact/p30/seed0/a6ecd1f424f7a07c91b5bf3bdafdd5b863cb1b56deb08317ae13314b07f28d17/diagnostics/cells,76,All registered cases; only selected rendered tensors are rehashed by this exporter.
be5fbb0e9f43e1aaddbaed6e550796474eba2f70ef6f39e76afbae7b322b4c0b,cifar10,vit_small,color_opponency,1,dense,compact,30,68d86b6eaac4b9181759fdf74d2ba1e58dec9a64c6c46a337f12d54d2ef69294,421a6c555b0de148ccc8177f266f90a3075af88135876e49829b120b02b133b6,/ceph/sagnihot/projects/Lorena_Contrastive_Representation_Arch/training_dense_testing_sparse/outputs/cases/cifar10/vit_small/color_opponency/trained_dense/infer_compact/p30/seed1/be5fbb0e9f43e1aaddbaed6e550796474eba2f70ef6f39e76afbae7b322b4c0b/diagnostics/cells,76,All registered cases; only selected rendered tensors are rehashed by this exporter.
deb7024a014b24560733987748e2226480588858e53f3b23cd09bcaec884c4ff,cifar10,vit_small,color_opponency,2,dense,compact,30,5996a511e29f768e94b52050b63e86d5c734908cfb89f071a0215dee0cf9ac41,421a6c555b0de148ccc8177f266f90a3075af88135876e49829b120b02b133b6,/ceph/sagnihot/projects/Lorena_Contrastive_Representation_Arch/training_dense_testing_sparse/outputs/cases/cifar10/vit_small/color_opponency/trained_dense/infer_compact/p30/seed2/deb7024a014b24560733987748e2226480588858e53f3b23cd09bcaec884c4ff/diagnostics/cells,76,All registered cases; only selected rendered tensors are rehashed by this exporter.
9e58723734902620dc673ccbbc86a54a2d1da0ebc3fe18e5c0c2b1f416af7b38,cifar10,vit_small,grayscale,0,compact,compact,30,5525bb3230ca1bd20fbb778be4c121a9cfef3bd270f0e4dae5015b2878d97c09,1047af87909095c2ee60f41793d839c504320f3b8ce40bf1751007d9ebe36dec,/ceph/sagnihot/projects/Lorena_Contrastive_Representation_Arch/training_dense_testing_sparse/outputs/cases/cifar10/vit_small/grayscale/trained_compact/infer_compact/p30/seed0/9e58723734902620dc673ccbbc86a54a2d1da0ebc3fe18e5c0c2b1f416af7b38/diagnostics/cells,76,All registered cases; only selected rendered tensors are rehashed by this exporter.
b908b5502bf8d7a13b68a9f4aa90a671295427d540fdf4cc99db6d8cbb6457ab,cifar10,vit_small,grayscale,1,compact,compact,30,732d4a2c3a1c116592563e0a1d8079371f809743798db06af2996f6171bb5f8e,1047af87909095c2ee60f41793d839c504320f3b8ce40bf1751007d9ebe36dec,/ceph/sagnihot/projects/Lorena_Contrastive_Representation_Arch/training_dense_testing_sparse/outputs/cases/cifar10/vit_small/grayscale/trained_compact/infer_compact/p30/seed1/b908b5502bf8d7a13b68a9f4aa90a671295427d540fdf4cc99db6d8cbb6457ab/diagnostics/cells,76,All registered cases; only selected rendered tensors are rehashed by this exporter.
c21afd8fc6d4cae961ee516eb0ecca24f660e6590c5f5edf1f032e28d3a7fd13,cifar10,vit_small,grayscale,2,compact,compact,30,419b5bb3a9a427d926a6310430e09d188260807d9d1dad2bd5df3489496b119c,1047af87909095c2ee60f41793d839c504320f3b8ce40bf1751007d9ebe36dec,/ceph/sagnihot/projects/Lorena_Contrastive_Representation_Arch/training_dense_testing_sparse/outputs/cases/cifar10/vit_small/grayscale/trained_compact/infer_compact/p30/seed2/c21afd8fc6d4cae961ee516eb0ecca24f660e6590c5f5edf1f032e28d3a7fd13/diagnostics/cells,76,All registered cases; only selected rendered tensors are rehashed by this exporter.
6021f690072ac464c51e99d557a32c345f4c13cce36cee44226767e178d5bb35,cifar10,vit_small,grayscale,0,dense,compact,30,b63dea18ba04ebec90aa387b94608ae909f9951b5f93072d2366e170a7e899a5,1047af87909095c2ee60f41793d839c504320f3b8ce40bf1751007d9ebe36dec,/ceph/sagnihot/projects/Lorena_Contrastive_Representation_Arch/training_dense_testing_sparse/outputs/cases/cifar10/vit_small/grayscale/trained_dense/infer_compact/p30/seed0/6021f690072ac464c51e99d557a32c345f4c13cce36cee44226767e178d5bb35/diagnostics/cells,76,All registered cases; only selected rendered tensors are rehashed by this exporter.
fa544b7bdf7776cc81c1e9af259c652596aec3cb0ab9679017a84a670d6dd03a,cifar10,vit_small,grayscale,1,dense,compact,30,b0ee16f423c590c7b2825b45a2197bc867f6dc9afd6aafdf9bd17b05322b1253,1047af87909095c2ee60f41793d839c504320f3b8ce40bf1751007d9ebe36dec,/ceph/sagnihot/projects/Lorena_Contrastive_Representation_Arch/training_dense_testing_sparse/outputs/cases/cifar10/vit_small/grayscale/trained_dense/infer_compact/p30/seed1/fa544b7bdf7776cc81c1e9af259c652596aec3cb0ab9679017a84a670d6dd03a/diagnostics/cells,76,All registered cases; only selected rendered tensors are rehashed by this exporter.
ce113290c94ebfd8ac7d1863fa7b31a01aa2acccd037c82877311267eb4c47b2,cifar10,vit_small,grayscale,2,dense,compact,30,7babc96121d5f89850cbcc509af4ec2f9ce5f8ca5fa941133ff06758c159091f,1047af87909095c2ee60f41793d839c504320f3b8ce40bf1751007d9ebe36dec,/ceph/sagnihot/projects/Lorena_Contrastive_Representation_Arch/training_dense_testing_sparse/outputs/cases/cifar10/vit_small/grayscale/trained_dense/infer_compact/p30/seed2/ce113290c94ebfd8ac7d1863fa7b31a01aa2acccd037c82877311267eb4c47b2/diagnostics/cells,76,All registered cases; only selected rendered tensors are rehashed by this exporter.
6277eba60706b1b13b144fb611bb2b9c9c5f1a1a71c07ed25e1a3ca8a1a92b5a,cifar10,vit_small,raw,0,dense,compact,30,a8369ed680009e45868b72c0316b8d39c74371d912ed437ff6bf9dc89488db33,377d79622b4be5ab780f2cc49d2998ca871c0899b1447524c906a2f2023b28ea,/ceph/sagnihot/projects/Lorena_Contrastive_Representation_Arch/training_dense_testing_sparse/outputs/cases/cifar10/vit_small/raw/trained_dense/infer_compact/p30/seed0/6277eba60706b1b13b144fb611bb2b9c9c5f1a1a71c07ed25e1a3ca8a1a92b5a/diagnostics/cells,76,All registered cases; only selected rendered tensors are rehashed by this exporter.
74acd15cbf72ef1ca1143ae9333ac7af2a939085fe67799fc98e5ff7f2938470,cifar10,vit_small,raw,1,dense,compact,30,51013aa13debf7716aa0c9fa9d431e2a16cb1727a003497460469b5e728eaeb4,377d79622b4be5ab780f2cc49d2998ca871c0899b1447524c906a2f2023b28ea,/ceph/sagnihot/projects/Lorena_Contrastive_Representation_Arch/training_dense_testing_sparse/outputs/cases/cifar10/vit_small/raw/trained_dense/infer_compact/p30/seed1/74acd15cbf72ef1ca1143ae9333ac7af2a939085fe67799fc98e5ff7f2938470/diagnostics/cells,76,All registered cases; only selected rendered tensors are rehashed by this exporter.
a233595cc59f84133c3cafcbe06b857d7367b6816ae3f8a8abeef79328fce10a,cifar10,vit_small,raw,2,dense,compact,30,92f9655eb068a90ffb82799f9d4939a1b20fefa95c7967c571e933859172321e,377d79622b4be5ab780f2cc49d2998ca871c0899b1447524c906a2f2023b28ea,/ceph/sagnihot/projects/Lorena_Contrastive_Representation_Arch/training_dense_testing_sparse/outputs/cases/cifar10/vit_small/raw/trained_dense/infer_compact/p30/seed2/a233595cc59f84133c3cafcbe06b857d7367b6816ae3f8a8abeef79328fce10a/diagnostics/cells,76,All registered cases; only selected rendered tensors are rehashed by this exporter.
95fd92052f53cd270a0a840e41d74ece6f8f5b84c0122be3ecba14c612652776,cifar10,vit_small,single_color,0,compact,compact,30,33444dbf27ccf9d09e9bc6815558429934b9b612bf912ef7c263e2fad03e2c1e,566fa577f2da3e50d887e890148fb6bd20f667e8139d6a9b04ca4665f0cb39c3,/ceph/sagnihot/projects/Lorena_Contrastive_Representation_Arch/training_dense_testing_sparse/outputs/cases/cifar10/vit_small/single_color/trained_compact/infer_compact/p30/seed0/95fd92052f53cd270a0a840e41d74ece6f8f5b84c0122be3ecba14c612652776/diagnostics/cells,76,All registered cases; only selected rendered tensors are rehashed by this exporter.
fc5f6b81611737ec4c5e8d34574ad80db4cab7336714256e6a533ba96fdcf5fb,cifar10,vit_small,single_color,1,compact,compact,30,9c8bd1d942d5eebc735cbfd5c953e9e80365d176a194c9231b43ef9fc509a79c,566fa577f2da3e50d887e890148fb6bd20f667e8139d6a9b04ca4665f0cb39c3,/ceph/sagnihot/projects/Lorena_Contrastive_Representation_Arch/training_dense_testing_sparse/outputs/cases/cifar10/vit_small/single_color/trained_compact/infer_compact/p30/seed1/fc5f6b81611737ec4c5e8d34574ad80db4cab7336714256e6a533ba96fdcf5fb/diagnostics/cells,76,All registered cases; only selected rendered tensors are rehashed by this exporter.
cde66b27c41305ae408d7f17d5e026780bb7c3b3a829904512ecb192629acd80,cifar10,vit_small,single_color,2,compact,compact,30,3fd91e2eda56a286994526f35b5dec72d05b5c1513e50fd3381168829ede49c7,566fa577f2da3e50d887e890148fb6bd20f667e8139d6a9b04ca4665f0cb39c3,/ceph/sagnihot/projects/Lorena_Contrastive_Representation_Arch/training_dense_testing_sparse/outputs/cases/cifar10/vit_small/single_color/trained_compact/infer_compact/p30/seed2/cde66b27c41305ae408d7f17d5e026780bb7c3b3a829904512ecb192629acd80/diagnostics/cells,76,All registered cases; only selected rendered tensors are rehashed by this exporter.
80bb00354a9b8f51aa45cdbb17caaed4637b5134d6b1c1b453c5008d90d14398,cifar10,vit_small,single_color,0,dense,compact,30,9fa97932cb6c84ca661c56235128961714203d1ebfd34d4c9142695a6361bacf,566fa577f2da3e50d887e890148fb6bd20f667e8139d6a9b04ca4665f0cb39c3,/ceph/sagnihot/projects/Lorena_Contrastive_Representation_Arch/training_dense_testing_sparse/outputs/cases/cifar10/vit_small/single_color/trained_dense/infer_compact/p30/seed0/80bb00354a9b8f51aa45cdbb17caaed4637b5134d6b1c1b453c5008d90d14398/diagnostics/cells,76,All registered cases; only selected rendered tensors are rehashed by this exporter.
8ab27d3e831033782045944bcc4727ef292caff8e5cf7e57eaa3fe69e37cd036,cifar10,vit_small,single_color,1,dense,compact,30,a14ddc5c19aa65cee18f9e67214fec43fad92bbdd3ee9a459ac0341fe3f3731c,566fa577f2da3e50d887e890148fb6bd20f667e8139d6a9b04ca4665f0cb39c3,/ceph/sagnihot/projects/Lorena_Contrastive_Representation_Arch/training_dense_testing_sparse/outputs/cases/cifar10/vit_small/single_color/trained_dense/infer_compact/p30/seed1/8ab27d3e831033782045944bcc4727ef292caff8e5cf7e57eaa3fe69e37cd036/diagnostics/cells,76,All registered cases; only selected rendered tensors are rehashed by this exporter.
617eb0b37d21d3722cff3c85f1742b8112c65c2c3033e7de8bfd702302cf23f7,cifar10,vit_small,single_color,2,dense,compact,30,2eeae4368927974e6744ec6a28e73efe04d841b8697a1cbf46ddb4dd42514b7a,566fa577f2da3e50d887e890148fb6bd20f667e8139d6a9b04ca4665f0cb39c3,/ceph/sagnihot/projects/Lorena_Contrastive_Representation_Arch/training_dense_testing_sparse/outputs/cases/cifar10/vit_small/single_color/trained_dense/infer_compact/p30/seed2/617eb0b37d21d3722cff3c85f1742b8112c65c2c3033e7de8bfd702302cf23f7/diagnostics/cells,76,All registered cases; only selected rendered tensors are rehashed by this exporter.
eaa97b9933509ee55a72256fac33437bc0d492baa91603e8d2e39a4b1f09a811,mnist,swin_tiny,grayscale,0,compact,compact,30,7b0a41b35e709e34296548f99714540de2cfe6fab7cd6d2b8d8850be56665407,d2362b43edbe82cdc1f7c0323b1a1dd6e6ebb896538140efb20f06e957aed212,/ceph/sagnihot/projects/Lorena_Contrastive_Representation_Arch/training_dense_testing_sparse/outputs/cases/mnist/swin_tiny/grayscale/trained_compact/infer_compact/p30/seed0/eaa97b9933509ee55a72256fac33437bc0d492baa91603e8d2e39a4b1f09a811/diagnostics/cells,16,All registered cases; only selected rendered tensors are rehashed by this exporter.
b752565cf4b2f529931cb6c3c733548cf7f47fdf78f47fe8ef6cad269267e99f,mnist,swin_tiny,grayscale,1,compact,compact,30,27834ca7879cdcbc657227d83ee6209161fc84b956f9fc30765d0b5f59e7f707,d2362b43edbe82cdc1f7c0323b1a1dd6e6ebb896538140efb20f06e957aed212,/ceph/sagnihot/projects/Lorena_Contrastive_Representation_Arch/training_dense_testing_sparse/outputs/cases/mnist/swin_tiny/grayscale/trained_compact/infer_compact/p30/seed1/b752565cf4b2f529931cb6c3c733548cf7f47fdf78f47fe8ef6cad269267e99f/diagnostics/cells,16,All registered cases; only selected rendered tensors are rehashed by this exporter.
cee679929d225e184a4b7871fc23de15ab59ff8adeba07352e41c776e7b28082,mnist,swin_tiny,grayscale,2,compact,compact,30,984f081ec99d3e4bbdd3bdec162111e3b71fd5987938caf8959881f15ccd05d4,d2362b43edbe82cdc1f7c0323b1a1dd6e6ebb896538140efb20f06e957aed212,/ceph/sagnihot/projects/Lorena_Contrastive_Representation_Arch/training_dense_testing_sparse/outputs/cases/mnist/swin_tiny/grayscale/trained_compact/infer_compact/p30/seed2/cee679929d225e184a4b7871fc23de15ab59ff8adeba07352e41c776e7b28082/diagnostics/cells,16,All registered cases; only selected rendered tensors are rehashed by this exporter.
e315579fc65c74a6a2ac4be836b0808030fc8847c8571d2dea8ce9e2e151a652,mnist,swin_tiny,grayscale,0,dense,compact,30,473ed25a586e0ea8fb93e4fadfcfd4e7e18bde623e0f22701c184b2da680520b,d2362b43edbe82cdc1f7c0323b1a1dd6e6ebb896538140efb20f06e957aed212,/ceph/sagnihot/projects/Lorena_Contrastive_Representation_Arch/training_dense_testing_sparse/outputs/cases/mnist/swin_tiny/grayscale/trained_dense/infer_compact/p30/seed0/e315579fc65c74a6a2ac4be836b0808030fc8847c8571d2dea8ce9e2e151a652/diagnostics/cells,16,All registered cases; only selected rendered tensors are rehashed by this exporter.
50ae6ef6de18e47c3391be16729649ecb074913fa3f992261b95b6eb76fa9d25,mnist,swin_tiny,grayscale,1,dense,compact,30,3c122f0fd1faf70a5670d3c6526b0c7197dc73ded514139a3796e6045a6fb776,d2362b43edbe82cdc1f7c0323b1a1dd6e6ebb896538140efb20f06e957aed212,/ceph/sagnihot/projects/Lorena_Contrastive_Representation_Arch/training_dense_testing_sparse/outputs/cases/mnist/swin_tiny/grayscale/trained_dense/infer_compact/p30/seed1/50ae6ef6de18e47c3391be16729649ecb074913fa3f992261b95b6eb76fa9d25/diagnostics/cells,16,All registered cases; only selected rendered tensors are rehashed by this exporter.
2bab1eeec20c4c87616e216b866152426c77c79d62059c54f29677697c66ebeb,mnist,swin_tiny,grayscale,2,dense,compact,30,b0393e9d1c0e15b51559e628483e2ed496574409f6794199f61ad346d461af16,d2362b43edbe82cdc1f7c0323b1a1dd6e6ebb896538140efb20f06e957aed212,/ceph/sagnihot/projects/Lorena_Contrastive_Representation_Arch/training_dense_testing_sparse/outputs/cases/mnist/swin_tiny/grayscale/trained_dense/infer_compact/p30/seed2/2bab1eeec20c4c87616e216b866152426c77c79d62059c54f29677697c66ebeb/diagnostics/cells,16,All registered cases; only selected rendered tensors are rehashed by this exporter.
4ec219edcc45a0f5982a28077c2cedc4493927c48bb3162a695d3284ca4a51eb,mnist,swin_tiny,raw,0,dense,compact,30,4f4de1c96ce3171d528465ea583fe366ccbf1eeed9fc126ed5b29d61cc878836,74be2eb7180e855812c6b42276b2aafb6baf921a0ade2ec0d172dbb4ef69d3d7,/ceph/sagnihot/projects/Lorena_Contrastive_Representation_Arch/training_dense_testing_sparse/outputs/cases/mnist/swin_tiny/raw/trained_dense/infer_compact/p30/seed0/4ec219edcc45a0f5982a28077c2cedc4493927c48bb3162a695d3284ca4a51eb/diagnostics/cells,16,All registered cases; only selected rendered tensors are rehashed by this exporter.
6093ee5d334c8dc1f38794e3522454c570a32bee2155fe2432f2443718271347,mnist,swin_tiny,raw,1,dense,compact,30,485f892a847b6dbcfdab4e13b46349e10ca7e3c0d81810dc50d69b0ada0c05f0,74be2eb7180e855812c6b42276b2aafb6baf921a0ade2ec0d172dbb4ef69d3d7,/ceph/sagnihot/projects/Lorena_Contrastive_Representation_Arch/training_dense_testing_sparse/outputs/cases/mnist/swin_tiny/raw/trained_dense/infer_compact/p30/seed1/6093ee5d334c8dc1f38794e3522454c570a32bee2155fe2432f2443718271347/diagnostics/cells,16,All registered cases; only selected rendered tensors are rehashed by this exporter.
e13245319765ceed3e3998c3f7fe4bec6df071300a2b8f8a576fb71c65a53ff8,mnist,swin_tiny,raw,2,dense,compact,30,dc141a26cd438bb05b5097a229bc10b348f6a1d7cb9696567fc85afbb8440cbe,74be2eb7180e855812c6b42276b2aafb6baf921a0ade2ec0d172dbb4ef69d3d7,/ceph/sagnihot/projects/Lorena_Contrastive_Representation_Arch/training_dense_testing_sparse/outputs/cases/mnist/swin_tiny/raw/trained_dense/infer_compact/p30/seed2/e13245319765ceed3e3998c3f7fe4bec6df071300a2b8f8a576fb71c65a53ff8/diagnostics/cells,16,All registered cases; only selected rendered tensors are rehashed by this exporter.
4bf97887b116448b209c5b02f2dc6a610ee6244206c2c3060d7e290875e6d470,mnist,vit_small,grayscale,0,compact,compact,30,168dfdf4b1e77bdf998c5fcf65999cf6fb4a4b0c58b19ed9d0679fbe3a50e918,d2362b43edbe82cdc1f7c0323b1a1dd6e6ebb896538140efb20f06e957aed212,/ceph/sagnihot/projects/Lorena_Contrastive_Representation_Arch/training_dense_testing_sparse/outputs/cases/mnist/vit_small/grayscale/trained_compact/infer_compact/p30/seed0/4bf97887b116448b209c5b02f2dc6a610ee6244206c2c3060d7e290875e6d470/diagnostics/cells,16,All registered cases; only selected rendered tensors are rehashed by this exporter.
36aef69f4e2f575763622fdfb3e6038b64454bbf1e6999f3d558b1403b39160f,mnist,vit_small,grayscale,1,compact,compact,30,bf2631dda7d9d271b18b8e9867cd79e4cb599f961d1d13de860454d586357601,d2362b43edbe82cdc1f7c0323b1a1dd6e6ebb896538140efb20f06e957aed212,/ceph/sagnihot/projects/Lorena_Contrastive_Representation_Arch/training_dense_testing_sparse/outputs/cases/mnist/vit_small/grayscale/trained_compact/infer_compact/p30/seed1/36aef69f4e2f575763622fdfb3e6038b64454bbf1e6999f3d558b1403b39160f/diagnostics/cells,16,All registered cases; only selected rendered tensors are rehashed by this exporter.
6a57ef53eb6742f5a2a4d8f278c2a3699a75ce85da3b22277cf7822c9549bf4c,mnist,vit_small,grayscale,2,compact,compact,30,d40eaf4227e611b4235f679e1f5b2f9f68901fb6a89907585a7aca9162a6769c,d2362b43edbe82cdc1f7c0323b1a1dd6e6ebb896538140efb20f06e957aed212,/ceph/sagnihot/projects/Lorena_Contrastive_Representation_Arch/training_dense_testing_sparse/outputs/cases/mnist/vit_small/grayscale/trained_compact/infer_compact/p30/seed2/6a57ef53eb6742f5a2a4d8f278c2a3699a75ce85da3b22277cf7822c9549bf4c/diagnostics/cells,16,All registered cases; only selected rendered tensors are rehashed by this exporter.
99aaaa80112afbfb822fbdcc651caa3877ca3772d3fb99eeb0e68a251781a42b,mnist,vit_small,grayscale,0,dense,compact,30,1febb833c97989dec964ce4247d5bb9f7f212d0d0ffea0016b5b7d6ef9e061db,d2362b43edbe82cdc1f7c0323b1a1dd6e6ebb896538140efb20f06e957aed212,/ceph/sagnihot/projects/Lorena_Contrastive_Representation_Arch/training_dense_testing_sparse/outputs/cases/mnist/vit_small/grayscale/trained_dense/infer_compact/p30/seed0/99aaaa80112afbfb822fbdcc651caa3877ca3772d3fb99eeb0e68a251781a42b/diagnostics/cells,16,All registered cases; only selected rendered tensors are rehashed by this exporter.
9c6618bb17ce19608d1df0b9f4f45f4e698bf5d7982458b01ba1e3a688ee20b4,mnist,vit_small,grayscale,1,dense,compact,30,10a1c020e268e60f92a50cb1a938f7e478078107b9a7dd5bcd30e3f36dd50ae6,d2362b43edbe82cdc1f7c0323b1a1dd6e6ebb896538140efb20f06e957aed212,/ceph/sagnihot/projects/Lorena_Contrastive_Representation_Arch/training_dense_testing_sparse/outputs/cases/mnist/vit_small/grayscale/trained_dense/infer_compact/p30/seed1/9c6618bb17ce19608d1df0b9f4f45f4e698bf5d7982458b01ba1e3a688ee20b4/diagnostics/cells,16,All registered cases; only selected rendered tensors are rehashed by this exporter.
e0df18071ebb22a621f2c5f07f1a816aa4604a02f498269e0ee11ce2af8b8182,mnist,vit_small,grayscale,2,dense,compact,30,04b23e1d894d5cd0ffacd122ef55cc5578fe60d76fbf71286f07dceb0d27c789,d2362b43edbe82cdc1f7c0323b1a1dd6e6ebb896538140efb20f06e957aed212,/ceph/sagnihot/projects/Lorena_Contrastive_Representation_Arch/training_dense_testing_sparse/outputs/cases/mnist/vit_small/grayscale/trained_dense/infer_compact/p30/seed2/e0df18071ebb22a621f2c5f07f1a816aa4604a02f498269e0ee11ce2af8b8182/diagnostics/cells,16,All registered cases; only selected rendered tensors are rehashed by this exporter.
f7804d2742a7eaf76a9ea31c9040163f506ebff14537e223959e5f719e681a27,mnist,vit_small,raw,0,dense,compact,30,3db92cbcafbbc2751e66333d710ad6f6ab62881147312fbf9142265b64fd326b,74be2eb7180e855812c6b42276b2aafb6baf921a0ade2ec0d172dbb4ef69d3d7,/ceph/sagnihot/projects/Lorena_Contrastive_Representation_Arch/training_dense_testing_sparse/outputs/cases/mnist/vit_small/raw/trained_dense/infer_compact/p30/seed0/f7804d2742a7eaf76a9ea31c9040163f506ebff14537e223959e5f719e681a27/diagnostics/cells,16,All registered cases; only selected rendered tensors are rehashed by this exporter.
a36a1cb32ed34b4dffd96a5fd384af5ed80180d1e20fec676918b5d1b60d2de3,mnist,vit_small,raw,1,dense,compact,30,acbec74b30d2bb2dbba09b75e00a22ce88387ed47cb09fa6403be759a89ac248,74be2eb7180e855812c6b42276b2aafb6baf921a0ade2ec0d172dbb4ef69d3d7,/ceph/sagnihot/projects/Lorena_Contrastive_Representation_Arch/training_dense_testing_sparse/outputs/cases/mnist/vit_small/raw/trained_dense/infer_compact/p30/seed1/a36a1cb32ed34b4dffd96a5fd384af5ed80180d1e20fec676918b5d1b60d2de3/diagnostics/cells,16,All registered cases; only selected rendered tensors are rehashed by this exporter.
57bfcbaa473b3ca3743e2ce91c56ac4dd7ce0a915eff926e66c6eaf11ef1bfbf,mnist,vit_small,raw,2,dense,compact,30,63bb2214a8ab262e48865109fcf46769e97d9659bc9e8d3557e8cd23394adc56,74be2eb7180e855812c6b42276b2aafb6baf921a0ade2ec0d172dbb4ef69d3d7,/ceph/sagnihot/projects/Lorena_Contrastive_Representation_Arch/training_dense_testing_sparse/outputs/cases/mnist/vit_small/raw/trained_dense/infer_compact/p30/seed2/57bfcbaa473b3ca3743e2ce91c56ac4dd7ce0a915eff926e66c6eaf11ef1bfbf/diagnostics/cells,16,All registered cases; only selected rendered tensors are rehashed by this exporter.
302ebc30724bad7cd3456e509ab9e8752ea51390484a7271f0fecb73ad01e8b5,cifar10,swin_tiny,color_opponency,0,compact,compact,40,a1588df6cc4aa446ef6729c07ec425d9f89c93cfbeb71b723f0b336b231ea48d,421a6c555b0de148ccc8177f266f90a3075af88135876e49829b120b02b133b6,/ceph/sagnihot/projects/Lorena_Contrastive_Representation_Arch/training_dense_testing_sparse/outputs/cases/cifar10/swin_tiny/color_opponency/trained_compact/infer_compact/p40/seed0/302ebc30724bad7cd3456e509ab9e8752ea51390484a7271f0fecb73ad01e8b5/diagnostics/cells,76,All registered cases; only selected rendered tensors are rehashed by this exporter.
ce00b39dbbd8b538e58c57ef11c655d980ee769bc5a12c7914fdfcc96d6541d9,cifar10,swin_tiny,color_opponency,1,compact,compact,40,238361a79e91c52e2fd36d712b98e970b6286e5316b2293833aade616d11c014,421a6c555b0de148ccc8177f266f90a3075af88135876e49829b120b02b133b6,/ceph/sagnihot/projects/Lorena_Contrastive_Representation_Arch/training_dense_testing_sparse/outputs/cases/cifar10/swin_tiny/color_opponency/trained_compact/infer_compact/p40/seed1/ce00b39dbbd8b538e58c57ef11c655d980ee769bc5a12c7914fdfcc96d6541d9/diagnostics/cells,76,All registered cases; only selected rendered tensors are rehashed by this exporter.
0d2122273ed1c2b0cedf635841540873d102904975af8388d73772c94669f793,cifar10,swin_tiny,color_opponency,2,compact,compact,40,7858973d124027dfd76efc8522165b34da42f801109350bfe9edf5588b99ca59,421a6c555b0de148ccc8177f266f90a3075af88135876e49829b120b02b133b6,/ceph/sagnihot/projects/Lorena_Contrastive_Representation_Arch/training_dense_testing_sparse/outputs/cases/cifar10/swin_tiny/color_opponency/trained_compact/infer_compact/p40/seed2/0d2122273ed1c2b0cedf635841540873d102904975af8388d73772c94669f793/diagnostics/cells,76,All registered cases; only selected rendered tensors are rehashed by this exporter.
8a959b2f1ad713b5dfbb82a17149b40018811a7f759d92730a98b21b30e0af12,cifar10,swin_tiny,color_opponency,0,dense,compact,40,fab9441233ae76a1b48e0b353942c30293499e8a2d4c2e9c062d73159e012032,421a6c555b0de148ccc8177f266f90a3075af88135876e49829b120b02b133b6,/ceph/sagnihot/projects/Lorena_Contrastive_Representation_Arch/training_dense_testing_sparse/outputs/cases/cifar10/swin_tiny/color_opponency/trained_dense/infer_compact/p40/seed0/8a959b2f1ad713b5dfbb82a17149b40018811a7f759d92730a98b21b30e0af12/diagnostics/cells,76,All registered cases; only selected rendered tensors are rehashed by this exporter.
483577f31c01873e7c9d2009d6f5890e1fc1e430fa23f433729d1dc6096a825a,cifar10,swin_tiny,color_opponency,1,dense,compact,40,3a8d2f76403887b48ba87e6c04a928670d9aaf4079d21ba7ad87d5b9f491eeee,421a6c555b0de148ccc8177f266f90a3075af88135876e49829b120b02b133b6,/ceph/sagnihot/projects/Lorena_Contrastive_Representation_Arch/training_dense_testing_sparse/outputs/cases/cifar10/swin_tiny/color_opponency/trained_dense/infer_compact/p40/seed1/483577f31c01873e7c9d2009d6f5890e1fc1e430fa23f433729d1dc6096a825a/diagnostics/cells,76,All registered cases; only selected rendered tensors are rehashed by this exporter.
15abc6ebf169ae14545c06ad103f95f7338bf64e7371fb991ed603fe10ce1524,cifar10,swin_tiny,color_opponency,2,dense,compact,40,70c047f178a68005810241c0e1315e68c21862bbc6485b102471e834d04345eb,421a6c555b0de148ccc8177f266f90a3075af88135876e49829b120b02b133b6,/ceph/sagnihot/projects/Lorena_Contrastive_Representation_Arch/training_dense_testing_sparse/outputs/cases/cifar10/swin_tiny/color_opponency/trained_dense/infer_compact/p40/seed2/15abc6ebf169ae14545c06ad103f95f7338bf64e7371fb991ed603fe10ce1524/diagnostics/cells,76,All registered cases; only selected rendered tensors are rehashed by this exporter.
299142938794b0f6df28105978fe8073e141a2b09cceeccdc5d65cd95ffde594,cifar10,swin_tiny,grayscale,0,compact,compact,40,71871ed8857981958b2a6b9df5f131d33fe3c006b362f05353a506a36ed60600,1047af87909095c2ee60f41793d839c504320f3b8ce40bf1751007d9ebe36dec,/ceph/sagnihot/projects/Lorena_Contrastive_Representation_Arch/training_dense_testing_sparse/outputs/cases/cifar10/swin_tiny/grayscale/trained_compact/infer_compact/p40/seed0/299142938794b0f6df28105978fe8073e141a2b09cceeccdc5d65cd95ffde594/diagnostics/cells,76,All registered cases; only selected rendered tensors are rehashed by this exporter.
330906bc53c94b90cce2712dddd7274fe469c96ebfa395afc2c0d922207d5bf1,cifar10,swin_tiny,grayscale,1,compact,compact,40,13220bfdc33c9cf4650dd73e3a4527dfa123dcc569d5483e392ee4d87a3a871e,1047af87909095c2ee60f41793d839c504320f3b8ce40bf1751007d9ebe36dec,/ceph/sagnihot/projects/Lorena_Contrastive_Representation_Arch/training_dense_testing_sparse/outputs/cases/cifar10/swin_tiny/grayscale/trained_compact/infer_compact/p40/seed1/330906bc53c94b90cce2712dddd7274fe469c96ebfa395afc2c0d922207d5bf1/diagnostics/cells,76,All registered cases; only selected rendered tensors are rehashed by this exporter.
b8411e8e860403fcfd8d6e64ba09a3f587fd2cf9ca19edea5e0a8c5e0997a645,cifar10,swin_tiny,grayscale,2,compact,compact,40,4138089fb907e02402ec0525f2bfcd503a06886e3b15de2814ef80480df2552b,1047af87909095c2ee60f41793d839c504320f3b8ce40bf1751007d9ebe36dec,/ceph/sagnihot/projects/Lorena_Contrastive_Representation_Arch/training_dense_testing_sparse/outputs/cases/cifar10/swin_tiny/grayscale/trained_compact/infer_compact/p40/seed2/b8411e8e860403fcfd8d6e64ba09a3f587fd2cf9ca19edea5e0a8c5e0997a645/diagnostics/cells,76,All registered cases; only selected rendered tensors are rehashed by this exporter.
f9eda84a06426ba61c70a9f5046c0bdf4718b257b4910fee4abfac6191a51f0c,cifar10,swin_tiny,grayscale,0,dense,compact,40,6044ca36b20c6e4930631bf254bbc49c2a6d007c28c6dad2e64d93d48d9ee944,1047af87909095c2ee60f41793d839c504320f3b8ce40bf1751007d9ebe36dec,/ceph/sagnihot/projects/Lorena_Contrastive_Representation_Arch/training_dense_testing_sparse/outputs/cases/cifar10/swin_tiny/grayscale/trained_dense/infer_compact/p40/seed0/f9eda84a06426ba61c70a9f5046c0bdf4718b257b4910fee4abfac6191a51f0c/diagnostics/cells,76,All registered cases; only selected rendered tensors are rehashed by this exporter.
b66d935ecf9538d752838d2ce14d0ba3fc1f9ed87dc6fbc1ccc54cef6c26feba,cifar10,swin_tiny,grayscale,1,dense,compact,40,66b93a8751c67cb83a6b47d4ebe6c227e04004542fa77f67b1aa4696492cbb12,1047af87909095c2ee60f41793d839c504320f3b8ce40bf1751007d9ebe36dec,/ceph/sagnihot/projects/Lorena_Contrastive_Representation_Arch/training_dense_testing_sparse/outputs/cases/cifar10/swin_tiny/grayscale/trained_dense/infer_compact/p40/seed1/b66d935ecf9538d752838d2ce14d0ba3fc1f9ed87dc6fbc1ccc54cef6c26feba/diagnostics/cells,76,All registered cases; only selected rendered tensors are rehashed by this exporter.
0961e9467c9b8b29713182243dbd12455dd105ed8fb82bd7f9bfc5e38d60267a,cifar10,swin_tiny,grayscale,2,dense,compact,40,2a3b7de47f7c3116c9ed4e26109dc713938f3a63e2267a4668905554b979f39b,1047af87909095c2ee60f41793d839c504320f3b8ce40bf1751007d9ebe36dec,/ceph/sagnihot/projects/Lorena_Contrastive_Representation_Arch/training_dense_testing_sparse/outputs/cases/cifar10/swin_tiny/grayscale/trained_dense/infer_compact/p40/seed2/0961e9467c9b8b29713182243dbd12455dd105ed8fb82bd7f9bfc5e38d60267a/diagnostics/cells,76,All registered cases; only selected rendered tensors are rehashed by this exporter.
c0a39276f08700bf8b46cb4e43dd56d565ae8913503a4e8e1b6bf612d24f2332,cifar10,swin_tiny,raw,0,dense,compact,40,3292edaad6d1f81f87a8b508f23007e265f1506e12d81c7b47715ededb9a6546,377d79622b4be5ab780f2cc49d2998ca871c0899b1447524c906a2f2023b28ea,/ceph/sagnihot/projects/Lorena_Contrastive_Representation_Arch/training_dense_testing_sparse/outputs/cases/cifar10/swin_tiny/raw/trained_dense/infer_compact/p40/seed0/c0a39276f08700bf8b46cb4e43dd56d565ae8913503a4e8e1b6bf612d24f2332/diagnostics/cells,76,All registered cases; only selected rendered tensors are rehashed by this exporter.
dfeca15cb50f66b0038e12fe71adcdc442e3fcfa51ab3f909ad7078319efd5fb,cifar10,swin_tiny,raw,1,dense,compact,40,fe659f7e7cc2bcded57c75ed5272930ea1d37c77549aaf2b6da6e7cb4dbf548b,377d79622b4be5ab780f2cc49d2998ca871c0899b1447524c906a2f2023b28ea,/ceph/sagnihot/projects/Lorena_Contrastive_Representation_Arch/training_dense_testing_sparse/outputs/cases/cifar10/swin_tiny/raw/trained_dense/infer_compact/p40/seed1/dfeca15cb50f66b0038e12fe71adcdc442e3fcfa51ab3f909ad7078319efd5fb/diagnostics/cells,76,All registered cases; only selected rendered tensors are rehashed by this exporter.
038a28f67df6aea6b3d73bc60352474fe9aa2087439fcb3c5b43730e7921fa4d,cifar10,swin_tiny,raw,2,dense,compact,40,c0d05e70330b2102f46e929b2604e920636f02760a2b7ccac6c5cbb3b9b9012e,377d79622b4be5ab780f2cc49d2998ca871c0899b1447524c906a2f2023b28ea,/ceph/sagnihot/projects/Lorena_Contrastive_Representation_Arch/training_dense_testing_sparse/outputs/cases/cifar10/swin_tiny/raw/trained_dense/infer_compact/p40/seed2/038a28f67df6aea6b3d73bc60352474fe9aa2087439fcb3c5b43730e7921fa4d/diagnostics/cells,76,All registered cases; only selected rendered tensors are rehashed by this exporter.
c141d3adb8cdb928edf67dd9bcef14308c99b2f6e0b366fbfd8225558f2715a2,cifar10,swin_tiny,single_color,0,compact,compact,40,bb46a33dc8b69af65d8ca279b87ff17d18ff06059ac0030c0397ad03669c839c,566fa577f2da3e50d887e890148fb6bd20f667e8139d6a9b04ca4665f0cb39c3,/ceph/sagnihot/projects/Lorena_Contrastive_Representation_Arch/training_dense_testing_sparse/outputs/cases/cifar10/swin_tiny/single_color/trained_compact/infer_compact/p40/seed0/c141d3adb8cdb928edf67dd9bcef14308c99b2f6e0b366fbfd8225558f2715a2/diagnostics/cells,76,All registered cases; only selected rendered tensors are rehashed by this exporter.
060d1febf40d2828362b9f51c741af5cb9020355ad670ea931f4c270bb173d9e,cifar10,swin_tiny,single_color,1,compact,compact,40,b09d4231758cdc5f742a95c959b174a73f72e7eb7b5430e9f522d4a83a67b028,566fa577f2da3e50d887e890148fb6bd20f667e8139d6a9b04ca4665f0cb39c3,/ceph/sagnihot/projects/Lorena_Contrastive_Representation_Arch/training_dense_testing_sparse/outputs/cases/cifar10/swin_tiny/single_color/trained_compact/infer_compact/p40/seed1/060d1febf40d2828362b9f51c741af5cb9020355ad670ea931f4c270bb173d9e/diagnostics/cells,76,All registered cases; only selected rendered tensors are rehashed by this exporter.
2614972b8ad7161d8d0b2cb76afd8fd9bfc45d46ba7b95a16b189e0270fdead2,cifar10,swin_tiny,single_color,2,compact,compact,40,54da0e293091a1938bc82ea8a6cabeabbb55debd9fdfcc96b5b795b3667b91f4,566fa577f2da3e50d887e890148fb6bd20f667e8139d6a9b04ca4665f0cb39c3,/ceph/sagnihot/projects/Lorena_Contrastive_Representation_Arch/training_dense_testing_sparse/outputs/cases/cifar10/swin_tiny/single_color/trained_compact/infer_compact/p40/seed2/2614972b8ad7161d8d0b2cb76afd8fd9bfc45d46ba7b95a16b189e0270fdead2/diagnostics/cells,76,All registered cases; only selected rendered tensors are rehashed by this exporter.
08b0cf029925fb44025a9c549a3c6e2443cf394d2b8a374e5726da52144d1b74,cifar10,swin_tiny,single_color,0,dense,compact,40,74fce3b1d058b6cf57055516ceb85d442b7674eddb8950f5244b3a22cc35862f,566fa577f2da3e50d887e890148fb6bd20f667e8139d6a9b04ca4665f0cb39c3,/ceph/sagnihot/projects/Lorena_Contrastive_Representation_Arch/training_dense_testing_sparse/outputs/cases/cifar10/swin_tiny/single_color/trained_dense/infer_compact/p40/seed0/08b0cf029925fb44025a9c549a3c6e2443cf394d2b8a374e5726da52144d1b74/diagnostics/cells,76,All registered cases; only selected rendered tensors are rehashed by this exporter.
bb8105ca419b86a526da15c75bcf2a9b76b58fba52029ec2472f8872dadff651,cifar10,swin_tiny,single_color,1,dense,compact,40,b7af9c2326beb1db7fc4aba06b867583770ebfc6e2869cb6193ee752cc81fb63,566fa577f2da3e50d887e890148fb6bd20f667e8139d6a9b04ca4665f0cb39c3,/ceph/sagnihot/projects/Lorena_Contrastive_Representation_Arch/training_dense_testing_sparse/outputs/cases/cifar10/swin_tiny/single_color/trained_dense/infer_compact/p40/seed1/bb8105ca419b86a526da15c75bcf2a9b76b58fba52029ec2472f8872dadff651/diagnostics/cells,76,All registered cases; only selected rendered tensors are rehashed by this exporter.
4020d6ad6fcfb2b6550dc5a1dd6b7852eabd69488e2ee26e257913f03b698949,cifar10,swin_tiny,single_color,2,dense,compact,40,9af4c0f5bd726b176994f562d5b5b3f4e326392003f27ce9b795221daa4a186e,566fa577f2da3e50d887e890148fb6bd20f667e8139d6a9b04ca4665f0cb39c3,/ceph/sagnihot/projects/Lorena_Contrastive_Representation_Arch/training_dense_testing_sparse/outputs/cases/cifar10/swin_tiny/single_color/trained_dense/infer_compact/p40/seed2/4020d6ad6fcfb2b6550dc5a1dd6b7852eabd69488e2ee26e257913f03b698949/diagnostics/cells,76,All registered cases; only selected rendered tensors are rehashed by this exporter.
9acd1bae8e9b657fbd1ae7a12e708bfe8eb486defdfef8c775485212aa28d7ee,cifar10,vit_small,color_opponency,0,compact,compact,40,37de2ec99f0e84cc52750431e5e654b4c4548ea78d057a8d1e9f8503629dde4d,421a6c555b0de148ccc8177f266f90a3075af88135876e49829b120b02b133b6,/ceph/sagnihot/projects/Lorena_Contrastive_Representation_Arch/training_dense_testing_sparse/outputs/cases/cifar10/vit_small/color_opponency/trained_compact/infer_compact/p40/seed0/9acd1bae8e9b657fbd1ae7a12e708bfe8eb486defdfef8c775485212aa28d7ee/diagnostics/cells,76,All registered cases; only selected rendered tensors are rehashed by this exporter.
7309551201a1142ab54b4d7513e7a5414b8277a2130fa9856e16f05c1c37afe4,cifar10,vit_small,color_opponency,1,compact,compact,40,cc6c4ff852a89054d605a64dc0da897019275dfbee1773e7b12502eea47dc741,421a6c555b0de148ccc8177f266f90a3075af88135876e49829b120b02b133b6,/ceph/sagnihot/projects/Lorena_Contrastive_Representation_Arch/training_dense_testing_sparse/outputs/cases/cifar10/vit_small/color_opponency/trained_compact/infer_compact/p40/seed1/7309551201a1142ab54b4d7513e7a5414b8277a2130fa9856e16f05c1c37afe4/diagnostics/cells,76,All registered cases; only selected rendered tensors are rehashed by this exporter.
6380f11bd41dfe85945a01241584c7756818022aee8d5604957871f79543a9bf,cifar10,vit_small,color_opponency,2,compact,compact,40,256c9aba780e83006c9b4051eb71e7675e73ec3353ddf4c9b36cc6d6a8f81b13,421a6c555b0de148ccc8177f266f90a3075af88135876e49829b120b02b133b6,/ceph/sagnihot/projects/Lorena_Contrastive_Representation_Arch/training_dense_testing_sparse/outputs/cases/cifar10/vit_small/color_opponency/trained_compact/infer_compact/p40/seed2/6380f11bd41dfe85945a01241584c7756818022aee8d5604957871f79543a9bf/diagnostics/cells,76,All registered cases; only selected rendered tensors are rehashed by this exporter.
af18f06bec1b37dbc491f0bb4f34dd97356f317ae8a3715e2340cc0c8d65437e,cifar10,vit_small,color_opponency,0,dense,compact,40,6ac6ab6efa8fe9667b6cfec2b439c1a483d484602b0dfdb7f1697805bfb32d49,421a6c555b0de148ccc8177f266f90a3075af88135876e49829b120b02b133b6,/ceph/sagnihot/projects/Lorena_Contrastive_Representation_Arch/training_dense_testing_sparse/outputs/cases/cifar10/vit_small/color_opponency/trained_dense/infer_compact/p40/seed0/af18f06bec1b37dbc491f0bb4f34dd97356f317ae8a3715e2340cc0c8d65437e/diagnostics/cells,76,All registered cases; only selected rendered tensors are rehashed by this exporter.
53a1f965be38dc1bc2d939402dbe5d1b920ea1faf0f996b4799f40d193e3a4d4,cifar10,vit_small,color_opponency,1,dense,compact,40,68d86b6eaac4b9181759fdf74d2ba1e58dec9a64c6c46a337f12d54d2ef69294,421a6c555b0de148ccc8177f266f90a3075af88135876e49829b120b02b133b6,/ceph/sagnihot/projects/Lorena_Contrastive_Representation_Arch/training_dense_testing_sparse/outputs/cases/cifar10/vit_small/color_opponency/trained_dense/infer_compact/p40/seed1/53a1f965be38dc1bc2d939402dbe5d1b920ea1faf0f996b4799f40d193e3a4d4/diagnostics/cells,76,All registered cases; only selected rendered tensors are rehashed by this exporter.
d7ea3c301e4a4fb995f920dc0e770f481634fae0aacdd67abc438f4abf7a2106,cifar10,vit_small,color_opponency,2,dense,compact,40,5996a511e29f768e94b52050b63e86d5c734908cfb89f071a0215dee0cf9ac41,421a6c555b0de148ccc8177f266f90a3075af88135876e49829b120b02b133b6,/ceph/sagnihot/projects/Lorena_Contrastive_Representation_Arch/training_dense_testing_sparse/outputs/cases/cifar10/vit_small/color_opponency/trained_dense/infer_compact/p40/seed2/d7ea3c301e4a4fb995f920dc0e770f481634fae0aacdd67abc438f4abf7a2106/diagnostics/cells,76,All registered cases; only selected rendered tensors are rehashed by this exporter.
ecca62af9f01787d0134435aa6f68f3120f7718616a923447de30b6c2d3187a8,cifar10,vit_small,grayscale,0,compact,compact,40,5525bb3230ca1bd20fbb778be4c121a9cfef3bd270f0e4dae5015b2878d97c09,1047af87909095c2ee60f41793d839c504320f3b8ce40bf1751007d9ebe36dec,/ceph/sagnihot/projects/Lorena_Contrastive_Representation_Arch/training_dense_testing_sparse/outputs/cases/cifar10/vit_small/grayscale/trained_compact/infer_compact/p40/seed0/ecca62af9f01787d0134435aa6f68f3120f7718616a923447de30b6c2d3187a8/diagnostics/cells,76,All registered cases; only selected rendered tensors are rehashed by this exporter.
6f631a632d253d5125c42084943c6577f4c0472800e8c5ba9452e4c796799ae0,cifar10,vit_small,grayscale,1,compact,compact,40,732d4a2c3a1c116592563e0a1d8079371f809743798db06af2996f6171bb5f8e,1047af87909095c2ee60f41793d839c504320f3b8ce40bf1751007d9ebe36dec,/ceph/sagnihot/projects/Lorena_Contrastive_Representation_Arch/training_dense_testing_sparse/outputs/cases/cifar10/vit_small/grayscale/trained_compact/infer_compact/p40/seed1/6f631a632d253d5125c42084943c6577f4c0472800e8c5ba9452e4c796799ae0/diagnostics/cells,76,All registered cases; only selected rendered tensors are rehashed by this exporter.
0b9de53404b6336a32e3dad323e700b3038257c3e6997eb2ec00aec5c4ee5849,cifar10,vit_small,grayscale,2,compact,compact,40,419b5bb3a9a427d926a6310430e09d188260807d9d1dad2bd5df3489496b119c,1047af87909095c2ee60f41793d839c504320f3b8ce40bf1751007d9ebe36dec,/ceph/sagnihot/projects/Lorena_Contrastive_Representation_Arch/training_dense_testing_sparse/outputs/cases/cifar10/vit_small/grayscale/trained_compact/infer_compact/p40/seed2/0b9de53404b6336a32e3dad323e700b3038257c3e6997eb2ec00aec5c4ee5849/diagnostics/cells,76,All registered cases; only selected rendered tensors are rehashed by this exporter.
f087986ab8b04a01ecbd067c4ad991d7de30d45265bb9ac93dfb0f87a66c6ab1,cifar10,vit_small,grayscale,0,dense,compact,40,b63dea18ba04ebec90aa387b94608ae909f9951b5f93072d2366e170a7e899a5,1047af87909095c2ee60f41793d839c504320f3b8ce40bf1751007d9ebe36dec,/ceph/sagnihot/projects/Lorena_Contrastive_Representation_Arch/training_dense_testing_sparse/outputs/cases/cifar10/vit_small/grayscale/trained_dense/infer_compact/p40/seed0/f087986ab8b04a01ecbd067c4ad991d7de30d45265bb9ac93dfb0f87a66c6ab1/diagnostics/cells,76,All registered cases; only selected rendered tensors are rehashed by this exporter.
1a3fc887acdc314d0ae62967657f39f01c895b1db88b14a7791593452bf933b1,cifar10,vit_small,grayscale,1,dense,compact,40,b0ee16f423c590c7b2825b45a2197bc867f6dc9afd6aafdf9bd17b05322b1253,1047af87909095c2ee60f41793d839c504320f3b8ce40bf1751007d9ebe36dec,/ceph/sagnihot/projects/Lorena_Contrastive_Representation_Arch/training_dense_testing_sparse/outputs/cases/cifar10/vit_small/grayscale/trained_dense/infer_compact/p40/seed1/1a3fc887acdc314d0ae62967657f39f01c895b1db88b14a7791593452bf933b1/diagnostics/cells,76,All registered cases; only selected rendered tensors are rehashed by this exporter.
79ce307819b2e08e33d36e3f025fccb5d72acfc09217f643d512a48e4f21400a,cifar10,vit_small,grayscale,2,dense,compact,40,7babc96121d5f89850cbcc509af4ec2f9ce5f8ca5fa941133ff06758c159091f,1047af87909095c2ee60f41793d839c504320f3b8ce40bf1751007d9ebe36dec,/ceph/sagnihot/projects/Lorena_Contrastive_Representation_Arch/training_dense_testing_sparse/outputs/cases/cifar10/vit_small/grayscale/trained_dense/infer_compact/p40/seed2/79ce307819b2e08e33d36e3f025fccb5d72acfc09217f643d512a48e4f21400a/diagnostics/cells,76,All registered cases; only selected rendered tensors are rehashed by this exporter.
1e61c3c68c7ccb03a10fdda8d75a9bcd4bc17efcb9e095f594c0a689711d7dd1,cifar10,vit_small,raw,0,dense,compact,40,a8369ed680009e45868b72c0316b8d39c74371d912ed437ff6bf9dc89488db33,377d79622b4be5ab780f2cc49d2998ca871c0899b1447524c906a2f2023b28ea,/ceph/sagnihot/projects/Lorena_Contrastive_Representation_Arch/training_dense_testing_sparse/outputs/cases/cifar10/vit_small/raw/trained_dense/infer_compact/p40/seed0/1e61c3c68c7ccb03a10fdda8d75a9bcd4bc17efcb9e095f594c0a689711d7dd1/diagnostics/cells,76,All registered cases; only selected rendered tensors are rehashed by this exporter.
dc2462fb63d2b4f15753f749404f6d48a1c0c3b744fed8bde6f015a3d658e32d,cifar10,vit_small,raw,1,dense,compact,40,51013aa13debf7716aa0c9fa9d431e2a16cb1727a003497460469b5e728eaeb4,377d79622b4be5ab780f2cc49d2998ca871c0899b1447524c906a2f2023b28ea,/ceph/sagnihot/projects/Lorena_Contrastive_Representation_Arch/training_dense_testing_sparse/outputs/cases/cifar10/vit_small/raw/trained_dense/infer_compact/p40/seed1/dc2462fb63d2b4f15753f749404f6d48a1c0c3b744fed8bde6f015a3d658e32d/diagnostics/cells,76,All registered cases; only selected rendered tensors are rehashed by this exporter.
015c2c4882071e936b5118ccbe2345d87e4e39edaad903864b526b89ed3381a1,cifar10,vit_small,raw,2,dense,compact,40,92f9655eb068a90ffb82799f9d4939a1b20fefa95c7967c571e933859172321e,377d79622b4be5ab780f2cc49d2998ca871c0899b1447524c906a2f2023b28ea,/ceph/sagnihot/projects/Lorena_Contrastive_Representation_Arch/training_dense_testing_sparse/outputs/cases/cifar10/vit_small/raw/trained_dense/infer_compact/p40/seed2/015c2c4882071e936b5118ccbe2345d87e4e39edaad903864b526b89ed3381a1/diagnostics/cells,76,All registered cases; only selected rendered tensors are rehashed by this exporter.
f5f1354012016e596c6a73d85f9461efe11f48041e9eaf339421712739347b34,cifar10,vit_small,single_color,0,compact,compact,40,33444dbf27ccf9d09e9bc6815558429934b9b612bf912ef7c263e2fad03e2c1e,566fa577f2da3e50d887e890148fb6bd20f667e8139d6a9b04ca4665f0cb39c3,/ceph/sagnihot/projects/Lorena_Contrastive_Representation_Arch/training_dense_testing_sparse/outputs/cases/cifar10/vit_small/single_color/trained_compact/infer_compact/p40/seed0/f5f1354012016e596c6a73d85f9461efe11f48041e9eaf339421712739347b34/diagnostics/cells,76,All registered cases; only selected rendered tensors are rehashed by this exporter.
0e0ef963bbd22e1ea335f1d1eb270d63ac78753b0f567a990e1b3af639b84531,cifar10,vit_small,single_color,1,compact,compact,40,9c8bd1d942d5eebc735cbfd5c953e9e80365d176a194c9231b43ef9fc509a79c,566fa577f2da3e50d887e890148fb6bd20f667e8139d6a9b04ca4665f0cb39c3,/ceph/sagnihot/projects/Lorena_Contrastive_Representation_Arch/training_dense_testing_sparse/outputs/cases/cifar10/vit_small/single_color/trained_compact/infer_compact/p40/seed1/0e0ef963bbd22e1ea335f1d1eb270d63ac78753b0f567a990e1b3af639b84531/diagnostics/cells,76,All registered cases; only selected rendered tensors are rehashed by this exporter.
ca8e33a79af6fa1ef80ce3dc180da01f794a760f0eeef885133d177c5591c60c,cifar10,vit_small,single_color,2,compact,compact,40,3fd91e2eda56a286994526f35b5dec72d05b5c1513e50fd3381168829ede49c7,566fa577f2da3e50d887e890148fb6bd20f667e8139d6a9b04ca4665f0cb39c3,/ceph/sagnihot/projects/Lorena_Contrastive_Representation_Arch/training_dense_testing_sparse/outputs/cases/cifar10/vit_small/single_color/trained_compact/infer_compact/p40/seed2/ca8e33a79af6fa1ef80ce3dc180da01f794a760f0eeef885133d177c5591c60c/diagnostics/cells,76,All registered cases; only selected rendered tensors are rehashed by this exporter.
eb47069152318ee63fbd0f6c4a8eded835f1f19e559fae110d8e439411c710a1,cifar10,vit_small,single_color,0,dense,compact,40,9fa97932cb6c84ca661c56235128961714203d1ebfd34d4c9142695a6361bacf,566fa577f2da3e50d887e890148fb6bd20f667e8139d6a9b04ca4665f0cb39c3,/ceph/sagnihot/projects/Lorena_Contrastive_Representation_Arch/training_dense_testing_sparse/outputs/cases/cifar10/vit_small/single_color/trained_dense/infer_compact/p40/seed0/eb47069152318ee63fbd0f6c4a8eded835f1f19e559fae110d8e439411c710a1/diagnostics/cells,76,All registered cases; only selected rendered tensors are rehashed by this exporter.
5ff12c772b319054d72c3962e593f6da013360fe839acfd9f72dfbc7398251c3,cifar10,vit_small,single_color,1,dense,compact,40,a14ddc5c19aa65cee18f9e67214fec43fad92bbdd3ee9a459ac0341fe3f3731c,566fa577f2da3e50d887e890148fb6bd20f667e8139d6a9b04ca4665f0cb39c3,/ceph/sagnihot/projects/Lorena_Contrastive_Representation_Arch/training_dense_testing_sparse/outputs/cases/cifar10/vit_small/single_color/trained_dense/infer_compact/p40/seed1/5ff12c772b319054d72c3962e593f6da013360fe839acfd9f72dfbc7398251c3/diagnostics/cells,76,All registered cases; only selected rendered tensors are rehashed by this exporter.
d24c422a8cb0c0088be48b0a8f8615d3b0cc3a9a4bd83d0a862fb89c58f5d019,cifar10,vit_small,single_color,2,dense,compact,40,2eeae4368927974e6744ec6a28e73efe04d841b8697a1cbf46ddb4dd42514b7a,566fa577f2da3e50d887e890148fb6bd20f667e8139d6a9b04ca4665f0cb39c3,/ceph/sagnihot/projects/Lorena_Contrastive_Representation_Arch/training_dense_testing_sparse/outputs/cases/cifar10/vit_small/single_color/trained_dense/infer_compact/p40/seed2/d24c422a8cb0c0088be48b0a8f8615d3b0cc3a9a4bd83d0a862fb89c58f5d019/diagnostics/cells,76,All registered cases; only selected rendered tensors are rehashed by this exporter.
18b87375ce84b0506d8063bcacf7e7ec3e1319dc696f3cc02c1a6a643e3464d8,mnist,swin_tiny,grayscale,0,compact,compact,40,7b0a41b35e709e34296548f99714540de2cfe6fab7cd6d2b8d8850be56665407,d2362b43edbe82cdc1f7c0323b1a1dd6e6ebb896538140efb20f06e957aed212,/ceph/sagnihot/projects/Lorena_Contrastive_Representation_Arch/training_dense_testing_sparse/outputs/cases/mnist/swin_tiny/grayscale/trained_compact/infer_compact/p40/seed0/18b87375ce84b0506d8063bcacf7e7ec3e1319dc696f3cc02c1a6a643e3464d8/diagnostics/cells,16,All registered cases; only selected rendered tensors are rehashed by this exporter.
32df056af6471b8266135205bd7d8a014f30dbbeead136b74d336780f0de9aad,mnist,swin_tiny,grayscale,1,compact,compact,40,27834ca7879cdcbc657227d83ee6209161fc84b956f9fc30765d0b5f59e7f707,d2362b43edbe82cdc1f7c0323b1a1dd6e6ebb896538140efb20f06e957aed212,/ceph/sagnihot/projects/Lorena_Contrastive_Representation_Arch/training_dense_testing_sparse/outputs/cases/mnist/swin_tiny/grayscale/trained_compact/infer_compact/p40/seed1/32df056af6471b8266135205bd7d8a014f30dbbeead136b74d336780f0de9aad/diagnostics/cells,16,All registered cases; only selected rendered tensors are rehashed by this exporter.
2e4c6be8edbcef62c594e1bab282f6b7468a8e1c44ce6615dd0994d06fadcd16,mnist,swin_tiny,grayscale,2,compact,compact,40,984f081ec99d3e4bbdd3bdec162111e3b71fd5987938caf8959881f15ccd05d4,d2362b43edbe82cdc1f7c0323b1a1dd6e6ebb896538140efb20f06e957aed212,/ceph/sagnihot/projects/Lorena_Contrastive_Representation_Arch/training_dense_testing_sparse/outputs/cases/mnist/swin_tiny/grayscale/trained_compact/infer_compact/p40/seed2/2e4c6be8edbcef62c594e1bab282f6b7468a8e1c44ce6615dd0994d06fadcd16/diagnostics/cells,16,All registered cases; only selected rendered tensors are rehashed by this exporter.
d2f3b1ca0240fc032e59ad59eb1fd6ab24b7a64f3d5d9b536a1dad91a3500a92,mnist,swin_tiny,grayscale,0,dense,compact,40,473ed25a586e0ea8fb93e4fadfcfd4e7e18bde623e0f22701c184b2da680520b,d2362b43edbe82cdc1f7c0323b1a1dd6e6ebb896538140efb20f06e957aed212,/ceph/sagnihot/projects/Lorena_Contrastive_Representation_Arch/training_dense_testing_sparse/outputs/cases/mnist/swin_tiny/grayscale/trained_dense/infer_compact/p40/seed0/d2f3b1ca0240fc032e59ad59eb1fd6ab24b7a64f3d5d9b536a1dad91a3500a92/diagnostics/cells,16,All registered cases; only selected rendered tensors are rehashed by this exporter.
984e7218d66b30ce39b7406567e6a044904bfd77803eb546cf291581fd6d2fd1,mnist,swin_tiny,grayscale,1,dense,compact,40,3c122f0fd1faf70a5670d3c6526b0c7197dc73ded514139a3796e6045a6fb776,d2362b43edbe82cdc1f7c0323b1a1dd6e6ebb896538140efb20f06e957aed212,/ceph/sagnihot/projects/Lorena_Contrastive_Representation_Arch/training_dense_testing_sparse/outputs/cases/mnist/swin_tiny/grayscale/trained_dense/infer_compact/p40/seed1/984e7218d66b30ce39b7406567e6a044904bfd77803eb546cf291581fd6d2fd1/diagnostics/cells,16,All registered cases; only selected rendered tensors are rehashed by this exporter.
0a33678d26149bee7fba3810cd7b3f5a2fa741af95a3dc9bbca3f83e94193616,mnist,swin_tiny,grayscale,2,dense,compact,40,b0393e9d1c0e15b51559e628483e2ed496574409f6794199f61ad346d461af16,d2362b43edbe82cdc1f7c0323b1a1dd6e6ebb896538140efb20f06e957aed212,/ceph/sagnihot/projects/Lorena_Contrastive_Representation_Arch/training_dense_testing_sparse/outputs/cases/mnist/swin_tiny/grayscale/trained_dense/infer_compact/p40/seed2/0a33678d26149bee7fba3810cd7b3f5a2fa741af95a3dc9bbca3f83e94193616/diagnostics/cells,16,All registered cases; only selected rendered tensors are rehashed by this exporter.
5d5eed8f4aac596669a42d64982e59e977c3888536103901c7dedff13d4c87aa,mnist,swin_tiny,raw,0,dense,compact,40,4f4de1c96ce3171d528465ea583fe366ccbf1eeed9fc126ed5b29d61cc878836,74be2eb7180e855812c6b42276b2aafb6baf921a0ade2ec0d172dbb4ef69d3d7,/ceph/sagnihot/projects/Lorena_Contrastive_Representation_Arch/training_dense_testing_sparse/outputs/cases/mnist/swin_tiny/raw/trained_dense/infer_compact/p40/seed0/5d5eed8f4aac596669a42d64982e59e977c3888536103901c7dedff13d4c87aa/diagnostics/cells,16,All registered cases; only selected rendered tensors are rehashed by this exporter.
448509a7d0adc743d2857d5ae7d7d8c805b62f15ad8e2f01752b76c067499e1e,mnist,swin_tiny,raw,1,dense,compact,40,485f892a847b6dbcfdab4e13b46349e10ca7e3c0d81810dc50d69b0ada0c05f0,74be2eb7180e855812c6b42276b2aafb6baf921a0ade2ec0d172dbb4ef69d3d7,/ceph/sagnihot/projects/Lorena_Contrastive_Representation_Arch/training_dense_testing_sparse/outputs/cases/mnist/swin_tiny/raw/trained_dense/infer_compact/p40/seed1/448509a7d0adc743d2857d5ae7d7d8c805b62f15ad8e2f01752b76c067499e1e/diagnostics/cells,16,All registered cases; only selected rendered tensors are rehashed by this exporter.
8fac63e8626a19cb5dcf1564f30cc4a0b13f1713ee5150dcf9d7dd0e658e3b79,mnist,swin_tiny,raw,2,dense,compact,40,dc141a26cd438bb05b5097a229bc10b348f6a1d7cb9696567fc85afbb8440cbe,74be2eb7180e855812c6b42276b2aafb6baf921a0ade2ec0d172dbb4ef69d3d7,/ceph/sagnihot/projects/Lorena_Contrastive_Representation_Arch/training_dense_testing_sparse/outputs/cases/mnist/swin_tiny/raw/trained_dense/infer_compact/p40/seed2/8fac63e8626a19cb5dcf1564f30cc4a0b13f1713ee5150dcf9d7dd0e658e3b79/diagnostics/cells,16,All registered cases; only selected rendered tensors are rehashed by this exporter.
360ac8c591269c0a6dcbc4c5fef4894091359d5da971859b2398e719db2cf343,mnist,vit_small,grayscale,0,compact,compact,40,168dfdf4b1e77bdf998c5fcf65999cf6fb4a4b0c58b19ed9d0679fbe3a50e918,d2362b43edbe82cdc1f7c0323b1a1dd6e6ebb896538140efb20f06e957aed212,/ceph/sagnihot/projects/Lorena_Contrastive_Representation_Arch/training_dense_testing_sparse/outputs/cases/mnist/vit_small/grayscale/trained_compact/infer_compact/p40/seed0/360ac8c591269c0a6dcbc4c5fef4894091359d5da971859b2398e719db2cf343/diagnostics/cells,16,All registered cases; only selected rendered tensors are rehashed by this exporter.
2f74d66d88656f964d8d9c8841f21afa4955ce5deef828ab4ca9dd416585b6a0,mnist,vit_small,grayscale,1,compact,compact,40,bf2631dda7d9d271b18b8e9867cd79e4cb599f961d1d13de860454d586357601,d2362b43edbe82cdc1f7c0323b1a1dd6e6ebb896538140efb20f06e957aed212,/ceph/sagnihot/projects/Lorena_Contrastive_Representation_Arch/training_dense_testing_sparse/outputs/cases/mnist/vit_small/grayscale/trained_compact/infer_compact/p40/seed1/2f74d66d88656f964d8d9c8841f21afa4955ce5deef828ab4ca9dd416585b6a0/diagnostics/cells,16,All registered cases; only selected rendered tensors are rehashed by this exporter.
ecae2c7495ae092143f70ebd39c6d0425dda796c98e0b95480ea83d83eb2bdca,mnist,vit_small,grayscale,2,compact,compact,40,d40eaf4227e611b4235f679e1f5b2f9f68901fb6a89907585a7aca9162a6769c,d2362b43edbe82cdc1f7c0323b1a1dd6e6ebb896538140efb20f06e957aed212,/ceph/sagnihot/projects/Lorena_Contrastive_Representation_Arch/training_dense_testing_sparse/outputs/cases/mnist/vit_small/grayscale/trained_compact/infer_compact/p40/seed2/ecae2c7495ae092143f70ebd39c6d0425dda796c98e0b95480ea83d83eb2bdca/diagnostics/cells,16,All registered cases; only selected rendered tensors are rehashed by this exporter.
ab1958b89c1ce445984c4dfb61a8f93995760d8a9e51e792379ea5c5b18796d2,mnist,vit_small,grayscale,0,dense,compact,40,1febb833c97989dec964ce4247d5bb9f7f212d0d0ffea0016b5b7d6ef9e061db,d2362b43edbe82cdc1f7c0323b1a1dd6e6ebb896538140efb20f06e957aed212,/ceph/sagnihot/projects/Lorena_Contrastive_Representation_Arch/training_dense_testing_sparse/outputs/cases/mnist/vit_small/grayscale/trained_dense/infer_compact/p40/seed0/ab1958b89c1ce445984c4dfb61a8f93995760d8a9e51e792379ea5c5b18796d2/diagnostics/cells,16,All registered cases; only selected rendered tensors are rehashed by this exporter.
4dadd72b9b6b1d66f1ed39a7bda8e6be72d0bfb1e579872d3521bad0a86fefb9,mnist,vit_small,grayscale,1,dense,compact,40,10a1c020e268e60f92a50cb1a938f7e478078107b9a7dd5bcd30e3f36dd50ae6,d2362b43edbe82cdc1f7c0323b1a1dd6e6ebb896538140efb20f06e957aed212,/ceph/sagnihot/projects/Lorena_Contrastive_Representation_Arch/training_dense_testing_sparse/outputs/cases/mnist/vit_small/grayscale/trained_dense/infer_compact/p40/seed1/4dadd72b9b6b1d66f1ed39a7bda8e6be72d0bfb1e579872d3521bad0a86fefb9/diagnostics/cells,16,All registered cases; only selected rendered tensors are rehashed by this exporter.
cf2a961eb2b321e9d687acf4fe29ffe3b8b688cf02a715d1d8c8c45cc13fb244,mnist,vit_small,grayscale,2,dense,compact,40,04b23e1d894d5cd0ffacd122ef55cc5578fe60d76fbf71286f07dceb0d27c789,d2362b43edbe82cdc1f7c0323b1a1dd6e6ebb896538140efb20f06e957aed212,/ceph/sagnihot/projects/Lorena_Contrastive_Representation_Arch/training_dense_testing_sparse/outputs/cases/mnist/vit_small/grayscale/trained_dense/infer_compact/p40/seed2/cf2a961eb2b321e9d687acf4fe29ffe3b8b688cf02a715d1d8c8c45cc13fb244/diagnostics/cells,16,All registered cases; only selected rendered tensors are rehashed by this exporter.
7cbca5052f4a3630ddaf7b8dff7841dfbe9b2be33ac7253458ec250854bfd359,mnist,vit_small,raw,0,dense,compact,40,3db92cbcafbbc2751e66333d710ad6f6ab62881147312fbf9142265b64fd326b,74be2eb7180e855812c6b42276b2aafb6baf921a0ade2ec0d172dbb4ef69d3d7,/ceph/sagnihot/projects/Lorena_Contrastive_Representation_Arch/training_dense_testing_sparse/outputs/cases/mnist/vit_small/raw/trained_dense/infer_compact/p40/seed0/7cbca5052f4a3630ddaf7b8dff7841dfbe9b2be33ac7253458ec250854bfd359/diagnostics/cells,16,All registered cases; only selected rendered tensors are rehashed by this exporter.
f0620c358f058d773a63a094fcfd73e6ef30a8fb7bb55a079cdedd966b183642,mnist,vit_small,raw,1,dense,compact,40,acbec74b30d2bb2dbba09b75e00a22ce88387ed47cb09fa6403be759a89ac248,74be2eb7180e855812c6b42276b2aafb6baf921a0ade2ec0d172dbb4ef69d3d7,/ceph/sagnihot/projects/Lorena_Contrastive_Representation_Arch/training_dense_testing_sparse/outputs/cases/mnist/vit_small/raw/trained_dense/infer_compact/p40/seed1/f0620c358f058d773a63a094fcfd73e6ef30a8fb7bb55a079cdedd966b183642/diagnostics/cells,16,All registered cases; only selected rendered tensors are rehashed by this exporter.
d53fa0a1a4979993f6016526e9a12a426b63e3ff6a3ffdac9be348faf666f99c,mnist,vit_small,raw,2,dense,compact,40,63bb2214a8ab262e48865109fcf46769e97d9659bc9e8d3557e8cd23394adc56,74be2eb7180e855812c6b42276b2aafb6baf921a0ade2ec0d172dbb4ef69d3d7,/ceph/sagnihot/projects/Lorena_Contrastive_Representation_Arch/training_dense_testing_sparse/outputs/cases/mnist/vit_small/raw/trained_dense/infer_compact/p40/seed2/d53fa0a1a4979993f6016526e9a12a426b63e3ff6a3ffdac9be348faf666f99c/diagnostics/cells,16,All registered cases; only selected rendered tensors are rehashed by this exporter.
3143b32fcc2a455bfda2e7d9242625ae6b5b03a1e63bc351245b3312916f894b,cifar10,swin_tiny,color_opponency,0,compact,compact,50,a1588df6cc4aa446ef6729c07ec425d9f89c93cfbeb71b723f0b336b231ea48d,421a6c555b0de148ccc8177f266f90a3075af88135876e49829b120b02b133b6,/ceph/sagnihot/projects/Lorena_Contrastive_Representation_Arch/training_dense_testing_sparse/outputs/cases/cifar10/swin_tiny/color_opponency/trained_compact/infer_compact/p50/seed0/3143b32fcc2a455bfda2e7d9242625ae6b5b03a1e63bc351245b3312916f894b/diagnostics/cells,76,All registered cases; only selected rendered tensors are rehashed by this exporter.
e3f011333e50085a393c7cab5611683f06cbd8afbafab5ff6819f9d9d02f0cb8,cifar10,swin_tiny,color_opponency,1,compact,compact,50,238361a79e91c52e2fd36d712b98e970b6286e5316b2293833aade616d11c014,421a6c555b0de148ccc8177f266f90a3075af88135876e49829b120b02b133b6,/ceph/sagnihot/projects/Lorena_Contrastive_Representation_Arch/training_dense_testing_sparse/outputs/cases/cifar10/swin_tiny/color_opponency/trained_compact/infer_compact/p50/seed1/e3f011333e50085a393c7cab5611683f06cbd8afbafab5ff6819f9d9d02f0cb8/diagnostics/cells,76,All registered cases; only selected rendered tensors are rehashed by this exporter.
153499a96baf55cb15ee6dd1de82e55d72b6e5b70227d397f6b04d0ea3bb072a,cifar10,swin_tiny,color_opponency,2,compact,compact,50,7858973d124027dfd76efc8522165b34da42f801109350bfe9edf5588b99ca59,421a6c555b0de148ccc8177f266f90a3075af88135876e49829b120b02b133b6,/ceph/sagnihot/projects/Lorena_Contrastive_Representation_Arch/training_dense_testing_sparse/outputs/cases/cifar10/swin_tiny/color_opponency/trained_compact/infer_compact/p50/seed2/153499a96baf55cb15ee6dd1de82e55d72b6e5b70227d397f6b04d0ea3bb072a/diagnostics/cells,76,All registered cases; only selected rendered tensors are rehashed by this exporter.
030ded632f5f7fc94a3303c17752aca6308ffbd3692990f8d3b326b51abad38e,cifar10,swin_tiny,color_opponency,0,dense,compact,50,fab9441233ae76a1b48e0b353942c30293499e8a2d4c2e9c062d73159e012032,421a6c555b0de148ccc8177f266f90a3075af88135876e49829b120b02b133b6,/ceph/sagnihot/projects/Lorena_Contrastive_Representation_Arch/training_dense_testing_sparse/outputs/cases/cifar10/swin_tiny/color_opponency/trained_dense/infer_compact/p50/seed0/030ded632f5f7fc94a3303c17752aca6308ffbd3692990f8d3b326b51abad38e/diagnostics/cells,76,All registered cases; only selected rendered tensors are rehashed by this exporter.
8c26c89f37f5896f83383d56fa8d47f370d8548769f4b333793dbb7f6f7f390e,cifar10,swin_tiny,color_opponency,1,dense,compact,50,3a8d2f76403887b48ba87e6c04a928670d9aaf4079d21ba7ad87d5b9f491eeee,421a6c555b0de148ccc8177f266f90a3075af88135876e49829b120b02b133b6,/ceph/sagnihot/projects/Lorena_Contrastive_Representation_Arch/training_dense_testing_sparse/outputs/cases/cifar10/swin_tiny/color_opponency/trained_dense/infer_compact/p50/seed1/8c26c89f37f5896f83383d56fa8d47f370d8548769f4b333793dbb7f6f7f390e/diagnostics/cells,76,All registered cases; only selected rendered tensors are rehashed by this exporter.
fe90422079b3853bd463cba76375d842b6d84ebacb652a12694ef9e2e25fb0a2,cifar10,swin_tiny,color_opponency,2,dense,compact,50,70c047f178a68005810241c0e1315e68c21862bbc6485b102471e834d04345eb,421a6c555b0de148ccc8177f266f90a3075af88135876e49829b120b02b133b6,/ceph/sagnihot/projects/Lorena_Contrastive_Representation_Arch/training_dense_testing_sparse/outputs/cases/cifar10/swin_tiny/color_opponency/trained_dense/infer_compact/p50/seed2/fe90422079b3853bd463cba76375d842b6d84ebacb652a12694ef9e2e25fb0a2/diagnostics/cells,76,All registered cases; only selected rendered tensors are rehashed by this exporter.
40eec969e32de239f57001364501736cc5aaeb632cf7129a1bbe57d5e43d67be,cifar10,swin_tiny,grayscale,0,compact,compact,50,71871ed8857981958b2a6b9df5f131d33fe3c006b362f05353a506a36ed60600,1047af87909095c2ee60f41793d839c504320f3b8ce40bf1751007d9ebe36dec,/ceph/sagnihot/projects/Lorena_Contrastive_Representation_Arch/training_dense_testing_sparse/outputs/cases/cifar10/swin_tiny/grayscale/trained_compact/infer_compact/p50/seed0/40eec969e32de239f57001364501736cc5aaeb632cf7129a1bbe57d5e43d67be/diagnostics/cells,76,All registered cases; only selected rendered tensors are rehashed by this exporter.
c99be6bc95c7dd38577de3bc43577f5d04e5f0cb7065b266e12311c0b236c5cf,cifar10,swin_tiny,grayscale,1,compact,compact,50,13220bfdc33c9cf4650dd73e3a4527dfa123dcc569d5483e392ee4d87a3a871e,1047af87909095c2ee60f41793d839c504320f3b8ce40bf1751007d9ebe36dec,/ceph/sagnihot/projects/Lorena_Contrastive_Representation_Arch/training_dense_testing_sparse/outputs/cases/cifar10/swin_tiny/grayscale/trained_compact/infer_compact/p50/seed1/c99be6bc95c7dd38577de3bc43577f5d04e5f0cb7065b266e12311c0b236c5cf/diagnostics/cells,76,All registered cases; only selected rendered tensors are rehashed by this exporter.
b372db2870c4bd7a579d68d3b999e10d57e8fda876acc5b46ebabda9b7fc3e58,cifar10,swin_tiny,grayscale,2,compact,compact,50,4138089fb907e02402ec0525f2bfcd503a06886e3b15de2814ef80480df2552b,1047af87909095c2ee60f41793d839c504320f3b8ce40bf1751007d9ebe36dec,/ceph/sagnihot/projects/Lorena_Contrastive_Representation_Arch/training_dense_testing_sparse/outputs/cases/cifar10/swin_tiny/grayscale/trained_compact/infer_compact/p50/seed2/b372db2870c4bd7a579d68d3b999e10d57e8fda876acc5b46ebabda9b7fc3e58/diagnostics/cells,76,All registered cases; only selected rendered tensors are rehashed by this exporter.
87f3763e1e70351074573b5ff42ce8aab6b4ab61551cf8b3b916e780123545a7,cifar10,swin_tiny,grayscale,0,dense,compact,50,6044ca36b20c6e4930631bf254bbc49c2a6d007c28c6dad2e64d93d48d9ee944,1047af87909095c2ee60f41793d839c504320f3b8ce40bf1751007d9ebe36dec,/ceph/sagnihot/projects/Lorena_Contrastive_Representation_Arch/training_dense_testing_sparse/outputs/cases/cifar10/swin_tiny/grayscale/trained_dense/infer_compact/p50/seed0/87f3763e1e70351074573b5ff42ce8aab6b4ab61551cf8b3b916e780123545a7/diagnostics/cells,76,All registered cases; only selected rendered tensors are rehashed by this exporter.
5474fb6b0b24e145181eb3db885e06dceb4fc7e77e779a7f31543302ca8805b0,cifar10,swin_tiny,grayscale,1,dense,compact,50,66b93a8751c67cb83a6b47d4ebe6c227e04004542fa77f67b1aa4696492cbb12,1047af87909095c2ee60f41793d839c504320f3b8ce40bf1751007d9ebe36dec,/ceph/sagnihot/projects/Lorena_Contrastive_Representation_Arch/training_dense_testing_sparse/outputs/cases/cifar10/swin_tiny/grayscale/trained_dense/infer_compact/p50/seed1/5474fb6b0b24e145181eb3db885e06dceb4fc7e77e779a7f31543302ca8805b0/diagnostics/cells,76,All registered cases; only selected rendered tensors are rehashed by this exporter.
4c80e5583d188ad2de9ee1b993aa11eb6b3615a7b00b8daf0db4b3034fa3f3cb,cifar10,swin_tiny,grayscale,2,dense,compact,50,2a3b7de47f7c3116c9ed4e26109dc713938f3a63e2267a4668905554b979f39b,1047af87909095c2ee60f41793d839c504320f3b8ce40bf1751007d9ebe36dec,/ceph/sagnihot/projects/Lorena_Contrastive_Representation_Arch/training_dense_testing_sparse/outputs/cases/cifar10/swin_tiny/grayscale/trained_dense/infer_compact/p50/seed2/4c80e5583d188ad2de9ee1b993aa11eb6b3615a7b00b8daf0db4b3034fa3f3cb/diagnostics/cells,76,All registered cases; only selected rendered tensors are rehashed by this exporter.
309c5067792d8298d1ed1584698b2855e07af62595908b4371edb1a5ff43879c,cifar10,swin_tiny,raw,0,dense,compact,50,3292edaad6d1f81f87a8b508f23007e265f1506e12d81c7b47715ededb9a6546,377d79622b4be5ab780f2cc49d2998ca871c0899b1447524c906a2f2023b28ea,/ceph/sagnihot/projects/Lorena_Contrastive_Representation_Arch/training_dense_testing_sparse/outputs/cases/cifar10/swin_tiny/raw/trained_dense/infer_compact/p50/seed0/309c5067792d8298d1ed1584698b2855e07af62595908b4371edb1a5ff43879c/diagnostics/cells,76,All registered cases; only selected rendered tensors are rehashed by this exporter.
a899edaf8ec8d9d99f4a0df189b9dd6f3912848ecc666a283dc91c3556e03e2d,cifar10,swin_tiny,raw,1,dense,compact,50,fe659f7e7cc2bcded57c75ed5272930ea1d37c77549aaf2b6da6e7cb4dbf548b,377d79622b4be5ab780f2cc49d2998ca871c0899b1447524c906a2f2023b28ea,/ceph/sagnihot/projects/Lorena_Contrastive_Representation_Arch/training_dense_testing_sparse/outputs/cases/cifar10/swin_tiny/raw/trained_dense/infer_compact/p50/seed1/a899edaf8ec8d9d99f4a0df189b9dd6f3912848ecc666a283dc91c3556e03e2d/diagnostics/cells,76,All registered cases; only selected rendered tensors are rehashed by this exporter.
e5babfd2378e75c07929049fd88ce50af6b59082bacd0f763d2aeb9b7261f0c0,cifar10,swin_tiny,raw,2,dense,compact,50,c0d05e70330b2102f46e929b2604e920636f02760a2b7ccac6c5cbb3b9b9012e,377d79622b4be5ab780f2cc49d2998ca871c0899b1447524c906a2f2023b28ea,/ceph/sagnihot/projects/Lorena_Contrastive_Representation_Arch/training_dense_testing_sparse/outputs/cases/cifar10/swin_tiny/raw/trained_dense/infer_compact/p50/seed2/e5babfd2378e75c07929049fd88ce50af6b59082bacd0f763d2aeb9b7261f0c0/diagnostics/cells,76,All registered cases; only selected rendered tensors are rehashed by this exporter.
aa3e82d3efe3c81efee6575667dfcd01a6efb5e9cc7e19fb68c72f033dd728a3,cifar10,swin_tiny,single_color,0,compact,compact,50,bb46a33dc8b69af65d8ca279b87ff17d18ff06059ac0030c0397ad03669c839c,566fa577f2da3e50d887e890148fb6bd20f667e8139d6a9b04ca4665f0cb39c3,/ceph/sagnihot/projects/Lorena_Contrastive_Representation_Arch/training_dense_testing_sparse/outputs/cases/cifar10/swin_tiny/single_color/trained_compact/infer_compact/p50/seed0/aa3e82d3efe3c81efee6575667dfcd01a6efb5e9cc7e19fb68c72f033dd728a3/diagnostics/cells,76,All registered cases; only selected rendered tensors are rehashed by this exporter.
d7d4f362a8d356409442a1e8e0b1102693ddc413dd82bd8d53723dd0fa290c4c,cifar10,swin_tiny,single_color,1,compact,compact,50,b09d4231758cdc5f742a95c959b174a73f72e7eb7b5430e9f522d4a83a67b028,566fa577f2da3e50d887e890148fb6bd20f667e8139d6a9b04ca4665f0cb39c3,/ceph/sagnihot/projects/Lorena_Contrastive_Representation_Arch/training_dense_testing_sparse/outputs/cases/cifar10/swin_tiny/single_color/trained_compact/infer_compact/p50/seed1/d7d4f362a8d356409442a1e8e0b1102693ddc413dd82bd8d53723dd0fa290c4c/diagnostics/cells,76,All registered cases; only selected rendered tensors are rehashed by this exporter.
2f1ccc630da3103e1f53e15eab817311d5ec9afab291d6db2d17217db2ba4082,cifar10,swin_tiny,single_color,2,compact,compact,50,54da0e293091a1938bc82ea8a6cabeabbb55debd9fdfcc96b5b795b3667b91f4,566fa577f2da3e50d887e890148fb6bd20f667e8139d6a9b04ca4665f0cb39c3,/ceph/sagnihot/projects/Lorena_Contrastive_Representation_Arch/training_dense_testing_sparse/outputs/cases/cifar10/swin_tiny/single_color/trained_compact/infer_compact/p50/seed2/2f1ccc630da3103e1f53e15eab817311d5ec9afab291d6db2d17217db2ba4082/diagnostics/cells,76,All registered cases; only selected rendered tensors are rehashed by this exporter.
8fb9e08264915feae430947f6745f4b4a85bbb2ef63b66f2a737dae9e75ca924,cifar10,swin_tiny,single_color,0,dense,compact,50,74fce3b1d058b6cf57055516ceb85d442b7674eddb8950f5244b3a22cc35862f,566fa577f2da3e50d887e890148fb6bd20f667e8139d6a9b04ca4665f0cb39c3,/ceph/sagnihot/projects/Lorena_Contrastive_Representation_Arch/training_dense_testing_sparse/outputs/cases/cifar10/swin_tiny/single_color/trained_dense/infer_compact/p50/seed0/8fb9e08264915feae430947f6745f4b4a85bbb2ef63b66f2a737dae9e75ca924/diagnostics/cells,76,All registered cases; only selected rendered tensors are rehashed by this exporter.
d93f6759e2ff375a243c0dec55529aaa693b7bc9bf9134f427aae5ca098614f6,cifar10,swin_tiny,single_color,1,dense,compact,50,b7af9c2326beb1db7fc4aba06b867583770ebfc6e2869cb6193ee752cc81fb63,566fa577f2da3e50d887e890148fb6bd20f667e8139d6a9b04ca4665f0cb39c3,/ceph/sagnihot/projects/Lorena_Contrastive_Representation_Arch/training_dense_testing_sparse/outputs/cases/cifar10/swin_tiny/single_color/trained_dense/infer_compact/p50/seed1/d93f6759e2ff375a243c0dec55529aaa693b7bc9bf9134f427aae5ca098614f6/diagnostics/cells,76,All registered cases; only selected rendered tensors are rehashed by this exporter.
2de88d325e6e427de7ba1b837cad8d6201ce804044d3bf69d5cafa1038d86627,cifar10,swin_tiny,single_color,2,dense,compact,50,9af4c0f5bd726b176994f562d5b5b3f4e326392003f27ce9b795221daa4a186e,566fa577f2da3e50d887e890148fb6bd20f667e8139d6a9b04ca4665f0cb39c3,/ceph/sagnihot/projects/Lorena_Contrastive_Representation_Arch/training_dense_testing_sparse/outputs/cases/cifar10/swin_tiny/single_color/trained_dense/infer_compact/p50/seed2/2de88d325e6e427de7ba1b837cad8d6201ce804044d3bf69d5cafa1038d86627/diagnostics/cells,76,All registered cases; only selected rendered tensors are rehashed by this exporter.
5b98d29f9e7362cbce6a1dda636a19e987d7311d91582b1e3a8e8a91bff26b60,cifar10,vit_small,color_opponency,0,compact,compact,50,37de2ec99f0e84cc52750431e5e654b4c4548ea78d057a8d1e9f8503629dde4d,421a6c555b0de148ccc8177f266f90a3075af88135876e49829b120b02b133b6,/ceph/sagnihot/projects/Lorena_Contrastive_Representation_Arch/training_dense_testing_sparse/outputs/cases/cifar10/vit_small/color_opponency/trained_compact/infer_compact/p50/seed0/5b98d29f9e7362cbce6a1dda636a19e987d7311d91582b1e3a8e8a91bff26b60/diagnostics/cells,76,All registered cases; only selected rendered tensors are rehashed by this exporter.
d7e6347243c786b97f24d161baf0e843a7e6d1a0668b367714dab2332251167e,cifar10,vit_small,color_opponency,1,compact,compact,50,cc6c4ff852a89054d605a64dc0da897019275dfbee1773e7b12502eea47dc741,421a6c555b0de148ccc8177f266f90a3075af88135876e49829b120b02b133b6,/ceph/sagnihot/projects/Lorena_Contrastive_Representation_Arch/training_dense_testing_sparse/outputs/cases/cifar10/vit_small/color_opponency/trained_compact/infer_compact/p50/seed1/d7e6347243c786b97f24d161baf0e843a7e6d1a0668b367714dab2332251167e/diagnostics/cells,76,All registered cases; only selected rendered tensors are rehashed by this exporter.
98f0273cd38322feaa474dd98b39093016c819f770a42720faf373493281efc4,cifar10,vit_small,color_opponency,2,compact,compact,50,256c9aba780e83006c9b4051eb71e7675e73ec3353ddf4c9b36cc6d6a8f81b13,421a6c555b0de148ccc8177f266f90a3075af88135876e49829b120b02b133b6,/ceph/sagnihot/projects/Lorena_Contrastive_Representation_Arch/training_dense_testing_sparse/outputs/cases/cifar10/vit_small/color_opponency/trained_compact/infer_compact/p50/seed2/98f0273cd38322feaa474dd98b39093016c819f770a42720faf373493281efc4/diagnostics/cells,76,All registered cases; only selected rendered tensors are rehashed by this exporter.
1242cc890569761dc1d05c64e2d5a3cd7f43e0c0cf44e519e3a30335663b4f7b,cifar10,vit_small,color_opponency,0,dense,compact,50,6ac6ab6efa8fe9667b6cfec2b439c1a483d484602b0dfdb7f1697805bfb32d49,421a6c555b0de148ccc8177f266f90a3075af88135876e49829b120b02b133b6,/ceph/sagnihot/projects/Lorena_Contrastive_Representation_Arch/training_dense_testing_sparse/outputs/cases/cifar10/vit_small/color_opponency/trained_dense/infer_compact/p50/seed0/1242cc890569761dc1d05c64e2d5a3cd7f43e0c0cf44e519e3a30335663b4f7b/diagnostics/cells,76,All registered cases; only selected rendered tensors are rehashed by this exporter.
3175bc2a8739a851876b875f9a784a6d322b1bffd2fe6a0e1a961332eca8b82d,cifar10,vit_small,color_opponency,1,dense,compact,50,68d86b6eaac4b9181759fdf74d2ba1e58dec9a64c6c46a337f12d54d2ef69294,421a6c555b0de148ccc8177f266f90a3075af88135876e49829b120b02b133b6,/ceph/sagnihot/projects/Lorena_Contrastive_Representation_Arch/training_dense_testing_sparse/outputs/cases/cifar10/vit_small/color_opponency/trained_dense/infer_compact/p50/seed1/3175bc2a8739a851876b875f9a784a6d322b1bffd2fe6a0e1a961332eca8b82d/diagnostics/cells,76,All registered cases; only selected rendered tensors are rehashed by this exporter.
14d4149b7830ff7709411214feec951279a01d19e3630ffb4ed9fdb66c7a7e15,cifar10,vit_small,color_opponency,2,dense,compact,50,5996a511e29f768e94b52050b63e86d5c734908cfb89f071a0215dee0cf9ac41,421a6c555b0de148ccc8177f266f90a3075af88135876e49829b120b02b133b6,/ceph/sagnihot/projects/Lorena_Contrastive_Representation_Arch/training_dense_testing_sparse/outputs/cases/cifar10/vit_small/color_opponency/trained_dense/infer_compact/p50/seed2/14d4149b7830ff7709411214feec951279a01d19e3630ffb4ed9fdb66c7a7e15/diagnostics/cells,76,All registered cases; only selected rendered tensors are rehashed by this exporter.
7bfe24677f08bcd819ae8b7330a0015a6909ab7f5f5220d20d31d71a4c343b2f,cifar10,vit_small,grayscale,0,compact,compact,50,5525bb3230ca1bd20fbb778be4c121a9cfef3bd270f0e4dae5015b2878d97c09,1047af87909095c2ee60f41793d839c504320f3b8ce40bf1751007d9ebe36dec,/ceph/sagnihot/projects/Lorena_Contrastive_Representation_Arch/training_dense_testing_sparse/outputs/cases/cifar10/vit_small/grayscale/trained_compact/infer_compact/p50/seed0/7bfe24677f08bcd819ae8b7330a0015a6909ab7f5f5220d20d31d71a4c343b2f/diagnostics/cells,76,All registered cases; only selected rendered tensors are rehashed by this exporter.
6e478953bb17ace7a904f815be2f08eddd0f0629a3f52d0812c711e306d62e6e,cifar10,vit_small,grayscale,1,compact,compact,50,732d4a2c3a1c116592563e0a1d8079371f809743798db06af2996f6171bb5f8e,1047af87909095c2ee60f41793d839c504320f3b8ce40bf1751007d9ebe36dec,/ceph/sagnihot/projects/Lorena_Contrastive_Representation_Arch/training_dense_testing_sparse/outputs/cases/cifar10/vit_small/grayscale/trained_compact/infer_compact/p50/seed1/6e478953bb17ace7a904f815be2f08eddd0f0629a3f52d0812c711e306d62e6e/diagnostics/cells,76,All registered cases; only selected rendered tensors are rehashed by this exporter.
24b44304875ecd1108716e339e4e05bc7914e52a83093815f5be4f8db67b7d4e,cifar10,vit_small,grayscale,2,compact,compact,50,419b5bb3a9a427d926a6310430e09d188260807d9d1dad2bd5df3489496b119c,1047af87909095c2ee60f41793d839c504320f3b8ce40bf1751007d9ebe36dec,/ceph/sagnihot/projects/Lorena_Contrastive_Representation_Arch/training_dense_testing_sparse/outputs/cases/cifar10/vit_small/grayscale/trained_compact/infer_compact/p50/seed2/24b44304875ecd1108716e339e4e05bc7914e52a83093815f5be4f8db67b7d4e/diagnostics/cells,76,All registered cases; only selected rendered tensors are rehashed by this exporter.
99485d09f1f9e81a6e8dcc99cb682d21a7457cc64f76c2394c384d1deca76aca,cifar10,vit_small,grayscale,0,dense,compact,50,b63dea18ba04ebec90aa387b94608ae909f9951b5f93072d2366e170a7e899a5,1047af87909095c2ee60f41793d839c504320f3b8ce40bf1751007d9ebe36dec,/ceph/sagnihot/projects/Lorena_Contrastive_Representation_Arch/training_dense_testing_sparse/outputs/cases/cifar10/vit_small/grayscale/trained_dense/infer_compact/p50/seed0/99485d09f1f9e81a6e8dcc99cb682d21a7457cc64f76c2394c384d1deca76aca/diagnostics/cells,76,All registered cases; only selected rendered tensors are rehashed by this exporter.
4fb579f7e701ab3e65b888e3b83794705f010040a333621688d43c34789db463,cifar10,vit_small,grayscale,1,dense,compact,50,b0ee16f423c590c7b2825b45a2197bc867f6dc9afd6aafdf9bd17b05322b1253,1047af87909095c2ee60f41793d839c504320f3b8ce40bf1751007d9ebe36dec,/ceph/sagnihot/projects/Lorena_Contrastive_Representation_Arch/training_dense_testing_sparse/outputs/cases/cifar10/vit_small/grayscale/trained_dense/infer_compact/p50/seed1/4fb579f7e701ab3e65b888e3b83794705f010040a333621688d43c34789db463/diagnostics/cells,76,All registered cases; only selected rendered tensors are rehashed by this exporter.
1294f4acbfdab7588f1aaef5259fb5ac877f5faa4b87d7e4cb6b7ed75a972635,cifar10,vit_small,grayscale,2,dense,compact,50,7babc96121d5f89850cbcc509af4ec2f9ce5f8ca5fa941133ff06758c159091f,1047af87909095c2ee60f41793d839c504320f3b8ce40bf1751007d9ebe36dec,/ceph/sagnihot/projects/Lorena_Contrastive_Representation_Arch/training_dense_testing_sparse/outputs/cases/cifar10/vit_small/grayscale/trained_dense/infer_compact/p50/seed2/1294f4acbfdab7588f1aaef5259fb5ac877f5faa4b87d7e4cb6b7ed75a972635/diagnostics/cells,76,All registered cases; only selected rendered tensors are rehashed by this exporter.
6656183bd6f5162c75ff81d557b7e528b652e219bd3182872e0022bef7a158f4,cifar10,vit_small,raw,0,dense,compact,50,a8369ed680009e45868b72c0316b8d39c74371d912ed437ff6bf9dc89488db33,377d79622b4be5ab780f2cc49d2998ca871c0899b1447524c906a2f2023b28ea,/ceph/sagnihot/projects/Lorena_Contrastive_Representation_Arch/training_dense_testing_sparse/outputs/cases/cifar10/vit_small/raw/trained_dense/infer_compact/p50/seed0/6656183bd6f5162c75ff81d557b7e528b652e219bd3182872e0022bef7a158f4/diagnostics/cells,76,All registered cases; only selected rendered tensors are rehashed by this exporter.
2d6f5f2d6602ea0f5dc8eb5766a00781c066acbc02be0341f9963a7ea9174644,cifar10,vit_small,raw,1,dense,compact,50,51013aa13debf7716aa0c9fa9d431e2a16cb1727a003497460469b5e728eaeb4,377d79622b4be5ab780f2cc49d2998ca871c0899b1447524c906a2f2023b28ea,/ceph/sagnihot/projects/Lorena_Contrastive_Representation_Arch/training_dense_testing_sparse/outputs/cases/cifar10/vit_small/raw/trained_dense/infer_compact/p50/seed1/2d6f5f2d6602ea0f5dc8eb5766a00781c066acbc02be0341f9963a7ea9174644/diagnostics/cells,76,All registered cases; only selected rendered tensors are rehashed by this exporter.
0353a63d0b06d6c207c1ec88abed76fa0fe194f5092f202e86fe760e3dbf5c58,cifar10,vit_small,raw,2,dense,compact,50,92f9655eb068a90ffb82799f9d4939a1b20fefa95c7967c571e933859172321e,377d79622b4be5ab780f2cc49d2998ca871c0899b1447524c906a2f2023b28ea,/ceph/sagnihot/projects/Lorena_Contrastive_Representation_Arch/training_dense_testing_sparse/outputs/cases/cifar10/vit_small/raw/trained_dense/infer_compact/p50/seed2/0353a63d0b06d6c207c1ec88abed76fa0fe194f5092f202e86fe760e3dbf5c58/diagnostics/cells,76,All registered cases; only selected rendered tensors are rehashed by this exporter.
ad8c21b115cbe8f5be595d0a1d844c563fc9ff9ce2b3cf78841a98c840643dd5,cifar10,vit_small,single_color,0,compact,compact,50,33444dbf27ccf9d09e9bc6815558429934b9b612bf912ef7c263e2fad03e2c1e,566fa577f2da3e50d887e890148fb6bd20f667e8139d6a9b04ca4665f0cb39c3,/ceph/sagnihot/projects/Lorena_Contrastive_Representation_Arch/training_dense_testing_sparse/outputs/cases/cifar10/vit_small/single_color/trained_compact/infer_compact/p50/seed0/ad8c21b115cbe8f5be595d0a1d844c563fc9ff9ce2b3cf78841a98c840643dd5/diagnostics/cells,76,All registered cases; only selected rendered tensors are rehashed by this exporter.
1bb71fef96a5bb5ef636e68c47ed64df890ce17987bf55d5818729fb46c227ae,cifar10,vit_small,single_color,1,compact,compact,50,9c8bd1d942d5eebc735cbfd5c953e9e80365d176a194c9231b43ef9fc509a79c,566fa577f2da3e50d887e890148fb6bd20f667e8139d6a9b04ca4665f0cb39c3,/ceph/sagnihot/projects/Lorena_Contrastive_Representation_Arch/training_dense_testing_sparse/outputs/cases/cifar10/vit_small/single_color/trained_compact/infer_compact/p50/seed1/1bb71fef96a5bb5ef636e68c47ed64df890ce17987bf55d5818729fb46c227ae/diagnostics/cells,76,All registered cases; only selected rendered tensors are rehashed by this exporter.
a0e28da989c8385abc4a95fdd3eee6c854d9a21c27acb57b4ddeaf5d52ad9767,cifar10,vit_small,single_color,2,compact,compact,50,3fd91e2eda56a286994526f35b5dec72d05b5c1513e50fd3381168829ede49c7,566fa577f2da3e50d887e890148fb6bd20f667e8139d6a9b04ca4665f0cb39c3,/ceph/sagnihot/projects/Lorena_Contrastive_Representation_Arch/training_dense_testing_sparse/outputs/cases/cifar10/vit_small/single_color/trained_compact/infer_compact/p50/seed2/a0e28da989c8385abc4a95fdd3eee6c854d9a21c27acb57b4ddeaf5d52ad9767/diagnostics/cells,76,All registered cases; only selected rendered tensors are rehashed by this exporter.
6d479a4de6d1356f2a1ae10eca5a3f780ada8b2eec829842c1ed2fa056e63eb8,cifar10,vit_small,single_color,0,dense,compact,50,9fa97932cb6c84ca661c56235128961714203d1ebfd34d4c9142695a6361bacf,566fa577f2da3e50d887e890148fb6bd20f667e8139d6a9b04ca4665f0cb39c3,/ceph/sagnihot/projects/Lorena_Contrastive_Representation_Arch/training_dense_testing_sparse/outputs/cases/cifar10/vit_small/single_color/trained_dense/infer_compact/p50/seed0/6d479a4de6d1356f2a1ae10eca5a3f780ada8b2eec829842c1ed2fa056e63eb8/diagnostics/cells,76,All registered cases; only selected rendered tensors are rehashed by this exporter.
03b0a290cd79107d3257d4bdb4601061fdd3bce2717b2b108b86ec1ee6d25d61,cifar10,vit_small,single_color,1,dense,compact,50,a14ddc5c19aa65cee18f9e67214fec43fad92bbdd3ee9a459ac0341fe3f3731c,566fa577f2da3e50d887e890148fb6bd20f667e8139d6a9b04ca4665f0cb39c3,/ceph/sagnihot/projects/Lorena_Contrastive_Representation_Arch/training_dense_testing_sparse/outputs/cases/cifar10/vit_small/single_color/trained_dense/infer_compact/p50/seed1/03b0a290cd79107d3257d4bdb4601061fdd3bce2717b2b108b86ec1ee6d25d61/diagnostics/cells,76,All registered cases; only selected rendered tensors are rehashed by this exporter.
c0905721bf08b36b484042098348cab89e9c31957e7d04af144067e215a04439,cifar10,vit_small,single_color,2,dense,compact,50,2eeae4368927974e6744ec6a28e73efe04d841b8697a1cbf46ddb4dd42514b7a,566fa577f2da3e50d887e890148fb6bd20f667e8139d6a9b04ca4665f0cb39c3,/ceph/sagnihot/projects/Lorena_Contrastive_Representation_Arch/training_dense_testing_sparse/outputs/cases/cifar10/vit_small/single_color/trained_dense/infer_compact/p50/seed2/c0905721bf08b36b484042098348cab89e9c31957e7d04af144067e215a04439/diagnostics/cells,76,All registered cases; only selected rendered tensors are rehashed by this exporter.
181597e32d68133e5e2cc7abb52875f63ea9b2cb0895b8981740ff478c7665a0,mnist,swin_tiny,grayscale,0,compact,compact,50,7b0a41b35e709e34296548f99714540de2cfe6fab7cd6d2b8d8850be56665407,d2362b43edbe82cdc1f7c0323b1a1dd6e6ebb896538140efb20f06e957aed212,/ceph/sagnihot/projects/Lorena_Contrastive_Representation_Arch/training_dense_testing_sparse/outputs/cases/mnist/swin_tiny/grayscale/trained_compact/infer_compact/p50/seed0/181597e32d68133e5e2cc7abb52875f63ea9b2cb0895b8981740ff478c7665a0/diagnostics/cells,16,All registered cases; only selected rendered tensors are rehashed by this exporter.
c423a5378756d74ed8bf2c7f68538e197d57e52040df74a714c4398d7af21639,mnist,swin_tiny,grayscale,1,compact,compact,50,27834ca7879cdcbc657227d83ee6209161fc84b956f9fc30765d0b5f59e7f707,d2362b43edbe82cdc1f7c0323b1a1dd6e6ebb896538140efb20f06e957aed212,/ceph/sagnihot/projects/Lorena_Contrastive_Representation_Arch/training_dense_testing_sparse/outputs/cases/mnist/swin_tiny/grayscale/trained_compact/infer_compact/p50/seed1/c423a5378756d74ed8bf2c7f68538e197d57e52040df74a714c4398d7af21639/diagnostics/cells,16,All registered cases; only selected rendered tensors are rehashed by this exporter.
095cae8bd8df5b47333feb2d844cadff6564d16af683c1ed0cf97bc031cdec82,mnist,swin_tiny,grayscale,2,compact,compact,50,984f081ec99d3e4bbdd3bdec162111e3b71fd5987938caf8959881f15ccd05d4,d2362b43edbe82cdc1f7c0323b1a1dd6e6ebb896538140efb20f06e957aed212,/ceph/sagnihot/projects/Lorena_Contrastive_Representation_Arch/training_dense_testing_sparse/outputs/cases/mnist/swin_tiny/grayscale/trained_compact/infer_compact/p50/seed2/095cae8bd8df5b47333feb2d844cadff6564d16af683c1ed0cf97bc031cdec82/diagnostics/cells,16,All registered cases; only selected rendered tensors are rehashed by this exporter.
2fbb3b245c7ec37ed7472f6d7ea69ceeb7e633ff492f3b8887aecfc082fdd14b,mnist,swin_tiny,grayscale,0,dense,compact,50,473ed25a586e0ea8fb93e4fadfcfd4e7e18bde623e0f22701c184b2da680520b,d2362b43edbe82cdc1f7c0323b1a1dd6e6ebb896538140efb20f06e957aed212,/ceph/sagnihot/projects/Lorena_Contrastive_Representation_Arch/training_dense_testing_sparse/outputs/cases/mnist/swin_tiny/grayscale/trained_dense/infer_compact/p50/seed0/2fbb3b245c7ec37ed7472f6d7ea69ceeb7e633ff492f3b8887aecfc082fdd14b/diagnostics/cells,16,All registered cases; only selected rendered tensors are rehashed by this exporter.
d3d9ac60bbce1aadaaf411d1e22b7339d55ce0922dcfaf6376007b30ad5fd73f,mnist,swin_tiny,grayscale,1,dense,compact,50,3c122f0fd1faf70a5670d3c6526b0c7197dc73ded514139a3796e6045a6fb776,d2362b43edbe82cdc1f7c0323b1a1dd6e6ebb896538140efb20f06e957aed212,/ceph/sagnihot/projects/Lorena_Contrastive_Representation_Arch/training_dense_testing_sparse/outputs/cases/mnist/swin_tiny/grayscale/trained_dense/infer_compact/p50/seed1/d3d9ac60bbce1aadaaf411d1e22b7339d55ce0922dcfaf6376007b30ad5fd73f/diagnostics/cells,16,All registered cases; only selected rendered tensors are rehashed by this exporter.
7a9065483534efaf931da3486feb42bd789d665c04bd82f4fd4b774bcf1694dc,mnist,swin_tiny,grayscale,2,dense,compact,50,b0393e9d1c0e15b51559e628483e2ed496574409f6794199f61ad346d461af16,d2362b43edbe82cdc1f7c0323b1a1dd6e6ebb896538140efb20f06e957aed212,/ceph/sagnihot/projects/Lorena_Contrastive_Representation_Arch/training_dense_testing_sparse/outputs/cases/mnist/swin_tiny/grayscale/trained_dense/infer_compact/p50/seed2/7a9065483534efaf931da3486feb42bd789d665c04bd82f4fd4b774bcf1694dc/diagnostics/cells,16,All registered cases; only selected rendered tensors are rehashed by this exporter.
f33206b4b42780cc6cd0f2da5f173a5fb7ded9511e13926ed0dd15c72e25df39,mnist,swin_tiny,raw,0,dense,compact,50,4f4de1c96ce3171d528465ea583fe366ccbf1eeed9fc126ed5b29d61cc878836,74be2eb7180e855812c6b42276b2aafb6baf921a0ade2ec0d172dbb4ef69d3d7,/ceph/sagnihot/projects/Lorena_Contrastive_Representation_Arch/training_dense_testing_sparse/outputs/cases/mnist/swin_tiny/raw/trained_dense/infer_compact/p50/seed0/f33206b4b42780cc6cd0f2da5f173a5fb7ded9511e13926ed0dd15c72e25df39/diagnostics/cells,16,All registered cases; only selected rendered tensors are rehashed by this exporter.
88f2fd38661d5b74ce835e3e2377b25f03dfa8120d1332d6f767b1f4597de78c,mnist,swin_tiny,raw,1,dense,compact,50,485f892a847b6dbcfdab4e13b46349e10ca7e3c0d81810dc50d69b0ada0c05f0,74be2eb7180e855812c6b42276b2aafb6baf921a0ade2ec0d172dbb4ef69d3d7,/ceph/sagnihot/projects/Lorena_Contrastive_Representation_Arch/training_dense_testing_sparse/outputs/cases/mnist/swin_tiny/raw/trained_dense/infer_compact/p50/seed1/88f2fd38661d5b74ce835e3e2377b25f03dfa8120d1332d6f767b1f4597de78c/diagnostics/cells,16,All registered cases; only selected rendered tensors are rehashed by this exporter.
e723312f0c03fa4a21093369c26dfaabfdcca7e6860c9c91a5551a414920cd5d,mnist,swin_tiny,raw,2,dense,compact,50,dc141a26cd438bb05b5097a229bc10b348f6a1d7cb9696567fc85afbb8440cbe,74be2eb7180e855812c6b42276b2aafb6baf921a0ade2ec0d172dbb4ef69d3d7,/ceph/sagnihot/projects/Lorena_Contrastive_Representation_Arch/training_dense_testing_sparse/outputs/cases/mnist/swin_tiny/raw/trained_dense/infer_compact/p50/seed2/e723312f0c03fa4a21093369c26dfaabfdcca7e6860c9c91a5551a414920cd5d/diagnostics/cells,16,All registered cases; only selected rendered tensors are rehashed by this exporter.
fe1f864a5f536db5b10ab81c662482a8e70104d5dd773c7d082e3bf408b3d902,mnist,vit_small,grayscale,0,compact,compact,50,168dfdf4b1e77bdf998c5fcf65999cf6fb4a4b0c58b19ed9d0679fbe3a50e918,d2362b43edbe82cdc1f7c0323b1a1dd6e6ebb896538140efb20f06e957aed212,/ceph/sagnihot/projects/Lorena_Contrastive_Representation_Arch/training_dense_testing_sparse/outputs/cases/mnist/vit_small/grayscale/trained_compact/infer_compact/p50/seed0/fe1f864a5f536db5b10ab81c662482a8e70104d5dd773c7d082e3bf408b3d902/diagnostics/cells,16,All registered cases; only selected rendered tensors are rehashed by this exporter.
6bd7c71c62880ed795fe71d6320a21e347228e4e5b830c0f50fae6cac8ebdef3,mnist,vit_small,grayscale,1,compact,compact,50,bf2631dda7d9d271b18b8e9867cd79e4cb599f961d1d13de860454d586357601,d2362b43edbe82cdc1f7c0323b1a1dd6e6ebb896538140efb20f06e957aed212,/ceph/sagnihot/projects/Lorena_Contrastive_Representation_Arch/training_dense_testing_sparse/outputs/cases/mnist/vit_small/grayscale/trained_compact/infer_compact/p50/seed1/6bd7c71c62880ed795fe71d6320a21e347228e4e5b830c0f50fae6cac8ebdef3/diagnostics/cells,16,All registered cases; only selected rendered tensors are rehashed by this exporter.
65e10f9a871d1ca76fbe954e88137a99b6728030e3a3f5debb6b17c0cc8ccbef,mnist,vit_small,grayscale,2,compact,compact,50,d40eaf4227e611b4235f679e1f5b2f9f68901fb6a89907585a7aca9162a6769c,d2362b43edbe82cdc1f7c0323b1a1dd6e6ebb896538140efb20f06e957aed212,/ceph/sagnihot/projects/Lorena_Contrastive_Representation_Arch/training_dense_testing_sparse/outputs/cases/mnist/vit_small/grayscale/trained_compact/infer_compact/p50/seed2/65e10f9a871d1ca76fbe954e88137a99b6728030e3a3f5debb6b17c0cc8ccbef/diagnostics/cells,16,All registered cases; only selected rendered tensors are rehashed by this exporter.
c1ff008ab06859349e5a5cf13c4906321278d0b80e39fa70ecde6b22a9b6e654,mnist,vit_small,grayscale,0,dense,compact,50,1febb833c97989dec964ce4247d5bb9f7f212d0d0ffea0016b5b7d6ef9e061db,d2362b43edbe82cdc1f7c0323b1a1dd6e6ebb896538140efb20f06e957aed212,/ceph/sagnihot/projects/Lorena_Contrastive_Representation_Arch/training_dense_testing_sparse/outputs/cases/mnist/vit_small/grayscale/trained_dense/infer_compact/p50/seed0/c1ff008ab06859349e5a5cf13c4906321278d0b80e39fa70ecde6b22a9b6e654/diagnostics/cells,16,All registered cases; only selected rendered tensors are rehashed by this exporter.
e32b8adb965311f0adbddb2230cd6097f75c42ce51918978bc79c3d410fb3dc1,mnist,vit_small,grayscale,1,dense,compact,50,10a1c020e268e60f92a50cb1a938f7e478078107b9a7dd5bcd30e3f36dd50ae6,d2362b43edbe82cdc1f7c0323b1a1dd6e6ebb896538140efb20f06e957aed212,/ceph/sagnihot/projects/Lorena_Contrastive_Representation_Arch/training_dense_testing_sparse/outputs/cases/mnist/vit_small/grayscale/trained_dense/infer_compact/p50/seed1/e32b8adb965311f0adbddb2230cd6097f75c42ce51918978bc79c3d410fb3dc1/diagnostics/cells,16,All registered cases; only selected rendered tensors are rehashed by this exporter.
c0e2b46b45dd6a7fce5418530474f8dd32609b8c62bfea6bccbcb0c90c67681f,mnist,vit_small,grayscale,2,dense,compact,50,04b23e1d894d5cd0ffacd122ef55cc5578fe60d76fbf71286f07dceb0d27c789,d2362b43edbe82cdc1f7c0323b1a1dd6e6ebb896538140efb20f06e957aed212,/ceph/sagnihot/projects/Lorena_Contrastive_Representation_Arch/training_dense_testing_sparse/outputs/cases/mnist/vit_small/grayscale/trained_dense/infer_compact/p50/seed2/c0e2b46b45dd6a7fce5418530474f8dd32609b8c62bfea6bccbcb0c90c67681f/diagnostics/cells,16,All registered cases; only selected rendered tensors are rehashed by this exporter.
6f3e623e0ca4efef31f13e1e4dcfb7943e3c065584cd46583cd741d6d1ce2828,mnist,vit_small,raw,0,dense,compact,50,3db92cbcafbbc2751e66333d710ad6f6ab62881147312fbf9142265b64fd326b,74be2eb7180e855812c6b42276b2aafb6baf921a0ade2ec0d172dbb4ef69d3d7,/ceph/sagnihot/projects/Lorena_Contrastive_Representation_Arch/training_dense_testing_sparse/outputs/cases/mnist/vit_small/raw/trained_dense/infer_compact/p50/seed0/6f3e623e0ca4efef31f13e1e4dcfb7943e3c065584cd46583cd741d6d1ce2828/diagnostics/cells,16,All registered cases; only selected rendered tensors are rehashed by this exporter.
40525f008c71600d6ad6db33cc6f1d7396ea2ac9090245b203afc98c8a530177,mnist,vit_small,raw,1,dense,compact,50,acbec74b30d2bb2dbba09b75e00a22ce88387ed47cb09fa6403be759a89ac248,74be2eb7180e855812c6b42276b2aafb6baf921a0ade2ec0d172dbb4ef69d3d7,/ceph/sagnihot/projects/Lorena_Contrastive_Representation_Arch/training_dense_testing_sparse/outputs/cases/mnist/vit_small/raw/trained_dense/infer_compact/p50/seed1/40525f008c71600d6ad6db33cc6f1d7396ea2ac9090245b203afc98c8a530177/diagnostics/cells,16,All registered cases; only selected rendered tensors are rehashed by this exporter.
a976983e8f8b36998b3dc84d3ee72fd726d4d6628f571f2d6c434c43f06695be,mnist,vit_small,raw,2,dense,compact,50,63bb2214a8ab262e48865109fcf46769e97d9659bc9e8d3557e8cd23394adc56,74be2eb7180e855812c6b42276b2aafb6baf921a0ade2ec0d172dbb4ef69d3d7,/ceph/sagnihot/projects/Lorena_Contrastive_Representation_Arch/training_dense_testing_sparse/outputs/cases/mnist/vit_small/raw/trained_dense/infer_compact/p50/seed2/a976983e8f8b36998b3dc84d3ee72fd726d4d6628f571f2d6c434c43f06695be/diagnostics/cells,16,All registered cases; only selected rendered tensors are rehashed by this exporter.
d4bd877151b88ff798f3b36d71554edc9f112ddb000dd33786ef5575ecdd0309,cifar10,swin_tiny,color_opponency,0,compact,compact,60,a1588df6cc4aa446ef6729c07ec425d9f89c93cfbeb71b723f0b336b231ea48d,421a6c555b0de148ccc8177f266f90a3075af88135876e49829b120b02b133b6,/ceph/sagnihot/projects/Lorena_Contrastive_Representation_Arch/training_dense_testing_sparse/outputs/cases/cifar10/swin_tiny/color_opponency/trained_compact/infer_compact/p60/seed0/d4bd877151b88ff798f3b36d71554edc9f112ddb000dd33786ef5575ecdd0309/diagnostics/cells,76,All registered cases; only selected rendered tensors are rehashed by this exporter.
9c38427334406ee3f635d0fa078db243201ed1524f1d93f9f34071342d6d02a6,cifar10,swin_tiny,color_opponency,1,compact,compact,60,238361a79e91c52e2fd36d712b98e970b6286e5316b2293833aade616d11c014,421a6c555b0de148ccc8177f266f90a3075af88135876e49829b120b02b133b6,/ceph/sagnihot/projects/Lorena_Contrastive_Representation_Arch/training_dense_testing_sparse/outputs/cases/cifar10/swin_tiny/color_opponency/trained_compact/infer_compact/p60/seed1/9c38427334406ee3f635d0fa078db243201ed1524f1d93f9f34071342d6d02a6/diagnostics/cells,76,All registered cases; only selected rendered tensors are rehashed by this exporter.
b8c765189fab6d272c3f31503568ee695c8aafeaf5cc9bd03e1438d9ed7beada,cifar10,swin_tiny,color_opponency,2,compact,compact,60,7858973d124027dfd76efc8522165b34da42f801109350bfe9edf5588b99ca59,421a6c555b0de148ccc8177f266f90a3075af88135876e49829b120b02b133b6,/ceph/sagnihot/projects/Lorena_Contrastive_Representation_Arch/training_dense_testing_sparse/outputs/cases/cifar10/swin_tiny/color_opponency/trained_compact/infer_compact/p60/seed2/b8c765189fab6d272c3f31503568ee695c8aafeaf5cc9bd03e1438d9ed7beada/diagnostics/cells,76,All registered cases; only selected rendered tensors are rehashed by this exporter.
a8bbaf260b12a4ee306522d79ecf7bcd5ff611af94524774315a91204de0a313,cifar10,swin_tiny,color_opponency,0,dense,compact,60,fab9441233ae76a1b48e0b353942c30293499e8a2d4c2e9c062d73159e012032,421a6c555b0de148ccc8177f266f90a3075af88135876e49829b120b02b133b6,/ceph/sagnihot/projects/Lorena_Contrastive_Representation_Arch/training_dense_testing_sparse/outputs/cases/cifar10/swin_tiny/color_opponency/trained_dense/infer_compact/p60/seed0/a8bbaf260b12a4ee306522d79ecf7bcd5ff611af94524774315a91204de0a313/diagnostics/cells,76,All registered cases; only selected rendered tensors are rehashed by this exporter.
d70492ea2e1d14becfc99dd681f71b5f5db0743f9caf6bf694abfafc17b3aa04,cifar10,swin_tiny,color_opponency,1,dense,compact,60,3a8d2f76403887b48ba87e6c04a928670d9aaf4079d21ba7ad87d5b9f491eeee,421a6c555b0de148ccc8177f266f90a3075af88135876e49829b120b02b133b6,/ceph/sagnihot/projects/Lorena_Contrastive_Representation_Arch/training_dense_testing_sparse/outputs/cases/cifar10/swin_tiny/color_opponency/trained_dense/infer_compact/p60/seed1/d70492ea2e1d14becfc99dd681f71b5f5db0743f9caf6bf694abfafc17b3aa04/diagnostics/cells,76,All registered cases; only selected rendered tensors are rehashed by this exporter.
36c5f12e6eb2d27bd9e31a878dc6e160dad94b1b02d5ff56a310092f1a52abdd,cifar10,swin_tiny,color_opponency,2,dense,compact,60,70c047f178a68005810241c0e1315e68c21862bbc6485b102471e834d04345eb,421a6c555b0de148ccc8177f266f90a3075af88135876e49829b120b02b133b6,/ceph/sagnihot/projects/Lorena_Contrastive_Representation_Arch/training_dense_testing_sparse/outputs/cases/cifar10/swin_tiny/color_opponency/trained_dense/infer_compact/p60/seed2/36c5f12e6eb2d27bd9e31a878dc6e160dad94b1b02d5ff56a310092f1a52abdd/diagnostics/cells,76,All registered cases; only selected rendered tensors are rehashed by this exporter.
30a7a0e111a4d29277369bb8d547114adfdca6df8b5342d19aa7a08ebea980c9,cifar10,swin_tiny,grayscale,0,compact,compact,60,71871ed8857981958b2a6b9df5f131d33fe3c006b362f05353a506a36ed60600,1047af87909095c2ee60f41793d839c504320f3b8ce40bf1751007d9ebe36dec,/ceph/sagnihot/projects/Lorena_Contrastive_Representation_Arch/training_dense_testing_sparse/outputs/cases/cifar10/swin_tiny/grayscale/trained_compact/infer_compact/p60/seed0/30a7a0e111a4d29277369bb8d547114adfdca6df8b5342d19aa7a08ebea980c9/diagnostics/cells,76,All registered cases; only selected rendered tensors are rehashed by this exporter.
a0cb9c87fbebc0086c838fb9857fafe7114e390167bebd0230dee55e4ff636dc,cifar10,swin_tiny,grayscale,1,compact,compact,60,13220bfdc33c9cf4650dd73e3a4527dfa123dcc569d5483e392ee4d87a3a871e,1047af87909095c2ee60f41793d839c504320f3b8ce40bf1751007d9ebe36dec,/ceph/sagnihot/projects/Lorena_Contrastive_Representation_Arch/training_dense_testing_sparse/outputs/cases/cifar10/swin_tiny/grayscale/trained_compact/infer_compact/p60/seed1/a0cb9c87fbebc0086c838fb9857fafe7114e390167bebd0230dee55e4ff636dc/diagnostics/cells,76,All registered cases; only selected rendered tensors are rehashed by this exporter.
c37149f49f3ef640a9d4a8ea860afc6ed856d4b23a45c611a691752d1b13c455,cifar10,swin_tiny,grayscale,2,compact,compact,60,4138089fb907e02402ec0525f2bfcd503a06886e3b15de2814ef80480df2552b,1047af87909095c2ee60f41793d839c504320f3b8ce40bf1751007d9ebe36dec,/ceph/sagnihot/projects/Lorena_Contrastive_Representation_Arch/training_dense_testing_sparse/outputs/cases/cifar10/swin_tiny/grayscale/trained_compact/infer_compact/p60/seed2/c37149f49f3ef640a9d4a8ea860afc6ed856d4b23a45c611a691752d1b13c455/diagnostics/cells,76,All registered cases; only selected rendered tensors are rehashed by this exporter.
f7b247a026386696111de83cf86086cfced7ea1c19a3503ad19c0de107d564ff,cifar10,swin_tiny,grayscale,0,dense,compact,60,6044ca36b20c6e4930631bf254bbc49c2a6d007c28c6dad2e64d93d48d9ee944,1047af87909095c2ee60f41793d839c504320f3b8ce40bf1751007d9ebe36dec,/ceph/sagnihot/projects/Lorena_Contrastive_Representation_Arch/training_dense_testing_sparse/outputs/cases/cifar10/swin_tiny/grayscale/trained_dense/infer_compact/p60/seed0/f7b247a026386696111de83cf86086cfced7ea1c19a3503ad19c0de107d564ff/diagnostics/cells,76,All registered cases; only selected rendered tensors are rehashed by this exporter.
fb90dc260c62d7bd4bbb6a6b46b4ce5e8c4d1b26ef6f9d6474a21b563251da97,cifar10,swin_tiny,grayscale,1,dense,compact,60,66b93a8751c67cb83a6b47d4ebe6c227e04004542fa77f67b1aa4696492cbb12,1047af87909095c2ee60f41793d839c504320f3b8ce40bf1751007d9ebe36dec,/ceph/sagnihot/projects/Lorena_Contrastive_Representation_Arch/training_dense_testing_sparse/outputs/cases/cifar10/swin_tiny/grayscale/trained_dense/infer_compact/p60/seed1/fb90dc260c62d7bd4bbb6a6b46b4ce5e8c4d1b26ef6f9d6474a21b563251da97/diagnostics/cells,76,All registered cases; only selected rendered tensors are rehashed by this exporter.
31b3dd07f3785304bc3873a72637611a3cceb6c71cbf56d82af308f83afedf23,cifar10,swin_tiny,grayscale,2,dense,compact,60,2a3b7de47f7c3116c9ed4e26109dc713938f3a63e2267a4668905554b979f39b,1047af87909095c2ee60f41793d839c504320f3b8ce40bf1751007d9ebe36dec,/ceph/sagnihot/projects/Lorena_Contrastive_Representation_Arch/training_dense_testing_sparse/outputs/cases/cifar10/swin_tiny/grayscale/trained_dense/infer_compact/p60/seed2/31b3dd07f3785304bc3873a72637611a3cceb6c71cbf56d82af308f83afedf23/diagnostics/cells,76,All registered cases; only selected rendered tensors are rehashed by this exporter.
50d6ba44a454c6746880e9001ade7f7250a9fd516065bedb19af973bd6c212cd,cifar10,swin_tiny,raw,0,dense,compact,60,3292edaad6d1f81f87a8b508f23007e265f1506e12d81c7b47715ededb9a6546,377d79622b4be5ab780f2cc49d2998ca871c0899b1447524c906a2f2023b28ea,/ceph/sagnihot/projects/Lorena_Contrastive_Representation_Arch/training_dense_testing_sparse/outputs/cases/cifar10/swin_tiny/raw/trained_dense/infer_compact/p60/seed0/50d6ba44a454c6746880e9001ade7f7250a9fd516065bedb19af973bd6c212cd/diagnostics/cells,76,All registered cases; only selected rendered tensors are rehashed by this exporter.
ae81b7cefa9a42840c7a1743149e1747df699c3cbd0dfbf78042bd98f6f3bf6d,cifar10,swin_tiny,raw,1,dense,compact,60,fe659f7e7cc2bcded57c75ed5272930ea1d37c77549aaf2b6da6e7cb4dbf548b,377d79622b4be5ab780f2cc49d2998ca871c0899b1447524c906a2f2023b28ea,/ceph/sagnihot/projects/Lorena_Contrastive_Representation_Arch/training_dense_testing_sparse/outputs/cases/cifar10/swin_tiny/raw/trained_dense/infer_compact/p60/seed1/ae81b7cefa9a42840c7a1743149e1747df699c3cbd0dfbf78042bd98f6f3bf6d/diagnostics/cells,76,All registered cases; only selected rendered tensors are rehashed by this exporter.
ecb74a1398035b6ace986ad09a618fba03edfb5e77af10caa5b8a84d1f48314c,cifar10,swin_tiny,raw,2,dense,compact,60,c0d05e70330b2102f46e929b2604e920636f02760a2b7ccac6c5cbb3b9b9012e,377d79622b4be5ab780f2cc49d2998ca871c0899b1447524c906a2f2023b28ea,/ceph/sagnihot/projects/Lorena_Contrastive_Representation_Arch/training_dense_testing_sparse/outputs/cases/cifar10/swin_tiny/raw/trained_dense/infer_compact/p60/seed2/ecb74a1398035b6ace986ad09a618fba03edfb5e77af10caa5b8a84d1f48314c/diagnostics/cells,76,All registered cases; only selected rendered tensors are rehashed by this exporter.
cb90af98a7974b155f2353146b5da60f89d0f617d2090112f909f91b12be829c,cifar10,swin_tiny,single_color,0,compact,compact,60,bb46a33dc8b69af65d8ca279b87ff17d18ff06059ac0030c0397ad03669c839c,566fa577f2da3e50d887e890148fb6bd20f667e8139d6a9b04ca4665f0cb39c3,/ceph/sagnihot/projects/Lorena_Contrastive_Representation_Arch/training_dense_testing_sparse/outputs/cases/cifar10/swin_tiny/single_color/trained_compact/infer_compact/p60/seed0/cb90af98a7974b155f2353146b5da60f89d0f617d2090112f909f91b12be829c/diagnostics/cells,76,All registered cases; only selected rendered tensors are rehashed by this exporter.
12595a75c3ca7c5a41800a57c91aa1754a214013e6bc14b635cd14c8e598ff69,cifar10,swin_tiny,single_color,1,compact,compact,60,b09d4231758cdc5f742a95c959b174a73f72e7eb7b5430e9f522d4a83a67b028,566fa577f2da3e50d887e890148fb6bd20f667e8139d6a9b04ca4665f0cb39c3,/ceph/sagnihot/projects/Lorena_Contrastive_Representation_Arch/training_dense_testing_sparse/outputs/cases/cifar10/swin_tiny/single_color/trained_compact/infer_compact/p60/seed1/12595a75c3ca7c5a41800a57c91aa1754a214013e6bc14b635cd14c8e598ff69/diagnostics/cells,76,All registered cases; only selected rendered tensors are rehashed by this exporter.
21266bc9403ee35bf61e52a071b0a57d9aa43a0df5b249109ca2a2ada390ff34,cifar10,swin_tiny,single_color,2,compact,compact,60,54da0e293091a1938bc82ea8a6cabeabbb55debd9fdfcc96b5b795b3667b91f4,566fa577f2da3e50d887e890148fb6bd20f667e8139d6a9b04ca4665f0cb39c3,/ceph/sagnihot/projects/Lorena_Contrastive_Representation_Arch/training_dense_testing_sparse/outputs/cases/cifar10/swin_tiny/single_color/trained_compact/infer_compact/p60/seed2/21266bc9403ee35bf61e52a071b0a57d9aa43a0df5b249109ca2a2ada390ff34/diagnostics/cells,76,All registered cases; only selected rendered tensors are rehashed by this exporter.
a590364acab2218dc37cce985f58be394d8e21941be522e65a79b1140d85bde4,cifar10,swin_tiny,single_color,0,dense,compact,60,74fce3b1d058b6cf57055516ceb85d442b7674eddb8950f5244b3a22cc35862f,566fa577f2da3e50d887e890148fb6bd20f667e8139d6a9b04ca4665f0cb39c3,/ceph/sagnihot/projects/Lorena_Contrastive_Representation_Arch/training_dense_testing_sparse/outputs/cases/cifar10/swin_tiny/single_color/trained_dense/infer_compact/p60/seed0/a590364acab2218dc37cce985f58be394d8e21941be522e65a79b1140d85bde4/diagnostics/cells,76,All registered cases; only selected rendered tensors are rehashed by this exporter.
4296e9c78132ad8a6e08edb83e5a402925077cd3f748835f6a70bea95c072077,cifar10,swin_tiny,single_color,1,dense,compact,60,b7af9c2326beb1db7fc4aba06b867583770ebfc6e2869cb6193ee752cc81fb63,566fa577f2da3e50d887e890148fb6bd20f667e8139d6a9b04ca4665f0cb39c3,/ceph/sagnihot/projects/Lorena_Contrastive_Representation_Arch/training_dense_testing_sparse/outputs/cases/cifar10/swin_tiny/single_color/trained_dense/infer_compact/p60/seed1/4296e9c78132ad8a6e08edb83e5a402925077cd3f748835f6a70bea95c072077/diagnostics/cells,76,All registered cases; only selected rendered tensors are rehashed by this exporter.
7dd82d2900cc50932e5cd6c829967fce4c6ed7cb77be682c727ef65577ab0c7f,cifar10,swin_tiny,single_color,2,dense,compact,60,9af4c0f5bd726b176994f562d5b5b3f4e326392003f27ce9b795221daa4a186e,566fa577f2da3e50d887e890148fb6bd20f667e8139d6a9b04ca4665f0cb39c3,/ceph/sagnihot/projects/Lorena_Contrastive_Representation_Arch/training_dense_testing_sparse/outputs/cases/cifar10/swin_tiny/single_color/trained_dense/infer_compact/p60/seed2/7dd82d2900cc50932e5cd6c829967fce4c6ed7cb77be682c727ef65577ab0c7f/diagnostics/cells,76,All registered cases; only selected rendered tensors are rehashed by this exporter.
954a2d3ef237ee8aa6416a2e71ce7abfe3f2f078e7b74aba85128bf7952fa923,cifar10,vit_small,color_opponency,0,compact,compact,60,37de2ec99f0e84cc52750431e5e654b4c4548ea78d057a8d1e9f8503629dde4d,421a6c555b0de148ccc8177f266f90a3075af88135876e49829b120b02b133b6,/ceph/sagnihot/projects/Lorena_Contrastive_Representation_Arch/training_dense_testing_sparse/outputs/cases/cifar10/vit_small/color_opponency/trained_compact/infer_compact/p60/seed0/954a2d3ef237ee8aa6416a2e71ce7abfe3f2f078e7b74aba85128bf7952fa923/diagnostics/cells,76,All registered cases; only selected rendered tensors are rehashed by this exporter.
d9396196cf7f1ecddd5873e33e39f63cbb92cd2b2eec0693e87eda24f361c418,cifar10,vit_small,color_opponency,1,compact,compact,60,cc6c4ff852a89054d605a64dc0da897019275dfbee1773e7b12502eea47dc741,421a6c555b0de148ccc8177f266f90a3075af88135876e49829b120b02b133b6,/ceph/sagnihot/projects/Lorena_Contrastive_Representation_Arch/training_dense_testing_sparse/outputs/cases/cifar10/vit_small/color_opponency/trained_compact/infer_compact/p60/seed1/d9396196cf7f1ecddd5873e33e39f63cbb92cd2b2eec0693e87eda24f361c418/diagnostics/cells,76,All registered cases; only selected rendered tensors are rehashed by this exporter.
8b4e7f141aa9ded2706f2e40ee67cb9414a274d0566659eb1cd3666adb7e1dcb,cifar10,vit_small,color_opponency,2,compact,compact,60,256c9aba780e83006c9b4051eb71e7675e73ec3353ddf4c9b36cc6d6a8f81b13,421a6c555b0de148ccc8177f266f90a3075af88135876e49829b120b02b133b6,/ceph/sagnihot/projects/Lorena_Contrastive_Representation_Arch/training_dense_testing_sparse/outputs/cases/cifar10/vit_small/color_opponency/trained_compact/infer_compact/p60/seed2/8b4e7f141aa9ded2706f2e40ee67cb9414a274d0566659eb1cd3666adb7e1dcb/diagnostics/cells,76,All registered cases; only selected rendered tensors are rehashed by this exporter.
e154fe4af8aaba11be8d088417602c0b3b0b1a2d853078ccd9170fb58c97a29d,cifar10,vit_small,color_opponency,0,dense,compact,60,6ac6ab6efa8fe9667b6cfec2b439c1a483d484602b0dfdb7f1697805bfb32d49,421a6c555b0de148ccc8177f266f90a3075af88135876e49829b120b02b133b6,/ceph/sagnihot/projects/Lorena_Contrastive_Representation_Arch/training_dense_testing_sparse/outputs/cases/cifar10/vit_small/color_opponency/trained_dense/infer_compact/p60/seed0/e154fe4af8aaba11be8d088417602c0b3b0b1a2d853078ccd9170fb58c97a29d/diagnostics/cells,76,All registered cases; only selected rendered tensors are rehashed by this exporter.
abd61ad2ae0ce78bc4841b0feb7ef4ec392e223b396bfad625e283bc70cc3406,cifar10,vit_small,color_opponency,1,dense,compact,60,68d86b6eaac4b9181759fdf74d2ba1e58dec9a64c6c46a337f12d54d2ef69294,421a6c555b0de148ccc8177f266f90a3075af88135876e49829b120b02b133b6,/ceph/sagnihot/projects/Lorena_Contrastive_Representation_Arch/training_dense_testing_sparse/outputs/cases/cifar10/vit_small/color_opponency/trained_dense/infer_compact/p60/seed1/abd61ad2ae0ce78bc4841b0feb7ef4ec392e223b396bfad625e283bc70cc3406/diagnostics/cells,76,All registered cases; only selected rendered tensors are rehashed by this exporter.
c97d579defc1f737eed29941736c63290d9317cca4c4f35025b63d481f8e29ed,cifar10,vit_small,color_opponency,2,dense,compact,60,5996a511e29f768e94b52050b63e86d5c734908cfb89f071a0215dee0cf9ac41,421a6c555b0de148ccc8177f266f90a3075af88135876e49829b120b02b133b6,/ceph/sagnihot/projects/Lorena_Contrastive_Representation_Arch/training_dense_testing_sparse/outputs/cases/cifar10/vit_small/color_opponency/trained_dense/infer_compact/p60/seed2/c97d579defc1f737eed29941736c63290d9317cca4c4f35025b63d481f8e29ed/diagnostics/cells,76,All registered cases; only selected rendered tensors are rehashed by this exporter.
1f0602c9ec2ee58e3e77d9031f6bf02425bc622321e730685e71819f72182a78,cifar10,vit_small,grayscale,0,compact,compact,60,5525bb3230ca1bd20fbb778be4c121a9cfef3bd270f0e4dae5015b2878d97c09,1047af87909095c2ee60f41793d839c504320f3b8ce40bf1751007d9ebe36dec,/ceph/sagnihot/projects/Lorena_Contrastive_Representation_Arch/training_dense_testing_sparse/outputs/cases/cifar10/vit_small/grayscale/trained_compact/infer_compact/p60/seed0/1f0602c9ec2ee58e3e77d9031f6bf02425bc622321e730685e71819f72182a78/diagnostics/cells,76,All registered cases; only selected rendered tensors are rehashed by this exporter.
73bf77b01fb0e72555c331b263a50d44d3ef768105cb4de76b32808ba22682fc,cifar10,vit_small,grayscale,1,compact,compact,60,732d4a2c3a1c116592563e0a1d8079371f809743798db06af2996f6171bb5f8e,1047af87909095c2ee60f41793d839c504320f3b8ce40bf1751007d9ebe36dec,/ceph/sagnihot/projects/Lorena_Contrastive_Representation_Arch/training_dense_testing_sparse/outputs/cases/cifar10/vit_small/grayscale/trained_compact/infer_compact/p60/seed1/73bf77b01fb0e72555c331b263a50d44d3ef768105cb4de76b32808ba22682fc/diagnostics/cells,76,All registered cases; only selected rendered tensors are rehashed by this exporter.
9efcedc2841a6c0845193a6e909622543b6c098193fbef5f9904b59ec7b25330,cifar10,vit_small,grayscale,2,compact,compact,60,419b5bb3a9a427d926a6310430e09d188260807d9d1dad2bd5df3489496b119c,1047af87909095c2ee60f41793d839c504320f3b8ce40bf1751007d9ebe36dec,/ceph/sagnihot/projects/Lorena_Contrastive_Representation_Arch/training_dense_testing_sparse/outputs/cases/cifar10/vit_small/grayscale/trained_compact/infer_compact/p60/seed2/9efcedc2841a6c0845193a6e909622543b6c098193fbef5f9904b59ec7b25330/diagnostics/cells,76,All registered cases; only selected rendered tensors are rehashed by this exporter.
62dc25c6491fb5ee3fa90192ee2d7e59a17d829bc397cb1c9d4bdebaf6402207,cifar10,vit_small,grayscale,0,dense,compact,60,b63dea18ba04ebec90aa387b94608ae909f9951b5f93072d2366e170a7e899a5,1047af87909095c2ee60f41793d839c504320f3b8ce40bf1751007d9ebe36dec,/ceph/sagnihot/projects/Lorena_Contrastive_Representation_Arch/training_dense_testing_sparse/outputs/cases/cifar10/vit_small/grayscale/trained_dense/infer_compact/p60/seed0/62dc25c6491fb5ee3fa90192ee2d7e59a17d829bc397cb1c9d4bdebaf6402207/diagnostics/cells,76,All registered cases; only selected rendered tensors are rehashed by this exporter.
1fcbf62a6eabc9b6dceac41674ec336a2129e16214fc6c2062a26216f233b2a0,cifar10,vit_small,grayscale,1,dense,compact,60,b0ee16f423c590c7b2825b45a2197bc867f6dc9afd6aafdf9bd17b05322b1253,1047af87909095c2ee60f41793d839c504320f3b8ce40bf1751007d9ebe36dec,/ceph/sagnihot/projects/Lorena_Contrastive_Representation_Arch/training_dense_testing_sparse/outputs/cases/cifar10/vit_small/grayscale/trained_dense/infer_compact/p60/seed1/1fcbf62a6eabc9b6dceac41674ec336a2129e16214fc6c2062a26216f233b2a0/diagnostics/cells,76,All registered cases; only selected rendered tensors are rehashed by this exporter.
3db7e73f0a31069c3abb8d762eeefef30c25798a8961450e23e2ff16e4c14b18,cifar10,vit_small,grayscale,2,dense,compact,60,7babc96121d5f89850cbcc509af4ec2f9ce5f8ca5fa941133ff06758c159091f,1047af87909095c2ee60f41793d839c504320f3b8ce40bf1751007d9ebe36dec,/ceph/sagnihot/projects/Lorena_Contrastive_Representation_Arch/training_dense_testing_sparse/outputs/cases/cifar10/vit_small/grayscale/trained_dense/infer_compact/p60/seed2/3db7e73f0a31069c3abb8d762eeefef30c25798a8961450e23e2ff16e4c14b18/diagnostics/cells,76,All registered cases; only selected rendered tensors are rehashed by this exporter.
6d9edcc0adbf2aa8a04367eb89a5664d1ba2b5f7f17a207e30dd905fbc973c93,cifar10,vit_small,raw,0,dense,compact,60,a8369ed680009e45868b72c0316b8d39c74371d912ed437ff6bf9dc89488db33,377d79622b4be5ab780f2cc49d2998ca871c0899b1447524c906a2f2023b28ea,/ceph/sagnihot/projects/Lorena_Contrastive_Representation_Arch/training_dense_testing_sparse/outputs/cases/cifar10/vit_small/raw/trained_dense/infer_compact/p60/seed0/6d9edcc0adbf2aa8a04367eb89a5664d1ba2b5f7f17a207e30dd905fbc973c93/diagnostics/cells,76,All registered cases; only selected rendered tensors are rehashed by this exporter.
308b8f2a3e2a979217310ce4ec63ce902028997636c69ded0ba9f6e056b3856f,cifar10,vit_small,raw,1,dense,compact,60,51013aa13debf7716aa0c9fa9d431e2a16cb1727a003497460469b5e728eaeb4,377d79622b4be5ab780f2cc49d2998ca871c0899b1447524c906a2f2023b28ea,/ceph/sagnihot/projects/Lorena_Contrastive_Representation_Arch/training_dense_testing_sparse/outputs/cases/cifar10/vit_small/raw/trained_dense/infer_compact/p60/seed1/308b8f2a3e2a979217310ce4ec63ce902028997636c69ded0ba9f6e056b3856f/diagnostics/cells,76,All registered cases; only selected rendered tensors are rehashed by this exporter.
ced19d5980c30141cde08b959b8281d16f14797564bd2768b1a0fb5e4d9a8adc,cifar10,vit_small,raw,2,dense,compact,60,92f9655eb068a90ffb82799f9d4939a1b20fefa95c7967c571e933859172321e,377d79622b4be5ab780f2cc49d2998ca871c0899b1447524c906a2f2023b28ea,/ceph/sagnihot/projects/Lorena_Contrastive_Representation_Arch/training_dense_testing_sparse/outputs/cases/cifar10/vit_small/raw/trained_dense/infer_compact/p60/seed2/ced19d5980c30141cde08b959b8281d16f14797564bd2768b1a0fb5e4d9a8adc/diagnostics/cells,76,All registered cases; only selected rendered tensors are rehashed by this exporter.
d2a148742fc64252e6148750560cf08dc193b7c9dd126e12468415b82fb7622f,cifar10,vit_small,single_color,0,compact,compact,60,33444dbf27ccf9d09e9bc6815558429934b9b612bf912ef7c263e2fad03e2c1e,566fa577f2da3e50d887e890148fb6bd20f667e8139d6a9b04ca4665f0cb39c3,/ceph/sagnihot/projects/Lorena_Contrastive_Representation_Arch/training_dense_testing_sparse/outputs/cases/cifar10/vit_small/single_color/trained_compact/infer_compact/p60/seed0/d2a148742fc64252e6148750560cf08dc193b7c9dd126e12468415b82fb7622f/diagnostics/cells,76,All registered cases; only selected rendered tensors are rehashed by this exporter.
11be9c8be3152164238c5d0bf3e8945691774ef13a3fe768fa6bcaee61c3c4e8,cifar10,vit_small,single_color,1,compact,compact,60,9c8bd1d942d5eebc735cbfd5c953e9e80365d176a194c9231b43ef9fc509a79c,566fa577f2da3e50d887e890148fb6bd20f667e8139d6a9b04ca4665f0cb39c3,/ceph/sagnihot/projects/Lorena_Contrastive_Representation_Arch/training_dense_testing_sparse/outputs/cases/cifar10/vit_small/single_color/trained_compact/infer_compact/p60/seed1/11be9c8be3152164238c5d0bf3e8945691774ef13a3fe768fa6bcaee61c3c4e8/diagnostics/cells,76,All registered cases; only selected rendered tensors are rehashed by this exporter.
a4e49b1b7f6ff8d84d25c888f4dd55fdf0630653e2bbda2b2fe22bcde111a34a,cifar10,vit_small,single_color,2,compact,compact,60,3fd91e2eda56a286994526f35b5dec72d05b5c1513e50fd3381168829ede49c7,566fa577f2da3e50d887e890148fb6bd20f667e8139d6a9b04ca4665f0cb39c3,/ceph/sagnihot/projects/Lorena_Contrastive_Representation_Arch/training_dense_testing_sparse/outputs/cases/cifar10/vit_small/single_color/trained_compact/infer_compact/p60/seed2/a4e49b1b7f6ff8d84d25c888f4dd55fdf0630653e2bbda2b2fe22bcde111a34a/diagnostics/cells,76,All registered cases; only selected rendered tensors are rehashed by this exporter.
a10df93cda65855c8e43faee539c04e2ea931165b242dce7c737e49b6b269df9,cifar10,vit_small,single_color,0,dense,compact,60,9fa97932cb6c84ca661c56235128961714203d1ebfd34d4c9142695a6361bacf,566fa577f2da3e50d887e890148fb6bd20f667e8139d6a9b04ca4665f0cb39c3,/ceph/sagnihot/projects/Lorena_Contrastive_Representation_Arch/training_dense_testing_sparse/outputs/cases/cifar10/vit_small/single_color/trained_dense/infer_compact/p60/seed0/a10df93cda65855c8e43faee539c04e2ea931165b242dce7c737e49b6b269df9/diagnostics/cells,76,All registered cases; only selected rendered tensors are rehashed by this exporter.
88b9f364064b51f846748d8fe3eab4b8208d449fa6f1681814c992f74acabbc3,cifar10,vit_small,single_color,1,dense,compact,60,a14ddc5c19aa65cee18f9e67214fec43fad92bbdd3ee9a459ac0341fe3f3731c,566fa577f2da3e50d887e890148fb6bd20f667e8139d6a9b04ca4665f0cb39c3,/ceph/sagnihot/projects/Lorena_Contrastive_Representation_Arch/training_dense_testing_sparse/outputs/cases/cifar10/vit_small/single_color/trained_dense/infer_compact/p60/seed1/88b9f364064b51f846748d8fe3eab4b8208d449fa6f1681814c992f74acabbc3/diagnostics/cells,76,All registered cases; only selected rendered tensors are rehashed by this exporter.
2074cae84d8d2c5d1f58628269b66c2e7915ce438087e6cae67a4afe8c22ea71,cifar10,vit_small,single_color,2,dense,compact,60,2eeae4368927974e6744ec6a28e73efe04d841b8697a1cbf46ddb4dd42514b7a,566fa577f2da3e50d887e890148fb6bd20f667e8139d6a9b04ca4665f0cb39c3,/ceph/sagnihot/projects/Lorena_Contrastive_Representation_Arch/training_dense_testing_sparse/outputs/cases/cifar10/vit_small/single_color/trained_dense/infer_compact/p60/seed2/2074cae84d8d2c5d1f58628269b66c2e7915ce438087e6cae67a4afe8c22ea71/diagnostics/cells,76,All registered cases; only selected rendered tensors are rehashed by this exporter.
2c095689d7640fd70171088671a562a4566e5f59a93bd61df52b979e07644c40,mnist,swin_tiny,grayscale,0,compact,compact,60,7b0a41b35e709e34296548f99714540de2cfe6fab7cd6d2b8d8850be56665407,d2362b43edbe82cdc1f7c0323b1a1dd6e6ebb896538140efb20f06e957aed212,/ceph/sagnihot/projects/Lorena_Contrastive_Representation_Arch/training_dense_testing_sparse/outputs/cases/mnist/swin_tiny/grayscale/trained_compact/infer_compact/p60/seed0/2c095689d7640fd70171088671a562a4566e5f59a93bd61df52b979e07644c40/diagnostics/cells,16,All registered cases; only selected rendered tensors are rehashed by this exporter.
cdca4e9188c0a4ee54094f669303115ee7410775aba1e1f328c11449e7276a0c,mnist,swin_tiny,grayscale,1,compact,compact,60,27834ca7879cdcbc657227d83ee6209161fc84b956f9fc30765d0b5f59e7f707,d2362b43edbe82cdc1f7c0323b1a1dd6e6ebb896538140efb20f06e957aed212,/ceph/sagnihot/projects/Lorena_Contrastive_Representation_Arch/training_dense_testing_sparse/outputs/cases/mnist/swin_tiny/grayscale/trained_compact/infer_compact/p60/seed1/cdca4e9188c0a4ee54094f669303115ee7410775aba1e1f328c11449e7276a0c/diagnostics/cells,16,All registered cases; only selected rendered tensors are rehashed by this exporter.
85109317f4a82d1a3e7fff1f538d987ebd1ef6020571e06a13580387b4f389f6,mnist,swin_tiny,grayscale,2,compact,compact,60,984f081ec99d3e4bbdd3bdec162111e3b71fd5987938caf8959881f15ccd05d4,d2362b43edbe82cdc1f7c0323b1a1dd6e6ebb896538140efb20f06e957aed212,/ceph/sagnihot/projects/Lorena_Contrastive_Representation_Arch/training_dense_testing_sparse/outputs/cases/mnist/swin_tiny/grayscale/trained_compact/infer_compact/p60/seed2/85109317f4a82d1a3e7fff1f538d987ebd1ef6020571e06a13580387b4f389f6/diagnostics/cells,16,All registered cases; only selected rendered tensors are rehashed by this exporter.
2d2d2fe91edbc933c3d6197a54cba848b6fe11ecb67ed2ab55ff0fa46700024c,mnist,swin_tiny,grayscale,0,dense,compact,60,473ed25a586e0ea8fb93e4fadfcfd4e7e18bde623e0f22701c184b2da680520b,d2362b43edbe82cdc1f7c0323b1a1dd6e6ebb896538140efb20f06e957aed212,/ceph/sagnihot/projects/Lorena_Contrastive_Representation_Arch/training_dense_testing_sparse/outputs/cases/mnist/swin_tiny/grayscale/trained_dense/infer_compact/p60/seed0/2d2d2fe91edbc933c3d6197a54cba848b6fe11ecb67ed2ab55ff0fa46700024c/diagnostics/cells,16,All registered cases; only selected rendered tensors are rehashed by this exporter.
3b4765b37189baeb40fbae87d7ecd899b1460638d8b6cd66cf55c24730b68546,mnist,swin_tiny,grayscale,1,dense,compact,60,3c122f0fd1faf70a5670d3c6526b0c7197dc73ded514139a3796e6045a6fb776,d2362b43edbe82cdc1f7c0323b1a1dd6e6ebb896538140efb20f06e957aed212,/ceph/sagnihot/projects/Lorena_Contrastive_Representation_Arch/training_dense_testing_sparse/outputs/cases/mnist/swin_tiny/grayscale/trained_dense/infer_compact/p60/seed1/3b4765b37189baeb40fbae87d7ecd899b1460638d8b6cd66cf55c24730b68546/diagnostics/cells,16,All registered cases; only selected rendered tensors are rehashed by this exporter.
713aacedd6c568956a9e25ea63db2831565553eaaf67990ed7cdbb1f0a0daec5,mnist,swin_tiny,grayscale,2,dense,compact,60,b0393e9d1c0e15b51559e628483e2ed496574409f6794199f61ad346d461af16,d2362b43edbe82cdc1f7c0323b1a1dd6e6ebb896538140efb20f06e957aed212,/ceph/sagnihot/projects/Lorena_Contrastive_Representation_Arch/training_dense_testing_sparse/outputs/cases/mnist/swin_tiny/grayscale/trained_dense/infer_compact/p60/seed2/713aacedd6c568956a9e25ea63db2831565553eaaf67990ed7cdbb1f0a0daec5/diagnostics/cells,16,All registered cases; only selected rendered tensors are rehashed by this exporter.
a53550eb07ac1521f311de400c08ca7afdb7709195f060ac866804650931fef7,mnist,swin_tiny,raw,0,dense,compact,60,4f4de1c96ce3171d528465ea583fe366ccbf1eeed9fc126ed5b29d61cc878836,74be2eb7180e855812c6b42276b2aafb6baf921a0ade2ec0d172dbb4ef69d3d7,/ceph/sagnihot/projects/Lorena_Contrastive_Representation_Arch/training_dense_testing_sparse/outputs/cases/mnist/swin_tiny/raw/trained_dense/infer_compact/p60/seed0/a53550eb07ac1521f311de400c08ca7afdb7709195f060ac866804650931fef7/diagnostics/cells,16,All registered cases; only selected rendered tensors are rehashed by this exporter.
68f982b968075960f29cedfc5919c161d2dac7ae72716ca512acaafe207aedbb,mnist,swin_tiny,raw,1,dense,compact,60,485f892a847b6dbcfdab4e13b46349e10ca7e3c0d81810dc50d69b0ada0c05f0,74be2eb7180e855812c6b42276b2aafb6baf921a0ade2ec0d172dbb4ef69d3d7,/ceph/sagnihot/projects/Lorena_Contrastive_Representation_Arch/training_dense_testing_sparse/outputs/cases/mnist/swin_tiny/raw/trained_dense/infer_compact/p60/seed1/68f982b968075960f29cedfc5919c161d2dac7ae72716ca512acaafe207aedbb/diagnostics/cells,16,All registered cases; only selected rendered tensors are rehashed by this exporter.
ffd9862e44015d41b7f45238a79f436065928178ab907363f7a52f771ecfec83,mnist,swin_tiny,raw,2,dense,compact,60,dc141a26cd438bb05b5097a229bc10b348f6a1d7cb9696567fc85afbb8440cbe,74be2eb7180e855812c6b42276b2aafb6baf921a0ade2ec0d172dbb4ef69d3d7,/ceph/sagnihot/projects/Lorena_Contrastive_Representation_Arch/training_dense_testing_sparse/outputs/cases/mnist/swin_tiny/raw/trained_dense/infer_compact/p60/seed2/ffd9862e44015d41b7f45238a79f436065928178ab907363f7a52f771ecfec83/diagnostics/cells,16,All registered cases; only selected rendered tensors are rehashed by this exporter.
596232e9f477b235826df4788b6b9e18d6ebe6e14a244998cc5f2b6da3dd9f10,mnist,vit_small,grayscale,0,compact,compact,60,168dfdf4b1e77bdf998c5fcf65999cf6fb4a4b0c58b19ed9d0679fbe3a50e918,d2362b43edbe82cdc1f7c0323b1a1dd6e6ebb896538140efb20f06e957aed212,/ceph/sagnihot/projects/Lorena_Contrastive_Representation_Arch/training_dense_testing_sparse/outputs/cases/mnist/vit_small/grayscale/trained_compact/infer_compact/p60/seed0/596232e9f477b235826df4788b6b9e18d6ebe6e14a244998cc5f2b6da3dd9f10/diagnostics/cells,16,All registered cases; only selected rendered tensors are rehashed by this exporter.
a020c47a25c6f86884945b79c2900ec8c8eaef75bd11b1247332586e9d727d9f,mnist,vit_small,grayscale,1,compact,compact,60,bf2631dda7d9d271b18b8e9867cd79e4cb599f961d1d13de860454d586357601,d2362b43edbe82cdc1f7c0323b1a1dd6e6ebb896538140efb20f06e957aed212,/ceph/sagnihot/projects/Lorena_Contrastive_Representation_Arch/training_dense_testing_sparse/outputs/cases/mnist/vit_small/grayscale/trained_compact/infer_compact/p60/seed1/a020c47a25c6f86884945b79c2900ec8c8eaef75bd11b1247332586e9d727d9f/diagnostics/cells,16,All registered cases; only selected rendered tensors are rehashed by this exporter.
153e6b7c7f3b950e2262e6e4b5d7272a733c46daef1a66e22bec91531749d094,mnist,vit_small,grayscale,2,compact,compact,60,d40eaf4227e611b4235f679e1f5b2f9f68901fb6a89907585a7aca9162a6769c,d2362b43edbe82cdc1f7c0323b1a1dd6e6ebb896538140efb20f06e957aed212,/ceph/sagnihot/projects/Lorena_Contrastive_Representation_Arch/training_dense_testing_sparse/outputs/cases/mnist/vit_small/grayscale/trained_compact/infer_compact/p60/seed2/153e6b7c7f3b950e2262e6e4b5d7272a733c46daef1a66e22bec91531749d094/diagnostics/cells,16,All registered cases; only selected rendered tensors are rehashed by this exporter.
7f82f744a307a0f9c3e543e1b6a3f0aa9f26918c57f6efed2a70afcf7b336275,mnist,vit_small,grayscale,0,dense,compact,60,1febb833c97989dec964ce4247d5bb9f7f212d0d0ffea0016b5b7d6ef9e061db,d2362b43edbe82cdc1f7c0323b1a1dd6e6ebb896538140efb20f06e957aed212,/ceph/sagnihot/projects/Lorena_Contrastive_Representation_Arch/training_dense_testing_sparse/outputs/cases/mnist/vit_small/grayscale/trained_dense/infer_compact/p60/seed0/7f82f744a307a0f9c3e543e1b6a3f0aa9f26918c57f6efed2a70afcf7b336275/diagnostics/cells,16,All registered cases; only selected rendered tensors are rehashed by this exporter.
e61e6d1e64df536d4c9b6f2b3314e35a58fc70c0e0386fccc573a694aa23b41e,mnist,vit_small,grayscale,1,dense,compact,60,10a1c020e268e60f92a50cb1a938f7e478078107b9a7dd5bcd30e3f36dd50ae6,d2362b43edbe82cdc1f7c0323b1a1dd6e6ebb896538140efb20f06e957aed212,/ceph/sagnihot/projects/Lorena_Contrastive_Representation_Arch/training_dense_testing_sparse/outputs/cases/mnist/vit_small/grayscale/trained_dense/infer_compact/p60/seed1/e61e6d1e64df536d4c9b6f2b3314e35a58fc70c0e0386fccc573a694aa23b41e/diagnostics/cells,16,All registered cases; only selected rendered tensors are rehashed by this exporter.
878388e91134c25deb3782575e9cd4c717d8d0e9be8f1bf24aa7c6b0f3bdd0a6,mnist,vit_small,grayscale,2,dense,compact,60,04b23e1d894d5cd0ffacd122ef55cc5578fe60d76fbf71286f07dceb0d27c789,d2362b43edbe82cdc1f7c0323b1a1dd6e6ebb896538140efb20f06e957aed212,/ceph/sagnihot/projects/Lorena_Contrastive_Representation_Arch/training_dense_testing_sparse/outputs/cases/mnist/vit_small/grayscale/trained_dense/infer_compact/p60/seed2/878388e91134c25deb3782575e9cd4c717d8d0e9be8f1bf24aa7c6b0f3bdd0a6/diagnostics/cells,16,All registered cases; only selected rendered tensors are rehashed by this exporter.
3a67a6f877bbd93d4d0c84b1559983ec3655c509090a7806bac4c43b4bd085bf,mnist,vit_small,raw,0,dense,compact,60,3db92cbcafbbc2751e66333d710ad6f6ab62881147312fbf9142265b64fd326b,74be2eb7180e855812c6b42276b2aafb6baf921a0ade2ec0d172dbb4ef69d3d7,/ceph/sagnihot/projects/Lorena_Contrastive_Representation_Arch/training_dense_testing_sparse/outputs/cases/mnist/vit_small/raw/trained_dense/infer_compact/p60/seed0/3a67a6f877bbd93d4d0c84b1559983ec3655c509090a7806bac4c43b4bd085bf/diagnostics/cells,16,All registered cases; only selected rendered tensors are rehashed by this exporter.
a5724be093bff52fd0d6fe2566493d8b467eeaf99d2302afcd3cbe17f053d7fa,mnist,vit_small,raw,1,dense,compact,60,acbec74b30d2bb2dbba09b75e00a22ce88387ed47cb09fa6403be759a89ac248,74be2eb7180e855812c6b42276b2aafb6baf921a0ade2ec0d172dbb4ef69d3d7,/ceph/sagnihot/projects/Lorena_Contrastive_Representation_Arch/training_dense_testing_sparse/outputs/cases/mnist/vit_small/raw/trained_dense/infer_compact/p60/seed1/a5724be093bff52fd0d6fe2566493d8b467eeaf99d2302afcd3cbe17f053d7fa/diagnostics/cells,16,All registered cases; only selected rendered tensors are rehashed by this exporter.
5d213ad5ef939d2fc6ddd45f1049fc27258e1cde219c579ba2e6246bbab30cf4,mnist,vit_small,raw,2,dense,compact,60,63bb2214a8ab262e48865109fcf46769e97d9659bc9e8d3557e8cd23394adc56,74be2eb7180e855812c6b42276b2aafb6baf921a0ade2ec0d172dbb4ef69d3d7,/ceph/sagnihot/projects/Lorena_Contrastive_Representation_Arch/training_dense_testing_sparse/outputs/cases/mnist/vit_small/raw/trained_dense/infer_compact/p60/seed2/5d213ad5ef939d2fc6ddd45f1049fc27258e1cde219c579ba2e6246bbab30cf4/diagnostics/cells,16,All registered cases; only selected rendered tensors are rehashed by this exporter.
7dd9c7d4b4a117c8f513148783fa5afed3e3ded6fa611d1851b05cef3e75d0de,cifar10,swin_tiny,color_opponency,0,compact,compact,70,a1588df6cc4aa446ef6729c07ec425d9f89c93cfbeb71b723f0b336b231ea48d,421a6c555b0de148ccc8177f266f90a3075af88135876e49829b120b02b133b6,/ceph/sagnihot/projects/Lorena_Contrastive_Representation_Arch/training_dense_testing_sparse/outputs/cases/cifar10/swin_tiny/color_opponency/trained_compact/infer_compact/p70/seed0/7dd9c7d4b4a117c8f513148783fa5afed3e3ded6fa611d1851b05cef3e75d0de/diagnostics/cells,76,All registered cases; only selected rendered tensors are rehashed by this exporter.
9cac1279c51ceca4a4342ec4985d1575dd430548ef60788e4f6d470c50c08348,cifar10,swin_tiny,color_opponency,1,compact,compact,70,238361a79e91c52e2fd36d712b98e970b6286e5316b2293833aade616d11c014,421a6c555b0de148ccc8177f266f90a3075af88135876e49829b120b02b133b6,/ceph/sagnihot/projects/Lorena_Contrastive_Representation_Arch/training_dense_testing_sparse/outputs/cases/cifar10/swin_tiny/color_opponency/trained_compact/infer_compact/p70/seed1/9cac1279c51ceca4a4342ec4985d1575dd430548ef60788e4f6d470c50c08348/diagnostics/cells,76,All registered cases; only selected rendered tensors are rehashed by this exporter.
b77284c08958bf7482bb1a5f6e0b72092effd49f92ee971e0818115b36d3d7d3,cifar10,swin_tiny,color_opponency,2,compact,compact,70,7858973d124027dfd76efc8522165b34da42f801109350bfe9edf5588b99ca59,421a6c555b0de148ccc8177f266f90a3075af88135876e49829b120b02b133b6,/ceph/sagnihot/projects/Lorena_Contrastive_Representation_Arch/training_dense_testing_sparse/outputs/cases/cifar10/swin_tiny/color_opponency/trained_compact/infer_compact/p70/seed2/b77284c08958bf7482bb1a5f6e0b72092effd49f92ee971e0818115b36d3d7d3/diagnostics/cells,76,All registered cases; only selected rendered tensors are rehashed by this exporter.
889186b6ec026f69d45818cc9de8c1adab18ee6039a2ae3112c329d3c0e84705,cifar10,swin_tiny,color_opponency,0,dense,compact,70,fab9441233ae76a1b48e0b353942c30293499e8a2d4c2e9c062d73159e012032,421a6c555b0de148ccc8177f266f90a3075af88135876e49829b120b02b133b6,/ceph/sagnihot/projects/Lorena_Contrastive_Representation_Arch/training_dense_testing_sparse/outputs/cases/cifar10/swin_tiny/color_opponency/trained_dense/infer_compact/p70/seed0/889186b6ec026f69d45818cc9de8c1adab18ee6039a2ae3112c329d3c0e84705/diagnostics/cells,76,All registered cases; only selected rendered tensors are rehashed by this exporter.
2330a1ed854509f56ad52f4ae39f294fc4ccba66c3853f1d6c5fe6a3aa0f3e78,cifar10,swin_tiny,color_opponency,1,dense,compact,70,3a8d2f76403887b48ba87e6c04a928670d9aaf4079d21ba7ad87d5b9f491eeee,421a6c555b0de148ccc8177f266f90a3075af88135876e49829b120b02b133b6,/ceph/sagnihot/projects/Lorena_Contrastive_Representation_Arch/training_dense_testing_sparse/outputs/cases/cifar10/swin_tiny/color_opponency/trained_dense/infer_compact/p70/seed1/2330a1ed854509f56ad52f4ae39f294fc4ccba66c3853f1d6c5fe6a3aa0f3e78/diagnostics/cells,76,All registered cases; only selected rendered tensors are rehashed by this exporter.
e27ec94571ecee986f7482d7db1c4740a03b9b176a45ec20b023a6c2de3e2d35,cifar10,swin_tiny,color_opponency,2,dense,compact,70,70c047f178a68005810241c0e1315e68c21862bbc6485b102471e834d04345eb,421a6c555b0de148ccc8177f266f90a3075af88135876e49829b120b02b133b6,/ceph/sagnihot/projects/Lorena_Contrastive_Representation_Arch/training_dense_testing_sparse/outputs/cases/cifar10/swin_tiny/color_opponency/trained_dense/infer_compact/p70/seed2/e27ec94571ecee986f7482d7db1c4740a03b9b176a45ec20b023a6c2de3e2d35/diagnostics/cells,76,All registered cases; only selected rendered tensors are rehashed by this exporter.
b41ebf2be349cf023e0b59678fe930a3f46b45c9f6dded35014acffdf161df86,cifar10,swin_tiny,grayscale,0,compact,compact,70,71871ed8857981958b2a6b9df5f131d33fe3c006b362f05353a506a36ed60600,1047af87909095c2ee60f41793d839c504320f3b8ce40bf1751007d9ebe36dec,/ceph/sagnihot/projects/Lorena_Contrastive_Representation_Arch/training_dense_testing_sparse/outputs/cases/cifar10/swin_tiny/grayscale/trained_compact/infer_compact/p70/seed0/b41ebf2be349cf023e0b59678fe930a3f46b45c9f6dded35014acffdf161df86/diagnostics/cells,76,All registered cases; only selected rendered tensors are rehashed by this exporter.
a61c14f8e4369afd64ed13802221d3d5bd804fe2e43ef110ba1f1ad940bde598,cifar10,swin_tiny,grayscale,1,compact,compact,70,13220bfdc33c9cf4650dd73e3a4527dfa123dcc569d5483e392ee4d87a3a871e,1047af87909095c2ee60f41793d839c504320f3b8ce40bf1751007d9ebe36dec,/ceph/sagnihot/projects/Lorena_Contrastive_Representation_Arch/training_dense_testing_sparse/outputs/cases/cifar10/swin_tiny/grayscale/trained_compact/infer_compact/p70/seed1/a61c14f8e4369afd64ed13802221d3d5bd804fe2e43ef110ba1f1ad940bde598/diagnostics/cells,76,All registered cases; only selected rendered tensors are rehashed by this exporter.
bee45e40b73e0d571ddcf8388c05ae51821782ae15d1b347333b1df34931b35d,cifar10,swin_tiny,grayscale,2,compact,compact,70,4138089fb907e02402ec0525f2bfcd503a06886e3b15de2814ef80480df2552b,1047af87909095c2ee60f41793d839c504320f3b8ce40bf1751007d9ebe36dec,/ceph/sagnihot/projects/Lorena_Contrastive_Representation_Arch/training_dense_testing_sparse/outputs/cases/cifar10/swin_tiny/grayscale/trained_compact/infer_compact/p70/seed2/bee45e40b73e0d571ddcf8388c05ae51821782ae15d1b347333b1df34931b35d/diagnostics/cells,76,All registered cases; only selected rendered tensors are rehashed by this exporter.
b3511e8838a92c211e89d28b6c9ccc92ce961c9cd8b733b710151cc34c67348e,cifar10,swin_tiny,grayscale,0,dense,compact,70,6044ca36b20c6e4930631bf254bbc49c2a6d007c28c6dad2e64d93d48d9ee944,1047af87909095c2ee60f41793d839c504320f3b8ce40bf1751007d9ebe36dec,/ceph/sagnihot/projects/Lorena_Contrastive_Representation_Arch/training_dense_testing_sparse/outputs/cases/cifar10/swin_tiny/grayscale/trained_dense/infer_compact/p70/seed0/b3511e8838a92c211e89d28b6c9ccc92ce961c9cd8b733b710151cc34c67348e/diagnostics/cells,76,All registered cases; only selected rendered tensors are rehashed by this exporter.
62f36fef7c6cd5f59d5b3aaf3b7ba940c9bbdb46d1e671a92ee968240aaf7768,cifar10,swin_tiny,grayscale,1,dense,compact,70,66b93a8751c67cb83a6b47d4ebe6c227e04004542fa77f67b1aa4696492cbb12,1047af87909095c2ee60f41793d839c504320f3b8ce40bf1751007d9ebe36dec,/ceph/sagnihot/projects/Lorena_Contrastive_Representation_Arch/training_dense_testing_sparse/outputs/cases/cifar10/swin_tiny/grayscale/trained_dense/infer_compact/p70/seed1/62f36fef7c6cd5f59d5b3aaf3b7ba940c9bbdb46d1e671a92ee968240aaf7768/diagnostics/cells,76,All registered cases; only selected rendered tensors are rehashed by this exporter.
6f8d51ff06be359e98b9cbced2ff79cba0ae814629c07640d0010844b194c561,cifar10,swin_tiny,grayscale,2,dense,compact,70,2a3b7de47f7c3116c9ed4e26109dc713938f3a63e2267a4668905554b979f39b,1047af87909095c2ee60f41793d839c504320f3b8ce40bf1751007d9ebe36dec,/ceph/sagnihot/projects/Lorena_Contrastive_Representation_Arch/training_dense_testing_sparse/outputs/cases/cifar10/swin_tiny/grayscale/trained_dense/infer_compact/p70/seed2/6f8d51ff06be359e98b9cbced2ff79cba0ae814629c07640d0010844b194c561/diagnostics/cells,76,All registered cases; only selected rendered tensors are rehashed by this exporter.
40973cb6499558a8c2279247a137016ae7d9dd0783c93fb6b05ba6da935af4e8,cifar10,swin_tiny,raw,0,dense,compact,70,3292edaad6d1f81f87a8b508f23007e265f1506e12d81c7b47715ededb9a6546,377d79622b4be5ab780f2cc49d2998ca871c0899b1447524c906a2f2023b28ea,/ceph/sagnihot/projects/Lorena_Contrastive_Representation_Arch/training_dense_testing_sparse/outputs/cases/cifar10/swin_tiny/raw/trained_dense/infer_compact/p70/seed0/40973cb6499558a8c2279247a137016ae7d9dd0783c93fb6b05ba6da935af4e8/diagnostics/cells,76,All registered cases; only selected rendered tensors are rehashed by this exporter.
49418a4414cf85f58bdb60a44479b2a8b193a33c6183ae2d58265415dd6c3303,cifar10,swin_tiny,raw,1,dense,compact,70,fe659f7e7cc2bcded57c75ed5272930ea1d37c77549aaf2b6da6e7cb4dbf548b,377d79622b4be5ab780f2cc49d2998ca871c0899b1447524c906a2f2023b28ea,/ceph/sagnihot/projects/Lorena_Contrastive_Representation_Arch/training_dense_testing_sparse/outputs/cases/cifar10/swin_tiny/raw/trained_dense/infer_compact/p70/seed1/49418a4414cf85f58bdb60a44479b2a8b193a33c6183ae2d58265415dd6c3303/diagnostics/cells,76,All registered cases; only selected rendered tensors are rehashed by this exporter.
645a153dd9901dc85e8b7e71ff1760eb8fdf6668f617f496b16cb4caa91e2208,cifar10,swin_tiny,raw,2,dense,compact,70,c0d05e70330b2102f46e929b2604e920636f02760a2b7ccac6c5cbb3b9b9012e,377d79622b4be5ab780f2cc49d2998ca871c0899b1447524c906a2f2023b28ea,/ceph/sagnihot/projects/Lorena_Contrastive_Representation_Arch/training_dense_testing_sparse/outputs/cases/cifar10/swin_tiny/raw/trained_dense/infer_compact/p70/seed2/645a153dd9901dc85e8b7e71ff1760eb8fdf6668f617f496b16cb4caa91e2208/diagnostics/cells,76,All registered cases; only selected rendered tensors are rehashed by this exporter.
d02170d09bf170673379d573be7dca6e6b20a8c630803a4ede3ea8a094459ebe,cifar10,swin_tiny,single_color,0,compact,compact,70,bb46a33dc8b69af65d8ca279b87ff17d18ff06059ac0030c0397ad03669c839c,566fa577f2da3e50d887e890148fb6bd20f667e8139d6a9b04ca4665f0cb39c3,/ceph/sagnihot/projects/Lorena_Contrastive_Representation_Arch/training_dense_testing_sparse/outputs/cases/cifar10/swin_tiny/single_color/trained_compact/infer_compact/p70/seed0/d02170d09bf170673379d573be7dca6e6b20a8c630803a4ede3ea8a094459ebe/diagnostics/cells,76,All registered cases; only selected rendered tensors are rehashed by this exporter.
e12e1c4048aa8c54309603cd88785ea095c4abe488878df8bf603789e1b45ec8,cifar10,swin_tiny,single_color,1,compact,compact,70,b09d4231758cdc5f742a95c959b174a73f72e7eb7b5430e9f522d4a83a67b028,566fa577f2da3e50d887e890148fb6bd20f667e8139d6a9b04ca4665f0cb39c3,/ceph/sagnihot/projects/Lorena_Contrastive_Representation_Arch/training_dense_testing_sparse/outputs/cases/cifar10/swin_tiny/single_color/trained_compact/infer_compact/p70/seed1/e12e1c4048aa8c54309603cd88785ea095c4abe488878df8bf603789e1b45ec8/diagnostics/cells,76,All registered cases; only selected rendered tensors are rehashed by this exporter.
c1bb8bc80e8084497b3d0ec116571d5ea61863f62dc1ac7bacaf4f05ee50e664,cifar10,swin_tiny,single_color,2,compact,compact,70,54da0e293091a1938bc82ea8a6cabeabbb55debd9fdfcc96b5b795b3667b91f4,566fa577f2da3e50d887e890148fb6bd20f667e8139d6a9b04ca4665f0cb39c3,/ceph/sagnihot/projects/Lorena_Contrastive_Representation_Arch/training_dense_testing_sparse/outputs/cases/cifar10/swin_tiny/single_color/trained_compact/infer_compact/p70/seed2/c1bb8bc80e8084497b3d0ec116571d5ea61863f62dc1ac7bacaf4f05ee50e664/diagnostics/cells,76,All registered cases; only selected rendered tensors are rehashed by this exporter.
aca28ba26694d689064e7f07c4f8cd11b66cceacd95026e84d7574a406e46d1c,cifar10,swin_tiny,single_color,0,dense,compact,70,74fce3b1d058b6cf57055516ceb85d442b7674eddb8950f5244b3a22cc35862f,566fa577f2da3e50d887e890148fb6bd20f667e8139d6a9b04ca4665f0cb39c3,/ceph/sagnihot/projects/Lorena_Contrastive_Representation_Arch/training_dense_testing_sparse/outputs/cases/cifar10/swin_tiny/single_color/trained_dense/infer_compact/p70/seed0/aca28ba26694d689064e7f07c4f8cd11b66cceacd95026e84d7574a406e46d1c/diagnostics/cells,76,All registered cases; only selected rendered tensors are rehashed by this exporter.
8a178ec929ada7c155b17b35ffce9d66c7271befd609b94180c4169a9a921ffa,cifar10,swin_tiny,single_color,1,dense,compact,70,b7af9c2326beb1db7fc4aba06b867583770ebfc6e2869cb6193ee752cc81fb63,566fa577f2da3e50d887e890148fb6bd20f667e8139d6a9b04ca4665f0cb39c3,/ceph/sagnihot/projects/Lorena_Contrastive_Representation_Arch/training_dense_testing_sparse/outputs/cases/cifar10/swin_tiny/single_color/trained_dense/infer_compact/p70/seed1/8a178ec929ada7c155b17b35ffce9d66c7271befd609b94180c4169a9a921ffa/diagnostics/cells,76,All registered cases; only selected rendered tensors are rehashed by this exporter.
82ae1b07108508ce3df13e1e82f75398cf805c7cf49502df2e39d0f8f7f31797,cifar10,swin_tiny,single_color,2,dense,compact,70,9af4c0f5bd726b176994f562d5b5b3f4e326392003f27ce9b795221daa4a186e,566fa577f2da3e50d887e890148fb6bd20f667e8139d6a9b04ca4665f0cb39c3,/ceph/sagnihot/projects/Lorena_Contrastive_Representation_Arch/training_dense_testing_sparse/outputs/cases/cifar10/swin_tiny/single_color/trained_dense/infer_compact/p70/seed2/82ae1b07108508ce3df13e1e82f75398cf805c7cf49502df2e39d0f8f7f31797/diagnostics/cells,76,All registered cases; only selected rendered tensors are rehashed by this exporter.
4c9191f39b1983718e824548c5ca0fdd4d50dd5a2a330402250f8691ba4c8775,cifar10,vit_small,color_opponency,0,compact,compact,70,37de2ec99f0e84cc52750431e5e654b4c4548ea78d057a8d1e9f8503629dde4d,421a6c555b0de148ccc8177f266f90a3075af88135876e49829b120b02b133b6,/ceph/sagnihot/projects/Lorena_Contrastive_Representation_Arch/training_dense_testing_sparse/outputs/cases/cifar10/vit_small/color_opponency/trained_compact/infer_compact/p70/seed0/4c9191f39b1983718e824548c5ca0fdd4d50dd5a2a330402250f8691ba4c8775/diagnostics/cells,76,All registered cases; only selected rendered tensors are rehashed by this exporter.
852293fb13dd0a5582c7002900afba0ed7ee1da3eac57c390c17ced5020479e5,cifar10,vit_small,color_opponency,1,compact,compact,70,cc6c4ff852a89054d605a64dc0da897019275dfbee1773e7b12502eea47dc741,421a6c555b0de148ccc8177f266f90a3075af88135876e49829b120b02b133b6,/ceph/sagnihot/projects/Lorena_Contrastive_Representation_Arch/training_dense_testing_sparse/outputs/cases/cifar10/vit_small/color_opponency/trained_compact/infer_compact/p70/seed1/852293fb13dd0a5582c7002900afba0ed7ee1da3eac57c390c17ced5020479e5/diagnostics/cells,76,All registered cases; only selected rendered tensors are rehashed by this exporter.
82f057a9aabf3ec5f2dcda835588921471ed8f3386af594bded691b0cae54d77,cifar10,vit_small,color_opponency,2,compact,compact,70,256c9aba780e83006c9b4051eb71e7675e73ec3353ddf4c9b36cc6d6a8f81b13,421a6c555b0de148ccc8177f266f90a3075af88135876e49829b120b02b133b6,/ceph/sagnihot/projects/Lorena_Contrastive_Representation_Arch/training_dense_testing_sparse/outputs/cases/cifar10/vit_small/color_opponency/trained_compact/infer_compact/p70/seed2/82f057a9aabf3ec5f2dcda835588921471ed8f3386af594bded691b0cae54d77/diagnostics/cells,76,All registered cases; only selected rendered tensors are rehashed by this exporter.
df560ef223b7c4666cf94d95707de63f77bf5509475cd1153d8276324ac563c7,cifar10,vit_small,color_opponency,0,dense,compact,70,6ac6ab6efa8fe9667b6cfec2b439c1a483d484602b0dfdb7f1697805bfb32d49,421a6c555b0de148ccc8177f266f90a3075af88135876e49829b120b02b133b6,/ceph/sagnihot/projects/Lorena_Contrastive_Representation_Arch/training_dense_testing_sparse/outputs/cases/cifar10/vit_small/color_opponency/trained_dense/infer_compact/p70/seed0/df560ef223b7c4666cf94d95707de63f77bf5509475cd1153d8276324ac563c7/diagnostics/cells,76,All registered cases; only selected rendered tensors are rehashed by this exporter.
5e3e0d6e03ad4d7add110bef9f5ee4b8426aa4455640c3e37498c25790b55e4a,cifar10,vit_small,color_opponency,1,dense,compact,70,68d86b6eaac4b9181759fdf74d2ba1e58dec9a64c6c46a337f12d54d2ef69294,421a6c555b0de148ccc8177f266f90a3075af88135876e49829b120b02b133b6,/ceph/sagnihot/projects/Lorena_Contrastive_Representation_Arch/training_dense_testing_sparse/outputs/cases/cifar10/vit_small/color_opponency/trained_dense/infer_compact/p70/seed1/5e3e0d6e03ad4d7add110bef9f5ee4b8426aa4455640c3e37498c25790b55e4a/diagnostics/cells,76,All registered cases; only selected rendered tensors are rehashed by this exporter.
280674b7a8b9cf370c3c7ab1cf3e891020d9508af67faac55ae8b089786429c1,cifar10,vit_small,color_opponency,2,dense,compact,70,5996a511e29f768e94b52050b63e86d5c734908cfb89f071a0215dee0cf9ac41,421a6c555b0de148ccc8177f266f90a3075af88135876e49829b120b02b133b6,/ceph/sagnihot/projects/Lorena_Contrastive_Representation_Arch/training_dense_testing_sparse/outputs/cases/cifar10/vit_small/color_opponency/trained_dense/infer_compact/p70/seed2/280674b7a8b9cf370c3c7ab1cf3e891020d9508af67faac55ae8b089786429c1/diagnostics/cells,76,All registered cases; only selected rendered tensors are rehashed by this exporter.
df1187b1f54df47aac5be0c01388708556e6df260c0c0ed8ea6360fef03a4e27,cifar10,vit_small,grayscale,0,compact,compact,70,5525bb3230ca1bd20fbb778be4c121a9cfef3bd270f0e4dae5015b2878d97c09,1047af87909095c2ee60f41793d839c504320f3b8ce40bf1751007d9ebe36dec,/ceph/sagnihot/projects/Lorena_Contrastive_Representation_Arch/training_dense_testing_sparse/outputs/cases/cifar10/vit_small/grayscale/trained_compact/infer_compact/p70/seed0/df1187b1f54df47aac5be0c01388708556e6df260c0c0ed8ea6360fef03a4e27/diagnostics/cells,76,All registered cases; only selected rendered tensors are rehashed by this exporter.
cc3f2a9e80476cbca3b7a7aa7da38f13f51964a8ee7e999a04ad2afe96f52950,cifar10,vit_small,grayscale,1,compact,compact,70,732d4a2c3a1c116592563e0a1d8079371f809743798db06af2996f6171bb5f8e,1047af87909095c2ee60f41793d839c504320f3b8ce40bf1751007d9ebe36dec,/ceph/sagnihot/projects/Lorena_Contrastive_Representation_Arch/training_dense_testing_sparse/outputs/cases/cifar10/vit_small/grayscale/trained_compact/infer_compact/p70/seed1/cc3f2a9e80476cbca3b7a7aa7da38f13f51964a8ee7e999a04ad2afe96f52950/diagnostics/cells,76,All registered cases; only selected rendered tensors are rehashed by this exporter.
b1649a960f431ef2c0c3511ee009560451e10a08ddc694f21337970fe3ffabea,cifar10,vit_small,grayscale,2,compact,compact,70,419b5bb3a9a427d926a6310430e09d188260807d9d1dad2bd5df3489496b119c,1047af87909095c2ee60f41793d839c504320f3b8ce40bf1751007d9ebe36dec,/ceph/sagnihot/projects/Lorena_Contrastive_Representation_Arch/training_dense_testing_sparse/outputs/cases/cifar10/vit_small/grayscale/trained_compact/infer_compact/p70/seed2/b1649a960f431ef2c0c3511ee009560451e10a08ddc694f21337970fe3ffabea/diagnostics/cells,76,All registered cases; only selected rendered tensors are rehashed by this exporter.
5eccf7d47ebfabdbad3904482b91bfe2a31af271fbda28ec9aae13a3127cd3b3,cifar10,vit_small,grayscale,0,dense,compact,70,b63dea18ba04ebec90aa387b94608ae909f9951b5f93072d2366e170a7e899a5,1047af87909095c2ee60f41793d839c504320f3b8ce40bf1751007d9ebe36dec,/ceph/sagnihot/projects/Lorena_Contrastive_Representation_Arch/training_dense_testing_sparse/outputs/cases/cifar10/vit_small/grayscale/trained_dense/infer_compact/p70/seed0/5eccf7d47ebfabdbad3904482b91bfe2a31af271fbda28ec9aae13a3127cd3b3/diagnostics/cells,76,All registered cases; only selected rendered tensors are rehashed by this exporter.
a6995b8b39bbc8adbe73d946907a2c675ddf56e3b12e29cc831bf6394011fc26,cifar10,vit_small,grayscale,1,dense,compact,70,b0ee16f423c590c7b2825b45a2197bc867f6dc9afd6aafdf9bd17b05322b1253,1047af87909095c2ee60f41793d839c504320f3b8ce40bf1751007d9ebe36dec,/ceph/sagnihot/projects/Lorena_Contrastive_Representation_Arch/training_dense_testing_sparse/outputs/cases/cifar10/vit_small/grayscale/trained_dense/infer_compact/p70/seed1/a6995b8b39bbc8adbe73d946907a2c675ddf56e3b12e29cc831bf6394011fc26/diagnostics/cells,76,All registered cases; only selected rendered tensors are rehashed by this exporter.
c699c132b34436f3c8f6a4fa6ae30f4454628304b2281ae6d4b5009c544ae38c,cifar10,vit_small,grayscale,2,dense,compact,70,7babc96121d5f89850cbcc509af4ec2f9ce5f8ca5fa941133ff06758c159091f,1047af87909095c2ee60f41793d839c504320f3b8ce40bf1751007d9ebe36dec,/ceph/sagnihot/projects/Lorena_Contrastive_Representation_Arch/training_dense_testing_sparse/outputs/cases/cifar10/vit_small/grayscale/trained_dense/infer_compact/p70/seed2/c699c132b34436f3c8f6a4fa6ae30f4454628304b2281ae6d4b5009c544ae38c/diagnostics/cells,76,All registered cases; only selected rendered tensors are rehashed by this exporter.
2276482ec65a51a8fe9f18364b3dc3940b3ebc57a13816dc8dc7c0c4d392ac23,cifar10,vit_small,raw,0,dense,compact,70,a8369ed680009e45868b72c0316b8d39c74371d912ed437ff6bf9dc89488db33,377d79622b4be5ab780f2cc49d2998ca871c0899b1447524c906a2f2023b28ea,/ceph/sagnihot/projects/Lorena_Contrastive_Representation_Arch/training_dense_testing_sparse/outputs/cases/cifar10/vit_small/raw/trained_dense/infer_compact/p70/seed0/2276482ec65a51a8fe9f18364b3dc3940b3ebc57a13816dc8dc7c0c4d392ac23/diagnostics/cells,76,All registered cases; only selected rendered tensors are rehashed by this exporter.
4605f2f54250d68d8639a49d67eb6728ba3f6d03d3c719a7811bd50fb1bceb0b,cifar10,vit_small,raw,1,dense,compact,70,51013aa13debf7716aa0c9fa9d431e2a16cb1727a003497460469b5e728eaeb4,377d79622b4be5ab780f2cc49d2998ca871c0899b1447524c906a2f2023b28ea,/ceph/sagnihot/projects/Lorena_Contrastive_Representation_Arch/training_dense_testing_sparse/outputs/cases/cifar10/vit_small/raw/trained_dense/infer_compact/p70/seed1/4605f2f54250d68d8639a49d67eb6728ba3f6d03d3c719a7811bd50fb1bceb0b/diagnostics/cells,76,All registered cases; only selected rendered tensors are rehashed by this exporter.
31dc6940666644e01073bfbb3ca8dd154be0f535516ec31775f26c4c8aa2d4fc,cifar10,vit_small,raw,2,dense,compact,70,92f9655eb068a90ffb82799f9d4939a1b20fefa95c7967c571e933859172321e,377d79622b4be5ab780f2cc49d2998ca871c0899b1447524c906a2f2023b28ea,/ceph/sagnihot/projects/Lorena_Contrastive_Representation_Arch/training_dense_testing_sparse/outputs/cases/cifar10/vit_small/raw/trained_dense/infer_compact/p70/seed2/31dc6940666644e01073bfbb3ca8dd154be0f535516ec31775f26c4c8aa2d4fc/diagnostics/cells,76,All registered cases; only selected rendered tensors are rehashed by this exporter.
7e3db45bfff728b8ab84618013526a13a53b08cc05d5086a94def3fd9fe6226e,cifar10,vit_small,single_color,0,compact,compact,70,33444dbf27ccf9d09e9bc6815558429934b9b612bf912ef7c263e2fad03e2c1e,566fa577f2da3e50d887e890148fb6bd20f667e8139d6a9b04ca4665f0cb39c3,/ceph/sagnihot/projects/Lorena_Contrastive_Representation_Arch/training_dense_testing_sparse/outputs/cases/cifar10/vit_small/single_color/trained_compact/infer_compact/p70/seed0/7e3db45bfff728b8ab84618013526a13a53b08cc05d5086a94def3fd9fe6226e/diagnostics/cells,76,All registered cases; only selected rendered tensors are rehashed by this exporter.
56bc4c059081e0e70947ba0eb8600cf3841bc99e602454cea9cedcef40793aa7,cifar10,vit_small,single_color,1,compact,compact,70,9c8bd1d942d5eebc735cbfd5c953e9e80365d176a194c9231b43ef9fc509a79c,566fa577f2da3e50d887e890148fb6bd20f667e8139d6a9b04ca4665f0cb39c3,/ceph/sagnihot/projects/Lorena_Contrastive_Representation_Arch/training_dense_testing_sparse/outputs/cases/cifar10/vit_small/single_color/trained_compact/infer_compact/p70/seed1/56bc4c059081e0e70947ba0eb8600cf3841bc99e602454cea9cedcef40793aa7/diagnostics/cells,76,All registered cases; only selected rendered tensors are rehashed by this exporter.
d0380a17b414e2e3099a4f11cfdf4acd138cabf7a2ba6a2c0881bb6ae920776e,cifar10,vit_small,single_color,2,compact,compact,70,3fd91e2eda56a286994526f35b5dec72d05b5c1513e50fd3381168829ede49c7,566fa577f2da3e50d887e890148fb6bd20f667e8139d6a9b04ca4665f0cb39c3,/ceph/sagnihot/projects/Lorena_Contrastive_Representation_Arch/training_dense_testing_sparse/outputs/cases/cifar10/vit_small/single_color/trained_compact/infer_compact/p70/seed2/d0380a17b414e2e3099a4f11cfdf4acd138cabf7a2ba6a2c0881bb6ae920776e/diagnostics/cells,76,All registered cases; only selected rendered tensors are rehashed by this exporter.
966d12a324954b67c234acc561cf8f25291a059b94276f59bc36c0550284c14b,cifar10,vit_small,single_color,0,dense,compact,70,9fa97932cb6c84ca661c56235128961714203d1ebfd34d4c9142695a6361bacf,566fa577f2da3e50d887e890148fb6bd20f667e8139d6a9b04ca4665f0cb39c3,/ceph/sagnihot/projects/Lorena_Contrastive_Representation_Arch/training_dense_testing_sparse/outputs/cases/cifar10/vit_small/single_color/trained_dense/infer_compact/p70/seed0/966d12a324954b67c234acc561cf8f25291a059b94276f59bc36c0550284c14b/diagnostics/cells,76,All registered cases; only selected rendered tensors are rehashed by this exporter.
35d31fe6f00b9dd2e69514901a4d13cb6777adca9d3ec23442f613e2003cd87c,cifar10,vit_small,single_color,1,dense,compact,70,a14ddc5c19aa65cee18f9e67214fec43fad92bbdd3ee9a459ac0341fe3f3731c,566fa577f2da3e50d887e890148fb6bd20f667e8139d6a9b04ca4665f0cb39c3,/ceph/sagnihot/projects/Lorena_Contrastive_Representation_Arch/training_dense_testing_sparse/outputs/cases/cifar10/vit_small/single_color/trained_dense/infer_compact/p70/seed1/35d31fe6f00b9dd2e69514901a4d13cb6777adca9d3ec23442f613e2003cd87c/diagnostics/cells,76,All registered cases; only selected rendered tensors are rehashed by this exporter.
292eba58c76a3361a719a9875eb3494fb6a68dceb33f52a0a3671c49b0590029,cifar10,vit_small,single_color,2,dense,compact,70,2eeae4368927974e6744ec6a28e73efe04d841b8697a1cbf46ddb4dd42514b7a,566fa577f2da3e50d887e890148fb6bd20f667e8139d6a9b04ca4665f0cb39c3,/ceph/sagnihot/projects/Lorena_Contrastive_Representation_Arch/training_dense_testing_sparse/outputs/cases/cifar10/vit_small/single_color/trained_dense/infer_compact/p70/seed2/292eba58c76a3361a719a9875eb3494fb6a68dceb33f52a0a3671c49b0590029/diagnostics/cells,76,All registered cases; only selected rendered tensors are rehashed by this exporter.
2ff5b1d8a40704a2c9fd4a056956c05b65ab8e824f099b392aeb535dabe46ccc,mnist,swin_tiny,grayscale,0,compact,compact,70,7b0a41b35e709e34296548f99714540de2cfe6fab7cd6d2b8d8850be56665407,d2362b43edbe82cdc1f7c0323b1a1dd6e6ebb896538140efb20f06e957aed212,/ceph/sagnihot/projects/Lorena_Contrastive_Representation_Arch/training_dense_testing_sparse/outputs/cases/mnist/swin_tiny/grayscale/trained_compact/infer_compact/p70/seed0/2ff5b1d8a40704a2c9fd4a056956c05b65ab8e824f099b392aeb535dabe46ccc/diagnostics/cells,16,All registered cases; only selected rendered tensors are rehashed by this exporter.
6aee4c604b9455abc06a79e183809215ebfa819ffe62b1462739991353da2f80,mnist,swin_tiny,grayscale,1,compact,compact,70,27834ca7879cdcbc657227d83ee6209161fc84b956f9fc30765d0b5f59e7f707,d2362b43edbe82cdc1f7c0323b1a1dd6e6ebb896538140efb20f06e957aed212,/ceph/sagnihot/projects/Lorena_Contrastive_Representation_Arch/training_dense_testing_sparse/outputs/cases/mnist/swin_tiny/grayscale/trained_compact/infer_compact/p70/seed1/6aee4c604b9455abc06a79e183809215ebfa819ffe62b1462739991353da2f80/diagnostics/cells,16,All registered cases; only selected rendered tensors are rehashed by this exporter.
0581ebad601f2201e841d1f03a6d5731e5541bb1b8e56d51cf152afa688f4413,mnist,swin_tiny,grayscale,2,compact,compact,70,984f081ec99d3e4bbdd3bdec162111e3b71fd5987938caf8959881f15ccd05d4,d2362b43edbe82cdc1f7c0323b1a1dd6e6ebb896538140efb20f06e957aed212,/ceph/sagnihot/projects/Lorena_Contrastive_Representation_Arch/training_dense_testing_sparse/outputs/cases/mnist/swin_tiny/grayscale/trained_compact/infer_compact/p70/seed2/0581ebad601f2201e841d1f03a6d5731e5541bb1b8e56d51cf152afa688f4413/diagnostics/cells,16,All registered cases; only selected rendered tensors are rehashed by this exporter.
a73e9f676eeee0e4f8bc397e104803ddb781d4e644a89bc530f5339fbdabe4d6,mnist,swin_tiny,grayscale,0,dense,compact,70,473ed25a586e0ea8fb93e4fadfcfd4e7e18bde623e0f22701c184b2da680520b,d2362b43edbe82cdc1f7c0323b1a1dd6e6ebb896538140efb20f06e957aed212,/ceph/sagnihot/projects/Lorena_Contrastive_Representation_Arch/training_dense_testing_sparse/outputs/cases/mnist/swin_tiny/grayscale/trained_dense/infer_compact/p70/seed0/a73e9f676eeee0e4f8bc397e104803ddb781d4e644a89bc530f5339fbdabe4d6/diagnostics/cells,16,All registered cases; only selected rendered tensors are rehashed by this exporter.
1c7b3f8d4f75ca244f901065080e47b683b552b4b255bf8d401e4cc1cd9e9e8c,mnist,swin_tiny,grayscale,1,dense,compact,70,3c122f0fd1faf70a5670d3c6526b0c7197dc73ded514139a3796e6045a6fb776,d2362b43edbe82cdc1f7c0323b1a1dd6e6ebb896538140efb20f06e957aed212,/ceph/sagnihot/projects/Lorena_Contrastive_Representation_Arch/training_dense_testing_sparse/outputs/cases/mnist/swin_tiny/grayscale/trained_dense/infer_compact/p70/seed1/1c7b3f8d4f75ca244f901065080e47b683b552b4b255bf8d401e4cc1cd9e9e8c/diagnostics/cells,16,All registered cases; only selected rendered tensors are rehashed by this exporter.
f9101b3cbe7a134eff7069a83a39e99255f672215ceaa0a96a426b2705b96022,mnist,swin_tiny,grayscale,2,dense,compact,70,b0393e9d1c0e15b51559e628483e2ed496574409f6794199f61ad346d461af16,d2362b43edbe82cdc1f7c0323b1a1dd6e6ebb896538140efb20f06e957aed212,/ceph/sagnihot/projects/Lorena_Contrastive_Representation_Arch/training_dense_testing_sparse/outputs/cases/mnist/swin_tiny/grayscale/trained_dense/infer_compact/p70/seed2/f9101b3cbe7a134eff7069a83a39e99255f672215ceaa0a96a426b2705b96022/diagnostics/cells,16,All registered cases; only selected rendered tensors are rehashed by this exporter.
b6269379e6bbb47e7f14d01631aa63e90fc4a7919441b5c0376fdd57bad1ad81,mnist,swin_tiny,raw,0,dense,compact,70,4f4de1c96ce3171d528465ea583fe366ccbf1eeed9fc126ed5b29d61cc878836,74be2eb7180e855812c6b42276b2aafb6baf921a0ade2ec0d172dbb4ef69d3d7,/ceph/sagnihot/projects/Lorena_Contrastive_Representation_Arch/training_dense_testing_sparse/outputs/cases/mnist/swin_tiny/raw/trained_dense/infer_compact/p70/seed0/b6269379e6bbb47e7f14d01631aa63e90fc4a7919441b5c0376fdd57bad1ad81/diagnostics/cells,16,All registered cases; only selected rendered tensors are rehashed by this exporter.
9d1e9aa877b25c4ce9280693a8e80be7c29b8f564d42df2744c58a996c0fce4a,mnist,swin_tiny,raw,1,dense,compact,70,485f892a847b6dbcfdab4e13b46349e10ca7e3c0d81810dc50d69b0ada0c05f0,74be2eb7180e855812c6b42276b2aafb6baf921a0ade2ec0d172dbb4ef69d3d7,/ceph/sagnihot/projects/Lorena_Contrastive_Representation_Arch/training_dense_testing_sparse/outputs/cases/mnist/swin_tiny/raw/trained_dense/infer_compact/p70/seed1/9d1e9aa877b25c4ce9280693a8e80be7c29b8f564d42df2744c58a996c0fce4a/diagnostics/cells,16,All registered cases; only selected rendered tensors are rehashed by this exporter.
ec8bd8c79f299b4b4cf850455b79aae95e49dca7bb5760c116c3300118ee2fc8,mnist,swin_tiny,raw,2,dense,compact,70,dc141a26cd438bb05b5097a229bc10b348f6a1d7cb9696567fc85afbb8440cbe,74be2eb7180e855812c6b42276b2aafb6baf921a0ade2ec0d172dbb4ef69d3d7,/ceph/sagnihot/projects/Lorena_Contrastive_Representation_Arch/training_dense_testing_sparse/outputs/cases/mnist/swin_tiny/raw/trained_dense/infer_compact/p70/seed2/ec8bd8c79f299b4b4cf850455b79aae95e49dca7bb5760c116c3300118ee2fc8/diagnostics/cells,16,All registered cases; only selected rendered tensors are rehashed by this exporter.
b00ebeb1afa3fdbc15ed47ab37d61f2044f5558c0c2518673fd94ef4f52275f4,mnist,vit_small,grayscale,0,compact,compact,70,168dfdf4b1e77bdf998c5fcf65999cf6fb4a4b0c58b19ed9d0679fbe3a50e918,d2362b43edbe82cdc1f7c0323b1a1dd6e6ebb896538140efb20f06e957aed212,/ceph/sagnihot/projects/Lorena_Contrastive_Representation_Arch/training_dense_testing_sparse/outputs/cases/mnist/vit_small/grayscale/trained_compact/infer_compact/p70/seed0/b00ebeb1afa3fdbc15ed47ab37d61f2044f5558c0c2518673fd94ef4f52275f4/diagnostics/cells,16,All registered cases; only selected rendered tensors are rehashed by this exporter.
c5a04ae7ca44c4270e98eafbca8d5673589771dceddab4b9aac25b0cbb8cfcee,mnist,vit_small,grayscale,1,compact,compact,70,bf2631dda7d9d271b18b8e9867cd79e4cb599f961d1d13de860454d586357601,d2362b43edbe82cdc1f7c0323b1a1dd6e6ebb896538140efb20f06e957aed212,/ceph/sagnihot/projects/Lorena_Contrastive_Representation_Arch/training_dense_testing_sparse/outputs/cases/mnist/vit_small/grayscale/trained_compact/infer_compact/p70/seed1/c5a04ae7ca44c4270e98eafbca8d5673589771dceddab4b9aac25b0cbb8cfcee/diagnostics/cells,16,All registered cases; only selected rendered tensors are rehashed by this exporter.
7b82995edda9ba3246a8013915bd1ea54fba39666d7e1f20c9af065c64420d11,mnist,vit_small,grayscale,2,compact,compact,70,d40eaf4227e611b4235f679e1f5b2f9f68901fb6a89907585a7aca9162a6769c,d2362b43edbe82cdc1f7c0323b1a1dd6e6ebb896538140efb20f06e957aed212,/ceph/sagnihot/projects/Lorena_Contrastive_Representation_Arch/training_dense_testing_sparse/outputs/cases/mnist/vit_small/grayscale/trained_compact/infer_compact/p70/seed2/7b82995edda9ba3246a8013915bd1ea54fba39666d7e1f20c9af065c64420d11/diagnostics/cells,16,All registered cases; only selected rendered tensors are rehashed by this exporter.
e8bb7b2dff5e7481ffbe64a4d0c017841dce5c8b7715c4da25a88bcdc09414d8,mnist,vit_small,grayscale,0,dense,compact,70,1febb833c97989dec964ce4247d5bb9f7f212d0d0ffea0016b5b7d6ef9e061db,d2362b43edbe82cdc1f7c0323b1a1dd6e6ebb896538140efb20f06e957aed212,/ceph/sagnihot/projects/Lorena_Contrastive_Representation_Arch/training_dense_testing_sparse/outputs/cases/mnist/vit_small/grayscale/trained_dense/infer_compact/p70/seed0/e8bb7b2dff5e7481ffbe64a4d0c017841dce5c8b7715c4da25a88bcdc09414d8/diagnostics/cells,16,All registered cases; only selected rendered tensors are rehashed by this exporter.
b61bbd2a37917cfefa0b51adb17bcd8439992ab62c5dc6f383495fd0eeef8962,mnist,vit_small,grayscale,1,dense,compact,70,10a1c020e268e60f92a50cb1a938f7e478078107b9a7dd5bcd30e3f36dd50ae6,d2362b43edbe82cdc1f7c0323b1a1dd6e6ebb896538140efb20f06e957aed212,/ceph/sagnihot/projects/Lorena_Contrastive_Representation_Arch/training_dense_testing_sparse/outputs/cases/mnist/vit_small/grayscale/trained_dense/infer_compact/p70/seed1/b61bbd2a37917cfefa0b51adb17bcd8439992ab62c5dc6f383495fd0eeef8962/diagnostics/cells,16,All registered cases; only selected rendered tensors are rehashed by this exporter.
d119f40c6fe20ebaf09e8abd12b9fd95ebb4a5e48e65c9c311f4aa388de6f31d,mnist,vit_small,grayscale,2,dense,compact,70,04b23e1d894d5cd0ffacd122ef55cc5578fe60d76fbf71286f07dceb0d27c789,d2362b43edbe82cdc1f7c0323b1a1dd6e6ebb896538140efb20f06e957aed212,/ceph/sagnihot/projects/Lorena_Contrastive_Representation_Arch/training_dense_testing_sparse/outputs/cases/mnist/vit_small/grayscale/trained_dense/infer_compact/p70/seed2/d119f40c6fe20ebaf09e8abd12b9fd95ebb4a5e48e65c9c311f4aa388de6f31d/diagnostics/cells,16,All registered cases; only selected rendered tensors are rehashed by this exporter.
1a3fadaf1913a21b54ed68c2742a8a7b4e9866ff795c1a10e7831724f4ca2c4b,mnist,vit_small,raw,0,dense,compact,70,3db92cbcafbbc2751e66333d710ad6f6ab62881147312fbf9142265b64fd326b,74be2eb7180e855812c6b42276b2aafb6baf921a0ade2ec0d172dbb4ef69d3d7,/ceph/sagnihot/projects/Lorena_Contrastive_Representation_Arch/training_dense_testing_sparse/outputs/cases/mnist/vit_small/raw/trained_dense/infer_compact/p70/seed0/1a3fadaf1913a21b54ed68c2742a8a7b4e9866ff795c1a10e7831724f4ca2c4b/diagnostics/cells,16,All registered cases; only selected rendered tensors are rehashed by this exporter.
88cfd64cab90b662f2b2e7324e0229356ec8e85805a1b9f7aba6f78588f954ad,mnist,vit_small,raw,1,dense,compact,70,acbec74b30d2bb2dbba09b75e00a22ce88387ed47cb09fa6403be759a89ac248,74be2eb7180e855812c6b42276b2aafb6baf921a0ade2ec0d172dbb4ef69d3d7,/ceph/sagnihot/projects/Lorena_Contrastive_Representation_Arch/training_dense_testing_sparse/outputs/cases/mnist/vit_small/raw/trained_dense/infer_compact/p70/seed1/88cfd64cab90b662f2b2e7324e0229356ec8e85805a1b9f7aba6f78588f954ad/diagnostics/cells,16,All registered cases; only selected rendered tensors are rehashed by this exporter.
661b622d0575f3d3d5cb6b4ba4a18036a41b52b43f397405eccb69efb830cafd,mnist,vit_small,raw,2,dense,compact,70,63bb2214a8ab262e48865109fcf46769e97d9659bc9e8d3557e8cd23394adc56,74be2eb7180e855812c6b42276b2aafb6baf921a0ade2ec0d172dbb4ef69d3d7,/ceph/sagnihot/projects/Lorena_Contrastive_Representation_Arch/training_dense_testing_sparse/outputs/cases/mnist/vit_small/raw/trained_dense/infer_compact/p70/seed2/661b622d0575f3d3d5cb6b4ba4a18036a41b52b43f397405eccb69efb830cafd/diagnostics/cells,16,All registered cases; only selected rendered tensors are rehashed by this exporter.
f2441db49f3136b5149bbb9d1d8ed99e8eb7cc3d65d8813dec9baa3f691361cc,cifar10,swin_tiny,color_opponency,0,compact,compact,80,a1588df6cc4aa446ef6729c07ec425d9f89c93cfbeb71b723f0b336b231ea48d,421a6c555b0de148ccc8177f266f90a3075af88135876e49829b120b02b133b6,/ceph/sagnihot/projects/Lorena_Contrastive_Representation_Arch/training_dense_testing_sparse/outputs/cases/cifar10/swin_tiny/color_opponency/trained_compact/infer_compact/p80/seed0/f2441db49f3136b5149bbb9d1d8ed99e8eb7cc3d65d8813dec9baa3f691361cc/diagnostics/cells,76,All registered cases; only selected rendered tensors are rehashed by this exporter.
062fa7600c39e3a3e4717ada111795bb2a9ed52aa70f7dc7fb9de49a23594959,cifar10,swin_tiny,color_opponency,1,compact,compact,80,238361a79e91c52e2fd36d712b98e970b6286e5316b2293833aade616d11c014,421a6c555b0de148ccc8177f266f90a3075af88135876e49829b120b02b133b6,/ceph/sagnihot/projects/Lorena_Contrastive_Representation_Arch/training_dense_testing_sparse/outputs/cases/cifar10/swin_tiny/color_opponency/trained_compact/infer_compact/p80/seed1/062fa7600c39e3a3e4717ada111795bb2a9ed52aa70f7dc7fb9de49a23594959/diagnostics/cells,76,All registered cases; only selected rendered tensors are rehashed by this exporter.
cc8230328acd40134be1989f770fdc235fc8497c1b1e14c8e282943066f84208,cifar10,swin_tiny,color_opponency,2,compact,compact,80,7858973d124027dfd76efc8522165b34da42f801109350bfe9edf5588b99ca59,421a6c555b0de148ccc8177f266f90a3075af88135876e49829b120b02b133b6,/ceph/sagnihot/projects/Lorena_Contrastive_Representation_Arch/training_dense_testing_sparse/outputs/cases/cifar10/swin_tiny/color_opponency/trained_compact/infer_compact/p80/seed2/cc8230328acd40134be1989f770fdc235fc8497c1b1e14c8e282943066f84208/diagnostics/cells,76,All registered cases; only selected rendered tensors are rehashed by this exporter.
50751e659f77590b1c63c2a9a53a2f43f55782c871b9fd2db2e5c2f3bb8b30cb,cifar10,swin_tiny,color_opponency,0,dense,compact,80,fab9441233ae76a1b48e0b353942c30293499e8a2d4c2e9c062d73159e012032,421a6c555b0de148ccc8177f266f90a3075af88135876e49829b120b02b133b6,/ceph/sagnihot/projects/Lorena_Contrastive_Representation_Arch/training_dense_testing_sparse/outputs/cases/cifar10/swin_tiny/color_opponency/trained_dense/infer_compact/p80/seed0/50751e659f77590b1c63c2a9a53a2f43f55782c871b9fd2db2e5c2f3bb8b30cb/diagnostics/cells,76,All registered cases; only selected rendered tensors are rehashed by this exporter.
351e87142eed2a287e4e514ac80270874c48768b55ba454dea2e347e95f1a7c3,cifar10,swin_tiny,color_opponency,1,dense,compact,80,3a8d2f76403887b48ba87e6c04a928670d9aaf4079d21ba7ad87d5b9f491eeee,421a6c555b0de148ccc8177f266f90a3075af88135876e49829b120b02b133b6,/ceph/sagnihot/projects/Lorena_Contrastive_Representation_Arch/training_dense_testing_sparse/outputs/cases/cifar10/swin_tiny/color_opponency/trained_dense/infer_compact/p80/seed1/351e87142eed2a287e4e514ac80270874c48768b55ba454dea2e347e95f1a7c3/diagnostics/cells,76,All registered cases; only selected rendered tensors are rehashed by this exporter.
1476d97c7f236f41ee5e12cbb62aec15e9e52e86efa8bc9da938bf9a7c2bf765,cifar10,swin_tiny,color_opponency,2,dense,compact,80,70c047f178a68005810241c0e1315e68c21862bbc6485b102471e834d04345eb,421a6c555b0de148ccc8177f266f90a3075af88135876e49829b120b02b133b6,/ceph/sagnihot/projects/Lorena_Contrastive_Representation_Arch/training_dense_testing_sparse/outputs/cases/cifar10/swin_tiny/color_opponency/trained_dense/infer_compact/p80/seed2/1476d97c7f236f41ee5e12cbb62aec15e9e52e86efa8bc9da938bf9a7c2bf765/diagnostics/cells,76,All registered cases; only selected rendered tensors are rehashed by this exporter.
44e33e279c57ca609dbc94e7545fa818b8b9ddaff655fa43db0679b6092a2e49,cifar10,swin_tiny,grayscale,0,compact,compact,80,71871ed8857981958b2a6b9df5f131d33fe3c006b362f05353a506a36ed60600,1047af87909095c2ee60f41793d839c504320f3b8ce40bf1751007d9ebe36dec,/ceph/sagnihot/projects/Lorena_Contrastive_Representation_Arch/training_dense_testing_sparse/outputs/cases/cifar10/swin_tiny/grayscale/trained_compact/infer_compact/p80/seed0/44e33e279c57ca609dbc94e7545fa818b8b9ddaff655fa43db0679b6092a2e49/diagnostics/cells,76,All registered cases; only selected rendered tensors are rehashed by this exporter.
f7b04224c6fc073e7a27b51d4b06b8554163f099d7cd67933c33e0959b3116b5,cifar10,swin_tiny,grayscale,1,compact,compact,80,13220bfdc33c9cf4650dd73e3a4527dfa123dcc569d5483e392ee4d87a3a871e,1047af87909095c2ee60f41793d839c504320f3b8ce40bf1751007d9ebe36dec,/ceph/sagnihot/projects/Lorena_Contrastive_Representation_Arch/training_dense_testing_sparse/outputs/cases/cifar10/swin_tiny/grayscale/trained_compact/infer_compact/p80/seed1/f7b04224c6fc073e7a27b51d4b06b8554163f099d7cd67933c33e0959b3116b5/diagnostics/cells,76,All registered cases; only selected rendered tensors are rehashed by this exporter.
a4b9fd492897d908caf8e95d1227f5b9bee9a8208396fadad45ef099d2edd805,cifar10,swin_tiny,grayscale,2,compact,compact,80,4138089fb907e02402ec0525f2bfcd503a06886e3b15de2814ef80480df2552b,1047af87909095c2ee60f41793d839c504320f3b8ce40bf1751007d9ebe36dec,/ceph/sagnihot/projects/Lorena_Contrastive_Representation_Arch/training_dense_testing_sparse/outputs/cases/cifar10/swin_tiny/grayscale/trained_compact/infer_compact/p80/seed2/a4b9fd492897d908caf8e95d1227f5b9bee9a8208396fadad45ef099d2edd805/diagnostics/cells,76,All registered cases; only selected rendered tensors are rehashed by this exporter.
e33e9b701fd4982b108da55c86465f7088f60964de99797a1b1231d161b002ed,cifar10,swin_tiny,grayscale,0,dense,compact,80,6044ca36b20c6e4930631bf254bbc49c2a6d007c28c6dad2e64d93d48d9ee944,1047af87909095c2ee60f41793d839c504320f3b8ce40bf1751007d9ebe36dec,/ceph/sagnihot/projects/Lorena_Contrastive_Representation_Arch/training_dense_testing_sparse/outputs/cases/cifar10/swin_tiny/grayscale/trained_dense/infer_compact/p80/seed0/e33e9b701fd4982b108da55c86465f7088f60964de99797a1b1231d161b002ed/diagnostics/cells,76,All registered cases; only selected rendered tensors are rehashed by this exporter.
47c579e2abb60ebfbcfabecfafb688ec513da92b1955ec7744cfb26ae693af4e,cifar10,swin_tiny,grayscale,1,dense,compact,80,66b93a8751c67cb83a6b47d4ebe6c227e04004542fa77f67b1aa4696492cbb12,1047af87909095c2ee60f41793d839c504320f3b8ce40bf1751007d9ebe36dec,/ceph/sagnihot/projects/Lorena_Contrastive_Representation_Arch/training_dense_testing_sparse/outputs/cases/cifar10/swin_tiny/grayscale/trained_dense/infer_compact/p80/seed1/47c579e2abb60ebfbcfabecfafb688ec513da92b1955ec7744cfb26ae693af4e/diagnostics/cells,76,All registered cases; only selected rendered tensors are rehashed by this exporter.
b32d3a01feb4e4d5798dd3d2c2d9172911f9aec8c85f963dd376ae28b31dc6ad,cifar10,swin_tiny,grayscale,2,dense,compact,80,2a3b7de47f7c3116c9ed4e26109dc713938f3a63e2267a4668905554b979f39b,1047af87909095c2ee60f41793d839c504320f3b8ce40bf1751007d9ebe36dec,/ceph/sagnihot/projects/Lorena_Contrastive_Representation_Arch/training_dense_testing_sparse/outputs/cases/cifar10/swin_tiny/grayscale/trained_dense/infer_compact/p80/seed2/b32d3a01feb4e4d5798dd3d2c2d9172911f9aec8c85f963dd376ae28b31dc6ad/diagnostics/cells,76,All registered cases; only selected rendered tensors are rehashed by this exporter.
5211e6ed121b8734b76d7e1f99cc53c77a9cef6857c1c77b9cf4ac11edb38f17,cifar10,swin_tiny,raw,0,dense,compact,80,3292edaad6d1f81f87a8b508f23007e265f1506e12d81c7b47715ededb9a6546,377d79622b4be5ab780f2cc49d2998ca871c0899b1447524c906a2f2023b28ea,/ceph/sagnihot/projects/Lorena_Contrastive_Representation_Arch/training_dense_testing_sparse/outputs/cases/cifar10/swin_tiny/raw/trained_dense/infer_compact/p80/seed0/5211e6ed121b8734b76d7e1f99cc53c77a9cef6857c1c77b9cf4ac11edb38f17/diagnostics/cells,76,All registered cases; only selected rendered tensors are rehashed by this exporter.
d71f714fec71d5f149ffb06fb23e95e96cb558f17e95fa6a0df75983919ecdda,cifar10,swin_tiny,raw,1,dense,compact,80,fe659f7e7cc2bcded57c75ed5272930ea1d37c77549aaf2b6da6e7cb4dbf548b,377d79622b4be5ab780f2cc49d2998ca871c0899b1447524c906a2f2023b28ea,/ceph/sagnihot/projects/Lorena_Contrastive_Representation_Arch/training_dense_testing_sparse/outputs/cases/cifar10/swin_tiny/raw/trained_dense/infer_compact/p80/seed1/d71f714fec71d5f149ffb06fb23e95e96cb558f17e95fa6a0df75983919ecdda/diagnostics/cells,76,All registered cases; only selected rendered tensors are rehashed by this exporter.
47bb74f295b41d077a19e7d62b13dcbce1aba94ff852ae647cda90e15be62e18,cifar10,swin_tiny,raw,2,dense,compact,80,c0d05e70330b2102f46e929b2604e920636f02760a2b7ccac6c5cbb3b9b9012e,377d79622b4be5ab780f2cc49d2998ca871c0899b1447524c906a2f2023b28ea,/ceph/sagnihot/projects/Lorena_Contrastive_Representation_Arch/training_dense_testing_sparse/outputs/cases/cifar10/swin_tiny/raw/trained_dense/infer_compact/p80/seed2/47bb74f295b41d077a19e7d62b13dcbce1aba94ff852ae647cda90e15be62e18/diagnostics/cells,76,All registered cases; only selected rendered tensors are rehashed by this exporter.
82a7aa767402b06e5b91080e03eb6441c824514fb08a10b670c9abbc9c2c8df3,cifar10,swin_tiny,single_color,0,compact,compact,80,bb46a33dc8b69af65d8ca279b87ff17d18ff06059ac0030c0397ad03669c839c,566fa577f2da3e50d887e890148fb6bd20f667e8139d6a9b04ca4665f0cb39c3,/ceph/sagnihot/projects/Lorena_Contrastive_Representation_Arch/training_dense_testing_sparse/outputs/cases/cifar10/swin_tiny/single_color/trained_compact/infer_compact/p80/seed0/82a7aa767402b06e5b91080e03eb6441c824514fb08a10b670c9abbc9c2c8df3/diagnostics/cells,76,All registered cases; only selected rendered tensors are rehashed by this exporter.
51d73ef88027627f0ddd28004e3fc6e91c987be8427d3ad9c4c1f1ee300b8aef,cifar10,swin_tiny,single_color,1,compact,compact,80,b09d4231758cdc5f742a95c959b174a73f72e7eb7b5430e9f522d4a83a67b028,566fa577f2da3e50d887e890148fb6bd20f667e8139d6a9b04ca4665f0cb39c3,/ceph/sagnihot/projects/Lorena_Contrastive_Representation_Arch/training_dense_testing_sparse/outputs/cases/cifar10/swin_tiny/single_color/trained_compact/infer_compact/p80/seed1/51d73ef88027627f0ddd28004e3fc6e91c987be8427d3ad9c4c1f1ee300b8aef/diagnostics/cells,76,All registered cases; only selected rendered tensors are rehashed by this exporter.
63c90971bdabbca9a8230889d522a147f65dac1e6124e2a7eb83d8301185fcba,cifar10,swin_tiny,single_color,2,compact,compact,80,54da0e293091a1938bc82ea8a6cabeabbb55debd9fdfcc96b5b795b3667b91f4,566fa577f2da3e50d887e890148fb6bd20f667e8139d6a9b04ca4665f0cb39c3,/ceph/sagnihot/projects/Lorena_Contrastive_Representation_Arch/training_dense_testing_sparse/outputs/cases/cifar10/swin_tiny/single_color/trained_compact/infer_compact/p80/seed2/63c90971bdabbca9a8230889d522a147f65dac1e6124e2a7eb83d8301185fcba/diagnostics/cells,76,All registered cases; only selected rendered tensors are rehashed by this exporter.
a53a935b68706a0c8679f365f346ae84b9fb1b8b236c129ff26cc941955ed82e,cifar10,swin_tiny,single_color,0,dense,compact,80,74fce3b1d058b6cf57055516ceb85d442b7674eddb8950f5244b3a22cc35862f,566fa577f2da3e50d887e890148fb6bd20f667e8139d6a9b04ca4665f0cb39c3,/ceph/sagnihot/projects/Lorena_Contrastive_Representation_Arch/training_dense_testing_sparse/outputs/cases/cifar10/swin_tiny/single_color/trained_dense/infer_compact/p80/seed0/a53a935b68706a0c8679f365f346ae84b9fb1b8b236c129ff26cc941955ed82e/diagnostics/cells,76,All registered cases; only selected rendered tensors are rehashed by this exporter.
621a97e585369b6d840673b0c30c547a0c7ce794d8d36f727799aebb139f22f8,cifar10,swin_tiny,single_color,1,dense,compact,80,b7af9c2326beb1db7fc4aba06b867583770ebfc6e2869cb6193ee752cc81fb63,566fa577f2da3e50d887e890148fb6bd20f667e8139d6a9b04ca4665f0cb39c3,/ceph/sagnihot/projects/Lorena_Contrastive_Representation_Arch/training_dense_testing_sparse/outputs/cases/cifar10/swin_tiny/single_color/trained_dense/infer_compact/p80/seed1/621a97e585369b6d840673b0c30c547a0c7ce794d8d36f727799aebb139f22f8/diagnostics/cells,76,All registered cases; only selected rendered tensors are rehashed by this exporter.
231b280152950095a966035bb6259f8a4ebe1c3577d9e396ae2e707991509bf8,cifar10,swin_tiny,single_color,2,dense,compact,80,9af4c0f5bd726b176994f562d5b5b3f4e326392003f27ce9b795221daa4a186e,566fa577f2da3e50d887e890148fb6bd20f667e8139d6a9b04ca4665f0cb39c3,/ceph/sagnihot/projects/Lorena_Contrastive_Representation_Arch/training_dense_testing_sparse/outputs/cases/cifar10/swin_tiny/single_color/trained_dense/infer_compact/p80/seed2/231b280152950095a966035bb6259f8a4ebe1c3577d9e396ae2e707991509bf8/diagnostics/cells,76,All registered cases; only selected rendered tensors are rehashed by this exporter.
93ebc90dfa0c85f3f758a09627e2e817f23deb0e284f9b235d633f01c5f04004,cifar10,vit_small,color_opponency,0,compact,compact,80,37de2ec99f0e84cc52750431e5e654b4c4548ea78d057a8d1e9f8503629dde4d,421a6c555b0de148ccc8177f266f90a3075af88135876e49829b120b02b133b6,/ceph/sagnihot/projects/Lorena_Contrastive_Representation_Arch/training_dense_testing_sparse/outputs/cases/cifar10/vit_small/color_opponency/trained_compact/infer_compact/p80/seed0/93ebc90dfa0c85f3f758a09627e2e817f23deb0e284f9b235d633f01c5f04004/diagnostics/cells,76,All registered cases; only selected rendered tensors are rehashed by this exporter.
9c2938089edfd99ba8a7a9798f090e323f07214b1443e7c453aaf5a3cf8efbae,cifar10,vit_small,color_opponency,1,compact,compact,80,cc6c4ff852a89054d605a64dc0da897019275dfbee1773e7b12502eea47dc741,421a6c555b0de148ccc8177f266f90a3075af88135876e49829b120b02b133b6,/ceph/sagnihot/projects/Lorena_Contrastive_Representation_Arch/training_dense_testing_sparse/outputs/cases/cifar10/vit_small/color_opponency/trained_compact/infer_compact/p80/seed1/9c2938089edfd99ba8a7a9798f090e323f07214b1443e7c453aaf5a3cf8efbae/diagnostics/cells,76,All registered cases; only selected rendered tensors are rehashed by this exporter.
3c7fd6045768665dfd3e02aed1a0568e1e9e7f752df8d2f1c3f6789555a9e7a2,cifar10,vit_small,color_opponency,2,compact,compact,80,256c9aba780e83006c9b4051eb71e7675e73ec3353ddf4c9b36cc6d6a8f81b13,421a6c555b0de148ccc8177f266f90a3075af88135876e49829b120b02b133b6,/ceph/sagnihot/projects/Lorena_Contrastive_Representation_Arch/training_dense_testing_sparse/outputs/cases/cifar10/vit_small/color_opponency/trained_compact/infer_compact/p80/seed2/3c7fd6045768665dfd3e02aed1a0568e1e9e7f752df8d2f1c3f6789555a9e7a2/diagnostics/cells,76,All registered cases; only selected rendered tensors are rehashed by this exporter.
208467359bb6b0ddd40c53737b4ee5c62bc166afeeff78702950bdbd6f4f5fc1,cifar10,vit_small,color_opponency,0,dense,compact,80,6ac6ab6efa8fe9667b6cfec2b439c1a483d484602b0dfdb7f1697805bfb32d49,421a6c555b0de148ccc8177f266f90a3075af88135876e49829b120b02b133b6,/ceph/sagnihot/projects/Lorena_Contrastive_Representation_Arch/training_dense_testing_sparse/outputs/cases/cifar10/vit_small/color_opponency/trained_dense/infer_compact/p80/seed0/208467359bb6b0ddd40c53737b4ee5c62bc166afeeff78702950bdbd6f4f5fc1/diagnostics/cells,76,All registered cases; only selected rendered tensors are rehashed by this exporter.
b4fe169b57db4a93e9874ede3f39688070ee4aed2496eea4fb4dd67afda25988,cifar10,vit_small,color_opponency,1,dense,compact,80,68d86b6eaac4b9181759fdf74d2ba1e58dec9a64c6c46a337f12d54d2ef69294,421a6c555b0de148ccc8177f266f90a3075af88135876e49829b120b02b133b6,/ceph/sagnihot/projects/Lorena_Contrastive_Representation_Arch/training_dense_testing_sparse/outputs/cases/cifar10/vit_small/color_opponency/trained_dense/infer_compact/p80/seed1/b4fe169b57db4a93e9874ede3f39688070ee4aed2496eea4fb4dd67afda25988/diagnostics/cells,76,All registered cases; only selected rendered tensors are rehashed by this exporter.
1957bfcf058a0e7bb6440d26936383665d20551fe1b1be017821893cb8dabb20,cifar10,vit_small,color_opponency,2,dense,compact,80,5996a511e29f768e94b52050b63e86d5c734908cfb89f071a0215dee0cf9ac41,421a6c555b0de148ccc8177f266f90a3075af88135876e49829b120b02b133b6,/ceph/sagnihot/projects/Lorena_Contrastive_Representation_Arch/training_dense_testing_sparse/outputs/cases/cifar10/vit_small/color_opponency/trained_dense/infer_compact/p80/seed2/1957bfcf058a0e7bb6440d26936383665d20551fe1b1be017821893cb8dabb20/diagnostics/cells,76,All registered cases; only selected rendered tensors are rehashed by this exporter.
0764b67a380fada77d526e5e0ade9a6c1051a22141826314fdef8e76a892abb7,cifar10,vit_small,grayscale,0,compact,compact,80,5525bb3230ca1bd20fbb778be4c121a9cfef3bd270f0e4dae5015b2878d97c09,1047af87909095c2ee60f41793d839c504320f3b8ce40bf1751007d9ebe36dec,/ceph/sagnihot/projects/Lorena_Contrastive_Representation_Arch/training_dense_testing_sparse/outputs/cases/cifar10/vit_small/grayscale/trained_compact/infer_compact/p80/seed0/0764b67a380fada77d526e5e0ade9a6c1051a22141826314fdef8e76a892abb7/diagnostics/cells,76,All registered cases; only selected rendered tensors are rehashed by this exporter.
de5d4512ff082848bb7e02c480ba75e3c338711f6e3da6b0c30de17028c78bc9,cifar10,vit_small,grayscale,1,compact,compact,80,732d4a2c3a1c116592563e0a1d8079371f809743798db06af2996f6171bb5f8e,1047af87909095c2ee60f41793d839c504320f3b8ce40bf1751007d9ebe36dec,/ceph/sagnihot/projects/Lorena_Contrastive_Representation_Arch/training_dense_testing_sparse/outputs/cases/cifar10/vit_small/grayscale/trained_compact/infer_compact/p80/seed1/de5d4512ff082848bb7e02c480ba75e3c338711f6e3da6b0c30de17028c78bc9/diagnostics/cells,76,All registered cases; only selected rendered tensors are rehashed by this exporter.
e9ed1cc247bddb4ba23b9773ed785a151b1d5ddade0c5b1f775403fb687e468d,cifar10,vit_small,grayscale,2,compact,compact,80,419b5bb3a9a427d926a6310430e09d188260807d9d1dad2bd5df3489496b119c,1047af87909095c2ee60f41793d839c504320f3b8ce40bf1751007d9ebe36dec,/ceph/sagnihot/projects/Lorena_Contrastive_Representation_Arch/training_dense_testing_sparse/outputs/cases/cifar10/vit_small/grayscale/trained_compact/infer_compact/p80/seed2/e9ed1cc247bddb4ba23b9773ed785a151b1d5ddade0c5b1f775403fb687e468d/diagnostics/cells,76,All registered cases; only selected rendered tensors are rehashed by this exporter.
4f11de8da90b740660ed6a54a18fb7f06ddae40331e07d98dabe5b557731a8f8,cifar10,vit_small,grayscale,0,dense,compact,80,b63dea18ba04ebec90aa387b94608ae909f9951b5f93072d2366e170a7e899a5,1047af87909095c2ee60f41793d839c504320f3b8ce40bf1751007d9ebe36dec,/ceph/sagnihot/projects/Lorena_Contrastive_Representation_Arch/training_dense_testing_sparse/outputs/cases/cifar10/vit_small/grayscale/trained_dense/infer_compact/p80/seed0/4f11de8da90b740660ed6a54a18fb7f06ddae40331e07d98dabe5b557731a8f8/diagnostics/cells,76,All registered cases; only selected rendered tensors are rehashed by this exporter.
356761106c2b3e2085be0ef0bcd092ad14722c61ee9532f8eaea5bf91c942312,cifar10,vit_small,grayscale,1,dense,compact,80,b0ee16f423c590c7b2825b45a2197bc867f6dc9afd6aafdf9bd17b05322b1253,1047af87909095c2ee60f41793d839c504320f3b8ce40bf1751007d9ebe36dec,/ceph/sagnihot/projects/Lorena_Contrastive_Representation_Arch/training_dense_testing_sparse/outputs/cases/cifar10/vit_small/grayscale/trained_dense/infer_compact/p80/seed1/356761106c2b3e2085be0ef0bcd092ad14722c61ee9532f8eaea5bf91c942312/diagnostics/cells,76,All registered cases; only selected rendered tensors are rehashed by this exporter.
abf2250c5461a1ca18169ff48bf5ff40c8a2a520c56f668de7a146bd76400f84,cifar10,vit_small,grayscale,2,dense,compact,80,7babc96121d5f89850cbcc509af4ec2f9ce5f8ca5fa941133ff06758c159091f,1047af87909095c2ee60f41793d839c504320f3b8ce40bf1751007d9ebe36dec,/ceph/sagnihot/projects/Lorena_Contrastive_Representation_Arch/training_dense_testing_sparse/outputs/cases/cifar10/vit_small/grayscale/trained_dense/infer_compact/p80/seed2/abf2250c5461a1ca18169ff48bf5ff40c8a2a520c56f668de7a146bd76400f84/diagnostics/cells,76,All registered cases; only selected rendered tensors are rehashed by this exporter.
54eb0f4c680178c6f725fc946b106864237f9f5b6351a2cd37b1fca88e8569f5,cifar10,vit_small,raw,0,dense,compact,80,a8369ed680009e45868b72c0316b8d39c74371d912ed437ff6bf9dc89488db33,377d79622b4be5ab780f2cc49d2998ca871c0899b1447524c906a2f2023b28ea,/ceph/sagnihot/projects/Lorena_Contrastive_Representation_Arch/training_dense_testing_sparse/outputs/cases/cifar10/vit_small/raw/trained_dense/infer_compact/p80/seed0/54eb0f4c680178c6f725fc946b106864237f9f5b6351a2cd37b1fca88e8569f5/diagnostics/cells,76,All registered cases; only selected rendered tensors are rehashed by this exporter.
e62759dc25bc2ed2fa9d6da454543e20eff3299e4ee0dd074bee1b2ef7e5b059,cifar10,vit_small,raw,1,dense,compact,80,51013aa13debf7716aa0c9fa9d431e2a16cb1727a003497460469b5e728eaeb4,377d79622b4be5ab780f2cc49d2998ca871c0899b1447524c906a2f2023b28ea,/ceph/sagnihot/projects/Lorena_Contrastive_Representation_Arch/training_dense_testing_sparse/outputs/cases/cifar10/vit_small/raw/trained_dense/infer_compact/p80/seed1/e62759dc25bc2ed2fa9d6da454543e20eff3299e4ee0dd074bee1b2ef7e5b059/diagnostics/cells,76,All registered cases; only selected rendered tensors are rehashed by this exporter.
b39395356efea90e9f8c7230a5697a951e21fe97b322d59594e7288020c553db,cifar10,vit_small,raw,2,dense,compact,80,92f9655eb068a90ffb82799f9d4939a1b20fefa95c7967c571e933859172321e,377d79622b4be5ab780f2cc49d2998ca871c0899b1447524c906a2f2023b28ea,/ceph/sagnihot/projects/Lorena_Contrastive_Representation_Arch/training_dense_testing_sparse/outputs/cases/cifar10/vit_small/raw/trained_dense/infer_compact/p80/seed2/b39395356efea90e9f8c7230a5697a951e21fe97b322d59594e7288020c553db/diagnostics/cells,76,All registered cases; only selected rendered tensors are rehashed by this exporter.
83725933608e113fb060b49adacdf260eac74b10a009b8e0dec14fac9e023691,cifar10,vit_small,single_color,0,compact,compact,80,33444dbf27ccf9d09e9bc6815558429934b9b612bf912ef7c263e2fad03e2c1e,566fa577f2da3e50d887e890148fb6bd20f667e8139d6a9b04ca4665f0cb39c3,/ceph/sagnihot/projects/Lorena_Contrastive_Representation_Arch/training_dense_testing_sparse/outputs/cases/cifar10/vit_small/single_color/trained_compact/infer_compact/p80/seed0/83725933608e113fb060b49adacdf260eac74b10a009b8e0dec14fac9e023691/diagnostics/cells,76,All registered cases; only selected rendered tensors are rehashed by this exporter.
b7a5298df84fba0b29e9f415265a7648997fb13f326c0b8c0ed1bf7d5c3c0bde,cifar10,vit_small,single_color,1,compact,compact,80,9c8bd1d942d5eebc735cbfd5c953e9e80365d176a194c9231b43ef9fc509a79c,566fa577f2da3e50d887e890148fb6bd20f667e8139d6a9b04ca4665f0cb39c3,/ceph/sagnihot/projects/Lorena_Contrastive_Representation_Arch/training_dense_testing_sparse/outputs/cases/cifar10/vit_small/single_color/trained_compact/infer_compact/p80/seed1/b7a5298df84fba0b29e9f415265a7648997fb13f326c0b8c0ed1bf7d5c3c0bde/diagnostics/cells,76,All registered cases; only selected rendered tensors are rehashed by this exporter.
ac5e10d55be724249d80a14df622b3b3d75f03234cafdee0e9f83d3881e0a1ba,cifar10,vit_small,single_color,2,compact,compact,80,3fd91e2eda56a286994526f35b5dec72d05b5c1513e50fd3381168829ede49c7,566fa577f2da3e50d887e890148fb6bd20f667e8139d6a9b04ca4665f0cb39c3,/ceph/sagnihot/projects/Lorena_Contrastive_Representation_Arch/training_dense_testing_sparse/outputs/cases/cifar10/vit_small/single_color/trained_compact/infer_compact/p80/seed2/ac5e10d55be724249d80a14df622b3b3d75f03234cafdee0e9f83d3881e0a1ba/diagnostics/cells,76,All registered cases; only selected rendered tensors are rehashed by this exporter.
7e4d764b40dd8fd2aa270c08d27cb72cf4ac20d2957fdce0b0e8019f13fd305c,cifar10,vit_small,single_color,0,dense,compact,80,9fa97932cb6c84ca661c56235128961714203d1ebfd34d4c9142695a6361bacf,566fa577f2da3e50d887e890148fb6bd20f667e8139d6a9b04ca4665f0cb39c3,/ceph/sagnihot/projects/Lorena_Contrastive_Representation_Arch/training_dense_testing_sparse/outputs/cases/cifar10/vit_small/single_color/trained_dense/infer_compact/p80/seed0/7e4d764b40dd8fd2aa270c08d27cb72cf4ac20d2957fdce0b0e8019f13fd305c/diagnostics/cells,76,All registered cases; only selected rendered tensors are rehashed by this exporter.
a4b78b13c70960c61936b94546bef9a9ce40617e0c4ba029d5744edff2048232,cifar10,vit_small,single_color,1,dense,compact,80,a14ddc5c19aa65cee18f9e67214fec43fad92bbdd3ee9a459ac0341fe3f3731c,566fa577f2da3e50d887e890148fb6bd20f667e8139d6a9b04ca4665f0cb39c3,/ceph/sagnihot/projects/Lorena_Contrastive_Representation_Arch/training_dense_testing_sparse/outputs/cases/cifar10/vit_small/single_color/trained_dense/infer_compact/p80/seed1/a4b78b13c70960c61936b94546bef9a9ce40617e0c4ba029d5744edff2048232/diagnostics/cells,76,All registered cases; only selected rendered tensors are rehashed by this exporter.
2aba49179c07bde72b76fbc56dc65c79d5729a70ecbaf3448c1ff4f9bcb2cc56,cifar10,vit_small,single_color,2,dense,compact,80,2eeae4368927974e6744ec6a28e73efe04d841b8697a1cbf46ddb4dd42514b7a,566fa577f2da3e50d887e890148fb6bd20f667e8139d6a9b04ca4665f0cb39c3,/ceph/sagnihot/projects/Lorena_Contrastive_Representation_Arch/training_dense_testing_sparse/outputs/cases/cifar10/vit_small/single_color/trained_dense/infer_compact/p80/seed2/2aba49179c07bde72b76fbc56dc65c79d5729a70ecbaf3448c1ff4f9bcb2cc56/diagnostics/cells,76,All registered cases; only selected rendered tensors are rehashed by this exporter.
ee602d3bb5ed86623f5cda1ab11f944e65645a4f4614d40155e552ba806704d0,mnist,swin_tiny,grayscale,0,compact,compact,80,7b0a41b35e709e34296548f99714540de2cfe6fab7cd6d2b8d8850be56665407,d2362b43edbe82cdc1f7c0323b1a1dd6e6ebb896538140efb20f06e957aed212,/ceph/sagnihot/projects/Lorena_Contrastive_Representation_Arch/training_dense_testing_sparse/outputs/cases/mnist/swin_tiny/grayscale/trained_compact/infer_compact/p80/seed0/ee602d3bb5ed86623f5cda1ab11f944e65645a4f4614d40155e552ba806704d0/diagnostics/cells,16,All registered cases; only selected rendered tensors are rehashed by this exporter.
195968f692701073b417f7627bfd4cb4ba5fe0b6a212b155e1a8ae4b376fa38e,mnist,swin_tiny,grayscale,1,compact,compact,80,27834ca7879cdcbc657227d83ee6209161fc84b956f9fc30765d0b5f59e7f707,d2362b43edbe82cdc1f7c0323b1a1dd6e6ebb896538140efb20f06e957aed212,/ceph/sagnihot/projects/Lorena_Contrastive_Representation_Arch/training_dense_testing_sparse/outputs/cases/mnist/swin_tiny/grayscale/trained_compact/infer_compact/p80/seed1/195968f692701073b417f7627bfd4cb4ba5fe0b6a212b155e1a8ae4b376fa38e/diagnostics/cells,16,All registered cases; only selected rendered tensors are rehashed by this exporter.
1bd7935c818b24256cf5ce19dc0ec14d9e0bbcabeeb09e45735d16de7b69e22f,mnist,swin_tiny,grayscale,2,compact,compact,80,984f081ec99d3e4bbdd3bdec162111e3b71fd5987938caf8959881f15ccd05d4,d2362b43edbe82cdc1f7c0323b1a1dd6e6ebb896538140efb20f06e957aed212,/ceph/sagnihot/projects/Lorena_Contrastive_Representation_Arch/training_dense_testing_sparse/outputs/cases/mnist/swin_tiny/grayscale/trained_compact/infer_compact/p80/seed2/1bd7935c818b24256cf5ce19dc0ec14d9e0bbcabeeb09e45735d16de7b69e22f/diagnostics/cells,16,All registered cases; only selected rendered tensors are rehashed by this exporter.
8367ecdfb1847f199882f5d9df2281dc5924555d3050ae1271e09d27e1f32a19,mnist,swin_tiny,grayscale,0,dense,compact,80,473ed25a586e0ea8fb93e4fadfcfd4e7e18bde623e0f22701c184b2da680520b,d2362b43edbe82cdc1f7c0323b1a1dd6e6ebb896538140efb20f06e957aed212,/ceph/sagnihot/projects/Lorena_Contrastive_Representation_Arch/training_dense_testing_sparse/outputs/cases/mnist/swin_tiny/grayscale/trained_dense/infer_compact/p80/seed0/8367ecdfb1847f199882f5d9df2281dc5924555d3050ae1271e09d27e1f32a19/diagnostics/cells,16,All registered cases; only selected rendered tensors are rehashed by this exporter.
26bdc03d74331f18f288875b382cfeb4a8a5306ccb7293fda77c694f2415898c,mnist,swin_tiny,grayscale,1,dense,compact,80,3c122f0fd1faf70a5670d3c6526b0c7197dc73ded514139a3796e6045a6fb776,d2362b43edbe82cdc1f7c0323b1a1dd6e6ebb896538140efb20f06e957aed212,/ceph/sagnihot/projects/Lorena_Contrastive_Representation_Arch/training_dense_testing_sparse/outputs/cases/mnist/swin_tiny/grayscale/trained_dense/infer_compact/p80/seed1/26bdc03d74331f18f288875b382cfeb4a8a5306ccb7293fda77c694f2415898c/diagnostics/cells,16,All registered cases; only selected rendered tensors are rehashed by this exporter.
ec347d674802c1446bc769428d4bf4f7e1a2cba084f7352faf5990974bf36b8b,mnist,swin_tiny,grayscale,2,dense,compact,80,b0393e9d1c0e15b51559e628483e2ed496574409f6794199f61ad346d461af16,d2362b43edbe82cdc1f7c0323b1a1dd6e6ebb896538140efb20f06e957aed212,/ceph/sagnihot/projects/Lorena_Contrastive_Representation_Arch/training_dense_testing_sparse/outputs/cases/mnist/swin_tiny/grayscale/trained_dense/infer_compact/p80/seed2/ec347d674802c1446bc769428d4bf4f7e1a2cba084f7352faf5990974bf36b8b/diagnostics/cells,16,All registered cases; only selected rendered tensors are rehashed by this exporter.
5959e844d444e3ba82771ba3ca84ce336935175fdfa53c04b984860665f2320a,mnist,swin_tiny,raw,0,dense,compact,80,4f4de1c96ce3171d528465ea583fe366ccbf1eeed9fc126ed5b29d61cc878836,74be2eb7180e855812c6b42276b2aafb6baf921a0ade2ec0d172dbb4ef69d3d7,/ceph/sagnihot/projects/Lorena_Contrastive_Representation_Arch/training_dense_testing_sparse/outputs/cases/mnist/swin_tiny/raw/trained_dense/infer_compact/p80/seed0/5959e844d444e3ba82771ba3ca84ce336935175fdfa53c04b984860665f2320a/diagnostics/cells,16,All registered cases; only selected rendered tensors are rehashed by this exporter.
d1b8b1614d53b77f12b5923f3d8dda05215da10fa36a40da1c8d7ca746c5436d,mnist,swin_tiny,raw,1,dense,compact,80,485f892a847b6dbcfdab4e13b46349e10ca7e3c0d81810dc50d69b0ada0c05f0,74be2eb7180e855812c6b42276b2aafb6baf921a0ade2ec0d172dbb4ef69d3d7,/ceph/sagnihot/projects/Lorena_Contrastive_Representation_Arch/training_dense_testing_sparse/outputs/cases/mnist/swin_tiny/raw/trained_dense/infer_compact/p80/seed1/d1b8b1614d53b77f12b5923f3d8dda05215da10fa36a40da1c8d7ca746c5436d/diagnostics/cells,16,All registered cases; only selected rendered tensors are rehashed by this exporter.
663d2cf084c7192c7989fc94de7f0f2fd7fa2e87dd20867a26a0487c333221ae,mnist,swin_tiny,raw,2,dense,compact,80,dc141a26cd438bb05b5097a229bc10b348f6a1d7cb9696567fc85afbb8440cbe,74be2eb7180e855812c6b42276b2aafb6baf921a0ade2ec0d172dbb4ef69d3d7,/ceph/sagnihot/projects/Lorena_Contrastive_Representation_Arch/training_dense_testing_sparse/outputs/cases/mnist/swin_tiny/raw/trained_dense/infer_compact/p80/seed2/663d2cf084c7192c7989fc94de7f0f2fd7fa2e87dd20867a26a0487c333221ae/diagnostics/cells,16,All registered cases; only selected rendered tensors are rehashed by this exporter.
3c9a1b4abb7834a30816549201c06d2895aea967789b0b0a0e74c3113d08aa71,mnist,vit_small,grayscale,0,compact,compact,80,168dfdf4b1e77bdf998c5fcf65999cf6fb4a4b0c58b19ed9d0679fbe3a50e918,d2362b43edbe82cdc1f7c0323b1a1dd6e6ebb896538140efb20f06e957aed212,/ceph/sagnihot/projects/Lorena_Contrastive_Representation_Arch/training_dense_testing_sparse/outputs/cases/mnist/vit_small/grayscale/trained_compact/infer_compact/p80/seed0/3c9a1b4abb7834a30816549201c06d2895aea967789b0b0a0e74c3113d08aa71/diagnostics/cells,16,All registered cases; only selected rendered tensors are rehashed by this exporter.
f53877c6742263d8f04ddb0a577383712b37a9594d54fea200ef3473f619f88b,mnist,vit_small,grayscale,1,compact,compact,80,bf2631dda7d9d271b18b8e9867cd79e4cb599f961d1d13de860454d586357601,d2362b43edbe82cdc1f7c0323b1a1dd6e6ebb896538140efb20f06e957aed212,/ceph/sagnihot/projects/Lorena_Contrastive_Representation_Arch/training_dense_testing_sparse/outputs/cases/mnist/vit_small/grayscale/trained_compact/infer_compact/p80/seed1/f53877c6742263d8f04ddb0a577383712b37a9594d54fea200ef3473f619f88b/diagnostics/cells,16,All registered cases; only selected rendered tensors are rehashed by this exporter.
47ade5eb322f78db4e5f4c09698b5fb1ad8216280c5285596962d65497f78aca,mnist,vit_small,grayscale,2,compact,compact,80,d40eaf4227e611b4235f679e1f5b2f9f68901fb6a89907585a7aca9162a6769c,d2362b43edbe82cdc1f7c0323b1a1dd6e6ebb896538140efb20f06e957aed212,/ceph/sagnihot/projects/Lorena_Contrastive_Representation_Arch/training_dense_testing_sparse/outputs/cases/mnist/vit_small/grayscale/trained_compact/infer_compact/p80/seed2/47ade5eb322f78db4e5f4c09698b5fb1ad8216280c5285596962d65497f78aca/diagnostics/cells,16,All registered cases; only selected rendered tensors are rehashed by this exporter.
14edcb7bea3bd417a230e3ddec68c2b7df3ee414829facde12e943b72009cd25,mnist,vit_small,grayscale,0,dense,compact,80,1febb833c97989dec964ce4247d5bb9f7f212d0d0ffea0016b5b7d6ef9e061db,d2362b43edbe82cdc1f7c0323b1a1dd6e6ebb896538140efb20f06e957aed212,/ceph/sagnihot/projects/Lorena_Contrastive_Representation_Arch/training_dense_testing_sparse/outputs/cases/mnist/vit_small/grayscale/trained_dense/infer_compact/p80/seed0/14edcb7bea3bd417a230e3ddec68c2b7df3ee414829facde12e943b72009cd25/diagnostics/cells,16,All registered cases; only selected rendered tensors are rehashed by this exporter.
aa41d3f4e81699ae71b587281a3442f295d82154ea9a5b095cad00bce95199fa,mnist,vit_small,grayscale,1,dense,compact,80,10a1c020e268e60f92a50cb1a938f7e478078107b9a7dd5bcd30e3f36dd50ae6,d2362b43edbe82cdc1f7c0323b1a1dd6e6ebb896538140efb20f06e957aed212,/ceph/sagnihot/projects/Lorena_Contrastive_Representation_Arch/training_dense_testing_sparse/outputs/cases/mnist/vit_small/grayscale/trained_dense/infer_compact/p80/seed1/aa41d3f4e81699ae71b587281a3442f295d82154ea9a5b095cad00bce95199fa/diagnostics/cells,16,All registered cases; only selected rendered tensors are rehashed by this exporter.
05856369e0542b7b8f76b8bfd6314a897aaa6dc3d80131cc33b0ac3fb9a0f346,mnist,vit_small,grayscale,2,dense,compact,80,04b23e1d894d5cd0ffacd122ef55cc5578fe60d76fbf71286f07dceb0d27c789,d2362b43edbe82cdc1f7c0323b1a1dd6e6ebb896538140efb20f06e957aed212,/ceph/sagnihot/projects/Lorena_Contrastive_Representation_Arch/training_dense_testing_sparse/outputs/cases/mnist/vit_small/grayscale/trained_dense/infer_compact/p80/seed2/05856369e0542b7b8f76b8bfd6314a897aaa6dc3d80131cc33b0ac3fb9a0f346/diagnostics/cells,16,All registered cases; only selected rendered tensors are rehashed by this exporter.
91bab2f1e17bdb376f3e3de0862752e74ee347050ce5db7af7587616c85d2c01,mnist,vit_small,raw,0,dense,compact,80,3db92cbcafbbc2751e66333d710ad6f6ab62881147312fbf9142265b64fd326b,74be2eb7180e855812c6b42276b2aafb6baf921a0ade2ec0d172dbb4ef69d3d7,/ceph/sagnihot/projects/Lorena_Contrastive_Representation_Arch/training_dense_testing_sparse/outputs/cases/mnist/vit_small/raw/trained_dense/infer_compact/p80/seed0/91bab2f1e17bdb376f3e3de0862752e74ee347050ce5db7af7587616c85d2c01/diagnostics/cells,16,All registered cases; only selected rendered tensors are rehashed by this exporter.
990a84fe463a6daf21793eed021ce8fb56978502c4ca206062cf7b7588b75114,mnist,vit_small,raw,1,dense,compact,80,acbec74b30d2bb2dbba09b75e00a22ce88387ed47cb09fa6403be759a89ac248,74be2eb7180e855812c6b42276b2aafb6baf921a0ade2ec0d172dbb4ef69d3d7,/ceph/sagnihot/projects/Lorena_Contrastive_Representation_Arch/training_dense_testing_sparse/outputs/cases/mnist/vit_small/raw/trained_dense/infer_compact/p80/seed1/990a84fe463a6daf21793eed021ce8fb56978502c4ca206062cf7b7588b75114/diagnostics/cells,16,All registered cases; only selected rendered tensors are rehashed by this exporter.
7627589c62e346fbb6150a1edb33b9bf8ed17bf735e2629ca4a8980937628d10,mnist,vit_small,raw,2,dense,compact,80,63bb2214a8ab262e48865109fcf46769e97d9659bc9e8d3557e8cd23394adc56,74be2eb7180e855812c6b42276b2aafb6baf921a0ade2ec0d172dbb4ef69d3d7,/ceph/sagnihot/projects/Lorena_Contrastive_Representation_Arch/training_dense_testing_sparse/outputs/cases/mnist/vit_small/raw/trained_dense/infer_compact/p80/seed2/7627589c62e346fbb6150a1edb33b9bf8ed17bf735e2629ca4a8980937628d10/diagnostics/cells,16,All registered cases; only selected rendered tensors are rehashed by this exporter.
58eab8868b3b7ce34956b4e71b835f49ead773674e8ed464e74780774f6262a7,cifar10,swin_tiny,color_opponency,0,compact,compact,90,a1588df6cc4aa446ef6729c07ec425d9f89c93cfbeb71b723f0b336b231ea48d,421a6c555b0de148ccc8177f266f90a3075af88135876e49829b120b02b133b6,/ceph/sagnihot/projects/Lorena_Contrastive_Representation_Arch/training_dense_testing_sparse/outputs/cases/cifar10/swin_tiny/color_opponency/trained_compact/infer_compact/p90/seed0/58eab8868b3b7ce34956b4e71b835f49ead773674e8ed464e74780774f6262a7/diagnostics/cells,76,All registered cases; only selected rendered tensors are rehashed by this exporter.
ee27f982df9239ec483e9ae1a33e2e55a7b0c47a7114d8018b0e51b8e2573735,cifar10,swin_tiny,color_opponency,1,compact,compact,90,238361a79e91c52e2fd36d712b98e970b6286e5316b2293833aade616d11c014,421a6c555b0de148ccc8177f266f90a3075af88135876e49829b120b02b133b6,/ceph/sagnihot/projects/Lorena_Contrastive_Representation_Arch/training_dense_testing_sparse/outputs/cases/cifar10/swin_tiny/color_opponency/trained_compact/infer_compact/p90/seed1/ee27f982df9239ec483e9ae1a33e2e55a7b0c47a7114d8018b0e51b8e2573735/diagnostics/cells,76,All registered cases; only selected rendered tensors are rehashed by this exporter.
a2f42b58505c125718b6c264df3934d16b28ce1b9169a5c7619d48309a6bc808,cifar10,swin_tiny,color_opponency,2,compact,compact,90,7858973d124027dfd76efc8522165b34da42f801109350bfe9edf5588b99ca59,421a6c555b0de148ccc8177f266f90a3075af88135876e49829b120b02b133b6,/ceph/sagnihot/projects/Lorena_Contrastive_Representation_Arch/training_dense_testing_sparse/outputs/cases/cifar10/swin_tiny/color_opponency/trained_compact/infer_compact/p90/seed2/a2f42b58505c125718b6c264df3934d16b28ce1b9169a5c7619d48309a6bc808/diagnostics/cells,76,All registered cases; only selected rendered tensors are rehashed by this exporter.
ab016b29673b3d78050272e85b65d4e3786b0e5b00cb2014b390de843d20f816,cifar10,swin_tiny,color_opponency,0,dense,compact,90,fab9441233ae76a1b48e0b353942c30293499e8a2d4c2e9c062d73159e012032,421a6c555b0de148ccc8177f266f90a3075af88135876e49829b120b02b133b6,/ceph/sagnihot/projects/Lorena_Contrastive_Representation_Arch/training_dense_testing_sparse/outputs/cases/cifar10/swin_tiny/color_opponency/trained_dense/infer_compact/p90/seed0/ab016b29673b3d78050272e85b65d4e3786b0e5b00cb2014b390de843d20f816/diagnostics/cells,76,All registered cases; only selected rendered tensors are rehashed by this exporter.
7b3b888dd52583a38659d7e24f03b34533495321eba9fff001df38b1613aef32,cifar10,swin_tiny,color_opponency,1,dense,compact,90,3a8d2f76403887b48ba87e6c04a928670d9aaf4079d21ba7ad87d5b9f491eeee,421a6c555b0de148ccc8177f266f90a3075af88135876e49829b120b02b133b6,/ceph/sagnihot/projects/Lorena_Contrastive_Representation_Arch/training_dense_testing_sparse/outputs/cases/cifar10/swin_tiny/color_opponency/trained_dense/infer_compact/p90/seed1/7b3b888dd52583a38659d7e24f03b34533495321eba9fff001df38b1613aef32/diagnostics/cells,76,All registered cases; only selected rendered tensors are rehashed by this exporter.
ba5ad18a295fb752716ca100f3bca82553c96aec85e581aa74fe6bfa75f99a8e,cifar10,swin_tiny,color_opponency,2,dense,compact,90,70c047f178a68005810241c0e1315e68c21862bbc6485b102471e834d04345eb,421a6c555b0de148ccc8177f266f90a3075af88135876e49829b120b02b133b6,/ceph/sagnihot/projects/Lorena_Contrastive_Representation_Arch/training_dense_testing_sparse/outputs/cases/cifar10/swin_tiny/color_opponency/trained_dense/infer_compact/p90/seed2/ba5ad18a295fb752716ca100f3bca82553c96aec85e581aa74fe6bfa75f99a8e/diagnostics/cells,76,All registered cases; only selected rendered tensors are rehashed by this exporter.
46ec8de3a33ee0c909971339c1d8e7f5d7d6d5de7dc4a8861cddc2c6bafd5f8d,cifar10,swin_tiny,grayscale,0,compact,compact,90,71871ed8857981958b2a6b9df5f131d33fe3c006b362f05353a506a36ed60600,1047af87909095c2ee60f41793d839c504320f3b8ce40bf1751007d9ebe36dec,/ceph/sagnihot/projects/Lorena_Contrastive_Representation_Arch/training_dense_testing_sparse/outputs/cases/cifar10/swin_tiny/grayscale/trained_compact/infer_compact/p90/seed0/46ec8de3a33ee0c909971339c1d8e7f5d7d6d5de7dc4a8861cddc2c6bafd5f8d/diagnostics/cells,76,All registered cases; only selected rendered tensors are rehashed by this exporter.
8da95c3ff3b234d082fea8eacd02a28734eb8cb31e04672cd4b695d6af3290e5,cifar10,swin_tiny,grayscale,1,compact,compact,90,13220bfdc33c9cf4650dd73e3a4527dfa123dcc569d5483e392ee4d87a3a871e,1047af87909095c2ee60f41793d839c504320f3b8ce40bf1751007d9ebe36dec,/ceph/sagnihot/projects/Lorena_Contrastive_Representation_Arch/training_dense_testing_sparse/outputs/cases/cifar10/swin_tiny/grayscale/trained_compact/infer_compact/p90/seed1/8da95c3ff3b234d082fea8eacd02a28734eb8cb31e04672cd4b695d6af3290e5/diagnostics/cells,76,All registered cases; only selected rendered tensors are rehashed by this exporter.
96e3bf73d5b84461d820cc9427ed67a9061c5f181c09e9c4dec1f24d20611972,cifar10,swin_tiny,grayscale,2,compact,compact,90,4138089fb907e02402ec0525f2bfcd503a06886e3b15de2814ef80480df2552b,1047af87909095c2ee60f41793d839c504320f3b8ce40bf1751007d9ebe36dec,/ceph/sagnihot/projects/Lorena_Contrastive_Representation_Arch/training_dense_testing_sparse/outputs/cases/cifar10/swin_tiny/grayscale/trained_compact/infer_compact/p90/seed2/96e3bf73d5b84461d820cc9427ed67a9061c5f181c09e9c4dec1f24d20611972/diagnostics/cells,76,All registered cases; only selected rendered tensors are rehashed by this exporter.
effcc64630608ab69e98573c8574ccfe08502c25b439df5000fc2e30642c3a5a,cifar10,swin_tiny,grayscale,0,dense,compact,90,6044ca36b20c6e4930631bf254bbc49c2a6d007c28c6dad2e64d93d48d9ee944,1047af87909095c2ee60f41793d839c504320f3b8ce40bf1751007d9ebe36dec,/ceph/sagnihot/projects/Lorena_Contrastive_Representation_Arch/training_dense_testing_sparse/outputs/cases/cifar10/swin_tiny/grayscale/trained_dense/infer_compact/p90/seed0/effcc64630608ab69e98573c8574ccfe08502c25b439df5000fc2e30642c3a5a/diagnostics/cells,76,All registered cases; only selected rendered tensors are rehashed by this exporter.
43390b848866ddee3b6175e258bd1094eeb9ae16195eb04b128b3b215aad6cd0,cifar10,swin_tiny,grayscale,1,dense,compact,90,66b93a8751c67cb83a6b47d4ebe6c227e04004542fa77f67b1aa4696492cbb12,1047af87909095c2ee60f41793d839c504320f3b8ce40bf1751007d9ebe36dec,/ceph/sagnihot/projects/Lorena_Contrastive_Representation_Arch/training_dense_testing_sparse/outputs/cases/cifar10/swin_tiny/grayscale/trained_dense/infer_compact/p90/seed1/43390b848866ddee3b6175e258bd1094eeb9ae16195eb04b128b3b215aad6cd0/diagnostics/cells,76,All registered cases; only selected rendered tensors are rehashed by this exporter.
ad1e6cfbf095c366a8d5723d8b666681acc7ac1c49f37a9b6d21e6a3d7c671a3,cifar10,swin_tiny,grayscale,2,dense,compact,90,2a3b7de47f7c3116c9ed4e26109dc713938f3a63e2267a4668905554b979f39b,1047af87909095c2ee60f41793d839c504320f3b8ce40bf1751007d9ebe36dec,/ceph/sagnihot/projects/Lorena_Contrastive_Representation_Arch/training_dense_testing_sparse/outputs/cases/cifar10/swin_tiny/grayscale/trained_dense/infer_compact/p90/seed2/ad1e6cfbf095c366a8d5723d8b666681acc7ac1c49f37a9b6d21e6a3d7c671a3/diagnostics/cells,76,All registered cases; only selected rendered tensors are rehashed by this exporter.
92229b056e4ffe4935f7198b3bd3d2342e7499dccf8963445fcaab528c73ddcb,cifar10,swin_tiny,raw,0,dense,compact,90,3292edaad6d1f81f87a8b508f23007e265f1506e12d81c7b47715ededb9a6546,377d79622b4be5ab780f2cc49d2998ca871c0899b1447524c906a2f2023b28ea,/ceph/sagnihot/projects/Lorena_Contrastive_Representation_Arch/training_dense_testing_sparse/outputs/cases/cifar10/swin_tiny/raw/trained_dense/infer_compact/p90/seed0/92229b056e4ffe4935f7198b3bd3d2342e7499dccf8963445fcaab528c73ddcb/diagnostics/cells,76,All registered cases; only selected rendered tensors are rehashed by this exporter.
1eeda59e5f223c6f2d8ac6b8b877d4587cbf3570d8c0b9b14921cd15616c9267,cifar10,swin_tiny,raw,1,dense,compact,90,fe659f7e7cc2bcded57c75ed5272930ea1d37c77549aaf2b6da6e7cb4dbf548b,377d79622b4be5ab780f2cc49d2998ca871c0899b1447524c906a2f2023b28ea,/ceph/sagnihot/projects/Lorena_Contrastive_Representation_Arch/training_dense_testing_sparse/outputs/cases/cifar10/swin_tiny/raw/trained_dense/infer_compact/p90/seed1/1eeda59e5f223c6f2d8ac6b8b877d4587cbf3570d8c0b9b14921cd15616c9267/diagnostics/cells,76,All registered cases; only selected rendered tensors are rehashed by this exporter.
74d8f8fc1ac8bcab881a83fb595b4172a0789450b7e1fd0470cae2b06a900781,cifar10,swin_tiny,raw,2,dense,compact,90,c0d05e70330b2102f46e929b2604e920636f02760a2b7ccac6c5cbb3b9b9012e,377d79622b4be5ab780f2cc49d2998ca871c0899b1447524c906a2f2023b28ea,/ceph/sagnihot/projects/Lorena_Contrastive_Representation_Arch/training_dense_testing_sparse/outputs/cases/cifar10/swin_tiny/raw/trained_dense/infer_compact/p90/seed2/74d8f8fc1ac8bcab881a83fb595b4172a0789450b7e1fd0470cae2b06a900781/diagnostics/cells,76,All registered cases; only selected rendered tensors are rehashed by this exporter.
c67762288ac42261be371998859f3a3bde625be4c06e2c4bdbb047dd46e8d1bd,cifar10,swin_tiny,single_color,0,compact,compact,90,bb46a33dc8b69af65d8ca279b87ff17d18ff06059ac0030c0397ad03669c839c,566fa577f2da3e50d887e890148fb6bd20f667e8139d6a9b04ca4665f0cb39c3,/ceph/sagnihot/projects/Lorena_Contrastive_Representation_Arch/training_dense_testing_sparse/outputs/cases/cifar10/swin_tiny/single_color/trained_compact/infer_compact/p90/seed0/c67762288ac42261be371998859f3a3bde625be4c06e2c4bdbb047dd46e8d1bd/diagnostics/cells,76,All registered cases; only selected rendered tensors are rehashed by this exporter.
ca3ccd41ff0431cbeee30e87b70b9a5812f3434832f7e3d84baf9a3a19f028f6,cifar10,swin_tiny,single_color,1,compact,compact,90,b09d4231758cdc5f742a95c959b174a73f72e7eb7b5430e9f522d4a83a67b028,566fa577f2da3e50d887e890148fb6bd20f667e8139d6a9b04ca4665f0cb39c3,/ceph/sagnihot/projects/Lorena_Contrastive_Representation_Arch/training_dense_testing_sparse/outputs/cases/cifar10/swin_tiny/single_color/trained_compact/infer_compact/p90/seed1/ca3ccd41ff0431cbeee30e87b70b9a5812f3434832f7e3d84baf9a3a19f028f6/diagnostics/cells,76,All registered cases; only selected rendered tensors are rehashed by this exporter.
5192cf400888ec2616aef4f5f3b81a28bf992e9314d62fd1360b439176736c1a,cifar10,swin_tiny,single_color,2,compact,compact,90,54da0e293091a1938bc82ea8a6cabeabbb55debd9fdfcc96b5b795b3667b91f4,566fa577f2da3e50d887e890148fb6bd20f667e8139d6a9b04ca4665f0cb39c3,/ceph/sagnihot/projects/Lorena_Contrastive_Representation_Arch/training_dense_testing_sparse/outputs/cases/cifar10/swin_tiny/single_color/trained_compact/infer_compact/p90/seed2/5192cf400888ec2616aef4f5f3b81a28bf992e9314d62fd1360b439176736c1a/diagnostics/cells,76,All registered cases; only selected rendered tensors are rehashed by this exporter.
6cd482cf3aff7942f9dddc8c804c798ab3669fd7bb4d5ee8d7001248deb98f03,cifar10,swin_tiny,single_color,0,dense,compact,90,74fce3b1d058b6cf57055516ceb85d442b7674eddb8950f5244b3a22cc35862f,566fa577f2da3e50d887e890148fb6bd20f667e8139d6a9b04ca4665f0cb39c3,/ceph/sagnihot/projects/Lorena_Contrastive_Representation_Arch/training_dense_testing_sparse/outputs/cases/cifar10/swin_tiny/single_color/trained_dense/infer_compact/p90/seed0/6cd482cf3aff7942f9dddc8c804c798ab3669fd7bb4d5ee8d7001248deb98f03/diagnostics/cells,76,All registered cases; only selected rendered tensors are rehashed by this exporter.
9d1a2669df908084597f21761cf12b88f1ba29fb465100c9484d71e35786b951,cifar10,swin_tiny,single_color,1,dense,compact,90,b7af9c2326beb1db7fc4aba06b867583770ebfc6e2869cb6193ee752cc81fb63,566fa577f2da3e50d887e890148fb6bd20f667e8139d6a9b04ca4665f0cb39c3,/ceph/sagnihot/projects/Lorena_Contrastive_Representation_Arch/training_dense_testing_sparse/outputs/cases/cifar10/swin_tiny/single_color/trained_dense/infer_compact/p90/seed1/9d1a2669df908084597f21761cf12b88f1ba29fb465100c9484d71e35786b951/diagnostics/cells,76,All registered cases; only selected rendered tensors are rehashed by this exporter.
ff99c03e98c255dd30c77fd45d1cef61ed9516fc6e1c6e8172e9df33df7c3b20,cifar10,swin_tiny,single_color,2,dense,compact,90,9af4c0f5bd726b176994f562d5b5b3f4e326392003f27ce9b795221daa4a186e,566fa577f2da3e50d887e890148fb6bd20f667e8139d6a9b04ca4665f0cb39c3,/ceph/sagnihot/projects/Lorena_Contrastive_Representation_Arch/training_dense_testing_sparse/outputs/cases/cifar10/swin_tiny/single_color/trained_dense/infer_compact/p90/seed2/ff99c03e98c255dd30c77fd45d1cef61ed9516fc6e1c6e8172e9df33df7c3b20/diagnostics/cells,76,All registered cases; only selected rendered tensors are rehashed by this exporter.
fb84011e98b5205aaf90904d0cf8bb4d4f481bc5893fa438c10c60ace7c3b3d9,cifar10,vit_small,color_opponency,0,compact,compact,90,37de2ec99f0e84cc52750431e5e654b4c4548ea78d057a8d1e9f8503629dde4d,421a6c555b0de148ccc8177f266f90a3075af88135876e49829b120b02b133b6,/ceph/sagnihot/projects/Lorena_Contrastive_Representation_Arch/training_dense_testing_sparse/outputs/cases/cifar10/vit_small/color_opponency/trained_compact/infer_compact/p90/seed0/fb84011e98b5205aaf90904d0cf8bb4d4f481bc5893fa438c10c60ace7c3b3d9/diagnostics/cells,76,All registered cases; only selected rendered tensors are rehashed by this exporter.
db2aed1ae7804280995b05714bebaf039fa482c2cef70a5b916f1631d6fffaa9,cifar10,vit_small,color_opponency,1,compact,compact,90,cc6c4ff852a89054d605a64dc0da897019275dfbee1773e7b12502eea47dc741,421a6c555b0de148ccc8177f266f90a3075af88135876e49829b120b02b133b6,/ceph/sagnihot/projects/Lorena_Contrastive_Representation_Arch/training_dense_testing_sparse/outputs/cases/cifar10/vit_small/color_opponency/trained_compact/infer_compact/p90/seed1/db2aed1ae7804280995b05714bebaf039fa482c2cef70a5b916f1631d6fffaa9/diagnostics/cells,76,All registered cases; only selected rendered tensors are rehashed by this exporter.
2e0914ae5b7735e265fde3113f6339288442d767378ee0b78a53cb22adc9d3c0,cifar10,vit_small,color_opponency,2,compact,compact,90,256c9aba780e83006c9b4051eb71e7675e73ec3353ddf4c9b36cc6d6a8f81b13,421a6c555b0de148ccc8177f266f90a3075af88135876e49829b120b02b133b6,/ceph/sagnihot/projects/Lorena_Contrastive_Representation_Arch/training_dense_testing_sparse/outputs/cases/cifar10/vit_small/color_opponency/trained_compact/infer_compact/p90/seed2/2e0914ae5b7735e265fde3113f6339288442d767378ee0b78a53cb22adc9d3c0/diagnostics/cells,76,All registered cases; only selected rendered tensors are rehashed by this exporter.
f9acc5dd72f8c11af8757160267207fe950576f3b7b2b06e5b74471121a70661,cifar10,vit_small,color_opponency,0,dense,compact,90,6ac6ab6efa8fe9667b6cfec2b439c1a483d484602b0dfdb7f1697805bfb32d49,421a6c555b0de148ccc8177f266f90a3075af88135876e49829b120b02b133b6,/ceph/sagnihot/projects/Lorena_Contrastive_Representation_Arch/training_dense_testing_sparse/outputs/cases/cifar10/vit_small/color_opponency/trained_dense/infer_compact/p90/seed0/f9acc5dd72f8c11af8757160267207fe950576f3b7b2b06e5b74471121a70661/diagnostics/cells,76,All registered cases; only selected rendered tensors are rehashed by this exporter.
978ee0db2f3957538c29f6fba78d49cb26293ef8cb0db926cfc5e1a4ddf87e9a,cifar10,vit_small,color_opponency,1,dense,compact,90,68d86b6eaac4b9181759fdf74d2ba1e58dec9a64c6c46a337f12d54d2ef69294,421a6c555b0de148ccc8177f266f90a3075af88135876e49829b120b02b133b6,/ceph/sagnihot/projects/Lorena_Contrastive_Representation_Arch/training_dense_testing_sparse/outputs/cases/cifar10/vit_small/color_opponency/trained_dense/infer_compact/p90/seed1/978ee0db2f3957538c29f6fba78d49cb26293ef8cb0db926cfc5e1a4ddf87e9a/diagnostics/cells,76,All registered cases; only selected rendered tensors are rehashed by this exporter.
ae80bed510f172b859fc18b8ecb62149c73740c63354fe76043abbae0d14a58e,cifar10,vit_small,color_opponency,2,dense,compact,90,5996a511e29f768e94b52050b63e86d5c734908cfb89f071a0215dee0cf9ac41,421a6c555b0de148ccc8177f266f90a3075af88135876e49829b120b02b133b6,/ceph/sagnihot/projects/Lorena_Contrastive_Representation_Arch/training_dense_testing_sparse/outputs/cases/cifar10/vit_small/color_opponency/trained_dense/infer_compact/p90/seed2/ae80bed510f172b859fc18b8ecb62149c73740c63354fe76043abbae0d14a58e/diagnostics/cells,76,All registered cases; only selected rendered tensors are rehashed by this exporter.
fd6ab3d0d78ea3468e420af107c96e47012bbd5ce75fdceea4afee0d5e0ff83d,cifar10,vit_small,grayscale,0,compact,compact,90,5525bb3230ca1bd20fbb778be4c121a9cfef3bd270f0e4dae5015b2878d97c09,1047af87909095c2ee60f41793d839c504320f3b8ce40bf1751007d9ebe36dec,/ceph/sagnihot/projects/Lorena_Contrastive_Representation_Arch/training_dense_testing_sparse/outputs/cases/cifar10/vit_small/grayscale/trained_compact/infer_compact/p90/seed0/fd6ab3d0d78ea3468e420af107c96e47012bbd5ce75fdceea4afee0d5e0ff83d/diagnostics/cells,76,All registered cases; only selected rendered tensors are rehashed by this exporter.
aa76739f58b57e3a7304f39a980674bff3bfd4546ef626c2cd5cf261d2821bad,cifar10,vit_small,grayscale,1,compact,compact,90,732d4a2c3a1c116592563e0a1d8079371f809743798db06af2996f6171bb5f8e,1047af87909095c2ee60f41793d839c504320f3b8ce40bf1751007d9ebe36dec,/ceph/sagnihot/projects/Lorena_Contrastive_Representation_Arch/training_dense_testing_sparse/outputs/cases/cifar10/vit_small/grayscale/trained_compact/infer_compact/p90/seed1/aa76739f58b57e3a7304f39a980674bff3bfd4546ef626c2cd5cf261d2821bad/diagnostics/cells,76,All registered cases; only selected rendered tensors are rehashed by this exporter.
3526954d14f041a566bc5041bb9faeeb012905cc8b9bacd5c47271db7234e077,cifar10,vit_small,grayscale,2,compact,compact,90,419b5bb3a9a427d926a6310430e09d188260807d9d1dad2bd5df3489496b119c,1047af87909095c2ee60f41793d839c504320f3b8ce40bf1751007d9ebe36dec,/ceph/sagnihot/projects/Lorena_Contrastive_Representation_Arch/training_dense_testing_sparse/outputs/cases/cifar10/vit_small/grayscale/trained_compact/infer_compact/p90/seed2/3526954d14f041a566bc5041bb9faeeb012905cc8b9bacd5c47271db7234e077/diagnostics/cells,76,All registered cases; only selected rendered tensors are rehashed by this exporter.
7b2f39269cffc1901070300ca497ef4f88535b2eafbb15636c50c91c19282c69,cifar10,vit_small,grayscale,0,dense,compact,90,b63dea18ba04ebec90aa387b94608ae909f9951b5f93072d2366e170a7e899a5,1047af87909095c2ee60f41793d839c504320f3b8ce40bf1751007d9ebe36dec,/ceph/sagnihot/projects/Lorena_Contrastive_Representation_Arch/training_dense_testing_sparse/outputs/cases/cifar10/vit_small/grayscale/trained_dense/infer_compact/p90/seed0/7b2f39269cffc1901070300ca497ef4f88535b2eafbb15636c50c91c19282c69/diagnostics/cells,76,All registered cases; only selected rendered tensors are rehashed by this exporter.
f4b8b7ef9403e6728acafbcdb60d6038cc9428a038d905defaf62b91b3f7f378,cifar10,vit_small,grayscale,1,dense,compact,90,b0ee16f423c590c7b2825b45a2197bc867f6dc9afd6aafdf9bd17b05322b1253,1047af87909095c2ee60f41793d839c504320f3b8ce40bf1751007d9ebe36dec,/ceph/sagnihot/projects/Lorena_Contrastive_Representation_Arch/training_dense_testing_sparse/outputs/cases/cifar10/vit_small/grayscale/trained_dense/infer_compact/p90/seed1/f4b8b7ef9403e6728acafbcdb60d6038cc9428a038d905defaf62b91b3f7f378/diagnostics/cells,76,All registered cases; only selected rendered tensors are rehashed by this exporter.
469155e9c34e090a25f13089b3f2407a32f4d7389fc5c2539987258a9a4aed32,cifar10,vit_small,grayscale,2,dense,compact,90,7babc96121d5f89850cbcc509af4ec2f9ce5f8ca5fa941133ff06758c159091f,1047af87909095c2ee60f41793d839c504320f3b8ce40bf1751007d9ebe36dec,/ceph/sagnihot/projects/Lorena_Contrastive_Representation_Arch/training_dense_testing_sparse/outputs/cases/cifar10/vit_small/grayscale/trained_dense/infer_compact/p90/seed2/469155e9c34e090a25f13089b3f2407a32f4d7389fc5c2539987258a9a4aed32/diagnostics/cells,76,All registered cases; only selected rendered tensors are rehashed by this exporter.
954f10802f1693a2a3ee20be5c9ce46c869db8e2dcd61a25bb98f2f88a8218e9,cifar10,vit_small,raw,0,dense,compact,90,a8369ed680009e45868b72c0316b8d39c74371d912ed437ff6bf9dc89488db33,377d79622b4be5ab780f2cc49d2998ca871c0899b1447524c906a2f2023b28ea,/ceph/sagnihot/projects/Lorena_Contrastive_Representation_Arch/training_dense_testing_sparse/outputs/cases/cifar10/vit_small/raw/trained_dense/infer_compact/p90/seed0/954f10802f1693a2a3ee20be5c9ce46c869db8e2dcd61a25bb98f2f88a8218e9/diagnostics/cells,76,All registered cases; only selected rendered tensors are rehashed by this exporter.
c623993cd08a563b38a461026749f179d17fcf21094c19b4dfb7b04b2455bc6b,cifar10,vit_small,raw,1,dense,compact,90,51013aa13debf7716aa0c9fa9d431e2a16cb1727a003497460469b5e728eaeb4,377d79622b4be5ab780f2cc49d2998ca871c0899b1447524c906a2f2023b28ea,/ceph/sagnihot/projects/Lorena_Contrastive_Representation_Arch/training_dense_testing_sparse/outputs/cases/cifar10/vit_small/raw/trained_dense/infer_compact/p90/seed1/c623993cd08a563b38a461026749f179d17fcf21094c19b4dfb7b04b2455bc6b/diagnostics/cells,76,All registered cases; only selected rendered tensors are rehashed by this exporter.
ac68f48a7d84d325819e9a37c02f9a56611b5ab3c388a4ab3d0301e2edb4a87a,cifar10,vit_small,raw,2,dense,compact,90,92f9655eb068a90ffb82799f9d4939a1b20fefa95c7967c571e933859172321e,377d79622b4be5ab780f2cc49d2998ca871c0899b1447524c906a2f2023b28ea,/ceph/sagnihot/projects/Lorena_Contrastive_Representation_Arch/training_dense_testing_sparse/outputs/cases/cifar10/vit_small/raw/trained_dense/infer_compact/p90/seed2/ac68f48a7d84d325819e9a37c02f9a56611b5ab3c388a4ab3d0301e2edb4a87a/diagnostics/cells,76,All registered cases; only selected rendered tensors are rehashed by this exporter.
717696d8d6eb3d50f6daf82d21aef9b94f99640a665451c73f39641b4bd1d9a7,cifar10,vit_small,single_color,0,compact,compact,90,33444dbf27ccf9d09e9bc6815558429934b9b612bf912ef7c263e2fad03e2c1e,566fa577f2da3e50d887e890148fb6bd20f667e8139d6a9b04ca4665f0cb39c3,/ceph/sagnihot/projects/Lorena_Contrastive_Representation_Arch/training_dense_testing_sparse/outputs/cases/cifar10/vit_small/single_color/trained_compact/infer_compact/p90/seed0/717696d8d6eb3d50f6daf82d21aef9b94f99640a665451c73f39641b4bd1d9a7/diagnostics/cells,76,All registered cases; only selected rendered tensors are rehashed by this exporter.
e6deaafb3ccb23f8ccf7b64ed3f7c473931f3d49f6683658b266b65edfd2a3be,cifar10,vit_small,single_color,1,compact,compact,90,9c8bd1d942d5eebc735cbfd5c953e9e80365d176a194c9231b43ef9fc509a79c,566fa577f2da3e50d887e890148fb6bd20f667e8139d6a9b04ca4665f0cb39c3,/ceph/sagnihot/projects/Lorena_Contrastive_Representation_Arch/training_dense_testing_sparse/outputs/cases/cifar10/vit_small/single_color/trained_compact/infer_compact/p90/seed1/e6deaafb3ccb23f8ccf7b64ed3f7c473931f3d49f6683658b266b65edfd2a3be/diagnostics/cells,76,All registered cases; only selected rendered tensors are rehashed by this exporter.
cfd05ee7c57565cd7263bc6cf59e23a10b6573680cb97f50384cac029882965a,cifar10,vit_small,single_color,2,compact,compact,90,3fd91e2eda56a286994526f35b5dec72d05b5c1513e50fd3381168829ede49c7,566fa577f2da3e50d887e890148fb6bd20f667e8139d6a9b04ca4665f0cb39c3,/ceph/sagnihot/projects/Lorena_Contrastive_Representation_Arch/training_dense_testing_sparse/outputs/cases/cifar10/vit_small/single_color/trained_compact/infer_compact/p90/seed2/cfd05ee7c57565cd7263bc6cf59e23a10b6573680cb97f50384cac029882965a/diagnostics/cells,76,All registered cases; only selected rendered tensors are rehashed by this exporter.
805706ca4c86803bd639771f9c1a9ab2263173d3dccf0509a91feadf952afd42,cifar10,vit_small,single_color,0,dense,compact,90,9fa97932cb6c84ca661c56235128961714203d1ebfd34d4c9142695a6361bacf,566fa577f2da3e50d887e890148fb6bd20f667e8139d6a9b04ca4665f0cb39c3,/ceph/sagnihot/projects/Lorena_Contrastive_Representation_Arch/training_dense_testing_sparse/outputs/cases/cifar10/vit_small/single_color/trained_dense/infer_compact/p90/seed0/805706ca4c86803bd639771f9c1a9ab2263173d3dccf0509a91feadf952afd42/diagnostics/cells,76,All registered cases; only selected rendered tensors are rehashed by this exporter.
eca0df0dabfe0e39b21adbacf52fdd5b16f547b16f5af2af288102ddc46f392d,cifar10,vit_small,single_color,1,dense,compact,90,a14ddc5c19aa65cee18f9e67214fec43fad92bbdd3ee9a459ac0341fe3f3731c,566fa577f2da3e50d887e890148fb6bd20f667e8139d6a9b04ca4665f0cb39c3,/ceph/sagnihot/projects/Lorena_Contrastive_Representation_Arch/training_dense_testing_sparse/outputs/cases/cifar10/vit_small/single_color/trained_dense/infer_compact/p90/seed1/eca0df0dabfe0e39b21adbacf52fdd5b16f547b16f5af2af288102ddc46f392d/diagnostics/cells,76,All registered cases; only selected rendered tensors are rehashed by this exporter.
838676827c75a64181b11c42b6c4ff0883690fed9e3294c2a8727fba6a1468f9,cifar10,vit_small,single_color,2,dense,compact,90,2eeae4368927974e6744ec6a28e73efe04d841b8697a1cbf46ddb4dd42514b7a,566fa577f2da3e50d887e890148fb6bd20f667e8139d6a9b04ca4665f0cb39c3,/ceph/sagnihot/projects/Lorena_Contrastive_Representation_Arch/training_dense_testing_sparse/outputs/cases/cifar10/vit_small/single_color/trained_dense/infer_compact/p90/seed2/838676827c75a64181b11c42b6c4ff0883690fed9e3294c2a8727fba6a1468f9/diagnostics/cells,76,All registered cases; only selected rendered tensors are rehashed by this exporter.
eae2102a5c7485c78d20f42c66fb1c9d2fde693622f93b99bbbc578d89365da5,mnist,swin_tiny,grayscale,0,compact,compact,90,7b0a41b35e709e34296548f99714540de2cfe6fab7cd6d2b8d8850be56665407,d2362b43edbe82cdc1f7c0323b1a1dd6e6ebb896538140efb20f06e957aed212,/ceph/sagnihot/projects/Lorena_Contrastive_Representation_Arch/training_dense_testing_sparse/outputs/cases/mnist/swin_tiny/grayscale/trained_compact/infer_compact/p90/seed0/eae2102a5c7485c78d20f42c66fb1c9d2fde693622f93b99bbbc578d89365da5/diagnostics/cells,16,All registered cases; only selected rendered tensors are rehashed by this exporter.
bd042900730a53b03806b405aa4cae2a6cede1852b41cfabffb71df278ec5405,mnist,swin_tiny,grayscale,1,compact,compact,90,27834ca7879cdcbc657227d83ee6209161fc84b956f9fc30765d0b5f59e7f707,d2362b43edbe82cdc1f7c0323b1a1dd6e6ebb896538140efb20f06e957aed212,/ceph/sagnihot/projects/Lorena_Contrastive_Representation_Arch/training_dense_testing_sparse/outputs/cases/mnist/swin_tiny/grayscale/trained_compact/infer_compact/p90/seed1/bd042900730a53b03806b405aa4cae2a6cede1852b41cfabffb71df278ec5405/diagnostics/cells,16,All registered cases; only selected rendered tensors are rehashed by this exporter.
16b1c69b1de869d6d9ba83b414eb0ec2a2c4f4a189440581c587e1ec91a46040,mnist,swin_tiny,grayscale,2,compact,compact,90,984f081ec99d3e4bbdd3bdec162111e3b71fd5987938caf8959881f15ccd05d4,d2362b43edbe82cdc1f7c0323b1a1dd6e6ebb896538140efb20f06e957aed212,/ceph/sagnihot/projects/Lorena_Contrastive_Representation_Arch/training_dense_testing_sparse/outputs/cases/mnist/swin_tiny/grayscale/trained_compact/infer_compact/p90/seed2/16b1c69b1de869d6d9ba83b414eb0ec2a2c4f4a189440581c587e1ec91a46040/diagnostics/cells,16,All registered cases; only selected rendered tensors are rehashed by this exporter.
67e6b1ee84a0f6e9bd8042761d31cdc0649d304eaceb483b0de547d1e537d82d,mnist,swin_tiny,grayscale,0,dense,compact,90,473ed25a586e0ea8fb93e4fadfcfd4e7e18bde623e0f22701c184b2da680520b,d2362b43edbe82cdc1f7c0323b1a1dd6e6ebb896538140efb20f06e957aed212,/ceph/sagnihot/projects/Lorena_Contrastive_Representation_Arch/training_dense_testing_sparse/outputs/cases/mnist/swin_tiny/grayscale/trained_dense/infer_compact/p90/seed0/67e6b1ee84a0f6e9bd8042761d31cdc0649d304eaceb483b0de547d1e537d82d/diagnostics/cells,16,All registered cases; only selected rendered tensors are rehashed by this exporter.
66da96ba6a29a21f7b2624b6df3be6276f30e5dbd63c1e19ea19e185d1a42e3c,mnist,swin_tiny,grayscale,1,dense,compact,90,3c122f0fd1faf70a5670d3c6526b0c7197dc73ded514139a3796e6045a6fb776,d2362b43edbe82cdc1f7c0323b1a1dd6e6ebb896538140efb20f06e957aed212,/ceph/sagnihot/projects/Lorena_Contrastive_Representation_Arch/training_dense_testing_sparse/outputs/cases/mnist/swin_tiny/grayscale/trained_dense/infer_compact/p90/seed1/66da96ba6a29a21f7b2624b6df3be6276f30e5dbd63c1e19ea19e185d1a42e3c/diagnostics/cells,16,All registered cases; only selected rendered tensors are rehashed by this exporter.
dc502ae76aa29d2b13680073c7c4a316f9d88de2d0486cea36de39874a778136,mnist,swin_tiny,grayscale,2,dense,compact,90,b0393e9d1c0e15b51559e628483e2ed496574409f6794199f61ad346d461af16,d2362b43edbe82cdc1f7c0323b1a1dd6e6ebb896538140efb20f06e957aed212,/ceph/sagnihot/projects/Lorena_Contrastive_Representation_Arch/training_dense_testing_sparse/outputs/cases/mnist/swin_tiny/grayscale/trained_dense/infer_compact/p90/seed2/dc502ae76aa29d2b13680073c7c4a316f9d88de2d0486cea36de39874a778136/diagnostics/cells,16,All registered cases; only selected rendered tensors are rehashed by this exporter.
0f76649ee72109386c5d8aed996da09a959decdb15136773f9fc16cec427d2a8,mnist,swin_tiny,raw,0,dense,compact,90,4f4de1c96ce3171d528465ea583fe366ccbf1eeed9fc126ed5b29d61cc878836,74be2eb7180e855812c6b42276b2aafb6baf921a0ade2ec0d172dbb4ef69d3d7,/ceph/sagnihot/projects/Lorena_Contrastive_Representation_Arch/training_dense_testing_sparse/outputs/cases/mnist/swin_tiny/raw/trained_dense/infer_compact/p90/seed0/0f76649ee72109386c5d8aed996da09a959decdb15136773f9fc16cec427d2a8/diagnostics/cells,16,All registered cases; only selected rendered tensors are rehashed by this exporter.
dae7363a4d8ed09b3a4edc8d056681ca70448fd327410c198a406b991547ae87,mnist,swin_tiny,raw,1,dense,compact,90,485f892a847b6dbcfdab4e13b46349e10ca7e3c0d81810dc50d69b0ada0c05f0,74be2eb7180e855812c6b42276b2aafb6baf921a0ade2ec0d172dbb4ef69d3d7,/ceph/sagnihot/projects/Lorena_Contrastive_Representation_Arch/training_dense_testing_sparse/outputs/cases/mnist/swin_tiny/raw/trained_dense/infer_compact/p90/seed1/dae7363a4d8ed09b3a4edc8d056681ca70448fd327410c198a406b991547ae87/diagnostics/cells,16,All registered cases; only selected rendered tensors are rehashed by this exporter.
3c9743e4c1843d29bfb30527c8b06a68a9e71f066af61ac6766841b33ad5ea88,mnist,swin_tiny,raw,2,dense,compact,90,dc141a26cd438bb05b5097a229bc10b348f6a1d7cb9696567fc85afbb8440cbe,74be2eb7180e855812c6b42276b2aafb6baf921a0ade2ec0d172dbb4ef69d3d7,/ceph/sagnihot/projects/Lorena_Contrastive_Representation_Arch/training_dense_testing_sparse/outputs/cases/mnist/swin_tiny/raw/trained_dense/infer_compact/p90/seed2/3c9743e4c1843d29bfb30527c8b06a68a9e71f066af61ac6766841b33ad5ea88/diagnostics/cells,16,All registered cases; only selected rendered tensors are rehashed by this exporter.
ed4366e4aff0b1cfcdbf120235dd6abe9c0922d6b5fb264ed6d86d7ce0489da2,mnist,vit_small,grayscale,0,compact,compact,90,168dfdf4b1e77bdf998c5fcf65999cf6fb4a4b0c58b19ed9d0679fbe3a50e918,d2362b43edbe82cdc1f7c0323b1a1dd6e6ebb896538140efb20f06e957aed212,/ceph/sagnihot/projects/Lorena_Contrastive_Representation_Arch/training_dense_testing_sparse/outputs/cases/mnist/vit_small/grayscale/trained_compact/infer_compact/p90/seed0/ed4366e4aff0b1cfcdbf120235dd6abe9c0922d6b5fb264ed6d86d7ce0489da2/diagnostics/cells,16,All registered cases; only selected rendered tensors are rehashed by this exporter.
23b87355ac58f28b3f66ecbc6e52ca08584bb77880b03a241e69cef898ef434c,mnist,vit_small,grayscale,1,compact,compact,90,bf2631dda7d9d271b18b8e9867cd79e4cb599f961d1d13de860454d586357601,d2362b43edbe82cdc1f7c0323b1a1dd6e6ebb896538140efb20f06e957aed212,/ceph/sagnihot/projects/Lorena_Contrastive_Representation_Arch/training_dense_testing_sparse/outputs/cases/mnist/vit_small/grayscale/trained_compact/infer_compact/p90/seed1/23b87355ac58f28b3f66ecbc6e52ca08584bb77880b03a241e69cef898ef434c/diagnostics/cells,16,All registered cases; only selected rendered tensors are rehashed by this exporter.
8489cb4fe99a1250a4d2b8cbfda693c153fdceef5f69b50a1339ff369d925f55,mnist,vit_small,grayscale,2,compact,compact,90,d40eaf4227e611b4235f679e1f5b2f9f68901fb6a89907585a7aca9162a6769c,d2362b43edbe82cdc1f7c0323b1a1dd6e6ebb896538140efb20f06e957aed212,/ceph/sagnihot/projects/Lorena_Contrastive_Representation_Arch/training_dense_testing_sparse/outputs/cases/mnist/vit_small/grayscale/trained_compact/infer_compact/p90/seed2/8489cb4fe99a1250a4d2b8cbfda693c153fdceef5f69b50a1339ff369d925f55/diagnostics/cells,16,All registered cases; only selected rendered tensors are rehashed by this exporter.
12c1c64beff8f68b972f3ee6e1db9cea9ea0b19ab125c87bc56bbb9b62b46e5f,mnist,vit_small,grayscale,0,dense,compact,90,1febb833c97989dec964ce4247d5bb9f7f212d0d0ffea0016b5b7d6ef9e061db,d2362b43edbe82cdc1f7c0323b1a1dd6e6ebb896538140efb20f06e957aed212,/ceph/sagnihot/projects/Lorena_Contrastive_Representation_Arch/training_dense_testing_sparse/outputs/cases/mnist/vit_small/grayscale/trained_dense/infer_compact/p90/seed0/12c1c64beff8f68b972f3ee6e1db9cea9ea0b19ab125c87bc56bbb9b62b46e5f/diagnostics/cells,16,All registered cases; only selected rendered tensors are rehashed by this exporter.
9729adec9ce6ce6993045a1272821938585b9c42511d61e768f34523b81a637b,mnist,vit_small,grayscale,1,dense,compact,90,10a1c020e268e60f92a50cb1a938f7e478078107b9a7dd5bcd30e3f36dd50ae6,d2362b43edbe82cdc1f7c0323b1a1dd6e6ebb896538140efb20f06e957aed212,/ceph/sagnihot/projects/Lorena_Contrastive_Representation_Arch/training_dense_testing_sparse/outputs/cases/mnist/vit_small/grayscale/trained_dense/infer_compact/p90/seed1/9729adec9ce6ce6993045a1272821938585b9c42511d61e768f34523b81a637b/diagnostics/cells,16,All registered cases; only selected rendered tensors are rehashed by this exporter.
2485480a0905ee16b65e967730c87b99977c88266c6ffdc184c129bbc607923c,mnist,vit_small,grayscale,2,dense,compact,90,04b23e1d894d5cd0ffacd122ef55cc5578fe60d76fbf71286f07dceb0d27c789,d2362b43edbe82cdc1f7c0323b1a1dd6e6ebb896538140efb20f06e957aed212,/ceph/sagnihot/projects/Lorena_Contrastive_Representation_Arch/training_dense_testing_sparse/outputs/cases/mnist/vit_small/grayscale/trained_dense/infer_compact/p90/seed2/2485480a0905ee16b65e967730c87b99977c88266c6ffdc184c129bbc607923c/diagnostics/cells,16,All registered cases; only selected rendered tensors are rehashed by this exporter.
398e396910779493fab8ca8f3ba508083f75396de40386f48e0571f6884b7e87,mnist,vit_small,raw,0,dense,compact,90,3db92cbcafbbc2751e66333d710ad6f6ab62881147312fbf9142265b64fd326b,74be2eb7180e855812c6b42276b2aafb6baf921a0ade2ec0d172dbb4ef69d3d7,/ceph/sagnihot/projects/Lorena_Contrastive_Representation_Arch/training_dense_testing_sparse/outputs/cases/mnist/vit_small/raw/trained_dense/infer_compact/p90/seed0/398e396910779493fab8ca8f3ba508083f75396de40386f48e0571f6884b7e87/diagnostics/cells,16,All registered cases; only selected rendered tensors are rehashed by this exporter.
439be77b86d04f840144faf4e75cf6a00742f02b3db76cff833f97400c26a240,mnist,vit_small,raw,1,dense,compact,90,acbec74b30d2bb2dbba09b75e00a22ce88387ed47cb09fa6403be759a89ac248,74be2eb7180e855812c6b42276b2aafb6baf921a0ade2ec0d172dbb4ef69d3d7,/ceph/sagnihot/projects/Lorena_Contrastive_Representation_Arch/training_dense_testing_sparse/outputs/cases/mnist/vit_small/raw/trained_dense/infer_compact/p90/seed1/439be77b86d04f840144faf4e75cf6a00742f02b3db76cff833f97400c26a240/diagnostics/cells,16,All registered cases; only selected rendered tensors are rehashed by this exporter.
963883377a27d9a361fbc7d62a6b63f32b856b1990682365a7587bf293fbb938,mnist,vit_small,raw,2,dense,compact,90,63bb2214a8ab262e48865109fcf46769e97d9659bc9e8d3557e8cd23394adc56,74be2eb7180e855812c6b42276b2aafb6baf921a0ade2ec0d172dbb4ef69d3d7,/ceph/sagnihot/projects/Lorena_Contrastive_Representation_Arch/training_dense_testing_sparse/outputs/cases/mnist/vit_small/raw/trained_dense/infer_compact/p90/seed2/963883377a27d9a361fbc7d62a6b63f32b856b1990682365a7587bf293fbb938/diagnostics/cells,16,All registered cases; only selected rendered tensors are rehashed by this exporter.
