pdf,pages,png_preview,source_npz,sample_ids,exact_cross_architecture_equivalence
/ceph/sagnihot/projects/Lorena_Contrastive_Representation_Arch/plots/diagnostics/followup_fixed_examples/cifar10/color_opponency/p0/shared_frontend/brightness__3.pdf,6,/ceph/sagnihot/projects/Lorena_Contrastive_Representation_Arch/plots/diagnostics/followup_fixed_examples/cifar10/color_opponency/p0/shared_frontend/brightness__3.png,/ceph/sagnihot/projects/Lorena_Contrastive_Representation_Arch/training_dense_testing_sparse/outputs/cases/cifar10/swin_tiny/color_opponency/trained_dense/infer_compact/p0/seed0/fd23a49d1d5868dc6e3306c0500cbbcf1359d9f49927b5e7adb645d0132dd771/diagnostics/cells/brightness__3.npz,"[""cifar10_c/brightness/3/00689"", ""cifar10_c/brightness/3/02620"", ""cifar10_c/brightness/3/03322"", ""cifar10_c/brightness/3/03835"", ""cifar10_c/brightness/3/07322"", ""cifar10_c/brightness/3/08776"", ""cifar10_c/brightness/3/07791"", ""cifar10_c/brightness/3/07128"", ""cifar10_c/brightness/3/04568"", ""cifar10_c/brightness/3/01432""]",True
/ceph/sagnihot/projects/Lorena_Contrastive_Representation_Arch/plots/diagnostics/followup_fixed_examples/cifar10/color_opponency/p0/shared_frontend/clean__test.pdf,6,/ceph/sagnihot/projects/Lorena_Contrastive_Representation_Arch/plots/diagnostics/followup_fixed_examples/cifar10/color_opponency/p0/shared_frontend/clean__test.png,/ceph/sagnihot/projects/Lorena_Contrastive_Representation_Arch/training_dense_testing_sparse/outputs/cases/cifar10/swin_tiny/color_opponency/trained_dense/infer_compact/p0/seed0/fd23a49d1d5868dc6e3306c0500cbbcf1359d9f49927b5e7adb645d0132dd771/diagnostics/cells/clean__test.npz,"[""cifar10/test/00689"", ""cifar10/test/02620"", ""cifar10/test/03322"", ""cifar10/test/03835"", ""cifar10/test/07322"", ""cifar10/test/08776"", ""cifar10/test/07791"", ""cifar10/test/07128"", ""cifar10/test/04568"", ""cifar10/test/01432""]",True
/ceph/sagnihot/projects/Lorena_Contrastive_Representation_Arch/plots/diagnostics/followup_fixed_examples/cifar10/color_opponency/p0/shared_frontend/contrast__3.pdf,6,/ceph/sagnihot/projects/Lorena_Contrastive_Representation_Arch/plots/diagnostics/followup_fixed_examples/cifar10/color_opponency/p0/shared_frontend/contrast__3.png,/ceph/sagnihot/projects/Lorena_Contrastive_Representation_Arch/training_dense_testing_sparse/outputs/cases/cifar10/swin_tiny/color_opponency/trained_dense/infer_compact/p0/seed0/fd23a49d1d5868dc6e3306c0500cbbcf1359d9f49927b5e7adb645d0132dd771/diagnostics/cells/contrast__3.npz,"[""cifar10_c/contrast/3/00689"", ""cifar10_c/contrast/3/02620"", ""cifar10_c/contrast/3/03322"", ""cifar10_c/contrast/3/03835"", ""cifar10_c/contrast/3/07322"", ""cifar10_c/contrast/3/08776"", ""cifar10_c/contrast/3/07791"", ""cifar10_c/contrast/3/07128"", ""cifar10_c/contrast/3/04568"", ""cifar10_c/contrast/3/01432""]",True
/ceph/sagnihot/projects/Lorena_Contrastive_Representation_Arch/plots/diagnostics/followup_fixed_examples/cifar10/color_opponency/p0/shared_frontend/fog__3.pdf,6,/ceph/sagnihot/projects/Lorena_Contrastive_Representation_Arch/plots/diagnostics/followup_fixed_examples/cifar10/color_opponency/p0/shared_frontend/fog__3.png,/ceph/sagnihot/projects/Lorena_Contrastive_Representation_Arch/training_dense_testing_sparse/outputs/cases/cifar10/swin_tiny/color_opponency/trained_dense/infer_compact/p0/seed0/fd23a49d1d5868dc6e3306c0500cbbcf1359d9f49927b5e7adb645d0132dd771/diagnostics/cells/fog__3.npz,"[""cifar10_c/fog/3/00689"", ""cifar10_c/fog/3/02620"", ""cifar10_c/fog/3/03322"", ""cifar10_c/fog/3/03835"", ""cifar10_c/fog/3/07322"", ""cifar10_c/fog/3/08776"", ""cifar10_c/fog/3/07791"", ""cifar10_c/fog/3/07128"", ""cifar10_c/fog/3/04568"", ""cifar10_c/fog/3/01432""]",True
/ceph/sagnihot/projects/Lorena_Contrastive_Representation_Arch/plots/diagnostics/followup_fixed_examples/cifar10/color_opponency/p10/shared_frontend/brightness__3.pdf,6,/ceph/sagnihot/projects/Lorena_Contrastive_Representation_Arch/plots/diagnostics/followup_fixed_examples/cifar10/color_opponency/p10/shared_frontend/brightness__3.png,/ceph/sagnihot/projects/Lorena_Contrastive_Representation_Arch/training_dense_testing_sparse/outputs/cases/cifar10/swin_tiny/color_opponency/trained_dense/infer_compact/p10/seed0/edcad89cfa7711bfd837255d96c54e1383d9d438c662625792715f28d6c4928a/diagnostics/cells/brightness__3.npz,"[""cifar10_c/brightness/3/00689"", ""cifar10_c/brightness/3/02620"", ""cifar10_c/brightness/3/03322"", ""cifar10_c/brightness/3/03835"", ""cifar10_c/brightness/3/07322"", ""cifar10_c/brightness/3/08776"", ""cifar10_c/brightness/3/07791"", ""cifar10_c/brightness/3/07128"", ""cifar10_c/brightness/3/04568"", ""cifar10_c/brightness/3/01432""]",True
/ceph/sagnihot/projects/Lorena_Contrastive_Representation_Arch/plots/diagnostics/followup_fixed_examples/cifar10/color_opponency/p10/shared_frontend/clean__test.pdf,6,/ceph/sagnihot/projects/Lorena_Contrastive_Representation_Arch/plots/diagnostics/followup_fixed_examples/cifar10/color_opponency/p10/shared_frontend/clean__test.png,/ceph/sagnihot/projects/Lorena_Contrastive_Representation_Arch/training_dense_testing_sparse/outputs/cases/cifar10/swin_tiny/color_opponency/trained_dense/infer_compact/p10/seed0/edcad89cfa7711bfd837255d96c54e1383d9d438c662625792715f28d6c4928a/diagnostics/cells/clean__test.npz,"[""cifar10/test/00689"", ""cifar10/test/02620"", ""cifar10/test/03322"", ""cifar10/test/03835"", ""cifar10/test/07322"", ""cifar10/test/08776"", ""cifar10/test/07791"", ""cifar10/test/07128"", ""cifar10/test/04568"", ""cifar10/test/01432""]",True
/ceph/sagnihot/projects/Lorena_Contrastive_Representation_Arch/plots/diagnostics/followup_fixed_examples/cifar10/color_opponency/p10/shared_frontend/contrast__3.pdf,6,/ceph/sagnihot/projects/Lorena_Contrastive_Representation_Arch/plots/diagnostics/followup_fixed_examples/cifar10/color_opponency/p10/shared_frontend/contrast__3.png,/ceph/sagnihot/projects/Lorena_Contrastive_Representation_Arch/training_dense_testing_sparse/outputs/cases/cifar10/swin_tiny/color_opponency/trained_dense/infer_compact/p10/seed0/edcad89cfa7711bfd837255d96c54e1383d9d438c662625792715f28d6c4928a/diagnostics/cells/contrast__3.npz,"[""cifar10_c/contrast/3/00689"", ""cifar10_c/contrast/3/02620"", ""cifar10_c/contrast/3/03322"", ""cifar10_c/contrast/3/03835"", ""cifar10_c/contrast/3/07322"", ""cifar10_c/contrast/3/08776"", ""cifar10_c/contrast/3/07791"", ""cifar10_c/contrast/3/07128"", ""cifar10_c/contrast/3/04568"", ""cifar10_c/contrast/3/01432""]",True
/ceph/sagnihot/projects/Lorena_Contrastive_Representation_Arch/plots/diagnostics/followup_fixed_examples/cifar10/color_opponency/p10/shared_frontend/fog__3.pdf,6,/ceph/sagnihot/projects/Lorena_Contrastive_Representation_Arch/plots/diagnostics/followup_fixed_examples/cifar10/color_opponency/p10/shared_frontend/fog__3.png,/ceph/sagnihot/projects/Lorena_Contrastive_Representation_Arch/training_dense_testing_sparse/outputs/cases/cifar10/swin_tiny/color_opponency/trained_dense/infer_compact/p10/seed0/edcad89cfa7711bfd837255d96c54e1383d9d438c662625792715f28d6c4928a/diagnostics/cells/fog__3.npz,"[""cifar10_c/fog/3/00689"", ""cifar10_c/fog/3/02620"", ""cifar10_c/fog/3/03322"", ""cifar10_c/fog/3/03835"", ""cifar10_c/fog/3/07322"", ""cifar10_c/fog/3/08776"", ""cifar10_c/fog/3/07791"", ""cifar10_c/fog/3/07128"", ""cifar10_c/fog/3/04568"", ""cifar10_c/fog/3/01432""]",True
/ceph/sagnihot/projects/Lorena_Contrastive_Representation_Arch/plots/diagnostics/followup_fixed_examples/cifar10/color_opponency/p20/shared_frontend/brightness__3.pdf,6,/ceph/sagnihot/projects/Lorena_Contrastive_Representation_Arch/plots/diagnostics/followup_fixed_examples/cifar10/color_opponency/p20/shared_frontend/brightness__3.png,/ceph/sagnihot/projects/Lorena_Contrastive_Representation_Arch/training_dense_testing_sparse/outputs/cases/cifar10/swin_tiny/color_opponency/trained_dense/infer_compact/p20/seed0/a60a0e9fe4746b2f1de5acfe016ab57ead37e515cb614b10f16a303d6125ec17/diagnostics/cells/brightness__3.npz,"[""cifar10_c/brightness/3/00689"", ""cifar10_c/brightness/3/02620"", ""cifar10_c/brightness/3/03322"", ""cifar10_c/brightness/3/03835"", ""cifar10_c/brightness/3/07322"", ""cifar10_c/brightness/3/08776"", ""cifar10_c/brightness/3/07791"", ""cifar10_c/brightness/3/07128"", ""cifar10_c/brightness/3/04568"", ""cifar10_c/brightness/3/01432""]",True
/ceph/sagnihot/projects/Lorena_Contrastive_Representation_Arch/plots/diagnostics/followup_fixed_examples/cifar10/color_opponency/p20/shared_frontend/clean__test.pdf,6,/ceph/sagnihot/projects/Lorena_Contrastive_Representation_Arch/plots/diagnostics/followup_fixed_examples/cifar10/color_opponency/p20/shared_frontend/clean__test.png,/ceph/sagnihot/projects/Lorena_Contrastive_Representation_Arch/training_dense_testing_sparse/outputs/cases/cifar10/swin_tiny/color_opponency/trained_dense/infer_compact/p20/seed0/a60a0e9fe4746b2f1de5acfe016ab57ead37e515cb614b10f16a303d6125ec17/diagnostics/cells/clean__test.npz,"[""cifar10/test/00689"", ""cifar10/test/02620"", ""cifar10/test/03322"", ""cifar10/test/03835"", ""cifar10/test/07322"", ""cifar10/test/08776"", ""cifar10/test/07791"", ""cifar10/test/07128"", ""cifar10/test/04568"", ""cifar10/test/01432""]",True
/ceph/sagnihot/projects/Lorena_Contrastive_Representation_Arch/plots/diagnostics/followup_fixed_examples/cifar10/color_opponency/p20/shared_frontend/contrast__3.pdf,6,/ceph/sagnihot/projects/Lorena_Contrastive_Representation_Arch/plots/diagnostics/followup_fixed_examples/cifar10/color_opponency/p20/shared_frontend/contrast__3.png,/ceph/sagnihot/projects/Lorena_Contrastive_Representation_Arch/training_dense_testing_sparse/outputs/cases/cifar10/swin_tiny/color_opponency/trained_dense/infer_compact/p20/seed0/a60a0e9fe4746b2f1de5acfe016ab57ead37e515cb614b10f16a303d6125ec17/diagnostics/cells/contrast__3.npz,"[""cifar10_c/contrast/3/00689"", ""cifar10_c/contrast/3/02620"", ""cifar10_c/contrast/3/03322"", ""cifar10_c/contrast/3/03835"", ""cifar10_c/contrast/3/07322"", ""cifar10_c/contrast/3/08776"", ""cifar10_c/contrast/3/07791"", ""cifar10_c/contrast/3/07128"", ""cifar10_c/contrast/3/04568"", ""cifar10_c/contrast/3/01432""]",True
/ceph/sagnihot/projects/Lorena_Contrastive_Representation_Arch/plots/diagnostics/followup_fixed_examples/cifar10/color_opponency/p20/shared_frontend/fog__3.pdf,6,/ceph/sagnihot/projects/Lorena_Contrastive_Representation_Arch/plots/diagnostics/followup_fixed_examples/cifar10/color_opponency/p20/shared_frontend/fog__3.png,/ceph/sagnihot/projects/Lorena_Contrastive_Representation_Arch/training_dense_testing_sparse/outputs/cases/cifar10/swin_tiny/color_opponency/trained_dense/infer_compact/p20/seed0/a60a0e9fe4746b2f1de5acfe016ab57ead37e515cb614b10f16a303d6125ec17/diagnostics/cells/fog__3.npz,"[""cifar10_c/fog/3/00689"", ""cifar10_c/fog/3/02620"", ""cifar10_c/fog/3/03322"", ""cifar10_c/fog/3/03835"", ""cifar10_c/fog/3/07322"", ""cifar10_c/fog/3/08776"", ""cifar10_c/fog/3/07791"", ""cifar10_c/fog/3/07128"", ""cifar10_c/fog/3/04568"", ""cifar10_c/fog/3/01432""]",True
/ceph/sagnihot/projects/Lorena_Contrastive_Representation_Arch/plots/diagnostics/followup_fixed_examples/cifar10/color_opponency/p30/shared_frontend/brightness__3.pdf,6,/ceph/sagnihot/projects/Lorena_Contrastive_Representation_Arch/plots/diagnostics/followup_fixed_examples/cifar10/color_opponency/p30/shared_frontend/brightness__3.png,/ceph/sagnihot/projects/Lorena_Contrastive_Representation_Arch/training_dense_testing_sparse/outputs/cases/cifar10/swin_tiny/color_opponency/trained_dense/infer_compact/p30/seed0/a43fe3c790290c1e7ebaa6f6347f11bafa20b24e9acb830098698d795d81ccea/diagnostics/cells/brightness__3.npz,"[""cifar10_c/brightness/3/00689"", ""cifar10_c/brightness/3/02620"", ""cifar10_c/brightness/3/03322"", ""cifar10_c/brightness/3/03835"", ""cifar10_c/brightness/3/07322"", ""cifar10_c/brightness/3/08776"", ""cifar10_c/brightness/3/07791"", ""cifar10_c/brightness/3/07128"", ""cifar10_c/brightness/3/04568"", ""cifar10_c/brightness/3/01432""]",True
/ceph/sagnihot/projects/Lorena_Contrastive_Representation_Arch/plots/diagnostics/followup_fixed_examples/cifar10/color_opponency/p30/shared_frontend/clean__test.pdf,6,/ceph/sagnihot/projects/Lorena_Contrastive_Representation_Arch/plots/diagnostics/followup_fixed_examples/cifar10/color_opponency/p30/shared_frontend/clean__test.png,/ceph/sagnihot/projects/Lorena_Contrastive_Representation_Arch/training_dense_testing_sparse/outputs/cases/cifar10/swin_tiny/color_opponency/trained_dense/infer_compact/p30/seed0/a43fe3c790290c1e7ebaa6f6347f11bafa20b24e9acb830098698d795d81ccea/diagnostics/cells/clean__test.npz,"[""cifar10/test/00689"", ""cifar10/test/02620"", ""cifar10/test/03322"", ""cifar10/test/03835"", ""cifar10/test/07322"", ""cifar10/test/08776"", ""cifar10/test/07791"", ""cifar10/test/07128"", ""cifar10/test/04568"", ""cifar10/test/01432""]",True
/ceph/sagnihot/projects/Lorena_Contrastive_Representation_Arch/plots/diagnostics/followup_fixed_examples/cifar10/color_opponency/p30/shared_frontend/contrast__3.pdf,6,/ceph/sagnihot/projects/Lorena_Contrastive_Representation_Arch/plots/diagnostics/followup_fixed_examples/cifar10/color_opponency/p30/shared_frontend/contrast__3.png,/ceph/sagnihot/projects/Lorena_Contrastive_Representation_Arch/training_dense_testing_sparse/outputs/cases/cifar10/swin_tiny/color_opponency/trained_dense/infer_compact/p30/seed0/a43fe3c790290c1e7ebaa6f6347f11bafa20b24e9acb830098698d795d81ccea/diagnostics/cells/contrast__3.npz,"[""cifar10_c/contrast/3/00689"", ""cifar10_c/contrast/3/02620"", ""cifar10_c/contrast/3/03322"", ""cifar10_c/contrast/3/03835"", ""cifar10_c/contrast/3/07322"", ""cifar10_c/contrast/3/08776"", ""cifar10_c/contrast/3/07791"", ""cifar10_c/contrast/3/07128"", ""cifar10_c/contrast/3/04568"", ""cifar10_c/contrast/3/01432""]",True
/ceph/sagnihot/projects/Lorena_Contrastive_Representation_Arch/plots/diagnostics/followup_fixed_examples/cifar10/color_opponency/p30/shared_frontend/fog__3.pdf,6,/ceph/sagnihot/projects/Lorena_Contrastive_Representation_Arch/plots/diagnostics/followup_fixed_examples/cifar10/color_opponency/p30/shared_frontend/fog__3.png,/ceph/sagnihot/projects/Lorena_Contrastive_Representation_Arch/training_dense_testing_sparse/outputs/cases/cifar10/swin_tiny/color_opponency/trained_dense/infer_compact/p30/seed0/a43fe3c790290c1e7ebaa6f6347f11bafa20b24e9acb830098698d795d81ccea/diagnostics/cells/fog__3.npz,"[""cifar10_c/fog/3/00689"", ""cifar10_c/fog/3/02620"", ""cifar10_c/fog/3/03322"", ""cifar10_c/fog/3/03835"", ""cifar10_c/fog/3/07322"", ""cifar10_c/fog/3/08776"", ""cifar10_c/fog/3/07791"", ""cifar10_c/fog/3/07128"", ""cifar10_c/fog/3/04568"", ""cifar10_c/fog/3/01432""]",True
/ceph/sagnihot/projects/Lorena_Contrastive_Representation_Arch/plots/diagnostics/followup_fixed_examples/cifar10/color_opponency/p40/shared_frontend/brightness__3.pdf,6,/ceph/sagnihot/projects/Lorena_Contrastive_Representation_Arch/plots/diagnostics/followup_fixed_examples/cifar10/color_opponency/p40/shared_frontend/brightness__3.png,/ceph/sagnihot/projects/Lorena_Contrastive_Representation_Arch/training_dense_testing_sparse/outputs/cases/cifar10/swin_tiny/color_opponency/trained_dense/infer_compact/p40/seed0/8a959b2f1ad713b5dfbb82a17149b40018811a7f759d92730a98b21b30e0af12/diagnostics/cells/brightness__3.npz,"[""cifar10_c/brightness/3/00689"", ""cifar10_c/brightness/3/02620"", ""cifar10_c/brightness/3/03322"", ""cifar10_c/brightness/3/03835"", ""cifar10_c/brightness/3/07322"", ""cifar10_c/brightness/3/08776"", ""cifar10_c/brightness/3/07791"", ""cifar10_c/brightness/3/07128"", ""cifar10_c/brightness/3/04568"", ""cifar10_c/brightness/3/01432""]",True
/ceph/sagnihot/projects/Lorena_Contrastive_Representation_Arch/plots/diagnostics/followup_fixed_examples/cifar10/color_opponency/p40/shared_frontend/clean__test.pdf,6,/ceph/sagnihot/projects/Lorena_Contrastive_Representation_Arch/plots/diagnostics/followup_fixed_examples/cifar10/color_opponency/p40/shared_frontend/clean__test.png,/ceph/sagnihot/projects/Lorena_Contrastive_Representation_Arch/training_dense_testing_sparse/outputs/cases/cifar10/swin_tiny/color_opponency/trained_dense/infer_compact/p40/seed0/8a959b2f1ad713b5dfbb82a17149b40018811a7f759d92730a98b21b30e0af12/diagnostics/cells/clean__test.npz,"[""cifar10/test/00689"", ""cifar10/test/02620"", ""cifar10/test/03322"", ""cifar10/test/03835"", ""cifar10/test/07322"", ""cifar10/test/08776"", ""cifar10/test/07791"", ""cifar10/test/07128"", ""cifar10/test/04568"", ""cifar10/test/01432""]",True
/ceph/sagnihot/projects/Lorena_Contrastive_Representation_Arch/plots/diagnostics/followup_fixed_examples/cifar10/color_opponency/p40/shared_frontend/contrast__3.pdf,6,/ceph/sagnihot/projects/Lorena_Contrastive_Representation_Arch/plots/diagnostics/followup_fixed_examples/cifar10/color_opponency/p40/shared_frontend/contrast__3.png,/ceph/sagnihot/projects/Lorena_Contrastive_Representation_Arch/training_dense_testing_sparse/outputs/cases/cifar10/swin_tiny/color_opponency/trained_dense/infer_compact/p40/seed0/8a959b2f1ad713b5dfbb82a17149b40018811a7f759d92730a98b21b30e0af12/diagnostics/cells/contrast__3.npz,"[""cifar10_c/contrast/3/00689"", ""cifar10_c/contrast/3/02620"", ""cifar10_c/contrast/3/03322"", ""cifar10_c/contrast/3/03835"", ""cifar10_c/contrast/3/07322"", ""cifar10_c/contrast/3/08776"", ""cifar10_c/contrast/3/07791"", ""cifar10_c/contrast/3/07128"", ""cifar10_c/contrast/3/04568"", ""cifar10_c/contrast/3/01432""]",True
/ceph/sagnihot/projects/Lorena_Contrastive_Representation_Arch/plots/diagnostics/followup_fixed_examples/cifar10/color_opponency/p40/shared_frontend/fog__3.pdf,6,/ceph/sagnihot/projects/Lorena_Contrastive_Representation_Arch/plots/diagnostics/followup_fixed_examples/cifar10/color_opponency/p40/shared_frontend/fog__3.png,/ceph/sagnihot/projects/Lorena_Contrastive_Representation_Arch/training_dense_testing_sparse/outputs/cases/cifar10/swin_tiny/color_opponency/trained_dense/infer_compact/p40/seed0/8a959b2f1ad713b5dfbb82a17149b40018811a7f759d92730a98b21b30e0af12/diagnostics/cells/fog__3.npz,"[""cifar10_c/fog/3/00689"", ""cifar10_c/fog/3/02620"", ""cifar10_c/fog/3/03322"", ""cifar10_c/fog/3/03835"", ""cifar10_c/fog/3/07322"", ""cifar10_c/fog/3/08776"", ""cifar10_c/fog/3/07791"", ""cifar10_c/fog/3/07128"", ""cifar10_c/fog/3/04568"", ""cifar10_c/fog/3/01432""]",True
/ceph/sagnihot/projects/Lorena_Contrastive_Representation_Arch/plots/diagnostics/followup_fixed_examples/cifar10/color_opponency/p50/shared_frontend/brightness__3.pdf,6,/ceph/sagnihot/projects/Lorena_Contrastive_Representation_Arch/plots/diagnostics/followup_fixed_examples/cifar10/color_opponency/p50/shared_frontend/brightness__3.png,/ceph/sagnihot/projects/Lorena_Contrastive_Representation_Arch/training_dense_testing_sparse/outputs/cases/cifar10/swin_tiny/color_opponency/trained_dense/infer_compact/p50/seed0/030ded632f5f7fc94a3303c17752aca6308ffbd3692990f8d3b326b51abad38e/diagnostics/cells/brightness__3.npz,"[""cifar10_c/brightness/3/00689"", ""cifar10_c/brightness/3/02620"", ""cifar10_c/brightness/3/03322"", ""cifar10_c/brightness/3/03835"", ""cifar10_c/brightness/3/07322"", ""cifar10_c/brightness/3/08776"", ""cifar10_c/brightness/3/07791"", ""cifar10_c/brightness/3/07128"", ""cifar10_c/brightness/3/04568"", ""cifar10_c/brightness/3/01432""]",True
/ceph/sagnihot/projects/Lorena_Contrastive_Representation_Arch/plots/diagnostics/followup_fixed_examples/cifar10/color_opponency/p50/shared_frontend/clean__test.pdf,6,/ceph/sagnihot/projects/Lorena_Contrastive_Representation_Arch/plots/diagnostics/followup_fixed_examples/cifar10/color_opponency/p50/shared_frontend/clean__test.png,/ceph/sagnihot/projects/Lorena_Contrastive_Representation_Arch/training_dense_testing_sparse/outputs/cases/cifar10/swin_tiny/color_opponency/trained_dense/infer_compact/p50/seed0/030ded632f5f7fc94a3303c17752aca6308ffbd3692990f8d3b326b51abad38e/diagnostics/cells/clean__test.npz,"[""cifar10/test/00689"", ""cifar10/test/02620"", ""cifar10/test/03322"", ""cifar10/test/03835"", ""cifar10/test/07322"", ""cifar10/test/08776"", ""cifar10/test/07791"", ""cifar10/test/07128"", ""cifar10/test/04568"", ""cifar10/test/01432""]",True
/ceph/sagnihot/projects/Lorena_Contrastive_Representation_Arch/plots/diagnostics/followup_fixed_examples/cifar10/color_opponency/p50/shared_frontend/contrast__3.pdf,6,/ceph/sagnihot/projects/Lorena_Contrastive_Representation_Arch/plots/diagnostics/followup_fixed_examples/cifar10/color_opponency/p50/shared_frontend/contrast__3.png,/ceph/sagnihot/projects/Lorena_Contrastive_Representation_Arch/training_dense_testing_sparse/outputs/cases/cifar10/swin_tiny/color_opponency/trained_dense/infer_compact/p50/seed0/030ded632f5f7fc94a3303c17752aca6308ffbd3692990f8d3b326b51abad38e/diagnostics/cells/contrast__3.npz,"[""cifar10_c/contrast/3/00689"", ""cifar10_c/contrast/3/02620"", ""cifar10_c/contrast/3/03322"", ""cifar10_c/contrast/3/03835"", ""cifar10_c/contrast/3/07322"", ""cifar10_c/contrast/3/08776"", ""cifar10_c/contrast/3/07791"", ""cifar10_c/contrast/3/07128"", ""cifar10_c/contrast/3/04568"", ""cifar10_c/contrast/3/01432""]",True
/ceph/sagnihot/projects/Lorena_Contrastive_Representation_Arch/plots/diagnostics/followup_fixed_examples/cifar10/color_opponency/p50/shared_frontend/fog__3.pdf,6,/ceph/sagnihot/projects/Lorena_Contrastive_Representation_Arch/plots/diagnostics/followup_fixed_examples/cifar10/color_opponency/p50/shared_frontend/fog__3.png,/ceph/sagnihot/projects/Lorena_Contrastive_Representation_Arch/training_dense_testing_sparse/outputs/cases/cifar10/swin_tiny/color_opponency/trained_dense/infer_compact/p50/seed0/030ded632f5f7fc94a3303c17752aca6308ffbd3692990f8d3b326b51abad38e/diagnostics/cells/fog__3.npz,"[""cifar10_c/fog/3/00689"", ""cifar10_c/fog/3/02620"", ""cifar10_c/fog/3/03322"", ""cifar10_c/fog/3/03835"", ""cifar10_c/fog/3/07322"", ""cifar10_c/fog/3/08776"", ""cifar10_c/fog/3/07791"", ""cifar10_c/fog/3/07128"", ""cifar10_c/fog/3/04568"", ""cifar10_c/fog/3/01432""]",True
/ceph/sagnihot/projects/Lorena_Contrastive_Representation_Arch/plots/diagnostics/followup_fixed_examples/cifar10/color_opponency/p60/shared_frontend/brightness__3.pdf,6,/ceph/sagnihot/projects/Lorena_Contrastive_Representation_Arch/plots/diagnostics/followup_fixed_examples/cifar10/color_opponency/p60/shared_frontend/brightness__3.png,/ceph/sagnihot/projects/Lorena_Contrastive_Representation_Arch/training_dense_testing_sparse/outputs/cases/cifar10/swin_tiny/color_opponency/trained_dense/infer_compact/p60/seed0/a8bbaf260b12a4ee306522d79ecf7bcd5ff611af94524774315a91204de0a313/diagnostics/cells/brightness__3.npz,"[""cifar10_c/brightness/3/00689"", ""cifar10_c/brightness/3/02620"", ""cifar10_c/brightness/3/03322"", ""cifar10_c/brightness/3/03835"", ""cifar10_c/brightness/3/07322"", ""cifar10_c/brightness/3/08776"", ""cifar10_c/brightness/3/07791"", ""cifar10_c/brightness/3/07128"", ""cifar10_c/brightness/3/04568"", ""cifar10_c/brightness/3/01432""]",True
/ceph/sagnihot/projects/Lorena_Contrastive_Representation_Arch/plots/diagnostics/followup_fixed_examples/cifar10/color_opponency/p60/shared_frontend/clean__test.pdf,6,/ceph/sagnihot/projects/Lorena_Contrastive_Representation_Arch/plots/diagnostics/followup_fixed_examples/cifar10/color_opponency/p60/shared_frontend/clean__test.png,/ceph/sagnihot/projects/Lorena_Contrastive_Representation_Arch/training_dense_testing_sparse/outputs/cases/cifar10/swin_tiny/color_opponency/trained_dense/infer_compact/p60/seed0/a8bbaf260b12a4ee306522d79ecf7bcd5ff611af94524774315a91204de0a313/diagnostics/cells/clean__test.npz,"[""cifar10/test/00689"", ""cifar10/test/02620"", ""cifar10/test/03322"", ""cifar10/test/03835"", ""cifar10/test/07322"", ""cifar10/test/08776"", ""cifar10/test/07791"", ""cifar10/test/07128"", ""cifar10/test/04568"", ""cifar10/test/01432""]",True
/ceph/sagnihot/projects/Lorena_Contrastive_Representation_Arch/plots/diagnostics/followup_fixed_examples/cifar10/color_opponency/p60/shared_frontend/contrast__3.pdf,6,/ceph/sagnihot/projects/Lorena_Contrastive_Representation_Arch/plots/diagnostics/followup_fixed_examples/cifar10/color_opponency/p60/shared_frontend/contrast__3.png,/ceph/sagnihot/projects/Lorena_Contrastive_Representation_Arch/training_dense_testing_sparse/outputs/cases/cifar10/swin_tiny/color_opponency/trained_dense/infer_compact/p60/seed0/a8bbaf260b12a4ee306522d79ecf7bcd5ff611af94524774315a91204de0a313/diagnostics/cells/contrast__3.npz,"[""cifar10_c/contrast/3/00689"", ""cifar10_c/contrast/3/02620"", ""cifar10_c/contrast/3/03322"", ""cifar10_c/contrast/3/03835"", ""cifar10_c/contrast/3/07322"", ""cifar10_c/contrast/3/08776"", ""cifar10_c/contrast/3/07791"", ""cifar10_c/contrast/3/07128"", ""cifar10_c/contrast/3/04568"", ""cifar10_c/contrast/3/01432""]",True
/ceph/sagnihot/projects/Lorena_Contrastive_Representation_Arch/plots/diagnostics/followup_fixed_examples/cifar10/color_opponency/p60/shared_frontend/fog__3.pdf,6,/ceph/sagnihot/projects/Lorena_Contrastive_Representation_Arch/plots/diagnostics/followup_fixed_examples/cifar10/color_opponency/p60/shared_frontend/fog__3.png,/ceph/sagnihot/projects/Lorena_Contrastive_Representation_Arch/training_dense_testing_sparse/outputs/cases/cifar10/swin_tiny/color_opponency/trained_dense/infer_compact/p60/seed0/a8bbaf260b12a4ee306522d79ecf7bcd5ff611af94524774315a91204de0a313/diagnostics/cells/fog__3.npz,"[""cifar10_c/fog/3/00689"", ""cifar10_c/fog/3/02620"", ""cifar10_c/fog/3/03322"", ""cifar10_c/fog/3/03835"", ""cifar10_c/fog/3/07322"", ""cifar10_c/fog/3/08776"", ""cifar10_c/fog/3/07791"", ""cifar10_c/fog/3/07128"", ""cifar10_c/fog/3/04568"", ""cifar10_c/fog/3/01432""]",True
/ceph/sagnihot/projects/Lorena_Contrastive_Representation_Arch/plots/diagnostics/followup_fixed_examples/cifar10/color_opponency/p70/shared_frontend/brightness__3.pdf,6,/ceph/sagnihot/projects/Lorena_Contrastive_Representation_Arch/plots/diagnostics/followup_fixed_examples/cifar10/color_opponency/p70/shared_frontend/brightness__3.png,/ceph/sagnihot/projects/Lorena_Contrastive_Representation_Arch/training_dense_testing_sparse/outputs/cases/cifar10/swin_tiny/color_opponency/trained_dense/infer_compact/p70/seed0/889186b6ec026f69d45818cc9de8c1adab18ee6039a2ae3112c329d3c0e84705/diagnostics/cells/brightness__3.npz,"[""cifar10_c/brightness/3/00689"", ""cifar10_c/brightness/3/02620"", ""cifar10_c/brightness/3/03322"", ""cifar10_c/brightness/3/03835"", ""cifar10_c/brightness/3/07322"", ""cifar10_c/brightness/3/08776"", ""cifar10_c/brightness/3/07791"", ""cifar10_c/brightness/3/07128"", ""cifar10_c/brightness/3/04568"", ""cifar10_c/brightness/3/01432""]",True
/ceph/sagnihot/projects/Lorena_Contrastive_Representation_Arch/plots/diagnostics/followup_fixed_examples/cifar10/color_opponency/p70/shared_frontend/clean__test.pdf,6,/ceph/sagnihot/projects/Lorena_Contrastive_Representation_Arch/plots/diagnostics/followup_fixed_examples/cifar10/color_opponency/p70/shared_frontend/clean__test.png,/ceph/sagnihot/projects/Lorena_Contrastive_Representation_Arch/training_dense_testing_sparse/outputs/cases/cifar10/swin_tiny/color_opponency/trained_dense/infer_compact/p70/seed0/889186b6ec026f69d45818cc9de8c1adab18ee6039a2ae3112c329d3c0e84705/diagnostics/cells/clean__test.npz,"[""cifar10/test/00689"", ""cifar10/test/02620"", ""cifar10/test/03322"", ""cifar10/test/03835"", ""cifar10/test/07322"", ""cifar10/test/08776"", ""cifar10/test/07791"", ""cifar10/test/07128"", ""cifar10/test/04568"", ""cifar10/test/01432""]",True
/ceph/sagnihot/projects/Lorena_Contrastive_Representation_Arch/plots/diagnostics/followup_fixed_examples/cifar10/color_opponency/p70/shared_frontend/contrast__3.pdf,6,/ceph/sagnihot/projects/Lorena_Contrastive_Representation_Arch/plots/diagnostics/followup_fixed_examples/cifar10/color_opponency/p70/shared_frontend/contrast__3.png,/ceph/sagnihot/projects/Lorena_Contrastive_Representation_Arch/training_dense_testing_sparse/outputs/cases/cifar10/swin_tiny/color_opponency/trained_dense/infer_compact/p70/seed0/889186b6ec026f69d45818cc9de8c1adab18ee6039a2ae3112c329d3c0e84705/diagnostics/cells/contrast__3.npz,"[""cifar10_c/contrast/3/00689"", ""cifar10_c/contrast/3/02620"", ""cifar10_c/contrast/3/03322"", ""cifar10_c/contrast/3/03835"", ""cifar10_c/contrast/3/07322"", ""cifar10_c/contrast/3/08776"", ""cifar10_c/contrast/3/07791"", ""cifar10_c/contrast/3/07128"", ""cifar10_c/contrast/3/04568"", ""cifar10_c/contrast/3/01432""]",True
/ceph/sagnihot/projects/Lorena_Contrastive_Representation_Arch/plots/diagnostics/followup_fixed_examples/cifar10/color_opponency/p70/shared_frontend/fog__3.pdf,6,/ceph/sagnihot/projects/Lorena_Contrastive_Representation_Arch/plots/diagnostics/followup_fixed_examples/cifar10/color_opponency/p70/shared_frontend/fog__3.png,/ceph/sagnihot/projects/Lorena_Contrastive_Representation_Arch/training_dense_testing_sparse/outputs/cases/cifar10/swin_tiny/color_opponency/trained_dense/infer_compact/p70/seed0/889186b6ec026f69d45818cc9de8c1adab18ee6039a2ae3112c329d3c0e84705/diagnostics/cells/fog__3.npz,"[""cifar10_c/fog/3/00689"", ""cifar10_c/fog/3/02620"", ""cifar10_c/fog/3/03322"", ""cifar10_c/fog/3/03835"", ""cifar10_c/fog/3/07322"", ""cifar10_c/fog/3/08776"", ""cifar10_c/fog/3/07791"", ""cifar10_c/fog/3/07128"", ""cifar10_c/fog/3/04568"", ""cifar10_c/fog/3/01432""]",True
/ceph/sagnihot/projects/Lorena_Contrastive_Representation_Arch/plots/diagnostics/followup_fixed_examples/cifar10/color_opponency/p80/shared_frontend/brightness__3.pdf,6,/ceph/sagnihot/projects/Lorena_Contrastive_Representation_Arch/plots/diagnostics/followup_fixed_examples/cifar10/color_opponency/p80/shared_frontend/brightness__3.png,/ceph/sagnihot/projects/Lorena_Contrastive_Representation_Arch/training_dense_testing_sparse/outputs/cases/cifar10/swin_tiny/color_opponency/trained_dense/infer_compact/p80/seed0/50751e659f77590b1c63c2a9a53a2f43f55782c871b9fd2db2e5c2f3bb8b30cb/diagnostics/cells/brightness__3.npz,"[""cifar10_c/brightness/3/00689"", ""cifar10_c/brightness/3/02620"", ""cifar10_c/brightness/3/03322"", ""cifar10_c/brightness/3/03835"", ""cifar10_c/brightness/3/07322"", ""cifar10_c/brightness/3/08776"", ""cifar10_c/brightness/3/07791"", ""cifar10_c/brightness/3/07128"", ""cifar10_c/brightness/3/04568"", ""cifar10_c/brightness/3/01432""]",True
/ceph/sagnihot/projects/Lorena_Contrastive_Representation_Arch/plots/diagnostics/followup_fixed_examples/cifar10/color_opponency/p80/shared_frontend/clean__test.pdf,6,/ceph/sagnihot/projects/Lorena_Contrastive_Representation_Arch/plots/diagnostics/followup_fixed_examples/cifar10/color_opponency/p80/shared_frontend/clean__test.png,/ceph/sagnihot/projects/Lorena_Contrastive_Representation_Arch/training_dense_testing_sparse/outputs/cases/cifar10/swin_tiny/color_opponency/trained_dense/infer_compact/p80/seed0/50751e659f77590b1c63c2a9a53a2f43f55782c871b9fd2db2e5c2f3bb8b30cb/diagnostics/cells/clean__test.npz,"[""cifar10/test/00689"", ""cifar10/test/02620"", ""cifar10/test/03322"", ""cifar10/test/03835"", ""cifar10/test/07322"", ""cifar10/test/08776"", ""cifar10/test/07791"", ""cifar10/test/07128"", ""cifar10/test/04568"", ""cifar10/test/01432""]",True
/ceph/sagnihot/projects/Lorena_Contrastive_Representation_Arch/plots/diagnostics/followup_fixed_examples/cifar10/color_opponency/p80/shared_frontend/contrast__3.pdf,6,/ceph/sagnihot/projects/Lorena_Contrastive_Representation_Arch/plots/diagnostics/followup_fixed_examples/cifar10/color_opponency/p80/shared_frontend/contrast__3.png,/ceph/sagnihot/projects/Lorena_Contrastive_Representation_Arch/training_dense_testing_sparse/outputs/cases/cifar10/swin_tiny/color_opponency/trained_dense/infer_compact/p80/seed0/50751e659f77590b1c63c2a9a53a2f43f55782c871b9fd2db2e5c2f3bb8b30cb/diagnostics/cells/contrast__3.npz,"[""cifar10_c/contrast/3/00689"", ""cifar10_c/contrast/3/02620"", ""cifar10_c/contrast/3/03322"", ""cifar10_c/contrast/3/03835"", ""cifar10_c/contrast/3/07322"", ""cifar10_c/contrast/3/08776"", ""cifar10_c/contrast/3/07791"", ""cifar10_c/contrast/3/07128"", ""cifar10_c/contrast/3/04568"", ""cifar10_c/contrast/3/01432""]",True
/ceph/sagnihot/projects/Lorena_Contrastive_Representation_Arch/plots/diagnostics/followup_fixed_examples/cifar10/color_opponency/p80/shared_frontend/fog__3.pdf,6,/ceph/sagnihot/projects/Lorena_Contrastive_Representation_Arch/plots/diagnostics/followup_fixed_examples/cifar10/color_opponency/p80/shared_frontend/fog__3.png,/ceph/sagnihot/projects/Lorena_Contrastive_Representation_Arch/training_dense_testing_sparse/outputs/cases/cifar10/swin_tiny/color_opponency/trained_dense/infer_compact/p80/seed0/50751e659f77590b1c63c2a9a53a2f43f55782c871b9fd2db2e5c2f3bb8b30cb/diagnostics/cells/fog__3.npz,"[""cifar10_c/fog/3/00689"", ""cifar10_c/fog/3/02620"", ""cifar10_c/fog/3/03322"", ""cifar10_c/fog/3/03835"", ""cifar10_c/fog/3/07322"", ""cifar10_c/fog/3/08776"", ""cifar10_c/fog/3/07791"", ""cifar10_c/fog/3/07128"", ""cifar10_c/fog/3/04568"", ""cifar10_c/fog/3/01432""]",True
/ceph/sagnihot/projects/Lorena_Contrastive_Representation_Arch/plots/diagnostics/followup_fixed_examples/cifar10/color_opponency/p90/shared_frontend/brightness__3.pdf,6,/ceph/sagnihot/projects/Lorena_Contrastive_Representation_Arch/plots/diagnostics/followup_fixed_examples/cifar10/color_opponency/p90/shared_frontend/brightness__3.png,/ceph/sagnihot/projects/Lorena_Contrastive_Representation_Arch/training_dense_testing_sparse/outputs/cases/cifar10/swin_tiny/color_opponency/trained_dense/infer_compact/p90/seed0/ab016b29673b3d78050272e85b65d4e3786b0e5b00cb2014b390de843d20f816/diagnostics/cells/brightness__3.npz,"[""cifar10_c/brightness/3/00689"", ""cifar10_c/brightness/3/02620"", ""cifar10_c/brightness/3/03322"", ""cifar10_c/brightness/3/03835"", ""cifar10_c/brightness/3/07322"", ""cifar10_c/brightness/3/08776"", ""cifar10_c/brightness/3/07791"", ""cifar10_c/brightness/3/07128"", ""cifar10_c/brightness/3/04568"", ""cifar10_c/brightness/3/01432""]",True
/ceph/sagnihot/projects/Lorena_Contrastive_Representation_Arch/plots/diagnostics/followup_fixed_examples/cifar10/color_opponency/p90/shared_frontend/clean__test.pdf,6,/ceph/sagnihot/projects/Lorena_Contrastive_Representation_Arch/plots/diagnostics/followup_fixed_examples/cifar10/color_opponency/p90/shared_frontend/clean__test.png,/ceph/sagnihot/projects/Lorena_Contrastive_Representation_Arch/training_dense_testing_sparse/outputs/cases/cifar10/swin_tiny/color_opponency/trained_dense/infer_compact/p90/seed0/ab016b29673b3d78050272e85b65d4e3786b0e5b00cb2014b390de843d20f816/diagnostics/cells/clean__test.npz,"[""cifar10/test/00689"", ""cifar10/test/02620"", ""cifar10/test/03322"", ""cifar10/test/03835"", ""cifar10/test/07322"", ""cifar10/test/08776"", ""cifar10/test/07791"", ""cifar10/test/07128"", ""cifar10/test/04568"", ""cifar10/test/01432""]",True
/ceph/sagnihot/projects/Lorena_Contrastive_Representation_Arch/plots/diagnostics/followup_fixed_examples/cifar10/color_opponency/p90/shared_frontend/contrast__3.pdf,6,/ceph/sagnihot/projects/Lorena_Contrastive_Representation_Arch/plots/diagnostics/followup_fixed_examples/cifar10/color_opponency/p90/shared_frontend/contrast__3.png,/ceph/sagnihot/projects/Lorena_Contrastive_Representation_Arch/training_dense_testing_sparse/outputs/cases/cifar10/swin_tiny/color_opponency/trained_dense/infer_compact/p90/seed0/ab016b29673b3d78050272e85b65d4e3786b0e5b00cb2014b390de843d20f816/diagnostics/cells/contrast__3.npz,"[""cifar10_c/contrast/3/00689"", ""cifar10_c/contrast/3/02620"", ""cifar10_c/contrast/3/03322"", ""cifar10_c/contrast/3/03835"", ""cifar10_c/contrast/3/07322"", ""cifar10_c/contrast/3/08776"", ""cifar10_c/contrast/3/07791"", ""cifar10_c/contrast/3/07128"", ""cifar10_c/contrast/3/04568"", ""cifar10_c/contrast/3/01432""]",True
/ceph/sagnihot/projects/Lorena_Contrastive_Representation_Arch/plots/diagnostics/followup_fixed_examples/cifar10/color_opponency/p90/shared_frontend/fog__3.pdf,6,/ceph/sagnihot/projects/Lorena_Contrastive_Representation_Arch/plots/diagnostics/followup_fixed_examples/cifar10/color_opponency/p90/shared_frontend/fog__3.png,/ceph/sagnihot/projects/Lorena_Contrastive_Representation_Arch/training_dense_testing_sparse/outputs/cases/cifar10/swin_tiny/color_opponency/trained_dense/infer_compact/p90/seed0/ab016b29673b3d78050272e85b65d4e3786b0e5b00cb2014b390de843d20f816/diagnostics/cells/fog__3.npz,"[""cifar10_c/fog/3/00689"", ""cifar10_c/fog/3/02620"", ""cifar10_c/fog/3/03322"", ""cifar10_c/fog/3/03835"", ""cifar10_c/fog/3/07322"", ""cifar10_c/fog/3/08776"", ""cifar10_c/fog/3/07791"", ""cifar10_c/fog/3/07128"", ""cifar10_c/fog/3/04568"", ""cifar10_c/fog/3/01432""]",True
/ceph/sagnihot/projects/Lorena_Contrastive_Representation_Arch/plots/diagnostics/followup_fixed_examples/cifar10/grayscale/p0/shared_frontend/brightness__3.pdf,2,/ceph/sagnihot/projects/Lorena_Contrastive_Representation_Arch/plots/diagnostics/followup_fixed_examples/cifar10/grayscale/p0/shared_frontend/brightness__3.png,/ceph/sagnihot/projects/Lorena_Contrastive_Representation_Arch/training_dense_testing_sparse/outputs/cases/cifar10/swin_tiny/grayscale/trained_dense/infer_compact/p0/seed0/a64be3683e0a44bff054950efd71ba1e801c5fabe5648a34f075f68e76b694bc/diagnostics/cells/brightness__3.npz,"[""cifar10_c/brightness/3/00689"", ""cifar10_c/brightness/3/02620"", ""cifar10_c/brightness/3/03322"", ""cifar10_c/brightness/3/03835"", ""cifar10_c/brightness/3/07322"", ""cifar10_c/brightness/3/08776"", ""cifar10_c/brightness/3/07791"", ""cifar10_c/brightness/3/07128"", ""cifar10_c/brightness/3/04568"", ""cifar10_c/brightness/3/01432""]",True
/ceph/sagnihot/projects/Lorena_Contrastive_Representation_Arch/plots/diagnostics/followup_fixed_examples/cifar10/grayscale/p0/shared_frontend/clean__test.pdf,2,/ceph/sagnihot/projects/Lorena_Contrastive_Representation_Arch/plots/diagnostics/followup_fixed_examples/cifar10/grayscale/p0/shared_frontend/clean__test.png,/ceph/sagnihot/projects/Lorena_Contrastive_Representation_Arch/training_dense_testing_sparse/outputs/cases/cifar10/swin_tiny/grayscale/trained_dense/infer_compact/p0/seed0/a64be3683e0a44bff054950efd71ba1e801c5fabe5648a34f075f68e76b694bc/diagnostics/cells/clean__test.npz,"[""cifar10/test/00689"", ""cifar10/test/02620"", ""cifar10/test/03322"", ""cifar10/test/03835"", ""cifar10/test/07322"", ""cifar10/test/08776"", ""cifar10/test/07791"", ""cifar10/test/07128"", ""cifar10/test/04568"", ""cifar10/test/01432""]",True
/ceph/sagnihot/projects/Lorena_Contrastive_Representation_Arch/plots/diagnostics/followup_fixed_examples/cifar10/grayscale/p0/shared_frontend/contrast__3.pdf,2,/ceph/sagnihot/projects/Lorena_Contrastive_Representation_Arch/plots/diagnostics/followup_fixed_examples/cifar10/grayscale/p0/shared_frontend/contrast__3.png,/ceph/sagnihot/projects/Lorena_Contrastive_Representation_Arch/training_dense_testing_sparse/outputs/cases/cifar10/swin_tiny/grayscale/trained_dense/infer_compact/p0/seed0/a64be3683e0a44bff054950efd71ba1e801c5fabe5648a34f075f68e76b694bc/diagnostics/cells/contrast__3.npz,"[""cifar10_c/contrast/3/00689"", ""cifar10_c/contrast/3/02620"", ""cifar10_c/contrast/3/03322"", ""cifar10_c/contrast/3/03835"", ""cifar10_c/contrast/3/07322"", ""cifar10_c/contrast/3/08776"", ""cifar10_c/contrast/3/07791"", ""cifar10_c/contrast/3/07128"", ""cifar10_c/contrast/3/04568"", ""cifar10_c/contrast/3/01432""]",True
/ceph/sagnihot/projects/Lorena_Contrastive_Representation_Arch/plots/diagnostics/followup_fixed_examples/cifar10/grayscale/p0/shared_frontend/fog__3.pdf,2,/ceph/sagnihot/projects/Lorena_Contrastive_Representation_Arch/plots/diagnostics/followup_fixed_examples/cifar10/grayscale/p0/shared_frontend/fog__3.png,/ceph/sagnihot/projects/Lorena_Contrastive_Representation_Arch/training_dense_testing_sparse/outputs/cases/cifar10/swin_tiny/grayscale/trained_dense/infer_compact/p0/seed0/a64be3683e0a44bff054950efd71ba1e801c5fabe5648a34f075f68e76b694bc/diagnostics/cells/fog__3.npz,"[""cifar10_c/fog/3/00689"", ""cifar10_c/fog/3/02620"", ""cifar10_c/fog/3/03322"", ""cifar10_c/fog/3/03835"", ""cifar10_c/fog/3/07322"", ""cifar10_c/fog/3/08776"", ""cifar10_c/fog/3/07791"", ""cifar10_c/fog/3/07128"", ""cifar10_c/fog/3/04568"", ""cifar10_c/fog/3/01432""]",True
/ceph/sagnihot/projects/Lorena_Contrastive_Representation_Arch/plots/diagnostics/followup_fixed_examples/cifar10/grayscale/p10/shared_frontend/brightness__3.pdf,2,/ceph/sagnihot/projects/Lorena_Contrastive_Representation_Arch/plots/diagnostics/followup_fixed_examples/cifar10/grayscale/p10/shared_frontend/brightness__3.png,/ceph/sagnihot/projects/Lorena_Contrastive_Representation_Arch/training_dense_testing_sparse/outputs/cases/cifar10/swin_tiny/grayscale/trained_dense/infer_compact/p10/seed0/73f52b5fbe6a3b6cc1ad72f430cb65a9ccfdba3f694eedd6a0a3a1c508cea269/diagnostics/cells/brightness__3.npz,"[""cifar10_c/brightness/3/00689"", ""cifar10_c/brightness/3/02620"", ""cifar10_c/brightness/3/03322"", ""cifar10_c/brightness/3/03835"", ""cifar10_c/brightness/3/07322"", ""cifar10_c/brightness/3/08776"", ""cifar10_c/brightness/3/07791"", ""cifar10_c/brightness/3/07128"", ""cifar10_c/brightness/3/04568"", ""cifar10_c/brightness/3/01432""]",True
/ceph/sagnihot/projects/Lorena_Contrastive_Representation_Arch/plots/diagnostics/followup_fixed_examples/cifar10/grayscale/p10/shared_frontend/clean__test.pdf,2,/ceph/sagnihot/projects/Lorena_Contrastive_Representation_Arch/plots/diagnostics/followup_fixed_examples/cifar10/grayscale/p10/shared_frontend/clean__test.png,/ceph/sagnihot/projects/Lorena_Contrastive_Representation_Arch/training_dense_testing_sparse/outputs/cases/cifar10/swin_tiny/grayscale/trained_dense/infer_compact/p10/seed0/73f52b5fbe6a3b6cc1ad72f430cb65a9ccfdba3f694eedd6a0a3a1c508cea269/diagnostics/cells/clean__test.npz,"[""cifar10/test/00689"", ""cifar10/test/02620"", ""cifar10/test/03322"", ""cifar10/test/03835"", ""cifar10/test/07322"", ""cifar10/test/08776"", ""cifar10/test/07791"", ""cifar10/test/07128"", ""cifar10/test/04568"", ""cifar10/test/01432""]",True
/ceph/sagnihot/projects/Lorena_Contrastive_Representation_Arch/plots/diagnostics/followup_fixed_examples/cifar10/grayscale/p10/shared_frontend/contrast__3.pdf,2,/ceph/sagnihot/projects/Lorena_Contrastive_Representation_Arch/plots/diagnostics/followup_fixed_examples/cifar10/grayscale/p10/shared_frontend/contrast__3.png,/ceph/sagnihot/projects/Lorena_Contrastive_Representation_Arch/training_dense_testing_sparse/outputs/cases/cifar10/swin_tiny/grayscale/trained_dense/infer_compact/p10/seed0/73f52b5fbe6a3b6cc1ad72f430cb65a9ccfdba3f694eedd6a0a3a1c508cea269/diagnostics/cells/contrast__3.npz,"[""cifar10_c/contrast/3/00689"", ""cifar10_c/contrast/3/02620"", ""cifar10_c/contrast/3/03322"", ""cifar10_c/contrast/3/03835"", ""cifar10_c/contrast/3/07322"", ""cifar10_c/contrast/3/08776"", ""cifar10_c/contrast/3/07791"", ""cifar10_c/contrast/3/07128"", ""cifar10_c/contrast/3/04568"", ""cifar10_c/contrast/3/01432""]",True
/ceph/sagnihot/projects/Lorena_Contrastive_Representation_Arch/plots/diagnostics/followup_fixed_examples/cifar10/grayscale/p10/shared_frontend/fog__3.pdf,2,/ceph/sagnihot/projects/Lorena_Contrastive_Representation_Arch/plots/diagnostics/followup_fixed_examples/cifar10/grayscale/p10/shared_frontend/fog__3.png,/ceph/sagnihot/projects/Lorena_Contrastive_Representation_Arch/training_dense_testing_sparse/outputs/cases/cifar10/swin_tiny/grayscale/trained_dense/infer_compact/p10/seed0/73f52b5fbe6a3b6cc1ad72f430cb65a9ccfdba3f694eedd6a0a3a1c508cea269/diagnostics/cells/fog__3.npz,"[""cifar10_c/fog/3/00689"", ""cifar10_c/fog/3/02620"", ""cifar10_c/fog/3/03322"", ""cifar10_c/fog/3/03835"", ""cifar10_c/fog/3/07322"", ""cifar10_c/fog/3/08776"", ""cifar10_c/fog/3/07791"", ""cifar10_c/fog/3/07128"", ""cifar10_c/fog/3/04568"", ""cifar10_c/fog/3/01432""]",True
/ceph/sagnihot/projects/Lorena_Contrastive_Representation_Arch/plots/diagnostics/followup_fixed_examples/cifar10/grayscale/p20/shared_frontend/brightness__3.pdf,2,/ceph/sagnihot/projects/Lorena_Contrastive_Representation_Arch/plots/diagnostics/followup_fixed_examples/cifar10/grayscale/p20/shared_frontend/brightness__3.png,/ceph/sagnihot/projects/Lorena_Contrastive_Representation_Arch/training_dense_testing_sparse/outputs/cases/cifar10/swin_tiny/grayscale/trained_dense/infer_compact/p20/seed0/7ba783d08ff6e1128c4b29ee0ec7cfb2ecf158a23f09cad8b1a48d2dccb5d445/diagnostics/cells/brightness__3.npz,"[""cifar10_c/brightness/3/00689"", ""cifar10_c/brightness/3/02620"", ""cifar10_c/brightness/3/03322"", ""cifar10_c/brightness/3/03835"", ""cifar10_c/brightness/3/07322"", ""cifar10_c/brightness/3/08776"", ""cifar10_c/brightness/3/07791"", ""cifar10_c/brightness/3/07128"", ""cifar10_c/brightness/3/04568"", ""cifar10_c/brightness/3/01432""]",True
/ceph/sagnihot/projects/Lorena_Contrastive_Representation_Arch/plots/diagnostics/followup_fixed_examples/cifar10/grayscale/p20/shared_frontend/clean__test.pdf,2,/ceph/sagnihot/projects/Lorena_Contrastive_Representation_Arch/plots/diagnostics/followup_fixed_examples/cifar10/grayscale/p20/shared_frontend/clean__test.png,/ceph/sagnihot/projects/Lorena_Contrastive_Representation_Arch/training_dense_testing_sparse/outputs/cases/cifar10/swin_tiny/grayscale/trained_dense/infer_compact/p20/seed0/7ba783d08ff6e1128c4b29ee0ec7cfb2ecf158a23f09cad8b1a48d2dccb5d445/diagnostics/cells/clean__test.npz,"[""cifar10/test/00689"", ""cifar10/test/02620"", ""cifar10/test/03322"", ""cifar10/test/03835"", ""cifar10/test/07322"", ""cifar10/test/08776"", ""cifar10/test/07791"", ""cifar10/test/07128"", ""cifar10/test/04568"", ""cifar10/test/01432""]",True
/ceph/sagnihot/projects/Lorena_Contrastive_Representation_Arch/plots/diagnostics/followup_fixed_examples/cifar10/grayscale/p20/shared_frontend/contrast__3.pdf,2,/ceph/sagnihot/projects/Lorena_Contrastive_Representation_Arch/plots/diagnostics/followup_fixed_examples/cifar10/grayscale/p20/shared_frontend/contrast__3.png,/ceph/sagnihot/projects/Lorena_Contrastive_Representation_Arch/training_dense_testing_sparse/outputs/cases/cifar10/swin_tiny/grayscale/trained_dense/infer_compact/p20/seed0/7ba783d08ff6e1128c4b29ee0ec7cfb2ecf158a23f09cad8b1a48d2dccb5d445/diagnostics/cells/contrast__3.npz,"[""cifar10_c/contrast/3/00689"", ""cifar10_c/contrast/3/02620"", ""cifar10_c/contrast/3/03322"", ""cifar10_c/contrast/3/03835"", ""cifar10_c/contrast/3/07322"", ""cifar10_c/contrast/3/08776"", ""cifar10_c/contrast/3/07791"", ""cifar10_c/contrast/3/07128"", ""cifar10_c/contrast/3/04568"", ""cifar10_c/contrast/3/01432""]",True
/ceph/sagnihot/projects/Lorena_Contrastive_Representation_Arch/plots/diagnostics/followup_fixed_examples/cifar10/grayscale/p20/shared_frontend/fog__3.pdf,2,/ceph/sagnihot/projects/Lorena_Contrastive_Representation_Arch/plots/diagnostics/followup_fixed_examples/cifar10/grayscale/p20/shared_frontend/fog__3.png,/ceph/sagnihot/projects/Lorena_Contrastive_Representation_Arch/training_dense_testing_sparse/outputs/cases/cifar10/swin_tiny/grayscale/trained_dense/infer_compact/p20/seed0/7ba783d08ff6e1128c4b29ee0ec7cfb2ecf158a23f09cad8b1a48d2dccb5d445/diagnostics/cells/fog__3.npz,"[""cifar10_c/fog/3/00689"", ""cifar10_c/fog/3/02620"", ""cifar10_c/fog/3/03322"", ""cifar10_c/fog/3/03835"", ""cifar10_c/fog/3/07322"", ""cifar10_c/fog/3/08776"", ""cifar10_c/fog/3/07791"", ""cifar10_c/fog/3/07128"", ""cifar10_c/fog/3/04568"", ""cifar10_c/fog/3/01432""]",True
/ceph/sagnihot/projects/Lorena_Contrastive_Representation_Arch/plots/diagnostics/followup_fixed_examples/cifar10/grayscale/p30/shared_frontend/brightness__3.pdf,2,/ceph/sagnihot/projects/Lorena_Contrastive_Representation_Arch/plots/diagnostics/followup_fixed_examples/cifar10/grayscale/p30/shared_frontend/brightness__3.png,/ceph/sagnihot/projects/Lorena_Contrastive_Representation_Arch/training_dense_testing_sparse/outputs/cases/cifar10/swin_tiny/grayscale/trained_dense/infer_compact/p30/seed0/22311c1019d6ee667a4d8c51252fc03d8a62c7cf2f599744b28f9a2d0d8b33e7/diagnostics/cells/brightness__3.npz,"[""cifar10_c/brightness/3/00689"", ""cifar10_c/brightness/3/02620"", ""cifar10_c/brightness/3/03322"", ""cifar10_c/brightness/3/03835"", ""cifar10_c/brightness/3/07322"", ""cifar10_c/brightness/3/08776"", ""cifar10_c/brightness/3/07791"", ""cifar10_c/brightness/3/07128"", ""cifar10_c/brightness/3/04568"", ""cifar10_c/brightness/3/01432""]",True
/ceph/sagnihot/projects/Lorena_Contrastive_Representation_Arch/plots/diagnostics/followup_fixed_examples/cifar10/grayscale/p30/shared_frontend/clean__test.pdf,2,/ceph/sagnihot/projects/Lorena_Contrastive_Representation_Arch/plots/diagnostics/followup_fixed_examples/cifar10/grayscale/p30/shared_frontend/clean__test.png,/ceph/sagnihot/projects/Lorena_Contrastive_Representation_Arch/training_dense_testing_sparse/outputs/cases/cifar10/swin_tiny/grayscale/trained_dense/infer_compact/p30/seed0/22311c1019d6ee667a4d8c51252fc03d8a62c7cf2f599744b28f9a2d0d8b33e7/diagnostics/cells/clean__test.npz,"[""cifar10/test/00689"", ""cifar10/test/02620"", ""cifar10/test/03322"", ""cifar10/test/03835"", ""cifar10/test/07322"", ""cifar10/test/08776"", ""cifar10/test/07791"", ""cifar10/test/07128"", ""cifar10/test/04568"", ""cifar10/test/01432""]",True
/ceph/sagnihot/projects/Lorena_Contrastive_Representation_Arch/plots/diagnostics/followup_fixed_examples/cifar10/grayscale/p30/shared_frontend/contrast__3.pdf,2,/ceph/sagnihot/projects/Lorena_Contrastive_Representation_Arch/plots/diagnostics/followup_fixed_examples/cifar10/grayscale/p30/shared_frontend/contrast__3.png,/ceph/sagnihot/projects/Lorena_Contrastive_Representation_Arch/training_dense_testing_sparse/outputs/cases/cifar10/swin_tiny/grayscale/trained_dense/infer_compact/p30/seed0/22311c1019d6ee667a4d8c51252fc03d8a62c7cf2f599744b28f9a2d0d8b33e7/diagnostics/cells/contrast__3.npz,"[""cifar10_c/contrast/3/00689"", ""cifar10_c/contrast/3/02620"", ""cifar10_c/contrast/3/03322"", ""cifar10_c/contrast/3/03835"", ""cifar10_c/contrast/3/07322"", ""cifar10_c/contrast/3/08776"", ""cifar10_c/contrast/3/07791"", ""cifar10_c/contrast/3/07128"", ""cifar10_c/contrast/3/04568"", ""cifar10_c/contrast/3/01432""]",True
/ceph/sagnihot/projects/Lorena_Contrastive_Representation_Arch/plots/diagnostics/followup_fixed_examples/cifar10/grayscale/p30/shared_frontend/fog__3.pdf,2,/ceph/sagnihot/projects/Lorena_Contrastive_Representation_Arch/plots/diagnostics/followup_fixed_examples/cifar10/grayscale/p30/shared_frontend/fog__3.png,/ceph/sagnihot/projects/Lorena_Contrastive_Representation_Arch/training_dense_testing_sparse/outputs/cases/cifar10/swin_tiny/grayscale/trained_dense/infer_compact/p30/seed0/22311c1019d6ee667a4d8c51252fc03d8a62c7cf2f599744b28f9a2d0d8b33e7/diagnostics/cells/fog__3.npz,"[""cifar10_c/fog/3/00689"", ""cifar10_c/fog/3/02620"", ""cifar10_c/fog/3/03322"", ""cifar10_c/fog/3/03835"", ""cifar10_c/fog/3/07322"", ""cifar10_c/fog/3/08776"", ""cifar10_c/fog/3/07791"", ""cifar10_c/fog/3/07128"", ""cifar10_c/fog/3/04568"", ""cifar10_c/fog/3/01432""]",True
/ceph/sagnihot/projects/Lorena_Contrastive_Representation_Arch/plots/diagnostics/followup_fixed_examples/cifar10/grayscale/p40/shared_frontend/brightness__3.pdf,2,/ceph/sagnihot/projects/Lorena_Contrastive_Representation_Arch/plots/diagnostics/followup_fixed_examples/cifar10/grayscale/p40/shared_frontend/brightness__3.png,/ceph/sagnihot/projects/Lorena_Contrastive_Representation_Arch/training_dense_testing_sparse/outputs/cases/cifar10/swin_tiny/grayscale/trained_dense/infer_compact/p40/seed0/f9eda84a06426ba61c70a9f5046c0bdf4718b257b4910fee4abfac6191a51f0c/diagnostics/cells/brightness__3.npz,"[""cifar10_c/brightness/3/00689"", ""cifar10_c/brightness/3/02620"", ""cifar10_c/brightness/3/03322"", ""cifar10_c/brightness/3/03835"", ""cifar10_c/brightness/3/07322"", ""cifar10_c/brightness/3/08776"", ""cifar10_c/brightness/3/07791"", ""cifar10_c/brightness/3/07128"", ""cifar10_c/brightness/3/04568"", ""cifar10_c/brightness/3/01432""]",True
/ceph/sagnihot/projects/Lorena_Contrastive_Representation_Arch/plots/diagnostics/followup_fixed_examples/cifar10/grayscale/p40/shared_frontend/clean__test.pdf,2,/ceph/sagnihot/projects/Lorena_Contrastive_Representation_Arch/plots/diagnostics/followup_fixed_examples/cifar10/grayscale/p40/shared_frontend/clean__test.png,/ceph/sagnihot/projects/Lorena_Contrastive_Representation_Arch/training_dense_testing_sparse/outputs/cases/cifar10/swin_tiny/grayscale/trained_dense/infer_compact/p40/seed0/f9eda84a06426ba61c70a9f5046c0bdf4718b257b4910fee4abfac6191a51f0c/diagnostics/cells/clean__test.npz,"[""cifar10/test/00689"", ""cifar10/test/02620"", ""cifar10/test/03322"", ""cifar10/test/03835"", ""cifar10/test/07322"", ""cifar10/test/08776"", ""cifar10/test/07791"", ""cifar10/test/07128"", ""cifar10/test/04568"", ""cifar10/test/01432""]",True
/ceph/sagnihot/projects/Lorena_Contrastive_Representation_Arch/plots/diagnostics/followup_fixed_examples/cifar10/grayscale/p40/shared_frontend/contrast__3.pdf,2,/ceph/sagnihot/projects/Lorena_Contrastive_Representation_Arch/plots/diagnostics/followup_fixed_examples/cifar10/grayscale/p40/shared_frontend/contrast__3.png,/ceph/sagnihot/projects/Lorena_Contrastive_Representation_Arch/training_dense_testing_sparse/outputs/cases/cifar10/swin_tiny/grayscale/trained_dense/infer_compact/p40/seed0/f9eda84a06426ba61c70a9f5046c0bdf4718b257b4910fee4abfac6191a51f0c/diagnostics/cells/contrast__3.npz,"[""cifar10_c/contrast/3/00689"", ""cifar10_c/contrast/3/02620"", ""cifar10_c/contrast/3/03322"", ""cifar10_c/contrast/3/03835"", ""cifar10_c/contrast/3/07322"", ""cifar10_c/contrast/3/08776"", ""cifar10_c/contrast/3/07791"", ""cifar10_c/contrast/3/07128"", ""cifar10_c/contrast/3/04568"", ""cifar10_c/contrast/3/01432""]",True
/ceph/sagnihot/projects/Lorena_Contrastive_Representation_Arch/plots/diagnostics/followup_fixed_examples/cifar10/grayscale/p40/shared_frontend/fog__3.pdf,2,/ceph/sagnihot/projects/Lorena_Contrastive_Representation_Arch/plots/diagnostics/followup_fixed_examples/cifar10/grayscale/p40/shared_frontend/fog__3.png,/ceph/sagnihot/projects/Lorena_Contrastive_Representation_Arch/training_dense_testing_sparse/outputs/cases/cifar10/swin_tiny/grayscale/trained_dense/infer_compact/p40/seed0/f9eda84a06426ba61c70a9f5046c0bdf4718b257b4910fee4abfac6191a51f0c/diagnostics/cells/fog__3.npz,"[""cifar10_c/fog/3/00689"", ""cifar10_c/fog/3/02620"", ""cifar10_c/fog/3/03322"", ""cifar10_c/fog/3/03835"", ""cifar10_c/fog/3/07322"", ""cifar10_c/fog/3/08776"", ""cifar10_c/fog/3/07791"", ""cifar10_c/fog/3/07128"", ""cifar10_c/fog/3/04568"", ""cifar10_c/fog/3/01432""]",True
/ceph/sagnihot/projects/Lorena_Contrastive_Representation_Arch/plots/diagnostics/followup_fixed_examples/cifar10/grayscale/p50/shared_frontend/brightness__3.pdf,2,/ceph/sagnihot/projects/Lorena_Contrastive_Representation_Arch/plots/diagnostics/followup_fixed_examples/cifar10/grayscale/p50/shared_frontend/brightness__3.png,/ceph/sagnihot/projects/Lorena_Contrastive_Representation_Arch/training_dense_testing_sparse/outputs/cases/cifar10/swin_tiny/grayscale/trained_dense/infer_compact/p50/seed0/87f3763e1e70351074573b5ff42ce8aab6b4ab61551cf8b3b916e780123545a7/diagnostics/cells/brightness__3.npz,"[""cifar10_c/brightness/3/00689"", ""cifar10_c/brightness/3/02620"", ""cifar10_c/brightness/3/03322"", ""cifar10_c/brightness/3/03835"", ""cifar10_c/brightness/3/07322"", ""cifar10_c/brightness/3/08776"", ""cifar10_c/brightness/3/07791"", ""cifar10_c/brightness/3/07128"", ""cifar10_c/brightness/3/04568"", ""cifar10_c/brightness/3/01432""]",True
/ceph/sagnihot/projects/Lorena_Contrastive_Representation_Arch/plots/diagnostics/followup_fixed_examples/cifar10/grayscale/p50/shared_frontend/clean__test.pdf,2,/ceph/sagnihot/projects/Lorena_Contrastive_Representation_Arch/plots/diagnostics/followup_fixed_examples/cifar10/grayscale/p50/shared_frontend/clean__test.png,/ceph/sagnihot/projects/Lorena_Contrastive_Representation_Arch/training_dense_testing_sparse/outputs/cases/cifar10/swin_tiny/grayscale/trained_dense/infer_compact/p50/seed0/87f3763e1e70351074573b5ff42ce8aab6b4ab61551cf8b3b916e780123545a7/diagnostics/cells/clean__test.npz,"[""cifar10/test/00689"", ""cifar10/test/02620"", ""cifar10/test/03322"", ""cifar10/test/03835"", ""cifar10/test/07322"", ""cifar10/test/08776"", ""cifar10/test/07791"", ""cifar10/test/07128"", ""cifar10/test/04568"", ""cifar10/test/01432""]",True
/ceph/sagnihot/projects/Lorena_Contrastive_Representation_Arch/plots/diagnostics/followup_fixed_examples/cifar10/grayscale/p50/shared_frontend/contrast__3.pdf,2,/ceph/sagnihot/projects/Lorena_Contrastive_Representation_Arch/plots/diagnostics/followup_fixed_examples/cifar10/grayscale/p50/shared_frontend/contrast__3.png,/ceph/sagnihot/projects/Lorena_Contrastive_Representation_Arch/training_dense_testing_sparse/outputs/cases/cifar10/swin_tiny/grayscale/trained_dense/infer_compact/p50/seed0/87f3763e1e70351074573b5ff42ce8aab6b4ab61551cf8b3b916e780123545a7/diagnostics/cells/contrast__3.npz,"[""cifar10_c/contrast/3/00689"", ""cifar10_c/contrast/3/02620"", ""cifar10_c/contrast/3/03322"", ""cifar10_c/contrast/3/03835"", ""cifar10_c/contrast/3/07322"", ""cifar10_c/contrast/3/08776"", ""cifar10_c/contrast/3/07791"", ""cifar10_c/contrast/3/07128"", ""cifar10_c/contrast/3/04568"", ""cifar10_c/contrast/3/01432""]",True
/ceph/sagnihot/projects/Lorena_Contrastive_Representation_Arch/plots/diagnostics/followup_fixed_examples/cifar10/grayscale/p50/shared_frontend/fog__3.pdf,2,/ceph/sagnihot/projects/Lorena_Contrastive_Representation_Arch/plots/diagnostics/followup_fixed_examples/cifar10/grayscale/p50/shared_frontend/fog__3.png,/ceph/sagnihot/projects/Lorena_Contrastive_Representation_Arch/training_dense_testing_sparse/outputs/cases/cifar10/swin_tiny/grayscale/trained_dense/infer_compact/p50/seed0/87f3763e1e70351074573b5ff42ce8aab6b4ab61551cf8b3b916e780123545a7/diagnostics/cells/fog__3.npz,"[""cifar10_c/fog/3/00689"", ""cifar10_c/fog/3/02620"", ""cifar10_c/fog/3/03322"", ""cifar10_c/fog/3/03835"", ""cifar10_c/fog/3/07322"", ""cifar10_c/fog/3/08776"", ""cifar10_c/fog/3/07791"", ""cifar10_c/fog/3/07128"", ""cifar10_c/fog/3/04568"", ""cifar10_c/fog/3/01432""]",True
/ceph/sagnihot/projects/Lorena_Contrastive_Representation_Arch/plots/diagnostics/followup_fixed_examples/cifar10/grayscale/p60/shared_frontend/brightness__3.pdf,2,/ceph/sagnihot/projects/Lorena_Contrastive_Representation_Arch/plots/diagnostics/followup_fixed_examples/cifar10/grayscale/p60/shared_frontend/brightness__3.png,/ceph/sagnihot/projects/Lorena_Contrastive_Representation_Arch/training_dense_testing_sparse/outputs/cases/cifar10/swin_tiny/grayscale/trained_dense/infer_compact/p60/seed0/f7b247a026386696111de83cf86086cfced7ea1c19a3503ad19c0de107d564ff/diagnostics/cells/brightness__3.npz,"[""cifar10_c/brightness/3/00689"", ""cifar10_c/brightness/3/02620"", ""cifar10_c/brightness/3/03322"", ""cifar10_c/brightness/3/03835"", ""cifar10_c/brightness/3/07322"", ""cifar10_c/brightness/3/08776"", ""cifar10_c/brightness/3/07791"", ""cifar10_c/brightness/3/07128"", ""cifar10_c/brightness/3/04568"", ""cifar10_c/brightness/3/01432""]",True
/ceph/sagnihot/projects/Lorena_Contrastive_Representation_Arch/plots/diagnostics/followup_fixed_examples/cifar10/grayscale/p60/shared_frontend/clean__test.pdf,2,/ceph/sagnihot/projects/Lorena_Contrastive_Representation_Arch/plots/diagnostics/followup_fixed_examples/cifar10/grayscale/p60/shared_frontend/clean__test.png,/ceph/sagnihot/projects/Lorena_Contrastive_Representation_Arch/training_dense_testing_sparse/outputs/cases/cifar10/swin_tiny/grayscale/trained_dense/infer_compact/p60/seed0/f7b247a026386696111de83cf86086cfced7ea1c19a3503ad19c0de107d564ff/diagnostics/cells/clean__test.npz,"[""cifar10/test/00689"", ""cifar10/test/02620"", ""cifar10/test/03322"", ""cifar10/test/03835"", ""cifar10/test/07322"", ""cifar10/test/08776"", ""cifar10/test/07791"", ""cifar10/test/07128"", ""cifar10/test/04568"", ""cifar10/test/01432""]",True
/ceph/sagnihot/projects/Lorena_Contrastive_Representation_Arch/plots/diagnostics/followup_fixed_examples/cifar10/grayscale/p60/shared_frontend/contrast__3.pdf,2,/ceph/sagnihot/projects/Lorena_Contrastive_Representation_Arch/plots/diagnostics/followup_fixed_examples/cifar10/grayscale/p60/shared_frontend/contrast__3.png,/ceph/sagnihot/projects/Lorena_Contrastive_Representation_Arch/training_dense_testing_sparse/outputs/cases/cifar10/swin_tiny/grayscale/trained_dense/infer_compact/p60/seed0/f7b247a026386696111de83cf86086cfced7ea1c19a3503ad19c0de107d564ff/diagnostics/cells/contrast__3.npz,"[""cifar10_c/contrast/3/00689"", ""cifar10_c/contrast/3/02620"", ""cifar10_c/contrast/3/03322"", ""cifar10_c/contrast/3/03835"", ""cifar10_c/contrast/3/07322"", ""cifar10_c/contrast/3/08776"", ""cifar10_c/contrast/3/07791"", ""cifar10_c/contrast/3/07128"", ""cifar10_c/contrast/3/04568"", ""cifar10_c/contrast/3/01432""]",True
/ceph/sagnihot/projects/Lorena_Contrastive_Representation_Arch/plots/diagnostics/followup_fixed_examples/cifar10/grayscale/p60/shared_frontend/fog__3.pdf,2,/ceph/sagnihot/projects/Lorena_Contrastive_Representation_Arch/plots/diagnostics/followup_fixed_examples/cifar10/grayscale/p60/shared_frontend/fog__3.png,/ceph/sagnihot/projects/Lorena_Contrastive_Representation_Arch/training_dense_testing_sparse/outputs/cases/cifar10/swin_tiny/grayscale/trained_dense/infer_compact/p60/seed0/f7b247a026386696111de83cf86086cfced7ea1c19a3503ad19c0de107d564ff/diagnostics/cells/fog__3.npz,"[""cifar10_c/fog/3/00689"", ""cifar10_c/fog/3/02620"", ""cifar10_c/fog/3/03322"", ""cifar10_c/fog/3/03835"", ""cifar10_c/fog/3/07322"", ""cifar10_c/fog/3/08776"", ""cifar10_c/fog/3/07791"", ""cifar10_c/fog/3/07128"", ""cifar10_c/fog/3/04568"", ""cifar10_c/fog/3/01432""]",True
/ceph/sagnihot/projects/Lorena_Contrastive_Representation_Arch/plots/diagnostics/followup_fixed_examples/cifar10/grayscale/p70/shared_frontend/brightness__3.pdf,2,/ceph/sagnihot/projects/Lorena_Contrastive_Representation_Arch/plots/diagnostics/followup_fixed_examples/cifar10/grayscale/p70/shared_frontend/brightness__3.png,/ceph/sagnihot/projects/Lorena_Contrastive_Representation_Arch/training_dense_testing_sparse/outputs/cases/cifar10/swin_tiny/grayscale/trained_dense/infer_compact/p70/seed0/b3511e8838a92c211e89d28b6c9ccc92ce961c9cd8b733b710151cc34c67348e/diagnostics/cells/brightness__3.npz,"[""cifar10_c/brightness/3/00689"", ""cifar10_c/brightness/3/02620"", ""cifar10_c/brightness/3/03322"", ""cifar10_c/brightness/3/03835"", ""cifar10_c/brightness/3/07322"", ""cifar10_c/brightness/3/08776"", ""cifar10_c/brightness/3/07791"", ""cifar10_c/brightness/3/07128"", ""cifar10_c/brightness/3/04568"", ""cifar10_c/brightness/3/01432""]",True
/ceph/sagnihot/projects/Lorena_Contrastive_Representation_Arch/plots/diagnostics/followup_fixed_examples/cifar10/grayscale/p70/shared_frontend/clean__test.pdf,2,/ceph/sagnihot/projects/Lorena_Contrastive_Representation_Arch/plots/diagnostics/followup_fixed_examples/cifar10/grayscale/p70/shared_frontend/clean__test.png,/ceph/sagnihot/projects/Lorena_Contrastive_Representation_Arch/training_dense_testing_sparse/outputs/cases/cifar10/swin_tiny/grayscale/trained_dense/infer_compact/p70/seed0/b3511e8838a92c211e89d28b6c9ccc92ce961c9cd8b733b710151cc34c67348e/diagnostics/cells/clean__test.npz,"[""cifar10/test/00689"", ""cifar10/test/02620"", ""cifar10/test/03322"", ""cifar10/test/03835"", ""cifar10/test/07322"", ""cifar10/test/08776"", ""cifar10/test/07791"", ""cifar10/test/07128"", ""cifar10/test/04568"", ""cifar10/test/01432""]",True
/ceph/sagnihot/projects/Lorena_Contrastive_Representation_Arch/plots/diagnostics/followup_fixed_examples/cifar10/grayscale/p70/shared_frontend/contrast__3.pdf,2,/ceph/sagnihot/projects/Lorena_Contrastive_Representation_Arch/plots/diagnostics/followup_fixed_examples/cifar10/grayscale/p70/shared_frontend/contrast__3.png,/ceph/sagnihot/projects/Lorena_Contrastive_Representation_Arch/training_dense_testing_sparse/outputs/cases/cifar10/swin_tiny/grayscale/trained_dense/infer_compact/p70/seed0/b3511e8838a92c211e89d28b6c9ccc92ce961c9cd8b733b710151cc34c67348e/diagnostics/cells/contrast__3.npz,"[""cifar10_c/contrast/3/00689"", ""cifar10_c/contrast/3/02620"", ""cifar10_c/contrast/3/03322"", ""cifar10_c/contrast/3/03835"", ""cifar10_c/contrast/3/07322"", ""cifar10_c/contrast/3/08776"", ""cifar10_c/contrast/3/07791"", ""cifar10_c/contrast/3/07128"", ""cifar10_c/contrast/3/04568"", ""cifar10_c/contrast/3/01432""]",True
/ceph/sagnihot/projects/Lorena_Contrastive_Representation_Arch/plots/diagnostics/followup_fixed_examples/cifar10/grayscale/p70/shared_frontend/fog__3.pdf,2,/ceph/sagnihot/projects/Lorena_Contrastive_Representation_Arch/plots/diagnostics/followup_fixed_examples/cifar10/grayscale/p70/shared_frontend/fog__3.png,/ceph/sagnihot/projects/Lorena_Contrastive_Representation_Arch/training_dense_testing_sparse/outputs/cases/cifar10/swin_tiny/grayscale/trained_dense/infer_compact/p70/seed0/b3511e8838a92c211e89d28b6c9ccc92ce961c9cd8b733b710151cc34c67348e/diagnostics/cells/fog__3.npz,"[""cifar10_c/fog/3/00689"", ""cifar10_c/fog/3/02620"", ""cifar10_c/fog/3/03322"", ""cifar10_c/fog/3/03835"", ""cifar10_c/fog/3/07322"", ""cifar10_c/fog/3/08776"", ""cifar10_c/fog/3/07791"", ""cifar10_c/fog/3/07128"", ""cifar10_c/fog/3/04568"", ""cifar10_c/fog/3/01432""]",True
/ceph/sagnihot/projects/Lorena_Contrastive_Representation_Arch/plots/diagnostics/followup_fixed_examples/cifar10/grayscale/p80/shared_frontend/brightness__3.pdf,2,/ceph/sagnihot/projects/Lorena_Contrastive_Representation_Arch/plots/diagnostics/followup_fixed_examples/cifar10/grayscale/p80/shared_frontend/brightness__3.png,/ceph/sagnihot/projects/Lorena_Contrastive_Representation_Arch/training_dense_testing_sparse/outputs/cases/cifar10/swin_tiny/grayscale/trained_dense/infer_compact/p80/seed0/e33e9b701fd4982b108da55c86465f7088f60964de99797a1b1231d161b002ed/diagnostics/cells/brightness__3.npz,"[""cifar10_c/brightness/3/00689"", ""cifar10_c/brightness/3/02620"", ""cifar10_c/brightness/3/03322"", ""cifar10_c/brightness/3/03835"", ""cifar10_c/brightness/3/07322"", ""cifar10_c/brightness/3/08776"", ""cifar10_c/brightness/3/07791"", ""cifar10_c/brightness/3/07128"", ""cifar10_c/brightness/3/04568"", ""cifar10_c/brightness/3/01432""]",True
/ceph/sagnihot/projects/Lorena_Contrastive_Representation_Arch/plots/diagnostics/followup_fixed_examples/cifar10/grayscale/p80/shared_frontend/clean__test.pdf,2,/ceph/sagnihot/projects/Lorena_Contrastive_Representation_Arch/plots/diagnostics/followup_fixed_examples/cifar10/grayscale/p80/shared_frontend/clean__test.png,/ceph/sagnihot/projects/Lorena_Contrastive_Representation_Arch/training_dense_testing_sparse/outputs/cases/cifar10/swin_tiny/grayscale/trained_dense/infer_compact/p80/seed0/e33e9b701fd4982b108da55c86465f7088f60964de99797a1b1231d161b002ed/diagnostics/cells/clean__test.npz,"[""cifar10/test/00689"", ""cifar10/test/02620"", ""cifar10/test/03322"", ""cifar10/test/03835"", ""cifar10/test/07322"", ""cifar10/test/08776"", ""cifar10/test/07791"", ""cifar10/test/07128"", ""cifar10/test/04568"", ""cifar10/test/01432""]",True
/ceph/sagnihot/projects/Lorena_Contrastive_Representation_Arch/plots/diagnostics/followup_fixed_examples/cifar10/grayscale/p80/shared_frontend/contrast__3.pdf,2,/ceph/sagnihot/projects/Lorena_Contrastive_Representation_Arch/plots/diagnostics/followup_fixed_examples/cifar10/grayscale/p80/shared_frontend/contrast__3.png,/ceph/sagnihot/projects/Lorena_Contrastive_Representation_Arch/training_dense_testing_sparse/outputs/cases/cifar10/swin_tiny/grayscale/trained_dense/infer_compact/p80/seed0/e33e9b701fd4982b108da55c86465f7088f60964de99797a1b1231d161b002ed/diagnostics/cells/contrast__3.npz,"[""cifar10_c/contrast/3/00689"", ""cifar10_c/contrast/3/02620"", ""cifar10_c/contrast/3/03322"", ""cifar10_c/contrast/3/03835"", ""cifar10_c/contrast/3/07322"", ""cifar10_c/contrast/3/08776"", ""cifar10_c/contrast/3/07791"", ""cifar10_c/contrast/3/07128"", ""cifar10_c/contrast/3/04568"", ""cifar10_c/contrast/3/01432""]",True
/ceph/sagnihot/projects/Lorena_Contrastive_Representation_Arch/plots/diagnostics/followup_fixed_examples/cifar10/grayscale/p80/shared_frontend/fog__3.pdf,2,/ceph/sagnihot/projects/Lorena_Contrastive_Representation_Arch/plots/diagnostics/followup_fixed_examples/cifar10/grayscale/p80/shared_frontend/fog__3.png,/ceph/sagnihot/projects/Lorena_Contrastive_Representation_Arch/training_dense_testing_sparse/outputs/cases/cifar10/swin_tiny/grayscale/trained_dense/infer_compact/p80/seed0/e33e9b701fd4982b108da55c86465f7088f60964de99797a1b1231d161b002ed/diagnostics/cells/fog__3.npz,"[""cifar10_c/fog/3/00689"", ""cifar10_c/fog/3/02620"", ""cifar10_c/fog/3/03322"", ""cifar10_c/fog/3/03835"", ""cifar10_c/fog/3/07322"", ""cifar10_c/fog/3/08776"", ""cifar10_c/fog/3/07791"", ""cifar10_c/fog/3/07128"", ""cifar10_c/fog/3/04568"", ""cifar10_c/fog/3/01432""]",True
/ceph/sagnihot/projects/Lorena_Contrastive_Representation_Arch/plots/diagnostics/followup_fixed_examples/cifar10/grayscale/p90/shared_frontend/brightness__3.pdf,2,/ceph/sagnihot/projects/Lorena_Contrastive_Representation_Arch/plots/diagnostics/followup_fixed_examples/cifar10/grayscale/p90/shared_frontend/brightness__3.png,/ceph/sagnihot/projects/Lorena_Contrastive_Representation_Arch/training_dense_testing_sparse/outputs/cases/cifar10/swin_tiny/grayscale/trained_dense/infer_compact/p90/seed0/effcc64630608ab69e98573c8574ccfe08502c25b439df5000fc2e30642c3a5a/diagnostics/cells/brightness__3.npz,"[""cifar10_c/brightness/3/00689"", ""cifar10_c/brightness/3/02620"", ""cifar10_c/brightness/3/03322"", ""cifar10_c/brightness/3/03835"", ""cifar10_c/brightness/3/07322"", ""cifar10_c/brightness/3/08776"", ""cifar10_c/brightness/3/07791"", ""cifar10_c/brightness/3/07128"", ""cifar10_c/brightness/3/04568"", ""cifar10_c/brightness/3/01432""]",True
/ceph/sagnihot/projects/Lorena_Contrastive_Representation_Arch/plots/diagnostics/followup_fixed_examples/cifar10/grayscale/p90/shared_frontend/clean__test.pdf,2,/ceph/sagnihot/projects/Lorena_Contrastive_Representation_Arch/plots/diagnostics/followup_fixed_examples/cifar10/grayscale/p90/shared_frontend/clean__test.png,/ceph/sagnihot/projects/Lorena_Contrastive_Representation_Arch/training_dense_testing_sparse/outputs/cases/cifar10/swin_tiny/grayscale/trained_dense/infer_compact/p90/seed0/effcc64630608ab69e98573c8574ccfe08502c25b439df5000fc2e30642c3a5a/diagnostics/cells/clean__test.npz,"[""cifar10/test/00689"", ""cifar10/test/02620"", ""cifar10/test/03322"", ""cifar10/test/03835"", ""cifar10/test/07322"", ""cifar10/test/08776"", ""cifar10/test/07791"", ""cifar10/test/07128"", ""cifar10/test/04568"", ""cifar10/test/01432""]",True
/ceph/sagnihot/projects/Lorena_Contrastive_Representation_Arch/plots/diagnostics/followup_fixed_examples/cifar10/grayscale/p90/shared_frontend/contrast__3.pdf,2,/ceph/sagnihot/projects/Lorena_Contrastive_Representation_Arch/plots/diagnostics/followup_fixed_examples/cifar10/grayscale/p90/shared_frontend/contrast__3.png,/ceph/sagnihot/projects/Lorena_Contrastive_Representation_Arch/training_dense_testing_sparse/outputs/cases/cifar10/swin_tiny/grayscale/trained_dense/infer_compact/p90/seed0/effcc64630608ab69e98573c8574ccfe08502c25b439df5000fc2e30642c3a5a/diagnostics/cells/contrast__3.npz,"[""cifar10_c/contrast/3/00689"", ""cifar10_c/contrast/3/02620"", ""cifar10_c/contrast/3/03322"", ""cifar10_c/contrast/3/03835"", ""cifar10_c/contrast/3/07322"", ""cifar10_c/contrast/3/08776"", ""cifar10_c/contrast/3/07791"", ""cifar10_c/contrast/3/07128"", ""cifar10_c/contrast/3/04568"", ""cifar10_c/contrast/3/01432""]",True
/ceph/sagnihot/projects/Lorena_Contrastive_Representation_Arch/plots/diagnostics/followup_fixed_examples/cifar10/grayscale/p90/shared_frontend/fog__3.pdf,2,/ceph/sagnihot/projects/Lorena_Contrastive_Representation_Arch/plots/diagnostics/followup_fixed_examples/cifar10/grayscale/p90/shared_frontend/fog__3.png,/ceph/sagnihot/projects/Lorena_Contrastive_Representation_Arch/training_dense_testing_sparse/outputs/cases/cifar10/swin_tiny/grayscale/trained_dense/infer_compact/p90/seed0/effcc64630608ab69e98573c8574ccfe08502c25b439df5000fc2e30642c3a5a/diagnostics/cells/fog__3.npz,"[""cifar10_c/fog/3/00689"", ""cifar10_c/fog/3/02620"", ""cifar10_c/fog/3/03322"", ""cifar10_c/fog/3/03835"", ""cifar10_c/fog/3/07322"", ""cifar10_c/fog/3/08776"", ""cifar10_c/fog/3/07791"", ""cifar10_c/fog/3/07128"", ""cifar10_c/fog/3/04568"", ""cifar10_c/fog/3/01432""]",True
/ceph/sagnihot/projects/Lorena_Contrastive_Representation_Arch/plots/diagnostics/followup_fixed_examples/cifar10/raw/p0/shared_frontend/brightness__3.pdf,6,/ceph/sagnihot/projects/Lorena_Contrastive_Representation_Arch/plots/diagnostics/followup_fixed_examples/cifar10/raw/p0/shared_frontend/brightness__3.png,/ceph/sagnihot/projects/Lorena_Contrastive_Representation_Arch/training_dense_testing_sparse/outputs/cases/cifar10/swin_tiny/raw/trained_dense/infer_compact/p0/seed0/1f8ed41fde13b6e96012728a2c8d576dbd4d19e5ef8518e02188e538ef8acb3c/diagnostics/cells/brightness__3.npz,"[""cifar10_c/brightness/3/00689"", ""cifar10_c/brightness/3/02620"", ""cifar10_c/brightness/3/03322"", ""cifar10_c/brightness/3/03835"", ""cifar10_c/brightness/3/07322"", ""cifar10_c/brightness/3/08776"", ""cifar10_c/brightness/3/07791"", ""cifar10_c/brightness/3/07128"", ""cifar10_c/brightness/3/04568"", ""cifar10_c/brightness/3/01432""]",True
/ceph/sagnihot/projects/Lorena_Contrastive_Representation_Arch/plots/diagnostics/followup_fixed_examples/cifar10/raw/p0/shared_frontend/clean__test.pdf,6,/ceph/sagnihot/projects/Lorena_Contrastive_Representation_Arch/plots/diagnostics/followup_fixed_examples/cifar10/raw/p0/shared_frontend/clean__test.png,/ceph/sagnihot/projects/Lorena_Contrastive_Representation_Arch/training_dense_testing_sparse/outputs/cases/cifar10/swin_tiny/raw/trained_dense/infer_compact/p0/seed0/1f8ed41fde13b6e96012728a2c8d576dbd4d19e5ef8518e02188e538ef8acb3c/diagnostics/cells/clean__test.npz,"[""cifar10/test/00689"", ""cifar10/test/02620"", ""cifar10/test/03322"", ""cifar10/test/03835"", ""cifar10/test/07322"", ""cifar10/test/08776"", ""cifar10/test/07791"", ""cifar10/test/07128"", ""cifar10/test/04568"", ""cifar10/test/01432""]",True
/ceph/sagnihot/projects/Lorena_Contrastive_Representation_Arch/plots/diagnostics/followup_fixed_examples/cifar10/raw/p0/shared_frontend/contrast__3.pdf,6,/ceph/sagnihot/projects/Lorena_Contrastive_Representation_Arch/plots/diagnostics/followup_fixed_examples/cifar10/raw/p0/shared_frontend/contrast__3.png,/ceph/sagnihot/projects/Lorena_Contrastive_Representation_Arch/training_dense_testing_sparse/outputs/cases/cifar10/swin_tiny/raw/trained_dense/infer_compact/p0/seed0/1f8ed41fde13b6e96012728a2c8d576dbd4d19e5ef8518e02188e538ef8acb3c/diagnostics/cells/contrast__3.npz,"[""cifar10_c/contrast/3/00689"", ""cifar10_c/contrast/3/02620"", ""cifar10_c/contrast/3/03322"", ""cifar10_c/contrast/3/03835"", ""cifar10_c/contrast/3/07322"", ""cifar10_c/contrast/3/08776"", ""cifar10_c/contrast/3/07791"", ""cifar10_c/contrast/3/07128"", ""cifar10_c/contrast/3/04568"", ""cifar10_c/contrast/3/01432""]",True
/ceph/sagnihot/projects/Lorena_Contrastive_Representation_Arch/plots/diagnostics/followup_fixed_examples/cifar10/raw/p0/shared_frontend/fog__3.pdf,6,/ceph/sagnihot/projects/Lorena_Contrastive_Representation_Arch/plots/diagnostics/followup_fixed_examples/cifar10/raw/p0/shared_frontend/fog__3.png,/ceph/sagnihot/projects/Lorena_Contrastive_Representation_Arch/training_dense_testing_sparse/outputs/cases/cifar10/swin_tiny/raw/trained_dense/infer_compact/p0/seed0/1f8ed41fde13b6e96012728a2c8d576dbd4d19e5ef8518e02188e538ef8acb3c/diagnostics/cells/fog__3.npz,"[""cifar10_c/fog/3/00689"", ""cifar10_c/fog/3/02620"", ""cifar10_c/fog/3/03322"", ""cifar10_c/fog/3/03835"", ""cifar10_c/fog/3/07322"", ""cifar10_c/fog/3/08776"", ""cifar10_c/fog/3/07791"", ""cifar10_c/fog/3/07128"", ""cifar10_c/fog/3/04568"", ""cifar10_c/fog/3/01432""]",True
/ceph/sagnihot/projects/Lorena_Contrastive_Representation_Arch/plots/diagnostics/followup_fixed_examples/cifar10/raw/p10/shared_frontend/brightness__3.pdf,6,/ceph/sagnihot/projects/Lorena_Contrastive_Representation_Arch/plots/diagnostics/followup_fixed_examples/cifar10/raw/p10/shared_frontend/brightness__3.png,/ceph/sagnihot/projects/Lorena_Contrastive_Representation_Arch/training_dense_testing_sparse/outputs/cases/cifar10/swin_tiny/raw/trained_dense/infer_compact/p10/seed0/3b124e8157f3c494a0bb6f97aab66397a085f82781401252e97a6c4976fa805b/diagnostics/cells/brightness__3.npz,"[""cifar10_c/brightness/3/00689"", ""cifar10_c/brightness/3/02620"", ""cifar10_c/brightness/3/03322"", ""cifar10_c/brightness/3/03835"", ""cifar10_c/brightness/3/07322"", ""cifar10_c/brightness/3/08776"", ""cifar10_c/brightness/3/07791"", ""cifar10_c/brightness/3/07128"", ""cifar10_c/brightness/3/04568"", ""cifar10_c/brightness/3/01432""]",True
/ceph/sagnihot/projects/Lorena_Contrastive_Representation_Arch/plots/diagnostics/followup_fixed_examples/cifar10/raw/p10/shared_frontend/clean__test.pdf,6,/ceph/sagnihot/projects/Lorena_Contrastive_Representation_Arch/plots/diagnostics/followup_fixed_examples/cifar10/raw/p10/shared_frontend/clean__test.png,/ceph/sagnihot/projects/Lorena_Contrastive_Representation_Arch/training_dense_testing_sparse/outputs/cases/cifar10/swin_tiny/raw/trained_dense/infer_compact/p10/seed0/3b124e8157f3c494a0bb6f97aab66397a085f82781401252e97a6c4976fa805b/diagnostics/cells/clean__test.npz,"[""cifar10/test/00689"", ""cifar10/test/02620"", ""cifar10/test/03322"", ""cifar10/test/03835"", ""cifar10/test/07322"", ""cifar10/test/08776"", ""cifar10/test/07791"", ""cifar10/test/07128"", ""cifar10/test/04568"", ""cifar10/test/01432""]",True
/ceph/sagnihot/projects/Lorena_Contrastive_Representation_Arch/plots/diagnostics/followup_fixed_examples/cifar10/raw/p10/shared_frontend/contrast__3.pdf,6,/ceph/sagnihot/projects/Lorena_Contrastive_Representation_Arch/plots/diagnostics/followup_fixed_examples/cifar10/raw/p10/shared_frontend/contrast__3.png,/ceph/sagnihot/projects/Lorena_Contrastive_Representation_Arch/training_dense_testing_sparse/outputs/cases/cifar10/swin_tiny/raw/trained_dense/infer_compact/p10/seed0/3b124e8157f3c494a0bb6f97aab66397a085f82781401252e97a6c4976fa805b/diagnostics/cells/contrast__3.npz,"[""cifar10_c/contrast/3/00689"", ""cifar10_c/contrast/3/02620"", ""cifar10_c/contrast/3/03322"", ""cifar10_c/contrast/3/03835"", ""cifar10_c/contrast/3/07322"", ""cifar10_c/contrast/3/08776"", ""cifar10_c/contrast/3/07791"", ""cifar10_c/contrast/3/07128"", ""cifar10_c/contrast/3/04568"", ""cifar10_c/contrast/3/01432""]",True
/ceph/sagnihot/projects/Lorena_Contrastive_Representation_Arch/plots/diagnostics/followup_fixed_examples/cifar10/raw/p10/shared_frontend/fog__3.pdf,6,/ceph/sagnihot/projects/Lorena_Contrastive_Representation_Arch/plots/diagnostics/followup_fixed_examples/cifar10/raw/p10/shared_frontend/fog__3.png,/ceph/sagnihot/projects/Lorena_Contrastive_Representation_Arch/training_dense_testing_sparse/outputs/cases/cifar10/swin_tiny/raw/trained_dense/infer_compact/p10/seed0/3b124e8157f3c494a0bb6f97aab66397a085f82781401252e97a6c4976fa805b/diagnostics/cells/fog__3.npz,"[""cifar10_c/fog/3/00689"", ""cifar10_c/fog/3/02620"", ""cifar10_c/fog/3/03322"", ""cifar10_c/fog/3/03835"", ""cifar10_c/fog/3/07322"", ""cifar10_c/fog/3/08776"", ""cifar10_c/fog/3/07791"", ""cifar10_c/fog/3/07128"", ""cifar10_c/fog/3/04568"", ""cifar10_c/fog/3/01432""]",True
/ceph/sagnihot/projects/Lorena_Contrastive_Representation_Arch/plots/diagnostics/followup_fixed_examples/cifar10/raw/p20/shared_frontend/brightness__3.pdf,6,/ceph/sagnihot/projects/Lorena_Contrastive_Representation_Arch/plots/diagnostics/followup_fixed_examples/cifar10/raw/p20/shared_frontend/brightness__3.png,/ceph/sagnihot/projects/Lorena_Contrastive_Representation_Arch/training_dense_testing_sparse/outputs/cases/cifar10/swin_tiny/raw/trained_dense/infer_compact/p20/seed0/fe1844cf975cece5a67d97d7ed0ccff934143c8c7a5c053e40b8f3a45056ac55/diagnostics/cells/brightness__3.npz,"[""cifar10_c/brightness/3/00689"", ""cifar10_c/brightness/3/02620"", ""cifar10_c/brightness/3/03322"", ""cifar10_c/brightness/3/03835"", ""cifar10_c/brightness/3/07322"", ""cifar10_c/brightness/3/08776"", ""cifar10_c/brightness/3/07791"", ""cifar10_c/brightness/3/07128"", ""cifar10_c/brightness/3/04568"", ""cifar10_c/brightness/3/01432""]",True
/ceph/sagnihot/projects/Lorena_Contrastive_Representation_Arch/plots/diagnostics/followup_fixed_examples/cifar10/raw/p20/shared_frontend/clean__test.pdf,6,/ceph/sagnihot/projects/Lorena_Contrastive_Representation_Arch/plots/diagnostics/followup_fixed_examples/cifar10/raw/p20/shared_frontend/clean__test.png,/ceph/sagnihot/projects/Lorena_Contrastive_Representation_Arch/training_dense_testing_sparse/outputs/cases/cifar10/swin_tiny/raw/trained_dense/infer_compact/p20/seed0/fe1844cf975cece5a67d97d7ed0ccff934143c8c7a5c053e40b8f3a45056ac55/diagnostics/cells/clean__test.npz,"[""cifar10/test/00689"", ""cifar10/test/02620"", ""cifar10/test/03322"", ""cifar10/test/03835"", ""cifar10/test/07322"", ""cifar10/test/08776"", ""cifar10/test/07791"", ""cifar10/test/07128"", ""cifar10/test/04568"", ""cifar10/test/01432""]",True
/ceph/sagnihot/projects/Lorena_Contrastive_Representation_Arch/plots/diagnostics/followup_fixed_examples/cifar10/raw/p20/shared_frontend/contrast__3.pdf,6,/ceph/sagnihot/projects/Lorena_Contrastive_Representation_Arch/plots/diagnostics/followup_fixed_examples/cifar10/raw/p20/shared_frontend/contrast__3.png,/ceph/sagnihot/projects/Lorena_Contrastive_Representation_Arch/training_dense_testing_sparse/outputs/cases/cifar10/swin_tiny/raw/trained_dense/infer_compact/p20/seed0/fe1844cf975cece5a67d97d7ed0ccff934143c8c7a5c053e40b8f3a45056ac55/diagnostics/cells/contrast__3.npz,"[""cifar10_c/contrast/3/00689"", ""cifar10_c/contrast/3/02620"", ""cifar10_c/contrast/3/03322"", ""cifar10_c/contrast/3/03835"", ""cifar10_c/contrast/3/07322"", ""cifar10_c/contrast/3/08776"", ""cifar10_c/contrast/3/07791"", ""cifar10_c/contrast/3/07128"", ""cifar10_c/contrast/3/04568"", ""cifar10_c/contrast/3/01432""]",True
/ceph/sagnihot/projects/Lorena_Contrastive_Representation_Arch/plots/diagnostics/followup_fixed_examples/cifar10/raw/p20/shared_frontend/fog__3.pdf,6,/ceph/sagnihot/projects/Lorena_Contrastive_Representation_Arch/plots/diagnostics/followup_fixed_examples/cifar10/raw/p20/shared_frontend/fog__3.png,/ceph/sagnihot/projects/Lorena_Contrastive_Representation_Arch/training_dense_testing_sparse/outputs/cases/cifar10/swin_tiny/raw/trained_dense/infer_compact/p20/seed0/fe1844cf975cece5a67d97d7ed0ccff934143c8c7a5c053e40b8f3a45056ac55/diagnostics/cells/fog__3.npz,"[""cifar10_c/fog/3/00689"", ""cifar10_c/fog/3/02620"", ""cifar10_c/fog/3/03322"", ""cifar10_c/fog/3/03835"", ""cifar10_c/fog/3/07322"", ""cifar10_c/fog/3/08776"", ""cifar10_c/fog/3/07791"", ""cifar10_c/fog/3/07128"", ""cifar10_c/fog/3/04568"", ""cifar10_c/fog/3/01432""]",True
/ceph/sagnihot/projects/Lorena_Contrastive_Representation_Arch/plots/diagnostics/followup_fixed_examples/cifar10/raw/p30/shared_frontend/brightness__3.pdf,6,/ceph/sagnihot/projects/Lorena_Contrastive_Representation_Arch/plots/diagnostics/followup_fixed_examples/cifar10/raw/p30/shared_frontend/brightness__3.png,/ceph/sagnihot/projects/Lorena_Contrastive_Representation_Arch/training_dense_testing_sparse/outputs/cases/cifar10/swin_tiny/raw/trained_dense/infer_compact/p30/seed0/1b143fc1ad6256551f70ccca0a0e04e8a96ed346f9c5283b6567e406fd08ceee/diagnostics/cells/brightness__3.npz,"[""cifar10_c/brightness/3/00689"", ""cifar10_c/brightness/3/02620"", ""cifar10_c/brightness/3/03322"", ""cifar10_c/brightness/3/03835"", ""cifar10_c/brightness/3/07322"", ""cifar10_c/brightness/3/08776"", ""cifar10_c/brightness/3/07791"", ""cifar10_c/brightness/3/07128"", ""cifar10_c/brightness/3/04568"", ""cifar10_c/brightness/3/01432""]",True
/ceph/sagnihot/projects/Lorena_Contrastive_Representation_Arch/plots/diagnostics/followup_fixed_examples/cifar10/raw/p30/shared_frontend/clean__test.pdf,6,/ceph/sagnihot/projects/Lorena_Contrastive_Representation_Arch/plots/diagnostics/followup_fixed_examples/cifar10/raw/p30/shared_frontend/clean__test.png,/ceph/sagnihot/projects/Lorena_Contrastive_Representation_Arch/training_dense_testing_sparse/outputs/cases/cifar10/swin_tiny/raw/trained_dense/infer_compact/p30/seed0/1b143fc1ad6256551f70ccca0a0e04e8a96ed346f9c5283b6567e406fd08ceee/diagnostics/cells/clean__test.npz,"[""cifar10/test/00689"", ""cifar10/test/02620"", ""cifar10/test/03322"", ""cifar10/test/03835"", ""cifar10/test/07322"", ""cifar10/test/08776"", ""cifar10/test/07791"", ""cifar10/test/07128"", ""cifar10/test/04568"", ""cifar10/test/01432""]",True
/ceph/sagnihot/projects/Lorena_Contrastive_Representation_Arch/plots/diagnostics/followup_fixed_examples/cifar10/raw/p30/shared_frontend/contrast__3.pdf,6,/ceph/sagnihot/projects/Lorena_Contrastive_Representation_Arch/plots/diagnostics/followup_fixed_examples/cifar10/raw/p30/shared_frontend/contrast__3.png,/ceph/sagnihot/projects/Lorena_Contrastive_Representation_Arch/training_dense_testing_sparse/outputs/cases/cifar10/swin_tiny/raw/trained_dense/infer_compact/p30/seed0/1b143fc1ad6256551f70ccca0a0e04e8a96ed346f9c5283b6567e406fd08ceee/diagnostics/cells/contrast__3.npz,"[""cifar10_c/contrast/3/00689"", ""cifar10_c/contrast/3/02620"", ""cifar10_c/contrast/3/03322"", ""cifar10_c/contrast/3/03835"", ""cifar10_c/contrast/3/07322"", ""cifar10_c/contrast/3/08776"", ""cifar10_c/contrast/3/07791"", ""cifar10_c/contrast/3/07128"", ""cifar10_c/contrast/3/04568"", ""cifar10_c/contrast/3/01432""]",True
/ceph/sagnihot/projects/Lorena_Contrastive_Representation_Arch/plots/diagnostics/followup_fixed_examples/cifar10/raw/p30/shared_frontend/fog__3.pdf,6,/ceph/sagnihot/projects/Lorena_Contrastive_Representation_Arch/plots/diagnostics/followup_fixed_examples/cifar10/raw/p30/shared_frontend/fog__3.png,/ceph/sagnihot/projects/Lorena_Contrastive_Representation_Arch/training_dense_testing_sparse/outputs/cases/cifar10/swin_tiny/raw/trained_dense/infer_compact/p30/seed0/1b143fc1ad6256551f70ccca0a0e04e8a96ed346f9c5283b6567e406fd08ceee/diagnostics/cells/fog__3.npz,"[""cifar10_c/fog/3/00689"", ""cifar10_c/fog/3/02620"", ""cifar10_c/fog/3/03322"", ""cifar10_c/fog/3/03835"", ""cifar10_c/fog/3/07322"", ""cifar10_c/fog/3/08776"", ""cifar10_c/fog/3/07791"", ""cifar10_c/fog/3/07128"", ""cifar10_c/fog/3/04568"", ""cifar10_c/fog/3/01432""]",True
/ceph/sagnihot/projects/Lorena_Contrastive_Representation_Arch/plots/diagnostics/followup_fixed_examples/cifar10/raw/p40/shared_frontend/brightness__3.pdf,6,/ceph/sagnihot/projects/Lorena_Contrastive_Representation_Arch/plots/diagnostics/followup_fixed_examples/cifar10/raw/p40/shared_frontend/brightness__3.png,/ceph/sagnihot/projects/Lorena_Contrastive_Representation_Arch/training_dense_testing_sparse/outputs/cases/cifar10/swin_tiny/raw/trained_dense/infer_compact/p40/seed0/c0a39276f08700bf8b46cb4e43dd56d565ae8913503a4e8e1b6bf612d24f2332/diagnostics/cells/brightness__3.npz,"[""cifar10_c/brightness/3/00689"", ""cifar10_c/brightness/3/02620"", ""cifar10_c/brightness/3/03322"", ""cifar10_c/brightness/3/03835"", ""cifar10_c/brightness/3/07322"", ""cifar10_c/brightness/3/08776"", ""cifar10_c/brightness/3/07791"", ""cifar10_c/brightness/3/07128"", ""cifar10_c/brightness/3/04568"", ""cifar10_c/brightness/3/01432""]",True
/ceph/sagnihot/projects/Lorena_Contrastive_Representation_Arch/plots/diagnostics/followup_fixed_examples/cifar10/raw/p40/shared_frontend/clean__test.pdf,6,/ceph/sagnihot/projects/Lorena_Contrastive_Representation_Arch/plots/diagnostics/followup_fixed_examples/cifar10/raw/p40/shared_frontend/clean__test.png,/ceph/sagnihot/projects/Lorena_Contrastive_Representation_Arch/training_dense_testing_sparse/outputs/cases/cifar10/swin_tiny/raw/trained_dense/infer_compact/p40/seed0/c0a39276f08700bf8b46cb4e43dd56d565ae8913503a4e8e1b6bf612d24f2332/diagnostics/cells/clean__test.npz,"[""cifar10/test/00689"", ""cifar10/test/02620"", ""cifar10/test/03322"", ""cifar10/test/03835"", ""cifar10/test/07322"", ""cifar10/test/08776"", ""cifar10/test/07791"", ""cifar10/test/07128"", ""cifar10/test/04568"", ""cifar10/test/01432""]",True
/ceph/sagnihot/projects/Lorena_Contrastive_Representation_Arch/plots/diagnostics/followup_fixed_examples/cifar10/raw/p40/shared_frontend/contrast__3.pdf,6,/ceph/sagnihot/projects/Lorena_Contrastive_Representation_Arch/plots/diagnostics/followup_fixed_examples/cifar10/raw/p40/shared_frontend/contrast__3.png,/ceph/sagnihot/projects/Lorena_Contrastive_Representation_Arch/training_dense_testing_sparse/outputs/cases/cifar10/swin_tiny/raw/trained_dense/infer_compact/p40/seed0/c0a39276f08700bf8b46cb4e43dd56d565ae8913503a4e8e1b6bf612d24f2332/diagnostics/cells/contrast__3.npz,"[""cifar10_c/contrast/3/00689"", ""cifar10_c/contrast/3/02620"", ""cifar10_c/contrast/3/03322"", ""cifar10_c/contrast/3/03835"", ""cifar10_c/contrast/3/07322"", ""cifar10_c/contrast/3/08776"", ""cifar10_c/contrast/3/07791"", ""cifar10_c/contrast/3/07128"", ""cifar10_c/contrast/3/04568"", ""cifar10_c/contrast/3/01432""]",True
/ceph/sagnihot/projects/Lorena_Contrastive_Representation_Arch/plots/diagnostics/followup_fixed_examples/cifar10/raw/p40/shared_frontend/fog__3.pdf,6,/ceph/sagnihot/projects/Lorena_Contrastive_Representation_Arch/plots/diagnostics/followup_fixed_examples/cifar10/raw/p40/shared_frontend/fog__3.png,/ceph/sagnihot/projects/Lorena_Contrastive_Representation_Arch/training_dense_testing_sparse/outputs/cases/cifar10/swin_tiny/raw/trained_dense/infer_compact/p40/seed0/c0a39276f08700bf8b46cb4e43dd56d565ae8913503a4e8e1b6bf612d24f2332/diagnostics/cells/fog__3.npz,"[""cifar10_c/fog/3/00689"", ""cifar10_c/fog/3/02620"", ""cifar10_c/fog/3/03322"", ""cifar10_c/fog/3/03835"", ""cifar10_c/fog/3/07322"", ""cifar10_c/fog/3/08776"", ""cifar10_c/fog/3/07791"", ""cifar10_c/fog/3/07128"", ""cifar10_c/fog/3/04568"", ""cifar10_c/fog/3/01432""]",True
/ceph/sagnihot/projects/Lorena_Contrastive_Representation_Arch/plots/diagnostics/followup_fixed_examples/cifar10/raw/p50/shared_frontend/brightness__3.pdf,6,/ceph/sagnihot/projects/Lorena_Contrastive_Representation_Arch/plots/diagnostics/followup_fixed_examples/cifar10/raw/p50/shared_frontend/brightness__3.png,/ceph/sagnihot/projects/Lorena_Contrastive_Representation_Arch/training_dense_testing_sparse/outputs/cases/cifar10/swin_tiny/raw/trained_dense/infer_compact/p50/seed0/309c5067792d8298d1ed1584698b2855e07af62595908b4371edb1a5ff43879c/diagnostics/cells/brightness__3.npz,"[""cifar10_c/brightness/3/00689"", ""cifar10_c/brightness/3/02620"", ""cifar10_c/brightness/3/03322"", ""cifar10_c/brightness/3/03835"", ""cifar10_c/brightness/3/07322"", ""cifar10_c/brightness/3/08776"", ""cifar10_c/brightness/3/07791"", ""cifar10_c/brightness/3/07128"", ""cifar10_c/brightness/3/04568"", ""cifar10_c/brightness/3/01432""]",True
/ceph/sagnihot/projects/Lorena_Contrastive_Representation_Arch/plots/diagnostics/followup_fixed_examples/cifar10/raw/p50/shared_frontend/clean__test.pdf,6,/ceph/sagnihot/projects/Lorena_Contrastive_Representation_Arch/plots/diagnostics/followup_fixed_examples/cifar10/raw/p50/shared_frontend/clean__test.png,/ceph/sagnihot/projects/Lorena_Contrastive_Representation_Arch/training_dense_testing_sparse/outputs/cases/cifar10/swin_tiny/raw/trained_dense/infer_compact/p50/seed0/309c5067792d8298d1ed1584698b2855e07af62595908b4371edb1a5ff43879c/diagnostics/cells/clean__test.npz,"[""cifar10/test/00689"", ""cifar10/test/02620"", ""cifar10/test/03322"", ""cifar10/test/03835"", ""cifar10/test/07322"", ""cifar10/test/08776"", ""cifar10/test/07791"", ""cifar10/test/07128"", ""cifar10/test/04568"", ""cifar10/test/01432""]",True
/ceph/sagnihot/projects/Lorena_Contrastive_Representation_Arch/plots/diagnostics/followup_fixed_examples/cifar10/raw/p50/shared_frontend/contrast__3.pdf,6,/ceph/sagnihot/projects/Lorena_Contrastive_Representation_Arch/plots/diagnostics/followup_fixed_examples/cifar10/raw/p50/shared_frontend/contrast__3.png,/ceph/sagnihot/projects/Lorena_Contrastive_Representation_Arch/training_dense_testing_sparse/outputs/cases/cifar10/swin_tiny/raw/trained_dense/infer_compact/p50/seed0/309c5067792d8298d1ed1584698b2855e07af62595908b4371edb1a5ff43879c/diagnostics/cells/contrast__3.npz,"[""cifar10_c/contrast/3/00689"", ""cifar10_c/contrast/3/02620"", ""cifar10_c/contrast/3/03322"", ""cifar10_c/contrast/3/03835"", ""cifar10_c/contrast/3/07322"", ""cifar10_c/contrast/3/08776"", ""cifar10_c/contrast/3/07791"", ""cifar10_c/contrast/3/07128"", ""cifar10_c/contrast/3/04568"", ""cifar10_c/contrast/3/01432""]",True
/ceph/sagnihot/projects/Lorena_Contrastive_Representation_Arch/plots/diagnostics/followup_fixed_examples/cifar10/raw/p50/shared_frontend/fog__3.pdf,6,/ceph/sagnihot/projects/Lorena_Contrastive_Representation_Arch/plots/diagnostics/followup_fixed_examples/cifar10/raw/p50/shared_frontend/fog__3.png,/ceph/sagnihot/projects/Lorena_Contrastive_Representation_Arch/training_dense_testing_sparse/outputs/cases/cifar10/swin_tiny/raw/trained_dense/infer_compact/p50/seed0/309c5067792d8298d1ed1584698b2855e07af62595908b4371edb1a5ff43879c/diagnostics/cells/fog__3.npz,"[""cifar10_c/fog/3/00689"", ""cifar10_c/fog/3/02620"", ""cifar10_c/fog/3/03322"", ""cifar10_c/fog/3/03835"", ""cifar10_c/fog/3/07322"", ""cifar10_c/fog/3/08776"", ""cifar10_c/fog/3/07791"", ""cifar10_c/fog/3/07128"", ""cifar10_c/fog/3/04568"", ""cifar10_c/fog/3/01432""]",True
/ceph/sagnihot/projects/Lorena_Contrastive_Representation_Arch/plots/diagnostics/followup_fixed_examples/cifar10/raw/p60/shared_frontend/brightness__3.pdf,6,/ceph/sagnihot/projects/Lorena_Contrastive_Representation_Arch/plots/diagnostics/followup_fixed_examples/cifar10/raw/p60/shared_frontend/brightness__3.png,/ceph/sagnihot/projects/Lorena_Contrastive_Representation_Arch/training_dense_testing_sparse/outputs/cases/cifar10/swin_tiny/raw/trained_dense/infer_compact/p60/seed0/50d6ba44a454c6746880e9001ade7f7250a9fd516065bedb19af973bd6c212cd/diagnostics/cells/brightness__3.npz,"[""cifar10_c/brightness/3/00689"", ""cifar10_c/brightness/3/02620"", ""cifar10_c/brightness/3/03322"", ""cifar10_c/brightness/3/03835"", ""cifar10_c/brightness/3/07322"", ""cifar10_c/brightness/3/08776"", ""cifar10_c/brightness/3/07791"", ""cifar10_c/brightness/3/07128"", ""cifar10_c/brightness/3/04568"", ""cifar10_c/brightness/3/01432""]",True
/ceph/sagnihot/projects/Lorena_Contrastive_Representation_Arch/plots/diagnostics/followup_fixed_examples/cifar10/raw/p60/shared_frontend/clean__test.pdf,6,/ceph/sagnihot/projects/Lorena_Contrastive_Representation_Arch/plots/diagnostics/followup_fixed_examples/cifar10/raw/p60/shared_frontend/clean__test.png,/ceph/sagnihot/projects/Lorena_Contrastive_Representation_Arch/training_dense_testing_sparse/outputs/cases/cifar10/swin_tiny/raw/trained_dense/infer_compact/p60/seed0/50d6ba44a454c6746880e9001ade7f7250a9fd516065bedb19af973bd6c212cd/diagnostics/cells/clean__test.npz,"[""cifar10/test/00689"", ""cifar10/test/02620"", ""cifar10/test/03322"", ""cifar10/test/03835"", ""cifar10/test/07322"", ""cifar10/test/08776"", ""cifar10/test/07791"", ""cifar10/test/07128"", ""cifar10/test/04568"", ""cifar10/test/01432""]",True
/ceph/sagnihot/projects/Lorena_Contrastive_Representation_Arch/plots/diagnostics/followup_fixed_examples/cifar10/raw/p60/shared_frontend/contrast__3.pdf,6,/ceph/sagnihot/projects/Lorena_Contrastive_Representation_Arch/plots/diagnostics/followup_fixed_examples/cifar10/raw/p60/shared_frontend/contrast__3.png,/ceph/sagnihot/projects/Lorena_Contrastive_Representation_Arch/training_dense_testing_sparse/outputs/cases/cifar10/swin_tiny/raw/trained_dense/infer_compact/p60/seed0/50d6ba44a454c6746880e9001ade7f7250a9fd516065bedb19af973bd6c212cd/diagnostics/cells/contrast__3.npz,"[""cifar10_c/contrast/3/00689"", ""cifar10_c/contrast/3/02620"", ""cifar10_c/contrast/3/03322"", ""cifar10_c/contrast/3/03835"", ""cifar10_c/contrast/3/07322"", ""cifar10_c/contrast/3/08776"", ""cifar10_c/contrast/3/07791"", ""cifar10_c/contrast/3/07128"", ""cifar10_c/contrast/3/04568"", ""cifar10_c/contrast/3/01432""]",True
/ceph/sagnihot/projects/Lorena_Contrastive_Representation_Arch/plots/diagnostics/followup_fixed_examples/cifar10/raw/p60/shared_frontend/fog__3.pdf,6,/ceph/sagnihot/projects/Lorena_Contrastive_Representation_Arch/plots/diagnostics/followup_fixed_examples/cifar10/raw/p60/shared_frontend/fog__3.png,/ceph/sagnihot/projects/Lorena_Contrastive_Representation_Arch/training_dense_testing_sparse/outputs/cases/cifar10/swin_tiny/raw/trained_dense/infer_compact/p60/seed0/50d6ba44a454c6746880e9001ade7f7250a9fd516065bedb19af973bd6c212cd/diagnostics/cells/fog__3.npz,"[""cifar10_c/fog/3/00689"", ""cifar10_c/fog/3/02620"", ""cifar10_c/fog/3/03322"", ""cifar10_c/fog/3/03835"", ""cifar10_c/fog/3/07322"", ""cifar10_c/fog/3/08776"", ""cifar10_c/fog/3/07791"", ""cifar10_c/fog/3/07128"", ""cifar10_c/fog/3/04568"", ""cifar10_c/fog/3/01432""]",True
/ceph/sagnihot/projects/Lorena_Contrastive_Representation_Arch/plots/diagnostics/followup_fixed_examples/cifar10/raw/p70/shared_frontend/brightness__3.pdf,6,/ceph/sagnihot/projects/Lorena_Contrastive_Representation_Arch/plots/diagnostics/followup_fixed_examples/cifar10/raw/p70/shared_frontend/brightness__3.png,/ceph/sagnihot/projects/Lorena_Contrastive_Representation_Arch/training_dense_testing_sparse/outputs/cases/cifar10/swin_tiny/raw/trained_dense/infer_compact/p70/seed0/40973cb6499558a8c2279247a137016ae7d9dd0783c93fb6b05ba6da935af4e8/diagnostics/cells/brightness__3.npz,"[""cifar10_c/brightness/3/00689"", ""cifar10_c/brightness/3/02620"", ""cifar10_c/brightness/3/03322"", ""cifar10_c/brightness/3/03835"", ""cifar10_c/brightness/3/07322"", ""cifar10_c/brightness/3/08776"", ""cifar10_c/brightness/3/07791"", ""cifar10_c/brightness/3/07128"", ""cifar10_c/brightness/3/04568"", ""cifar10_c/brightness/3/01432""]",True
/ceph/sagnihot/projects/Lorena_Contrastive_Representation_Arch/plots/diagnostics/followup_fixed_examples/cifar10/raw/p70/shared_frontend/clean__test.pdf,6,/ceph/sagnihot/projects/Lorena_Contrastive_Representation_Arch/plots/diagnostics/followup_fixed_examples/cifar10/raw/p70/shared_frontend/clean__test.png,/ceph/sagnihot/projects/Lorena_Contrastive_Representation_Arch/training_dense_testing_sparse/outputs/cases/cifar10/swin_tiny/raw/trained_dense/infer_compact/p70/seed0/40973cb6499558a8c2279247a137016ae7d9dd0783c93fb6b05ba6da935af4e8/diagnostics/cells/clean__test.npz,"[""cifar10/test/00689"", ""cifar10/test/02620"", ""cifar10/test/03322"", ""cifar10/test/03835"", ""cifar10/test/07322"", ""cifar10/test/08776"", ""cifar10/test/07791"", ""cifar10/test/07128"", ""cifar10/test/04568"", ""cifar10/test/01432""]",True
/ceph/sagnihot/projects/Lorena_Contrastive_Representation_Arch/plots/diagnostics/followup_fixed_examples/cifar10/raw/p70/shared_frontend/contrast__3.pdf,6,/ceph/sagnihot/projects/Lorena_Contrastive_Representation_Arch/plots/diagnostics/followup_fixed_examples/cifar10/raw/p70/shared_frontend/contrast__3.png,/ceph/sagnihot/projects/Lorena_Contrastive_Representation_Arch/training_dense_testing_sparse/outputs/cases/cifar10/swin_tiny/raw/trained_dense/infer_compact/p70/seed0/40973cb6499558a8c2279247a137016ae7d9dd0783c93fb6b05ba6da935af4e8/diagnostics/cells/contrast__3.npz,"[""cifar10_c/contrast/3/00689"", ""cifar10_c/contrast/3/02620"", ""cifar10_c/contrast/3/03322"", ""cifar10_c/contrast/3/03835"", ""cifar10_c/contrast/3/07322"", ""cifar10_c/contrast/3/08776"", ""cifar10_c/contrast/3/07791"", ""cifar10_c/contrast/3/07128"", ""cifar10_c/contrast/3/04568"", ""cifar10_c/contrast/3/01432""]",True
/ceph/sagnihot/projects/Lorena_Contrastive_Representation_Arch/plots/diagnostics/followup_fixed_examples/cifar10/raw/p70/shared_frontend/fog__3.pdf,6,/ceph/sagnihot/projects/Lorena_Contrastive_Representation_Arch/plots/diagnostics/followup_fixed_examples/cifar10/raw/p70/shared_frontend/fog__3.png,/ceph/sagnihot/projects/Lorena_Contrastive_Representation_Arch/training_dense_testing_sparse/outputs/cases/cifar10/swin_tiny/raw/trained_dense/infer_compact/p70/seed0/40973cb6499558a8c2279247a137016ae7d9dd0783c93fb6b05ba6da935af4e8/diagnostics/cells/fog__3.npz,"[""cifar10_c/fog/3/00689"", ""cifar10_c/fog/3/02620"", ""cifar10_c/fog/3/03322"", ""cifar10_c/fog/3/03835"", ""cifar10_c/fog/3/07322"", ""cifar10_c/fog/3/08776"", ""cifar10_c/fog/3/07791"", ""cifar10_c/fog/3/07128"", ""cifar10_c/fog/3/04568"", ""cifar10_c/fog/3/01432""]",True
/ceph/sagnihot/projects/Lorena_Contrastive_Representation_Arch/plots/diagnostics/followup_fixed_examples/cifar10/raw/p80/shared_frontend/brightness__3.pdf,6,/ceph/sagnihot/projects/Lorena_Contrastive_Representation_Arch/plots/diagnostics/followup_fixed_examples/cifar10/raw/p80/shared_frontend/brightness__3.png,/ceph/sagnihot/projects/Lorena_Contrastive_Representation_Arch/training_dense_testing_sparse/outputs/cases/cifar10/swin_tiny/raw/trained_dense/infer_compact/p80/seed0/5211e6ed121b8734b76d7e1f99cc53c77a9cef6857c1c77b9cf4ac11edb38f17/diagnostics/cells/brightness__3.npz,"[""cifar10_c/brightness/3/00689"", ""cifar10_c/brightness/3/02620"", ""cifar10_c/brightness/3/03322"", ""cifar10_c/brightness/3/03835"", ""cifar10_c/brightness/3/07322"", ""cifar10_c/brightness/3/08776"", ""cifar10_c/brightness/3/07791"", ""cifar10_c/brightness/3/07128"", ""cifar10_c/brightness/3/04568"", ""cifar10_c/brightness/3/01432""]",True
/ceph/sagnihot/projects/Lorena_Contrastive_Representation_Arch/plots/diagnostics/followup_fixed_examples/cifar10/raw/p80/shared_frontend/clean__test.pdf,6,/ceph/sagnihot/projects/Lorena_Contrastive_Representation_Arch/plots/diagnostics/followup_fixed_examples/cifar10/raw/p80/shared_frontend/clean__test.png,/ceph/sagnihot/projects/Lorena_Contrastive_Representation_Arch/training_dense_testing_sparse/outputs/cases/cifar10/swin_tiny/raw/trained_dense/infer_compact/p80/seed0/5211e6ed121b8734b76d7e1f99cc53c77a9cef6857c1c77b9cf4ac11edb38f17/diagnostics/cells/clean__test.npz,"[""cifar10/test/00689"", ""cifar10/test/02620"", ""cifar10/test/03322"", ""cifar10/test/03835"", ""cifar10/test/07322"", ""cifar10/test/08776"", ""cifar10/test/07791"", ""cifar10/test/07128"", ""cifar10/test/04568"", ""cifar10/test/01432""]",True
/ceph/sagnihot/projects/Lorena_Contrastive_Representation_Arch/plots/diagnostics/followup_fixed_examples/cifar10/raw/p80/shared_frontend/contrast__3.pdf,6,/ceph/sagnihot/projects/Lorena_Contrastive_Representation_Arch/plots/diagnostics/followup_fixed_examples/cifar10/raw/p80/shared_frontend/contrast__3.png,/ceph/sagnihot/projects/Lorena_Contrastive_Representation_Arch/training_dense_testing_sparse/outputs/cases/cifar10/swin_tiny/raw/trained_dense/infer_compact/p80/seed0/5211e6ed121b8734b76d7e1f99cc53c77a9cef6857c1c77b9cf4ac11edb38f17/diagnostics/cells/contrast__3.npz,"[""cifar10_c/contrast/3/00689"", ""cifar10_c/contrast/3/02620"", ""cifar10_c/contrast/3/03322"", ""cifar10_c/contrast/3/03835"", ""cifar10_c/contrast/3/07322"", ""cifar10_c/contrast/3/08776"", ""cifar10_c/contrast/3/07791"", ""cifar10_c/contrast/3/07128"", ""cifar10_c/contrast/3/04568"", ""cifar10_c/contrast/3/01432""]",True
/ceph/sagnihot/projects/Lorena_Contrastive_Representation_Arch/plots/diagnostics/followup_fixed_examples/cifar10/raw/p80/shared_frontend/fog__3.pdf,6,/ceph/sagnihot/projects/Lorena_Contrastive_Representation_Arch/plots/diagnostics/followup_fixed_examples/cifar10/raw/p80/shared_frontend/fog__3.png,/ceph/sagnihot/projects/Lorena_Contrastive_Representation_Arch/training_dense_testing_sparse/outputs/cases/cifar10/swin_tiny/raw/trained_dense/infer_compact/p80/seed0/5211e6ed121b8734b76d7e1f99cc53c77a9cef6857c1c77b9cf4ac11edb38f17/diagnostics/cells/fog__3.npz,"[""cifar10_c/fog/3/00689"", ""cifar10_c/fog/3/02620"", ""cifar10_c/fog/3/03322"", ""cifar10_c/fog/3/03835"", ""cifar10_c/fog/3/07322"", ""cifar10_c/fog/3/08776"", ""cifar10_c/fog/3/07791"", ""cifar10_c/fog/3/07128"", ""cifar10_c/fog/3/04568"", ""cifar10_c/fog/3/01432""]",True
/ceph/sagnihot/projects/Lorena_Contrastive_Representation_Arch/plots/diagnostics/followup_fixed_examples/cifar10/raw/p90/shared_frontend/brightness__3.pdf,6,/ceph/sagnihot/projects/Lorena_Contrastive_Representation_Arch/plots/diagnostics/followup_fixed_examples/cifar10/raw/p90/shared_frontend/brightness__3.png,/ceph/sagnihot/projects/Lorena_Contrastive_Representation_Arch/training_dense_testing_sparse/outputs/cases/cifar10/swin_tiny/raw/trained_dense/infer_compact/p90/seed0/92229b056e4ffe4935f7198b3bd3d2342e7499dccf8963445fcaab528c73ddcb/diagnostics/cells/brightness__3.npz,"[""cifar10_c/brightness/3/00689"", ""cifar10_c/brightness/3/02620"", ""cifar10_c/brightness/3/03322"", ""cifar10_c/brightness/3/03835"", ""cifar10_c/brightness/3/07322"", ""cifar10_c/brightness/3/08776"", ""cifar10_c/brightness/3/07791"", ""cifar10_c/brightness/3/07128"", ""cifar10_c/brightness/3/04568"", ""cifar10_c/brightness/3/01432""]",True
/ceph/sagnihot/projects/Lorena_Contrastive_Representation_Arch/plots/diagnostics/followup_fixed_examples/cifar10/raw/p90/shared_frontend/clean__test.pdf,6,/ceph/sagnihot/projects/Lorena_Contrastive_Representation_Arch/plots/diagnostics/followup_fixed_examples/cifar10/raw/p90/shared_frontend/clean__test.png,/ceph/sagnihot/projects/Lorena_Contrastive_Representation_Arch/training_dense_testing_sparse/outputs/cases/cifar10/swin_tiny/raw/trained_dense/infer_compact/p90/seed0/92229b056e4ffe4935f7198b3bd3d2342e7499dccf8963445fcaab528c73ddcb/diagnostics/cells/clean__test.npz,"[""cifar10/test/00689"", ""cifar10/test/02620"", ""cifar10/test/03322"", ""cifar10/test/03835"", ""cifar10/test/07322"", ""cifar10/test/08776"", ""cifar10/test/07791"", ""cifar10/test/07128"", ""cifar10/test/04568"", ""cifar10/test/01432""]",True
/ceph/sagnihot/projects/Lorena_Contrastive_Representation_Arch/plots/diagnostics/followup_fixed_examples/cifar10/raw/p90/shared_frontend/contrast__3.pdf,6,/ceph/sagnihot/projects/Lorena_Contrastive_Representation_Arch/plots/diagnostics/followup_fixed_examples/cifar10/raw/p90/shared_frontend/contrast__3.png,/ceph/sagnihot/projects/Lorena_Contrastive_Representation_Arch/training_dense_testing_sparse/outputs/cases/cifar10/swin_tiny/raw/trained_dense/infer_compact/p90/seed0/92229b056e4ffe4935f7198b3bd3d2342e7499dccf8963445fcaab528c73ddcb/diagnostics/cells/contrast__3.npz,"[""cifar10_c/contrast/3/00689"", ""cifar10_c/contrast/3/02620"", ""cifar10_c/contrast/3/03322"", ""cifar10_c/contrast/3/03835"", ""cifar10_c/contrast/3/07322"", ""cifar10_c/contrast/3/08776"", ""cifar10_c/contrast/3/07791"", ""cifar10_c/contrast/3/07128"", ""cifar10_c/contrast/3/04568"", ""cifar10_c/contrast/3/01432""]",True
/ceph/sagnihot/projects/Lorena_Contrastive_Representation_Arch/plots/diagnostics/followup_fixed_examples/cifar10/raw/p90/shared_frontend/fog__3.pdf,6,/ceph/sagnihot/projects/Lorena_Contrastive_Representation_Arch/plots/diagnostics/followup_fixed_examples/cifar10/raw/p90/shared_frontend/fog__3.png,/ceph/sagnihot/projects/Lorena_Contrastive_Representation_Arch/training_dense_testing_sparse/outputs/cases/cifar10/swin_tiny/raw/trained_dense/infer_compact/p90/seed0/92229b056e4ffe4935f7198b3bd3d2342e7499dccf8963445fcaab528c73ddcb/diagnostics/cells/fog__3.npz,"[""cifar10_c/fog/3/00689"", ""cifar10_c/fog/3/02620"", ""cifar10_c/fog/3/03322"", ""cifar10_c/fog/3/03835"", ""cifar10_c/fog/3/07322"", ""cifar10_c/fog/3/08776"", ""cifar10_c/fog/3/07791"", ""cifar10_c/fog/3/07128"", ""cifar10_c/fog/3/04568"", ""cifar10_c/fog/3/01432""]",True
/ceph/sagnihot/projects/Lorena_Contrastive_Representation_Arch/plots/diagnostics/followup_fixed_examples/cifar10/single_color/p0/shared_frontend/brightness__3.pdf,6,/ceph/sagnihot/projects/Lorena_Contrastive_Representation_Arch/plots/diagnostics/followup_fixed_examples/cifar10/single_color/p0/shared_frontend/brightness__3.png,/ceph/sagnihot/projects/Lorena_Contrastive_Representation_Arch/training_dense_testing_sparse/outputs/cases/cifar10/swin_tiny/single_color/trained_dense/infer_compact/p0/seed0/45a305bf56c9a49d1c01099d489932d27f50fb61f91cb01ed06d22281e42aa92/diagnostics/cells/brightness__3.npz,"[""cifar10_c/brightness/3/00689"", ""cifar10_c/brightness/3/02620"", ""cifar10_c/brightness/3/03322"", ""cifar10_c/brightness/3/03835"", ""cifar10_c/brightness/3/07322"", ""cifar10_c/brightness/3/08776"", ""cifar10_c/brightness/3/07791"", ""cifar10_c/brightness/3/07128"", ""cifar10_c/brightness/3/04568"", ""cifar10_c/brightness/3/01432""]",True
/ceph/sagnihot/projects/Lorena_Contrastive_Representation_Arch/plots/diagnostics/followup_fixed_examples/cifar10/single_color/p0/shared_frontend/clean__test.pdf,6,/ceph/sagnihot/projects/Lorena_Contrastive_Representation_Arch/plots/diagnostics/followup_fixed_examples/cifar10/single_color/p0/shared_frontend/clean__test.png,/ceph/sagnihot/projects/Lorena_Contrastive_Representation_Arch/training_dense_testing_sparse/outputs/cases/cifar10/swin_tiny/single_color/trained_dense/infer_compact/p0/seed0/45a305bf56c9a49d1c01099d489932d27f50fb61f91cb01ed06d22281e42aa92/diagnostics/cells/clean__test.npz,"[""cifar10/test/00689"", ""cifar10/test/02620"", ""cifar10/test/03322"", ""cifar10/test/03835"", ""cifar10/test/07322"", ""cifar10/test/08776"", ""cifar10/test/07791"", ""cifar10/test/07128"", ""cifar10/test/04568"", ""cifar10/test/01432""]",True
/ceph/sagnihot/projects/Lorena_Contrastive_Representation_Arch/plots/diagnostics/followup_fixed_examples/cifar10/single_color/p0/shared_frontend/contrast__3.pdf,6,/ceph/sagnihot/projects/Lorena_Contrastive_Representation_Arch/plots/diagnostics/followup_fixed_examples/cifar10/single_color/p0/shared_frontend/contrast__3.png,/ceph/sagnihot/projects/Lorena_Contrastive_Representation_Arch/training_dense_testing_sparse/outputs/cases/cifar10/swin_tiny/single_color/trained_dense/infer_compact/p0/seed0/45a305bf56c9a49d1c01099d489932d27f50fb61f91cb01ed06d22281e42aa92/diagnostics/cells/contrast__3.npz,"[""cifar10_c/contrast/3/00689"", ""cifar10_c/contrast/3/02620"", ""cifar10_c/contrast/3/03322"", ""cifar10_c/contrast/3/03835"", ""cifar10_c/contrast/3/07322"", ""cifar10_c/contrast/3/08776"", ""cifar10_c/contrast/3/07791"", ""cifar10_c/contrast/3/07128"", ""cifar10_c/contrast/3/04568"", ""cifar10_c/contrast/3/01432""]",True
/ceph/sagnihot/projects/Lorena_Contrastive_Representation_Arch/plots/diagnostics/followup_fixed_examples/cifar10/single_color/p0/shared_frontend/fog__3.pdf,6,/ceph/sagnihot/projects/Lorena_Contrastive_Representation_Arch/plots/diagnostics/followup_fixed_examples/cifar10/single_color/p0/shared_frontend/fog__3.png,/ceph/sagnihot/projects/Lorena_Contrastive_Representation_Arch/training_dense_testing_sparse/outputs/cases/cifar10/swin_tiny/single_color/trained_dense/infer_compact/p0/seed0/45a305bf56c9a49d1c01099d489932d27f50fb61f91cb01ed06d22281e42aa92/diagnostics/cells/fog__3.npz,"[""cifar10_c/fog/3/00689"", ""cifar10_c/fog/3/02620"", ""cifar10_c/fog/3/03322"", ""cifar10_c/fog/3/03835"", ""cifar10_c/fog/3/07322"", ""cifar10_c/fog/3/08776"", ""cifar10_c/fog/3/07791"", ""cifar10_c/fog/3/07128"", ""cifar10_c/fog/3/04568"", ""cifar10_c/fog/3/01432""]",True
/ceph/sagnihot/projects/Lorena_Contrastive_Representation_Arch/plots/diagnostics/followup_fixed_examples/cifar10/single_color/p10/shared_frontend/brightness__3.pdf,6,/ceph/sagnihot/projects/Lorena_Contrastive_Representation_Arch/plots/diagnostics/followup_fixed_examples/cifar10/single_color/p10/shared_frontend/brightness__3.png,/ceph/sagnihot/projects/Lorena_Contrastive_Representation_Arch/training_dense_testing_sparse/outputs/cases/cifar10/swin_tiny/single_color/trained_dense/infer_compact/p10/seed0/356a45507d83923eba6fda1eeea71515df81ef28ca81a52124a6a882ee26b476/diagnostics/cells/brightness__3.npz,"[""cifar10_c/brightness/3/00689"", ""cifar10_c/brightness/3/02620"", ""cifar10_c/brightness/3/03322"", ""cifar10_c/brightness/3/03835"", ""cifar10_c/brightness/3/07322"", ""cifar10_c/brightness/3/08776"", ""cifar10_c/brightness/3/07791"", ""cifar10_c/brightness/3/07128"", ""cifar10_c/brightness/3/04568"", ""cifar10_c/brightness/3/01432""]",True
/ceph/sagnihot/projects/Lorena_Contrastive_Representation_Arch/plots/diagnostics/followup_fixed_examples/cifar10/single_color/p10/shared_frontend/clean__test.pdf,6,/ceph/sagnihot/projects/Lorena_Contrastive_Representation_Arch/plots/diagnostics/followup_fixed_examples/cifar10/single_color/p10/shared_frontend/clean__test.png,/ceph/sagnihot/projects/Lorena_Contrastive_Representation_Arch/training_dense_testing_sparse/outputs/cases/cifar10/swin_tiny/single_color/trained_dense/infer_compact/p10/seed0/356a45507d83923eba6fda1eeea71515df81ef28ca81a52124a6a882ee26b476/diagnostics/cells/clean__test.npz,"[""cifar10/test/00689"", ""cifar10/test/02620"", ""cifar10/test/03322"", ""cifar10/test/03835"", ""cifar10/test/07322"", ""cifar10/test/08776"", ""cifar10/test/07791"", ""cifar10/test/07128"", ""cifar10/test/04568"", ""cifar10/test/01432""]",True
/ceph/sagnihot/projects/Lorena_Contrastive_Representation_Arch/plots/diagnostics/followup_fixed_examples/cifar10/single_color/p10/shared_frontend/contrast__3.pdf,6,/ceph/sagnihot/projects/Lorena_Contrastive_Representation_Arch/plots/diagnostics/followup_fixed_examples/cifar10/single_color/p10/shared_frontend/contrast__3.png,/ceph/sagnihot/projects/Lorena_Contrastive_Representation_Arch/training_dense_testing_sparse/outputs/cases/cifar10/swin_tiny/single_color/trained_dense/infer_compact/p10/seed0/356a45507d83923eba6fda1eeea71515df81ef28ca81a52124a6a882ee26b476/diagnostics/cells/contrast__3.npz,"[""cifar10_c/contrast/3/00689"", ""cifar10_c/contrast/3/02620"", ""cifar10_c/contrast/3/03322"", ""cifar10_c/contrast/3/03835"", ""cifar10_c/contrast/3/07322"", ""cifar10_c/contrast/3/08776"", ""cifar10_c/contrast/3/07791"", ""cifar10_c/contrast/3/07128"", ""cifar10_c/contrast/3/04568"", ""cifar10_c/contrast/3/01432""]",True
/ceph/sagnihot/projects/Lorena_Contrastive_Representation_Arch/plots/diagnostics/followup_fixed_examples/cifar10/single_color/p10/shared_frontend/fog__3.pdf,6,/ceph/sagnihot/projects/Lorena_Contrastive_Representation_Arch/plots/diagnostics/followup_fixed_examples/cifar10/single_color/p10/shared_frontend/fog__3.png,/ceph/sagnihot/projects/Lorena_Contrastive_Representation_Arch/training_dense_testing_sparse/outputs/cases/cifar10/swin_tiny/single_color/trained_dense/infer_compact/p10/seed0/356a45507d83923eba6fda1eeea71515df81ef28ca81a52124a6a882ee26b476/diagnostics/cells/fog__3.npz,"[""cifar10_c/fog/3/00689"", ""cifar10_c/fog/3/02620"", ""cifar10_c/fog/3/03322"", ""cifar10_c/fog/3/03835"", ""cifar10_c/fog/3/07322"", ""cifar10_c/fog/3/08776"", ""cifar10_c/fog/3/07791"", ""cifar10_c/fog/3/07128"", ""cifar10_c/fog/3/04568"", ""cifar10_c/fog/3/01432""]",True
/ceph/sagnihot/projects/Lorena_Contrastive_Representation_Arch/plots/diagnostics/followup_fixed_examples/cifar10/single_color/p20/shared_frontend/brightness__3.pdf,6,/ceph/sagnihot/projects/Lorena_Contrastive_Representation_Arch/plots/diagnostics/followup_fixed_examples/cifar10/single_color/p20/shared_frontend/brightness__3.png,/ceph/sagnihot/projects/Lorena_Contrastive_Representation_Arch/training_dense_testing_sparse/outputs/cases/cifar10/swin_tiny/single_color/trained_dense/infer_compact/p20/seed0/8c2318d678c322e4a347ab8fd48f51b893c08fd64b605fcab22ea071309c67c2/diagnostics/cells/brightness__3.npz,"[""cifar10_c/brightness/3/00689"", ""cifar10_c/brightness/3/02620"", ""cifar10_c/brightness/3/03322"", ""cifar10_c/brightness/3/03835"", ""cifar10_c/brightness/3/07322"", ""cifar10_c/brightness/3/08776"", ""cifar10_c/brightness/3/07791"", ""cifar10_c/brightness/3/07128"", ""cifar10_c/brightness/3/04568"", ""cifar10_c/brightness/3/01432""]",True
/ceph/sagnihot/projects/Lorena_Contrastive_Representation_Arch/plots/diagnostics/followup_fixed_examples/cifar10/single_color/p20/shared_frontend/clean__test.pdf,6,/ceph/sagnihot/projects/Lorena_Contrastive_Representation_Arch/plots/diagnostics/followup_fixed_examples/cifar10/single_color/p20/shared_frontend/clean__test.png,/ceph/sagnihot/projects/Lorena_Contrastive_Representation_Arch/training_dense_testing_sparse/outputs/cases/cifar10/swin_tiny/single_color/trained_dense/infer_compact/p20/seed0/8c2318d678c322e4a347ab8fd48f51b893c08fd64b605fcab22ea071309c67c2/diagnostics/cells/clean__test.npz,"[""cifar10/test/00689"", ""cifar10/test/02620"", ""cifar10/test/03322"", ""cifar10/test/03835"", ""cifar10/test/07322"", ""cifar10/test/08776"", ""cifar10/test/07791"", ""cifar10/test/07128"", ""cifar10/test/04568"", ""cifar10/test/01432""]",True
/ceph/sagnihot/projects/Lorena_Contrastive_Representation_Arch/plots/diagnostics/followup_fixed_examples/cifar10/single_color/p20/shared_frontend/contrast__3.pdf,6,/ceph/sagnihot/projects/Lorena_Contrastive_Representation_Arch/plots/diagnostics/followup_fixed_examples/cifar10/single_color/p20/shared_frontend/contrast__3.png,/ceph/sagnihot/projects/Lorena_Contrastive_Representation_Arch/training_dense_testing_sparse/outputs/cases/cifar10/swin_tiny/single_color/trained_dense/infer_compact/p20/seed0/8c2318d678c322e4a347ab8fd48f51b893c08fd64b605fcab22ea071309c67c2/diagnostics/cells/contrast__3.npz,"[""cifar10_c/contrast/3/00689"", ""cifar10_c/contrast/3/02620"", ""cifar10_c/contrast/3/03322"", ""cifar10_c/contrast/3/03835"", ""cifar10_c/contrast/3/07322"", ""cifar10_c/contrast/3/08776"", ""cifar10_c/contrast/3/07791"", ""cifar10_c/contrast/3/07128"", ""cifar10_c/contrast/3/04568"", ""cifar10_c/contrast/3/01432""]",True
/ceph/sagnihot/projects/Lorena_Contrastive_Representation_Arch/plots/diagnostics/followup_fixed_examples/cifar10/single_color/p20/shared_frontend/fog__3.pdf,6,/ceph/sagnihot/projects/Lorena_Contrastive_Representation_Arch/plots/diagnostics/followup_fixed_examples/cifar10/single_color/p20/shared_frontend/fog__3.png,/ceph/sagnihot/projects/Lorena_Contrastive_Representation_Arch/training_dense_testing_sparse/outputs/cases/cifar10/swin_tiny/single_color/trained_dense/infer_compact/p20/seed0/8c2318d678c322e4a347ab8fd48f51b893c08fd64b605fcab22ea071309c67c2/diagnostics/cells/fog__3.npz,"[""cifar10_c/fog/3/00689"", ""cifar10_c/fog/3/02620"", ""cifar10_c/fog/3/03322"", ""cifar10_c/fog/3/03835"", ""cifar10_c/fog/3/07322"", ""cifar10_c/fog/3/08776"", ""cifar10_c/fog/3/07791"", ""cifar10_c/fog/3/07128"", ""cifar10_c/fog/3/04568"", ""cifar10_c/fog/3/01432""]",True
/ceph/sagnihot/projects/Lorena_Contrastive_Representation_Arch/plots/diagnostics/followup_fixed_examples/cifar10/single_color/p30/shared_frontend/brightness__3.pdf,6,/ceph/sagnihot/projects/Lorena_Contrastive_Representation_Arch/plots/diagnostics/followup_fixed_examples/cifar10/single_color/p30/shared_frontend/brightness__3.png,/ceph/sagnihot/projects/Lorena_Contrastive_Representation_Arch/training_dense_testing_sparse/outputs/cases/cifar10/swin_tiny/single_color/trained_dense/infer_compact/p30/seed0/dee9f2184587f5291d794e148affeac7e91b7f1cccaa7997c537be7b2db39d13/diagnostics/cells/brightness__3.npz,"[""cifar10_c/brightness/3/00689"", ""cifar10_c/brightness/3/02620"", ""cifar10_c/brightness/3/03322"", ""cifar10_c/brightness/3/03835"", ""cifar10_c/brightness/3/07322"", ""cifar10_c/brightness/3/08776"", ""cifar10_c/brightness/3/07791"", ""cifar10_c/brightness/3/07128"", ""cifar10_c/brightness/3/04568"", ""cifar10_c/brightness/3/01432""]",True
/ceph/sagnihot/projects/Lorena_Contrastive_Representation_Arch/plots/diagnostics/followup_fixed_examples/cifar10/single_color/p30/shared_frontend/clean__test.pdf,6,/ceph/sagnihot/projects/Lorena_Contrastive_Representation_Arch/plots/diagnostics/followup_fixed_examples/cifar10/single_color/p30/shared_frontend/clean__test.png,/ceph/sagnihot/projects/Lorena_Contrastive_Representation_Arch/training_dense_testing_sparse/outputs/cases/cifar10/swin_tiny/single_color/trained_dense/infer_compact/p30/seed0/dee9f2184587f5291d794e148affeac7e91b7f1cccaa7997c537be7b2db39d13/diagnostics/cells/clean__test.npz,"[""cifar10/test/00689"", ""cifar10/test/02620"", ""cifar10/test/03322"", ""cifar10/test/03835"", ""cifar10/test/07322"", ""cifar10/test/08776"", ""cifar10/test/07791"", ""cifar10/test/07128"", ""cifar10/test/04568"", ""cifar10/test/01432""]",True
/ceph/sagnihot/projects/Lorena_Contrastive_Representation_Arch/plots/diagnostics/followup_fixed_examples/cifar10/single_color/p30/shared_frontend/contrast__3.pdf,6,/ceph/sagnihot/projects/Lorena_Contrastive_Representation_Arch/plots/diagnostics/followup_fixed_examples/cifar10/single_color/p30/shared_frontend/contrast__3.png,/ceph/sagnihot/projects/Lorena_Contrastive_Representation_Arch/training_dense_testing_sparse/outputs/cases/cifar10/swin_tiny/single_color/trained_dense/infer_compact/p30/seed0/dee9f2184587f5291d794e148affeac7e91b7f1cccaa7997c537be7b2db39d13/diagnostics/cells/contrast__3.npz,"[""cifar10_c/contrast/3/00689"", ""cifar10_c/contrast/3/02620"", ""cifar10_c/contrast/3/03322"", ""cifar10_c/contrast/3/03835"", ""cifar10_c/contrast/3/07322"", ""cifar10_c/contrast/3/08776"", ""cifar10_c/contrast/3/07791"", ""cifar10_c/contrast/3/07128"", ""cifar10_c/contrast/3/04568"", ""cifar10_c/contrast/3/01432""]",True
/ceph/sagnihot/projects/Lorena_Contrastive_Representation_Arch/plots/diagnostics/followup_fixed_examples/cifar10/single_color/p30/shared_frontend/fog__3.pdf,6,/ceph/sagnihot/projects/Lorena_Contrastive_Representation_Arch/plots/diagnostics/followup_fixed_examples/cifar10/single_color/p30/shared_frontend/fog__3.png,/ceph/sagnihot/projects/Lorena_Contrastive_Representation_Arch/training_dense_testing_sparse/outputs/cases/cifar10/swin_tiny/single_color/trained_dense/infer_compact/p30/seed0/dee9f2184587f5291d794e148affeac7e91b7f1cccaa7997c537be7b2db39d13/diagnostics/cells/fog__3.npz,"[""cifar10_c/fog/3/00689"", ""cifar10_c/fog/3/02620"", ""cifar10_c/fog/3/03322"", ""cifar10_c/fog/3/03835"", ""cifar10_c/fog/3/07322"", ""cifar10_c/fog/3/08776"", ""cifar10_c/fog/3/07791"", ""cifar10_c/fog/3/07128"", ""cifar10_c/fog/3/04568"", ""cifar10_c/fog/3/01432""]",True
/ceph/sagnihot/projects/Lorena_Contrastive_Representation_Arch/plots/diagnostics/followup_fixed_examples/cifar10/single_color/p40/shared_frontend/brightness__3.pdf,6,/ceph/sagnihot/projects/Lorena_Contrastive_Representation_Arch/plots/diagnostics/followup_fixed_examples/cifar10/single_color/p40/shared_frontend/brightness__3.png,/ceph/sagnihot/projects/Lorena_Contrastive_Representation_Arch/training_dense_testing_sparse/outputs/cases/cifar10/swin_tiny/single_color/trained_dense/infer_compact/p40/seed0/08b0cf029925fb44025a9c549a3c6e2443cf394d2b8a374e5726da52144d1b74/diagnostics/cells/brightness__3.npz,"[""cifar10_c/brightness/3/00689"", ""cifar10_c/brightness/3/02620"", ""cifar10_c/brightness/3/03322"", ""cifar10_c/brightness/3/03835"", ""cifar10_c/brightness/3/07322"", ""cifar10_c/brightness/3/08776"", ""cifar10_c/brightness/3/07791"", ""cifar10_c/brightness/3/07128"", ""cifar10_c/brightness/3/04568"", ""cifar10_c/brightness/3/01432""]",True
/ceph/sagnihot/projects/Lorena_Contrastive_Representation_Arch/plots/diagnostics/followup_fixed_examples/cifar10/single_color/p40/shared_frontend/clean__test.pdf,6,/ceph/sagnihot/projects/Lorena_Contrastive_Representation_Arch/plots/diagnostics/followup_fixed_examples/cifar10/single_color/p40/shared_frontend/clean__test.png,/ceph/sagnihot/projects/Lorena_Contrastive_Representation_Arch/training_dense_testing_sparse/outputs/cases/cifar10/swin_tiny/single_color/trained_dense/infer_compact/p40/seed0/08b0cf029925fb44025a9c549a3c6e2443cf394d2b8a374e5726da52144d1b74/diagnostics/cells/clean__test.npz,"[""cifar10/test/00689"", ""cifar10/test/02620"", ""cifar10/test/03322"", ""cifar10/test/03835"", ""cifar10/test/07322"", ""cifar10/test/08776"", ""cifar10/test/07791"", ""cifar10/test/07128"", ""cifar10/test/04568"", ""cifar10/test/01432""]",True
/ceph/sagnihot/projects/Lorena_Contrastive_Representation_Arch/plots/diagnostics/followup_fixed_examples/cifar10/single_color/p40/shared_frontend/contrast__3.pdf,6,/ceph/sagnihot/projects/Lorena_Contrastive_Representation_Arch/plots/diagnostics/followup_fixed_examples/cifar10/single_color/p40/shared_frontend/contrast__3.png,/ceph/sagnihot/projects/Lorena_Contrastive_Representation_Arch/training_dense_testing_sparse/outputs/cases/cifar10/swin_tiny/single_color/trained_dense/infer_compact/p40/seed0/08b0cf029925fb44025a9c549a3c6e2443cf394d2b8a374e5726da52144d1b74/diagnostics/cells/contrast__3.npz,"[""cifar10_c/contrast/3/00689"", ""cifar10_c/contrast/3/02620"", ""cifar10_c/contrast/3/03322"", ""cifar10_c/contrast/3/03835"", ""cifar10_c/contrast/3/07322"", ""cifar10_c/contrast/3/08776"", ""cifar10_c/contrast/3/07791"", ""cifar10_c/contrast/3/07128"", ""cifar10_c/contrast/3/04568"", ""cifar10_c/contrast/3/01432""]",True
/ceph/sagnihot/projects/Lorena_Contrastive_Representation_Arch/plots/diagnostics/followup_fixed_examples/cifar10/single_color/p40/shared_frontend/fog__3.pdf,6,/ceph/sagnihot/projects/Lorena_Contrastive_Representation_Arch/plots/diagnostics/followup_fixed_examples/cifar10/single_color/p40/shared_frontend/fog__3.png,/ceph/sagnihot/projects/Lorena_Contrastive_Representation_Arch/training_dense_testing_sparse/outputs/cases/cifar10/swin_tiny/single_color/trained_dense/infer_compact/p40/seed0/08b0cf029925fb44025a9c549a3c6e2443cf394d2b8a374e5726da52144d1b74/diagnostics/cells/fog__3.npz,"[""cifar10_c/fog/3/00689"", ""cifar10_c/fog/3/02620"", ""cifar10_c/fog/3/03322"", ""cifar10_c/fog/3/03835"", ""cifar10_c/fog/3/07322"", ""cifar10_c/fog/3/08776"", ""cifar10_c/fog/3/07791"", ""cifar10_c/fog/3/07128"", ""cifar10_c/fog/3/04568"", ""cifar10_c/fog/3/01432""]",True
/ceph/sagnihot/projects/Lorena_Contrastive_Representation_Arch/plots/diagnostics/followup_fixed_examples/cifar10/single_color/p50/shared_frontend/brightness__3.pdf,6,/ceph/sagnihot/projects/Lorena_Contrastive_Representation_Arch/plots/diagnostics/followup_fixed_examples/cifar10/single_color/p50/shared_frontend/brightness__3.png,/ceph/sagnihot/projects/Lorena_Contrastive_Representation_Arch/training_dense_testing_sparse/outputs/cases/cifar10/swin_tiny/single_color/trained_dense/infer_compact/p50/seed0/8fb9e08264915feae430947f6745f4b4a85bbb2ef63b66f2a737dae9e75ca924/diagnostics/cells/brightness__3.npz,"[""cifar10_c/brightness/3/00689"", ""cifar10_c/brightness/3/02620"", ""cifar10_c/brightness/3/03322"", ""cifar10_c/brightness/3/03835"", ""cifar10_c/brightness/3/07322"", ""cifar10_c/brightness/3/08776"", ""cifar10_c/brightness/3/07791"", ""cifar10_c/brightness/3/07128"", ""cifar10_c/brightness/3/04568"", ""cifar10_c/brightness/3/01432""]",True
/ceph/sagnihot/projects/Lorena_Contrastive_Representation_Arch/plots/diagnostics/followup_fixed_examples/cifar10/single_color/p50/shared_frontend/clean__test.pdf,6,/ceph/sagnihot/projects/Lorena_Contrastive_Representation_Arch/plots/diagnostics/followup_fixed_examples/cifar10/single_color/p50/shared_frontend/clean__test.png,/ceph/sagnihot/projects/Lorena_Contrastive_Representation_Arch/training_dense_testing_sparse/outputs/cases/cifar10/swin_tiny/single_color/trained_dense/infer_compact/p50/seed0/8fb9e08264915feae430947f6745f4b4a85bbb2ef63b66f2a737dae9e75ca924/diagnostics/cells/clean__test.npz,"[""cifar10/test/00689"", ""cifar10/test/02620"", ""cifar10/test/03322"", ""cifar10/test/03835"", ""cifar10/test/07322"", ""cifar10/test/08776"", ""cifar10/test/07791"", ""cifar10/test/07128"", ""cifar10/test/04568"", ""cifar10/test/01432""]",True
/ceph/sagnihot/projects/Lorena_Contrastive_Representation_Arch/plots/diagnostics/followup_fixed_examples/cifar10/single_color/p50/shared_frontend/contrast__3.pdf,6,/ceph/sagnihot/projects/Lorena_Contrastive_Representation_Arch/plots/diagnostics/followup_fixed_examples/cifar10/single_color/p50/shared_frontend/contrast__3.png,/ceph/sagnihot/projects/Lorena_Contrastive_Representation_Arch/training_dense_testing_sparse/outputs/cases/cifar10/swin_tiny/single_color/trained_dense/infer_compact/p50/seed0/8fb9e08264915feae430947f6745f4b4a85bbb2ef63b66f2a737dae9e75ca924/diagnostics/cells/contrast__3.npz,"[""cifar10_c/contrast/3/00689"", ""cifar10_c/contrast/3/02620"", ""cifar10_c/contrast/3/03322"", ""cifar10_c/contrast/3/03835"", ""cifar10_c/contrast/3/07322"", ""cifar10_c/contrast/3/08776"", ""cifar10_c/contrast/3/07791"", ""cifar10_c/contrast/3/07128"", ""cifar10_c/contrast/3/04568"", ""cifar10_c/contrast/3/01432""]",True
/ceph/sagnihot/projects/Lorena_Contrastive_Representation_Arch/plots/diagnostics/followup_fixed_examples/cifar10/single_color/p50/shared_frontend/fog__3.pdf,6,/ceph/sagnihot/projects/Lorena_Contrastive_Representation_Arch/plots/diagnostics/followup_fixed_examples/cifar10/single_color/p50/shared_frontend/fog__3.png,/ceph/sagnihot/projects/Lorena_Contrastive_Representation_Arch/training_dense_testing_sparse/outputs/cases/cifar10/swin_tiny/single_color/trained_dense/infer_compact/p50/seed0/8fb9e08264915feae430947f6745f4b4a85bbb2ef63b66f2a737dae9e75ca924/diagnostics/cells/fog__3.npz,"[""cifar10_c/fog/3/00689"", ""cifar10_c/fog/3/02620"", ""cifar10_c/fog/3/03322"", ""cifar10_c/fog/3/03835"", ""cifar10_c/fog/3/07322"", ""cifar10_c/fog/3/08776"", ""cifar10_c/fog/3/07791"", ""cifar10_c/fog/3/07128"", ""cifar10_c/fog/3/04568"", ""cifar10_c/fog/3/01432""]",True
/ceph/sagnihot/projects/Lorena_Contrastive_Representation_Arch/plots/diagnostics/followup_fixed_examples/cifar10/single_color/p60/shared_frontend/brightness__3.pdf,6,/ceph/sagnihot/projects/Lorena_Contrastive_Representation_Arch/plots/diagnostics/followup_fixed_examples/cifar10/single_color/p60/shared_frontend/brightness__3.png,/ceph/sagnihot/projects/Lorena_Contrastive_Representation_Arch/training_dense_testing_sparse/outputs/cases/cifar10/swin_tiny/single_color/trained_dense/infer_compact/p60/seed0/a590364acab2218dc37cce985f58be394d8e21941be522e65a79b1140d85bde4/diagnostics/cells/brightness__3.npz,"[""cifar10_c/brightness/3/00689"", ""cifar10_c/brightness/3/02620"", ""cifar10_c/brightness/3/03322"", ""cifar10_c/brightness/3/03835"", ""cifar10_c/brightness/3/07322"", ""cifar10_c/brightness/3/08776"", ""cifar10_c/brightness/3/07791"", ""cifar10_c/brightness/3/07128"", ""cifar10_c/brightness/3/04568"", ""cifar10_c/brightness/3/01432""]",True
/ceph/sagnihot/projects/Lorena_Contrastive_Representation_Arch/plots/diagnostics/followup_fixed_examples/cifar10/single_color/p60/shared_frontend/clean__test.pdf,6,/ceph/sagnihot/projects/Lorena_Contrastive_Representation_Arch/plots/diagnostics/followup_fixed_examples/cifar10/single_color/p60/shared_frontend/clean__test.png,/ceph/sagnihot/projects/Lorena_Contrastive_Representation_Arch/training_dense_testing_sparse/outputs/cases/cifar10/swin_tiny/single_color/trained_dense/infer_compact/p60/seed0/a590364acab2218dc37cce985f58be394d8e21941be522e65a79b1140d85bde4/diagnostics/cells/clean__test.npz,"[""cifar10/test/00689"", ""cifar10/test/02620"", ""cifar10/test/03322"", ""cifar10/test/03835"", ""cifar10/test/07322"", ""cifar10/test/08776"", ""cifar10/test/07791"", ""cifar10/test/07128"", ""cifar10/test/04568"", ""cifar10/test/01432""]",True
/ceph/sagnihot/projects/Lorena_Contrastive_Representation_Arch/plots/diagnostics/followup_fixed_examples/cifar10/single_color/p60/shared_frontend/contrast__3.pdf,6,/ceph/sagnihot/projects/Lorena_Contrastive_Representation_Arch/plots/diagnostics/followup_fixed_examples/cifar10/single_color/p60/shared_frontend/contrast__3.png,/ceph/sagnihot/projects/Lorena_Contrastive_Representation_Arch/training_dense_testing_sparse/outputs/cases/cifar10/swin_tiny/single_color/trained_dense/infer_compact/p60/seed0/a590364acab2218dc37cce985f58be394d8e21941be522e65a79b1140d85bde4/diagnostics/cells/contrast__3.npz,"[""cifar10_c/contrast/3/00689"", ""cifar10_c/contrast/3/02620"", ""cifar10_c/contrast/3/03322"", ""cifar10_c/contrast/3/03835"", ""cifar10_c/contrast/3/07322"", ""cifar10_c/contrast/3/08776"", ""cifar10_c/contrast/3/07791"", ""cifar10_c/contrast/3/07128"", ""cifar10_c/contrast/3/04568"", ""cifar10_c/contrast/3/01432""]",True
/ceph/sagnihot/projects/Lorena_Contrastive_Representation_Arch/plots/diagnostics/followup_fixed_examples/cifar10/single_color/p60/shared_frontend/fog__3.pdf,6,/ceph/sagnihot/projects/Lorena_Contrastive_Representation_Arch/plots/diagnostics/followup_fixed_examples/cifar10/single_color/p60/shared_frontend/fog__3.png,/ceph/sagnihot/projects/Lorena_Contrastive_Representation_Arch/training_dense_testing_sparse/outputs/cases/cifar10/swin_tiny/single_color/trained_dense/infer_compact/p60/seed0/a590364acab2218dc37cce985f58be394d8e21941be522e65a79b1140d85bde4/diagnostics/cells/fog__3.npz,"[""cifar10_c/fog/3/00689"", ""cifar10_c/fog/3/02620"", ""cifar10_c/fog/3/03322"", ""cifar10_c/fog/3/03835"", ""cifar10_c/fog/3/07322"", ""cifar10_c/fog/3/08776"", ""cifar10_c/fog/3/07791"", ""cifar10_c/fog/3/07128"", ""cifar10_c/fog/3/04568"", ""cifar10_c/fog/3/01432""]",True
/ceph/sagnihot/projects/Lorena_Contrastive_Representation_Arch/plots/diagnostics/followup_fixed_examples/cifar10/single_color/p70/shared_frontend/brightness__3.pdf,6,/ceph/sagnihot/projects/Lorena_Contrastive_Representation_Arch/plots/diagnostics/followup_fixed_examples/cifar10/single_color/p70/shared_frontend/brightness__3.png,/ceph/sagnihot/projects/Lorena_Contrastive_Representation_Arch/training_dense_testing_sparse/outputs/cases/cifar10/swin_tiny/single_color/trained_dense/infer_compact/p70/seed0/aca28ba26694d689064e7f07c4f8cd11b66cceacd95026e84d7574a406e46d1c/diagnostics/cells/brightness__3.npz,"[""cifar10_c/brightness/3/00689"", ""cifar10_c/brightness/3/02620"", ""cifar10_c/brightness/3/03322"", ""cifar10_c/brightness/3/03835"", ""cifar10_c/brightness/3/07322"", ""cifar10_c/brightness/3/08776"", ""cifar10_c/brightness/3/07791"", ""cifar10_c/brightness/3/07128"", ""cifar10_c/brightness/3/04568"", ""cifar10_c/brightness/3/01432""]",True
/ceph/sagnihot/projects/Lorena_Contrastive_Representation_Arch/plots/diagnostics/followup_fixed_examples/cifar10/single_color/p70/shared_frontend/clean__test.pdf,6,/ceph/sagnihot/projects/Lorena_Contrastive_Representation_Arch/plots/diagnostics/followup_fixed_examples/cifar10/single_color/p70/shared_frontend/clean__test.png,/ceph/sagnihot/projects/Lorena_Contrastive_Representation_Arch/training_dense_testing_sparse/outputs/cases/cifar10/swin_tiny/single_color/trained_dense/infer_compact/p70/seed0/aca28ba26694d689064e7f07c4f8cd11b66cceacd95026e84d7574a406e46d1c/diagnostics/cells/clean__test.npz,"[""cifar10/test/00689"", ""cifar10/test/02620"", ""cifar10/test/03322"", ""cifar10/test/03835"", ""cifar10/test/07322"", ""cifar10/test/08776"", ""cifar10/test/07791"", ""cifar10/test/07128"", ""cifar10/test/04568"", ""cifar10/test/01432""]",True
/ceph/sagnihot/projects/Lorena_Contrastive_Representation_Arch/plots/diagnostics/followup_fixed_examples/cifar10/single_color/p70/shared_frontend/contrast__3.pdf,6,/ceph/sagnihot/projects/Lorena_Contrastive_Representation_Arch/plots/diagnostics/followup_fixed_examples/cifar10/single_color/p70/shared_frontend/contrast__3.png,/ceph/sagnihot/projects/Lorena_Contrastive_Representation_Arch/training_dense_testing_sparse/outputs/cases/cifar10/swin_tiny/single_color/trained_dense/infer_compact/p70/seed0/aca28ba26694d689064e7f07c4f8cd11b66cceacd95026e84d7574a406e46d1c/diagnostics/cells/contrast__3.npz,"[""cifar10_c/contrast/3/00689"", ""cifar10_c/contrast/3/02620"", ""cifar10_c/contrast/3/03322"", ""cifar10_c/contrast/3/03835"", ""cifar10_c/contrast/3/07322"", ""cifar10_c/contrast/3/08776"", ""cifar10_c/contrast/3/07791"", ""cifar10_c/contrast/3/07128"", ""cifar10_c/contrast/3/04568"", ""cifar10_c/contrast/3/01432""]",True
/ceph/sagnihot/projects/Lorena_Contrastive_Representation_Arch/plots/diagnostics/followup_fixed_examples/cifar10/single_color/p70/shared_frontend/fog__3.pdf,6,/ceph/sagnihot/projects/Lorena_Contrastive_Representation_Arch/plots/diagnostics/followup_fixed_examples/cifar10/single_color/p70/shared_frontend/fog__3.png,/ceph/sagnihot/projects/Lorena_Contrastive_Representation_Arch/training_dense_testing_sparse/outputs/cases/cifar10/swin_tiny/single_color/trained_dense/infer_compact/p70/seed0/aca28ba26694d689064e7f07c4f8cd11b66cceacd95026e84d7574a406e46d1c/diagnostics/cells/fog__3.npz,"[""cifar10_c/fog/3/00689"", ""cifar10_c/fog/3/02620"", ""cifar10_c/fog/3/03322"", ""cifar10_c/fog/3/03835"", ""cifar10_c/fog/3/07322"", ""cifar10_c/fog/3/08776"", ""cifar10_c/fog/3/07791"", ""cifar10_c/fog/3/07128"", ""cifar10_c/fog/3/04568"", ""cifar10_c/fog/3/01432""]",True
/ceph/sagnihot/projects/Lorena_Contrastive_Representation_Arch/plots/diagnostics/followup_fixed_examples/cifar10/single_color/p80/shared_frontend/brightness__3.pdf,6,/ceph/sagnihot/projects/Lorena_Contrastive_Representation_Arch/plots/diagnostics/followup_fixed_examples/cifar10/single_color/p80/shared_frontend/brightness__3.png,/ceph/sagnihot/projects/Lorena_Contrastive_Representation_Arch/training_dense_testing_sparse/outputs/cases/cifar10/swin_tiny/single_color/trained_dense/infer_compact/p80/seed0/a53a935b68706a0c8679f365f346ae84b9fb1b8b236c129ff26cc941955ed82e/diagnostics/cells/brightness__3.npz,"[""cifar10_c/brightness/3/00689"", ""cifar10_c/brightness/3/02620"", ""cifar10_c/brightness/3/03322"", ""cifar10_c/brightness/3/03835"", ""cifar10_c/brightness/3/07322"", ""cifar10_c/brightness/3/08776"", ""cifar10_c/brightness/3/07791"", ""cifar10_c/brightness/3/07128"", ""cifar10_c/brightness/3/04568"", ""cifar10_c/brightness/3/01432""]",True
/ceph/sagnihot/projects/Lorena_Contrastive_Representation_Arch/plots/diagnostics/followup_fixed_examples/cifar10/single_color/p80/shared_frontend/clean__test.pdf,6,/ceph/sagnihot/projects/Lorena_Contrastive_Representation_Arch/plots/diagnostics/followup_fixed_examples/cifar10/single_color/p80/shared_frontend/clean__test.png,/ceph/sagnihot/projects/Lorena_Contrastive_Representation_Arch/training_dense_testing_sparse/outputs/cases/cifar10/swin_tiny/single_color/trained_dense/infer_compact/p80/seed0/a53a935b68706a0c8679f365f346ae84b9fb1b8b236c129ff26cc941955ed82e/diagnostics/cells/clean__test.npz,"[""cifar10/test/00689"", ""cifar10/test/02620"", ""cifar10/test/03322"", ""cifar10/test/03835"", ""cifar10/test/07322"", ""cifar10/test/08776"", ""cifar10/test/07791"", ""cifar10/test/07128"", ""cifar10/test/04568"", ""cifar10/test/01432""]",True
/ceph/sagnihot/projects/Lorena_Contrastive_Representation_Arch/plots/diagnostics/followup_fixed_examples/cifar10/single_color/p80/shared_frontend/contrast__3.pdf,6,/ceph/sagnihot/projects/Lorena_Contrastive_Representation_Arch/plots/diagnostics/followup_fixed_examples/cifar10/single_color/p80/shared_frontend/contrast__3.png,/ceph/sagnihot/projects/Lorena_Contrastive_Representation_Arch/training_dense_testing_sparse/outputs/cases/cifar10/swin_tiny/single_color/trained_dense/infer_compact/p80/seed0/a53a935b68706a0c8679f365f346ae84b9fb1b8b236c129ff26cc941955ed82e/diagnostics/cells/contrast__3.npz,"[""cifar10_c/contrast/3/00689"", ""cifar10_c/contrast/3/02620"", ""cifar10_c/contrast/3/03322"", ""cifar10_c/contrast/3/03835"", ""cifar10_c/contrast/3/07322"", ""cifar10_c/contrast/3/08776"", ""cifar10_c/contrast/3/07791"", ""cifar10_c/contrast/3/07128"", ""cifar10_c/contrast/3/04568"", ""cifar10_c/contrast/3/01432""]",True
/ceph/sagnihot/projects/Lorena_Contrastive_Representation_Arch/plots/diagnostics/followup_fixed_examples/cifar10/single_color/p80/shared_frontend/fog__3.pdf,6,/ceph/sagnihot/projects/Lorena_Contrastive_Representation_Arch/plots/diagnostics/followup_fixed_examples/cifar10/single_color/p80/shared_frontend/fog__3.png,/ceph/sagnihot/projects/Lorena_Contrastive_Representation_Arch/training_dense_testing_sparse/outputs/cases/cifar10/swin_tiny/single_color/trained_dense/infer_compact/p80/seed0/a53a935b68706a0c8679f365f346ae84b9fb1b8b236c129ff26cc941955ed82e/diagnostics/cells/fog__3.npz,"[""cifar10_c/fog/3/00689"", ""cifar10_c/fog/3/02620"", ""cifar10_c/fog/3/03322"", ""cifar10_c/fog/3/03835"", ""cifar10_c/fog/3/07322"", ""cifar10_c/fog/3/08776"", ""cifar10_c/fog/3/07791"", ""cifar10_c/fog/3/07128"", ""cifar10_c/fog/3/04568"", ""cifar10_c/fog/3/01432""]",True
/ceph/sagnihot/projects/Lorena_Contrastive_Representation_Arch/plots/diagnostics/followup_fixed_examples/cifar10/single_color/p90/shared_frontend/brightness__3.pdf,6,/ceph/sagnihot/projects/Lorena_Contrastive_Representation_Arch/plots/diagnostics/followup_fixed_examples/cifar10/single_color/p90/shared_frontend/brightness__3.png,/ceph/sagnihot/projects/Lorena_Contrastive_Representation_Arch/training_dense_testing_sparse/outputs/cases/cifar10/swin_tiny/single_color/trained_dense/infer_compact/p90/seed0/6cd482cf3aff7942f9dddc8c804c798ab3669fd7bb4d5ee8d7001248deb98f03/diagnostics/cells/brightness__3.npz,"[""cifar10_c/brightness/3/00689"", ""cifar10_c/brightness/3/02620"", ""cifar10_c/brightness/3/03322"", ""cifar10_c/brightness/3/03835"", ""cifar10_c/brightness/3/07322"", ""cifar10_c/brightness/3/08776"", ""cifar10_c/brightness/3/07791"", ""cifar10_c/brightness/3/07128"", ""cifar10_c/brightness/3/04568"", ""cifar10_c/brightness/3/01432""]",True
/ceph/sagnihot/projects/Lorena_Contrastive_Representation_Arch/plots/diagnostics/followup_fixed_examples/cifar10/single_color/p90/shared_frontend/clean__test.pdf,6,/ceph/sagnihot/projects/Lorena_Contrastive_Representation_Arch/plots/diagnostics/followup_fixed_examples/cifar10/single_color/p90/shared_frontend/clean__test.png,/ceph/sagnihot/projects/Lorena_Contrastive_Representation_Arch/training_dense_testing_sparse/outputs/cases/cifar10/swin_tiny/single_color/trained_dense/infer_compact/p90/seed0/6cd482cf3aff7942f9dddc8c804c798ab3669fd7bb4d5ee8d7001248deb98f03/diagnostics/cells/clean__test.npz,"[""cifar10/test/00689"", ""cifar10/test/02620"", ""cifar10/test/03322"", ""cifar10/test/03835"", ""cifar10/test/07322"", ""cifar10/test/08776"", ""cifar10/test/07791"", ""cifar10/test/07128"", ""cifar10/test/04568"", ""cifar10/test/01432""]",True
/ceph/sagnihot/projects/Lorena_Contrastive_Representation_Arch/plots/diagnostics/followup_fixed_examples/cifar10/single_color/p90/shared_frontend/contrast__3.pdf,6,/ceph/sagnihot/projects/Lorena_Contrastive_Representation_Arch/plots/diagnostics/followup_fixed_examples/cifar10/single_color/p90/shared_frontend/contrast__3.png,/ceph/sagnihot/projects/Lorena_Contrastive_Representation_Arch/training_dense_testing_sparse/outputs/cases/cifar10/swin_tiny/single_color/trained_dense/infer_compact/p90/seed0/6cd482cf3aff7942f9dddc8c804c798ab3669fd7bb4d5ee8d7001248deb98f03/diagnostics/cells/contrast__3.npz,"[""cifar10_c/contrast/3/00689"", ""cifar10_c/contrast/3/02620"", ""cifar10_c/contrast/3/03322"", ""cifar10_c/contrast/3/03835"", ""cifar10_c/contrast/3/07322"", ""cifar10_c/contrast/3/08776"", ""cifar10_c/contrast/3/07791"", ""cifar10_c/contrast/3/07128"", ""cifar10_c/contrast/3/04568"", ""cifar10_c/contrast/3/01432""]",True
/ceph/sagnihot/projects/Lorena_Contrastive_Representation_Arch/plots/diagnostics/followup_fixed_examples/cifar10/single_color/p90/shared_frontend/fog__3.pdf,6,/ceph/sagnihot/projects/Lorena_Contrastive_Representation_Arch/plots/diagnostics/followup_fixed_examples/cifar10/single_color/p90/shared_frontend/fog__3.png,/ceph/sagnihot/projects/Lorena_Contrastive_Representation_Arch/training_dense_testing_sparse/outputs/cases/cifar10/swin_tiny/single_color/trained_dense/infer_compact/p90/seed0/6cd482cf3aff7942f9dddc8c804c798ab3669fd7bb4d5ee8d7001248deb98f03/diagnostics/cells/fog__3.npz,"[""cifar10_c/fog/3/00689"", ""cifar10_c/fog/3/02620"", ""cifar10_c/fog/3/03322"", ""cifar10_c/fog/3/03835"", ""cifar10_c/fog/3/07322"", ""cifar10_c/fog/3/08776"", ""cifar10_c/fog/3/07791"", ""cifar10_c/fog/3/07128"", ""cifar10_c/fog/3/04568"", ""cifar10_c/fog/3/01432""]",True
/ceph/sagnihot/projects/Lorena_Contrastive_Representation_Arch/plots/diagnostics/followup_fixed_examples/mnist/grayscale/p0/shared_frontend/brightness__fixed.pdf,2,/ceph/sagnihot/projects/Lorena_Contrastive_Representation_Arch/plots/diagnostics/followup_fixed_examples/mnist/grayscale/p0/shared_frontend/brightness__fixed.png,/ceph/sagnihot/projects/Lorena_Contrastive_Representation_Arch/training_dense_testing_sparse/outputs/cases/mnist/swin_tiny/grayscale/trained_dense/infer_compact/p0/seed0/f68781dcf865d2910a2335d6fdd43b51a3879a890e9cf9a30f89a30ba63293d2/diagnostics/cells/brightness__fixed.npz,"[""mnist_c/brightness/fixed/09800"", ""mnist_c/brightness/fixed/09415"", ""mnist_c/brightness/fixed/05099"", ""mnist_c/brightness/fixed/06382"", ""mnist_c/brightness/fixed/05004"", ""mnist_c/brightness/fixed/03312"", ""mnist_c/brightness/fixed/03273"", ""mnist_c/brightness/fixed/00726"", ""mnist_c/brightness/fixed/07872"", ""mnist_c/brightness/fixed/07651""]",True
/ceph/sagnihot/projects/Lorena_Contrastive_Representation_Arch/plots/diagnostics/followup_fixed_examples/mnist/grayscale/p0/shared_frontend/clean__test.pdf,2,/ceph/sagnihot/projects/Lorena_Contrastive_Representation_Arch/plots/diagnostics/followup_fixed_examples/mnist/grayscale/p0/shared_frontend/clean__test.png,/ceph/sagnihot/projects/Lorena_Contrastive_Representation_Arch/training_dense_testing_sparse/outputs/cases/mnist/swin_tiny/grayscale/trained_dense/infer_compact/p0/seed0/f68781dcf865d2910a2335d6fdd43b51a3879a890e9cf9a30f89a30ba63293d2/diagnostics/cells/clean__test.npz,"[""mnist/test/09800"", ""mnist/test/09415"", ""mnist/test/05099"", ""mnist/test/06382"", ""mnist/test/05004"", ""mnist/test/03312"", ""mnist/test/03273"", ""mnist/test/00726"", ""mnist/test/07872"", ""mnist/test/07651""]",True
/ceph/sagnihot/projects/Lorena_Contrastive_Representation_Arch/plots/diagnostics/followup_fixed_examples/mnist/grayscale/p0/shared_frontend/fog__fixed.pdf,2,/ceph/sagnihot/projects/Lorena_Contrastive_Representation_Arch/plots/diagnostics/followup_fixed_examples/mnist/grayscale/p0/shared_frontend/fog__fixed.png,/ceph/sagnihot/projects/Lorena_Contrastive_Representation_Arch/training_dense_testing_sparse/outputs/cases/mnist/swin_tiny/grayscale/trained_dense/infer_compact/p0/seed0/f68781dcf865d2910a2335d6fdd43b51a3879a890e9cf9a30f89a30ba63293d2/diagnostics/cells/fog__fixed.npz,"[""mnist_c/fog/fixed/09800"", ""mnist_c/fog/fixed/09415"", ""mnist_c/fog/fixed/05099"", ""mnist_c/fog/fixed/06382"", ""mnist_c/fog/fixed/05004"", ""mnist_c/fog/fixed/03312"", ""mnist_c/fog/fixed/03273"", ""mnist_c/fog/fixed/00726"", ""mnist_c/fog/fixed/07872"", ""mnist_c/fog/fixed/07651""]",True
/ceph/sagnihot/projects/Lorena_Contrastive_Representation_Arch/plots/diagnostics/followup_fixed_examples/mnist/grayscale/p10/shared_frontend/brightness__fixed.pdf,2,/ceph/sagnihot/projects/Lorena_Contrastive_Representation_Arch/plots/diagnostics/followup_fixed_examples/mnist/grayscale/p10/shared_frontend/brightness__fixed.png,/ceph/sagnihot/projects/Lorena_Contrastive_Representation_Arch/training_dense_testing_sparse/outputs/cases/mnist/swin_tiny/grayscale/trained_dense/infer_compact/p10/seed0/84d6fb97aa9227ae87765f5c4ae72881df3aaef773f50f21f7a4176c404f4751/diagnostics/cells/brightness__fixed.npz,"[""mnist_c/brightness/fixed/09800"", ""mnist_c/brightness/fixed/09415"", ""mnist_c/brightness/fixed/05099"", ""mnist_c/brightness/fixed/06382"", ""mnist_c/brightness/fixed/05004"", ""mnist_c/brightness/fixed/03312"", ""mnist_c/brightness/fixed/03273"", ""mnist_c/brightness/fixed/00726"", ""mnist_c/brightness/fixed/07872"", ""mnist_c/brightness/fixed/07651""]",True
/ceph/sagnihot/projects/Lorena_Contrastive_Representation_Arch/plots/diagnostics/followup_fixed_examples/mnist/grayscale/p10/shared_frontend/clean__test.pdf,2,/ceph/sagnihot/projects/Lorena_Contrastive_Representation_Arch/plots/diagnostics/followup_fixed_examples/mnist/grayscale/p10/shared_frontend/clean__test.png,/ceph/sagnihot/projects/Lorena_Contrastive_Representation_Arch/training_dense_testing_sparse/outputs/cases/mnist/swin_tiny/grayscale/trained_dense/infer_compact/p10/seed0/84d6fb97aa9227ae87765f5c4ae72881df3aaef773f50f21f7a4176c404f4751/diagnostics/cells/clean__test.npz,"[""mnist/test/09800"", ""mnist/test/09415"", ""mnist/test/05099"", ""mnist/test/06382"", ""mnist/test/05004"", ""mnist/test/03312"", ""mnist/test/03273"", ""mnist/test/00726"", ""mnist/test/07872"", ""mnist/test/07651""]",True
/ceph/sagnihot/projects/Lorena_Contrastive_Representation_Arch/plots/diagnostics/followup_fixed_examples/mnist/grayscale/p10/shared_frontend/fog__fixed.pdf,2,/ceph/sagnihot/projects/Lorena_Contrastive_Representation_Arch/plots/diagnostics/followup_fixed_examples/mnist/grayscale/p10/shared_frontend/fog__fixed.png,/ceph/sagnihot/projects/Lorena_Contrastive_Representation_Arch/training_dense_testing_sparse/outputs/cases/mnist/swin_tiny/grayscale/trained_dense/infer_compact/p10/seed0/84d6fb97aa9227ae87765f5c4ae72881df3aaef773f50f21f7a4176c404f4751/diagnostics/cells/fog__fixed.npz,"[""mnist_c/fog/fixed/09800"", ""mnist_c/fog/fixed/09415"", ""mnist_c/fog/fixed/05099"", ""mnist_c/fog/fixed/06382"", ""mnist_c/fog/fixed/05004"", ""mnist_c/fog/fixed/03312"", ""mnist_c/fog/fixed/03273"", ""mnist_c/fog/fixed/00726"", ""mnist_c/fog/fixed/07872"", ""mnist_c/fog/fixed/07651""]",True
/ceph/sagnihot/projects/Lorena_Contrastive_Representation_Arch/plots/diagnostics/followup_fixed_examples/mnist/grayscale/p20/shared_frontend/brightness__fixed.pdf,2,/ceph/sagnihot/projects/Lorena_Contrastive_Representation_Arch/plots/diagnostics/followup_fixed_examples/mnist/grayscale/p20/shared_frontend/brightness__fixed.png,/ceph/sagnihot/projects/Lorena_Contrastive_Representation_Arch/training_dense_testing_sparse/outputs/cases/mnist/swin_tiny/grayscale/trained_dense/infer_compact/p20/seed0/772b36ce81e6200cc4c0d2b16f7e81c0e7973efb2106679983539e8bbce1e14f/diagnostics/cells/brightness__fixed.npz,"[""mnist_c/brightness/fixed/09800"", ""mnist_c/brightness/fixed/09415"", ""mnist_c/brightness/fixed/05099"", ""mnist_c/brightness/fixed/06382"", ""mnist_c/brightness/fixed/05004"", ""mnist_c/brightness/fixed/03312"", ""mnist_c/brightness/fixed/03273"", ""mnist_c/brightness/fixed/00726"", ""mnist_c/brightness/fixed/07872"", ""mnist_c/brightness/fixed/07651""]",True
/ceph/sagnihot/projects/Lorena_Contrastive_Representation_Arch/plots/diagnostics/followup_fixed_examples/mnist/grayscale/p20/shared_frontend/clean__test.pdf,2,/ceph/sagnihot/projects/Lorena_Contrastive_Representation_Arch/plots/diagnostics/followup_fixed_examples/mnist/grayscale/p20/shared_frontend/clean__test.png,/ceph/sagnihot/projects/Lorena_Contrastive_Representation_Arch/training_dense_testing_sparse/outputs/cases/mnist/swin_tiny/grayscale/trained_dense/infer_compact/p20/seed0/772b36ce81e6200cc4c0d2b16f7e81c0e7973efb2106679983539e8bbce1e14f/diagnostics/cells/clean__test.npz,"[""mnist/test/09800"", ""mnist/test/09415"", ""mnist/test/05099"", ""mnist/test/06382"", ""mnist/test/05004"", ""mnist/test/03312"", ""mnist/test/03273"", ""mnist/test/00726"", ""mnist/test/07872"", ""mnist/test/07651""]",True
/ceph/sagnihot/projects/Lorena_Contrastive_Representation_Arch/plots/diagnostics/followup_fixed_examples/mnist/grayscale/p20/shared_frontend/fog__fixed.pdf,2,/ceph/sagnihot/projects/Lorena_Contrastive_Representation_Arch/plots/diagnostics/followup_fixed_examples/mnist/grayscale/p20/shared_frontend/fog__fixed.png,/ceph/sagnihot/projects/Lorena_Contrastive_Representation_Arch/training_dense_testing_sparse/outputs/cases/mnist/swin_tiny/grayscale/trained_dense/infer_compact/p20/seed0/772b36ce81e6200cc4c0d2b16f7e81c0e7973efb2106679983539e8bbce1e14f/diagnostics/cells/fog__fixed.npz,"[""mnist_c/fog/fixed/09800"", ""mnist_c/fog/fixed/09415"", ""mnist_c/fog/fixed/05099"", ""mnist_c/fog/fixed/06382"", ""mnist_c/fog/fixed/05004"", ""mnist_c/fog/fixed/03312"", ""mnist_c/fog/fixed/03273"", ""mnist_c/fog/fixed/00726"", ""mnist_c/fog/fixed/07872"", ""mnist_c/fog/fixed/07651""]",True
/ceph/sagnihot/projects/Lorena_Contrastive_Representation_Arch/plots/diagnostics/followup_fixed_examples/mnist/grayscale/p30/shared_frontend/brightness__fixed.pdf,2,/ceph/sagnihot/projects/Lorena_Contrastive_Representation_Arch/plots/diagnostics/followup_fixed_examples/mnist/grayscale/p30/shared_frontend/brightness__fixed.png,/ceph/sagnihot/projects/Lorena_Contrastive_Representation_Arch/training_dense_testing_sparse/outputs/cases/mnist/swin_tiny/grayscale/trained_dense/infer_compact/p30/seed0/e315579fc65c74a6a2ac4be836b0808030fc8847c8571d2dea8ce9e2e151a652/diagnostics/cells/brightness__fixed.npz,"[""mnist_c/brightness/fixed/09800"", ""mnist_c/brightness/fixed/09415"", ""mnist_c/brightness/fixed/05099"", ""mnist_c/brightness/fixed/06382"", ""mnist_c/brightness/fixed/05004"", ""mnist_c/brightness/fixed/03312"", ""mnist_c/brightness/fixed/03273"", ""mnist_c/brightness/fixed/00726"", ""mnist_c/brightness/fixed/07872"", ""mnist_c/brightness/fixed/07651""]",True
/ceph/sagnihot/projects/Lorena_Contrastive_Representation_Arch/plots/diagnostics/followup_fixed_examples/mnist/grayscale/p30/shared_frontend/clean__test.pdf,2,/ceph/sagnihot/projects/Lorena_Contrastive_Representation_Arch/plots/diagnostics/followup_fixed_examples/mnist/grayscale/p30/shared_frontend/clean__test.png,/ceph/sagnihot/projects/Lorena_Contrastive_Representation_Arch/training_dense_testing_sparse/outputs/cases/mnist/swin_tiny/grayscale/trained_dense/infer_compact/p30/seed0/e315579fc65c74a6a2ac4be836b0808030fc8847c8571d2dea8ce9e2e151a652/diagnostics/cells/clean__test.npz,"[""mnist/test/09800"", ""mnist/test/09415"", ""mnist/test/05099"", ""mnist/test/06382"", ""mnist/test/05004"", ""mnist/test/03312"", ""mnist/test/03273"", ""mnist/test/00726"", ""mnist/test/07872"", ""mnist/test/07651""]",True
/ceph/sagnihot/projects/Lorena_Contrastive_Representation_Arch/plots/diagnostics/followup_fixed_examples/mnist/grayscale/p30/shared_frontend/fog__fixed.pdf,2,/ceph/sagnihot/projects/Lorena_Contrastive_Representation_Arch/plots/diagnostics/followup_fixed_examples/mnist/grayscale/p30/shared_frontend/fog__fixed.png,/ceph/sagnihot/projects/Lorena_Contrastive_Representation_Arch/training_dense_testing_sparse/outputs/cases/mnist/swin_tiny/grayscale/trained_dense/infer_compact/p30/seed0/e315579fc65c74a6a2ac4be836b0808030fc8847c8571d2dea8ce9e2e151a652/diagnostics/cells/fog__fixed.npz,"[""mnist_c/fog/fixed/09800"", ""mnist_c/fog/fixed/09415"", ""mnist_c/fog/fixed/05099"", ""mnist_c/fog/fixed/06382"", ""mnist_c/fog/fixed/05004"", ""mnist_c/fog/fixed/03312"", ""mnist_c/fog/fixed/03273"", ""mnist_c/fog/fixed/00726"", ""mnist_c/fog/fixed/07872"", ""mnist_c/fog/fixed/07651""]",True
/ceph/sagnihot/projects/Lorena_Contrastive_Representation_Arch/plots/diagnostics/followup_fixed_examples/mnist/grayscale/p40/shared_frontend/brightness__fixed.pdf,2,/ceph/sagnihot/projects/Lorena_Contrastive_Representation_Arch/plots/diagnostics/followup_fixed_examples/mnist/grayscale/p40/shared_frontend/brightness__fixed.png,/ceph/sagnihot/projects/Lorena_Contrastive_Representation_Arch/training_dense_testing_sparse/outputs/cases/mnist/swin_tiny/grayscale/trained_dense/infer_compact/p40/seed0/d2f3b1ca0240fc032e59ad59eb1fd6ab24b7a64f3d5d9b536a1dad91a3500a92/diagnostics/cells/brightness__fixed.npz,"[""mnist_c/brightness/fixed/09800"", ""mnist_c/brightness/fixed/09415"", ""mnist_c/brightness/fixed/05099"", ""mnist_c/brightness/fixed/06382"", ""mnist_c/brightness/fixed/05004"", ""mnist_c/brightness/fixed/03312"", ""mnist_c/brightness/fixed/03273"", ""mnist_c/brightness/fixed/00726"", ""mnist_c/brightness/fixed/07872"", ""mnist_c/brightness/fixed/07651""]",True
/ceph/sagnihot/projects/Lorena_Contrastive_Representation_Arch/plots/diagnostics/followup_fixed_examples/mnist/grayscale/p40/shared_frontend/clean__test.pdf,2,/ceph/sagnihot/projects/Lorena_Contrastive_Representation_Arch/plots/diagnostics/followup_fixed_examples/mnist/grayscale/p40/shared_frontend/clean__test.png,/ceph/sagnihot/projects/Lorena_Contrastive_Representation_Arch/training_dense_testing_sparse/outputs/cases/mnist/swin_tiny/grayscale/trained_dense/infer_compact/p40/seed0/d2f3b1ca0240fc032e59ad59eb1fd6ab24b7a64f3d5d9b536a1dad91a3500a92/diagnostics/cells/clean__test.npz,"[""mnist/test/09800"", ""mnist/test/09415"", ""mnist/test/05099"", ""mnist/test/06382"", ""mnist/test/05004"", ""mnist/test/03312"", ""mnist/test/03273"", ""mnist/test/00726"", ""mnist/test/07872"", ""mnist/test/07651""]",True
/ceph/sagnihot/projects/Lorena_Contrastive_Representation_Arch/plots/diagnostics/followup_fixed_examples/mnist/grayscale/p40/shared_frontend/fog__fixed.pdf,2,/ceph/sagnihot/projects/Lorena_Contrastive_Representation_Arch/plots/diagnostics/followup_fixed_examples/mnist/grayscale/p40/shared_frontend/fog__fixed.png,/ceph/sagnihot/projects/Lorena_Contrastive_Representation_Arch/training_dense_testing_sparse/outputs/cases/mnist/swin_tiny/grayscale/trained_dense/infer_compact/p40/seed0/d2f3b1ca0240fc032e59ad59eb1fd6ab24b7a64f3d5d9b536a1dad91a3500a92/diagnostics/cells/fog__fixed.npz,"[""mnist_c/fog/fixed/09800"", ""mnist_c/fog/fixed/09415"", ""mnist_c/fog/fixed/05099"", ""mnist_c/fog/fixed/06382"", ""mnist_c/fog/fixed/05004"", ""mnist_c/fog/fixed/03312"", ""mnist_c/fog/fixed/03273"", ""mnist_c/fog/fixed/00726"", ""mnist_c/fog/fixed/07872"", ""mnist_c/fog/fixed/07651""]",True
/ceph/sagnihot/projects/Lorena_Contrastive_Representation_Arch/plots/diagnostics/followup_fixed_examples/mnist/grayscale/p50/shared_frontend/brightness__fixed.pdf,2,/ceph/sagnihot/projects/Lorena_Contrastive_Representation_Arch/plots/diagnostics/followup_fixed_examples/mnist/grayscale/p50/shared_frontend/brightness__fixed.png,/ceph/sagnihot/projects/Lorena_Contrastive_Representation_Arch/training_dense_testing_sparse/outputs/cases/mnist/swin_tiny/grayscale/trained_dense/infer_compact/p50/seed0/2fbb3b245c7ec37ed7472f6d7ea69ceeb7e633ff492f3b8887aecfc082fdd14b/diagnostics/cells/brightness__fixed.npz,"[""mnist_c/brightness/fixed/09800"", ""mnist_c/brightness/fixed/09415"", ""mnist_c/brightness/fixed/05099"", ""mnist_c/brightness/fixed/06382"", ""mnist_c/brightness/fixed/05004"", ""mnist_c/brightness/fixed/03312"", ""mnist_c/brightness/fixed/03273"", ""mnist_c/brightness/fixed/00726"", ""mnist_c/brightness/fixed/07872"", ""mnist_c/brightness/fixed/07651""]",True
/ceph/sagnihot/projects/Lorena_Contrastive_Representation_Arch/plots/diagnostics/followup_fixed_examples/mnist/grayscale/p50/shared_frontend/clean__test.pdf,2,/ceph/sagnihot/projects/Lorena_Contrastive_Representation_Arch/plots/diagnostics/followup_fixed_examples/mnist/grayscale/p50/shared_frontend/clean__test.png,/ceph/sagnihot/projects/Lorena_Contrastive_Representation_Arch/training_dense_testing_sparse/outputs/cases/mnist/swin_tiny/grayscale/trained_dense/infer_compact/p50/seed0/2fbb3b245c7ec37ed7472f6d7ea69ceeb7e633ff492f3b8887aecfc082fdd14b/diagnostics/cells/clean__test.npz,"[""mnist/test/09800"", ""mnist/test/09415"", ""mnist/test/05099"", ""mnist/test/06382"", ""mnist/test/05004"", ""mnist/test/03312"", ""mnist/test/03273"", ""mnist/test/00726"", ""mnist/test/07872"", ""mnist/test/07651""]",True
/ceph/sagnihot/projects/Lorena_Contrastive_Representation_Arch/plots/diagnostics/followup_fixed_examples/mnist/grayscale/p50/shared_frontend/fog__fixed.pdf,2,/ceph/sagnihot/projects/Lorena_Contrastive_Representation_Arch/plots/diagnostics/followup_fixed_examples/mnist/grayscale/p50/shared_frontend/fog__fixed.png,/ceph/sagnihot/projects/Lorena_Contrastive_Representation_Arch/training_dense_testing_sparse/outputs/cases/mnist/swin_tiny/grayscale/trained_dense/infer_compact/p50/seed0/2fbb3b245c7ec37ed7472f6d7ea69ceeb7e633ff492f3b8887aecfc082fdd14b/diagnostics/cells/fog__fixed.npz,"[""mnist_c/fog/fixed/09800"", ""mnist_c/fog/fixed/09415"", ""mnist_c/fog/fixed/05099"", ""mnist_c/fog/fixed/06382"", ""mnist_c/fog/fixed/05004"", ""mnist_c/fog/fixed/03312"", ""mnist_c/fog/fixed/03273"", ""mnist_c/fog/fixed/00726"", ""mnist_c/fog/fixed/07872"", ""mnist_c/fog/fixed/07651""]",True
/ceph/sagnihot/projects/Lorena_Contrastive_Representation_Arch/plots/diagnostics/followup_fixed_examples/mnist/grayscale/p60/shared_frontend/brightness__fixed.pdf,2,/ceph/sagnihot/projects/Lorena_Contrastive_Representation_Arch/plots/diagnostics/followup_fixed_examples/mnist/grayscale/p60/shared_frontend/brightness__fixed.png,/ceph/sagnihot/projects/Lorena_Contrastive_Representation_Arch/training_dense_testing_sparse/outputs/cases/mnist/swin_tiny/grayscale/trained_dense/infer_compact/p60/seed0/2d2d2fe91edbc933c3d6197a54cba848b6fe11ecb67ed2ab55ff0fa46700024c/diagnostics/cells/brightness__fixed.npz,"[""mnist_c/brightness/fixed/09800"", ""mnist_c/brightness/fixed/09415"", ""mnist_c/brightness/fixed/05099"", ""mnist_c/brightness/fixed/06382"", ""mnist_c/brightness/fixed/05004"", ""mnist_c/brightness/fixed/03312"", ""mnist_c/brightness/fixed/03273"", ""mnist_c/brightness/fixed/00726"", ""mnist_c/brightness/fixed/07872"", ""mnist_c/brightness/fixed/07651""]",True
/ceph/sagnihot/projects/Lorena_Contrastive_Representation_Arch/plots/diagnostics/followup_fixed_examples/mnist/grayscale/p60/shared_frontend/clean__test.pdf,2,/ceph/sagnihot/projects/Lorena_Contrastive_Representation_Arch/plots/diagnostics/followup_fixed_examples/mnist/grayscale/p60/shared_frontend/clean__test.png,/ceph/sagnihot/projects/Lorena_Contrastive_Representation_Arch/training_dense_testing_sparse/outputs/cases/mnist/swin_tiny/grayscale/trained_dense/infer_compact/p60/seed0/2d2d2fe91edbc933c3d6197a54cba848b6fe11ecb67ed2ab55ff0fa46700024c/diagnostics/cells/clean__test.npz,"[""mnist/test/09800"", ""mnist/test/09415"", ""mnist/test/05099"", ""mnist/test/06382"", ""mnist/test/05004"", ""mnist/test/03312"", ""mnist/test/03273"", ""mnist/test/00726"", ""mnist/test/07872"", ""mnist/test/07651""]",True
/ceph/sagnihot/projects/Lorena_Contrastive_Representation_Arch/plots/diagnostics/followup_fixed_examples/mnist/grayscale/p60/shared_frontend/fog__fixed.pdf,2,/ceph/sagnihot/projects/Lorena_Contrastive_Representation_Arch/plots/diagnostics/followup_fixed_examples/mnist/grayscale/p60/shared_frontend/fog__fixed.png,/ceph/sagnihot/projects/Lorena_Contrastive_Representation_Arch/training_dense_testing_sparse/outputs/cases/mnist/swin_tiny/grayscale/trained_dense/infer_compact/p60/seed0/2d2d2fe91edbc933c3d6197a54cba848b6fe11ecb67ed2ab55ff0fa46700024c/diagnostics/cells/fog__fixed.npz,"[""mnist_c/fog/fixed/09800"", ""mnist_c/fog/fixed/09415"", ""mnist_c/fog/fixed/05099"", ""mnist_c/fog/fixed/06382"", ""mnist_c/fog/fixed/05004"", ""mnist_c/fog/fixed/03312"", ""mnist_c/fog/fixed/03273"", ""mnist_c/fog/fixed/00726"", ""mnist_c/fog/fixed/07872"", ""mnist_c/fog/fixed/07651""]",True
/ceph/sagnihot/projects/Lorena_Contrastive_Representation_Arch/plots/diagnostics/followup_fixed_examples/mnist/grayscale/p70/shared_frontend/brightness__fixed.pdf,2,/ceph/sagnihot/projects/Lorena_Contrastive_Representation_Arch/plots/diagnostics/followup_fixed_examples/mnist/grayscale/p70/shared_frontend/brightness__fixed.png,/ceph/sagnihot/projects/Lorena_Contrastive_Representation_Arch/training_dense_testing_sparse/outputs/cases/mnist/swin_tiny/grayscale/trained_dense/infer_compact/p70/seed0/a73e9f676eeee0e4f8bc397e104803ddb781d4e644a89bc530f5339fbdabe4d6/diagnostics/cells/brightness__fixed.npz,"[""mnist_c/brightness/fixed/09800"", ""mnist_c/brightness/fixed/09415"", ""mnist_c/brightness/fixed/05099"", ""mnist_c/brightness/fixed/06382"", ""mnist_c/brightness/fixed/05004"", ""mnist_c/brightness/fixed/03312"", ""mnist_c/brightness/fixed/03273"", ""mnist_c/brightness/fixed/00726"", ""mnist_c/brightness/fixed/07872"", ""mnist_c/brightness/fixed/07651""]",True
/ceph/sagnihot/projects/Lorena_Contrastive_Representation_Arch/plots/diagnostics/followup_fixed_examples/mnist/grayscale/p70/shared_frontend/clean__test.pdf,2,/ceph/sagnihot/projects/Lorena_Contrastive_Representation_Arch/plots/diagnostics/followup_fixed_examples/mnist/grayscale/p70/shared_frontend/clean__test.png,/ceph/sagnihot/projects/Lorena_Contrastive_Representation_Arch/training_dense_testing_sparse/outputs/cases/mnist/swin_tiny/grayscale/trained_dense/infer_compact/p70/seed0/a73e9f676eeee0e4f8bc397e104803ddb781d4e644a89bc530f5339fbdabe4d6/diagnostics/cells/clean__test.npz,"[""mnist/test/09800"", ""mnist/test/09415"", ""mnist/test/05099"", ""mnist/test/06382"", ""mnist/test/05004"", ""mnist/test/03312"", ""mnist/test/03273"", ""mnist/test/00726"", ""mnist/test/07872"", ""mnist/test/07651""]",True
/ceph/sagnihot/projects/Lorena_Contrastive_Representation_Arch/plots/diagnostics/followup_fixed_examples/mnist/grayscale/p70/shared_frontend/fog__fixed.pdf,2,/ceph/sagnihot/projects/Lorena_Contrastive_Representation_Arch/plots/diagnostics/followup_fixed_examples/mnist/grayscale/p70/shared_frontend/fog__fixed.png,/ceph/sagnihot/projects/Lorena_Contrastive_Representation_Arch/training_dense_testing_sparse/outputs/cases/mnist/swin_tiny/grayscale/trained_dense/infer_compact/p70/seed0/a73e9f676eeee0e4f8bc397e104803ddb781d4e644a89bc530f5339fbdabe4d6/diagnostics/cells/fog__fixed.npz,"[""mnist_c/fog/fixed/09800"", ""mnist_c/fog/fixed/09415"", ""mnist_c/fog/fixed/05099"", ""mnist_c/fog/fixed/06382"", ""mnist_c/fog/fixed/05004"", ""mnist_c/fog/fixed/03312"", ""mnist_c/fog/fixed/03273"", ""mnist_c/fog/fixed/00726"", ""mnist_c/fog/fixed/07872"", ""mnist_c/fog/fixed/07651""]",True
/ceph/sagnihot/projects/Lorena_Contrastive_Representation_Arch/plots/diagnostics/followup_fixed_examples/mnist/grayscale/p80/shared_frontend/brightness__fixed.pdf,2,/ceph/sagnihot/projects/Lorena_Contrastive_Representation_Arch/plots/diagnostics/followup_fixed_examples/mnist/grayscale/p80/shared_frontend/brightness__fixed.png,/ceph/sagnihot/projects/Lorena_Contrastive_Representation_Arch/training_dense_testing_sparse/outputs/cases/mnist/swin_tiny/grayscale/trained_dense/infer_compact/p80/seed0/8367ecdfb1847f199882f5d9df2281dc5924555d3050ae1271e09d27e1f32a19/diagnostics/cells/brightness__fixed.npz,"[""mnist_c/brightness/fixed/09800"", ""mnist_c/brightness/fixed/09415"", ""mnist_c/brightness/fixed/05099"", ""mnist_c/brightness/fixed/06382"", ""mnist_c/brightness/fixed/05004"", ""mnist_c/brightness/fixed/03312"", ""mnist_c/brightness/fixed/03273"", ""mnist_c/brightness/fixed/00726"", ""mnist_c/brightness/fixed/07872"", ""mnist_c/brightness/fixed/07651""]",True
/ceph/sagnihot/projects/Lorena_Contrastive_Representation_Arch/plots/diagnostics/followup_fixed_examples/mnist/grayscale/p80/shared_frontend/clean__test.pdf,2,/ceph/sagnihot/projects/Lorena_Contrastive_Representation_Arch/plots/diagnostics/followup_fixed_examples/mnist/grayscale/p80/shared_frontend/clean__test.png,/ceph/sagnihot/projects/Lorena_Contrastive_Representation_Arch/training_dense_testing_sparse/outputs/cases/mnist/swin_tiny/grayscale/trained_dense/infer_compact/p80/seed0/8367ecdfb1847f199882f5d9df2281dc5924555d3050ae1271e09d27e1f32a19/diagnostics/cells/clean__test.npz,"[""mnist/test/09800"", ""mnist/test/09415"", ""mnist/test/05099"", ""mnist/test/06382"", ""mnist/test/05004"", ""mnist/test/03312"", ""mnist/test/03273"", ""mnist/test/00726"", ""mnist/test/07872"", ""mnist/test/07651""]",True
/ceph/sagnihot/projects/Lorena_Contrastive_Representation_Arch/plots/diagnostics/followup_fixed_examples/mnist/grayscale/p80/shared_frontend/fog__fixed.pdf,2,/ceph/sagnihot/projects/Lorena_Contrastive_Representation_Arch/plots/diagnostics/followup_fixed_examples/mnist/grayscale/p80/shared_frontend/fog__fixed.png,/ceph/sagnihot/projects/Lorena_Contrastive_Representation_Arch/training_dense_testing_sparse/outputs/cases/mnist/swin_tiny/grayscale/trained_dense/infer_compact/p80/seed0/8367ecdfb1847f199882f5d9df2281dc5924555d3050ae1271e09d27e1f32a19/diagnostics/cells/fog__fixed.npz,"[""mnist_c/fog/fixed/09800"", ""mnist_c/fog/fixed/09415"", ""mnist_c/fog/fixed/05099"", ""mnist_c/fog/fixed/06382"", ""mnist_c/fog/fixed/05004"", ""mnist_c/fog/fixed/03312"", ""mnist_c/fog/fixed/03273"", ""mnist_c/fog/fixed/00726"", ""mnist_c/fog/fixed/07872"", ""mnist_c/fog/fixed/07651""]",True
/ceph/sagnihot/projects/Lorena_Contrastive_Representation_Arch/plots/diagnostics/followup_fixed_examples/mnist/grayscale/p90/shared_frontend/brightness__fixed.pdf,2,/ceph/sagnihot/projects/Lorena_Contrastive_Representation_Arch/plots/diagnostics/followup_fixed_examples/mnist/grayscale/p90/shared_frontend/brightness__fixed.png,/ceph/sagnihot/projects/Lorena_Contrastive_Representation_Arch/training_dense_testing_sparse/outputs/cases/mnist/swin_tiny/grayscale/trained_dense/infer_compact/p90/seed0/67e6b1ee84a0f6e9bd8042761d31cdc0649d304eaceb483b0de547d1e537d82d/diagnostics/cells/brightness__fixed.npz,"[""mnist_c/brightness/fixed/09800"", ""mnist_c/brightness/fixed/09415"", ""mnist_c/brightness/fixed/05099"", ""mnist_c/brightness/fixed/06382"", ""mnist_c/brightness/fixed/05004"", ""mnist_c/brightness/fixed/03312"", ""mnist_c/brightness/fixed/03273"", ""mnist_c/brightness/fixed/00726"", ""mnist_c/brightness/fixed/07872"", ""mnist_c/brightness/fixed/07651""]",True
/ceph/sagnihot/projects/Lorena_Contrastive_Representation_Arch/plots/diagnostics/followup_fixed_examples/mnist/grayscale/p90/shared_frontend/clean__test.pdf,2,/ceph/sagnihot/projects/Lorena_Contrastive_Representation_Arch/plots/diagnostics/followup_fixed_examples/mnist/grayscale/p90/shared_frontend/clean__test.png,/ceph/sagnihot/projects/Lorena_Contrastive_Representation_Arch/training_dense_testing_sparse/outputs/cases/mnist/swin_tiny/grayscale/trained_dense/infer_compact/p90/seed0/67e6b1ee84a0f6e9bd8042761d31cdc0649d304eaceb483b0de547d1e537d82d/diagnostics/cells/clean__test.npz,"[""mnist/test/09800"", ""mnist/test/09415"", ""mnist/test/05099"", ""mnist/test/06382"", ""mnist/test/05004"", ""mnist/test/03312"", ""mnist/test/03273"", ""mnist/test/00726"", ""mnist/test/07872"", ""mnist/test/07651""]",True
/ceph/sagnihot/projects/Lorena_Contrastive_Representation_Arch/plots/diagnostics/followup_fixed_examples/mnist/grayscale/p90/shared_frontend/fog__fixed.pdf,2,/ceph/sagnihot/projects/Lorena_Contrastive_Representation_Arch/plots/diagnostics/followup_fixed_examples/mnist/grayscale/p90/shared_frontend/fog__fixed.png,/ceph/sagnihot/projects/Lorena_Contrastive_Representation_Arch/training_dense_testing_sparse/outputs/cases/mnist/swin_tiny/grayscale/trained_dense/infer_compact/p90/seed0/67e6b1ee84a0f6e9bd8042761d31cdc0649d304eaceb483b0de547d1e537d82d/diagnostics/cells/fog__fixed.npz,"[""mnist_c/fog/fixed/09800"", ""mnist_c/fog/fixed/09415"", ""mnist_c/fog/fixed/05099"", ""mnist_c/fog/fixed/06382"", ""mnist_c/fog/fixed/05004"", ""mnist_c/fog/fixed/03312"", ""mnist_c/fog/fixed/03273"", ""mnist_c/fog/fixed/00726"", ""mnist_c/fog/fixed/07872"", ""mnist_c/fog/fixed/07651""]",True
/ceph/sagnihot/projects/Lorena_Contrastive_Representation_Arch/plots/diagnostics/followup_fixed_examples/mnist/raw/p0/shared_frontend/brightness__fixed.pdf,2,/ceph/sagnihot/projects/Lorena_Contrastive_Representation_Arch/plots/diagnostics/followup_fixed_examples/mnist/raw/p0/shared_frontend/brightness__fixed.png,/ceph/sagnihot/projects/Lorena_Contrastive_Representation_Arch/training_dense_testing_sparse/outputs/cases/mnist/swin_tiny/raw/trained_dense/infer_compact/p0/seed0/1d5fc38aeefac15628170300ebb4c4614516f9eb1e6bd19eb72f83ac63d9c04e/diagnostics/cells/brightness__fixed.npz,"[""mnist_c/brightness/fixed/09800"", ""mnist_c/brightness/fixed/09415"", ""mnist_c/brightness/fixed/05099"", ""mnist_c/brightness/fixed/06382"", ""mnist_c/brightness/fixed/05004"", ""mnist_c/brightness/fixed/03312"", ""mnist_c/brightness/fixed/03273"", ""mnist_c/brightness/fixed/00726"", ""mnist_c/brightness/fixed/07872"", ""mnist_c/brightness/fixed/07651""]",True
/ceph/sagnihot/projects/Lorena_Contrastive_Representation_Arch/plots/diagnostics/followup_fixed_examples/mnist/raw/p0/shared_frontend/clean__test.pdf,2,/ceph/sagnihot/projects/Lorena_Contrastive_Representation_Arch/plots/diagnostics/followup_fixed_examples/mnist/raw/p0/shared_frontend/clean__test.png,/ceph/sagnihot/projects/Lorena_Contrastive_Representation_Arch/training_dense_testing_sparse/outputs/cases/mnist/swin_tiny/raw/trained_dense/infer_compact/p0/seed0/1d5fc38aeefac15628170300ebb4c4614516f9eb1e6bd19eb72f83ac63d9c04e/diagnostics/cells/clean__test.npz,"[""mnist/test/09800"", ""mnist/test/09415"", ""mnist/test/05099"", ""mnist/test/06382"", ""mnist/test/05004"", ""mnist/test/03312"", ""mnist/test/03273"", ""mnist/test/00726"", ""mnist/test/07872"", ""mnist/test/07651""]",True
/ceph/sagnihot/projects/Lorena_Contrastive_Representation_Arch/plots/diagnostics/followup_fixed_examples/mnist/raw/p0/shared_frontend/fog__fixed.pdf,2,/ceph/sagnihot/projects/Lorena_Contrastive_Representation_Arch/plots/diagnostics/followup_fixed_examples/mnist/raw/p0/shared_frontend/fog__fixed.png,/ceph/sagnihot/projects/Lorena_Contrastive_Representation_Arch/training_dense_testing_sparse/outputs/cases/mnist/swin_tiny/raw/trained_dense/infer_compact/p0/seed0/1d5fc38aeefac15628170300ebb4c4614516f9eb1e6bd19eb72f83ac63d9c04e/diagnostics/cells/fog__fixed.npz,"[""mnist_c/fog/fixed/09800"", ""mnist_c/fog/fixed/09415"", ""mnist_c/fog/fixed/05099"", ""mnist_c/fog/fixed/06382"", ""mnist_c/fog/fixed/05004"", ""mnist_c/fog/fixed/03312"", ""mnist_c/fog/fixed/03273"", ""mnist_c/fog/fixed/00726"", ""mnist_c/fog/fixed/07872"", ""mnist_c/fog/fixed/07651""]",True
/ceph/sagnihot/projects/Lorena_Contrastive_Representation_Arch/plots/diagnostics/followup_fixed_examples/mnist/raw/p10/shared_frontend/brightness__fixed.pdf,2,/ceph/sagnihot/projects/Lorena_Contrastive_Representation_Arch/plots/diagnostics/followup_fixed_examples/mnist/raw/p10/shared_frontend/brightness__fixed.png,/ceph/sagnihot/projects/Lorena_Contrastive_Representation_Arch/training_dense_testing_sparse/outputs/cases/mnist/swin_tiny/raw/trained_dense/infer_compact/p10/seed0/ef42a07a39cd620d1e82d7890d0186c1b29010db873df5288c0b7a8ec647eae6/diagnostics/cells/brightness__fixed.npz,"[""mnist_c/brightness/fixed/09800"", ""mnist_c/brightness/fixed/09415"", ""mnist_c/brightness/fixed/05099"", ""mnist_c/brightness/fixed/06382"", ""mnist_c/brightness/fixed/05004"", ""mnist_c/brightness/fixed/03312"", ""mnist_c/brightness/fixed/03273"", ""mnist_c/brightness/fixed/00726"", ""mnist_c/brightness/fixed/07872"", ""mnist_c/brightness/fixed/07651""]",True
/ceph/sagnihot/projects/Lorena_Contrastive_Representation_Arch/plots/diagnostics/followup_fixed_examples/mnist/raw/p10/shared_frontend/clean__test.pdf,2,/ceph/sagnihot/projects/Lorena_Contrastive_Representation_Arch/plots/diagnostics/followup_fixed_examples/mnist/raw/p10/shared_frontend/clean__test.png,/ceph/sagnihot/projects/Lorena_Contrastive_Representation_Arch/training_dense_testing_sparse/outputs/cases/mnist/swin_tiny/raw/trained_dense/infer_compact/p10/seed0/ef42a07a39cd620d1e82d7890d0186c1b29010db873df5288c0b7a8ec647eae6/diagnostics/cells/clean__test.npz,"[""mnist/test/09800"", ""mnist/test/09415"", ""mnist/test/05099"", ""mnist/test/06382"", ""mnist/test/05004"", ""mnist/test/03312"", ""mnist/test/03273"", ""mnist/test/00726"", ""mnist/test/07872"", ""mnist/test/07651""]",True
/ceph/sagnihot/projects/Lorena_Contrastive_Representation_Arch/plots/diagnostics/followup_fixed_examples/mnist/raw/p10/shared_frontend/fog__fixed.pdf,2,/ceph/sagnihot/projects/Lorena_Contrastive_Representation_Arch/plots/diagnostics/followup_fixed_examples/mnist/raw/p10/shared_frontend/fog__fixed.png,/ceph/sagnihot/projects/Lorena_Contrastive_Representation_Arch/training_dense_testing_sparse/outputs/cases/mnist/swin_tiny/raw/trained_dense/infer_compact/p10/seed0/ef42a07a39cd620d1e82d7890d0186c1b29010db873df5288c0b7a8ec647eae6/diagnostics/cells/fog__fixed.npz,"[""mnist_c/fog/fixed/09800"", ""mnist_c/fog/fixed/09415"", ""mnist_c/fog/fixed/05099"", ""mnist_c/fog/fixed/06382"", ""mnist_c/fog/fixed/05004"", ""mnist_c/fog/fixed/03312"", ""mnist_c/fog/fixed/03273"", ""mnist_c/fog/fixed/00726"", ""mnist_c/fog/fixed/07872"", ""mnist_c/fog/fixed/07651""]",True
/ceph/sagnihot/projects/Lorena_Contrastive_Representation_Arch/plots/diagnostics/followup_fixed_examples/mnist/raw/p20/shared_frontend/brightness__fixed.pdf,2,/ceph/sagnihot/projects/Lorena_Contrastive_Representation_Arch/plots/diagnostics/followup_fixed_examples/mnist/raw/p20/shared_frontend/brightness__fixed.png,/ceph/sagnihot/projects/Lorena_Contrastive_Representation_Arch/training_dense_testing_sparse/outputs/cases/mnist/swin_tiny/raw/trained_dense/infer_compact/p20/seed0/d33bcc44724dfa86a17f12a97295bc4f682e72b4a6ca8e870bab893caa7e5b39/diagnostics/cells/brightness__fixed.npz,"[""mnist_c/brightness/fixed/09800"", ""mnist_c/brightness/fixed/09415"", ""mnist_c/brightness/fixed/05099"", ""mnist_c/brightness/fixed/06382"", ""mnist_c/brightness/fixed/05004"", ""mnist_c/brightness/fixed/03312"", ""mnist_c/brightness/fixed/03273"", ""mnist_c/brightness/fixed/00726"", ""mnist_c/brightness/fixed/07872"", ""mnist_c/brightness/fixed/07651""]",True
/ceph/sagnihot/projects/Lorena_Contrastive_Representation_Arch/plots/diagnostics/followup_fixed_examples/mnist/raw/p20/shared_frontend/clean__test.pdf,2,/ceph/sagnihot/projects/Lorena_Contrastive_Representation_Arch/plots/diagnostics/followup_fixed_examples/mnist/raw/p20/shared_frontend/clean__test.png,/ceph/sagnihot/projects/Lorena_Contrastive_Representation_Arch/training_dense_testing_sparse/outputs/cases/mnist/swin_tiny/raw/trained_dense/infer_compact/p20/seed0/d33bcc44724dfa86a17f12a97295bc4f682e72b4a6ca8e870bab893caa7e5b39/diagnostics/cells/clean__test.npz,"[""mnist/test/09800"", ""mnist/test/09415"", ""mnist/test/05099"", ""mnist/test/06382"", ""mnist/test/05004"", ""mnist/test/03312"", ""mnist/test/03273"", ""mnist/test/00726"", ""mnist/test/07872"", ""mnist/test/07651""]",True
/ceph/sagnihot/projects/Lorena_Contrastive_Representation_Arch/plots/diagnostics/followup_fixed_examples/mnist/raw/p20/shared_frontend/fog__fixed.pdf,2,/ceph/sagnihot/projects/Lorena_Contrastive_Representation_Arch/plots/diagnostics/followup_fixed_examples/mnist/raw/p20/shared_frontend/fog__fixed.png,/ceph/sagnihot/projects/Lorena_Contrastive_Representation_Arch/training_dense_testing_sparse/outputs/cases/mnist/swin_tiny/raw/trained_dense/infer_compact/p20/seed0/d33bcc44724dfa86a17f12a97295bc4f682e72b4a6ca8e870bab893caa7e5b39/diagnostics/cells/fog__fixed.npz,"[""mnist_c/fog/fixed/09800"", ""mnist_c/fog/fixed/09415"", ""mnist_c/fog/fixed/05099"", ""mnist_c/fog/fixed/06382"", ""mnist_c/fog/fixed/05004"", ""mnist_c/fog/fixed/03312"", ""mnist_c/fog/fixed/03273"", ""mnist_c/fog/fixed/00726"", ""mnist_c/fog/fixed/07872"", ""mnist_c/fog/fixed/07651""]",True
/ceph/sagnihot/projects/Lorena_Contrastive_Representation_Arch/plots/diagnostics/followup_fixed_examples/mnist/raw/p30/shared_frontend/brightness__fixed.pdf,2,/ceph/sagnihot/projects/Lorena_Contrastive_Representation_Arch/plots/diagnostics/followup_fixed_examples/mnist/raw/p30/shared_frontend/brightness__fixed.png,/ceph/sagnihot/projects/Lorena_Contrastive_Representation_Arch/training_dense_testing_sparse/outputs/cases/mnist/swin_tiny/raw/trained_dense/infer_compact/p30/seed0/4ec219edcc45a0f5982a28077c2cedc4493927c48bb3162a695d3284ca4a51eb/diagnostics/cells/brightness__fixed.npz,"[""mnist_c/brightness/fixed/09800"", ""mnist_c/brightness/fixed/09415"", ""mnist_c/brightness/fixed/05099"", ""mnist_c/brightness/fixed/06382"", ""mnist_c/brightness/fixed/05004"", ""mnist_c/brightness/fixed/03312"", ""mnist_c/brightness/fixed/03273"", ""mnist_c/brightness/fixed/00726"", ""mnist_c/brightness/fixed/07872"", ""mnist_c/brightness/fixed/07651""]",True
/ceph/sagnihot/projects/Lorena_Contrastive_Representation_Arch/plots/diagnostics/followup_fixed_examples/mnist/raw/p30/shared_frontend/clean__test.pdf,2,/ceph/sagnihot/projects/Lorena_Contrastive_Representation_Arch/plots/diagnostics/followup_fixed_examples/mnist/raw/p30/shared_frontend/clean__test.png,/ceph/sagnihot/projects/Lorena_Contrastive_Representation_Arch/training_dense_testing_sparse/outputs/cases/mnist/swin_tiny/raw/trained_dense/infer_compact/p30/seed0/4ec219edcc45a0f5982a28077c2cedc4493927c48bb3162a695d3284ca4a51eb/diagnostics/cells/clean__test.npz,"[""mnist/test/09800"", ""mnist/test/09415"", ""mnist/test/05099"", ""mnist/test/06382"", ""mnist/test/05004"", ""mnist/test/03312"", ""mnist/test/03273"", ""mnist/test/00726"", ""mnist/test/07872"", ""mnist/test/07651""]",True
/ceph/sagnihot/projects/Lorena_Contrastive_Representation_Arch/plots/diagnostics/followup_fixed_examples/mnist/raw/p30/shared_frontend/fog__fixed.pdf,2,/ceph/sagnihot/projects/Lorena_Contrastive_Representation_Arch/plots/diagnostics/followup_fixed_examples/mnist/raw/p30/shared_frontend/fog__fixed.png,/ceph/sagnihot/projects/Lorena_Contrastive_Representation_Arch/training_dense_testing_sparse/outputs/cases/mnist/swin_tiny/raw/trained_dense/infer_compact/p30/seed0/4ec219edcc45a0f5982a28077c2cedc4493927c48bb3162a695d3284ca4a51eb/diagnostics/cells/fog__fixed.npz,"[""mnist_c/fog/fixed/09800"", ""mnist_c/fog/fixed/09415"", ""mnist_c/fog/fixed/05099"", ""mnist_c/fog/fixed/06382"", ""mnist_c/fog/fixed/05004"", ""mnist_c/fog/fixed/03312"", ""mnist_c/fog/fixed/03273"", ""mnist_c/fog/fixed/00726"", ""mnist_c/fog/fixed/07872"", ""mnist_c/fog/fixed/07651""]",True
/ceph/sagnihot/projects/Lorena_Contrastive_Representation_Arch/plots/diagnostics/followup_fixed_examples/mnist/raw/p40/shared_frontend/brightness__fixed.pdf,2,/ceph/sagnihot/projects/Lorena_Contrastive_Representation_Arch/plots/diagnostics/followup_fixed_examples/mnist/raw/p40/shared_frontend/brightness__fixed.png,/ceph/sagnihot/projects/Lorena_Contrastive_Representation_Arch/training_dense_testing_sparse/outputs/cases/mnist/swin_tiny/raw/trained_dense/infer_compact/p40/seed0/5d5eed8f4aac596669a42d64982e59e977c3888536103901c7dedff13d4c87aa/diagnostics/cells/brightness__fixed.npz,"[""mnist_c/brightness/fixed/09800"", ""mnist_c/brightness/fixed/09415"", ""mnist_c/brightness/fixed/05099"", ""mnist_c/brightness/fixed/06382"", ""mnist_c/brightness/fixed/05004"", ""mnist_c/brightness/fixed/03312"", ""mnist_c/brightness/fixed/03273"", ""mnist_c/brightness/fixed/00726"", ""mnist_c/brightness/fixed/07872"", ""mnist_c/brightness/fixed/07651""]",True
/ceph/sagnihot/projects/Lorena_Contrastive_Representation_Arch/plots/diagnostics/followup_fixed_examples/mnist/raw/p40/shared_frontend/clean__test.pdf,2,/ceph/sagnihot/projects/Lorena_Contrastive_Representation_Arch/plots/diagnostics/followup_fixed_examples/mnist/raw/p40/shared_frontend/clean__test.png,/ceph/sagnihot/projects/Lorena_Contrastive_Representation_Arch/training_dense_testing_sparse/outputs/cases/mnist/swin_tiny/raw/trained_dense/infer_compact/p40/seed0/5d5eed8f4aac596669a42d64982e59e977c3888536103901c7dedff13d4c87aa/diagnostics/cells/clean__test.npz,"[""mnist/test/09800"", ""mnist/test/09415"", ""mnist/test/05099"", ""mnist/test/06382"", ""mnist/test/05004"", ""mnist/test/03312"", ""mnist/test/03273"", ""mnist/test/00726"", ""mnist/test/07872"", ""mnist/test/07651""]",True
/ceph/sagnihot/projects/Lorena_Contrastive_Representation_Arch/plots/diagnostics/followup_fixed_examples/mnist/raw/p40/shared_frontend/fog__fixed.pdf,2,/ceph/sagnihot/projects/Lorena_Contrastive_Representation_Arch/plots/diagnostics/followup_fixed_examples/mnist/raw/p40/shared_frontend/fog__fixed.png,/ceph/sagnihot/projects/Lorena_Contrastive_Representation_Arch/training_dense_testing_sparse/outputs/cases/mnist/swin_tiny/raw/trained_dense/infer_compact/p40/seed0/5d5eed8f4aac596669a42d64982e59e977c3888536103901c7dedff13d4c87aa/diagnostics/cells/fog__fixed.npz,"[""mnist_c/fog/fixed/09800"", ""mnist_c/fog/fixed/09415"", ""mnist_c/fog/fixed/05099"", ""mnist_c/fog/fixed/06382"", ""mnist_c/fog/fixed/05004"", ""mnist_c/fog/fixed/03312"", ""mnist_c/fog/fixed/03273"", ""mnist_c/fog/fixed/00726"", ""mnist_c/fog/fixed/07872"", ""mnist_c/fog/fixed/07651""]",True
/ceph/sagnihot/projects/Lorena_Contrastive_Representation_Arch/plots/diagnostics/followup_fixed_examples/mnist/raw/p50/shared_frontend/brightness__fixed.pdf,2,/ceph/sagnihot/projects/Lorena_Contrastive_Representation_Arch/plots/diagnostics/followup_fixed_examples/mnist/raw/p50/shared_frontend/brightness__fixed.png,/ceph/sagnihot/projects/Lorena_Contrastive_Representation_Arch/training_dense_testing_sparse/outputs/cases/mnist/swin_tiny/raw/trained_dense/infer_compact/p50/seed0/f33206b4b42780cc6cd0f2da5f173a5fb7ded9511e13926ed0dd15c72e25df39/diagnostics/cells/brightness__fixed.npz,"[""mnist_c/brightness/fixed/09800"", ""mnist_c/brightness/fixed/09415"", ""mnist_c/brightness/fixed/05099"", ""mnist_c/brightness/fixed/06382"", ""mnist_c/brightness/fixed/05004"", ""mnist_c/brightness/fixed/03312"", ""mnist_c/brightness/fixed/03273"", ""mnist_c/brightness/fixed/00726"", ""mnist_c/brightness/fixed/07872"", ""mnist_c/brightness/fixed/07651""]",True
/ceph/sagnihot/projects/Lorena_Contrastive_Representation_Arch/plots/diagnostics/followup_fixed_examples/mnist/raw/p50/shared_frontend/clean__test.pdf,2,/ceph/sagnihot/projects/Lorena_Contrastive_Representation_Arch/plots/diagnostics/followup_fixed_examples/mnist/raw/p50/shared_frontend/clean__test.png,/ceph/sagnihot/projects/Lorena_Contrastive_Representation_Arch/training_dense_testing_sparse/outputs/cases/mnist/swin_tiny/raw/trained_dense/infer_compact/p50/seed0/f33206b4b42780cc6cd0f2da5f173a5fb7ded9511e13926ed0dd15c72e25df39/diagnostics/cells/clean__test.npz,"[""mnist/test/09800"", ""mnist/test/09415"", ""mnist/test/05099"", ""mnist/test/06382"", ""mnist/test/05004"", ""mnist/test/03312"", ""mnist/test/03273"", ""mnist/test/00726"", ""mnist/test/07872"", ""mnist/test/07651""]",True
/ceph/sagnihot/projects/Lorena_Contrastive_Representation_Arch/plots/diagnostics/followup_fixed_examples/mnist/raw/p50/shared_frontend/fog__fixed.pdf,2,/ceph/sagnihot/projects/Lorena_Contrastive_Representation_Arch/plots/diagnostics/followup_fixed_examples/mnist/raw/p50/shared_frontend/fog__fixed.png,/ceph/sagnihot/projects/Lorena_Contrastive_Representation_Arch/training_dense_testing_sparse/outputs/cases/mnist/swin_tiny/raw/trained_dense/infer_compact/p50/seed0/f33206b4b42780cc6cd0f2da5f173a5fb7ded9511e13926ed0dd15c72e25df39/diagnostics/cells/fog__fixed.npz,"[""mnist_c/fog/fixed/09800"", ""mnist_c/fog/fixed/09415"", ""mnist_c/fog/fixed/05099"", ""mnist_c/fog/fixed/06382"", ""mnist_c/fog/fixed/05004"", ""mnist_c/fog/fixed/03312"", ""mnist_c/fog/fixed/03273"", ""mnist_c/fog/fixed/00726"", ""mnist_c/fog/fixed/07872"", ""mnist_c/fog/fixed/07651""]",True
/ceph/sagnihot/projects/Lorena_Contrastive_Representation_Arch/plots/diagnostics/followup_fixed_examples/mnist/raw/p60/shared_frontend/brightness__fixed.pdf,2,/ceph/sagnihot/projects/Lorena_Contrastive_Representation_Arch/plots/diagnostics/followup_fixed_examples/mnist/raw/p60/shared_frontend/brightness__fixed.png,/ceph/sagnihot/projects/Lorena_Contrastive_Representation_Arch/training_dense_testing_sparse/outputs/cases/mnist/swin_tiny/raw/trained_dense/infer_compact/p60/seed0/a53550eb07ac1521f311de400c08ca7afdb7709195f060ac866804650931fef7/diagnostics/cells/brightness__fixed.npz,"[""mnist_c/brightness/fixed/09800"", ""mnist_c/brightness/fixed/09415"", ""mnist_c/brightness/fixed/05099"", ""mnist_c/brightness/fixed/06382"", ""mnist_c/brightness/fixed/05004"", ""mnist_c/brightness/fixed/03312"", ""mnist_c/brightness/fixed/03273"", ""mnist_c/brightness/fixed/00726"", ""mnist_c/brightness/fixed/07872"", ""mnist_c/brightness/fixed/07651""]",True
/ceph/sagnihot/projects/Lorena_Contrastive_Representation_Arch/plots/diagnostics/followup_fixed_examples/mnist/raw/p60/shared_frontend/clean__test.pdf,2,/ceph/sagnihot/projects/Lorena_Contrastive_Representation_Arch/plots/diagnostics/followup_fixed_examples/mnist/raw/p60/shared_frontend/clean__test.png,/ceph/sagnihot/projects/Lorena_Contrastive_Representation_Arch/training_dense_testing_sparse/outputs/cases/mnist/swin_tiny/raw/trained_dense/infer_compact/p60/seed0/a53550eb07ac1521f311de400c08ca7afdb7709195f060ac866804650931fef7/diagnostics/cells/clean__test.npz,"[""mnist/test/09800"", ""mnist/test/09415"", ""mnist/test/05099"", ""mnist/test/06382"", ""mnist/test/05004"", ""mnist/test/03312"", ""mnist/test/03273"", ""mnist/test/00726"", ""mnist/test/07872"", ""mnist/test/07651""]",True
/ceph/sagnihot/projects/Lorena_Contrastive_Representation_Arch/plots/diagnostics/followup_fixed_examples/mnist/raw/p60/shared_frontend/fog__fixed.pdf,2,/ceph/sagnihot/projects/Lorena_Contrastive_Representation_Arch/plots/diagnostics/followup_fixed_examples/mnist/raw/p60/shared_frontend/fog__fixed.png,/ceph/sagnihot/projects/Lorena_Contrastive_Representation_Arch/training_dense_testing_sparse/outputs/cases/mnist/swin_tiny/raw/trained_dense/infer_compact/p60/seed0/a53550eb07ac1521f311de400c08ca7afdb7709195f060ac866804650931fef7/diagnostics/cells/fog__fixed.npz,"[""mnist_c/fog/fixed/09800"", ""mnist_c/fog/fixed/09415"", ""mnist_c/fog/fixed/05099"", ""mnist_c/fog/fixed/06382"", ""mnist_c/fog/fixed/05004"", ""mnist_c/fog/fixed/03312"", ""mnist_c/fog/fixed/03273"", ""mnist_c/fog/fixed/00726"", ""mnist_c/fog/fixed/07872"", ""mnist_c/fog/fixed/07651""]",True
/ceph/sagnihot/projects/Lorena_Contrastive_Representation_Arch/plots/diagnostics/followup_fixed_examples/mnist/raw/p70/shared_frontend/brightness__fixed.pdf,2,/ceph/sagnihot/projects/Lorena_Contrastive_Representation_Arch/plots/diagnostics/followup_fixed_examples/mnist/raw/p70/shared_frontend/brightness__fixed.png,/ceph/sagnihot/projects/Lorena_Contrastive_Representation_Arch/training_dense_testing_sparse/outputs/cases/mnist/swin_tiny/raw/trained_dense/infer_compact/p70/seed0/b6269379e6bbb47e7f14d01631aa63e90fc4a7919441b5c0376fdd57bad1ad81/diagnostics/cells/brightness__fixed.npz,"[""mnist_c/brightness/fixed/09800"", ""mnist_c/brightness/fixed/09415"", ""mnist_c/brightness/fixed/05099"", ""mnist_c/brightness/fixed/06382"", ""mnist_c/brightness/fixed/05004"", ""mnist_c/brightness/fixed/03312"", ""mnist_c/brightness/fixed/03273"", ""mnist_c/brightness/fixed/00726"", ""mnist_c/brightness/fixed/07872"", ""mnist_c/brightness/fixed/07651""]",True
/ceph/sagnihot/projects/Lorena_Contrastive_Representation_Arch/plots/diagnostics/followup_fixed_examples/mnist/raw/p70/shared_frontend/clean__test.pdf,2,/ceph/sagnihot/projects/Lorena_Contrastive_Representation_Arch/plots/diagnostics/followup_fixed_examples/mnist/raw/p70/shared_frontend/clean__test.png,/ceph/sagnihot/projects/Lorena_Contrastive_Representation_Arch/training_dense_testing_sparse/outputs/cases/mnist/swin_tiny/raw/trained_dense/infer_compact/p70/seed0/b6269379e6bbb47e7f14d01631aa63e90fc4a7919441b5c0376fdd57bad1ad81/diagnostics/cells/clean__test.npz,"[""mnist/test/09800"", ""mnist/test/09415"", ""mnist/test/05099"", ""mnist/test/06382"", ""mnist/test/05004"", ""mnist/test/03312"", ""mnist/test/03273"", ""mnist/test/00726"", ""mnist/test/07872"", ""mnist/test/07651""]",True
/ceph/sagnihot/projects/Lorena_Contrastive_Representation_Arch/plots/diagnostics/followup_fixed_examples/mnist/raw/p70/shared_frontend/fog__fixed.pdf,2,/ceph/sagnihot/projects/Lorena_Contrastive_Representation_Arch/plots/diagnostics/followup_fixed_examples/mnist/raw/p70/shared_frontend/fog__fixed.png,/ceph/sagnihot/projects/Lorena_Contrastive_Representation_Arch/training_dense_testing_sparse/outputs/cases/mnist/swin_tiny/raw/trained_dense/infer_compact/p70/seed0/b6269379e6bbb47e7f14d01631aa63e90fc4a7919441b5c0376fdd57bad1ad81/diagnostics/cells/fog__fixed.npz,"[""mnist_c/fog/fixed/09800"", ""mnist_c/fog/fixed/09415"", ""mnist_c/fog/fixed/05099"", ""mnist_c/fog/fixed/06382"", ""mnist_c/fog/fixed/05004"", ""mnist_c/fog/fixed/03312"", ""mnist_c/fog/fixed/03273"", ""mnist_c/fog/fixed/00726"", ""mnist_c/fog/fixed/07872"", ""mnist_c/fog/fixed/07651""]",True
/ceph/sagnihot/projects/Lorena_Contrastive_Representation_Arch/plots/diagnostics/followup_fixed_examples/mnist/raw/p80/shared_frontend/brightness__fixed.pdf,2,/ceph/sagnihot/projects/Lorena_Contrastive_Representation_Arch/plots/diagnostics/followup_fixed_examples/mnist/raw/p80/shared_frontend/brightness__fixed.png,/ceph/sagnihot/projects/Lorena_Contrastive_Representation_Arch/training_dense_testing_sparse/outputs/cases/mnist/swin_tiny/raw/trained_dense/infer_compact/p80/seed0/5959e844d444e3ba82771ba3ca84ce336935175fdfa53c04b984860665f2320a/diagnostics/cells/brightness__fixed.npz,"[""mnist_c/brightness/fixed/09800"", ""mnist_c/brightness/fixed/09415"", ""mnist_c/brightness/fixed/05099"", ""mnist_c/brightness/fixed/06382"", ""mnist_c/brightness/fixed/05004"", ""mnist_c/brightness/fixed/03312"", ""mnist_c/brightness/fixed/03273"", ""mnist_c/brightness/fixed/00726"", ""mnist_c/brightness/fixed/07872"", ""mnist_c/brightness/fixed/07651""]",True
/ceph/sagnihot/projects/Lorena_Contrastive_Representation_Arch/plots/diagnostics/followup_fixed_examples/mnist/raw/p80/shared_frontend/clean__test.pdf,2,/ceph/sagnihot/projects/Lorena_Contrastive_Representation_Arch/plots/diagnostics/followup_fixed_examples/mnist/raw/p80/shared_frontend/clean__test.png,/ceph/sagnihot/projects/Lorena_Contrastive_Representation_Arch/training_dense_testing_sparse/outputs/cases/mnist/swin_tiny/raw/trained_dense/infer_compact/p80/seed0/5959e844d444e3ba82771ba3ca84ce336935175fdfa53c04b984860665f2320a/diagnostics/cells/clean__test.npz,"[""mnist/test/09800"", ""mnist/test/09415"", ""mnist/test/05099"", ""mnist/test/06382"", ""mnist/test/05004"", ""mnist/test/03312"", ""mnist/test/03273"", ""mnist/test/00726"", ""mnist/test/07872"", ""mnist/test/07651""]",True
/ceph/sagnihot/projects/Lorena_Contrastive_Representation_Arch/plots/diagnostics/followup_fixed_examples/mnist/raw/p80/shared_frontend/fog__fixed.pdf,2,/ceph/sagnihot/projects/Lorena_Contrastive_Representation_Arch/plots/diagnostics/followup_fixed_examples/mnist/raw/p80/shared_frontend/fog__fixed.png,/ceph/sagnihot/projects/Lorena_Contrastive_Representation_Arch/training_dense_testing_sparse/outputs/cases/mnist/swin_tiny/raw/trained_dense/infer_compact/p80/seed0/5959e844d444e3ba82771ba3ca84ce336935175fdfa53c04b984860665f2320a/diagnostics/cells/fog__fixed.npz,"[""mnist_c/fog/fixed/09800"", ""mnist_c/fog/fixed/09415"", ""mnist_c/fog/fixed/05099"", ""mnist_c/fog/fixed/06382"", ""mnist_c/fog/fixed/05004"", ""mnist_c/fog/fixed/03312"", ""mnist_c/fog/fixed/03273"", ""mnist_c/fog/fixed/00726"", ""mnist_c/fog/fixed/07872"", ""mnist_c/fog/fixed/07651""]",True
/ceph/sagnihot/projects/Lorena_Contrastive_Representation_Arch/plots/diagnostics/followup_fixed_examples/mnist/raw/p90/shared_frontend/brightness__fixed.pdf,2,/ceph/sagnihot/projects/Lorena_Contrastive_Representation_Arch/plots/diagnostics/followup_fixed_examples/mnist/raw/p90/shared_frontend/brightness__fixed.png,/ceph/sagnihot/projects/Lorena_Contrastive_Representation_Arch/training_dense_testing_sparse/outputs/cases/mnist/swin_tiny/raw/trained_dense/infer_compact/p90/seed0/0f76649ee72109386c5d8aed996da09a959decdb15136773f9fc16cec427d2a8/diagnostics/cells/brightness__fixed.npz,"[""mnist_c/brightness/fixed/09800"", ""mnist_c/brightness/fixed/09415"", ""mnist_c/brightness/fixed/05099"", ""mnist_c/brightness/fixed/06382"", ""mnist_c/brightness/fixed/05004"", ""mnist_c/brightness/fixed/03312"", ""mnist_c/brightness/fixed/03273"", ""mnist_c/brightness/fixed/00726"", ""mnist_c/brightness/fixed/07872"", ""mnist_c/brightness/fixed/07651""]",True
/ceph/sagnihot/projects/Lorena_Contrastive_Representation_Arch/plots/diagnostics/followup_fixed_examples/mnist/raw/p90/shared_frontend/clean__test.pdf,2,/ceph/sagnihot/projects/Lorena_Contrastive_Representation_Arch/plots/diagnostics/followup_fixed_examples/mnist/raw/p90/shared_frontend/clean__test.png,/ceph/sagnihot/projects/Lorena_Contrastive_Representation_Arch/training_dense_testing_sparse/outputs/cases/mnist/swin_tiny/raw/trained_dense/infer_compact/p90/seed0/0f76649ee72109386c5d8aed996da09a959decdb15136773f9fc16cec427d2a8/diagnostics/cells/clean__test.npz,"[""mnist/test/09800"", ""mnist/test/09415"", ""mnist/test/05099"", ""mnist/test/06382"", ""mnist/test/05004"", ""mnist/test/03312"", ""mnist/test/03273"", ""mnist/test/00726"", ""mnist/test/07872"", ""mnist/test/07651""]",True
/ceph/sagnihot/projects/Lorena_Contrastive_Representation_Arch/plots/diagnostics/followup_fixed_examples/mnist/raw/p90/shared_frontend/fog__fixed.pdf,2,/ceph/sagnihot/projects/Lorena_Contrastive_Representation_Arch/plots/diagnostics/followup_fixed_examples/mnist/raw/p90/shared_frontend/fog__fixed.png,/ceph/sagnihot/projects/Lorena_Contrastive_Representation_Arch/training_dense_testing_sparse/outputs/cases/mnist/swin_tiny/raw/trained_dense/infer_compact/p90/seed0/0f76649ee72109386c5d8aed996da09a959decdb15136773f9fc16cec427d2a8/diagnostics/cells/fog__fixed.npz,"[""mnist_c/fog/fixed/09800"", ""mnist_c/fog/fixed/09415"", ""mnist_c/fog/fixed/05099"", ""mnist_c/fog/fixed/06382"", ""mnist_c/fog/fixed/05004"", ""mnist_c/fog/fixed/03312"", ""mnist_c/fog/fixed/03273"", ""mnist_c/fog/fixed/00726"", ""mnist_c/fog/fixed/07872"", ""mnist_c/fog/fixed/07651""]",True
